:020000041000EA
:1000000000B5324B212058609868022188439860DF
:10001000D860186158612E4B002199600221596106
:100020000121F02299502B49196001219960352056
:1000300000F044F80222904214D00621196600F024
:1000400034F8196E01211966002018661A6600F04E
:100050002CF8196E196E196E052000F02FF8012189
:100060000842F9D1002199601B49196000215960AB
:100070001A491B48016001219960EB211966A021F2
:10008000196600F012F800219960164914480160C1
:100090000121996001BC002800D000471248134993
:1000A000086003C880F30888084703B5996A0420EC
:1000B0000142FBD001200142F8D103BD02B5186610
:1000C0001866FFF7F2FF186E186E02BD00000240BE
:1000D000000000180000070000035F00212200005C
:1000E000F4000018222000A00001001008ED00E03C
:1000F00000000000000000000000000074B24E7A12
:1001000000200420F7010010C3010010C5010010F9
:10011000C1010010C1010010C1010010C101001097
:10012000C1010010C1010010C1010010C701001081
:10013000C1010010C1010010C9010010CB01001065
:10014000CD010010CD010010CD010010CD01001037
:10015000CD010010CD010010CD010010CD01001027
:10016000CD010010CD010010CD010010CD01001017
:10017000CD010010CD010010CD010010CD01001007
:10018000CD010010CD010010CD010010CD010010F7
:10019000CD010010CD010010CD010010CD010010E7
:1001A000CD010010CD010010CD010010CD010010D7
:1001B000CD010010CD010010CD010010CD010010C7
:1001C00000BE00BE00BE00BE00BE00BE00F04BF888
:1001D000103800BEF2EB887184510110AC5101104F
:1001E0003402001090A31AE700202149086006C8D5
:1001F00081F3088810471F48006800282FD10DA4FC
:100200000ECC002902D000F012F8F9E71A491B4A77
:10021000002000E001C19142FCD1194988471949E9
:1002200088471949884700BEFDE701C901C29A42C3
:10023000FBD37047AC510110C0000020401E0020CD
:100240002C6F011000000420000004202C6F01100E
:1002500000100420001004200000000070470B482C
:1002600003F0B6FA0047EFF30580C0B27047000014
:1002700008ED00E0000000D0401E0020702C00209F
:100280001D1C001065040010451D0010575600008D
:1002900006005250ABB36053282C01100600525098
:1002A000861C0302382C0110060052505422A29DD5
:1002B000482C011005005250DE65F4682C6F0110C7
:1002C000F8B5C04610B5064C2378002B07D1054B76
:1002D000002B02D0044800E000BF0123237010BDB2
:1002E000482000200000000048280110044B10B5F1
:1002F000002B03D00349044800E000BF10BDC046F6
:10030000000000004C20002048280110F0B5D6461F
:100310004F464646C0B590B0002805D110B0E0BCAD
:10032000BA46B146A846F0BD06AB994604930023F1
:1003300004AC23726360464B984601239A4604E05E
:10034000DE550023226865605355404606F0B2FE34
:10035000002817D0404606F0DFFE67682368C6B263
:100360007D1C4B450CD0A2689542E9D9534600222A
:10037000009339000023200009F0A0FB2368DFE789
:100380000F22F1E7049F0CAE65680A96002F43D058
:1003900003950F2D31D8012D44D16A4630213B7889
:1003A00052181370320000230B952A4853550AA99E
:1003B00004F026F90A98B04203D00C99013108F0F4
:1003C00065FD404607F076FD0100234804F018F96A
:1003D000404607F0A5FD03F0F7FD02000B001F48A3
:1003E00004F00EF90A2003F077FF0498484595D0F1
:1003F000A168013108F04AFD90E7002203A90AA88C
:1004000009F03EFB039B0A900C932A00390003F08D
:100410004BFE039D0A9AC6E73200002DC3D0104858
:1004200009F0FEFA3200002DBDD03000EDE704984F
:10043000484503D0A168013108F028FD08F02AFDE5
:100440000A98B042F3D00C99013108F01FFDEEE795
:1004500064200020742801108428011090280110C5
:1004600048280110F0B5DE4657464E464546E0B5F1
:100470008FB004F0D1F8574803F07EFF564F0721A4
:1004800038000123062207F0F1FE3800534907F037
:100490002FF8002803D1524803F06EFFFEE7082131
:1004A000380007F01FFE4F4803F066FF4E4B4F4EDB
:1004B0009A464F4B08AD9B460AAB98466AE0FA2233
:1004C0000023920003F020FA53461B68C01A5B46D3
:1004D0001B68984258D9474A04AB029313CA13C306
:1004E000128804A91A80337802AA93750F239946BB
:1004F00003930023D375424640462A600F221C0016
:1005000003F0D2FD4A46002138006A60EC7507F01E
:1005100087F93800296807F003FF0021380007F049
:1005200089FA3378286801333370404503D0AB68CB
:10053000591C08F0ABFC029B2F481900019304F0F2
:100540005FF801F055F800292DD0FA22002392001F
:1005500003F0DAF95346186011F064F8FA21C90083
:1005600003F068F9FA239B009C465B4661441960DE
:10057000337802980133337004AB984204D0049B63
:10058000591C019308F082FC0021380007F008FB99
:10059000FFF7BCFE01F02CF8002990D1FA21890068
:1005A00003F070F990E7FA21890003F06BF9D1E7C5
:1005B0000898404503D0A968013108F067FC02980B
:1005C00004AB984203D00499013108F05FFC08F0B5
:1005D00061FCF4E79C28011064200020C0CA893621
:1005E000C0280110EC280110082B00206E2C0020E0
:1005F000F81400200429011014290110094A83006D
:1006000094464022634410B51C68C0006240C02478
:1006100014408022520113431C60034B9C466044EB
:10062000416010BD04C00140004001400123D022C0
:100630008340120693629361094A830094464022E4
:1006400063441968C0004A40C02111408022520111
:1006500013431960034B9C46052360444360704775
:1006600004C001400040014070B5EFF3108C72B639
:100670000D4D2B68002BFCD0BFF35F8F0724CB08F8
:10068000C618C05C01230C40A3401C000440034278
:1006900007D103433370BFF35F8F2C608CF3108856
:1006A00070BD100001F050FB2C0100D0F8B547469A
:1006B000CE46884680B5EFF3108C72B6214D2C687B
:1006C000002CFCD0BFF35F8F9A422CD8D4080727A8
:1006D000055D061901241740BC402C421FD007219C
:1006E0000127894609E0D408055D06194C46390002
:1006F0001440A1400C00294211D001329342F2D2A1
:1007000001204042BFF35F8F00220E4B1A608CF332
:10071000108800280FDBC0BCB946B046F8BD2C439A
:1007200010003470EEE7BFF35F8F00232B608CF373
:100730001088012040424346002BECD0089801F07D
:1007400003FBC0462C0100D0024B18688007C00F85
:100750007047C04600C006400021044B044ABFF366
:100760005F8F02C39342FAD17047C046000100D0A8
:10077000800100D0044A1078431CDBB2172B00D94B
:10078000102313707047C046FC14002000B5054BC1
:1007900083B00100009318221F230348FFF786FF50
:1007A00003B000BD202901106426002001238340EE
:1007B000002904D0034A1360034A13607047034AB8
:1007C0001360FBE780E200E000E100E080E100E090
:1007D00001238340014A13607047C04600E200E0F5
:1007E000084B10309B688000C358002B07D0064A86
:1007F00000209B1A2F229A424041C0B2704700202D
:10080000FCE7C04600ED00E000150020024B103070
:100810009B688000C058704700ED00E070B50D0087
:10082000EFF3108672B60F4A1368002BFCD0BFF3AB
:100830005F8F0D4B10309B6884001B590B4A93420D
:1008400003D09D4201D001F097FA074B9B681D51E0
:10085000BFF35F8FBFF35F8F0022024B1A6086F3F6
:10086000108870BD240100D000ED00E0CD01001023
:10087000F0B557464E46DE464546E0B585B0060023
:1008800002911700EFF3108B72B6674A1368002BC2
:10089000FCD0BFF35F8F0025644B5D579A46002D57
:1008A00000DAA5E06B00624C03935B199B0098464D
:1008B000A146C1444B4652469B79103613705D4B9E
:1008C000B2009B68019299580B1B2F2B34D95A4BBD
:1008D000994200D0A5E0039B584A9C46584B65447A
:1008E000AD006353434602336519E418554B0121AB
:1008F000043B1B1B1B055B0D13436B80524BEF71BD
:10090000AB80FF23AB71029BAB604B460B431900DE
:10091000484B019A9B689950BFF35F8FBFF35F8F7D
:100920000022414B1A608BF3108805B0F0BCBB4627
:10093000B246A946A046F0BD01200A008243D37901
:10094000BB422FD845464E46130040491B1B5B4116
:100950005943090D3A4B63533A4B02356519043B31
:100960005B1B1B05354D5B0D2B4373800426B44682
:10097000E0444444131F1B1B4C46A17102991B0504
:10098000A16049465B0D2B43A380314BE7710143C6
:100990001360BDE75800C01880002018C679BE4219
:1009A0002CD902000623D356002BF3DA101D824601
:1009B000BD200002804604267642B446E1445046FB
:1009C0004E46361A3005400D824656461B489571F4
:1009D00006439680039A944665441D4AAD00641907
:1009E00022604246A371029BA280E771A3608FE759
:1009F00001F0C2F9002553465D5753E7101D8246AA
:100A000090884005001584464046D444664604302C
:100A10002018301AE0260005400D3602304380468B
:100A2000C9E701F0A9F956E7240100D06B2C00209A
:100A30000015002000ED00E0CD01001000E0FFFFF8
:100A400000A1FFFF3015002000BDFFFFAAAA000093
:100A500001488047F0B5DE4657464E464546E0B56C
:100A60000C0083B0EFF3108A72B65A4A1368002B59
:100A7000FCD0BFF35F8F1022914681444A46564B0B
:100A800096009B689D59554B98469D4205D0A542BE
:100A900016D0534FEB1B2F2B14D94F4B9B689D51F6
:100AA000BFF35F8FBFF35F8F00224A4B1A608AF358
:100AB000108803B0F0BCBB46B246A946A046F0BDC4
:100AC0001D00EAE7012383409B465A46454B1B68BD
:100AD0001A4000925A46444B1A60BFF35F8FFFF7EB
:100AE000C2FB0190002803D0814501D001F044F9F8
:100AF00001232A009A4393689C4208D15FE04B008F
:100B00005B189B00FB189968A14211D01A000621BE
:100B100051560029F3DA009B002B05D05A46334B7F
:100B20001A60304B1A60B8E75A462F4B1A60B4E788
:100B300006215956002921DB4A00501880003C1834
:100B40008046A0689860E079D87106202056987198
:100B5000002824DBA488F81A6405241544440019ED
:100B6000E0240005400D2402204398805218204BB9
:100B70009200BF181A781970BA71CCE70199002950
:100B800010D1FF3191711B49918019490A789A71EE
:100B9000194ADB1B5B415A43120D0A70BBE7BD20AB
:100BA0000002E2E7154A1649D21A083A5002400DEF
:100BB00001439980134952080A43DA80ABE70621C2
:100BC000515613000029B7DA019A002AEAD14546A6
:100BD000DBE7C046240100D000ED00E0CD010010AD
:100BE0000015002000E100E080E100E080E200E08C
:100BF0006B2C002000BDFFFFAAAA00003A150020C0
:100C000000F0FFFF00F8FFFFF8B5012504000543E1
:100C1000FFF729FBEFF3108C72B6214A1368002B03
:100C2000FCD0BFF35F8F1F4E2100B7681E4A1F4BD9
:100C3000891A49414B431B0D59B28300F858A84209
:100C40001CD00623D3568B421CD01223D3568B4282
:100C500022D01E23D3568B4220D02A23D3560320E2
:100C60008B4210D0124B1A781970A271BFF35F8FAC
:100C700000220B4B1A608CF31088F8BDB2680D4847
:100C8000D050EFE7002043001B189B00D218FF2331
:100C90009371094B9380E5E70120F4E70220F2E726
:100CA000240100D000ED00E000150020AAAA0000F9
:100CB0006B2C0020CD01001000BDFFFF054B064A44
:100CC0001360064A136053609360D36013615361ED
:100CD000936170478080808000E400E004E400E0DD
:100CE000D02300B51B061B680100074883B0C0185D
:100CF000064B002200930523FFF7D8FC002801DBF8
:100D00001F23181A03B000BD642C00203C290110D9
:100D1000024B9C46614489000160704740000034EA
:100D200083680B4810B5844661446244090112018E
:100D30009A18591854684B6801209C4201D802D077
:100D40000020C0B210BD12680B689A42F9D8F7E7CC
:100D5000FFFFFF0F0A4B1968EFF3108072B60A68A5
:100D6000002AFCD0BFF35F8F1B68BFF35F8F0022A8
:100D70001A6080F3108840BF002000217047C046F1
:100D8000342C0020F8B557464E464546DE46E0B5C1
:100D900099460CAB1C780DAB1B78060090469A4622
:100DA0000768002C11D1BC7B002C42D065003B6849
:100DB0002D19033D59194B78BB73002B00D1FB73E0
:100DC00000238B704B700B7004E065003B682D199D
:100DD000033D5919B2682A4B94464246E3181B0159
:100DE00063441A604A465A600A9A9A600B9ADA601B
:100DF00000238B704B700B707B7B9B46002B2BD0A2
:100E000022005946B8687B6898473A68002816D08F
:100E10005B4658465B005B445519033BA870D118EC
:100E2000D35C002B00D06B705B460C707B73A345CA
:100E300013D0F0BCBB46B246A946A046F8BD5B46FF
:100E40005B005B44033BD3189C705119525D002A30
:100E500000D05A705B460B707C7342464B46307D27
:100E600000F050FC051E06D05346002B03D1210094
:100E7000306800F069FE0E9B002BDAD01D70D8E7B9
:100E8000FFFFFF0FF0B5DE464E46574645460023AE
:100E9000E0B58DB00A936B4B8200D3580B90994606
:100EA00000239B464B46079300F0A2FB079C0600DD
:100EB0000F006268EFF3108572B61368002BFCD048
:100EC00022000794BFF35F8F2468637B9946002B51
:100ED00067D092685C4B90464B441B019844434654
:100EE0001A685B6810001900801BB94100295FDD9A
:100EF0000B9800F007FC00230026984600279A462E
:100F0000079C6368BFF35F8F5A461A6085F31088A9
:100F10005346002B08D10028C6D10DB0F0BCBB460B
:100F2000B246A946A046F0BD0A9B414618024B4670
:100F30001843D047089009916268EFF3108572B6A4
:100F40001368002BFCD00794BFF35F8F0899099AB0
:100F5000002A48DB114303D0079B1B69002B5DD19E
:100F6000079B1B68D97B002907D04A0052181968D3
:100F70008C4649466244033A51704A46DA734B46FE
:100F8000079A013BD168CA5C0132CA545B46079A92
:100F900013615368BFF35F8F5A461A6085F3108858
:100FA00082E700230026984600279A460020A7E7FC
:100FB000002901D100289BD10021200000F046FD2E
:100FC00043461E685F689B68079A9A464346DB68FB
:100FD0009846D3684B44013B1B780A931B0203439A
:100FE000136100208CE72369002BB9D033003C004B
:100FF0005B1A94411A002300A74219D89F421BD0C4
:1010000059460491012103914946029141460191BB
:10101000514607980091FFF7B5FEB7E700F0E8FAF0
:10102000089A099B06000F0092197B419942E5D965
:1010300001225242D317E3E79642E1D901225242FC
:10104000D317DDE7182B0020FFFFFF0FF8B5574639
:101050004E464546DE46E0B5404D81468A466A68C2
:10106000EFF3108872B61368002BFCD0BFF35F8FCC
:101070002E68B47B002C39D0670033683F19033FDA
:10108000DB195A78B273002A00D1F273A968344A86
:101090008C464946A21812016244116051465160C3
:1010A000304991600021D160997059701970737B3B
:1010B0009B46002B35D022001900B0687368984712
:1010C0003268002820D05B4658465B005B44D71945
:1010D000033BB870D118D35C002B00D07B705B460B
:1010E0000C7073735C451DD0002626E06B68BFF35F
:1010F0005F8F1C6088F3108801204042F0BCBB4623
:10110000B246A946A046F8BD5B465B005B44033B84
:10111000D3189C70D119D25D002A00D05A705B465A
:101120000B7074734A465346287D00F0EBFA061E96
:10113000DAD02100286800F007FDEB681B19013B9D
:1011400019786B68BFF35F8F00221A6088F31088EC
:101150000020002ED2D108022043CFE748150020FE
:10116000FFFFFF0F550D001010B5124C6368002BE8
:1011700004D00A211048FFF7CBFD10BD23000F4A11
:101180001021206800F080FB032000F025FA0320E6
:1011900000F028FB03200A4900F06EFAFFF7EAFA94
:1011A000084B9C46032360442375074B8000606016
:1011B000DC60DEE748150020342C0020210D0010F3
:1011C000850E001040000034182B002000487047A6
:1011D00048150020F0B557464E464546DE46E0B578
:1011E00085B0019310AB1B780600039300239A4649
:1011F000984600927268EFF3108972B61368002B5C
:10120000FCD0BFF35F8F3568AC7B002C49D0670002
:101210002B683F19033FDB195A78AA73002A00D1C3
:10122000EA73B1684F4A8C4600980199A2181201DE
:101230006244106051600E9991600F99D1604246EE
:101240009A705A701A706B7B9B46002B45D0220017
:101250001900A8686B6898472A68002830D05B4658
:1012600058465B005B44D719033BB870D118D35C78
:10127000002B00D07B705B460C706B735C452DD0EF
:10128000F3681B19013B18787368BFF35F8F424600
:101290001A6089F310885346002B2CD1000220439A
:1012A00007E07368BFF35F8F1C6089F3108801202B
:1012B000404205B0F0BCBB46B246A946A046F0BDD0
:1012C0005B465B005B44033BD3189C70D119D25D35
:1012D000002A00D05A705B460B706C73307D009A08
:1012E000019B00F00FFA82460028C9D02100306827
:1012F00000F02AFCC4E7039B002B30D00E9B00209B
:101300000F999847030004000D000B4327D00029D4
:101310000DDA0098019902000B00121BAB419942B3
:1013200013D818D000920193039B9A4662E700F00D
:101330005FF902000B00A4185D4100940195A942D9
:1013400003D8F1D100998A42EED901235B42DC1720
:1013500000930194E8E700999142E3D9F5E7002072
:10136000A7E7C046FFFFFF0FF0B504000D000626FB
:101370007642F717C64636196F4100B58F4213D82B
:1013800010D000F035F932003B00121A8B41002BCF
:1013900014DC002B37D02900200000F05DF980BC60
:1013A000B846F0BD8642ECD90026002700F020F9AF
:1013B00032003B00121A8B41002BEADD300039006D
:1013C000FFF744FE0028E6DB00239846BC460F4AA0
:1013D0000F4F7B6A9C4504D8B96A8E42DBD99C4585
:1013E000D9D11168EFF3108072B60B68002BFCD0D6
:1013F000BFF35F8F1368BFF35F8F4146196080F3BF
:10140000108820BFE5E7002AC5D0D7E7342C00209C
:101410000040054070B5060000F0EAF8FA2204002A
:101420000D00002330000021920002F0B3FD0019EE
:1014300069418D4205D802D0FFF796FF70BD844206
:10144000FAD901204042C117F6E7C046F8B5CE46AA
:10145000474680B506000C00FFF7F8FD00280CDCBD
:101460002D4B0020596A8C4203D89B6A0130B3424D
:1014700045D3C0BCB946B046F8BD20BF274D6A6809
:10148000EFF3108772B61368002BFCD0BFF35F8FA9
:101490002B68C1B29C465B7B8B4235D0FF23034057
:1014A0005A00914662461268994490464A46424420
:1014B000033A9278002A1DD0EA68000A9046434415
:1014C000013B1B78C0B2834221D06B68BFF35F8FB2
:1014D00000221A6087F310880F4A0020536A9C424A
:1014E000C7D8926A0130B242C3D2E01A421E90417C
:1014F000C0B2BEE72B699842E7D12A61E5E7601ADE
:10150000431E9841C0B2B4E7FF230340D4E76046CE
:1015100000F01AFBD9E7C0460040054048150020FE
:10152000F0B5D6464F464646C0B5EFF305833F2299
:10153000134018001038EFF3108C72B6204D2A6853
:10154000002AFCD0BFF35F8F0122110081401D4CA7
:10155000884661631C4917000E788A463100C140F5
:101560000F400A4209D1BFF35F8F2F608CF31088C0
:10157000E0BCBA46B146A846F0BD14498200646A90
:1015800051588C420FD3124BD25843469E43534678
:101590001E70BFF35F8F00232B608CF31088002A2E
:1015A000E6D09047E4E70B4A9B00904643441A6814
:1015B0001A60BFF35F8F00232B608CF31088D7E78E
:1015C000280100D0004005406F2C0020402C002056
:1015D00054250020D03F054010B50100024A0348C1
:1015E000FFF742F810BDC046602901106A2C0020A8
:1015F000034B596A0A00986A596A8A42FAD17047BD
:101600000040054070B504000D00124A536A1900ED
:10161000966A536A8B42FAD13000190024184D4162
:10162000AB4211D80ED02B000A494A6A9A42FCD329
:1016300007D1084A02E0516A994202D1916AA14257
:10164000F9D370BDA642EED9012301246442E51707
:101650005B42E9E700400540064A536A9942FCD8DC
:1016600007D1044B02E05A6A914202D19A6A82423F
:10167000F9D370470040054070B504000D00EFF34A
:10168000108672B61A4A1368002BFCD0BFF35F8F26
:10169000002D1BD02000FFF7B9F8164981420AD06F
:1016A0002000FFF7BBF801212000FFF77FF801239E
:1016B000A340114A1360114BA400E550BFF35F8FA4
:1016C00000220B4B1A6086F3108870BD0B4BA200F2
:1016D000D5500122A2400A4920000B7893430B7099
:1016E0000449FFF7B7F900212000FFF75FF8E5E7AD
:1016F000280100D021150010386005405425002035
:101700006F2C0020F0B54F46D6464646C0B50700C0
:101710002F4C616A0D00A66A616AA942FAD18B4218
:1017200008D805D00120E0BCBA46B146A846F0BDB5
:10173000B242F7D9EFF3108A72B626480168002941
:10174000FCD0BFF35F8F0125BD402349204C884664
:10175000097889462943C9B28C46414660460870DB
:10176000391D1E48890065630A51B9000B50216A72
:101770000020294219D0616A0800A66A616A814284
:10178000FAD18B4219D801D1B24216D8CC451DD01E
:101790000F4B1F201D625D6301230740BB40104AB1
:1017A0001E38136043464A461A70BFF35F8F00220B
:1017B000084B1A608AF31088B5E70020BFF35F8FEB
:1017C0000022044B1A608AF31088ACE70120ECE792
:1017D00000400540280100D06F2C0020402C002044
:1017E00080E200E0EFF3108C72B60A490B68002B20
:1017F000FCD0BFF35F8F01238340074A0748136281
:1018000002789A430270BFF35F8F00230B608CF362
:1018100010887047280100D0004005406F2C002040
:1018200070B5050014001600002915D00C00002A20
:1018300012D080686B689847296800280ED0730022
:101840009B196200033B1219CB18033A9C7088184D
:101850008A5C002A15D10670200070BD63001B1938
:101860007200033B9219CB18033A9E7088188A5C69
:10187000002A02D104703400EEE75A70047034007C
:10188000EAE75A700670E7E730B583600023CCB210
:1018900043730133047342608373C4730D000068A3
:1018A000012C06D9421C0133DBB2137003329C4277
:1018B000F9D1FF2129404B00591800234018033863
:1018C000437030BDF8B5CE46474606000C0080B5E3
:1018D000002907D04D0003686D18033D5A19577849
:1018E000002F04D12000C0BCB946B046F8BD790035
:1018F000C9190339884643445978894600215970EB
:10190000517073683A002100806898473368002856
:1019100014D042469A18947059195B5D002B00D080
:1019200053700F70270049463000FFF7CBFF390096
:1019300002003000FFF774FF0400D3E7424641463F
:101940005D19AF709A185B5C002B00D06B7014703F
:10195000E9E7C046F0B557464546DE464E46E0B597
:101960000D006B0001685B19DF1E0400C85D83B0C9
:101970000192CA1900284CD043001B18033BCB1816
:101980005E78B446002E16D1019E002E3ED0E67B36
:10199000002E04D073009B19CB18033B5D70E573D8
:1019A00000282FD10023537003B0F0BCBB46B246D1
:1019B000A946A046F0BD72006244033A89184A78ED
:1019C000904600224A7091465A7001003200200071
:1019D000FFF726FF43468246002B07D05B002168B5
:1019E0004344033BCB185A78002A16D1424651464D
:1019F0002000FFF715FF2168019BCA19002BC6D1F3
:101A00000028CFD043001B18033BCB18002199704E
:101A1000C8E7019B002BBAD1C4E7500080180338F7
:101A20000918487883464846487058704146200057
:101A3000FFF7F6FE594680462000FFF743FF414678
:101A400002002000FFF7ECFE8046CFE7F0B55746D6
:101A50004546DE464E46E0B583B00191457B040025
:101A60006B0000685B19DF1EC15DC21900294ED0F2
:101A70004B005B18033BC3185E78B446002E18D1A8
:101A8000019E002E40D0E67B002E04D073009B19EF
:101A9000C318033B5D70E573002931D10023280092
:101AA0005370617303B0F0BCBB46B246A946A04672
:101AB000F0BD72006244033A8018427890460022DA
:101AC000427091465A7020003200FFF7A9FE43464B
:101AD0008246002B07D05B0021684344033BCB18B0
:101AE0005A78002A17D1424651462000FFF798FE47
:101AF000019B01002068C219002BC4D10029CDD060
:101B00004B005B18033BC31800209870C6E7019B8D
:101B1000002BB8D1C2E75000801803380918487864
:101B2000834648464870587041462000FFF778FECB
:101B3000594680462000FFF7C5FE414602002000BE
:101B4000FFF76EFE8046CEE770B5040000292CD06A
:101B5000437B8B422ED00568480040180338281874
:101B60008278002A21D053009B18033BEA5CEE18D0
:101B70008A4202D11BE0002A08D053009B18033B85
:101B8000EB185A788A42F6D142785A700023012223
:101B9000837043702000FFF7DDFE617B02002000B0
:101BA000FFF73EFE6073012000E0002070BD437827
:101BB0003370EBE701221900FFF7CCFE60730120C0
:101BC000F4E7C04610B50400FEF7D4FD0100200084
:101BD000FFF79EF8FF232371BFF35F8F10BDC04650
:101BE00010B50400FEF7C6FD01002000FFF790F8D5
:101BF000FF23A380BFF35F8F10BDC04610B5040064
:101C00000120FEF7C3FD044B9C4660448000206029
:101C1000BFF35F8F10BDC046400000342C4B2D4AEF
:101C200070B51A602C4A2D4B2D491A6014008B6830
:101C30009C43FBD12B4D2C4EB54208D2013E761B66
:101C4000B60808CD984723000134B342F9D100F01B
:101C500099F8264A214B1A60214A9368DB43DB013D
:101C6000DD09002BF9D14022214B224C224E9A67EC
:101C70005A671A67DA66B44208D223682000002B3C
:101C800020D00834FFF7ACFFB442F6D31B4E1C4CF7
:101C9000C022A168300002F007FAA660FEF75CFDE2
:101CA000FFF70CF8FFF760FA164C174EB44208D253
:101CB000013E361BB60808CC98472B0001359E42E2
:101CC000F9D170BD0834FFF77DFFB442D5D3DDE70D
:101CD00000E00040BFCDFBFEFE7F3C0000F0004076
:101CE00000C00040201E0020301E0020FFFFFF012A
:101CF00000F00140181E0020201E002000000020DF
:101D000000ED00E0301E0020401E002000BEFDE778
:101D1000094A03001068002805D00849C3188B42FF
:101D200007D81360704706480449C31810608B42F7
:101D3000F7D901204042F5E70427002000000420E5
:101D4000702C002000BEFDE70FB400B5084883B03A
:101D500002F012FB049B002B07D005A9180001918B
:101D600001F016FD034802F007FB00BEFDE7C04688
:101D7000842901102031011010B50148FFF7E4FF5C
:101D80009429011030B50C2083B000F0B7F9FEF7AC
:101D9000DBFC00280ED0944B944A1A605A609A607B
:101DA000DA601A615A619A61DA611A62904A5A627B
:101DB00003B030BD8F4CA06700F0F4F901228E4BC8
:101DC0001A60636C012BFCD103228C4B1A60894A88
:101DD000936B012BFCD101330121894A894800937F
:101DE000043300F033F90523874A00930121874823
:101DF00000F02CF9864B5A68FF2A02D88022520044
:101E00005A608022784C7D4B21691201804D1A6006
:101E1000002905D0606901F035FD01300138FDD1A0
:101E2000E0217B4B02201A681140802252012A4394
:101E300011601968484003210140116004219A682B
:101E40001142FCD08022802192012A4309011160B5
:101E5000802252005A606F4B23616F4B5968FF29F3
:101E600000D85A600321644A6B4B116002399A68AA
:101E70001142FCD0E0201A681040802252011A431F
:101E80001060186848400321014002201160624937
:101E90008A681042FCD080229201134380221201F2
:101EA0001A6080225D4B52004A6063615C4B596846
:101EB000FF2900D85A6080225A4BE1691201584D1F
:101EC0001A60002905D0606901F0DCFC013001389E
:101ED000FDD1E02252490B681A4080235B012B435D
:101EE0001A60802380229B012B4312011A608022FA
:101EF0003E4B52004A60E3614B4B5968FF2900D8C2
:101F00005A608022494B216A1201474D1A6000290C
:101F100005D0606901F0B6FC01300138FDD1E02246
:101F200041490B681A4080235B012B431A608023D0
:101F300080229B012B4312011A60802380225B00C8
:101F40004B602A4BD2022362394B5968914200D22E
:101F50005A608022374B616A1201354D1A600029A0
:101F600005D0606901F08EFC01300138FDD1E0221E
:101F70002F490B681A4080235B012B431A60802392
:101F800080229B012B4312011A608023DB024B60ED
:101F9000174B6362284B5A68FF2A02D880225200EE
:101FA0005A608022254BA1691201234D1A60002935
:101FB00005D0606901F066FC01300138FDD1E022F6
:101FC0001D490B681A4080235B012B431A60802354
:101FD00080229B012B4312011A6080235B004B601F
:101FE0000E4BA361E4E6C04668260020006CDC02CC
:101FF0001BB70000008000403CB0004030B0004003
:10200000002F685900800240008C864700C00240C3
:1020100030800040001BB7003C80004040597307EF
:102020005480004054B000406080004060B00040E8
:102030006C8000406CB000404880004048B00040D8
:10204000014B8000C058704768260020F0B5C64696
:10205000040000B50C2090461F000E0001F012FC99
:102060004101091A8D01691AC90009188901404600
:1020700001F008FC069B3F041A0323681743002B5A
:1020800022DB1A4B1A4DE21853425A4180235B015E
:102090009C461203174B62441A60174B1A601100DA
:1020A000AB689943FBD1C022231D92011A4321231F
:1020B0002660A06013602368002BFCDA0823E76029
:1020C000136080BCB846F0BD3F2322681340B34282
:1020D000D7D1A3681B051B0D8342D2D1EE22E36842
:1020E000D2021340BB42CCD1EBE7C0460040FDBF5B
:1020F00000C0004000E0004000F000408023024AA1
:102100009B000343D36270470080054010B5140064
:1021100080221B4BD2051A6000281AD00123194ACD
:102120001843194BDA61194A42401A62596298629F
:102130008022134BD2051A601549164A1160E0221D
:10214000D2041A60002C07D18022134B12061A60A9
:1021500010BD0D4BD861EBE763011B1B9A00802378
:10216000121912015B049A4200D30C4A0C4B1A60FC
:10217000054B5A608022084BD2051A60E8E7C0463A
:1021800000B00540D3C007B0008005402D3FF84F98
:10219000FCFF01000820014000A00540FFFFFF00F8
:1021A000102B0020AA23064A1B0113602F23054988
:1021B000D360054B19605368002BFCDA7047C046AA
:1021C0000040024000B0FA00006002409A4200D293
:1021D000885470477047C046F8B557464E46454646
:1021E000DE46E0B599460A9B07009A460D9B884655
:1021F000934615000B9E9B0710D10C9B9E420DD25F
:102200009D1B14000E005D4422004B46013431003A
:102210002020B847A542F7D1B0460B9E002E27D00C
:10222000444675195346AA1B013E985D21004B4652
:10223000B847002EF6D123002C0098460D9B9B0733
:102240000FD55B46E51A0C9BAB420AD94646984629
:1022500022004B46310020200135B8470134A84503
:10226000F6D82000F0BCBB46B246A946A046F8BD51
:102270002C00E3E7F0B54F464646D646C0B584B0DD
:1022800098460EAB1B78129F994694460D9C109B66
:10229000119EBA0725D4002E4BD19C4200D3BFE03B
:1022A00001223A4092461F2C00D9B8E00C9A551EE4
:1022B000302201E0202C03D001342A55A342F9D862
:1022C0005246002A0DD0A6420BD9202C44D00C9A9D
:1022D000551E302201E0202C3ED001342A55B44254
:1022E000F9D1FA064DD57A053FD4002C39D10F9B90
:1022F000102B00D179E00F9B022B00D18AE0302314
:102300000C9A012413704B46002B3FD02D230C9ABE
:10231000135501340C9B6246009303974346029683
:102320000194FFF759FF04B0E0BCBA46B146A84695
:10233000F0BD012215003D40AA463A422FD04A4640
:10234000002A02D10C323A4200D0013E9C42BAD25D
:102350001F2CABD9202E27D92024FA06DAD57A05EE
:1023600003D4A3422DD0A6422BD00F9B102B32D0EA
:10237000022B20D0202CCDD030220C9B1B191A70A0
:102380000134202CC6D04B46002BBFD17B070DD487
:102390003B07BFD520230C9A13550134BAE79C4262
:1023A0009FD21F2C00D881E720249AE72B230C9A78
:1023B00013550134AEE7202CACD00C9B1B19013413
:1023C0003AE0631E012C92D00F9A102A2AD0022ADA
:1023D0002FD01C00D0E7BB060ED4202C9AD00C9B2B
:1023E0001A19013478231370C4E7BB060DD478237F
:1023F0000C9A01241370BFE7202C00D18AE75822E1
:102400000C9B1B191A700134B4E758230C9A012451
:102410001370B1E70C9A603301241370ACE72024E9
:1024200000265EE7023CBA06E9D40C9A12191C0099
:10243000D8E70C9A9246534462221A709AE7C04633
:1024400010B5002800D110BD01F046FFFBE7C046E3
:102450000B0010B5002802D049681B68984710BDD2
:10246000F0B5DE4657464E464546E0B59BB09B4626
:10247000249B89469846259B0B900C9240464246E9
:1024800019009A4601F0BFFC002800D0D8E00122D4
:1024900040465146774B524201F0B0FC002800D034
:1024A000CEE0012240465146734B524201F090FC6F
:1024B000002800D0C4E0002200234046514601F02D
:1024C00087FC002800D0B9E1424653460A9209939E
:1024D0008023289ADB001A400E92289A1A4201D1D2
:1024E000062326930A9A099B1600134300D0C7E0DF
:1024F000289B002500261B0500D49BE100230D939B
:10250000269A0D9B9A4200DC9FE1D01A431E269327
:102510008023289ADB001A430023002728920D937A
:10252000279B0024BB4200D9DC1B0223289A1A40B7
:102530000E92289A134203D07B427B415B421C409F
:102540000D9B002B07D00A9809992A00330001F04F
:10255000E6FB0A900991002200234046514601F013
:1025600037FC002805D08020000684460999614484
:102570000991289A414B0B9D13400493269B0A9A7C
:102580000293099B03940092019349465B462800FD
:102590000C9A00F08BF90400002F62D0289B2200D7
:1025A00098061F23C0179843631C984649465B460C
:1025B0006530A8470D9B0025DA179C18DB0F9A465B
:1025C0005440013F01E0202D13D00AAA94461F2356
:1025D000200063440A2101355E1901F053F93031BE
:1025E000317020000A2101F04DF926000400092E67
:1025F000E9D805230693002304930A330393534633
:1026000005970B9F029312AB009342465B464946E7
:1026100038000195FFF72EFE0E9B0400002B20D002
:102620000C9BC51A279BAB421BD91E0022005B46A0
:10263000494620200135B8470134AE42F6D810E0B3
:10264000289B42460493279B49460393269B0B985D
:1026500002935346009201935B460C9A00F026F9D0
:10266000040020001BB0F0BCBB46B246A946A04601
:10267000F0BDC046FFFFEF7FFFFFEFFFFFF7FFFF5B
:10268000734B099F9C467800400D604401F0CEFBDF
:10269000704A714B01F05DFB704A714B01F03AFBDF
:1026A0003B03704A1B0B1A4304000D00300011005D
:1026B0006D4B002201F029FB6C4A6D4B01F049FB88
:1026C00002000B002000290001F024FB01F0C6FBF2
:1026D0000D9001F0ABFB674A674B04000D0001F061
:1026E00038FB0022654B01F015FB01F0B7FB644A93
:1026F0000600644B2000290001F02BFB0400300091
:102700000D000F9601F092FB5F4A604B01F021FB38
:1027100002000B002000290001F0F7FA02000B0074
:1027200006000F0001F015FB320004000D003B0015
:102730003000390001F0EEFA002210901191544B54
:102740002000290001F0EBFA0022524B01F0E2FADE
:1027500002000B002000290001F0E1FA00224E4B9C
:1027600001F0D8FA02000B002000290001F0D7FA8E
:102770000D008021040032003B000020C90501F05B
:10278000C4FA02000B002000290001F0C3FA020085
:102790000B001098119901F0C2FA0022314B01F0A0
:1027A000B9FA3E4B0F9C9C4664440022230501F07D
:1027B000D0FA05000E0002000B000A98099901F0FA
:1027C00007FB00280AD00D9B2800013B31000D9328
:1027D0000022304B01F0A3FA05000E00C6270D9928
:1027E0002B0063318F42BF4128997F42043709058E
:1027F00000D495E6334300D182E6099C284A2100A3
:10280000284B0A9801F0F2FA002808D00022210093
:10281000254B0A9801F0DCFA002800D070E6269BD0
:10282000002B00D17CE60E9B5A1E9341269AD31AA8
:10283000269375E6002304270D9371E643460A9319
:1028400080231B065344099342E6002326935FE648
:1028500001FCFFFFFB799F501344D33FB3C8608B4B
:10286000288AC63F0000F03F0000F83F61436F63D5
:10287000A787D23F71A379094F930A400000E03F38
:102880001655B5BBB16B0240EF39FAFE422EE63F5A
:1028900000002C400000244000001840FF0300000E
:1028A0002D431CEBE2361A3F80842E41F0B54E4694
:1028B000DE4657464546E0B597B09946209E219F93
:1028C000229B8346984607910C923B0032003000D1
:1028D000390001F098FA002800D0A9E10122300067
:1028E0003900CA4B524201F073FA002800D0E1E0EF
:1028F000012230003900C64B524201F07FFA002815
:1029000000D0B7E0002230003900C24B01F076FA67
:10291000002800D099E0002230003900BE4B01F0C1
:1029200057FA002800D090E0002200233000390040
:1029300001F04EFA002800D0B1E000230D93249B53
:102940005B0501D40623984608AB9C461722002459
:1029500030234146624404E0013413550139202CF0
:1029600001D00929F8D888463000390001F076FAFC
:102970004346DA00A94B05009B181A685B68089269
:10298000099301F053FA02000B003000390001F006
:10299000BCF9089A099B01F0DCF90A900B9101F04F
:1029A00081FA824601F03EFA02000B000A980B9968
:1029B00001F0ABF900229A4B0A900B9101F01EFA3C
:1029C000002800D1C0E001239C46E244504601F0BB
:1029D00029FA02000B000898099901F0FFF9002874
:1029E00002D000239A4601354346002B6AD008AB3B
:1029F00017269C4608956644554614E001235B4221
:102A000043440A2128009A4600F03CFF013430314B
:102A10003719397028000A2100F034FF092D00D839
:102A2000D0E0D0460500202CE8D10EAB9846032319
:102A3000249A1340012B00D196E02023249A01937D
:102A40000392239A434602921EE0249B5846049325
:102A5000239B00960197039343460C9A0293079990
:102A60004B46FFF7FDFC17B0F0BCBB46B246A9468B
:102A7000A046F0BD249B5B070ED40322694B24992A
:102A80000192039123990291009358464B460C9A68
:102A90000799FFF7A1FBE6E70422634BEFE73B0052
:102AA00032000020002101F030F9012306000F0060
:102AB0000D9344E7249B0393239B029304230193E8
:102AC0005A4BE1E7280001F0B1F902000B00300099
:102AD000390001F01AF9524B002206000F0001F0F4
:102AE00077F90EAB984600280AD100223000390051
:102AF0004B4B01F083F9002802D1EB0700D50135DB
:102B0000202C94D008AA94461723280063440A2155
:102B100001341E1900F08EFE3031280031700A2178
:102B200000F088FE051EEBD10323249A1340012BED
:102B30001BD0202C00D180E70D9B002B35D02D22FF
:102B40004146631C0A5579E700220A980B99344BD9
:102B500001F03EF9002800D046E75346002B51D142
:102B600001239C46E2443FE72024239B002BE0D036
:102B70000D9B002B03D1249A0C33134202D0239BCC
:102B8000013B2393239BA342D3D908AB9C46172236
:102B900030236244202C00D14FE723990134135590
:102BA0008C42C6D0202CF8D147E7249B5B0724D465
:102BB000249A2300120700D440E720224146013323
:102BC0000A553BE75746089D202C00D12DE72200EF
:102BD00030214046002F09D00132B154202A00D1C3
:102BE00023E7D3431B191B18002BF5D10EAB9846D6
:102BF0002E234146541C8B5482E72B224146631CF2
:102C00000A551BE7DB0700D4EEE6A9E7FFFFEFFF5D
:102C1000FFFFEF7F65CDCD4165CDCDC1982B011074
:102C20000000E03FA0290110A4290110B0290110E3
:102C3000249B0393239B029303230193004B23E7DD
:102C4000AC290110F0B5DE464E4657464546E0B584
:102C50009FB01C00289B91460993C94AC94B8B46DB
:102C600008901A60002900D118E2002320789A46C3
:102C7000002800D11AE226001D005C460AE02A0066
:102C80006F1C4B46089D2100A8473D000136307857
:102C9000002870D02528F2D110239B46083B9A4685
:102CA000043B9846023B00219C46721C107816009B
:102CB0000300203BDBB2102B03D8B34F9B00FB5823
:102CC0009F460300303B092B32D900230A932A2860
:102CD00068D0002398462E283ED00300683BDBB224
:102CE000122B1CD8A94A9B00D3589F4601230132BE
:102CF0001943DBE7634601321943D7E74346013204
:102D00001943D3E75B4601321943CFE753460132FB
:102D10001943CBE780235B00707819430136030029
:102D2000253BDBB2532BAAD8994A9B00D3589F4628
:102D300000270300B800C01901364000C0183378DE
:102D400030381A00303A0700092AF3D90A901800DF
:102D5000002398462E28C0D180237078DB001943C9
:102D60000300303B721C092B00D8A1E12A2800D1B6
:102D7000B2E11600B1E7A346AA462C00D14503D81C
:102D800001235B424B449A464B465246594600202B
:102D9000089DA84720001FB0F0BCBB46B246A9461C
:102DA000A046F0BD099B40CB0A96002E03DB50786D
:102DB0000993561C8DE72838014370420A90099305
:102DC0005078561C85E7782800D1DFE1582800D1DB
:102DD0004CE26F2800D14FE3622801D100F030FCB3
:102DE00010230A009A430B92692801D000F0A9FC35
:102DF0000A230C934B0500D5D0E10B9A80231100D8
:102E00009B0019408B461A4200D0A1E2802311009A
:102E10005B0019408A461A4200D0B6E313005B06F5
:102E200000D5EDE2130009991B0601D400F076FCF1
:102E300008C91BB2D8171A18424092B2099193469A
:102E4000DA0F1292002B09D1802310220B99DB009C
:102E50000B4091430B91002B00D0E4E20B9A6123CD
:102E6000920600D541230EA91F228C46DBB2624494
:102E70000A3B5F461395A34655460C9CB2460D93FC
:102E800016000AE03033DBB201357355A74200D299
:102E9000EDE2202D00D1EAE207002100380000F029
:102EA000F1FCCBB20929EDD90D9A94466344DBB20B
:102EB000EAE780239B007078194301362FE770788A
:102EC000682800D1CDE180230136194327E77078C7
:102ED0006C2800D1BFE180235B00194301361EE757
:102EE000462800D19BE10722099B049107339343B5
:102EF0000A9A19000392424602920CC9089800925D
:102F0000019309912A004B462100FFF7CFFC0136BF
:102F10000500BCE62A006F1C4B46089D21002520B9
:102F2000A84701363D00B2E68B0700D4ADE1099B0E
:102F30002A009A466B1C9846534601CB21009A46BC
:102F4000089F4B46C0B2B8470A9B9C466544012B7C
:102F500000D886E2089B4746B04626004C46994674
:102F60003A002300013731002020C847AF42F7D193
:102F7000A1465346340046460993013687E6C046CB
:102F8000452C00100C2B0020B8290110FC29011041
:102F9000482A0110099B04CB9B4643460992002B0B
:102FA00000D1C6E013789C46002B00D1BDE3434618
:102FB000013B099A0133D0180A9F130001E08342B4
:102FC00003D05A780133002AF9D1099A0A979B1A3B
:102FD0000B9380230A00DB001A400C92194204D0A4
:102FE0000B9B434501D943460B9302231A000A4029
:102FF0000D920B4200D187E16046002800D168E1C4
:103000000C9B002B00D10DE1A844C246099B5746FA
:103010005B1B9846089BB2462A0026004C46994600
:1030200009E023003100551CC8474346585D00287D
:1030300000D126E12A009742F3D1A1463D00340099
:1030400056460D9B002B00D043E15B4601360993A9
:103050001DE6099B1A0008CA9246002B48D021227F
:1030600011438B460EA884461F2161440995002216
:103070000F27A4460D0002E0202A0CD00B003C00D4
:103080001C4020003730092C00D807380132A854E2
:1030900019090F2BF0D86446099D32E0DC4B2078EB
:1030A000089300239A46002800D0E4E5002465E652
:1030B000434606000A9F9800C0180132400080195C
:1030C0001678030030003038303B0928F3D930003F
:1030D000984616000A9700E6099B023604CB9046F4
:1030E000D2434046D2171040804609933078F4E529
:1030F00010220800904311321043834600224905F4
:10310000B0D55B46069308230593434604931023EA
:1031100003930023029316AB019200932A004B46BF
:1031200021000898FFF7A6F85346050001360993D9
:10313000ADE513789C46002B00D1F7E202235B42F9
:1031400037E7202302009A43472A04D180231B013A
:10315000194302239843452801D12023194307220C
:10316000099B0491073393430A9A1900039242463C
:1031700002920CC908980092019309912A004B46CB
:103180002100FFF76DF90136050080E510230C934F
:103190000C230A009A430B924B0503D501230B9A8B
:1031A0009A430B92692800D127E6642800D124E6CF
:1031B0000B9A802311009B0019408B461A4200D0C5
:1031C00066E1802311005B0019408A461A4200D054
:1031D00039E213005B0600D53CE113001B0600D466
:1031E000A6E2099B04CB1204120C934609935B469A
:1031F000002B00D09AE10B9A1033110099430B91E8
:10320000520500D492E100239A460B9B06930A9B39
:103210000593434604930C9B039300230CE1202366
:10322000194360E6099B0A9A5B1B98464B469146F8
:103230001F00B2462600089C2A003B003100A04730
:1032400043460135585D0028F6D14A463400B94658
:1032500056460A92F5E6C0239B00B0781943023621
:103260005DE5C023B0781943023658E50C230A0007
:103270009A4314331A43103B0B920C934B058DD495
:1032800096E7A14634005646DBE60A9A012A00D8A2
:1032900053E26B1E9F18089BB04626004C46994689
:1032A0002A002300013531002020C847BD42F7D154
:1032B000A14634004646099B3A0001CB21009846BE
:1032C0007D1C4B46089FC0B2B84743460136099360
:1032D000DDE40B9B0A9AA8469A4200D8B5E69446CC
:1032E0006544ED1A089B4746B04626004C46994671
:1032F0003A002300013731002020C847AF42F7D100
:10330000A14634004646A0E60B9A0A99531C914206
:1033100000D814E24B199B1A1F00089BB2462600E6
:103320004C4699462A002300013531002020C84729
:10333000BD42F7D10A9BA14601330B93099B340090
:103340001B7856469C466046002800D058E67CE62E
:103350000722099B07339343013294469C446246FB
:103360005F6809921A68FB171093119310981199CE
:10337000030053400E930B007B400F9394460E9A2C
:103380000F9B121A8B410E920F93FB0F6246129302
:1033900000233A439B463DD00B9A6123920600D509
:1033A00041230022DBB20EA90A3B8C4692460D93C4
:1033B00043461F3262441395159655460E9E0F9F45
:1033C000A24690460C9C14930CE03032D2B2434695
:1033D00001355A55BB4500D18AE1202D00D18AE143
:1033E00006000F00220000233000390000F08CFAA4
:1033F000D2B2092AE9D90D9B9C466244D2B2E6E7D3
:10340000FF23099904C913401A00099117E5C04622
:10341000D52100100B9A1033110099430B915205DE
:10342000BAD500239A460B9B06930A9B0593434605
:1034300004930C9B0393129B02935346019316AB88
:103440002A00009321004B460898FEF713FF01362F
:1034500005001CE4FF22099B02CB11408B46099317
:10346000C5E65346454609930136FFF710FC56461C
:103470005C46AA46139DD6E708230C930B910B9943
:10348000642800D084E60B9B5B0500D586E6B4E497
:103490000722099B07339343013294469C446246BA
:1034A00009921A685B6810009B4613005A46134342
:1034B00007D10B9A1033110099430B91520500D597
:1034C000A1E60B9A6123920600D541230022DBB2CC
:1034D0000EA90A3B8C4692460D9343461F32624426
:1034E0005F461295A34655460400B24690460C9E90
:1034F00013930DE03032D2B2434601355A550023C2
:10350000BB4200D100E1202D00D100E104000F00FA
:10351000320000232000390000F0F6F9D2B2092A67
:10352000E8D90D9B9C466244D2B2E5E70B9A612331
:10353000920600D54123DBB20EA90A3B1F228C461E
:103540000D93230062445C461295170055469B4636
:10355000B2460C9E08E03033DBB201357B55B442F5
:103560000ED3202D0CD004003100200000F08AF989
:10357000CBB20929EFD90D9A94466344DBB2ECE74C
:1035800056465C46AA46129D3FE6099B1A0008CAA9
:10359000D91713925A184A409246DA0F1292002B0A
:1035A00008D1802310220B99DB000B4091430B9133
:1035B000002B2BD10B9A6123920600D541230EAA32
:1035C0001F279446DBB20A3B0D9567445D4609937D
:1035D000A3465446B2460C9E08E03033DBB20135B8
:1035E0007B55B4420ED3202D0CD0040031002000B6
:1035F00000F048F9CBB20929EFD9099A94466344FF
:10360000DBB2ECE756465C46AB460D9D0B9B2A00B1
:1036100006930A9B21000593434604930C9B08984C
:103620000393129B013602935B46019316AB009302
:103630004B46FEF71FFE139B05000993FFF727FB80
:1036400002230C931AE7099B04CB92461293002A9B
:1036500008D1802310220B99DB000B4091430B9182
:10366000002B2BD10B9A6123920600D541230EAA81
:103670001F279446DBB20A3B0D9567445D460993CC
:10368000A3465446B2460C9E08E03033DBB2013507
:103690007B55B4420ED3202D0CD004003100200005
:1036A00000F0F0F8CBB20929EFD9099A94466344A7
:1036B000DBB2ECE756465C46AB460D9D0B9B2A0001
:1036C00006930A9B21000593434604930C9B08989C
:1036D0000393002302935B46019316AB00934B4682
:1036E000FEF7C8FD129B050009930136FFF7CFFADC
:1036F000B44200D871E6149B54460E960F97AA4622
:103700009846159E139D8EE6A64200D8FBE6139BB5
:1037100056469846AA465C46129D76E508C9D817D3
:103720001A1842400991FFF78AFB00230B9350E4DB
:10373000099B04CB9346099359E52F00BBE50B93F6
:1037400001E6063B0C939AE60EB4012210B585B053
:1037500007AC08CC01000094524204480394FFF7E0
:1037600071FA05B010BC08BC03B01847CD21001099
:1037700000B585B003910121029000930348130026
:103780004A4202A9FFF75EFA05B000BD51240010BD
:1037900010B5094A0300146884B0002C08D0012237
:1037A00000910648524203A9A047012004B010BD71
:1037B00000F0E2FD0020F9E70C2B0020412400106E
:1037C00001480421014B184770150020F137001003
:1037D000142310B50100188804331B88984710BDC6
:1037E000162310B50100188802331B88984710BDB6
:1037F000F8B54746CE4680B50F1E19D0142399461A
:10380000043304000025012698464B461888434699
:1038100021681B88984701C4431E984101354042E6
:103820000640AF42F1D13000C0BCB946B046F8BD49
:103830000126F8E7124A936F9B0815D29066D1666D
:10384000002905D0FFE7FFE7FFE7516F106F7047D2
:1038500004B580210906C2175140002800D0C84392
:103860000EF082FF002104BDF0B5146E556E576F47
:10387000166FFFF7E3FF1466556657671667F0BDCE
:10388000000000D0114A936F9B0813D21066516656
:10389000002905D0FFE7FFE7FFE7516F106F704782
:1038A00004B5002801D00020C0430EF05DFF0021C8
:1038B00004BDC046F0B5146E556E576F166FFFF716
:1038C000E5FF1466556657671667F0BD000000D027
:1038D00094464E4A926F9208624601D230E0C0464A
:1038E000F0B54A4EB56F6D08FCD3346E756E776FC8
:1038F000366F00F025F89446444A146655665767BB
:1039000016676246F0BDC0469446404A926F9208E0
:10391000624601D258E0C046F0B53C4EB56F6D0826
:10392000FCD3346E756E776F366F00F04DF89446A9
:10393000364A14665566576716676246F0BDC0463C
:10394000002B24DB11D000293EDA00B5C9434042E8
:1039500000D1013100F038F8C943404200D10131B3
:10396000DB43524200D1013300BD002AEBD10028D5
:1039700001D1002905D00020C90FC90701D1C043DA
:10398000410800B50EF0B8FE0022002300BD00B5CE
:1039900000290ADBDB43524200D1013300F014F866
:1039A000C943404200D1013100BDC943404200D16A
:1039B0000131DB43524200D1013300F005F8DB4313
:1039C000524200D1013300BD002923D1002B18D170
:1039D000002A0CD0BC460D4F38667A6600210023C1
:1039E000FFE7FFE7FFE77A6F386F67467047002809
:1039F00001D00748010000B50EF07EFE0022002332
:103A000000BD02000B00002000217047000000D024
:103A1000FFFFFFFF002B00D0BFE0130C28D1002ACE
:103A2000E7D080B4114F39667A66FFE7FFE730B41C
:103A3000040C7B6F396F1B0423433B667A66FFE7F8
:103A4000FFE7FFE7C04684B27B6F3D6F1B04234353
:103A50003B667A66FFE7FFE7C04600232C042D0C87
:103A60007A6F386F00196941B0BC7047000000D010
:103A7000F0B594460025140E01D112020835140F3A
:103A800001D112010435940F01D192000235D40FF7
:103A900001D152000135D40B0134254F7C66254CF1
:103AA0003C660E0C93B2FFE7FFE7FFE73C6F66430F
:103AB000360C7703BE467343DF0B5B04C01AB94173
:103AC000130C7343DB18C91ACE086643360CB64490
:103AD00093B273431F0F1B01C01AB941130C7343F8
:103AE0001F0B1B05C01AB941860D8F023E4366436A
:103AF000360C092D24DB520A7243801A7703460ADA
:103B00006643360C16235B1BDE40DF40BF1964465C
:103B10006643821B7046043506330100D940A84035
:103B2000C01900D30131A24206D20023F0BD00002B
:103B3000000000D0FFFFFFFF121B0130F3D3F1E7BD
:103B400009277F1BFE406446A2B27243801A00D24E
:103B50000139220C7243130C1204821A99410B0092
:103B60007046043513370100F940A840801900D38E
:103B70000131002B02D1A2420AD2F0BD013000D3A4
:103B80000131121BFAD2013BF8D1A24200D2F0BDA2
:103B9000013000D30131121BF7E7F0B51C0C00D047
:103BA00080E00CB400251C0A04D11B02160E33431E
:103BB000120208351C0B04D11B01160F33431201EE
:103BC00004359C0B04D19B00960F334392000235C1
:103BD000DC0B02D192185B4101351C00971864413F
:103BE0000134464F7C66464C3C660E0CFFE7FFE70F
:103BF000FFE7C0463C6F6643360C7703BE4697B27C
:103C00007743C01B00D20139C01B00D201399FB2DB
:103C10007743C91BC91B170C77437E04FF0B801B1E
:103C2000B941CE086643360C0C2D33DBB644120B7B
:103C30001F053A431B0B97B27743C01B00D20139D3
:103C40009FB27743C91B170C77433E043F0C801B80
:103C5000B941860D8F023E43664329277F1BFE40F4
:103C60000C3D7746AF40BF1930BCA2B2ABB2724335
:103C70007343801A9941220C7243130C1204801A68
:103C8000994102000B000137001BA941F9D2781EAF
:103C90000021F0BD0C277F1BFE4077467F0BAF4015
:103CA000FF19E0E700245D1C07D0144F7D663966DC
:103CB000FFE7FFE7FFE7FFE73C6F95B29EB2654382
:103CC0006643401BB141150C1E0C65436643360428
:103CD0002F0C3E432D04401BB141994204D20200F7
:103CE0000B0020000021F0BD01D19042F7D3801AD3
:103CF000994101349942F2D3F6E70000000000D068
:103D0000FFFFFFFF48404140484018B4134B5B6839
:103D1000019308BD18B4114B1B68019308BD94466C
:103D20000F4A926F920805D2624618B40B4BDB68BB
:103D3000019308BD0A4AF0B5146E556E576F166FA1
:103D40006246FFF7F2FF064A146655665767166724
:103D5000F0BD18B4014B9B68019308BD481F0020BB
:103D6000000000D0FFB550404240504059404B4009
:103D7000594000E0FFB5154F4C00640D03D0BC4224
:103D800004D10C0314D80020090D09055C00640D52
:103D900003D0BC4204D11C030AD800221B0D1B0512
:103DA00001264B4009D44B4003D58B4200D18242BF
:103DB000FFBD9942FCD19042FFBD0B43DB1803438A
:103DC0001343F5D0C9434918FFBD0000FF070000A9
:103DD00000B5FFF7CFFF804100BDC04600B5FFF73B
:103DE000C9FF01D9002000BD012000BD00B5FFF7CB
:103DF000B9FF01D9002000BD012000BD00B5FFF7CB
:103E0000B1FF804100BD012040054A00121804D8CE
:103E10005A00121801D80020704701207047002076
:103E2000704700000021002805D17047C1174840A5
:103E3000401AFAD0C90713B5064B1B6898470CBC4B
:103E4000441CA2401005120B0349091B0905194324
:103E5000114310BD302B00201F04000010B54C0092
:103E6000620D8023D218DB00D21A5B057E2A10DD9A
:103E70009E3A13DACC170903490819435242D1403C
:103E8000640001341532202A05DAD040084360432B
:103E900010BD002010BD0846604310BDC80FC018FB
:103EA000013810BD18B4024B5B6A019308BD0000D5
:103EB000481F002018B4024BDB6F019308BD0000BF
:103EC000481F002010B50148FDF73EFFE82B011008
:103ED000132370B51D78012D11D035DD1C48FFF777
:103EE0007FFC1C4C01008022200000F0DDF8022D38
:103EF00027D01948FFF76CFC184B186070BD184BA1
:103F0000144C23606360A360E36023616361A36179
:103F1000E36123626362A362E36223636363A36377
:103F2000E36323646364A364E36423656365A36557
:103F3000E36523666366A366E36623676367A36737
:103F4000E367084BA364D4E7024C064BA364D0E7B5
:103F500053440000481F00204C330000302B002049
:103F6000C53E0010693F001007B5604601880A0A87
:103F70000230DF2AFAD1C9B2820804D3028840880D
:103F80000004104300E00068014A5050039007BD50
:103F9000481F002051434343C9188C46110C83B27B
:103FA0004B4310B4040C614392B280B2504362435D
:103FB0001C041B0C001910BC59411304120CC0182E
:103FC0005141614470470000014BDB6F184700000E
:103FD000342B002010B50148FDF7B6FE80280110F3
:103FE000132310B510481C78FFF7FAFB0100012CD1
:103FF0000AD003DD80220D4800F056F80C48FFF788
:10400000E7FB0C4B186010BD084C5422200000F058
:104010004BF82300084A80332168002900D1226030
:104020000434A342F8D1E9E753460000342B0020C2
:104030004C330000302B0020D53F001010B5040099
:104040000CF0D0FF002804D0034B04199C4200D888
:1040500010BD0248FDF778FE00000420002C01107E
:1040600010B50C000DF0F8FA002804D0034B041929
:104070009C4200D810BD0248FDF766FE00000420F7
:10408000002C011010B50CF0B7FF10BD0148042141
:10409000014B184780150020F1370010014B1B68B9
:1040A0001847000080150020014B5B68184700008E
:1040B00080150020030010B5080011001B68984708
:1040C00010BDC046F0B546464F46D646C0B5437C07
:1040D00080460E001700002B46D0002A3FDD4B1E05
:1040E0009946244B0125002400209A460DE04B46BA
:1040F0001B5D0D3B5A425341325DDBB20A2A0BD0A5
:104100002B00013401359F421ADD002CEFD14346CC
:10411000325D1B7C0A2AF3D1002BF1D1A04204DAD4
:104120004346211A1B6830189847434650461B687F
:1041300002219847013428002B0001359F42E4DC1E
:10414000874204DD4346391A1B6830189847F61930
:10415000013E33780D3B5A42534142461374E0BC52
:10416000BA46B146A846F0BD036811003000984732
:10417000F5E7C046782C0110F0B5C6460C0009687A
:10418000060000B5802906D04B1C236064182671F8
:1041900080BCB846F0BD0F4B1D68002D16D0231D06
:1041A00098460D4F02E0ED68002D0FD02B68002BD4
:1041B000F9D03B68002B01D0AB42F4D12800414636
:1041C0002268FFF77FFFED68002DEFD1012300216A
:1041D000DBE7C046F826002000270020F0B5574650
:1041E0004E464546DE461C00D023E0B51B061F6840
:1041F000344B83B006000D00180001A991469A4681
:104200000EF0C2FA8046002808D1019B7FB29F427F
:1042100004D050460EF000FB012398466B1C03D1DE
:1042200030000DF06DFC0500002C27D1264F274BE8
:104230001C68002C18D04B46002B21D1244B9946EA
:1042400002E0E468002C0FD02368002BF9D04B4625
:104250001B68002B01D0A342F3D120002A003100BB
:10426000B847E468002CEFD14346002B25D103B0BA
:10427000F0BCBB46B246A946A046F0BD154FD6E7F6
:10428000134B99460A239B4602E0E468002CEBD0CE
:104290002368002BF9D04B461B68002B01D0A342AA
:1042A000F3D12A0031002000B8475A466B4620005F
:1042B0001A7101A90122B847E7E750460EF014FA37
:1042C000D5E7C046181E0020C5400010F826002083
:1042D00000270020B5400010F0B5CE46474680B517
:1042E00083B06B46DE1CD02330701B061C681F4B4E
:1042F000804601A9180099460EF046FA071E20D004
:104300001B4B1C68002C28D01A4D02E0E468002CDE
:104310000FD02368002BF9D02B68002B01D0A342CB
:10432000F4D1200001223100FFF7CCFEE468002C1C
:10433000EFD1002F11D1404603B0C0BCB946B04602
:10434000F0BD019B64B29C420BD048460EF064FA6B
:10435000074B01271C68002CD6D148460EF0C4F943
:10436000E9E7034B1C68002CCED1E4E7181E0020BF
:10437000F82600200027002070B504000DF0C0FBD7
:1043800000230100050001222000FFF727FF084B52
:104390001C68002C06D06368002B05D09847E468A1
:1043A000002CF8D1280070BDE468002CF3D1F9E7A7
:1043B000F8260020F0B54746D64680B516000F0017
:1043C00083B000282DD11C4B1C4D1A685B680192EC
:1043D00000931B4B9A461B4B984653461C68002C77
:1043E00003D114E0E468002C11D02B68002B01D01D
:1043F000A342F7D1A368002BF4D0310038009847CE
:104400000028EFDD03B0C0BCBA46B046F0BD43465D
:1044100000995B6A994209D842460198926A8242A1
:1044200002D301204042EDE79942FAD10120002158
:10443000FDF7E8F8D1E7C046582901100027002011
:10444000F826002000400540F0B54F46D6464646C7
:10445000C0B501380D00170082B0012842D8D02322
:104460001B061C68214B01A918009A460EF08CF916
:104470008146002808D1019B64B29C4204D050467A
:104480000EF0CAF901239946B8467B1C03D12800D7
:104490000DF036FB8046164B1C68002C14D0154ED0
:1044A00002E0E468002C0FD02368002BF9D03368B9
:1044B000002B01D0A342F4D1200042462900FFF78F
:1044C00001FEE468002CEFD14B46002B06D13800EA
:1044D00002B0E0BCBA46B146A846F0BD50460EF068
:1044E00003F9F4E701277F42F1E7C046181E0020D8
:1044F000F8260020002700200A4A1368002B05D167
:104500000CE01A00DB680C32002B07D09842F8D17F
:10451000002902D1C3681360C16070470029FCD034
:104520001060FAE7F8260020F0B54746CE46D023C3
:1045300080B51B061D682E4BA5B007000C001800A7
:1045400003A998460EF020F9061E07D1039B6DB211
:104550009D4203D040460EF05FF9013684220021CF
:1045600003A8FFF79BFD23003A00224803A9FFF7A9
:10457000FFF8039B0700002B14D11F4B1C68002C75
:1045800006D06368002B0BD09847E468002CF8D164
:10459000002E27D1380025B0C0BCB946B046F0BDCA
:1045A000E468ECE7144B1D689946002D1ED0134CAF
:1045B00002E0ED68002D11D02B68002BF9D02368A4
:1045C000002B01D0AB42F4D1039B28001A0004A9B0
:1045D0000193FFF777FDED68002DEDD14B46039574
:1045E0001C68CCE740460EF07FF8D3E70395CFE791
:1045F000181E002079410010F82600200027002016
:104600000FB400B583B004A901C90191FFF78CFF75
:1046100003B008BC04B0184710B500F03DF910BD58
:104620007047C0460022014B1A7070476C2C002066
:104630004B790020FF2B0BD18B79002B08D1CB7944
:10464000012B05D1082A03D98A78024B09301A7048
:104650007047C0466C2C00200120704770B50029BF
:1046600015D115495379107909781B0203430020AD
:10467000994200D070BD5378012B0AD0022BF9D19A
:10468000002064220021FDF741FD0120F2E7012016
:10469000F0E79478D278050012021443D20502D5CF
:1046A000620A93401D000548FFF792F87F2103003E
:1046B000214028009847C0466C2C0020554200003D
:1046C00001230370004870477C2C011048780B7858
:1046D0008A7800021843120410439622CB7810B552
:1046E0001B060343D200934200D010BD0348FFF7DE
:1046F0006FF80021030008009847C04655420000AB
:1047000070B5184C82B006000D00200001A90EF013
:104710003BF8002808D1D0231B061B68019A9A4257
:104720001CD020000EF078F8002001F01FFE0028B9
:1047300007D103256D4220000DF0D6FF280002B0FE
:1047400070BD002001F02AFE0028F2D02A003100BE
:10475000002001F02FFE051EEBD0ECE703256D4293
:10476000ECE7C046382C0020F0B5DE464F46464602
:10477000C0B5334B82B081460D00180001A99B469D
:104780000EF002F8002808D1D0231B061B68019AFE
:104790009A424FD058460EF03FF8002001F0E6FD57
:1047A00000283FD00024002D41DD264E11E04B466D
:1047B0000020191901F072FE804600F065FE00200D
:1047C00001F030FEFCF714FF306071604444AC42ED
:1047D0002DDA002001F07CFE2F1B0200B84200DD24
:1047E0003A00002AE3D100F04FFE002001F01AFE4B
:1047F000002001F0BBFD002819D0002001F068FE68
:104800000028E4D1FCF7F4FE326873680F00002141
:1048100084460D4812184B419F4208D8D7D1944581
:10482000D5D904E000200021064B18605960584695
:104830000DF05AFF02B0E0BCBB46B146A846F0BD41
:10484000382C0020401F002020A1070010B5044B89
:104850001878FBF7BDFFFA200021800010BDC0468C
:104860006D2C002010B5024B1878FBF7B1FF10BD7E
:104870006D2C002010B5074C002120000DF084FFA6
:10488000002800D110BD00F0FFFD20000DF02CFF2E
:10489000F8E7C046382C0020F0B5244B85B01B78D3
:1048A00001F0FEFF2248FDF78DF90120FCF718FA10
:1048B000FF23204C204920701840FBF7AFFF2078E1
:1048C0000121FBF773FF0520FBF78AFF041E0CD0C4
:1048D000002205201949FBF7CBFF01211848FFF7FB
:1048E0000BFE0124200005B0F0BDFCF76FFC0500B5
:1048F000FCF77EFEFA2206000F00002392009219B8
:104900007B4199420ED80BD00121029100210191E7
:104910000C4928000091FCF75DFC0028E2D0DCE7A0
:104920009042F1D901225242D317EDE7A85101106C
:10493000382C00206D2C00207548001065480010B0
:10494000901500204D48001000487047342D01108C
:1049500000487047E02C011070B504001748037838
:10496000002B21D0002C06D1C1241548154BA400E2
:104970004380048070BD052C1DD8134B1048A40043
:10498000E558811C002304E001330A800231132B17
:104990000ED0EA5CDCB2002AF6D1C0230134E4B2C6
:1049A00064009B001C43E4E7112102F00FFAD9E7F1
:1049B000CA24A400DDE70020DCE7C046502C00201C
:1049C000D026002009040000482D0110F0B59823DE
:1049D00057464546DE464E466C4AE0B5D7588025D8
:1049E0003C006D02883B9A4683B02C402F420FD08A
:1049F00001222321664B00205A54DA70654901F0E8
:104A000073FA8022644B92021A65644B2C009A461A
:104A1000FB0617D480235B011F4245D18023DB01B5
:104A20001F4200D088E080231B021F4200D091E08B
:104A3000BC4200D0A5E003B0F0BCBB46B246A946DC
:104A4000A046F0BD514B9B6D9846002B27D0524B92
:104A500000249B460123994643460126B8461F0081
:104A600004E001347600E4B2202C17D03742F8D0AD
:104A70005B469E654B466508A3436D00ED18444BAD
:104A80006D019C466544280000F08AFB00286CD12B
:104A90000134B743E4B27600002FE5D147468023C6
:104AA0005B0154461F42B9D01C430023374A002102
:104AB0001360384A3A489360D3603A4A9360D360AF
:104AC000394A9360D360394A9360D360384A93601F
:104AD000D360384A9360D360374A9360D360374AD3
:104AE0009360D360364A9360D360364A9360D36054
:104AF000354A9360D360354A9360D360344A9360FB
:104B0000D360344A9360D360334A9360D360F02219
:104B10009200FFF7C3FA314B314A00211A6000209E
:104B2000012201F0B7F980221B4B12031A65802382
:104B3000DB011F4200D176E70122042100201C4343
:104B400001F018F91022144B1A6580231B021F4232
:104B500000D16DE70122052100201C4301F00AF974
:104B600080220D4B12011A6562E74B46AA8AA9788A
:104B700000200093002301F0DFF9280000F04CFA38
:104B800086E7210017487940FDF7DEF80000115054
:104B900008270020000010500030115010000100C4
:104BA0004827002008001050100010501800105026
:104BB00020001050280010503000105038001050C5
:104BC0004000105048001050500010505800105035
:104BD000600010506800105070001050142B00201E
:104BE00080011050602D011010B501210520FBF748
:104BF000DDFD10BD10B500220021024800F034FA9E
:104C000010BDC046282700208022024B5202DA64E1
:104C10007047C04600201150F0B5C64600B50600EA
:104C200000F0D4F90C23354D0520AB673449FBF770
:104C3000F5FD40239846334C402200212000FFF729
:104C40002DFA43460127A383212100232E4A6770B2
:104C5000A260136063545F3161844146A1870239C9
:104C600063542A4A2A496360E260A1620B60E262EF
:104C7000284A63629360D360274A20009360D36020
:104C8000264A00219360D360254A40309360D36068
:104C9000244A9360D360244A9360D360234A93608C
:104CA000D360234A9360D360224A9360D360224A40
:104CB0009360D360214A9360D360214A9360D360AC
:104CC000204A9360D360204A9360D3601F4A936068
:104CD000D360F0229200FFF7E1F91D4B1D4A30002E
:104CE0001A6080239B052F64EB6490231A4AEA50D4
:104CF000FFF78AFF80BCB846F0BDC04600001150E7
:104D0000CD490010082700208400105000011050E9
:104D1000800010500000105008001050100010507B
:104D20001800105020001050280010503000105073
:104D300038001050400010504800105050001050E3
:104D40005800105060001050680010507000105053
:104D5000142B00208001105010D001000B785B064E
:104D600002D14B78052B00D070478A78014B1A602E
:104D7000FAE7C04600001150F0B5CE46474607237B
:104D800080B548798E780A790340C8787F218007FA
:104D900031401B02F40913434F00820F94469146A1
:104DA0002A4D3A195201AA1896700126664056708B
:104DB000604600269383D6709077CA00012C29D0D4
:104DC00023488446880162448446AC44604682603D
:104DD0001660002929D01F4AC9009046414441600D
:104DE0003F223F3393434A46022A00D15B001A49CF
:104DF0003F190A687F01D3180B60184BED19534017
:104E0000EA604A469006184380231B0618436B68E5
:104E1000186010E012488446880162448446AC441D
:104E200060468262166000290AD1002364012D19B0
:104E30006B600C4BEB600120C0BCB946B046F0BDC6
:104E4000064AC900904641444162C9E7082700204C
:104E50008400105004001050142B0020000010504B
:104E6000800010500001105000231C4A10B59360C0
:104E7000D3601B4A00219360D3601A4A1A4893609A
:104E8000D3601A4A9360D360194A9360D360194A79
:104E90009360D360184A9360D360184A9360D360DC
:104EA000174A9360D360174A9360D360164A9360A1
:104EB000D360164A9360D360154A9360D360154A55
:104EC0009360D360144A9360D360F0229200FFF79E
:104ED000E5F8124B124A1A6010BDC046000010508F
:104EE00008001050100010504827002018001050E3
:104EF0002000105028001050300010503800105082
:104F000040001050480010505000105058001050F1
:104F1000600010506800105070001050142B0020DA
:104F20008001105010B57F200C0020404000E409A3
:104F3000110000191A00034B4001C01800F094F84A
:104F4000012010BD082700207F22130010B50B4060
:104F50000A420BD0C9098022580040180649400176
:104F600040181201002100F05DF810BD0222034834
:104F7000C909521A8266EEE7082700200020115066
:104F80007F22100010B508400A4200D110BD002356
:104F9000C90940004018044940010818002203498B
:104FA000C37000F03FF8F1E708270020FFF7FFFF8C
:104FB0007F21C309034A9B00014010B59A5802485B
:104FC000FCF7C2FEA4150020742D011080220D4BA9
:104FD000520410B51A600C4B0C491A6010008B6813
:104FE0009843FBD10A4C9C2200212000FFF756F881
:104FF0008022002152010748FFF750F80923636718
:1050000010BDC04600E0004000F0004000C000407D
:10501000000011500000105000230374438283826B
:105020008361704710B58368002901D01C68214056
:10503000002A11D08024E400114322420CD01A68C7
:1050400022420BD1074A0A401A60FFE7FFE7FFE759
:10505000FFE7FFE7FFE78368196010BD8078FFF77F
:10506000A7FFC046FFFBFFFFF0B5C646002300B513
:10507000838201330374436804001E68838B81615B
:105080001F1C934200D9171C8025BFB2D21B93B2BC
:10509000E278ED0063823D43002A02D09025AD0105
:1050A0003D4301204240E2706278002A51D0002B3B
:1050B0001DD1A023DB011D43354B1B6C354B334009
:1050C0008026B6051E436368A2681E6013685B05F0
:1050D0005AD4314B2B401360FFE7FFE7FFE7FFE7B0
:1050E000FFE7FFE7A3681D6080BCB846F0BD8022E3
:1050F00052011543264A126C920703D4A278D209B2
:10510000012ADBD1A28B111C9A4200D9191C8027DD
:105110008AB2FF009B1A90461743E2789BB26382E3
:10512000002A03D090274146BF010F4301214A4086
:10513000E2706278002A19D0002B02D18023DB01B3
:105140001F43164B3F043340A026F6053D431E4344
:10515000B9E73A00E068FEF7A7FFA3699C46802301
:1051600067441B021D43A761638AA0E7E0684246CB
:10517000A1694030FEF798FFA3694344A3618023EF
:105180001B021F43638AD7E7A078FFF711FFC046D1
:1051900000001150FFFFFFAFFFFBFFFFFFFFFFDF2E
:1051A000F0B5C64600B5067C0400002E00D1D3E061
:1051B00083681A681D684378AD05AD0D002B51D189
:1051C000838AEB189BB28382A18B8D4207D2002386
:1051D000638263681B68300080BCB846F0BD6268BB
:1051E0001268520002D58D4200D175E0638A002B0F
:1051F000F1D062681F1C16688B4200D90F1C8025F5
:10520000BFB2DB1BE2789BB2ED0063823D43002A14
:1052100002D09025AD013D4301214A40E270627801
:10522000002A68D0002B2AD1A023DB011D434F4B5D
:105230001B6C4F4B33408026B6051E436368A26843
:105240001E6013685B0500D58DE04A4B2B40136050
:10525000FFE7FFE7FFE7FFE7FFE7FFE7A3680026B9
:105260001D60B8E72A00C1688069FEF71DFFA38AA8
:10527000A269EB189BB25219A382A261A4E7802213
:1052800052011543394A126C920703D4A278D2090D
:10529000012ACED1A28B111C9A423FD880278AB214
:1052A000FF009B1A90461743E2789BB26382002A64
:1052B0002FD101214A40E2706278002A3ED0002BB3
:1052C00002D18023DB011F432B4B3F043340A02638
:1052D000F6053D431E43B1E7A26815686278AD014B
:1052E000AD0D002A1CD1EB18A3828D4200D37DE7BF
:1052F000002363826FE73A00A169E068FEF7D4FEFD
:10530000A3699C46802367441B021D43A761638AEF
:1053100088E790274146BF010F43CAE7191CBDE744
:10532000E1682A004031A069FEF7BEFEA38AA18B86
:10533000EB18A382A3695B19A361D6E7E068424634
:10534000A1694030FEF7B0FEA3694344A361802306
:105350001B021F43638AB2E77F238178074A08480C
:105360001940FCF7F1FCA078FFF722FE0000115075
:10537000FFFFFFAFFFFBFFFFFFFFFFDFA4150020D4
:10538000942D0110024B5878431E9841C0B27047CB
:1053900038240020024B18784007C00F7047C046E1
:1053A00038240020014B18787047C046682C002034
:1053B000F8B54746CE4680B5294F05003B78002B0F
:1053C00004D00120C0BCB946B046F8BD532200212C
:1053D0002448FEF763FE244C2000FCF7F3FB234B2C
:1053E0001C60234C20001C30FCF708FC200001F05E
:1053F000A1FC204B204E1C60204B9846002B04D073
:105400003000FFF75DF91E4B1860424600243378E8
:10541000002A1DD01B4A9046194A91469C4210D33F
:105420001BD14346984701343378E4B2A342F5D206
:105430002800FFF7F1FB2800FFF7D6FB01233B70A4
:10544000BFE74A46630012681B19DB009B58E9E777
:1054500001F04AF83378002BEAD000231B68FFDE06
:10546000682C002038240020F02300208C24002009
:10547000AC15002090240020672C0020C1460010AD
:1054800000210020E9640010F0B5DE4657464E4684
:105490004546E0B58BB001F009FA002800D144E19F
:1054A000C24BC34E9B4607AC3568EA69EFF31081E7
:1054B00072B61368002BFCD0BFF35F8F29622800FF
:1054C000210001F0ABFAEA692B6ABFF35F8F00217C
:1054D000116083F31088002800D126E16378082B3F
:1054E000E2D85A469B00D3589F466368002BDBD016
:1054F000A0689847D8E77F222179AE4B0A40550033
:10550000C8095B191B18180001273030C578BD4346
:10551000C570C5780337BD43C570002A00D10BE1C3
:10552000A54ADB7C002A06D0A44A1278934200D216
:1055300091E19B1ADBB2002B00D0F6E0A04D62791E
:105540002078A368A847AFE701229A4F01213B7852
:10555000042013433B703323FA5C8A43FA54FA5C09
:105560008243FA540133FA5C8A43FA54FA5C824368
:10557000FA54237800209A4600F066FE60222379D0
:105580001A40602A0DD0402A00D1F2E0DB06DB0E83
:10559000012B00D16AE1022B00D121E1002B00D1C7
:1055A000F6E020780021FFF7CFFC80212078FFF77C
:1055B000CBFC79E77F4B1B78DB0700D474E7814B8A
:1055C000002B00D170E700E000BF6DE7794B1A783F
:1055D000D20700D468E77C4A002A00D164E7187833
:1055E0000007C00F00E000BF5EE7744D724A00275D
:1055F0002B78002A00D1B6E0744A90469F4208D327
:105600009F4200D0B2E00137FFB29F4200D94BE782
:10561000F6D2414609687A008C46D219D20062441B
:105620005269002AEFD02078904701372B78FFB2DB
:105630009F42E3D938E72378604D5F4A98460027B8
:105640002B78002A00D186E0614A91465F4A924653
:105650002A0045469046BB425ED800D078E04B46D3
:1056600028009847434601371B78FFB2BB42F2D26D
:10567000504D532200212800FEF710FD1022FF217B
:10568000E81CFEF70BFD28002022FF211330FEF757
:1056900005FD00F0CFFD4F4B002B00D104E700E0EB
:1056A00000BF01E72378454D434A984600272B78F1
:1056B000002A47D0464A9146444A92462A00454627
:1056C00090469F421FD343D14B46280098474346FC
:1056D00001371B78FFB2BB42F3D2364D5322002173
:1056E0002800FEF7DBFC1022FF21E81CFEF7D6FCA9
:1056F00028002022FF211330FEF7D0FC00F09AFD95
:105700002379AB70D0E6524612687B009446DB19D1
:10571000DB0063445B68D8E7524612687B0094461E
:10572000DB19DB0063445B689AE70BB0F0BCBB4657
:10573000B246A946A046F0BD62792078A36800F081
:1057400097FDB1E6404600F00DFF2B78002BC4D04A
:1057500000235B68FFDE404600F004FF2B78002B3F
:1057600000D185E7F4E7002B00D19DE600235B69BB
:10577000FFDE1948002800D113E700F065FD002185
:10578000504608AA00E000BF002800D08CE608E7D9
:10579000202A00D19FE0002A00D002E76379092B7C
:1057A00000D9FEE60D4A9B00D3589F46C82D011034
:1057B0009024002038240020C1460010672C0020CF
:1057C00059670010000000000000000000210020C8
:1057D000656500100000000000000000EC2D0110C5
:1057E0007023217A0B4200D0DBE60F330B405B00C5
:1057F000F818CD090093C14B4019C07C002B06D08E
:10580000BF4B1B78984200D288E0C01AC0B2002873
:105810007ED1002A00D015E1BA4B019363799846F6
:105820000223424699469A43012A00D10EE143469B
:10583000002B00D0B5E6009B06AAFB185D19303599
:10584000EB7802329B07DB0F13805046022308A936
:1058500000F092FC28E65A00D318AB4ADB0012682D
:10586000D318002B00D160E71D6968E6237A0F2B5F
:1058700000D996E6A14AFB18DB78002A05D0A04A99
:105880001278934264D39B1ADBB2002B00D088E6D7
:105890009E489C4D00F0D8FC00215046EB6808AAB9
:1058A0009847002800D0FFE56022150023791D40AD
:1058B0001A4200D075E663790A3B012B00D970E6E5
:1058C00000F0C2FC63790A2B00D1EEE0504608A933
:1058D00000F03AFCE8E5237A0F2B00D961E6874A0D
:1058E000FB18DB78002A06D0854A1278934200D252
:1058F000D0E09B1ADBB2002B00D052E68348814DEA
:1059000000F0A2FC00215046EB6808AA98473BE74C
:10591000002A00D045E6002301937FE743009C4620
:10592000794B60441B68C0009C46030063440193AC
:10593000002A00D172E7002B00D132E6D86800F0CF
:1059400083FC019B00215046DB6808AA98471BE7AF
:105950006D4A5D00EB181568DB00ED18002D00D1D5
:105960001FE6E86896E7E388012B00D019E60822D5
:105970003B785046934308A93B7000F0E5FB93E564
:105980000220397806AB9A1C8B068908DB0F014090
:105990000B4359E7A37901931A007B789A4207D009
:1059A0007B78002B00D01EE1019B002B00D0B3E0E0
:1059B000019B504608A97B7000F0C6FB74E57B781C
:1059C00006AA023213705046012308A900F0D4FB46
:1059D0006AE5E088030AC0B20F2B00D9E1E54C4923
:1059E0009A008A58974608A800F034FC5046A179DE
:1059F000FFF700F902223B7813433B7054E5E3883C
:105A0000012B00D0CDE508223B785046134308A96E
:105A10003B7000F099FB47E5022B00D194E13D4B30
:105A2000002B00D1BDE500E000BF0200002A00D13C
:105A3000B7E5D37891781B020B43504608A900F0D4
:105A40009BFBA1E62F4B3148019378E7E288002ABF
:105A500009D14346012B3DD0009BFB185D19303521
:105A6000EB789B072AD5019D002D00D11CE5EB6842
:105A70001800009300F0E8FBEB68002108AA5046EC
:105A80009847002000F0E0FB3423FB5CDB0700D5E7
:105A90000AE51BE71C4A5D00EB181568DB00ED18F2
:105AA000002D00D17DE5E8682AE706AB9A1C504638
:105AB000012308A9157000F05FFBF5E45046FFF7DD
:105AC00043FA0222EB7813430122EB70EB78134385
:105AD000EB70C8E7009BFB185D193035EB789B072E
:105AE000C1D55046FFF74CFA4A46EB7893434246FD
:105AF000EB70EB789343EB70B5E7C046C1460010FE
:105B0000672C0020542E0110002100207566001023
:105B1000142E011000000000581EC0B2FEF718FF3E
:105B2000002800D13DE543780493022B00D038E5EE
:105B30000121C3799A115B110A400B4052011B01EC
:105B400013433A782F318A4313433B700923994614
:105B5000C37882781B021343C31881440393039BC9
:105B60004B4500D8E9E04B4601225B7800920B2BB5
:105B700007D14B46DB7800934B461B7899444B4644
:105B80005B78042B00D00CE54A46039B00259B1A4A
:105B90009BB202936E4A6F4B1B78002A16D162E0CB
:105BA000AB4271D16C4A6D4B904649465046029AC1
:105BB00098478446082802D9029A824269D2654BE6
:105BC00001351B78EDB2AB4200D2EAE4AB42E7D933
:105BD000634A6B0012685B199046DB0098444346A9
:105BE00005929B68E1E75046FFF73EF9BB78594DB7
:105BF000574A009300212B78002A2DD0584A90460E
:105C00002A000D0091469D421DD300D0A0E5554BC2
:105C1000504698474B4601351B78EDB2AB42F2D265
:105C2000532200213800FEF739FA1022FF21F81C18
:105C3000FEF734FA38002022FF211330FEF72EFA47
:105C4000009BBB70B0E6424612686B0094465B193D
:105C5000DB0063445B68DBE7504600F083FC2B7895
:105C6000002BDDD074E5029B49461A005046984649
:105C700000F08EFC8446082801D9404507D9354BF1
:105C80001B78002B00D18CE400239B68FFDE324B95
:105C90009846009B012B48D0009B002B10D04B4610
:105CA0009978002305E0D5700133009ADBB2934266
:105CB00006D2CA18D2B2BA18D078FF28F3D070E44E
:105CC0003800E0462B0049466246133000F02EFEB5
:105CD000204BC1441B78AB4200D340E761E4224B28
:105CE000002B00D15DE400E000BF0200A1E6FEF75A
:105CF0002BFE1223020008A9504600F03DFA43E5AE
:105D00001A4B002B00D14CE400E000BF021E00D172
:105D100047E45046137808A900F02EFA34E52189AB
:105D2000FEF71AFE021EF4D13BE442460B4B92688A
:105D30009A42B4D1049B0093B1E70D4B002B00D1E4
:105D400036E600E000BF33E6FEF702FE02006DE635
:105D5000C1460010672C0020542E011091650010E0
:105D60000021002065650010000000000000000018
:105D70000000000030B587B005000C000C220021A7
:105D80006846FEF78BF96B461D705C70042C4FD093
:105D900009D8022C34D0032C19D13C4B1A78520765
:105DA00058D407B030BD052C11D1384B1A78D20722
:105DB000F7D504211A788A431A70354B1C68E269BA
:105DC000EFF3108172B61368002B09D1FBE7304B5B
:105DD0001C68E269EFF3108172B61368002BFCD0E7
:105DE000BFF35F8F21626946200000F0E5FEE269A3
:105DF000236ABFF35F8F0021116083F31088D0E71F
:105E00000121224B1A788A431A701A780331A2436F
:105E10001A7000225A701A788A431A701C4B1C6838
:105E2000E269EFF3108172B61368002BD8D1FBE75B
:105E3000164B1A78D207B4D504211A780A431A707F
:105E4000134B1C68E269EFF3108172B61368002BE4
:105E5000C6D1FBE704211A7803A88A431A700021EF
:105E60000C22FEF71BF96B466A461D73052353731C
:105E7000074B1C68E269EFF3108172B61368002BC0
:105E8000FCD0BFF35F8F216203A9ADE73824002067
:105E90009024002070B584B001AC06000D000C22E7
:105EA00000212000FEF7FAF8012363700D4B2571E5
:105EB0001D682670EA69EFF3108372B61168002935
:105EC000FCD0BFF35F8F2B622100280000F074FE2E
:105ED000EA692B6ABFF35F8F0021116083F310889A
:105EE00004B070BD90240020002330B585B001AD12
:105EF0006B8028700633082202A86B70FEF7D4F876
:105F00000C4B1C68E269EFF3108372B6116800292C
:105F1000FCD0BFF35F8F23622900200000F04CFE0D
:105F2000E269236ABFF35F8F0021116083F3108859
:105F300005B030BD90240020F0B5C646804600B5BF
:105F400084B001AC0F0016000021082220001D00C3
:105F5000FEF7A4F843462370072363700F4B657167
:105F60001D682771A660EA69EFF3108372B61168A5
:105F70000029FCD0BFF35F8F2B622100280000F0C6
:105F80001BFEEA692B6ABFF35F8F0021116083F368
:105F9000108804B080BCB846F0BDC04690240020F4
:105FA000F0B54646D6464F468046C0B50C001500B3
:105FB0001E00002A2ED070239946184B00279A46BF
:105FC0006378052B0FD1E1788907890FB1420AD197
:105FD0004A46A3781A4206D153462000997800F029
:105FE00069FC002805D10020E0BCBA46B146A846AD
:105FF000F0BD21004046FEF7BFFE0028F3D0A37895
:10600000DA09012A08D0089A137023780137E418B6
:10601000AF42D5DB0120E7E7099AF5E738240020F5
:10602000702270B58B7805000C001A4201D0002058
:1060300070BD064B2000997800F03CFC0028F6D09B
:1060400021002800FEF798FEF2E7C0463824002021
:1060500070B57F240C406300144CC909E41864181F
:106060003034E378DB07DD0F002B18D1E3785B07D2
:1060700001D5280070BD01210D4E494230680CF059
:1060800093FBE378DB07DD0F002B0AD1E3785B0796
:1060900008D40422E37801251343E37002E00025CD
:1060A000E7E7002530680CF01FFBE2E7382400200A
:1060B0008C24002070B50C0001210F4D4942286846
:1060C0000CF072FB7F2121404B000C49E409C918F8
:1060D00009193031CB780024DB0708D4CB785B0773
:1060E000DC0F002B03DA0422CB789343CB702868B3
:1060F0000CF0FAFA200070BD8C2400203824002017
:1061000070B57F250F4C0D406D0064190600C8095D
:1061100024183034E5780020ED0700D570BD012546
:10612000E0782843E0703000FEF7FCFE0028F5D14F
:106130000122E3789343E370E37803329343E370FF
:10614000ECE7C0463824002070B50A4E0500300048
:1061500008220C00FDF7A8FF00237F21F3602278BE
:10616000B36091425B412800D90100220023FFF770
:10617000C7FF70BDDC230020F8B5CE4647469146E8
:106180002A4E80B50822070030000D009846FDF722
:106190008BFF4B46B3600023F381EC79A97924028D
:1061A0000C43231C444500D943469AB29046B38120
:1061B000002C13D0002A1FD04B46002B34D0131CC8
:1061C000402A1FD89BB2984633787F2B20D80021D5
:1061D000174A43463800FFF793FF09E07F222B78E8
:1061E00038009A42644100230022E101FFF788FF52
:1061F000C0BCB946B046F8BD33787F2B11D9802199
:106200000022E6E740239BB2984633787F2BDED905
:10621000074C424649462000FDF746FF80212200F8
:10622000D7E700210022D4E70020E1E7DC230020AB
:10623000F823002010B5142200210248FDF72EFF9C
:1062400010BDC046DC230020014B18617047C046DA
:10625000DC23002010B5054C010008222000FDF7CA
:1062600023FF0023A360E36010BDC046DC230020B1
:10627000F8B53B4C1D0023780600DA09C9098A42AB
:1062800013D00020002D00D0F8BD364B002B03D0DA
:1062900021003000FEF762FD2369002B44D022006C
:1062A0000221300098470120EEE77F2B06D8A06836
:1062B000002837D02A002C49FDF7F6FEA368E289B2
:1062C00059195219E38892B2E281A160934214D025
:1062D0003F2D12D9A589A81A071C80B240282FD8B3
:1062E0002378BFB27F2B2DD80021AA4235D01E4A79
:1062F0003B003000FFF704FFC6E72369002B05D001
:10630000220001213000984700280FD07F22002171
:10631000237830009A42494100230022C901FFF747
:10632000EFFEB1E70020AFE70120ADE7002130002C
:10633000FEF70AFE30008021FEF706FE0120A3E7EB
:106340004027CDE7AA4207D0074C3A002000FDF7CE
:10635000ABFE80212200CBE780210022C8E7C046A7
:10636000DC2300205D4D0010F823002010B5040050
:10637000FFF708F8002801D1002010BDFFF70AF848
:106380000028F9D1B620800044430348001903795E
:1063900001201840F1E7C04604210020B6239B00ED
:1063A000584310B5024B1030C01800F011FB10BD5F
:1063B00004210020F0B5B625AD0045432C00C646AB
:1063C000174F1034E41900B5200092B200F074FBAE
:1063D0000600200000F014FB3F2803D8300080BCEA
:1063E000B846F0BD7B190020D9789846FFF730FEFB
:1063F0000028F3D0200000F003FB3F280AD99623A1
:106400009B00EA184346D219D97800204023FFF7B1
:1064100077FEE3E743460020D978FFF74BFEDDE740
:1064200004210020F8B50400FEF7ACFF002801D1DC
:106430000020F8BDFEF7AEFF0028F9D1B62080009D
:1064400044432500144E2C35AD19280000F0C0FA45
:106450000028EDD037190020B978FFF7F9FD0028A2
:10646000E6D0A6239B009C466444A4192100280082
:10647000402200F021FBB978051E08D0030022005D
:106480000020FFF73DFE0028D2D02800D1E70020F1
:10649000FFF710FECCE7C0460421002070B5B624FB
:1064A000A4004443094B2C34E418050092B22000A8
:1064B00000F0C0FB0600200000F08AFA3F2801D857
:1064C000300070BD2800FFF7ADFFF9E70421002080
:1064D000B6239B00584310B5024B2C30C01800F077
:1064E0008FFA10BD04210020B622F0B51B4C83B0FA
:1064F000002120009200FDF7D1FDFF236371184BAE
:1065000080260025E3800127082321002000760053
:1065100023733200278148310095073B103000F08B
:106520001BFA2100200049313200FF31012300977E
:106530002C3000F011FA92239B00E6183000FBF794
:1065400041FB94239B00A662E61830006562FBF7CE
:1065500039FB2664656403B0F0BDC0460421002009
:1065600000C2FFFF10B5094C052200212000FDF7F5
:1065700095FD20002C34103000F0DCFB200000F0F2
:10658000D9FB0121200000F0FBFB10BD04210020FD
:10659000F0B54B79060083B0022B02D18B79022B28
:1065A00003D00025280003B0F0BD2F4FBB78002B8F
:1065B000F7D18B7809253B700C780C196378242B64
:1065C0000BD1082A02D80FE0AA420DD32378E41891
:1065D000ED186378ADB2242BF6D0052B20D0042B18
:1065E00002D163790A2B2ED0204C200000F008FA4B
:1065F0003F28D7D92600103E0020F178FFF728FD6C
:106600000028CFD0200000F0FBF93F2816D99223B4
:106610009B00E218F17840230020FFF771FDC1E7ED
:1066200021003000FFF7FCFC0028BAD0A3787B7073
:106630002378ED18E4186378ADB2D0E7F178002044
:10664000FFF738FDAEE70A4B27780193013300933B
:10665000022202233000E119FFF7A2FC0028A0D09B
:106660000E35ED19ADB2BFE7042100201421002042
:1066700006210020F8B560231400127805001340AD
:106680000020202B12D12F4A6379277916781B021C
:106690003B439E420AD16378222B27D007D8202B78
:1066A00017D0212B02D100293DD00120F8BD232B8A
:1066B000FCD100293FD00229F7D1234B002BF4D085
:1066C000E178A37809020020194300E000BF01200F
:1066D000ECE7002927D00229E7D11C4B002BE4D09E
:1066E0000020911DFDF7F2FF0120DFE7002922D0F5
:1066F0000229DAD101252E00A378E4780139240299
:106700001C43147126402C321000714000F038FBFD
:106710000F4B002BC9D06208002031002A4000E056
:1067200000BF0120C2E7072321002800094AFFF724
:1067300023FD0120BAE721002800FFF705FD012015
:10674000B4E7C0460421002000000000CD46001040
:10675000000000000A210020F8B557464E46454685
:10676000DE46E0B5494F8046FA780C001E008A42AA
:1067700064D19AB296239B00FD1810239B46BB441C
:106780002900584600F056FA414BD946002B18D044
:106790007B79D946FF2B14D0002E12D0AA1992462D
:1067A00003E0013555450CD07B792A789A42F8D11F
:1067B000484600F01DF90028F3D1797900E000BFC8
:1067C000EFE7344B002B04D0484600F011F90028C5
:1067D00052D0484600F014F93F2834D84A46103ABF
:1067E0009378A34207D001242000F0BCBB46B246F8
:1067F000A946A046F8BD284B002B02D0002000E09F
:1068000000BF0020FFF70EFE0028ECD1234D28002A
:1068100000F0DEF80028E6D1002EE4D0B306E2D185
:106820002C3D4046A978FFF713FC041EDBD0002363
:1068300000224046A978FFF763FCD5E7BB788B427E
:10684000D9D00024D0E74D46103D0020E978FFF76D
:10685000FFFB002801D1AB78C3E7484600F0D0F831
:106860003F280CD99222920040230020E9784A4424
:10687000FFF746FCAB78B4E700E000BFA9E70020D3
:10688000E978FFF717FCAB78ABE7C046042100209E
:106890000000000000000000000000003021002087
:1068A00010B50020FEF784FD10BDC04610B5FEF700
:1068B00079FD10BD072210B54479037922401202F8
:1068C0001A43C3789B079B0F022B05D0032B15D0CF
:1068D0000020012B08D010BD02291CD0002040232D
:1068E00093424041C0B2F6E702394B4259410D4B49
:1068F0009C46614491424041C0B2ECE702394B42B0
:106900005941F023002049429B00194040319142F7
:106910004041C0B2DFE7044B9C46624453425A41B7
:10692000D0B2D8E7FF03000000FEFFFFF0B5002A59
:1069300011D000247F274D78052D06D13D008E789B
:1069400035406D00F6094519AB550D786419A4B2B0
:106950004919A242EFD8F0BDF0B5C64600B5150002
:1069600006AA1E001378802204000F009846120227
:1069700095422AD84069002803D0012149420BF0F2
:1069800013FFA069002803D0012149420BF00CFF3E
:106990004346A5806D00ADB223726B1EA381002318
:1069A00060696D42E3812760E6806581238200286B
:1069B00001D00BF099FEA0690124002801D00BF052
:1069C00093FE200080BCB846F0BD0024F9E7C04625
:1069D000C189028A8B1A9BB2914202D242899B1AC8
:1069E0009BB28288101C9A4200D9181C80B2704752
:1069F0000300C0891B8AC01A43425841C0B2704785
:106A000010B5C489018A8388621A92B28C4202D27C
:106A10004089121A92B2981A80B210BD70B5040063
:106A200080690E00002803D0012149420BF0BCFE12
:106A3000E189228A88B28D1A93B2ADB2914202D214
:106A40006289AD1AADB2A288AA4207D2904225D27D
:106A500061895118411A89B215002182002D02D195
:106A600022E09B1A9BB29A42FBD9E28821685343E9
:106A70003000C918FDF718FB228A0125531C9BB270
:106A80009A4214D9002362899B189BB2A069238281
:106A9000002801D00BF028FE280070BD811AA589BE
:106AA00089B28D42D8D2D3E70025238A9BB2A2892E
:106AB0009A42EBD2E7E7C046F0B54F464646D64687
:106AC0000500806988469146C0B5002803D00121A1
:106AD00049420BF069FEEA892B8A91B2D61A9CB220
:106AE000B6B29A4202D26B89F61AB6B2AF88B742F2
:106AF00009D2B94254D26B89FB18CB1A9BB23E0023
:106B00002B822C8AA4B2002E50D04B46B14545D8DA
:106B10009EB2A74203D8E41BA4B2A742FBD9EB88DC
:106B2000381B190099462B6861439C4680B261442A
:106B3000864225D94B46584383B21A0040469A46AE
:106B4000FDF7B2FA4B464046F71BE4195C4329684F
:106B5000A2B25044FDF7A8FA2A8A93199BB29A422E
:106B600018D96A899B189BB2A8692B82002801D08A
:106B70000BF0BAFD3000E0BCBA46B146A846F0BD05
:106B80004A4640467243FDF78FFA2A8A93199BB210
:106B90009A42E6D8AA899A42E6D2E2E7331CB7E7DE
:106BA000CB1BAA899BB29A42A9D2A4E72B8AAA89B5
:106BB0009BB29A42D8D2D4E7F8B5040040690E00DF
:106BC000002803D0012149420BF0EEFDE289218A21
:106BD00095B2531A9BB2914202D962899B1A9BB219
:106BE000A2889A4221D02B00954203D39B1A9BB2D4
:106BF0009A42FBD9E28821685343C8183100FDF757
:106C000053FA6B1C9BB29D420BD962899B189BB2B5
:106C100060690127E381002801D00BF065FD380091
:106C2000F8BDA2899A42F3D2EFE7277A002FDAD192
:106C3000F5E7C046F8B545464E46DE465746884617
:106C4000E0B50500161E5AD04069002803D0012186
:106C500049420BF0A9FDEF892B7A298ABFB289B28C
:106C6000002B3BD17A1AAB8892B28F4202D269894B
:106C7000521A92B29A1A111C92B2B24253D8EA88AE
:106C80008EB29246F21A92B291463C009F4203D3D2
:106C9000E41AA4B29C42FBD250462A686043944650
:106CA0001B1B9BB2524660449E422AD84146724307
:106CB000FDF7FAF9F3199BB29F421CD8AA899A42B0
:106CC00019D36869EB81002801D00BF00DFD30006D
:106CD000F0BCBB46B246A946A046F8BDEA88AB88E0
:106CE00092469E4221D3F61A56430022B0440F002A
:106CF0001E009146C9E76A899B189BB2E1E700260E
:106D0000E5E753439BB21A0041469B46FDF7CCF999
:106D10002200534641464A445A43286892B2594495
:106D2000FDF7C2F9C6E7311CA9E7F21A92B2914603
:106D3000ABE7C04610B504004069002803D001212C
:106D400049420BF031FDA069002803D001214942DE
:106D50000BF02AFD0023E3812382A38860695B0096
:106D60009BB25A1E5B42A2816381002801D00BF0C6
:106D7000BBFCA069002801D00BF0B6FC012010BDBF
:106D800070B5040040690D00002803D0012149427C
:106D90000BF00AFDA069002803D0012149420BF045
:106DA00003FD60692572002801D00BF09DFCA069ED
:106DB000002801D00BF098FC012070BD10B50248EE
:106DC00000F0D8F810BDC046282B002030B54B1E6F
:106DD000012900D1A7E0664A11780D112C0030344A
:106DE0009F2900D9A2E00470012B00D1BEE00F2141
:106DF000147821400C003034092900DD98E04470FB
:106E0000022B00D1B2E054782511290030319F2C9B
:106E100000D990E08170032B00D1A7E00F21214021
:106E20000C003034092900DD87E0C470042B00D148
:106E30009CE094782511290030319F2C00D97FE007
:106E40000171052B00D191E00F2121400C0030345D
:106E5000092900DD76E04471062B00D186E0D47864
:106E60002511290030319F2C00D96EE08171072B4C
:106E700000D17BE00F2121400C003034092966DC71
:106E8000C471082B00D171E014792511290030312B
:106E90009F2C5FD80172092B68D00F2121400C0074
:106EA0003034092958DC44720A2B5FD054792511FB
:106EB000290030319F2C52D881720B2B56D00F21D4
:106EC00021400C00303409294BDCC4720C2B4DD00E
:106ED00094792511290030319F2C00D90731017395
:106EE0000D2B43D00F2121400C003034092901DD46
:106EF00037310C0044730E2B38D0D1790C1122009D
:106F000030329F2900D9073282730F2B2ED00F22E7
:106F10000A4011003731092A01DC30321100C173F7
:106F2000102B23D010300023037030BD07345AE7F4
:106F300037310C0063E707316CE737310C0074E739
:106F400007317DE737310C0085E707318EE73731B0
:106F50000C0095E707319DE737310C00A3E70731B7
:106F6000AAE737310C00C4720C2BB1D1C018DAE794
:106F7000282B002030B5002589B00400092200210B
:106F800001A80095FDF78AF80922002105A80495BB
:106F9000FDF784F84B236A466846137004A90D2256
:106FA0000BF09AFB1521082220006944FDF77CF8BC
:106FB00009B030BDF8B557468246384B4546534474
:106FC0005A425341802292029446DE464E465B422C
:106FD0001B0C334A1B046344E0B51360314A0D00B7
:106FE0003149136018008A6890438146FAD106201F
:106FF000FBF726F8804680200221EF0D6E02AB0DD4
:10700000AA02400005E0904507D392197B418142D6
:107010003FD00C000231002BF5D0802627023F1B09
:10702000760002E03F1B012E35D039004046B346C2
:10703000013EFCF727FC8542F4D2594633029946BB
:10704000614353464A461C611B6850465340FF2229
:10705000120213408022520102431360036807208A
:107060005840CF23034013605246802303209B01E6
:1070700024321A4310605246101D18430223036045
:107080004046FCF7FFFBF0BCBB46B246A946A04613
:10709000F8BD0C00C1E72100D3E7C0460040FCBFAB
:1070A00000E0004000F0004000C0004000207047B9
:1070B0007047C046F0B5CE46474680B583B06B46B4
:1070C000591D13230B700D3B6B44994601254A460D
:1070D000002313702B00C268D02793403F06BB618A
:1070E0000C4B04000122180098460BF065FB6B4620
:1070F000DE1D32000123494640460BF06DFBE3687C
:107100009D407D613078E369C01A03B0C0BCB946C8
:10711000B046F0BD00C00340F0B5C64600B50368F8
:107120002A4A1B69040082B093424AD16B46591D1A
:1071300013230B700D3B6B449846012500234246F8
:1071400013702B00C268D02793403F060122BB6119
:107150001F480BF031FB6B46DE1D32000123414618
:107160001B480BF039FBE3689D407D613078E36993
:10717000C01A002827D0E36906220133E3616B4679
:107180000125591D00236A440B7013702B00904693
:10719000E268D02793403F060122BB610C480BF008
:1071A0000BFB6B46DE1D32000123414608480BF005
:1071B00013FBE3689D407D61307802B080BCB84627
:1071C000F0BD9847D5E701204042F6E7B5700010C2
:1071D00000C00340F0B5DE4657464E464546E0B592
:1071E00085B002AB5F1D22233B7002AB9E1D0125C3
:1071F000002333702B000C00C16800928B40D0211B
:1072000009068B6181469346884601223900314840
:107210000BF0D2FA02AA9446072363449A4631003F
:10722000012352462B480BF0D7FA4B46DB68414608
:107230009D404D615146DC4609782A008C446046E9
:107240000190FF2803D9FF20411A00910190009975
:1072500000291FD001228B469046A3442278D025D6
:107260003270424680219A402D0639701948390003
:10727000AA6101220BF0A0FA012352463100154801
:107280000BF0AAFA4B464246DB6801349A406A6129
:107290005C45E3D1A223D0243B70019B24063370CC
:1072A0003900A2610B4801220BF086FA52460123F5
:1072B000310008480BF090FA4B46DA6801239340FE
:1072C0000098636105B0F0BCBB46B246A946A04633
:1072D000F0BDC04600C00340F0B5C64600B5036827
:1072E000434A1B69040082B0934200D07AE06B46A7
:1072F000591D13230B700D3B6B4498460125002349
:10730000424613702B00C268D02793403F060122EB
:10731000BB6138480BF050FA6B46DE1D320001238A
:10732000414634480BF058FAE3689D407D6130785F
:10733000E369C01A002857D001266A460D230027AA
:10734000537133009771E268D02593402D06AB61ED
:107350006B460122591D27480BF02EFA6A466946F2
:1073600001230732063123480BF036FA3300E26876
:10737000204893406A466B61D27990466A465771BD
:107380009771AB616B460122591D0BF015FA6A46E5
:10739000694601230732063116480BF01DFA330007
:1073A000E268694693406A466B61D7798D224A71DB
:1073B0006A4641469171AB616B460122591D0D48E9
:1073C0000BF0FAF96A46694601230A48073206318A
:1073D0000BF002FAE36838009E406E6102B080BC98
:1073E000B846F0BD9847A5E701204042F6E7C04601
:1073F000B570001000C00340F0B5CE46474680B5DA
:1074000085B06B46D9710368374A5B6804009342C4
:1074100063D16A462223537300239373C2680133F6
:1074200099469340D022120693610D236B441900B4
:1074300090460F2701222D480BF0BEF90E216F4414
:1074400001233A00294869440BF0C6F94B46E2682B
:1074500000269340424653613D78FF2D1ED1694678
:107460008D73D025A2222D064A73AB610D236B4488
:10747000190001221D480BF09FF90E2101233A004B
:107480001A4869440BF0A8F90123E26893406B6144
:10749000300005B0C0BCB946B046F0BD6A4668468B
:1074A000D279802182734246417393610D236B44EC
:1074B000190001220D480BF07FF90E2101233A003B
:1074C0000A4869440BF088F94B46E268013593405D
:1074D00042464E465361EDB2C1E76946012207318B
:1074E00098470600D4E7C046D571001000C003409D
:1074F000F0B54E46DE4645465746E0B50126040047
:1075000085B0C0688946F9F791F83300E268D02564
:10751000934020692D066B626B61431C0FD0F9F715
:1075200085F8330022690A2093406B62AB61F9F75A
:1075300071FF23690A209E406E61F9F76BFFB54920
:10754000B548FFF737FD01211020F9F757F8012161
:107550001220F9F753F801211320F9F74FF808200A
:10756000F9F764F8D02580232D065B006B626B6110
:1075700002AB5F1D42233B7002AB9E1D0023E268FD
:10758000337001339846934039000122AB61A24821
:107590000BF012F902AA0123310007329E480BF0CA
:1075A0001BF94346E2680021934002AA6B61D2793D
:1075B0008A46122A07D0504605B0F0BCBB46B246F8
:1075C000A946A046F0BD6F323A709346013A327038
:1075D0003900AB617F3A90480BF0EEF802AA012324
:1075E000310007328C480BF0F7F84346E2689340CD
:1075F0004A46D1170193C9046B61530BA261194329
:10760000D0040023854AFCF77FF986233B70030CE6
:107610003370019B814601223900AB617E480BF03B
:10762000CBF802AA0123310007327B480BF0D4F8D3
:107630004346E2683900934087226B613A704A46BC
:10764000120A327074480122AB610BF0B5F802AA3D
:1076500001233100073270480BF0BEF84346E26860
:107660003900934088226B613A704A466A4832700A
:107670000122AB610BF0A0F802AA0123310007320E
:1076800065480BF0A9F84346E268390093408E2222
:107690006B613A705246604832704246AB610BF003
:1076A0008BF802AA0123310007325B480BF094F8F3
:1076B0004346E268390093408F226B6191463A70ED
:1076C0005246554832704246AB610BF075F802AA3B
:1076D00001233100073250480BF07EF84346E26840
:1076E000390093400C226B613A7052464A4832701E
:1076F0004246AB610BF060F802AA01233100073269
:1077000045480BF069F84246E3688C219A406A616B
:107710003970032102ABDB793F480B4333703900EA
:10772000AA6101220BF048F802AA012331000732B6
:1077300039480BF051F84346E26839009340A622DD
:107740006B613A70A23A32703348AB61033A0BF086
:1077500033F802AA0123310007322F480BF03CF81E
:107760004346E26839009340CD226B613A70493A52
:1077700032702948AB61833A0BF01EF802AA01234C
:107780003100073224480BF027F84346E2683900FD
:1077900093408B226B613A70603A32701E48AB6145
:1077A0002A3A0BF009F802AA0123310007321A48DD
:1077B0000BF012F84346E2683900934089226B616E
:1077C0003A704A4614483270AB618E3A0AF0F4FFC0
:1077D00002AA0123310007320F480AF0FDFF434699
:1077E000E268390093405A466B610B483A70327038
:1077F000AB61803A0AF0E0FF02AA012307323100B0
:1078000005480AF0E9FF4246E3689A4001236A61AD
:107810009A46D0E6D430000000C003400048E8019A
:10782000F0B5D6464F464646C0B582B06B460127F6
:107830005D1D9C1D002323709A463B00C268060014
:107840009340D022120690462F70894693612900FA
:10785000012277480AF0B0FF6A460123073221006F
:1078600073480AF0B9FF3A00F3689A4043465A61F8
:107870006B46DB79DB439B0700D1B9E012232B7009
:1078800053462370434629009A61694801220AF051
:1078900093FF6A4601232100073265480AF09CFFE6
:1078A0003B00F2689340424653616A46D179082210
:1078B0000A4200D085E081222A702270D02212066E
:1078C000936190462900012259480AF075FF6A46E3
:1078D000012701230732210055480AF07DFF3B00B4
:1078E000F2689340424653614A46002A00D181E043
:1078F0001D222A70002222704246290037624C481D
:10790000936101220AF058FF6A46012321000732E1
:1079100047480AF061FF3A00F3689D219A404346C8
:107920005A616B4629700121DB790B432370434672
:1079300029009A613E4801220AF03EFF6A4601236F
:10794000210007323A480AF047FFF36801229F40BE
:1079500043465F618D232B70002323709946D0230B
:107960001B069F612900324898460AF025FF6A46A7
:1079700001270123210007322D480AF02DFF3B008B
:10798000F2682900934042465361A2222A704A4677
:10799000227042462648936101220AF00DFF6A4692
:1079A00001232100224807320AF016FFF368012064
:1079B0009F4043465F6102B0E0BCBA46B146A8466C
:1079C000F0BD227092214246297019489361290026
:1079D00001220AF0F1FE6A46012307322100144811
:1079E0000AF0FAFE3B00F26893404246536162E7B8
:1079F0000020E0E732621D222A704A462270424689
:107A0000290093610A4801220AF0D6FE6A46012342
:107A10002100073206480AF0DFFE3A00F3689D2194
:107A20009A4043465A616B46DB792970BB437DE738
:107A300000C00340F0B5D6464F464646C0B50400E8
:107A400082B000293DD0836A002B00D19BE06B46B9
:107A50005F1DC0233B706B4601259E1D4023337084
:107A60002B00C26839009340D022120693619146E0
:107A70004A4801220AF0A0FE07236B4498463100D1
:107A80000123424645480AF0A7FE2B00E2689340D6
:107A90004A4653618122D0253A702D060232327057
:107AA0003900AB61823A3D480AF086FE0123424626
:107AB00031003A480AF090FE0123E26893406B617E
:107AC0005AE06B465F1D81233B706B4601259E1D6E
:107AD000832333702B00C26839009340D0221206F2
:107AE000914693612D4801220AF066FE07236B44FC
:107AF000984631000123424628480AF06DFEE368AB
:107B00004A469D40556112229246113A914603E041
:107B10000020F9F77FFCE36852463A700022327089
:107B20004A46D0259A402D063900AA611B480122F9
:107B30000AF042FE01234246310018480AF04CFE8A
:107B40004B46E268934042466B61117808220A4234
:107B5000DED092213270397001223900AB610F48BA
:107B60000AF02AFE0123424631000C480AF034FE96
:107B70004A46E3689A406A61012002B0E0BCBA4616
:107B8000B146A846F0BD0123C26893406A46571D1E
:107B9000961D07226A4490467CE7C04600C0034019
:107BA000F0B5DE46454657464E46E0B583B06B46D7
:107BB0005D1D12232B706B4601279C1D0023237033
:107BC0009B463B00C26806009340D0221206936198
:107BD0008A46904629000122B5480AF0EDFD6A4622
:107BE000012307322100B2480AF0F6FD3B00F2689B
:107BF0009340424653616A46D27991465246002AE2
:107C000000DC33E11D222A705A46227042462900C8
:107C10003762A748936101220AF0CEFD6A4601232C
:107C200021000732A2480AF0D7FD3A00F3689D21EF
:107C30009A4043465A616B4629700121DB799C4882
:107C40000B432370434629009A6101220AF0B4FDD8
:107C50006A4601230732210095480AF0BDFD3B002A
:107C6000F268934042465361A2222A705246227023
:107C700042469361012229008D480AF09DFD6A4623
:107C80000123210007328A480AF0A6FDF368012289
:107C90009F4043465F6192232B709A464B46237068
:107CA000D0231B069F612900814898460AF084FD75
:107CB0006A4601270123210007327D480AF08CFD26
:107CC0003B00F268290093404246536152462A70B5
:107CD0004A46227042467648936101220AF06CFDC2
:107CE0006A4601232100073271480AF075FD3A0007
:107CF000F36849469A4043465A6160230B40402B43
:107D00006BD10021336AF161002B62D11321237002
:107D10002970434629009A61654801220AF04CFD0A
:107D20006A4601232100073261480AF055FD3B00F5
:107D3000F268D0279340424653616A46D2793F06A3
:107D4000914610222A700022290022705848BB61F7
:107D500001320AF031FD6A460123210007325448FE
:107D60000AF03AFD0123F268984693406A468D2155
:107D70007B61D2792970227029000122BB614C48B5
:107D80000AF01AFD6A4601232100073248480AF02A
:107D900023FD4346F2682900934081227B614448D9
:107DA0002A702270BB61803A0AF006FD6A46012300
:107DB000073221003E480AF00FFD4246F3689A4020
:107DC0007A61484603B0F0BCBB46B246A946A0461D
:107DD000F0BD222321702B709BE7002323704346C4
:107DE00029002F7032489A6101220AF0E5FC6A46A8
:107DF0000123210007322E480AF0EEFC3B00F26816
:107E000000219340424653616A46D2798946862AC8
:107E1000D7D08D222A7042462170254893612900CF
:107E200001220AF0C9FC6A460123210007322048DA
:107E30000AF0D2FC3B00F2682900934042465361AD
:107E400081222A700532227042461948936101222C
:107E50000AF0B2FC6A4601232100154807320AF0F5
:107E6000BBFCF3689F4043465F61AAE75A46326213
:107E70001D222A705A4622704246290093610C48FE
:107E800001220AF099FC6A460123210007320848C2
:107E90000AF0A2FC3A00F3689D219A4043465A61D9
:107EA0006B46DB792970BB43237043469A61E1E658
:107EB00000C00340F0B5C64600B582B06B46591D00
:107EC0001A230B70143B6B4498460125002342464D
:107ED00013702B00C268D02793403F060400012294
:107EE000BB610D480AF068FC6B46DE1D32000123C1
:107EF000414609480AF070FCE368084A9D407D61EC
:107F0000A169A4233078914200DD073BC01A02B07A
:107F100080BCB846F0BDC04600C003403FDD4A1FEC
:107F2000F0B5CE46474680B583B06B46591D192340
:107F30000B70133B6B44994601244A46002313708F
:107F40002300C268D02793403F06BB61104B050059
:107F50000122180098460AF02FFC6B46DE1D320005
:107F60004946012340460AF037FCEB6800209C405C
:107F70007C613056FBF75AFF0022064BFBF7E9FE07
:107F8000FBF798FF03B0C0BCB946B046F0BDC04691
:107F900000C003400000D03FF0B54546DE465746DE
:107FA0004E46E0B583B06B465D1D1D232B706B46BE
:107FB00001279C1D002323703B00C26806009340EC
:107FC000D0221206936190462900012243480AF00C
:107FD000F3FB6A4601230732210040480AF0FCFB0C
:107FE000F3689F4043465F616B46DB791A099F2B1C
:107FF0006DD83B4B9200D3589A461E232B7000231A
:1080000099462370D0231B069F6101222900334823
:1080100098460AF0D1FB6A46012701232100073266
:108020002E480AF0D9FB3B00F268290093404246F3
:1080300053616A46D2792948934626222A704A46D5
:1080400022704246936101220AF0B6FB6A46012380
:108050002100073221480AF0BFFB3B00F2683900DB
:108060009340994643464A465A616B46DB795046EF
:1080700098465B461B099940FBF7DCFB0100FA20A0
:108080008000FBF7D7FB08234246102823DD1A4364
:108090001300D0272370A6224B463F062A702900E2
:1080A000BB61A53A0D480AF087FB6A46012321000F
:1080B00007320A480AF090FB0123F26893407B6183
:1080C00003B0F0BCBB46B246A946A046F0BD0123B2
:1080D0005B429A4691E79A431300DAE700C00340F7
:1080E000742E0110F0B54646D6464F46C0B5060080
:1080F00082B0052900DC7EE00C2900DD78E006294D
:1081000000D178E009014DB205236B449846B123B4
:10811000424613706B4601249F1DC3233B7023000E
:10812000F26841469340D0221206924693614E482F
:1081300001220AF041FB07236B44994639000123D1
:108140004A4649480AF048FB2300F26841469340FA
:1081500052465361B7220A70AD3A3A7052464248CD
:10816000936101220AF028FB01234A4639003E4868
:108170000AF032FB2300F2689340524653614146B5
:108180001E22D0240A70002224063A703648A361C9
:1081900001320AF011FB4A463900012332480AF045
:1081A0001BFB0123F2689A4693404A4640469E21B3
:1081B0006361127801708F391140294339700122AF
:1081C0004146A36128480AF0F7FA4A4639000123DC
:1081D00025480AF001FB5346F26830009340636182
:1081E000FFF7DAFE02B0E0BCBA46B146A846F0BDE1
:1081F00040256D4288E705236B449846B1234246EB
:1082000013706B4601249F1DC5233B702300F26849
:10821000D02593402D06AB610122414612480AF059
:10822000CBFA07236B449946390001234A460E488E
:108230000AF0D2FA2300F26841469340B7226B61FC
:108240000A70AB3A3A700848AB610B3A0AF0B4FADC
:1082500001234A46390004480AF0BEFA2300F268B6
:1082600093406B6160258AE700C00340C1600261F2
:108270004361704709490A4B0831196009490022D6
:1082800099600821D9600131196102395A60596138
:108290009A61DA611A625A629A6270479C2E0110E2
:1082A0006420002000C00340F8B505000F00161E32
:1082B0000CD0002402E00134A64207D02B6828002D
:1082C000395D1B6898470028F5D126003000F8BDBD
:1082D000F8B503680E4A5C6805000F684E68944262
:1082E00010D1002E0CD0002403E00134A64207D0A8
:1082F0002B682800395D1B6898470028F5D12600B7
:108300003000F8BD32003900A0470600F8E7C0464B
:10831000A982001010B503681B68984710BDC046BD
:10832000F8B54746CE46050080B50F1E1DD006683D
:10833000080009F0E5FB7468104B814680469C42BA
:1083400016D100280CD0002403E00134A04507D04A
:108350002E682800395D336898470028F5D1A1467A
:108360004846C0BCB946B046F8BD00239946F7E779
:10837000020039002800A0478146F1E7A9820010D9
:10838000036870B50B4A5D68040095420DD10D215C
:108390001B689847002807D023680A211B68200023
:1083A0009847431E9841013070BD02220249A847F8
:1083B000FAE7C046A9820010D42E0110F0B5D646C7
:1083C0004F464646C0B50668050073680F1E9A46BC
:1083D00035D0080009F094FB1E4B804699469A451B
:1083E00031D10024002804D10CE001342E68A045CE
:1083F00006D02800395D336898470028F5D12E68EB
:1084000073689A46CA4514D10D21280033689847ED
:10841000002808D02B680A211B6828009847431EB3
:1084200098410019441C2000E0BCBA46B146A84659
:10843000F0BD022228000849D0472418F3E7054B75
:1084400000249946DEE7020039002800D0472E6854
:108450000400D5E7A9820010D42E011070B50400E5
:1084600003681B68984723680D4A5E6805009642BA
:1084700010D10D2120001B689847002808D02368E0
:108480000A211B6820009847431E98414019451C4B
:10849000280070BD022220000249B0472D18F7E7DE
:1084A000A9820010D42E0110F0B54746CE460D002B
:1084B0002023002180B58BB0160001AA0700D154FB
:1084C000012E35D909AC05E03033DBB2013C237015
:1084D00096420ED828003100FBF7D4F92A00CBB21F
:1084E00005000929F0D93733DBB2013C23709642ED
:1084F000F0D9200009F004FB3E68114B75688046F6
:1085000081469D4216D100280CD0002503E001359C
:10851000A94507D03E683800615D33689847002858
:10852000F5D1A84640460BB0C0BCB946B046F0BD38
:108530000A26C7E7020021003800A8478046F1E775
:10854000A982001070B505000C00002A04D1036850
:10855000C9B21B68984770BD0A2A0DD100290FDAED
:1085600003682D211B6898470A22060061422800F3
:10857000FFF79AFF8019EEE7D2B2FFF795FFEAE71F
:108580000A22FFF791FFE6E770B50400FFF7DAFF74
:1085900023680E4A5E680500964210D10D21200026
:1085A0001B689847002808D023680A211B68200010
:1085B0009847431E98414019451C280070BD02226F
:1085C00020000349B0472D18F7E7C046A9820010E4
:1085D000D42E011070B50400FFF7B4FF23680E4AD3
:1085E0005E680500964210D10D2120001B68984757
:1085F000002808D023680A211B6820009847431EE2
:1086000098414019451C280070BD022220000349F2
:10861000B0472D18F7E7C046A9820010D42E0110EC
:1086200010B5002A04D10368C9B21B68984710BD71
:10863000D2B2FFF739FFFAE710B5002A04D1036878
:10864000C9B21B68984710BDD2B2FFF72DFFFAE7F9
:1086500010B5002A03D103681B68984710BDD2B239
:10866000FFF722FFFAE7C04670B50400002A1AD1CE
:108670000368C9B21B6898472368124A5E68050000
:10868000964219D10D2120001B689847002808D078
:1086900023680A211B6820009847431E984140190F
:1086A000451C280070BDD2B2FFF7FEFE2368054AC4
:1086B0005E6805009642E5D0022220000249B047DC
:1086C0002D18EEE7A9820010D42E011070B5040019
:1086D000002A1AD10368C9B21B6898472368124A56
:1086E0005E680500964219D10D2120001B6898474D
:1086F000002808D023680A211B6820009847431EE1
:1087000098414019451C280070BDD2B2FFF7CCFE3D
:108710002368054A5E6805009642E5D002222000E3
:108720000249B0472D18EEE7A9820010D42E01109F
:1087300070B50400002A19D103681B6898472368A4
:10874000124A5E680500964219D10D2120001B686F
:108750009847002808D023680A211B682000984702
:10876000431E98414019451C280070BDD2B2FFF746
:108770009BFE2368054A5E6805009642E5D002220A
:1087800020000349B0472D18EEE7C046A98200102B
:10879000D42E011070B506000C00002A04D1036825
:1087A000C9B21B68984770BD0A2A0DD100290FDA9B
:1087B00003682D211B6898470A220500614230009A
:1087C000FFF772FE2818EEE7D2B2FFF76DFEEAE778
:1087D0000A22FFF769FEE6E7F0B5DE464E4645465B
:1087E0005746E0B595B099461EAB1B788346984630
:1087F0000192012B00D87BE0190046481F009CB273
:10880000FBF718F880B201230022634301329BB2C8
:10881000D2B28342F9D39A464B460292002B6DD0D6
:108820000024019D5246002328004946FBF76CF8BE
:1088300083B21A00039353465343ED1A029B8946B1
:108840000190ADB2002B11D01E19F6B239002800EC
:10885000FAF7F0FF41462B00220085B2484301346D
:10886000181AE4B204AB9854B442EFD14B46002B33
:10887000D7D1019B5345D4D8039B002B11D046463A
:10888000039D39002800FAF7D5FF01002B002200D4
:10889000714301345B1A04A985B2E4B28B540028F9
:1088A000EFD1002C1CD0661E04AB35009C465F4601
:1088B000654408E030313800C9B2F6B29847013D4E
:1088C000002E0DD0013E3B6829781B680929F1D99B
:1088D00037313800C9B2F6B29847013D002EF1D1C8
:1088E000200015B0F0BCBB46B246A946A046F0BD7C
:1088F0000A230A240A279846074884E7019B534520
:1089000000D98DE76B469B8800240393002BB6D1DA
:10891000E6E7C046FFFF000099190000F0B583B0FC
:108920001D00089B06001400002B05D10368D1B27E
:108930001B68984703B0F0BD0A2B10D1002D0FDA49
:1089400003682D211B68984708990700002362429D
:10895000AB4130000091FFF73FFF3818EAE7DBB288
:10896000009322002B003000FFF736FFE2E7C046FD
:1089700000B583B00499002905D10368D1B21B6802
:10898000984703B000BDC9B20091FFF725FFF8E793
:1089900070B582B00699040000291BD10368D1B2DA
:1089A0001B6898472368134A5E68050096421BD1EE
:1089B0000D2120001B689847002808D023680A2151
:1089C0001B6820009847431E98414019451C280009
:1089D00002B070BDC9B20091FFF7FEFE2368054AE0
:1089E0005E6805009642E3D0022220000249B047AB
:1089F0002D18ECE7A9820010D42E0110F0B583B039
:108A00001F00089B04001600002B1BD10368D1B285
:108A10001B689847050023681D4A5E68964228D166
:108A20000D2120001B689847002808D023680A21E0
:108A30001B6820009847431E98414019451C280098
:108A400003B0F0BD0A2B1AD1002F19DA03682D21CB
:108A50001B689847089900237242BB4105000091AA
:108A60002000FFF7B9FE2368094A5E682D18964278
:108A7000D6D0022220000749B0472D18DFE7DBB22D
:108A8000009332003B002000FFF7A6FE0500C2E77E
:108A9000A9820010D42E0110F8B54746CE4680B505
:108AA0001D00089B80461700002B01DA0223089363
:108AB0003A002B0038002900FBF7A5F9002800D068
:108AC000FCE001226C006408380021008C4B52420B
:108AD000FBF799F9002809D1012238002100884BC1
:108AE0005242FBF77BF9002800D196E0E0223800E3
:108AF0002900844B1206FBF781F9002800D077E0AB
:108B0000E02238002900804B1206FBF761F90028AB
:108B100000D0B8E00022002338002900FBF758F904
:108B20000024002800D08DE0089B002B00D19BE0A2
:108B3000002600207549764B0022FBF7F0F801363D
:108B4000089BF6B29E42F6DB02000B0038002900BB
:108B5000FBF7E0F80F000600FBF7A4F98146FBF7EE
:108B600061F90B00020039003000FBF7CEF80A2251
:108B700006000F0040464946FFF796FC43461B6837
:108B800004195A689146634A914500D0B2E01B68C7
:108B90002E2140469847431E9841089B0419994648
:108BA0005B4B002230003900FBF7D3F80F000600C2
:108BB000FBF778F90A22010005004046FFF774FC34
:108BC00024182800FBF72EF90B00020039003000B2
:108BD000FBF79BF801235B429C46E1444B460600B1
:108BE0000F00002BDCD12000C0BCB946B046F8BD58
:108BF00043461B68474A5C6894422FD10024464D87
:108C000004E00134032CEED043461B684046295D46
:108C10001B6898470028F4D1E5E743461B683D4AA6
:108C20005C68944244D100243C4D04E00134032CA0
:108C3000D9D043461B684046295D1B6898470028E9
:108C4000F4D1D0E743461B682D211B684046984766
:108C500080231B069C460400654465E703224046CA
:108C60002D49A0470400BEE70022284B3800290008
:108C7000FBF750F8FBF716F90A2201004046FFF710
:108C800013FC2418AFE743461B68224A5C689442F1
:108C9000E4D10024204D04E00134032CA3D043464A
:108CA0001B684046295D1B6898470028F4D19AE765
:108CB000032240461949A047040094E743461B6835
:108CC000144A5C6894420FD10024154D05E001342C
:108CD000032C00D187E743461B684046295D1B688B
:108CE00098470028F3D17EE7032240460C49A0476D
:108CF000040078E7012240460A49C8474DE7C046CC
:108D0000FFFFEF7FFFFFEF41FFFFEFC10000E03FFC
:108D100000002440A9820010DC2E0110D82E011082
:108D2000AC290110D449011000B583B00499009119
:108D3000FFF7B2FE03B000BD70B5040082B0069923
:108D40000091FFF7A9FE23680E4A5E68050096426F
:108D500011D10D2120001B689847002808D02368F6
:108D60000A211B6820009847431E98414019451C62
:108D7000280002B070BD022220000349B0472D1820
:108D8000F6E7C046A9820010D42E0110002330B5AA
:108D90001400102285B0009301930393036802929C
:108DA0009D6922686B46A8476B461A790623002006
:108DB0001340062B02D1009B0130236005B030BD6B
:108DC000009B981A431E9841042340429843063062
:108DD0007047C04610B50400034B0833036000F031
:108DE00069FD200010BDC046102F011010B5040011
:108DF000054B0833036000F05DFD2000082100F002
:108E000045F8200010BDC046102F011070B51600A7
:108E10001D00069A049B040093420ED029002000F6
:108E200000F04CFD002806D0079B049A1E711A60C2
:108E30000123079A9371002070BD059900F03EFD53
:108E40000028EBD0079B5E71F5E7C04670B51500B2
:108E50001C0000F033FD002804D00823E360023B2F
:108E60002560237170BDC046F8B505000C001700E1
:108E70001E0000F023FD002807D1032E05D823682B
:108E80003A00290020005B699847F8BD10B507F04B
:108E900081FA10BD1EB400F093F81EBC09F06CFC02
:108EA000F0B5C64600B51E0003780C0082B0472B13
:108EB0001DD00023284D01932B6828009B689847FC
:108EC0000127002803D0019B01371B680193236809
:108ED00029001B692000984601AA0123C0470028E9
:108EE00024D10027380002B080BCB846F0BD4378DA
:108EF0004E2BDED18378552BDBD1C378432BD8D1D1
:108F00000379462B1CD00379432BD2D143792B2BE9
:108F1000CFD183792B2BCCD1C379012BC9D808D0E1
:108F200003005830203B1D680190C5E7019B33606A
:108F3000D8E7203800680300783B1D680190BBE744
:108F400043794F2BDFD18379522BDCD1C379002BAE
:108F5000D9D1024D0193AFE7582F0110502F0110C6
:108F600010B5040000F078F823002278203B472A4F
:108F700005D08268002A20D18360012010BD62786C
:108F80004E2AF6D1A278552AF3D1E278432AF0D1BD
:108F90002279432AEDD162792B2AEAD1A2792B2AB0
:108FA000E7D1E279012AE4D8DA690132DA61012AEB
:108FB000E3D182689A618360DFE700F0C3FBC046BB
:108FC00010B500F049F88368002B2ED020229A5C5F
:108FD000472A04D0002282602033180010BD263AB0
:108FE0009A5C4E2AF6D12C3A9A5C552AF2D1323A42
:108FF0009A5C432AEED11F3A9A5C432AEAD11E3A80
:109000009A5C2B2AE6D1053A9A5C2B2AE2D1043AE3
:109010009A5C012ADED8DA69013ADA61002ADBD1EA
:109020009A69826000229A61D6E700F08BFBC04605
:109030007047C0467047C046004870473C2F01103B
:1090400010B504000421FFF721FF200010BDC04629
:109050000048704790200020004870479020002072
:10906000F8B5DE46454657464E468B46E0B5050008
:10907000502825D00F2028400C2800D976E03C4C01
:10908000800020588746507816780002947806436E
:10909000D0782404000634430443101D002C08D06B
:1090A00070262E40102E00D193466DB25C44002DE8
:1090B0000CDB1C60F0BCBB46B246A946A046F8BD1E
:1090C000032103328A43100010C8F2E72468F0E756
:1090D00050781678000294780643D078240400066D
:1090E0003443044310000830D8E754781078240241
:1090F0000443901CD2E754781678240234432404A5
:109100002414901CCAE77F2190460024002789463A
:1091100046463178701C4E460E40BE4034434EB237
:1091200080460737002EF3DB1F2FB7D84906B5D589
:109130000126BE4076423443B2E7002188467F31A3
:109140001700002489463E00317801378A46494697
:10915000564631404646B1400C4307218C465146A5
:109160004EB23800E044002EEDDB97E707F0CAFC72
:10917000F02F0110020010B50800FF2A15D070234F
:109180001340302B17D004D8202B07D109F09CFABC
:1091900003E0402B0BD109F017FB10BD202B02D8A8
:1091A0006023134201D007F0ADFC0020F5E700205A
:1091B000502BF2D0F7E709F0CFFAEEE7F8B505004B
:1091C0000E0014000020002D02D0280009F0FCFA47
:1091D0002060771C3678FF2E29D160603B78781CA0
:1091E0002375FF2B33D01023002500217F26237504
:1091F0003200037801301A408A405BB215430731D0
:10920000002BF5DB4519E560002500227F26037859
:1092100001306375310003780130194091405BB231
:109220000D430732002BF5DB45192561F8BD2900F8
:109230003000FFF79FFF3A000100231D3000FFF7C9
:109240000FFF07003B78781C2375FF2BCBD1002341
:10925000E360D9E7F0B5DE46454657464E46002363
:10926000E0B593B0089303338B4690460340012B3F
:1092700016D0022B0FD14146584609F055FA092461
:10928000002800D10824200013B0F0BCBB46B24631
:10929000A946A046F0BD002B00D190E007F032FCBB
:1092A00008231A000240034200D19AE002231A4325
:1092B00002920C910CAD00230C2200214046009537
:1092C00009F02AFA404609F0B7FA03900028D2D0F4
:1092D0002A0003994046FFF771FF41460600287DAA
:1092E000FFF748FF0BABA8600F2200939A460021BE
:1092F0000023404609F078FA01220B9B9343013B7F
:1093000099462B699E4263D27F276C7D0021200005
:10931000FFF730FF3200010009AB2000FFF7A0FE8D
:109320006C7D060000212000FFF724FF32000100C1
:109330000AAB2000FFF794FE6C7D060000212000A0
:10934000FFF718FF5346010032002000FFF788FEA8
:109350000024002103003A001B7801301A408A40A3
:109360005BB2060014430731002BF3DB099A2B682C
:10937000944663444B4519D9029BDB072BD5002348
:109380000024049353460D220093002100234046FD
:10939000089D09F029FA5B460B9A9C621A62039AAF
:1093A0000624DA62049A5D621A636CE70A9A9446AC
:1093B00063444B456FD82B698342A6D8DCE703078B
:1093C00000D558E701230CAD02935B460C9372E77E
:1093D000029B1A42D3D10823029A134258D000F0BC
:1093E000B1F90CAD0C6A00230D2200214046009516
:1093F00009F0FAF90C9B9C4202D002230293E4E7A5
:109400005B460C220C93002100234046009509F096
:1094100083F95B461B6B0493002B39D05B469C6A37
:10942000DB6A03930BAB9A460326002C56DB5B46A4
:109430000B9353460022002100934046002309F07D
:109440006BF95346012200210093404600230B9400
:1094500009F062F953460F22002100934046002391
:1094600009F0C2F901230B9A00211340049A4046E7
:1094700013430B9353460F220093002309F04CF93A
:109480000724022E00D0FEE65846FFF769FDFAE6F3
:10949000584607F045F80B9B002B00D1EBE66A68B5
:1094A000944663440493002C37D1002B00D1E2E6AC
:1094B000029BDB0700D5DEE60823029A134200D1A7
:1094C00022E100240226B2E7079B5446AB469846A9
:1094D000B2464D46029BDB0700D553E72A000399AD
:1094E0004046FFF76BFE4146287DFFF743FEE3430E
:1094F000E9689B00A860C9180B68002B05D0002301
:1095000001339A008A58002AFAD15A4693620423FA
:109510000326D0621363516389E72A69631E944668
:10952000049A6344002A00D1A5E6002B00D1E0E0B4
:10953000029908220800104006900A4200D1CDE0AE
:1095400059463F320A7007324A7007328A70123A1F
:10955000CA7003320A7109324A7103328A710022D9
:10956000CA710022059242467F27A946079200242D
:1095700000211A0010783A0002408A400133144357
:1095800042B21D000731002AF3DB1F2906D8402212
:10959000024203D03F3A8A4052421443002600213F
:1095A0003A001878013302408A40164342B207312C
:1095B000002AF5DB1F2906D84023034203D03F3B96
:1095C0008B405B421E43002C11D013DC5B46002B0A
:1095D00002D0069B002B4AD04A46E343D2689B0048
:1095E0009B58002B2CD0002E6DD0AB19BFE7012368
:1095F0000593F8E74B46187DFF2862D00723034008
:10960000022B5BD02DD9032B2ED0042B00D045E6A6
:10961000E20052424B46DB6849469C468968534605
:109620006244FFF71DFD0B99002909D05B46002B12
:10963000D9D00022584608ABFFF732FC0028D2D020
:10964000079B4D469846029BDB0700D59AE6069B92
:10965000002B00D1E8E60326002C00DBE7E600F053
:109660007DF8002B00D019E6A2005242D2E7089BF9
:109670000F9A0B93E34390469B0098444346196826
:10968000002943D05B465246AB46A2461D004446E5
:10969000B046160004E061680434002900D113E7E5
:1096A0003300002228006118FFF7FAFB0028F2D0EF
:1096B0002B00B2465D4646469B4694E76200524206
:1096C000A8E70022A6E7079B9846059B002B00D140
:1096D000D1E5029BDB0700D5CDE5F2E65A46D1790C
:1096E0005832012901D008923BE7783A1268089273
:1096F00037E7029BDB0700D5BDE5029A082314007B
:109700001C401A4200D0DCE6022690E6079B4D463C
:109710009846DFE606F094FF61E6C04670B58047E4
:1097200007F0F0F906F08CFF07F0ECF90D000400EB
:1097300006F0C0FF6B1C02D1200006F001FFFFF70E
:10974000A9FBC046024B10B51868FFF7E7FFC046FB
:10975000D415002010B58047FFF7F4FF024B10B579
:109760001868FFF7F7FFC046D0150020014B1868B6
:109770007047C046D4150020014B18687047C0469A
:10978000D015002010B50400034B08330360FFF729
:1097900021FB200010BDC0465830011010B5040058
:1097A000054B08330360FFF715FB20000C21FFF782
:1097B0006DFB200010BDC04658300110F0B583B0DD
:1097C0001E00089B05000F00140093420AD0A868F1
:1097D000089A036800921D6A220033003900A847E6
:1097E00003B0F0BD310000F069F80028EFD006208A
:1097F000F6E7C046F0B5C64600B50D0084B01900C6
:10980000060090461F0000F059F8041E18D10A9B6C
:109810000C9A934231D00D9AB068290003680392E4
:109820000C9A02920B9A01920A9A0092DC694246C3
:109830003B00A0470400200004B080BCB846F0BD47
:109840000D9B0A9A1A6042461A71002D0EDB0A9B84
:1098500000249C460C9B65445D1B6B425D410523C7
:109860006D421D400D9B01359D71E4E70024AB1C4A
:10987000E1D101230D9A9371DDE730000B9900F0DF
:109880001DF80028C7D042460D9B5A71D3E7C04649
:10989000F8B507000C0015001E00FFF7D7FA0028E6
:1098A00006D1B8682A00036821009F693300B847D1
:1098B000F8BDC0467047C0460020704710B58142D1
:1098C00011D0406803782A2B0BD049680B782A3BCB
:1098D0005A425341C91808F0CFF843425841C0B228
:1098E00010BD0020FCE70120FAE7C04670B53D4BF3
:1098F00082B01A78002A44D101221A7006F0B4FF0F
:10990000002834D04468002123782A3B5A4253412E
:10991000E41801235B4200220193200001AB06F012
:10992000BFFC314D06002B683022DB6801212F4837
:1099300007F040FB019B002B13D02B682000D96857
:1099400007F05AF92B680222DB680121284807F04A
:1099500031FB019B002B02D13000FAF793FB06F09C
:109960004BFF2B683000D96807F046F9EAE71E4B39
:109970002D221B680121DB681E4807F01BFB07F046
:10998000C1F8194B1D221B680121DB681A4807F03A
:1099900011FB07F0B7F80C00012919D106F050FEB1
:1099A00003689B6898472B6806000B222100DB6840
:1099B000124807F0FFFA2B683000D96807F01CF94D
:1099C0002B680A20D96807F0A5F806F073FED6E7E1
:1099D00006F036FE06F06EFED1E706F06BFEFFF7EE
:1099E00059FAC046662C0020D8150020BC30011062
:1099F000F0300110F43001109C30011024310110BE
:109A0000042010B506F030FD024B034A0349036001
:109A100006F0D8FE7C310110799B001058310110FE
:109A200070B50500082006F01FFD2900040006F0AF
:109A3000D5FF2000044A054906F0C4FE200006F0C8
:109A400029FDFFF727FAC046CD080110684B011029
:109A500070B50500082006F007FD2900040007F096
:109A600001F82000044A054906F0ACFE200006F08B
:109A700011FDFFF70FFAC0460D090110744B0110DC
:109A80008023086810B5DB05984210D290420AD9AD
:109A90005200904207D29A4203D3064A18000A6045
:109AA00002E010000A60013006F0EEFE10BD024830
:109AB000FFF7CEFFFFFFFF3F30310110F0B54F46FB
:109AC0004646DE46C0B51F0043680E00891882B0C6
:109AD0008946591A88460A9904008A1AD218082316
:109AE0009B460368834401929B453BD082682000DB
:109AF00001A9FFF7C5FF0500002E05D02168012E42
:109B00002DD03200FAF7D0FA002F09D00A9B002B93
:109B100006D0A819012B27D039000A9AFAF7C4FAFF
:109B20004346002B0AD00A9B2168F01843462818A8
:109B30004944012B10D04246FAF7B6FA2068834513
:109B400001D006F027FC019B2560A36002B0E0BCB9
:109B5000BB46B146A846F0BD0B780370EEE70B7824
:109B60000370D1E70F22C2E73B780370D8E7C04605
:109B7000004870474831011010B50400034B08330A
:109B80000360FFF755FA200010BDC0467431011084
:109B900010B50400054B08330360FFF749FA2000B5
:109BA0000421FFF773F9200010BDC0467431011085
:109BB00070B5040050291CD80F4D880028588746DE
:109BC000002A16D0002B14D06569A069854210DAEE
:109BD0002669A800B446002640198000604401357B
:109BE0004660866065610170C260036170BD002AD5
:109BF000EAD10020FAE7C04688310110F8B5CE4618
:109C0000474680B5C56806002C786E2C27D0303CBE
:109C1000E3B2092B2ED800239846174B002799460C
:109C2000013507E04B460A21181B0135F9F702FE02
:109C3000B84212DBBB00DF197F00F5603F192C78BA
:109C4000303CE3B2092BEDD94346002B00D07F42D4
:109C50003800C0BCB946B046F8BD0127F7E76B1C19
:109C6000C3606C78303CE2B2092A03D81D0001239E
:109C70009846D2E70027EBE7FFFFFF7F10B504000F
:109C8000002908D1C3681A78002A01D1002010BD2C
:109C90005A1CC260197868290AD07629F6D12000AA
:109CA000FFF7ACFFE3681A785F2AEFD10133E36076
:109CB0002000FFF7A3FFE3681A785F2AE6D101339B
:109CC0000120E360E3E7C04610B5C3680A001978D5
:109CD00052290DD04F2901D0100010BDC16A0331A7
:109CE000C16220210133C3600023FFF761FFF4E765
:109CF000C16A0231C1621F21F4E7C04670B5050098
:109D00000C1E15D08E2080211A4E4000C900A36879
:109D1000012B0DDC2A588A420ADC0133A360237828
:109D2000502B05D89B00F3589F46E468002CEED1D9
:109D300070BD2469FAE7A22149006B5801336B50CA
:109D4000E1688E26013276002800AA51FFF7D6FF7F
:109D500028002169FFF7D2FFAB59013BAB51E7E780
:109D6000E1680B78052BECD19C2040002B58013387
:109D70002B50E6E7CC32011010B5C36804001A7806
:109D80005F2A09D15A1CC2605A785F2A06D0FFF7B1
:109D900035FFC043C00F00E0012010BD0233C36097
:109DA000FFF72CFF00280ADB0928F5DDE368002017
:109DB0001A785F2AF1D10133E3600130EDE700202A
:109DC000EBE7C046002806D108E0002908DD00695D
:109DD0000139002803D003782F2BF6D000207047DC
:109DE0000029FBD1C068FAE7F0B514005268C646F6
:109DF00094464B1CA568634407000E0000B5AB42B7
:109E000015D8E568002D0FD1636820689C463200A4
:109E100060443900FAF748F9236862689B199D5439
:109E200063689C466644666080BCB846F0BDE268E4
:109E3000002AF9D1002D02D1022B0DD902356D0077
:109E4000AB42FCD829002068FAF70AF980460028BE
:109E500004D02060A560D4E70225F3E72068FAF774
:109E600011F9434623606360A3600123E360DBE7ED
:109E700002780300722A12D0562A10D04B2A0ED034
:109E80000020442A0CD15B78243A190091434F29D1
:109E900005D00122773BDBB29A42404100E001202D
:109EA0007047C04680235B00C35870B504000D00A6
:109EB000FF2B08D0591C80225200A150E554822368
:109EC0005B00E55470BD0022C25486235B00C2587B
:109ED000043BFF21C358984794225200A358012104
:109EE0000133A3500023E6E7882252000300805884
:109EF000002814D043681869CB68002B0CDB0028BD
:109F000006D109E0002B08D00069013B002803D0EE
:109F100002782F2AF6D000207047C068FCE70121A4
:109F200008329950F8E7C04670B505000C1E0FD0F6
:109F30000D4E23784C2B0DD89B00F3589F462100E3
:109F40002800FFF7D1FF002802D003782F2B00D084
:109F5000002070BD2800E168FFF7E6FF0028F8D177
:109F60002469002CE5D1F3E710340110F0B5D64692
:109F70004F4646460500C0B508000C0007F0C0FD7E
:109F800000282AD00022802392460D32FF329146CB
:109F90005B00043A9046EB5827180AE01900013399
:109FA00080225200AB50013404326E54AE54A742AA
:109FB00013D02678FF2BF1D15246EA544B46EA588B
:109FC0004346FF21EB582800984794225200AB5893
:109FD00000210133AB500123E2E7E0BCBA46B146B1
:109FE000A846F0BD10B5C36804001A78542A23D1DE
:109FF0005A1CC2605A785F2A20D06E2A1CD0FFF704
:10A00000FDFD421C18D4E36819785F2914D101338F
:10A01000E3606369A1698B420EDA216998008C467E
:10A020000021C01880006044013341608160636199
:10A030000523C260037000E0002010BD023300223F
:10A04000C360E6E7F0B5D6464F464646C0B588B091
:10A050000A0005001D4901A8F9F776FB01A807F0E1
:10A060004FFD00282BD00022802392460D32FF3274
:10A0700091465B0001AC043A9046EB5827180AE081
:10A080001900013380225200AB50013404326E5467
:10A09000AE54A74213D02678FF2BF1D15246EA5492
:10A0A0004B46EA584346FF21EB5828009847942234
:10A0B0005200AB5800210133AB500123E2E708B056
:10A0C000E0BCBA46B146A846F0BDC046CC4201103D
:10A0D00070B50400FFF792FD051E46DDE668636873
:10A0E0009B1B98423FDCA2683318E360520702D5FD
:10A0F0001A78242A3BD0092D24DD082230002C496F
:10A1000008F002FB002806D1337A2E2B34D05F2BC7
:10A1100032D0242B30D06369A269934223DA2269BA
:10A12000980094460022C0188000604401334260C9
:10A13000826063610023C6604360836003700561D1
:10A14000A06270BD6369A26993420CDA226998002B
:10A1500094460022C018800060440133426082604F
:10A160006361002EE6D10020EAE70020E9E7013331
:10A17000E360092DC1DCE5E7737A4E2BCBD1E36AAE
:10A18000A26916335D1B6369E5629342EBDA2269CB
:10A190009800C01894460133636100238000604436
:10A1A000436083600370034BC36015230361C7E7FB
:10A1B000D0420110DC420110F0B5C64600B5C368BC
:10A1C00004001A78532A28D15A1CC26058780028F3
:10A1D0000ED09A1CE26058785F2843D00300303BD1
:10A1E000DAB20025092A30D90200413A192A2CD9BD
:10A1F0000823A26813401D006A1E9541002B01D15F
:10A20000002939D1504B74221900C43100E01A786A
:10A21000824238D01C338B42F9D10025280080BC03
:10A22000B846F0BDEB005B199B001B18303B9D420C
:10A23000F3D8E2681078002804D0511CE16010784F
:10A240005F2817D01D000300303BDBB2092BE9D992
:10A250000300413B192BE0D8EA00521993001B1868
:10A26000373BE4E70023226A9A42D6D9E2699B0091
:10A270009D58D3E70133F6E7E3681B78433B012B96
:10A28000C0D80D00BEE75E69002E55D09A69A0695E
:10A2900094466269824254DA27699100B8460027E1
:10A2A00089188900414401324F608F606261CE603D
:10A2B000664618370F700E61A162002D39D0DE6836
:10A2C0001969E36A5B18E362904238DD23699500FF
:10A2D0009C460023AD18AD0065446B60AB60013255
:10A2E000183362612B70EE602961E3681A78422AA4
:10A2F00094D1A66A0133E3602000FFF7E9FE2A004B
:10A3000003004C212000FFF753FCE36805001A7896
:10A31000422AEFD0A662002800D17EE7236A626A53
:10A32000934200DB79E7E1699A00013350502362E0
:10A3300074E75E689968C4E7A0696269BDE70025B3
:10A34000D3E70021B8E7C046003B0110F0B54F4607
:10A35000D6464646C0B58F1805000C00B94252D209
:10A3600080235B009846002399460DE04346EB5856
:10A37000FF2B35D05A1C41466A50EE5482235B00B5
:10A38000EE540134A7423ED926783B1B032BEDDD6A
:10A390005F2EEBD160785F28E8D1A378552BE5D10B
:10A3A000E31C9A469F42E1D9002253461E783300AF
:10A3B000303BD9B2092907D9113B052B03D933000A
:10A3C000613B052B24D80A3312019A1801239C46BD
:10A3D000E2445745E9D14346EB585F26FF2BC9D1EC
:10A3E0004A46EA5486235B00EA58043BEB58FF21B7
:10A3F0002800984794225200AB580133AB50283ABA
:10A400000023FF3AB7E7E0BCBA46B146A846F0BD24
:10A41000574522D95F2EDED1FF2AA7D84346EB58F5
:10A42000D4B2FF2B08D041465A1C6A50EC54822308
:10A430005B00EC545446A4E74A46EA5486220933AA
:10A440005200EB58AA58FF21280098479422520046
:10A45000AB580133AB500023E5E7060086E7C04662
:10A46000F0B5C64600B5C668040082B03000FFF7FC
:10A47000FFFC002828D132781300303BDBB24A2B96
:10A480001CD8D3499B00CB589F460123256B200045
:10A49000236301F023FB25630200002343212000F6
:10A4A000FFF786FB051E019008D0E3681A78002AA2
:10A4B00004D05A1CE2601B78452B59D00025280097
:10A4C00002B080BCB846F0BD0022200001A901F016
:10A4D0006FFD051EF2D0E36820001B78462B1BD0D1
:10A4E000FFF7BEFF28600028E8D003781F3B012B50
:10A4F00005D8019AC368C2602A6801922B60019D49
:10A50000002DDBD0236A626A9342D7DAE1699A00B0
:10A51000013355502362D2E700F02AFC2860E2E7BD
:10A52000613A93009A18AB4B9200D218A169636903
:10A530008B4200DB08E3216998008C460021C0189B
:10A540008500654401336960A960636127232B702E
:10A550005368EA60E26A013694466344E362E66067
:10A56000ADE7200000F0D6FD05000190002DA5D03C
:10A57000236A626A9342A1DAE1699A005550013375
:10A58000019D23629BE773781A00303A092A05D9A6
:10A590005F2B03D0413B192B00D998E2002120000A
:10A5A000FFF70AFEE36801901A780500492A00D0F7
:10A5B00085E70133E360200001F0DCFD2A000300A1
:10A5C00004212000FFF7F4FA05000190CEE70136E0
:10A5D0002000E660FFF744FF002302002321200053
:10A5E000FFF7E6FA05000190C0E701362000E660BB
:10A5F000FFF736FF0023020022212000FFF7D8FAE0
:10A6000005000190B2E701362000E660FFF728FF61
:10A610000023020024212000FFF7CAFA0500019060
:10A62000A4E701362000E660FFF71AFF00230200CE
:10A6300026212000FFF7BCFA0500019096E70136BD
:10A640002000E660FFF744FD0023020028212000DF
:10A65000FFF7AEFA0500019088E7200000F088FBC4
:10A660000500019082E7731CE3607378002B00D132
:10A6700024E7B31CE3607378463BDBB2302B00D990
:10A680001CE7554A9B00D3589F4601362000E660E0
:10A69000FFF7E6FE0023020025212000FFF788FADD
:10A6A0000500019062E701362000E660FFF710FD2B
:10A6B000E36801901A780500492A00D1EDE12000F5
:10A6C000FFF7CEFE21210200019B2000FFF770FA68
:10A6D000050001904AE72000FFF784FCE66801903E
:10A6E00033780500492B00D040E7636B002B00D086
:10A6F000F9E1002800D1E1E6236A626A934200DBB7
:10A70000DCE6E1699A00013350502362327800237D
:10A71000493A012A05D801362000E66001F02AFDF9
:10A7200003002A004CE7711CE16073785F2B00D1B5
:10A73000B1E1303B092B00D9BCE10B001E00013315
:10A74000E3601A78303A092AF8D96269A0695F1A79
:10A75000824200DBB2E62069950084460020AD18F5
:10A76000AD00654401326860A8606261002F00DCC2
:10A77000A4E6E96019006860A86028702F6172780B
:10A780005F2A00D09AE60131E1602000FFF768FE01
:10A790002A0003002A212000FFF70AFA0500019091
:10A7A000E4E601362000E660FFF75AFE051E00D100
:10A7B00084E62000FFF754FE031E00D17EE62A0047
:10A7C0002B212000FFF7F4F905000190CEE6C046EA
:10A7D0004435011024400110703601106369A269EC
:10A7E000934200DBB4E122699D0094460022ED18FB
:10A7F000AD00654401336A60AA6063612C230921BE
:10A8000001952B70B378303BDBB2994252412A82DA
:10A81000092B03D82000FFF7F1F9019D2000FFF775
:10A820001FFE019BE860DB68002B00D146E620009C
:10A83000FFF7E4F9E2681378002B02D0531CE360C1
:10A840001378733B5A425341019D6B8237E663692B
:10A85000A269934200DB31E622699D00ED1894461F
:10A86000013363610023AD0065446B60AB602B7006
:10A87000B94BEB600E232B6121E66369A269934219
:10A8800000DB1BE622699D00ED18944601336361ED
:10A890000023AD0065446B60AB602B70AF4BEB6089
:10A8A00004232B610BE66369A269934200DB4BE151
:10A8B00022699D0094460022ED18AD0065440133E5
:10A8C0006A60AA60636127232B70A54BEB60E36A83
:10A8D0000433E362F3E56369A269934200DB33E189
:10A8E00022699D0094460022ED18AD0065440133B5
:10A8F0006A60AA60636127232B709A4BEB60E36A5E
:10A900000933E362DBE56369A269934200DB1BE183
:10A9100022699D0094460022ED18AD006544013384
:10A920006A60AA60636127232B708F4BEB60E36A38
:10A930000A33E362C3E56369A269934200DB03E182
:10A9400022699D0094460022ED18AD006544013354
:10A950006A60AA60636127232B70844BEB60E36A13
:10A960000933E362ABE56369A269934200DBEBE084
:10A9700022699D0094460022ED18AD006544013324
:10A980006A60AA60636127232B70794BEB60E36AEE
:10A990000833E36293E52000FFF762FD0023020025
:10A9A0004B212000FFF704F905000190DEE5636903
:10A9B000A269934200DBC7E022699D009446002211
:10A9C000ED18AD00654401336A60AA606361272316
:10A9D0002B70684BEB60E36A1133E3626FE56369E8
:10A9E000A269934200DBAFE022699D0094460022F9
:10A9F000ED18AD00654401336A60AA6063612723E6
:10AA00002B705D4BEB60E36A0833E36257E5B37884
:10AA10005F2B00D18BE06369A269934200DB4DE5B7
:10AA200022699D0094460022ED18AD006544013373
:10AA30006A60AA606361422320002B70FFF7DEF892
:10AA4000E860E3681A785F2A00D037E50133E360F5
:10AA50002000FFF705FD2A0003002D212000FFF74D
:10AA6000A7F80500019081E56369A26993426BDA5A
:10AA700022699D0094460022ED18AD006544013323
:10AA80006A60AA60636127232B703C4BEB60E36A2A
:10AA90000733E36213E5002575E60133E360200028
:10AAA00001F068FB2A00030004212000FFF780F872
:10AAB000019004E60123266B2000236301F00EF8C9
:10AAC0002663051E00D1F9E4E1680A7858E6200003
:10AAD00000F020FB051E019000D1EFE40378182B55
:10AAE00000D045E5EBE4636920009846731CE36001
:10AAF000276AE56A01F03EFBE3681B78492B06D024
:10AB00004346E562E660019D636127622EE5019A96
:10AB1000002A00D1D2E4236A616A8B4200DBCDE4D3
:10AB2000E569990001334A512362030048E5033681
:10AB30005E3BE6602000266B236300F0CFFF2663B8
:10AB4000051E00D07DE7B9E400230193DB68FFDE3A
:10AB500000231B70FFDEC046FC420110F4420110CE
:10AB6000684201102C420110544201104042011071
:10AB700090420110B8420110A44201107C42011021
:10AB8000F0B5C64600B5C36880461E78002E1DD1BC
:10AB900000239C4645250021414F6A1AD30F9B187C
:10ABA0005B105B181A01BA1814682078B04207D0FD
:10ABB0000AD91D00A942F0D1002080BCB846F0BDE2
:10ABC0006078604536D0F4D8591CF3E75A1CC2604F
:10ABD0005A781E789446002A02D1762EDAD0D7E72A
:10ABE0009A1CC2605B789C46762E3AD11D00303D9F
:10ABF000EBB2092BCED8FFF76BFA434641465B69AF
:10AC0000896902008B42D7DA4146096944468C467D
:10AC100000219800C01880006044013341608160C9
:10AC20006361002AC8D03323416081600370C5602E
:10AC30000261C2E7434641465B6989698B42BBDAE0
:10AC40004146096998008C460021C0188000604484
:10AC500041608160414601334B613223C260037021
:10AC6000ABE7632E96D1762B00D093E7026B456B52
:10AC7000534253414363FFF7F3FB43465B6B0200D0
:10AC8000002B07D0002335214046FEF791FF4346B5
:10AC90005D6392E7002334214046FEF789FFF6E723
:10ACA000C43B0110002330B5C26883B00193137810
:10ACB000040001AD002B15D125E04F2B18D020004A
:10ACC000FFF7CEFB021E1ED000232E212000FEF730
:10ACD0006FFF2860002816D0E26810301378050056
:10ACE000002B08D0452B06D02E2B04D0522BE4D1BC
:10ACF0005378452BE3D10198002804D00369002B39
:10AD000003D003B030BD0020FBE7C26811782729CB
:10AD1000F7D1D268117C0929F3D15268E16A8A1A05
:10AD2000E262C360EDE7C04670B5C36804001A78FC
:10AD30004A2A19D000290FD02000FFF791FB051EE9
:10AD400010D02000FFF7AEFF031E0BD02A002921F0
:10AD50002000FEF72DFF70BD2000FFF7A3FF0025A8
:10AD6000031EF3D10020F6E70133C360E4E7C046D9
:10AD7000836810B504005B030DD48023826B1B0134
:10AD80009A420CD8531C8363C36800201978462963
:10AD900007D0A26304E0C3681A78462A01D00020D5
:10ADA00010BD5A1CE2605A78592A01D10233E3607F
:10ADB00001212000FFF7B8FF01002000FEF784FF0B
:10ADC000E3681A78452A07D00020A3685B03E7D41C
:10ADD000A36B5A1EA263E3E70133E360F5E7C046C5
:10ADE000F0B5C64600B5C36804001A7811003039C2
:10ADF000092961D911006139192912D86F2A00D1A6
:10AE0000A3E02000FFF7BCFE061E02D00378322B21
:10AE10006CD0E3681978422955D0300080BCB84620
:10AE2000F0BD11004339012900D895E04C2A7ED0AD
:10AE3000552A00D087E05A786C2A00D1E0E0742AC5
:10AE400000D080E05A1CC2605978742900D0A4E078
:10AE50009A1CC2609A785F2A00D14DE16E2A72D0A6
:10AE6000FEF7CCFEE3681978421C00D593E05F2919
:10AE700000D090E00133E3606369A1698B4200DB9D
:10AE800022E121699E008C460021F618B600664436
:10AE900001337160B160636148233370F260236AEB
:10AEA000626A934200DB0FE1E1699A000133565078
:10AEB0002362E3681978AEE7FFF70AF9E368060052
:10AEC00019784229A9D1A56A0133E3602000FFF770
:10AED000FFF8320003004C212000FEF769FEE36812
:10AEE000060019784229EFD0A56296E7C268E36AA6
:10AEF000916807338C466344E36213681A786C2ABE
:10AF000000D086E75A78692A00D082E79B78002B28
:10AF100000D07EE72000FFF7DBF832000300372186
:10AF20002000FEF745FEE3680600197873E7013359
:10AF3000C360FFF7CDF8061E05D02000FEF71CFF0A
:10AF4000002800D065E7002667E75A786E2A00D00F
:10AF500057E70233C36054E7856A002D04D029788F
:10AF600000290DD018290BD0432A00D188E0597848
:10AF70003039C9B2052940D86548890041588F4603
:10AF80002969E26A8C466244E26219780A00432920
:10AF900076D04429EBD000263DE7130000263AE79F
:10AFA000012294466269A1699F1CE7608A4200DB26
:10AFB0009EE0216990008846002180188600464462
:10AFC00001327160B1606261002D00D190E0082211
:10AFD000327062467160B1603273356199783B00BE
:10AFE00019E703229446DDE705229446DAE70422B6
:10AFF0009446D7E702229446D4E7110000260AE7D8
:10B000005A1CC26059786C29C7D10233C360FFF75C
:10B0100049FEE368050019780028BCD04529BAD15B
:10B020005A1CE2605A785F2A6AD06E2A8BD02000C0
:10B03000FEF7E4FDE3681978471CACD45F29AAD178
:10B040000133E3606269A1698A423EDA21699600B0
:10B050008C460021B618B600664401327160B160BA
:10B06000626146223270226A616AF56037618A4203
:10B070002BDAE069910001320E5022621978CAE69B
:10B080005A78492A24D011003139042900D95AE7C5
:10B09000303A0233D7B2E3606369A269934213DAAC
:10B0A0002269980094460022C01886006644013345
:10B0B0007260B2606361002D06D007237260B260D7
:10B0C000337037733561A4E6E36800261978A2E689
:10B0D000581CE0609A7811003139042914D80333E0
:10B0E000303A2000E360D7B2FFF7BAF9A56AD3E798
:10B0F000997800263B008EE603330022C360BBE64E
:10B1000002330027E3609DE759780026030082E6BA
:10B1100034370110F0B5D6464F464646C0B5C26832
:10B120000400137882B0552B59D01DD84E2B00D176
:10B13000D0E0532B5DD15378742B00D172E0002105
:10B14000FFF73AF8E26805001378492B4AD101323B
:10B150002000E26001F00EF803002A000421200024
:10B16000FEF726FD05003DE05A2B42D1531CC3607B
:10B170005378472B02D0542B00D0F6E0200000F08B
:10B1800023FA0500002D00D1A2E0E3681A78452AD1
:10B1900000D09DE05A1CE2605A78732A00D15DE12C
:10B1A000642A00D1E6E02000FFF7B4FF061E0AD0B3
:10B1B000FD220378463B134205D02000FEF7DCFD5C
:10B1C000002800D184E02B78032B00D13EE12A0037
:10B1D000330002212000FEF7EBFC050002E0FFF740
:10B1E000FFFD0500280002B0E0BCBA46B146A84603
:10B1F000F0BD2000FFF7F4FDE26805001378492B4D
:10B20000F0D1002864D0236A616A8B4260DAE06979
:10B21000990001330D502362117800234939012927
:10B2200095D99AE70232C26043698269934200DB92
:10B2300031E102699D00ED1894460133436100231A
:10B24000AD0065446B60AB602B70A04BEB600323DB
:10B250002B612000FFF7C4FD2A000300012120001C
:10B26000FEF7A6FCE36AE2680333E36213780500A5
:10B27000492BB7D100282BD0236A616A8B4227DA89
:10B28000E069990001330D50236211780023493998
:10B29000012900D961E75AE720225B782000934317
:10B2A000542B5ED0FFF79CFD0500002F3AD0012102
:10B2B0002B003A002000FEF77BFC0500532E31D115
:10B2C0002F00E3681E78002E19D100234246136038
:10B2D000002587E70132C26001A9012200F068FE63
:10B2E00080460028F4D000212000FEF7EDFCE36842
:10B2F00081461E78002EE8D0012200279246442E77
:10B30000CAD03200303AD2B21C2A6BD93200613A2C
:10B31000192A69D82000FFF763FD0500002FC6D168
:10B32000CCE70500E3681E78452E0CD0002DCCD06C
:10B33000226A616A8A42C8DAE069910001320D50DE
:10B340002F002262BEE715226149D14052468A434E
:10B3500058D12000FFF744FD002DE2D02F0005005A
:10B36000A5E7FFF77DF805009FE7002100F0B4F89E
:10B37000050007E79A1CE2609A785F2A00D198E0FE
:10B380006E2AA5D02000FEF739FC013080469FD4FC
:10B39000E3681A785F2A9BD10133E3602000FFF74E
:10B3A000B9FE071E09D0FD223B78463B134204D06C
:10B3B0002000FEF7E1FC00288AD06369A26993426D
:10B3C0007CDA22699E0094460022F618B600664494
:10B3D00001337260B2606361472333704346F760A4
:10B3E0003361F0E63D00AFE73D00552EB1D0532E5E
:10B3F00008D101212000FEF7DFFE0500002F00D05C
:10B4000055E75DE7492E48D0542E59D0452E09D036
:10B410004D2E00D059E7002D00D156E701332F0003
:10B42000E3604FE743461D60002D00D150E74B46D7
:10B43000002B02D0019A0193DA60E3681A78452A5A
:10B4400000D045E70133019DE360CBE62B691A7814
:10B45000292A00D0BBE60022DA60B8E602332000D9
:10B46000E360FEF789FC002800D131E76369A26937
:10B47000934223DA22699E00F618944601336361F1
:10B480000023B60066447360B3603370114BF36001
:10B490000E23336197E60025DBE6002D00D114E78B
:10B4A00001332000E36000F065FE2F000421050059
:10B4B000FEE60333E360002398466FE7002682E64A
:10B4C0002000FEF78FFD2F000500EEE61C43011063
:10B4D000FF0308100C43011070B505000E00FFF7C4
:10B4E00019FE041E48D0002E18D0AB68DB0715D417
:10B4F00023784D2B37D033D81A001C3A042A32D97E
:10B50000022B09D12269002A36D013784D2B2FD077
:10B510002BD81C3B042B2BD9200070BDEB681B786B
:10B52000002BF9D0452BF7D022001378042B32D012
:10B5300024D8022B02D11269002AF6D1002128005A
:10B54000FFF7F2FB031E17D0002E02D12278022A49
:10B5500035D0220003212800FEF72AFB0400DBE798
:10B560004F3B012BD8D8E468C2E74F3B012BD3D81F
:10B57000D2682261002AC8D10024CDE74D2B03D028
:10B5800004D94F3B012BD9D8D268D5E71C3B042BFB
:10B59000D4D8D268D0E7D368002B0AD0197808290C
:10B5A00009D80629CAD80139012902D81B69002BFC
:10B5B000F4D10121C3E735394B1E9941BFE7027829
:10B5C000292AC6D1C660C4E7F8B5C16ACE46474647
:10B5D0000B0080B51433C362C36804001A78542A80
:10B5E0005BD0472A65D15A1CC2605A78002A60D0C5
:10B5F0009A1CC2605A78542A00D19EE05ED9562A1D
:10B6000000D191E0722A54D1FEF7F8FA012850DDFA
:10B61000E3681A78002A4CD05D1CE5601B785F2B2C
:10B6200047D11E3B002200279846461E2B78002B50
:10B630003FD0242B00D074E16B78532B00D196E1DE
:10B640005F2B00D191E1242B33D124206169A369C0
:10B65000994200DB93E125698B00AC465B189B00A7
:10B66000634401315F609F60616141461970E16828
:10B67000D8608D1CE560023E002A00D173E14021B4
:10B680002000FEF795FA021E13D0002ECEDC002318
:10B690003F212000FEF78CFA0CE05A1CC2605A7859
:10B6A000002A06D09A1CC2605B78413BDBB2352B86
:10B6B00027D90020C0BCB946B046F8BD412A24D0E5
:10B6C000522AF6D1FFF726FD6369A269060093426C
:10B6D00051DA22699D0094460022ED18AD006544C0
:10B6E00001336A60AA606361422320002B70FEF779
:10B6F00085FAE8602B00320016212000FEF758FA88
:10B70000D8E7AE4A9B00D3589F469B78472B01D081
:10B71000542B2BD12000FFF757FF020000231721E5
:10B720002000FEF745FAC5E7FFF7F4FC002302000E
:10B7300013212000FEF73CFABCE79A78002A00D1DA
:10B7400017E1DA1CC2609A78DB786E2A15D0472B95
:10B7500002D0542B00D00CE12000FFF735FF02008F
:10B76000002349212000FEF723FAA3E70021FFF779
:10B77000B3FE0200D2E70025BCE7472B00D112E15F
:10B78000542B00D10FE10021FFF7A6FE0200002399
:10B790004A212000FEF70CFA8CE77621FEF76EFABC
:10B7A000002800D185E7E3681B78472B00D1F0E043
:10B7B000542B00D1EDE000212000FFF78DFE0200A8
:10B7C000002310212000FEF7F3F973E76821FEF74C
:10B7D00055FA002800D16CE7E3681B78472B00D1AD
:10B7E000DCE0542B00D1D9E000212000FFF774FEEB
:10B7F000020000230F212000FEF7DAF95AE70021AA
:10B80000FEF73CFA002800D153E700212000FEF7A4
:10B8100035FA002800D14CE7E3681B78472B00D1AC
:10B82000C6E0542B00D1C3E000212000FFF754FEF6
:10B830000200002311212000FEF7BAF93AE7FFF7D2
:10B8400069FC0023020015212000FEF7B1F931E761
:10B85000FEF706FE05002000FEF7D0F9002800DA0A
:10B8600027E7E26813785F2B00D022E70132E2601D
:10B870002000FEF7F5FDE36A02000533E3620B21C9
:10B880002B002000FEF794F914E700F049FC002398
:10B89000020030212000FEF78BF90BE7FEF7E0FDF8
:10B8A0000023020012212000FEF782F902E7FEF7D2
:10B8B000D7FD002302000C212000FEF779F9F9E6FC
:10B8C000FFF728FC0023020014212000FEF770F986
:10B8D000F0E6FEF7C5FD002302000E212000FEF772
:10B8E00067F9E7E60A31C162FEF7BAFD00230200FC
:10B8F0000A212000FEF75CF9DCE6FEF7B1FD00232B
:10B9000002000D212000FEF753F9D3E60F31C1628A
:10B91000FEF7A6FD0023020009212000FEF748F9EA
:10B92000C8E6002104E06B5C002B04D0242B02D07D
:10B930000131B142F7DB6069A369984223DA8300E1
:10B940001B189B009946236901309C464B46634473
:10B9500060611F70E068DD6045185F609F6019617D
:10B96000761AE56088E61A008FE62E206EE62F2014
:10B970006CE600212000FFF7AFFD0200F0E6E3686F
:10B980000233E36095E6E36800209C466144E16091
:10B9900090E62000FFF718FE020011E72000FFF7F5
:10B9A00013FE020025E72000FFF70EFE0200EEE680
:10B9B0002000FFF709FE02003BE7C0464C370110AC
:10B9C000F8B5C268040013784C2B32D1531CC36005
:10B9D00051785F2953D05A2912D15A1CE2605B7802
:10B9E000472B45D0542B43D000212000FFF774FD96
:10B9F0000500E3681A78452A1BD10133E36019E09A
:10BA0000FEF72EFD051E14D00378272B14D0E66810
:10BA10003D2132786E2A25D0452A58D0731C06E085
:10BA2000E360180001335A1E1278452A2ED0002AEE
:10BA3000F6D100252800F8BDC3681A7C002A03D07F
:10BA4000E26A5968521AE2621868234906F014F84B
:10BA50000028DCD1E6683278452A3AD06E2A01D037
:10BA60003D21DBE7731CE36072783E211E00D3E7C3
:10BA70002000FFF7A9FDE36805001A78BBE7931CD7
:10BA8000C360927800255A2AB5D1A6E7801B626967
:10BA9000A3699A4219DA27699300BC4600279B18CC
:10BAA0009B00634401325F609F60626100280CDD8F
:10BAB0005F609F601F70DE6018612A002000FEF743
:10BAC00077F8E36805001A7895E70023F5E700208A
:10BAD000DDE70136E660ADE720430110F8B5C26846
:10BAE000040013784C2B00D1CFE0542B00D1D0E0D0
:10BAF000732B00D16CE0662B3BD01900303909293B
:10BB00000CD82000FFF76CF9051E00D1BBE0E368FC
:10BB10001A78492A00D1C0E02800F8BD6F2B68D000
:10BB2000692B00D0C6E053786C2B00D1E6E02000F2
:10BB3000FFF726F8051E00D1A5E00378322B5ED072
:10BB4000342B00D1BAE100D99DE0332B00D09AE02C
:10BB5000C368022B00D196E000DD94E0002B00D0FA
:10BB600005E12A00002336212000FEF721F8050018
:10BB7000D2E75378702BDAD1931CC3609378542B9F
:10BB800000D121E15F2B00D1EDE06E2B7BD0FEF7E1
:10BB900035F8411C77D4E3681A785F2A73D10133F2
:10BBA000E360C54B821C99426DD06369A1698B42E9
:10BBB00069DA216998008C460021C0188500654427
:10BBC00001336960A96063610623EA602B70A3E713
:10BBD0005378722B7DD0702BA9D10232C260FFF74F
:10BBE0007DFF002302004B212000FDF7E1FF05004F
:10BBF00092E753786E2B9AD10232C26081E7E16AF4
:10BC0000C2688C4693681668023B6344E3623378EB
:10BC1000732B00D187E0D768012F00D1AEE02FDD74
:10BC2000022F00D1D9E0032F2DD1712B00D0FEE0DF
:10BC30007378752B00D0FAE0B378002B00D0F6E0D3
:10BC40002000FFF74BFF06002000FFF747FF07002B
:10BC50002000FFF743FF031E15D03A003C212000CF
:10BC6000FDF7A6FF320003003B212000FDF7A0FFF7
:10BC70002A0003003A212000FDF79AFF05004BE758
:10BC8000002F00D16DE7002546E7FFF799FE05007C
:10BC900042E7FEF7A7F905003EE70133E360200025
:10BCA00000F068FA2A00030004212000FDF780FF5D
:10BCB000050031E7742B00D039E753786C2B00D0A6
:10BCC00035E70232E2602000FEF7CAFBE2680500B9
:10BCD00017E00232C260FEF7C3FB05002000FFF749
:10BCE0007FF8E36806001A78492A2FD003002A005B
:10BCF00001212000FDF75CFF05000DE70025023261
:10BD0000E2601378002BBED05378002BBBD04521C6
:10BD1000200000F015F92A00030031212000FDF772
:10BD200047FF0500F8E67178742900D073E7B17811
:10BD3000002900D06FE72000FEF792FB03002A00E5
:10BD400037212000FDF734FF0500E5E60133E3600D
:10BD5000200000F00FFA3200030004212000FDF75C
:10BD600027FF0300C3E70332C26001221DE7012B56
:10BD700089D12000FFF7B2FE0300E0E73278702A95
:10BD800016D06D2A14D00027732B21D17378502B35
:10BD90001ED1B378002B1BD1200000F0EBF903007B
:10BDA000002FCCD01A0039212000FDF701FFC5E794
:10BDB00071789142E7D1E26811785F29E4D10132CC
:10BDC000E26000273378DFE70332C2600022ECE64E
:10BDD0002000FFF783FE0300E2E7EB681B685A7858
:10BDE000632A00D17EE03378662B00D188E0200002
:10BDF000FFF774FE07003378632B3FD172786C2A0B
:10BE00003CD1B278002A39D14521200000F098F8C1
:10BE1000060033003A0039212000FDF7C9FE2A0050
:10BE2000030038212000FDF7C3FE050074E63378D7
:10BE3000662B71D06E2B00D025E77378772B02D05C
:10BE4000612B00D01FE75F21200000F079F8060089
:10BE50002000FEF705FBE36807001A78452A6BD03F
:10BE6000702A5DD0692A00D00DE75B786C2B00D07A
:10BE700009E72000FFF732FE0300EEE6642B2AD12B
:10BE80007278742A27D1B278002A24D12000FEF7D4
:10BE9000A7FFE36806001A78492ABAD10133E360A4
:10BEA000200000F067F93200030004212000FDF7B4
:10BEB0007FFE0600ADE7C046FFFFFF7FE3681A780C
:10BEC0005F2A00D055E70133E3604521200000F0F0
:10BED00037F8030033E7702B17D02000FFF7FEFD83
:10BEE000060096E71B781A00633A012A03D9723BD1
:10BEF000012B00D977E72000FEF7B2FA07007AE7B6
:10BF00002000FEF73DFE070075E77378742BE4D13F
:10BF1000B378002BBAD0E0E72000FEF731FE92E6BE
:10BF20005A78692A00D0AEE60233E360452120004A
:10BF300000F006F8030090E60133E36000238CE68E
:10BF4000F0B5C646002300B582B00193C368040073
:10BF50001A780E00012701AD8A420ED120E000239D
:10BF60002E212000FDF724FE286000280FD0E36872
:10BF700010301A780500B2420ED0236B200098468C
:10BF80002763FFF7ABFD4346021E2363E7D1002082
:10BF900002B080BCB846F0BD01330198E360F7E71A
:10BFA000013300222E21C3600023FDF701FEEFE7DD
:10BFB000F0B5DE4657464E464546E0B5C568040036
:10BFC0008A4693461B232E7883B0002A00D01E2376
:10BFD0005A46DBB201931A23002A00D01D235A4689
:10BFE000DBB299461923002A00D01C23DBB2984605
:10BFF00057461EE0562E3BD04B2E3FD06B78002B81
:10C000002DD0AB1CE3606D78782D52D06F2D3BD1D5
:10C01000E36A4F250933E362002300222900200050
:10C02000FDF7C6FD3860002819D00C300700E56820
:10C030002E782800FDF71CFF002840D06B1CE36021
:10C04000722ED7D14546E36A00220933E362290004
:10C0500000232000FDF7ACFD38600028E5D1002763
:10C06000380003B0F0BCBB46B246A946A046F0BDBE
:10C07000E36A4D460933E3620023CEE7E36A019D9C
:10C080000633E3620023C8E74F2D37D1E36A266BFE
:10C090000933E362012320002363FFF71FFD2663BA
:10C0A000031EDCD0E26811784529D8D10132E26064
:10C0B000B3E7E36A2B3D1133E3620023ADE75B4650
:10C0C000002BCDD1462ECBD15745C9D01D241C22E3
:10C0D0001E3006E0192B0FD00C239A468A44574590
:10C0E000BED0534619680B781A2B03D01B2BF1D105
:10C0F0000870F1E70C70EFE70A70EDE7772DAED12D
:10C10000E36A20000633E362FEF7CCFD031EA6D0EF
:10C11000E26811784529A2D10132E260273D7CE72F
:10C1200070B5C268040013784C2B1DD007D8493B6A
:10C13000012B15D80132C26000F01CF870BD582BDD
:10C140000ED10132573B056BC2600363FFF7C6FC9B
:10C15000E36825631A78452A09D10133E360EDE7E6
:10C160002000FEF77DF9E9E7FFF72AFCE6E700206B
:10C17000E4E7C04670B5C36804001A78866A82B0E6
:10C18000452A1ED0002301AD01930DE000232F218D
:10C190002000FDF70DFD286000280AD0E36810306C
:10C1A0001A780500452A07D02000FFF7B9FF021EC4
:10C1B000ECD1002002B070BD01330198E360A662AB
:10C1C000F8E7013300222F21C3600023FDF7F0FCC4
:10C1D000F0E7C046F0B54546DE4657464E46E0B568
:10C1E0000400150097B0002A1ED08C235B00C658AF
:10C1F000002E1DD11178502962D8E54A8B00D35802
:10C200009F4688235B00E258012691464A68010058
:10C21000E2502000FDF768FE002801D002F0F3FA9A
:10C2200088234A465B00E2508C2301225B00E250E7
:10C2300017B0F0BCBB46B246A946A046F0BD0022EE
:10C2400006AB98468A235B00E15806914146E150CF
:10C2500000238B601133FF33E3584D60CB60002A1D
:10C2600000D1B9E01121200002F084FC43469B6814
:10C27000002B01D101F024FE8A23069A5B00E250D4
:10C28000002ED5D04A46043BE250D1E78A235B001A
:10C29000C758002F00D191E03B009A68002A0BD1CB
:10C2A0005A68127810001938022801D902F05CF897
:10C2B000914201D102F05BF81B68002BEDD17DE0CB
:10C2C0008C2301225B00E250B2E7EA68002A02D028
:10C2D000112102F04FFC2B69002BA9D080277F0091
:10C2E000E659FD2E01D902F049F8AA4FBB1C9A4627
:10C2F0002C239846E0339B462B00454698460FE09A
:10C300003300013680225200A650E55482230137C3
:10C310005B009146E554BA4501D101F0E1FD3D785D
:10C32000FF2EEDD10023A3550933FF33E358FF213E
:10C3300000935B462000E258009B984794225200ED
:10C34000A35801260133A3500023DBE78A2306AE5E
:10C350005B00C258C650002308931133FF33C35803
:10C36000069211212A690993079502F003FC089BA4
:10C37000002B01D101F0E6FF8A23069A5B00E25010
:10C3800056E790235B00E868E6580378002E01D05A
:10C3900001F010FE052B01D102F008FA232B01D188
:10C3A00001F0ADFF2A789A4201D102F001F8242B66
:10C3B00001D102F03AFA8A235B00E75806AB9846AF
:10C3C0008A2342465B00E2500023069793601133B4
:10C3D000FF33E3585560D360EA6843E7EA681378AF
:10C3E000272B01D001F0D9FED3681E7C062E01D97F
:10C3F00001F0BDFD002E01D002F089F980235B0021
:10C40000E358FF2B01D102F0FDF8591C80277F0073
:10C41000E1512821E15482235B00E15420001739C7
:10C4200002F0A8FBE359FF2B01D102F005F9591CDA
:10C4300080225200A150D73AE25482235B00E2549A
:10C440002B783E2B01D102F0F1F8082E01D102F039
:10C4500006F9112120002A6902F08CFBE8E6EA685F
:10C46000112102F087FB4C4E8023B21C914686229C
:10C47000520093465B00043A3A279246E3580FE095
:10C480001A000133802149006350A75482220136EB
:10C4900052008846A754B14501D101F085FC377898
:10C4A000FF2BEDD10022E2545B46E2585346FF21B8
:10C4B000E3582000984794225200A3580133A35018
:10C4C00001230022DEE714229046002280239346B7
:10C4D0000D32FF32314E92465B00043A6E27914690
:10C4E000C358B0440EE01A00013380214900635064
:10C4F000A75482225200A754B04501D101F04DFC4F
:10C5000037780136FF2BEED15A46E2545346E258B3
:10C510004B46FF21E3582000984794225200A3582D
:10C520000133A35001230022DFE71C2290460022A2
:10C53000802393460D32FF32194E92465B00043A37
:10C5400067279146C358B0440EE01A00013380219A
:10C5500049006350A75482225200A754B04501D12C
:10C5600001F0CFFA37780136FF2BEED15A46E2546C
:10C570005346E2584B46FF21E35820009847942247
:10C580005200A3580133A35001230022DFE7C04625
:10C5900024380110DC4401103C430110F143011028
:10C5A000594501108A235B00C258EF689346002268
:10C5B000C250002F01D102F0E3F8882300210026A9
:10C5C0005B00C05806AB98461A00B4460023894663
:10C5D0001360634693604B4657605E1C3B789246FF
:10C5E000D0604D2B01D101F0AAFC01D901F0FEF978
:10C5F00019001C39042901D801F0A1FC9A468A23AC
:10C600005B00E25053464946022B22D13F693B78FA
:10C610009A46472B01D102F0C7F98A235B009C465A
:10C620000023994653460901414401900096029522
:10C630004D2B01D102F022F801D901F058FE1A0069
:10C640001C3A042A01D802F019F89A460198009E73
:10C65000029D5346042B05D10D33FF3304AA0490E9
:10C66000E2500597112120002A6902F083FA3B78F5
:10C67000042B03D1049A0D33FF33E250802335019C
:10C680005B0099460C3DE03B464645449846E43302
:10C690009A460C3E6B68002B01D101F03BFC103D2B
:10C6A000AE42F7D18A235A465B00E250C0E5102221
:10C6B00090460022802393460D32FF32E44E92468C
:10C6C0005B00043A74279146C358B0440EE01A0048
:10C6D0000133802149006350A75482220136520061
:10C6E000A754464501D101F08AF93778FF2BEED1E6
:10C6F0005A46E2545346E2584B46FF21E358200085
:10C70000984794225200A3580133A35001230022DA
:10C71000DFE7112290460022802393460D32FF323C
:10C72000CC4E92465B00043A74279146C358B044FD
:10C730000EE01A000133802149006350A754822281
:10C740005200A754B04501D101F06AF9377801369B
:10C75000FF2BEED15A46E2545346E2584B46FF2196
:10C76000E3582000984794225200A3580133A35065
:10C7700001230022DFE7A4235B00C758C550343BE8
:10C78000C258112190460022C250EA6802F0F2F924
:10C7900082235B00E35C3C2B01D101F026FF802368
:10C7A0005B00E358FF2B01D101F00CFF591C8022E4
:10C7B00082265200A1507600C43AE254A2551121BB
:10C7C00020002A6902F0D6F9A35D3E2B01D101F0C9
:10C7D000F3FE80235B00E358FF2B01D101F0D9FE6B
:10C7E000591C80225200A150C23AE25482235B00BD
:10C7F000E25442461033E2503433E75018E5EA6819
:10C80000112102F0B7F90822802391460532FF3248
:10C81000914E93465B00043A20279246E358B14478
:10C820000FE01A000133802149006350A75482228F
:10C83000013652008846A754B14501D101F02BFBC7
:10C840003778FF2BEDD10022E2545B46E258534685
:10C85000FF21E3582000984794225200A358013347
:10C86000A35001230022DEE7EA68112102F082F9D9
:10C870007A4E8023721D91468622520093465B00B9
:10C88000043A5B279246E3580FE01A0001338021F7
:10C8900049006350A7548222013652008846A754AB
:10C8A000B14501D101F0E2FA3778FF2BEDD100223A
:10C8B000E2545B46E2585346FF21E3582000984774
:10C8C00094225200A3580133A35001230022DEE733
:10C8D000E968FDF729FB00231A00002802D102F0C5
:10C8E00032F81A0003782F2B01D001F035FBC36812
:10C8F000002B01D101F030FB0069531C0028F0D15E
:10C900009146EA6892464A46994601924B46009300
:10C9100004E0009B01369E4200DB89E492235B0029
:10C92000E65052461121200002F024F9019BB34247
:10C93000EFDD4B4D8023AA1C904686225200934681
:10C940005B00043A2C279146E3580BE019000133B1
:10C9500080225200A350013504326754A754454544
:10C96000D7D02F78FF2BF1D10022E2545B46E2585A
:10C970004B46FF21E3582000984794225200A358C9
:10C9800000210133A3500123E2E71922904600223F
:10C99000802393460D32FF32324E92465B00043ABA
:10C9A0006E279146C358B0440EE01A00013380212F
:10C9B00049006350A75482225200A754B04501D1C8
:10C9C00001F0DDF937780136FF2BEED15A46E254FB
:10C9D0005346E2584B46FF21E358200098479422E3
:10C9E0005200A3580133A35001230022DFE70E2297
:10C9F000802391461C4EFE3293465B00043A7B270F
:10CA00009246C358B1440FE01A0001338021490017
:10CA10006350A7548222013652008846A754B1457C
:10CA200001D101F067F93778FF2BEDD10022E254F4
:10CA30005B46E2585346FF21E35820009847942272
:10CA40005200A3580133A35001230022DEE7C04661
:10CA5000DC430110C9430110B845011034430110F3
:10CA6000DC440110A9440110A845011008228023CC
:10CA700091460532FF32EB4E93465B00043A7B272A
:10CA80009246C358B1440FE01A0001338021490097
:10CA90006350A7548222013652008846A754B145FC
:10CAA00001D101F035F83778FF2BEDD10022E254A7
:10CAB0005B46E2585346FF21E358200098479422F2
:10CAC0005200A3580133A35001230022DEE7802344
:10CAD0005B00C358FF2B01D101F013FD591C8022CC
:10CAE0005200A150823AE25482235B00E2541121A9
:10CAF00020002A6902F03EF8FFF79AFB11212A690B
:10CB000002F038F8FFF794FB1D22904600228023A4
:10CB100093460D32FF32C44E92465B00043A7427AE
:10CB20009146C358B0440EE01A00013380214900F9
:10CB30006350A75482225200A754464501D101F008
:10CB40006EF837780136FF2BEED15A46E254534641
:10CB5000E2584B46FF21E3582000984794225200A8
:10CB6000A3580133A35001230022DFE7122290468D
:10CB70000022802393460D32FF32AC4E92465B007A
:10CB8000043A67279146C358B0440EE01A000133B7
:10CB9000802149006350A75482225200A754B04517
:10CBA00001D101F076F837780136FF2BEED15A46E5
:10CBB000E2545346E2584B46FF21E3582000984781
:10CBC00094225200A3580133A35001230022DFE72F
:10CBD000182290460022802393460D32FF32944E55
:10CBE00092465B00043A54279146C358B0440EE085
:10CBF0001A000133802149006350A7548222520059
:10CC0000A754B04501D101F060F837780136FF2B09
:10CC1000EED15A46E2545346E2584B46FF21E358C0
:10CC20002000984794225200A3580133A3500123B7
:10CC30000022DFE7192290460022802393460D321E
:10CC4000FF327C4E92465B00043A63279146C358FC
:10CC5000B0440EE01A000133802149006350A7540C
:10CC600082225200A754B04501D101F020F8377854
:10CC70000136FF2BEED15A46E2545346E2584B465A
:10CC8000FF21E3582000984794225200A358013313
:10CC9000A35001230022DFE7142280239146664E31
:10CCA000F83293465B00043A72279246C358B14467
:10CCB0000FE01A000133802149006350A7548222FB
:10CCC00052008846A754B14501D100F0AFFF377834
:10CCD0000136FF2BEDD10022E2545B46E258534669
:10CCE000FF21E3582000984794225200A3580133B3
:10CCF000A35001230022DEE70F229046002280236A
:10CD000093460D32FF324D4E92465B00043A6A273D
:10CD10009146C358B0440EE01A0001338021490007
:10CD20006350A754822201365200A754464501D1D0
:10CD300000F0B6FF3778FF2BEED15A46E254534647
:10CD4000E2584B46FF21E3582000984794225200B6
:10CD5000A3580133A35001230022DFE71522904698
:10CD60000022802393460D32FF32354E92465B00FF
:10CD7000043A54279146C358B0440EE01A000133D8
:10CD8000802149006350A75482225200A754B04525
:10CD900001D100F0A1FF37780136FF2BEED15A46C2
:10CDA000E2545346E2584B46FF21E358200098478F
:10CDB00094225200A3580133A35001230022DFE73D
:10CDC000112290460022802393460D32FF321D4EE1
:10CDD00092465B00043A76279146C358B0440EE071
:10CDE0001A000133802149006350A7548222013682
:10CDF0005200A754464501D100F060FF3778FF2B61
:10CE0000EED15A46E2545346E2584B46FF21E358CE
:10CE10002000984794225200A3580133A3500123C5
:10CE20000022DFE7984501105D43011035440110F1
:10CE300061440110094401107D4401102444011093
:10CE400049440110F44301101B2290460022802324
:10CE500093460D32FF32EF4E92465B00043A67274D
:10CE60009146C358B0440EE01A00013380214900B6
:10CE70006350A75482225200A754B04501D100F05C
:10CE8000F9FD37780136FF2BEED15A46E25453466E
:10CE9000E2584B46FF21E358200098479422520065
:10CEA000A3580133A35001230022DFE71522904647
:10CEB0000022802393460D32FF32D74E92465B000C
:10CEC000043A74279146C358B0440EE01A00013367
:10CED000802149006350A75482225200A754B045D4
:10CEE00001D100F0B2FD37780136FF2BEED15A4662
:10CEF000E2545346E2584B46FF21E358200098473E
:10CF000094225200A3580133A35001230022DFE7EB
:10CF1000082290460022802393460D32FF32BF4EF6
:10CF200092465B00043A6F279146C358B0440EE026
:10CF30001A000133802149006350A7548222520015
:10CF4000A754B04501D100F087FD37780136FF2B9B
:10CF5000EED15A46E2545346E2584B46FF21E3587D
:10CF60002000984794225200A3580133A350012374
:10CF70000022DFE7EF682D693B78322B01D101F009
:10CF800014F9342B01D001F0E1FD80235B00C3587C
:10CF9000FF2B01D101F05AFD80265A1C7600A251C8
:10CFA0002822E25482235B00E25411212000FA6817
:10CFB00001F0E0FDA359FF2B01D101F035FD8022E6
:10CFC000591C5200A150D73AE25482235B00E2542C
:10CFD0002A001121200002F08FFFFFF729F911210B
:10CFE000EA6802F083FDFFF723F92B691B78392BE0
:10CFF00001D0FFF719F9EA68D3681B6859786329EB
:10D0000001D101F05CFB2A001121200002F0F8FFA1
:10D01000002801D0FFF70CF9EB681A78322A01D109
:10D0200001F09CFCDB681B681A78632A01D001F0D0
:10D0300043FB5A786C2A01D001F03EFB9B78002B11
:10D0400001D001F039FB2B69DA681178032901D18D
:10D0500001F00DFD11212000DA6802F04DFFEA68B1
:10D06000D3681B681978692901D001F0E1FB587871
:10D07000782801D001F0DCFB9878002801D001F07D
:10D08000D7FB20000E39FCF70DFF2B691121200082
:10D090001A6901F06FFD5D212000FCF703FFEB68CA
:10D0A0001A78322A01D0FFF7C3F8DB689A68012AA0
:10D0B00001D0FFF7BDF85B681B783E2B01D0FFF76E
:10D0C000B7F829212000FCF7EDFEFFF7B1F8EB6877
:10D0D000002298469B68524D009380232F00934670
:10D0E0000D32FF3292465B00043A6F269146C358D8
:10D0F00008370EE01A000133802149006350A6541E
:10D10000822201355200A654BD4201D100F0B9FC83
:10D110002E78FF2BEED15A46E2545346E2584B4646
:10D12000FF21E3582000984794225200A35801336E
:10D13000A35001230022DFE708229046002280232B
:10D1400093460D32FF32354E92465B00043A6F270C
:10D150009146C358B0440EE01A00013380214900C3
:10D160006350A75482225200A754B04501D100F069
:10D170007AFC37780136FF2BEED15A46E2545346FB
:10D18000E2584B46FF21E358200098479422520072
:10D19000A3580133A35001230022DFE7EA682E6978
:10D1A000002A02D0112101F0E5FC80235B00E35846
:10D1B000FF2B01D101F091F95A1C80256D006251BD
:10D1C0007B22E25482235B00E254112132002000D2
:10D1D00001F0D0FC6359FF2B01D101F06BF9591C10
:10D1E00080225200A150833AE25482235B00E25431
:10D1F000FFF71EF80C2290460022802393460D3242
:10D20000FF32084E92465B00043A74279146C35899
:10D21000B04418E079450110AD440110ED4401100F
:10D22000E0440110B94301101A0001338021490084
:10D230006350A75482225200A754B04501D100F098
:10D24000A5FD37780136FF2BEED15A46E2545346FE
:10D25000E2584B46FF21E3582000984794225200A1
:10D26000A3580133A35001230022DFE717228023B4
:10D270009146EB4EF53293465B00043A63279246A3
:10D28000C358B1440FE01A000133802149006350B4
:10D29000A754822252008846A754B14501D100F01C
:10D2A0008FFD37780136FF2BEDD10022E2545B462B
:10D2B000E2585346FF21E358200098479422520039
:10D2C000A3580133A35001230022DEE71222AB5EF4
:10D2D000002B01D001F018F8EA68D24BD1689942CE
:10D2E00001D100F05DFF1121200001F043FC8023FB
:10D2F0005B00E258FF2A01D101F003FB8021531C9F
:10D3000049006350E039A15482225200A1541021F7
:10D310006A5E002A01D000F050FE92460D32FF32C4
:10D32000C14D9146043A5F2690466F1D0EE01A00EB
:10D330000133802149006350A65482225200A65432
:10D34000AF4201D1FEF774FF2E780135FF2BEED1ED
:10D350005246E2544B46E2584346FF21E358200030
:10D36000984794225200A3580133A350012300226E
:10D37000DFE70922802391460432FF32AB4E934609
:10D380005B00043A64279246C358B1440FE01A0088
:10D390000133802149006350A754822252008846FD
:10D3A000A754B14501D100F04CFD37780136FF2B71
:10D3B000EDD10022E2545B46E2585346FF21E35888
:10D3C0002000984794225200A3580133A350012310
:10D3D0000022DEE7EA68964906A8F6F7B5F906A83E
:10D3E00004F08EFB002801D1FEF722FF00228023EB
:10D3F00092460D32FF3291465B0006AD043A9046EC
:10D40000E3582F180DE01A000133802149006350C2
:10D41000A654822201355200A654AF4201D1FEF734
:10D4200007FF2E78FF2BEED15246E2544B46E258CE
:10D430004346FF21E3582000984794225200A35806
:10D440000133A35001230022DFE780235B00C35890
:10D450002D7BFF2B01D101F01BF8591C80225200BB
:10D46000A150E55482235B00E554FEF7E1FE2F69ED
:10D47000EA68002F01D1FEF7DBFE1500D719002264
:10D48000802392460D32FF3291465B00043A90466B
:10D49000C3580DE01A000133802149006350A6549F
:10D4A000822201355200A654AF4201D1FEF7C0FEE0
:10D4B0002E78FF2BEED15246E2544B46E2584346BB
:10D4C000FF21E3582000984794225200A3580133CB
:10D4D000A35001230022DFE7082290460022802388
:10D4E00093460D32FF32534E92465B00043A562764
:10D4F0009146C358B0440DE01A0001338021490021
:10D500006350A754822201365200A754B04500D17F
:10D510008DE23778FF2BEFD15A46E2545346E2585A
:10D520004B46FF21E3582000984794225200A3580D
:10D530000133A35001230022E0E70A229046002293
:10D54000802393460D32FF323B4E92465B00043AF5
:10D5500076279146C358B0440DE01A00013380216C
:10D5600049006350A75482225200A754B04500D10D
:10D5700064E237780136FF2BEFD15A46E254534626
:10D58000E2584B46FF21E35820009847942252006E
:10D59000A3580133A35001230022E0E71121EA68D8
:10D5A00001F0E8FAFEF744FEEA68112101F0E2FA20
:10D5B000112120002A6901F0DDFAFEF739FE0E2262
:10D5C00090460022802393460D32FF321B4E924636
:10D5D0005B00043A6A279146C358B0440DE01A0034
:10D5E0000133802149006350A75482220136520042
:10D5F000A754B04500D10BE33778FF2BEFD15A4643
:10D60000E2545346E2584B46FF21E3582000984726
:10D6100094225200A3580133A35001230022E0E7D3
:10D6200095430110C4400110CD440110394501104B
:10D63000CC420110884301107D43011028450110A0
:10D640002B691A783B2A01D0FEF7EEFD1B691B7887
:10D650003C2B01D0FEF7E8FD2A00112102F0D0FC9E
:10D66000002801D0FEF7E4FDEB68E84998462B69F5
:10D67000DE681B69DF681D694346DB68186804F0D3
:10D68000FBF9002801D001F0AFF932002000112190
:10D6900002F032FC42462000112102F027FA3A0043
:10D6A0002000112102F028FC2000D949FCF75EFC83
:10D6B0002A001121200002F01FFCFEF7B9FD8A2389
:10D6C0005B009B46C3585A46994606AB98464B4664
:10D6D000069343465D6083504246002393601133B6
:10D6E000FF33C3580126D36001224B469446002BDA
:10D6F00001D101F00DFAC2460090A8461CE09A68DC
:10D70000002A16D1032E01D900F075FF52461D00E4
:10D710003101521891CD91C22D68544615605A4678
:10D7200000980136825862505A46514481506246F0
:10D730009A601B68002B04D05A681278193A022AA2
:10D74000DDD94546009C2A691121200001F012FA1A
:10D750008A234A465B00E25053469B68002B01D067
:10D76000FEF766FD5746012E09D0013E3301FB1836
:10D77000112120005A6801F02BFA012EF5D18A23DD
:10D780005B002A0011212000E35801F0EBFFFEF7B7
:10D790004FFDEA68002A1AD08A277F00C35906AED7
:10D7A0000693002308931133FF33C3581121C65148
:10D7B0000993079501F0DEF9069BE351089B002BC6
:10D7C00001D0FEF735FD20212000FCF76BFB8A23FA
:10D7D0005B002A0011212000E35801F055FDFEF7FF
:10D7E00027FDEB689946002B01D000F066FC002273
:10D7F00092460D32FF32874D01339146FF33043A92
:10D8000074269046C3582F1D0EE01A000133802164
:10D8100049006350A654822201355200A654AF42FB
:10D8200001D1FEF705FD2E78FF2BEED15246E254D2
:10D830004B46E2584346FF21E35820009847942284
:10D840005200A3580133A35001230022DFE79023A5
:10D850005B00C358002B00D1DCE36F4E8023721DA8
:10D8600091468622520093465B00043A6127924615
:10D87000C3580EE01A000133802149006350A754B9
:10D880008222013652008846A754B14500D1D9E31F
:10D890003778FF2BEED10022E2545B46E258534624
:10D8A000FF21E3582000984794225200A3580133E7
:10D8B000A35001230022DFE711229046002280239B
:10D8C00093460D32FF32554E92465B00043A68276C
:10D8D0009146C358B0440DE01A000133802149003D
:10D8E0006350A754822201365200A754B04500D19C
:10D8F000A0E23778FF2BEFD15A46E2545346E25864
:10D900004B46FF21E3582000984794225200A35829
:10D910000133A35001230022E0E72F69EA68002FBA
:10D9200001D1FEF785FC1500D7190022802392460D
:10D930000D32FF3291465B00043A9046C3580DE029
:10D940001A000133802149006350A6548222013518
:10D950005200A654AF4201D1FEF76AFC2E78FF2B8D
:10D96000EED15246E2544B46E2584346FF21E3587B
:10D970002000984794225200A3580133A35001235A
:10D980000022DFE7EB68A0CB002F01D1FEF750FCAF
:10D990000022802392460D32FF3291465B00043A0A
:10D9A0009046C358EF190DE01A0001338021490059
:10D9B0006350A654822201355200A654AF4201D1D1
:10D9C000FEF736FC2E78FF2BEED15246E2544B4642
:10D9D000E2584346FF21E358200098479422520022
:10D9E000A3580133A35001230022DFE74F3B012B53
:10D9F00000D8A4E28A235B00E250FEF733FE112137
:10DA00002000EA6801F0B6F8FEF712FCFC440110B1
:10DA10000045011048450110544301109444011081
:10DA200011212000EA6801F0A5F8FEF701FC1121A0
:10DA30002000EA6801F09EF8FEF7FAFB11212000B1
:10DA4000EA6801F097F8FEF7F3FB11212000EA687D
:10DA500001F090F8FEF7ECFB2A001121200001F004
:10DA60008BFFFEF7E5FB112120002A6901F082F807
:10DA7000FEF7DEFB11212000EA6801F07BF8FEF7DB
:10DA8000D7FB424655682A78613A192A01D800F036
:10DA90004BFC009A571EEB5D202B00D01700002F87
:10DAA00001D1FEF7C5FB0022802392460D32FF32E2
:10DAB00091465B00043A9046E358EF190DE01A00D6
:10DAC0000133802149006350A6548222013552005F
:10DAD000A654AF4201D1FEF7ABFB2E78FF2BEED15F
:10DAE0005246E2544B46E2584346FF21E358200099
:10DAF000984794225200A3580133A35001230022D7
:10DB0000DFE711212000EA6801F034F8FEF790FB0E
:10DB100090267600A359EA680133A3511121200011
:10DB200001F028F8A3592927013BA351E84E4346A9
:10DB3000B21C9146862252009346043A9246E3581C
:10DB40000DE01A000133802149006350A75482225E
:10DB5000013652008846A754B14513D03778FF2BC1
:10DB6000EFD10022E2545B46E2585346FF21E358CE
:10DB70002000984794225200A3580133A350012358
:10DB80000022E0E72A69D349013206A8F5F7DCFD57
:10DB900006A803F0B5FF4346E358002829D0002229
:10DBA00092460D32FF32914606AD043A90462F1848
:10DBB0000BE01A000133802149006350A6548222F1
:10DBC00001355200A654BD4213D02E78FF2BF0D160
:10DBD0005246E2544B46E2584346FF21E3582000A8
:10DBE000984794225200A3580133A35001230022E6
:10DBF000E1E7FF2B01D100F026FC591C80225200E6
:10DC0000A150833AE25482235B00E254FEF710FBFA
:10DC100011212000EA6800F0ADFFFEF709FB112199
:10DC20002000EA6800F0A6FFFEF702FB2A69112136
:10DC3000200000F09FFFA84E4346721D9046002230
:10DC400093460D32FF329246043A20279146E3581C
:10DC50000CE01A000133802149006350A75482224E
:10DC600001365200A754B0453DD03778FF2BF0D194
:10DC70005A46E2545346E2584B46FF21E3582000EF
:10DC8000984794225200A3580133A3500123002245
:10DC9000E1E711212000EA6800F06CFFFEF7C8FA06
:10DCA00011212000EA6800F065FFFEF7C1FA11219A
:10DCB0002000EA6800F05EFFFEF7BAFA11212000AA
:10DCC000EA6800F057FFFEF7B3FA11212000EA6876
:10DCD00000F050FFFEF7ACFA11212000EA6800F0D6
:10DCE00049FFFEF7A5FA11212000EA6800F042FF83
:10DCF000FEF79EFAEA687749013206A8F5F724FD97
:10DD000006A803F0FDFE4346E358002829D0002270
:10DD100092460D32FF32914606AD043A90462F18D6
:10DD20000BE01A000133802149006350A65482227F
:10DD300001355200A654BD4213D02E78FF2BF0D1EE
:10DD40005246E2544B46E2584346FF21E358200036
:10DD5000984794225200A3580133A3500123002274
:10DD6000E1E7FF2B00D1DEE3591C80225200A150D5
:10DD7000833AE25482235B00E254FEF759FA112100
:10DD80002000EA6800F0F6FEFEF752FA11212000AA
:10DD9000EA6800F0EFFEFEF74BFA11212000EA6876
:10DDA00000F0E8FEFEF744FA2F693B78472B00D1DC
:10DDB00004E33A001121200000F0DCFEFEF738FAFF
:10DDC000EA681121200000F0D5FE444E4346321D82
:10DDD0009046002293460D32FF329246043A2D2798
:10DDE0009146E3580CE01A0001338021490063504A
:10DDF000A754822201365200A754B04513D0377879
:10DE0000FF2BF0D15A46E2545346E2584B46FF21CD
:10DE1000E3582000984794225200A3580133A3509E
:10DE200001230022E1E7112120002A6900F0A2FE6F
:10DE3000FEF7FEF911212000EA6800F09BFEFEF7D4
:10DE4000F7F911212000EA6800F094FE4346E358F8
:10DE5000FF2B00D179E3591C80225200A150D73A00
:10DE6000E25482235B00E254FEF7E2F91121200024
:10DE70002A6900F07FFE4346E358FF2B00D176E38A
:10DE8000591C80225200A150A33AE25482235B0025
:10DE9000E254FEF7CDF9112120002A6900F06AFE54
:10DEA0004346E358FF2B00D1E0E2591C8022520088
:10DEB000A150A33AE25482235B00E254FEF7B8F982
:10DEC0002A001121200000F083FEFEF7D5F9C0469C
:10DED000A4450110CC42011074440110B04301105C
:10DEE000942745467F00E3591121984620002A696E
:10DEF00000F040FEE359434501D0FEF799F94B4647
:10DF0000E358B34201D0FEF793F94B46023EE65088
:10DF1000FEF78EF94A46A258FF2A01D100F097FC7D
:10DF2000531C494663504346A3544246534611216D
:10DF3000E25420002A6800F04BFEFEF7B0FBFF68B9
:10DF4000002F01D100F019FC1032042E00D100E2A4
:10DF50005346B146FEF73CFBEB6891469A46131ECA
:10DF600001D1FEF765F9013B0193FEF7CFFC072EC7
:10DF700001D0FEF743FA2B691878002801D0FEF78C
:10DF80003DFA1869012801D0FEF738FA3D2901D081
:10DF9000FEF734FADB681B78302B01D100F0DCFD92
:10DFA000312B01D0FEF72AFA2000DA49FBF7DEFF19
:10DFB000FEF73EF90026FEF7F1F9002292460D32F7
:10DFC000FF32D54D9146043A5F2690466F1D0EE014
:10DFD0001A000133802149006350A6548222520066
:10DFE000A654BD4201D1FEF723F92E780135FF2B4F
:10DFF000EED15246E2544B46E2584346FF21E358E5
:10E000002000984794225200A3580133A3500123C3
:10E010000022DFE72900FBF767FF021E01D1FEF7B0
:10E0200003F903782F2B01D100F05DFC88256D00EA
:10E030006659112133682000635100F09BFD665141
:10E04000FEF7F6F8EA68B549013206A8F5F77CFB59
:10E0500006A803F055FD002801D1FEF7E9F80022DB
:10E06000434692460D32FF32914606AD043A904641
:10E07000E3582F180DE01A00013380214900635046
:10E08000A654822201355200A654BD4201D1FEF7AA
:10E09000CFF82E78FF2BEED15246E2544B46E25891
:10E0A0004346FF21E3582000984794225200A3588A
:10E0B0000133A35001230022DFE7994D80236A1D1D
:10E0C00090468622520093465B00043A7B26924695
:10E0D000C3580CE01A00013380277F00E351A65497
:10E0E00082225200A654A84514D02E780135FF2B69
:10E0F000F0D10022E2545B46E2585346FF21E35838
:10E100002000984794225200A3580133A3500123C2
:10E110000022E1E74A46814906A8F5F715FB06A863
:10E1200003F0EEFCE359002829D0002292460D327C
:10E13000FF32914606AD043A90462F180BE01A00C4
:10E140000133802149006350A654822201355200D8
:10E15000A654AF4213D02E78FF2BF0D15246E25492
:10E160004B46E2584346FF21E3582000984794224B
:10E170005200A3580133A35001230022E1E7FF2BF3
:10E1800000D1CFE38022591C5200A150833AE254BF
:10E1900082235B00E254FEF74BF80026FEF72EF9CF
:10E1A00080235B00E358FFF7B2F8FB681B689846D2
:10E1B0001B78612B00D0D5E042465278642A00D00B
:10E1C000D0E042469278002A00D0CBE02A78032A99
:10E1D00001D100F0FAFB392A01D100F057FC732B72
:10E1E0001ED1424652785A2A51D142469678002E84
:10E1F0004DD129002000FBF797FE002807D109E048
:10E20000C368002B06D000690136002802D00378CD
:10E210002F2BF5D031002000FBF714FFFEF708F894
:10E220003A001121200001F061FC43461B78672B66
:10E230000ED142465278732A0AD142469278002A79
:10E2400006D12A001121200000F094FCFDF7F0FF18
:10E25000732B01D0FEF7BCFE43465B78742B01D0D4
:10E26000FEF7B6FE43469B78002B01D0FEF7B0FECA
:10E2700020002821FBF716FE20002A00112100F0C3
:10E2800079FC29212000FBF70DFEFDF7D1FF732B50
:10E29000C6D143465B78502BC2D143469B780026BB
:10E2A000002B05D0BCE701362D69002D00D1E0E23E
:10E2B0002B782F2B00D0DCE2EB68002B00D1D8E2CA
:10E2C0001A784B2AEFD1D9682000FBF72DFE0023E6
:10E2D000002807D109E0C268002A06D0006901338E
:10E2E000002802D002782F2AF5D0F618DCE74F3B41
:10E2F000012B00D8C2E1009E029DFEF7B3F9F13375
:10E300000500E758FEF75AF80649FBF72FFEFEF71F
:10E31000E3FFC04620450110D5440110CC42011056
:10E3200051450110C4440110FF2B00D129E3802284
:10E33000591C5200A150E03AE25482235B00E2549F
:10E34000FFF7A7FB2A001121200000F041FCFEF797
:10E3500013F88A2352465B00E25001220433E25054
:10E36000FDF766FF2A7836E70026FEF727F8112129
:10E370002000EA6800F0FEFBFDF75AFF00239846F4
:10E38000A3550D33FF33E258043B3100E35820001E
:10E390009847942243465200E351A3580026013384
:10E3A000A350FDF7A2FF2B782F2B01D0FEF703F827
:10E3B0008A235B000500E758FEF700F82000F349C8
:10E3C000FBF7D4FD3B69F2495A1C06A8F5F7BCF9E6
:10E3D00006A803F095FB00282FD000224346804674
:10E3E00093460D32FF3206ADA8449246043A914658
:10E3F0004246E358B84617000AE01900013380226C
:10E400005200A350013504326654A654AF4213D0D3
:10E410002E78FF2BF1D15A46E2545346E2584B4630
:10E42000FF21E3582000984794225200A35800216E
:10E430000133A3500123E2E747462000D549FBF70B
:10E4400095FDFF68B5E40022E25486235B00E258A4
:10E45000043BFF21E3582000984794225200A35820
:10E4600001210133A3500023FFF7C8FB0022E2542F
:10E4700086235B00E258043BFF21E35820009847C5
:10E4800094225200A35801210133A35000230DE52B
:10E490000022C25486235B00C258043BFF21C358AC
:10E4A000984794225200A35801210133A35000231E
:10E4B000FEF7D4FF0022E25486235B00E258043BBF
:10E4C000FF21E3582000984794225200A3580121CD
:10E4D0000133A3500023FEF783FE0022E25486237B
:10E4E0005B00E258043BE358FF2120009847942248
:10E4F0005200A3580133A350283A0023FF3AFEF7F5
:10E500005CFE0022C25486235B00C258043BFF21FC
:10E51000C358984794225200A35801210133A350B5
:10E520000023FEF7DCFA0022E25486235B00E25867
:10E53000043BFF21E3582000984794225200A3583F
:10E5400001210133A35000230FE40022E25486236B
:10E550005B00E258043BFF21E358200098479422D7
:10E560005200A35801210133A350002374E4002278
:10E57000E25486235B00E258043BFF21E35820006D
:10E58000984794225200A35801210133A35000233D
:10E5900077E40022E25486235B00E258043BFF212B
:10E5A000E3582000984794225200A35801210133D8
:10E5B000A3500023FEF715F920212000FBF772FC81
:10E5C000FEF707F90022E25486235B00E258043B81
:10E5D000FF21E3582000984794225200A3580121BC
:10E5E0000133A3500023FEF7E2F820212000FBF7BF
:10E5F00059FCFEF7D4F88C23009C5B000132E250FA
:10E60000FDF716FE0022E25486235B00E258043B2D
:10E61000FF21E3582000984794225200A35801217B
:10E620000133A3500023EA68FDF7F0FE2D212000FE
:10E63000FBF738FCFDF709FF0022E25486235B005C
:10E64000E258043BFF21E3582000984794225200EF
:10E65000A35801210133A3500023FDF7E9FE200058
:10E660005B21FBF71FFC200011212A6900F082FAD0
:10E670005D212000FBF716FCFDF7DAFD009B042B63
:10E680007ED00B0008000391103364C864C3006897
:10E690001860634609611031E1504B46039A93605C
:10E6A000019B5760D360009BFF6801330093002FEC
:10E6B00066D03B78FDF7BCFF2B69FEF7CBFC1B78DF
:10E6C00019006339012904D9723B012B01D9FEF7E6
:10E6D0009AFC2000112101F009FA20003C21FBF7EF
:10E6E000E1FB2B692000DA68112100F043FA2000D9
:10E6F0002949FBF73BFC2B69200011211A6900F026
:10E7000039FA29212000FBF7CDFBFDF791FD2B699C
:10E710001B78002B01D0FDF771FE3E2900D10BE2E2
:10E72000023E112120002A69F6B200F023FA042EDD
:10E7300001D9FDF77DFD194BB6009B599F4620007E
:10E740001749FBF713FCFDF773FD20001549FBF794
:10E750000DFCFDF76DFD6C212000FBF7A3FBFDF721
:10E7600067FD75212000FBF79DFBFDF761FD200093
:10E770000D49FBF7FBFBFDF75BFD8A235B00E250D5
:10E780008C2301225B00E250FDF752FD4043011053
:10E79000CC42011050430110F844011068390110B7
:10E7A000104501100C450110144501103033FF33A2
:10E7B000E258002A00DC75E1043BE158002304E044
:10E7C00001330831934200D16CE10F68B842F7D1B0
:10E7D00096235B00E3581F1E06D1FDF712FD5B6810
:10E7E000002B01D1FDF70DFD1A68824203D0AA4229
:10E7F000F5D19F42F3D001002000FBF775FB002804
:10E8000001D1FDF711FD03782F2B01D0FDF7C6FDD7
:10E81000F533E158002900DAC5E5FBF7D3FA002803
:10E8200000D18DE10378FDF7B9FDC268FDF708FD61
:10E83000632900D1C0E01121200001F057F92B69B4
:10E84000112120001A6901F057FBFEF728FCA354A0
:10E8500086235B00E258043BE358FF2120009847E1
:10E8600094225200A3580133A35001230022FFF742
:10E8700058FB3200BB4906A8F4F766FF06A803F070
:10E880003FF9002801D1FDF7D3FC002280239246F6
:10E890000D32FF3291465B0006AD043A9046E358D4
:10E8A0002F180CE01900013380225200A3500135CB
:10E8B00004326654A654AF4201D1FDF7B9FC2E785C
:10E8C000FF2BEFD15246E2544B46E2584346FF211C
:10E8D000E3582000984794225200A35800210133A6
:10E8E000A3500123E0E7F533E158002901DAFFF7EF
:10E8F0009DFBFBF767FA021E01D0FFF797FBFDF7C0
:10E9000093FC00260833A6540D32E358A258FF2189
:10E910002000984794225200A3580133A35032009C
:10E92000FEF7ECFC00258622E55452000933E3583B
:10E93000A258FF212000984794225200A358013387
:10E94000A3502B001EE420001121EA6801F0D4FA44
:10E9500020008549FBF70AFBFDF76AFCDA6891683D
:10E96000012901D0FEF75EFB526812783E2A01D0E1
:10E97000FEF758FB20002731FBF794FAEB68FEF70F
:10E9800051FB00268622E65452000933E358A25870
:10E99000FF212000984794225200A3580133A3502E
:10E9A00043465D683300C2E4FF68002F00D1E7E60C
:10E9B0003B789A46FDF731FE59786C2900D03AE74A
:10E9C0009B78002B00D13AE735E7EA6811780129F6
:10E9D00001D0FFF704FC29690978292901D0FFF744
:10E9E000FEFB1500FFF7FBFB20006049FBF7BEFABA
:10E9F000F368002B08D011212000320001F07CFACE
:10EA000020212000FBF74EFA3A001121200000F0EF
:10EA1000B1F8002D01D1FDF70BFC2A0011212000D7
:10EA200001F06AFAFDF704FC00268622E654520043
:10EA30000933E358A258FF2120009847942252003E
:10EA4000A3580133A3503300FEF7B9FA00268622FB
:10EA5000C65452000933C3588258FF219847942264
:10EA60005200A3580133A3503300FEF795FA1369FF
:10EA70001B78292B03D08C2302395B00E150112134
:10EA80002000D26801F038FAFEF7E9FA2000EA68BF
:10EA9000112101F031FA3A001121200001F026F88D
:10EAA000FDF7C6FB9C235B00E35893422ADD9821C7
:10EAB000D300571C9A22490061585200A750243AAB
:10EAC000CB18A15801C3002933D03432A2589E2755
:10EAD0009246A022520090468446A25818007F0019
:10EAE00000950DE0E559D300AB4645460132625131
:10EAF0004D685B445D60036009681800002916D00A
:10EB00005245EFDB8C2301225B00E250FDF790FBC6
:10EB10002A69112100F02EF84B465A46A35043466D
:10EB20009B68002B01D1FEF72AFEFDF781FB6046B2
:10EB3000009D00221A605EE61139FBF7B3F9EFE59C
:10EB4000002E01D0FDF76CFBFDF76EFB3A001121A2
:10EB500000F0CCFFFEF73CFA20000549FBF706FA6F
:10EB6000FDF766FBCC42011044450110044501103D
:10EB700018450110F0B50500140083B0002A21D01B
:10EB80005368012B1EDC8E26802176008259C90035
:10EB90008A4217DC962701337F006360C359013234
:10EBA00001936B4682511121C35122000094FDF75D
:10EBB00011FB019BEB516368013B6360AB59013B67
:10EBC000AB5103E08C2301225B00EA5003B0F0BD9F
:10EBD000F8B54546DE4657464E461378E0B5033B4A
:10EBE000DBB2040015004D2B03D8DA4A9B00D35842
:10EBF0009F462A0011212000FFF7BCFFF0BCBB4656
:10EC0000B246A946A046F8BD0022D34D80232F006E
:10EC100092460D32FF3291465B00043A2026904620
:10EC2000C35808370BE01900013380225200A3506B
:10EC300004326654A654AF42E0D02E780135FF2B43
:10EC4000F1D15246E2544B46E2584346FF21E35885
:10EC50002000984794225200A35800210133A3506A
:10EC60000123E2E70022BD4D80232F0092460D32A2
:10EC7000FF3291465B00043A20269046C35808377D
:10EC80000BE01900013380225200A3500432665475
:10EC9000A654BD42B2D02E780135FF2BF1D1524699
:10ECA000E2544B46E2584346FF21E3582000984780
:10ECB00094225200A35800210133A3500123E2E71C
:10ECC0000022802392460D32FF32A54D91465B0013
:10ECD000043A20269046C3586F1D0CE019000133FA
:10ECE00080225200A35004326654A654AF4200D191
:10ECF00084E72E780135FF2BF0D15246E2544B4683
:10ED0000E2584346FF21E3582000984794225200DE
:10ED1000A35800210133A3500123E1E7914E802342
:10ED2000721D9046002293460D32FF3292465B00E0
:10ED3000043A20279146C3580CE019000133802281
:10ED40005200A35004326754A754B04500D1C1E12A
:10ED500037780136FF2BF0D15A46E2545346E25839
:10ED60004B46FF21E3582000984794225200A358B5
:10ED700000210133A3500123E1E7802149004258DB
:10ED8000FF2A00D146E2531C4350E03981548222CD
:10ED9000520081542CE080235B00C258FF2A00D12E
:10EDA00027E2531C802149006350E039A15482229C
:10EDB0005200A1542CE080235B00C358FF2B00D1EC
:10EDC00006E2591C80225200A150E03AE25482230C
:10EDD0005B00E254112120002A69FFF7CBFE0DE70A
:10EDE0001121EA68FFF7C6FE08E780235B00C358DD
:10EDF000FF2B00D1B8E1591C80225200A150DA3A11
:10EE0000E25482235B00E254F8E680235B00C3589F
:10EE1000002292460D32FF32534D9146043A262687
:10EE20009046AF1C0CE01900013380225200A35021
:10EE3000013504326654A654AF4200D1DEE62E7886
:10EE4000FF2BF0D15246E2544B46E2584346FF2195
:10EE5000E3582000984794225200A3580021013320
:10EE6000A3500123E1E70022404D80232F0092466A
:10EE70000D32FF3291465B00043A20269046C3587B
:10EE800008370CE01900013380225200A3500432ED
:10EE90006654A654BD4200D1B0E62E780135FF2B52
:10EEA000F0D15246E2544B46E2584346FF21E35824
:10EEB0002000984794225200A35800210133A35008
:10EEC0000123E1E700222A4D80232F0092460D32D4
:10EED000FF3291465B00043A20269046C3580A3719
:10EEE0000CE01900013380225200A3500432665412
:10EEF000A654AF4200D181E62E780135FF2BF0D128
:10EF00005246E2544B46E2584346FF21E358200064
:10EF1000984794225200A35800210133A3500123A3
:10EF2000E1E782235B00C35C282B00D00DE1EA6897
:10EF300011212000FFF71EFE0022802392460D3291
:10EF4000FF320C4D91465B00043A3A269046E35856
:10EF5000EF1C1EE07C390110C5450110D1450110A0
:10EF6000DD450110054601100C4601101146011047
:10EF70001D4601102846011019000133802252005D
:10EF8000A350013504326654A654AF4200D135E691
:10EF90002E78FF2BF0D15246E2544B46E2584346BE
:10EFA000FF21E3582000984794225200A3580021E3
:10EFB0000133A3500123E1E7092280239146043263
:10EFC000FF32AE4E93465B00043A20279246C35868
:10EFD000B1440EE01A000133802149006350A75468
:10EFE000822252008846A754B14500D19AE0377872
:10EFF0000136FF2BEED10022E2545B46E258534625
:10F00000FF21E3582000984794225200A35801336F
:10F01000A35001230022DFE70022994D80232F0017
:10F0200092460D32FF3291465B00043A202690460C
:10F03000C35811370CE01900013380225200A3504D
:10F04000013504326654A654BD4200D1D6E52E786F
:10F05000FF2BF0D15246E2544B46E2584346FF2183
:10F06000E3582000984794225200A358002101330E
:10F07000A3500123E1E70822904600228023934613
:10F080000D32FF327F4E92465B00043A20279146B4
:10F09000C358B0440BE01900013380225200A35042
:10F0A00004326754A754B04514D037780136FF2B8B
:10F0B000F1D15A46E2545346E2584B46FF21E358F9
:10F0C0002000984794225200A35800210133A350F6
:10F0D0000123E2E72A69002A00D18FE5FF2B64D0E3
:10F0E000591C80256D0061512821E15482235B0069
:10F0F000E15420001739FFF73DFD6359FF2B1AD16A
:10F100000022E25486235B00E258043BFF21E358CF
:10F110002000984794225200A35801210133A350A4
:10F12000002309E011212000EA68FFF723FD434690
:10F13000E358FF2BE4D0591C80225200A150D73A4B
:10F14000E25482235B00E25458E580235B00C358FD
:10F15000FF2B71D0591C80225200A150E03AE2549A
:10F1600082235B00E254E2E60022E25486235B0045
:10F17000E258043BFF21E3582000984794225200B4
:10F18000A35801210133A350002335E680235B00FF
:10F19000C358FF2B61D0591C80225200A150D63A8F
:10F1A000E25482235B00E25428E50022E2548623E5
:10F1B0005B00E258043BFF21E3582000984794226B
:10F1C0005200A35801210133A35000232A6988E784
:10F1D0000022C25486235B00C258043BFF21C3585F
:10F1E000984794225200A35801210133A3500023D1
:10F1F000E8E5002383540D33FF33C258043BC35862
:10F20000FF21984794225200A3580133A3500123B1
:10F210000022C7E5002383540D33FF33C258043B5B
:10F22000C358FF21984794225200A3580133A3509A
:10F23000202323701F3BDEE50022C25486235B009F
:10F24000C258043BFF21C358984794225200A35848
:10F2500001210133A35000237DE70022C2548623FD
:10F260005B00C258043BFF21C358984794225200C8
:10F27000A35801210133A35000238DE72D4601102F
:10F28000E4450110F9450110F8B54E464546DE4605
:10F2900057460400E0B516001D1E6FD086489A68D8
:10F2A000002A6BD15A6811781939C9B2122962D86B
:10F2B00089004258974682235B00E35C202B00D0F4
:10F2C00096E080235B00E358FF2B00D19FE05A1C9F
:10F2D0008021490062502822E25482235B00E254DC
:10F2E0009146002288469A461033E7589346E250EA
:10F2F000200000232A00EF3900F0E2F84346E358EB
:10F30000FF2B00D1A8E041465A1C6250D739E15486
:10F310005346E154FF2A41D08021531C49006350D9
:10F32000D839A15482225200A1543269002A06D051
:10F3300011212000FFF71EFC80235B00E358FF2B08
:10F3400000D177E0591C80225200A150D73AE254F4
:10F3500082235B00E254043B2A0011212000FF3B82
:10F3600000F0AEF88A235B00E750F0BCBB46B24623
:10F37000A946A046F8BD1B68002B90D18A23002225
:10F380005B00E7581121E250200000232A0000F022
:10F3900097F880235B00E258FF2ABDD10023A354D5
:10F3A0000D33FF33E258043BE358FF212000984718
:10F3B00094225200A3580133A3508023283A5B00C3
:10F3C000FF3AE2500432D83BFF322370A354326933
:10F3D000002AADD10123B5E782235B00E35C022262
:10F3E00019009143282900D16BE7202B00D168E751
:10F3F000802149006258FF2A4BD0531C6350E039EA
:10F40000A15482225200A154FF2B00D05FE70022BA
:10F41000E25486235B00E258043BE358FF212000BE
:10F42000984794225200A3580133A350283A00234E
:10F43000FF3A4DE70022E25486235B00E258043B8A
:10F44000FF21E3582000984794225200A35801213D
:10F450000133A350002376E75A46E25486235B002B
:10F46000E258043BE358FF212000984794225200C1
:10F47000A3580133A35002234246A3500F4B4A46E0
:10F4800023805346E25432690223002A00D04FE71A
:10F4900058E70023A3540D33FF33E258043BE358ED
:10F4A000FF212000984794225200A3580133A35013
:10F4B000202323701F3B0AE7B43A011029280000DB
:10F4C000F0B54E464546DE465746E0B51400050009
:10F4D00099468BB0002A3CD08C26882701237600E1
:10F4E0009A467F0014E05346A360EB590093E3680B
:10F4F000EB51292926D02A293CD0022942D01121BA
:10F500002800FFF765FB009BEB512468002C20D0FE
:10F51000AB59002B1DD1A368002BF6D14B46626876
:10F520001178002BDFD14D29EFD019D80B001C3BEF
:10F53000042BEAD95346A360EB590093E368EB51DF
:10F540002929D8D1236828001839FFF79DFE009B90
:10F55000EB510BB0F0BCBB46B246A946A046F0BD8D
:10F560004F390129D1D95346A360EB590093E36881
:10F57000EB51C4E723682800193900F0F3F8009B29
:10F58000EB51E6E78A277F00EB59D26898460023C3
:10F590002800EB510F31FFF7EDFA4346EB516D4F69
:10F5A0008023BA1C91463A229046D23293465B00A1
:10F5B000043A9246EB580EE01A00013380214900CC
:10F5C0006B504146A954822201375200A9544F453D
:10F5D00014D03A789046FF2BEED10022EA545B46D5
:10F5E000EA585346FF21EB582800984794225200CE
:10F5F000AB580133AB5001230022DFE76268146986
:10F600002278472A15D04D2A10D00CD81C3A042A4B
:10F610000CD9220011212800FFF7ACFA8823009AA8
:10F620005B00EA5095E74F3A012AF2D8E468227865
:10F63000E9E73B3A9246484F6F3290469132934603
:10F64000BA440FE01A000133802149006B5089460B
:10F650004146A95482225200A954574518D03A78FD
:10F6600001379046FF2BEDD10022EA5484235B0042
:10F67000EB58FF2101935B462800EA58019B98470D
:10F6800094225200AB580133AB5001230022DBE738
:10F69000236932495A1C03A8F4F756F803A802F06C
:10F6A0002FFA4B46EB58002827D08622814652007D
:10F6B000934603AF043A9246B9440AE01900013375
:10F6C00080225200AB50013704326E54AE544F4585
:10F6D00013D03E78FF2BF1D10022EA545B46EA5862
:10F6E0005346FF21EB582800984794225200AB580C
:10F6F00000210133AB500123E2E7194FFA1C914678
:10F700007D2290468F329346043A92460FE01900CC
:10F71000013380225200AB5042466A548222414655
:10F7200052000137A9544F4580D03A789046FF2BBC
:10F73000EDD10022EA545B46EA585346FF21EB58CC
:10F740002800984794225200AB5800210133AB5057
:10F750000123DEE73C43011041430110CC4201107C
:10F7600050430110F0B54E464546DE465746E0B5DB
:10F77000040090461E0083B0002B0BD09A68002A2C
:10F7800051D01B68002BF9D1002332001121200039
:10F79000FFF796FE80235B00E358FF2B00D1B3E018
:10F7A00080215A1C49006250E039E15482235B00F9
:10F7B000E154FF2A46D08021531C49006350A539EB
:10F7C000A15482225200A1544246D268002A06D097
:10F7D00011212000FFF7CEF980235B00E358FF2BB7
:10F7E0000FD0591C80225200A150A33AE254822328
:10F7F0005B00E25403B0F0BCBB46B246A946A0464B
:10F80000F0BD0022E25486235B00E258043BFF2156
:10F81000E3582000984794225200A3580121013355
:10F82000A3500023DEE75B681B782A2B29D1002335
:10F83000320011212000FFF743FE80235B00E258D5
:10F84000FF2AB8D10023A3540D33FF33E258043B01
:10F85000E358FF212000984794225200A358013317
:10F86000A3508023283A5B00FF3AE2500432A53BC4
:10F87000FF322370A3544346DA68002AA8D101233B
:10F88000AFE780233A4D5B00AA1C93462027E3583C
:10F890000EE01A000133802149006350A7548222F0
:10F8A0000135520089469246A754AB4518D02F78AF
:10F8B000FF2BEED10022E25486235B00E358FF21A8
:10F8C000009384235B00E358009A2000019398473B
:10F8D00094225200A3580133A35001230022DAE7F7
:10F8E0000023320011212000FFF7EAFD4B46E258C9
:10F8F000FF2A2AD04946531C63502921A15452465D
:10F90000A154FF2B00D04BE70022E25486235B007A
:10F91000E258043BE358FF2120009847942252000C
:10F92000A3580133A3508023273A5B00FF3AE250EB
:10F93000104B5932238082235B00E2544346DA683D
:10F940000223002A00D043E74BE70023A3540D33E2
:10F95000FF33E258043BE358FF21200098479422EC
:10F960005200A3580133A35029232370283B17E7E3
:10F9700040450110205B0000A423F0B55B00C35894
:10F980000400150083B0002B06D088225200815855
:10F990000193009169468150EA681378042B0ED0D8
:10F9A00011212000FFF7E6F8A4235B00E358002BA9
:10F9B00003D08823009A5B00E25003B0F0BD112110
:10F9C0002000D268FFF7D6F8A4235B00E358002B91
:10F9D00003D08823009A5B00E25082225200A35C8D
:10F9E0003C2B51D080235B00E358FF2B30D05A1CB6
:10F9F000802782267F00E2513C227600E254A25505
:10FA0000EB6811211A692000FFF7B4F8A35D3E2BC3
:10FA100031D0E359FF2B09D0591C80225200A1504C
:10FA2000C23AE25482235B00E254C6E70022E25469
:10FA300086235B00E258043BFF21E35820009847EF
:10FA400094225200A35801210133A3500023E4E77C
:10FA50000022E25486235B00E258043BE358FF2176
:10FA60002000984794225200A3580133A350283A0B
:10FA70000023FF3ABCE7E259FF2A10D02021531C93
:10FA8000E351A154A155C5E7802040002158FF292A
:10FA900018D04B1C2350E0386054A054A5E7002335
:10FAA000A3540D33FF33E258043BE358FF212000F9
:10FAB000984794225200A3580133A3502023237067
:10FAC0001F3BA9E7002363540D33FF33E258043B87
:10FAD000E358FF212000984794225200A358013395
:10FAE000A350202323701F3B81E7C046F0B5D646C4
:10FAF0004F46464613780400C0B5322B07D011217B
:10FB0000FFF738F8E0BCBA46B146A846F0BDD36866
:10FB10009F685D68002FF5D00022802392460D3249
:10FB2000FF3291465B00043A9046C358EF190AE051
:10FB30001900013380225200A3500135043266546B
:10FB4000A654BD42DED02E78FF2BF1D15246E254AE
:10FB50004B46E2584346FF21E35820009847942241
:10FB60005200A35800210133A3500123E2E7C0460D
:10FB7000F0B557464E46DE464546E0B5E7B0067856
:10FB800000AF0400F960BA605F2E00D10AE10822DC
:10FB90002000D04901F0E2FF0025002809D1237A96
:10FBA0002E2B00D1EDE05F2B00D1EAE0242B00D119
:10FBB000E7E0200001F0A4FF23187B611123BB6163
:10FBC00000237B623B63BB63FB633B647B64BB647E
:10FBD000802342003C61FC61BA6278631B019A4257
:10FBE00000D9C5E0694683001818C000091AE94623
:10FBF0008D46EB460733DB08DB00CB1A9D465B46A0
:10FC00003B626B46FB62012D00D1D1E0AB1ED9B245
:10FC1000012900D9D1E00B218A46A2445146F9615D
:10FC2000591E8B41442188469844E37A5F2B03D1C7
:10FC3000237B5A2B00D13DE1002A00DC29E150460C
:10FC400001F05EFF5A4600235360936001227A62FE
:10FC5000002800D11DE15A4613705B4652461861D8
:10FC6000DA601020414600235A463818F9F7A0FF01
:10FC7000FC698046200001F043FF2418FC612678CF
:10FC8000002E00D096E04346002B00D192E01022D7
:10FC90003C239B18DC19F0339B18DB191E60822370
:10FCA0008E255B00E6540C33E6500433E6501033E7
:10FCB000E650FA680433E650203BE250BA68043359
:10FCC000E2500C33E6500833E6500C33E650043370
:10FCD000E6500433E6500433E6500433E650043370
:10FCE000E6506D00043341462000E6506651FAF7B5
:10FCF00005F8802362591B019A4200DA66519C2361
:10FD0000A221002049005B00E25863586D4653432E
:10FD1000635004316050002A00DC01226946D200A1
:10FD20008A1A9546002B00DC01236946DB00CB1ABA
:10FD30009D4698235B00E2506A460C33E250112145
:10FD400042462000FEF716FF80235B00E1580023A7
:10FD500063540D33FF33E258043BAD462000E358B3
:10FD600098478C235B00E058CD464342584100E061
:10FD70000020BD4667B0F0BCBB46B246A946A046CF
:10FD8000F0BD637A442B03D00025492B00D010E747
:10FD9000A27A00255F2A00D00BE7493B5A1E934107
:10FDA0009D1C06E743785A2B00D0F0E6012500E7BA
:10FDB0005F2E0AD00020CD46DBE71023F818FAF7B3
:10FDC0004FFBFB6980461E785AE763785A2BF1D1C6
:10FDD000A31CFB61A378472B00D186E0542B00D1F4
:10FDE00083E010230121F818FBF776FB8046BB69FE
:10FDF0007B60DB0776D50023F9699A460E782E2EB4
:10FE000000D03DE74B781A00613A192A48D95F2B98
:10FE100046D0303B092B65D80B000A782E2A12D128
:10FE20005A78303A092A0ED89C789A1C2300303B25
:10FE3000092B31D813005C7801332200303A092AAB
:10FE4000F9D92E2CECD0581AFB617A6ABB6A7B6018
:10FE50009A4223DA3C6A9300A4467C6054469B187D
:10FE60009B00634401325C609C607A62002815DD6F
:10FE70005C609C601C70D9601861102042464E2165
:10FE80003818F9F795FEF96980460E782E2EB9D00C
:10FE9000F6E600239B46E4E61300D2E70023ECE7F6
:10FEA0008B1C1A7810006138192801D95F2AB5D146
:10FEB0000133F6E723000D33FB61637B472B0BD047
:10FEC000542B09D010230021F818FBF705FB8346BB
:10FED000C7E6C046D04201101023F818FBF774FBA8
:10FEE0008346BEE6FB691E78CAE61023F818FBF7C6
:10FEF0006BFB80467BE7C046F0B5C64600B513787D
:10FF000004001500012682B0012B03D9312B01D04A
:10FF1000062B3FD16B68012B32DC8E2780217F00BE
:10FF2000E259C9008A422BDC01336B6096235B00E7
:10FF30009846E3580132E25101936A464346112143
:10FF4000E25020002A000095FCF744F94346019A4C
:10FF5000E2506B68013B6B60E359013BE351002EBB
:10FF600014D180235B00E358FF2B26D0591C80223C
:10FF70005200A150D73AE25482235B00E25405E0DC
:10FF80008C2301225B00E250002EEAD002B080BC3C
:10FF9000B846F0BD80235B00C358FF2B1ED0591C10
:10FFA00080225200A150D83AE25482235B00E254EE
:10FFB0006B680026012BB0DDE2E7E65486235B0088
:10FFC000E258043BFF21E358200098479422520056
:10FFD000A35801210133A3500023C8E70022C254D3
:10FFE00086235B00C258043BFF21C35898479422E4
:10FFF0005200A35801210133A3500023D0E7C0468B
:020000041001E9
:10000000F0B5DE4657464E464546D368E0B5DB6858
:1000100004001B680020197883B066297AD1126920
:10002000D16812698B4600219046127889463C2A95
:1000300000D1BCE092225200A1588A4601214942D7
:10004000A1505B786C2B00D1B8E06AD84C2B01D062
:10005000522B5AD180235B00E358FF2B00D106E1DD
:100060005A1C80256D0062512822E25482235B00D5
:10007000E254112142462000FFF73EFF5A4611216B
:100080002000FFF733FD6359824D2E26EA1C90466F
:100090000CE01A00013380277F00E351A65482222E
:1000A00001355200A654A84518D02E78FF2BF0D168
:1000B0000022E25486235B00E358FF21009384234F
:1000C0005B00E358009A2000019398479422520065
:1000D000A3580133A35001230022DCE75A46112123
:1000E0002000FFF703FD4A4611212000FFF704FF1F
:1000F000E359FF2B00D195E0591C80225200A150FA
:10010000D73AE25482235B00E25492235246012004
:100110005B00E25003B0F0BCBB46B246A946A04625
:10012000F0BD722BF1D180235B00E358FF2B00D18F
:100130008AE05A1C80256D0062512822E2548223F5
:100140005B00E254112142462000FFF7D5FE5A46DB
:1001500011212000FFF7CAFC002293460D32FF3226
:1001600063594D4D9146043A2E2690462F1D0BE0C3
:100170001900013380225200A35001350432665425
:10018000A654BD42C1D02E78FF2BF1D15A46E2547D
:100190004B46E2584346FF21E358200098479422FB
:1001A0005200A35800210133A3500123E2E7424645
:1001B000126991464246D26890463BE78023374D0C
:1001C0005B002A1D91462826E3580CE01A000133F3
:1001D00080277F00E351A654822201355200A654A5
:1001E000A94518D02E78FF2BF0D10022E2548623A7
:1001F0005B00E358FF21009384235B00E358009ADF
:1002000020000193984794225200A3580133A35031
:1002100001230022DCE75A4611212000FFF766FC8B
:10022000424661E70022E25486235B00E258043B29
:10023000FF21E3582000984794225200A35801213F
:100240000133A350002358E70022E25486235B00C9
:10025000E258043BE358FF212000984794225200C3
:10026000A3580133A350283A0023FF3A62E7002243
:10027000E25486235B00E258043BE358FF21200050
:10028000984794225200A3580133A350283A0023E0
:10029000FF3AE6E644450110404601103846011099
:1002A000F0B5C64600B50C0015001E0086B000284B
:1002B00048D0002901D0002A44D000232C4902AAAA
:1002C0000293039304930593FFF752FC002840D058
:1002D000059B0193002B1ED00123029F9846002FFF
:1002E00041D0002C2BD0380001F00AFC2B6898423A
:1002F0001FD23900421C2000F3F7D6FE3800F3F776
:10030000C1FE2700002E01D000233360380006B064
:1003100080BCB846F0BD049B029F9846002FE0D1F8
:10032000002E14D0012B19D101235B42002733602A
:10033000ECE72000F3F7A6FE43462B60E2E7002D32
:10034000FAD1DFE7002E02D003235B42336000279F
:10035000DCE70298F3F796FE002EF8D002235B420A
:1003600000273360D2E7002EDED10027CEE7C0465B
:10037000E99D001010B5002808D0002906D0FFF72D
:10038000F7FB431E98414000023810BD0320404255
:10039000FBE7C04610B5F3F775FE10BD70B51C4CF9
:1003A00008386368002B27D006688519AB4223D82C
:1003B0001DD05A680434002A06D10EE051681C1D75
:1003C00000291FD013000A009542F7D304D12A68F0
:1003D00094466A6866445A6023681A689918884285
:1003E0000DD05B68066043602368586006E01A68B9
:1003F0005B689446664406604360606070BD921915
:100400001A60FBE75B681A6899188842E9D1F6E739
:10041000A0200020020010B50832083000D30822C6
:1004200007231049073248689A43002813D0043143
:1004300003E0011D406800280DD003689A42F8D8F7
:100440009C1A072C08D9831840681C6058600868FB
:1004500002600B60083010BD0360436808300B6019
:10046000F9E7C046A020002070B580300500F3F702
:10047000E5FD041E07D0802200212000F3F70EFEC8
:100480002000803070BD2800FFF7C4FF041EF2D1A9
:10049000F9F758F9074A8038936810B5984203D99C
:1004A000D2689B18984202D3F3F7ECFD10BDFFF71A
:1004B00075FFFBE7A020002070B59E25084C2D019C
:1004C0002800E560F3F7BAFDA060002804D00023FF
:1004D00060600560436070BDE0606060FBE7C0463F
:1004E000A0200020027803000020472A00D0704797
:1004F0005A784E2AFBD19A78552AF8D1DA78432ACD
:10050000F5D11A79432AF2D15A792B2AEFD19A7967
:100510002B2AECD1DB792A3A9A424041C0B2E6E775
:1005200010B5041E06D000F08BF82000FFF7DAFFAC
:10053000002801D1F9F706F9203CE068F9F7EEF858
:10054000F0B5DE464E4657464546E0B585B0060056
:10055000FFF7C8FF041E0BD03300203B9A68DC680D
:10056000B36A91469A460023376B9846756B05E04F
:10057000012381469846050007008246300000F0BE
:100580005FF84346002B01D0F9F7E8F84846F9F741
:10059000E1F800F055F84346002B01D0F9F7D2F806
:1005A000F8F756FD27230668F25C33007833012AFA
:1005B00000D13368BF080293BB0001930023994622
:1005C0002036CA4520DD2F68002F00D07F19002279
:1005D0003900300002ABF8F763FC002801D000F0CE
:1005E0000BF93B6803901B6938009B4611490123B6
:1005F00003AAD847002800D0804601239C46019BCF
:10060000E1449C466544DCE74346002B08D00420C7
:10061000FFF72AFF084B094A0649036000F0D2F8A9
:100620002000F9F77BF800F045F800F043F8F8F700
:1006300031FCC046602F0110E42F011035900010EE
:1006400070B50400F8F708FD220023780568203A09
:10065000472B04D0002D2BD10260280070BD637899
:100660004E2BF7D1A378552BF4D1E378432BF1D15E
:100670002379432BEED163792B2BEBD1A3792B2B51
:10068000E8D1E379012BE5D85369002B0DDB013369
:1006900053614368013B4360954201D0156102609C
:1006A0002000656A02F078F8D7E70121CB1AEFE75E
:1006B000F9F748F810B5F8F7CBFC0368002B09D020
:1006C00020229A5C472A06D00022203302601800BC
:1006D00002F03AF810BD263A9A5C4E2AF4D12C3A30
:1006E0009A5C552AF0D1323A9A5C432AECD11F3AEF
:1006F0009A5C432AE8D11E3A9A5C2B2AE4D1053A47
:100700009A5C2B2AE0D1043A9A5C012ADCD85A6917
:10071000002A08DB511E012A0CD04A1C01D0596165
:10072000D8E7F9F70FF8511C0132F8D11A690260C5
:100730005961CFE71A6920330260180002F004F80B
:10074000C8E7C04610B5012812D80B00283B1A682C
:10075000501E1860012A00D010BDDB6858310C0013
:10076000002B01D0080098472000FFF793FEF3E725
:1007700028394869F8F7D2FF70B505000026803D9A
:10078000EA602E60A9600400F8F7F6FF2861F8F728
:10079000EDFF23004722583B68611A7007325A70F8
:1007A00007329A7022004323553A13705370183B56
:1007B0009370D370024B513C280026702B6370BDA0
:1007C0004507011070B504000D001600F8F744FC51
:1007D000436832000133290043602000FFF7CCFF5B
:1007E000012303602830040002F00EF82000FFF718
:1007F00027FFF8F7A7FFC04610B5F8F72DFC4368B0
:10080000046801334360002C0CD02023E35C472BA9
:100810000AD0002303602034200001F0EDFF200007
:10082000FFF70EFFF8F78EFF263BE35C4E2BF0D16F
:100830002C3BE35C552BECD1323BE35C432BE8D102
:100840001F3BE35C432BE4D11E3BE35C2B2BE0D14D
:10085000053BE35C2B2BDCD1043BE35C012BD8D8BC
:1008600063695B426361D6E710B5F8F7F5FB006892
:10087000002804D02723C35C012B01D0006810BDE1
:1008800000687838FAE7C04610B5041E00D101347C
:100890002000F3F7D3FB002800D010BD00F02CF9A6
:1008A000002801D08047F3E70430FFF7DDFD034B5C
:1008B000034A04490360FFF785FFC0467C310110FD
:1008C000799B001058310110406870470D4B10B5EE
:1008D000083303604368040018000B4A0C3882B0E8
:1008E000904205D12000F8F7A3FB200002B010BD14
:1008F000043B1A68511E1960002AF3DC01A900F0BC
:10090000F7F8EFE7A44B0110B02000200D4B10B515
:10091000083303604368040018000B4A0C3882B0A7
:10092000904205D12000F8F783FB200002B010BDF3
:10093000043B1A68511E1960002AF3DC01A900F07B
:10094000D7F8EFE7A44B0110B02000200F4B10B5F3
:10095000083303604368040018000D4A0C3882B065
:10096000904208D12000F8F763FB2000FFF712FD4A
:10097000200002B010BD043B1A68511E1960002A05
:10098000F0DC01A900F0B4F8ECE7C046A44B01107C
:10099000B02000200F4B10B50833036043680400FB
:1009A00018000D4A0C3882B0904208D12000F8F7A8
:1009B0003FFB2000FFF7EEFC200002B010BD043B1F
:1009C0001A68511E1960002AF0DC01A900F090F8A5
:1009D000ECE7C046A44B0110B0200020F0B5C6469D
:1009E00000B51C4B04000D0082B00360002929D023
:1009F000080001F085F8061E18D0002101AA00F0B9
:100A00003BF80C23984607008044012E11D0320099
:100A100029004046F3F748FB0F4B9F420CD1434659
:100A20002000636002B080BCB846F0BD0B4B984616
:100A3000F5E72B780373EFE700233E60BE19BB6038
:100A40003373ECE70648F8F7EBFF2000F8F7F0FA0D
:100A5000F8F720FAAC4B0110B0200020BC20002099
:100A6000CC4B011010B50400FFF7B8FF014B20007C
:100A7000236010BDC04B01101B4B10B50400984201
:100A80002FD8884218D94B00984200D21C0023006E
:100A9000200080221D330D305201934213D98C4225
:100AA00011D994461B051B0D6444E41A0E4B9C425D
:100AB00011D820000D3008E0230080221D330D30B6
:100AC0005201934201D9002809DBFFF7DDFE002324
:100AD0004460836010BD1C0020000D30F5E7F8F77E
:100AE0008FFF0248F8F7B4FFFCFFFF3FF84B0110FF
:100AF00010B5FFF74FFC10BD014B18687047C0469A
:100B00009C200020062010B500F06EFF0120F1F7B8
:100B1000FDF8C046144B70B51E6805000C00002E91
:100B200002D0B36B002B13D0636EDB0702D4A38912
:100B30009B0515D529002200300000F039FD636EB9
:100B40000500DB0702D4A3899B0505D5280070BDED
:100B5000300001F013FAE7E7A06D00F041FAF5E785
:100B6000A06D00F03BFAE5E7D815002070B5050050
:100B700086B008001400019100F0C2FF012301AE0D
:100B80000590029003960493002D02D0AB6B002BCE
:100B900027D0636EDB0720D4A2890C23E15E930586
:100BA00018D580239B011A4205D10B43626EA381A5
:100BB000104B134063662800210003AA00F028F8B8
:100BC000636E0500DB0702D4A3899B050DD52800C1
:100BD00006B070BDA06D00F001FA0C23E15EA289A1
:100BE000DFE7280001F0CAF9D3E7A06D00F0F8F9BB
:100BF000EDE7C046FFDFFFFF030010B50A00034921
:100C000008681900FFF7B2FF10BDC046D8150020D4
:100C1000F0B5DE46454657464E46E0B593688346F6
:100C20000C00904683B0002B23D08B891A0728D55F
:100C30000A69002A25D0424616689A072DD5002752
:100C4000AC4B00259946BA46002D58D02B004D4597
:100C500000D9A84B52465846E169676AB847002850
:100C600058DD43469B6882442D1A181A4346986003
:100C7000EAD1002003B0F0BCBB46B246A946A0466C
:100C8000F0BD2100584601F01BF8002800D02DE1EE
:100C90004246A38916689A07D1D4DA0742D40022C3
:100CA00000279146002F25D080229200A56813428C
:100CB00000D180E0AA46BD4200D9AFE09022D20028
:100CC000134200D0BBE020685246494601F0ACFD1B
:100CD000A3685D1BA5603D00002723685344236083
:100CE00043469B68A9445D1B43469D60C1D0A389D0
:100CF000002FD9D13268776891460836D2E7336839
:100D000075689A4608369FE72100019801F0F8F8C7
:100D100000282FD00C22A35E402201201343A38180
:100D20004042A7E700230022B14600271E005B4691
:100D3000002092460193002F27D000282FD03300A7
:100D4000BB469F4200D99B46206822696369904256
:100D500004D9A2689D18AB4500DD9EE05B4561DCCF
:100D6000656A5246E1690198A847051ED2DD012057
:100D7000761BC9D043469B68AA447F1B5D1B434634
:100D80009D6000D175E7002FD7D14B461B689A466E
:100D90004B465F6808239C46E144002FF5D03A009B
:100DA0000A21504601F0C8FC002800D195E05346C6
:100DB0000130C61AC3E720682369984216D86369D0
:100DC0009A46BB4212D84C4B38009F4200D94B4840
:100DD0005146F2F72FFD5346656A43434A4658464B
:100DE000E169A847051E95DD7F1B79E7BD4200D963
:100DF0003D002A00494601F017FDA36822685B1BED
:100E00005219A3602260002BEED12100584601F058
:100E100077F8002800D07DE77F1B61E73D00BA46E8
:100E2000206851E75A46514601F0FEFC5A46A36835
:100E30005D469B1AA36023685B44236097E7606963
:100E400022682169551A42001218D00F8218681CB6
:100E50005210C01992460195904201D98246020073
:100E60005B0529D51100584600F0D0F8051E37D093
:100E7000019A2169F3F718F9A389214A13408022C6
:100E80001343A3815246019B2561E818D31A3D0004
:100E9000BA4620606261A36016E751462A0001F05D
:100EA000C3FC236821005B190198236001F028F836
:100EB000002800D15BE72DE7584600F0D9FB051E5E
:100EC000E0D12169584601F047F980225946A389AB
:100ED0009343743A1BB20A601EE77B1C1E002FE787
:100EE0000C235A4613600C22A35E15E701204042F2
:100EF000C0E6C04600FCFF7FFEFFFF7FFFFFFF7FD5
:100F00007FFBFFFFF0B5C64600B51D00170086B099
:100F100001AB039301236F43061E90460C9C019185
:100F200002970597049302D0836B002B34D0636E35
:100F3000DB0726D4A2890C23E15E93051ED580230E
:100F40009B011A4205D10B43626EA381184B1340DB
:100F500063662100300003AAFFF75AFE636E002883
:100F60001DD0DB0711D505984146381AF2F78AFCE7
:100F70000500280006B080BCB846F0BDA06D00F0AA
:100F80002DF80C23E15EA289D9E7A3899B05EAD459
:100F9000A06D00F025F8E6E700F0F0FFC7E7DB07FB
:100FA000E7D4A3899B05E4D4A06D00F019F8E0E72D
:100FB000FFDFFFFF10B50400054882B00068009312
:100FC00013000A002100FFF79DFF02B010BDC046CC
:100FD000D81500207047C0467047C0467047C046CD
:100FE0007047C04610B5034B0100186800F00EF8BA
:100FF00010BDC046D815002010B5034B010018687D
:1010000001F0AAF810BDC046D8150020F0B54E4634
:101010004546DE465746E0B50D000B35060083B069
:10102000162D22D8102900D9B2E000F0B1FA10250F
:1010300018230220CC4FFB181A005C68083A94422F
:1010400000D1B5E0032362689A431300E268A16807
:10105000CA6091600122E318596830000A435A605F
:1010600000F09EFA2000083095E007239D4300D54C
:101070008EE0A94200D98BE000F08AFAFC235B00E5
:101080009D4200D2A7E1680A00D18BE0042800D974
:101090007AE138239846A80980443930C100B24F1C
:1010A00079184C680839A1420ED003239C4604E00D
:1010B000002ACBDAE468A14206D062466368934313
:1010C0005A1B0F2AF4DD40463A003C69083294422C
:1010D00000D178E003236168994389460B00491BDE
:1010E0000F2900DD7BE17A613A610029B2DA8022C2
:1010F0009200914500D30FE15909DA0801238B4092
:10110000D2007968D2190B4391687B60E260A160DC
:101110009460CC60012182109140994259D80B42D1
:1011200005D103229043490004300B42FBD0032336
:101130009846C3009946B944CC4682466346DC686B
:10114000A44507D12CE1002A00DB35E1E468A44581
:1011500000D125E14246636893435A1B0F2AF2DD12
:1011600001208046611905436560A068E56808377D
:10117000C560A86040461043F960B9604860CF6020
:1011800030008F60E25000F00BFA2000083002E0DF
:101190000C230020336003B0F0BCBB46B246A94626
:1011A000A046F0BD80213F2340209846890076E785
:1011B000DC680230A34200D044E73A003C690832C0
:1011C000944200D086E701217B68821091409942C9
:1011D000A5D90323BC6862689A439146954203D817
:1011E000531B0F2B00DD89E023004B445F4A019322
:1011F0005F4B93461B681268EB18013200D13DE14A
:101200005C4A944663441B0B1B0300933000009917
:1012100000F0D8FB03008046013300D1FAE0019BC7
:10122000834200D9F4E0544B00981A009A461268A1
:1012300003009446514663440B6001991A004145EE
:1012400000D151E15B461B68013300D156E14346B2
:1012500001995B1A9A1853461A6007234246414681
:101260001A400192194200D112E108239846881AC7
:10127000424B0099804441449B1A5B1A1B051B0D8D
:101280000091300019009B4600F09CFB431C00D1EC
:1012900050E14346C01A03005B4400935346524654
:1012A0001B6801215B44136042464046BA60009AC5
:1012B0000A434260BC4200D124E14A460F2A00D8CA
:1012C00022E107200C3A8243606801400520114367
:1012D0006160A118486088600F2A00D935E1424654
:1012E0004446526826490868984200D20B60254956
:1012F0000868984200D38FE00B608DE0012229003E
:1013000013431143651961603000BD606B6000F0EC
:1013100047F9200008303EE75A0A042A72D9142AF5
:1013200000D9C5E011005C325B31D20008235B427A
:101330009C46BA18944463469A6803239846944599
:1013400000D19EE0434651689943494502D99268CD
:101350009445F7D1D3689C467B686146A260E16002
:101360008C60D460D6E6C046081A0020101E00200B
:10137000FC2000200F100000CC20002008100000EE
:10138000F4200020F8200020142852D9542800D935
:1013900096E06E239846280B80446F30C1007EE6AD
:1013A00008239B46073BDC449B46DA4443465246AF
:1013B000134200D0C2E64CE00122E3185968300025
:1013C0000A435A60E368A268D3609A6000F0E8F8C4
:1013D00020000830DFE62B00E80808332AE6012366
:1013E00060191D43656078613861C26082601A00CF
:1013F0004B460A4342603000E15000F0D1F8200033
:101400000830C8E69A09110039323831D2008DE728
:10141000BC4260D0BC68626803239A43531B954268
:1014200002D80F2B00DD69E7300000F0B9F800208A
:10143000B1E65B23984680445C30C1002FE6082368
:101440005B429C46E1444B469B6801384B4500D0CB
:1014500098E043460342F2D17B688B437B604900AE
:10146000994200D9B5E6002904D1B2E60422944697
:101470004900E2440B42F9D050465AE6103300933B
:10148000C4E68910023B8B4079680B437B6064E7BC
:10149000009B300043445B421B051B0D19009B461B
:1014A00000F090FA431C00D0F3E600239B46F5E6DB
:1014B000542A2BD81A0B11006F326E31D20035E747
:1014C000AA235B0098422BD8DD3B9846E80B80446A
:1014D0007830C100E3E52C4B009A9A461B689C4685
:1014E000534662441A60ADE6090500D0AAE6020040
:1014F000BC684A4401310A436260F3E65B464246F7
:101500001A60AAE64446EDE641608DE7AA2149004B
:101510008A4224D8DA0B110078327731D20005E7FD
:101520001A4B984224D87C239846A80C80447D30DE
:10153000C100B4E5009A019B94464246083B6344CF
:101540009B1A009300239B46A8E621003000083137
:1015500000F002FE5346BC681B686268C2E60B4995
:101560008A420BD89A0C11007D327C31D200DDE624
:10157000FE217E237F209846890090E5FE227E2171
:101580009200D3E67B686AE7CC2000205405000077
:1015900010B50248FFF722FD10BDC046C020002054
:1015A00010B50248FFF71CFD10BDC046C02000204A
:1015B00070B505000E001400002802D0836B002BCC
:1015C0001ED0636EDB0702D4A3899B0522D5A368D6
:1015D000013BA360002B05DAA269934213DBF3B24F
:1015E0000A2B10D0FF2023685A1C22601E70064070
:1015F000636EDB0702D4A3899B050FD5300070BD55
:1016000000F0BCFCDDE731002200280000F0E0FA29
:101610000600EDE7A06DFFF7E1FCD8E7A06DFFF74E
:10162000DFFCEBE7094B10B51C68094AA8342068B9
:101630006168084BF2F7AEFC012200238018594183
:10164000206061604800400810BDC046D8150020E9
:101650002D7F954C2DF45158030010B50A00034915
:101660000868190000F004F810BDC046D815002025
:10167000F0B557464546DE464E46E0B50C0007003D
:10168000904683B0002900D1A8E045460B35FFF70E
:101690007FFF162D70D810251023A84570D826007E
:1016A000083E7168032208009043814600969842E4
:1016B00000DB77E0C24A301893469268824200D13C
:1016C000CAE0426801900092012292465046009A78
:1016D0008243019894468346DC44624650465268F1
:1016E000024200D071E00320009ACB468243944628
:1016F000E3449B4550DA52460A4211D10321326835
:10170000B21A924652688A436146511849448B4640
:10171000994200DB78E04A4493469A4200DB78E045
:1017200041463800FFF772FC8046002820D07368DD
:10173000B446009301230099020099430B00083A34
:101740006344934200D1F7E04A46043A242A00D980
:10175000F7E003002100132A00D9C8E00A681A60E4
:101760004A685A608A689A602100380000F0F4FCE8
:101770003800FFF715FF07E007239D432B1E8CDA87
:101780000C233B6000239846404603B0F0BCBB46A8
:10179000B246A946A046F0BDD946019AD3689268E0
:1017A000D3609A604B465B1B0F2B1CD801214A4625
:1017B00073680B40134373604E4473681943716040
:1017C0003800FFF7EDFEA046DEE70842A8D103216E
:1017D0003268B21A924652688A439CE71100FFF7BA
:1017E00015FC8046D0E7012072687119024003435E
:1017F000154375604B604E44736808311843706040
:10180000380000F0A9FCDBE7019AD3689268D36046
:101810009A6053465246DB6892685646D3609A6097
:101820004A46043A0836242A6BD83300132A09D9C9
:101830005346216899606168D9601B2A00D98EE0FF
:10184000083410332268D9461A6062685A60A26868
:1018500034009A605646A5E75068032290430D3243
:1018600082469446CA44AC44E24552DACA0700D5DF
:1018700056E73168721A0321924652688A4310185B
:101880000100494400918C4500DD44E7534652462F
:10189000DB689268D3609A6008234A465344043A4E
:1018A0009846242A75D8132A08D953462168996086
:1018B0006168D9601B2A71D80834103322681A6015
:1018C00062685A60A2689A60534659195B469960EB
:1018D000009B38005A1B01231A434A605246526843
:1018E00013401D4353465D60FFF75AFE4CE72168E5
:1018F0000160616841601B2A27D821000833083144
:101900002CE721003000340000F08EFFD946564607
:1019100048E75B460098A0464119996053465A1B18
:1019200001231A434A6041680B401D43456038005B
:101930000091FFF735FE27E703225B689343994444
:1019400030E7210000F070FF0EE7A1688160E168D8
:10195000C160242A0CD0210010331031FEE6A168AA
:101960001961E1685961242A0BD01034183369E7F2
:101970002269210002610200606918311833506148
:10198000ECE622699A61524661692033D1611834CC
:1019900058E72100180000F047FF95E7A16819619A
:1019A000E1685961242A02D01034183386E722698D
:1019B0009A61524661692033D16118347EE7C0468E
:1019C000081A0020002370B5064D040008002B60A3
:1019D000F0F79EF9431C00D070BD2B68002BFBD0A4
:1019E0002360F9E7FC260020164B70B504001D6843
:1019F0001F2821D8B7239B00EB58002B0DD0820065
:101A00009B181A68002A08D0012A13D0511C0DD047
:101A1000002119609047002070BD280000F028F8D0
:101A200022000100280000F00FF8F5E7162301203E
:101A30002B60F1E70020EFE7162301202B604042E6
:101A4000EAE7C046D8150020002370B5074D040012
:101A5000080011002B6000F023FE431C00D070BD75
:101A60002B68002BFBD02360F9E7C046FC26002042
:101A700010B500F005FE10BD024670B50A4392078E
:101A80002AD11E4DEE0104C808C9541B94433440AA
:101A900017D0D0B2D9B2401A2106014310D190B26A
:101AA00099B2401A210401430AD110021902000A16
:101AB000090A401A2102014302D1100E190E401AE0
:101AC00070BD9A42DFD010BA19BA884201D90120FC
:101AD00070BD0020C04370BD02780B780130013129
:101AE000002A09D09A4207D102780B7801300131DF
:101AF000002A01D09A42EFD0D01A70BD0101010135
:101B000010B583070AD00300032102E001330B4222
:101B100005D01A78002AF9D1181A10BD03001968E7
:101B20000C4A0D4C8A188A4322420FD15968094A3F
:101B300004338A188A43224208D15968054A04337B
:101B40008A188A432242F1D000E001331A78002A31
:101B5000FBD1E1E7FFFEFEFE8080808030B5002AE9
:101B600026D003000B439B0724D1032A22D9164D0C
:101B70000BE0043A002A1BD0144C1C199C432C4245
:101B800016D104300431032A14D903680C68A34227
:101B9000EFD004780D78AC4213D1012306E0C45C89
:101BA000CD5CAC420DD10133934201D0002CF6D173
:101BB000002030BD04780D78A54202D1012AECD175
:101BC000F6E7601BF5E7C04680808080FFFEFEFEE2
:101BD000F8B505000E001400002802D0836B002B1E
:101BE0004BD0A369A289A3600C23E05E13071FD525
:101BF0002369002B1CD0FF21F7B20E408021890100
:101C00000A4226D022686169D31A99422CDD013339
:101C1000A1680139A160511C2160177062699A4264
:101C20002ED0A389DB0701D50A2E29D03000F8BDBC
:101C30002100280000F044F8002827D1FF21F7B246
:101C40000E408021A28989010C23E05E23690A42AB
:101C5000D8D101430F4AA181616E0A406266616971
:101C60002268D31A9942D2DC2100280000F048F9FA
:101C700000280BD101232268CAE700F07FF9B0E702
:101C80002100280000F03CF90028CFD00126764240
:101C9000CCE7C046FFDFFFFF70B50400080011006D
:101CA0001A000023054D2B60F2F7CEFB431C00D039
:101CB00070BD2B68002BFBD02360F9E7FC260020C9
:101CC000354B70B5050018680C00002802D0836BF6
:101CD000002B21D00C23E25EA389190723D52169AB
:101CE00000292BD0D80708D50020A06060694042A9
:101CF000A0610020002908D070BD00209D0700D4FD
:101D00006069A06000200029F6D11B06F4D54023AD
:101D10001A43A2810138EFE700F030F90C23E25EAC
:101D2000A3891907DBD4D9062DD55B0716D4216901
:101D300008231A43A28193B20029D3D1A020802680
:101D40008000B6001840B042CCD02100280000F03E
:101D500009FB0C23E25E2169A389C3E7216B0029FB
:101D60000AD023004033994204D0280000F0F4F94F
:101D70000C23E25E0023236324239A43002321697A
:101D800063602160D4E709232B60402301201A43BC
:101D9000A2814042B0E7C046D8150020002370B5AC
:101DA000064D040008002B6000F05AFC431C00D0D4
:101DB00070BD2B68002BFBD02360F9E7FC260020C8
:101DC000F0B5C6460C0000B5A28980460C23C95E5A
:101DD00013074CD4802362681B010B43A381002AA4
:101DE00066DDA66A002E3ED04246414615680022B6
:101DF0000A609AB2DB0460D4012300224046E16904
:101E0000B047431C68D0A289A66A530706D5636809
:101E1000C01A236B002B01D0E36BC01A0023020011
:101E2000E1694046B047431C49D143461B68002B3B
:101E300045D01D2B01D0162B57D1A3892F4A134013
:101E4000A38100236360236923604346216B1D60E7
:101E5000002908D023004033994202D0404600F0C8
:101E60007BF900232363002080BCB846F0BD2669BF
:101E7000002EF8D0236826609D1B0023920700D116
:101E80006369A360002D04DCEDE736182D1A002DE0
:101E9000E9DD2B0032004046E169676AB847002857
:101EA000F3DC40220120A38940421343A381DBE7F6
:101EB000E26B002A00DD94E7D5E7206DA5E7A38952
:101EC0000E4A13400022626022691BB2A381226085
:101ED000DB04BAD52065B8E743461B68002B00D168
:101EE00091E71D2B06D0162B04D04022A389134363
:101EF000A381B9E7434600201D60B5E7FFF7FFFF68
:101F000070B505000C00002802D0836B002B15D0A3
:101F10000C22A35E002B17D0626ED20701D49B0562
:101F200014D528002100FFF74BFF636E0500DB0787
:101F300002D4A3899B0515D5280070BD00F01EF8BA
:101F40000C22A35E002BE7D10025F5E7A06DFFF77B
:101F500045F828002100FFF733FF636E0500DB071B
:101F6000EAD4E6E7A06DFFF73BF8E5E710B50249D4
:101F700000F0D4F910BDC046E9240110F8B5DE46E2
:101F800057464E464546E0B506003C4F3800FFF741
:101F900025F8B46B002C68D1394B0322F363B823C6
:101FA0009B00F45004337568F2500833F218043B78
:101FB000F2502800042308220021EB606C662C609C
:101FC0006C60AC602C616C61AC615C30F2F766F8FF
:101FD00028002C4BED619B462B622B4B58309A46C8
:101FE0006B622A4B9946AB62294BEB629846FEF72F
:101FF000F1FFB568274B280008220021EB606C66D2
:102000002C606C60AC602C616C61AC615C30F2F790
:1020100045F85B462B6253466B624B462800AB6229
:102020004346ED61EB625830FEF7D4FFF5681A4B7A
:10203000280008220021EB606C662C606C60AC60AC
:102040002C616C61AC615C30F2F728F85B462B6266
:1020500053466B624B462800AB624346ED61EB6230
:102060005830FEF7B7FF0123B3633800FEF7B8FF1F
:10207000F0BCBB46B246A946A046F8BDC820002029
:102080006D1F01104924011071240110B1240110A9
:10209000DD240110090001001200020010B5024801
:1020A000FEF79CFF10BDC046C420002010B50248BA
:1020B000FEF796FF10BDC046C4200020F8B50C0006
:1020C0000500FFF765FA204FBB685E6803239E4357
:1020D0001E4B341B9C466444240B013C11332403E7
:1020E0009C4207DB00212800FFF76CFCBB689B19B2
:1020F000984204D02800FFF753FA0020F8BD2800CA
:102100006142FFF75FFC431C0DD00122BB68361B08
:1021100016435E600E4B28001A68141B1C60FFF704
:102120003FFA0120EAE700212800FFF74BFCBA68DC
:10213000831A0F2BDEDD07490968401A044908603D
:1021400001210B435360D5E7081A0020EF0F000070
:10215000CC200020101E0020F0B5C64605000C0063
:1021600000B500294FD0FFF713FA210008394C6859
:10217000012622000320B2438F187B688343624804
:1021800098468368BB426AD043467B6026421ED194
:1021900008239C460C688444091B12198C6864450A
:1021A0004FD0CB68E3609C604346FC1864683442BF
:1021B00011D1BB68554C4244A34200D17EE0FC687B
:1021C000DC60A360012313434B608A5006E0FC18D7
:1021D00064683442EDD016434E603A6080239B0021
:1021E0009A4213D25409D3080122A2404468DB006A
:1021F0002243426018188368C8608B608160D96090
:102200002800FFF7CDF980BCB846F0BD530A042B77
:102210003ED89409260039343836E400041923687E
:10222000083C03279C4242D05868B843904202D9E8
:102230009B689C42F8D1DC68CC608B60A160D9605F
:10224000DEE74346F8184068304257D1FB68B8686B
:1022500042441643C36098604E608A50D0E7130032
:102260004344264206D10A68891A8C689B18CA68BA
:10227000E260946001221A434A60254A8160126834
:102280009A42BDD8234B28001968FFF717FFB7E71C
:10229000142B07D9542B1AD8140B26006F346E3622
:1022A000E400BBE71E005C335B36DC00B6E70122CE
:1022B000B610B240466832434260BDE7D9609960CB
:1022C000CB608B60012313434B608A5098E7AA24AC
:1022D0006400A34205D8D40B260078347736E40096
:1022E0009CE70D4CA34205D8940C26007D347C3627
:1022F000E40093E7FE247E26A4008FE73300134317
:102300004B603A607CE7C046081A0020101A002093
:10231000141E0020FC20002054050000F8B547469C
:10232000CE4680B5B827804689460026BF00474480
:102330007B68BC685D1E0DD4A389012B07D90E22D2
:10234000A35E013303D021004046C84706436834EA
:10235000013DF1D23F68002FEAD13000C0BCB94640
:10236000B046F8BDF0B5C64600B58B8905000C0037
:1023700096B09A0709D523004333236023610123D4
:10238000636116B080BCB846F0BD0E22895E00299C
:1023900029DB6A4600F016F9002823DBF023019FB1
:1023A0001B021F40264B80269C4667447B425F41B0
:1023B0008023DB009846360141462800FEF726FEC2
:1023C00000281CD080221F4BEB63A389206013439D
:1023D00042461BB2A38120616261002F1ED13343AC
:1023E000A381CEE7A38900271B0612D54023984678
:1023F000280041460026FEF709FE0028E2D10C2203
:10240000A35E9A05BDD40322934302221343A38102
:10241000B1E78023DB0098460026CDE728000E2395
:10242000E15E00F0E3F8002802D10C22A35ED6E7BB
:102430000322A3899343012213431BB2CFE7C04673
:1024400000E0FFFF6D1F011070B50C000E25495F05
:1024500000F0F2F8002803DB236D1B18236570BD24
:10246000A389024A1340A381F9E7C046FFEFFFFFAB
:10247000F8B50C001F000C23C95E05001600CB0543
:102480000AD40A4B320019402800A1810E23E15ED4
:102490003B00FFF701FCF8BD0E23E15E00220223A2
:1024A00000F0B6F80C23E15EEBE7C046FFEFFFFF5C
:1024B00070B50C000E25495F00F0AAF8431C06D049
:1024C0008023A2895B011343A381206570BDA3898A
:1024D000014A1340A381F9E7FFEFFFFF10B50E2378
:1024E000C95EFFF75BFC10BDF8B506000C1E4DD0B1
:1024F000002802D0836B002B4AD00127636E3B4239
:1025000035D00C22A35E002B40D021003000FFF715
:1025100057FCE36A0500002B04D03000E1699847BE
:1025200000283CDBA3891B063ED4216B002908D080
:1025300023004033994202D03000FFF70DFE002304
:102540002363616C002904D03000FFF705FE0023EF
:102550006364FFF7A3FD0023A381636EDB072CD523
:10256000A06DFEF739FDFFF7A1FD2800F8BDA38996
:102570009B05CAD4A06DFEF731FD0C22A35E002B93
:10258000C3D1636E1D003D403B4212D00025ECE7F5
:102590000127FFF7F3FC636E3B42B2D1E7E7012569
:1025A000A3896D421B06C0D530002169FFF7D4FD19
:1025B000BBE7A06DFEF714FDD7E7A06DFEF710FD99
:1025C000CEE7C046002370B5074D04000800110097
:1025D0002B6000F04DF8431C00D070BD2B68002B21
:1025E000FBD02360F9E7C046FC260020002370B52D
:1025F000064D040008002B6000F04AF8431C00D090
:1026000070BD2B68002BFBD02360F9E7FC2600206F
:1026100070B50400080011001A000023054D2B605E
:1026200000F046F8431C00D070BD2B68002BFBD097
:102630002360F9E7FC26002070B5040008001100B3
:102640001A000023054D2B60F1F7B4FE431C00D0A7
:1026500070BD2B68002BFBD02360F9E7FC2600201F
:1026600058220120014B40421A607047FC2600208E
:1026700058220120014B40421A607047FC2600207E
:1026800058220120014B40421A607047FC2600206E
:102690005822024B00201A607047C046FC260020DA
:1026A00058220120014B40421A607047FC2600204E
:1026B00058220120014B40421A607047FC2600203E
:1026C000F8B5C0460000000001B40248844601BCD1
:1026D000604700BF1B13002001B40248844601BCC0
:1026E000604700BF8D02002001B40248844601BC4F
:1026F000604700BFED01002001B40248844601BCE0
:10270000604700BF1104002001B40248844601BCA8
:10271000604700BF9513002001B40248844601BC05
:10272000604700BF1108002001B40248844601BC84
:10273000604700BFCD12002001B40248844601BCAE
:10274000604700BF2113002001B40248844601BC49
:10275000604700BFB507002001B40248844601BCB1
:10276000604700BF1513002001B40248844601BC35
:10277000604700BF1104002001B40248844601BC38
:10278000604700BFC90E002001B40248844601BC66
:10279000604700BF0901002001B40248844601BC23
:1027A000604700BFB107002001B40248844601BC65
:1027B000604700BF4D01002001B40248844601BCBF
:1027C000604700BFC503002001B40248844601BC35
:1027D000604700BFF512002001B40248844601BCE6
:1027E000604700BF5103002001B40248844601BC89
:1027F000604700BFC507002001B40248844601BC01
:10280000604700BFF90E002001B40248844601BCB5
:10281000604700BF990E002001B40248844601BC05
:10282000604700BFC100002001B40248844601BCDB
:10283000604700BFDD13002001B40248844601BC9C
:08284000604700BF01130020F6
:1028480062617369635F737472696E673A3A5F4D68
:102858005F636F6E737472756374206E756C6C2031
:102868006E6F742076616C69640000004D65737347
:102878006167653A2025640A0000000052535349F5
:102888003A2025730A000000536E723A2025730A15
:10289800000000004C6F5261204475706C65782010
:1028A8002D2053657420737072656164696E6720AA
:1028B800666163746F7200004C6F526120696E69C3
:1028C80074206661696C65642E20436865636B20BB
:1028D800796F757220636F6E6E656374696F6E735E
:1028E8002E0000004C6F526120696E697420737568
:1028F800636365656465642E0000000048654C6F7D
:10290800526120576F726C642120000053656E6419
:10291800696E6720000000004E6F207370696E6C4E
:102928006F636B732061726520617661696C6162A7
:102938006C6500004E6F20757365722049525173A3
:102948002061726520617661696C61626C65000066
:10295800FFFFFFFFFFFFFF7F4861726477617265C9
:1029680020616C61726D20256420616C7265616400
:102978007920636C61696D65640000000A2A2A2A5F
:102988002050414E4943202A2A2A0A00486172648D
:102998002061737365727400666E6900666E692BD8
:1029A800000000006E616E00666E692D0000000078
:1029B8000C2D0010C22C0010C22C0010042D001089
:1029C800C22C0010C22C0010C22C0010C22C001007
:1029D800C22C0010C22C0010C22C0010FC2C0010BD
:1029E800C22C0010F42C0010C22C0010C22C0010B5
:1029F800EC2C0010BE2E00101E2D0010B22E001060
:102A08001E2D0010CE2E00101E2D00101E2D0010A1
:102A18001E2D00101E2D00101E2D00101E2D001042
:102A28001E2D0010142D00101E2D00101E2D00103C
:102A38001E2D00101E2D00101E2D0010142D00102C
:102A4800142F00107E2C00107E2C00107E2C0010FD
:102A58007E2C00107E2C00107E2C00107E2C001086
:102A68007E2C00107E2C00107E2C00107E2C001076
:102A78007E2C00107E2C00107E2C00107E2C001066
:102A88007E2C00107E2C00107E2C00107E2C001056
:102A98007E2C00107E2C00107E2C00107E2C001046
:102AA8007E2C00107E2C00107E2C00107E2C001036
:102AB8007E2C00107E2C00107E2C00107E2C001026
:102AC80042310010E02E0010423100107E2C001020
:102AD8007E2C00107E2C00107E2C00107E2C001006
:102AE8007E2C00107E2C00107E2C00107E2C0010F6
:102AF8007E2C00107E2C00107E2C00107E2C0010E6
:102B08007E2C00107E2C00107E2C0010C62D00108C
:102B18007E2C00107E2C00107E2C00107E2C0010C5
:102B28007E2C00107E2C00107E2C00107E2C0010B5
:102B38007E2C0010C62D0010282F0010C62D001066
:102B480042310010E02E0010423100107E2C00109F
:102B5800C62D00107E2C00107E2C00107E2C00103C
:102B68007E2C00107E2C0010C62D00105230001054
:102B78007E2C00107E2C0010942F00107E2C00104C
:102B8800C62D00107E2C00107E2C0010C62D0010C3
:102B9800000000000000F03F00000000000024409A
:102BA80000000000000059400000000000408F4075
:102BB800000000000088C34000000000006AF840E0
:102BC8000000000080842E4100000000D012634104
:102BD8000000000084D797410000000065CDCD417A
:102BE8006D697373696E6720646F75626C652066C2
:102BF800756E6374696F6E004F7574206F66206D13
:102C0800656D6F727900000052656C6561736500CF
:102C1800626F6F74325F7732357130383000000080
:102C2800312E342E300000007069636F5F7700002A
:102C38004C6F526153657453707265616400000093
:102C48004170722020312032303233000600525059
:102C5800BBFF3CB6302C011006005250E182887F41
:102C6800182C011006005250D3F07542102C011098
:102C78000D0A0000214600102546001031460010BC
:102C88005D460010594600100000000055534220D0
:102C9800737464696E202F207374646F75740000F8
:102CA8000600525053B4F4A1942C01105261737071
:102CB8006265727279205069000000005069636F84
:102CC80000000000426F617264204344430000002A
:102CD8005265736574000000090254000301008006
:102CE8007D080B0002020200000904000001020234
:102CF8000004052400200105240100010424020227
:102D080005240600010705810308001009040100D5
:102D1800020A0000000705020240000007058202BF
:102D28004000000904020000FF0001051201000232
:102D3800EF0201408A2E0A0000010102030100008F
:102D480000000000B42C0110C42C0110502C0020ED
:102D5800CC2C0110D82C0110556E68616E646C651E
:102D6800642049525120307825780A006570202562
:102D7800642025732077617320616C7265616479C2
:102D880020617661696C61626C65000043616E2741
:102D98007420636F6E74696E75652078666572203D
:102DA8006F6E20696E616374697665206570202591
:102DB80064202573000000006F757400696E0000C0
:102DC800A8540010A456001036560010EA550010FA
:102DD800CC550010B455001048550010F65400109A
:102DE800EA5400108059001066590010A2550010CE
:102DF800FE590010A2550010E6590010D2590010D3
:102E0800A2550010BE59001094590010A255001088
:102E1800EE5C0010185A00101E5D0010A25500103C
:102E2800A2550010005D0010185A0010A25500109D
:102E3800A2550010A2550010A2550010A25500106E
:102E4800A2550010A2550010DE5C0010E9640010C5
:102E580065650010916500107566001059670010CF
:102E6800000000005350492043530000781E000022
:102E7800A0280000F03C000040510000127A000039
:102E8800E4A2000024F4000048E8010090D0030008
:102E980020A107000000000000000000F9730010E6
:102EA800D5710010AD700010B1700010B570001031
:102EB80019710010D9720010080052500A38A50480
:102EC80009005250000100006C2E01100D0A00008C
:102ED800696E66006F76660060300110EC2E011096
:102EE800843001104E31305F5F63787861626976B3
:102EF8003131375F5F636C6173735F747970655FDD
:102F0800696E666F4500000000000000E02E0110A9
:102F1800D58D0010ED8D0010B9980010B9980010EB
:102F2800698E00108D8D00104D8E00100D8E0010D2
:102F3800C18D00107374643A3A6261645F657863A6
:102F4800657074696F6E0000182F0110742F0110DE
:102F5800182F0110942F011060300110B82F0110A4
:102F68006C2F0110182F0110CC2F01104E31305F3B
:102F78005F637878616269763131355F5F666F7259
:102F88006365645F756E77696E6445004E31305FC6
:102F98005F637878616269763131395F5F666F7235
:102FA8006569676E5F657863657074696F6E450003
:102FB800537431336261645F657863657074696FF7
:102FC8006E000000537439657863657074696F6EBC
:102FD8000000000000000000602F01103590001074
:102FE8004190001039900010869000103A9100101E
:102FF800EA90001086900010D09000106C9100109C
:103008006C9100106C9100106C91001006910010EA
:10301800F690001086900010D090001060300110DB
:1030280030300110E02E01104E31305F5F63787848
:10303800616269763132305F5F73695F636C6173B7
:10304800735F747970655F696E666F450000000094
:103058000000000024300110859700109D97001093
:10306800B9980010B9980010698E00108D8D001065
:1030780091980010F5970010BD970010182F0110B7
:103088008C300110537439747970655F696E666F9E
:10309800000000007465726D696E6174652063617B
:1030A8006C6C6564207265637572736976656C799A
:1030B8000A0000007465726D696E61746520636151
:1030C8006C6C6564206166746572207468726F77D1
:1030D800696E6720616E20696E7374616E63652026
:1030E8006F66202700000000270A00007465726DD3
:1030F800696E6174652063616C6C656420776974BE
:10310800686F757420616E206163746976652065E7
:103118007863657074696F6E0A0000002020776814
:10312800617428293A20200062617369635F7374AF
:1031380072696E673A3A5F4D5F63726561746500E4
:103148007374643A3A6261645F616C6C6F63000027
:1031580060300110643101106C2F01105374396212
:1031680061645F616C6C6F63000000000000000028
:1031780058310110799B0010919B0010719B001031
:10318800F29B0010C09B0010C09B0010C09B001059
:10319800C09B0010F29B0010F29B0010F29B0010E5
:1031A800F29B0010EE9B0010EE9B0010C09B0010DD
:1031B800EE9B0010EE9B0010EE9B0010EE9B0010A3
:1031C800EE9B0010EE9B0010EE9B0010EE9B001093
:1031D800EE9B0010EE9B0010EE9B0010EE9B001083
:1031E800F29B0010C89B0010C89B0010C89B0010E1
:1031F800C89B0010C89B0010C89B0010C89B0010FB
:10320800C89B0010C09B0010EE9B0010EE9B0010A6
:10321800EE9B0010EE9B0010EE9B0010F29B00103E
:10322800EE9B0010C89B0010C49B0010C09B0010B0
:10323800F29B0010C09B0010C89B0010C89B001098
:10324800EE9B0010C49B0010F29B0010F29B001034
:10325800EE9B0010EE9B0010EE9B0010C09B001030
:10326800C09B0010C09B0010C09B0010C09B0010AA
:10327800EE9B0010C09B0010C09B0010EE9B00103E
:10328800C09B0010F29B0010F29B0010EE9B0010F8
:10329800EE9B0010EE9B0010F29B0010F29B0010BA
:1032A800F29B0010EE9B0010EE9B0010EE9B0010AE
:1032B800C09B0010C89B0010C09B0010C89B00104A
:1032C800C89B0010309D0010409D0010409D0010CC
:1032D800409D0010369D0010309D0010309D00105C
:1032E800329D0010329D0010409D0010409D00103E
:1032F800409D0010409D0010409D0010409D001012
:10330800409D0010409D0010409D0010409D001001
:10331800409D0010409D0010409D0010409D0010F1
:10332800409D0010309D0010409D0010409D0010F1
:10333800409D0010409D0010409D0010409D0010D1
:10334800409D0010409D0010409D0010409D0010C1
:10335800609D0010609D0010409D0010409D001071
:10336800309D0010409D0010409D0010409D0010B1
:10337800409D00102A9D0010409D0010409D0010A7
:10338800409D0010409D0010409D0010309D001091
:10339800329D0010409D0010409D0010409D00107F
:1033A800409D0010409D0010409D0010409D001061
:1033B800409D0010409D0010409D0010409D001051
:1033C800409D0010409D0010309D0010309D001061
:1033D800409D00102A9D00102A9D00102A9D001073
:1033E8002A9D0010309D0010409D0010409D001047
:1033F800409D0010409D0010409D0010409D001011
:10340800409D0010409D0010509F0010549F0010D8
:10341800549F0010549F0010549F00103E9F0010AE
:10342800509F0010609F0010609F0010549F001074
:10343800549F0010549F0010549F0010549F001078
:10344800549F0010549F0010549F0010549F001068
:10345800549F0010549F0010549F0010549F001058
:10346800549F0010549F0010509F0010549F00104C
:10347800549F0010549F0010549F0010549F001038
:10348800549F0010549F0010549F0010549F001028
:10349800549F0010549F0010549F0010549F001018
:1034A800549F0010509F0010549F0010549F00100C
:1034B800549F0010549F0010509F0010549F0010FC
:1034C800549F0010549F0010549F0010549F0010E8
:1034D800509F0010609F0010549F0010549F0010D0
:1034E800549F0010549F0010549F0010549F0010C8
:1034F800549F0010549F0010549F0010549F0010B8
:10350800549F0010549F0010549F0010509F0010AB
:10351800509F0010549F0010549F0010549F00109B
:10352800509F0010509F0010509F0010549F001093
:10353800549F0010509F0010509F001062A500106B
:1035480062A5001062A5001062A5001062A5001017
:1035580062A5001062A5001062A5001062A5001007
:1035680062A50010BCA40010BCA40010BCA40010EC
:10357800BCA40010BCA40010BCA40010BCA4001083
:1035880026A70010BCA400108AA6001066A600108A
:10359800BCA400105AA6001022A60010BCA400105B
:1035A800BCA40010BCA40010BCA40010BCA4001053
:1035B800A2A7001062A5001006A60010EAA5001038
:1035C800BCA40010CEA5001086A50010D6A6001039
:1035D800A6A60010BCA40010BCA40010BCA4001037
:1035E800BCA4001062A50010BCA40010BCA400106C
:1035F800BCA40010BCA40010BCA40010BCA4001003
:1036080020A5001020A5001020A5001020A500105E
:1036180020A5001020A5001020A5001020A500104E
:1036280020A5001020A50010BCA4001020A50010A3
:1036380020A5001020A5001020A50010BCA4001093
:10364800BCA40010BCA4001020A5001020A50010E8
:103658003EA6001020A5001020A5001020A50010EF
:1036680020A5001020A50010DCA70010BCA40010A5
:10367800BCA40010BCA40010BCA40010BCA4001082
:10368800BCA40010BCA40010BCA40010BCA4001072
:10369800BCA40010BCA40010BCA40010BCA4001062
:1036A8008AA40010BCA40010BCA40010BCA4001084
:1036B800BCA40010BCA40010BCA40010BCA4001042
:1036C800BCA40010BCA40010BCA40010BCA4001032
:1036D800BCA400107AA80010BCA400104EA80010CA
:1036E80036A9001006A90010D6A80010BCA4001026
:1036F800A6A80010DEA90010BCA40010BCA40010ED
:10370800BCA40010BCA40010AEA90010BCA40010FA
:1037180096A90010BCA40010BCA4001066A9001053
:103728008AA4001068AA00100EAA0010A0AF00100A
:10373800F4AF0010E2AF0010FAAF0010EEAF0010C7
:10374800E8AF00108AB80010B2B6001050B80010E8
:10375800B2B60010B2B60010D2B80010B2B600105F
:10376800C0B80010AEB800109CB80010B2B6001077
:10377800B2B60010B2B60010B2B60010B2B6001061
:10378800B2B60010B2B60010B2B60010FAB8001007
:10379800E4B80010B2B600100CB900103EB8001022
:1037A800B2B60010B2B60010B2B60010B2B6001031
:1037B800B2B60010B2B60010B2B60010B2B6001021
:1037C800B2B60010B2B60010B2B60010FEB70010C4
:1037D800B2B60010B2B60010B2B60010B2B6001001
:1037E800CCB70010B2B60010B2B60010B2B60010D6
:1037F800B2B60010B2B60010B2B60010B2B60010E1
:10380800B2B60010B2B60010B2B60010B2B60010D0
:10381800B2B60010B2B600109AB700101AD900104C
:103828005EC400105EC40010A4C5001076C7001066
:103838004ED80010E2D70010FCCA0010CECA001003
:103848003AD50010D8D400106CD20010F4D1001072
:1038580012C70010AEC60010C6C40010C0CD0010BC
:1038680034CC0010F8CC00106CCB00105CCD0010EC
:10387800D0CB001098CC0010B8D800106ED400102F
:103888008CC200108CC200108CC200103EC2001006
:103898003EC200103EC200103EC200103EC20010E0
:1038A8003EC200103EC2001082C3001082C3001046
:1038B8003EC200103EC2001084D900109CD50010F2
:1038C80092D70010BED600104CC30010CCD2001006
:1038D8004CC30010CAC20010CAC2001008CB0010A6
:1038E8009CD10010CED0001038D10010C0C20010FA
:1038F80010CF0010DECF001074CF0010EACF0010F8
:10390800C0C2001040D60010C0C20010C0C20010D3
:10391800DCC30010DCC30010BED50010A8D5001011
:103928004AD40010D4D3001072D300102AC5001056
:1039380048CE00106CCA0010C0C20010EEC90010BA
:10394800ACCE00108AC90010D0C8001068C800109A
:103958003EC20010FEC700103EC200103EC200105A
:1039680062E7001056E700104AE700103EE7001033
:103978006EE70010E0ED0010F2EB0010F2EB001023
:10398800F2EB0010F2EB0010F2EB0010F2EB00107B
:10399800F2EB0010F2EB0010F2EB0010F2EB00106B
:1039A800F2EB0010F2EB0010F2EB0010F2EB00105B
:1039B800F2EB0010F2EB0010F2EB0010F2EB00104B
:1039C800F2EB0010F2EB0010F2EB001008EC001024
:1039D80064EC0010C0EC001008EC001064EC00105F
:1039E800C0EC00107AED001096ED0010B6ED001056
:1039F8008CF10010EAED00100AEE001066EE0010DF
:103A0800C4EE0010F2EB0010F2EB0010F2EB001025
:103A1800F2EB001022EF0010F2EB0010B8EF0010EC
:103A2800F2EB0010F2EB0010F2EB0010F2EB0010DA
:103A3800F2EB0010F2EB0010F2EB0010F2EB0010CA
:103A4800F2EB0010F2EB0010F2EB0010F2EB0010BA
:103A5800F2EB0010F2EB0010F2EB0010F2EB0010AA
:103A6800F2EB0010F2EB0010F2EB0010F2EB00109A
:103A7800F2EB0010F2EB0010F2EB0010F2EB00108A
:103A8800F2EB0010F2EB0010F2EB0010F2EB00107A
:103A9800F2EB0010F2EB0010F2EB001018F000103F
:103AA800F2EB001076F000101CED0010B6F20010DA
:103AB800B6F20010B6F2001076F3001076F300109C
:103AC80076F3001076F3001076F30010B6F20010CB
:103AD800D8F30010D8F30010D8F30010B6F2001095
:103AE800B6F2001076F3001076F3001076F30010AB
:103AF80076F30010B6F20010740000001C430110A9
:103B0800030000001C430110030000000000000037
:103B18000000000061000000484601100E0000008F
:103B2800484601100E000000584601100900000028
:103B38006200000064460110110000006446011094
:103B480011000000784601100C000000730000000E
:103B5800884601100B000000944601104600000042
:103B6800784601100C00000069000000DC460110D6
:103B78000C000000EC460110310000002047011045
:103B88000D0000006F000000304701100C0000001D
:103B98004047011031000000744701100D0000007B
:103BA80064000000844701100D00000094470110D4
:103BB80032000000C84701100E000000D84701106D
:103BC800DC4701100200000002000000E04701107D
:103BD800E44701100100000002000000E84701105E
:103BE8000C4601100200000002000000EC47011022
:103BF800F04701100100000001000000F447011027
:103C0800F04701100100000002000000F847011011
:103C1800FC470110080000000100000008480110DE
:103C28000C480110090000000100000018480110AC
:103C3800FC47011008000000010000001C480110AA
:103C4800204801100A000000020000002C48011062
:103C58003048011002000000020000003448011042
:103C68003848011001000000020000003C48011023
:103C78004048011001000000010000004448011004
:103C88004848011002000000020000004C480110E2
:103C98005048011009000000010000005C480110B4
:103CA800604801100C00000002000000704801107C
:103CB800744801100100000001000000784801105C
:103CC8007C48011007000000010000008448011032
:103CD8008848011002000000020000008C48011012
:103CE800D4490110010000000200000090480110B2
:103CF80094480110010000000200000098480110DB
:103D08009C4801100200000002000000A0480110B9
:103D1800A44801100100000002000000A84801109A
:103D2800AC4801100200000002000000B048011079
:103D3800444501100300000003000000B4480110CE
:103D4800444501100300000003000000B8480110BA
:103D5800444501100300000002000000BC480110A7
:103D6800444501100300000002000000C048011093
:103D7800C44801100200000002000000C8480110F9
:103D88003C4301100200000001000000CC48011073
:103D98001C4701100100000002000000D04801107B
:103DA800D44801100200000002000000D8480110A9
:103DB800DC48011003000000020000005429011033
:103DC800E04801100200000002000000E448011071
:103DD800E84801100B00000001000000F448011041
:103DE800F84801100200000002000000FC48011021
:103DF8000049011001000000020000000449011000
:103E08000849011002000000020000000C490110DE
:103E180010490110020000000200000014490110BE
:103E28001849011001000000020000001C4901109F
:103E38007448011001000000020000002049011030
:103E48002449011002000000010000002849011067
:103E58002C4901100500000003000000344901103E
:103E6800384901100200000002000000184B011040
:103E78001849011001000000010000003C49011030
:103E880040490110010000000100000044490110F0
:103E98004849011003000000030000004C490110CC
:103EA80050490110020000000200000054490110AE
:103EB8005849011002000000020000005446011099
:103EC8005C49011001000000020000006049011077
:103ED8006449011002000000020000006849011056
:103EE8006C49011001000000020000007049011037
:103EF8007449011003000000020000007849011015
:103F08007C490110020000000100000080490110F6
:103F18006C490110010000000100000084490110F3
:103F2800884901100200000002000000FC44011052
:103F38008C490110010000000300000090490110A5
:103F48009449011002000000020000009849011085
:103F58009C4901100300000002000000A049011064
:103F6800A44901101000000002000000B849011027
:103F7800BC4901100100000002000000C049011006
:103F8800C44901100200000002000000C8490110E5
:103F9800CC4901100900000001000000D8490110B7
:103FA800CC4901100900000001000000DC490110A3
:103FB800E04901100B00000002000000EC4901106C
:103FC800F049011003000000020000002848011019
:103FD800F44901100700000001000000FC4901102D
:103FE800F44901100700000001000000004A011018
:103FF800044A011005000000000000000C4A0110EE
:10400800104A011006000000010000000000000036
:10401800000000000000000000000000184A011025
:104028000B000000184A01100B00000000000000FF
:10403800244A0110040000002C4A01100700000067
:1040480007000000344A0110040000003C4A011037
:104058000400000000000000444A011006000000AF
:10406800444A011006000000080000004C4A0110F4
:104078000B0000004C4A01100B0000000800000073
:10408800584A011005000000584A011005000000B8
:1040980008000000604A01100A000000604A011090
:1040A8000A000000080000006C4A01100D00000022
:1040B8006C4A01100D000000000000007C4A01104D
:1040C800030000007C4A011003000000010000000A
:1040D800804A01100C000000904A011008000000FE
:1040E80002000000000000000000000000000000C6
:1040F80000000000000000009C4A011004000000BD
:104108009C4A01100400000003000000A44A0110AA
:104118000D000000A44A01100D000000040000007A
:10412800B44A011008000000B44A01100800000059
:1041380000000000C04A011011000000C04A011030
:104148001100000000000000000000000000000056
:104158000000000000000000000000000000000057
:104168000000000000000000000000000000000047
:104178000000000000000000000000000000000037
:1041880000000000D44A011005000000D44A0110C4
:104198000500000000000000DC4A01100E000000CD
:1041A800DC4A01100E0000000000000000000000C2
:1041B80000000000000000000000000000000000F7
:1041C800EC4A011004000000EC4A01100400000051
:1041D80009000000F44A011007000000344A0110E9
:1041E8000400000000000000FC4A01100900000063
:1041F8009C4A01100400000005000000084B011053
:1042080012000000084B0110120000000600000018
:10421800444501100300000044450110030000005C
:10422800000000001C4B0110090000001C4B01108D
:104238000900000000000000284B011009000000E0
:10424800284B01100900000000000000344B011049
:104258000A000000344B01100A00000000000000B2
:10426800404B011004000000404B01100400000006
:1042780008000000484B011007000000484B0110DF
:104288000700000000000000504B0110080000006B
:10429800504B011008000000000000005C4B0110AA
:1042A800080000005C4B011008000000000000003E
:1042B80020430110110000002043011011000000EC
:1042C80000000000256400005F474C4F42414C5FEE
:1042D8000000000028616E6F6E796D6F7573206E37
:1042E800616D657370616365290000006175746FA5
:1042F800000000006465636C7479706528617574EA
:104308006F290000737472696E67206C6974657236
:10431800616C0000737464006465636C7479706523
:10432800286E756C6C707472290000005B6162699C
:104338003A0000003A3A00007B64656661756C7467
:1043480020617267230000007D3A3A006175746F3E
:104358003A00000074656D706C617465207061725C
:10436800616D65746572206F626A65637420666F3B
:1043780072200000767461626C6520666F7220009E
:1043880056545420666F722000000000636F6E73ED
:104398007472756374696F6E20767461626C6520DF
:1043A800666F7220000000002D696E2D000000006D
:1043B80074797065696E666F20666F722000000000
:1043C80074797065696E666F206E616D6520666FC1
:1043D8007220000074797065696E666F20666E20C1
:1043E800666F7220000000006E6F6E2D7669727421
:1043F80075616C207468756E6B20746F2000000006
:10440800636F76617269616E742072657475726E1D
:10441800207468756E6B20746F2000006A61766185
:1044280020436C61737320666F7220006775617238
:1044380064207661726961626C6520666F72200023
:10444800544C5320696E69742066756E6374696F85
:104458006E20666F72200000544C53207772617092
:104468007065722066756E6374696F6E20666F7210
:10447800200000007265666572656E63652074656C
:104488006D706F726172792023000000686964643E
:10449800656E20616C69617320666F722000000090
:1044A8006E6F6E2D7472616E73616374696F6E20C6
:1044B800636C6F6E6520666F722000005F536174D5
:1044C800200000005F467261637400005F4163630F
:1044D800756D00002C2000006F70657261746F723A
:1044E800000000006F70657261746F722000000038
:1044F8003E28000071750000203A20006E65772084
:1045080000000000756C00006C6C0000756C6C009D
:1045180066616C73650000007472756500000000C8
:104528006A617661207265736F7572636520000039
:104538006465636C74797065202800002E2E2E0047
:1045480074686973000000007B7061726D2300005D
:10455800676C6F62616C20636F6E737472756374DD
:104568006F7273206B6579656420746F200000009A
:10457800676C6F62616C2064657374727563746FC5
:104588007273206B6579656420746F2000000000E9
:104598007B6C616D626461280000000029230000C3
:1045A8007B756E6E616D656420747970652300009B
:1045B800205B636C6F6E65200000000020726573DD
:1045C800747269637400000020766F6C6174696CA2
:1045D8006500000020636F6E7374000020747261C0
:1045E8006E73616374696F6E5F7361666500000066
:1045F800206E6F65786365707400000020746872BF
:104608006F77000026260000205F436F6D706C6591
:1046180078000000205F496D6167696E61727900FA
:104628003A3A2A00205F5F766563746F722800004B
:10463800282E2E2E000000002E2E2E29000000000D
:104648007374643A3A616C6C6F6361746F720000E2
:10465800616C6C6F6361746F720000007374643A0C
:104668003A62617369635F737472696E6700000010
:1046780062617369635F737472696E67000000003A
:104688007374643A3A737472696E67007374643A47
:104698003A62617369635F737472696E673C6368D9
:1046A80061722C207374643A3A636861725F747241
:1046B800616974733C636861723E2C207374643A58
:1046C8003A616C6C6F6361746F723C636861723ECF
:1046D800203E00007374643A3A6973747265616DC0
:1046E800000000007374643A3A62617369635F6939
:1046F80073747265616D3C636861722C20737464B5
:104708003A3A636861725F7472616974733C636892
:1047180061723E203E00000062617369635F6973E5
:10472800747265616D0000007374643A3A6F737453
:104738007265616D000000007374643A3A626173D7
:1047480069635F6F73747265616D3C636861722C35
:10475800207374643A3A636861725F747261697451
:10476800733C636861723E203E00000062617369B9
:10477800635F6F73747265616D0000007374643AEF
:104788003A696F73747265616D0000007374643AFE
:104798003A62617369635F696F73747265616D3CD6
:1047A800636861722C207374643A3A636861725F5B
:1047B8007472616974733C636861723E203E0000E4
:1047C80062617369635F696F73747265616D00001C
:1047D800614E0000263D0000615300003D000000CE
:1047E800616100006164000026000000616E000045
:1047F80061740000616C69676E6F662000000000DC
:1048080061770000636F5F61776169742000000061
:10481800617A000063630000636F6E73745F6361A5
:1048280073740000636C000028290000636D0000A9
:104838002C000000636F00007E000000645600003A
:104848002F3D00006461000064656C6574655B5D04
:10485800200000006463000064796E616D69635F25
:104868006361737400000000646500002A000000A2
:10487800646C000064656C657465200064730000F6
:104888002E2A000064740000647600002F000000E7
:10489800654F00005E3D0000656F00005E0000008F
:1048A800657100003D3D0000664C00006652000046
:1048B800666C000066720000676500003E3D0000FF
:1048C8006773000067740000697800005B5D000092
:1048D8006C5300003C3C3D003C3D00006C6900000E
:1048E8006F70657261746F72222220006C73000011
:1048F8003C3C00006C7400003C0000006D49000066
:104908002D3D00006D4C00002A3D00006D6900003F
:104918002D0000006D6C00006D6D00002D2D000055
:104928006E6100006E65775B5D0000006E650000DB
:10493800213D00006E740000210000006E77000029
:104948006E6577006F5200007C3D00006F6F0000BD
:104958007C7C00007C000000704C00002B3D0000B7
:10496800706C00002B000000706D00002D3E2A00C6
:10497800707000002B2B0000707300007074000032
:104988002D3E00003F000000724D0000253D000054
:10499800725300003E3E3D00726300007265696E0E
:1049A800746572707265745F6361737400000000EF
:1049B800726D000025000000727300003E3E00008A
:1049C8007350000073697A656F662E2E2E00000002
:1049D800735A0000736300007374617469635F63E2
:1049E80061737400737300003C3D3E0073697A651F
:1049F8006F662000737A0000747200007468726F2A
:104A080077000000747700007468726F77200000E8
:104A18007369676E6564206368617200626F6F6CAA
:104A280000000000626F6F6C65616E006368617200
:104A3800000000006279746500000000646F756210
:104A48006C6500006C6F6E6720646F75626C650042
:104A5800666C6F61740000005F5F666C6F61743133
:104A680032380000756E7369676E6564206368612B
:104A780072000000696E7400756E7369676E656414
:104A880020696E7400000000756E7369676E656456
:104A9800000000006C6F6E6700000000756E73699F
:104AA800676E6564206C6F6E670000005F5F696EFB
:104AB8007431323800000000756E7369676E656482
:104AC800205F5F696E7431323800000073686F725E
:104AD80074000000756E7369676E65642073686F93
:104AE80072740000766F6964000000007763686183
:104AF800725F74006C6F6E67206C6F6E67000000E9
:104B0800756E7369676E6564206C6F6E67206C6F75
:104B18006E670000646563696D616C333200000084
:104B2800646563696D616C363400000064656369AF
:104B38006D616C313238000068616C6600000000FD
:104B480063686172385F74006368617231365F74DC
:104B5800000000006368617233325F740000000077
:104B680060300110804B01106C2F01106030011073
:104B7800904B0110684B0110537431316C6F6769A9
:104B8800635F6572726F7200537431326C656E6761
:104B980074685F6572726F720000000000000000A8
:104BA800684B0110CD0801104D090110C90801100A
:104BB80000000000744B01100D0901109509011047
:104BC800C908011062617369635F737472696E6703
:104BD8003A3A5F535F636F6E737472756374206ED5
:104BE800756C6C206E6F742076616C6964000000CF
:104BF80062617369635F737472696E673A3A5F538F
:084C08005F63726561746500D1
:104C10004546FF7F70800F01B0B0B0ABFFFF0116BB
:104C20004030A20200A40104B40200B80160A20254
:104C300000B00204000000001D46FF7FF0800E015E
:104C4000B0B0B0ABFFFF01150E3A0000AA0114CCC2
:104C50000200DA0108EE0200A8024600000000008F
:104C600080020181B0B0AB30000000008001018102
:104C7000B0B0AB100000000080040181B0B0ABF018
:104C80000000000080010181B0B0AB100000000006
:104C900080040181B0B0AB300000000080040181CD
:104CA000B0B0ABF00000000080010181B0B0AB708B
:104CB0000000000080010181B0B0AB700000000076
:104CC00080020181B0B0ABF00000000080010181E2
:104CD000B0B0AB100000000080020181B0B0AB307A
:104CE0000000000080020181B0B0ABF000000000C5
:104CF00080010181B0B0AB70000000003080018104
:104D0000B0AB08B100000000800A0181B0B0AB3048
:104D10000000000080140181B0B0ABF00000000082
:104D200030800181B0AB08B100000000800101813A
:104D3000B0B0AB1000000000F0800181B0AB08B152
:104D4000000000001145FF7FF0801201B0B0B0AB51
:104D5000FF1019011026C20700008A0804C00901CB
:104D6000D40804000001000000000000E944FF7FB7
:104D7000B0B0AA00FF1019010C020608010C0410C3
:104D8000051E08000001007F00007D0000000000FB
:104D90000000000080030181B0B0AB1000000000F3
:104DA000B544FF7FB0AA0100FF102901183234007A
:104DB000007204AA01037C2E0000C60118EE010057
:104DC000E8010E00000200017D000000000000006C
:104DD0009CE1FFFF8144FF7FB0B0AA00FFFF010804
:104DE0000E041C00180E00006D44FF7FB0B0AA0036
:104DF000FFFF01080E041C00180E00008001018155
:104E0000B0B0ABB0000000004D44FF7FF080040163
:104E1000B0B0B0ABFF1019010F480A520196014A19
:104E2000E60100EE010400000100000000000000A7
:104E30002544FF7FB0B0AA00FFFF01001944FF7FA7
:104E400010800101B0B0B0ABFFFF0108224C6E0032
:104E50007404000074B20181B0AB30800000000027
:104E600080080181B0B0ABF0000000003F0201817A
:104E7000B0AB30800000000080060181B0B0ABF024
:044E8000000000002E
:104E840088B4FE7F88FDFF7FD8B5FE7FA8FDFF7F35
:104E940068B7FE7F010000001822FF7FC0FDFF7F7E
:104EA4007422FF7FC4FDFF7F2823FF7FC8FDFF7F9F
:104EB4002424FF7FCCFDFF7F3C25FF7FD0FDFF7FB7
:104EC4002C26FF7FD4FDFF7F5429FF7FD8FDFF7F71
:104ED400602BFF7FDCFDFF7FC42CFF7FE0FDFF7FA5
:104EE400D02FFF7FE4FDFF7F3430FF7FE8FDFF7F9D
:104EF400A430FF7FECFDFF7FE831FF7FF0FDFF7FF3
:104F04006833FF7F010000009C33FF7FAB08B18052
:104F14000034FF7FB0B0A8800434FF7FDCFDFF7F46
:104F24005C34FF7FB0B0AA809034FF7FAB70808088
:104F34002835FF7FB0B0AA806C35FF7FC8FDFF7FA6
:104F44000036FF7FB0B0AA80D436FF7FB0B0A8800F
:104F54001437FF7FB0B0AA807C38FF7FB4FDFF7F99
:104F6400B839FF7FB0AB0280043AFF7F008402802F
:104F74001C3AFF7FB0AA0180803AFF7FB0AB028069
:104F8400143BFF7F98FDFF7F9C3DFF7F00840280E0
:104F9400A43DFF7FB0AA0180F03DFF7FB0A904804B
:104FA4001C3EFF7F01000000BC3EFF7FAB08B180C8
:104FB400D83EFF7F01000000E43EFF7F6CFDFF7FD1
:104FC4009C3FFF7F010000009440FF7F68FDFF7F4E
:104FD400A041FF7FB0B0A880E041FF7FAB08B18063
:104FE4007042FF7F5CFDFF7F3047FF7F7CFDFF7FCA
:104FF4005047FF7F010000005847FF7FB0B0A880F2
:105004006847FF7F01000000B047FF7FB0AB02801C
:10501400E047FF7F7CFDFF7F7448FF7FAB08B180D2
:105024009048FF7F01000000C048FF7F70FDFF7FB4
:10503400CC49FF7FB0B0A880E449FF7F94FDFF7F97
:105044000C4AFF7FA0FDFF7F344AFF7FB0B0A880E9
:10505400684AFF7FA4FDFF7F144BFF7F010000001F
:10506400DCB4FF7FA0FDFF7FD4B5FF7FC0FDFF7FD1
:1050740040B6FF7FB0B0A880FCB6FF7F01000000FF
:1050840040B7FF7FB0B0AA806CB7FF7FB0B0A880F4
:10509400D4B7FF7F01000000ECB7FF7FB0B0A88059
:1050A40024B8FF7F0100000030B9FF7F8CFDFF7F33
:1050B400B0B9FF7FB0B0A88034BAFF7F0100000010
:1050C40004B4FE0FB0A9028098B4FE0FB0B0A8805B
:1050D400ECB4FE0F01000000F8B4FE0FB0B0AA80DB
:1050E4002CB5FE0F6CFDFF7FF4B5FE0F0100000030
:1050F400F0B5FE0FAA3F39803CB6FE0FB0B0A880D1
:1051040048B6FE0FB0B0AA8088B6FE0FB0B0A88033
:105114009CB6FE0F0100000098B6FE0FB0B0A88048
:10512400A0B6FE0F0100000030B7FE0FAA0FB28038
:1051340098B7FE0F28FDFF7F7CBAFE0FB0B0A880A1
:1051440098BAFE0F24FDFF7FF8BCFE0F010000009B
:1051540068BEFE0F0084048078BEFE0FB0B0A88045
:1051640078BEFE0F10FDFF7F60C1FE0F0084048037
:1051740080C1FE0FB0B0A88098C1FE0F01000000EE
:10518400B4020010A80200109C020010542C01105C
:1051940090020010602C01106C2C0110C02E011024
:0851A400C82E0110A82C011017
:1051AC00D02330B500251B0600245D5706E00368AC
:1051BC00BFF35F8F1C6081F3108820BF0268EFF390
:1051CC00108172B61368002BFCD0BFF35F8F03798C
:1051DC007F2BECD905710368BFF35F8F00221A6037
:1051EC0081F3108830BDC04603000068EFF3108CCB
:1051FC0072B60268002AFCD0BFF35F8F04229A5665
:10520C00002A0BDB00290FD000200A601B68BFF3BB
:10521C005F8F00221A608CF310887047D022120620
:10522C00126801201A71F1E70020EFE7F0B5C646CD
:10523C0000B582B00C00070001F0AEF9FA22002391
:10524C000090019120009200002101F09DF9009A3C
:10525C00019B14001D0024184D41AB422FD82BD0BC
:10526C00D0231B061B68002698460BE03B68BFF357
:10527C005F8F1E6081F310882000290001F074F903
:10528C00002820D13A68EFF3108172B61368002B16
:10529C00FCD0BFF35F8F3B797F2BE7D943463B7143
:1052AC003B68BFF35F8F00221A6081F310880120E6
:1052BC0002B080BCB846F0BD009BA342D0D90124FB
:1052CC006442E517CCE70020F2E7C0460268EFF332
:1052DC00108172B61368002BFCD0BFF35F8FFF23D5
:1052EC0003710368BFF35F8F00221A6081F310888B
:1052FC0040BF7047084810B50378002B0AD18023B3
:10530C000649074A5B051C68CC5004339342FAD11A
:10531C000123037010BDC046692C002064250010C9
:10532C000001001010B5024B0133984710BDC04668
:10533C0064250020034B1A68C0239B009343024A48
:10534C00136070470C8001400C900140054B1A68AB
:10535C0080239B005340C02292001340024A1360EA
:10536C007047C0460C8001400C9001401423F0B5EE
:10537C00D6464F4646469A46814618880433C0B5F1
:10538C0098460E001B88274914009847534607007F
:10539C001888434624491B889847534605001888AB
:1053AC00434622491B8898478046FFF7A3FFB8471E
:1053BC00A847FFF7CBFF002C1BD0C02122000827E9
:1053CC00022049053D008B6A1D4018420BD0002C71
:1053DC0009D0131B0D2B1FD84B461B78013C0B66B9
:1053EC0001239C46E1442300002D0CD11343002BD8
:1053FC00E8D1FFF79FFFC047FFF794FFE0BCBA4628
:10540C00B146A846F0BD002AF1D00B6E013A3370BC
:10541C00130001362343EAE7002DD3D0002AD1D064
:10542C00F3E7C046494600004558000046430000DB
:10543C00F0B54F464646D6468946C0B50600181EFE
:10544C001BD01D001C000223984602339C46002DE5
:10545C0018D02B0008334146F76839421FD0A342BD
:10546C001DD901214B468A461B78013DB360D144BE
:10547C002B00002C08D1002BE9D1E0BCBA46B14678
:10548C00A846F0BD002CF8D06346F7683B42DED04E
:10549C00B368013C1370230001322B43EBE7002C63
:1054AC00F2D1D8E730B50400101E0AD00A000D184E
:1054BC000221E3681942FCD013780132A3609542B3
:1054CC00F7D1E3685B0704D50421A368E3681942AC
:1054DC00FBD11021E3681942FCD1E3685B0704D5CA
:1054EC000421A368E3681942FBD10123236230BD78
:1054FC007047C04603685A0004D580221206134335
:10550C00C01870475B005B08FAE7C046F8B5574611
:10551C004546DE464E469046E0B50700002924D0AD
:10552C004B1E9A46994600239B465B464B44DC0F28
:10553C00E4186410E5007E193000FFF7DBFFA2458C
:10554C000CD040450CD8280008303818FFF7D2FF93
:10555C00013840450AD2631C9B46E6E7404505D915
:10556C00A34502D0631E9946DFE700263000F0BC4D
:10557C00BB46B246A946A046F8BDC046030001286A
:10558C0005D0022807D00020002B02D0704703481A
:10559C00FCE70348FAE70348F8E7C046C50B0020D0
:1055AC00B90B0020D10B002030B5234B050083B084
:1055BC008C1E002B26D0200001A900E000BF002883
:1055CC001CD001992200FFF7A1FF041E16D0FFF793
:1055DC0091FF6368A864012B2AD0201D002B23DBCC
:1055EC00FFF788FF0023E8642B650368002B0FDBB3
:1055FC00FFF780FF2861002003B030BD0023092095
:10560C002B61F9E70D480E49091AC9100191D9E728
:10561C001801000FFFF7B2FF2861431E98410823C1
:10562C00404298430930E7E70123E8642B65DCE747
:10563C00002305202B61DFE700000000844E0110E1
:10564C0084510110036810B50400DA0705D49B07D8
:10565C000AD5483000F080FC23685A070AD51A078F
:10566C000FD5DB0615D510BD483000F071FC236852
:10567C005A07F4D42000D03000F072FC23681A07CB
:10568C00EFD420005130FF3000F06EFC2368DB06B5
:10569C00E9D42000D130FF3000F06AFCE3E7C046CB
:1056AC000920704703000068002800D0C01870471C
:1056BC007047C04670B504000D002000296CFFF740
:1056CC0073FF002811D12B6C2A006361210001208B
:1056DC00236998470828F0D0072806D10020296CA8
:1056EC00FFF7E6FF281D00F01DFC00F045FFC0464B
:1056FC00F0B5CE46474680B5C368304C9846A544B5
:10570C008369040016000431402205A8994600F074
:10571C005BFF0023049325E0F022149B520063618D
:10572C0004A97CA8039300F04FFF210028002369F3
:10573C007CAA98478A9B0500039315934B460193CB
:10574C0004AB00932200230031000120C047002845
:10575C0022D1F0227CA9520004A800F035FF0026CB
:10576C00082D22D1149B200019000393FFF71CFF76
:10577C0009360700F5B20028CED0129B10210393F6
:10578C0015934B46019304AB009322002300012098
:10579C002943C047002800D009273800F5239B0077
:1057AC009D44C0BCB946B046F0BD072DF4D13000C5
:1057BC001499FFF77DFF05A800F0B4FB2CFCFFFF4C
:1057CC00406C704770B5CB6BFAB00B6405000E00E3
:1057DC004022043103A800F0F7FE01235B42029340
:1057EC0006E029002B6902AA9847040008280AD170
:1057FC00129B280019000193FFF7D6FE0028F0D069
:10580C0009207AB070BD02A8FFF71CFF062CF7D157
:10581C0031002800FFF74EFF10B58261DA6BC160D2
:10582C001A6419000022FFF763FF10BD436970B5BD
:10583C000B64C36804000D00002B13D10A0023690C
:10584C00010002209847072805D008280FD129000D
:10585C002000FFF72FFF0020296CFFF729FF281DE0
:10586C0000F060FB0122FFF743FF00F085FE00F023
:10587C0083FEC046C36810B5002B05D0CB6B00224D
:10588C000B64FFF735FF10BDFFF79CFFFBE7C0462D
:10589C007047C0468368010010B5002B01D0012071
:1058AC00984710BD012915D00AD8002B10D10F2A0A
:1058BC000ED8920082185268009B00201A6006E0F5
:1058CC0001200339C9B288428041404201307047FF
:1058DC000220FCE70120FAE700B585B003AB0A0013
:1058EC00009300210023FFF7DDFF039805B000BDF6
:1058FC00012915D00AD8002B10D10F2A0ED8009BE5
:10590C0092001B6882185360002006E001200339C6
:10591C00C9B2884280414042013070470220FCE706
:10592C000120FAE700B585B003AB039200930A009F
:10593C0000230021FFF7DCFF05B000BD70B51A4C49
:10594C00D36BA544136405000C0019A8111D40224B
:10595C0000F03AFE01235B42189314E00C2118A8C6
:10596C0002AAFFF7DFFF210018A8A847002812D1D0
:10597C00069B18AA02A9083001939847060005282F
:10598C000AD0092807D0289B02A819000193FFF719
:10599C000BFE0028E2D0092618A8FFF753FE3000B2
:1059AC0090239B009D4470BDC0FDFFFFF0B5574692
:1059BC009246032245464E46DE4699461300E0B514
:1059CC008846CD6C494689B00340009308CD0695B6
:1059DC00002900D180E01A0C1B040593022304A9B2
:1059EC000B73FD3313409B004A73ED18009B022B85
:1059FC0001D143469D6B43461B6DDB070FD55046CB
:105A0C0005A900F05BFB002801D1082000E009206B
:105A1C0009B0F0BCBB46B246A946A046F0BD2F6803
:105A2C00002FECD008230340029300230193013391
:105A3C0054469B464646BA464B46022B49D02B88C9
:105A4C006F889A4604355A463B009343B26C0F213B
:105A5C00904620009844FFF73FFF0023804506D86E
:105A6C0053465A469343434498429B415B4202221D
:105A7C007F001740594652460A401743012F30D039
:105A8C00022F4CD0002FC2D1009A002A02D0002B3A
:105A9C0000D09BE004352B689A46002BCCD120001B
:105AAC0005A9A24600F00AFB0028B0D1019B002BEF
:105ABC00ABD00F215046FFF70FFF0E2102005046CE
:105ACC00FFF730FF50460F21724AFFF72BFF0720DC
:105ADC009EE76F680835B6E71B02059304AB9A8105
:105AEC0084E7009A002A49D1002B16D02B68DF0FCF
:105AFC006B689A1C00D18AE7320058320492013349
:105B0C0000D1B6E0281DFFF7CDFD3A00010004AB33
:105B1C00300000F051FD00286CD10835BBE72A6835
:105B2C00009957007F0800290DD1002B04D0029B4F
:105B3C00002B72D0002F3CD0002A00DA043501373C
:105B4C00BF00ED19A7E7336A0D2120009846FFF737
:105B5C00C3FE804501D02A68EEE7B36A9D42FAD1B4
:105B6C000023F362043333632B1DB76273632B681A
:105B7C00002B00DA87E001230193E0E70D212000E0
:105B8C00376AFFF7A9FE8742C7D1B36A9D42C4D1D9
:105B9C00B046A2462800FFF7ADFC0F21020050468C
:105BAC00FFF7C0FE504642460021FFF7BBFE072020
:105BBC002EE7B046A2460D215046FFF78DFE434618
:105BCC00049A18625A6206209D6221E72800FFF7AA
:105BDC0091FC0435A246B5630400300000F0E4FCEF
:105BEC00002800D113E7504622000F21FFF79AFE40
:105BFC0007200DE7A2460D2104005046FFF76CFE6E
:105C0C00B04633003062022C39D1049A2C33F26244
:105C1C007362434606209D62FAE62B1D9A460023CA
:105C2C00984658339C4621004A46B4445446A946EB
:105C3C008A463D0003924746E0460EE0434620006C
:105C4C000493FFF72FFD0022010004AB300000F09D
:105C5C00B3FC01370434002804D1AF42EED14D46D9
:105C6C00B046A8E72F004D46039B544699462A6838
:105C7C0062E70D212000FFF72FFEB046306243464D
:105C8C00049A5A62C5E7781C8000B046A2462818D0
:105C9C0081E7C0464105011010B50023FFF786FED1
:105CAC0010BDC04610B50123FFF780FE10BDC046E5
:105CBC0010B50223FFF77AFE10BDC046F0B5CE46F4
:105CCC00474680B5050014001E00C3B0032944D01C
:105CDC0020D8002949D0012941D1130C140498462D
:105CEC00230C9946012E00D17AE0052E37D144467B
:105CFC004C44202C33D843460F2B00D8B5E04C46EF
:105D0C00002C00D0C2E04A46A96B20AF002A22D05A
:105D1C0000247FE0042922D1002B20D1102A1ED888
:105D2C00102203681A4200D0C7E020AF380000F000
:105D3C0021F9012639000023AA6B30009840044257
:105D4C0001D001CA086001330431042BF5D13800AD
:105D5C00AA6300F00DF9002002E0032B1CD00220F6
:105D6C0043B0C0BCB946B046F0BD002BF7D1002300
:105D7C0001271604826B360C011D38009840064230
:105D8C0001D001CA086001330431102BF5D1002079
:105D9C00A304E5D4AA63E3E71404160C240C33190A
:105DAC00102BDCD8082203681A4200D08CE020AFFC
:105DBC00380000F0DBF8F600AB6B002C0AD0F61ABA
:105DCC00E400321F1C19BA181900096804339950E1
:105DDC00A342F9D13800AB6300F0C6F80020BFE74E
:105DEC0043464B44102BBAD843460F2BB7D82B68DD
:105DFC001E4206D00322280093432B60483000F04B
:105E0C00A9F820AF380000F0A5F84A460024A96B89
:105E1C00002A61D04346DB00FF180023D200C8588B
:105E2C00F85004339A42FAD18918002C0FD06F46DF
:105E3C004046102800D2102000231038C00038181B
:105E4C00E200CF58C75004339342FAD1C918012E3F
:105E5C0041D04346A9630F2B45D9002C00D17AE7DA
:105E6C00684600F07DF800207AE7102C46D9103CEB
:105E7C0001222B681A4207D09343022228001343B5
:105E8C002B60483000F06AF8002C39D004222B68C3
:105E9C001A422CD143460F2B03D820AF380000F008
:105EAC005DF86F46380000F05DF810224346A96B90
:105EBC00D21A002ABCDD20AFACE793430360D1308B
:105ECC00FF3000F057F830E7934303605130FF3058
:105EDC0000F04CF86BE720AF04313800A96300F0F8
:105EEC0037F800203CE720A800F036F8B5E728008A
:105EFC0093432B60D03000F035F8CBE70024B7E7A4
:105F0C0043460F2B00D9FEE620AF380000F026F8F0
:105F1C004A46A96B002A00D0FAE6380000F01CF8BB
:105F2C0000201DE70100343138C9043B9C461D603C
:105F3C00A646010020313CC990469946A246AB4684
:105F4C0001000831FCC941680068E54600BDC04647
:105F5C007047C0467047C0467047C0467047C04641
:105F6C007047C0467047C0467047C0467047C04631
:105F7C007047C0467047C04601B401A801B585B052
:105F8C00FFB408A841464A4653465C4665463EC0A7
:105F9C0001A83EC80F98009000230CB401A9FFF78C
:105FAC0011FC109B12B0184701B401A801B585B0C3
:105FBC00FFB408A841464A4653465C4665463EC077
:105FCC0001A83EC80F98009000230CB401A9FFF75C
:105FDC002DFC109B12B0184701B401A801B585B077
:105FEC00FFB408A841464A4653465C4665463EC047
:105FFC0001A83EC80F98009000230CB401A9FFF72C
:10600C0039FC109B12B0184701B401A801B585B03A
:10601C00FFB408A841464A4653465C4665463EC016
:10602C0001A83EC80F98009000230CB401ABFFF7F9
:10603C00F3FB109B12B0184701B401A801B585B051
:10604C00FFB408A841464A4653465C4665463EC0E6
:10605C0001A83EC80F98009000230CB401AAFFF7CA
:10606C006DFC109B12B01847027A0300002A0BD16A
:10607C00427A002A0FD0013A42724268111D4160E7
:10608C0003211268017202E0013A02720268100EDA
:10609C0012021A607047B020FCE7C04600B585B00C
:1060AC0003AB00930C2200230021FFF7FBFB0398AA
:1060BC0005B000BD10B5FFF7F1FF10BDF0B54E46B1
:1060CC0045465746DE460023E0B587B003930F33B1
:1060DC009846083B994680231B0305000E009A4600
:1060EC003000FFF7C1FF0400B02800D1C1E0030667
:1060FC0029D5030042469343DBB2802B53D0902B1F
:10610C003DD0A02B6BD0B02B00D17EE0C02B00D1AA
:10611C0095E003004A469343DBB2D02B0AD1534699
:10612C00024001321A43052301212800FFF7C6FD66
:10613C000028D5D00924200007B0F0BCBB46B246DD
:10614C00A946A046F0BDFF23820013401F1D05ABDE
:10615C009B4600930D22002300212800FFF7A2FB91
:10616C00630639D4059B9C4667445B4605970093B0
:10617C0000230D2200212800FFF7BAFBB0E7833B78
:10618C0003400D2BD6D005AF024000230021280080
:10619C000097FFF787FB00230D22002128000097B2
:1061AC00FFF7A6FB9CE704023000FFF75DFF80279A
:1061BC0020433F02B842BDD004010005020C00236D
:1061CC0000212800FFF77AFD0028B3D13C4200D112
:1061DC0086E70123039383E7059BDF1BC5E7FF23BA
:1061EC004A461B011900824311410A001A40030759
:1061FC0002D58023DB011A43002300212800FFF77E
:10620C005DFD002800D16BE794E7B12845D0B2289A
:10621C0000D19FE0B32855D0FC230340B42B00D110
:10622C0088E74A465346024001321A4301210123B2
:10623C002800FFF743FD002800D151E77AE7C62874
:10624C004BD0C7285DD003004A469343DBB2C02B2A
:10625C006CD0C82871D0C92800D06BE73000FFF78C
:10626C0003FFF02302031B0313404246024001329A
:10627C0058E7039B0024002B00D05CE705AE0E22F0
:10628C00002128000096FFF70DFB00230F220021B0
:10629C0028000096FFF72CFB4DE73000FFF7E4FEDB
:1062AC00021E00D146E7030041468B43DBB2002BB4
:1062BC0000D03FE700212800FFF700FD002800D1A7
:1062CC000EE737E73000FFF7CFFEF02302031B0386
:1062DC001340424602400132A7E73000FFF7C4FEEC
:1062EC00F02302031B0313404246024001321A43BF
:1062FC00032303212800FFF7E1FC002800D1EFE67F
:10630C0018E73000FFF7B0FE021E00D112E70300C1
:10631C0041468B43DBB2002B00D00BE70421280055
:10632C00FFF7CCFC002800D1DAE603E74346A022B5
:10633C001C40013412032243DAE73000FFF794FECD
:10634C00434602009A43D2B2103218401203013075
:10635C000243E8E605AB00939B460D220023002187
:10636C002800FFF79FFA3000FFF77EFE03061AD5D0
:10637C007F27B03C059B3840A0409C46604405906C
:10638C0030000734FFF770FE0306F3D481217F231E
:10639C0089008C460340A340059A62449B180593E0
:1063AC005B460093E4E60224F0E7C046030000B528
:1063BC00DA6C85B053680800083219020191029218
:1063CC00694603221B0E0A734B7301A9FFF776FE75
:1063DC0005B000BD10B5FFF76DFE806C10BDC0465A
:1063EC0010B5FFF767FEC26CD07902308000101830
:1063FC0010BDC04610B500F0BFF810B5FFF7FAFF9E
:10640C0070B5CCB283070DD0531E002A0FD00325D4
:10641C0004E00130284206D0013B08D30278A242A6
:10642C00F7D170BD1300032B0CD8002B01D1002029
:10643C00F7E7C31802E001308342F8D00278A24299
:10644C00F9D1EEE7FF2529400D0229430D04074E33
:10645C000D43026806496A40511891433142E8D114
:10646C00043B0430032BF4D8DFE7C04680808080E7
:10647C00FFFEFEFE30B5032A0CD903000B439B072D
:10648C0019D103680C68A34215D1043A04300431C5
:10649C00032AF6D8551E002A0BD0002303E05A1C01
:1064AC009D4206D01300C25CCC5CA242F7D0101BFC
:1064BC0000E0002030BD551EEFE7C046F0B5884225
:1064CC000AD98B18984207D2531E002A03D0CA5CF3
:1064DC00C254013BFBD2F0BD0F2A0BD80500561E4F
:1064EC00002AF8D00023CC5C1A00EC5401339642FD
:1064FC00F9D1F0E703270D003E0005430C00030023
:10650C002E402F422BD11500103D2D09AC462F01EA
:10651C003F1825681D6065685D60A5689D60E5682D
:10652C001034DD601D001033BD42F2D165460F23DF
:10653C000C2401352D01491913404519144211D071
:10654C008C59AC5104369C1B032CF9D8043B9B088A
:10655C0001339B00ED18C91803231A40BFE705004F
:10656C00561EBFE71A00BAE701B40248844601BCC4
:10657C00604700BF4D14001001B40248844601BCB2
:10658C00604700BF050B011001B40248844601BCF2
:10659C00604700BF953F001001B40248844601BC1F
:1065AC00604700BFF115001001B40248844601BCDD
:1065BC00604700BF618F001001B40248844601BCE3
:1065CC00604700BFA18E001001B40248844601BC94
:1065DC00604700BFA9400010D00700001000000069
:1065EC00000000000000010000000000000000009E
:1065FC00000002000000000000000000000003008A
:10660C0000000000000000000000FF00000000007F
:10661C0000B5486801318E4600477046093801497B
:10662C00884700BD090C0010601500200000000018
:10663C00401E0020902600200000000000000000FA
:10664C00A026002000000000000000001000000048
:10665C00503300004C330000543300005233000020
:10666C004D5300004D4300005334000043340000F0
:10667C0069470010000000000147001000000000F6
:10668C0000010000C02D0110C42D01109424002025
:10669C0010000C000000E0FF1F00000000000000D4
:1066AC0000000000000000000000000000000000DE
:1066BC0045970010ED980010E01500200000000038
:1066CC0000000000CC180020341900209C19002078
:1066DC0000000000000000000000000000000000AE
:1066EC00000000000000000000000000000000009E
:1066FC00000000000000000000000000000000008E
:10670C00000000000000000000000000000000007D
:10671C00000000000000000000000000000000006D
:10672C00000000000000000000000000000000005D
:10673C00000000000000000000000000000000004D
:10674C00000000000000000000000000000000003D
:10675C00000000000000000000000000000000002D
:10676C00000000000000000001000000000000001C
:10677C000E33CDAB34126DE6ECDE05000B000000E1
:10678C0000000000000000000000000000000000FD
:10679C0000000000000000000000000000000000ED
:1067AC0000000000000000000000000000000000DD
:1067BC0000000000000000000000000000000000CD
:1067CC0000000000000000000000000000000000BD
:1067DC0000000000000000000000000000000000AD
:1067EC00000000000000000000000000000000009D
:1067FC00000000000000000000000000000000008D
:10680C00000000000000000000000000000000007C
:10681C00000000000000000000000000000000006C
:10682C00000000000000000000000000000000005C
:10683C00000000000000000000000000000000004C
:10684C00000000000000000000000000000000003C
:10685C00000000000000000000000000000000002C
:10686C00000000000000000000000000000000001C
:10687C00000000000000000000000000000000000C
:10688C0000000000000000000000000000000000FC
:10689C0000000000000000000000000000000000EC
:1068AC0000000000000000000000000000000000DC
:1068BC0000000000000000000000000000000000CC
:1068CC0000000000000000000000000000000000BC
:1068DC0000000000000000000000000000000000AC
:1068EC00000000000000000000000000000000009C
:1068FC00000000000000000000000000000000008C
:10690C00000000000000000000000000000000007B
:10691C00000000000000000000000000000000006B
:10692C00000000000000000000000000000000005B
:10693C00000000000000000000000000000000004B
:10694C00000000000000000000000000000000003B
:10695C00000000000000000000000000000000002B
:10696C00000000000000000000000000000000001B
:10697C00000000000000000000000000000000000B
:10698C0000000000000000000000000000000000FB
:10699C0000000000000000000000000000000000EB
:1069AC0000000000000000000000000000000000DB
:1069BC0000000000000000000000000000000000CB
:1069CC0000000000000000000000000000000000BB
:1069DC0000000000000000000000000000000000AB
:1069EC00000000000000000000000000000000009B
:1069FC00000000000000000000000000000000008B
:106A0C00000000000000000000000000000000007A
:106A1C00000000000000000000000000000000006A
:106A2C00000000000000000000000000000000005A
:106A3C00000000000000000000000000000000004A
:106A4C00000000000000000000000000000000003A
:106A5C00000000000000000000000000000000002A
:106A6C00000000000000000000000000000000001A
:106A7C00000000000000000000000000000000000A
:106A8C0000000000000000000000000000000000FA
:106A9C0000000000000000000000000000000000EA
:106AAC0000000000000000000000000000000000DA
:106ABC0000000000000000000000000000000000CA
:106ACC0000000000000000000000000000000000BA
:106ADC0000000000000000000000000000000000AA
:106AEC00000000000000000000000000000000009A
:106AFC00081A0020081A0020101A0020101A002072
:106B0C00181A0020181A0020201A0020201A002021
:106B1C00281A0020281A0020301A0020301A0020D1
:106B2C00381A0020381A0020401A0020401A002081
:106B3C00481A0020481A0020501A0020501A002031
:106B4C00581A0020581A0020601A0020601A0020E1
:106B5C00681A0020681A0020701A0020701A002091
:106B6C00781A0020781A0020801A0020801A002041
:106B7C00881A0020881A0020901A0020901A0020F1
:106B8C00981A0020981A0020A01A0020A01A0020A1
:106B9C00A81A0020A81A0020B01A0020B01A002051
:106BAC00B81A0020B81A0020C01A0020C01A002001
:106BBC00C81A0020C81A0020D01A0020D01A0020B1
:106BCC00D81A0020D81A0020E01A0020E01A002061
:106BDC00E81A0020E81A0020F01A0020F01A002011
:106BEC00F81A0020F81A0020001B0020001B0020BF
:106BFC00081B0020081B0020101B0020101B00206D
:106C0C00181B0020181B0020201B0020201B00201C
:106C1C00281B0020281B0020301B0020301B0020CC
:106C2C00381B0020381B0020401B0020401B00207C
:106C3C00481B0020481B0020501B0020501B00202C
:106C4C00581B0020581B0020601B0020601B0020DC
:106C5C00681B0020681B0020701B0020701B00208C
:106C6C00781B0020781B0020801B0020801B00203C
:106C7C00881B0020881B0020901B0020901B0020EC
:106C8C00981B0020981B0020A01B0020A01B00209C
:106C9C00A81B0020A81B0020B01B0020B01B00204C
:106CAC00B81B0020B81B0020C01B0020C01B0020FC
:106CBC00C81B0020C81B0020D01B0020D01B0020AC
:106CCC00D81B0020D81B0020E01B0020E01B00205C
:106CDC00E81B0020E81B0020F01B0020F01B00200C
:106CEC00F81B0020F81B0020001C0020001C0020BA
:106CFC00081C0020081C0020101C0020101C002068
:106D0C00181C0020181C0020201C0020201C002017
:106D1C00281C0020281C0020301C0020301C0020C7
:106D2C00381C0020381C0020401C0020401C002077
:106D3C00481C0020481C0020501C0020501C002027
:106D4C00581C0020581C0020601C0020601C0020D7
:106D5C00681C0020681C0020701C0020701C002087
:106D6C00781C0020781C0020801C0020801C002037
:106D7C00881C0020881C0020901C0020901C0020E7
:106D8C00981C0020981C0020A01C0020A01C002097
:106D9C00A81C0020A81C0020B01C0020B01C002047
:106DAC00B81C0020B81C0020C01C0020C01C0020F7
:106DBC00C81C0020C81C0020D01C0020D01C0020A7
:106DCC00D81C0020D81C0020E01C0020E01C002057
:106DDC00E81C0020E81C0020F01C0020F01C002007
:106DEC00F81C0020F81C0020001D0020001D0020B5
:106DFC00081D0020081D0020101D0020101D002063
:106E0C00181D0020181D0020201D0020201D002012
:106E1C00281D0020281D0020301D0020301D0020C2
:106E2C00381D0020381D0020401D0020401D002072
:106E3C00481D0020481D0020501D0020501D002022
:106E4C00581D0020581D0020601D0020601D0020D2
:106E5C00681D0020681D0020701D0020701D002082
:106E6C00781D0020781D0020801D0020801D002032
:106E7C00881D0020881D0020901D0020901D0020E2
:106E8C00981D0020981D0020A01D0020A01D002092
:106E9C00A81D0020A81D0020B01D0020B01D002042
:106EAC00B81D0020B81D0020C01D0020C01D0020F2
:106EBC00C81D0020C81D0020D01D0020D01D0020A2
:106ECC00D81D0020D81D0020E01D0020E01D002052
:106EDC00E81D0020E81D0020F01D0020F01D002002
:106EEC00F81D0020F81D0020001E0020001E0020B0
:106EFC00FFFFFFFF00000200000000000000000088
:106F0C008D400010C1370010D13E0010E13F001041
:106F1C00ED020010BD6D001075820010B904011057
:04000005100001E9FD
:00000001FF
