
/home/leon/pico/gateway/build/LoRa_pico_lib/examples/LoRaReceiver/LoRaReceiver.elf:     file format elf32-littlearm

Sections:
Idx Name          Size      VMA       LMA       File off  Algn
  0 .boot2        00000100  10000000  10000000  00001000  2**0
                  CONTENTS, ALLOC, LOAD, READONLY, CODE
  1 .text         000077b8  10000100  10000100  00001100  2**3
                  CONTENTS, ALLOC, LOAD, READONLY, CODE
  2 .rodata       000005c4  100078b8  100078b8  000088b8  2**3
                  CONTENTS, ALLOC, LOAD, READONLY, DATA
  3 .ARM.extab    00000090  10007e7c  10007e7c  00008e7c  2**2
                  CONTENTS, ALLOC, LOAD, READONLY, DATA
  4 .ARM.exidx    00000118  10007f0c  10007f0c  00008f0c  2**2
                  CONTENTS, ALLOC, LOAD, READONLY, DATA
  5 .binary_info  00000028  10008024  10008024  00009024  2**2
                  CONTENTS, ALLOC, LOAD, DATA
  6 .ram_vector_table 000000c0  20000000  20000000  0000a894  2**2
                  CONTENTS
  7 .data         000017d4  200000c0  1000804c  000090c0  2**4
                  CONTENTS, ALLOC, LOAD, READONLY, CODE
  8 .uninitialized_data 00000000  20001894  20001894  0000a954  2**0
                  CONTENTS
  9 .scratch_x    00000000  20040000  20040000  0000a954  2**0
                  CONTENTS
 10 .scratch_y    00000000  20041000  20041000  0000a954  2**0
                  CONTENTS
 11 .bss          00000db8  20001898  20001898  0000a898  2**3
                  ALLOC
 12 .heap         00000800  20002650  20002650  0000a954  2**2
                  CONTENTS, READONLY
 13 .stack_dummy  00000800  20041000  20041000  0000b160  2**5
                  CONTENTS, READONLY
 14 .ARM.attributes 00000028  00000000  00000000  0000b960  2**0
                  CONTENTS, READONLY
 15 .comment      00000049  00000000  00000000  0000b988  2**0
                  CONTENTS, READONLY
 16 .debug_frame  000005c8  00000000  00000000  0000b9d4  2**2
                  CONTENTS, READONLY, DEBUGGING, OCTETS
 17 .stab         0000003c  00000000  00000000  0000bf9c  2**2
                  CONTENTS, READONLY, DEBUGGING
 18 .stabstr      00000076  00000000  00000000  0000bfd8  2**0
                  CONTENTS, READONLY, DEBUGGING

/home/leon/pico/gateway/build/LoRa_pico_lib/examples/LoRaReceiver/LoRaReceiver.elf:     file format elf32-littlearm


Disassembly of section .boot2:

10000000 <__boot2_start__>:
10000000:	4b32b500 	.word	0x4b32b500
10000004:	60582021 	.word	0x60582021
10000008:	21026898 	.word	0x21026898
1000000c:	60984388 	.word	0x60984388
10000010:	611860d8 	.word	0x611860d8
10000014:	4b2e6158 	.word	0x4b2e6158
10000018:	60992100 	.word	0x60992100
1000001c:	61592102 	.word	0x61592102
10000020:	22f02101 	.word	0x22f02101
10000024:	492b5099 	.word	0x492b5099
10000028:	21016019 	.word	0x21016019
1000002c:	20356099 	.word	0x20356099
10000030:	f844f000 	.word	0xf844f000
10000034:	42902202 	.word	0x42902202
10000038:	2106d014 	.word	0x2106d014
1000003c:	f0006619 	.word	0xf0006619
10000040:	6e19f834 	.word	0x6e19f834
10000044:	66192101 	.word	0x66192101
10000048:	66182000 	.word	0x66182000
1000004c:	f000661a 	.word	0xf000661a
10000050:	6e19f82c 	.word	0x6e19f82c
10000054:	6e196e19 	.word	0x6e196e19
10000058:	f0002005 	.word	0xf0002005
1000005c:	2101f82f 	.word	0x2101f82f
10000060:	d1f94208 	.word	0xd1f94208
10000064:	60992100 	.word	0x60992100
10000068:	6019491b 	.word	0x6019491b
1000006c:	60592100 	.word	0x60592100
10000070:	481b491a 	.word	0x481b491a
10000074:	21016001 	.word	0x21016001
10000078:	21eb6099 	.word	0x21eb6099
1000007c:	21a06619 	.word	0x21a06619
10000080:	f0006619 	.word	0xf0006619
10000084:	2100f812 	.word	0x2100f812
10000088:	49166099 	.word	0x49166099
1000008c:	60014814 	.word	0x60014814
10000090:	60992101 	.word	0x60992101
10000094:	2800bc01 	.word	0x2800bc01
10000098:	4700d000 	.word	0x4700d000
1000009c:	49134812 	.word	0x49134812
100000a0:	c8036008 	.word	0xc8036008
100000a4:	8808f380 	.word	0x8808f380
100000a8:	b5034708 	.word	0xb5034708
100000ac:	20046a99 	.word	0x20046a99
100000b0:	d0fb4201 	.word	0xd0fb4201
100000b4:	42012001 	.word	0x42012001
100000b8:	bd03d1f8 	.word	0xbd03d1f8
100000bc:	6618b502 	.word	0x6618b502
100000c0:	f7ff6618 	.word	0xf7ff6618
100000c4:	6e18fff2 	.word	0x6e18fff2
100000c8:	bd026e18 	.word	0xbd026e18
100000cc:	40020000 	.word	0x40020000
100000d0:	18000000 	.word	0x18000000
100000d4:	00070000 	.word	0x00070000
100000d8:	005f0300 	.word	0x005f0300
100000dc:	00002221 	.word	0x00002221
100000e0:	180000f4 	.word	0x180000f4
100000e4:	a0002022 	.word	0xa0002022
100000e8:	10000100 	.word	0x10000100
100000ec:	e000ed08 	.word	0xe000ed08
	...
100000fc:	7a4eb274 	.word	0x7a4eb274

Disassembly of section .text:

10000100 <__VECTOR_TABLE>:
10000100:	20042000 	.word	0x20042000
10000104:	100001f7 	.word	0x100001f7
10000108:	100001c3 	.word	0x100001c3
1000010c:	100001c5 	.word	0x100001c5
10000110:	100001c1 	.word	0x100001c1
10000114:	100001c1 	.word	0x100001c1
10000118:	100001c1 	.word	0x100001c1
1000011c:	100001c1 	.word	0x100001c1
10000120:	100001c1 	.word	0x100001c1
10000124:	100001c1 	.word	0x100001c1
10000128:	100001c1 	.word	0x100001c1
1000012c:	100001c7 	.word	0x100001c7
10000130:	100001c1 	.word	0x100001c1
10000134:	100001c1 	.word	0x100001c1
10000138:	100001c9 	.word	0x100001c9
1000013c:	100001cb 	.word	0x100001cb
10000140:	100001cd 	.word	0x100001cd
10000144:	100001cd 	.word	0x100001cd
10000148:	100001cd 	.word	0x100001cd
1000014c:	100001cd 	.word	0x100001cd
10000150:	100001cd 	.word	0x100001cd
10000154:	100001cd 	.word	0x100001cd
10000158:	100001cd 	.word	0x100001cd
1000015c:	100001cd 	.word	0x100001cd
10000160:	100001cd 	.word	0x100001cd
10000164:	100001cd 	.word	0x100001cd
10000168:	100001cd 	.word	0x100001cd
1000016c:	100001cd 	.word	0x100001cd
10000170:	100001cd 	.word	0x100001cd
10000174:	100001cd 	.word	0x100001cd
10000178:	100001cd 	.word	0x100001cd
1000017c:	100001cd 	.word	0x100001cd
10000180:	100001cd 	.word	0x100001cd
10000184:	100001cd 	.word	0x100001cd
10000188:	100001cd 	.word	0x100001cd
1000018c:	100001cd 	.word	0x100001cd
10000190:	100001cd 	.word	0x100001cd
10000194:	100001cd 	.word	0x100001cd
10000198:	100001cd 	.word	0x100001cd
1000019c:	100001cd 	.word	0x100001cd
100001a0:	100001cd 	.word	0x100001cd
100001a4:	100001cd 	.word	0x100001cd
100001a8:	100001cd 	.word	0x100001cd
100001ac:	100001cd 	.word	0x100001cd
100001b0:	100001cd 	.word	0x100001cd
100001b4:	100001cd 	.word	0x100001cd
100001b8:	100001cd 	.word	0x100001cd
100001bc:	100001cd 	.word	0x100001cd

100001c0 <isr_invalid>:
100001c0:	be00      	bkpt	0x0000

100001c2 <isr_nmi>:
100001c2:	be00      	bkpt	0x0000

100001c4 <isr_hardfault>:
100001c4:	be00      	bkpt	0x0000

100001c6 <isr_svcall>:
100001c6:	be00      	bkpt	0x0000

100001c8 <isr_pendsv>:
100001c8:	be00      	bkpt	0x0000

100001ca <isr_systick>:
100001ca:	be00      	bkpt	0x0000

100001cc <__unhandled_user_irq>:
100001cc:	f000 f84b 	bl	10000266 <__get_current_exception>
100001d0:	3810      	subs	r0, #16

100001d2 <unhandled_user_irq_num_in_r0>:
100001d2:	be00      	bkpt	0x0000

100001d4 <binary_info_header>:
100001d4:	7188ebf2 	.word	0x7188ebf2
100001d8:	10008024 	.word	0x10008024
100001dc:	1000804c 	.word	0x1000804c
100001e0:	10000234 	.word	0x10000234
100001e4:	e71aa390 	.word	0xe71aa390

100001e8 <_entry_point>:
100001e8:	2000      	movs	r0, #0
100001ea:	4921      	ldr	r1, [pc, #132]	; (10000270 <__get_current_exception+0xa>)
100001ec:	6008      	str	r0, [r1, #0]
100001ee:	c806      	ldmia	r0!, {r1, r2}
100001f0:	f381 8808 	msr	MSP, r1
100001f4:	4710      	bx	r2

100001f6 <_reset_handler>:
100001f6:	481f      	ldr	r0, [pc, #124]	; (10000274 <__get_current_exception+0xe>)
100001f8:	6800      	ldr	r0, [r0, #0]
100001fa:	2800      	cmp	r0, #0
100001fc:	d12f      	bne.n	1000025e <hold_non_core0_in_bootrom>
100001fe:	a40d      	add	r4, pc, #52	; (adr r4, 10000234 <data_cpy_table>)
10000200:	cc0e      	ldmia	r4!, {r1, r2, r3}
10000202:	2900      	cmp	r1, #0
10000204:	d002      	beq.n	1000020c <_reset_handler+0x16>
10000206:	f000 f812 	bl	1000022e <data_cpy>
1000020a:	e7f9      	b.n	10000200 <_reset_handler+0xa>
1000020c:	491a      	ldr	r1, [pc, #104]	; (10000278 <__get_current_exception+0x12>)
1000020e:	4a1b      	ldr	r2, [pc, #108]	; (1000027c <__get_current_exception+0x16>)
10000210:	2000      	movs	r0, #0
10000212:	e000      	b.n	10000216 <bss_fill_test>

10000214 <bss_fill_loop>:
10000214:	c101      	stmia	r1!, {r0}

10000216 <bss_fill_test>:
10000216:	4291      	cmp	r1, r2
10000218:	d1fc      	bne.n	10000214 <bss_fill_loop>

1000021a <platform_entry>:
1000021a:	4919      	ldr	r1, [pc, #100]	; (10000280 <__get_current_exception+0x1a>)
1000021c:	4788      	blx	r1
1000021e:	4919      	ldr	r1, [pc, #100]	; (10000284 <__get_current_exception+0x1e>)
10000220:	4788      	blx	r1
10000222:	4919      	ldr	r1, [pc, #100]	; (10000288 <__get_current_exception+0x22>)
10000224:	4788      	blx	r1
10000226:	be00      	bkpt	0x0000
10000228:	e7fd      	b.n	10000226 <platform_entry+0xc>

1000022a <data_cpy_loop>:
1000022a:	c901      	ldmia	r1!, {r0}
1000022c:	c201      	stmia	r2!, {r0}

1000022e <data_cpy>:
1000022e:	429a      	cmp	r2, r3
10000230:	d3fb      	bcc.n	1000022a <data_cpy_loop>
10000232:	4770      	bx	lr

10000234 <data_cpy_table>:
10000234:	1000804c 	.word	0x1000804c
10000238:	200000c0 	.word	0x200000c0
1000023c:	20001894 	.word	0x20001894
10000240:	10009820 	.word	0x10009820
10000244:	20040000 	.word	0x20040000
10000248:	20040000 	.word	0x20040000
1000024c:	10009820 	.word	0x10009820
10000250:	20041000 	.word	0x20041000
10000254:	20041000 	.word	0x20041000
10000258:	00000000 	.word	0x00000000
1000025c:	4770      	bx	lr

1000025e <hold_non_core0_in_bootrom>:
1000025e:	480b      	ldr	r0, [pc, #44]	; (1000028c <__get_current_exception+0x26>)
10000260:	f003 f926 	bl	100034b0 <rom_func_lookup>
10000264:	4700      	bx	r0

10000266 <__get_current_exception>:
10000266:	f3ef 8005 	mrs	r0, IPSR
1000026a:	b2c0      	uxtb	r0, r0
1000026c:	4770      	bx	lr
1000026e:	0000      	.short	0x0000
10000270:	e000ed08 	.word	0xe000ed08
10000274:	d0000000 	.word	0xd0000000
10000278:	20001898 	.word	0x20001898
1000027c:	20002650 	.word	0x20002650
10000280:	10001961 	.word	0x10001961
10000284:	1000030d 	.word	0x1000030d
10000288:	10001a55 	.word	0x10001a55
1000028c:	00005657 	.word	0x00005657

10000290 <__bi_50>:
10000290:	50520006 5360b3ab 10007bf8              ..RP..`S.{..

1000029c <__bi_38>:
1000029c:	50520006 02031c86 10007c08              ..RP.....|..

100002a8 <__bi_30>:
100002a8:	50520006 9da22254 10007c18              ..RPT"...|..

100002b4 <__bi_22>:
100002b4:	50520005 68f465de 10009820              ..RP.e.h ...

100002c0 <_init>:
100002c0:	b5f8      	push	{r3, r4, r5, r6, r7, lr}
100002c2:	46c0      	nop			; (mov r8, r8)

100002c4 <__do_global_dtors_aux>:
100002c4:	b510      	push	{r4, lr}
100002c6:	4c06      	ldr	r4, [pc, #24]	; (100002e0 <__do_global_dtors_aux+0x1c>)
100002c8:	7823      	ldrb	r3, [r4, #0]
100002ca:	2b00      	cmp	r3, #0
100002cc:	d107      	bne.n	100002de <__do_global_dtors_aux+0x1a>
100002ce:	4b05      	ldr	r3, [pc, #20]	; (100002e4 <__do_global_dtors_aux+0x20>)
100002d0:	2b00      	cmp	r3, #0
100002d2:	d002      	beq.n	100002da <__do_global_dtors_aux+0x16>
100002d4:	4804      	ldr	r0, [pc, #16]	; (100002e8 <__do_global_dtors_aux+0x24>)
100002d6:	e000      	b.n	100002da <__do_global_dtors_aux+0x16>
100002d8:	bf00      	nop
100002da:	2301      	movs	r3, #1
100002dc:	7023      	strb	r3, [r4, #0]
100002de:	bd10      	pop	{r4, pc}
100002e0:	20001aa0 	.word	0x20001aa0
100002e4:	00000000 	.word	0x00000000
100002e8:	100078b8 	.word	0x100078b8

100002ec <frame_dummy>:
100002ec:	4b04      	ldr	r3, [pc, #16]	; (10000300 <frame_dummy+0x14>)
100002ee:	b510      	push	{r4, lr}
100002f0:	2b00      	cmp	r3, #0
100002f2:	d003      	beq.n	100002fc <frame_dummy+0x10>
100002f4:	4903      	ldr	r1, [pc, #12]	; (10000304 <frame_dummy+0x18>)
100002f6:	4804      	ldr	r0, [pc, #16]	; (10000308 <frame_dummy+0x1c>)
100002f8:	e000      	b.n	100002fc <frame_dummy+0x10>
100002fa:	bf00      	nop
100002fc:	bd10      	pop	{r4, pc}
100002fe:	46c0      	nop			; (mov r8, r8)
10000300:	00000000 	.word	0x00000000
10000304:	20001aa4 	.word	0x20001aa4
10000308:	100078b8 	.word	0x100078b8

1000030c <main>:
1000030c:	b5f8      	push	{r3, r4, r5, r6, r7, lr}
1000030e:	f003 ff1b 	bl	10004148 <stdio_init_all>
10000312:	4c19      	ldr	r4, [pc, #100]	; (10000378 <main+0x6c>)
10000314:	4919      	ldr	r1, [pc, #100]	; (1000037c <main+0x70>)
10000316:	0020      	movs	r0, r4
10000318:	f006 fe82 	bl	10007020 <_ZN9LoRaClass5beginEl>
1000031c:	2800      	cmp	r0, #0
1000031e:	d103      	bne.n	10000328 <main+0x1c>
10000320:	4817      	ldr	r0, [pc, #92]	; (10000380 <main+0x74>)
10000322:	f003 fe63 	bl	10003fec <__wrap_puts>
10000326:	e7fe      	b.n	10000326 <main+0x1a>
10000328:	4816      	ldr	r0, [pc, #88]	; (10000384 <main+0x78>)
1000032a:	f003 fe5f 	bl	10003fec <__wrap_puts>
1000032e:	4f16      	ldr	r7, [pc, #88]	; (10000388 <main+0x7c>)
10000330:	4e16      	ldr	r6, [pc, #88]	; (1000038c <main+0x80>)
10000332:	4d17      	ldr	r5, [pc, #92]	; (10000390 <main+0x84>)
10000334:	2100      	movs	r1, #0
10000336:	0020      	movs	r0, r4
10000338:	f007 f80a 	bl	10007350 <_ZN9LoRaClass11parsePacketEi>
1000033c:	2800      	cmp	r0, #0
1000033e:	d0f9      	beq.n	10000334 <main+0x28>
10000340:	0038      	movs	r0, r7
10000342:	f003 fef5 	bl	10004130 <__wrap_printf>
10000346:	0020      	movs	r0, r4
10000348:	f006 fc4c 	bl	10006be4 <_ZN9LoRaClass9availableEv>
1000034c:	2800      	cmp	r0, #0
1000034e:	d009      	beq.n	10000364 <main+0x58>
10000350:	0020      	movs	r0, r4
10000352:	f006 fc79 	bl	10006c48 <_ZN9LoRaClass4readEv>
10000356:	f003 feeb 	bl	10004130 <__wrap_printf>
1000035a:	0020      	movs	r0, r4
1000035c:	f006 fc42 	bl	10006be4 <_ZN9LoRaClass9availableEv>
10000360:	2800      	cmp	r0, #0
10000362:	d1f5      	bne.n	10000350 <main+0x44>
10000364:	0030      	movs	r0, r6
10000366:	f003 fe41 	bl	10003fec <__wrap_puts>
1000036a:	0020      	movs	r0, r4
1000036c:	f007 f97a 	bl	10007664 <_ZN9LoRaClass10packetRssiEv>
10000370:	0029      	movs	r1, r5
10000372:	f003 fedd 	bl	10004130 <__wrap_printf>
10000376:	e7dd      	b.n	10000334 <main+0x28>
10000378:	20001abc 	.word	0x20001abc
1000037c:	1dcd6500 	.word	0x1dcd6500
10000380:	100078b8 	.word	0x100078b8
10000384:	100078d0 	.word	0x100078d0
10000388:	100078e0 	.word	0x100078e0
1000038c:	100078f4 	.word	0x100078f4
10000390:	10007904 	.word	0x10007904

10000394 <gpio_set_function>:
10000394:	4a09      	ldr	r2, [pc, #36]	; (100003bc <gpio_set_function+0x28>)
10000396:	0083      	lsls	r3, r0, #2
10000398:	4694      	mov	ip, r2
1000039a:	2240      	movs	r2, #64	; 0x40
1000039c:	4463      	add	r3, ip
1000039e:	b510      	push	{r4, lr}
100003a0:	681c      	ldr	r4, [r3, #0]
100003a2:	00c0      	lsls	r0, r0, #3
100003a4:	4062      	eors	r2, r4
100003a6:	24c0      	movs	r4, #192	; 0xc0
100003a8:	4014      	ands	r4, r2
100003aa:	2280      	movs	r2, #128	; 0x80
100003ac:	0152      	lsls	r2, r2, #5
100003ae:	4313      	orrs	r3, r2
100003b0:	601c      	str	r4, [r3, #0]
100003b2:	4b03      	ldr	r3, [pc, #12]	; (100003c0 <gpio_set_function+0x2c>)
100003b4:	469c      	mov	ip, r3
100003b6:	4460      	add	r0, ip
100003b8:	6041      	str	r1, [r0, #4]
100003ba:	bd10      	pop	{r4, pc}
100003bc:	4001c004 	.word	0x4001c004
100003c0:	40014000 	.word	0x40014000

100003c4 <gpio_init>:
100003c4:	2301      	movs	r3, #1
100003c6:	22d0      	movs	r2, #208	; 0xd0
100003c8:	4083      	lsls	r3, r0
100003ca:	0612      	lsls	r2, r2, #24
100003cc:	6293      	str	r3, [r2, #40]	; 0x28
100003ce:	6193      	str	r3, [r2, #24]
100003d0:	4a09      	ldr	r2, [pc, #36]	; (100003f8 <gpio_init+0x34>)
100003d2:	0083      	lsls	r3, r0, #2
100003d4:	4694      	mov	ip, r2
100003d6:	2240      	movs	r2, #64	; 0x40
100003d8:	4463      	add	r3, ip
100003da:	6819      	ldr	r1, [r3, #0]
100003dc:	00c0      	lsls	r0, r0, #3
100003de:	404a      	eors	r2, r1
100003e0:	21c0      	movs	r1, #192	; 0xc0
100003e2:	4011      	ands	r1, r2
100003e4:	2280      	movs	r2, #128	; 0x80
100003e6:	0152      	lsls	r2, r2, #5
100003e8:	4313      	orrs	r3, r2
100003ea:	6019      	str	r1, [r3, #0]
100003ec:	4b03      	ldr	r3, [pc, #12]	; (100003fc <gpio_init+0x38>)
100003ee:	469c      	mov	ip, r3
100003f0:	2305      	movs	r3, #5
100003f2:	4460      	add	r0, ip
100003f4:	6043      	str	r3, [r0, #4]
100003f6:	4770      	bx	lr
100003f8:	4001c004 	.word	0x4001c004
100003fc:	40014000 	.word	0x40014000

10000400 <hw_claim_or_assert>:
10000400:	b570      	push	{r4, r5, r6, lr}
10000402:	f3ef 8c10 	mrs	ip, PRIMASK
10000406:	b672      	cpsid	i
10000408:	4d0d      	ldr	r5, [pc, #52]	; (10000440 <hw_claim_or_assert+0x40>)
1000040a:	682b      	ldr	r3, [r5, #0]
1000040c:	2b00      	cmp	r3, #0
1000040e:	d0fc      	beq.n	1000040a <hw_claim_or_assert+0xa>
10000410:	f3bf 8f5f 	dmb	sy
10000414:	2407      	movs	r4, #7
10000416:	08cb      	lsrs	r3, r1, #3
10000418:	18c6      	adds	r6, r0, r3
1000041a:	5cc0      	ldrb	r0, [r0, r3]
1000041c:	2301      	movs	r3, #1
1000041e:	400c      	ands	r4, r1
10000420:	40a3      	lsls	r3, r4
10000422:	001c      	movs	r4, r3
10000424:	4004      	ands	r4, r0
10000426:	4203      	tst	r3, r0
10000428:	d107      	bne.n	1000043a <hw_claim_or_assert+0x3a>
1000042a:	4303      	orrs	r3, r0
1000042c:	7033      	strb	r3, [r6, #0]
1000042e:	f3bf 8f5f 	dmb	sy
10000432:	602c      	str	r4, [r5, #0]
10000434:	f38c 8810 	msr	PRIMASK, ip
10000438:	bd70      	pop	{r4, r5, r6, pc}
1000043a:	0010      	movs	r0, r2
1000043c:	f001 fb0c 	bl	10001a58 <panic>
10000440:	d000012c 	.word	0xd000012c

10000444 <hw_claim_unused_from_range>:
10000444:	b5f8      	push	{r3, r4, r5, r6, r7, lr}
10000446:	4647      	mov	r7, r8
10000448:	46ce      	mov	lr, r9
1000044a:	4688      	mov	r8, r1
1000044c:	b580      	push	{r7, lr}
1000044e:	f3ef 8c10 	mrs	ip, PRIMASK
10000452:	b672      	cpsid	i
10000454:	4d21      	ldr	r5, [pc, #132]	; (100004dc <hw_claim_unused_from_range+0x98>)
10000456:	682c      	ldr	r4, [r5, #0]
10000458:	2c00      	cmp	r4, #0
1000045a:	d0fc      	beq.n	10000456 <hw_claim_unused_from_range+0x12>
1000045c:	f3bf 8f5f 	dmb	sy
10000460:	429a      	cmp	r2, r3
10000462:	d82c      	bhi.n	100004be <hw_claim_unused_from_range+0x7a>
10000464:	08d4      	lsrs	r4, r2, #3
10000466:	2707      	movs	r7, #7
10000468:	5d05      	ldrb	r5, [r0, r4]
1000046a:	1906      	adds	r6, r0, r4
1000046c:	2401      	movs	r4, #1
1000046e:	4017      	ands	r7, r2
10000470:	40bc      	lsls	r4, r7
10000472:	422c      	tst	r4, r5
10000474:	d01f      	beq.n	100004b6 <hw_claim_unused_from_range+0x72>
10000476:	2107      	movs	r1, #7
10000478:	2701      	movs	r7, #1
1000047a:	4689      	mov	r9, r1
1000047c:	e009      	b.n	10000492 <hw_claim_unused_from_range+0x4e>
1000047e:	08d4      	lsrs	r4, r2, #3
10000480:	5d05      	ldrb	r5, [r0, r4]
10000482:	1906      	adds	r6, r0, r4
10000484:	464c      	mov	r4, r9
10000486:	0039      	movs	r1, r7
10000488:	4014      	ands	r4, r2
1000048a:	40a1      	lsls	r1, r4
1000048c:	000c      	movs	r4, r1
1000048e:	4229      	tst	r1, r5
10000490:	d011      	beq.n	100004b6 <hw_claim_unused_from_range+0x72>
10000492:	3201      	adds	r2, #1
10000494:	4293      	cmp	r3, r2
10000496:	d2f2      	bcs.n	1000047e <hw_claim_unused_from_range+0x3a>
10000498:	2001      	movs	r0, #1
1000049a:	4240      	negs	r0, r0
1000049c:	f3bf 8f5f 	dmb	sy
100004a0:	2200      	movs	r2, #0
100004a2:	4b0e      	ldr	r3, [pc, #56]	; (100004dc <hw_claim_unused_from_range+0x98>)
100004a4:	601a      	str	r2, [r3, #0]
100004a6:	f38c 8810 	msr	PRIMASK, ip
100004aa:	2800      	cmp	r0, #0
100004ac:	db0f      	blt.n	100004ce <hw_claim_unused_from_range+0x8a>
100004ae:	bcc0      	pop	{r6, r7}
100004b0:	46b9      	mov	r9, r7
100004b2:	46b0      	mov	r8, r6
100004b4:	bdf8      	pop	{r3, r4, r5, r6, r7, pc}
100004b6:	432c      	orrs	r4, r5
100004b8:	0010      	movs	r0, r2
100004ba:	7034      	strb	r4, [r6, #0]
100004bc:	e7ee      	b.n	1000049c <hw_claim_unused_from_range+0x58>
100004be:	f3bf 8f5f 	dmb	sy
100004c2:	2300      	movs	r3, #0
100004c4:	602b      	str	r3, [r5, #0]
100004c6:	f38c 8810 	msr	PRIMASK, ip
100004ca:	2001      	movs	r0, #1
100004cc:	4240      	negs	r0, r0
100004ce:	4643      	mov	r3, r8
100004d0:	2b00      	cmp	r3, #0
100004d2:	d0ec      	beq.n	100004ae <hw_claim_unused_from_range+0x6a>
100004d4:	9808      	ldr	r0, [sp, #32]
100004d6:	f001 fabf 	bl	10001a58 <panic>
100004da:	46c0      	nop			; (mov r8, r8)
100004dc:	d000012c 	.word	0xd000012c

100004e0 <running_on_fpga>:
100004e0:	4b02      	ldr	r3, [pc, #8]	; (100004ec <running_on_fpga+0xc>)
100004e2:	6818      	ldr	r0, [r3, #0]
100004e4:	0780      	lsls	r0, r0, #30
100004e6:	0fc0      	lsrs	r0, r0, #31
100004e8:	4770      	bx	lr
100004ea:	46c0      	nop			; (mov r8, r8)
100004ec:	4006c000 	.word	0x4006c000

100004f0 <spin_locks_reset>:
100004f0:	2100      	movs	r1, #0
100004f2:	4b04      	ldr	r3, [pc, #16]	; (10000504 <spin_locks_reset+0x14>)
100004f4:	4a04      	ldr	r2, [pc, #16]	; (10000508 <spin_locks_reset+0x18>)
100004f6:	f3bf 8f5f 	dmb	sy
100004fa:	c302      	stmia	r3!, {r1}
100004fc:	4293      	cmp	r3, r2
100004fe:	d1fa      	bne.n	100004f6 <spin_locks_reset+0x6>
10000500:	4770      	bx	lr
10000502:	46c0      	nop			; (mov r8, r8)
10000504:	d0000100 	.word	0xd0000100
10000508:	d0000180 	.word	0xd0000180

1000050c <next_striped_spin_lock_num>:
1000050c:	4a04      	ldr	r2, [pc, #16]	; (10000520 <next_striped_spin_lock_num+0x14>)
1000050e:	7810      	ldrb	r0, [r2, #0]
10000510:	1c43      	adds	r3, r0, #1
10000512:	b2db      	uxtb	r3, r3
10000514:	2b17      	cmp	r3, #23
10000516:	d900      	bls.n	1000051a <next_striped_spin_lock_num+0xe>
10000518:	2310      	movs	r3, #16
1000051a:	7013      	strb	r3, [r2, #0]
1000051c:	4770      	bx	lr
1000051e:	46c0      	nop			; (mov r8, r8)
10000520:	20001368 	.word	0x20001368

10000524 <spin_lock_claim_unused>:
10000524:	b500      	push	{lr}
10000526:	4b05      	ldr	r3, [pc, #20]	; (1000053c <spin_lock_claim_unused+0x18>)
10000528:	b083      	sub	sp, #12
1000052a:	0001      	movs	r1, r0
1000052c:	9300      	str	r3, [sp, #0]
1000052e:	2218      	movs	r2, #24
10000530:	231f      	movs	r3, #31
10000532:	4803      	ldr	r0, [pc, #12]	; (10000540 <spin_lock_claim_unused+0x1c>)
10000534:	f7ff ff86 	bl	10000444 <hw_claim_unused_from_range>
10000538:	b003      	add	sp, #12
1000053a:	bd00      	pop	{pc}
1000053c:	10007908 	.word	0x10007908
10000540:	2000204c 	.word	0x2000204c

10000544 <irq_set_enabled>:
10000544:	2301      	movs	r3, #1
10000546:	4083      	lsls	r3, r0
10000548:	2900      	cmp	r1, #0
1000054a:	d004      	beq.n	10000556 <irq_set_enabled+0x12>
1000054c:	4a03      	ldr	r2, [pc, #12]	; (1000055c <irq_set_enabled+0x18>)
1000054e:	6013      	str	r3, [r2, #0]
10000550:	4a03      	ldr	r2, [pc, #12]	; (10000560 <irq_set_enabled+0x1c>)
10000552:	6013      	str	r3, [r2, #0]
10000554:	4770      	bx	lr
10000556:	4a03      	ldr	r2, [pc, #12]	; (10000564 <irq_set_enabled+0x20>)
10000558:	6013      	str	r3, [r2, #0]
1000055a:	e7fb      	b.n	10000554 <irq_set_enabled+0x10>
1000055c:	e000e280 	.word	0xe000e280
10000560:	e000e100 	.word	0xe000e100
10000564:	e000e180 	.word	0xe000e180

10000568 <irq_set_pending>:
10000568:	2301      	movs	r3, #1
1000056a:	4083      	lsls	r3, r0
1000056c:	4a01      	ldr	r2, [pc, #4]	; (10000574 <irq_set_pending+0xc>)
1000056e:	6013      	str	r3, [r2, #0]
10000570:	4770      	bx	lr
10000572:	46c0      	nop			; (mov r8, r8)
10000574:	e000e200 	.word	0xe000e200

10000578 <irq_has_shared_handler>:
10000578:	4b08      	ldr	r3, [pc, #32]	; (1000059c <irq_has_shared_handler+0x24>)
1000057a:	3010      	adds	r0, #16
1000057c:	689b      	ldr	r3, [r3, #8]
1000057e:	0080      	lsls	r0, r0, #2
10000580:	58c3      	ldr	r3, [r0, r3]
10000582:	2b00      	cmp	r3, #0
10000584:	d007      	beq.n	10000596 <irq_has_shared_handler+0x1e>
10000586:	4a06      	ldr	r2, [pc, #24]	; (100005a0 <irq_has_shared_handler+0x28>)
10000588:	2000      	movs	r0, #0
1000058a:	1a9b      	subs	r3, r3, r2
1000058c:	222f      	movs	r2, #47	; 0x2f
1000058e:	429a      	cmp	r2, r3
10000590:	4140      	adcs	r0, r0
10000592:	b2c0      	uxtb	r0, r0
10000594:	4770      	bx	lr
10000596:	2000      	movs	r0, #0
10000598:	e7fc      	b.n	10000594 <irq_has_shared_handler+0x1c>
1000059a:	46c0      	nop			; (mov r8, r8)
1000059c:	e000ed00 	.word	0xe000ed00
100005a0:	2000136c 	.word	0x2000136c

100005a4 <irq_get_vtable_handler>:
100005a4:	4b02      	ldr	r3, [pc, #8]	; (100005b0 <irq_get_vtable_handler+0xc>)
100005a6:	3010      	adds	r0, #16
100005a8:	689b      	ldr	r3, [r3, #8]
100005aa:	0080      	lsls	r0, r0, #2
100005ac:	58c0      	ldr	r0, [r0, r3]
100005ae:	4770      	bx	lr
100005b0:	e000ed00 	.word	0xe000ed00

100005b4 <irq_set_exclusive_handler>:
100005b4:	b570      	push	{r4, r5, r6, lr}
100005b6:	000d      	movs	r5, r1
100005b8:	f3ef 8610 	mrs	r6, PRIMASK
100005bc:	b672      	cpsid	i
100005be:	4a0f      	ldr	r2, [pc, #60]	; (100005fc <irq_set_exclusive_handler+0x48>)
100005c0:	6813      	ldr	r3, [r2, #0]
100005c2:	2b00      	cmp	r3, #0
100005c4:	d0fc      	beq.n	100005c0 <irq_set_exclusive_handler+0xc>
100005c6:	f3bf 8f5f 	dmb	sy
100005ca:	4b0d      	ldr	r3, [pc, #52]	; (10000600 <irq_set_exclusive_handler+0x4c>)
100005cc:	3010      	adds	r0, #16
100005ce:	689b      	ldr	r3, [r3, #8]
100005d0:	0084      	lsls	r4, r0, #2
100005d2:	591b      	ldr	r3, [r3, r4]
100005d4:	4a0b      	ldr	r2, [pc, #44]	; (10000604 <irq_set_exclusive_handler+0x50>)
100005d6:	4293      	cmp	r3, r2
100005d8:	d003      	beq.n	100005e2 <irq_set_exclusive_handler+0x2e>
100005da:	429d      	cmp	r5, r3
100005dc:	d001      	beq.n	100005e2 <irq_set_exclusive_handler+0x2e>
100005de:	f001 fa53 	bl	10001a88 <hard_assertion_failure>
100005e2:	4b07      	ldr	r3, [pc, #28]	; (10000600 <irq_set_exclusive_handler+0x4c>)
100005e4:	689b      	ldr	r3, [r3, #8]
100005e6:	511d      	str	r5, [r3, r4]
100005e8:	f3bf 8f5f 	dmb	sy
100005ec:	f3bf 8f5f 	dmb	sy
100005f0:	2200      	movs	r2, #0
100005f2:	4b02      	ldr	r3, [pc, #8]	; (100005fc <irq_set_exclusive_handler+0x48>)
100005f4:	601a      	str	r2, [r3, #0]
100005f6:	f386 8810 	msr	PRIMASK, r6
100005fa:	bd70      	pop	{r4, r5, r6, pc}
100005fc:	d0000124 	.word	0xd0000124
10000600:	e000ed00 	.word	0xe000ed00
10000604:	100001cd 	.word	0x100001cd

10000608 <irq_add_shared_handler>:
10000608:	b5f0      	push	{r4, r5, r6, r7, lr}
1000060a:	4657      	mov	r7, sl
1000060c:	464e      	mov	r6, r9
1000060e:	46de      	mov	lr, fp
10000610:	4645      	mov	r5, r8
10000612:	b5e0      	push	{r5, r6, r7, lr}
10000614:	b085      	sub	sp, #20
10000616:	0006      	movs	r6, r0
10000618:	9102      	str	r1, [sp, #8]
1000061a:	0017      	movs	r7, r2
1000061c:	f3ef 8b10 	mrs	fp, PRIMASK
10000620:	b672      	cpsid	i
10000622:	4a67      	ldr	r2, [pc, #412]	; (100007c0 <irq_add_shared_handler+0x1b8>)
10000624:	6813      	ldr	r3, [r2, #0]
10000626:	2b00      	cmp	r3, #0
10000628:	d0fc      	beq.n	10000624 <irq_add_shared_handler+0x1c>
1000062a:	f3bf 8f5f 	dmb	sy
1000062e:	2500      	movs	r5, #0
10000630:	4b64      	ldr	r3, [pc, #400]	; (100007c4 <irq_add_shared_handler+0x1bc>)
10000632:	575d      	ldrsb	r5, [r3, r5]
10000634:	469a      	mov	sl, r3
10000636:	2d00      	cmp	r5, #0
10000638:	da00      	bge.n	1000063c <irq_add_shared_handler+0x34>
1000063a:	e0a5      	b.n	10000788 <irq_add_shared_handler+0x180>
1000063c:	006b      	lsls	r3, r5, #1
1000063e:	4c62      	ldr	r4, [pc, #392]	; (100007c8 <irq_add_shared_handler+0x1c0>)
10000640:	9303      	str	r3, [sp, #12]
10000642:	195b      	adds	r3, r3, r5
10000644:	009b      	lsls	r3, r3, #2
10000646:	4698      	mov	r8, r3
10000648:	46a1      	mov	r9, r4
1000064a:	44c1      	add	r9, r8
1000064c:	464b      	mov	r3, r9
1000064e:	4652      	mov	r2, sl
10000650:	799b      	ldrb	r3, [r3, #6]
10000652:	3610      	adds	r6, #16
10000654:	7013      	strb	r3, [r2, #0]
10000656:	4b5d      	ldr	r3, [pc, #372]	; (100007cc <irq_add_shared_handler+0x1c4>)
10000658:	00b2      	lsls	r2, r6, #2
1000065a:	689b      	ldr	r3, [r3, #8]
1000065c:	9201      	str	r2, [sp, #4]
1000065e:	5899      	ldr	r1, [r3, r2]
10000660:	1b0b      	subs	r3, r1, r4
10000662:	2b2f      	cmp	r3, #47	; 0x2f
10000664:	d934      	bls.n	100006d0 <irq_add_shared_handler+0xc8>
10000666:	4b5a      	ldr	r3, [pc, #360]	; (100007d0 <irq_add_shared_handler+0x1c8>)
10000668:	4299      	cmp	r1, r3
1000066a:	d000      	beq.n	1000066e <irq_add_shared_handler+0x66>
1000066c:	e0a5      	b.n	100007ba <irq_add_shared_handler+0x1b2>
1000066e:	9b03      	ldr	r3, [sp, #12]
10000670:	4a58      	ldr	r2, [pc, #352]	; (100007d4 <irq_add_shared_handler+0x1cc>)
10000672:	469c      	mov	ip, r3
10000674:	4b58      	ldr	r3, [pc, #352]	; (100007d8 <irq_add_shared_handler+0x1d0>)
10000676:	4465      	add	r5, ip
10000678:	00ad      	lsls	r5, r5, #2
1000067a:	5363      	strh	r3, [r4, r5]
1000067c:	4643      	mov	r3, r8
1000067e:	3302      	adds	r3, #2
10000680:	1965      	adds	r5, r4, r5
10000682:	18e4      	adds	r4, r4, r3
10000684:	4b55      	ldr	r3, [pc, #340]	; (100007dc <irq_add_shared_handler+0x1d4>)
10000686:	2101      	movs	r1, #1
10000688:	3b04      	subs	r3, #4
1000068a:	1b1b      	subs	r3, r3, r4
1000068c:	051b      	lsls	r3, r3, #20
1000068e:	0d5b      	lsrs	r3, r3, #21
10000690:	4313      	orrs	r3, r2
10000692:	806b      	strh	r3, [r5, #2]
10000694:	4b52      	ldr	r3, [pc, #328]	; (100007e0 <irq_add_shared_handler+0x1d8>)
10000696:	71ef      	strb	r7, [r5, #7]
10000698:	80ab      	strh	r3, [r5, #4]
1000069a:	23ff      	movs	r3, #255	; 0xff
1000069c:	71ab      	strb	r3, [r5, #6]
1000069e:	9b02      	ldr	r3, [sp, #8]
100006a0:	60ab      	str	r3, [r5, #8]
100006a2:	464b      	mov	r3, r9
100006a4:	430b      	orrs	r3, r1
100006a6:	0019      	movs	r1, r3
100006a8:	4b48      	ldr	r3, [pc, #288]	; (100007cc <irq_add_shared_handler+0x1c4>)
100006aa:	9a01      	ldr	r2, [sp, #4]
100006ac:	689b      	ldr	r3, [r3, #8]
100006ae:	5099      	str	r1, [r3, r2]
100006b0:	f3bf 8f5f 	dmb	sy
100006b4:	f3bf 8f5f 	dmb	sy
100006b8:	2200      	movs	r2, #0
100006ba:	4b41      	ldr	r3, [pc, #260]	; (100007c0 <irq_add_shared_handler+0x1b8>)
100006bc:	601a      	str	r2, [r3, #0]
100006be:	f38b 8810 	msr	PRIMASK, fp
100006c2:	b005      	add	sp, #20
100006c4:	bcf0      	pop	{r4, r5, r6, r7}
100006c6:	46bb      	mov	fp, r7
100006c8:	46b2      	mov	sl, r6
100006ca:	46a9      	mov	r9, r5
100006cc:	46a0      	mov	r8, r4
100006ce:	bdf0      	pop	{r4, r5, r6, r7, pc}
100006d0:	2001      	movs	r0, #1
100006d2:	000a      	movs	r2, r1
100006d4:	4382      	bics	r2, r0
100006d6:	79d3      	ldrb	r3, [r2, #7]
100006d8:	42bb      	cmp	r3, r7
100006da:	d82f      	bhi.n	1000073c <irq_add_shared_handler+0x134>
100006dc:	4645      	mov	r5, r8
100006de:	464e      	mov	r6, r9
100006e0:	0013      	movs	r3, r2
100006e2:	4940      	ldr	r1, [pc, #256]	; (100007e4 <irq_add_shared_handler+0x1dc>)
100006e4:	1b1b      	subs	r3, r3, r4
100006e6:	415b      	adcs	r3, r3
100006e8:	4359      	muls	r1, r3
100006ea:	0d09      	lsrs	r1, r1, #20
100006ec:	4b3a      	ldr	r3, [pc, #232]	; (100007d8 <irq_add_shared_handler+0x1d0>)
100006ee:	5363      	strh	r3, [r4, r5]
100006f0:	4b3a      	ldr	r3, [pc, #232]	; (100007dc <irq_add_shared_handler+0x1d4>)
100006f2:	3502      	adds	r5, #2
100006f4:	1965      	adds	r5, r4, r5
100006f6:	3b04      	subs	r3, #4
100006f8:	1b5b      	subs	r3, r3, r5
100006fa:	051b      	lsls	r3, r3, #20
100006fc:	4d35      	ldr	r5, [pc, #212]	; (100007d4 <irq_add_shared_handler+0x1cc>)
100006fe:	0d5b      	lsrs	r3, r3, #21
10000700:	432b      	orrs	r3, r5
10000702:	8073      	strh	r3, [r6, #2]
10000704:	2604      	movs	r6, #4
10000706:	46b4      	mov	ip, r6
10000708:	44e0      	add	r8, ip
1000070a:	4444      	add	r4, r8
1000070c:	1f13      	subs	r3, r2, #4
1000070e:	1b1b      	subs	r3, r3, r4
10000710:	464c      	mov	r4, r9
10000712:	71a1      	strb	r1, [r4, #6]
10000714:	9902      	ldr	r1, [sp, #8]
10000716:	051b      	lsls	r3, r3, #20
10000718:	60a1      	str	r1, [r4, #8]
1000071a:	4649      	mov	r1, r9
1000071c:	0d5b      	lsrs	r3, r3, #21
1000071e:	432b      	orrs	r3, r5
10000720:	80a3      	strh	r3, [r4, #4]
10000722:	4b31      	ldr	r3, [pc, #196]	; (100007e8 <irq_add_shared_handler+0x1e0>)
10000724:	71e7      	strb	r7, [r4, #7]
10000726:	4301      	orrs	r1, r0
10000728:	6013      	str	r3, [r2, #0]
1000072a:	e7bd      	b.n	100006a8 <irq_add_shared_handler+0xa0>
1000072c:	0058      	lsls	r0, r3, #1
1000072e:	18c0      	adds	r0, r0, r3
10000730:	0080      	lsls	r0, r0, #2
10000732:	1820      	adds	r0, r4, r0
10000734:	79c6      	ldrb	r6, [r0, #7]
10000736:	42be      	cmp	r6, r7
10000738:	d92c      	bls.n	10000794 <irq_add_shared_handler+0x18c>
1000073a:	0002      	movs	r2, r0
1000073c:	2306      	movs	r3, #6
1000073e:	56d3      	ldrsb	r3, [r2, r3]
10000740:	2b00      	cmp	r3, #0
10000742:	daf3      	bge.n	1000072c <irq_add_shared_handler+0x124>
10000744:	1d10      	adds	r0, r2, #4
10000746:	4682      	mov	sl, r0
10000748:	20bd      	movs	r0, #189	; 0xbd
1000074a:	0200      	lsls	r0, r0, #8
1000074c:	4680      	mov	r8, r0
1000074e:	2604      	movs	r6, #4
10000750:	4276      	negs	r6, r6
10000752:	46b4      	mov	ip, r6
10000754:	44e1      	add	r9, ip
10000756:	4650      	mov	r0, sl
10000758:	464e      	mov	r6, r9
1000075a:	1a36      	subs	r6, r6, r0
1000075c:	0530      	lsls	r0, r6, #20
1000075e:	0d40      	lsrs	r0, r0, #21
10000760:	4682      	mov	sl, r0
10000762:	4656      	mov	r6, sl
10000764:	481b      	ldr	r0, [pc, #108]	; (100007d4 <irq_add_shared_handler+0x1cc>)
10000766:	7195      	strb	r5, [r2, #6]
10000768:	4306      	orrs	r6, r0
1000076a:	8096      	strh	r6, [r2, #4]
1000076c:	9a03      	ldr	r2, [sp, #12]
1000076e:	4694      	mov	ip, r2
10000770:	4465      	add	r5, ip
10000772:	4a1d      	ldr	r2, [pc, #116]	; (100007e8 <irq_add_shared_handler+0x1e0>)
10000774:	00ad      	lsls	r5, r5, #2
10000776:	1964      	adds	r4, r4, r5
10000778:	6022      	str	r2, [r4, #0]
1000077a:	4642      	mov	r2, r8
1000077c:	71a3      	strb	r3, [r4, #6]
1000077e:	9b02      	ldr	r3, [sp, #8]
10000780:	80a2      	strh	r2, [r4, #4]
10000782:	71e7      	strb	r7, [r4, #7]
10000784:	60a3      	str	r3, [r4, #8]
10000786:	e78f      	b.n	100006a8 <irq_add_shared_handler+0xa0>
10000788:	f001 f97e 	bl	10001a88 <hard_assertion_failure>
1000078c:	2500      	movs	r5, #0
1000078e:	4653      	mov	r3, sl
10000790:	575d      	ldrsb	r5, [r3, r5]
10000792:	e753      	b.n	1000063c <irq_add_shared_handler+0x34>
10000794:	1d10      	adds	r0, r2, #4
10000796:	4682      	mov	sl, r0
10000798:	8890      	ldrh	r0, [r2, #4]
1000079a:	0540      	lsls	r0, r0, #21
1000079c:	1500      	asrs	r0, r0, #20
1000079e:	4684      	mov	ip, r0
100007a0:	4640      	mov	r0, r8
100007a2:	44d4      	add	ip, sl
100007a4:	4666      	mov	r6, ip
100007a6:	3004      	adds	r0, #4
100007a8:	1820      	adds	r0, r4, r0
100007aa:	1a30      	subs	r0, r6, r0
100007ac:	26e0      	movs	r6, #224	; 0xe0
100007ae:	0500      	lsls	r0, r0, #20
100007b0:	0d40      	lsrs	r0, r0, #21
100007b2:	0236      	lsls	r6, r6, #8
100007b4:	4330      	orrs	r0, r6
100007b6:	4680      	mov	r8, r0
100007b8:	e7c9      	b.n	1000074e <irq_add_shared_handler+0x146>
100007ba:	f001 f965 	bl	10001a88 <hard_assertion_failure>
100007be:	e756      	b.n	1000066e <irq_add_shared_handler+0x66>
100007c0:	d0000124 	.word	0xd0000124
100007c4:	2000264a 	.word	0x2000264a
100007c8:	2000136c 	.word	0x2000136c
100007cc:	e000ed00 	.word	0xe000ed00
100007d0:	100001cd 	.word	0x100001cd
100007d4:	ffffe000 	.word	0xffffe000
100007d8:	ffffa100 	.word	0xffffa100
100007dc:	2000139c 	.word	0x2000139c
100007e0:	ffffbd00 	.word	0xffffbd00
100007e4:	0000aaaa 	.word	0x0000aaaa
100007e8:	47804801 	.word	0x47804801

100007ec <irq_remove_handler>:
100007ec:	b5f0      	push	{r4, r5, r6, r7, lr}
100007ee:	46de      	mov	lr, fp
100007f0:	4657      	mov	r7, sl
100007f2:	464e      	mov	r6, r9
100007f4:	4645      	mov	r5, r8
100007f6:	b5e0      	push	{r5, r6, r7, lr}
100007f8:	000c      	movs	r4, r1
100007fa:	b083      	sub	sp, #12
100007fc:	f3ef 8a10 	mrs	sl, PRIMASK
10000800:	b672      	cpsid	i
10000802:	4a5a      	ldr	r2, [pc, #360]	; (1000096c <irq_remove_handler+0x180>)
10000804:	6813      	ldr	r3, [r2, #0]
10000806:	2b00      	cmp	r3, #0
10000808:	d0fc      	beq.n	10000804 <irq_remove_handler+0x18>
1000080a:	f3bf 8f5f 	dmb	sy
1000080e:	2210      	movs	r2, #16
10000810:	4691      	mov	r9, r2
10000812:	4481      	add	r9, r0
10000814:	464a      	mov	r2, r9
10000816:	4b56      	ldr	r3, [pc, #344]	; (10000970 <irq_remove_handler+0x184>)
10000818:	0096      	lsls	r6, r2, #2
1000081a:	689b      	ldr	r3, [r3, #8]
1000081c:	599d      	ldr	r5, [r3, r6]
1000081e:	4b55      	ldr	r3, [pc, #340]	; (10000974 <irq_remove_handler+0x188>)
10000820:	4698      	mov	r8, r3
10000822:	429d      	cmp	r5, r3
10000824:	d005      	beq.n	10000832 <irq_remove_handler+0x46>
10000826:	42a5      	cmp	r5, r4
10000828:	d016      	beq.n	10000858 <irq_remove_handler+0x6c>
1000082a:	4f53      	ldr	r7, [pc, #332]	; (10000978 <irq_remove_handler+0x18c>)
1000082c:	1beb      	subs	r3, r5, r7
1000082e:	2b2f      	cmp	r3, #47	; 0x2f
10000830:	d914      	bls.n	1000085c <irq_remove_handler+0x70>
10000832:	4b4f      	ldr	r3, [pc, #316]	; (10000970 <irq_remove_handler+0x184>)
10000834:	689b      	ldr	r3, [r3, #8]
10000836:	519d      	str	r5, [r3, r6]
10000838:	f3bf 8f5f 	dmb	sy
1000083c:	f3bf 8f5f 	dmb	sy
10000840:	2200      	movs	r2, #0
10000842:	4b4a      	ldr	r3, [pc, #296]	; (1000096c <irq_remove_handler+0x180>)
10000844:	601a      	str	r2, [r3, #0]
10000846:	f38a 8810 	msr	PRIMASK, sl
1000084a:	b003      	add	sp, #12
1000084c:	bcf0      	pop	{r4, r5, r6, r7}
1000084e:	46bb      	mov	fp, r7
10000850:	46b2      	mov	sl, r6
10000852:	46a9      	mov	r9, r5
10000854:	46a0      	mov	r8, r4
10000856:	bdf0      	pop	{r4, r5, r6, r7, pc}
10000858:	001d      	movs	r5, r3
1000085a:	e7ea      	b.n	10000832 <irq_remove_handler+0x46>
1000085c:	2301      	movs	r3, #1
1000085e:	4083      	lsls	r3, r0
10000860:	469b      	mov	fp, r3
10000862:	465a      	mov	r2, fp
10000864:	4b45      	ldr	r3, [pc, #276]	; (1000097c <irq_remove_handler+0x190>)
10000866:	681b      	ldr	r3, [r3, #0]
10000868:	401a      	ands	r2, r3
1000086a:	9200      	str	r2, [sp, #0]
1000086c:	465a      	mov	r2, fp
1000086e:	4b44      	ldr	r3, [pc, #272]	; (10000980 <irq_remove_handler+0x194>)
10000870:	601a      	str	r2, [r3, #0]
10000872:	f3bf 8f5f 	dmb	sy
10000876:	f7ff fcf6 	bl	10000266 <__get_current_exception>
1000087a:	9001      	str	r0, [sp, #4]
1000087c:	2800      	cmp	r0, #0
1000087e:	d003      	beq.n	10000888 <irq_remove_handler+0x9c>
10000880:	4581      	cmp	r9, r0
10000882:	d001      	beq.n	10000888 <irq_remove_handler+0x9c>
10000884:	f001 f900 	bl	10001a88 <hard_assertion_failure>
10000888:	2301      	movs	r3, #1
1000088a:	002a      	movs	r2, r5
1000088c:	439a      	bics	r2, r3
1000088e:	6893      	ldr	r3, [r2, #8]
10000890:	429c      	cmp	r4, r3
10000892:	d108      	bne.n	100008a6 <irq_remove_handler+0xba>
10000894:	e05f      	b.n	10000956 <irq_remove_handler+0x16a>
10000896:	004b      	lsls	r3, r1, #1
10000898:	185b      	adds	r3, r3, r1
1000089a:	009b      	lsls	r3, r3, #2
1000089c:	18fb      	adds	r3, r7, r3
1000089e:	6899      	ldr	r1, [r3, #8]
100008a0:	42a1      	cmp	r1, r4
100008a2:	d011      	beq.n	100008c8 <irq_remove_handler+0xdc>
100008a4:	001a      	movs	r2, r3
100008a6:	2106      	movs	r1, #6
100008a8:	5651      	ldrsb	r1, [r2, r1]
100008aa:	2900      	cmp	r1, #0
100008ac:	daf3      	bge.n	10000896 <irq_remove_handler+0xaa>
100008ae:	9b00      	ldr	r3, [sp, #0]
100008b0:	2b00      	cmp	r3, #0
100008b2:	d005      	beq.n	100008c0 <irq_remove_handler+0xd4>
100008b4:	465a      	mov	r2, fp
100008b6:	4b33      	ldr	r3, [pc, #204]	; (10000984 <irq_remove_handler+0x198>)
100008b8:	601a      	str	r2, [r3, #0]
100008ba:	4b30      	ldr	r3, [pc, #192]	; (1000097c <irq_remove_handler+0x190>)
100008bc:	601a      	str	r2, [r3, #0]
100008be:	e7b8      	b.n	10000832 <irq_remove_handler+0x46>
100008c0:	465a      	mov	r2, fp
100008c2:	4b2f      	ldr	r3, [pc, #188]	; (10000980 <irq_remove_handler+0x194>)
100008c4:	601a      	str	r2, [r3, #0]
100008c6:	e7b4      	b.n	10000832 <irq_remove_handler+0x46>
100008c8:	2106      	movs	r1, #6
100008ca:	5659      	ldrsb	r1, [r3, r1]
100008cc:	2900      	cmp	r1, #0
100008ce:	db21      	blt.n	10000914 <irq_remove_handler+0x128>
100008d0:	004a      	lsls	r2, r1, #1
100008d2:	1850      	adds	r0, r2, r1
100008d4:	0080      	lsls	r0, r0, #2
100008d6:	183c      	adds	r4, r7, r0
100008d8:	4680      	mov	r8, r0
100008da:	68a0      	ldr	r0, [r4, #8]
100008dc:	6098      	str	r0, [r3, #8]
100008de:	79e0      	ldrb	r0, [r4, #7]
100008e0:	71d8      	strb	r0, [r3, #7]
100008e2:	2006      	movs	r0, #6
100008e4:	5620      	ldrsb	r0, [r4, r0]
100008e6:	7198      	strb	r0, [r3, #6]
100008e8:	2800      	cmp	r0, #0
100008ea:	db24      	blt.n	10000936 <irq_remove_handler+0x14a>
100008ec:	88a4      	ldrh	r4, [r4, #4]
100008ee:	1af8      	subs	r0, r7, r3
100008f0:	0564      	lsls	r4, r4, #21
100008f2:	1524      	asrs	r4, r4, #20
100008f4:	4444      	add	r4, r8
100008f6:	1900      	adds	r0, r0, r4
100008f8:	24e0      	movs	r4, #224	; 0xe0
100008fa:	0500      	lsls	r0, r0, #20
100008fc:	0d40      	lsrs	r0, r0, #21
100008fe:	0224      	lsls	r4, r4, #8
10000900:	4320      	orrs	r0, r4
10000902:	8098      	strh	r0, [r3, #4]
10000904:	1852      	adds	r2, r2, r1
10000906:	4b20      	ldr	r3, [pc, #128]	; (10000988 <irq_remove_handler+0x19c>)
10000908:	0092      	lsls	r2, r2, #2
1000090a:	18bf      	adds	r7, r7, r2
1000090c:	781a      	ldrb	r2, [r3, #0]
1000090e:	7019      	strb	r1, [r3, #0]
10000910:	71ba      	strb	r2, [r7, #6]
10000912:	e7cc      	b.n	100008ae <irq_remove_handler+0xc2>
10000914:	9901      	ldr	r1, [sp, #4]
10000916:	2900      	cmp	r1, #0
10000918:	d110      	bne.n	1000093c <irq_remove_handler+0x150>
1000091a:	31ff      	adds	r1, #255	; 0xff
1000091c:	7191      	strb	r1, [r2, #6]
1000091e:	491b      	ldr	r1, [pc, #108]	; (1000098c <irq_remove_handler+0x1a0>)
10000920:	8091      	strh	r1, [r2, #4]
10000922:	4919      	ldr	r1, [pc, #100]	; (10000988 <irq_remove_handler+0x19c>)
10000924:	780a      	ldrb	r2, [r1, #0]
10000926:	719a      	strb	r2, [r3, #6]
10000928:	4a19      	ldr	r2, [pc, #100]	; (10000990 <irq_remove_handler+0x1a4>)
1000092a:	1bdb      	subs	r3, r3, r7
1000092c:	415b      	adcs	r3, r3
1000092e:	435a      	muls	r2, r3
10000930:	0d12      	lsrs	r2, r2, #20
10000932:	700a      	strb	r2, [r1, #0]
10000934:	e7bb      	b.n	100008ae <irq_remove_handler+0xc2>
10000936:	20bd      	movs	r0, #189	; 0xbd
10000938:	0200      	lsls	r0, r0, #8
1000093a:	e7e2      	b.n	10000902 <irq_remove_handler+0x116>
1000093c:	4a15      	ldr	r2, [pc, #84]	; (10000994 <irq_remove_handler+0x1a8>)
1000093e:	4916      	ldr	r1, [pc, #88]	; (10000998 <irq_remove_handler+0x1ac>)
10000940:	1ad2      	subs	r2, r2, r3
10000942:	3a08      	subs	r2, #8
10000944:	0250      	lsls	r0, r2, #9
10000946:	0d40      	lsrs	r0, r0, #21
10000948:	4301      	orrs	r1, r0
1000094a:	8099      	strh	r1, [r3, #4]
1000094c:	4913      	ldr	r1, [pc, #76]	; (1000099c <irq_remove_handler+0x1b0>)
1000094e:	0852      	lsrs	r2, r2, #1
10000950:	430a      	orrs	r2, r1
10000952:	80da      	strh	r2, [r3, #6]
10000954:	e7ab      	b.n	100008ae <irq_remove_handler+0xc2>
10000956:	2106      	movs	r1, #6
10000958:	5651      	ldrsb	r1, [r2, r1]
1000095a:	0013      	movs	r3, r2
1000095c:	2900      	cmp	r1, #0
1000095e:	dab7      	bge.n	100008d0 <irq_remove_handler+0xe4>
10000960:	9a01      	ldr	r2, [sp, #4]
10000962:	2a00      	cmp	r2, #0
10000964:	d1ea      	bne.n	1000093c <irq_remove_handler+0x150>
10000966:	4645      	mov	r5, r8
10000968:	e7db      	b.n	10000922 <irq_remove_handler+0x136>
1000096a:	46c0      	nop			; (mov r8, r8)
1000096c:	d0000124 	.word	0xd0000124
10000970:	e000ed00 	.word	0xe000ed00
10000974:	100001cd 	.word	0x100001cd
10000978:	2000136c 	.word	0x2000136c
1000097c:	e000e100 	.word	0xe000e100
10000980:	e000e180 	.word	0xe000e180
10000984:	e000e280 	.word	0xe000e280
10000988:	2000264a 	.word	0x2000264a
1000098c:	ffffbd00 	.word	0xffffbd00
10000990:	0000aaaa 	.word	0x0000aaaa
10000994:	200013a6 	.word	0x200013a6
10000998:	fffff000 	.word	0xfffff000
1000099c:	fffff800 	.word	0xfffff800

100009a0 <irq_add_tail_to_free_list>:
100009a0:	b5f8      	push	{r3, r4, r5, r6, r7, lr}
100009a2:	2501      	movs	r5, #1
100009a4:	0004      	movs	r4, r0
100009a6:	4305      	orrs	r5, r0
100009a8:	f7ff fc5d 	bl	10000266 <__get_current_exception>
100009ac:	f3ef 8c10 	mrs	ip, PRIMASK
100009b0:	b672      	cpsid	i
100009b2:	4a21      	ldr	r2, [pc, #132]	; (10000a38 <irq_add_tail_to_free_list+0x98>)
100009b4:	6813      	ldr	r3, [r2, #0]
100009b6:	2b00      	cmp	r3, #0
100009b8:	d0fc      	beq.n	100009b4 <irq_add_tail_to_free_list+0x14>
100009ba:	f3bf 8f5f 	dmb	sy
100009be:	4e1f      	ldr	r6, [pc, #124]	; (10000a3c <irq_add_tail_to_free_list+0x9c>)
100009c0:	0021      	movs	r1, r4
100009c2:	68b7      	ldr	r7, [r6, #8]
100009c4:	4a1e      	ldr	r2, [pc, #120]	; (10000a40 <irq_add_tail_to_free_list+0xa0>)
100009c6:	4b1f      	ldr	r3, [pc, #124]	; (10000a44 <irq_add_tail_to_free_list+0xa4>)
100009c8:	1a89      	subs	r1, r1, r2
100009ca:	4149      	adcs	r1, r1
100009cc:	434b      	muls	r3, r1
100009ce:	0d1b      	lsrs	r3, r3, #20
100009d0:	b259      	sxtb	r1, r3
100009d2:	0083      	lsls	r3, r0, #2
100009d4:	58f8      	ldr	r0, [r7, r3]
100009d6:	42a8      	cmp	r0, r5
100009d8:	d01c      	beq.n	10000a14 <irq_add_tail_to_free_list+0x74>
100009da:	2306      	movs	r3, #6
100009dc:	56d3      	ldrsb	r3, [r2, r3]
100009de:	428b      	cmp	r3, r1
100009e0:	d01c      	beq.n	10000a1c <irq_add_tail_to_free_list+0x7c>
100009e2:	2312      	movs	r3, #18
100009e4:	56d3      	ldrsb	r3, [r2, r3]
100009e6:	428b      	cmp	r3, r1
100009e8:	d022      	beq.n	10000a30 <irq_add_tail_to_free_list+0x90>
100009ea:	231e      	movs	r3, #30
100009ec:	56d3      	ldrsb	r3, [r2, r3]
100009ee:	428b      	cmp	r3, r1
100009f0:	d020      	beq.n	10000a34 <irq_add_tail_to_free_list+0x94>
100009f2:	232a      	movs	r3, #42	; 0x2a
100009f4:	56d3      	ldrsb	r3, [r2, r3]
100009f6:	2003      	movs	r0, #3
100009f8:	428b      	cmp	r3, r1
100009fa:	d010      	beq.n	10000a1e <irq_add_tail_to_free_list+0x7e>
100009fc:	4b12      	ldr	r3, [pc, #72]	; (10000a48 <irq_add_tail_to_free_list+0xa8>)
100009fe:	781a      	ldrb	r2, [r3, #0]
10000a00:	7019      	strb	r1, [r3, #0]
10000a02:	71a2      	strb	r2, [r4, #6]
10000a04:	f3bf 8f5f 	dmb	sy
10000a08:	2200      	movs	r2, #0
10000a0a:	4b0b      	ldr	r3, [pc, #44]	; (10000a38 <irq_add_tail_to_free_list+0x98>)
10000a0c:	601a      	str	r2, [r3, #0]
10000a0e:	f38c 8810 	msr	PRIMASK, ip
10000a12:	bdf8      	pop	{r3, r4, r5, r6, r7, pc}
10000a14:	68b2      	ldr	r2, [r6, #8]
10000a16:	480d      	ldr	r0, [pc, #52]	; (10000a4c <irq_add_tail_to_free_list+0xac>)
10000a18:	50d0      	str	r0, [r2, r3]
10000a1a:	e7ef      	b.n	100009fc <irq_add_tail_to_free_list+0x5c>
10000a1c:	2000      	movs	r0, #0
10000a1e:	0043      	lsls	r3, r0, #1
10000a20:	181b      	adds	r3, r3, r0
10000a22:	009b      	lsls	r3, r3, #2
10000a24:	18d2      	adds	r2, r2, r3
10000a26:	23ff      	movs	r3, #255	; 0xff
10000a28:	7193      	strb	r3, [r2, #6]
10000a2a:	4b09      	ldr	r3, [pc, #36]	; (10000a50 <irq_add_tail_to_free_list+0xb0>)
10000a2c:	8093      	strh	r3, [r2, #4]
10000a2e:	e7e5      	b.n	100009fc <irq_add_tail_to_free_list+0x5c>
10000a30:	2001      	movs	r0, #1
10000a32:	e7f4      	b.n	10000a1e <irq_add_tail_to_free_list+0x7e>
10000a34:	2002      	movs	r0, #2
10000a36:	e7f2      	b.n	10000a1e <irq_add_tail_to_free_list+0x7e>
10000a38:	d0000124 	.word	0xd0000124
10000a3c:	e000ed00 	.word	0xe000ed00
10000a40:	2000136c 	.word	0x2000136c
10000a44:	0000aaaa 	.word	0x0000aaaa
10000a48:	2000264a 	.word	0x2000264a
10000a4c:	100001cd 	.word	0x100001cd
10000a50:	ffffbd00 	.word	0xffffbd00

10000a54 <irq_init_priorities>:
10000a54:	4b05      	ldr	r3, [pc, #20]	; (10000a6c <irq_init_priorities+0x18>)
10000a56:	4a06      	ldr	r2, [pc, #24]	; (10000a70 <irq_init_priorities+0x1c>)
10000a58:	6013      	str	r3, [r2, #0]
10000a5a:	4a06      	ldr	r2, [pc, #24]	; (10000a74 <irq_init_priorities+0x20>)
10000a5c:	6013      	str	r3, [r2, #0]
10000a5e:	6053      	str	r3, [r2, #4]
10000a60:	6093      	str	r3, [r2, #8]
10000a62:	60d3      	str	r3, [r2, #12]
10000a64:	6113      	str	r3, [r2, #16]
10000a66:	6153      	str	r3, [r2, #20]
10000a68:	6193      	str	r3, [r2, #24]
10000a6a:	4770      	bx	lr
10000a6c:	80808080 	.word	0x80808080
10000a70:	e000e400 	.word	0xe000e400
10000a74:	e000e404 	.word	0xe000e404

10000a78 <user_irq_claim_unused>:
10000a78:	23d0      	movs	r3, #208	; 0xd0
10000a7a:	b500      	push	{lr}
10000a7c:	061b      	lsls	r3, r3, #24
10000a7e:	681b      	ldr	r3, [r3, #0]
10000a80:	0001      	movs	r1, r0
10000a82:	4807      	ldr	r0, [pc, #28]	; (10000aa0 <user_irq_claim_unused+0x28>)
10000a84:	b083      	sub	sp, #12
10000a86:	18c0      	adds	r0, r0, r3
10000a88:	4b06      	ldr	r3, [pc, #24]	; (10000aa4 <user_irq_claim_unused+0x2c>)
10000a8a:	2200      	movs	r2, #0
10000a8c:	9300      	str	r3, [sp, #0]
10000a8e:	2305      	movs	r3, #5
10000a90:	f7ff fcd8 	bl	10000444 <hw_claim_unused_from_range>
10000a94:	2800      	cmp	r0, #0
10000a96:	db01      	blt.n	10000a9c <user_irq_claim_unused+0x24>
10000a98:	231f      	movs	r3, #31
10000a9a:	1a18      	subs	r0, r3, r0
10000a9c:	b003      	add	sp, #12
10000a9e:	bd00      	pop	{pc}
10000aa0:	20002644 	.word	0x20002644
10000aa4:	10007924 	.word	0x10007924

10000aa8 <lock_init>:
10000aa8:	4b02      	ldr	r3, [pc, #8]	; (10000ab4 <lock_init+0xc>)
10000aaa:	469c      	mov	ip, r3
10000aac:	4461      	add	r1, ip
10000aae:	0089      	lsls	r1, r1, #2
10000ab0:	6001      	str	r1, [r0, #0]
10000ab2:	4770      	bx	lr
10000ab4:	34000040 	.word	0x34000040

10000ab8 <timer_pool_entry_comparator>:
10000ab8:	6883      	ldr	r3, [r0, #8]
10000aba:	480b      	ldr	r0, [pc, #44]	; (10000ae8 <timer_pool_entry_comparator+0x30>)
10000abc:	b510      	push	{r4, lr}
10000abe:	4684      	mov	ip, r0
10000ac0:	4461      	add	r1, ip
10000ac2:	4462      	add	r2, ip
10000ac4:	0109      	lsls	r1, r1, #4
10000ac6:	0112      	lsls	r2, r2, #4
10000ac8:	189a      	adds	r2, r3, r2
10000aca:	1859      	adds	r1, r3, r1
10000acc:	6854      	ldr	r4, [r2, #4]
10000ace:	684b      	ldr	r3, [r1, #4]
10000ad0:	2001      	movs	r0, #1
10000ad2:	429c      	cmp	r4, r3
10000ad4:	d801      	bhi.n	10000ada <timer_pool_entry_comparator+0x22>
10000ad6:	d002      	beq.n	10000ade <timer_pool_entry_comparator+0x26>
10000ad8:	2000      	movs	r0, #0
10000ada:	b2c0      	uxtb	r0, r0
10000adc:	bd10      	pop	{r4, pc}
10000ade:	6812      	ldr	r2, [r2, #0]
10000ae0:	680b      	ldr	r3, [r1, #0]
10000ae2:	429a      	cmp	r2, r3
10000ae4:	d8f9      	bhi.n	10000ada <timer_pool_entry_comparator+0x22>
10000ae6:	e7f7      	b.n	10000ad8 <timer_pool_entry_comparator+0x20>
10000ae8:	0fffffff 	.word	0x0fffffff

10000aec <sleep_until_callback>:
10000aec:	4b0a      	ldr	r3, [pc, #40]	; (10000b18 <sleep_until_callback+0x2c>)
10000aee:	6819      	ldr	r1, [r3, #0]
10000af0:	f3ef 8010 	mrs	r0, PRIMASK
10000af4:	b672      	cpsid	i
10000af6:	680a      	ldr	r2, [r1, #0]
10000af8:	2a00      	cmp	r2, #0
10000afa:	d0fc      	beq.n	10000af6 <sleep_until_callback+0xa>
10000afc:	f3bf 8f5f 	dmb	sy
10000b00:	681b      	ldr	r3, [r3, #0]
10000b02:	f3bf 8f5f 	dmb	sy
10000b06:	2200      	movs	r2, #0
10000b08:	601a      	str	r2, [r3, #0]
10000b0a:	f380 8810 	msr	PRIMASK, r0
10000b0e:	bf40      	sev
10000b10:	2000      	movs	r0, #0
10000b12:	2100      	movs	r1, #0
10000b14:	4770      	bx	lr
10000b16:	46c0      	nop			; (mov r8, r8)
10000b18:	20002614 	.word	0x20002614

10000b1c <add_alarm_under_lock.isra.0>:
10000b1c:	b5f8      	push	{r3, r4, r5, r6, r7, lr}
10000b1e:	4657      	mov	r7, sl
10000b20:	464e      	mov	r6, r9
10000b22:	4645      	mov	r5, r8
10000b24:	46de      	mov	lr, fp
10000b26:	b5e0      	push	{r5, r6, r7, lr}
10000b28:	4699      	mov	r9, r3
10000b2a:	ab0c      	add	r3, sp, #48	; 0x30
10000b2c:	781c      	ldrb	r4, [r3, #0]
10000b2e:	ab0d      	add	r3, sp, #52	; 0x34
10000b30:	781b      	ldrb	r3, [r3, #0]
10000b32:	0006      	movs	r6, r0
10000b34:	4690      	mov	r8, r2
10000b36:	469a      	mov	sl, r3
10000b38:	6807      	ldr	r7, [r0, #0]
10000b3a:	2c00      	cmp	r4, #0
10000b3c:	d111      	bne.n	10000b62 <add_alarm_under_lock.isra.0+0x46>
10000b3e:	7bbc      	ldrb	r4, [r7, #14]
10000b40:	2c00      	cmp	r4, #0
10000b42:	d042      	beq.n	10000bca <add_alarm_under_lock.isra.0+0xae>
10000b44:	0065      	lsls	r5, r4, #1
10000b46:	683b      	ldr	r3, [r7, #0]
10000b48:	192d      	adds	r5, r5, r4
10000b4a:	3d03      	subs	r5, #3
10000b4c:	1959      	adds	r1, r3, r5
10000b4e:	784b      	ldrb	r3, [r1, #1]
10000b50:	73bb      	strb	r3, [r7, #14]
10000b52:	2b00      	cmp	r3, #0
10000b54:	d100      	bne.n	10000b58 <add_alarm_under_lock.isra.0+0x3c>
10000b56:	73fb      	strb	r3, [r7, #15]
10000b58:	2300      	movs	r3, #0
10000b5a:	708b      	strb	r3, [r1, #2]
10000b5c:	704b      	strb	r3, [r1, #1]
10000b5e:	700b      	strb	r3, [r1, #0]
10000b60:	e004      	b.n	10000b6c <add_alarm_under_lock.isra.0+0x50>
10000b62:	0065      	lsls	r5, r4, #1
10000b64:	683b      	ldr	r3, [r7, #0]
10000b66:	192d      	adds	r5, r5, r4
10000b68:	3d03      	subs	r5, #3
10000b6a:	1959      	adds	r1, r3, r5
10000b6c:	68b2      	ldr	r2, [r6, #8]
10000b6e:	4b2a      	ldr	r3, [pc, #168]	; (10000c18 <add_alarm_under_lock.isra.0+0xfc>)
10000b70:	4694      	mov	ip, r2
10000b72:	4642      	mov	r2, r8
10000b74:	18e3      	adds	r3, r4, r3
10000b76:	011b      	lsls	r3, r3, #4
10000b78:	4463      	add	r3, ip
10000b7a:	601a      	str	r2, [r3, #0]
10000b7c:	464a      	mov	r2, r9
10000b7e:	605a      	str	r2, [r3, #4]
10000b80:	9a0a      	ldr	r2, [sp, #40]	; 0x28
10000b82:	609a      	str	r2, [r3, #8]
10000b84:	9a0b      	ldr	r2, [sp, #44]	; 0x2c
10000b86:	60da      	str	r2, [r3, #12]
10000b88:	2300      	movs	r3, #0
10000b8a:	708b      	strb	r3, [r1, #2]
10000b8c:	704b      	strb	r3, [r1, #1]
10000b8e:	700b      	strb	r3, [r1, #0]
10000b90:	7b7b      	ldrb	r3, [r7, #13]
10000b92:	469b      	mov	fp, r3
10000b94:	2b00      	cmp	r3, #0
10000b96:	d02b      	beq.n	10000bf0 <add_alarm_under_lock.isra.0+0xd4>
10000b98:	0022      	movs	r2, r4
10000b9a:	4659      	mov	r1, fp
10000b9c:	68b8      	ldr	r0, [r7, #8]
10000b9e:	687b      	ldr	r3, [r7, #4]
10000ba0:	4798      	blx	r3
10000ba2:	683a      	ldr	r2, [r7, #0]
10000ba4:	2800      	cmp	r0, #0
10000ba6:	d016      	beq.n	10000bd6 <add_alarm_under_lock.isra.0+0xba>
10000ba8:	465b      	mov	r3, fp
10000baa:	4658      	mov	r0, fp
10000bac:	005b      	lsls	r3, r3, #1
10000bae:	445b      	add	r3, fp
10000bb0:	1955      	adds	r5, r2, r5
10000bb2:	3b03      	subs	r3, #3
10000bb4:	70a8      	strb	r0, [r5, #2]
10000bb6:	18d1      	adds	r1, r2, r3
10000bb8:	5cd3      	ldrb	r3, [r2, r3]
10000bba:	2b00      	cmp	r3, #0
10000bbc:	d000      	beq.n	10000bc0 <add_alarm_under_lock.isra.0+0xa4>
10000bbe:	706b      	strb	r3, [r5, #1]
10000bc0:	465b      	mov	r3, fp
10000bc2:	700c      	strb	r4, [r1, #0]
10000bc4:	737b      	strb	r3, [r7, #13]
10000bc6:	45a3      	cmp	fp, r4
10000bc8:	d013      	beq.n	10000bf2 <add_alarm_under_lock.isra.0+0xd6>
10000bca:	bcf0      	pop	{r4, r5, r6, r7}
10000bcc:	46bb      	mov	fp, r7
10000bce:	46b2      	mov	sl, r6
10000bd0:	46a9      	mov	r9, r5
10000bd2:	46a0      	mov	r8, r4
10000bd4:	bdf8      	pop	{r3, r4, r5, r6, r7, pc}
10000bd6:	465b      	mov	r3, fp
10000bd8:	005b      	lsls	r3, r3, #1
10000bda:	445b      	add	r3, fp
10000bdc:	3b03      	subs	r3, #3
10000bde:	18d3      	adds	r3, r2, r3
10000be0:	709c      	strb	r4, [r3, #2]
10000be2:	1951      	adds	r1, r2, r5
10000be4:	5d52      	ldrb	r2, [r2, r5]
10000be6:	2a00      	cmp	r2, #0
10000be8:	d000      	beq.n	10000bec <add_alarm_under_lock.isra.0+0xd0>
10000bea:	705a      	strb	r2, [r3, #1]
10000bec:	465b      	mov	r3, fp
10000bee:	700b      	strb	r3, [r1, #0]
10000bf0:	737c      	strb	r4, [r7, #13]
10000bf2:	4642      	mov	r2, r8
10000bf4:	464b      	mov	r3, r9
10000bf6:	7d30      	ldrb	r0, [r6, #20]
10000bf8:	f000 fc26 	bl	10001448 <hardware_alarm_set_target>
10000bfc:	1e05      	subs	r5, r0, #0
10000bfe:	d006      	beq.n	10000c0e <add_alarm_under_lock.isra.0+0xf2>
10000c00:	4653      	mov	r3, sl
10000c02:	2b00      	cmp	r3, #0
10000c04:	d103      	bne.n	10000c0e <add_alarm_under_lock.isra.0+0xf2>
10000c06:	0021      	movs	r1, r4
10000c08:	6830      	ldr	r0, [r6, #0]
10000c0a:	f000 fe3f 	bl	1000188c <ph_remove_and_free_node>
10000c0e:	9b0e      	ldr	r3, [sp, #56]	; 0x38
10000c10:	2b00      	cmp	r3, #0
10000c12:	d0da      	beq.n	10000bca <add_alarm_under_lock.isra.0+0xae>
10000c14:	701d      	strb	r5, [r3, #0]
10000c16:	e7d8      	b.n	10000bca <add_alarm_under_lock.isra.0+0xae>
10000c18:	0fffffff 	.word	0x0fffffff

10000c1c <alarm_pool_alarm_callback>:
10000c1c:	b5f0      	push	{r4, r5, r6, r7, lr}
10000c1e:	46de      	mov	lr, fp
10000c20:	464e      	mov	r6, r9
10000c22:	4657      	mov	r7, sl
10000c24:	4645      	mov	r5, r8
10000c26:	2300      	movs	r3, #0
10000c28:	b5e0      	push	{r5, r6, r7, lr}
10000c2a:	b08d      	sub	sp, #52	; 0x34
10000c2c:	930a      	str	r3, [sp, #40]	; 0x28
10000c2e:	4b6b      	ldr	r3, [pc, #428]	; (10000ddc <alarm_pool_alarm_callback+0x1c0>)
10000c30:	0082      	lsls	r2, r0, #2
10000c32:	58d3      	ldr	r3, [r2, r3]
10000c34:	900b      	str	r0, [sp, #44]	; 0x2c
10000c36:	4699      	mov	r9, r3
10000c38:	2300      	movs	r3, #0
10000c3a:	469b      	mov	fp, r3
10000c3c:	464b      	mov	r3, r9
10000c3e:	9307      	str	r3, [sp, #28]
10000c40:	f000 fba2 	bl	10001388 <time_us_64>
10000c44:	9c07      	ldr	r4, [sp, #28]
10000c46:	0006      	movs	r6, r0
10000c48:	000f      	movs	r7, r1
10000c4a:	6862      	ldr	r2, [r4, #4]
10000c4c:	f3ef 8510 	mrs	r5, PRIMASK
10000c50:	b672      	cpsid	i
10000c52:	6813      	ldr	r3, [r2, #0]
10000c54:	2b00      	cmp	r3, #0
10000c56:	d0fc      	beq.n	10000c52 <alarm_pool_alarm_callback+0x36>
10000c58:	0022      	movs	r2, r4
10000c5a:	9407      	str	r4, [sp, #28]
10000c5c:	f3bf 8f5f 	dmb	sy
10000c60:	6824      	ldr	r4, [r4, #0]
10000c62:	7b63      	ldrb	r3, [r4, #13]
10000c64:	4699      	mov	r9, r3
10000c66:	2b00      	cmp	r3, #0
10000c68:	d067      	beq.n	10000d3a <alarm_pool_alarm_callback+0x11e>
10000c6a:	6892      	ldr	r2, [r2, #8]
10000c6c:	4b5c      	ldr	r3, [pc, #368]	; (10000de0 <alarm_pool_alarm_callback+0x1c4>)
10000c6e:	4690      	mov	r8, r2
10000c70:	444b      	add	r3, r9
10000c72:	011b      	lsls	r3, r3, #4
10000c74:	4498      	add	r8, r3
10000c76:	4643      	mov	r3, r8
10000c78:	681a      	ldr	r2, [r3, #0]
10000c7a:	685b      	ldr	r3, [r3, #4]
10000c7c:	0010      	movs	r0, r2
10000c7e:	0019      	movs	r1, r3
10000c80:	1b80      	subs	r0, r0, r6
10000c82:	41b9      	sbcs	r1, r7
10000c84:	2900      	cmp	r1, #0
10000c86:	dd5f      	ble.n	10000d48 <alarm_pool_alarm_callback+0x12c>
10000c88:	980b      	ldr	r0, [sp, #44]	; 0x2c
10000c8a:	f000 fbdd 	bl	10001448 <hardware_alarm_set_target>
10000c8e:	2300      	movs	r3, #0
10000c90:	2600      	movs	r6, #0
10000c92:	4698      	mov	r8, r3
10000c94:	2700      	movs	r7, #0
10000c96:	469a      	mov	sl, r3
10000c98:	9c07      	ldr	r4, [sp, #28]
10000c9a:	6863      	ldr	r3, [r4, #4]
10000c9c:	f3bf 8f5f 	dmb	sy
10000ca0:	465a      	mov	r2, fp
10000ca2:	601a      	str	r2, [r3, #0]
10000ca4:	f385 8810 	msr	PRIMASK, r5
10000ca8:	4653      	mov	r3, sl
10000caa:	2b00      	cmp	r3, #0
10000cac:	d108      	bne.n	10000cc0 <alarm_pool_alarm_callback+0xa4>
10000cae:	2800      	cmp	r0, #0
10000cb0:	d1c6      	bne.n	10000c40 <alarm_pool_alarm_callback+0x24>
10000cb2:	b00d      	add	sp, #52	; 0x34
10000cb4:	bcf0      	pop	{r4, r5, r6, r7}
10000cb6:	46bb      	mov	fp, r7
10000cb8:	46b2      	mov	sl, r6
10000cba:	46a9      	mov	r9, r5
10000cbc:	46a0      	mov	r8, r4
10000cbe:	bdf0      	pop	{r4, r5, r6, r7, pc}
10000cc0:	9b0a      	ldr	r3, [sp, #40]	; 0x28
10000cc2:	4641      	mov	r1, r8
10000cc4:	0218      	lsls	r0, r3, #8
10000cc6:	464b      	mov	r3, r9
10000cc8:	4318      	orrs	r0, r3
10000cca:	47d0      	blx	sl
10000ccc:	9008      	str	r0, [sp, #32]
10000cce:	9109      	str	r1, [sp, #36]	; 0x24
10000cd0:	6862      	ldr	r2, [r4, #4]
10000cd2:	f3ef 8510 	mrs	r5, PRIMASK
10000cd6:	b672      	cpsid	i
10000cd8:	6813      	ldr	r3, [r2, #0]
10000cda:	2b00      	cmp	r3, #0
10000cdc:	d0fc      	beq.n	10000cd8 <alarm_pool_alarm_callback+0xbc>
10000cde:	9407      	str	r4, [sp, #28]
10000ce0:	f3bf 8f5f 	dmb	sy
10000ce4:	9908      	ldr	r1, [sp, #32]
10000ce6:	9a09      	ldr	r2, [sp, #36]	; 0x24
10000ce8:	2a00      	cmp	r2, #0
10000cea:	db48      	blt.n	10000d7e <alarm_pool_alarm_callback+0x162>
10000cec:	4311      	orrs	r1, r2
10000cee:	d003      	beq.n	10000cf8 <alarm_pool_alarm_callback+0xdc>
10000cf0:	9b07      	ldr	r3, [sp, #28]
10000cf2:	691b      	ldr	r3, [r3, #16]
10000cf4:	2b00      	cmp	r3, #0
10000cf6:	d15d      	bne.n	10000db4 <alarm_pool_alarm_callback+0x198>
10000cf8:	9b07      	ldr	r3, [sp, #28]
10000cfa:	681b      	ldr	r3, [r3, #0]
10000cfc:	7bd9      	ldrb	r1, [r3, #15]
10000cfe:	2900      	cmp	r1, #0
10000d00:	d007      	beq.n	10000d12 <alarm_pool_alarm_callback+0xf6>
10000d02:	004a      	lsls	r2, r1, #1
10000d04:	1852      	adds	r2, r2, r1
10000d06:	6819      	ldr	r1, [r3, #0]
10000d08:	468c      	mov	ip, r1
10000d0a:	4649      	mov	r1, r9
10000d0c:	4462      	add	r2, ip
10000d0e:	3a03      	subs	r2, #3
10000d10:	7051      	strb	r1, [r2, #1]
10000d12:	464a      	mov	r2, r9
10000d14:	73da      	strb	r2, [r3, #15]
10000d16:	464b      	mov	r3, r9
10000d18:	9a07      	ldr	r2, [sp, #28]
10000d1a:	3b01      	subs	r3, #1
10000d1c:	68d1      	ldr	r1, [r2, #12]
10000d1e:	5cca      	ldrb	r2, [r1, r3]
10000d20:	3201      	adds	r2, #1
10000d22:	54ca      	strb	r2, [r1, r3]
10000d24:	465b      	mov	r3, fp
10000d26:	9a07      	ldr	r2, [sp, #28]
10000d28:	6113      	str	r3, [r2, #16]
10000d2a:	6853      	ldr	r3, [r2, #4]
10000d2c:	f3bf 8f5f 	dmb	sy
10000d30:	465a      	mov	r2, fp
10000d32:	601a      	str	r2, [r3, #0]
10000d34:	f385 8810 	msr	PRIMASK, r5
10000d38:	e782      	b.n	10000c40 <alarm_pool_alarm_callback+0x24>
10000d3a:	2300      	movs	r3, #0
10000d3c:	2600      	movs	r6, #0
10000d3e:	4698      	mov	r8, r3
10000d40:	2700      	movs	r7, #0
10000d42:	469a      	mov	sl, r3
10000d44:	2000      	movs	r0, #0
10000d46:	e7a7      	b.n	10000c98 <alarm_pool_alarm_callback+0x7c>
10000d48:	2900      	cmp	r1, #0
10000d4a:	d101      	bne.n	10000d50 <alarm_pool_alarm_callback+0x134>
10000d4c:	2800      	cmp	r0, #0
10000d4e:	d19b      	bne.n	10000c88 <alarm_pool_alarm_callback+0x6c>
10000d50:	2100      	movs	r1, #0
10000d52:	0020      	movs	r0, r4
10000d54:	f000 fd1c 	bl	10001790 <ph_remove_head>
10000d58:	4643      	mov	r3, r8
10000d5a:	681e      	ldr	r6, [r3, #0]
10000d5c:	685f      	ldr	r7, [r3, #4]
10000d5e:	689b      	ldr	r3, [r3, #8]
10000d60:	9a07      	ldr	r2, [sp, #28]
10000d62:	469a      	mov	sl, r3
10000d64:	4643      	mov	r3, r8
10000d66:	68db      	ldr	r3, [r3, #12]
10000d68:	4698      	mov	r8, r3
10000d6a:	68d3      	ldr	r3, [r2, #12]
10000d6c:	444b      	add	r3, r9
10000d6e:	3b01      	subs	r3, #1
10000d70:	781b      	ldrb	r3, [r3, #0]
10000d72:	930a      	str	r3, [sp, #40]	; 0x28
10000d74:	021b      	lsls	r3, r3, #8
10000d76:	4303      	orrs	r3, r0
10000d78:	6113      	str	r3, [r2, #16]
10000d7a:	2000      	movs	r0, #0
10000d7c:	e78c      	b.n	10000c98 <alarm_pool_alarm_callback+0x7c>
10000d7e:	6923      	ldr	r3, [r4, #16]
10000d80:	2b00      	cmp	r3, #0
10000d82:	d0b9      	beq.n	10000cf8 <alarm_pool_alarm_callback+0xdc>
10000d84:	0033      	movs	r3, r6
10000d86:	003c      	movs	r4, r7
10000d88:	1a5b      	subs	r3, r3, r1
10000d8a:	4194      	sbcs	r4, r2
10000d8c:	001a      	movs	r2, r3
10000d8e:	0023      	movs	r3, r4
10000d90:	42a7      	cmp	r7, r4
10000d92:	d819      	bhi.n	10000dc8 <alarm_pool_alarm_callback+0x1ac>
10000d94:	429f      	cmp	r7, r3
10000d96:	d01b      	beq.n	10000dd0 <alarm_pool_alarm_callback+0x1b4>
10000d98:	4659      	mov	r1, fp
10000d9a:	9104      	str	r1, [sp, #16]
10000d9c:	2101      	movs	r1, #1
10000d9e:	9103      	str	r1, [sp, #12]
10000da0:	4649      	mov	r1, r9
10000da2:	9102      	str	r1, [sp, #8]
10000da4:	4641      	mov	r1, r8
10000da6:	9101      	str	r1, [sp, #4]
10000da8:	4651      	mov	r1, sl
10000daa:	9807      	ldr	r0, [sp, #28]
10000dac:	9100      	str	r1, [sp, #0]
10000dae:	f7ff feb5 	bl	10000b1c <add_alarm_under_lock.isra.0>
10000db2:	e7b7      	b.n	10000d24 <alarm_pool_alarm_callback+0x108>
10000db4:	f000 fae8 	bl	10001388 <time_us_64>
10000db8:	9a08      	ldr	r2, [sp, #32]
10000dba:	9b09      	ldr	r3, [sp, #36]	; 0x24
10000dbc:	0006      	movs	r6, r0
10000dbe:	000f      	movs	r7, r1
10000dc0:	1992      	adds	r2, r2, r6
10000dc2:	417b      	adcs	r3, r7
10000dc4:	4299      	cmp	r1, r3
10000dc6:	d9e5      	bls.n	10000d94 <alarm_pool_alarm_callback+0x178>
10000dc8:	2201      	movs	r2, #1
10000dca:	4252      	negs	r2, r2
10000dcc:	17d3      	asrs	r3, r2, #31
10000dce:	e7e3      	b.n	10000d98 <alarm_pool_alarm_callback+0x17c>
10000dd0:	4296      	cmp	r6, r2
10000dd2:	d9e1      	bls.n	10000d98 <alarm_pool_alarm_callback+0x17c>
10000dd4:	2201      	movs	r2, #1
10000dd6:	4252      	negs	r2, r2
10000dd8:	17d3      	asrs	r3, r2, #31
10000dda:	e7dd      	b.n	10000d98 <alarm_pool_alarm_callback+0x17c>
10000ddc:	200024f8 	.word	0x200024f8
10000de0:	0fffffff 	.word	0x0fffffff

10000de4 <alarm_pool_add_alarm_at.constprop.0>:
10000de4:	b5f8      	push	{r3, r4, r5, r6, r7, lr}
10000de6:	4657      	mov	r7, sl
10000de8:	464e      	mov	r6, r9
10000dea:	4645      	mov	r5, r8
10000dec:	46de      	mov	lr, fp
10000dee:	b5e0      	push	{r5, r6, r7, lr}
10000df0:	4d40      	ldr	r5, [pc, #256]	; (10000ef4 <alarm_pool_add_alarm_at.constprop.0+0x110>)
10000df2:	4681      	mov	r9, r0
10000df4:	468a      	mov	sl, r1
10000df6:	686a      	ldr	r2, [r5, #4]
10000df8:	f3ef 8810 	mrs	r8, PRIMASK
10000dfc:	b672      	cpsid	i
10000dfe:	6813      	ldr	r3, [r2, #0]
10000e00:	2b00      	cmp	r3, #0
10000e02:	d0fc      	beq.n	10000dfe <alarm_pool_add_alarm_at.constprop.0+0x1a>
10000e04:	f3bf 8f5f 	dmb	sy
10000e08:	682e      	ldr	r6, [r5, #0]
10000e0a:	7bb4      	ldrb	r4, [r6, #14]
10000e0c:	2c00      	cmp	r4, #0
10000e0e:	d039      	beq.n	10000e84 <alarm_pool_add_alarm_at.constprop.0+0xa0>
10000e10:	0067      	lsls	r7, r4, #1
10000e12:	6833      	ldr	r3, [r6, #0]
10000e14:	193f      	adds	r7, r7, r4
10000e16:	3f03      	subs	r7, #3
10000e18:	19db      	adds	r3, r3, r7
10000e1a:	785a      	ldrb	r2, [r3, #1]
10000e1c:	73b2      	strb	r2, [r6, #14]
10000e1e:	2a00      	cmp	r2, #0
10000e20:	d100      	bne.n	10000e24 <alarm_pool_add_alarm_at.constprop.0+0x40>
10000e22:	73f2      	strb	r2, [r6, #15]
10000e24:	68a9      	ldr	r1, [r5, #8]
10000e26:	4a34      	ldr	r2, [pc, #208]	; (10000ef8 <alarm_pool_add_alarm_at.constprop.0+0x114>)
10000e28:	468c      	mov	ip, r1
10000e2a:	4649      	mov	r1, r9
10000e2c:	18a2      	adds	r2, r4, r2
10000e2e:	0112      	lsls	r2, r2, #4
10000e30:	4462      	add	r2, ip
10000e32:	6011      	str	r1, [r2, #0]
10000e34:	4651      	mov	r1, sl
10000e36:	6051      	str	r1, [r2, #4]
10000e38:	4930      	ldr	r1, [pc, #192]	; (10000efc <alarm_pool_add_alarm_at.constprop.0+0x118>)
10000e3a:	6091      	str	r1, [r2, #8]
10000e3c:	2100      	movs	r1, #0
10000e3e:	60d1      	str	r1, [r2, #12]
10000e40:	7099      	strb	r1, [r3, #2]
10000e42:	7059      	strb	r1, [r3, #1]
10000e44:	7019      	strb	r1, [r3, #0]
10000e46:	7b73      	ldrb	r3, [r6, #13]
10000e48:	469b      	mov	fp, r3
10000e4a:	2b00      	cmp	r3, #0
10000e4c:	d035      	beq.n	10000eba <alarm_pool_add_alarm_at.constprop.0+0xd6>
10000e4e:	0022      	movs	r2, r4
10000e50:	0019      	movs	r1, r3
10000e52:	68b0      	ldr	r0, [r6, #8]
10000e54:	6873      	ldr	r3, [r6, #4]
10000e56:	4798      	blx	r3
10000e58:	6832      	ldr	r2, [r6, #0]
10000e5a:	2800      	cmp	r0, #0
10000e5c:	d020      	beq.n	10000ea0 <alarm_pool_add_alarm_at.constprop.0+0xbc>
10000e5e:	465b      	mov	r3, fp
10000e60:	4658      	mov	r0, fp
10000e62:	005b      	lsls	r3, r3, #1
10000e64:	445b      	add	r3, fp
10000e66:	19d7      	adds	r7, r2, r7
10000e68:	3b03      	subs	r3, #3
10000e6a:	70b8      	strb	r0, [r7, #2]
10000e6c:	18d1      	adds	r1, r2, r3
10000e6e:	5cd3      	ldrb	r3, [r2, r3]
10000e70:	2b00      	cmp	r3, #0
10000e72:	d000      	beq.n	10000e76 <alarm_pool_add_alarm_at.constprop.0+0x92>
10000e74:	707b      	strb	r3, [r7, #1]
10000e76:	465b      	mov	r3, fp
10000e78:	700c      	strb	r4, [r1, #0]
10000e7a:	7373      	strb	r3, [r6, #13]
10000e7c:	455c      	cmp	r4, fp
10000e7e:	d01d      	beq.n	10000ebc <alarm_pool_add_alarm_at.constprop.0+0xd8>
10000e80:	2600      	movs	r6, #0
10000e82:	e026      	b.n	10000ed2 <alarm_pool_add_alarm_at.constprop.0+0xee>
10000e84:	686b      	ldr	r3, [r5, #4]
10000e86:	f3bf 8f5f 	dmb	sy
10000e8a:	601c      	str	r4, [r3, #0]
10000e8c:	f388 8810 	msr	PRIMASK, r8
10000e90:	2001      	movs	r0, #1
10000e92:	4240      	negs	r0, r0
10000e94:	bcf0      	pop	{r4, r5, r6, r7}
10000e96:	46bb      	mov	fp, r7
10000e98:	46b2      	mov	sl, r6
10000e9a:	46a9      	mov	r9, r5
10000e9c:	46a0      	mov	r8, r4
10000e9e:	bdf8      	pop	{r3, r4, r5, r6, r7, pc}
10000ea0:	465b      	mov	r3, fp
10000ea2:	005b      	lsls	r3, r3, #1
10000ea4:	445b      	add	r3, fp
10000ea6:	3b03      	subs	r3, #3
10000ea8:	18d3      	adds	r3, r2, r3
10000eaa:	709c      	strb	r4, [r3, #2]
10000eac:	19d1      	adds	r1, r2, r7
10000eae:	5dd2      	ldrb	r2, [r2, r7]
10000eb0:	2a00      	cmp	r2, #0
10000eb2:	d000      	beq.n	10000eb6 <alarm_pool_add_alarm_at.constprop.0+0xd2>
10000eb4:	705a      	strb	r2, [r3, #1]
10000eb6:	465b      	mov	r3, fp
10000eb8:	700b      	strb	r3, [r1, #0]
10000eba:	7374      	strb	r4, [r6, #13]
10000ebc:	464a      	mov	r2, r9
10000ebe:	4653      	mov	r3, sl
10000ec0:	7d28      	ldrb	r0, [r5, #20]
10000ec2:	f000 fac1 	bl	10001448 <hardware_alarm_set_target>
10000ec6:	1e06      	subs	r6, r0, #0
10000ec8:	d0da      	beq.n	10000e80 <alarm_pool_add_alarm_at.constprop.0+0x9c>
10000eca:	0021      	movs	r1, r4
10000ecc:	6828      	ldr	r0, [r5, #0]
10000ece:	f000 fcdd 	bl	1000188c <ph_remove_and_free_node>
10000ed2:	68eb      	ldr	r3, [r5, #12]
10000ed4:	191b      	adds	r3, r3, r4
10000ed6:	3b01      	subs	r3, #1
10000ed8:	7819      	ldrb	r1, [r3, #0]
10000eda:	686b      	ldr	r3, [r5, #4]
10000edc:	f3bf 8f5f 	dmb	sy
10000ee0:	2200      	movs	r2, #0
10000ee2:	601a      	str	r2, [r3, #0]
10000ee4:	f388 8810 	msr	PRIMASK, r8
10000ee8:	2000      	movs	r0, #0
10000eea:	2e00      	cmp	r6, #0
10000eec:	d1d2      	bne.n	10000e94 <alarm_pool_add_alarm_at.constprop.0+0xb0>
10000eee:	0208      	lsls	r0, r1, #8
10000ef0:	4320      	orrs	r0, r4
10000ef2:	e7cf      	b.n	10000e94 <alarm_pool_add_alarm_at.constprop.0+0xb0>
10000ef4:	200013b4 	.word	0x200013b4
10000ef8:	0fffffff 	.word	0x0fffffff
10000efc:	10000aed 	.word	0x10000aed

10000f00 <alarm_pool_init_default>:
10000f00:	b510      	push	{r4, lr}
10000f02:	4c12      	ldr	r4, [pc, #72]	; (10000f4c <alarm_pool_init_default+0x4c>)
10000f04:	6863      	ldr	r3, [r4, #4]
10000f06:	2b00      	cmp	r3, #0
10000f08:	d004      	beq.n	10000f14 <alarm_pool_init_default+0x14>
10000f0a:	210a      	movs	r1, #10
10000f0c:	4810      	ldr	r0, [pc, #64]	; (10000f50 <alarm_pool_init_default+0x50>)
10000f0e:	f7ff fdcb 	bl	10000aa8 <lock_init>
10000f12:	bd10      	pop	{r4, pc}
10000f14:	0023      	movs	r3, r4
10000f16:	4a0f      	ldr	r2, [pc, #60]	; (10000f54 <alarm_pool_init_default+0x54>)
10000f18:	2110      	movs	r1, #16
10000f1a:	6820      	ldr	r0, [r4, #0]
10000f1c:	f000 fb56 	bl	100015cc <ph_post_alloc_init>
10000f20:	2003      	movs	r0, #3
10000f22:	f000 fa25 	bl	10001370 <hardware_alarm_claim>
10000f26:	2003      	movs	r0, #3
10000f28:	f000 fafe 	bl	10001528 <hardware_alarm_cancel>
10000f2c:	2003      	movs	r0, #3
10000f2e:	490a      	ldr	r1, [pc, #40]	; (10000f58 <alarm_pool_init_default+0x58>)
10000f30:	f000 fa44 	bl	100013bc <hardware_alarm_set_callback>
10000f34:	f7ff faea 	bl	1000050c <next_striped_spin_lock_num>
10000f38:	4b08      	ldr	r3, [pc, #32]	; (10000f5c <alarm_pool_init_default+0x5c>)
10000f3a:	469c      	mov	ip, r3
10000f3c:	2303      	movs	r3, #3
10000f3e:	4460      	add	r0, ip
10000f40:	7523      	strb	r3, [r4, #20]
10000f42:	4b07      	ldr	r3, [pc, #28]	; (10000f60 <alarm_pool_init_default+0x60>)
10000f44:	0080      	lsls	r0, r0, #2
10000f46:	6060      	str	r0, [r4, #4]
10000f48:	60dc      	str	r4, [r3, #12]
10000f4a:	e7de      	b.n	10000f0a <alarm_pool_init_default+0xa>
10000f4c:	200013b4 	.word	0x200013b4
10000f50:	20002614 	.word	0x20002614
10000f54:	10000ab9 	.word	0x10000ab9
10000f58:	10000c1d 	.word	0x10000c1d
10000f5c:	34000040 	.word	0x34000040
10000f60:	200024f8 	.word	0x200024f8

10000f64 <alarm_pool_get_default>:
10000f64:	4800      	ldr	r0, [pc, #0]	; (10000f68 <alarm_pool_get_default+0x4>)
10000f66:	4770      	bx	lr
10000f68:	200013b4 	.word	0x200013b4

10000f6c <alarm_pool_add_alarm_at>:
10000f6c:	b5f0      	push	{r4, r5, r6, r7, lr}
10000f6e:	4657      	mov	r7, sl
10000f70:	464e      	mov	r6, r9
10000f72:	4645      	mov	r5, r8
10000f74:	46de      	mov	lr, fp
10000f76:	b5e0      	push	{r5, r6, r7, lr}
10000f78:	b085      	sub	sp, #20
10000f7a:	9301      	str	r3, [sp, #4]
10000f7c:	ab10      	add	r3, sp, #64	; 0x40
10000f7e:	781b      	ldrb	r3, [r3, #0]
10000f80:	0006      	movs	r6, r0
10000f82:	9303      	str	r3, [sp, #12]
10000f84:	2300      	movs	r3, #0
10000f86:	469a      	mov	sl, r3
10000f88:	4698      	mov	r8, r3
10000f8a:	9200      	str	r2, [sp, #0]
10000f8c:	6872      	ldr	r2, [r6, #4]
10000f8e:	f3ef 8910 	mrs	r9, PRIMASK
10000f92:	b672      	cpsid	i
10000f94:	6813      	ldr	r3, [r2, #0]
10000f96:	2b00      	cmp	r3, #0
10000f98:	d0fc      	beq.n	10000f94 <alarm_pool_add_alarm_at+0x28>
10000f9a:	f3bf 8f5f 	dmb	sy
10000f9e:	6835      	ldr	r5, [r6, #0]
10000fa0:	7bac      	ldrb	r4, [r5, #14]
10000fa2:	2c00      	cmp	r4, #0
10000fa4:	d049      	beq.n	1000103a <alarm_pool_add_alarm_at+0xce>
10000fa6:	0067      	lsls	r7, r4, #1
10000fa8:	682b      	ldr	r3, [r5, #0]
10000faa:	193f      	adds	r7, r7, r4
10000fac:	3f03      	subs	r7, #3
10000fae:	19db      	adds	r3, r3, r7
10000fb0:	785a      	ldrb	r2, [r3, #1]
10000fb2:	73aa      	strb	r2, [r5, #14]
10000fb4:	2a00      	cmp	r2, #0
10000fb6:	d100      	bne.n	10000fba <alarm_pool_add_alarm_at+0x4e>
10000fb8:	73ea      	strb	r2, [r5, #15]
10000fba:	68b1      	ldr	r1, [r6, #8]
10000fbc:	4a4f      	ldr	r2, [pc, #316]	; (100010fc <alarm_pool_add_alarm_at+0x190>)
10000fbe:	468c      	mov	ip, r1
10000fc0:	9800      	ldr	r0, [sp, #0]
10000fc2:	9901      	ldr	r1, [sp, #4]
10000fc4:	18a2      	adds	r2, r4, r2
10000fc6:	0112      	lsls	r2, r2, #4
10000fc8:	4462      	add	r2, ip
10000fca:	6010      	str	r0, [r2, #0]
10000fcc:	6051      	str	r1, [r2, #4]
10000fce:	990e      	ldr	r1, [sp, #56]	; 0x38
10000fd0:	6091      	str	r1, [r2, #8]
10000fd2:	990f      	ldr	r1, [sp, #60]	; 0x3c
10000fd4:	60d1      	str	r1, [r2, #12]
10000fd6:	4642      	mov	r2, r8
10000fd8:	709a      	strb	r2, [r3, #2]
10000fda:	705a      	strb	r2, [r3, #1]
10000fdc:	701a      	strb	r2, [r3, #0]
10000fde:	7b6b      	ldrb	r3, [r5, #13]
10000fe0:	469b      	mov	fp, r3
10000fe2:	2b00      	cmp	r3, #0
10000fe4:	d045      	beq.n	10001072 <alarm_pool_add_alarm_at+0x106>
10000fe6:	0022      	movs	r2, r4
10000fe8:	0019      	movs	r1, r3
10000fea:	68a8      	ldr	r0, [r5, #8]
10000fec:	686b      	ldr	r3, [r5, #4]
10000fee:	4798      	blx	r3
10000ff0:	682a      	ldr	r2, [r5, #0]
10000ff2:	2800      	cmp	r0, #0
10000ff4:	d030      	beq.n	10001058 <alarm_pool_add_alarm_at+0xec>
10000ff6:	465b      	mov	r3, fp
10000ff8:	4658      	mov	r0, fp
10000ffa:	005b      	lsls	r3, r3, #1
10000ffc:	445b      	add	r3, fp
10000ffe:	19d7      	adds	r7, r2, r7
10001000:	3b03      	subs	r3, #3
10001002:	70b8      	strb	r0, [r7, #2]
10001004:	18d1      	adds	r1, r2, r3
10001006:	5cd3      	ldrb	r3, [r2, r3]
10001008:	2b00      	cmp	r3, #0
1000100a:	d000      	beq.n	1000100e <alarm_pool_add_alarm_at+0xa2>
1000100c:	707b      	strb	r3, [r7, #1]
1000100e:	465b      	mov	r3, fp
10001010:	700c      	strb	r4, [r1, #0]
10001012:	736b      	strb	r3, [r5, #13]
10001014:	455c      	cmp	r4, fp
10001016:	d02d      	beq.n	10001074 <alarm_pool_add_alarm_at+0x108>
10001018:	68f3      	ldr	r3, [r6, #12]
1000101a:	191b      	adds	r3, r3, r4
1000101c:	3b01      	subs	r3, #1
1000101e:	7818      	ldrb	r0, [r3, #0]
10001020:	6873      	ldr	r3, [r6, #4]
10001022:	f3bf 8f5f 	dmb	sy
10001026:	4642      	mov	r2, r8
10001028:	601a      	str	r2, [r3, #0]
1000102a:	f389 8810 	msr	PRIMASK, r9
1000102e:	4653      	mov	r3, sl
10001030:	2b00      	cmp	r3, #0
10001032:	d12c      	bne.n	1000108e <alarm_pool_add_alarm_at+0x122>
10001034:	0200      	lsls	r0, r0, #8
10001036:	4320      	orrs	r0, r4
10001038:	e007      	b.n	1000104a <alarm_pool_add_alarm_at+0xde>
1000103a:	6873      	ldr	r3, [r6, #4]
1000103c:	f3bf 8f5f 	dmb	sy
10001040:	601c      	str	r4, [r3, #0]
10001042:	f389 8810 	msr	PRIMASK, r9
10001046:	2001      	movs	r0, #1
10001048:	4240      	negs	r0, r0
1000104a:	b005      	add	sp, #20
1000104c:	bcf0      	pop	{r4, r5, r6, r7}
1000104e:	46bb      	mov	fp, r7
10001050:	46b2      	mov	sl, r6
10001052:	46a9      	mov	r9, r5
10001054:	46a0      	mov	r8, r4
10001056:	bdf0      	pop	{r4, r5, r6, r7, pc}
10001058:	465b      	mov	r3, fp
1000105a:	005b      	lsls	r3, r3, #1
1000105c:	445b      	add	r3, fp
1000105e:	3b03      	subs	r3, #3
10001060:	18d3      	adds	r3, r2, r3
10001062:	709c      	strb	r4, [r3, #2]
10001064:	19d1      	adds	r1, r2, r7
10001066:	5dd2      	ldrb	r2, [r2, r7]
10001068:	2a00      	cmp	r2, #0
1000106a:	d000      	beq.n	1000106e <alarm_pool_add_alarm_at+0x102>
1000106c:	705a      	strb	r2, [r3, #1]
1000106e:	465b      	mov	r3, fp
10001070:	700b      	strb	r3, [r1, #0]
10001072:	736c      	strb	r4, [r5, #13]
10001074:	7d30      	ldrb	r0, [r6, #20]
10001076:	9a00      	ldr	r2, [sp, #0]
10001078:	9b01      	ldr	r3, [sp, #4]
1000107a:	f000 f9e5 	bl	10001448 <hardware_alarm_set_target>
1000107e:	4682      	mov	sl, r0
10001080:	2800      	cmp	r0, #0
10001082:	d0c9      	beq.n	10001018 <alarm_pool_add_alarm_at+0xac>
10001084:	0021      	movs	r1, r4
10001086:	6830      	ldr	r0, [r6, #0]
10001088:	f000 fc00 	bl	1000188c <ph_remove_and_free_node>
1000108c:	e7c4      	b.n	10001018 <alarm_pool_add_alarm_at+0xac>
1000108e:	9b03      	ldr	r3, [sp, #12]
10001090:	2b00      	cmp	r3, #0
10001092:	d030      	beq.n	100010f6 <alarm_pool_add_alarm_at+0x18a>
10001094:	9b0e      	ldr	r3, [sp, #56]	; 0x38
10001096:	2000      	movs	r0, #0
10001098:	990f      	ldr	r1, [sp, #60]	; 0x3c
1000109a:	4798      	blx	r3
1000109c:	0003      	movs	r3, r0
1000109e:	0004      	movs	r4, r0
100010a0:	000d      	movs	r5, r1
100010a2:	430b      	orrs	r3, r1
100010a4:	d027      	beq.n	100010f6 <alarm_pool_add_alarm_at+0x18a>
100010a6:	2900      	cmp	r1, #0
100010a8:	da0d      	bge.n	100010c6 <alarm_pool_add_alarm_at+0x15a>
100010aa:	9800      	ldr	r0, [sp, #0]
100010ac:	9901      	ldr	r1, [sp, #4]
100010ae:	0002      	movs	r2, r0
100010b0:	000b      	movs	r3, r1
100010b2:	1b12      	subs	r2, r2, r4
100010b4:	41ab      	sbcs	r3, r5
100010b6:	4299      	cmp	r1, r3
100010b8:	d813      	bhi.n	100010e2 <alarm_pool_add_alarm_at+0x176>
100010ba:	d018      	beq.n	100010ee <alarm_pool_add_alarm_at+0x182>
100010bc:	9200      	str	r2, [sp, #0]
100010be:	9301      	str	r3, [sp, #4]
100010c0:	9b03      	ldr	r3, [sp, #12]
100010c2:	469a      	mov	sl, r3
100010c4:	e762      	b.n	10000f8c <alarm_pool_add_alarm_at+0x20>
100010c6:	f000 f95f 	bl	10001388 <time_us_64>
100010ca:	0002      	movs	r2, r0
100010cc:	000b      	movs	r3, r1
100010ce:	18a4      	adds	r4, r4, r2
100010d0:	415d      	adcs	r5, r3
100010d2:	9400      	str	r4, [sp, #0]
100010d4:	9501      	str	r5, [sp, #4]
100010d6:	42a9      	cmp	r1, r5
100010d8:	d803      	bhi.n	100010e2 <alarm_pool_add_alarm_at+0x176>
100010da:	d1f1      	bne.n	100010c0 <alarm_pool_add_alarm_at+0x154>
100010dc:	9900      	ldr	r1, [sp, #0]
100010de:	428a      	cmp	r2, r1
100010e0:	d9ee      	bls.n	100010c0 <alarm_pool_add_alarm_at+0x154>
100010e2:	2301      	movs	r3, #1
100010e4:	425b      	negs	r3, r3
100010e6:	17dc      	asrs	r4, r3, #31
100010e8:	9300      	str	r3, [sp, #0]
100010ea:	9401      	str	r4, [sp, #4]
100010ec:	e7e8      	b.n	100010c0 <alarm_pool_add_alarm_at+0x154>
100010ee:	9900      	ldr	r1, [sp, #0]
100010f0:	4291      	cmp	r1, r2
100010f2:	d9e3      	bls.n	100010bc <alarm_pool_add_alarm_at+0x150>
100010f4:	e7f5      	b.n	100010e2 <alarm_pool_add_alarm_at+0x176>
100010f6:	2000      	movs	r0, #0
100010f8:	e7a7      	b.n	1000104a <alarm_pool_add_alarm_at+0xde>
100010fa:	46c0      	nop			; (mov r8, r8)
100010fc:	0fffffff 	.word	0x0fffffff

10001100 <sleep_until>:
10001100:	b5f0      	push	{r4, r5, r6, r7, lr}
10001102:	0004      	movs	r4, r0
10001104:	000d      	movs	r5, r1
10001106:	2606      	movs	r6, #6
10001108:	4276      	negs	r6, r6
1000110a:	17f7      	asrs	r7, r6, #31
1000110c:	46c6      	mov	lr, r8
1000110e:	1936      	adds	r6, r6, r4
10001110:	416f      	adcs	r7, r5
10001112:	b500      	push	{lr}
10001114:	428f      	cmp	r7, r1
10001116:	d813      	bhi.n	10001140 <sleep_until+0x40>
10001118:	d010      	beq.n	1000113c <sleep_until+0x3c>
1000111a:	f000 f935 	bl	10001388 <time_us_64>
1000111e:	0032      	movs	r2, r6
10001120:	003b      	movs	r3, r7
10001122:	1a12      	subs	r2, r2, r0
10001124:	418b      	sbcs	r3, r1
10001126:	2b00      	cmp	r3, #0
10001128:	dc14      	bgt.n	10001154 <sleep_until+0x54>
1000112a:	2b00      	cmp	r3, #0
1000112c:	d037      	beq.n	1000119e <sleep_until+0x9e>
1000112e:	0029      	movs	r1, r5
10001130:	0020      	movs	r0, r4
10001132:	f000 f933 	bl	1000139c <busy_wait_until>
10001136:	bc80      	pop	{r7}
10001138:	46b8      	mov	r8, r7
1000113a:	bdf0      	pop	{r4, r5, r6, r7, pc}
1000113c:	4286      	cmp	r6, r0
1000113e:	d9ec      	bls.n	1000111a <sleep_until+0x1a>
10001140:	2600      	movs	r6, #0
10001142:	2700      	movs	r7, #0
10001144:	f000 f920 	bl	10001388 <time_us_64>
10001148:	0032      	movs	r2, r6
1000114a:	003b      	movs	r3, r7
1000114c:	1a12      	subs	r2, r2, r0
1000114e:	418b      	sbcs	r3, r1
10001150:	2b00      	cmp	r3, #0
10001152:	ddea      	ble.n	1000112a <sleep_until+0x2a>
10001154:	0030      	movs	r0, r6
10001156:	0039      	movs	r1, r7
10001158:	f7ff fe44 	bl	10000de4 <alarm_pool_add_alarm_at.constprop.0>
1000115c:	2800      	cmp	r0, #0
1000115e:	dbe6      	blt.n	1000112e <sleep_until+0x2e>
10001160:	2300      	movs	r3, #0
10001162:	4698      	mov	r8, r3
10001164:	46bc      	mov	ip, r7
10001166:	4a0f      	ldr	r2, [pc, #60]	; (100011a4 <sleep_until+0xa4>)
10001168:	4f0f      	ldr	r7, [pc, #60]	; (100011a8 <sleep_until+0xa8>)
1000116a:	6a7b      	ldr	r3, [r7, #36]	; 0x24
1000116c:	459c      	cmp	ip, r3
1000116e:	d804      	bhi.n	1000117a <sleep_until+0x7a>
10001170:	6ab9      	ldr	r1, [r7, #40]	; 0x28
10001172:	428e      	cmp	r6, r1
10001174:	d9db      	bls.n	1000112e <sleep_until+0x2e>
10001176:	459c      	cmp	ip, r3
10001178:	d1d9      	bne.n	1000112e <sleep_until+0x2e>
1000117a:	6811      	ldr	r1, [r2, #0]
1000117c:	f3ef 8010 	mrs	r0, PRIMASK
10001180:	b672      	cpsid	i
10001182:	680b      	ldr	r3, [r1, #0]
10001184:	2b00      	cmp	r3, #0
10001186:	d0fc      	beq.n	10001182 <sleep_until+0x82>
10001188:	f3bf 8f5f 	dmb	sy
1000118c:	6813      	ldr	r3, [r2, #0]
1000118e:	f3bf 8f5f 	dmb	sy
10001192:	4641      	mov	r1, r8
10001194:	6019      	str	r1, [r3, #0]
10001196:	f380 8810 	msr	PRIMASK, r0
1000119a:	bf20      	wfe
1000119c:	e7e5      	b.n	1000116a <sleep_until+0x6a>
1000119e:	2a00      	cmp	r2, #0
100011a0:	d0c5      	beq.n	1000112e <sleep_until+0x2e>
100011a2:	e7d7      	b.n	10001154 <sleep_until+0x54>
100011a4:	20002614 	.word	0x20002614
100011a8:	40054000 	.word	0x40054000

100011ac <sleep_ms>:
100011ac:	b570      	push	{r4, r5, r6, lr}
100011ae:	0006      	movs	r6, r0
100011b0:	f000 f8ea 	bl	10001388 <time_us_64>
100011b4:	22fa      	movs	r2, #250	; 0xfa
100011b6:	0004      	movs	r4, r0
100011b8:	000d      	movs	r5, r1
100011ba:	2300      	movs	r3, #0
100011bc:	0030      	movs	r0, r6
100011be:	2100      	movs	r1, #0
100011c0:	0092      	lsls	r2, r2, #2
100011c2:	f002 fd4f 	bl	10003c64 <__wrap___aeabi_lmul>
100011c6:	1900      	adds	r0, r0, r4
100011c8:	4169      	adcs	r1, r5
100011ca:	428d      	cmp	r5, r1
100011cc:	d805      	bhi.n	100011da <sleep_ms+0x2e>
100011ce:	d002      	beq.n	100011d6 <sleep_ms+0x2a>
100011d0:	f7ff ff96 	bl	10001100 <sleep_until>
100011d4:	bd70      	pop	{r4, r5, r6, pc}
100011d6:	4284      	cmp	r4, r0
100011d8:	d9fa      	bls.n	100011d0 <sleep_ms+0x24>
100011da:	2001      	movs	r0, #1
100011dc:	4240      	negs	r0, r0
100011de:	17c1      	asrs	r1, r0, #31
100011e0:	e7f6      	b.n	100011d0 <sleep_ms+0x24>
100011e2:	46c0      	nop			; (mov r8, r8)

100011e4 <best_effort_wfe_or_timeout>:
100011e4:	b5f8      	push	{r3, r4, r5, r6, r7, lr}
100011e6:	46ce      	mov	lr, r9
100011e8:	4647      	mov	r7, r8
100011ea:	b580      	push	{r7, lr}
100011ec:	0006      	movs	r6, r0
100011ee:	000c      	movs	r4, r1
100011f0:	f7ff fdf8 	bl	10000de4 <alarm_pool_add_alarm_at.constprop.0>
100011f4:	2800      	cmp	r0, #0
100011f6:	dc0c      	bgt.n	10001212 <best_effort_wfe_or_timeout+0x2e>
100011f8:	4b2d      	ldr	r3, [pc, #180]	; (100012b0 <best_effort_wfe_or_timeout+0xcc>)
100011fa:	2000      	movs	r0, #0
100011fc:	6a59      	ldr	r1, [r3, #36]	; 0x24
100011fe:	428c      	cmp	r4, r1
10001200:	d803      	bhi.n	1000120a <best_effort_wfe_or_timeout+0x26>
10001202:	6a9b      	ldr	r3, [r3, #40]	; 0x28
10001204:	3001      	adds	r0, #1
10001206:	42b3      	cmp	r3, r6
10001208:	d345      	bcc.n	10001296 <best_effort_wfe_or_timeout+0xb2>
1000120a:	bcc0      	pop	{r6, r7}
1000120c:	46b9      	mov	r9, r7
1000120e:	46b0      	mov	r8, r6
10001210:	bdf8      	pop	{r3, r4, r5, r6, r7, pc}
10001212:	bf20      	wfe
10001214:	4d27      	ldr	r5, [pc, #156]	; (100012b4 <best_effort_wfe_or_timeout+0xd0>)
10001216:	686a      	ldr	r2, [r5, #4]
10001218:	f3ef 8710 	mrs	r7, PRIMASK
1000121c:	b672      	cpsid	i
1000121e:	6813      	ldr	r3, [r2, #0]
10001220:	2b00      	cmp	r3, #0
10001222:	d0fc      	beq.n	1000121e <best_effort_wfe_or_timeout+0x3a>
10001224:	f3bf 8f5f 	dmb	sy
10001228:	682b      	ldr	r3, [r5, #0]
1000122a:	b2c1      	uxtb	r1, r0
1000122c:	469c      	mov	ip, r3
1000122e:	7b5b      	ldrb	r3, [r3, #13]
10001230:	428b      	cmp	r3, r1
10001232:	d035      	beq.n	100012a0 <best_effort_wfe_or_timeout+0xbc>
10001234:	23ff      	movs	r3, #255	; 0xff
10001236:	4003      	ands	r3, r0
10001238:	005a      	lsls	r2, r3, #1
1000123a:	4691      	mov	r9, r2
1000123c:	4662      	mov	r2, ip
1000123e:	6812      	ldr	r2, [r2, #0]
10001240:	4499      	add	r9, r3
10001242:	4690      	mov	r8, r2
10001244:	464a      	mov	r2, r9
10001246:	4442      	add	r2, r8
10001248:	3a03      	subs	r2, #3
1000124a:	7892      	ldrb	r2, [r2, #2]
1000124c:	2a00      	cmp	r2, #0
1000124e:	d01d      	beq.n	1000128c <best_effort_wfe_or_timeout+0xa8>
10001250:	68ea      	ldr	r2, [r5, #12]
10001252:	0a00      	lsrs	r0, r0, #8
10001254:	4690      	mov	r8, r2
10001256:	4443      	add	r3, r8
10001258:	3b01      	subs	r3, #1
1000125a:	781b      	ldrb	r3, [r3, #0]
1000125c:	b2c0      	uxtb	r0, r0
1000125e:	4283      	cmp	r3, r0
10001260:	d021      	beq.n	100012a6 <best_effort_wfe_or_timeout+0xc2>
10001262:	686b      	ldr	r3, [r5, #4]
10001264:	f3bf 8f5f 	dmb	sy
10001268:	2200      	movs	r2, #0
1000126a:	601a      	str	r2, [r3, #0]
1000126c:	f387 8810 	msr	PRIMASK, r7
10001270:	4a0f      	ldr	r2, [pc, #60]	; (100012b0 <best_effort_wfe_or_timeout+0xcc>)
10001272:	2000      	movs	r0, #0
10001274:	6a53      	ldr	r3, [r2, #36]	; 0x24
10001276:	429c      	cmp	r4, r3
10001278:	d8c7      	bhi.n	1000120a <best_effort_wfe_or_timeout+0x26>
1000127a:	6a92      	ldr	r2, [r2, #40]	; 0x28
1000127c:	3001      	adds	r0, #1
1000127e:	42b2      	cmp	r2, r6
10001280:	d2c3      	bcs.n	1000120a <best_effort_wfe_or_timeout+0x26>
10001282:	1ae0      	subs	r0, r4, r3
10001284:	1e42      	subs	r2, r0, #1
10001286:	4190      	sbcs	r0, r2
10001288:	b2c0      	uxtb	r0, r0
1000128a:	e7be      	b.n	1000120a <best_effort_wfe_or_timeout+0x26>
1000128c:	692b      	ldr	r3, [r5, #16]
1000128e:	4298      	cmp	r0, r3
10001290:	d1e7      	bne.n	10001262 <best_effort_wfe_or_timeout+0x7e>
10001292:	612a      	str	r2, [r5, #16]
10001294:	e7e5      	b.n	10001262 <best_effort_wfe_or_timeout+0x7e>
10001296:	1a60      	subs	r0, r4, r1
10001298:	1e43      	subs	r3, r0, #1
1000129a:	4198      	sbcs	r0, r3
1000129c:	b2c0      	uxtb	r0, r0
1000129e:	e7b4      	b.n	1000120a <best_effort_wfe_or_timeout+0x26>
100012a0:	23ff      	movs	r3, #255	; 0xff
100012a2:	4003      	ands	r3, r0
100012a4:	e7d4      	b.n	10001250 <best_effort_wfe_or_timeout+0x6c>
100012a6:	4660      	mov	r0, ip
100012a8:	f000 faf0 	bl	1000188c <ph_remove_and_free_node>
100012ac:	e7d9      	b.n	10001262 <best_effort_wfe_or_timeout+0x7e>
100012ae:	46c0      	nop			; (mov r8, r8)
100012b0:	40054000 	.word	0x40054000
100012b4:	200013b4 	.word	0x200013b4

100012b8 <hardware_alarm_irq_handler>:
100012b8:	b5f0      	push	{r4, r5, r6, r7, lr}
100012ba:	46d6      	mov	lr, sl
100012bc:	464f      	mov	r7, r9
100012be:	4646      	mov	r6, r8
100012c0:	b5c0      	push	{r6, r7, lr}
100012c2:	f3ef 8305 	mrs	r3, IPSR
100012c6:	223f      	movs	r2, #63	; 0x3f
100012c8:	4013      	ands	r3, r2
100012ca:	0018      	movs	r0, r3
100012cc:	3810      	subs	r0, #16
100012ce:	f3ef 8c10 	mrs	ip, PRIMASK
100012d2:	b672      	cpsid	i
100012d4:	4d20      	ldr	r5, [pc, #128]	; (10001358 <hardware_alarm_irq_handler+0xa0>)
100012d6:	682a      	ldr	r2, [r5, #0]
100012d8:	2a00      	cmp	r2, #0
100012da:	d0fc      	beq.n	100012d6 <hardware_alarm_irq_handler+0x1e>
100012dc:	f3bf 8f5f 	dmb	sy
100012e0:	2201      	movs	r2, #1
100012e2:	0011      	movs	r1, r2
100012e4:	4081      	lsls	r1, r0
100012e6:	4c1d      	ldr	r4, [pc, #116]	; (1000135c <hardware_alarm_irq_handler+0xa4>)
100012e8:	4688      	mov	r8, r1
100012ea:	6361      	str	r1, [r4, #52]	; 0x34
100012ec:	491c      	ldr	r1, [pc, #112]	; (10001360 <hardware_alarm_irq_handler+0xa8>)
100012ee:	0017      	movs	r7, r2
100012f0:	780e      	ldrb	r6, [r1, #0]
100012f2:	468a      	mov	sl, r1
100012f4:	0031      	movs	r1, r6
100012f6:	40c1      	lsrs	r1, r0
100012f8:	400f      	ands	r7, r1
100012fa:	420a      	tst	r2, r1
100012fc:	d109      	bne.n	10001312 <hardware_alarm_irq_handler+0x5a>
100012fe:	f3bf 8f5f 	dmb	sy
10001302:	602f      	str	r7, [r5, #0]
10001304:	f38c 8810 	msr	PRIMASK, ip
10001308:	bce0      	pop	{r5, r6, r7}
1000130a:	46ba      	mov	sl, r7
1000130c:	46b1      	mov	r9, r6
1000130e:	46a8      	mov	r8, r5
10001310:	bdf0      	pop	{r4, r5, r6, r7, pc}
10001312:	4914      	ldr	r1, [pc, #80]	; (10001364 <hardware_alarm_irq_handler+0xac>)
10001314:	0082      	lsls	r2, r0, #2
10001316:	6a64      	ldr	r4, [r4, #36]	; 0x24
10001318:	5851      	ldr	r1, [r2, r1]
1000131a:	428c      	cmp	r4, r1
1000131c:	d30f      	bcc.n	1000133e <hardware_alarm_irq_handler+0x86>
1000131e:	4b12      	ldr	r3, [pc, #72]	; (10001368 <hardware_alarm_irq_handler+0xb0>)
10001320:	58d2      	ldr	r2, [r2, r3]
10001322:	4643      	mov	r3, r8
10001324:	439e      	bics	r6, r3
10001326:	4653      	mov	r3, sl
10001328:	701e      	strb	r6, [r3, #0]
1000132a:	f3bf 8f5f 	dmb	sy
1000132e:	2300      	movs	r3, #0
10001330:	602b      	str	r3, [r5, #0]
10001332:	f38c 8810 	msr	PRIMASK, ip
10001336:	2a00      	cmp	r2, #0
10001338:	d0e6      	beq.n	10001308 <hardware_alarm_irq_handler+0x50>
1000133a:	4790      	blx	r2
1000133c:	e7e4      	b.n	10001308 <hardware_alarm_irq_handler+0x50>
1000133e:	4a0b      	ldr	r2, [pc, #44]	; (1000136c <hardware_alarm_irq_handler+0xb4>)
10001340:	009b      	lsls	r3, r3, #2
10001342:	4690      	mov	r8, r2
10001344:	4443      	add	r3, r8
10001346:	681a      	ldr	r2, [r3, #0]
10001348:	601a      	str	r2, [r3, #0]
1000134a:	f3bf 8f5f 	dmb	sy
1000134e:	2300      	movs	r3, #0
10001350:	602b      	str	r3, [r5, #0]
10001352:	f38c 8810 	msr	PRIMASK, ip
10001356:	e7d7      	b.n	10001308 <hardware_alarm_irq_handler+0x50>
10001358:	d0000128 	.word	0xd0000128
1000135c:	40054000 	.word	0x40054000
10001360:	2000264d 	.word	0x2000264d
10001364:	20002620 	.word	0x20002620
10001368:	20001f3c 	.word	0x20001f3c
1000136c:	40053fd0 	.word	0x40053fd0

10001370 <hardware_alarm_claim>:
10001370:	b510      	push	{r4, lr}
10001372:	0001      	movs	r1, r0
10001374:	4a02      	ldr	r2, [pc, #8]	; (10001380 <hardware_alarm_claim+0x10>)
10001376:	4803      	ldr	r0, [pc, #12]	; (10001384 <hardware_alarm_claim+0x14>)
10001378:	f7ff f842 	bl	10000400 <hw_claim_or_assert>
1000137c:	bd10      	pop	{r4, pc}
1000137e:	46c0      	nop			; (mov r8, r8)
10001380:	10007940 	.word	0x10007940
10001384:	20002649 	.word	0x20002649

10001388 <time_us_64>:
10001388:	4b03      	ldr	r3, [pc, #12]	; (10001398 <time_us_64+0x10>)
1000138a:	6a59      	ldr	r1, [r3, #36]	; 0x24
1000138c:	000a      	movs	r2, r1
1000138e:	6a98      	ldr	r0, [r3, #40]	; 0x28
10001390:	6a59      	ldr	r1, [r3, #36]	; 0x24
10001392:	428a      	cmp	r2, r1
10001394:	d1fa      	bne.n	1000138c <time_us_64+0x4>
10001396:	4770      	bx	lr
10001398:	40054000 	.word	0x40054000

1000139c <busy_wait_until>:
1000139c:	4a06      	ldr	r2, [pc, #24]	; (100013b8 <busy_wait_until+0x1c>)
1000139e:	6a53      	ldr	r3, [r2, #36]	; 0x24
100013a0:	4299      	cmp	r1, r3
100013a2:	d8fc      	bhi.n	1000139e <busy_wait_until+0x2>
100013a4:	d107      	bne.n	100013b6 <busy_wait_until+0x1a>
100013a6:	4b04      	ldr	r3, [pc, #16]	; (100013b8 <busy_wait_until+0x1c>)
100013a8:	e002      	b.n	100013b0 <busy_wait_until+0x14>
100013aa:	6a5a      	ldr	r2, [r3, #36]	; 0x24
100013ac:	4291      	cmp	r1, r2
100013ae:	d102      	bne.n	100013b6 <busy_wait_until+0x1a>
100013b0:	6a9a      	ldr	r2, [r3, #40]	; 0x28
100013b2:	4282      	cmp	r2, r0
100013b4:	d3f9      	bcc.n	100013aa <busy_wait_until+0xe>
100013b6:	4770      	bx	lr
100013b8:	40054000 	.word	0x40054000

100013bc <hardware_alarm_set_callback>:
100013bc:	b570      	push	{r4, r5, r6, lr}
100013be:	0004      	movs	r4, r0
100013c0:	000d      	movs	r5, r1
100013c2:	f3ef 8610 	mrs	r6, PRIMASK
100013c6:	b672      	cpsid	i
100013c8:	4a1a      	ldr	r2, [pc, #104]	; (10001434 <hardware_alarm_set_callback+0x78>)
100013ca:	6813      	ldr	r3, [r2, #0]
100013cc:	2b00      	cmp	r3, #0
100013ce:	d0fc      	beq.n	100013ca <hardware_alarm_set_callback+0xe>
100013d0:	f3bf 8f5f 	dmb	sy
100013d4:	2d00      	cmp	r5, #0
100013d6:	d01b      	beq.n	10001410 <hardware_alarm_set_callback+0x54>
100013d8:	0020      	movs	r0, r4
100013da:	f7ff f8e3 	bl	100005a4 <irq_get_vtable_handler>
100013de:	4916      	ldr	r1, [pc, #88]	; (10001438 <hardware_alarm_set_callback+0x7c>)
100013e0:	4281      	cmp	r1, r0
100013e2:	d00a      	beq.n	100013fa <hardware_alarm_set_callback+0x3e>
100013e4:	0020      	movs	r0, r4
100013e6:	f7ff f8e5 	bl	100005b4 <irq_set_exclusive_handler>
100013ea:	2101      	movs	r1, #1
100013ec:	0020      	movs	r0, r4
100013ee:	f7ff f8a9 	bl	10000544 <irq_set_enabled>
100013f2:	2301      	movs	r3, #1
100013f4:	40a3      	lsls	r3, r4
100013f6:	4a11      	ldr	r2, [pc, #68]	; (1000143c <hardware_alarm_set_callback+0x80>)
100013f8:	6013      	str	r3, [r2, #0]
100013fa:	4b11      	ldr	r3, [pc, #68]	; (10001440 <hardware_alarm_set_callback+0x84>)
100013fc:	00a4      	lsls	r4, r4, #2
100013fe:	50e5      	str	r5, [r4, r3]
10001400:	f3bf 8f5f 	dmb	sy
10001404:	2200      	movs	r2, #0
10001406:	4b0b      	ldr	r3, [pc, #44]	; (10001434 <hardware_alarm_set_callback+0x78>)
10001408:	601a      	str	r2, [r3, #0]
1000140a:	f386 8810 	msr	PRIMASK, r6
1000140e:	bd70      	pop	{r4, r5, r6, pc}
10001410:	4b0b      	ldr	r3, [pc, #44]	; (10001440 <hardware_alarm_set_callback+0x84>)
10001412:	00a2      	lsls	r2, r4, #2
10001414:	50d5      	str	r5, [r2, r3]
10001416:	2201      	movs	r2, #1
10001418:	40a2      	lsls	r2, r4
1000141a:	490a      	ldr	r1, [pc, #40]	; (10001444 <hardware_alarm_set_callback+0x88>)
1000141c:	0020      	movs	r0, r4
1000141e:	780b      	ldrb	r3, [r1, #0]
10001420:	4393      	bics	r3, r2
10001422:	700b      	strb	r3, [r1, #0]
10001424:	4904      	ldr	r1, [pc, #16]	; (10001438 <hardware_alarm_set_callback+0x7c>)
10001426:	f7ff f9e1 	bl	100007ec <irq_remove_handler>
1000142a:	2100      	movs	r1, #0
1000142c:	0020      	movs	r0, r4
1000142e:	f7ff f889 	bl	10000544 <irq_set_enabled>
10001432:	e7e5      	b.n	10001400 <hardware_alarm_set_callback+0x44>
10001434:	d0000128 	.word	0xd0000128
10001438:	100012b9 	.word	0x100012b9
1000143c:	40056038 	.word	0x40056038
10001440:	20001f3c 	.word	0x20001f3c
10001444:	2000264d 	.word	0x2000264d

10001448 <hardware_alarm_set_target>:
10001448:	b5f0      	push	{r4, r5, r6, r7, lr}
1000144a:	464f      	mov	r7, r9
1000144c:	46d6      	mov	lr, sl
1000144e:	4646      	mov	r6, r8
10001450:	b5c0      	push	{r6, r7, lr}
10001452:	0007      	movs	r7, r0
10001454:	4c2f      	ldr	r4, [pc, #188]	; (10001514 <hardware_alarm_set_target+0xcc>)
10001456:	6a61      	ldr	r1, [r4, #36]	; 0x24
10001458:	000d      	movs	r5, r1
1000145a:	6aa6      	ldr	r6, [r4, #40]	; 0x28
1000145c:	6a61      	ldr	r1, [r4, #36]	; 0x24
1000145e:	42a9      	cmp	r1, r5
10001460:	d1fa      	bne.n	10001458 <hardware_alarm_set_target+0x10>
10001462:	428b      	cmp	r3, r1
10001464:	d808      	bhi.n	10001478 <hardware_alarm_set_target+0x30>
10001466:	d005      	beq.n	10001474 <hardware_alarm_set_target+0x2c>
10001468:	2001      	movs	r0, #1
1000146a:	bce0      	pop	{r5, r6, r7}
1000146c:	46ba      	mov	sl, r7
1000146e:	46b1      	mov	r9, r6
10001470:	46a8      	mov	r8, r5
10001472:	bdf0      	pop	{r4, r5, r6, r7, pc}
10001474:	42b2      	cmp	r2, r6
10001476:	d9f7      	bls.n	10001468 <hardware_alarm_set_target+0x20>
10001478:	f3ef 8a10 	mrs	sl, PRIMASK
1000147c:	b672      	cpsid	i
1000147e:	4826      	ldr	r0, [pc, #152]	; (10001518 <hardware_alarm_set_target+0xd0>)
10001480:	6801      	ldr	r1, [r0, #0]
10001482:	2900      	cmp	r1, #0
10001484:	d0fc      	beq.n	10001480 <hardware_alarm_set_target+0x38>
10001486:	f3bf 8f5f 	dmb	sy
1000148a:	2501      	movs	r5, #1
1000148c:	40bd      	lsls	r5, r7
1000148e:	4923      	ldr	r1, [pc, #140]	; (1000151c <hardware_alarm_set_target+0xd4>)
10001490:	4c20      	ldr	r4, [pc, #128]	; (10001514 <hardware_alarm_set_target+0xcc>)
10001492:	4688      	mov	r8, r1
10001494:	7809      	ldrb	r1, [r1, #0]
10001496:	4689      	mov	r9, r1
10001498:	4329      	orrs	r1, r5
1000149a:	b2c9      	uxtb	r1, r1
1000149c:	468c      	mov	ip, r1
1000149e:	4641      	mov	r1, r8
100014a0:	4660      	mov	r0, ip
100014a2:	7008      	strb	r0, [r1, #0]
100014a4:	1d39      	adds	r1, r7, #4
100014a6:	481e      	ldr	r0, [pc, #120]	; (10001520 <hardware_alarm_set_target+0xd8>)
100014a8:	0089      	lsls	r1, r1, #2
100014aa:	6365      	str	r5, [r4, #52]	; 0x34
100014ac:	510a      	str	r2, [r1, r4]
100014ae:	00b9      	lsls	r1, r7, #2
100014b0:	500b      	str	r3, [r1, r0]
100014b2:	6a21      	ldr	r1, [r4, #32]
100014b4:	2000      	movs	r0, #0
100014b6:	4229      	tst	r1, r5
100014b8:	d019      	beq.n	100014ee <hardware_alarm_set_target+0xa6>
100014ba:	6a61      	ldr	r1, [r4, #36]	; 0x24
100014bc:	0008      	movs	r0, r1
100014be:	6aa6      	ldr	r6, [r4, #40]	; 0x28
100014c0:	6a61      	ldr	r1, [r4, #36]	; 0x24
100014c2:	4281      	cmp	r1, r0
100014c4:	d1fa      	bne.n	100014bc <hardware_alarm_set_target+0x74>
100014c6:	428b      	cmp	r3, r1
100014c8:	d819      	bhi.n	100014fe <hardware_alarm_set_target+0xb6>
100014ca:	d101      	bne.n	100014d0 <hardware_alarm_set_target+0x88>
100014cc:	42b2      	cmp	r2, r6
100014ce:	d816      	bhi.n	100014fe <hardware_alarm_set_target+0xb6>
100014d0:	45cc      	cmp	ip, r9
100014d2:	d01d      	beq.n	10001510 <hardware_alarm_set_target+0xc8>
100014d4:	4b0f      	ldr	r3, [pc, #60]	; (10001514 <hardware_alarm_set_target+0xcc>)
100014d6:	201f      	movs	r0, #31
100014d8:	621d      	str	r5, [r3, #32]
100014da:	635d      	str	r5, [r3, #52]	; 0x34
100014dc:	2301      	movs	r3, #1
100014de:	4007      	ands	r7, r0
100014e0:	40bb      	lsls	r3, r7
100014e2:	4a10      	ldr	r2, [pc, #64]	; (10001524 <hardware_alarm_set_target+0xdc>)
100014e4:	381e      	subs	r0, #30
100014e6:	6013      	str	r3, [r2, #0]
100014e8:	4643      	mov	r3, r8
100014ea:	464a      	mov	r2, r9
100014ec:	701a      	strb	r2, [r3, #0]
100014ee:	f3bf 8f5f 	dmb	sy
100014f2:	2200      	movs	r2, #0
100014f4:	4b08      	ldr	r3, [pc, #32]	; (10001518 <hardware_alarm_set_target+0xd0>)
100014f6:	601a      	str	r2, [r3, #0]
100014f8:	f38a 8810 	msr	PRIMASK, sl
100014fc:	e7b5      	b.n	1000146a <hardware_alarm_set_target+0x22>
100014fe:	2000      	movs	r0, #0
10001500:	f3bf 8f5f 	dmb	sy
10001504:	2200      	movs	r2, #0
10001506:	4b04      	ldr	r3, [pc, #16]	; (10001518 <hardware_alarm_set_target+0xd0>)
10001508:	601a      	str	r2, [r3, #0]
1000150a:	f38a 8810 	msr	PRIMASK, sl
1000150e:	e7ac      	b.n	1000146a <hardware_alarm_set_target+0x22>
10001510:	2001      	movs	r0, #1
10001512:	e7ec      	b.n	100014ee <hardware_alarm_set_target+0xa6>
10001514:	40054000 	.word	0x40054000
10001518:	d0000128 	.word	0xd0000128
1000151c:	2000264d 	.word	0x2000264d
10001520:	20002620 	.word	0x20002620
10001524:	e000e280 	.word	0xe000e280

10001528 <hardware_alarm_cancel>:
10001528:	f3ef 8c10 	mrs	ip, PRIMASK
1000152c:	b672      	cpsid	i
1000152e:	490a      	ldr	r1, [pc, #40]	; (10001558 <hardware_alarm_cancel+0x30>)
10001530:	680b      	ldr	r3, [r1, #0]
10001532:	2b00      	cmp	r3, #0
10001534:	d0fc      	beq.n	10001530 <hardware_alarm_cancel+0x8>
10001536:	f3bf 8f5f 	dmb	sy
1000153a:	2301      	movs	r3, #1
1000153c:	4083      	lsls	r3, r0
1000153e:	4a07      	ldr	r2, [pc, #28]	; (1000155c <hardware_alarm_cancel+0x34>)
10001540:	4807      	ldr	r0, [pc, #28]	; (10001560 <hardware_alarm_cancel+0x38>)
10001542:	6213      	str	r3, [r2, #32]
10001544:	7802      	ldrb	r2, [r0, #0]
10001546:	439a      	bics	r2, r3
10001548:	7002      	strb	r2, [r0, #0]
1000154a:	f3bf 8f5f 	dmb	sy
1000154e:	2300      	movs	r3, #0
10001550:	600b      	str	r3, [r1, #0]
10001552:	f38c 8810 	msr	PRIMASK, ip
10001556:	4770      	bx	lr
10001558:	d0000128 	.word	0xd0000128
1000155c:	40054000 	.word	0x40054000
10001560:	2000264d 	.word	0x2000264d

10001564 <ph_merge_nodes>:
10001564:	b570      	push	{r4, r5, r6, lr}
10001566:	0005      	movs	r5, r0
10001568:	0014      	movs	r4, r2
1000156a:	0016      	movs	r6, r2
1000156c:	2900      	cmp	r1, #0
1000156e:	d015      	beq.n	1000159c <ph_merge_nodes+0x38>
10001570:	000c      	movs	r4, r1
10001572:	2a00      	cmp	r2, #0
10001574:	d012      	beq.n	1000159c <ph_merge_nodes+0x38>
10001576:	6880      	ldr	r0, [r0, #8]
10001578:	686b      	ldr	r3, [r5, #4]
1000157a:	4798      	blx	r3
1000157c:	6829      	ldr	r1, [r5, #0]
1000157e:	2800      	cmp	r0, #0
10001580:	d00e      	beq.n	100015a0 <ph_merge_nodes+0x3c>
10001582:	0073      	lsls	r3, r6, #1
10001584:	199b      	adds	r3, r3, r6
10001586:	0062      	lsls	r2, r4, #1
10001588:	3b03      	subs	r3, #3
1000158a:	1912      	adds	r2, r2, r4
1000158c:	18cb      	adds	r3, r1, r3
1000158e:	3a03      	subs	r2, #3
10001590:	709c      	strb	r4, [r3, #2]
10001592:	1888      	adds	r0, r1, r2
10001594:	5c8a      	ldrb	r2, [r1, r2]
10001596:	2a00      	cmp	r2, #0
10001598:	d115      	bne.n	100015c6 <ph_merge_nodes+0x62>
1000159a:	7006      	strb	r6, [r0, #0]
1000159c:	0020      	movs	r0, r4
1000159e:	bd70      	pop	{r4, r5, r6, pc}
100015a0:	0063      	lsls	r3, r4, #1
100015a2:	191b      	adds	r3, r3, r4
100015a4:	0072      	lsls	r2, r6, #1
100015a6:	3b03      	subs	r3, #3
100015a8:	1992      	adds	r2, r2, r6
100015aa:	18cb      	adds	r3, r1, r3
100015ac:	3a03      	subs	r2, #3
100015ae:	709e      	strb	r6, [r3, #2]
100015b0:	1888      	adds	r0, r1, r2
100015b2:	5c8a      	ldrb	r2, [r1, r2]
100015b4:	2a00      	cmp	r2, #0
100015b6:	d102      	bne.n	100015be <ph_merge_nodes+0x5a>
100015b8:	7004      	strb	r4, [r0, #0]
100015ba:	0034      	movs	r4, r6
100015bc:	e7ee      	b.n	1000159c <ph_merge_nodes+0x38>
100015be:	705a      	strb	r2, [r3, #1]
100015c0:	7004      	strb	r4, [r0, #0]
100015c2:	0034      	movs	r4, r6
100015c4:	e7ea      	b.n	1000159c <ph_merge_nodes+0x38>
100015c6:	705a      	strb	r2, [r3, #1]
100015c8:	7006      	strb	r6, [r0, #0]
100015ca:	e7e7      	b.n	1000159c <ph_merge_nodes+0x38>

100015cc <ph_post_alloc_init>:
100015cc:	b530      	push	{r4, r5, lr}
100015ce:	6083      	str	r3, [r0, #8]
100015d0:	2300      	movs	r3, #0
100015d2:	b2cc      	uxtb	r4, r1
100015d4:	7343      	strb	r3, [r0, #13]
100015d6:	3301      	adds	r3, #1
100015d8:	7304      	strb	r4, [r0, #12]
100015da:	6042      	str	r2, [r0, #4]
100015dc:	7383      	strb	r3, [r0, #14]
100015de:	73c4      	strb	r4, [r0, #15]
100015e0:	000d      	movs	r5, r1
100015e2:	6800      	ldr	r0, [r0, #0]
100015e4:	2c01      	cmp	r4, #1
100015e6:	d906      	bls.n	100015f6 <ph_post_alloc_init+0x2a>
100015e8:	1c42      	adds	r2, r0, #1
100015ea:	3301      	adds	r3, #1
100015ec:	b2db      	uxtb	r3, r3
100015ee:	7013      	strb	r3, [r2, #0]
100015f0:	3203      	adds	r2, #3
100015f2:	429c      	cmp	r4, r3
100015f4:	d1f9      	bne.n	100015ea <ph_post_alloc_init+0x1e>
100015f6:	21ff      	movs	r1, #255	; 0xff
100015f8:	4029      	ands	r1, r5
100015fa:	004b      	lsls	r3, r1, #1
100015fc:	1859      	adds	r1, r3, r1
100015fe:	2300      	movs	r3, #0
10001600:	1840      	adds	r0, r0, r1
10001602:	3803      	subs	r0, #3
10001604:	7043      	strb	r3, [r0, #1]
10001606:	bd30      	pop	{r4, r5, pc}

10001608 <ph_merge_two_pass>:
10001608:	b5f8      	push	{r3, r4, r5, r6, r7, lr}
1000160a:	46ce      	mov	lr, r9
1000160c:	4647      	mov	r7, r8
1000160e:	0006      	movs	r6, r0
10001610:	000c      	movs	r4, r1
10001612:	b580      	push	{r7, lr}
10001614:	2900      	cmp	r1, #0
10001616:	d007      	beq.n	10001628 <ph_merge_two_pass+0x20>
10001618:	004d      	lsls	r5, r1, #1
1000161a:	6803      	ldr	r3, [r0, #0]
1000161c:	186d      	adds	r5, r5, r1
1000161e:	3d03      	subs	r5, #3
10001620:	195a      	adds	r2, r3, r5
10001622:	7857      	ldrb	r7, [r2, #1]
10001624:	2f00      	cmp	r7, #0
10001626:	d104      	bne.n	10001632 <ph_merge_two_pass+0x2a>
10001628:	0020      	movs	r0, r4
1000162a:	bcc0      	pop	{r6, r7}
1000162c:	46b9      	mov	r9, r7
1000162e:	46b0      	mov	r8, r6
10001630:	bdf8      	pop	{r3, r4, r5, r6, r7, pc}
10001632:	0079      	lsls	r1, r7, #1
10001634:	19c9      	adds	r1, r1, r7
10001636:	3903      	subs	r1, #3
10001638:	4688      	mov	r8, r1
1000163a:	4443      	add	r3, r8
1000163c:	7859      	ldrb	r1, [r3, #1]
1000163e:	4689      	mov	r9, r1
10001640:	2100      	movs	r1, #0
10001642:	7059      	strb	r1, [r3, #1]
10001644:	7051      	strb	r1, [r2, #1]
10001646:	6873      	ldr	r3, [r6, #4]
10001648:	003a      	movs	r2, r7
1000164a:	0021      	movs	r1, r4
1000164c:	6880      	ldr	r0, [r0, #8]
1000164e:	4798      	blx	r3
10001650:	6833      	ldr	r3, [r6, #0]
10001652:	2800      	cmp	r0, #0
10001654:	d014      	beq.n	10001680 <ph_merge_two_pass+0x78>
10001656:	4642      	mov	r2, r8
10001658:	189a      	adds	r2, r3, r2
1000165a:	7094      	strb	r4, [r2, #2]
1000165c:	1959      	adds	r1, r3, r5
1000165e:	5d5b      	ldrb	r3, [r3, r5]
10001660:	2b00      	cmp	r3, #0
10001662:	d000      	beq.n	10001666 <ph_merge_two_pass+0x5e>
10001664:	7053      	strb	r3, [r2, #1]
10001666:	700f      	strb	r7, [r1, #0]
10001668:	0027      	movs	r7, r4
1000166a:	4649      	mov	r1, r9
1000166c:	0030      	movs	r0, r6
1000166e:	f7ff ffcb 	bl	10001608 <ph_merge_two_pass>
10001672:	0039      	movs	r1, r7
10001674:	0002      	movs	r2, r0
10001676:	0030      	movs	r0, r6
10001678:	f7ff ff74 	bl	10001564 <ph_merge_nodes>
1000167c:	0004      	movs	r4, r0
1000167e:	e7d3      	b.n	10001628 <ph_merge_two_pass+0x20>
10001680:	4642      	mov	r2, r8
10001682:	4641      	mov	r1, r8
10001684:	195d      	adds	r5, r3, r5
10001686:	70af      	strb	r7, [r5, #2]
10001688:	189a      	adds	r2, r3, r2
1000168a:	5c5b      	ldrb	r3, [r3, r1]
1000168c:	2b00      	cmp	r3, #0
1000168e:	d000      	beq.n	10001692 <ph_merge_two_pass+0x8a>
10001690:	706b      	strb	r3, [r5, #1]
10001692:	7014      	strb	r4, [r2, #0]
10001694:	e7e9      	b.n	1000166a <ph_merge_two_pass+0x62>
10001696:	46c0      	nop			; (mov r8, r8)

10001698 <ph_remove_any_head>:
10001698:	b5f0      	push	{r4, r5, r6, r7, lr}
1000169a:	4657      	mov	r7, sl
1000169c:	4645      	mov	r5, r8
1000169e:	46de      	mov	lr, fp
100016a0:	464e      	mov	r6, r9
100016a2:	b5e0      	push	{r5, r6, r7, lr}
100016a4:	000d      	movs	r5, r1
100016a6:	006b      	lsls	r3, r5, #1
100016a8:	6801      	ldr	r1, [r0, #0]
100016aa:	195b      	adds	r3, r3, r5
100016ac:	1edf      	subs	r7, r3, #3
100016ae:	0004      	movs	r4, r0
100016b0:	5dc8      	ldrb	r0, [r1, r7]
100016b2:	b083      	sub	sp, #12
100016b4:	9201      	str	r2, [sp, #4]
100016b6:	19ca      	adds	r2, r1, r7
100016b8:	2800      	cmp	r0, #0
100016ba:	d04c      	beq.n	10001756 <ph_remove_any_head+0xbe>
100016bc:	0043      	lsls	r3, r0, #1
100016be:	181b      	adds	r3, r3, r0
100016c0:	3b03      	subs	r3, #3
100016c2:	18cb      	adds	r3, r1, r3
100016c4:	785e      	ldrb	r6, [r3, #1]
100016c6:	46b4      	mov	ip, r6
100016c8:	2e00      	cmp	r6, #0
100016ca:	d116      	bne.n	100016fa <ph_remove_any_head+0x62>
100016cc:	9e01      	ldr	r6, [sp, #4]
100016ce:	2e00      	cmp	r6, #0
100016d0:	d03e      	beq.n	10001750 <ph_remove_any_head+0xb8>
100016d2:	7be6      	ldrb	r6, [r4, #15]
100016d4:	2e00      	cmp	r6, #0
100016d6:	d004      	beq.n	100016e2 <ph_remove_any_head+0x4a>
100016d8:	0073      	lsls	r3, r6, #1
100016da:	199b      	adds	r3, r3, r6
100016dc:	18cb      	adds	r3, r1, r3
100016de:	3b03      	subs	r3, #3
100016e0:	705d      	strb	r5, [r3, #1]
100016e2:	73e5      	strb	r5, [r4, #15]
100016e4:	2800      	cmp	r0, #0
100016e6:	d12f      	bne.n	10001748 <ph_remove_any_head+0xb0>
100016e8:	2300      	movs	r3, #0
100016ea:	7053      	strb	r3, [r2, #1]
100016ec:	b003      	add	sp, #12
100016ee:	bcf0      	pop	{r4, r5, r6, r7}
100016f0:	46bb      	mov	fp, r7
100016f2:	46b2      	mov	sl, r6
100016f4:	46a9      	mov	r9, r5
100016f6:	46a0      	mov	r8, r4
100016f8:	bdf0      	pop	{r4, r5, r6, r7, pc}
100016fa:	0072      	lsls	r2, r6, #1
100016fc:	4462      	add	r2, ip
100016fe:	3a03      	subs	r2, #3
10001700:	1889      	adds	r1, r1, r2
10001702:	784a      	ldrb	r2, [r1, #1]
10001704:	4690      	mov	r8, r2
10001706:	2200      	movs	r2, #0
10001708:	704a      	strb	r2, [r1, #1]
1000170a:	4691      	mov	r9, r2
1000170c:	705a      	strb	r2, [r3, #1]
1000170e:	0001      	movs	r1, r0
10001710:	0032      	movs	r2, r6
10001712:	0020      	movs	r0, r4
10001714:	f7ff ff26 	bl	10001564 <ph_merge_nodes>
10001718:	4643      	mov	r3, r8
1000171a:	4682      	mov	sl, r0
1000171c:	2b00      	cmp	r3, #0
1000171e:	d007      	beq.n	10001730 <ph_remove_any_head+0x98>
10001720:	005b      	lsls	r3, r3, #1
10001722:	6821      	ldr	r1, [r4, #0]
10001724:	4443      	add	r3, r8
10001726:	3b03      	subs	r3, #3
10001728:	18cb      	adds	r3, r1, r3
1000172a:	785a      	ldrb	r2, [r3, #1]
1000172c:	2a00      	cmp	r2, #0
1000172e:	d116      	bne.n	1000175e <ph_remove_any_head+0xc6>
10001730:	4642      	mov	r2, r8
10001732:	4651      	mov	r1, sl
10001734:	0020      	movs	r0, r4
10001736:	f7ff ff15 	bl	10001564 <ph_merge_nodes>
1000173a:	6821      	ldr	r1, [r4, #0]
1000173c:	9b01      	ldr	r3, [sp, #4]
1000173e:	19ca      	adds	r2, r1, r7
10001740:	2b00      	cmp	r3, #0
10001742:	d1c6      	bne.n	100016d2 <ph_remove_any_head+0x3a>
10001744:	2800      	cmp	r0, #0
10001746:	d0cf      	beq.n	100016e8 <ph_remove_any_head+0x50>
10001748:	0043      	lsls	r3, r0, #1
1000174a:	181b      	adds	r3, r3, r0
1000174c:	3b03      	subs	r3, #3
1000174e:	18cb      	adds	r3, r1, r3
10001750:	2100      	movs	r1, #0
10001752:	7099      	strb	r1, [r3, #2]
10001754:	e7c8      	b.n	100016e8 <ph_remove_any_head+0x50>
10001756:	9b01      	ldr	r3, [sp, #4]
10001758:	2b00      	cmp	r3, #0
1000175a:	d1ba      	bne.n	100016d2 <ph_remove_any_head+0x3a>
1000175c:	e7c4      	b.n	100016e8 <ph_remove_any_head+0x50>
1000175e:	0050      	lsls	r0, r2, #1
10001760:	1880      	adds	r0, r0, r2
10001762:	3803      	subs	r0, #3
10001764:	1809      	adds	r1, r1, r0
10001766:	7848      	ldrb	r0, [r1, #1]
10001768:	4683      	mov	fp, r0
1000176a:	4648      	mov	r0, r9
1000176c:	7048      	strb	r0, [r1, #1]
1000176e:	7058      	strb	r0, [r3, #1]
10001770:	4641      	mov	r1, r8
10001772:	0020      	movs	r0, r4
10001774:	f7ff fef6 	bl	10001564 <ph_merge_nodes>
10001778:	4659      	mov	r1, fp
1000177a:	4680      	mov	r8, r0
1000177c:	0020      	movs	r0, r4
1000177e:	f7ff ff43 	bl	10001608 <ph_merge_two_pass>
10001782:	4641      	mov	r1, r8
10001784:	0002      	movs	r2, r0
10001786:	0020      	movs	r0, r4
10001788:	f7ff feec 	bl	10001564 <ph_merge_nodes>
1000178c:	4680      	mov	r8, r0
1000178e:	e7cf      	b.n	10001730 <ph_remove_any_head+0x98>

10001790 <ph_remove_head>:
10001790:	b5f0      	push	{r4, r5, r6, r7, lr}
10001792:	4657      	mov	r7, sl
10001794:	4645      	mov	r5, r8
10001796:	46de      	mov	lr, fp
10001798:	464e      	mov	r6, r9
1000179a:	b5e0      	push	{r5, r6, r7, lr}
1000179c:	b083      	sub	sp, #12
1000179e:	9101      	str	r1, [sp, #4]
100017a0:	7b45      	ldrb	r5, [r0, #13]
100017a2:	0004      	movs	r4, r0
100017a4:	006b      	lsls	r3, r5, #1
100017a6:	6800      	ldr	r0, [r0, #0]
100017a8:	195b      	adds	r3, r3, r5
100017aa:	1edf      	subs	r7, r3, #3
100017ac:	5dc1      	ldrb	r1, [r0, r7]
100017ae:	19c2      	adds	r2, r0, r7
100017b0:	2900      	cmp	r1, #0
100017b2:	d04e      	beq.n	10001852 <ph_remove_head+0xc2>
100017b4:	004b      	lsls	r3, r1, #1
100017b6:	185b      	adds	r3, r3, r1
100017b8:	3b03      	subs	r3, #3
100017ba:	18c3      	adds	r3, r0, r3
100017bc:	785e      	ldrb	r6, [r3, #1]
100017be:	46b4      	mov	ip, r6
100017c0:	2e00      	cmp	r6, #0
100017c2:	d118      	bne.n	100017f6 <ph_remove_head+0x66>
100017c4:	9e01      	ldr	r6, [sp, #4]
100017c6:	2e00      	cmp	r6, #0
100017c8:	d040      	beq.n	1000184c <ph_remove_head+0xbc>
100017ca:	7be6      	ldrb	r6, [r4, #15]
100017cc:	2e00      	cmp	r6, #0
100017ce:	d004      	beq.n	100017da <ph_remove_head+0x4a>
100017d0:	0073      	lsls	r3, r6, #1
100017d2:	199b      	adds	r3, r3, r6
100017d4:	18c3      	adds	r3, r0, r3
100017d6:	3b03      	subs	r3, #3
100017d8:	705d      	strb	r5, [r3, #1]
100017da:	73e5      	strb	r5, [r4, #15]
100017dc:	2900      	cmp	r1, #0
100017de:	d131      	bne.n	10001844 <ph_remove_head+0xb4>
100017e0:	2300      	movs	r3, #0
100017e2:	0028      	movs	r0, r5
100017e4:	7053      	strb	r3, [r2, #1]
100017e6:	7361      	strb	r1, [r4, #13]
100017e8:	b003      	add	sp, #12
100017ea:	bcf0      	pop	{r4, r5, r6, r7}
100017ec:	46bb      	mov	fp, r7
100017ee:	46b2      	mov	sl, r6
100017f0:	46a9      	mov	r9, r5
100017f2:	46a0      	mov	r8, r4
100017f4:	bdf0      	pop	{r4, r5, r6, r7, pc}
100017f6:	0072      	lsls	r2, r6, #1
100017f8:	4462      	add	r2, ip
100017fa:	3a03      	subs	r2, #3
100017fc:	1880      	adds	r0, r0, r2
100017fe:	7842      	ldrb	r2, [r0, #1]
10001800:	4690      	mov	r8, r2
10001802:	2200      	movs	r2, #0
10001804:	7042      	strb	r2, [r0, #1]
10001806:	4691      	mov	r9, r2
10001808:	705a      	strb	r2, [r3, #1]
1000180a:	0020      	movs	r0, r4
1000180c:	0032      	movs	r2, r6
1000180e:	f7ff fea9 	bl	10001564 <ph_merge_nodes>
10001812:	4643      	mov	r3, r8
10001814:	4682      	mov	sl, r0
10001816:	2b00      	cmp	r3, #0
10001818:	d007      	beq.n	1000182a <ph_remove_head+0x9a>
1000181a:	005b      	lsls	r3, r3, #1
1000181c:	6821      	ldr	r1, [r4, #0]
1000181e:	4443      	add	r3, r8
10001820:	3b03      	subs	r3, #3
10001822:	18cb      	adds	r3, r1, r3
10001824:	785a      	ldrb	r2, [r3, #1]
10001826:	2a00      	cmp	r2, #0
10001828:	d117      	bne.n	1000185a <ph_remove_head+0xca>
1000182a:	4642      	mov	r2, r8
1000182c:	4651      	mov	r1, sl
1000182e:	0020      	movs	r0, r4
10001830:	f7ff fe98 	bl	10001564 <ph_merge_nodes>
10001834:	9b01      	ldr	r3, [sp, #4]
10001836:	0001      	movs	r1, r0
10001838:	6820      	ldr	r0, [r4, #0]
1000183a:	19c2      	adds	r2, r0, r7
1000183c:	2b00      	cmp	r3, #0
1000183e:	d1c4      	bne.n	100017ca <ph_remove_head+0x3a>
10001840:	2900      	cmp	r1, #0
10001842:	d0cd      	beq.n	100017e0 <ph_remove_head+0x50>
10001844:	004b      	lsls	r3, r1, #1
10001846:	185b      	adds	r3, r3, r1
10001848:	3b03      	subs	r3, #3
1000184a:	18c3      	adds	r3, r0, r3
1000184c:	2000      	movs	r0, #0
1000184e:	7098      	strb	r0, [r3, #2]
10001850:	e7c6      	b.n	100017e0 <ph_remove_head+0x50>
10001852:	9b01      	ldr	r3, [sp, #4]
10001854:	2b00      	cmp	r3, #0
10001856:	d1b8      	bne.n	100017ca <ph_remove_head+0x3a>
10001858:	e7c2      	b.n	100017e0 <ph_remove_head+0x50>
1000185a:	0050      	lsls	r0, r2, #1
1000185c:	1880      	adds	r0, r0, r2
1000185e:	3803      	subs	r0, #3
10001860:	1809      	adds	r1, r1, r0
10001862:	7848      	ldrb	r0, [r1, #1]
10001864:	4683      	mov	fp, r0
10001866:	4648      	mov	r0, r9
10001868:	7048      	strb	r0, [r1, #1]
1000186a:	7058      	strb	r0, [r3, #1]
1000186c:	4641      	mov	r1, r8
1000186e:	0020      	movs	r0, r4
10001870:	f7ff fe78 	bl	10001564 <ph_merge_nodes>
10001874:	4659      	mov	r1, fp
10001876:	4680      	mov	r8, r0
10001878:	0020      	movs	r0, r4
1000187a:	f7ff fec5 	bl	10001608 <ph_merge_two_pass>
1000187e:	4641      	mov	r1, r8
10001880:	0002      	movs	r2, r0
10001882:	0020      	movs	r0, r4
10001884:	f7ff fe6e 	bl	10001564 <ph_merge_nodes>
10001888:	4680      	mov	r8, r0
1000188a:	e7ce      	b.n	1000182a <ph_remove_head+0x9a>

1000188c <ph_remove_and_free_node>:
1000188c:	b570      	push	{r4, r5, r6, lr}
1000188e:	0004      	movs	r4, r0
10001890:	2900      	cmp	r1, #0
10001892:	d02c      	beq.n	100018ee <ph_remove_and_free_node+0x62>
10001894:	7b43      	ldrb	r3, [r0, #13]
10001896:	428b      	cmp	r3, r1
10001898:	d02e      	beq.n	100018f8 <ph_remove_and_free_node+0x6c>
1000189a:	6805      	ldr	r5, [r0, #0]
1000189c:	0048      	lsls	r0, r1, #1
1000189e:	1840      	adds	r0, r0, r1
100018a0:	3803      	subs	r0, #3
100018a2:	1828      	adds	r0, r5, r0
100018a4:	7882      	ldrb	r2, [r0, #2]
100018a6:	2a00      	cmp	r2, #0
100018a8:	d021      	beq.n	100018ee <ph_remove_and_free_node+0x62>
100018aa:	0053      	lsls	r3, r2, #1
100018ac:	189b      	adds	r3, r3, r2
100018ae:	3b03      	subs	r3, #3
100018b0:	5cea      	ldrb	r2, [r5, r3]
100018b2:	18ee      	adds	r6, r5, r3
100018b4:	428a      	cmp	r2, r1
100018b6:	d102      	bne.n	100018be <ph_remove_and_free_node+0x32>
100018b8:	e01b      	b.n	100018f2 <ph_remove_and_free_node+0x66>
100018ba:	2a00      	cmp	r2, #0
100018bc:	d008      	beq.n	100018d0 <ph_remove_and_free_node+0x44>
100018be:	0053      	lsls	r3, r2, #1
100018c0:	189b      	adds	r3, r3, r2
100018c2:	3b03      	subs	r3, #3
100018c4:	18eb      	adds	r3, r5, r3
100018c6:	785a      	ldrb	r2, [r3, #1]
100018c8:	428a      	cmp	r2, r1
100018ca:	d1f6      	bne.n	100018ba <ph_remove_and_free_node+0x2e>
100018cc:	7842      	ldrb	r2, [r0, #1]
100018ce:	705a      	strb	r2, [r3, #1]
100018d0:	2300      	movs	r3, #0
100018d2:	2201      	movs	r2, #1
100018d4:	7083      	strb	r3, [r0, #2]
100018d6:	7043      	strb	r3, [r0, #1]
100018d8:	0020      	movs	r0, r4
100018da:	f7ff fedd 	bl	10001698 <ph_remove_any_head>
100018de:	7b61      	ldrb	r1, [r4, #13]
100018e0:	0002      	movs	r2, r0
100018e2:	0020      	movs	r0, r4
100018e4:	f7ff fe3e 	bl	10001564 <ph_merge_nodes>
100018e8:	7360      	strb	r0, [r4, #13]
100018ea:	2001      	movs	r0, #1
100018ec:	e000      	b.n	100018f0 <ph_remove_and_free_node+0x64>
100018ee:	2000      	movs	r0, #0
100018f0:	bd70      	pop	{r4, r5, r6, pc}
100018f2:	7843      	ldrb	r3, [r0, #1]
100018f4:	7033      	strb	r3, [r6, #0]
100018f6:	e7eb      	b.n	100018d0 <ph_remove_and_free_node+0x44>
100018f8:	2201      	movs	r2, #1
100018fa:	0019      	movs	r1, r3
100018fc:	f7ff fecc 	bl	10001698 <ph_remove_any_head>
10001900:	7360      	strb	r0, [r4, #13]
10001902:	2001      	movs	r0, #1
10001904:	e7f4      	b.n	100018f0 <ph_remove_and_free_node+0x64>
10001906:	46c0      	nop			; (mov r8, r8)

10001908 <mutex_init>:
10001908:	b510      	push	{r4, lr}
1000190a:	0004      	movs	r4, r0
1000190c:	f7fe fdfe 	bl	1000050c <next_striped_spin_lock_num>
10001910:	0001      	movs	r1, r0
10001912:	0020      	movs	r0, r4
10001914:	f7ff f8c8 	bl	10000aa8 <lock_init>
10001918:	23ff      	movs	r3, #255	; 0xff
1000191a:	7123      	strb	r3, [r4, #4]
1000191c:	f3bf 8f5f 	dmb	sy
10001920:	bd10      	pop	{r4, pc}
10001922:	46c0      	nop			; (mov r8, r8)

10001924 <recursive_mutex_init>:
10001924:	b510      	push	{r4, lr}
10001926:	0004      	movs	r4, r0
10001928:	f7fe fdf0 	bl	1000050c <next_striped_spin_lock_num>
1000192c:	0001      	movs	r1, r0
1000192e:	0020      	movs	r0, r4
10001930:	f7ff f8ba 	bl	10000aa8 <lock_init>
10001934:	23ff      	movs	r3, #255	; 0xff
10001936:	80a3      	strh	r3, [r4, #4]
10001938:	f3bf 8f5f 	dmb	sy
1000193c:	bd10      	pop	{r4, pc}
1000193e:	46c0      	nop			; (mov r8, r8)

10001940 <critical_section_init>:
10001940:	b510      	push	{r4, lr}
10001942:	0004      	movs	r4, r0
10001944:	2001      	movs	r0, #1
10001946:	f7fe fded 	bl	10000524 <spin_lock_claim_unused>
1000194a:	4b04      	ldr	r3, [pc, #16]	; (1000195c <critical_section_init+0x1c>)
1000194c:	469c      	mov	ip, r3
1000194e:	4460      	add	r0, ip
10001950:	0080      	lsls	r0, r0, #2
10001952:	6020      	str	r0, [r4, #0]
10001954:	f3bf 8f5f 	dmb	sy
10001958:	bd10      	pop	{r4, pc}
1000195a:	46c0      	nop			; (mov r8, r8)
1000195c:	34000040 	.word	0x34000040

10001960 <runtime_init>:
10001960:	4b2c      	ldr	r3, [pc, #176]	; (10001a14 <runtime_init+0xb4>)
10001962:	4a2d      	ldr	r2, [pc, #180]	; (10001a18 <runtime_init+0xb8>)
10001964:	b570      	push	{r4, r5, r6, lr}
10001966:	601a      	str	r2, [r3, #0]
10001968:	4a2c      	ldr	r2, [pc, #176]	; (10001a1c <runtime_init+0xbc>)
1000196a:	4b2d      	ldr	r3, [pc, #180]	; (10001a20 <runtime_init+0xc0>)
1000196c:	492d      	ldr	r1, [pc, #180]	; (10001a24 <runtime_init+0xc4>)
1000196e:	601a      	str	r2, [r3, #0]
10001970:	0014      	movs	r4, r2
10001972:	688b      	ldr	r3, [r1, #8]
10001974:	439c      	bics	r4, r3
10001976:	d1fb      	bne.n	10001970 <runtime_init+0x10>
10001978:	4d2b      	ldr	r5, [pc, #172]	; (10001a28 <runtime_init+0xc8>)
1000197a:	4e2c      	ldr	r6, [pc, #176]	; (10001a2c <runtime_init+0xcc>)
1000197c:	42b5      	cmp	r5, r6
1000197e:	d208      	bcs.n	10001992 <runtime_init+0x32>
10001980:	3e01      	subs	r6, #1
10001982:	1b76      	subs	r6, r6, r5
10001984:	08b6      	lsrs	r6, r6, #2
10001986:	cd08      	ldmia	r5!, {r3}
10001988:	4798      	blx	r3
1000198a:	0023      	movs	r3, r4
1000198c:	3401      	adds	r4, #1
1000198e:	42b3      	cmp	r3, r6
10001990:	d1f9      	bne.n	10001986 <runtime_init+0x26>
10001992:	f000 f87f 	bl	10001a94 <clocks_init>
10001996:	4a26      	ldr	r2, [pc, #152]	; (10001a30 <runtime_init+0xd0>)
10001998:	4b21      	ldr	r3, [pc, #132]	; (10001a20 <runtime_init+0xc0>)
1000199a:	601a      	str	r2, [r3, #0]
1000199c:	4a21      	ldr	r2, [pc, #132]	; (10001a24 <runtime_init+0xc4>)
1000199e:	6893      	ldr	r3, [r2, #8]
100019a0:	43db      	mvns	r3, r3
100019a2:	01db      	lsls	r3, r3, #7
100019a4:	09dd      	lsrs	r5, r3, #7
100019a6:	2b00      	cmp	r3, #0
100019a8:	d1f9      	bne.n	1000199e <runtime_init+0x3e>
100019aa:	2240      	movs	r2, #64	; 0x40
100019ac:	4b21      	ldr	r3, [pc, #132]	; (10001a34 <runtime_init+0xd4>)
100019ae:	4c22      	ldr	r4, [pc, #136]	; (10001a38 <runtime_init+0xd8>)
100019b0:	4e22      	ldr	r6, [pc, #136]	; (10001a3c <runtime_init+0xdc>)
100019b2:	679a      	str	r2, [r3, #120]	; 0x78
100019b4:	675a      	str	r2, [r3, #116]	; 0x74
100019b6:	671a      	str	r2, [r3, #112]	; 0x70
100019b8:	66da      	str	r2, [r3, #108]	; 0x6c
100019ba:	42b4      	cmp	r4, r6
100019bc:	d208      	bcs.n	100019d0 <runtime_init+0x70>
100019be:	6823      	ldr	r3, [r4, #0]
100019c0:	0020      	movs	r0, r4
100019c2:	2b00      	cmp	r3, #0
100019c4:	d020      	beq.n	10001a08 <runtime_init+0xa8>
100019c6:	3408      	adds	r4, #8
100019c8:	f7ff ffac 	bl	10001924 <recursive_mutex_init>
100019cc:	42b4      	cmp	r4, r6
100019ce:	d3f6      	bcc.n	100019be <runtime_init+0x5e>
100019d0:	4e1b      	ldr	r6, [pc, #108]	; (10001a40 <runtime_init+0xe0>)
100019d2:	4c1c      	ldr	r4, [pc, #112]	; (10001a44 <runtime_init+0xe4>)
100019d4:	22c0      	movs	r2, #192	; 0xc0
100019d6:	68a1      	ldr	r1, [r4, #8]
100019d8:	0030      	movs	r0, r6
100019da:	f002 f99f 	bl	10003d1c <__wrap___aeabi_memcpy>
100019de:	60a6      	str	r6, [r4, #8]
100019e0:	f7fe fd86 	bl	100004f0 <spin_locks_reset>
100019e4:	f7ff f836 	bl	10000a54 <irq_init_priorities>
100019e8:	f7ff fa8a 	bl	10000f00 <alarm_pool_init_default>
100019ec:	4c16      	ldr	r4, [pc, #88]	; (10001a48 <runtime_init+0xe8>)
100019ee:	4e17      	ldr	r6, [pc, #92]	; (10001a4c <runtime_init+0xec>)
100019f0:	42b4      	cmp	r4, r6
100019f2:	d208      	bcs.n	10001a06 <runtime_init+0xa6>
100019f4:	3e01      	subs	r6, #1
100019f6:	1b36      	subs	r6, r6, r4
100019f8:	08b6      	lsrs	r6, r6, #2
100019fa:	cc08      	ldmia	r4!, {r3}
100019fc:	4798      	blx	r3
100019fe:	002b      	movs	r3, r5
10001a00:	3501      	adds	r5, #1
10001a02:	429e      	cmp	r6, r3
10001a04:	d1f9      	bne.n	100019fa <runtime_init+0x9a>
10001a06:	bd70      	pop	{r4, r5, r6, pc}
10001a08:	3408      	adds	r4, #8
10001a0a:	f7ff ff7d 	bl	10001908 <mutex_init>
10001a0e:	42b4      	cmp	r4, r6
10001a10:	d3d5      	bcc.n	100019be <runtime_init+0x5e>
10001a12:	e7dd      	b.n	100019d0 <runtime_init+0x70>
10001a14:	4000e000 	.word	0x4000e000
10001a18:	fefbcdbf 	.word	0xfefbcdbf
10001a1c:	003c7ffe 	.word	0x003c7ffe
10001a20:	4000f000 	.word	0x4000f000
10001a24:	4000c000 	.word	0x4000c000
10001a28:	20001878 	.word	0x20001878
10001a2c:	20001888 	.word	0x20001888
10001a30:	01ffffff 	.word	0x01ffffff
10001a34:	4001f000 	.word	0x4001f000
10001a38:	20001870 	.word	0x20001870
10001a3c:	20001878 	.word	0x20001878
10001a40:	20000000 	.word	0x20000000
10001a44:	e000ed00 	.word	0xe000ed00
10001a48:	20001888 	.word	0x20001888
10001a4c:	20001894 	.word	0x20001894

10001a50 <_exit>:
10001a50:	be00      	bkpt	0x0000
10001a52:	e7fd      	b.n	10001a50 <_exit>

10001a54 <exit>:
10001a54:	be00      	bkpt	0x0000
10001a56:	e7fd      	b.n	10001a54 <exit>

10001a58 <panic>:
10001a58:	b40f      	push	{r0, r1, r2, r3}
10001a5a:	b500      	push	{lr}
10001a5c:	4808      	ldr	r0, [pc, #32]	; (10001a80 <panic+0x28>)
10001a5e:	b083      	sub	sp, #12
10001a60:	f002 fac4 	bl	10003fec <__wrap_puts>
10001a64:	9b04      	ldr	r3, [sp, #16]
10001a66:	2b00      	cmp	r3, #0
10001a68:	d007      	beq.n	10001a7a <panic+0x22>
10001a6a:	a905      	add	r1, sp, #20
10001a6c:	0018      	movs	r0, r3
10001a6e:	9101      	str	r1, [sp, #4]
10001a70:	f001 fcfe 	bl	10003470 <weak_raw_vprintf>
10001a74:	4803      	ldr	r0, [pc, #12]	; (10001a84 <panic+0x2c>)
10001a76:	f002 fab9 	bl	10003fec <__wrap_puts>
10001a7a:	be00      	bkpt	0x0000
10001a7c:	e7fd      	b.n	10001a7a <panic+0x22>
10001a7e:	46c0      	nop			; (mov r8, r8)
10001a80:	10007964 	.word	0x10007964
10001a84:	10007904 	.word	0x10007904

10001a88 <hard_assertion_failure>:
10001a88:	b510      	push	{r4, lr}
10001a8a:	4801      	ldr	r0, [pc, #4]	; (10001a90 <hard_assertion_failure+0x8>)
10001a8c:	f7ff ffe4 	bl	10001a58 <panic>
10001a90:	10007974 	.word	0x10007974

10001a94 <clocks_init>:
10001a94:	b530      	push	{r4, r5, lr}
10001a96:	200c      	movs	r0, #12
10001a98:	b083      	sub	sp, #12
10001a9a:	f000 f9b7 	bl	10001e0c <watchdog_start_tick>
10001a9e:	f7fe fd1f 	bl	100004e0 <running_on_fpga>
10001aa2:	2800      	cmp	r0, #0
10001aa4:	d00e      	beq.n	10001ac4 <clocks_init+0x30>
10001aa6:	4b94      	ldr	r3, [pc, #592]	; (10001cf8 <clocks_init+0x264>)
10001aa8:	4a94      	ldr	r2, [pc, #592]	; (10001cfc <clocks_init+0x268>)
10001aaa:	601a      	str	r2, [r3, #0]
10001aac:	605a      	str	r2, [r3, #4]
10001aae:	609a      	str	r2, [r3, #8]
10001ab0:	60da      	str	r2, [r3, #12]
10001ab2:	611a      	str	r2, [r3, #16]
10001ab4:	615a      	str	r2, [r3, #20]
10001ab6:	619a      	str	r2, [r3, #24]
10001ab8:	61da      	str	r2, [r3, #28]
10001aba:	621a      	str	r2, [r3, #32]
10001abc:	4a90      	ldr	r2, [pc, #576]	; (10001d00 <clocks_init+0x26c>)
10001abe:	625a      	str	r2, [r3, #36]	; 0x24
10001ac0:	b003      	add	sp, #12
10001ac2:	bd30      	pop	{r4, r5, pc}
10001ac4:	4c8f      	ldr	r4, [pc, #572]	; (10001d04 <clocks_init+0x270>)
10001ac6:	67a0      	str	r0, [r4, #120]	; 0x78
10001ac8:	f000 f9f4 	bl	10001eb4 <xosc_init>
10001acc:	2201      	movs	r2, #1
10001ace:	4b8e      	ldr	r3, [pc, #568]	; (10001d08 <clocks_init+0x274>)
10001ad0:	601a      	str	r2, [r3, #0]
10001ad2:	6c63      	ldr	r3, [r4, #68]	; 0x44
10001ad4:	2b01      	cmp	r3, #1
10001ad6:	d1fc      	bne.n	10001ad2 <clocks_init+0x3e>
10001ad8:	2203      	movs	r2, #3
10001ada:	4b8c      	ldr	r3, [pc, #560]	; (10001d0c <clocks_init+0x278>)
10001adc:	601a      	str	r2, [r3, #0]
10001ade:	4a89      	ldr	r2, [pc, #548]	; (10001d04 <clocks_init+0x270>)
10001ae0:	6b93      	ldr	r3, [r2, #56]	; 0x38
10001ae2:	2b01      	cmp	r3, #1
10001ae4:	d1fc      	bne.n	10001ae0 <clocks_init+0x4c>
10001ae6:	3301      	adds	r3, #1
10001ae8:	2101      	movs	r1, #1
10001aea:	4a89      	ldr	r2, [pc, #548]	; (10001d10 <clocks_init+0x27c>)
10001aec:	4889      	ldr	r0, [pc, #548]	; (10001d14 <clocks_init+0x280>)
10001aee:	9300      	str	r3, [sp, #0]
10001af0:	3304      	adds	r3, #4
10001af2:	f000 f933 	bl	10001d5c <pll_init>
10001af6:	2305      	movs	r3, #5
10001af8:	4a87      	ldr	r2, [pc, #540]	; (10001d18 <clocks_init+0x284>)
10001afa:	9300      	str	r3, [sp, #0]
10001afc:	2101      	movs	r1, #1
10001afe:	4887      	ldr	r0, [pc, #540]	; (10001d1c <clocks_init+0x288>)
10001b00:	f000 f92c 	bl	10001d5c <pll_init>
10001b04:	4b86      	ldr	r3, [pc, #536]	; (10001d20 <clocks_init+0x28c>)
10001b06:	685a      	ldr	r2, [r3, #4]
10001b08:	2aff      	cmp	r2, #255	; 0xff
10001b0a:	d802      	bhi.n	10001b12 <clocks_init+0x7e>
10001b0c:	2280      	movs	r2, #128	; 0x80
10001b0e:	0052      	lsls	r2, r2, #1
10001b10:	605a      	str	r2, [r3, #4]
10001b12:	2280      	movs	r2, #128	; 0x80
10001b14:	4c78      	ldr	r4, [pc, #480]	; (10001cf8 <clocks_init+0x264>)
10001b16:	4b7d      	ldr	r3, [pc, #500]	; (10001d0c <clocks_init+0x278>)
10001b18:	6921      	ldr	r1, [r4, #16]
10001b1a:	0112      	lsls	r2, r2, #4
10001b1c:	4d80      	ldr	r5, [pc, #512]	; (10001d20 <clocks_init+0x28c>)
10001b1e:	601a      	str	r2, [r3, #0]
10001b20:	2900      	cmp	r1, #0
10001b22:	d005      	beq.n	10001b30 <clocks_init+0x9c>
10001b24:	6960      	ldr	r0, [r4, #20]
10001b26:	f001 fd1d 	bl	10003564 <__wrap___aeabi_uidiv>
10001b2a:	3001      	adds	r0, #1
10001b2c:	3801      	subs	r0, #1
10001b2e:	d1fd      	bne.n	10001b2c <clocks_init+0x98>
10001b30:	21e0      	movs	r1, #224	; 0xe0
10001b32:	4b7b      	ldr	r3, [pc, #492]	; (10001d20 <clocks_init+0x28c>)
10001b34:	2002      	movs	r0, #2
10001b36:	681a      	ldr	r2, [r3, #0]
10001b38:	4011      	ands	r1, r2
10001b3a:	2280      	movs	r2, #128	; 0x80
10001b3c:	0152      	lsls	r2, r2, #5
10001b3e:	432a      	orrs	r2, r5
10001b40:	6011      	str	r1, [r2, #0]
10001b42:	6819      	ldr	r1, [r3, #0]
10001b44:	4048      	eors	r0, r1
10001b46:	2103      	movs	r1, #3
10001b48:	4001      	ands	r1, r0
10001b4a:	6011      	str	r1, [r2, #0]
10001b4c:	2104      	movs	r1, #4
10001b4e:	689a      	ldr	r2, [r3, #8]
10001b50:	4211      	tst	r1, r2
10001b52:	d0fc      	beq.n	10001b4e <clocks_init+0xba>
10001b54:	2280      	movs	r2, #128	; 0x80
10001b56:	2180      	movs	r1, #128	; 0x80
10001b58:	0192      	lsls	r2, r2, #6
10001b5a:	432a      	orrs	r2, r5
10001b5c:	0109      	lsls	r1, r1, #4
10001b5e:	6011      	str	r1, [r2, #0]
10001b60:	2280      	movs	r2, #128	; 0x80
10001b62:	0052      	lsls	r2, r2, #1
10001b64:	605a      	str	r2, [r3, #4]
10001b66:	4b6f      	ldr	r3, [pc, #444]	; (10001d24 <clocks_init+0x290>)
10001b68:	6123      	str	r3, [r4, #16]
10001b6a:	4b6f      	ldr	r3, [pc, #444]	; (10001d28 <clocks_init+0x294>)
10001b6c:	6859      	ldr	r1, [r3, #4]
10001b6e:	29ff      	cmp	r1, #255	; 0xff
10001b70:	d800      	bhi.n	10001b74 <clocks_init+0xe0>
10001b72:	605a      	str	r2, [r3, #4]
10001b74:	2103      	movs	r1, #3
10001b76:	4a64      	ldr	r2, [pc, #400]	; (10001d08 <clocks_init+0x274>)
10001b78:	4b6b      	ldr	r3, [pc, #428]	; (10001d28 <clocks_init+0x294>)
10001b7a:	6011      	str	r1, [r2, #0]
10001b7c:	3902      	subs	r1, #2
10001b7e:	689a      	ldr	r2, [r3, #8]
10001b80:	4211      	tst	r1, r2
10001b82:	d0fc      	beq.n	10001b7e <clocks_init+0xea>
10001b84:	20e0      	movs	r0, #224	; 0xe0
10001b86:	681a      	ldr	r2, [r3, #0]
10001b88:	4010      	ands	r0, r2
10001b8a:	2280      	movs	r2, #128	; 0x80
10001b8c:	0152      	lsls	r2, r2, #5
10001b8e:	431a      	orrs	r2, r3
10001b90:	6010      	str	r0, [r2, #0]
10001b92:	6818      	ldr	r0, [r3, #0]
10001b94:	4048      	eors	r0, r1
10001b96:	2103      	movs	r1, #3
10001b98:	4001      	ands	r1, r0
10001b9a:	2002      	movs	r0, #2
10001b9c:	6011      	str	r1, [r2, #0]
10001b9e:	4962      	ldr	r1, [pc, #392]	; (10001d28 <clocks_init+0x294>)
10001ba0:	688a      	ldr	r2, [r1, #8]
10001ba2:	4210      	tst	r0, r2
10001ba4:	d0fc      	beq.n	10001ba0 <clocks_init+0x10c>
10001ba6:	2280      	movs	r2, #128	; 0x80
10001ba8:	0192      	lsls	r2, r2, #6
10001baa:	4313      	orrs	r3, r2
10001bac:	2280      	movs	r2, #128	; 0x80
10001bae:	0112      	lsls	r2, r2, #4
10001bb0:	601a      	str	r2, [r3, #0]
10001bb2:	2280      	movs	r2, #128	; 0x80
10001bb4:	4b5d      	ldr	r3, [pc, #372]	; (10001d2c <clocks_init+0x298>)
10001bb6:	0052      	lsls	r2, r2, #1
10001bb8:	604a      	str	r2, [r1, #4]
10001bba:	6163      	str	r3, [r4, #20]
10001bbc:	4b5c      	ldr	r3, [pc, #368]	; (10001d30 <clocks_init+0x29c>)
10001bbe:	6859      	ldr	r1, [r3, #4]
10001bc0:	29ff      	cmp	r1, #255	; 0xff
10001bc2:	d800      	bhi.n	10001bc6 <clocks_init+0x132>
10001bc4:	605a      	str	r2, [r3, #4]
10001bc6:	2280      	movs	r2, #128	; 0x80
10001bc8:	4b5a      	ldr	r3, [pc, #360]	; (10001d34 <clocks_init+0x2a0>)
10001bca:	69e1      	ldr	r1, [r4, #28]
10001bcc:	0112      	lsls	r2, r2, #4
10001bce:	4d58      	ldr	r5, [pc, #352]	; (10001d30 <clocks_init+0x29c>)
10001bd0:	601a      	str	r2, [r3, #0]
10001bd2:	2900      	cmp	r1, #0
10001bd4:	d005      	beq.n	10001be2 <clocks_init+0x14e>
10001bd6:	6960      	ldr	r0, [r4, #20]
10001bd8:	f001 fcc4 	bl	10003564 <__wrap___aeabi_uidiv>
10001bdc:	3001      	adds	r0, #1
10001bde:	3801      	subs	r0, #1
10001be0:	d1fd      	bne.n	10001bde <clocks_init+0x14a>
10001be2:	22e0      	movs	r2, #224	; 0xe0
10001be4:	4952      	ldr	r1, [pc, #328]	; (10001d30 <clocks_init+0x29c>)
10001be6:	680b      	ldr	r3, [r1, #0]
10001be8:	401a      	ands	r2, r3
10001bea:	2380      	movs	r3, #128	; 0x80
10001bec:	015b      	lsls	r3, r3, #5
10001bee:	432b      	orrs	r3, r5
10001bf0:	601a      	str	r2, [r3, #0]
10001bf2:	2380      	movs	r3, #128	; 0x80
10001bf4:	2280      	movs	r2, #128	; 0x80
10001bf6:	019b      	lsls	r3, r3, #6
10001bf8:	432b      	orrs	r3, r5
10001bfa:	0112      	lsls	r2, r2, #4
10001bfc:	601a      	str	r2, [r3, #0]
10001bfe:	2280      	movs	r2, #128	; 0x80
10001c00:	4b3e      	ldr	r3, [pc, #248]	; (10001cfc <clocks_init+0x268>)
10001c02:	0052      	lsls	r2, r2, #1
10001c04:	604a      	str	r2, [r1, #4]
10001c06:	61e3      	str	r3, [r4, #28]
10001c08:	4b4b      	ldr	r3, [pc, #300]	; (10001d38 <clocks_init+0x2a4>)
10001c0a:	6859      	ldr	r1, [r3, #4]
10001c0c:	29ff      	cmp	r1, #255	; 0xff
10001c0e:	d800      	bhi.n	10001c12 <clocks_init+0x17e>
10001c10:	605a      	str	r2, [r3, #4]
10001c12:	2280      	movs	r2, #128	; 0x80
10001c14:	4b49      	ldr	r3, [pc, #292]	; (10001d3c <clocks_init+0x2a8>)
10001c16:	6a21      	ldr	r1, [r4, #32]
10001c18:	0112      	lsls	r2, r2, #4
10001c1a:	4d47      	ldr	r5, [pc, #284]	; (10001d38 <clocks_init+0x2a4>)
10001c1c:	601a      	str	r2, [r3, #0]
10001c1e:	2900      	cmp	r1, #0
10001c20:	d005      	beq.n	10001c2e <clocks_init+0x19a>
10001c22:	6960      	ldr	r0, [r4, #20]
10001c24:	f001 fc9e 	bl	10003564 <__wrap___aeabi_uidiv>
10001c28:	3001      	adds	r0, #1
10001c2a:	3801      	subs	r0, #1
10001c2c:	d1fd      	bne.n	10001c2a <clocks_init+0x196>
10001c2e:	22e0      	movs	r2, #224	; 0xe0
10001c30:	4941      	ldr	r1, [pc, #260]	; (10001d38 <clocks_init+0x2a4>)
10001c32:	680b      	ldr	r3, [r1, #0]
10001c34:	401a      	ands	r2, r3
10001c36:	2380      	movs	r3, #128	; 0x80
10001c38:	015b      	lsls	r3, r3, #5
10001c3a:	432b      	orrs	r3, r5
10001c3c:	601a      	str	r2, [r3, #0]
10001c3e:	2380      	movs	r3, #128	; 0x80
10001c40:	2280      	movs	r2, #128	; 0x80
10001c42:	019b      	lsls	r3, r3, #6
10001c44:	432b      	orrs	r3, r5
10001c46:	0112      	lsls	r2, r2, #4
10001c48:	601a      	str	r2, [r3, #0]
10001c4a:	2380      	movs	r3, #128	; 0x80
10001c4c:	2280      	movs	r2, #128	; 0x80
10001c4e:	005b      	lsls	r3, r3, #1
10001c50:	604b      	str	r3, [r1, #4]
10001c52:	4b2a      	ldr	r3, [pc, #168]	; (10001cfc <clocks_init+0x268>)
10001c54:	02d2      	lsls	r2, r2, #11
10001c56:	6223      	str	r3, [r4, #32]
10001c58:	4b39      	ldr	r3, [pc, #228]	; (10001d40 <clocks_init+0x2ac>)
10001c5a:	6859      	ldr	r1, [r3, #4]
10001c5c:	4291      	cmp	r1, r2
10001c5e:	d200      	bcs.n	10001c62 <clocks_init+0x1ce>
10001c60:	605a      	str	r2, [r3, #4]
10001c62:	2280      	movs	r2, #128	; 0x80
10001c64:	4b37      	ldr	r3, [pc, #220]	; (10001d44 <clocks_init+0x2b0>)
10001c66:	6a61      	ldr	r1, [r4, #36]	; 0x24
10001c68:	0112      	lsls	r2, r2, #4
10001c6a:	4d35      	ldr	r5, [pc, #212]	; (10001d40 <clocks_init+0x2ac>)
10001c6c:	601a      	str	r2, [r3, #0]
10001c6e:	2900      	cmp	r1, #0
10001c70:	d005      	beq.n	10001c7e <clocks_init+0x1ea>
10001c72:	6960      	ldr	r0, [r4, #20]
10001c74:	f001 fc76 	bl	10003564 <__wrap___aeabi_uidiv>
10001c78:	3001      	adds	r0, #1
10001c7a:	3801      	subs	r0, #1
10001c7c:	d1fd      	bne.n	10001c7a <clocks_init+0x1e6>
10001c7e:	22e0      	movs	r2, #224	; 0xe0
10001c80:	492f      	ldr	r1, [pc, #188]	; (10001d40 <clocks_init+0x2ac>)
10001c82:	680b      	ldr	r3, [r1, #0]
10001c84:	401a      	ands	r2, r3
10001c86:	2380      	movs	r3, #128	; 0x80
10001c88:	015b      	lsls	r3, r3, #5
10001c8a:	432b      	orrs	r3, r5
10001c8c:	601a      	str	r2, [r3, #0]
10001c8e:	2380      	movs	r3, #128	; 0x80
10001c90:	2280      	movs	r2, #128	; 0x80
10001c92:	019b      	lsls	r3, r3, #6
10001c94:	432b      	orrs	r3, r5
10001c96:	0112      	lsls	r2, r2, #4
10001c98:	601a      	str	r2, [r3, #0]
10001c9a:	2380      	movs	r3, #128	; 0x80
10001c9c:	02db      	lsls	r3, r3, #11
10001c9e:	604b      	str	r3, [r1, #4]
10001ca0:	4b17      	ldr	r3, [pc, #92]	; (10001d00 <clocks_init+0x26c>)
10001ca2:	6263      	str	r3, [r4, #36]	; 0x24
10001ca4:	4b28      	ldr	r3, [pc, #160]	; (10001d48 <clocks_init+0x2b4>)
10001ca6:	685a      	ldr	r2, [r3, #4]
10001ca8:	2aff      	cmp	r2, #255	; 0xff
10001caa:	d802      	bhi.n	10001cb2 <clocks_init+0x21e>
10001cac:	2280      	movs	r2, #128	; 0x80
10001cae:	0052      	lsls	r2, r2, #1
10001cb0:	605a      	str	r2, [r3, #4]
10001cb2:	2280      	movs	r2, #128	; 0x80
10001cb4:	4b25      	ldr	r3, [pc, #148]	; (10001d4c <clocks_init+0x2b8>)
10001cb6:	69a1      	ldr	r1, [r4, #24]
10001cb8:	0112      	lsls	r2, r2, #4
10001cba:	4d23      	ldr	r5, [pc, #140]	; (10001d48 <clocks_init+0x2b4>)
10001cbc:	601a      	str	r2, [r3, #0]
10001cbe:	2900      	cmp	r1, #0
10001cc0:	d005      	beq.n	10001cce <clocks_init+0x23a>
10001cc2:	6960      	ldr	r0, [r4, #20]
10001cc4:	f001 fc4e 	bl	10003564 <__wrap___aeabi_uidiv>
10001cc8:	3001      	adds	r0, #1
10001cca:	3801      	subs	r0, #1
10001ccc:	d1fd      	bne.n	10001cca <clocks_init+0x236>
10001cce:	22e0      	movs	r2, #224	; 0xe0
10001cd0:	491d      	ldr	r1, [pc, #116]	; (10001d48 <clocks_init+0x2b4>)
10001cd2:	680b      	ldr	r3, [r1, #0]
10001cd4:	401a      	ands	r2, r3
10001cd6:	2380      	movs	r3, #128	; 0x80
10001cd8:	015b      	lsls	r3, r3, #5
10001cda:	432b      	orrs	r3, r5
10001cdc:	601a      	str	r2, [r3, #0]
10001cde:	2380      	movs	r3, #128	; 0x80
10001ce0:	2280      	movs	r2, #128	; 0x80
10001ce2:	019b      	lsls	r3, r3, #6
10001ce4:	432b      	orrs	r3, r5
10001ce6:	0112      	lsls	r2, r2, #4
10001ce8:	601a      	str	r2, [r3, #0]
10001cea:	2380      	movs	r3, #128	; 0x80
10001cec:	005b      	lsls	r3, r3, #1
10001cee:	604b      	str	r3, [r1, #4]
10001cf0:	4b0e      	ldr	r3, [pc, #56]	; (10001d2c <clocks_init+0x298>)
10001cf2:	61a3      	str	r3, [r4, #24]
10001cf4:	e6e4      	b.n	10001ac0 <clocks_init+0x2c>
10001cf6:	46c0      	nop			; (mov r8, r8)
10001cf8:	20002050 	.word	0x20002050
10001cfc:	02dc6c00 	.word	0x02dc6c00
10001d00:	0000b71b 	.word	0x0000b71b
10001d04:	40008000 	.word	0x40008000
10001d08:	4000b03c 	.word	0x4000b03c
10001d0c:	4000b030 	.word	0x4000b030
10001d10:	59682f00 	.word	0x59682f00
10001d14:	40028000 	.word	0x40028000
10001d18:	47868c00 	.word	0x47868c00
10001d1c:	4002c000 	.word	0x4002c000
10001d20:	40008030 	.word	0x40008030
10001d24:	00b71b00 	.word	0x00b71b00
10001d28:	4000803c 	.word	0x4000803c
10001d2c:	07735940 	.word	0x07735940
10001d30:	40008054 	.word	0x40008054
10001d34:	4000b054 	.word	0x4000b054
10001d38:	40008060 	.word	0x40008060
10001d3c:	4000b060 	.word	0x4000b060
10001d40:	4000806c 	.word	0x4000806c
10001d44:	4000b06c 	.word	0x4000b06c
10001d48:	40008048 	.word	0x40008048
10001d4c:	4000b048 	.word	0x4000b048

10001d50 <clock_get_hz>:
10001d50:	4b01      	ldr	r3, [pc, #4]	; (10001d58 <clock_get_hz+0x8>)
10001d52:	0080      	lsls	r0, r0, #2
10001d54:	58c0      	ldr	r0, [r0, r3]
10001d56:	4770      	bx	lr
10001d58:	20002050 	.word	0x20002050

10001d5c <pll_init>:
10001d5c:	b5f0      	push	{r4, r5, r6, r7, lr}
10001d5e:	46c6      	mov	lr, r8
10001d60:	0004      	movs	r4, r0
10001d62:	b500      	push	{lr}
10001d64:	200c      	movs	r0, #12
10001d66:	4690      	mov	r8, r2
10001d68:	001f      	movs	r7, r3
10001d6a:	000e      	movs	r6, r1
10001d6c:	f001 fbfa 	bl	10003564 <__wrap___aeabi_uidiv>
10001d70:	0141      	lsls	r1, r0, #5
10001d72:	1a09      	subs	r1, r1, r0
10001d74:	018d      	lsls	r5, r1, #6
10001d76:	1a69      	subs	r1, r5, r1
10001d78:	00c9      	lsls	r1, r1, #3
10001d7a:	1809      	adds	r1, r1, r0
10001d7c:	0189      	lsls	r1, r1, #6
10001d7e:	4640      	mov	r0, r8
10001d80:	f001 fbf0 	bl	10003564 <__wrap___aeabi_uidiv>
10001d84:	9b06      	ldr	r3, [sp, #24]
10001d86:	043f      	lsls	r7, r7, #16
10001d88:	031a      	lsls	r2, r3, #12
10001d8a:	6823      	ldr	r3, [r4, #0]
10001d8c:	4317      	orrs	r7, r2
10001d8e:	2b00      	cmp	r3, #0
10001d90:	db22      	blt.n	10001dd8 <pll_init+0x7c>
10001d92:	4b1a      	ldr	r3, [pc, #104]	; (10001dfc <pll_init+0xa0>)
10001d94:	4d1a      	ldr	r5, [pc, #104]	; (10001e00 <pll_init+0xa4>)
10001d96:	18e2      	adds	r2, r4, r3
10001d98:	4253      	negs	r3, r2
10001d9a:	415a      	adcs	r2, r3
10001d9c:	2380      	movs	r3, #128	; 0x80
10001d9e:	015b      	lsls	r3, r3, #5
10001da0:	469c      	mov	ip, r3
10001da2:	0312      	lsls	r2, r2, #12
10001da4:	4b17      	ldr	r3, [pc, #92]	; (10001e04 <pll_init+0xa8>)
10001da6:	4462      	add	r2, ip
10001da8:	601a      	str	r2, [r3, #0]
10001daa:	4b17      	ldr	r3, [pc, #92]	; (10001e08 <pll_init+0xac>)
10001dac:	601a      	str	r2, [r3, #0]
10001dae:	0011      	movs	r1, r2
10001db0:	68ab      	ldr	r3, [r5, #8]
10001db2:	4399      	bics	r1, r3
10001db4:	d1fb      	bne.n	10001dae <pll_init+0x52>
10001db6:	22c0      	movs	r2, #192	; 0xc0
10001db8:	1d23      	adds	r3, r4, #4
10001dba:	0192      	lsls	r2, r2, #6
10001dbc:	431a      	orrs	r2, r3
10001dbe:	2321      	movs	r3, #33	; 0x21
10001dc0:	6026      	str	r6, [r4, #0]
10001dc2:	60a0      	str	r0, [r4, #8]
10001dc4:	6013      	str	r3, [r2, #0]
10001dc6:	6823      	ldr	r3, [r4, #0]
10001dc8:	2b00      	cmp	r3, #0
10001dca:	dafc      	bge.n	10001dc6 <pll_init+0x6a>
10001dcc:	2308      	movs	r3, #8
10001dce:	60e7      	str	r7, [r4, #12]
10001dd0:	6013      	str	r3, [r2, #0]
10001dd2:	bc80      	pop	{r7}
10001dd4:	46b8      	mov	r8, r7
10001dd6:	bdf0      	pop	{r4, r5, r6, r7, pc}
10001dd8:	233f      	movs	r3, #63	; 0x3f
10001dda:	6822      	ldr	r2, [r4, #0]
10001ddc:	4013      	ands	r3, r2
10001dde:	42b3      	cmp	r3, r6
10001de0:	d1d7      	bne.n	10001d92 <pll_init+0x36>
10001de2:	68a3      	ldr	r3, [r4, #8]
10001de4:	051b      	lsls	r3, r3, #20
10001de6:	0d1b      	lsrs	r3, r3, #20
10001de8:	4283      	cmp	r3, r0
10001dea:	d1d2      	bne.n	10001d92 <pll_init+0x36>
10001dec:	22ee      	movs	r2, #238	; 0xee
10001dee:	68e3      	ldr	r3, [r4, #12]
10001df0:	02d2      	lsls	r2, r2, #11
10001df2:	4013      	ands	r3, r2
10001df4:	42bb      	cmp	r3, r7
10001df6:	d1cc      	bne.n	10001d92 <pll_init+0x36>
10001df8:	e7eb      	b.n	10001dd2 <pll_init+0x76>
10001dfa:	46c0      	nop			; (mov r8, r8)
10001dfc:	bffd4000 	.word	0xbffd4000
10001e00:	4000c000 	.word	0x4000c000
10001e04:	4000e000 	.word	0x4000e000
10001e08:	4000f000 	.word	0x4000f000

10001e0c <watchdog_start_tick>:
10001e0c:	2380      	movs	r3, #128	; 0x80
10001e0e:	4a02      	ldr	r2, [pc, #8]	; (10001e18 <watchdog_start_tick+0xc>)
10001e10:	009b      	lsls	r3, r3, #2
10001e12:	4303      	orrs	r3, r0
10001e14:	62d3      	str	r3, [r2, #44]	; 0x2c
10001e16:	4770      	bx	lr
10001e18:	40058000 	.word	0x40058000

10001e1c <watchdog_reboot>:
10001e1c:	b510      	push	{r4, lr}
10001e1e:	0014      	movs	r4, r2
10001e20:	2280      	movs	r2, #128	; 0x80
10001e22:	4b1b      	ldr	r3, [pc, #108]	; (10001e90 <watchdog_reboot+0x74>)
10001e24:	05d2      	lsls	r2, r2, #23
10001e26:	601a      	str	r2, [r3, #0]
10001e28:	2800      	cmp	r0, #0
10001e2a:	d01a      	beq.n	10001e62 <watchdog_reboot+0x46>
10001e2c:	2301      	movs	r3, #1
10001e2e:	4a19      	ldr	r2, [pc, #100]	; (10001e94 <watchdog_reboot+0x78>)
10001e30:	4318      	orrs	r0, r3
10001e32:	4b19      	ldr	r3, [pc, #100]	; (10001e98 <watchdog_reboot+0x7c>)
10001e34:	61da      	str	r2, [r3, #28]
10001e36:	4a19      	ldr	r2, [pc, #100]	; (10001e9c <watchdog_reboot+0x80>)
10001e38:	4042      	eors	r2, r0
10001e3a:	621a      	str	r2, [r3, #32]
10001e3c:	6259      	str	r1, [r3, #36]	; 0x24
10001e3e:	6298      	str	r0, [r3, #40]	; 0x28
10001e40:	2280      	movs	r2, #128	; 0x80
10001e42:	4b13      	ldr	r3, [pc, #76]	; (10001e90 <watchdog_reboot+0x74>)
10001e44:	05d2      	lsls	r2, r2, #23
10001e46:	601a      	str	r2, [r3, #0]
10001e48:	4915      	ldr	r1, [pc, #84]	; (10001ea0 <watchdog_reboot+0x84>)
10001e4a:	4a16      	ldr	r2, [pc, #88]	; (10001ea4 <watchdog_reboot+0x88>)
10001e4c:	6011      	str	r1, [r2, #0]
10001e4e:	22e0      	movs	r2, #224	; 0xe0
10001e50:	04d2      	lsls	r2, r2, #19
10001e52:	601a      	str	r2, [r3, #0]
10001e54:	2c00      	cmp	r4, #0
10001e56:	d107      	bne.n	10001e68 <watchdog_reboot+0x4c>
10001e58:	2280      	movs	r2, #128	; 0x80
10001e5a:	4b13      	ldr	r3, [pc, #76]	; (10001ea8 <watchdog_reboot+0x8c>)
10001e5c:	0612      	lsls	r2, r2, #24
10001e5e:	601a      	str	r2, [r3, #0]
10001e60:	bd10      	pop	{r4, pc}
10001e62:	4b0d      	ldr	r3, [pc, #52]	; (10001e98 <watchdog_reboot+0x7c>)
10001e64:	61d8      	str	r0, [r3, #28]
10001e66:	e7eb      	b.n	10001e40 <watchdog_reboot+0x24>
10001e68:	0163      	lsls	r3, r4, #5
10001e6a:	1b1b      	subs	r3, r3, r4
10001e6c:	009a      	lsls	r2, r3, #2
10001e6e:	2380      	movs	r3, #128	; 0x80
10001e70:	1912      	adds	r2, r2, r4
10001e72:	0112      	lsls	r2, r2, #4
10001e74:	045b      	lsls	r3, r3, #17
10001e76:	429a      	cmp	r2, r3
10001e78:	d300      	bcc.n	10001e7c <watchdog_reboot+0x60>
10001e7a:	4a0c      	ldr	r2, [pc, #48]	; (10001eac <watchdog_reboot+0x90>)
10001e7c:	4b0c      	ldr	r3, [pc, #48]	; (10001eb0 <watchdog_reboot+0x94>)
10001e7e:	601a      	str	r2, [r3, #0]
10001e80:	4b05      	ldr	r3, [pc, #20]	; (10001e98 <watchdog_reboot+0x7c>)
10001e82:	605a      	str	r2, [r3, #4]
10001e84:	2280      	movs	r2, #128	; 0x80
10001e86:	4b08      	ldr	r3, [pc, #32]	; (10001ea8 <watchdog_reboot+0x8c>)
10001e88:	05d2      	lsls	r2, r2, #23
10001e8a:	601a      	str	r2, [r3, #0]
10001e8c:	e7e8      	b.n	10001e60 <watchdog_reboot+0x44>
10001e8e:	46c0      	nop			; (mov r8, r8)
10001e90:	4005b000 	.word	0x4005b000
10001e94:	b007c0d3 	.word	0xb007c0d3
10001e98:	40058000 	.word	0x40058000
10001e9c:	4ff83f2d 	.word	0x4ff83f2d
10001ea0:	0001fffc 	.word	0x0001fffc
10001ea4:	40012008 	.word	0x40012008
10001ea8:	4005a000 	.word	0x4005a000
10001eac:	00ffffff 	.word	0x00ffffff
10001eb0:	200024f0 	.word	0x200024f0

10001eb4 <xosc_init>:
10001eb4:	23aa      	movs	r3, #170	; 0xaa
10001eb6:	4a06      	ldr	r2, [pc, #24]	; (10001ed0 <xosc_init+0x1c>)
10001eb8:	011b      	lsls	r3, r3, #4
10001eba:	6013      	str	r3, [r2, #0]
10001ebc:	232f      	movs	r3, #47	; 0x2f
10001ebe:	4905      	ldr	r1, [pc, #20]	; (10001ed4 <xosc_init+0x20>)
10001ec0:	60d3      	str	r3, [r2, #12]
10001ec2:	4b05      	ldr	r3, [pc, #20]	; (10001ed8 <xosc_init+0x24>)
10001ec4:	6019      	str	r1, [r3, #0]
10001ec6:	6853      	ldr	r3, [r2, #4]
10001ec8:	2b00      	cmp	r3, #0
10001eca:	dafc      	bge.n	10001ec6 <xosc_init+0x12>
10001ecc:	4770      	bx	lr
10001ece:	46c0      	nop			; (mov r8, r8)
10001ed0:	40024000 	.word	0x40024000
10001ed4:	00fab000 	.word	0x00fab000
10001ed8:	40026000 	.word	0x40026000

10001edc <_out_null>:
10001edc:	4770      	bx	lr
10001ede:	46c0      	nop			; (mov r8, r8)

10001ee0 <_out_rev>:
10001ee0:	b5f8      	push	{r3, r4, r5, r6, r7, lr}
10001ee2:	4657      	mov	r7, sl
10001ee4:	464e      	mov	r6, r9
10001ee6:	4645      	mov	r5, r8
10001ee8:	46de      	mov	lr, fp
10001eea:	b5e0      	push	{r5, r6, r7, lr}
10001eec:	4699      	mov	r9, r3
10001eee:	9b0a      	ldr	r3, [sp, #40]	; 0x28
10001ef0:	0007      	movs	r7, r0
10001ef2:	469a      	mov	sl, r3
10001ef4:	9b0d      	ldr	r3, [sp, #52]	; 0x34
10001ef6:	4688      	mov	r8, r1
10001ef8:	4693      	mov	fp, r2
10001efa:	0015      	movs	r5, r2
10001efc:	9e0b      	ldr	r6, [sp, #44]	; 0x2c
10001efe:	079b      	lsls	r3, r3, #30
10001f00:	d110      	bne.n	10001f24 <_out_rev+0x44>
10001f02:	9b0c      	ldr	r3, [sp, #48]	; 0x30
10001f04:	429e      	cmp	r6, r3
10001f06:	d20d      	bcs.n	10001f24 <_out_rev+0x44>
10001f08:	1b9d      	subs	r5, r3, r6
10001f0a:	0014      	movs	r4, r2
10001f0c:	000e      	movs	r6, r1
10001f0e:	445d      	add	r5, fp
10001f10:	0022      	movs	r2, r4
10001f12:	464b      	mov	r3, r9
10001f14:	3401      	adds	r4, #1
10001f16:	0031      	movs	r1, r6
10001f18:	2020      	movs	r0, #32
10001f1a:	47b8      	blx	r7
10001f1c:	42a5      	cmp	r5, r4
10001f1e:	d1f7      	bne.n	10001f10 <_out_rev+0x30>
10001f20:	46b0      	mov	r8, r6
10001f22:	9e0b      	ldr	r6, [sp, #44]	; 0x2c
10001f24:	2e00      	cmp	r6, #0
10001f26:	d027      	beq.n	10001f78 <_out_rev+0x98>
10001f28:	4644      	mov	r4, r8
10001f2a:	1975      	adds	r5, r6, r5
10001f2c:	4653      	mov	r3, sl
10001f2e:	1baa      	subs	r2, r5, r6
10001f30:	3e01      	subs	r6, #1
10001f32:	5d98      	ldrb	r0, [r3, r6]
10001f34:	0021      	movs	r1, r4
10001f36:	464b      	mov	r3, r9
10001f38:	47b8      	blx	r7
10001f3a:	2e00      	cmp	r6, #0
10001f3c:	d1f6      	bne.n	10001f2c <_out_rev+0x4c>
10001f3e:	0023      	movs	r3, r4
10001f40:	002c      	movs	r4, r5
10001f42:	4698      	mov	r8, r3
10001f44:	9b0d      	ldr	r3, [sp, #52]	; 0x34
10001f46:	079b      	lsls	r3, r3, #30
10001f48:	d50f      	bpl.n	10001f6a <_out_rev+0x8a>
10001f4a:	465b      	mov	r3, fp
10001f4c:	1ae5      	subs	r5, r4, r3
10001f4e:	9b0c      	ldr	r3, [sp, #48]	; 0x30
10001f50:	42ab      	cmp	r3, r5
10001f52:	d90a      	bls.n	10001f6a <_out_rev+0x8a>
10001f54:	4646      	mov	r6, r8
10001f56:	4698      	mov	r8, r3
10001f58:	0022      	movs	r2, r4
10001f5a:	464b      	mov	r3, r9
10001f5c:	0031      	movs	r1, r6
10001f5e:	2020      	movs	r0, #32
10001f60:	3501      	adds	r5, #1
10001f62:	47b8      	blx	r7
10001f64:	3401      	adds	r4, #1
10001f66:	45a8      	cmp	r8, r5
10001f68:	d8f6      	bhi.n	10001f58 <_out_rev+0x78>
10001f6a:	0020      	movs	r0, r4
10001f6c:	bcf0      	pop	{r4, r5, r6, r7}
10001f6e:	46bb      	mov	fp, r7
10001f70:	46b2      	mov	sl, r6
10001f72:	46a9      	mov	r9, r5
10001f74:	46a0      	mov	r8, r4
10001f76:	bdf8      	pop	{r3, r4, r5, r6, r7, pc}
10001f78:	002c      	movs	r4, r5
10001f7a:	e7e3      	b.n	10001f44 <_out_rev+0x64>

10001f7c <_ntoa_format>:
10001f7c:	b5f0      	push	{r4, r5, r6, r7, lr}
10001f7e:	464f      	mov	r7, r9
10001f80:	4646      	mov	r6, r8
10001f82:	46d6      	mov	lr, sl
10001f84:	b5c0      	push	{r6, r7, lr}
10001f86:	b084      	sub	sp, #16
10001f88:	4698      	mov	r8, r3
10001f8a:	ab0e      	add	r3, sp, #56	; 0x38
10001f8c:	781b      	ldrb	r3, [r3, #0]
10001f8e:	9f12      	ldr	r7, [sp, #72]	; 0x48
10001f90:	4699      	mov	r9, r3
10001f92:	4694      	mov	ip, r2
10001f94:	9c0d      	ldr	r4, [sp, #52]	; 0x34
10001f96:	9b10      	ldr	r3, [sp, #64]	; 0x40
10001f98:	9e11      	ldr	r6, [sp, #68]	; 0x44
10001f9a:	07ba      	lsls	r2, r7, #30
10001f9c:	d425      	bmi.n	10001fea <_ntoa_format+0x6e>
10001f9e:	2e00      	cmp	r6, #0
10001fa0:	d14b      	bne.n	1000203a <_ntoa_format+0xbe>
10001fa2:	429c      	cmp	r4, r3
10001fa4:	d300      	bcc.n	10001fa8 <_ntoa_format+0x2c>
10001fa6:	e0bf      	b.n	10002128 <_ntoa_format+0x1ac>
10001fa8:	2201      	movs	r2, #1
10001faa:	403a      	ands	r2, r7
10001fac:	4692      	mov	sl, r2
10001fae:	2c1f      	cmp	r4, #31
10001fb0:	d900      	bls.n	10001fb4 <_ntoa_format+0x38>
10001fb2:	e0b8      	b.n	10002126 <_ntoa_format+0x1aa>
10001fb4:	9a0c      	ldr	r2, [sp, #48]	; 0x30
10001fb6:	1e55      	subs	r5, r2, #1
10001fb8:	2230      	movs	r2, #48	; 0x30
10001fba:	e001      	b.n	10001fc0 <_ntoa_format+0x44>
10001fbc:	2c20      	cmp	r4, #32
10001fbe:	d003      	beq.n	10001fc8 <_ntoa_format+0x4c>
10001fc0:	3401      	adds	r4, #1
10001fc2:	552a      	strb	r2, [r5, r4]
10001fc4:	42a3      	cmp	r3, r4
10001fc6:	d8f9      	bhi.n	10001fbc <_ntoa_format+0x40>
10001fc8:	4652      	mov	r2, sl
10001fca:	2a00      	cmp	r2, #0
10001fcc:	d00d      	beq.n	10001fea <_ntoa_format+0x6e>
10001fce:	42a6      	cmp	r6, r4
10001fd0:	d90b      	bls.n	10001fea <_ntoa_format+0x6e>
10001fd2:	2c20      	cmp	r4, #32
10001fd4:	d044      	beq.n	10002060 <_ntoa_format+0xe4>
10001fd6:	9a0c      	ldr	r2, [sp, #48]	; 0x30
10001fd8:	1e55      	subs	r5, r2, #1
10001fda:	2230      	movs	r2, #48	; 0x30
10001fdc:	e001      	b.n	10001fe2 <_ntoa_format+0x66>
10001fde:	2c20      	cmp	r4, #32
10001fe0:	d03e      	beq.n	10002060 <_ntoa_format+0xe4>
10001fe2:	3401      	adds	r4, #1
10001fe4:	552a      	strb	r2, [r5, r4]
10001fe6:	42b4      	cmp	r4, r6
10001fe8:	d1f9      	bne.n	10001fde <_ntoa_format+0x62>
10001fea:	06fa      	lsls	r2, r7, #27
10001fec:	d54d      	bpl.n	1000208a <_ntoa_format+0x10e>
10001fee:	057a      	lsls	r2, r7, #21
10001ff0:	d43f      	bmi.n	10002072 <_ntoa_format+0xf6>
10001ff2:	2c00      	cmp	r4, #0
10001ff4:	d139      	bne.n	1000206a <_ntoa_format+0xee>
10001ff6:	9b0f      	ldr	r3, [sp, #60]	; 0x3c
10001ff8:	2b10      	cmp	r3, #16
10001ffa:	d100      	bne.n	10001ffe <_ntoa_format+0x82>
10001ffc:	e079      	b.n	100020f2 <_ntoa_format+0x176>
10001ffe:	9b0f      	ldr	r3, [sp, #60]	; 0x3c
10002000:	2b02      	cmp	r3, #2
10002002:	d100      	bne.n	10002006 <_ntoa_format+0x8a>
10002004:	e08a      	b.n	1000211c <_ntoa_format+0x1a0>
10002006:	2330      	movs	r3, #48	; 0x30
10002008:	9a0c      	ldr	r2, [sp, #48]	; 0x30
1000200a:	2401      	movs	r4, #1
1000200c:	7013      	strb	r3, [r2, #0]
1000200e:	464b      	mov	r3, r9
10002010:	2b00      	cmp	r3, #0
10002012:	d03f      	beq.n	10002094 <_ntoa_format+0x118>
10002014:	232d      	movs	r3, #45	; 0x2d
10002016:	9a0c      	ldr	r2, [sp, #48]	; 0x30
10002018:	5513      	strb	r3, [r2, r4]
1000201a:	3401      	adds	r4, #1
1000201c:	9b0c      	ldr	r3, [sp, #48]	; 0x30
1000201e:	4662      	mov	r2, ip
10002020:	9300      	str	r3, [sp, #0]
10002022:	9703      	str	r7, [sp, #12]
10002024:	4643      	mov	r3, r8
10002026:	9602      	str	r6, [sp, #8]
10002028:	9401      	str	r4, [sp, #4]
1000202a:	f7ff ff59 	bl	10001ee0 <_out_rev>
1000202e:	b004      	add	sp, #16
10002030:	bce0      	pop	{r5, r6, r7}
10002032:	46ba      	mov	sl, r7
10002034:	46b1      	mov	r9, r6
10002036:	46a8      	mov	r8, r5
10002038:	bdf0      	pop	{r4, r5, r6, r7, pc}
1000203a:	2201      	movs	r2, #1
1000203c:	0015      	movs	r5, r2
1000203e:	403d      	ands	r5, r7
10002040:	46aa      	mov	sl, r5
10002042:	423a      	tst	r2, r7
10002044:	d02f      	beq.n	100020a6 <_ntoa_format+0x12a>
10002046:	464a      	mov	r2, r9
10002048:	2a00      	cmp	r2, #0
1000204a:	d102      	bne.n	10002052 <_ntoa_format+0xd6>
1000204c:	320c      	adds	r2, #12
1000204e:	423a      	tst	r2, r7
10002050:	d000      	beq.n	10002054 <_ntoa_format+0xd8>
10002052:	3e01      	subs	r6, #1
10002054:	429c      	cmp	r4, r3
10002056:	d2ba      	bcs.n	10001fce <_ntoa_format+0x52>
10002058:	2c1f      	cmp	r4, #31
1000205a:	d9ab      	bls.n	10001fb4 <_ntoa_format+0x38>
1000205c:	2e20      	cmp	r6, #32
1000205e:	d927      	bls.n	100020b0 <_ntoa_format+0x134>
10002060:	2420      	movs	r4, #32
10002062:	06fa      	lsls	r2, r7, #27
10002064:	d5da      	bpl.n	1000201c <_ntoa_format+0xa0>
10002066:	057a      	lsls	r2, r7, #21
10002068:	d403      	bmi.n	10002072 <_ntoa_format+0xf6>
1000206a:	42a3      	cmp	r3, r4
1000206c:	d02d      	beq.n	100020ca <_ntoa_format+0x14e>
1000206e:	42a6      	cmp	r6, r4
10002070:	d02b      	beq.n	100020ca <_ntoa_format+0x14e>
10002072:	9b0f      	ldr	r3, [sp, #60]	; 0x3c
10002074:	2b10      	cmp	r3, #16
10002076:	d032      	beq.n	100020de <_ntoa_format+0x162>
10002078:	2b02      	cmp	r3, #2
1000207a:	d020      	beq.n	100020be <_ntoa_format+0x142>
1000207c:	2c20      	cmp	r4, #32
1000207e:	d0cd      	beq.n	1000201c <_ntoa_format+0xa0>
10002080:	2230      	movs	r2, #48	; 0x30
10002082:	9b0c      	ldr	r3, [sp, #48]	; 0x30
10002084:	191b      	adds	r3, r3, r4
10002086:	701a      	strb	r2, [r3, #0]
10002088:	3401      	adds	r4, #1
1000208a:	2c20      	cmp	r4, #32
1000208c:	d0c6      	beq.n	1000201c <_ntoa_format+0xa0>
1000208e:	464b      	mov	r3, r9
10002090:	2b00      	cmp	r3, #0
10002092:	d1bf      	bne.n	10002014 <_ntoa_format+0x98>
10002094:	077b      	lsls	r3, r7, #29
10002096:	d40d      	bmi.n	100020b4 <_ntoa_format+0x138>
10002098:	073b      	lsls	r3, r7, #28
1000209a:	d5bf      	bpl.n	1000201c <_ntoa_format+0xa0>
1000209c:	2320      	movs	r3, #32
1000209e:	9a0c      	ldr	r2, [sp, #48]	; 0x30
100020a0:	5513      	strb	r3, [r2, r4]
100020a2:	3401      	adds	r4, #1
100020a4:	e7ba      	b.n	1000201c <_ntoa_format+0xa0>
100020a6:	429c      	cmp	r4, r3
100020a8:	d29f      	bcs.n	10001fea <_ntoa_format+0x6e>
100020aa:	2c1f      	cmp	r4, #31
100020ac:	d800      	bhi.n	100020b0 <_ntoa_format+0x134>
100020ae:	e781      	b.n	10001fb4 <_ntoa_format+0x38>
100020b0:	2420      	movs	r4, #32
100020b2:	e79a      	b.n	10001fea <_ntoa_format+0x6e>
100020b4:	232b      	movs	r3, #43	; 0x2b
100020b6:	9a0c      	ldr	r2, [sp, #48]	; 0x30
100020b8:	5513      	strb	r3, [r2, r4]
100020ba:	3401      	adds	r4, #1
100020bc:	e7ae      	b.n	1000201c <_ntoa_format+0xa0>
100020be:	2c20      	cmp	r4, #32
100020c0:	d0ac      	beq.n	1000201c <_ntoa_format+0xa0>
100020c2:	9b0c      	ldr	r3, [sp, #48]	; 0x30
100020c4:	191b      	adds	r3, r3, r4
100020c6:	3401      	adds	r4, #1
100020c8:	e03a      	b.n	10002140 <_ntoa_format+0x1c4>
100020ca:	1e63      	subs	r3, r4, #1
100020cc:	2c01      	cmp	r4, #1
100020ce:	d092      	beq.n	10001ff6 <_ntoa_format+0x7a>
100020d0:	9a0f      	ldr	r2, [sp, #60]	; 0x3c
100020d2:	2a10      	cmp	r2, #16
100020d4:	d02a      	beq.n	1000212c <_ntoa_format+0x1b0>
100020d6:	2a02      	cmp	r2, #2
100020d8:	d02f      	beq.n	1000213a <_ntoa_format+0x1be>
100020da:	001c      	movs	r4, r3
100020dc:	e7d0      	b.n	10002080 <_ntoa_format+0x104>
100020de:	06bb      	lsls	r3, r7, #26
100020e0:	d40e      	bmi.n	10002100 <_ntoa_format+0x184>
100020e2:	2c20      	cmp	r4, #32
100020e4:	d09a      	beq.n	1000201c <_ntoa_format+0xa0>
100020e6:	9b0c      	ldr	r3, [sp, #48]	; 0x30
100020e8:	191a      	adds	r2, r3, r4
100020ea:	3401      	adds	r4, #1
100020ec:	2378      	movs	r3, #120	; 0x78
100020ee:	7013      	strb	r3, [r2, #0]
100020f0:	e7c4      	b.n	1000207c <_ntoa_format+0x100>
100020f2:	06bb      	lsls	r3, r7, #26
100020f4:	d40d      	bmi.n	10002112 <_ntoa_format+0x196>
100020f6:	2378      	movs	r3, #120	; 0x78
100020f8:	9a0c      	ldr	r2, [sp, #48]	; 0x30
100020fa:	2401      	movs	r4, #1
100020fc:	7013      	strb	r3, [r2, #0]
100020fe:	e7bf      	b.n	10002080 <_ntoa_format+0x104>
10002100:	2c20      	cmp	r4, #32
10002102:	d100      	bne.n	10002106 <_ntoa_format+0x18a>
10002104:	e78a      	b.n	1000201c <_ntoa_format+0xa0>
10002106:	2258      	movs	r2, #88	; 0x58
10002108:	9b0c      	ldr	r3, [sp, #48]	; 0x30
1000210a:	191b      	adds	r3, r3, r4
1000210c:	701a      	strb	r2, [r3, #0]
1000210e:	3401      	adds	r4, #1
10002110:	e7b4      	b.n	1000207c <_ntoa_format+0x100>
10002112:	2358      	movs	r3, #88	; 0x58
10002114:	9a0c      	ldr	r2, [sp, #48]	; 0x30
10002116:	2401      	movs	r4, #1
10002118:	7013      	strb	r3, [r2, #0]
1000211a:	e7b1      	b.n	10002080 <_ntoa_format+0x104>
1000211c:	9a0c      	ldr	r2, [sp, #48]	; 0x30
1000211e:	3360      	adds	r3, #96	; 0x60
10002120:	2401      	movs	r4, #1
10002122:	7013      	strb	r3, [r2, #0]
10002124:	e7ac      	b.n	10002080 <_ntoa_format+0x104>
10002126:	2420      	movs	r4, #32
10002128:	2600      	movs	r6, #0
1000212a:	e75e      	b.n	10001fea <_ntoa_format+0x6e>
1000212c:	3c02      	subs	r4, #2
1000212e:	06ba      	lsls	r2, r7, #26
10002130:	d4e9      	bmi.n	10002106 <_ntoa_format+0x18a>
10002132:	9a0c      	ldr	r2, [sp, #48]	; 0x30
10002134:	1912      	adds	r2, r2, r4
10002136:	001c      	movs	r4, r3
10002138:	e7d8      	b.n	100020ec <_ntoa_format+0x170>
1000213a:	9a0c      	ldr	r2, [sp, #48]	; 0x30
1000213c:	4692      	mov	sl, r2
1000213e:	4453      	add	r3, sl
10002140:	2262      	movs	r2, #98	; 0x62
10002142:	701a      	strb	r2, [r3, #0]
10002144:	e79a      	b.n	1000207c <_ntoa_format+0x100>
10002146:	46c0      	nop			; (mov r8, r8)

10002148 <_out_char>:
10002148:	b510      	push	{r4, lr}
1000214a:	2800      	cmp	r0, #0
1000214c:	d100      	bne.n	10002150 <_out_char+0x8>
1000214e:	bd10      	pop	{r4, pc}
10002150:	f001 fefc 	bl	10003f4c <__wrap_putchar>
10002154:	e7fb      	b.n	1000214e <_out_char+0x6>
10002156:	46c0      	nop			; (mov r8, r8)

10002158 <_out_fct>:
10002158:	000b      	movs	r3, r1
1000215a:	b510      	push	{r4, lr}
1000215c:	2800      	cmp	r0, #0
1000215e:	d002      	beq.n	10002166 <_out_fct+0xe>
10002160:	6849      	ldr	r1, [r1, #4]
10002162:	681b      	ldr	r3, [r3, #0]
10002164:	4798      	blx	r3
10002166:	bd10      	pop	{r4, pc}

10002168 <_etoa>:
10002168:	b5f0      	push	{r4, r5, r6, r7, lr}
1000216a:	46de      	mov	lr, fp
1000216c:	4657      	mov	r7, sl
1000216e:	464e      	mov	r6, r9
10002170:	4645      	mov	r5, r8
10002172:	b5e0      	push	{r5, r6, r7, lr}
10002174:	b09b      	sub	sp, #108	; 0x6c
10002176:	469b      	mov	fp, r3
10002178:	9b24      	ldr	r3, [sp, #144]	; 0x90
1000217a:	4689      	mov	r9, r1
1000217c:	4698      	mov	r8, r3
1000217e:	9b25      	ldr	r3, [sp, #148]	; 0x94
10002180:	900b      	str	r0, [sp, #44]	; 0x2c
10002182:	920c      	str	r2, [sp, #48]	; 0x30
10002184:	4640      	mov	r0, r8
10002186:	4642      	mov	r2, r8
10002188:	0019      	movs	r1, r3
1000218a:	469a      	mov	sl, r3
1000218c:	f001 fcab 	bl	10003ae6 <__wrap___aeabi_dcmpun>
10002190:	2800      	cmp	r0, #0
10002192:	d000      	beq.n	10002196 <_etoa+0x2e>
10002194:	e0d8      	b.n	10002348 <_etoa+0x1e0>
10002196:	2201      	movs	r2, #1
10002198:	4640      	mov	r0, r8
1000219a:	4651      	mov	r1, sl
1000219c:	4b77      	ldr	r3, [pc, #476]	; (1000237c <_etoa+0x214>)
1000219e:	4252      	negs	r2, r2
100021a0:	f001 fc9c 	bl	10003adc <__wrap___aeabi_dcmpgt>
100021a4:	2800      	cmp	r0, #0
100021a6:	d000      	beq.n	100021aa <_etoa+0x42>
100021a8:	e0ce      	b.n	10002348 <_etoa+0x1e0>
100021aa:	2201      	movs	r2, #1
100021ac:	4640      	mov	r0, r8
100021ae:	4651      	mov	r1, sl
100021b0:	4b73      	ldr	r3, [pc, #460]	; (10002380 <_etoa+0x218>)
100021b2:	4252      	negs	r2, r2
100021b4:	f001 fc7c 	bl	10003ab0 <__wrap___aeabi_dcmplt>
100021b8:	2800      	cmp	r0, #0
100021ba:	d000      	beq.n	100021be <_etoa+0x56>
100021bc:	e0c4      	b.n	10002348 <_etoa+0x1e0>
100021be:	2200      	movs	r2, #0
100021c0:	2300      	movs	r3, #0
100021c2:	4640      	mov	r0, r8
100021c4:	4651      	mov	r1, sl
100021c6:	f001 fc73 	bl	10003ab0 <__wrap___aeabi_dcmplt>
100021ca:	2800      	cmp	r0, #0
100021cc:	d000      	beq.n	100021d0 <_etoa+0x68>
100021ce:	e1b9      	b.n	10002544 <_etoa+0x3dc>
100021d0:	4642      	mov	r2, r8
100021d2:	4653      	mov	r3, sl
100021d4:	920a      	str	r2, [sp, #40]	; 0x28
100021d6:	9309      	str	r3, [sp, #36]	; 0x24
100021d8:	2380      	movs	r3, #128	; 0x80
100021da:	9a28      	ldr	r2, [sp, #160]	; 0xa0
100021dc:	00db      	lsls	r3, r3, #3
100021de:	401a      	ands	r2, r3
100021e0:	920e      	str	r2, [sp, #56]	; 0x38
100021e2:	9a28      	ldr	r2, [sp, #160]	; 0xa0
100021e4:	421a      	tst	r2, r3
100021e6:	d101      	bne.n	100021ec <_etoa+0x84>
100021e8:	2306      	movs	r3, #6
100021ea:	9326      	str	r3, [sp, #152]	; 0x98
100021ec:	9a0a      	ldr	r2, [sp, #40]	; 0x28
100021ee:	9b09      	ldr	r3, [sp, #36]	; 0x24
100021f0:	0016      	movs	r6, r2
100021f2:	4313      	orrs	r3, r2
100021f4:	d000      	beq.n	100021f8 <_etoa+0x90>
100021f6:	e0c7      	b.n	10002388 <_etoa+0x220>
100021f8:	9b28      	ldr	r3, [sp, #160]	; 0xa0
100021fa:	2500      	movs	r5, #0
100021fc:	2600      	movs	r6, #0
100021fe:	051b      	lsls	r3, r3, #20
10002200:	d400      	bmi.n	10002204 <_etoa+0x9c>
10002202:	e19b      	b.n	1000253c <_etoa+0x3d4>
10002204:	2300      	movs	r3, #0
10002206:	930d      	str	r3, [sp, #52]	; 0x34
10002208:	9a26      	ldr	r2, [sp, #152]	; 0x98
1000220a:	9b0d      	ldr	r3, [sp, #52]	; 0x34
1000220c:	429a      	cmp	r2, r3
1000220e:	dc00      	bgt.n	10002212 <_etoa+0xaa>
10002210:	e19f      	b.n	10002552 <_etoa+0x3ea>
10002212:	1ad0      	subs	r0, r2, r3
10002214:	1e43      	subs	r3, r0, #1
10002216:	9326      	str	r3, [sp, #152]	; 0x98
10002218:	2380      	movs	r3, #128	; 0x80
1000221a:	9a28      	ldr	r2, [sp, #160]	; 0xa0
1000221c:	00db      	lsls	r3, r3, #3
1000221e:	431a      	orrs	r2, r3
10002220:	2300      	movs	r3, #0
10002222:	2700      	movs	r7, #0
10002224:	9228      	str	r2, [sp, #160]	; 0xa0
10002226:	930d      	str	r3, [sp, #52]	; 0x34
10002228:	9b27      	ldr	r3, [sp, #156]	; 0x9c
1000222a:	2400      	movs	r4, #0
1000222c:	42bb      	cmp	r3, r7
1000222e:	d900      	bls.n	10002232 <_etoa+0xca>
10002230:	1bdc      	subs	r4, r3, r7
10002232:	2302      	movs	r3, #2
10002234:	9a28      	ldr	r2, [sp, #160]	; 0xa0
10002236:	401a      	ands	r2, r3
10002238:	920e      	str	r2, [sp, #56]	; 0x38
1000223a:	9a28      	ldr	r2, [sp, #160]	; 0xa0
1000223c:	4213      	tst	r3, r2
1000223e:	d003      	beq.n	10002248 <_etoa+0xe0>
10002240:	427b      	negs	r3, r7
10002242:	417b      	adcs	r3, r7
10002244:	425b      	negs	r3, r3
10002246:	401c      	ands	r4, r3
10002248:	9b0d      	ldr	r3, [sp, #52]	; 0x34
1000224a:	2b00      	cmp	r3, #0
1000224c:	d007      	beq.n	1000225e <_etoa+0xf6>
1000224e:	980a      	ldr	r0, [sp, #40]	; 0x28
10002250:	9909      	ldr	r1, [sp, #36]	; 0x24
10002252:	002a      	movs	r2, r5
10002254:	0033      	movs	r3, r6
10002256:	f001 fbd2 	bl	100039fe <__wrap___aeabi_ddiv>
1000225a:	900a      	str	r0, [sp, #40]	; 0x28
1000225c:	9109      	str	r1, [sp, #36]	; 0x24
1000225e:	2200      	movs	r2, #0
10002260:	2300      	movs	r3, #0
10002262:	4640      	mov	r0, r8
10002264:	4651      	mov	r1, sl
10002266:	f001 fc23 	bl	10003ab0 <__wrap___aeabi_dcmplt>
1000226a:	2800      	cmp	r0, #0
1000226c:	d005      	beq.n	1000227a <_etoa+0x112>
1000226e:	2080      	movs	r0, #128	; 0x80
10002270:	0600      	lsls	r0, r0, #24
10002272:	4684      	mov	ip, r0
10002274:	9909      	ldr	r1, [sp, #36]	; 0x24
10002276:	4461      	add	r1, ip
10002278:	9109      	str	r1, [sp, #36]	; 0x24
1000227a:	9a28      	ldr	r2, [sp, #160]	; 0xa0
1000227c:	4b41      	ldr	r3, [pc, #260]	; (10002384 <_etoa+0x21c>)
1000227e:	9d0b      	ldr	r5, [sp, #44]	; 0x2c
10002280:	4013      	ands	r3, r2
10002282:	9304      	str	r3, [sp, #16]
10002284:	9b26      	ldr	r3, [sp, #152]	; 0x98
10002286:	9a0a      	ldr	r2, [sp, #40]	; 0x28
10002288:	9302      	str	r3, [sp, #8]
1000228a:	9b09      	ldr	r3, [sp, #36]	; 0x24
1000228c:	9403      	str	r4, [sp, #12]
1000228e:	9200      	str	r2, [sp, #0]
10002290:	9301      	str	r3, [sp, #4]
10002292:	4649      	mov	r1, r9
10002294:	465b      	mov	r3, fp
10002296:	0028      	movs	r0, r5
10002298:	9a0c      	ldr	r2, [sp, #48]	; 0x30
1000229a:	f000 f98b 	bl	100025b4 <_ftoa>
1000229e:	0004      	movs	r4, r0
100022a0:	2f00      	cmp	r7, #0
100022a2:	d062      	beq.n	1000236a <_etoa+0x202>
100022a4:	9b28      	ldr	r3, [sp, #160]	; 0xa0
100022a6:	0022      	movs	r2, r4
100022a8:	0698      	lsls	r0, r3, #26
100022aa:	231f      	movs	r3, #31
100022ac:	17c0      	asrs	r0, r0, #31
100022ae:	4398      	bics	r0, r3
100022b0:	1c63      	adds	r3, r4, #1
100022b2:	4698      	mov	r8, r3
100022b4:	4649      	mov	r1, r9
100022b6:	465b      	mov	r3, fp
100022b8:	3065      	adds	r0, #101	; 0x65
100022ba:	47a8      	blx	r5
100022bc:	9b0d      	ldr	r3, [sp, #52]	; 0x34
100022be:	2500      	movs	r5, #0
100022c0:	17da      	asrs	r2, r3, #31
100022c2:	189c      	adds	r4, r3, r2
100022c4:	0fdb      	lsrs	r3, r3, #31
100022c6:	469a      	mov	sl, r3
100022c8:	4054      	eors	r4, r2
100022ca:	3f01      	subs	r7, #1
100022cc:	e001      	b.n	100022d2 <_etoa+0x16a>
100022ce:	2d20      	cmp	r5, #32
100022d0:	d013      	beq.n	100022fa <_etoa+0x192>
100022d2:	aa0a      	add	r2, sp, #40	; 0x28
100022d4:	4694      	mov	ip, r2
100022d6:	231f      	movs	r3, #31
100022d8:	0020      	movs	r0, r4
100022da:	4463      	add	r3, ip
100022dc:	210a      	movs	r1, #10
100022de:	3501      	adds	r5, #1
100022e0:	195e      	adds	r6, r3, r5
100022e2:	f001 f93f 	bl	10003564 <__wrap___aeabi_uidiv>
100022e6:	3130      	adds	r1, #48	; 0x30
100022e8:	7031      	strb	r1, [r6, #0]
100022ea:	0020      	movs	r0, r4
100022ec:	210a      	movs	r1, #10
100022ee:	f001 f939 	bl	10003564 <__wrap___aeabi_uidiv>
100022f2:	0026      	movs	r6, r4
100022f4:	0004      	movs	r4, r0
100022f6:	2e09      	cmp	r6, #9
100022f8:	d8e9      	bhi.n	100022ce <_etoa+0x166>
100022fa:	2305      	movs	r3, #5
100022fc:	9306      	str	r3, [sp, #24]
100022fe:	2300      	movs	r3, #0
10002300:	9304      	str	r3, [sp, #16]
10002302:	330a      	adds	r3, #10
10002304:	9303      	str	r3, [sp, #12]
10002306:	4653      	mov	r3, sl
10002308:	9705      	str	r7, [sp, #20]
1000230a:	9f0b      	ldr	r7, [sp, #44]	; 0x2c
1000230c:	9302      	str	r3, [sp, #8]
1000230e:	ab12      	add	r3, sp, #72	; 0x48
10002310:	9300      	str	r3, [sp, #0]
10002312:	4642      	mov	r2, r8
10002314:	465b      	mov	r3, fp
10002316:	4649      	mov	r1, r9
10002318:	0038      	movs	r0, r7
1000231a:	9501      	str	r5, [sp, #4]
1000231c:	f7ff fe2e 	bl	10001f7c <_ntoa_format>
10002320:	9b0e      	ldr	r3, [sp, #56]	; 0x38
10002322:	0004      	movs	r4, r0
10002324:	2b00      	cmp	r3, #0
10002326:	d020      	beq.n	1000236a <_etoa+0x202>
10002328:	9b0c      	ldr	r3, [sp, #48]	; 0x30
1000232a:	1ac5      	subs	r5, r0, r3
1000232c:	9b27      	ldr	r3, [sp, #156]	; 0x9c
1000232e:	42ab      	cmp	r3, r5
10002330:	d91b      	bls.n	1000236a <_etoa+0x202>
10002332:	001e      	movs	r6, r3
10002334:	0022      	movs	r2, r4
10002336:	465b      	mov	r3, fp
10002338:	4649      	mov	r1, r9
1000233a:	2020      	movs	r0, #32
1000233c:	3501      	adds	r5, #1
1000233e:	47b8      	blx	r7
10002340:	3401      	adds	r4, #1
10002342:	42ae      	cmp	r6, r5
10002344:	d8f6      	bhi.n	10002334 <_etoa+0x1cc>
10002346:	e010      	b.n	1000236a <_etoa+0x202>
10002348:	9b28      	ldr	r3, [sp, #160]	; 0xa0
1000234a:	4642      	mov	r2, r8
1000234c:	9304      	str	r3, [sp, #16]
1000234e:	9b27      	ldr	r3, [sp, #156]	; 0x9c
10002350:	4649      	mov	r1, r9
10002352:	9303      	str	r3, [sp, #12]
10002354:	9b26      	ldr	r3, [sp, #152]	; 0x98
10002356:	980b      	ldr	r0, [sp, #44]	; 0x2c
10002358:	9302      	str	r3, [sp, #8]
1000235a:	4653      	mov	r3, sl
1000235c:	9200      	str	r2, [sp, #0]
1000235e:	9301      	str	r3, [sp, #4]
10002360:	465b      	mov	r3, fp
10002362:	9a0c      	ldr	r2, [sp, #48]	; 0x30
10002364:	f000 f926 	bl	100025b4 <_ftoa>
10002368:	0004      	movs	r4, r0
1000236a:	0020      	movs	r0, r4
1000236c:	b01b      	add	sp, #108	; 0x6c
1000236e:	bcf0      	pop	{r4, r5, r6, r7}
10002370:	46bb      	mov	fp, r7
10002372:	46b2      	mov	sl, r6
10002374:	46a9      	mov	r9, r5
10002376:	46a0      	mov	r8, r4
10002378:	bdf0      	pop	{r4, r5, r6, r7, pc}
1000237a:	46c0      	nop			; (mov r8, r8)
1000237c:	7fefffff 	.word	0x7fefffff
10002380:	ffefffff 	.word	0xffefffff
10002384:	fffff7ff 	.word	0xfffff7ff
10002388:	4b73      	ldr	r3, [pc, #460]	; (10002558 <_etoa+0x3f0>)
1000238a:	9f09      	ldr	r7, [sp, #36]	; 0x24
1000238c:	469c      	mov	ip, r3
1000238e:	0078      	lsls	r0, r7, #1
10002390:	0d40      	lsrs	r0, r0, #21
10002392:	4460      	add	r0, ip
10002394:	f001 fbba 	bl	10003b0c <__wrap___aeabi_i2d>
10002398:	4a70      	ldr	r2, [pc, #448]	; (1000255c <_etoa+0x3f4>)
1000239a:	4b71      	ldr	r3, [pc, #452]	; (10002560 <_etoa+0x3f8>)
1000239c:	f001 fb49 	bl	10003a32 <__wrap___aeabi_dmul>
100023a0:	4a70      	ldr	r2, [pc, #448]	; (10002564 <_etoa+0x3fc>)
100023a2:	4b71      	ldr	r3, [pc, #452]	; (10002568 <_etoa+0x400>)
100023a4:	f001 fb26 	bl	100039f4 <__wrap___aeabi_dadd>
100023a8:	033b      	lsls	r3, r7, #12
100023aa:	4a70      	ldr	r2, [pc, #448]	; (1000256c <_etoa+0x404>)
100023ac:	0b1b      	lsrs	r3, r3, #12
100023ae:	431a      	orrs	r2, r3
100023b0:	0004      	movs	r4, r0
100023b2:	000d      	movs	r5, r1
100023b4:	0030      	movs	r0, r6
100023b6:	0011      	movs	r1, r2
100023b8:	4b6d      	ldr	r3, [pc, #436]	; (10002570 <_etoa+0x408>)
100023ba:	2200      	movs	r2, #0
100023bc:	f001 fb15 	bl	100039ea <__wrap___aeabi_dsub>
100023c0:	4a6c      	ldr	r2, [pc, #432]	; (10002574 <_etoa+0x40c>)
100023c2:	4b6d      	ldr	r3, [pc, #436]	; (10002578 <_etoa+0x410>)
100023c4:	f001 fb35 	bl	10003a32 <__wrap___aeabi_dmul>
100023c8:	0002      	movs	r2, r0
100023ca:	000b      	movs	r3, r1
100023cc:	0020      	movs	r0, r4
100023ce:	0029      	movs	r1, r5
100023d0:	f001 fb10 	bl	100039f4 <__wrap___aeabi_dadd>
100023d4:	f001 fbb2 	bl	10003b3c <__wrap___aeabi_d2iz>
100023d8:	900d      	str	r0, [sp, #52]	; 0x34
100023da:	f001 fb97 	bl	10003b0c <__wrap___aeabi_i2d>
100023de:	4a67      	ldr	r2, [pc, #412]	; (1000257c <_etoa+0x414>)
100023e0:	4b67      	ldr	r3, [pc, #412]	; (10002580 <_etoa+0x418>)
100023e2:	0004      	movs	r4, r0
100023e4:	000d      	movs	r5, r1
100023e6:	f001 fb24 	bl	10003a32 <__wrap___aeabi_dmul>
100023ea:	2200      	movs	r2, #0
100023ec:	4b65      	ldr	r3, [pc, #404]	; (10002584 <_etoa+0x41c>)
100023ee:	f001 fb01 	bl	100039f4 <__wrap___aeabi_dadd>
100023f2:	f001 fba3 	bl	10003b3c <__wrap___aeabi_d2iz>
100023f6:	4a64      	ldr	r2, [pc, #400]	; (10002588 <_etoa+0x420>)
100023f8:	0006      	movs	r6, r0
100023fa:	4b64      	ldr	r3, [pc, #400]	; (1000258c <_etoa+0x424>)
100023fc:	0020      	movs	r0, r4
100023fe:	0029      	movs	r1, r5
10002400:	f001 fb17 	bl	10003a32 <__wrap___aeabi_dmul>
10002404:	0004      	movs	r4, r0
10002406:	0030      	movs	r0, r6
10002408:	000d      	movs	r5, r1
1000240a:	960f      	str	r6, [sp, #60]	; 0x3c
1000240c:	f001 fb7e 	bl	10003b0c <__wrap___aeabi_i2d>
10002410:	4a5f      	ldr	r2, [pc, #380]	; (10002590 <_etoa+0x428>)
10002412:	4b60      	ldr	r3, [pc, #384]	; (10002594 <_etoa+0x42c>)
10002414:	f001 fb0d 	bl	10003a32 <__wrap___aeabi_dmul>
10002418:	0002      	movs	r2, r0
1000241a:	000b      	movs	r3, r1
1000241c:	0020      	movs	r0, r4
1000241e:	0029      	movs	r1, r5
10002420:	f001 fae3 	bl	100039ea <__wrap___aeabi_dsub>
10002424:	0002      	movs	r2, r0
10002426:	000b      	movs	r3, r1
10002428:	0006      	movs	r6, r0
1000242a:	000f      	movs	r7, r1
1000242c:	f001 fb01 	bl	10003a32 <__wrap___aeabi_dmul>
10002430:	0032      	movs	r2, r6
10002432:	0004      	movs	r4, r0
10002434:	000d      	movs	r5, r1
10002436:	003b      	movs	r3, r7
10002438:	0030      	movs	r0, r6
1000243a:	0039      	movs	r1, r7
1000243c:	f001 fada 	bl	100039f4 <__wrap___aeabi_dadd>
10002440:	2200      	movs	r2, #0
10002442:	9010      	str	r0, [sp, #64]	; 0x40
10002444:	9111      	str	r1, [sp, #68]	; 0x44
10002446:	4b54      	ldr	r3, [pc, #336]	; (10002598 <_etoa+0x430>)
10002448:	0020      	movs	r0, r4
1000244a:	0029      	movs	r1, r5
1000244c:	f001 fad7 	bl	100039fe <__wrap___aeabi_ddiv>
10002450:	2200      	movs	r2, #0
10002452:	4b52      	ldr	r3, [pc, #328]	; (1000259c <_etoa+0x434>)
10002454:	f001 face 	bl	100039f4 <__wrap___aeabi_dadd>
10002458:	0002      	movs	r2, r0
1000245a:	000b      	movs	r3, r1
1000245c:	0020      	movs	r0, r4
1000245e:	0029      	movs	r1, r5
10002460:	f001 facd 	bl	100039fe <__wrap___aeabi_ddiv>
10002464:	2200      	movs	r2, #0
10002466:	4b4e      	ldr	r3, [pc, #312]	; (100025a0 <_etoa+0x438>)
10002468:	f001 fac4 	bl	100039f4 <__wrap___aeabi_dadd>
1000246c:	0002      	movs	r2, r0
1000246e:	000b      	movs	r3, r1
10002470:	0020      	movs	r0, r4
10002472:	0029      	movs	r1, r5
10002474:	f001 fac3 	bl	100039fe <__wrap___aeabi_ddiv>
10002478:	000d      	movs	r5, r1
1000247a:	2180      	movs	r1, #128	; 0x80
1000247c:	0004      	movs	r4, r0
1000247e:	0032      	movs	r2, r6
10002480:	003b      	movs	r3, r7
10002482:	2000      	movs	r0, #0
10002484:	05c9      	lsls	r1, r1, #23
10002486:	f001 fab0 	bl	100039ea <__wrap___aeabi_dsub>
1000248a:	0002      	movs	r2, r0
1000248c:	000b      	movs	r3, r1
1000248e:	0020      	movs	r0, r4
10002490:	0029      	movs	r1, r5
10002492:	f001 faaf 	bl	100039f4 <__wrap___aeabi_dadd>
10002496:	0002      	movs	r2, r0
10002498:	000b      	movs	r3, r1
1000249a:	9810      	ldr	r0, [sp, #64]	; 0x40
1000249c:	9911      	ldr	r1, [sp, #68]	; 0x44
1000249e:	f001 faae 	bl	100039fe <__wrap___aeabi_ddiv>
100024a2:	2200      	movs	r2, #0
100024a4:	4b31      	ldr	r3, [pc, #196]	; (1000256c <_etoa+0x404>)
100024a6:	f001 faa5 	bl	100039f4 <__wrap___aeabi_dadd>
100024aa:	4b3e      	ldr	r3, [pc, #248]	; (100025a4 <_etoa+0x43c>)
100024ac:	9c0f      	ldr	r4, [sp, #60]	; 0x3c
100024ae:	469c      	mov	ip, r3
100024b0:	4464      	add	r4, ip
100024b2:	2200      	movs	r2, #0
100024b4:	0523      	lsls	r3, r4, #20
100024b6:	f001 fabc 	bl	10003a32 <__wrap___aeabi_dmul>
100024ba:	0005      	movs	r5, r0
100024bc:	000e      	movs	r6, r1
100024be:	0002      	movs	r2, r0
100024c0:	000b      	movs	r3, r1
100024c2:	980a      	ldr	r0, [sp, #40]	; 0x28
100024c4:	9909      	ldr	r1, [sp, #36]	; 0x24
100024c6:	f001 faf3 	bl	10003ab0 <__wrap___aeabi_dcmplt>
100024ca:	2800      	cmp	r0, #0
100024cc:	d00a      	beq.n	100024e4 <_etoa+0x37c>
100024ce:	9b0d      	ldr	r3, [sp, #52]	; 0x34
100024d0:	0028      	movs	r0, r5
100024d2:	3b01      	subs	r3, #1
100024d4:	0031      	movs	r1, r6
100024d6:	930d      	str	r3, [sp, #52]	; 0x34
100024d8:	2200      	movs	r2, #0
100024da:	4b30      	ldr	r3, [pc, #192]	; (1000259c <_etoa+0x434>)
100024dc:	f001 fa8f 	bl	100039fe <__wrap___aeabi_ddiv>
100024e0:	0005      	movs	r5, r0
100024e2:	000e      	movs	r6, r1
100024e4:	27c6      	movs	r7, #198	; 0xc6
100024e6:	990d      	ldr	r1, [sp, #52]	; 0x34
100024e8:	002b      	movs	r3, r5
100024ea:	3163      	adds	r1, #99	; 0x63
100024ec:	428f      	cmp	r7, r1
100024ee:	41bf      	sbcs	r7, r7
100024f0:	9928      	ldr	r1, [sp, #160]	; 0xa0
100024f2:	427f      	negs	r7, r7
100024f4:	3704      	adds	r7, #4
100024f6:	0509      	lsls	r1, r1, #20
100024f8:	d400      	bmi.n	100024fc <_etoa+0x394>
100024fa:	e695      	b.n	10002228 <_etoa+0xc0>
100024fc:	4333      	orrs	r3, r6
100024fe:	d100      	bne.n	10002502 <_etoa+0x39a>
10002500:	e682      	b.n	10002208 <_etoa+0xa0>
10002502:	9c09      	ldr	r4, [sp, #36]	; 0x24
10002504:	4a28      	ldr	r2, [pc, #160]	; (100025a8 <_etoa+0x440>)
10002506:	0021      	movs	r1, r4
10002508:	4b28      	ldr	r3, [pc, #160]	; (100025ac <_etoa+0x444>)
1000250a:	980a      	ldr	r0, [sp, #40]	; 0x28
1000250c:	f001 fade 	bl	10003acc <__wrap___aeabi_dcmpge>
10002510:	2800      	cmp	r0, #0
10002512:	d008      	beq.n	10002526 <_etoa+0x3be>
10002514:	2200      	movs	r2, #0
10002516:	0021      	movs	r1, r4
10002518:	4b25      	ldr	r3, [pc, #148]	; (100025b0 <_etoa+0x448>)
1000251a:	980a      	ldr	r0, [sp, #40]	; 0x28
1000251c:	f001 fac8 	bl	10003ab0 <__wrap___aeabi_dcmplt>
10002520:	2800      	cmp	r0, #0
10002522:	d000      	beq.n	10002526 <_etoa+0x3be>
10002524:	e670      	b.n	10002208 <_etoa+0xa0>
10002526:	9b26      	ldr	r3, [sp, #152]	; 0x98
10002528:	2b00      	cmp	r3, #0
1000252a:	d100      	bne.n	1000252e <_etoa+0x3c6>
1000252c:	e67c      	b.n	10002228 <_etoa+0xc0>
1000252e:	9b0e      	ldr	r3, [sp, #56]	; 0x38
10002530:	1e5a      	subs	r2, r3, #1
10002532:	4193      	sbcs	r3, r2
10002534:	9a26      	ldr	r2, [sp, #152]	; 0x98
10002536:	1ad3      	subs	r3, r2, r3
10002538:	9326      	str	r3, [sp, #152]	; 0x98
1000253a:	e675      	b.n	10002228 <_etoa+0xc0>
1000253c:	2300      	movs	r3, #0
1000253e:	2704      	movs	r7, #4
10002540:	930d      	str	r3, [sp, #52]	; 0x34
10002542:	e671      	b.n	10002228 <_etoa+0xc0>
10002544:	4643      	mov	r3, r8
10002546:	930a      	str	r3, [sp, #40]	; 0x28
10002548:	2380      	movs	r3, #128	; 0x80
1000254a:	061b      	lsls	r3, r3, #24
1000254c:	4453      	add	r3, sl
1000254e:	9309      	str	r3, [sp, #36]	; 0x24
10002550:	e642      	b.n	100021d8 <_etoa+0x70>
10002552:	2300      	movs	r3, #0
10002554:	9326      	str	r3, [sp, #152]	; 0x98
10002556:	e65f      	b.n	10002218 <_etoa+0xb0>
10002558:	fffffc01 	.word	0xfffffc01
1000255c:	509f79fb 	.word	0x509f79fb
10002560:	3fd34413 	.word	0x3fd34413
10002564:	8b60c8b3 	.word	0x8b60c8b3
10002568:	3fc68a28 	.word	0x3fc68a28
1000256c:	3ff00000 	.word	0x3ff00000
10002570:	3ff80000 	.word	0x3ff80000
10002574:	636f4361 	.word	0x636f4361
10002578:	3fd287a7 	.word	0x3fd287a7
1000257c:	0979a371 	.word	0x0979a371
10002580:	400a934f 	.word	0x400a934f
10002584:	3fe00000 	.word	0x3fe00000
10002588:	bbb55516 	.word	0xbbb55516
1000258c:	40026bb1 	.word	0x40026bb1
10002590:	fefa39ef 	.word	0xfefa39ef
10002594:	3fe62e42 	.word	0x3fe62e42
10002598:	402c0000 	.word	0x402c0000
1000259c:	40240000 	.word	0x40240000
100025a0:	40180000 	.word	0x40180000
100025a4:	000003ff 	.word	0x000003ff
100025a8:	eb1c432d 	.word	0xeb1c432d
100025ac:	3f1a36e2 	.word	0x3f1a36e2
100025b0:	412e8480 	.word	0x412e8480

100025b4 <_ftoa>:
100025b4:	b5f0      	push	{r4, r5, r6, r7, lr}
100025b6:	464e      	mov	r6, r9
100025b8:	46de      	mov	lr, fp
100025ba:	4657      	mov	r7, sl
100025bc:	4645      	mov	r5, r8
100025be:	b5e0      	push	{r5, r6, r7, lr}
100025c0:	b097      	sub	sp, #92	; 0x5c
100025c2:	4699      	mov	r9, r3
100025c4:	9e20      	ldr	r6, [sp, #128]	; 0x80
100025c6:	9f21      	ldr	r7, [sp, #132]	; 0x84
100025c8:	9b22      	ldr	r3, [sp, #136]	; 0x88
100025ca:	4683      	mov	fp, r0
100025cc:	4698      	mov	r8, r3
100025ce:	9107      	str	r1, [sp, #28]
100025d0:	920c      	str	r2, [sp, #48]	; 0x30
100025d2:	003b      	movs	r3, r7
100025d4:	0032      	movs	r2, r6
100025d6:	0030      	movs	r0, r6
100025d8:	0039      	movs	r1, r7
100025da:	f001 fa84 	bl	10003ae6 <__wrap___aeabi_dcmpun>
100025de:	2800      	cmp	r0, #0
100025e0:	d000      	beq.n	100025e4 <_ftoa+0x30>
100025e2:	e1a9      	b.n	10002938 <_ftoa+0x384>
100025e4:	2201      	movs	r2, #1
100025e6:	0030      	movs	r0, r6
100025e8:	0039      	movs	r1, r7
100025ea:	4bca      	ldr	r3, [pc, #808]	; (10002914 <_ftoa+0x360>)
100025ec:	4252      	negs	r2, r2
100025ee:	f001 fa5f 	bl	10003ab0 <__wrap___aeabi_dcmplt>
100025f2:	2800      	cmp	r0, #0
100025f4:	d000      	beq.n	100025f8 <_ftoa+0x44>
100025f6:	e0e1      	b.n	100027bc <_ftoa+0x208>
100025f8:	2201      	movs	r2, #1
100025fa:	0030      	movs	r0, r6
100025fc:	0039      	movs	r1, r7
100025fe:	4bc6      	ldr	r3, [pc, #792]	; (10002918 <_ftoa+0x364>)
10002600:	4252      	negs	r2, r2
10002602:	f001 fa6b 	bl	10003adc <__wrap___aeabi_dcmpgt>
10002606:	2800      	cmp	r0, #0
10002608:	d000      	beq.n	1000260c <_ftoa+0x58>
1000260a:	e0b7      	b.n	1000277c <_ftoa+0x1c8>
1000260c:	2200      	movs	r2, #0
1000260e:	0030      	movs	r0, r6
10002610:	0039      	movs	r1, r7
10002612:	4bc2      	ldr	r3, [pc, #776]	; (1000291c <_ftoa+0x368>)
10002614:	f001 fa62 	bl	10003adc <__wrap___aeabi_dcmpgt>
10002618:	2800      	cmp	r0, #0
1000261a:	d000      	beq.n	1000261e <_ftoa+0x6a>
1000261c:	e099      	b.n	10002752 <_ftoa+0x19e>
1000261e:	2200      	movs	r2, #0
10002620:	0030      	movs	r0, r6
10002622:	0039      	movs	r1, r7
10002624:	4bbe      	ldr	r3, [pc, #760]	; (10002920 <_ftoa+0x36c>)
10002626:	f001 fa43 	bl	10003ab0 <__wrap___aeabi_dcmplt>
1000262a:	2800      	cmp	r0, #0
1000262c:	d000      	beq.n	10002630 <_ftoa+0x7c>
1000262e:	e090      	b.n	10002752 <_ftoa+0x19e>
10002630:	2200      	movs	r2, #0
10002632:	2300      	movs	r3, #0
10002634:	0030      	movs	r0, r6
10002636:	0039      	movs	r1, r7
10002638:	f001 fa3a 	bl	10003ab0 <__wrap___aeabi_dcmplt>
1000263c:	2800      	cmp	r0, #0
1000263e:	d000      	beq.n	10002642 <_ftoa+0x8e>
10002640:	e0b1      	b.n	100027a6 <_ftoa+0x1f2>
10002642:	2300      	movs	r3, #0
10002644:	930d      	str	r3, [sp, #52]	; 0x34
10002646:	9b24      	ldr	r3, [sp, #144]	; 0x90
10002648:	055b      	lsls	r3, r3, #21
1000264a:	d401      	bmi.n	10002650 <_ftoa+0x9c>
1000264c:	2306      	movs	r3, #6
1000264e:	4698      	mov	r8, r3
10002650:	ab08      	add	r3, sp, #32
10002652:	469c      	mov	ip, r3
10002654:	2217      	movs	r2, #23
10002656:	2400      	movs	r4, #0
10002658:	2330      	movs	r3, #48	; 0x30
1000265a:	4641      	mov	r1, r8
1000265c:	4462      	add	r2, ip
1000265e:	e004      	b.n	1000266a <_ftoa+0xb6>
10002660:	3401      	adds	r4, #1
10002662:	5513      	strb	r3, [r2, r4]
10002664:	3901      	subs	r1, #1
10002666:	2c20      	cmp	r4, #32
10002668:	d001      	beq.n	1000266e <_ftoa+0xba>
1000266a:	2909      	cmp	r1, #9
1000266c:	d8f8      	bhi.n	10002660 <_ftoa+0xac>
1000266e:	4688      	mov	r8, r1
10002670:	0030      	movs	r0, r6
10002672:	0039      	movs	r1, r7
10002674:	f001 fa62 	bl	10003b3c <__wrap___aeabi_d2iz>
10002678:	4643      	mov	r3, r8
1000267a:	00da      	lsls	r2, r3, #3
1000267c:	4ba9      	ldr	r3, [pc, #676]	; (10002924 <_ftoa+0x370>)
1000267e:	0005      	movs	r5, r0
10002680:	189b      	adds	r3, r3, r2
10002682:	681a      	ldr	r2, [r3, #0]
10002684:	685b      	ldr	r3, [r3, #4]
10002686:	9208      	str	r2, [sp, #32]
10002688:	9309      	str	r3, [sp, #36]	; 0x24
1000268a:	f001 fa3f 	bl	10003b0c <__wrap___aeabi_i2d>
1000268e:	0002      	movs	r2, r0
10002690:	000b      	movs	r3, r1
10002692:	0030      	movs	r0, r6
10002694:	0039      	movs	r1, r7
10002696:	f001 f9a8 	bl	100039ea <__wrap___aeabi_dsub>
1000269a:	9a08      	ldr	r2, [sp, #32]
1000269c:	9b09      	ldr	r3, [sp, #36]	; 0x24
1000269e:	f001 f9c8 	bl	10003a32 <__wrap___aeabi_dmul>
100026a2:	900a      	str	r0, [sp, #40]	; 0x28
100026a4:	910b      	str	r1, [sp, #44]	; 0x2c
100026a6:	f001 fa6d 	bl	10003b84 <__wrap___aeabi_d2uiz>
100026aa:	4682      	mov	sl, r0
100026ac:	f001 fa2a 	bl	10003b04 <__wrap___aeabi_ui2d>
100026b0:	0002      	movs	r2, r0
100026b2:	000b      	movs	r3, r1
100026b4:	980a      	ldr	r0, [sp, #40]	; 0x28
100026b6:	990b      	ldr	r1, [sp, #44]	; 0x2c
100026b8:	f001 f997 	bl	100039ea <__wrap___aeabi_dsub>
100026bc:	2200      	movs	r2, #0
100026be:	4b9a      	ldr	r3, [pc, #616]	; (10002928 <_ftoa+0x374>)
100026c0:	900a      	str	r0, [sp, #40]	; 0x28
100026c2:	910b      	str	r1, [sp, #44]	; 0x2c
100026c4:	f001 fa0a 	bl	10003adc <__wrap___aeabi_dcmpgt>
100026c8:	2800      	cmp	r0, #0
100026ca:	d100      	bne.n	100026ce <_ftoa+0x11a>
100026cc:	e0c0      	b.n	10002850 <_ftoa+0x29c>
100026ce:	2301      	movs	r3, #1
100026d0:	469c      	mov	ip, r3
100026d2:	44e2      	add	sl, ip
100026d4:	4650      	mov	r0, sl
100026d6:	f001 fa15 	bl	10003b04 <__wrap___aeabi_ui2d>
100026da:	0002      	movs	r2, r0
100026dc:	000b      	movs	r3, r1
100026de:	9808      	ldr	r0, [sp, #32]
100026e0:	9909      	ldr	r1, [sp, #36]	; 0x24
100026e2:	f001 f9eb 	bl	10003abc <__wrap___aeabi_dcmple>
100026e6:	2800      	cmp	r0, #0
100026e8:	d002      	beq.n	100026f0 <_ftoa+0x13c>
100026ea:	2300      	movs	r3, #0
100026ec:	469a      	mov	sl, r3
100026ee:	3501      	adds	r5, #1
100026f0:	4643      	mov	r3, r8
100026f2:	2b00      	cmp	r3, #0
100026f4:	d06a      	beq.n	100027cc <_ftoa+0x218>
100026f6:	ab08      	add	r3, sp, #32
100026f8:	2617      	movs	r6, #23
100026fa:	469c      	mov	ip, r3
100026fc:	9508      	str	r5, [sp, #32]
100026fe:	4466      	add	r6, ip
10002700:	4655      	mov	r5, sl
10002702:	e014      	b.n	1000272e <_ftoa+0x17a>
10002704:	2301      	movs	r3, #1
10002706:	425b      	negs	r3, r3
10002708:	4443      	add	r3, r8
1000270a:	210a      	movs	r1, #10
1000270c:	0028      	movs	r0, r5
1000270e:	469a      	mov	sl, r3
10002710:	f000 ff28 	bl	10003564 <__wrap___aeabi_uidiv>
10002714:	3401      	adds	r4, #1
10002716:	3130      	adds	r1, #48	; 0x30
10002718:	1937      	adds	r7, r6, r4
1000271a:	7039      	strb	r1, [r7, #0]
1000271c:	0028      	movs	r0, r5
1000271e:	210a      	movs	r1, #10
10002720:	f000 ff20 	bl	10003564 <__wrap___aeabi_uidiv>
10002724:	2d09      	cmp	r5, #9
10002726:	d800      	bhi.n	1000272a <_ftoa+0x176>
10002728:	e0d0      	b.n	100028cc <_ftoa+0x318>
1000272a:	46d0      	mov	r8, sl
1000272c:	0005      	movs	r5, r0
1000272e:	2c20      	cmp	r4, #32
10002730:	d1e8      	bne.n	10002704 <_ftoa+0x150>
10002732:	ab0e      	add	r3, sp, #56	; 0x38
10002734:	4698      	mov	r8, r3
10002736:	2303      	movs	r3, #3
10002738:	9a24      	ldr	r2, [sp, #144]	; 0x90
1000273a:	4013      	ands	r3, r2
1000273c:	2b01      	cmp	r3, #1
1000273e:	d100      	bne.n	10002742 <_ftoa+0x18e>
10002740:	e096      	b.n	10002870 <_ftoa+0x2bc>
10002742:	2320      	movs	r3, #32
10002744:	9a24      	ldr	r2, [sp, #144]	; 0x90
10002746:	9301      	str	r3, [sp, #4]
10002748:	9203      	str	r2, [sp, #12]
1000274a:	9a23      	ldr	r2, [sp, #140]	; 0x8c
1000274c:	4643      	mov	r3, r8
1000274e:	9202      	str	r2, [sp, #8]
10002750:	e01e      	b.n	10002790 <_ftoa+0x1dc>
10002752:	9b24      	ldr	r3, [sp, #144]	; 0x90
10002754:	4658      	mov	r0, fp
10002756:	9304      	str	r3, [sp, #16]
10002758:	9b23      	ldr	r3, [sp, #140]	; 0x8c
1000275a:	9600      	str	r6, [sp, #0]
1000275c:	9701      	str	r7, [sp, #4]
1000275e:	9303      	str	r3, [sp, #12]
10002760:	4643      	mov	r3, r8
10002762:	9a0c      	ldr	r2, [sp, #48]	; 0x30
10002764:	9302      	str	r3, [sp, #8]
10002766:	9907      	ldr	r1, [sp, #28]
10002768:	464b      	mov	r3, r9
1000276a:	f7ff fcfd 	bl	10002168 <_etoa>
1000276e:	b017      	add	sp, #92	; 0x5c
10002770:	bcf0      	pop	{r4, r5, r6, r7}
10002772:	46bb      	mov	fp, r7
10002774:	46b2      	mov	sl, r6
10002776:	46a9      	mov	r9, r5
10002778:	46a0      	mov	r8, r4
1000277a:	bdf0      	pop	{r4, r5, r6, r7, pc}
1000277c:	9b24      	ldr	r3, [sp, #144]	; 0x90
1000277e:	075b      	lsls	r3, r3, #29
10002780:	d40e      	bmi.n	100027a0 <_ftoa+0x1ec>
10002782:	2203      	movs	r2, #3
10002784:	4b69      	ldr	r3, [pc, #420]	; (1000292c <_ftoa+0x378>)
10002786:	9924      	ldr	r1, [sp, #144]	; 0x90
10002788:	9201      	str	r2, [sp, #4]
1000278a:	9103      	str	r1, [sp, #12]
1000278c:	9923      	ldr	r1, [sp, #140]	; 0x8c
1000278e:	9102      	str	r1, [sp, #8]
10002790:	9300      	str	r3, [sp, #0]
10002792:	4658      	mov	r0, fp
10002794:	464b      	mov	r3, r9
10002796:	9a0c      	ldr	r2, [sp, #48]	; 0x30
10002798:	9907      	ldr	r1, [sp, #28]
1000279a:	f7ff fba1 	bl	10001ee0 <_out_rev>
1000279e:	e7e6      	b.n	1000276e <_ftoa+0x1ba>
100027a0:	2204      	movs	r2, #4
100027a2:	4b63      	ldr	r3, [pc, #396]	; (10002930 <_ftoa+0x37c>)
100027a4:	e7ef      	b.n	10002786 <_ftoa+0x1d2>
100027a6:	003b      	movs	r3, r7
100027a8:	0032      	movs	r2, r6
100027aa:	2000      	movs	r0, #0
100027ac:	2100      	movs	r1, #0
100027ae:	f001 f91c 	bl	100039ea <__wrap___aeabi_dsub>
100027b2:	2301      	movs	r3, #1
100027b4:	0006      	movs	r6, r0
100027b6:	000f      	movs	r7, r1
100027b8:	930d      	str	r3, [sp, #52]	; 0x34
100027ba:	e744      	b.n	10002646 <_ftoa+0x92>
100027bc:	9b24      	ldr	r3, [sp, #144]	; 0x90
100027be:	9303      	str	r3, [sp, #12]
100027c0:	9b23      	ldr	r3, [sp, #140]	; 0x8c
100027c2:	9302      	str	r3, [sp, #8]
100027c4:	2304      	movs	r3, #4
100027c6:	9301      	str	r3, [sp, #4]
100027c8:	4b5a      	ldr	r3, [pc, #360]	; (10002934 <_ftoa+0x380>)
100027ca:	e7e1      	b.n	10002790 <_ftoa+0x1dc>
100027cc:	0028      	movs	r0, r5
100027ce:	f001 f99d 	bl	10003b0c <__wrap___aeabi_i2d>
100027d2:	0002      	movs	r2, r0
100027d4:	000b      	movs	r3, r1
100027d6:	0030      	movs	r0, r6
100027d8:	0039      	movs	r1, r7
100027da:	f001 f906 	bl	100039ea <__wrap___aeabi_dsub>
100027de:	4b52      	ldr	r3, [pc, #328]	; (10002928 <_ftoa+0x374>)
100027e0:	2200      	movs	r2, #0
100027e2:	0006      	movs	r6, r0
100027e4:	000f      	movs	r7, r1
100027e6:	f001 f963 	bl	10003ab0 <__wrap___aeabi_dcmplt>
100027ea:	ab0e      	add	r3, sp, #56	; 0x38
100027ec:	4698      	mov	r8, r3
100027ee:	2800      	cmp	r0, #0
100027f0:	d10a      	bne.n	10002808 <_ftoa+0x254>
100027f2:	2200      	movs	r2, #0
100027f4:	0030      	movs	r0, r6
100027f6:	0039      	movs	r1, r7
100027f8:	4b4b      	ldr	r3, [pc, #300]	; (10002928 <_ftoa+0x374>)
100027fa:	f001 f96f 	bl	10003adc <__wrap___aeabi_dcmpgt>
100027fe:	2800      	cmp	r0, #0
10002800:	d102      	bne.n	10002808 <_ftoa+0x254>
10002802:	07eb      	lsls	r3, r5, #31
10002804:	d500      	bpl.n	10002808 <_ftoa+0x254>
10002806:	3501      	adds	r5, #1
10002808:	2c20      	cmp	r4, #32
1000280a:	d094      	beq.n	10002736 <_ftoa+0x182>
1000280c:	aa08      	add	r2, sp, #32
1000280e:	4694      	mov	ip, r2
10002810:	2317      	movs	r3, #23
10002812:	0028      	movs	r0, r5
10002814:	4463      	add	r3, ip
10002816:	210a      	movs	r1, #10
10002818:	3401      	adds	r4, #1
1000281a:	191e      	adds	r6, r3, r4
1000281c:	f000 fe7a 	bl	10003514 <__wrap___aeabi_idiv>
10002820:	3130      	adds	r1, #48	; 0x30
10002822:	0028      	movs	r0, r5
10002824:	7031      	strb	r1, [r6, #0]
10002826:	210a      	movs	r1, #10
10002828:	f000 fe74 	bl	10003514 <__wrap___aeabi_idiv>
1000282c:	1e05      	subs	r5, r0, #0
1000282e:	d1eb      	bne.n	10002808 <_ftoa+0x254>
10002830:	2303      	movs	r3, #3
10002832:	9a24      	ldr	r2, [sp, #144]	; 0x90
10002834:	4013      	ands	r3, r2
10002836:	2b01      	cmp	r3, #1
10002838:	d01b      	beq.n	10002872 <_ftoa+0x2be>
1000283a:	2c20      	cmp	r4, #32
1000283c:	d100      	bne.n	10002840 <_ftoa+0x28c>
1000283e:	e780      	b.n	10002742 <_ftoa+0x18e>
10002840:	9b0d      	ldr	r3, [sp, #52]	; 0x34
10002842:	2b00      	cmp	r3, #0
10002844:	d035      	beq.n	100028b2 <_ftoa+0x2fe>
10002846:	222d      	movs	r2, #45	; 0x2d
10002848:	4641      	mov	r1, r8
1000284a:	1c63      	adds	r3, r4, #1
1000284c:	550a      	strb	r2, [r1, r4]
1000284e:	e779      	b.n	10002744 <_ftoa+0x190>
10002850:	2200      	movs	r2, #0
10002852:	980a      	ldr	r0, [sp, #40]	; 0x28
10002854:	990b      	ldr	r1, [sp, #44]	; 0x2c
10002856:	4b34      	ldr	r3, [pc, #208]	; (10002928 <_ftoa+0x374>)
10002858:	f001 f92a 	bl	10003ab0 <__wrap___aeabi_dcmplt>
1000285c:	2800      	cmp	r0, #0
1000285e:	d000      	beq.n	10002862 <_ftoa+0x2ae>
10002860:	e746      	b.n	100026f0 <_ftoa+0x13c>
10002862:	4653      	mov	r3, sl
10002864:	2b00      	cmp	r3, #0
10002866:	d151      	bne.n	1000290c <_ftoa+0x358>
10002868:	2301      	movs	r3, #1
1000286a:	469c      	mov	ip, r3
1000286c:	44e2      	add	sl, ip
1000286e:	e73f      	b.n	100026f0 <_ftoa+0x13c>
10002870:	2420      	movs	r4, #32
10002872:	9b23      	ldr	r3, [sp, #140]	; 0x8c
10002874:	2b00      	cmp	r3, #0
10002876:	d0e0      	beq.n	1000283a <_ftoa+0x286>
10002878:	9b0d      	ldr	r3, [sp, #52]	; 0x34
1000287a:	2b00      	cmp	r3, #0
1000287c:	d103      	bne.n	10002886 <_ftoa+0x2d2>
1000287e:	9a24      	ldr	r2, [sp, #144]	; 0x90
10002880:	330c      	adds	r3, #12
10002882:	4213      	tst	r3, r2
10002884:	d002      	beq.n	1000288c <_ftoa+0x2d8>
10002886:	9b23      	ldr	r3, [sp, #140]	; 0x8c
10002888:	3b01      	subs	r3, #1
1000288a:	9323      	str	r3, [sp, #140]	; 0x8c
1000288c:	9b23      	ldr	r3, [sp, #140]	; 0x8c
1000288e:	42a3      	cmp	r3, r4
10002890:	d9d3      	bls.n	1000283a <_ftoa+0x286>
10002892:	ab08      	add	r3, sp, #32
10002894:	469c      	mov	ip, r3
10002896:	2217      	movs	r2, #23
10002898:	2330      	movs	r3, #48	; 0x30
1000289a:	4462      	add	r2, ip
1000289c:	2c20      	cmp	r4, #32
1000289e:	d100      	bne.n	100028a2 <_ftoa+0x2ee>
100028a0:	e74f      	b.n	10002742 <_ftoa+0x18e>
100028a2:	9923      	ldr	r1, [sp, #140]	; 0x8c
100028a4:	3401      	adds	r4, #1
100028a6:	5513      	strb	r3, [r2, r4]
100028a8:	428c      	cmp	r4, r1
100028aa:	d0c6      	beq.n	1000283a <_ftoa+0x286>
100028ac:	2c20      	cmp	r4, #32
100028ae:	d1f8      	bne.n	100028a2 <_ftoa+0x2ee>
100028b0:	e747      	b.n	10002742 <_ftoa+0x18e>
100028b2:	9b24      	ldr	r3, [sp, #144]	; 0x90
100028b4:	075b      	lsls	r3, r3, #29
100028b6:	d424      	bmi.n	10002902 <_ftoa+0x34e>
100028b8:	9a24      	ldr	r2, [sp, #144]	; 0x90
100028ba:	0023      	movs	r3, r4
100028bc:	0712      	lsls	r2, r2, #28
100028be:	d400      	bmi.n	100028c2 <_ftoa+0x30e>
100028c0:	e740      	b.n	10002744 <_ftoa+0x190>
100028c2:	2220      	movs	r2, #32
100028c4:	4641      	mov	r1, r8
100028c6:	3301      	adds	r3, #1
100028c8:	550a      	strb	r2, [r1, r4]
100028ca:	e73b      	b.n	10002744 <_ftoa+0x190>
100028cc:	4657      	mov	r7, sl
100028ce:	9d08      	ldr	r5, [sp, #32]
100028d0:	2c20      	cmp	r4, #32
100028d2:	d100      	bne.n	100028d6 <_ftoa+0x322>
100028d4:	e72d      	b.n	10002732 <_ftoa+0x17e>
100028d6:	0022      	movs	r2, r4
100028d8:	2130      	movs	r1, #48	; 0x30
100028da:	4640      	mov	r0, r8
100028dc:	2f00      	cmp	r7, #0
100028de:	d009      	beq.n	100028f4 <_ftoa+0x340>
100028e0:	3201      	adds	r2, #1
100028e2:	54b1      	strb	r1, [r6, r2]
100028e4:	2a20      	cmp	r2, #32
100028e6:	d100      	bne.n	100028ea <_ftoa+0x336>
100028e8:	e723      	b.n	10002732 <_ftoa+0x17e>
100028ea:	43d3      	mvns	r3, r2
100028ec:	191b      	adds	r3, r3, r4
100028ee:	181b      	adds	r3, r3, r0
100028f0:	2b00      	cmp	r3, #0
100028f2:	d1f5      	bne.n	100028e0 <_ftoa+0x32c>
100028f4:	ab0e      	add	r3, sp, #56	; 0x38
100028f6:	4698      	mov	r8, r3
100028f8:	232e      	movs	r3, #46	; 0x2e
100028fa:	4641      	mov	r1, r8
100028fc:	1c54      	adds	r4, r2, #1
100028fe:	548b      	strb	r3, [r1, r2]
10002900:	e782      	b.n	10002808 <_ftoa+0x254>
10002902:	222b      	movs	r2, #43	; 0x2b
10002904:	4641      	mov	r1, r8
10002906:	1c63      	adds	r3, r4, #1
10002908:	550a      	strb	r2, [r1, r4]
1000290a:	e71b      	b.n	10002744 <_ftoa+0x190>
1000290c:	07db      	lsls	r3, r3, #31
1000290e:	d400      	bmi.n	10002912 <_ftoa+0x35e>
10002910:	e6ee      	b.n	100026f0 <_ftoa+0x13c>
10002912:	e7a9      	b.n	10002868 <_ftoa+0x2b4>
10002914:	ffefffff 	.word	0xffefffff
10002918:	7fefffff 	.word	0x7fefffff
1000291c:	41cdcd65 	.word	0x41cdcd65
10002920:	c1cdcd65 	.word	0xc1cdcd65
10002924:	10007b78 	.word	0x10007b78
10002928:	3fe00000 	.word	0x3fe00000
1000292c:	10007980 	.word	0x10007980
10002930:	10007984 	.word	0x10007984
10002934:	10007990 	.word	0x10007990
10002938:	9b24      	ldr	r3, [sp, #144]	; 0x90
1000293a:	9303      	str	r3, [sp, #12]
1000293c:	9b23      	ldr	r3, [sp, #140]	; 0x8c
1000293e:	9302      	str	r3, [sp, #8]
10002940:	2303      	movs	r3, #3
10002942:	9301      	str	r3, [sp, #4]
10002944:	4b00      	ldr	r3, [pc, #0]	; (10002948 <_ftoa+0x394>)
10002946:	e723      	b.n	10002790 <_ftoa+0x1dc>
10002948:	1000798c 	.word	0x1000798c

1000294c <_vsnprintf>:
1000294c:	b5f0      	push	{r4, r5, r6, r7, lr}
1000294e:	46de      	mov	lr, fp
10002950:	464e      	mov	r6, r9
10002952:	4657      	mov	r7, sl
10002954:	4645      	mov	r5, r8
10002956:	b5e0      	push	{r5, r6, r7, lr}
10002958:	b09f      	sub	sp, #124	; 0x7c
1000295a:	001c      	movs	r4, r3
1000295c:	9b28      	ldr	r3, [sp, #160]	; 0xa0
1000295e:	4691      	mov	r9, r2
10002960:	9309      	str	r3, [sp, #36]	; 0x24
10002962:	4ac9      	ldr	r2, [pc, #804]	; (10002c88 <_vsnprintf+0x33c>)
10002964:	4bc9      	ldr	r3, [pc, #804]	; (10002c8c <_vsnprintf+0x340>)
10002966:	468b      	mov	fp, r1
10002968:	9008      	str	r0, [sp, #32]
1000296a:	601a      	str	r2, [r3, #0]
1000296c:	2900      	cmp	r1, #0
1000296e:	d100      	bne.n	10002972 <_vsnprintf+0x26>
10002970:	e218      	b.n	10002da4 <_vsnprintf+0x458>
10002972:	2300      	movs	r3, #0
10002974:	7820      	ldrb	r0, [r4, #0]
10002976:	469a      	mov	sl, r3
10002978:	2800      	cmp	r0, #0
1000297a:	d100      	bne.n	1000297e <_vsnprintf+0x32>
1000297c:	e21a      	b.n	10002db4 <_vsnprintf+0x468>
1000297e:	0026      	movs	r6, r4
10002980:	001d      	movs	r5, r3
10002982:	465c      	mov	r4, fp
10002984:	e00a      	b.n	1000299c <_vsnprintf+0x50>
10002986:	002a      	movs	r2, r5
10002988:	1c6f      	adds	r7, r5, #1
1000298a:	464b      	mov	r3, r9
1000298c:	9d08      	ldr	r5, [sp, #32]
1000298e:	0021      	movs	r1, r4
10002990:	47a8      	blx	r5
10002992:	003d      	movs	r5, r7
10002994:	3601      	adds	r6, #1
10002996:	7830      	ldrb	r0, [r6, #0]
10002998:	2800      	cmp	r0, #0
1000299a:	d070      	beq.n	10002a7e <_vsnprintf+0x132>
1000299c:	2825      	cmp	r0, #37	; 0x25
1000299e:	d1f2      	bne.n	10002986 <_vsnprintf+0x3a>
100029a0:	2310      	movs	r3, #16
100029a2:	469b      	mov	fp, r3
100029a4:	3b08      	subs	r3, #8
100029a6:	469a      	mov	sl, r3
100029a8:	3b04      	subs	r3, #4
100029aa:	4698      	mov	r8, r3
100029ac:	3b02      	subs	r3, #2
100029ae:	2100      	movs	r1, #0
100029b0:	469c      	mov	ip, r3
100029b2:	1c72      	adds	r2, r6, #1
100029b4:	7810      	ldrb	r0, [r2, #0]
100029b6:	0016      	movs	r6, r2
100029b8:	0003      	movs	r3, r0
100029ba:	3b20      	subs	r3, #32
100029bc:	b2db      	uxtb	r3, r3
100029be:	2b10      	cmp	r3, #16
100029c0:	d803      	bhi.n	100029ca <_vsnprintf+0x7e>
100029c2:	4fb3      	ldr	r7, [pc, #716]	; (10002c90 <_vsnprintf+0x344>)
100029c4:	009b      	lsls	r3, r3, #2
100029c6:	58fb      	ldr	r3, [r7, r3]
100029c8:	469f      	mov	pc, r3
100029ca:	0003      	movs	r3, r0
100029cc:	3b30      	subs	r3, #48	; 0x30
100029ce:	2b09      	cmp	r3, #9
100029d0:	d932      	bls.n	10002a38 <_vsnprintf+0xec>
100029d2:	2300      	movs	r3, #0
100029d4:	930a      	str	r3, [sp, #40]	; 0x28
100029d6:	282a      	cmp	r0, #42	; 0x2a
100029d8:	d068      	beq.n	10002aac <_vsnprintf+0x160>
100029da:	2300      	movs	r3, #0
100029dc:	4698      	mov	r8, r3
100029de:	282e      	cmp	r0, #46	; 0x2e
100029e0:	d03e      	beq.n	10002a60 <_vsnprintf+0x114>
100029e2:	0003      	movs	r3, r0
100029e4:	3b68      	subs	r3, #104	; 0x68
100029e6:	b2db      	uxtb	r3, r3
100029e8:	2b12      	cmp	r3, #18
100029ea:	d81c      	bhi.n	10002a26 <_vsnprintf+0xda>
100029ec:	4aa9      	ldr	r2, [pc, #676]	; (10002c94 <_vsnprintf+0x348>)
100029ee:	009b      	lsls	r3, r3, #2
100029f0:	58d3      	ldr	r3, [r2, r3]
100029f2:	469f      	mov	pc, r3
100029f4:	2301      	movs	r3, #1
100029f6:	3201      	adds	r2, #1
100029f8:	4319      	orrs	r1, r3
100029fa:	e7db      	b.n	100029b4 <_vsnprintf+0x68>
100029fc:	4663      	mov	r3, ip
100029fe:	3201      	adds	r2, #1
10002a00:	4319      	orrs	r1, r3
10002a02:	e7d7      	b.n	100029b4 <_vsnprintf+0x68>
10002a04:	4643      	mov	r3, r8
10002a06:	3201      	adds	r2, #1
10002a08:	4319      	orrs	r1, r3
10002a0a:	e7d3      	b.n	100029b4 <_vsnprintf+0x68>
10002a0c:	465b      	mov	r3, fp
10002a0e:	3201      	adds	r2, #1
10002a10:	4319      	orrs	r1, r3
10002a12:	e7cf      	b.n	100029b4 <_vsnprintf+0x68>
10002a14:	4653      	mov	r3, sl
10002a16:	3201      	adds	r2, #1
10002a18:	4319      	orrs	r1, r3
10002a1a:	e7cb      	b.n	100029b4 <_vsnprintf+0x68>
10002a1c:	2380      	movs	r3, #128	; 0x80
10002a1e:	005b      	lsls	r3, r3, #1
10002a20:	7870      	ldrb	r0, [r6, #1]
10002a22:	4319      	orrs	r1, r3
10002a24:	3601      	adds	r6, #1
10002a26:	0003      	movs	r3, r0
10002a28:	3b25      	subs	r3, #37	; 0x25
10002a2a:	b2db      	uxtb	r3, r3
10002a2c:	2b53      	cmp	r3, #83	; 0x53
10002a2e:	d8aa      	bhi.n	10002986 <_vsnprintf+0x3a>
10002a30:	4a99      	ldr	r2, [pc, #612]	; (10002c98 <_vsnprintf+0x34c>)
10002a32:	009b      	lsls	r3, r3, #2
10002a34:	58d3      	ldr	r3, [r2, r3]
10002a36:	469f      	mov	pc, r3
10002a38:	2700      	movs	r7, #0
10002a3a:	0003      	movs	r3, r0
10002a3c:	00b8      	lsls	r0, r7, #2
10002a3e:	19c0      	adds	r0, r0, r7
10002a40:	3601      	adds	r6, #1
10002a42:	0040      	lsls	r0, r0, #1
10002a44:	18c0      	adds	r0, r0, r3
10002a46:	7833      	ldrb	r3, [r6, #0]
10002a48:	3830      	subs	r0, #48	; 0x30
10002a4a:	001a      	movs	r2, r3
10002a4c:	3a30      	subs	r2, #48	; 0x30
10002a4e:	0007      	movs	r7, r0
10002a50:	2a09      	cmp	r2, #9
10002a52:	d9f3      	bls.n	10002a3c <_vsnprintf+0xf0>
10002a54:	900a      	str	r0, [sp, #40]	; 0x28
10002a56:	0018      	movs	r0, r3
10002a58:	2300      	movs	r3, #0
10002a5a:	4698      	mov	r8, r3
10002a5c:	282e      	cmp	r0, #46	; 0x2e
10002a5e:	d1c0      	bne.n	100029e2 <_vsnprintf+0x96>
10002a60:	2380      	movs	r3, #128	; 0x80
10002a62:	7870      	ldrb	r0, [r6, #1]
10002a64:	00db      	lsls	r3, r3, #3
10002a66:	4319      	orrs	r1, r3
10002a68:	0003      	movs	r3, r0
10002a6a:	3b30      	subs	r3, #48	; 0x30
10002a6c:	1c72      	adds	r2, r6, #1
10002a6e:	2b09      	cmp	r3, #9
10002a70:	d800      	bhi.n	10002a74 <_vsnprintf+0x128>
10002a72:	e1a1      	b.n	10002db8 <_vsnprintf+0x46c>
10002a74:	282a      	cmp	r0, #42	; 0x2a
10002a76:	d100      	bne.n	10002a7a <_vsnprintf+0x12e>
10002a78:	e1b2      	b.n	10002de0 <_vsnprintf+0x494>
10002a7a:	0016      	movs	r6, r2
10002a7c:	e7b1      	b.n	100029e2 <_vsnprintf+0x96>
10002a7e:	46a3      	mov	fp, r4
10002a80:	46aa      	mov	sl, r5
10002a82:	002c      	movs	r4, r5
10002a84:	45d1      	cmp	r9, sl
10002a86:	d803      	bhi.n	10002a90 <_vsnprintf+0x144>
10002a88:	2301      	movs	r3, #1
10002a8a:	425b      	negs	r3, r3
10002a8c:	444b      	add	r3, r9
10002a8e:	469a      	mov	sl, r3
10002a90:	464b      	mov	r3, r9
10002a92:	4652      	mov	r2, sl
10002a94:	4659      	mov	r1, fp
10002a96:	2000      	movs	r0, #0
10002a98:	9d08      	ldr	r5, [sp, #32]
10002a9a:	47a8      	blx	r5
10002a9c:	0020      	movs	r0, r4
10002a9e:	b01f      	add	sp, #124	; 0x7c
10002aa0:	bcf0      	pop	{r4, r5, r6, r7}
10002aa2:	46bb      	mov	fp, r7
10002aa4:	46b2      	mov	sl, r6
10002aa6:	46a9      	mov	r9, r5
10002aa8:	46a0      	mov	r8, r4
10002aaa:	bdf0      	pop	{r4, r5, r6, r7, pc}
10002aac:	9b09      	ldr	r3, [sp, #36]	; 0x24
10002aae:	cb40      	ldmia	r3!, {r6}
10002ab0:	960a      	str	r6, [sp, #40]	; 0x28
10002ab2:	2e00      	cmp	r6, #0
10002ab4:	db03      	blt.n	10002abe <_vsnprintf+0x172>
10002ab6:	7850      	ldrb	r0, [r2, #1]
10002ab8:	9309      	str	r3, [sp, #36]	; 0x24
10002aba:	1c56      	adds	r6, r2, #1
10002abc:	e78d      	b.n	100029da <_vsnprintf+0x8e>
10002abe:	3828      	subs	r0, #40	; 0x28
10002ac0:	4301      	orrs	r1, r0
10002ac2:	4270      	negs	r0, r6
10002ac4:	900a      	str	r0, [sp, #40]	; 0x28
10002ac6:	9309      	str	r3, [sp, #36]	; 0x24
10002ac8:	7850      	ldrb	r0, [r2, #1]
10002aca:	1c56      	adds	r6, r2, #1
10002acc:	e785      	b.n	100029da <_vsnprintf+0x8e>
10002ace:	2878      	cmp	r0, #120	; 0x78
10002ad0:	d100      	bne.n	10002ad4 <_vsnprintf+0x188>
10002ad2:	e1df      	b.n	10002e94 <_vsnprintf+0x548>
10002ad4:	2858      	cmp	r0, #88	; 0x58
10002ad6:	d100      	bne.n	10002ada <_vsnprintf+0x18e>
10002ad8:	e24c      	b.n	10002f74 <_vsnprintf+0x628>
10002ada:	286f      	cmp	r0, #111	; 0x6f
10002adc:	d100      	bne.n	10002ae0 <_vsnprintf+0x194>
10002ade:	e34f      	b.n	10003180 <_vsnprintf+0x834>
10002ae0:	2862      	cmp	r0, #98	; 0x62
10002ae2:	d101      	bne.n	10002ae8 <_vsnprintf+0x19c>
10002ae4:	f000 fc30 	bl	10003348 <_vsnprintf+0x9fc>
10002ae8:	2310      	movs	r3, #16
10002aea:	000a      	movs	r2, r1
10002aec:	439a      	bics	r2, r3
10002aee:	920b      	str	r2, [sp, #44]	; 0x2c
10002af0:	2869      	cmp	r0, #105	; 0x69
10002af2:	d001      	beq.n	10002af8 <_vsnprintf+0x1ac>
10002af4:	f000 fca9 	bl	1000344a <_vsnprintf+0xafe>
10002af8:	230a      	movs	r3, #10
10002afa:	930c      	str	r3, [sp, #48]	; 0x30
10002afc:	054b      	lsls	r3, r1, #21
10002afe:	d500      	bpl.n	10002b02 <_vsnprintf+0x1b6>
10002b00:	e1d0      	b.n	10002ea4 <_vsnprintf+0x558>
10002b02:	9a0b      	ldr	r2, [sp, #44]	; 0x2c
10002b04:	2380      	movs	r3, #128	; 0x80
10002b06:	0011      	movs	r1, r2
10002b08:	009b      	lsls	r3, r3, #2
10002b0a:	4019      	ands	r1, r3
10002b0c:	468b      	mov	fp, r1
10002b0e:	421a      	tst	r2, r3
10002b10:	d000      	beq.n	10002b14 <_vsnprintf+0x1c8>
10002b12:	e2a1      	b.n	10003058 <_vsnprintf+0x70c>
10002b14:	2380      	movs	r3, #128	; 0x80
10002b16:	0011      	movs	r1, r2
10002b18:	005b      	lsls	r3, r3, #1
10002b1a:	4019      	ands	r1, r3
10002b1c:	468a      	mov	sl, r1
10002b1e:	421a      	tst	r2, r3
10002b20:	d000      	beq.n	10002b24 <_vsnprintf+0x1d8>
10002b22:	e3b6      	b.n	10003292 <_vsnprintf+0x946>
10002b24:	0013      	movs	r3, r2
10002b26:	065b      	lsls	r3, r3, #25
10002b28:	d500      	bpl.n	10002b2c <_vsnprintf+0x1e0>
10002b2a:	e2ed      	b.n	10003108 <_vsnprintf+0x7bc>
10002b2c:	0013      	movs	r3, r2
10002b2e:	9909      	ldr	r1, [sp, #36]	; 0x24
10002b30:	061b      	lsls	r3, r3, #24
10002b32:	d401      	bmi.n	10002b38 <_vsnprintf+0x1ec>
10002b34:	f000 fc76 	bl	10003424 <_vsnprintf+0xad8>
10002b38:	c908      	ldmia	r1!, {r3}
10002b3a:	b21b      	sxth	r3, r3
10002b3c:	17d8      	asrs	r0, r3, #31
10002b3e:	181a      	adds	r2, r3, r0
10002b40:	4042      	eors	r2, r0
10002b42:	b292      	uxth	r2, r2
10002b44:	9109      	str	r1, [sp, #36]	; 0x24
10002b46:	4693      	mov	fp, r2
10002b48:	0fda      	lsrs	r2, r3, #31
10002b4a:	9212      	str	r2, [sp, #72]	; 0x48
10002b4c:	2b00      	cmp	r3, #0
10002b4e:	d109      	bne.n	10002b64 <_vsnprintf+0x218>
10002b50:	2380      	movs	r3, #128	; 0x80
10002b52:	2210      	movs	r2, #16
10002b54:	990b      	ldr	r1, [sp, #44]	; 0x2c
10002b56:	00db      	lsls	r3, r3, #3
10002b58:	400b      	ands	r3, r1
10002b5a:	4391      	bics	r1, r2
10002b5c:	910b      	str	r1, [sp, #44]	; 0x2c
10002b5e:	2b00      	cmp	r3, #0
10002b60:	d000      	beq.n	10002b64 <_vsnprintf+0x218>
10002b62:	e2e4      	b.n	1000312e <_vsnprintf+0x7e2>
10002b64:	9a0b      	ldr	r2, [sp, #44]	; 0x2c
10002b66:	2361      	movs	r3, #97	; 0x61
10002b68:	0692      	lsls	r2, r2, #26
10002b6a:	d500      	bpl.n	10002b6e <_vsnprintf+0x222>
10002b6c:	2341      	movs	r3, #65	; 0x41
10002b6e:	a90e      	add	r1, sp, #56	; 0x38
10002b70:	221f      	movs	r2, #31
10002b72:	468c      	mov	ip, r1
10002b74:	b2db      	uxtb	r3, r3
10002b76:	4462      	add	r2, ip
10002b78:	3b0a      	subs	r3, #10
10002b7a:	465f      	mov	r7, fp
10002b7c:	9513      	str	r5, [sp, #76]	; 0x4c
10002b7e:	46a3      	mov	fp, r4
10002b80:	4655      	mov	r5, sl
10002b82:	9c0c      	ldr	r4, [sp, #48]	; 0x30
10002b84:	46b2      	mov	sl, r6
10002b86:	930d      	str	r3, [sp, #52]	; 0x34
10002b88:	0016      	movs	r6, r2
10002b8a:	e00a      	b.n	10002ba2 <_vsnprintf+0x256>
10002b8c:	3330      	adds	r3, #48	; 0x30
10002b8e:	b2db      	uxtb	r3, r3
10002b90:	3501      	adds	r5, #1
10002b92:	5573      	strb	r3, [r6, r5]
10002b94:	42a7      	cmp	r7, r4
10002b96:	d200      	bcs.n	10002b9a <_vsnprintf+0x24e>
10002b98:	e2ed      	b.n	10003176 <_vsnprintf+0x82a>
10002b9a:	2d20      	cmp	r5, #32
10002b9c:	d100      	bne.n	10002ba0 <_vsnprintf+0x254>
10002b9e:	e2ea      	b.n	10003176 <_vsnprintf+0x82a>
10002ba0:	0007      	movs	r7, r0
10002ba2:	0021      	movs	r1, r4
10002ba4:	0038      	movs	r0, r7
10002ba6:	f000 fcdd 	bl	10003564 <__wrap___aeabi_uidiv>
10002baa:	b2cb      	uxtb	r3, r1
10002bac:	2909      	cmp	r1, #9
10002bae:	d9ed      	bls.n	10002b8c <_vsnprintf+0x240>
10002bb0:	9a0d      	ldr	r2, [sp, #52]	; 0x34
10002bb2:	4694      	mov	ip, r2
10002bb4:	4463      	add	r3, ip
10002bb6:	b2db      	uxtb	r3, r3
10002bb8:	e7ea      	b.n	10002b90 <_vsnprintf+0x244>
10002bba:	2380      	movs	r3, #128	; 0x80
10002bbc:	009b      	lsls	r3, r3, #2
10002bbe:	7870      	ldrb	r0, [r6, #1]
10002bc0:	4319      	orrs	r1, r3
10002bc2:	3601      	adds	r6, #1
10002bc4:	e72f      	b.n	10002a26 <_vsnprintf+0xda>
10002bc6:	7870      	ldrb	r0, [r6, #1]
10002bc8:	2868      	cmp	r0, #104	; 0x68
10002bca:	d100      	bne.n	10002bce <_vsnprintf+0x282>
10002bcc:	e1cd      	b.n	10002f6a <_vsnprintf+0x61e>
10002bce:	2380      	movs	r3, #128	; 0x80
10002bd0:	3601      	adds	r6, #1
10002bd2:	4319      	orrs	r1, r3
10002bd4:	e727      	b.n	10002a26 <_vsnprintf+0xda>
10002bd6:	7870      	ldrb	r0, [r6, #1]
10002bd8:	286c      	cmp	r0, #108	; 0x6c
10002bda:	d100      	bne.n	10002bde <_vsnprintf+0x292>
10002bdc:	e1bf      	b.n	10002f5e <_vsnprintf+0x612>
10002bde:	2380      	movs	r3, #128	; 0x80
10002be0:	005b      	lsls	r3, r3, #1
10002be2:	4319      	orrs	r1, r3
10002be4:	3601      	adds	r6, #1
10002be6:	e71e      	b.n	10002a26 <_vsnprintf+0xda>
10002be8:	2846      	cmp	r0, #70	; 0x46
10002bea:	d100      	bne.n	10002bee <_vsnprintf+0x2a2>
10002bec:	e19b      	b.n	10002f26 <_vsnprintf+0x5da>
10002bee:	2207      	movs	r2, #7
10002bf0:	9b09      	ldr	r3, [sp, #36]	; 0x24
10002bf2:	9104      	str	r1, [sp, #16]
10002bf4:	3307      	adds	r3, #7
10002bf6:	4393      	bics	r3, r2
10002bf8:	9a0a      	ldr	r2, [sp, #40]	; 0x28
10002bfa:	0019      	movs	r1, r3
10002bfc:	9203      	str	r2, [sp, #12]
10002bfe:	4642      	mov	r2, r8
10002c00:	9202      	str	r2, [sp, #8]
10002c02:	c90c      	ldmia	r1!, {r2, r3}
10002c04:	9808      	ldr	r0, [sp, #32]
10002c06:	9200      	str	r2, [sp, #0]
10002c08:	9301      	str	r3, [sp, #4]
10002c0a:	9109      	str	r1, [sp, #36]	; 0x24
10002c0c:	002a      	movs	r2, r5
10002c0e:	464b      	mov	r3, r9
10002c10:	0021      	movs	r1, r4
10002c12:	f7ff fccf 	bl	100025b4 <_ftoa>
10002c16:	3601      	adds	r6, #1
10002c18:	0005      	movs	r5, r0
10002c1a:	e6bc      	b.n	10002996 <_vsnprintf+0x4a>
10002c1c:	002a      	movs	r2, r5
10002c1e:	1c6f      	adds	r7, r5, #1
10002c20:	464b      	mov	r3, r9
10002c22:	9d08      	ldr	r5, [sp, #32]
10002c24:	0021      	movs	r1, r4
10002c26:	2025      	movs	r0, #37	; 0x25
10002c28:	47a8      	blx	r5
10002c2a:	3601      	adds	r6, #1
10002c2c:	003d      	movs	r5, r7
10002c2e:	e6b2      	b.n	10002996 <_vsnprintf+0x4a>
10002c30:	078b      	lsls	r3, r1, #30
10002c32:	d400      	bmi.n	10002c36 <_vsnprintf+0x2ea>
10002c34:	e1ad      	b.n	10002f92 <_vsnprintf+0x646>
10002c36:	9b09      	ldr	r3, [sp, #36]	; 0x24
10002c38:	002a      	movs	r2, r5
10002c3a:	469a      	mov	sl, r3
10002c3c:	1c6b      	adds	r3, r5, #1
10002c3e:	4698      	mov	r8, r3
10002c40:	4653      	mov	r3, sl
10002c42:	cb01      	ldmia	r3!, {r0}
10002c44:	0021      	movs	r1, r4
10002c46:	469a      	mov	sl, r3
10002c48:	9f08      	ldr	r7, [sp, #32]
10002c4a:	464b      	mov	r3, r9
10002c4c:	b2c0      	uxtb	r0, r0
10002c4e:	47b8      	blx	r7
10002c50:	9b0a      	ldr	r3, [sp, #40]	; 0x28
10002c52:	469c      	mov	ip, r3
10002c54:	4465      	add	r5, ip
10002c56:	2b01      	cmp	r3, #1
10002c58:	d800      	bhi.n	10002c5c <_vsnprintf+0x310>
10002c5a:	e286      	b.n	1000316a <_vsnprintf+0x81e>
10002c5c:	9b08      	ldr	r3, [sp, #32]
10002c5e:	4647      	mov	r7, r8
10002c60:	46b0      	mov	r8, r6
10002c62:	0026      	movs	r6, r4
10002c64:	464c      	mov	r4, r9
10002c66:	4699      	mov	r9, r3
10002c68:	003a      	movs	r2, r7
10002c6a:	0023      	movs	r3, r4
10002c6c:	3701      	adds	r7, #1
10002c6e:	0031      	movs	r1, r6
10002c70:	2020      	movs	r0, #32
10002c72:	47c8      	blx	r9
10002c74:	42af      	cmp	r7, r5
10002c76:	d1f7      	bne.n	10002c68 <_vsnprintf+0x31c>
10002c78:	46a1      	mov	r9, r4
10002c7a:	4653      	mov	r3, sl
10002c7c:	0034      	movs	r4, r6
10002c7e:	4646      	mov	r6, r8
10002c80:	9309      	str	r3, [sp, #36]	; 0x24
10002c82:	3601      	adds	r6, #1
10002c84:	e687      	b.n	10002996 <_vsnprintf+0x4a>
10002c86:	46c0      	nop			; (mov r8, r8)
10002c88:	1000294d 	.word	0x1000294d
10002c8c:	200024ec 	.word	0x200024ec
10002c90:	10007998 	.word	0x10007998
10002c94:	100079dc 	.word	0x100079dc
10002c98:	10007a28 	.word	0x10007a28
10002c9c:	9b09      	ldr	r3, [sp, #36]	; 0x24
10002c9e:	cb04      	ldmia	r3!, {r2}
10002ca0:	469b      	mov	fp, r3
10002ca2:	4643      	mov	r3, r8
10002ca4:	9209      	str	r2, [sp, #36]	; 0x24
10002ca6:	2b00      	cmp	r3, #0
10002ca8:	d100      	bne.n	10002cac <_vsnprintf+0x360>
10002caa:	e0c6      	b.n	10002e3a <_vsnprintf+0x4ee>
10002cac:	7813      	ldrb	r3, [r2, #0]
10002cae:	469c      	mov	ip, r3
10002cb0:	2b00      	cmp	r3, #0
10002cb2:	d100      	bne.n	10002cb6 <_vsnprintf+0x36a>
10002cb4:	e3bd      	b.n	10003432 <_vsnprintf+0xae6>
10002cb6:	4643      	mov	r3, r8
10002cb8:	3b01      	subs	r3, #1
10002cba:	9a09      	ldr	r2, [sp, #36]	; 0x24
10002cbc:	3301      	adds	r3, #1
10002cbe:	18d0      	adds	r0, r2, r3
10002cc0:	9f0a      	ldr	r7, [sp, #40]	; 0x28
10002cc2:	0013      	movs	r3, r2
10002cc4:	e001      	b.n	10002cca <_vsnprintf+0x37e>
10002cc6:	4283      	cmp	r3, r0
10002cc8:	d003      	beq.n	10002cd2 <_vsnprintf+0x386>
10002cca:	785a      	ldrb	r2, [r3, #1]
10002ccc:	3301      	adds	r3, #1
10002cce:	2a00      	cmp	r2, #0
10002cd0:	d1f9      	bne.n	10002cc6 <_vsnprintf+0x37a>
10002cd2:	9a09      	ldr	r2, [sp, #36]	; 0x24
10002cd4:	970a      	str	r7, [sp, #40]	; 0x28
10002cd6:	1a9b      	subs	r3, r3, r2
10002cd8:	930b      	str	r3, [sp, #44]	; 0x2c
10002cda:	2380      	movs	r3, #128	; 0x80
10002cdc:	000a      	movs	r2, r1
10002cde:	00db      	lsls	r3, r3, #3
10002ce0:	401a      	ands	r2, r3
10002ce2:	920c      	str	r2, [sp, #48]	; 0x30
10002ce4:	4219      	tst	r1, r3
10002ce6:	d004      	beq.n	10002cf2 <_vsnprintf+0x3a6>
10002ce8:	9b0b      	ldr	r3, [sp, #44]	; 0x2c
10002cea:	4543      	cmp	r3, r8
10002cec:	d901      	bls.n	10002cf2 <_vsnprintf+0x3a6>
10002cee:	4643      	mov	r3, r8
10002cf0:	930b      	str	r3, [sp, #44]	; 0x2c
10002cf2:	2302      	movs	r3, #2
10002cf4:	001a      	movs	r2, r3
10002cf6:	400a      	ands	r2, r1
10002cf8:	920d      	str	r2, [sp, #52]	; 0x34
10002cfa:	420b      	tst	r3, r1
10002cfc:	d100      	bne.n	10002d00 <_vsnprintf+0x3b4>
10002cfe:	e187      	b.n	10003010 <_vsnprintf+0x6c4>
10002d00:	4660      	mov	r0, ip
10002d02:	2800      	cmp	r0, #0
10002d04:	d100      	bne.n	10002d08 <_vsnprintf+0x3bc>
10002d06:	e168      	b.n	10002fda <_vsnprintf+0x68e>
10002d08:	9b0c      	ldr	r3, [sp, #48]	; 0x30
10002d0a:	2b00      	cmp	r3, #0
10002d0c:	d100      	bne.n	10002d10 <_vsnprintf+0x3c4>
10002d0e:	e10d      	b.n	10002f2c <_vsnprintf+0x5e0>
10002d10:	44a8      	add	r8, r5
10002d12:	46c2      	mov	sl, r8
10002d14:	9b09      	ldr	r3, [sp, #36]	; 0x24
10002d16:	4657      	mov	r7, sl
10002d18:	1b5b      	subs	r3, r3, r5
10002d1a:	4698      	mov	r8, r3
10002d1c:	9b08      	ldr	r3, [sp, #32]
10002d1e:	46b2      	mov	sl, r6
10002d20:	002a      	movs	r2, r5
10002d22:	0026      	movs	r6, r4
10002d24:	464c      	mov	r4, r9
10002d26:	4699      	mov	r9, r3
10002d28:	e009      	b.n	10002d3e <_vsnprintf+0x3f2>
10002d2a:	0023      	movs	r3, r4
10002d2c:	0031      	movs	r1, r6
10002d2e:	1c55      	adds	r5, r2, #1
10002d30:	47c8      	blx	r9
10002d32:	4643      	mov	r3, r8
10002d34:	5d58      	ldrb	r0, [r3, r5]
10002d36:	2800      	cmp	r0, #0
10002d38:	d100      	bne.n	10002d3c <_vsnprintf+0x3f0>
10002d3a:	e126      	b.n	10002f8a <_vsnprintf+0x63e>
10002d3c:	002a      	movs	r2, r5
10002d3e:	4297      	cmp	r7, r2
10002d40:	d1f3      	bne.n	10002d2a <_vsnprintf+0x3de>
10002d42:	46a1      	mov	r9, r4
10002d44:	003d      	movs	r5, r7
10002d46:	0034      	movs	r4, r6
10002d48:	4656      	mov	r6, sl
10002d4a:	9b0d      	ldr	r3, [sp, #52]	; 0x34
10002d4c:	2b00      	cmp	r3, #0
10002d4e:	d000      	beq.n	10002d52 <_vsnprintf+0x406>
10002d50:	e143      	b.n	10002fda <_vsnprintf+0x68e>
10002d52:	465b      	mov	r3, fp
10002d54:	3601      	adds	r6, #1
10002d56:	9309      	str	r3, [sp, #36]	; 0x24
10002d58:	e61d      	b.n	10002996 <_vsnprintf+0x4a>
10002d5a:	9b09      	ldr	r3, [sp, #36]	; 0x24
10002d5c:	001a      	movs	r2, r3
10002d5e:	ca08      	ldmia	r2!, {r3}
10002d60:	4692      	mov	sl, r2
10002d62:	2b00      	cmp	r3, #0
10002d64:	d048      	beq.n	10002df8 <_vsnprintf+0x4ac>
10002d66:	2221      	movs	r2, #33	; 0x21
10002d68:	4311      	orrs	r1, r2
10002d6a:	468b      	mov	fp, r1
10002d6c:	a80e      	add	r0, sp, #56	; 0x38
10002d6e:	4684      	mov	ip, r0
10002d70:	211f      	movs	r1, #31
10002d72:	4461      	add	r1, ip
10002d74:	9509      	str	r5, [sp, #36]	; 0x24
10002d76:	2200      	movs	r2, #0
10002d78:	270f      	movs	r7, #15
10002d7a:	46a4      	mov	ip, r4
10002d7c:	000d      	movs	r5, r1
10002d7e:	e002      	b.n	10002d86 <_vsnprintf+0x43a>
10002d80:	2a20      	cmp	r2, #32
10002d82:	d00c      	beq.n	10002d9e <_vsnprintf+0x452>
10002d84:	000b      	movs	r3, r1
10002d86:	003c      	movs	r4, r7
10002d88:	401c      	ands	r4, r3
10002d8a:	0020      	movs	r0, r4
10002d8c:	3037      	adds	r0, #55	; 0x37
10002d8e:	2c09      	cmp	r4, #9
10002d90:	d800      	bhi.n	10002d94 <_vsnprintf+0x448>
10002d92:	3807      	subs	r0, #7
10002d94:	3201      	adds	r2, #1
10002d96:	54a8      	strb	r0, [r5, r2]
10002d98:	0919      	lsrs	r1, r3, #4
10002d9a:	2b0f      	cmp	r3, #15
10002d9c:	d8f0      	bhi.n	10002d80 <_vsnprintf+0x434>
10002d9e:	4664      	mov	r4, ip
10002da0:	9d09      	ldr	r5, [sp, #36]	; 0x24
10002da2:	e032      	b.n	10002e0a <_vsnprintf+0x4be>
10002da4:	4bdc      	ldr	r3, [pc, #880]	; (10003118 <_vsnprintf+0x7cc>)
10002da6:	7820      	ldrb	r0, [r4, #0]
10002da8:	9308      	str	r3, [sp, #32]
10002daa:	2300      	movs	r3, #0
10002dac:	469a      	mov	sl, r3
10002dae:	2800      	cmp	r0, #0
10002db0:	d000      	beq.n	10002db4 <_vsnprintf+0x468>
10002db2:	e5e4      	b.n	1000297e <_vsnprintf+0x32>
10002db4:	2400      	movs	r4, #0
10002db6:	e665      	b.n	10002a84 <_vsnprintf+0x138>
10002db8:	4643      	mov	r3, r8
10002dba:	0006      	movs	r6, r0
10002dbc:	9f0a      	ldr	r7, [sp, #40]	; 0x28
10002dbe:	0098      	lsls	r0, r3, #2
10002dc0:	18c0      	adds	r0, r0, r3
10002dc2:	3201      	adds	r2, #1
10002dc4:	0040      	lsls	r0, r0, #1
10002dc6:	1980      	adds	r0, r0, r6
10002dc8:	7816      	ldrb	r6, [r2, #0]
10002dca:	0003      	movs	r3, r0
10002dcc:	0030      	movs	r0, r6
10002dce:	3830      	subs	r0, #48	; 0x30
10002dd0:	3b30      	subs	r3, #48	; 0x30
10002dd2:	2809      	cmp	r0, #9
10002dd4:	d9f3      	bls.n	10002dbe <_vsnprintf+0x472>
10002dd6:	0030      	movs	r0, r6
10002dd8:	4698      	mov	r8, r3
10002dda:	0016      	movs	r6, r2
10002ddc:	970a      	str	r7, [sp, #40]	; 0x28
10002dde:	e600      	b.n	100029e2 <_vsnprintf+0x96>
10002de0:	9b09      	ldr	r3, [sp, #36]	; 0x24
10002de2:	3602      	adds	r6, #2
10002de4:	cb04      	ldmia	r3!, {r2}
10002de6:	4690      	mov	r8, r2
10002de8:	43d2      	mvns	r2, r2
10002dea:	4640      	mov	r0, r8
10002dec:	17d2      	asrs	r2, r2, #31
10002dee:	4010      	ands	r0, r2
10002df0:	4680      	mov	r8, r0
10002df2:	9309      	str	r3, [sp, #36]	; 0x24
10002df4:	7830      	ldrb	r0, [r6, #0]
10002df6:	e5f4      	b.n	100029e2 <_vsnprintf+0x96>
10002df8:	2210      	movs	r2, #16
10002dfa:	0008      	movs	r0, r1
10002dfc:	4390      	bics	r0, r2
10002dfe:	3211      	adds	r2, #17
10002e00:	4310      	orrs	r0, r2
10002e02:	4683      	mov	fp, r0
10002e04:	2200      	movs	r2, #0
10002e06:	0549      	lsls	r1, r1, #21
10002e08:	d5b0      	bpl.n	10002d6c <_vsnprintf+0x420>
10002e0a:	465b      	mov	r3, fp
10002e0c:	9306      	str	r3, [sp, #24]
10002e0e:	2308      	movs	r3, #8
10002e10:	9305      	str	r3, [sp, #20]
10002e12:	4643      	mov	r3, r8
10002e14:	9304      	str	r3, [sp, #16]
10002e16:	2310      	movs	r3, #16
10002e18:	9303      	str	r3, [sp, #12]
10002e1a:	2300      	movs	r3, #0
10002e1c:	9302      	str	r3, [sp, #8]
10002e1e:	ab16      	add	r3, sp, #88	; 0x58
10002e20:	9201      	str	r2, [sp, #4]
10002e22:	9300      	str	r3, [sp, #0]
10002e24:	002a      	movs	r2, r5
10002e26:	464b      	mov	r3, r9
10002e28:	0021      	movs	r1, r4
10002e2a:	9808      	ldr	r0, [sp, #32]
10002e2c:	f7ff f8a6 	bl	10001f7c <_ntoa_format>
10002e30:	4653      	mov	r3, sl
10002e32:	0005      	movs	r5, r0
10002e34:	3601      	adds	r6, #1
10002e36:	9309      	str	r3, [sp, #36]	; 0x24
10002e38:	e5ad      	b.n	10002996 <_vsnprintf+0x4a>
10002e3a:	7813      	ldrb	r3, [r2, #0]
10002e3c:	469c      	mov	ip, r3
10002e3e:	2b00      	cmp	r3, #0
10002e40:	d100      	bne.n	10002e44 <_vsnprintf+0x4f8>
10002e42:	e2f7      	b.n	10003434 <_vsnprintf+0xae8>
10002e44:	2302      	movs	r3, #2
10002e46:	425b      	negs	r3, r3
10002e48:	e737      	b.n	10002cba <_vsnprintf+0x36e>
10002e4a:	2320      	movs	r3, #32
10002e4c:	0002      	movs	r2, r0
10002e4e:	439a      	bics	r2, r3
10002e50:	2a47      	cmp	r2, #71	; 0x47
10002e52:	d104      	bne.n	10002e5e <_vsnprintf+0x512>
10002e54:	2380      	movs	r3, #128	; 0x80
10002e56:	011b      	lsls	r3, r3, #4
10002e58:	4319      	orrs	r1, r3
10002e5a:	2302      	movs	r3, #2
10002e5c:	4398      	bics	r0, r3
10002e5e:	2845      	cmp	r0, #69	; 0x45
10002e60:	d101      	bne.n	10002e66 <_vsnprintf+0x51a>
10002e62:	2320      	movs	r3, #32
10002e64:	4319      	orrs	r1, r3
10002e66:	2207      	movs	r2, #7
10002e68:	9b09      	ldr	r3, [sp, #36]	; 0x24
10002e6a:	9104      	str	r1, [sp, #16]
10002e6c:	3307      	adds	r3, #7
10002e6e:	4393      	bics	r3, r2
10002e70:	9a0a      	ldr	r2, [sp, #40]	; 0x28
10002e72:	0019      	movs	r1, r3
10002e74:	9203      	str	r2, [sp, #12]
10002e76:	4642      	mov	r2, r8
10002e78:	9202      	str	r2, [sp, #8]
10002e7a:	c90c      	ldmia	r1!, {r2, r3}
10002e7c:	9808      	ldr	r0, [sp, #32]
10002e7e:	9200      	str	r2, [sp, #0]
10002e80:	9301      	str	r3, [sp, #4]
10002e82:	9109      	str	r1, [sp, #36]	; 0x24
10002e84:	002a      	movs	r2, r5
10002e86:	464b      	mov	r3, r9
10002e88:	0021      	movs	r1, r4
10002e8a:	f7ff f96d 	bl	10002168 <_etoa>
10002e8e:	3601      	adds	r6, #1
10002e90:	0005      	movs	r5, r0
10002e92:	e580      	b.n	10002996 <_vsnprintf+0x4a>
10002e94:	2310      	movs	r3, #16
10002e96:	930c      	str	r3, [sp, #48]	; 0x30
10002e98:	230c      	movs	r3, #12
10002e9a:	000a      	movs	r2, r1
10002e9c:	439a      	bics	r2, r3
10002e9e:	920b      	str	r2, [sp, #44]	; 0x2c
10002ea0:	054b      	lsls	r3, r1, #21
10002ea2:	d503      	bpl.n	10002eac <_vsnprintf+0x560>
10002ea4:	2301      	movs	r3, #1
10002ea6:	9a0b      	ldr	r2, [sp, #44]	; 0x2c
10002ea8:	439a      	bics	r2, r3
10002eaa:	920b      	str	r2, [sp, #44]	; 0x2c
10002eac:	2869      	cmp	r0, #105	; 0x69
10002eae:	d100      	bne.n	10002eb2 <_vsnprintf+0x566>
10002eb0:	e627      	b.n	10002b02 <_vsnprintf+0x1b6>
10002eb2:	2864      	cmp	r0, #100	; 0x64
10002eb4:	d100      	bne.n	10002eb8 <_vsnprintf+0x56c>
10002eb6:	e624      	b.n	10002b02 <_vsnprintf+0x1b6>
10002eb8:	9a0b      	ldr	r2, [sp, #44]	; 0x2c
10002eba:	2380      	movs	r3, #128	; 0x80
10002ebc:	0011      	movs	r1, r2
10002ebe:	009b      	lsls	r3, r3, #2
10002ec0:	4019      	ands	r1, r3
10002ec2:	468b      	mov	fp, r1
10002ec4:	421a      	tst	r2, r3
10002ec6:	d000      	beq.n	10002eca <_vsnprintf+0x57e>
10002ec8:	e166      	b.n	10003198 <_vsnprintf+0x84c>
10002eca:	2380      	movs	r3, #128	; 0x80
10002ecc:	0011      	movs	r1, r2
10002ece:	005b      	lsls	r3, r3, #1
10002ed0:	4019      	ands	r1, r3
10002ed2:	468a      	mov	sl, r1
10002ed4:	421a      	tst	r2, r3
10002ed6:	d000      	beq.n	10002eda <_vsnprintf+0x58e>
10002ed8:	e239      	b.n	1000334e <_vsnprintf+0xa02>
10002eda:	0013      	movs	r3, r2
10002edc:	065b      	lsls	r3, r3, #25
10002ede:	d500      	bpl.n	10002ee2 <_vsnprintf+0x596>
10002ee0:	e13c      	b.n	1000315c <_vsnprintf+0x810>
10002ee2:	0013      	movs	r3, r2
10002ee4:	061b      	lsls	r3, r3, #24
10002ee6:	d400      	bmi.n	10002eea <_vsnprintf+0x59e>
10002ee8:	e2a6      	b.n	10003438 <_vsnprintf+0xaec>
10002eea:	9b09      	ldr	r3, [sp, #36]	; 0x24
10002eec:	cb04      	ldmia	r3!, {r2}
10002eee:	0412      	lsls	r2, r2, #16
10002ef0:	0c12      	lsrs	r2, r2, #16
10002ef2:	4693      	mov	fp, r2
10002ef4:	9309      	str	r3, [sp, #36]	; 0x24
10002ef6:	465b      	mov	r3, fp
10002ef8:	2b00      	cmp	r3, #0
10002efa:	d000      	beq.n	10002efe <_vsnprintf+0x5b2>
10002efc:	e19a      	b.n	10003234 <_vsnprintf+0x8e8>
10002efe:	9a0b      	ldr	r2, [sp, #44]	; 0x2c
10002f00:	3310      	adds	r3, #16
10002f02:	0011      	movs	r1, r2
10002f04:	4399      	bics	r1, r3
10002f06:	910b      	str	r1, [sp, #44]	; 0x2c
10002f08:	0552      	lsls	r2, r2, #21
10002f0a:	d400      	bmi.n	10002f0e <_vsnprintf+0x5c2>
10002f0c:	e192      	b.n	10003234 <_vsnprintf+0x8e8>
10002f0e:	2300      	movs	r3, #0
10002f10:	469a      	mov	sl, r3
10002f12:	9b0b      	ldr	r3, [sp, #44]	; 0x2c
10002f14:	9306      	str	r3, [sp, #24]
10002f16:	9b0a      	ldr	r3, [sp, #40]	; 0x28
10002f18:	9305      	str	r3, [sp, #20]
10002f1a:	4643      	mov	r3, r8
10002f1c:	9304      	str	r3, [sp, #16]
10002f1e:	9b0c      	ldr	r3, [sp, #48]	; 0x30
10002f20:	9303      	str	r3, [sp, #12]
10002f22:	2300      	movs	r3, #0
10002f24:	e10c      	b.n	10003140 <_vsnprintf+0x7f4>
10002f26:	2320      	movs	r3, #32
10002f28:	4319      	orrs	r1, r3
10002f2a:	e660      	b.n	10002bee <_vsnprintf+0x2a2>
10002f2c:	9b09      	ldr	r3, [sp, #36]	; 0x24
10002f2e:	9a0a      	ldr	r2, [sp, #40]	; 0x28
10002f30:	1b5b      	subs	r3, r3, r5
10002f32:	4698      	mov	r8, r3
10002f34:	464b      	mov	r3, r9
10002f36:	4691      	mov	r9, r2
10002f38:	001f      	movs	r7, r3
10002f3a:	46b2      	mov	sl, r6
10002f3c:	0026      	movs	r6, r4
10002f3e:	9c08      	ldr	r4, [sp, #32]
10002f40:	002a      	movs	r2, r5
10002f42:	003b      	movs	r3, r7
10002f44:	0031      	movs	r1, r6
10002f46:	47a0      	blx	r4
10002f48:	4643      	mov	r3, r8
10002f4a:	3501      	adds	r5, #1
10002f4c:	5d58      	ldrb	r0, [r3, r5]
10002f4e:	2800      	cmp	r0, #0
10002f50:	d1f6      	bne.n	10002f40 <_vsnprintf+0x5f4>
10002f52:	464a      	mov	r2, r9
10002f54:	0034      	movs	r4, r6
10002f56:	46b9      	mov	r9, r7
10002f58:	4656      	mov	r6, sl
10002f5a:	920a      	str	r2, [sp, #40]	; 0x28
10002f5c:	e6f5      	b.n	10002d4a <_vsnprintf+0x3fe>
10002f5e:	23c0      	movs	r3, #192	; 0xc0
10002f60:	009b      	lsls	r3, r3, #2
10002f62:	78b0      	ldrb	r0, [r6, #2]
10002f64:	4319      	orrs	r1, r3
10002f66:	3602      	adds	r6, #2
10002f68:	e55d      	b.n	10002a26 <_vsnprintf+0xda>
10002f6a:	23c0      	movs	r3, #192	; 0xc0
10002f6c:	78b0      	ldrb	r0, [r6, #2]
10002f6e:	4319      	orrs	r1, r3
10002f70:	3602      	adds	r6, #2
10002f72:	e558      	b.n	10002a26 <_vsnprintf+0xda>
10002f74:	230c      	movs	r3, #12
10002f76:	000a      	movs	r2, r1
10002f78:	439a      	bics	r2, r3
10002f7a:	3314      	adds	r3, #20
10002f7c:	431a      	orrs	r2, r3
10002f7e:	3b10      	subs	r3, #16
10002f80:	920b      	str	r2, [sp, #44]	; 0x2c
10002f82:	930c      	str	r3, [sp, #48]	; 0x30
10002f84:	054b      	lsls	r3, r1, #21
10002f86:	d48d      	bmi.n	10002ea4 <_vsnprintf+0x558>
10002f88:	e796      	b.n	10002eb8 <_vsnprintf+0x56c>
10002f8a:	46a1      	mov	r9, r4
10002f8c:	0034      	movs	r4, r6
10002f8e:	4656      	mov	r6, sl
10002f90:	e6db      	b.n	10002d4a <_vsnprintf+0x3fe>
10002f92:	9a0a      	ldr	r2, [sp, #40]	; 0x28
10002f94:	2a01      	cmp	r2, #1
10002f96:	d800      	bhi.n	10002f9a <_vsnprintf+0x64e>
10002f98:	e253      	b.n	10003442 <_vsnprintf+0xaf6>
10002f9a:	1e6b      	subs	r3, r5, #1
10002f9c:	189f      	adds	r7, r3, r2
10002f9e:	9b08      	ldr	r3, [sp, #32]
10002fa0:	46b0      	mov	r8, r6
10002fa2:	0026      	movs	r6, r4
10002fa4:	464c      	mov	r4, r9
10002fa6:	4699      	mov	r9, r3
10002fa8:	002a      	movs	r2, r5
10002faa:	0023      	movs	r3, r4
10002fac:	3501      	adds	r5, #1
10002fae:	0031      	movs	r1, r6
10002fb0:	2020      	movs	r0, #32
10002fb2:	47c8      	blx	r9
10002fb4:	42bd      	cmp	r5, r7
10002fb6:	d1f7      	bne.n	10002fa8 <_vsnprintf+0x65c>
10002fb8:	46a1      	mov	r9, r4
10002fba:	0034      	movs	r4, r6
10002fbc:	4646      	mov	r6, r8
10002fbe:	9b09      	ldr	r3, [sp, #36]	; 0x24
10002fc0:	003a      	movs	r2, r7
10002fc2:	cb01      	ldmia	r3!, {r0}
10002fc4:	0021      	movs	r1, r4
10002fc6:	4698      	mov	r8, r3
10002fc8:	1c7d      	adds	r5, r7, #1
10002fca:	464b      	mov	r3, r9
10002fcc:	9f08      	ldr	r7, [sp, #32]
10002fce:	b2c0      	uxtb	r0, r0
10002fd0:	47b8      	blx	r7
10002fd2:	4643      	mov	r3, r8
10002fd4:	3601      	adds	r6, #1
10002fd6:	9309      	str	r3, [sp, #36]	; 0x24
10002fd8:	e4dd      	b.n	10002996 <_vsnprintf+0x4a>
10002fda:	9b0b      	ldr	r3, [sp, #44]	; 0x2c
10002fdc:	9a0a      	ldr	r2, [sp, #40]	; 0x28
10002fde:	46a8      	mov	r8, r5
10002fe0:	429a      	cmp	r2, r3
10002fe2:	d800      	bhi.n	10002fe6 <_vsnprintf+0x69a>
10002fe4:	e6b5      	b.n	10002d52 <_vsnprintf+0x406>
10002fe6:	4694      	mov	ip, r2
10002fe8:	4465      	add	r5, ip
10002fea:	1aed      	subs	r5, r5, r3
10002fec:	9b08      	ldr	r3, [sp, #32]
10002fee:	4647      	mov	r7, r8
10002ff0:	46b0      	mov	r8, r6
10002ff2:	0026      	movs	r6, r4
10002ff4:	464c      	mov	r4, r9
10002ff6:	4699      	mov	r9, r3
10002ff8:	003a      	movs	r2, r7
10002ffa:	0023      	movs	r3, r4
10002ffc:	3701      	adds	r7, #1
10002ffe:	0031      	movs	r1, r6
10003000:	2020      	movs	r0, #32
10003002:	47c8      	blx	r9
10003004:	42af      	cmp	r7, r5
10003006:	d1f7      	bne.n	10002ff8 <_vsnprintf+0x6ac>
10003008:	46a1      	mov	r9, r4
1000300a:	0034      	movs	r4, r6
1000300c:	4646      	mov	r6, r8
1000300e:	e6a0      	b.n	10002d52 <_vsnprintf+0x406>
10003010:	9a0b      	ldr	r2, [sp, #44]	; 0x2c
10003012:	990a      	ldr	r1, [sp, #40]	; 0x28
10003014:	1c53      	adds	r3, r2, #1
10003016:	4291      	cmp	r1, r2
10003018:	d800      	bhi.n	1000301c <_vsnprintf+0x6d0>
1000301a:	e214      	b.n	10003446 <_vsnprintf+0xafa>
1000301c:	194b      	adds	r3, r1, r5
1000301e:	1a9b      	subs	r3, r3, r2
10003020:	001f      	movs	r7, r3
10003022:	9b08      	ldr	r3, [sp, #32]
10003024:	46b2      	mov	sl, r6
10003026:	0026      	movs	r6, r4
10003028:	464c      	mov	r4, r9
1000302a:	4699      	mov	r9, r3
1000302c:	002a      	movs	r2, r5
1000302e:	0023      	movs	r3, r4
10003030:	3501      	adds	r5, #1
10003032:	0031      	movs	r1, r6
10003034:	2020      	movs	r0, #32
10003036:	47c8      	blx	r9
10003038:	42bd      	cmp	r5, r7
1000303a:	d1f7      	bne.n	1000302c <_vsnprintf+0x6e0>
1000303c:	9b0a      	ldr	r3, [sp, #40]	; 0x28
1000303e:	46a1      	mov	r9, r4
10003040:	3301      	adds	r3, #1
10003042:	930b      	str	r3, [sp, #44]	; 0x2c
10003044:	9b09      	ldr	r3, [sp, #36]	; 0x24
10003046:	0034      	movs	r4, r6
10003048:	781b      	ldrb	r3, [r3, #0]
1000304a:	4656      	mov	r6, sl
1000304c:	469c      	mov	ip, r3
1000304e:	4660      	mov	r0, ip
10003050:	2800      	cmp	r0, #0
10003052:	d000      	beq.n	10003056 <_vsnprintf+0x70a>
10003054:	e658      	b.n	10002d08 <_vsnprintf+0x3bc>
10003056:	e67c      	b.n	10002d52 <_vsnprintf+0x406>
10003058:	2207      	movs	r2, #7
1000305a:	9b09      	ldr	r3, [sp, #36]	; 0x24
1000305c:	3307      	adds	r3, #7
1000305e:	4393      	bics	r3, r2
10003060:	3201      	adds	r2, #1
10003062:	4694      	mov	ip, r2
10003064:	449c      	add	ip, r3
10003066:	4662      	mov	r2, ip
10003068:	685f      	ldr	r7, [r3, #4]
1000306a:	9209      	str	r2, [sp, #36]	; 0x24
1000306c:	681a      	ldr	r2, [r3, #0]
1000306e:	17fb      	asrs	r3, r7, #31
10003070:	9310      	str	r3, [sp, #64]	; 0x40
10003072:	9311      	str	r3, [sp, #68]	; 0x44
10003074:	9810      	ldr	r0, [sp, #64]	; 0x40
10003076:	9911      	ldr	r1, [sp, #68]	; 0x44
10003078:	0003      	movs	r3, r0
1000307a:	4053      	eors	r3, r2
1000307c:	930e      	str	r3, [sp, #56]	; 0x38
1000307e:	000b      	movs	r3, r1
10003080:	407b      	eors	r3, r7
10003082:	930f      	str	r3, [sp, #60]	; 0x3c
10003084:	4694      	mov	ip, r2
10003086:	9a0e      	ldr	r2, [sp, #56]	; 0x38
10003088:	9b0f      	ldr	r3, [sp, #60]	; 0x3c
1000308a:	1a12      	subs	r2, r2, r0
1000308c:	418b      	sbcs	r3, r1
1000308e:	920e      	str	r2, [sp, #56]	; 0x38
10003090:	930f      	str	r3, [sp, #60]	; 0x3c
10003092:	0ffb      	lsrs	r3, r7, #31
10003094:	4662      	mov	r2, ip
10003096:	9312      	str	r3, [sp, #72]	; 0x48
10003098:	2300      	movs	r3, #0
1000309a:	433a      	orrs	r2, r7
1000309c:	469b      	mov	fp, r3
1000309e:	d03d      	beq.n	1000311c <_vsnprintf+0x7d0>
100030a0:	9a0b      	ldr	r2, [sp, #44]	; 0x2c
100030a2:	2361      	movs	r3, #97	; 0x61
100030a4:	0692      	lsls	r2, r2, #26
100030a6:	d500      	bpl.n	100030aa <_vsnprintf+0x75e>
100030a8:	2341      	movs	r3, #65	; 0x41
100030aa:	2200      	movs	r2, #0
100030ac:	b2db      	uxtb	r3, r3
100030ae:	a90e      	add	r1, sp, #56	; 0x38
100030b0:	3b0a      	subs	r3, #10
100030b2:	468c      	mov	ip, r1
100030b4:	4692      	mov	sl, r2
100030b6:	930d      	str	r3, [sp, #52]	; 0x34
100030b8:	4643      	mov	r3, r8
100030ba:	321f      	adds	r2, #31
100030bc:	4462      	add	r2, ip
100030be:	9513      	str	r5, [sp, #76]	; 0x4c
100030c0:	9615      	str	r6, [sp, #84]	; 0x54
100030c2:	4655      	mov	r5, sl
100030c4:	9e0e      	ldr	r6, [sp, #56]	; 0x38
100030c6:	9f0f      	ldr	r7, [sp, #60]	; 0x3c
100030c8:	46a2      	mov	sl, r4
100030ca:	4690      	mov	r8, r2
100030cc:	9c0c      	ldr	r4, [sp, #48]	; 0x30
100030ce:	9314      	str	r3, [sp, #80]	; 0x50
100030d0:	e00c      	b.n	100030ec <_vsnprintf+0x7a0>
100030d2:	3230      	adds	r2, #48	; 0x30
100030d4:	b2d2      	uxtb	r2, r2
100030d6:	4643      	mov	r3, r8
100030d8:	3501      	adds	r5, #1
100030da:	555a      	strb	r2, [r3, r5]
100030dc:	45bb      	cmp	fp, r7
100030de:	d100      	bne.n	100030e2 <_vsnprintf+0x796>
100030e0:	e18a      	b.n	100033f8 <_vsnprintf+0xaac>
100030e2:	2d20      	cmp	r5, #32
100030e4:	d100      	bne.n	100030e8 <_vsnprintf+0x79c>
100030e6:	e18a      	b.n	100033fe <_vsnprintf+0xab2>
100030e8:	0006      	movs	r6, r0
100030ea:	000f      	movs	r7, r1
100030ec:	0022      	movs	r2, r4
100030ee:	2300      	movs	r3, #0
100030f0:	0030      	movs	r0, r6
100030f2:	0039      	movs	r1, r7
100030f4:	f000 fa78 	bl	100035e8 <__wrap___aeabi_uldivmod>
100030f8:	b2d2      	uxtb	r2, r2
100030fa:	2a09      	cmp	r2, #9
100030fc:	d9e9      	bls.n	100030d2 <_vsnprintf+0x786>
100030fe:	9b0d      	ldr	r3, [sp, #52]	; 0x34
10003100:	469c      	mov	ip, r3
10003102:	4462      	add	r2, ip
10003104:	b2d2      	uxtb	r2, r2
10003106:	e7e6      	b.n	100030d6 <_vsnprintf+0x78a>
10003108:	23ff      	movs	r3, #255	; 0xff
1000310a:	9909      	ldr	r1, [sp, #36]	; 0x24
1000310c:	c904      	ldmia	r1!, {r2}
1000310e:	4013      	ands	r3, r2
10003110:	001a      	movs	r2, r3
10003112:	9109      	str	r1, [sp, #36]	; 0x24
10003114:	e517      	b.n	10002b46 <_vsnprintf+0x1fa>
10003116:	46c0      	nop			; (mov r8, r8)
10003118:	10001edd 	.word	0x10001edd
1000311c:	9a0b      	ldr	r2, [sp, #44]	; 0x2c
1000311e:	3310      	adds	r3, #16
10003120:	0011      	movs	r1, r2
10003122:	4399      	bics	r1, r3
10003124:	910b      	str	r1, [sp, #44]	; 0x2c
10003126:	0552      	lsls	r2, r2, #21
10003128:	d5ba      	bpl.n	100030a0 <_vsnprintf+0x754>
1000312a:	2300      	movs	r3, #0
1000312c:	469a      	mov	sl, r3
1000312e:	9b0b      	ldr	r3, [sp, #44]	; 0x2c
10003130:	9306      	str	r3, [sp, #24]
10003132:	9b0a      	ldr	r3, [sp, #40]	; 0x28
10003134:	9305      	str	r3, [sp, #20]
10003136:	4643      	mov	r3, r8
10003138:	9304      	str	r3, [sp, #16]
1000313a:	9b0c      	ldr	r3, [sp, #48]	; 0x30
1000313c:	9303      	str	r3, [sp, #12]
1000313e:	9b12      	ldr	r3, [sp, #72]	; 0x48
10003140:	9302      	str	r3, [sp, #8]
10003142:	4653      	mov	r3, sl
10003144:	9301      	str	r3, [sp, #4]
10003146:	ab16      	add	r3, sp, #88	; 0x58
10003148:	002a      	movs	r2, r5
1000314a:	9300      	str	r3, [sp, #0]
1000314c:	0021      	movs	r1, r4
1000314e:	464b      	mov	r3, r9
10003150:	9808      	ldr	r0, [sp, #32]
10003152:	f7fe ff13 	bl	10001f7c <_ntoa_format>
10003156:	3601      	adds	r6, #1
10003158:	0005      	movs	r5, r0
1000315a:	e41c      	b.n	10002996 <_vsnprintf+0x4a>
1000315c:	22ff      	movs	r2, #255	; 0xff
1000315e:	9b09      	ldr	r3, [sp, #36]	; 0x24
10003160:	cb02      	ldmia	r3!, {r1}
10003162:	4011      	ands	r1, r2
10003164:	468b      	mov	fp, r1
10003166:	9309      	str	r3, [sp, #36]	; 0x24
10003168:	e6c5      	b.n	10002ef6 <_vsnprintf+0x5aa>
1000316a:	4653      	mov	r3, sl
1000316c:	4645      	mov	r5, r8
1000316e:	9309      	str	r3, [sp, #36]	; 0x24
10003170:	3601      	adds	r6, #1
10003172:	f7ff fc10 	bl	10002996 <_vsnprintf+0x4a>
10003176:	4656      	mov	r6, sl
10003178:	465c      	mov	r4, fp
1000317a:	46aa      	mov	sl, r5
1000317c:	9d13      	ldr	r5, [sp, #76]	; 0x4c
1000317e:	e7d6      	b.n	1000312e <_vsnprintf+0x7e2>
10003180:	2308      	movs	r3, #8
10003182:	930c      	str	r3, [sp, #48]	; 0x30
10003184:	910b      	str	r1, [sp, #44]	; 0x2c
10003186:	990b      	ldr	r1, [sp, #44]	; 0x2c
10003188:	2864      	cmp	r0, #100	; 0x64
1000318a:	d000      	beq.n	1000318e <_vsnprintf+0x842>
1000318c:	e684      	b.n	10002e98 <_vsnprintf+0x54c>
1000318e:	9b0b      	ldr	r3, [sp, #44]	; 0x2c
10003190:	055b      	lsls	r3, r3, #21
10003192:	d500      	bpl.n	10003196 <_vsnprintf+0x84a>
10003194:	e686      	b.n	10002ea4 <_vsnprintf+0x558>
10003196:	e4b4      	b.n	10002b02 <_vsnprintf+0x1b6>
10003198:	2207      	movs	r2, #7
1000319a:	9b09      	ldr	r3, [sp, #36]	; 0x24
1000319c:	3307      	adds	r3, #7
1000319e:	4393      	bics	r3, r2
100031a0:	3201      	adds	r2, #1
100031a2:	4694      	mov	ip, r2
100031a4:	449c      	add	ip, r3
100031a6:	4662      	mov	r2, ip
100031a8:	9209      	str	r2, [sp, #36]	; 0x24
100031aa:	681a      	ldr	r2, [r3, #0]
100031ac:	685b      	ldr	r3, [r3, #4]
100031ae:	0010      	movs	r0, r2
100031b0:	469b      	mov	fp, r3
100031b2:	0013      	movs	r3, r2
100031b4:	465a      	mov	r2, fp
100031b6:	4313      	orrs	r3, r2
100031b8:	d107      	bne.n	100031ca <_vsnprintf+0x87e>
100031ba:	9a0b      	ldr	r2, [sp, #44]	; 0x2c
100031bc:	3310      	adds	r3, #16
100031be:	0011      	movs	r1, r2
100031c0:	4399      	bics	r1, r3
100031c2:	910b      	str	r1, [sp, #44]	; 0x2c
100031c4:	0552      	lsls	r2, r2, #21
100031c6:	d500      	bpl.n	100031ca <_vsnprintf+0x87e>
100031c8:	e6a1      	b.n	10002f0e <_vsnprintf+0x5c2>
100031ca:	9a0b      	ldr	r2, [sp, #44]	; 0x2c
100031cc:	2361      	movs	r3, #97	; 0x61
100031ce:	0692      	lsls	r2, r2, #26
100031d0:	d500      	bpl.n	100031d4 <_vsnprintf+0x888>
100031d2:	2341      	movs	r3, #65	; 0x41
100031d4:	2200      	movs	r2, #0
100031d6:	b2db      	uxtb	r3, r3
100031d8:	a90e      	add	r1, sp, #56	; 0x38
100031da:	3b0a      	subs	r3, #10
100031dc:	468c      	mov	ip, r1
100031de:	4692      	mov	sl, r2
100031e0:	930d      	str	r3, [sp, #52]	; 0x34
100031e2:	4643      	mov	r3, r8
100031e4:	321f      	adds	r2, #31
100031e6:	4462      	add	r2, ip
100031e8:	465f      	mov	r7, fp
100031ea:	9512      	str	r5, [sp, #72]	; 0x48
100031ec:	46a3      	mov	fp, r4
100031ee:	4655      	mov	r5, sl
100031f0:	0004      	movs	r4, r0
100031f2:	46b2      	mov	sl, r6
100031f4:	4690      	mov	r8, r2
100031f6:	9e0c      	ldr	r6, [sp, #48]	; 0x30
100031f8:	9313      	str	r3, [sp, #76]	; 0x4c
100031fa:	e00d      	b.n	10003218 <_vsnprintf+0x8cc>
100031fc:	3230      	adds	r2, #48	; 0x30
100031fe:	b2d2      	uxtb	r2, r2
10003200:	4643      	mov	r3, r8
10003202:	3501      	adds	r5, #1
10003204:	555a      	strb	r2, [r3, r5]
10003206:	2300      	movs	r3, #0
10003208:	42bb      	cmp	r3, r7
1000320a:	d100      	bne.n	1000320e <_vsnprintf+0x8c2>
1000320c:	e100      	b.n	10003410 <_vsnprintf+0xac4>
1000320e:	2d20      	cmp	r5, #32
10003210:	d100      	bne.n	10003214 <_vsnprintf+0x8c8>
10003212:	e100      	b.n	10003416 <_vsnprintf+0xaca>
10003214:	0004      	movs	r4, r0
10003216:	000f      	movs	r7, r1
10003218:	0032      	movs	r2, r6
1000321a:	2300      	movs	r3, #0
1000321c:	0020      	movs	r0, r4
1000321e:	0039      	movs	r1, r7
10003220:	f000 f9e2 	bl	100035e8 <__wrap___aeabi_uldivmod>
10003224:	b2d2      	uxtb	r2, r2
10003226:	2a09      	cmp	r2, #9
10003228:	d9e8      	bls.n	100031fc <_vsnprintf+0x8b0>
1000322a:	9b0d      	ldr	r3, [sp, #52]	; 0x34
1000322c:	469c      	mov	ip, r3
1000322e:	4462      	add	r2, ip
10003230:	b2d2      	uxtb	r2, r2
10003232:	e7e5      	b.n	10003200 <_vsnprintf+0x8b4>
10003234:	9a0b      	ldr	r2, [sp, #44]	; 0x2c
10003236:	2361      	movs	r3, #97	; 0x61
10003238:	0692      	lsls	r2, r2, #26
1000323a:	d500      	bpl.n	1000323e <_vsnprintf+0x8f2>
1000323c:	2341      	movs	r3, #65	; 0x41
1000323e:	b2db      	uxtb	r3, r3
10003240:	a90e      	add	r1, sp, #56	; 0x38
10003242:	3b0a      	subs	r3, #10
10003244:	221f      	movs	r2, #31
10003246:	468c      	mov	ip, r1
10003248:	930d      	str	r3, [sp, #52]	; 0x34
1000324a:	0023      	movs	r3, r4
1000324c:	4462      	add	r2, ip
1000324e:	465c      	mov	r4, fp
10003250:	9512      	str	r5, [sp, #72]	; 0x48
10003252:	0017      	movs	r7, r2
10003254:	4655      	mov	r5, sl
10003256:	469b      	mov	fp, r3
10003258:	46b2      	mov	sl, r6
1000325a:	9e0c      	ldr	r6, [sp, #48]	; 0x30
1000325c:	e008      	b.n	10003270 <_vsnprintf+0x924>
1000325e:	3330      	adds	r3, #48	; 0x30
10003260:	b2db      	uxtb	r3, r3
10003262:	3501      	adds	r5, #1
10003264:	557b      	strb	r3, [r7, r5]
10003266:	42b4      	cmp	r4, r6
10003268:	d30e      	bcc.n	10003288 <_vsnprintf+0x93c>
1000326a:	2d20      	cmp	r5, #32
1000326c:	d00c      	beq.n	10003288 <_vsnprintf+0x93c>
1000326e:	0004      	movs	r4, r0
10003270:	0031      	movs	r1, r6
10003272:	0020      	movs	r0, r4
10003274:	f000 f976 	bl	10003564 <__wrap___aeabi_uidiv>
10003278:	b2cb      	uxtb	r3, r1
1000327a:	2909      	cmp	r1, #9
1000327c:	d9ef      	bls.n	1000325e <_vsnprintf+0x912>
1000327e:	9a0d      	ldr	r2, [sp, #52]	; 0x34
10003280:	4694      	mov	ip, r2
10003282:	4463      	add	r3, ip
10003284:	b2db      	uxtb	r3, r3
10003286:	e7ec      	b.n	10003262 <_vsnprintf+0x916>
10003288:	4656      	mov	r6, sl
1000328a:	465c      	mov	r4, fp
1000328c:	46aa      	mov	sl, r5
1000328e:	9d12      	ldr	r5, [sp, #72]	; 0x48
10003290:	e63f      	b.n	10002f12 <_vsnprintf+0x5c6>
10003292:	9b09      	ldr	r3, [sp, #36]	; 0x24
10003294:	001a      	movs	r2, r3
10003296:	ca08      	ldmia	r2!, {r3}
10003298:	17d9      	asrs	r1, r3, #31
1000329a:	9213      	str	r2, [sp, #76]	; 0x4c
1000329c:	185a      	adds	r2, r3, r1
1000329e:	404a      	eors	r2, r1
100032a0:	4692      	mov	sl, r2
100032a2:	0fda      	lsrs	r2, r3, #31
100032a4:	9212      	str	r2, [sp, #72]	; 0x48
100032a6:	2b00      	cmp	r3, #0
100032a8:	d108      	bne.n	100032bc <_vsnprintf+0x970>
100032aa:	2380      	movs	r3, #128	; 0x80
100032ac:	2210      	movs	r2, #16
100032ae:	990b      	ldr	r1, [sp, #44]	; 0x2c
100032b0:	00db      	lsls	r3, r3, #3
100032b2:	400b      	ands	r3, r1
100032b4:	4391      	bics	r1, r2
100032b6:	910b      	str	r1, [sp, #44]	; 0x2c
100032b8:	2b00      	cmp	r3, #0
100032ba:	d12b      	bne.n	10003314 <_vsnprintf+0x9c8>
100032bc:	9a0b      	ldr	r2, [sp, #44]	; 0x2c
100032be:	2361      	movs	r3, #97	; 0x61
100032c0:	0692      	lsls	r2, r2, #26
100032c2:	d500      	bpl.n	100032c6 <_vsnprintf+0x97a>
100032c4:	2341      	movs	r3, #65	; 0x41
100032c6:	aa0e      	add	r2, sp, #56	; 0x38
100032c8:	271f      	movs	r7, #31
100032ca:	4694      	mov	ip, r2
100032cc:	b2db      	uxtb	r3, r3
100032ce:	3b0a      	subs	r3, #10
100032d0:	950d      	str	r5, [sp, #52]	; 0x34
100032d2:	4467      	add	r7, ip
100032d4:	465d      	mov	r5, fp
100032d6:	9309      	str	r3, [sp, #36]	; 0x24
100032d8:	46a3      	mov	fp, r4
100032da:	4654      	mov	r4, sl
100032dc:	46b2      	mov	sl, r6
100032de:	9e0c      	ldr	r6, [sp, #48]	; 0x30
100032e0:	e008      	b.n	100032f4 <_vsnprintf+0x9a8>
100032e2:	3330      	adds	r3, #48	; 0x30
100032e4:	b2db      	uxtb	r3, r3
100032e6:	3501      	adds	r5, #1
100032e8:	557b      	strb	r3, [r7, r5]
100032ea:	42b4      	cmp	r4, r6
100032ec:	d30e      	bcc.n	1000330c <_vsnprintf+0x9c0>
100032ee:	2d20      	cmp	r5, #32
100032f0:	d00c      	beq.n	1000330c <_vsnprintf+0x9c0>
100032f2:	0004      	movs	r4, r0
100032f4:	0031      	movs	r1, r6
100032f6:	0020      	movs	r0, r4
100032f8:	f000 f934 	bl	10003564 <__wrap___aeabi_uidiv>
100032fc:	b2cb      	uxtb	r3, r1
100032fe:	2909      	cmp	r1, #9
10003300:	d9ef      	bls.n	100032e2 <_vsnprintf+0x996>
10003302:	9a09      	ldr	r2, [sp, #36]	; 0x24
10003304:	4694      	mov	ip, r2
10003306:	4463      	add	r3, ip
10003308:	b2db      	uxtb	r3, r3
1000330a:	e7ec      	b.n	100032e6 <_vsnprintf+0x99a>
1000330c:	4656      	mov	r6, sl
1000330e:	465c      	mov	r4, fp
10003310:	46ab      	mov	fp, r5
10003312:	9d0d      	ldr	r5, [sp, #52]	; 0x34
10003314:	9b0b      	ldr	r3, [sp, #44]	; 0x2c
10003316:	002a      	movs	r2, r5
10003318:	9306      	str	r3, [sp, #24]
1000331a:	9b0a      	ldr	r3, [sp, #40]	; 0x28
1000331c:	0021      	movs	r1, r4
1000331e:	9305      	str	r3, [sp, #20]
10003320:	4643      	mov	r3, r8
10003322:	9304      	str	r3, [sp, #16]
10003324:	9b0c      	ldr	r3, [sp, #48]	; 0x30
10003326:	9808      	ldr	r0, [sp, #32]
10003328:	9303      	str	r3, [sp, #12]
1000332a:	9b12      	ldr	r3, [sp, #72]	; 0x48
1000332c:	3601      	adds	r6, #1
1000332e:	9302      	str	r3, [sp, #8]
10003330:	465b      	mov	r3, fp
10003332:	9301      	str	r3, [sp, #4]
10003334:	ab16      	add	r3, sp, #88	; 0x58
10003336:	9300      	str	r3, [sp, #0]
10003338:	464b      	mov	r3, r9
1000333a:	f7fe fe1f 	bl	10001f7c <_ntoa_format>
1000333e:	9b13      	ldr	r3, [sp, #76]	; 0x4c
10003340:	0005      	movs	r5, r0
10003342:	9309      	str	r3, [sp, #36]	; 0x24
10003344:	f7ff fb27 	bl	10002996 <_vsnprintf+0x4a>
10003348:	2302      	movs	r3, #2
1000334a:	930c      	str	r3, [sp, #48]	; 0x30
1000334c:	e71a      	b.n	10003184 <_vsnprintf+0x838>
1000334e:	9b09      	ldr	r3, [sp, #36]	; 0x24
10003350:	cb04      	ldmia	r3!, {r2}
10003352:	4692      	mov	sl, r2
10003354:	9312      	str	r3, [sp, #72]	; 0x48
10003356:	2a00      	cmp	r2, #0
10003358:	d108      	bne.n	1000336c <_vsnprintf+0xa20>
1000335a:	2380      	movs	r3, #128	; 0x80
1000335c:	2210      	movs	r2, #16
1000335e:	990b      	ldr	r1, [sp, #44]	; 0x2c
10003360:	00db      	lsls	r3, r3, #3
10003362:	400b      	ands	r3, r1
10003364:	4391      	bics	r1, r2
10003366:	910b      	str	r1, [sp, #44]	; 0x2c
10003368:	2b00      	cmp	r3, #0
1000336a:	d12b      	bne.n	100033c4 <_vsnprintf+0xa78>
1000336c:	9a0b      	ldr	r2, [sp, #44]	; 0x2c
1000336e:	2361      	movs	r3, #97	; 0x61
10003370:	0692      	lsls	r2, r2, #26
10003372:	d500      	bpl.n	10003376 <_vsnprintf+0xa2a>
10003374:	2341      	movs	r3, #65	; 0x41
10003376:	aa0e      	add	r2, sp, #56	; 0x38
10003378:	271f      	movs	r7, #31
1000337a:	4694      	mov	ip, r2
1000337c:	b2db      	uxtb	r3, r3
1000337e:	3b0a      	subs	r3, #10
10003380:	950d      	str	r5, [sp, #52]	; 0x34
10003382:	4467      	add	r7, ip
10003384:	465d      	mov	r5, fp
10003386:	9309      	str	r3, [sp, #36]	; 0x24
10003388:	46a3      	mov	fp, r4
1000338a:	4654      	mov	r4, sl
1000338c:	46b2      	mov	sl, r6
1000338e:	9e0c      	ldr	r6, [sp, #48]	; 0x30
10003390:	e008      	b.n	100033a4 <_vsnprintf+0xa58>
10003392:	3330      	adds	r3, #48	; 0x30
10003394:	b2db      	uxtb	r3, r3
10003396:	3501      	adds	r5, #1
10003398:	557b      	strb	r3, [r7, r5]
1000339a:	42b4      	cmp	r4, r6
1000339c:	d30e      	bcc.n	100033bc <_vsnprintf+0xa70>
1000339e:	2d20      	cmp	r5, #32
100033a0:	d00c      	beq.n	100033bc <_vsnprintf+0xa70>
100033a2:	0004      	movs	r4, r0
100033a4:	0031      	movs	r1, r6
100033a6:	0020      	movs	r0, r4
100033a8:	f000 f8dc 	bl	10003564 <__wrap___aeabi_uidiv>
100033ac:	b2cb      	uxtb	r3, r1
100033ae:	2909      	cmp	r1, #9
100033b0:	d9ef      	bls.n	10003392 <_vsnprintf+0xa46>
100033b2:	9a09      	ldr	r2, [sp, #36]	; 0x24
100033b4:	4694      	mov	ip, r2
100033b6:	4463      	add	r3, ip
100033b8:	b2db      	uxtb	r3, r3
100033ba:	e7ec      	b.n	10003396 <_vsnprintf+0xa4a>
100033bc:	4656      	mov	r6, sl
100033be:	465c      	mov	r4, fp
100033c0:	46ab      	mov	fp, r5
100033c2:	9d0d      	ldr	r5, [sp, #52]	; 0x34
100033c4:	9b0b      	ldr	r3, [sp, #44]	; 0x2c
100033c6:	002a      	movs	r2, r5
100033c8:	9306      	str	r3, [sp, #24]
100033ca:	9b0a      	ldr	r3, [sp, #40]	; 0x28
100033cc:	0021      	movs	r1, r4
100033ce:	9305      	str	r3, [sp, #20]
100033d0:	4643      	mov	r3, r8
100033d2:	9304      	str	r3, [sp, #16]
100033d4:	9b0c      	ldr	r3, [sp, #48]	; 0x30
100033d6:	9808      	ldr	r0, [sp, #32]
100033d8:	9303      	str	r3, [sp, #12]
100033da:	2300      	movs	r3, #0
100033dc:	9302      	str	r3, [sp, #8]
100033de:	465b      	mov	r3, fp
100033e0:	9301      	str	r3, [sp, #4]
100033e2:	ab16      	add	r3, sp, #88	; 0x58
100033e4:	9300      	str	r3, [sp, #0]
100033e6:	464b      	mov	r3, r9
100033e8:	f7fe fdc8 	bl	10001f7c <_ntoa_format>
100033ec:	9b12      	ldr	r3, [sp, #72]	; 0x48
100033ee:	0005      	movs	r5, r0
100033f0:	9309      	str	r3, [sp, #36]	; 0x24
100033f2:	3601      	adds	r6, #1
100033f4:	f7ff facf 	bl	10002996 <_vsnprintf+0x4a>
100033f8:	42b4      	cmp	r4, r6
100033fa:	d800      	bhi.n	100033fe <_vsnprintf+0xab2>
100033fc:	e671      	b.n	100030e2 <_vsnprintf+0x796>
100033fe:	9b14      	ldr	r3, [sp, #80]	; 0x50
10003400:	4654      	mov	r4, sl
10003402:	960e      	str	r6, [sp, #56]	; 0x38
10003404:	970f      	str	r7, [sp, #60]	; 0x3c
10003406:	46aa      	mov	sl, r5
10003408:	4698      	mov	r8, r3
1000340a:	9e15      	ldr	r6, [sp, #84]	; 0x54
1000340c:	9d13      	ldr	r5, [sp, #76]	; 0x4c
1000340e:	e68e      	b.n	1000312e <_vsnprintf+0x7e2>
10003410:	42a6      	cmp	r6, r4
10003412:	d800      	bhi.n	10003416 <_vsnprintf+0xaca>
10003414:	e6fb      	b.n	1000320e <_vsnprintf+0x8c2>
10003416:	9b13      	ldr	r3, [sp, #76]	; 0x4c
10003418:	4656      	mov	r6, sl
1000341a:	4698      	mov	r8, r3
1000341c:	46aa      	mov	sl, r5
1000341e:	465c      	mov	r4, fp
10003420:	9d12      	ldr	r5, [sp, #72]	; 0x48
10003422:	e576      	b.n	10002f12 <_vsnprintf+0x5c6>
10003424:	c908      	ldmia	r1!, {r3}
10003426:	17d8      	asrs	r0, r3, #31
10003428:	181a      	adds	r2, r3, r0
1000342a:	4042      	eors	r2, r0
1000342c:	9109      	str	r1, [sp, #36]	; 0x24
1000342e:	f7ff fb8a 	bl	10002b46 <_vsnprintf+0x1fa>
10003432:	2300      	movs	r3, #0
10003434:	930b      	str	r3, [sp, #44]	; 0x2c
10003436:	e450      	b.n	10002cda <_vsnprintf+0x38e>
10003438:	9b09      	ldr	r3, [sp, #36]	; 0x24
1000343a:	cb04      	ldmia	r3!, {r2}
1000343c:	4693      	mov	fp, r2
1000343e:	9309      	str	r3, [sp, #36]	; 0x24
10003440:	e559      	b.n	10002ef6 <_vsnprintf+0x5aa>
10003442:	002f      	movs	r7, r5
10003444:	e5bb      	b.n	10002fbe <_vsnprintf+0x672>
10003446:	930b      	str	r3, [sp, #44]	; 0x2c
10003448:	e601      	b.n	1000304e <_vsnprintf+0x702>
1000344a:	3b06      	subs	r3, #6
1000344c:	930c      	str	r3, [sp, #48]	; 0x30
1000344e:	e69a      	b.n	10003186 <_vsnprintf+0x83a>

10003450 <vfctprintf>:
10003450:	b500      	push	{lr}
10003452:	b085      	sub	sp, #20
10003454:	9103      	str	r1, [sp, #12]
10003456:	2101      	movs	r1, #1
10003458:	9002      	str	r0, [sp, #8]
1000345a:	9300      	str	r3, [sp, #0]
1000345c:	4803      	ldr	r0, [pc, #12]	; (1000346c <vfctprintf+0x1c>)
1000345e:	0013      	movs	r3, r2
10003460:	424a      	negs	r2, r1
10003462:	a902      	add	r1, sp, #8
10003464:	f7ff fa72 	bl	1000294c <_vsnprintf>
10003468:	b005      	add	sp, #20
1000346a:	bd00      	pop	{pc}
1000346c:	10002159 	.word	0x10002159

10003470 <weak_raw_vprintf>:
10003470:	b510      	push	{r4, lr}
10003472:	4a09      	ldr	r2, [pc, #36]	; (10003498 <weak_raw_vprintf+0x28>)
10003474:	0003      	movs	r3, r0
10003476:	6814      	ldr	r4, [r2, #0]
10003478:	b084      	sub	sp, #16
1000347a:	2c00      	cmp	r4, #0
1000347c:	d008      	beq.n	10003490 <weak_raw_vprintf+0x20>
1000347e:	2201      	movs	r2, #1
10003480:	9100      	str	r1, [sp, #0]
10003482:	4806      	ldr	r0, [pc, #24]	; (1000349c <weak_raw_vprintf+0x2c>)
10003484:	4252      	negs	r2, r2
10003486:	a903      	add	r1, sp, #12
10003488:	47a0      	blx	r4
1000348a:	2001      	movs	r0, #1
1000348c:	b004      	add	sp, #16
1000348e:	bd10      	pop	{r4, pc}
10003490:	f000 fdac 	bl	10003fec <__wrap_puts>
10003494:	2000      	movs	r0, #0
10003496:	e7f9      	b.n	1000348c <weak_raw_vprintf+0x1c>
10003498:	200024ec 	.word	0x200024ec
1000349c:	10002149 	.word	0x10002149

100034a0 <__aeabi_bits_init>:
100034a0:	4801      	ldr	r0, [pc, #4]	; (100034a8 <__aeabi_bits_init+0x8>)
100034a2:	2104      	movs	r1, #4
100034a4:	4b01      	ldr	r3, [pc, #4]	; (100034ac <__aeabi_bits_init+0xc>)
100034a6:	4718      	bx	r3
100034a8:	200013e0 	.word	0x200013e0
100034ac:	100034d1 	.word	0x100034d1

100034b0 <rom_func_lookup>:
100034b0:	2314      	movs	r3, #20
100034b2:	b510      	push	{r4, lr}
100034b4:	0001      	movs	r1, r0
100034b6:	8818      	ldrh	r0, [r3, #0]
100034b8:	3304      	adds	r3, #4
100034ba:	881b      	ldrh	r3, [r3, #0]
100034bc:	4798      	blx	r3
100034be:	bd10      	pop	{r4, pc}

100034c0 <rom_data_lookup>:
100034c0:	2316      	movs	r3, #22
100034c2:	b510      	push	{r4, lr}
100034c4:	0001      	movs	r1, r0
100034c6:	8818      	ldrh	r0, [r3, #0]
100034c8:	3302      	adds	r3, #2
100034ca:	881b      	ldrh	r3, [r3, #0]
100034cc:	4798      	blx	r3
100034ce:	bd10      	pop	{r4, pc}

100034d0 <rom_funcs_lookup>:
100034d0:	b5f8      	push	{r3, r4, r5, r6, r7, lr}
100034d2:	4647      	mov	r7, r8
100034d4:	46ce      	mov	lr, r9
100034d6:	b580      	push	{r7, lr}
100034d8:	1e0f      	subs	r7, r1, #0
100034da:	d019      	beq.n	10003510 <rom_funcs_lookup+0x40>
100034dc:	2314      	movs	r3, #20
100034de:	4699      	mov	r9, r3
100034e0:	3304      	adds	r3, #4
100034e2:	0004      	movs	r4, r0
100034e4:	2500      	movs	r5, #0
100034e6:	2601      	movs	r6, #1
100034e8:	4698      	mov	r8, r3
100034ea:	464b      	mov	r3, r9
100034ec:	8818      	ldrh	r0, [r3, #0]
100034ee:	4643      	mov	r3, r8
100034f0:	6821      	ldr	r1, [r4, #0]
100034f2:	881b      	ldrh	r3, [r3, #0]
100034f4:	4798      	blx	r3
100034f6:	c401      	stmia	r4!, {r0}
100034f8:	1e43      	subs	r3, r0, #1
100034fa:	4198      	sbcs	r0, r3
100034fc:	3501      	adds	r5, #1
100034fe:	4240      	negs	r0, r0
10003500:	4006      	ands	r6, r0
10003502:	42af      	cmp	r7, r5
10003504:	d1f1      	bne.n	100034ea <rom_funcs_lookup+0x1a>
10003506:	0030      	movs	r0, r6
10003508:	bcc0      	pop	{r6, r7}
1000350a:	46b9      	mov	r9, r7
1000350c:	46b0      	mov	r8, r6
1000350e:	bdf8      	pop	{r3, r4, r5, r6, r7, pc}
10003510:	2601      	movs	r6, #1
10003512:	e7f8      	b.n	10003506 <rom_funcs_lookup+0x36>

10003514 <__wrap___aeabi_idiv>:
10003514:	4a12      	ldr	r2, [pc, #72]	; (10003560 <divmod_s32s32_savestate+0x18>)
10003516:	6f93      	ldr	r3, [r2, #120]	; 0x78
10003518:	089b      	lsrs	r3, r3, #2
1000351a:	d215      	bcs.n	10003548 <divmod_s32s32_savestate>

1000351c <divmod_s32s32_unsafe>:
1000351c:	6690      	str	r0, [r2, #104]	; 0x68
1000351e:	66d1      	str	r1, [r2, #108]	; 0x6c
10003520:	2900      	cmp	r1, #0
10003522:	d005      	beq.n	10003530 <divmod_s32s32_unsafe+0x14>
10003524:	e7ff      	b.n	10003526 <divmod_s32s32_unsafe+0xa>
10003526:	e7ff      	b.n	10003528 <divmod_s32s32_unsafe+0xc>
10003528:	e7ff      	b.n	1000352a <divmod_s32s32_unsafe+0xe>
1000352a:	6f51      	ldr	r1, [r2, #116]	; 0x74
1000352c:	6f10      	ldr	r0, [r2, #112]	; 0x70
1000352e:	4770      	bx	lr
10003530:	b504      	push	{r2, lr}
10003532:	2180      	movs	r1, #128	; 0x80
10003534:	0609      	lsls	r1, r1, #24
10003536:	17c2      	asrs	r2, r0, #31
10003538:	4051      	eors	r1, r2
1000353a:	2800      	cmp	r0, #0
1000353c:	d000      	beq.n	10003540 <divmod_s32s32_unsafe+0x24>
1000353e:	43c8      	mvns	r0, r1
10003540:	f004 f98a 	bl	10007858 <____aeabi_idiv0_veneer>
10003544:	2100      	movs	r1, #0
10003546:	bd04      	pop	{r2, pc}

10003548 <divmod_s32s32_savestate>:
10003548:	b5f0      	push	{r4, r5, r6, r7, lr}
1000354a:	6e14      	ldr	r4, [r2, #96]	; 0x60
1000354c:	6e55      	ldr	r5, [r2, #100]	; 0x64
1000354e:	6f57      	ldr	r7, [r2, #116]	; 0x74
10003550:	6f16      	ldr	r6, [r2, #112]	; 0x70
10003552:	f7ff ffe3 	bl	1000351c <divmod_s32s32_unsafe>
10003556:	6614      	str	r4, [r2, #96]	; 0x60
10003558:	6655      	str	r5, [r2, #100]	; 0x64
1000355a:	6757      	str	r7, [r2, #116]	; 0x74
1000355c:	6716      	str	r6, [r2, #112]	; 0x70
1000355e:	bdf0      	pop	{r4, r5, r6, r7, pc}
10003560:	d0000000 	.word	0xd0000000

10003564 <__wrap___aeabi_uidiv>:
10003564:	4a11      	ldr	r2, [pc, #68]	; (100035ac <divmod_u32u32_savestate+0x18>)
10003566:	6f93      	ldr	r3, [r2, #120]	; 0x78
10003568:	089b      	lsrs	r3, r3, #2
1000356a:	d213      	bcs.n	10003594 <divmod_u32u32_savestate>

1000356c <divmod_u32u32_unsafe>:
1000356c:	6610      	str	r0, [r2, #96]	; 0x60
1000356e:	6651      	str	r1, [r2, #100]	; 0x64
10003570:	2900      	cmp	r1, #0
10003572:	d005      	beq.n	10003580 <divmod_u32u32_unsafe+0x14>
10003574:	e7ff      	b.n	10003576 <divmod_u32u32_unsafe+0xa>
10003576:	e7ff      	b.n	10003578 <divmod_u32u32_unsafe+0xc>
10003578:	e7ff      	b.n	1000357a <divmod_u32u32_unsafe+0xe>
1000357a:	6f51      	ldr	r1, [r2, #116]	; 0x74
1000357c:	6f10      	ldr	r0, [r2, #112]	; 0x70
1000357e:	4770      	bx	lr
10003580:	b504      	push	{r2, lr}
10003582:	2800      	cmp	r0, #0
10003584:	d001      	beq.n	1000358a <divmod_u32u32_unsafe+0x1e>
10003586:	2000      	movs	r0, #0
10003588:	43c0      	mvns	r0, r0
1000358a:	f004 f965 	bl	10007858 <____aeabi_idiv0_veneer>
1000358e:	2100      	movs	r1, #0
10003590:	bd04      	pop	{r2, pc}
10003592:	46c0      	nop			; (mov r8, r8)

10003594 <divmod_u32u32_savestate>:
10003594:	b5f0      	push	{r4, r5, r6, r7, lr}
10003596:	6e14      	ldr	r4, [r2, #96]	; 0x60
10003598:	6e55      	ldr	r5, [r2, #100]	; 0x64
1000359a:	6f57      	ldr	r7, [r2, #116]	; 0x74
1000359c:	6f16      	ldr	r6, [r2, #112]	; 0x70
1000359e:	f7ff ffe5 	bl	1000356c <divmod_u32u32_unsafe>
100035a2:	6614      	str	r4, [r2, #96]	; 0x60
100035a4:	6655      	str	r5, [r2, #100]	; 0x64
100035a6:	6757      	str	r7, [r2, #116]	; 0x74
100035a8:	6716      	str	r6, [r2, #112]	; 0x70
100035aa:	bdf0      	pop	{r4, r5, r6, r7, pc}
100035ac:	d0000000 	.word	0xd0000000

100035b0 <__wrap___aeabi_ldivmod>:
100035b0:	4694      	mov	ip, r2
100035b2:	4a4e      	ldr	r2, [pc, #312]	; (100036ec <udiv0+0x1a>)
100035b4:	6f92      	ldr	r2, [r2, #120]	; 0x78
100035b6:	0892      	lsrs	r2, r2, #2
100035b8:	4662      	mov	r2, ip
100035ba:	d201      	bcs.n	100035c0 <divmod_s64s64_savestate>
100035bc:	e030      	b.n	10003620 <divmod_s64s64_unsafe>
100035be:	46c0      	nop			; (mov r8, r8)

100035c0 <divmod_s64s64_savestate>:
100035c0:	b5f0      	push	{r4, r5, r6, r7, lr}
100035c2:	4e4a      	ldr	r6, [pc, #296]	; (100036ec <udiv0+0x1a>)
100035c4:	6fb5      	ldr	r5, [r6, #120]	; 0x78
100035c6:	086d      	lsrs	r5, r5, #1
100035c8:	d3fc      	bcc.n	100035c4 <divmod_s64s64_savestate+0x4>
100035ca:	6e34      	ldr	r4, [r6, #96]	; 0x60
100035cc:	6e75      	ldr	r5, [r6, #100]	; 0x64
100035ce:	6f77      	ldr	r7, [r6, #116]	; 0x74
100035d0:	6f36      	ldr	r6, [r6, #112]	; 0x70
100035d2:	f000 f825 	bl	10003620 <divmod_s64s64_unsafe>
100035d6:	4694      	mov	ip, r2
100035d8:	4a44      	ldr	r2, [pc, #272]	; (100036ec <udiv0+0x1a>)
100035da:	6614      	str	r4, [r2, #96]	; 0x60
100035dc:	6655      	str	r5, [r2, #100]	; 0x64
100035de:	6757      	str	r7, [r2, #116]	; 0x74
100035e0:	6716      	str	r6, [r2, #112]	; 0x70
100035e2:	4662      	mov	r2, ip
100035e4:	bdf0      	pop	{r4, r5, r6, r7, pc}
100035e6:	46c0      	nop			; (mov r8, r8)

100035e8 <__wrap___aeabi_uldivmod>:
100035e8:	4694      	mov	ip, r2
100035ea:	4a40      	ldr	r2, [pc, #256]	; (100036ec <udiv0+0x1a>)
100035ec:	6f92      	ldr	r2, [r2, #120]	; 0x78
100035ee:	0892      	lsrs	r2, r2, #2
100035f0:	4662      	mov	r2, ip
100035f2:	d201      	bcs.n	100035f8 <divmod_u64u64_savestate>
100035f4:	e058      	b.n	100036a8 <divmod_u64u64_unsafe>
100035f6:	46c0      	nop			; (mov r8, r8)

100035f8 <divmod_u64u64_savestate>:
100035f8:	b5f0      	push	{r4, r5, r6, r7, lr}
100035fa:	4e3c      	ldr	r6, [pc, #240]	; (100036ec <udiv0+0x1a>)
100035fc:	6fb5      	ldr	r5, [r6, #120]	; 0x78
100035fe:	086d      	lsrs	r5, r5, #1
10003600:	d3fc      	bcc.n	100035fc <divmod_u64u64_savestate+0x4>
10003602:	6e34      	ldr	r4, [r6, #96]	; 0x60
10003604:	6e75      	ldr	r5, [r6, #100]	; 0x64
10003606:	6f77      	ldr	r7, [r6, #116]	; 0x74
10003608:	6f36      	ldr	r6, [r6, #112]	; 0x70
1000360a:	f000 f84d 	bl	100036a8 <divmod_u64u64_unsafe>
1000360e:	4694      	mov	ip, r2
10003610:	4a36      	ldr	r2, [pc, #216]	; (100036ec <udiv0+0x1a>)
10003612:	6614      	str	r4, [r2, #96]	; 0x60
10003614:	6655      	str	r5, [r2, #100]	; 0x64
10003616:	6757      	str	r7, [r2, #116]	; 0x74
10003618:	6716      	str	r6, [r2, #112]	; 0x70
1000361a:	4662      	mov	r2, ip
1000361c:	bdf0      	pop	{r4, r5, r6, r7, pc}
1000361e:	46c0      	nop			; (mov r8, r8)

10003620 <divmod_s64s64_unsafe>:
10003620:	2b00      	cmp	r3, #0
10003622:	db24      	blt.n	1000366e <l41_1+0x26>
10003624:	d011      	beq.n	1000364a <l41_1+0x2>
10003626:	2900      	cmp	r1, #0
10003628:	da3e      	bge.n	100036a8 <divmod_u64u64_unsafe>
1000362a:	b500      	push	{lr}
1000362c:	43c9      	mvns	r1, r1
1000362e:	4240      	negs	r0, r0
10003630:	d100      	bne.n	10003634 <l39_1>
10003632:	3101      	adds	r1, #1

10003634 <l39_1>:
10003634:	f000 f838 	bl	100036a8 <divmod_u64u64_unsafe>
10003638:	43c9      	mvns	r1, r1
1000363a:	4240      	negs	r0, r0
1000363c:	d100      	bne.n	10003640 <l40_1>
1000363e:	3101      	adds	r1, #1

10003640 <l40_1>:
10003640:	43db      	mvns	r3, r3
10003642:	4252      	negs	r2, r2
10003644:	d100      	bne.n	10003648 <l41_1>
10003646:	3301      	adds	r3, #1

10003648 <l41_1>:
10003648:	bd00      	pop	{pc}
1000364a:	2a00      	cmp	r2, #0
1000364c:	d1eb      	bne.n	10003626 <divmod_s64s64_unsafe+0x6>
1000364e:	2800      	cmp	r0, #0
10003650:	d101      	bne.n	10003656 <l41_1+0xe>
10003652:	2900      	cmp	r1, #0
10003654:	d005      	beq.n	10003662 <l41_1+0x1a>
10003656:	2000      	movs	r0, #0
10003658:	0fc9      	lsrs	r1, r1, #31
1000365a:	07c9      	lsls	r1, r1, #31
1000365c:	d101      	bne.n	10003662 <l41_1+0x1a>
1000365e:	43c0      	mvns	r0, r0
10003660:	0841      	lsrs	r1, r0, #1
10003662:	b500      	push	{lr}
10003664:	f004 f8f0 	bl	10007848 <____aeabi_ldiv0_veneer>
10003668:	2200      	movs	r2, #0
1000366a:	2300      	movs	r3, #0
1000366c:	bd00      	pop	{pc}
1000366e:	b500      	push	{lr}
10003670:	2900      	cmp	r1, #0
10003672:	db0a      	blt.n	1000368a <l43_1+0x2>
10003674:	43db      	mvns	r3, r3
10003676:	4252      	negs	r2, r2
10003678:	d100      	bne.n	1000367c <l42_1>
1000367a:	3301      	adds	r3, #1

1000367c <l42_1>:
1000367c:	f000 f814 	bl	100036a8 <divmod_u64u64_unsafe>
10003680:	43c9      	mvns	r1, r1
10003682:	4240      	negs	r0, r0
10003684:	d100      	bne.n	10003688 <l43_1>
10003686:	3101      	adds	r1, #1

10003688 <l43_1>:
10003688:	bd00      	pop	{pc}
1000368a:	43c9      	mvns	r1, r1
1000368c:	4240      	negs	r0, r0
1000368e:	d100      	bne.n	10003692 <l44_1>
10003690:	3101      	adds	r1, #1

10003692 <l44_1>:
10003692:	43db      	mvns	r3, r3
10003694:	4252      	negs	r2, r2
10003696:	d100      	bne.n	1000369a <l45_1>
10003698:	3301      	adds	r3, #1

1000369a <l45_1>:
1000369a:	f000 f805 	bl	100036a8 <divmod_u64u64_unsafe>
1000369e:	43db      	mvns	r3, r3
100036a0:	4252      	negs	r2, r2
100036a2:	d100      	bne.n	100036a6 <l46_1>
100036a4:	3301      	adds	r3, #1

100036a6 <l46_1>:
100036a6:	bd00      	pop	{pc}

100036a8 <divmod_u64u64_unsafe>:
100036a8:	2900      	cmp	r1, #0
100036aa:	d123      	bne.n	100036f4 <y64>
100036ac:	2b00      	cmp	r3, #0
100036ae:	d118      	bne.n	100036e2 <udiv0+0x10>
100036b0:	2a00      	cmp	r2, #0
100036b2:	d00c      	beq.n	100036ce <divmod_u64u64_unsafe+0x26>
100036b4:	46bc      	mov	ip, r7
100036b6:	4f0d      	ldr	r7, [pc, #52]	; (100036ec <udiv0+0x1a>)
100036b8:	6638      	str	r0, [r7, #96]	; 0x60
100036ba:	667a      	str	r2, [r7, #100]	; 0x64
100036bc:	2100      	movs	r1, #0
100036be:	2300      	movs	r3, #0
100036c0:	e7ff      	b.n	100036c2 <divmod_u64u64_unsafe+0x1a>
100036c2:	e7ff      	b.n	100036c4 <divmod_u64u64_unsafe+0x1c>
100036c4:	e7ff      	b.n	100036c6 <divmod_u64u64_unsafe+0x1e>
100036c6:	6f7a      	ldr	r2, [r7, #116]	; 0x74
100036c8:	6f38      	ldr	r0, [r7, #112]	; 0x70
100036ca:	4667      	mov	r7, ip
100036cc:	4770      	bx	lr
100036ce:	2800      	cmp	r0, #0
100036d0:	d001      	beq.n	100036d6 <udiv0+0x4>

100036d2 <udiv0>:
100036d2:	4807      	ldr	r0, [pc, #28]	; (100036f0 <udiv0+0x1e>)
100036d4:	0001      	movs	r1, r0
100036d6:	b500      	push	{lr}
100036d8:	f004 f8b6 	bl	10007848 <____aeabi_ldiv0_veneer>
100036dc:	2200      	movs	r2, #0
100036de:	2300      	movs	r3, #0
100036e0:	bd00      	pop	{pc}
100036e2:	0002      	movs	r2, r0
100036e4:	000b      	movs	r3, r1
100036e6:	2000      	movs	r0, #0
100036e8:	2100      	movs	r1, #0
100036ea:	4770      	bx	lr
100036ec:	d0000000 	.word	0xd0000000
100036f0:	ffffffff 	.word	0xffffffff

100036f4 <y64>:
100036f4:	2b00      	cmp	r3, #0
100036f6:	d000      	beq.n	100036fa <y64+0x6>
100036f8:	e0bf      	b.n	1000387a <y64_x48>
100036fa:	0c13      	lsrs	r3, r2, #16
100036fc:	d128      	bne.n	10003750 <y64_x32>
100036fe:	2a00      	cmp	r2, #0
10003700:	d0e7      	beq.n	100036d2 <udiv0>
10003702:	b480      	push	{r7}
10003704:	4f11      	ldr	r7, [pc, #68]	; (1000374c <y64+0x58>)
10003706:	6639      	str	r1, [r7, #96]	; 0x60
10003708:	667a      	str	r2, [r7, #100]	; 0x64
1000370a:	e7ff      	b.n	1000370c <y64+0x18>
1000370c:	e7ff      	b.n	1000370e <y64+0x1a>
1000370e:	b430      	push	{r4, r5}
10003710:	0c04      	lsrs	r4, r0, #16
10003712:	6f7b      	ldr	r3, [r7, #116]	; 0x74
10003714:	6f39      	ldr	r1, [r7, #112]	; 0x70
10003716:	041b      	lsls	r3, r3, #16
10003718:	4323      	orrs	r3, r4
1000371a:	663b      	str	r3, [r7, #96]	; 0x60
1000371c:	667a      	str	r2, [r7, #100]	; 0x64
1000371e:	e7ff      	b.n	10003720 <y64+0x2c>
10003720:	e7ff      	b.n	10003722 <y64+0x2e>
10003722:	e7ff      	b.n	10003724 <y64+0x30>
10003724:	46c0      	nop			; (mov r8, r8)
10003726:	b284      	uxth	r4, r0
10003728:	6f7b      	ldr	r3, [r7, #116]	; 0x74
1000372a:	6f3d      	ldr	r5, [r7, #112]	; 0x70
1000372c:	041b      	lsls	r3, r3, #16
1000372e:	4323      	orrs	r3, r4
10003730:	663b      	str	r3, [r7, #96]	; 0x60
10003732:	667a      	str	r2, [r7, #100]	; 0x64
10003734:	e7ff      	b.n	10003736 <y64+0x42>
10003736:	e7ff      	b.n	10003738 <y64+0x44>
10003738:	46c0      	nop			; (mov r8, r8)
1000373a:	2300      	movs	r3, #0
1000373c:	042c      	lsls	r4, r5, #16
1000373e:	0c2d      	lsrs	r5, r5, #16
10003740:	6f7a      	ldr	r2, [r7, #116]	; 0x74
10003742:	6f38      	ldr	r0, [r7, #112]	; 0x70
10003744:	1900      	adds	r0, r0, r4
10003746:	4169      	adcs	r1, r5
10003748:	bcb0      	pop	{r4, r5, r7}
1000374a:	4770      	bx	lr
1000374c:	d0000000 	.word	0xd0000000

10003750 <y64_x32>:
10003750:	b5f0      	push	{r4, r5, r6, r7, lr}
10003752:	4694      	mov	ip, r2
10003754:	2500      	movs	r5, #0
10003756:	0e14      	lsrs	r4, r2, #24
10003758:	d101      	bne.n	1000375e <y64_x32+0xe>
1000375a:	0212      	lsls	r2, r2, #8
1000375c:	3508      	adds	r5, #8
1000375e:	0f14      	lsrs	r4, r2, #28
10003760:	d101      	bne.n	10003766 <y64_x32+0x16>
10003762:	0112      	lsls	r2, r2, #4
10003764:	3504      	adds	r5, #4
10003766:	0f94      	lsrs	r4, r2, #30
10003768:	d101      	bne.n	1000376e <y64_x32+0x1e>
1000376a:	0092      	lsls	r2, r2, #2
1000376c:	3502      	adds	r5, #2
1000376e:	0fd4      	lsrs	r4, r2, #31
10003770:	d101      	bne.n	10003776 <y64_x32+0x26>
10003772:	0052      	lsls	r2, r2, #1
10003774:	3501      	adds	r5, #1
10003776:	0bd4      	lsrs	r4, r2, #15
10003778:	3401      	adds	r4, #1
1000377a:	4f25      	ldr	r7, [pc, #148]	; (10003810 <y64_x32+0xc0>)
1000377c:	667c      	str	r4, [r7, #100]	; 0x64
1000377e:	4c25      	ldr	r4, [pc, #148]	; (10003814 <y64_x32+0xc4>)
10003780:	663c      	str	r4, [r7, #96]	; 0x60
10003782:	0c0e      	lsrs	r6, r1, #16
10003784:	b293      	uxth	r3, r2
10003786:	e7ff      	b.n	10003788 <y64_x32+0x38>
10003788:	e7ff      	b.n	1000378a <y64_x32+0x3a>
1000378a:	e7ff      	b.n	1000378c <y64_x32+0x3c>
1000378c:	6f3c      	ldr	r4, [r7, #112]	; 0x70
1000378e:	4366      	muls	r6, r4
10003790:	0c36      	lsrs	r6, r6, #16
10003792:	0377      	lsls	r7, r6, #13
10003794:	46be      	mov	lr, r7
10003796:	4373      	muls	r3, r6
10003798:	0bdf      	lsrs	r7, r3, #15
1000379a:	045b      	lsls	r3, r3, #17
1000379c:	1ac0      	subs	r0, r0, r3
1000379e:	41b9      	sbcs	r1, r7
100037a0:	0c13      	lsrs	r3, r2, #16
100037a2:	4373      	muls	r3, r6
100037a4:	18db      	adds	r3, r3, r3
100037a6:	1ac9      	subs	r1, r1, r3
100037a8:	08ce      	lsrs	r6, r1, #3
100037aa:	4366      	muls	r6, r4
100037ac:	0c36      	lsrs	r6, r6, #16
100037ae:	44b6      	add	lr, r6
100037b0:	b293      	uxth	r3, r2
100037b2:	4373      	muls	r3, r6
100037b4:	0f1f      	lsrs	r7, r3, #28
100037b6:	011b      	lsls	r3, r3, #4
100037b8:	1ac0      	subs	r0, r0, r3
100037ba:	41b9      	sbcs	r1, r7
100037bc:	0c13      	lsrs	r3, r2, #16
100037be:	4373      	muls	r3, r6
100037c0:	0b1f      	lsrs	r7, r3, #12
100037c2:	051b      	lsls	r3, r3, #20
100037c4:	1ac0      	subs	r0, r0, r3
100037c6:	41b9      	sbcs	r1, r7
100037c8:	0d86      	lsrs	r6, r0, #22
100037ca:	028f      	lsls	r7, r1, #10
100037cc:	433e      	orrs	r6, r7
100037ce:	4366      	muls	r6, r4
100037d0:	0c36      	lsrs	r6, r6, #16
100037d2:	2d09      	cmp	r5, #9
100037d4:	db24      	blt.n	10003820 <last0>
100037d6:	0a52      	lsrs	r2, r2, #9
100037d8:	4372      	muls	r2, r6
100037da:	1a80      	subs	r0, r0, r2
100037dc:	0377      	lsls	r7, r6, #13
100037de:	0a46      	lsrs	r6, r0, #9
100037e0:	4366      	muls	r6, r4
100037e2:	0c36      	lsrs	r6, r6, #16
100037e4:	2316      	movs	r3, #22
100037e6:	1b5b      	subs	r3, r3, r5
100037e8:	40de      	lsrs	r6, r3
100037ea:	40df      	lsrs	r7, r3
100037ec:	19bf      	adds	r7, r7, r6
100037ee:	4664      	mov	r4, ip
100037f0:	4366      	muls	r6, r4
100037f2:	1b82      	subs	r2, r0, r6
100037f4:	4670      	mov	r0, lr
100037f6:	3504      	adds	r5, #4
100037f8:	3306      	adds	r3, #6
100037fa:	0001      	movs	r1, r0
100037fc:	40d9      	lsrs	r1, r3
100037fe:	40a8      	lsls	r0, r5
10003800:	19c0      	adds	r0, r0, r7
10003802:	d300      	bcc.n	10003806 <y64_x32+0xb6>
10003804:	3101      	adds	r1, #1
10003806:	42a2      	cmp	r2, r4
10003808:	d206      	bcs.n	10003818 <y64_x32+0xc8>
1000380a:	2300      	movs	r3, #0
1000380c:	bdf0      	pop	{r4, r5, r6, r7, pc}
1000380e:	0000      	.short	0x0000
10003810:	d0000000 	.word	0xd0000000
10003814:	ffffffff 	.word	0xffffffff
10003818:	1b12      	subs	r2, r2, r4
1000381a:	3001      	adds	r0, #1
1000381c:	d3f3      	bcc.n	10003806 <y64_x32+0xb6>
1000381e:	e7f1      	b.n	10003804 <y64_x32+0xb4>

10003820 <last0>:
10003820:	2709      	movs	r7, #9
10003822:	1b7f      	subs	r7, r7, r5
10003824:	40fe      	lsrs	r6, r7
10003826:	4664      	mov	r4, ip
10003828:	b2a2      	uxth	r2, r4
1000382a:	4372      	muls	r2, r6
1000382c:	1a80      	subs	r0, r0, r2
1000382e:	d200      	bcs.n	10003832 <last0+0x12>
10003830:	3901      	subs	r1, #1
10003832:	0c22      	lsrs	r2, r4, #16
10003834:	4372      	muls	r2, r6
10003836:	0c13      	lsrs	r3, r2, #16
10003838:	0412      	lsls	r2, r2, #16
1000383a:	1a82      	subs	r2, r0, r2
1000383c:	4199      	sbcs	r1, r3
1000383e:	000b      	movs	r3, r1
10003840:	4670      	mov	r0, lr
10003842:	3504      	adds	r5, #4
10003844:	3713      	adds	r7, #19
10003846:	0001      	movs	r1, r0
10003848:	40f9      	lsrs	r1, r7
1000384a:	40a8      	lsls	r0, r5
1000384c:	1980      	adds	r0, r0, r6
1000384e:	d300      	bcc.n	10003852 <last0+0x32>
10003850:	3101      	adds	r1, #1
10003852:	2b00      	cmp	r3, #0
10003854:	d102      	bne.n	1000385c <last0+0x3c>
10003856:	42a2      	cmp	r2, r4
10003858:	d20a      	bcs.n	10003870 <last0+0x50>
1000385a:	bdf0      	pop	{r4, r5, r6, r7, pc}
1000385c:	3001      	adds	r0, #1
1000385e:	d300      	bcc.n	10003862 <last0+0x42>
10003860:	3101      	adds	r1, #1
10003862:	1b12      	subs	r2, r2, r4
10003864:	d2fa      	bcs.n	1000385c <last0+0x3c>
10003866:	3b01      	subs	r3, #1
10003868:	d1f8      	bne.n	1000385c <last0+0x3c>
1000386a:	42a2      	cmp	r2, r4
1000386c:	d200      	bcs.n	10003870 <last0+0x50>
1000386e:	bdf0      	pop	{r4, r5, r6, r7, pc}
10003870:	3001      	adds	r0, #1
10003872:	d300      	bcc.n	10003876 <last0+0x56>
10003874:	3101      	adds	r1, #1
10003876:	1b12      	subs	r2, r2, r4
10003878:	e7f7      	b.n	1000386a <last0+0x4a>

1000387a <y64_x48>:
1000387a:	b5f0      	push	{r4, r5, r6, r7, lr}
1000387c:	0c1c      	lsrs	r4, r3, #16
1000387e:	d000      	beq.n	10003882 <y64_x48+0x8>
10003880:	e080      	b.n	10003984 <y64_x64>
10003882:	b40c      	push	{r2, r3}
10003884:	2500      	movs	r5, #0
10003886:	0a1c      	lsrs	r4, r3, #8
10003888:	d104      	bne.n	10003894 <y64_x48+0x1a>
1000388a:	021b      	lsls	r3, r3, #8
1000388c:	0e16      	lsrs	r6, r2, #24
1000388e:	4333      	orrs	r3, r6
10003890:	0212      	lsls	r2, r2, #8
10003892:	3508      	adds	r5, #8
10003894:	0b1c      	lsrs	r4, r3, #12
10003896:	d104      	bne.n	100038a2 <y64_x48+0x28>
10003898:	011b      	lsls	r3, r3, #4
1000389a:	0f16      	lsrs	r6, r2, #28
1000389c:	4333      	orrs	r3, r6
1000389e:	0112      	lsls	r2, r2, #4
100038a0:	3504      	adds	r5, #4
100038a2:	0b9c      	lsrs	r4, r3, #14
100038a4:	d104      	bne.n	100038b0 <y64_x48+0x36>
100038a6:	009b      	lsls	r3, r3, #2
100038a8:	0f96      	lsrs	r6, r2, #30
100038aa:	4333      	orrs	r3, r6
100038ac:	0092      	lsls	r2, r2, #2
100038ae:	3502      	adds	r5, #2
100038b0:	0bdc      	lsrs	r4, r3, #15
100038b2:	d102      	bne.n	100038ba <y64_x48+0x40>
100038b4:	1892      	adds	r2, r2, r2
100038b6:	415b      	adcs	r3, r3
100038b8:	3501      	adds	r5, #1
100038ba:	001c      	movs	r4, r3
100038bc:	1897      	adds	r7, r2, r2
100038be:	4164      	adcs	r4, r4
100038c0:	3401      	adds	r4, #1
100038c2:	4f46      	ldr	r7, [pc, #280]	; (100039dc <y64_x64+0x58>)
100038c4:	667c      	str	r4, [r7, #100]	; 0x64
100038c6:	4c46      	ldr	r4, [pc, #280]	; (100039e0 <y64_x64+0x5c>)
100038c8:	663c      	str	r4, [r7, #96]	; 0x60
100038ca:	0c0e      	lsrs	r6, r1, #16
100038cc:	e7ff      	b.n	100038ce <y64_x48+0x54>
100038ce:	e7ff      	b.n	100038d0 <y64_x48+0x56>
100038d0:	e7ff      	b.n	100038d2 <y64_x48+0x58>
100038d2:	46c0      	nop			; (mov r8, r8)
100038d4:	6f3c      	ldr	r4, [r7, #112]	; 0x70
100038d6:	4366      	muls	r6, r4
100038d8:	0c36      	lsrs	r6, r6, #16
100038da:	0377      	lsls	r7, r6, #13
100038dc:	46be      	mov	lr, r7
100038de:	b297      	uxth	r7, r2
100038e0:	4377      	muls	r7, r6
100038e2:	1bc0      	subs	r0, r0, r7
100038e4:	d200      	bcs.n	100038e8 <y64_x48+0x6e>
100038e6:	3901      	subs	r1, #1
100038e8:	1bc0      	subs	r0, r0, r7
100038ea:	d200      	bcs.n	100038ee <y64_x48+0x74>
100038ec:	3901      	subs	r1, #1
100038ee:	b29f      	uxth	r7, r3
100038f0:	4377      	muls	r7, r6
100038f2:	1bc9      	subs	r1, r1, r7
100038f4:	1bc9      	subs	r1, r1, r7
100038f6:	0c17      	lsrs	r7, r2, #16
100038f8:	4377      	muls	r7, r6
100038fa:	047e      	lsls	r6, r7, #17
100038fc:	0bff      	lsrs	r7, r7, #15
100038fe:	1b80      	subs	r0, r0, r6
10003900:	41b9      	sbcs	r1, r7
10003902:	08ce      	lsrs	r6, r1, #3
10003904:	4366      	muls	r6, r4
10003906:	0c36      	lsrs	r6, r6, #16
10003908:	2d0c      	cmp	r5, #12
1000390a:	db33      	blt.n	10003974 <last1>
1000390c:	44b6      	add	lr, r6
1000390e:	0b12      	lsrs	r2, r2, #12
10003910:	051f      	lsls	r7, r3, #20
10003912:	433a      	orrs	r2, r7
10003914:	0b1b      	lsrs	r3, r3, #12
10003916:	b297      	uxth	r7, r2
10003918:	4377      	muls	r7, r6
1000391a:	1bc0      	subs	r0, r0, r7
1000391c:	d200      	bcs.n	10003920 <y64_x48+0xa6>
1000391e:	3901      	subs	r1, #1
10003920:	b29f      	uxth	r7, r3
10003922:	4377      	muls	r7, r6
10003924:	1bc9      	subs	r1, r1, r7
10003926:	0c17      	lsrs	r7, r2, #16
10003928:	4377      	muls	r7, r6
1000392a:	043e      	lsls	r6, r7, #16
1000392c:	0c3f      	lsrs	r7, r7, #16
1000392e:	1b80      	subs	r0, r0, r6
10003930:	41b9      	sbcs	r1, r7
10003932:	0d86      	lsrs	r6, r0, #22
10003934:	028f      	lsls	r7, r1, #10
10003936:	433e      	orrs	r6, r7
10003938:	4366      	muls	r6, r4
1000393a:	2729      	movs	r7, #41	; 0x29
1000393c:	1b7f      	subs	r7, r7, r5
1000393e:	40fe      	lsrs	r6, r7
10003940:	3d0c      	subs	r5, #12
10003942:	4677      	mov	r7, lr
10003944:	40af      	lsls	r7, r5
10003946:	19bf      	adds	r7, r7, r6
10003948:	bc30      	pop	{r4, r5}
1000394a:	b2a2      	uxth	r2, r4
1000394c:	b2ab      	uxth	r3, r5
1000394e:	4372      	muls	r2, r6
10003950:	4373      	muls	r3, r6
10003952:	1a80      	subs	r0, r0, r2
10003954:	4199      	sbcs	r1, r3
10003956:	0c22      	lsrs	r2, r4, #16
10003958:	4372      	muls	r2, r6
1000395a:	0c13      	lsrs	r3, r2, #16
1000395c:	0412      	lsls	r2, r2, #16
1000395e:	1a80      	subs	r0, r0, r2
10003960:	4199      	sbcs	r1, r3
10003962:	0002      	movs	r2, r0
10003964:	000b      	movs	r3, r1
10003966:	3701      	adds	r7, #1
10003968:	1b00      	subs	r0, r0, r4
1000396a:	41a9      	sbcs	r1, r5
1000396c:	d2f9      	bcs.n	10003962 <y64_x48+0xe8>
1000396e:	1e78      	subs	r0, r7, #1
10003970:	2100      	movs	r1, #0
10003972:	bdf0      	pop	{r4, r5, r6, r7, pc}

10003974 <last1>:
10003974:	270c      	movs	r7, #12
10003976:	1b7f      	subs	r7, r7, r5
10003978:	40fe      	lsrs	r6, r7
1000397a:	4677      	mov	r7, lr
1000397c:	0b7f      	lsrs	r7, r7, #13
1000397e:	40af      	lsls	r7, r5
10003980:	19ff      	adds	r7, r7, r7
10003982:	e7e0      	b.n	10003946 <y64_x48+0xcc>

10003984 <y64_x64>:
10003984:	2400      	movs	r4, #0
10003986:	1c5d      	adds	r5, r3, #1
10003988:	d007      	beq.n	1000399a <y64_x64+0x16>
1000398a:	4f14      	ldr	r7, [pc, #80]	; (100039dc <y64_x64+0x58>)
1000398c:	667d      	str	r5, [r7, #100]	; 0x64
1000398e:	6639      	str	r1, [r7, #96]	; 0x60
10003990:	e7ff      	b.n	10003992 <y64_x64+0xe>
10003992:	e7ff      	b.n	10003994 <y64_x64+0x10>
10003994:	e7ff      	b.n	10003996 <y64_x64+0x12>
10003996:	e7ff      	b.n	10003998 <y64_x64+0x14>
10003998:	6f3c      	ldr	r4, [r7, #112]	; 0x70
1000399a:	b295      	uxth	r5, r2
1000399c:	b29e      	uxth	r6, r3
1000399e:	4365      	muls	r5, r4
100039a0:	4366      	muls	r6, r4
100039a2:	1b40      	subs	r0, r0, r5
100039a4:	41b1      	sbcs	r1, r6
100039a6:	0c15      	lsrs	r5, r2, #16
100039a8:	0c1e      	lsrs	r6, r3, #16
100039aa:	4365      	muls	r5, r4
100039ac:	4366      	muls	r6, r4
100039ae:	0436      	lsls	r6, r6, #16
100039b0:	0c2f      	lsrs	r7, r5, #16
100039b2:	433e      	orrs	r6, r7
100039b4:	042d      	lsls	r5, r5, #16
100039b6:	1b40      	subs	r0, r0, r5
100039b8:	41b1      	sbcs	r1, r6
100039ba:	4299      	cmp	r1, r3
100039bc:	d204      	bcs.n	100039c8 <y64_x64+0x44>
100039be:	0002      	movs	r2, r0
100039c0:	000b      	movs	r3, r1
100039c2:	0020      	movs	r0, r4
100039c4:	2100      	movs	r1, #0
100039c6:	bdf0      	pop	{r4, r5, r6, r7, pc}
100039c8:	d101      	bne.n	100039ce <y64_x64+0x4a>
100039ca:	4290      	cmp	r0, r2
100039cc:	d3f7      	bcc.n	100039be <y64_x64+0x3a>
100039ce:	1a80      	subs	r0, r0, r2
100039d0:	4199      	sbcs	r1, r3
100039d2:	3401      	adds	r4, #1
100039d4:	4299      	cmp	r1, r3
100039d6:	d3f2      	bcc.n	100039be <y64_x64+0x3a>
100039d8:	e7f6      	b.n	100039c8 <y64_x64+0x44>
100039da:	0000      	.short	0x0000
100039dc:	d0000000 	.word	0xd0000000
100039e0:	ffffffff 	.word	0xffffffff

100039e4 <__wrap___aeabi_drsub>:
100039e4:	4048      	eors	r0, r1
100039e6:	4041      	eors	r1, r0
100039e8:	4048      	eors	r0, r1

100039ea <__wrap___aeabi_dsub>:
100039ea:	b418      	push	{r3, r4}
100039ec:	4b13      	ldr	r3, [pc, #76]	; (10003a3c <__wrap___aeabi_dmul+0xa>)
100039ee:	685b      	ldr	r3, [r3, #4]
100039f0:	9301      	str	r3, [sp, #4]
100039f2:	bd08      	pop	{r3, pc}

100039f4 <__wrap___aeabi_dadd>:
100039f4:	b418      	push	{r3, r4}
100039f6:	4b11      	ldr	r3, [pc, #68]	; (10003a3c <__wrap___aeabi_dmul+0xa>)
100039f8:	681b      	ldr	r3, [r3, #0]
100039fa:	9301      	str	r3, [sp, #4]
100039fc:	bd08      	pop	{r3, pc}

100039fe <__wrap___aeabi_ddiv>:
100039fe:	4694      	mov	ip, r2
10003a00:	4a0f      	ldr	r2, [pc, #60]	; (10003a40 <__wrap___aeabi_dmul+0xe>)
10003a02:	6f92      	ldr	r2, [r2, #120]	; 0x78
10003a04:	0892      	lsrs	r2, r2, #2
10003a06:	d205      	bcs.n	10003a14 <ddiv_save_state>
10003a08:	4662      	mov	r2, ip

10003a0a <ddiv_shim_call>:
10003a0a:	b418      	push	{r3, r4}
10003a0c:	4b0b      	ldr	r3, [pc, #44]	; (10003a3c <__wrap___aeabi_dmul+0xa>)
10003a0e:	68db      	ldr	r3, [r3, #12]
10003a10:	9301      	str	r3, [sp, #4]
10003a12:	bd08      	pop	{r3, pc}

10003a14 <ddiv_save_state>:
10003a14:	4a0a      	ldr	r2, [pc, #40]	; (10003a40 <__wrap___aeabi_dmul+0xe>)
10003a16:	b5f0      	push	{r4, r5, r6, r7, lr}
10003a18:	6e14      	ldr	r4, [r2, #96]	; 0x60
10003a1a:	6e55      	ldr	r5, [r2, #100]	; 0x64
10003a1c:	6f57      	ldr	r7, [r2, #116]	; 0x74
10003a1e:	6f16      	ldr	r6, [r2, #112]	; 0x70
10003a20:	4662      	mov	r2, ip
10003a22:	f7ff fff2 	bl	10003a0a <ddiv_shim_call>
10003a26:	4a06      	ldr	r2, [pc, #24]	; (10003a40 <__wrap___aeabi_dmul+0xe>)
10003a28:	6614      	str	r4, [r2, #96]	; 0x60
10003a2a:	6655      	str	r5, [r2, #100]	; 0x64
10003a2c:	6757      	str	r7, [r2, #116]	; 0x74
10003a2e:	6716      	str	r6, [r2, #112]	; 0x70
10003a30:	bdf0      	pop	{r4, r5, r6, r7, pc}

10003a32 <__wrap___aeabi_dmul>:
10003a32:	b418      	push	{r3, r4}
10003a34:	4b01      	ldr	r3, [pc, #4]	; (10003a3c <__wrap___aeabi_dmul+0xa>)
10003a36:	689b      	ldr	r3, [r3, #8]
10003a38:	9301      	str	r3, [sp, #4]
10003a3a:	bd08      	pop	{r3, pc}
10003a3c:	200019a0 	.word	0x200019a0
10003a40:	d0000000 	.word	0xd0000000

10003a44 <__wrap___aeabi_cdrcmple>:
10003a44:	b5ff      	push	{r0, r1, r2, r3, r4, r5, r6, r7, lr}
10003a46:	4050      	eors	r0, r2
10003a48:	4042      	eors	r2, r0
10003a4a:	4050      	eors	r0, r2
10003a4c:	4059      	eors	r1, r3
10003a4e:	404b      	eors	r3, r1
10003a50:	4059      	eors	r1, r3
10003a52:	e000      	b.n	10003a56 <__aeabi_dfcmple_guts>

10003a54 <__wrap___aeabi_cdcmpeq>:
10003a54:	b5ff      	push	{r0, r1, r2, r3, r4, r5, r6, r7, lr}

10003a56 <__aeabi_dfcmple_guts>:
10003a56:	4f15      	ldr	r7, [pc, #84]	; (10003aac <__aeabi_dfcmple_guts+0x56>)
10003a58:	004c      	lsls	r4, r1, #1
10003a5a:	0d64      	lsrs	r4, r4, #21
10003a5c:	d003      	beq.n	10003a66 <__aeabi_dfcmple_guts+0x10>
10003a5e:	42bc      	cmp	r4, r7
10003a60:	d104      	bne.n	10003a6c <__aeabi_dfcmple_guts+0x16>
10003a62:	030c      	lsls	r4, r1, #12
10003a64:	d814      	bhi.n	10003a90 <__aeabi_dfcmple_guts+0x3a>
10003a66:	2000      	movs	r0, #0
10003a68:	0d09      	lsrs	r1, r1, #20
10003a6a:	0509      	lsls	r1, r1, #20
10003a6c:	005c      	lsls	r4, r3, #1
10003a6e:	0d64      	lsrs	r4, r4, #21
10003a70:	d003      	beq.n	10003a7a <__aeabi_dfcmple_guts+0x24>
10003a72:	42bc      	cmp	r4, r7
10003a74:	d104      	bne.n	10003a80 <__aeabi_dfcmple_guts+0x2a>
10003a76:	031c      	lsls	r4, r3, #12
10003a78:	d80a      	bhi.n	10003a90 <__aeabi_dfcmple_guts+0x3a>
10003a7a:	2200      	movs	r2, #0
10003a7c:	0d1b      	lsrs	r3, r3, #20
10003a7e:	051b      	lsls	r3, r3, #20
10003a80:	2601      	movs	r6, #1
10003a82:	404b      	eors	r3, r1
10003a84:	d409      	bmi.n	10003a9a <__aeabi_dfcmple_guts+0x44>
10003a86:	404b      	eors	r3, r1
10003a88:	d503      	bpl.n	10003a92 <__aeabi_dfcmple_guts+0x3c>
10003a8a:	428b      	cmp	r3, r1
10003a8c:	d100      	bne.n	10003a90 <__aeabi_dfcmple_guts+0x3a>
10003a8e:	4282      	cmp	r2, r0
10003a90:	bdff      	pop	{r0, r1, r2, r3, r4, r5, r6, r7, pc}
10003a92:	4299      	cmp	r1, r3
10003a94:	d1fc      	bne.n	10003a90 <__aeabi_dfcmple_guts+0x3a>
10003a96:	4290      	cmp	r0, r2
10003a98:	bdff      	pop	{r0, r1, r2, r3, r4, r5, r6, r7, pc}
10003a9a:	430b      	orrs	r3, r1
10003a9c:	18db      	adds	r3, r3, r3
10003a9e:	4303      	orrs	r3, r0
10003aa0:	4313      	orrs	r3, r2
10003aa2:	d0f5      	beq.n	10003a90 <__aeabi_dfcmple_guts+0x3a>
10003aa4:	43c9      	mvns	r1, r1
10003aa6:	1849      	adds	r1, r1, r1
10003aa8:	bdff      	pop	{r0, r1, r2, r3, r4, r5, r6, r7, pc}
10003aaa:	0000      	.short	0x0000
10003aac:	000007ff 	.word	0x000007ff

10003ab0 <__wrap___aeabi_dcmplt>:
10003ab0:	b500      	push	{lr}
10003ab2:	f7ff ffcf 	bl	10003a54 <__wrap___aeabi_cdcmpeq>
10003ab6:	4180      	sbcs	r0, r0
10003ab8:	bd00      	pop	{pc}
10003aba:	46c0      	nop			; (mov r8, r8)

10003abc <__wrap___aeabi_dcmple>:
10003abc:	b500      	push	{lr}
10003abe:	f7ff ffc9 	bl	10003a54 <__wrap___aeabi_cdcmpeq>
10003ac2:	d901      	bls.n	10003ac8 <__wrap___aeabi_dcmple+0xc>
10003ac4:	2000      	movs	r0, #0
10003ac6:	bd00      	pop	{pc}
10003ac8:	2001      	movs	r0, #1
10003aca:	bd00      	pop	{pc}

10003acc <__wrap___aeabi_dcmpge>:
10003acc:	b500      	push	{lr}
10003ace:	f7ff ffb9 	bl	10003a44 <__wrap___aeabi_cdrcmple>
10003ad2:	d901      	bls.n	10003ad8 <__wrap___aeabi_dcmpge+0xc>
10003ad4:	2000      	movs	r0, #0
10003ad6:	bd00      	pop	{pc}
10003ad8:	2001      	movs	r0, #1
10003ada:	bd00      	pop	{pc}

10003adc <__wrap___aeabi_dcmpgt>:
10003adc:	b500      	push	{lr}
10003ade:	f7ff ffb1 	bl	10003a44 <__wrap___aeabi_cdrcmple>
10003ae2:	4180      	sbcs	r0, r0
10003ae4:	bd00      	pop	{pc}

10003ae6 <__wrap___aeabi_dcmpun>:
10003ae6:	2001      	movs	r0, #1
10003ae8:	0540      	lsls	r0, r0, #21
10003aea:	004a      	lsls	r2, r1, #1
10003aec:	1812      	adds	r2, r2, r0
10003aee:	d804      	bhi.n	10003afa <__wrap___aeabi_dcmpun+0x14>
10003af0:	005a      	lsls	r2, r3, #1
10003af2:	1812      	adds	r2, r2, r0
10003af4:	d801      	bhi.n	10003afa <__wrap___aeabi_dcmpun+0x14>
10003af6:	2000      	movs	r0, #0
10003af8:	4770      	bx	lr
10003afa:	2001      	movs	r0, #1
10003afc:	4770      	bx	lr
10003afe:	2000      	movs	r0, #0
10003b00:	4770      	bx	lr
	...

10003b04 <__wrap___aeabi_ui2d>:
10003b04:	2100      	movs	r1, #0
10003b06:	2800      	cmp	r0, #0
10003b08:	d105      	bne.n	10003b16 <__wrap___aeabi_i2d+0xa>
10003b0a:	4770      	bx	lr

10003b0c <__wrap___aeabi_i2d>:
10003b0c:	17c1      	asrs	r1, r0, #31
10003b0e:	4048      	eors	r0, r1
10003b10:	1a40      	subs	r0, r0, r1
10003b12:	d0fa      	beq.n	10003b0a <__wrap___aeabi_ui2d+0x6>
10003b14:	07c9      	lsls	r1, r1, #31
10003b16:	b513      	push	{r0, r1, r4, lr}
10003b18:	4b06      	ldr	r3, [pc, #24]	; (10003b34 <__wrap___aeabi_i2d+0x28>)
10003b1a:	681b      	ldr	r3, [r3, #0]
10003b1c:	4798      	blx	r3
10003b1e:	bc0c      	pop	{r2, r3}
10003b20:	1c44      	adds	r4, r0, #1
10003b22:	40a2      	lsls	r2, r4
10003b24:	0510      	lsls	r0, r2, #20
10003b26:	0b12      	lsrs	r2, r2, #12
10003b28:	4903      	ldr	r1, [pc, #12]	; (10003b38 <__wrap___aeabi_i2d+0x2c>)
10003b2a:	1b09      	subs	r1, r1, r4
10003b2c:	0509      	lsls	r1, r1, #20
10003b2e:	4319      	orrs	r1, r3
10003b30:	4311      	orrs	r1, r2
10003b32:	bd10      	pop	{r4, pc}
10003b34:	20002510 	.word	0x20002510
10003b38:	0000041f 	.word	0x0000041f

10003b3c <__wrap___aeabi_d2iz>:
10003b3c:	b510      	push	{r4, lr}
10003b3e:	004c      	lsls	r4, r1, #1
10003b40:	0d62      	lsrs	r2, r4, #21
10003b42:	2380      	movs	r3, #128	; 0x80
10003b44:	18d2      	adds	r2, r2, r3
10003b46:	00db      	lsls	r3, r3, #3
10003b48:	1ad2      	subs	r2, r2, r3
10003b4a:	055b      	lsls	r3, r3, #21
10003b4c:	2a7e      	cmp	r2, #126	; 0x7e
10003b4e:	dd10      	ble.n	10003b72 <__wrap___aeabi_d2iz+0x36>
10003b50:	3a9e      	subs	r2, #158	; 0x9e
10003b52:	da13      	bge.n	10003b7c <__wrap___aeabi_d2iz+0x40>
10003b54:	17cc      	asrs	r4, r1, #31
10003b56:	0309      	lsls	r1, r1, #12
10003b58:	0849      	lsrs	r1, r1, #1
10003b5a:	4319      	orrs	r1, r3
10003b5c:	4252      	negs	r2, r2
10003b5e:	40d1      	lsrs	r1, r2
10003b60:	0064      	lsls	r4, r4, #1
10003b62:	3401      	adds	r4, #1
10003b64:	3215      	adds	r2, #21
10003b66:	2a20      	cmp	r2, #32
10003b68:	da05      	bge.n	10003b76 <__wrap___aeabi_d2iz+0x3a>
10003b6a:	40d0      	lsrs	r0, r2
10003b6c:	4308      	orrs	r0, r1
10003b6e:	4360      	muls	r0, r4
10003b70:	bd10      	pop	{r4, pc}
10003b72:	2000      	movs	r0, #0
10003b74:	bd10      	pop	{r4, pc}
10003b76:	4608      	mov	r0, r1
10003b78:	4360      	muls	r0, r4
10003b7a:	bd10      	pop	{r4, pc}
10003b7c:	0fc8      	lsrs	r0, r1, #31
10003b7e:	18c0      	adds	r0, r0, r3
10003b80:	3801      	subs	r0, #1
10003b82:	bd10      	pop	{r4, pc}

10003b84 <__wrap___aeabi_d2uiz>:
10003b84:	b418      	push	{r3, r4}
10003b86:	4b02      	ldr	r3, [pc, #8]	; (10003b90 <__wrap___aeabi_d2uiz+0xc>)
10003b88:	6a5b      	ldr	r3, [r3, #36]	; 0x24
10003b8a:	9301      	str	r3, [sp, #4]
10003b8c:	bd08      	pop	{r3, pc}
10003b8e:	0000      	.short	0x0000
10003b90:	200019a0 	.word	0x200019a0

10003b94 <missing_double_func_shim>:
10003b94:	b510      	push	{r4, lr}
10003b96:	4801      	ldr	r0, [pc, #4]	; (10003b9c <missing_double_func_shim+0x8>)
10003b98:	f7fd ff5e 	bl	10001a58 <panic>
10003b9c:	10007bc8 	.word	0x10007bc8

10003ba0 <__aeabi_double_init>:
10003ba0:	2313      	movs	r3, #19
10003ba2:	b570      	push	{r4, r5, r6, lr}
10003ba4:	781d      	ldrb	r5, [r3, #0]
10003ba6:	2d01      	cmp	r5, #1
10003ba8:	d011      	beq.n	10003bce <__aeabi_double_init+0x2e>
10003baa:	dd35      	ble.n	10003c18 <__aeabi_double_init+0x78>
10003bac:	481c      	ldr	r0, [pc, #112]	; (10003c20 <__aeabi_double_init+0x80>)
10003bae:	f7ff fc87 	bl	100034c0 <rom_data_lookup>
10003bb2:	4c1c      	ldr	r4, [pc, #112]	; (10003c24 <__aeabi_double_init+0x84>)
10003bb4:	0001      	movs	r1, r0
10003bb6:	2280      	movs	r2, #128	; 0x80
10003bb8:	0020      	movs	r0, r4
10003bba:	f000 f8af 	bl	10003d1c <__wrap___aeabi_memcpy>
10003bbe:	2d02      	cmp	r5, #2
10003bc0:	d027      	beq.n	10003c12 <__aeabi_double_init+0x72>
10003bc2:	4819      	ldr	r0, [pc, #100]	; (10003c28 <__aeabi_double_init+0x88>)
10003bc4:	f7ff fc74 	bl	100034b0 <rom_func_lookup>
10003bc8:	4b18      	ldr	r3, [pc, #96]	; (10003c2c <__aeabi_double_init+0x8c>)
10003bca:	6018      	str	r0, [r3, #0]
10003bcc:	bd70      	pop	{r4, r5, r6, pc}
10003bce:	4b18      	ldr	r3, [pc, #96]	; (10003c30 <__aeabi_double_init+0x90>)
10003bd0:	4c14      	ldr	r4, [pc, #80]	; (10003c24 <__aeabi_double_init+0x84>)
10003bd2:	6023      	str	r3, [r4, #0]
10003bd4:	6063      	str	r3, [r4, #4]
10003bd6:	60a3      	str	r3, [r4, #8]
10003bd8:	60e3      	str	r3, [r4, #12]
10003bda:	6123      	str	r3, [r4, #16]
10003bdc:	6163      	str	r3, [r4, #20]
10003bde:	61a3      	str	r3, [r4, #24]
10003be0:	61e3      	str	r3, [r4, #28]
10003be2:	6223      	str	r3, [r4, #32]
10003be4:	6263      	str	r3, [r4, #36]	; 0x24
10003be6:	62a3      	str	r3, [r4, #40]	; 0x28
10003be8:	62e3      	str	r3, [r4, #44]	; 0x2c
10003bea:	6323      	str	r3, [r4, #48]	; 0x30
10003bec:	6363      	str	r3, [r4, #52]	; 0x34
10003bee:	63a3      	str	r3, [r4, #56]	; 0x38
10003bf0:	63e3      	str	r3, [r4, #60]	; 0x3c
10003bf2:	6423      	str	r3, [r4, #64]	; 0x40
10003bf4:	6463      	str	r3, [r4, #68]	; 0x44
10003bf6:	64a3      	str	r3, [r4, #72]	; 0x48
10003bf8:	64e3      	str	r3, [r4, #76]	; 0x4c
10003bfa:	6523      	str	r3, [r4, #80]	; 0x50
10003bfc:	6563      	str	r3, [r4, #84]	; 0x54
10003bfe:	65a3      	str	r3, [r4, #88]	; 0x58
10003c00:	65e3      	str	r3, [r4, #92]	; 0x5c
10003c02:	6623      	str	r3, [r4, #96]	; 0x60
10003c04:	6663      	str	r3, [r4, #100]	; 0x64
10003c06:	66a3      	str	r3, [r4, #104]	; 0x68
10003c08:	66e3      	str	r3, [r4, #108]	; 0x6c
10003c0a:	6723      	str	r3, [r4, #112]	; 0x70
10003c0c:	6763      	str	r3, [r4, #116]	; 0x74
10003c0e:	67a3      	str	r3, [r4, #120]	; 0x78
10003c10:	67e3      	str	r3, [r4, #124]	; 0x7c
10003c12:	4b08      	ldr	r3, [pc, #32]	; (10003c34 <__aeabi_double_init+0x94>)
10003c14:	64a3      	str	r3, [r4, #72]	; 0x48
10003c16:	e7d4      	b.n	10003bc2 <__aeabi_double_init+0x22>
10003c18:	4c02      	ldr	r4, [pc, #8]	; (10003c24 <__aeabi_double_init+0x84>)
10003c1a:	4b06      	ldr	r3, [pc, #24]	; (10003c34 <__aeabi_double_init+0x94>)
10003c1c:	64a3      	str	r3, [r4, #72]	; 0x48
10003c1e:	e7d0      	b.n	10003bc2 <__aeabi_double_init+0x22>
10003c20:	00004453 	.word	0x00004453
10003c24:	200019a0 	.word	0x200019a0
10003c28:	0000334c 	.word	0x0000334c
10003c2c:	20002510 	.word	0x20002510
10003c30:	10003b95 	.word	0x10003b95
10003c34:	10003c39 	.word	0x10003c39

10003c38 <double_table_shim_on_use_helper>:
10003c38:	b507      	push	{r0, r1, r2, lr}
10003c3a:	4660      	mov	r0, ip
10003c3c:	8801      	ldrh	r1, [r0, #0]
10003c3e:	0a0a      	lsrs	r2, r1, #8
10003c40:	3002      	adds	r0, #2
10003c42:	2adf      	cmp	r2, #223	; 0xdf
10003c44:	d1fa      	bne.n	10003c3c <double_table_shim_on_use_helper+0x4>
10003c46:	b2c9      	uxtb	r1, r1
10003c48:	0882      	lsrs	r2, r0, #2
10003c4a:	d304      	bcc.n	10003c56 <double_table_shim_on_use_helper+0x1e>
10003c4c:	8802      	ldrh	r2, [r0, #0]
10003c4e:	8840      	ldrh	r0, [r0, #2]
10003c50:	0400      	lsls	r0, r0, #16
10003c52:	4310      	orrs	r0, r2
10003c54:	e000      	b.n	10003c58 <double_table_shim_on_use_helper+0x20>
10003c56:	6800      	ldr	r0, [r0, #0]
10003c58:	4a01      	ldr	r2, [pc, #4]	; (10003c60 <double_table_shim_on_use_helper+0x28>)
10003c5a:	5050      	str	r0, [r2, r1]
10003c5c:	9003      	str	r0, [sp, #12]
10003c5e:	bd07      	pop	{r0, r1, r2, pc}
10003c60:	200019a0 	.word	0x200019a0

10003c64 <__wrap___aeabi_lmul>:
10003c64:	4351      	muls	r1, r2
10003c66:	4343      	muls	r3, r0
10003c68:	18c9      	adds	r1, r1, r3
10003c6a:	468c      	mov	ip, r1
10003c6c:	0c11      	lsrs	r1, r2, #16
10003c6e:	b283      	uxth	r3, r0
10003c70:	434b      	muls	r3, r1
10003c72:	b410      	push	{r4}
10003c74:	0c04      	lsrs	r4, r0, #16
10003c76:	4361      	muls	r1, r4
10003c78:	b292      	uxth	r2, r2
10003c7a:	b280      	uxth	r0, r0
10003c7c:	4350      	muls	r0, r2
10003c7e:	4362      	muls	r2, r4
10003c80:	041c      	lsls	r4, r3, #16
10003c82:	0c1b      	lsrs	r3, r3, #16
10003c84:	1900      	adds	r0, r0, r4
10003c86:	bc10      	pop	{r4}
10003c88:	4159      	adcs	r1, r3
10003c8a:	0413      	lsls	r3, r2, #16
10003c8c:	0c12      	lsrs	r2, r2, #16
10003c8e:	18c0      	adds	r0, r0, r3
10003c90:	4151      	adcs	r1, r2
10003c92:	4461      	add	r1, ip
10003c94:	4770      	bx	lr
	...

10003c98 <missing_float_func_shim>:
10003c98:	b510      	push	{r4, lr}
10003c9a:	4801      	ldr	r0, [pc, #4]	; (10003ca0 <missing_float_func_shim+0x8>)
10003c9c:	f7fd fedc 	bl	10001a58 <panic>
10003ca0:	10007900 	.word	0x10007900

10003ca4 <__aeabi_float_init>:
10003ca4:	2313      	movs	r3, #19
10003ca6:	b510      	push	{r4, lr}
10003ca8:	4810      	ldr	r0, [pc, #64]	; (10003cec <__aeabi_float_init+0x48>)
10003caa:	781c      	ldrb	r4, [r3, #0]
10003cac:	f7ff fc08 	bl	100034c0 <rom_data_lookup>
10003cb0:	0001      	movs	r1, r0
10003cb2:	2c01      	cmp	r4, #1
10003cb4:	d00a      	beq.n	10003ccc <__aeabi_float_init+0x28>
10003cb6:	dd03      	ble.n	10003cc0 <__aeabi_float_init+0x1c>
10003cb8:	2280      	movs	r2, #128	; 0x80
10003cba:	480d      	ldr	r0, [pc, #52]	; (10003cf0 <__aeabi_float_init+0x4c>)
10003cbc:	f000 f82e 	bl	10003d1c <__wrap___aeabi_memcpy>
10003cc0:	480c      	ldr	r0, [pc, #48]	; (10003cf4 <__aeabi_float_init+0x50>)
10003cc2:	f7ff fbf5 	bl	100034b0 <rom_func_lookup>
10003cc6:	4b0c      	ldr	r3, [pc, #48]	; (10003cf8 <__aeabi_float_init+0x54>)
10003cc8:	6018      	str	r0, [r3, #0]
10003cca:	bd10      	pop	{r4, pc}
10003ccc:	4c08      	ldr	r4, [pc, #32]	; (10003cf0 <__aeabi_float_init+0x4c>)
10003cce:	2254      	movs	r2, #84	; 0x54
10003cd0:	0020      	movs	r0, r4
10003cd2:	f000 f823 	bl	10003d1c <__wrap___aeabi_memcpy>
10003cd6:	0023      	movs	r3, r4
10003cd8:	4a08      	ldr	r2, [pc, #32]	; (10003cfc <__aeabi_float_init+0x58>)
10003cda:	3380      	adds	r3, #128	; 0x80
10003cdc:	6821      	ldr	r1, [r4, #0]
10003cde:	2900      	cmp	r1, #0
10003ce0:	d100      	bne.n	10003ce4 <__aeabi_float_init+0x40>
10003ce2:	6022      	str	r2, [r4, #0]
10003ce4:	3404      	adds	r4, #4
10003ce6:	42a3      	cmp	r3, r4
10003ce8:	d1f8      	bne.n	10003cdc <__aeabi_float_init+0x38>
10003cea:	e7e9      	b.n	10003cc0 <__aeabi_float_init+0x1c>
10003cec:	00004653 	.word	0x00004653
10003cf0:	20002514 	.word	0x20002514
10003cf4:	0000334c 	.word	0x0000334c
10003cf8:	20002510 	.word	0x20002510
10003cfc:	10003c99 	.word	0x10003c99

10003d00 <__aeabi_mem_init>:
10003d00:	4801      	ldr	r0, [pc, #4]	; (10003d08 <__aeabi_mem_init+0x8>)
10003d02:	2104      	movs	r1, #4
10003d04:	4b01      	ldr	r3, [pc, #4]	; (10003d0c <__aeabi_mem_init+0xc>)
10003d06:	4718      	bx	r3
10003d08:	200013f0 	.word	0x200013f0
10003d0c:	100034d1 	.word	0x100034d1

10003d10 <__wrap_memset>:
10003d10:	4b01      	ldr	r3, [pc, #4]	; (10003d18 <__wrap_memset+0x8>)
10003d12:	681b      	ldr	r3, [r3, #0]
10003d14:	4718      	bx	r3
10003d16:	0000      	.short	0x0000
10003d18:	200013f0 	.word	0x200013f0

10003d1c <__wrap___aeabi_memcpy>:
10003d1c:	4b01      	ldr	r3, [pc, #4]	; (10003d24 <__wrap___aeabi_memcpy+0x8>)
10003d1e:	685b      	ldr	r3, [r3, #4]
10003d20:	4718      	bx	r3
10003d22:	0000      	.short	0x0000
10003d24:	200013f0 	.word	0x200013f0

10003d28 <stdio_out_chars_no_crlf>:
10003d28:	0003      	movs	r3, r0
10003d2a:	b510      	push	{r4, lr}
10003d2c:	0008      	movs	r0, r1
10003d2e:	0011      	movs	r1, r2
10003d30:	681b      	ldr	r3, [r3, #0]
10003d32:	4798      	blx	r3
10003d34:	bd10      	pop	{r4, pc}
10003d36:	46c0      	nop			; (mov r8, r8)

10003d38 <stdio_out_chars_crlf>:
10003d38:	b5f0      	push	{r4, r5, r6, r7, lr}
10003d3a:	4646      	mov	r6, r8
10003d3c:	464f      	mov	r7, r9
10003d3e:	46d6      	mov	lr, sl
10003d40:	b5c0      	push	{r6, r7, lr}
10003d42:	7c43      	ldrb	r3, [r0, #17]
10003d44:	4680      	mov	r8, r0
10003d46:	000e      	movs	r6, r1
10003d48:	0017      	movs	r7, r2
10003d4a:	2b00      	cmp	r3, #0
10003d4c:	d046      	beq.n	10003ddc <stdio_out_chars_crlf+0xa4>
10003d4e:	2a00      	cmp	r2, #0
10003d50:	dd3f      	ble.n	10003dd2 <stdio_out_chars_crlf+0x9a>
10003d52:	1e4b      	subs	r3, r1, #1
10003d54:	4699      	mov	r9, r3
10003d56:	4b24      	ldr	r3, [pc, #144]	; (10003de8 <stdio_out_chars_crlf+0xb0>)
10003d58:	2501      	movs	r5, #1
10003d5a:	2400      	movs	r4, #0
10003d5c:	2000      	movs	r0, #0
10003d5e:	469a      	mov	sl, r3
10003d60:	e00d      	b.n	10003d7e <stdio_out_chars_crlf+0x46>
10003d62:	464b      	mov	r3, r9
10003d64:	5d1b      	ldrb	r3, [r3, r4]
10003d66:	3b0d      	subs	r3, #13
10003d68:	425a      	negs	r2, r3
10003d6a:	4153      	adcs	r3, r2
10003d6c:	5d32      	ldrb	r2, [r6, r4]
10003d6e:	b2db      	uxtb	r3, r3
10003d70:	2a0a      	cmp	r2, #10
10003d72:	d00b      	beq.n	10003d8c <stdio_out_chars_crlf+0x54>
10003d74:	002b      	movs	r3, r5
10003d76:	3401      	adds	r4, #1
10003d78:	3501      	adds	r5, #1
10003d7a:	429f      	cmp	r7, r3
10003d7c:	dd1a      	ble.n	10003db4 <stdio_out_chars_crlf+0x7c>
10003d7e:	2c00      	cmp	r4, #0
10003d80:	d1ef      	bne.n	10003d62 <stdio_out_chars_crlf+0x2a>
10003d82:	4643      	mov	r3, r8
10003d84:	5d32      	ldrb	r2, [r6, r4]
10003d86:	7c1b      	ldrb	r3, [r3, #16]
10003d88:	2a0a      	cmp	r2, #10
10003d8a:	d1f3      	bne.n	10003d74 <stdio_out_chars_crlf+0x3c>
10003d8c:	2b00      	cmp	r3, #0
10003d8e:	d1f1      	bne.n	10003d74 <stdio_out_chars_crlf+0x3c>
10003d90:	42a0      	cmp	r0, r4
10003d92:	da04      	bge.n	10003d9e <stdio_out_chars_crlf+0x66>
10003d94:	4643      	mov	r3, r8
10003d96:	1a21      	subs	r1, r4, r0
10003d98:	681b      	ldr	r3, [r3, #0]
10003d9a:	1830      	adds	r0, r6, r0
10003d9c:	4798      	blx	r3
10003d9e:	4643      	mov	r3, r8
10003da0:	4650      	mov	r0, sl
10003da2:	681b      	ldr	r3, [r3, #0]
10003da4:	2102      	movs	r1, #2
10003da6:	4798      	blx	r3
10003da8:	3401      	adds	r4, #1
10003daa:	0028      	movs	r0, r5
10003dac:	002b      	movs	r3, r5
10003dae:	3501      	adds	r5, #1
10003db0:	429f      	cmp	r7, r3
10003db2:	dce4      	bgt.n	10003d7e <stdio_out_chars_crlf+0x46>
10003db4:	4287      	cmp	r7, r0
10003db6:	dd04      	ble.n	10003dc2 <stdio_out_chars_crlf+0x8a>
10003db8:	4643      	mov	r3, r8
10003dba:	1a39      	subs	r1, r7, r0
10003dbc:	681b      	ldr	r3, [r3, #0]
10003dbe:	1830      	adds	r0, r6, r0
10003dc0:	4798      	blx	r3
10003dc2:	19f6      	adds	r6, r6, r7
10003dc4:	3e01      	subs	r6, #1
10003dc6:	7833      	ldrb	r3, [r6, #0]
10003dc8:	3b0d      	subs	r3, #13
10003dca:	425a      	negs	r2, r3
10003dcc:	4153      	adcs	r3, r2
10003dce:	4642      	mov	r2, r8
10003dd0:	7413      	strb	r3, [r2, #16]
10003dd2:	bce0      	pop	{r5, r6, r7}
10003dd4:	46ba      	mov	sl, r7
10003dd6:	46b1      	mov	r9, r6
10003dd8:	46a8      	mov	r8, r5
10003dda:	bdf0      	pop	{r4, r5, r6, r7, pc}
10003ddc:	6803      	ldr	r3, [r0, #0]
10003dde:	0011      	movs	r1, r2
10003de0:	0030      	movs	r0, r6
10003de2:	4798      	blx	r3
10003de4:	e7f5      	b.n	10003dd2 <stdio_out_chars_crlf+0x9a>
10003de6:	46c0      	nop			; (mov r8, r8)
10003de8:	10007c48 	.word	0x10007c48

10003dec <stdio_buffered_printer>:
10003dec:	b5f0      	push	{r4, r5, r6, r7, lr}
10003dee:	46c6      	mov	lr, r8
10003df0:	000c      	movs	r4, r1
10003df2:	6809      	ldr	r1, [r1, #0]
10003df4:	0006      	movs	r6, r0
10003df6:	b500      	push	{lr}
10003df8:	2980      	cmp	r1, #128	; 0x80
10003dfa:	d006      	beq.n	10003e0a <stdio_buffered_printer+0x1e>
10003dfc:	1c4b      	adds	r3, r1, #1
10003dfe:	6023      	str	r3, [r4, #0]
10003e00:	1864      	adds	r4, r4, r1
10003e02:	7126      	strb	r6, [r4, #4]
10003e04:	bc80      	pop	{r7}
10003e06:	46b8      	mov	r8, r7
10003e08:	bdf0      	pop	{r4, r5, r6, r7, pc}
10003e0a:	4b0f      	ldr	r3, [pc, #60]	; (10003e48 <stdio_buffered_printer+0x5c>)
10003e0c:	681d      	ldr	r5, [r3, #0]
10003e0e:	2d00      	cmp	r5, #0
10003e10:	d016      	beq.n	10003e40 <stdio_buffered_printer+0x54>
10003e12:	1d23      	adds	r3, r4, #4
10003e14:	4698      	mov	r8, r3
10003e16:	4f0d      	ldr	r7, [pc, #52]	; (10003e4c <stdio_buffered_printer+0x60>)
10003e18:	e002      	b.n	10003e20 <stdio_buffered_printer+0x34>
10003e1a:	68ed      	ldr	r5, [r5, #12]
10003e1c:	2d00      	cmp	r5, #0
10003e1e:	d00f      	beq.n	10003e40 <stdio_buffered_printer+0x54>
10003e20:	682b      	ldr	r3, [r5, #0]
10003e22:	2b00      	cmp	r3, #0
10003e24:	d0f9      	beq.n	10003e1a <stdio_buffered_printer+0x2e>
10003e26:	683b      	ldr	r3, [r7, #0]
10003e28:	2b00      	cmp	r3, #0
10003e2a:	d001      	beq.n	10003e30 <stdio_buffered_printer+0x44>
10003e2c:	42ab      	cmp	r3, r5
10003e2e:	d1f4      	bne.n	10003e1a <stdio_buffered_printer+0x2e>
10003e30:	0028      	movs	r0, r5
10003e32:	4641      	mov	r1, r8
10003e34:	6822      	ldr	r2, [r4, #0]
10003e36:	f7ff ff7f 	bl	10003d38 <stdio_out_chars_crlf>
10003e3a:	68ed      	ldr	r5, [r5, #12]
10003e3c:	2d00      	cmp	r5, #0
10003e3e:	d1ef      	bne.n	10003e20 <stdio_buffered_printer+0x34>
10003e40:	2301      	movs	r3, #1
10003e42:	2100      	movs	r1, #0
10003e44:	e7db      	b.n	10003dfe <stdio_buffered_printer+0x12>
10003e46:	46c0      	nop			; (mov r8, r8)
10003e48:	200020e0 	.word	0x200020e0
10003e4c:	200020e8 	.word	0x200020e8

10003e50 <stdio_put_string.isra.0>:
10003e50:	b5f0      	push	{r4, r5, r6, r7, lr}
10003e52:	4657      	mov	r7, sl
10003e54:	464e      	mov	r6, r9
10003e56:	4645      	mov	r5, r8
10003e58:	46de      	mov	lr, fp
10003e5a:	001c      	movs	r4, r3
10003e5c:	23d0      	movs	r3, #208	; 0xd0
10003e5e:	b5e0      	push	{r5, r6, r7, lr}
10003e60:	061b      	lsls	r3, r3, #24
10003e62:	681f      	ldr	r7, [r3, #0]
10003e64:	4b34      	ldr	r3, [pc, #208]	; (10003f38 <stdio_put_string.isra.0+0xe8>)
10003e66:	b083      	sub	sp, #12
10003e68:	0006      	movs	r6, r0
10003e6a:	000d      	movs	r5, r1
10003e6c:	0018      	movs	r0, r3
10003e6e:	a901      	add	r1, sp, #4
10003e70:	4691      	mov	r9, r2
10003e72:	469a      	mov	sl, r3
10003e74:	f003 fcf8 	bl	10007868 <__mutex_try_enter_veneer>
10003e78:	4680      	mov	r8, r0
10003e7a:	2800      	cmp	r0, #0
10003e7c:	d108      	bne.n	10003e90 <stdio_put_string.isra.0+0x40>
10003e7e:	9b01      	ldr	r3, [sp, #4]
10003e80:	b27f      	sxtb	r7, r7
10003e82:	429f      	cmp	r7, r3
10003e84:	d004      	beq.n	10003e90 <stdio_put_string.isra.0+0x40>
10003e86:	4650      	mov	r0, sl
10003e88:	f003 fd0e 	bl	100078a8 <__mutex_enter_blocking_veneer>
10003e8c:	2301      	movs	r3, #1
10003e8e:	4698      	mov	r8, r3
10003e90:	1c6b      	adds	r3, r5, #1
10003e92:	d103      	bne.n	10003e9c <stdio_put_string.isra.0+0x4c>
10003e94:	0030      	movs	r0, r6
10003e96:	f003 fc85 	bl	100077a4 <strlen>
10003e9a:	0005      	movs	r5, r0
10003e9c:	2c00      	cmp	r4, #0
10003e9e:	d127      	bne.n	10003ef0 <stdio_put_string.isra.0+0xa0>
10003ea0:	4f26      	ldr	r7, [pc, #152]	; (10003f3c <stdio_put_string.isra.0+0xec>)
10003ea2:	4b27      	ldr	r3, [pc, #156]	; (10003f40 <stdio_put_string.isra.0+0xf0>)
10003ea4:	681c      	ldr	r4, [r3, #0]
10003ea6:	2c00      	cmp	r4, #0
10003ea8:	d018      	beq.n	10003edc <stdio_put_string.isra.0+0x8c>
10003eaa:	464b      	mov	r3, r9
10003eac:	2b00      	cmp	r3, #0
10003eae:	d121      	bne.n	10003ef4 <stdio_put_string.isra.0+0xa4>
10003eb0:	4b24      	ldr	r3, [pc, #144]	; (10003f44 <stdio_put_string.isra.0+0xf4>)
10003eb2:	4699      	mov	r9, r3
10003eb4:	e002      	b.n	10003ebc <stdio_put_string.isra.0+0x6c>
10003eb6:	68e4      	ldr	r4, [r4, #12]
10003eb8:	2c00      	cmp	r4, #0
10003eba:	d00f      	beq.n	10003edc <stdio_put_string.isra.0+0x8c>
10003ebc:	6823      	ldr	r3, [r4, #0]
10003ebe:	2b00      	cmp	r3, #0
10003ec0:	d0f9      	beq.n	10003eb6 <stdio_put_string.isra.0+0x66>
10003ec2:	464b      	mov	r3, r9
10003ec4:	681b      	ldr	r3, [r3, #0]
10003ec6:	2b00      	cmp	r3, #0
10003ec8:	d001      	beq.n	10003ece <stdio_put_string.isra.0+0x7e>
10003eca:	42a3      	cmp	r3, r4
10003ecc:	d1f3      	bne.n	10003eb6 <stdio_put_string.isra.0+0x66>
10003ece:	0020      	movs	r0, r4
10003ed0:	002a      	movs	r2, r5
10003ed2:	0031      	movs	r1, r6
10003ed4:	47b8      	blx	r7
10003ed6:	68e4      	ldr	r4, [r4, #12]
10003ed8:	2c00      	cmp	r4, #0
10003eda:	d1ef      	bne.n	10003ebc <stdio_put_string.isra.0+0x6c>
10003edc:	4643      	mov	r3, r8
10003ede:	2b00      	cmp	r3, #0
10003ee0:	d125      	bne.n	10003f2e <stdio_put_string.isra.0+0xde>
10003ee2:	b003      	add	sp, #12
10003ee4:	bcf0      	pop	{r4, r5, r6, r7}
10003ee6:	46bb      	mov	fp, r7
10003ee8:	46b2      	mov	sl, r6
10003eea:	46a9      	mov	r9, r5
10003eec:	46a0      	mov	r8, r4
10003eee:	bdf0      	pop	{r4, r5, r6, r7, pc}
10003ef0:	4f15      	ldr	r7, [pc, #84]	; (10003f48 <stdio_put_string.isra.0+0xf8>)
10003ef2:	e7d6      	b.n	10003ea2 <stdio_put_string.isra.0+0x52>
10003ef4:	4b13      	ldr	r3, [pc, #76]	; (10003f44 <stdio_put_string.isra.0+0xf4>)
10003ef6:	4699      	mov	r9, r3
10003ef8:	230a      	movs	r3, #10
10003efa:	469b      	mov	fp, r3
10003efc:	e002      	b.n	10003f04 <stdio_put_string.isra.0+0xb4>
10003efe:	68e4      	ldr	r4, [r4, #12]
10003f00:	2c00      	cmp	r4, #0
10003f02:	d0eb      	beq.n	10003edc <stdio_put_string.isra.0+0x8c>
10003f04:	6823      	ldr	r3, [r4, #0]
10003f06:	2b00      	cmp	r3, #0
10003f08:	d0f9      	beq.n	10003efe <stdio_put_string.isra.0+0xae>
10003f0a:	464b      	mov	r3, r9
10003f0c:	681b      	ldr	r3, [r3, #0]
10003f0e:	2b00      	cmp	r3, #0
10003f10:	d001      	beq.n	10003f16 <stdio_put_string.isra.0+0xc6>
10003f12:	42a3      	cmp	r3, r4
10003f14:	d1f3      	bne.n	10003efe <stdio_put_string.isra.0+0xae>
10003f16:	002a      	movs	r2, r5
10003f18:	0031      	movs	r1, r6
10003f1a:	0020      	movs	r0, r4
10003f1c:	47b8      	blx	r7
10003f1e:	465a      	mov	r2, fp
10003f20:	466b      	mov	r3, sp
10003f22:	0020      	movs	r0, r4
10003f24:	711a      	strb	r2, [r3, #4]
10003f26:	a901      	add	r1, sp, #4
10003f28:	2201      	movs	r2, #1
10003f2a:	47b8      	blx	r7
10003f2c:	e7e7      	b.n	10003efe <stdio_put_string.isra.0+0xae>
10003f2e:	4650      	mov	r0, sl
10003f30:	f003 fc82 	bl	10007838 <__mutex_exit_veneer>
10003f34:	e7d5      	b.n	10003ee2 <stdio_put_string.isra.0+0x92>
10003f36:	46c0      	nop			; (mov r8, r8)
10003f38:	20001870 	.word	0x20001870
10003f3c:	10003d39 	.word	0x10003d39
10003f40:	200020e0 	.word	0x200020e0
10003f44:	200020e8 	.word	0x200020e8
10003f48:	10003d29 	.word	0x10003d29

10003f4c <__wrap_putchar>:
10003f4c:	b5f0      	push	{r4, r5, r6, r7, lr}
10003f4e:	46ce      	mov	lr, r9
10003f50:	4647      	mov	r7, r8
10003f52:	b580      	push	{r7, lr}
10003f54:	b083      	sub	sp, #12
10003f56:	466b      	mov	r3, sp
10003f58:	1cde      	adds	r6, r3, #3
10003f5a:	23d0      	movs	r3, #208	; 0xd0
10003f5c:	7030      	strb	r0, [r6, #0]
10003f5e:	061b      	lsls	r3, r3, #24
10003f60:	681c      	ldr	r4, [r3, #0]
10003f62:	4b1f      	ldr	r3, [pc, #124]	; (10003fe0 <__wrap_putchar+0x94>)
10003f64:	4680      	mov	r8, r0
10003f66:	a901      	add	r1, sp, #4
10003f68:	0018      	movs	r0, r3
10003f6a:	4699      	mov	r9, r3
10003f6c:	f003 fc7c 	bl	10007868 <__mutex_try_enter_veneer>
10003f70:	1e07      	subs	r7, r0, #0
10003f72:	d020      	beq.n	10003fb6 <__wrap_putchar+0x6a>
10003f74:	4b1b      	ldr	r3, [pc, #108]	; (10003fe4 <__wrap_putchar+0x98>)
10003f76:	681c      	ldr	r4, [r3, #0]
10003f78:	2c00      	cmp	r4, #0
10003f7a:	d028      	beq.n	10003fce <__wrap_putchar+0x82>
10003f7c:	4d1a      	ldr	r5, [pc, #104]	; (10003fe8 <__wrap_putchar+0x9c>)
10003f7e:	e002      	b.n	10003f86 <__wrap_putchar+0x3a>
10003f80:	68e4      	ldr	r4, [r4, #12]
10003f82:	2c00      	cmp	r4, #0
10003f84:	d00f      	beq.n	10003fa6 <__wrap_putchar+0x5a>
10003f86:	6823      	ldr	r3, [r4, #0]
10003f88:	2b00      	cmp	r3, #0
10003f8a:	d0f9      	beq.n	10003f80 <__wrap_putchar+0x34>
10003f8c:	682b      	ldr	r3, [r5, #0]
10003f8e:	2b00      	cmp	r3, #0
10003f90:	d001      	beq.n	10003f96 <__wrap_putchar+0x4a>
10003f92:	42a3      	cmp	r3, r4
10003f94:	d1f4      	bne.n	10003f80 <__wrap_putchar+0x34>
10003f96:	0020      	movs	r0, r4
10003f98:	2201      	movs	r2, #1
10003f9a:	0031      	movs	r1, r6
10003f9c:	f7ff fecc 	bl	10003d38 <stdio_out_chars_crlf>
10003fa0:	68e4      	ldr	r4, [r4, #12]
10003fa2:	2c00      	cmp	r4, #0
10003fa4:	d1ef      	bne.n	10003f86 <__wrap_putchar+0x3a>
10003fa6:	2f00      	cmp	r7, #0
10003fa8:	d111      	bne.n	10003fce <__wrap_putchar+0x82>
10003faa:	4640      	mov	r0, r8
10003fac:	b003      	add	sp, #12
10003fae:	bcc0      	pop	{r6, r7}
10003fb0:	46b9      	mov	r9, r7
10003fb2:	46b0      	mov	r8, r6
10003fb4:	bdf0      	pop	{r4, r5, r6, r7, pc}
10003fb6:	9b01      	ldr	r3, [sp, #4]
10003fb8:	b264      	sxtb	r4, r4
10003fba:	429c      	cmp	r4, r3
10003fbc:	d00b      	beq.n	10003fd6 <__wrap_putchar+0x8a>
10003fbe:	4648      	mov	r0, r9
10003fc0:	f003 fc72 	bl	100078a8 <__mutex_enter_blocking_veneer>
10003fc4:	4b07      	ldr	r3, [pc, #28]	; (10003fe4 <__wrap_putchar+0x98>)
10003fc6:	2701      	movs	r7, #1
10003fc8:	681c      	ldr	r4, [r3, #0]
10003fca:	2c00      	cmp	r4, #0
10003fcc:	d1d6      	bne.n	10003f7c <__wrap_putchar+0x30>
10003fce:	4648      	mov	r0, r9
10003fd0:	f003 fc32 	bl	10007838 <__mutex_exit_veneer>
10003fd4:	e7e9      	b.n	10003faa <__wrap_putchar+0x5e>
10003fd6:	4b03      	ldr	r3, [pc, #12]	; (10003fe4 <__wrap_putchar+0x98>)
10003fd8:	681c      	ldr	r4, [r3, #0]
10003fda:	2c00      	cmp	r4, #0
10003fdc:	d1ce      	bne.n	10003f7c <__wrap_putchar+0x30>
10003fde:	e7e4      	b.n	10003faa <__wrap_putchar+0x5e>
10003fe0:	20001870 	.word	0x20001870
10003fe4:	200020e0 	.word	0x200020e0
10003fe8:	200020e8 	.word	0x200020e8

10003fec <__wrap_puts>:
10003fec:	b570      	push	{r4, r5, r6, lr}
10003fee:	0004      	movs	r4, r0
10003ff0:	f003 fbd8 	bl	100077a4 <strlen>
10003ff4:	2300      	movs	r3, #0
10003ff6:	0001      	movs	r1, r0
10003ff8:	0005      	movs	r5, r0
10003ffa:	2201      	movs	r2, #1
10003ffc:	0020      	movs	r0, r4
10003ffe:	f7ff ff27 	bl	10003e50 <stdio_put_string.isra.0>
10004002:	4b08      	ldr	r3, [pc, #32]	; (10004024 <__wrap_puts+0x38>)
10004004:	681c      	ldr	r4, [r3, #0]
10004006:	2c00      	cmp	r4, #0
10004008:	d006      	beq.n	10004018 <__wrap_puts+0x2c>
1000400a:	6863      	ldr	r3, [r4, #4]
1000400c:	2b00      	cmp	r3, #0
1000400e:	d005      	beq.n	1000401c <__wrap_puts+0x30>
10004010:	4798      	blx	r3
10004012:	68e4      	ldr	r4, [r4, #12]
10004014:	2c00      	cmp	r4, #0
10004016:	d1f8      	bne.n	1000400a <__wrap_puts+0x1e>
10004018:	0028      	movs	r0, r5
1000401a:	bd70      	pop	{r4, r5, r6, pc}
1000401c:	68e4      	ldr	r4, [r4, #12]
1000401e:	2c00      	cmp	r4, #0
10004020:	d1f3      	bne.n	1000400a <__wrap_puts+0x1e>
10004022:	e7f9      	b.n	10004018 <__wrap_puts+0x2c>
10004024:	200020e0 	.word	0x200020e0

10004028 <stdio_set_driver_enabled>:
10004028:	4a0a      	ldr	r2, [pc, #40]	; (10004054 <stdio_set_driver_enabled+0x2c>)
1000402a:	6813      	ldr	r3, [r2, #0]
1000402c:	2b00      	cmp	r3, #0
1000402e:	d105      	bne.n	1000403c <stdio_set_driver_enabled+0x14>
10004030:	e00c      	b.n	1000404c <stdio_set_driver_enabled+0x24>
10004032:	001a      	movs	r2, r3
10004034:	68db      	ldr	r3, [r3, #12]
10004036:	320c      	adds	r2, #12
10004038:	2b00      	cmp	r3, #0
1000403a:	d007      	beq.n	1000404c <stdio_set_driver_enabled+0x24>
1000403c:	4298      	cmp	r0, r3
1000403e:	d1f8      	bne.n	10004032 <stdio_set_driver_enabled+0xa>
10004040:	2900      	cmp	r1, #0
10004042:	d102      	bne.n	1000404a <stdio_set_driver_enabled+0x22>
10004044:	68c3      	ldr	r3, [r0, #12]
10004046:	6013      	str	r3, [r2, #0]
10004048:	60c1      	str	r1, [r0, #12]
1000404a:	4770      	bx	lr
1000404c:	2900      	cmp	r1, #0
1000404e:	d0fc      	beq.n	1000404a <stdio_set_driver_enabled+0x22>
10004050:	6010      	str	r0, [r2, #0]
10004052:	e7fa      	b.n	1000404a <stdio_set_driver_enabled+0x22>
10004054:	200020e0 	.word	0x200020e0

10004058 <__wrap_vprintf>:
10004058:	b5f0      	push	{r4, r5, r6, r7, lr}
1000405a:	4647      	mov	r7, r8
1000405c:	46ce      	mov	lr, r9
1000405e:	23d0      	movs	r3, #208	; 0xd0
10004060:	b580      	push	{r7, lr}
10004062:	061b      	lsls	r3, r3, #24
10004064:	681d      	ldr	r5, [r3, #0]
10004066:	4b2e      	ldr	r3, [pc, #184]	; (10004120 <__wrap_vprintf+0xc8>)
10004068:	b0a5      	sub	sp, #148	; 0x94
1000406a:	0007      	movs	r7, r0
1000406c:	000c      	movs	r4, r1
1000406e:	0018      	movs	r0, r3
10004070:	a903      	add	r1, sp, #12
10004072:	4698      	mov	r8, r3
10004074:	f003 fbf8 	bl	10007868 <__mutex_try_enter_veneer>
10004078:	1e06      	subs	r6, r0, #0
1000407a:	d107      	bne.n	1000408c <__wrap_vprintf+0x34>
1000407c:	9b03      	ldr	r3, [sp, #12]
1000407e:	b26d      	sxtb	r5, r5
10004080:	429d      	cmp	r5, r3
10004082:	d003      	beq.n	1000408c <__wrap_vprintf+0x34>
10004084:	4640      	mov	r0, r8
10004086:	f003 fc0f 	bl	100078a8 <__mutex_enter_blocking_veneer>
1000408a:	3601      	adds	r6, #1
1000408c:	2284      	movs	r2, #132	; 0x84
1000408e:	2100      	movs	r1, #0
10004090:	a803      	add	r0, sp, #12
10004092:	f7ff fe3d 	bl	10003d10 <__wrap_memset>
10004096:	0023      	movs	r3, r4
10004098:	003a      	movs	r2, r7
1000409a:	4822      	ldr	r0, [pc, #136]	; (10004124 <__wrap_vprintf+0xcc>)
1000409c:	a903      	add	r1, sp, #12
1000409e:	f7ff f9d7 	bl	10003450 <vfctprintf>
100040a2:	9b03      	ldr	r3, [sp, #12]
100040a4:	0007      	movs	r7, r0
100040a6:	2b00      	cmp	r3, #0
100040a8:	d114      	bne.n	100040d4 <__wrap_vprintf+0x7c>
100040aa:	4b1f      	ldr	r3, [pc, #124]	; (10004128 <__wrap_vprintf+0xd0>)
100040ac:	681c      	ldr	r4, [r3, #0]
100040ae:	2c00      	cmp	r4, #0
100040b0:	d006      	beq.n	100040c0 <__wrap_vprintf+0x68>
100040b2:	6863      	ldr	r3, [r4, #4]
100040b4:	2b00      	cmp	r3, #0
100040b6:	d00b      	beq.n	100040d0 <__wrap_vprintf+0x78>
100040b8:	4798      	blx	r3
100040ba:	68e4      	ldr	r4, [r4, #12]
100040bc:	2c00      	cmp	r4, #0
100040be:	d1f8      	bne.n	100040b2 <__wrap_vprintf+0x5a>
100040c0:	2e00      	cmp	r6, #0
100040c2:	d127      	bne.n	10004114 <__wrap_vprintf+0xbc>
100040c4:	0038      	movs	r0, r7
100040c6:	b025      	add	sp, #148	; 0x94
100040c8:	bcc0      	pop	{r6, r7}
100040ca:	46b9      	mov	r9, r7
100040cc:	46b0      	mov	r8, r6
100040ce:	bdf0      	pop	{r4, r5, r6, r7, pc}
100040d0:	68e4      	ldr	r4, [r4, #12]
100040d2:	e7ec      	b.n	100040ae <__wrap_vprintf+0x56>
100040d4:	4b14      	ldr	r3, [pc, #80]	; (10004128 <__wrap_vprintf+0xd0>)
100040d6:	681d      	ldr	r5, [r3, #0]
100040d8:	4699      	mov	r9, r3
100040da:	2d00      	cmp	r5, #0
100040dc:	d01e      	beq.n	1000411c <__wrap_vprintf+0xc4>
100040de:	4c13      	ldr	r4, [pc, #76]	; (1000412c <__wrap_vprintf+0xd4>)
100040e0:	e002      	b.n	100040e8 <__wrap_vprintf+0x90>
100040e2:	68ed      	ldr	r5, [r5, #12]
100040e4:	2d00      	cmp	r5, #0
100040e6:	d011      	beq.n	1000410c <__wrap_vprintf+0xb4>
100040e8:	682b      	ldr	r3, [r5, #0]
100040ea:	2b00      	cmp	r3, #0
100040ec:	d0f9      	beq.n	100040e2 <__wrap_vprintf+0x8a>
100040ee:	6823      	ldr	r3, [r4, #0]
100040f0:	2b00      	cmp	r3, #0
100040f2:	d001      	beq.n	100040f8 <__wrap_vprintf+0xa0>
100040f4:	42ab      	cmp	r3, r5
100040f6:	d1f4      	bne.n	100040e2 <__wrap_vprintf+0x8a>
100040f8:	9b03      	ldr	r3, [sp, #12]
100040fa:	0028      	movs	r0, r5
100040fc:	001a      	movs	r2, r3
100040fe:	a904      	add	r1, sp, #16
10004100:	9301      	str	r3, [sp, #4]
10004102:	f7ff fe19 	bl	10003d38 <stdio_out_chars_crlf>
10004106:	68ed      	ldr	r5, [r5, #12]
10004108:	2d00      	cmp	r5, #0
1000410a:	d1ed      	bne.n	100040e8 <__wrap_vprintf+0x90>
1000410c:	464b      	mov	r3, r9
1000410e:	9503      	str	r5, [sp, #12]
10004110:	681c      	ldr	r4, [r3, #0]
10004112:	e7cc      	b.n	100040ae <__wrap_vprintf+0x56>
10004114:	4640      	mov	r0, r8
10004116:	f003 fb8f 	bl	10007838 <__mutex_exit_veneer>
1000411a:	e7d3      	b.n	100040c4 <__wrap_vprintf+0x6c>
1000411c:	9503      	str	r5, [sp, #12]
1000411e:	e7cf      	b.n	100040c0 <__wrap_vprintf+0x68>
10004120:	20001870 	.word	0x20001870
10004124:	10003ded 	.word	0x10003ded
10004128:	200020e0 	.word	0x200020e0
1000412c:	200020e8 	.word	0x200020e8

10004130 <__wrap_printf>:
10004130:	b40f      	push	{r0, r1, r2, r3}
10004132:	b500      	push	{lr}
10004134:	b083      	sub	sp, #12
10004136:	a904      	add	r1, sp, #16
10004138:	c901      	ldmia	r1!, {r0}
1000413a:	9101      	str	r1, [sp, #4]
1000413c:	f7ff ff8c 	bl	10004058 <__wrap_vprintf>
10004140:	b003      	add	sp, #12
10004142:	bc08      	pop	{r3}
10004144:	b004      	add	sp, #16
10004146:	4718      	bx	r3

10004148 <stdio_init_all>:
10004148:	b510      	push	{r4, lr}
1000414a:	f000 f93d 	bl	100043c8 <stdio_usb_init>
1000414e:	bd10      	pop	{r4, pc}

10004150 <resetd_init>:
10004150:	4770      	bx	lr
10004152:	46c0      	nop			; (mov r8, r8)

10004154 <resetd_reset>:
10004154:	2200      	movs	r2, #0
10004156:	4b01      	ldr	r3, [pc, #4]	; (1000415c <resetd_reset+0x8>)
10004158:	701a      	strb	r2, [r3, #0]
1000415a:	4770      	bx	lr
1000415c:	2000264b 	.word	0x2000264b

10004160 <resetd_open>:
10004160:	794b      	ldrb	r3, [r1, #5]
10004162:	2000      	movs	r0, #0
10004164:	2bff      	cmp	r3, #255	; 0xff
10004166:	d10b      	bne.n	10004180 <resetd_open+0x20>
10004168:	798b      	ldrb	r3, [r1, #6]
1000416a:	2b00      	cmp	r3, #0
1000416c:	d108      	bne.n	10004180 <resetd_open+0x20>
1000416e:	79cb      	ldrb	r3, [r1, #7]
10004170:	2b01      	cmp	r3, #1
10004172:	d105      	bne.n	10004180 <resetd_open+0x20>
10004174:	2a08      	cmp	r2, #8
10004176:	d903      	bls.n	10004180 <resetd_open+0x20>
10004178:	788a      	ldrb	r2, [r1, #2]
1000417a:	4b02      	ldr	r3, [pc, #8]	; (10004184 <resetd_open+0x24>)
1000417c:	3009      	adds	r0, #9
1000417e:	701a      	strb	r2, [r3, #0]
10004180:	4770      	bx	lr
10004182:	46c0      	nop			; (mov r8, r8)
10004184:	2000264b 	.word	0x2000264b

10004188 <resetd_xfer_cb>:
10004188:	2001      	movs	r0, #1
1000418a:	4770      	bx	lr

1000418c <resetd_control_xfer_cb>:
1000418c:	b570      	push	{r4, r5, r6, lr}
1000418e:	2900      	cmp	r1, #0
10004190:	d115      	bne.n	100041be <resetd_control_xfer_cb+0x32>
10004192:	4915      	ldr	r1, [pc, #84]	; (100041e8 <resetd_control_xfer_cb+0x5c>)
10004194:	7953      	ldrb	r3, [r2, #5]
10004196:	7910      	ldrb	r0, [r2, #4]
10004198:	7809      	ldrb	r1, [r1, #0]
1000419a:	021b      	lsls	r3, r3, #8
1000419c:	4303      	orrs	r3, r0
1000419e:	2000      	movs	r0, #0
100041a0:	4299      	cmp	r1, r3
100041a2:	d000      	beq.n	100041a6 <resetd_control_xfer_cb+0x1a>
100041a4:	bd70      	pop	{r4, r5, r6, pc}
100041a6:	7853      	ldrb	r3, [r2, #1]
100041a8:	2b01      	cmp	r3, #1
100041aa:	d00a      	beq.n	100041c2 <resetd_control_xfer_cb+0x36>
100041ac:	2b02      	cmp	r3, #2
100041ae:	d1f9      	bne.n	100041a4 <resetd_control_xfer_cb+0x18>
100041b0:	2000      	movs	r0, #0
100041b2:	2264      	movs	r2, #100	; 0x64
100041b4:	2100      	movs	r1, #0
100041b6:	f7fd fe31 	bl	10001e1c <watchdog_reboot>
100041ba:	2001      	movs	r0, #1
100041bc:	e7f2      	b.n	100041a4 <resetd_control_xfer_cb+0x18>
100041be:	2001      	movs	r0, #1
100041c0:	e7f0      	b.n	100041a4 <resetd_control_xfer_cb+0x18>
100041c2:	7894      	ldrb	r4, [r2, #2]
100041c4:	78d2      	ldrb	r2, [r2, #3]
100041c6:	0005      	movs	r5, r0
100041c8:	0212      	lsls	r2, r2, #8
100041ca:	4314      	orrs	r4, r2
100041cc:	05d2      	lsls	r2, r2, #23
100041ce:	d502      	bpl.n	100041d6 <resetd_control_xfer_cb+0x4a>
100041d0:	0a62      	lsrs	r2, r4, #9
100041d2:	4093      	lsls	r3, r2
100041d4:	001d      	movs	r5, r3
100041d6:	4805      	ldr	r0, [pc, #20]	; (100041ec <resetd_control_xfer_cb+0x60>)
100041d8:	f7ff f96a 	bl	100034b0 <rom_func_lookup>
100041dc:	217f      	movs	r1, #127	; 0x7f
100041de:	0003      	movs	r3, r0
100041e0:	4021      	ands	r1, r4
100041e2:	0028      	movs	r0, r5
100041e4:	4798      	blx	r3
100041e6:	46c0      	nop			; (mov r8, r8)
100041e8:	2000264b 	.word	0x2000264b
100041ec:	00004255 	.word	0x00004255

100041f0 <usbd_app_driver_get_cb>:
100041f0:	2301      	movs	r3, #1
100041f2:	7003      	strb	r3, [r0, #0]
100041f4:	4800      	ldr	r0, [pc, #0]	; (100041f8 <usbd_app_driver_get_cb+0x8>)
100041f6:	4770      	bx	lr
100041f8:	10007c4c 	.word	0x10007c4c

100041fc <tud_cdc_line_coding_cb>:
100041fc:	7848      	ldrb	r0, [r1, #1]
100041fe:	780b      	ldrb	r3, [r1, #0]
10004200:	788a      	ldrb	r2, [r1, #2]
10004202:	0200      	lsls	r0, r0, #8
10004204:	4318      	orrs	r0, r3
10004206:	0412      	lsls	r2, r2, #16
10004208:	4310      	orrs	r0, r2
1000420a:	2296      	movs	r2, #150	; 0x96
1000420c:	78cb      	ldrb	r3, [r1, #3]
1000420e:	b510      	push	{r4, lr}
10004210:	061b      	lsls	r3, r3, #24
10004212:	4303      	orrs	r3, r0
10004214:	00d2      	lsls	r2, r2, #3
10004216:	4293      	cmp	r3, r2
10004218:	d000      	beq.n	1000421c <tud_cdc_line_coding_cb+0x20>
1000421a:	bd10      	pop	{r4, pc}
1000421c:	4803      	ldr	r0, [pc, #12]	; (1000422c <tud_cdc_line_coding_cb+0x30>)
1000421e:	f7ff f947 	bl	100034b0 <rom_func_lookup>
10004222:	2100      	movs	r1, #0
10004224:	0003      	movs	r3, r0
10004226:	0008      	movs	r0, r1
10004228:	4798      	blx	r3
1000422a:	46c0      	nop			; (mov r8, r8)
1000422c:	00004255 	.word	0x00004255

10004230 <stdio_usb_in_chars>:
10004230:	b570      	push	{r4, r5, r6, lr}
10004232:	4c18      	ldr	r4, [pc, #96]	; (10004294 <stdio_usb_in_chars+0x64>)
10004234:	b082      	sub	sp, #8
10004236:	0006      	movs	r6, r0
10004238:	000d      	movs	r5, r1
1000423a:	0020      	movs	r0, r4
1000423c:	a901      	add	r1, sp, #4
1000423e:	f003 fb13 	bl	10007868 <__mutex_try_enter_veneer>
10004242:	2800      	cmp	r0, #0
10004244:	d108      	bne.n	10004258 <stdio_usb_in_chars+0x28>
10004246:	23d0      	movs	r3, #208	; 0xd0
10004248:	061b      	lsls	r3, r3, #24
1000424a:	681b      	ldr	r3, [r3, #0]
1000424c:	9a01      	ldr	r2, [sp, #4]
1000424e:	429a      	cmp	r2, r3
10004250:	d01c      	beq.n	1000428c <stdio_usb_in_chars+0x5c>
10004252:	0020      	movs	r0, r4
10004254:	f003 fb28 	bl	100078a8 <__mutex_enter_blocking_veneer>
10004258:	2000      	movs	r0, #0
1000425a:	f001 fe1f 	bl	10005e9c <tud_cdc_n_connected>
1000425e:	2800      	cmp	r0, #0
10004260:	d107      	bne.n	10004272 <stdio_usb_in_chars+0x42>
10004262:	2503      	movs	r5, #3
10004264:	426d      	negs	r5, r5
10004266:	0020      	movs	r0, r4
10004268:	f003 fae6 	bl	10007838 <__mutex_exit_veneer>
1000426c:	0028      	movs	r0, r5
1000426e:	b002      	add	sp, #8
10004270:	bd70      	pop	{r4, r5, r6, pc}
10004272:	2000      	movs	r0, #0
10004274:	f001 fe2a 	bl	10005ecc <tud_cdc_n_available>
10004278:	2800      	cmp	r0, #0
1000427a:	d0f2      	beq.n	10004262 <stdio_usb_in_chars+0x32>
1000427c:	002a      	movs	r2, r5
1000427e:	0031      	movs	r1, r6
10004280:	2000      	movs	r0, #0
10004282:	f001 fe2f 	bl	10005ee4 <tud_cdc_n_read>
10004286:	1e05      	subs	r5, r0, #0
10004288:	d0eb      	beq.n	10004262 <stdio_usb_in_chars+0x32>
1000428a:	e7ec      	b.n	10004266 <stdio_usb_in_chars+0x36>
1000428c:	2503      	movs	r5, #3
1000428e:	426d      	negs	r5, r5
10004290:	e7ec      	b.n	1000426c <stdio_usb_in_chars+0x3c>
10004292:	46c0      	nop			; (mov r8, r8)
10004294:	20002618 	.word	0x20002618

10004298 <stdio_usb_out_chars>:
10004298:	b5f0      	push	{r4, r5, r6, r7, lr}
1000429a:	46de      	mov	lr, fp
1000429c:	464f      	mov	r7, r9
1000429e:	4646      	mov	r6, r8
100042a0:	b5c0      	push	{r6, r7, lr}
100042a2:	4b33      	ldr	r3, [pc, #204]	; (10004370 <stdio_usb_out_chars+0xd8>)
100042a4:	b082      	sub	sp, #8
100042a6:	4681      	mov	r9, r0
100042a8:	000d      	movs	r5, r1
100042aa:	0018      	movs	r0, r3
100042ac:	a901      	add	r1, sp, #4
100042ae:	469b      	mov	fp, r3
100042b0:	f003 fada 	bl	10007868 <__mutex_try_enter_veneer>
100042b4:	2800      	cmp	r0, #0
100042b6:	d108      	bne.n	100042ca <stdio_usb_out_chars+0x32>
100042b8:	23d0      	movs	r3, #208	; 0xd0
100042ba:	061b      	lsls	r3, r3, #24
100042bc:	681b      	ldr	r3, [r3, #0]
100042be:	9a01      	ldr	r2, [sp, #4]
100042c0:	429a      	cmp	r2, r3
100042c2:	d04f      	beq.n	10004364 <stdio_usb_out_chars+0xcc>
100042c4:	4658      	mov	r0, fp
100042c6:	f003 faef 	bl	100078a8 <__mutex_enter_blocking_veneer>
100042ca:	2000      	movs	r0, #0
100042cc:	f001 fde6 	bl	10005e9c <tud_cdc_n_connected>
100042d0:	2800      	cmp	r0, #0
100042d2:	d03f      	beq.n	10004354 <stdio_usb_out_chars+0xbc>
100042d4:	2400      	movs	r4, #0
100042d6:	2d00      	cmp	r5, #0
100042d8:	dd41      	ble.n	1000435e <stdio_usb_out_chars+0xc6>
100042da:	4e26      	ldr	r6, [pc, #152]	; (10004374 <stdio_usb_out_chars+0xdc>)
100042dc:	e011      	b.n	10004302 <stdio_usb_out_chars+0x6a>
100042de:	464b      	mov	r3, r9
100042e0:	2000      	movs	r0, #0
100042e2:	1919      	adds	r1, r3, r4
100042e4:	f001 fe72 	bl	10005fcc <tud_cdc_n_write>
100042e8:	4680      	mov	r8, r0
100042ea:	f000 fe65 	bl	10004fb8 <tud_task>
100042ee:	2000      	movs	r0, #0
100042f0:	f001 fe30 	bl	10005f54 <tud_cdc_n_write_flush>
100042f4:	f7fd f848 	bl	10001388 <time_us_64>
100042f8:	6030      	str	r0, [r6, #0]
100042fa:	6071      	str	r1, [r6, #4]
100042fc:	4444      	add	r4, r8
100042fe:	42ac      	cmp	r4, r5
10004300:	da2d      	bge.n	1000435e <stdio_usb_out_chars+0xc6>
10004302:	2000      	movs	r0, #0
10004304:	f001 fe7c 	bl	10006000 <tud_cdc_n_write_available>
10004308:	1b2f      	subs	r7, r5, r4
1000430a:	0002      	movs	r2, r0
1000430c:	42b8      	cmp	r0, r7
1000430e:	dd00      	ble.n	10004312 <stdio_usb_out_chars+0x7a>
10004310:	003a      	movs	r2, r7
10004312:	2a00      	cmp	r2, #0
10004314:	d1e3      	bne.n	100042de <stdio_usb_out_chars+0x46>
10004316:	f000 fe4f 	bl	10004fb8 <tud_task>
1000431a:	2000      	movs	r0, #0
1000431c:	f001 fe1a 	bl	10005f54 <tud_cdc_n_write_flush>
10004320:	2000      	movs	r0, #0
10004322:	f001 fdbb 	bl	10005e9c <tud_cdc_n_connected>
10004326:	2800      	cmp	r0, #0
10004328:	d019      	beq.n	1000435e <stdio_usb_out_chars+0xc6>
1000432a:	2000      	movs	r0, #0
1000432c:	f001 fe68 	bl	10006000 <tud_cdc_n_write_available>
10004330:	2800      	cmp	r0, #0
10004332:	d1e4      	bne.n	100042fe <stdio_usb_out_chars+0x66>
10004334:	f7fd f828 	bl	10001388 <time_us_64>
10004338:	6832      	ldr	r2, [r6, #0]
1000433a:	6873      	ldr	r3, [r6, #4]
1000433c:	000f      	movs	r7, r1
1000433e:	2100      	movs	r1, #0
10004340:	4684      	mov	ip, r0
10004342:	480d      	ldr	r0, [pc, #52]	; (10004378 <stdio_usb_out_chars+0xe0>)
10004344:	1812      	adds	r2, r2, r0
10004346:	414b      	adcs	r3, r1
10004348:	429f      	cmp	r7, r3
1000434a:	d808      	bhi.n	1000435e <stdio_usb_out_chars+0xc6>
1000434c:	d1d7      	bne.n	100042fe <stdio_usb_out_chars+0x66>
1000434e:	4594      	cmp	ip, r2
10004350:	d9d5      	bls.n	100042fe <stdio_usb_out_chars+0x66>
10004352:	e004      	b.n	1000435e <stdio_usb_out_chars+0xc6>
10004354:	2000      	movs	r0, #0
10004356:	2100      	movs	r1, #0
10004358:	4b06      	ldr	r3, [pc, #24]	; (10004374 <stdio_usb_out_chars+0xdc>)
1000435a:	6018      	str	r0, [r3, #0]
1000435c:	6059      	str	r1, [r3, #4]
1000435e:	4658      	mov	r0, fp
10004360:	f003 fa6a 	bl	10007838 <__mutex_exit_veneer>
10004364:	b002      	add	sp, #8
10004366:	bce0      	pop	{r5, r6, r7}
10004368:	46bb      	mov	fp, r7
1000436a:	46b1      	mov	r9, r6
1000436c:	46a8      	mov	r8, r5
1000436e:	bdf0      	pop	{r4, r5, r6, r7, pc}
10004370:	20002618 	.word	0x20002618
10004374:	20001998 	.word	0x20001998
10004378:	0007a120 	.word	0x0007a120

1000437c <timer_task>:
1000437c:	b510      	push	{r4, lr}
1000437e:	4b04      	ldr	r3, [pc, #16]	; (10004390 <timer_task+0x14>)
10004380:	7818      	ldrb	r0, [r3, #0]
10004382:	f7fc f8f1 	bl	10000568 <irq_set_pending>
10004386:	20fa      	movs	r0, #250	; 0xfa
10004388:	2100      	movs	r1, #0
1000438a:	0080      	lsls	r0, r0, #2
1000438c:	bd10      	pop	{r4, pc}
1000438e:	46c0      	nop			; (mov r8, r8)
10004390:	2000264c 	.word	0x2000264c

10004394 <usb_irq>:
10004394:	b510      	push	{r4, lr}
10004396:	4b02      	ldr	r3, [pc, #8]	; (100043a0 <usb_irq+0xc>)
10004398:	7818      	ldrb	r0, [r3, #0]
1000439a:	f7fc f8e5 	bl	10000568 <irq_set_pending>
1000439e:	bd10      	pop	{r4, pc}
100043a0:	2000264c 	.word	0x2000264c

100043a4 <low_priority_worker_irq>:
100043a4:	b510      	push	{r4, lr}
100043a6:	4c07      	ldr	r4, [pc, #28]	; (100043c4 <low_priority_worker_irq+0x20>)
100043a8:	2100      	movs	r1, #0
100043aa:	0020      	movs	r0, r4
100043ac:	f003 fa5c 	bl	10007868 <__mutex_try_enter_veneer>
100043b0:	2800      	cmp	r0, #0
100043b2:	d100      	bne.n	100043b6 <low_priority_worker_irq+0x12>
100043b4:	bd10      	pop	{r4, pc}
100043b6:	f000 fdff 	bl	10004fb8 <tud_task>
100043ba:	0020      	movs	r0, r4
100043bc:	f003 fa3c 	bl	10007838 <__mutex_exit_veneer>
100043c0:	e7f8      	b.n	100043b4 <low_priority_worker_irq+0x10>
100043c2:	46c0      	nop			; (mov r8, r8)
100043c4:	20002618 	.word	0x20002618

100043c8 <stdio_usb_init>:
100043c8:	b5f0      	push	{r4, r5, r6, r7, lr}
100043ca:	4b24      	ldr	r3, [pc, #144]	; (1000445c <stdio_usb_init+0x94>)
100043cc:	b085      	sub	sp, #20
100043ce:	781b      	ldrb	r3, [r3, #0]
100043d0:	f001 fffe 	bl	100063d0 <tusb_init>
100043d4:	4822      	ldr	r0, [pc, #136]	; (10004460 <stdio_usb_init+0x98>)
100043d6:	f7fd fa97 	bl	10001908 <mutex_init>
100043da:	2001      	movs	r0, #1
100043dc:	f7fc fb4c 	bl	10000a78 <user_irq_claim_unused>
100043e0:	23ff      	movs	r3, #255	; 0xff
100043e2:	4c20      	ldr	r4, [pc, #128]	; (10004464 <stdio_usb_init+0x9c>)
100043e4:	4920      	ldr	r1, [pc, #128]	; (10004468 <stdio_usb_init+0xa0>)
100043e6:	7020      	strb	r0, [r4, #0]
100043e8:	4018      	ands	r0, r3
100043ea:	f7fc f8e3 	bl	100005b4 <irq_set_exclusive_handler>
100043ee:	7820      	ldrb	r0, [r4, #0]
100043f0:	2101      	movs	r1, #1
100043f2:	f7fc f8a7 	bl	10000544 <irq_set_enabled>
100043f6:	2005      	movs	r0, #5
100043f8:	f7fc f8be 	bl	10000578 <irq_has_shared_handler>
100043fc:	1e04      	subs	r4, r0, #0
100043fe:	d00c      	beq.n	1000441a <stdio_usb_init+0x52>
10004400:	2200      	movs	r2, #0
10004402:	2005      	movs	r0, #5
10004404:	4919      	ldr	r1, [pc, #100]	; (1000446c <stdio_usb_init+0xa4>)
10004406:	f7fc f8ff 	bl	10000608 <irq_add_shared_handler>
1000440a:	2101      	movs	r1, #1
1000440c:	4818      	ldr	r0, [pc, #96]	; (10004470 <stdio_usb_init+0xa8>)
1000440e:	f7ff fe0b 	bl	10004028 <stdio_set_driver_enabled>
10004412:	2401      	movs	r4, #1
10004414:	0020      	movs	r0, r4
10004416:	b005      	add	sp, #20
10004418:	bdf0      	pop	{r4, r5, r6, r7, pc}
1000441a:	f7fc fda3 	bl	10000f64 <alarm_pool_get_default>
1000441e:	0005      	movs	r5, r0
10004420:	f7fc ffb2 	bl	10001388 <time_us_64>
10004424:	22fa      	movs	r2, #250	; 0xfa
10004426:	0006      	movs	r6, r0
10004428:	000f      	movs	r7, r1
1000442a:	2300      	movs	r3, #0
1000442c:	0092      	lsls	r2, r2, #2
1000442e:	1992      	adds	r2, r2, r6
10004430:	417b      	adcs	r3, r7
10004432:	4299      	cmp	r1, r3
10004434:	d80e      	bhi.n	10004454 <stdio_usb_init+0x8c>
10004436:	d00b      	beq.n	10004450 <stdio_usb_init+0x88>
10004438:	2101      	movs	r1, #1
1000443a:	9102      	str	r1, [sp, #8]
1000443c:	2100      	movs	r1, #0
1000443e:	9101      	str	r1, [sp, #4]
10004440:	490c      	ldr	r1, [pc, #48]	; (10004474 <stdio_usb_init+0xac>)
10004442:	0028      	movs	r0, r5
10004444:	9100      	str	r1, [sp, #0]
10004446:	f7fc fd91 	bl	10000f6c <alarm_pool_add_alarm_at>
1000444a:	2800      	cmp	r0, #0
1000444c:	d0e2      	beq.n	10004414 <stdio_usb_init+0x4c>
1000444e:	e7dc      	b.n	1000440a <stdio_usb_init+0x42>
10004450:	4290      	cmp	r0, r2
10004452:	d9f1      	bls.n	10004438 <stdio_usb_init+0x70>
10004454:	2201      	movs	r2, #1
10004456:	4252      	negs	r2, r2
10004458:	17d3      	asrs	r3, r2, #31
1000445a:	e7ed      	b.n	10004438 <stdio_usb_init+0x70>
1000445c:	10008048 	.word	0x10008048
10004460:	20002618 	.word	0x20002618
10004464:	2000264c 	.word	0x2000264c
10004468:	100043a5 	.word	0x100043a5
1000446c:	10004395 	.word	0x10004395
10004470:	20001400 	.word	0x20001400
10004474:	1000437d 	.word	0x1000437d

10004478 <tud_descriptor_device_cb>:
10004478:	4800      	ldr	r0, [pc, #0]	; (1000447c <tud_descriptor_device_cb+0x4>)
1000447a:	4770      	bx	lr
1000447c:	10007d04 	.word	0x10007d04

10004480 <tud_descriptor_configuration_cb>:
10004480:	4800      	ldr	r0, [pc, #0]	; (10004484 <tud_descriptor_configuration_cb+0x4>)
10004482:	4770      	bx	lr
10004484:	10007cb0 	.word	0x10007cb0

10004488 <tud_descriptor_string_cb>:
10004488:	b570      	push	{r4, r5, r6, lr}
1000448a:	0004      	movs	r4, r0
1000448c:	4817      	ldr	r0, [pc, #92]	; (100044ec <tud_descriptor_string_cb+0x64>)
1000448e:	7803      	ldrb	r3, [r0, #0]
10004490:	2b00      	cmp	r3, #0
10004492:	d021      	beq.n	100044d8 <tud_descriptor_string_cb+0x50>
10004494:	2c00      	cmp	r4, #0
10004496:	d106      	bne.n	100044a6 <tud_descriptor_string_cb+0x1e>
10004498:	24c1      	movs	r4, #193	; 0xc1
1000449a:	4815      	ldr	r0, [pc, #84]	; (100044f0 <tud_descriptor_string_cb+0x68>)
1000449c:	4b15      	ldr	r3, [pc, #84]	; (100044f4 <tud_descriptor_string_cb+0x6c>)
1000449e:	00a4      	lsls	r4, r4, #2
100044a0:	8043      	strh	r3, [r0, #2]
100044a2:	8004      	strh	r4, [r0, #0]
100044a4:	bd70      	pop	{r4, r5, r6, pc}
100044a6:	2c05      	cmp	r4, #5
100044a8:	d81d      	bhi.n	100044e6 <tud_descriptor_string_cb+0x5e>
100044aa:	4b13      	ldr	r3, [pc, #76]	; (100044f8 <tud_descriptor_string_cb+0x70>)
100044ac:	4810      	ldr	r0, [pc, #64]	; (100044f0 <tud_descriptor_string_cb+0x68>)
100044ae:	00a4      	lsls	r4, r4, #2
100044b0:	58e5      	ldr	r5, [r4, r3]
100044b2:	1c81      	adds	r1, r0, #2
100044b4:	2300      	movs	r3, #0
100044b6:	e004      	b.n	100044c2 <tud_descriptor_string_cb+0x3a>
100044b8:	3301      	adds	r3, #1
100044ba:	800a      	strh	r2, [r1, #0]
100044bc:	3102      	adds	r1, #2
100044be:	2b13      	cmp	r3, #19
100044c0:	d00e      	beq.n	100044e0 <tud_descriptor_string_cb+0x58>
100044c2:	5cea      	ldrb	r2, [r5, r3]
100044c4:	b2dc      	uxtb	r4, r3
100044c6:	2a00      	cmp	r2, #0
100044c8:	d1f6      	bne.n	100044b8 <tud_descriptor_string_cb+0x30>
100044ca:	23c0      	movs	r3, #192	; 0xc0
100044cc:	3401      	adds	r4, #1
100044ce:	b2e4      	uxtb	r4, r4
100044d0:	0064      	lsls	r4, r4, #1
100044d2:	009b      	lsls	r3, r3, #2
100044d4:	431c      	orrs	r4, r3
100044d6:	e7e4      	b.n	100044a2 <tud_descriptor_string_cb+0x1a>
100044d8:	2111      	movs	r1, #17
100044da:	f002 fa0f 	bl	100068fc <pico_get_unique_board_id_string>
100044de:	e7d9      	b.n	10004494 <tud_descriptor_string_cb+0xc>
100044e0:	24ca      	movs	r4, #202	; 0xca
100044e2:	00a4      	lsls	r4, r4, #2
100044e4:	e7dd      	b.n	100044a2 <tud_descriptor_string_cb+0x1a>
100044e6:	2000      	movs	r0, #0
100044e8:	e7dc      	b.n	100044a4 <tud_descriptor_string_cb+0x1c>
100044ea:	46c0      	nop			; (mov r8, r8)
100044ec:	20002630 	.word	0x20002630
100044f0:	200020b8 	.word	0x200020b8
100044f4:	00000409 	.word	0x00000409
100044f8:	10007d18 	.word	0x10007d18

100044fc <dcd_rp2040_irq>:
100044fc:	b5f0      	push	{r4, r5, r6, r7, lr}
100044fe:	2398      	movs	r3, #152	; 0x98
10004500:	4657      	mov	r7, sl
10004502:	4645      	mov	r5, r8
10004504:	46de      	mov	lr, fp
10004506:	464e      	mov	r6, r9
10004508:	4a6c      	ldr	r2, [pc, #432]	; (100046bc <dcd_rp2040_irq+0x1c0>)
1000450a:	b5e0      	push	{r5, r6, r7, lr}
1000450c:	58d7      	ldr	r7, [r2, r3]
1000450e:	2580      	movs	r5, #128	; 0x80
10004510:	003c      	movs	r4, r7
10004512:	026d      	lsls	r5, r5, #9
10004514:	3b88      	subs	r3, #136	; 0x88
10004516:	469a      	mov	sl, r3
10004518:	b083      	sub	sp, #12
1000451a:	402c      	ands	r4, r5
1000451c:	422f      	tst	r7, r5
1000451e:	d00f      	beq.n	10004540 <dcd_rp2040_irq+0x44>
10004520:	2201      	movs	r2, #1
10004522:	2123      	movs	r1, #35	; 0x23
10004524:	4b66      	ldr	r3, [pc, #408]	; (100046c0 <dcd_rp2040_irq+0x1c4>)
10004526:	2000      	movs	r0, #0
10004528:	545a      	strb	r2, [r3, r1]
1000452a:	70da      	strb	r2, [r3, #3]
1000452c:	4965      	ldr	r1, [pc, #404]	; (100046c4 <dcd_rp2040_irq+0x1c8>)
1000452e:	f001 fa73 	bl	10005a18 <dcd_event_setup_received>
10004532:	2280      	movs	r2, #128	; 0x80
10004534:	4b64      	ldr	r3, [pc, #400]	; (100046c8 <dcd_rp2040_irq+0x1cc>)
10004536:	0292      	lsls	r2, r2, #10
10004538:	651a      	str	r2, [r3, #80]	; 0x50
1000453a:	4b64      	ldr	r3, [pc, #400]	; (100046cc <dcd_rp2040_irq+0x1d0>)
1000453c:	002c      	movs	r4, r5
1000453e:	469a      	mov	sl, r3
10004540:	06fb      	lsls	r3, r7, #27
10004542:	d417      	bmi.n	10004574 <dcd_rp2040_irq+0x78>
10004544:	2380      	movs	r3, #128	; 0x80
10004546:	015b      	lsls	r3, r3, #5
10004548:	421f      	tst	r7, r3
1000454a:	d145      	bne.n	100045d8 <dcd_rp2040_irq+0xdc>
1000454c:	2380      	movs	r3, #128	; 0x80
1000454e:	01db      	lsls	r3, r3, #7
10004550:	421f      	tst	r7, r3
10004552:	d000      	beq.n	10004556 <dcd_rp2040_irq+0x5a>
10004554:	e088      	b.n	10004668 <dcd_rp2040_irq+0x16c>
10004556:	2380      	movs	r3, #128	; 0x80
10004558:	021b      	lsls	r3, r3, #8
1000455a:	421f      	tst	r7, r3
1000455c:	d000      	beq.n	10004560 <dcd_rp2040_irq+0x64>
1000455e:	e091      	b.n	10004684 <dcd_rp2040_irq+0x188>
10004560:	42bc      	cmp	r4, r7
10004562:	d000      	beq.n	10004566 <dcd_rp2040_irq+0x6a>
10004564:	e0a5      	b.n	100046b2 <dcd_rp2040_irq+0x1b6>
10004566:	b003      	add	sp, #12
10004568:	bcf0      	pop	{r4, r5, r6, r7}
1000456a:	46bb      	mov	fp, r7
1000456c:	46b2      	mov	sl, r6
1000456e:	46a9      	mov	r9, r5
10004570:	46a0      	mov	r8, r4
10004572:	bdf0      	pop	{r4, r5, r6, r7, pc}
10004574:	4b51      	ldr	r3, [pc, #324]	; (100046bc <dcd_rp2040_irq+0x1c0>)
10004576:	6d9b      	ldr	r3, [r3, #88]	; 0x58
10004578:	4698      	mov	r8, r3
1000457a:	2b00      	cmp	r3, #0
1000457c:	d027      	beq.n	100045ce <dcd_rp2040_irq+0xd2>
1000457e:	4b52      	ldr	r3, [pc, #328]	; (100046c8 <dcd_rp2040_irq+0x1cc>)
10004580:	2400      	movs	r4, #0
10004582:	469b      	mov	fp, r3
10004584:	2301      	movs	r3, #1
10004586:	4699      	mov	r9, r3
10004588:	4643      	mov	r3, r8
1000458a:	2601      	movs	r6, #1
1000458c:	46b8      	mov	r8, r7
1000458e:	001f      	movs	r7, r3
10004590:	e004      	b.n	1000459c <dcd_rp2040_irq+0xa0>
10004592:	3401      	adds	r4, #1
10004594:	0076      	lsls	r6, r6, #1
10004596:	b2e4      	uxtb	r4, r4
10004598:	2c20      	cmp	r4, #32
1000459a:	d017      	beq.n	100045cc <dcd_rp2040_irq+0xd0>
1000459c:	4237      	tst	r7, r6
1000459e:	d0f8      	beq.n	10004592 <dcd_rp2040_irq+0x96>
100045a0:	465b      	mov	r3, fp
100045a2:	659e      	str	r6, [r3, #88]	; 0x58
100045a4:	464b      	mov	r3, r9
100045a6:	0865      	lsrs	r5, r4, #1
100045a8:	43a3      	bics	r3, r4
100045aa:	006d      	lsls	r5, r5, #1
100045ac:	18ed      	adds	r5, r5, r3
100045ae:	4b44      	ldr	r3, [pc, #272]	; (100046c0 <dcd_rp2040_irq+0x1c4>)
100045b0:	016d      	lsls	r5, r5, #5
100045b2:	469c      	mov	ip, r3
100045b4:	4465      	add	r5, ip
100045b6:	0028      	movs	r0, r5
100045b8:	f000 fb8a 	bl	10004cd0 <hw_endpoint_xfer_continue>
100045bc:	2800      	cmp	r0, #0
100045be:	d16c      	bne.n	1000469a <dcd_rp2040_irq+0x19e>
100045c0:	3401      	adds	r4, #1
100045c2:	43b7      	bics	r7, r6
100045c4:	b2e4      	uxtb	r4, r4
100045c6:	0076      	lsls	r6, r6, #1
100045c8:	2f00      	cmp	r7, #0
100045ca:	d1e5      	bne.n	10004598 <dcd_rp2040_irq+0x9c>
100045cc:	4647      	mov	r7, r8
100045ce:	2380      	movs	r3, #128	; 0x80
100045d0:	015b      	lsls	r3, r3, #5
100045d2:	4654      	mov	r4, sl
100045d4:	421f      	tst	r7, r3
100045d6:	d0b9      	beq.n	1000454c <dcd_rp2040_irq+0x50>
100045d8:	431c      	orrs	r4, r3
100045da:	2300      	movs	r3, #0
100045dc:	4a37      	ldr	r2, [pc, #220]	; (100046bc <dcd_rp2040_irq+0x1c0>)
100045de:	2100      	movs	r1, #0
100045e0:	6013      	str	r3, [r2, #0]
100045e2:	4a38      	ldr	r2, [pc, #224]	; (100046c4 <dcd_rp2040_irq+0x1c8>)
100045e4:	483a      	ldr	r0, [pc, #232]	; (100046d0 <dcd_rp2040_irq+0x1d4>)
100045e6:	6093      	str	r3, [r2, #8]
100045e8:	60d3      	str	r3, [r2, #12]
100045ea:	4a3a      	ldr	r2, [pc, #232]	; (100046d4 <dcd_rp2040_irq+0x1d8>)
100045ec:	6093      	str	r3, [r2, #8]
100045ee:	60d3      	str	r3, [r2, #12]
100045f0:	4a39      	ldr	r2, [pc, #228]	; (100046d8 <dcd_rp2040_irq+0x1dc>)
100045f2:	6093      	str	r3, [r2, #8]
100045f4:	60d3      	str	r3, [r2, #12]
100045f6:	4a39      	ldr	r2, [pc, #228]	; (100046dc <dcd_rp2040_irq+0x1e0>)
100045f8:	6093      	str	r3, [r2, #8]
100045fa:	60d3      	str	r3, [r2, #12]
100045fc:	4a38      	ldr	r2, [pc, #224]	; (100046e0 <dcd_rp2040_irq+0x1e4>)
100045fe:	6093      	str	r3, [r2, #8]
10004600:	60d3      	str	r3, [r2, #12]
10004602:	4a38      	ldr	r2, [pc, #224]	; (100046e4 <dcd_rp2040_irq+0x1e8>)
10004604:	6093      	str	r3, [r2, #8]
10004606:	60d3      	str	r3, [r2, #12]
10004608:	4a37      	ldr	r2, [pc, #220]	; (100046e8 <dcd_rp2040_irq+0x1ec>)
1000460a:	6093      	str	r3, [r2, #8]
1000460c:	60d3      	str	r3, [r2, #12]
1000460e:	4a37      	ldr	r2, [pc, #220]	; (100046ec <dcd_rp2040_irq+0x1f0>)
10004610:	6093      	str	r3, [r2, #8]
10004612:	60d3      	str	r3, [r2, #12]
10004614:	4a36      	ldr	r2, [pc, #216]	; (100046f0 <dcd_rp2040_irq+0x1f4>)
10004616:	6093      	str	r3, [r2, #8]
10004618:	60d3      	str	r3, [r2, #12]
1000461a:	4a36      	ldr	r2, [pc, #216]	; (100046f4 <dcd_rp2040_irq+0x1f8>)
1000461c:	6093      	str	r3, [r2, #8]
1000461e:	60d3      	str	r3, [r2, #12]
10004620:	4a35      	ldr	r2, [pc, #212]	; (100046f8 <dcd_rp2040_irq+0x1fc>)
10004622:	6093      	str	r3, [r2, #8]
10004624:	60d3      	str	r3, [r2, #12]
10004626:	4a35      	ldr	r2, [pc, #212]	; (100046fc <dcd_rp2040_irq+0x200>)
10004628:	6093      	str	r3, [r2, #8]
1000462a:	60d3      	str	r3, [r2, #12]
1000462c:	4a34      	ldr	r2, [pc, #208]	; (10004700 <dcd_rp2040_irq+0x204>)
1000462e:	6093      	str	r3, [r2, #8]
10004630:	60d3      	str	r3, [r2, #12]
10004632:	4a34      	ldr	r2, [pc, #208]	; (10004704 <dcd_rp2040_irq+0x208>)
10004634:	6093      	str	r3, [r2, #8]
10004636:	60d3      	str	r3, [r2, #12]
10004638:	4a33      	ldr	r2, [pc, #204]	; (10004708 <dcd_rp2040_irq+0x20c>)
1000463a:	6093      	str	r3, [r2, #8]
1000463c:	60d3      	str	r3, [r2, #12]
1000463e:	22f0      	movs	r2, #240	; 0xf0
10004640:	0092      	lsls	r2, r2, #2
10004642:	f7ff fb65 	bl	10003d10 <__wrap_memset>
10004646:	4b31      	ldr	r3, [pc, #196]	; (1000470c <dcd_rp2040_irq+0x210>)
10004648:	4a31      	ldr	r2, [pc, #196]	; (10004710 <dcd_rp2040_irq+0x214>)
1000464a:	2100      	movs	r1, #0
1000464c:	601a      	str	r2, [r3, #0]
1000464e:	2000      	movs	r0, #0
10004650:	2201      	movs	r2, #1
10004652:	f001 f9b7 	bl	100059c4 <dcd_event_bus_reset>
10004656:	2280      	movs	r2, #128	; 0x80
10004658:	4b1b      	ldr	r3, [pc, #108]	; (100046c8 <dcd_rp2040_irq+0x1cc>)
1000465a:	0312      	lsls	r2, r2, #12
1000465c:	651a      	str	r2, [r3, #80]	; 0x50
1000465e:	2380      	movs	r3, #128	; 0x80
10004660:	01db      	lsls	r3, r3, #7
10004662:	421f      	tst	r7, r3
10004664:	d100      	bne.n	10004668 <dcd_rp2040_irq+0x16c>
10004666:	e776      	b.n	10004556 <dcd_rp2040_irq+0x5a>
10004668:	2201      	movs	r2, #1
1000466a:	2104      	movs	r1, #4
1000466c:	2000      	movs	r0, #0
1000466e:	431c      	orrs	r4, r3
10004670:	f001 f918 	bl	100058a4 <dcd_event_bus_signal>
10004674:	2210      	movs	r2, #16
10004676:	4b14      	ldr	r3, [pc, #80]	; (100046c8 <dcd_rp2040_irq+0x1cc>)
10004678:	651a      	str	r2, [r3, #80]	; 0x50
1000467a:	2380      	movs	r3, #128	; 0x80
1000467c:	021b      	lsls	r3, r3, #8
1000467e:	421f      	tst	r7, r3
10004680:	d100      	bne.n	10004684 <dcd_rp2040_irq+0x188>
10004682:	e76d      	b.n	10004560 <dcd_rp2040_irq+0x64>
10004684:	2201      	movs	r2, #1
10004686:	2105      	movs	r1, #5
10004688:	2000      	movs	r0, #0
1000468a:	431c      	orrs	r4, r3
1000468c:	f001 f90a 	bl	100058a4 <dcd_event_bus_signal>
10004690:	2280      	movs	r2, #128	; 0x80
10004692:	4b0d      	ldr	r3, [pc, #52]	; (100046c8 <dcd_rp2040_irq+0x1cc>)
10004694:	0112      	lsls	r2, r2, #4
10004696:	651a      	str	r2, [r3, #80]	; 0x50
10004698:	e762      	b.n	10004560 <dcd_rp2040_irq+0x64>
1000469a:	464b      	mov	r3, r9
1000469c:	8aaa      	ldrh	r2, [r5, #20]
1000469e:	78a9      	ldrb	r1, [r5, #2]
100046a0:	2000      	movs	r0, #0
100046a2:	9300      	str	r3, [sp, #0]
100046a4:	2300      	movs	r3, #0
100046a6:	f001 f9df 	bl	10005a68 <dcd_event_xfer_complete>
100046aa:	0028      	movs	r0, r5
100046ac:	f000 fa4c 	bl	10004b48 <hw_endpoint_reset_transfer>
100046b0:	e786      	b.n	100045c0 <dcd_rp2040_irq+0xc4>
100046b2:	0021      	movs	r1, r4
100046b4:	4817      	ldr	r0, [pc, #92]	; (10004714 <dcd_rp2040_irq+0x218>)
100046b6:	4079      	eors	r1, r7
100046b8:	f7fd f9ce 	bl	10001a58 <panic>
100046bc:	50110000 	.word	0x50110000
100046c0:	200020ec 	.word	0x200020ec
100046c4:	50100000 	.word	0x50100000
100046c8:	50113000 	.word	0x50113000
100046cc:	00010010 	.word	0x00010010
100046d0:	2000212c 	.word	0x2000212c
100046d4:	50100008 	.word	0x50100008
100046d8:	50100010 	.word	0x50100010
100046dc:	50100018 	.word	0x50100018
100046e0:	50100020 	.word	0x50100020
100046e4:	50100028 	.word	0x50100028
100046e8:	50100030 	.word	0x50100030
100046ec:	50100038 	.word	0x50100038
100046f0:	50100040 	.word	0x50100040
100046f4:	50100048 	.word	0x50100048
100046f8:	50100050 	.word	0x50100050
100046fc:	50100058 	.word	0x50100058
10004700:	50100060 	.word	0x50100060
10004704:	50100068 	.word	0x50100068
10004708:	50100070 	.word	0x50100070
1000470c:	200024f4 	.word	0x200024f4
10004710:	50100180 	.word	0x50100180
10004714:	10007d30 	.word	0x10007d30

10004718 <dcd_int_enable>:
10004718:	b510      	push	{r4, lr}
1000471a:	2101      	movs	r1, #1
1000471c:	2005      	movs	r0, #5
1000471e:	f7fb ff11 	bl	10000544 <irq_set_enabled>
10004722:	bd10      	pop	{r4, pc}

10004724 <dcd_set_address>:
10004724:	b510      	push	{r4, lr}
10004726:	2200      	movs	r2, #0
10004728:	2100      	movs	r1, #0
1000472a:	4802      	ldr	r0, [pc, #8]	; (10004734 <dcd_set_address+0x10>)
1000472c:	f000 fa34 	bl	10004b98 <hw_endpoint_xfer_start>
10004730:	bd10      	pop	{r4, pc}
10004732:	46c0      	nop			; (mov r8, r8)
10004734:	2000210c 	.word	0x2000210c

10004738 <dcd_connect>:
10004738:	2280      	movs	r2, #128	; 0x80
1000473a:	4b02      	ldr	r3, [pc, #8]	; (10004744 <dcd_connect+0xc>)
1000473c:	0252      	lsls	r2, r2, #9
1000473e:	64da      	str	r2, [r3, #76]	; 0x4c
10004740:	4770      	bx	lr
10004742:	46c0      	nop			; (mov r8, r8)
10004744:	50112000 	.word	0x50112000

10004748 <dcd_init>:
10004748:	b5f0      	push	{r4, r5, r6, r7, lr}
1000474a:	46c6      	mov	lr, r8
1000474c:	b500      	push	{lr}
1000474e:	0006      	movs	r6, r0
10004750:	f000 f9d4 	bl	10004afc <rp2040_usb_init>
10004754:	230c      	movs	r3, #12
10004756:	4d35      	ldr	r5, [pc, #212]	; (1000482c <dcd_init+0xe4>)
10004758:	2005      	movs	r0, #5
1000475a:	67ab      	str	r3, [r5, #120]	; 0x78
1000475c:	4934      	ldr	r1, [pc, #208]	; (10004830 <dcd_init+0xe8>)
1000475e:	f7fb ff29 	bl	100005b4 <irq_set_exclusive_handler>
10004762:	2340      	movs	r3, #64	; 0x40
10004764:	4698      	mov	r8, r3
10004766:	4c33      	ldr	r4, [pc, #204]	; (10004834 <dcd_init+0xec>)
10004768:	2240      	movs	r2, #64	; 0x40
1000476a:	2100      	movs	r1, #0
1000476c:	0020      	movs	r0, r4
1000476e:	f7ff facf 	bl	10003d10 <__wrap_memset>
10004772:	4643      	mov	r3, r8
10004774:	2701      	movs	r7, #1
10004776:	83a3      	strh	r3, [r4, #28]
10004778:	2121      	movs	r1, #33	; 0x21
1000477a:	2300      	movs	r3, #0
1000477c:	4a2e      	ldr	r2, [pc, #184]	; (10004838 <dcd_init+0xf0>)
1000477e:	7067      	strb	r7, [r4, #1]
10004780:	60a2      	str	r2, [r4, #8]
10004782:	6013      	str	r3, [r2, #0]
10004784:	5463      	strb	r3, [r4, r1]
10004786:	315f      	adds	r1, #95	; 0x5f
10004788:	8461      	strh	r1, [r4, #34]	; 0x22
1000478a:	4641      	mov	r1, r8
1000478c:	87a1      	strh	r1, [r4, #60]	; 0x3c
1000478e:	3902      	subs	r1, #2
10004790:	5463      	strb	r3, [r4, r1]
10004792:	4a2a      	ldr	r2, [pc, #168]	; (1000483c <dcd_init+0xf4>)
10004794:	492a      	ldr	r1, [pc, #168]	; (10004840 <dcd_init+0xf8>)
10004796:	6063      	str	r3, [r4, #4]
10004798:	60e2      	str	r2, [r4, #12]
1000479a:	62a1      	str	r1, [r4, #40]	; 0x28
1000479c:	600b      	str	r3, [r1, #0]
1000479e:	62e2      	str	r2, [r4, #44]	; 0x2c
100047a0:	4a28      	ldr	r2, [pc, #160]	; (10004844 <dcd_init+0xfc>)
100047a2:	6263      	str	r3, [r4, #36]	; 0x24
100047a4:	6093      	str	r3, [r2, #8]
100047a6:	60d3      	str	r3, [r2, #12]
100047a8:	4a27      	ldr	r2, [pc, #156]	; (10004848 <dcd_init+0x100>)
100047aa:	0020      	movs	r0, r4
100047ac:	6093      	str	r3, [r2, #8]
100047ae:	60d3      	str	r3, [r2, #12]
100047b0:	4a26      	ldr	r2, [pc, #152]	; (1000484c <dcd_init+0x104>)
100047b2:	2100      	movs	r1, #0
100047b4:	6093      	str	r3, [r2, #8]
100047b6:	60d3      	str	r3, [r2, #12]
100047b8:	4a25      	ldr	r2, [pc, #148]	; (10004850 <dcd_init+0x108>)
100047ba:	3040      	adds	r0, #64	; 0x40
100047bc:	6093      	str	r3, [r2, #8]
100047be:	60d3      	str	r3, [r2, #12]
100047c0:	4a24      	ldr	r2, [pc, #144]	; (10004854 <dcd_init+0x10c>)
100047c2:	6093      	str	r3, [r2, #8]
100047c4:	60d3      	str	r3, [r2, #12]
100047c6:	4a24      	ldr	r2, [pc, #144]	; (10004858 <dcd_init+0x110>)
100047c8:	6093      	str	r3, [r2, #8]
100047ca:	60d3      	str	r3, [r2, #12]
100047cc:	4a23      	ldr	r2, [pc, #140]	; (1000485c <dcd_init+0x114>)
100047ce:	6093      	str	r3, [r2, #8]
100047d0:	60d3      	str	r3, [r2, #12]
100047d2:	4a23      	ldr	r2, [pc, #140]	; (10004860 <dcd_init+0x118>)
100047d4:	6093      	str	r3, [r2, #8]
100047d6:	60d3      	str	r3, [r2, #12]
100047d8:	4a22      	ldr	r2, [pc, #136]	; (10004864 <dcd_init+0x11c>)
100047da:	6093      	str	r3, [r2, #8]
100047dc:	60d3      	str	r3, [r2, #12]
100047de:	4a22      	ldr	r2, [pc, #136]	; (10004868 <dcd_init+0x120>)
100047e0:	6093      	str	r3, [r2, #8]
100047e2:	60d3      	str	r3, [r2, #12]
100047e4:	4a21      	ldr	r2, [pc, #132]	; (1000486c <dcd_init+0x124>)
100047e6:	6093      	str	r3, [r2, #8]
100047e8:	60d3      	str	r3, [r2, #12]
100047ea:	4a21      	ldr	r2, [pc, #132]	; (10004870 <dcd_init+0x128>)
100047ec:	6093      	str	r3, [r2, #8]
100047ee:	60d3      	str	r3, [r2, #12]
100047f0:	4a20      	ldr	r2, [pc, #128]	; (10004874 <dcd_init+0x12c>)
100047f2:	6093      	str	r3, [r2, #8]
100047f4:	60d3      	str	r3, [r2, #12]
100047f6:	4a20      	ldr	r2, [pc, #128]	; (10004878 <dcd_init+0x130>)
100047f8:	6093      	str	r3, [r2, #8]
100047fa:	60d3      	str	r3, [r2, #12]
100047fc:	4a1f      	ldr	r2, [pc, #124]	; (1000487c <dcd_init+0x134>)
100047fe:	6093      	str	r3, [r2, #8]
10004800:	60d3      	str	r3, [r2, #12]
10004802:	22f0      	movs	r2, #240	; 0xf0
10004804:	0092      	lsls	r2, r2, #2
10004806:	f7ff fa83 	bl	10003d10 <__wrap_memset>
1000480a:	4b1d      	ldr	r3, [pc, #116]	; (10004880 <dcd_init+0x138>)
1000480c:	4a1d      	ldr	r2, [pc, #116]	; (10004884 <dcd_init+0x13c>)
1000480e:	0030      	movs	r0, r6
10004810:	601a      	str	r2, [r3, #0]
10004812:	2380      	movs	r3, #128	; 0x80
10004814:	059b      	lsls	r3, r3, #22
10004816:	642f      	str	r7, [r5, #64]	; 0x40
10004818:	64eb      	str	r3, [r5, #76]	; 0x4c
1000481a:	2390      	movs	r3, #144	; 0x90
1000481c:	4a1a      	ldr	r2, [pc, #104]	; (10004888 <dcd_init+0x140>)
1000481e:	50ea      	str	r2, [r5, r3]
10004820:	f7ff ff8a 	bl	10004738 <dcd_connect>
10004824:	bc80      	pop	{r7}
10004826:	46b8      	mov	r8, r7
10004828:	bdf0      	pop	{r4, r5, r6, r7, pc}
1000482a:	46c0      	nop			; (mov r8, r8)
1000482c:	50110000 	.word	0x50110000
10004830:	100044fd 	.word	0x100044fd
10004834:	200020ec 	.word	0x200020ec
10004838:	50100084 	.word	0x50100084
1000483c:	50100100 	.word	0x50100100
10004840:	50100080 	.word	0x50100080
10004844:	50100000 	.word	0x50100000
10004848:	50100008 	.word	0x50100008
1000484c:	50100010 	.word	0x50100010
10004850:	50100018 	.word	0x50100018
10004854:	50100020 	.word	0x50100020
10004858:	50100028 	.word	0x50100028
1000485c:	50100030 	.word	0x50100030
10004860:	50100038 	.word	0x50100038
10004864:	50100040 	.word	0x50100040
10004868:	50100048 	.word	0x50100048
1000486c:	50100050 	.word	0x50100050
10004870:	50100058 	.word	0x50100058
10004874:	50100060 	.word	0x50100060
10004878:	50100068 	.word	0x50100068
1000487c:	50100070 	.word	0x50100070
10004880:	200024f4 	.word	0x200024f4
10004884:	50100180 	.word	0x50100180
10004888:	0001d010 	.word	0x0001d010

1000488c <dcd_edpt0_status_complete>:
1000488c:	780b      	ldrb	r3, [r1, #0]
1000488e:	065b      	lsls	r3, r3, #25
10004890:	d102      	bne.n	10004898 <dcd_edpt0_status_complete+0xc>
10004892:	784b      	ldrb	r3, [r1, #1]
10004894:	2b05      	cmp	r3, #5
10004896:	d000      	beq.n	1000489a <dcd_edpt0_status_complete+0xe>
10004898:	4770      	bx	lr
1000489a:	788a      	ldrb	r2, [r1, #2]
1000489c:	4b01      	ldr	r3, [pc, #4]	; (100048a4 <dcd_edpt0_status_complete+0x18>)
1000489e:	601a      	str	r2, [r3, #0]
100048a0:	e7fa      	b.n	10004898 <dcd_edpt0_status_complete+0xc>
100048a2:	46c0      	nop			; (mov r8, r8)
100048a4:	50110000 	.word	0x50110000

100048a8 <dcd_edpt_open>:
100048a8:	b5f0      	push	{r4, r5, r6, r7, lr}
100048aa:	46ce      	mov	lr, r9
100048ac:	4647      	mov	r7, r8
100048ae:	2307      	movs	r3, #7
100048b0:	b580      	push	{r7, lr}
100048b2:	7948      	ldrb	r0, [r1, #5]
100048b4:	788e      	ldrb	r6, [r1, #2]
100048b6:	790a      	ldrb	r2, [r1, #4]
100048b8:	4003      	ands	r3, r0
100048ba:	78c8      	ldrb	r0, [r1, #3]
100048bc:	217f      	movs	r1, #127	; 0x7f
100048be:	0780      	lsls	r0, r0, #30
100048c0:	4031      	ands	r1, r6
100048c2:	021b      	lsls	r3, r3, #8
100048c4:	09f4      	lsrs	r4, r6, #7
100048c6:	4313      	orrs	r3, r2
100048c8:	004f      	lsls	r7, r1, #1
100048ca:	0f82      	lsrs	r2, r0, #30
100048cc:	4694      	mov	ip, r2
100048ce:	4691      	mov	r9, r2
100048d0:	4d2a      	ldr	r5, [pc, #168]	; (1000497c <dcd_edpt_open+0xd4>)
100048d2:	193a      	adds	r2, r7, r4
100048d4:	0152      	lsls	r2, r2, #5
100048d6:	18aa      	adds	r2, r5, r2
100048d8:	7096      	strb	r6, [r2, #2]
100048da:	2601      	movs	r6, #1
100048dc:	4066      	eors	r6, r4
100048de:	7056      	strb	r6, [r2, #1]
100048e0:	4660      	mov	r0, ip
100048e2:	2600      	movs	r6, #0
100048e4:	8393      	strh	r3, [r2, #28]
100048e6:	70d6      	strb	r6, [r2, #3]
100048e8:	7790      	strb	r0, [r2, #30]
100048ea:	00ca      	lsls	r2, r1, #3
100048ec:	2c01      	cmp	r4, #1
100048ee:	d029      	beq.n	10004944 <dcd_edpt_open+0x9c>
100048f0:	4823      	ldr	r0, [pc, #140]	; (10004980 <dcd_edpt_open+0xd8>)
100048f2:	4684      	mov	ip, r0
100048f4:	0188      	lsls	r0, r1, #6
100048f6:	4462      	add	r2, ip
100048f8:	4684      	mov	ip, r0
100048fa:	44ac      	add	ip, r5
100048fc:	4660      	mov	r0, ip
100048fe:	6082      	str	r2, [r0, #8]
10004900:	6016      	str	r6, [r2, #0]
10004902:	2900      	cmp	r1, #0
10004904:	d029      	beq.n	1000495a <dcd_edpt_open+0xb2>
10004906:	4a1f      	ldr	r2, [pc, #124]	; (10004984 <dcd_edpt_open+0xdc>)
10004908:	00c9      	lsls	r1, r1, #3
1000490a:	4690      	mov	r8, r2
1000490c:	4441      	add	r1, r8
1000490e:	6041      	str	r1, [r0, #4]
10004910:	223f      	movs	r2, #63	; 0x3f
10004912:	333f      	adds	r3, #63	; 0x3f
10004914:	4393      	bics	r3, r2
10004916:	464a      	mov	r2, r9
10004918:	2a02      	cmp	r2, #2
1000491a:	d100      	bne.n	1000491e <dcd_edpt_open+0x76>
1000491c:	005b      	lsls	r3, r3, #1
1000491e:	491a      	ldr	r1, [pc, #104]	; (10004988 <dcd_edpt_open+0xe0>)
10004920:	193f      	adds	r7, r7, r4
10004922:	680a      	ldr	r2, [r1, #0]
10004924:	017f      	lsls	r7, r7, #5
10004926:	18d3      	adds	r3, r2, r3
10004928:	600b      	str	r3, [r1, #0]
1000492a:	4b18      	ldr	r3, [pc, #96]	; (1000498c <dcd_edpt_open+0xe4>)
1000492c:	19ed      	adds	r5, r5, r7
1000492e:	4053      	eors	r3, r2
10004930:	60ea      	str	r2, [r5, #12]
10004932:	464a      	mov	r2, r9
10004934:	0690      	lsls	r0, r2, #26
10004936:	4318      	orrs	r0, r3
10004938:	2380      	movs	r3, #128	; 0x80
1000493a:	061b      	lsls	r3, r3, #24
1000493c:	4318      	orrs	r0, r3
1000493e:	686b      	ldr	r3, [r5, #4]
10004940:	6018      	str	r0, [r3, #0]
10004942:	e010      	b.n	10004966 <dcd_edpt_open+0xbe>
10004944:	4812      	ldr	r0, [pc, #72]	; (10004990 <dcd_edpt_open+0xe8>)
10004946:	4684      	mov	ip, r0
10004948:	0188      	lsls	r0, r1, #6
1000494a:	4462      	add	r2, ip
1000494c:	4684      	mov	ip, r0
1000494e:	44ac      	add	ip, r5
10004950:	4660      	mov	r0, ip
10004952:	6282      	str	r2, [r0, #40]	; 0x28
10004954:	6016      	str	r6, [r2, #0]
10004956:	2900      	cmp	r1, #0
10004958:	d10a      	bne.n	10004970 <dcd_edpt_open+0xc8>
1000495a:	2300      	movs	r3, #0
1000495c:	0164      	lsls	r4, r4, #5
1000495e:	192d      	adds	r5, r5, r4
10004960:	606b      	str	r3, [r5, #4]
10004962:	4b0c      	ldr	r3, [pc, #48]	; (10004994 <dcd_edpt_open+0xec>)
10004964:	60eb      	str	r3, [r5, #12]
10004966:	2001      	movs	r0, #1
10004968:	bcc0      	pop	{r6, r7}
1000496a:	46b9      	mov	r9, r7
1000496c:	46b0      	mov	r8, r6
1000496e:	bdf0      	pop	{r4, r5, r6, r7, pc}
10004970:	4a06      	ldr	r2, [pc, #24]	; (1000498c <dcd_edpt_open+0xe4>)
10004972:	00c9      	lsls	r1, r1, #3
10004974:	4690      	mov	r8, r2
10004976:	4441      	add	r1, r8
10004978:	6241      	str	r1, [r0, #36]	; 0x24
1000497a:	e7c9      	b.n	10004910 <dcd_edpt_open+0x68>
1000497c:	200020ec 	.word	0x200020ec
10004980:	50100084 	.word	0x50100084
10004984:	50100004 	.word	0x50100004
10004988:	200024f4 	.word	0x200024f4
1000498c:	50100000 	.word	0x50100000
10004990:	50100080 	.word	0x50100080
10004994:	50100100 	.word	0x50100100

10004998 <dcd_edpt_close_all>:
10004998:	2300      	movs	r3, #0
1000499a:	4a1c      	ldr	r2, [pc, #112]	; (10004a0c <dcd_edpt_close_all+0x74>)
1000499c:	b510      	push	{r4, lr}
1000499e:	6093      	str	r3, [r2, #8]
100049a0:	60d3      	str	r3, [r2, #12]
100049a2:	4a1b      	ldr	r2, [pc, #108]	; (10004a10 <dcd_edpt_close_all+0x78>)
100049a4:	2100      	movs	r1, #0
100049a6:	6093      	str	r3, [r2, #8]
100049a8:	60d3      	str	r3, [r2, #12]
100049aa:	4a1a      	ldr	r2, [pc, #104]	; (10004a14 <dcd_edpt_close_all+0x7c>)
100049ac:	481a      	ldr	r0, [pc, #104]	; (10004a18 <dcd_edpt_close_all+0x80>)
100049ae:	6093      	str	r3, [r2, #8]
100049b0:	60d3      	str	r3, [r2, #12]
100049b2:	4a1a      	ldr	r2, [pc, #104]	; (10004a1c <dcd_edpt_close_all+0x84>)
100049b4:	6093      	str	r3, [r2, #8]
100049b6:	60d3      	str	r3, [r2, #12]
100049b8:	4a19      	ldr	r2, [pc, #100]	; (10004a20 <dcd_edpt_close_all+0x88>)
100049ba:	6093      	str	r3, [r2, #8]
100049bc:	60d3      	str	r3, [r2, #12]
100049be:	4a19      	ldr	r2, [pc, #100]	; (10004a24 <dcd_edpt_close_all+0x8c>)
100049c0:	6093      	str	r3, [r2, #8]
100049c2:	60d3      	str	r3, [r2, #12]
100049c4:	4a18      	ldr	r2, [pc, #96]	; (10004a28 <dcd_edpt_close_all+0x90>)
100049c6:	6093      	str	r3, [r2, #8]
100049c8:	60d3      	str	r3, [r2, #12]
100049ca:	4a18      	ldr	r2, [pc, #96]	; (10004a2c <dcd_edpt_close_all+0x94>)
100049cc:	6093      	str	r3, [r2, #8]
100049ce:	60d3      	str	r3, [r2, #12]
100049d0:	4a17      	ldr	r2, [pc, #92]	; (10004a30 <dcd_edpt_close_all+0x98>)
100049d2:	6093      	str	r3, [r2, #8]
100049d4:	60d3      	str	r3, [r2, #12]
100049d6:	4a17      	ldr	r2, [pc, #92]	; (10004a34 <dcd_edpt_close_all+0x9c>)
100049d8:	6093      	str	r3, [r2, #8]
100049da:	60d3      	str	r3, [r2, #12]
100049dc:	4a16      	ldr	r2, [pc, #88]	; (10004a38 <dcd_edpt_close_all+0xa0>)
100049de:	6093      	str	r3, [r2, #8]
100049e0:	60d3      	str	r3, [r2, #12]
100049e2:	4a16      	ldr	r2, [pc, #88]	; (10004a3c <dcd_edpt_close_all+0xa4>)
100049e4:	6093      	str	r3, [r2, #8]
100049e6:	60d3      	str	r3, [r2, #12]
100049e8:	4a15      	ldr	r2, [pc, #84]	; (10004a40 <dcd_edpt_close_all+0xa8>)
100049ea:	6093      	str	r3, [r2, #8]
100049ec:	60d3      	str	r3, [r2, #12]
100049ee:	4a15      	ldr	r2, [pc, #84]	; (10004a44 <dcd_edpt_close_all+0xac>)
100049f0:	6093      	str	r3, [r2, #8]
100049f2:	60d3      	str	r3, [r2, #12]
100049f4:	4a14      	ldr	r2, [pc, #80]	; (10004a48 <dcd_edpt_close_all+0xb0>)
100049f6:	6093      	str	r3, [r2, #8]
100049f8:	60d3      	str	r3, [r2, #12]
100049fa:	22f0      	movs	r2, #240	; 0xf0
100049fc:	0092      	lsls	r2, r2, #2
100049fe:	f7ff f987 	bl	10003d10 <__wrap_memset>
10004a02:	4b12      	ldr	r3, [pc, #72]	; (10004a4c <dcd_edpt_close_all+0xb4>)
10004a04:	4a12      	ldr	r2, [pc, #72]	; (10004a50 <dcd_edpt_close_all+0xb8>)
10004a06:	601a      	str	r2, [r3, #0]
10004a08:	bd10      	pop	{r4, pc}
10004a0a:	46c0      	nop			; (mov r8, r8)
10004a0c:	50100000 	.word	0x50100000
10004a10:	50100008 	.word	0x50100008
10004a14:	50100010 	.word	0x50100010
10004a18:	2000212c 	.word	0x2000212c
10004a1c:	50100018 	.word	0x50100018
10004a20:	50100020 	.word	0x50100020
10004a24:	50100028 	.word	0x50100028
10004a28:	50100030 	.word	0x50100030
10004a2c:	50100038 	.word	0x50100038
10004a30:	50100040 	.word	0x50100040
10004a34:	50100048 	.word	0x50100048
10004a38:	50100050 	.word	0x50100050
10004a3c:	50100058 	.word	0x50100058
10004a40:	50100060 	.word	0x50100060
10004a44:	50100068 	.word	0x50100068
10004a48:	50100070 	.word	0x50100070
10004a4c:	200024f4 	.word	0x200024f4
10004a50:	50100180 	.word	0x50100180

10004a54 <dcd_edpt_xfer>:
10004a54:	b510      	push	{r4, lr}
10004a56:	207f      	movs	r0, #127	; 0x7f
10004a58:	000c      	movs	r4, r1
10004a5a:	4020      	ands	r0, r4
10004a5c:	0040      	lsls	r0, r0, #1
10004a5e:	09e4      	lsrs	r4, r4, #7
10004a60:	0011      	movs	r1, r2
10004a62:	1900      	adds	r0, r0, r4
10004a64:	001a      	movs	r2, r3
10004a66:	4b03      	ldr	r3, [pc, #12]	; (10004a74 <dcd_edpt_xfer+0x20>)
10004a68:	0140      	lsls	r0, r0, #5
10004a6a:	18c0      	adds	r0, r0, r3
10004a6c:	f000 f894 	bl	10004b98 <hw_endpoint_xfer_start>
10004a70:	2001      	movs	r0, #1
10004a72:	bd10      	pop	{r4, pc}
10004a74:	200020ec 	.word	0x200020ec

10004a78 <dcd_edpt_stall>:
10004a78:	227f      	movs	r2, #127	; 0x7f
10004a7a:	0013      	movs	r3, r2
10004a7c:	b510      	push	{r4, lr}
10004a7e:	400b      	ands	r3, r1
10004a80:	420a      	tst	r2, r1
10004a82:	d00b      	beq.n	10004a9c <dcd_edpt_stall+0x24>
10004a84:	09c9      	lsrs	r1, r1, #7
10004a86:	2280      	movs	r2, #128	; 0x80
10004a88:	0058      	lsls	r0, r3, #1
10004a8a:	1840      	adds	r0, r0, r1
10004a8c:	4906      	ldr	r1, [pc, #24]	; (10004aa8 <dcd_edpt_stall+0x30>)
10004a8e:	0140      	lsls	r0, r0, #5
10004a90:	1840      	adds	r0, r0, r1
10004a92:	0112      	lsls	r2, r2, #4
10004a94:	2100      	movs	r1, #0
10004a96:	f000 f85d 	bl	10004b54 <_hw_endpoint_buffer_control_update32>
10004a9a:	bd10      	pop	{r4, pc}
10004a9c:	2202      	movs	r2, #2
10004a9e:	4803      	ldr	r0, [pc, #12]	; (10004aac <dcd_edpt_stall+0x34>)
10004aa0:	09c9      	lsrs	r1, r1, #7
10004aa2:	1a52      	subs	r2, r2, r1
10004aa4:	6682      	str	r2, [r0, #104]	; 0x68
10004aa6:	e7ee      	b.n	10004a86 <dcd_edpt_stall+0xe>
10004aa8:	200020ec 	.word	0x200020ec
10004aac:	50112000 	.word	0x50112000

10004ab0 <dcd_edpt_clear_stall>:
10004ab0:	227f      	movs	r2, #127	; 0x7f
10004ab2:	0010      	movs	r0, r2
10004ab4:	b510      	push	{r4, lr}
10004ab6:	4008      	ands	r0, r1
10004ab8:	420a      	tst	r2, r1
10004aba:	d100      	bne.n	10004abe <dcd_edpt_clear_stall+0xe>
10004abc:	bd10      	pop	{r4, pc}
10004abe:	2300      	movs	r3, #0
10004ac0:	09c9      	lsrs	r1, r1, #7
10004ac2:	0040      	lsls	r0, r0, #1
10004ac4:	1840      	adds	r0, r0, r1
10004ac6:	4904      	ldr	r1, [pc, #16]	; (10004ad8 <dcd_edpt_clear_stall+0x28>)
10004ac8:	0140      	lsls	r0, r0, #5
10004aca:	1808      	adds	r0, r1, r0
10004acc:	2200      	movs	r2, #0
10004ace:	4903      	ldr	r1, [pc, #12]	; (10004adc <dcd_edpt_clear_stall+0x2c>)
10004ad0:	70c3      	strb	r3, [r0, #3]
10004ad2:	f000 f83f 	bl	10004b54 <_hw_endpoint_buffer_control_update32>
10004ad6:	e7f1      	b.n	10004abc <dcd_edpt_clear_stall+0xc>
10004ad8:	200020ec 	.word	0x200020ec
10004adc:	fffff7ff 	.word	0xfffff7ff

10004ae0 <_hw_endpoint_buffer_control_update32.part.0.isra.0>:
10004ae0:	217f      	movs	r1, #127	; 0x7f
10004ae2:	09c3      	lsrs	r3, r0, #7
10004ae4:	4a03      	ldr	r2, [pc, #12]	; (10004af4 <_hw_endpoint_buffer_control_update32.part.0.isra.0+0x14>)
10004ae6:	009b      	lsls	r3, r3, #2
10004ae8:	4001      	ands	r1, r0
10004aea:	b510      	push	{r4, lr}
10004aec:	589a      	ldr	r2, [r3, r2]
10004aee:	4802      	ldr	r0, [pc, #8]	; (10004af8 <_hw_endpoint_buffer_control_update32.part.0.isra.0+0x18>)
10004af0:	f7fc ffb2 	bl	10001a58 <panic>
10004af4:	20001414 	.word	0x20001414
10004af8:	10007d44 	.word	0x10007d44

10004afc <rp2040_usb_init>:
10004afc:	2280      	movs	r2, #128	; 0x80
10004afe:	4b0d      	ldr	r3, [pc, #52]	; (10004b34 <rp2040_usb_init+0x38>)
10004b00:	0452      	lsls	r2, r2, #17
10004b02:	b510      	push	{r4, lr}
10004b04:	601a      	str	r2, [r3, #0]
10004b06:	4b0c      	ldr	r3, [pc, #48]	; (10004b38 <rp2040_usb_init+0x3c>)
10004b08:	490c      	ldr	r1, [pc, #48]	; (10004b3c <rp2040_usb_init+0x40>)
10004b0a:	601a      	str	r2, [r3, #0]
10004b0c:	0010      	movs	r0, r2
10004b0e:	688b      	ldr	r3, [r1, #8]
10004b10:	4398      	bics	r0, r3
10004b12:	d1fb      	bne.n	10004b0c <rp2040_usb_init+0x10>
10004b14:	4c0a      	ldr	r4, [pc, #40]	; (10004b40 <rp2040_usb_init+0x44>)
10004b16:	229c      	movs	r2, #156	; 0x9c
10004b18:	2100      	movs	r1, #0
10004b1a:	0020      	movs	r0, r4
10004b1c:	f7ff f8f8 	bl	10003d10 <__wrap_memset>
10004b20:	2280      	movs	r2, #128	; 0x80
10004b22:	2100      	movs	r1, #0
10004b24:	0152      	lsls	r2, r2, #5
10004b26:	4807      	ldr	r0, [pc, #28]	; (10004b44 <rp2040_usb_init+0x48>)
10004b28:	f7ff f8f2 	bl	10003d10 <__wrap_memset>
10004b2c:	2309      	movs	r3, #9
10004b2e:	6763      	str	r3, [r4, #116]	; 0x74
10004b30:	bd10      	pop	{r4, pc}
10004b32:	46c0      	nop			; (mov r8, r8)
10004b34:	4000e000 	.word	0x4000e000
10004b38:	4000f000 	.word	0x4000f000
10004b3c:	4000c000 	.word	0x4000c000
10004b40:	50110000 	.word	0x50110000
10004b44:	50100000 	.word	0x50100000

10004b48 <hw_endpoint_reset_transfer>:
10004b48:	2300      	movs	r3, #0
10004b4a:	7403      	strb	r3, [r0, #16]
10004b4c:	8243      	strh	r3, [r0, #18]
10004b4e:	8283      	strh	r3, [r0, #20]
10004b50:	6183      	str	r3, [r0, #24]
10004b52:	4770      	bx	lr

10004b54 <_hw_endpoint_buffer_control_update32>:
10004b54:	b510      	push	{r4, lr}
10004b56:	6883      	ldr	r3, [r0, #8]
10004b58:	2900      	cmp	r1, #0
10004b5a:	d001      	beq.n	10004b60 <_hw_endpoint_buffer_control_update32+0xc>
10004b5c:	681c      	ldr	r4, [r3, #0]
10004b5e:	4021      	ands	r1, r4
10004b60:	2a00      	cmp	r2, #0
10004b62:	d011      	beq.n	10004b88 <_hw_endpoint_buffer_control_update32+0x34>
10004b64:	2480      	movs	r4, #128	; 0x80
10004b66:	00e4      	lsls	r4, r4, #3
10004b68:	4311      	orrs	r1, r2
10004b6a:	4222      	tst	r2, r4
10004b6c:	d00c      	beq.n	10004b88 <_hw_endpoint_buffer_control_update32+0x34>
10004b6e:	681a      	ldr	r2, [r3, #0]
10004b70:	4222      	tst	r2, r4
10004b72:	d10b      	bne.n	10004b8c <_hw_endpoint_buffer_control_update32+0x38>
10004b74:	4a07      	ldr	r2, [pc, #28]	; (10004b94 <_hw_endpoint_buffer_control_update32+0x40>)
10004b76:	400a      	ands	r2, r1
10004b78:	601a      	str	r2, [r3, #0]
10004b7a:	e7ff      	b.n	10004b7c <_hw_endpoint_buffer_control_update32+0x28>
10004b7c:	e7ff      	b.n	10004b7e <_hw_endpoint_buffer_control_update32+0x2a>
10004b7e:	e7ff      	b.n	10004b80 <_hw_endpoint_buffer_control_update32+0x2c>
10004b80:	e7ff      	b.n	10004b82 <_hw_endpoint_buffer_control_update32+0x2e>
10004b82:	e7ff      	b.n	10004b84 <_hw_endpoint_buffer_control_update32+0x30>
10004b84:	e7ff      	b.n	10004b86 <_hw_endpoint_buffer_control_update32+0x32>
10004b86:	6883      	ldr	r3, [r0, #8]
10004b88:	6019      	str	r1, [r3, #0]
10004b8a:	bd10      	pop	{r4, pc}
10004b8c:	7880      	ldrb	r0, [r0, #2]
10004b8e:	f7ff ffa7 	bl	10004ae0 <_hw_endpoint_buffer_control_update32.part.0.isra.0>
10004b92:	46c0      	nop			; (mov r8, r8)
10004b94:	fffffbff 	.word	0xfffffbff

10004b98 <hw_endpoint_xfer_start>:
10004b98:	b5f0      	push	{r4, r5, r6, r7, lr}
10004b9a:	46c6      	mov	lr, r8
10004b9c:	2300      	movs	r3, #0
10004b9e:	b500      	push	{lr}
10004ba0:	8283      	strh	r3, [r0, #20]
10004ba2:	3301      	adds	r3, #1
10004ba4:	7403      	strb	r3, [r0, #16]
10004ba6:	6843      	ldr	r3, [r0, #4]
10004ba8:	0004      	movs	r4, r0
10004baa:	681e      	ldr	r6, [r3, #0]
10004bac:	8b83      	ldrh	r3, [r0, #28]
10004bae:	6181      	str	r1, [r0, #24]
10004bb0:	1c1f      	adds	r7, r3, #0
10004bb2:	4293      	cmp	r3, r2
10004bb4:	d900      	bls.n	10004bb8 <hw_endpoint_xfer_start+0x20>
10004bb6:	1c17      	adds	r7, r2, #0
10004bb8:	2580      	movs	r5, #128	; 0x80
10004bba:	b2bf      	uxth	r7, r7
10004bbc:	1bd2      	subs	r2, r2, r7
10004bbe:	b293      	uxth	r3, r2
10004bc0:	78e2      	ldrb	r2, [r4, #3]
10004bc2:	00ed      	lsls	r5, r5, #3
10004bc4:	8263      	strh	r3, [r4, #18]
10004bc6:	433d      	orrs	r5, r7
10004bc8:	2a00      	cmp	r2, #0
10004bca:	d002      	beq.n	10004bd2 <hw_endpoint_xfer_start+0x3a>
10004bcc:	2590      	movs	r5, #144	; 0x90
10004bce:	01ad      	lsls	r5, r5, #6
10004bd0:	433d      	orrs	r5, r7
10004bd2:	2001      	movs	r0, #1
10004bd4:	4042      	eors	r2, r0
10004bd6:	70e2      	strb	r2, [r4, #3]
10004bd8:	7862      	ldrb	r2, [r4, #1]
10004bda:	2a00      	cmp	r2, #0
10004bdc:	d051      	beq.n	10004c82 <hw_endpoint_xfer_start+0xea>
10004bde:	2b00      	cmp	r3, #0
10004be0:	d11d      	bne.n	10004c1e <hw_endpoint_xfer_start+0x86>
10004be2:	23a0      	movs	r3, #160	; 0xa0
10004be4:	01db      	lsls	r3, r3, #7
10004be6:	431d      	orrs	r5, r3
10004be8:	4b35      	ldr	r3, [pc, #212]	; (10004cc0 <hw_endpoint_xfer_start+0x128>)
10004bea:	6c1b      	ldr	r3, [r3, #64]	; 0x40
10004bec:	4b35      	ldr	r3, [pc, #212]	; (10004cc4 <hw_endpoint_xfer_start+0x12c>)
10004bee:	4033      	ands	r3, r6
10004bf0:	2680      	movs	r6, #128	; 0x80
10004bf2:	05b6      	lsls	r6, r6, #22
10004bf4:	431e      	orrs	r6, r3
10004bf6:	6863      	ldr	r3, [r4, #4]
10004bf8:	68a2      	ldr	r2, [r4, #8]
10004bfa:	601e      	str	r6, [r3, #0]
10004bfc:	6813      	ldr	r3, [r2, #0]
10004bfe:	055b      	lsls	r3, r3, #21
10004c00:	d45a      	bmi.n	10004cb8 <hw_endpoint_xfer_start+0x120>
10004c02:	4b31      	ldr	r3, [pc, #196]	; (10004cc8 <hw_endpoint_xfer_start+0x130>)
10004c04:	402b      	ands	r3, r5
10004c06:	6013      	str	r3, [r2, #0]
10004c08:	e7ff      	b.n	10004c0a <hw_endpoint_xfer_start+0x72>
10004c0a:	e7ff      	b.n	10004c0c <hw_endpoint_xfer_start+0x74>
10004c0c:	e7ff      	b.n	10004c0e <hw_endpoint_xfer_start+0x76>
10004c0e:	e7ff      	b.n	10004c10 <hw_endpoint_xfer_start+0x78>
10004c10:	e7ff      	b.n	10004c12 <hw_endpoint_xfer_start+0x7a>
10004c12:	e7ff      	b.n	10004c14 <hw_endpoint_xfer_start+0x7c>
10004c14:	68a3      	ldr	r3, [r4, #8]
10004c16:	601d      	str	r5, [r3, #0]
10004c18:	bc80      	pop	{r7}
10004c1a:	46b8      	mov	r8, r7
10004c1c:	bdf0      	pop	{r4, r5, r6, r7, pc}
10004c1e:	2280      	movs	r2, #128	; 0x80
10004c20:	0152      	lsls	r2, r2, #5
10004c22:	4315      	orrs	r5, r2
10004c24:	4a26      	ldr	r2, [pc, #152]	; (10004cc0 <hw_endpoint_xfer_start+0x128>)
10004c26:	6c12      	ldr	r2, [r2, #64]	; 0x40
10004c28:	0792      	lsls	r2, r2, #30
10004c2a:	d403      	bmi.n	10004c34 <hw_endpoint_xfer_start+0x9c>
10004c2c:	78a2      	ldrb	r2, [r4, #2]
10004c2e:	09d2      	lsrs	r2, r2, #7
10004c30:	2a01      	cmp	r2, #1
10004c32:	d1db      	bne.n	10004bec <hw_endpoint_xfer_start+0x54>
10004c34:	8ba2      	ldrh	r2, [r4, #28]
10004c36:	1c11      	adds	r1, r2, #0
10004c38:	429a      	cmp	r2, r3
10004c3a:	d900      	bls.n	10004c3e <hw_endpoint_xfer_start+0xa6>
10004c3c:	1c19      	adds	r1, r3, #0
10004c3e:	2780      	movs	r7, #128	; 0x80
10004c40:	b28a      	uxth	r2, r1
10004c42:	00ff      	lsls	r7, r7, #3
10004c44:	1a9b      	subs	r3, r3, r2
10004c46:	4690      	mov	r8, r2
10004c48:	4317      	orrs	r7, r2
10004c4a:	78e2      	ldrb	r2, [r4, #3]
10004c4c:	b29b      	uxth	r3, r3
10004c4e:	8263      	strh	r3, [r4, #18]
10004c50:	2a00      	cmp	r2, #0
10004c52:	d003      	beq.n	10004c5c <hw_endpoint_xfer_start+0xc4>
10004c54:	2790      	movs	r7, #144	; 0x90
10004c56:	4641      	mov	r1, r8
10004c58:	01bf      	lsls	r7, r7, #6
10004c5a:	430f      	orrs	r7, r1
10004c5c:	2101      	movs	r1, #1
10004c5e:	404a      	eors	r2, r1
10004c60:	70e2      	strb	r2, [r4, #3]
10004c62:	7862      	ldrb	r2, [r4, #1]
10004c64:	2a00      	cmp	r2, #0
10004c66:	d019      	beq.n	10004c9c <hw_endpoint_xfer_start+0x104>
10004c68:	2b00      	cmp	r3, #0
10004c6a:	d102      	bne.n	10004c72 <hw_endpoint_xfer_start+0xda>
10004c6c:	2380      	movs	r3, #128	; 0x80
10004c6e:	01db      	lsls	r3, r3, #7
10004c70:	431f      	orrs	r7, r3
10004c72:	4b16      	ldr	r3, [pc, #88]	; (10004ccc <hw_endpoint_xfer_start+0x134>)
10004c74:	043f      	lsls	r7, r7, #16
10004c76:	4033      	ands	r3, r6
10004c78:	26a0      	movs	r6, #160	; 0xa0
10004c7a:	05f6      	lsls	r6, r6, #23
10004c7c:	433d      	orrs	r5, r7
10004c7e:	431e      	orrs	r6, r3
10004c80:	e7b9      	b.n	10004bf6 <hw_endpoint_xfer_start+0x5e>
10004c82:	003a      	movs	r2, r7
10004c84:	68e0      	ldr	r0, [r4, #12]
10004c86:	f7ff f849 	bl	10003d1c <__wrap___aeabi_memcpy>
10004c8a:	69a3      	ldr	r3, [r4, #24]
10004c8c:	469c      	mov	ip, r3
10004c8e:	2380      	movs	r3, #128	; 0x80
10004c90:	4467      	add	r7, ip
10004c92:	021b      	lsls	r3, r3, #8
10004c94:	431d      	orrs	r5, r3
10004c96:	61a7      	str	r7, [r4, #24]
10004c98:	8a63      	ldrh	r3, [r4, #18]
10004c9a:	e7a0      	b.n	10004bde <hw_endpoint_xfer_start+0x46>
10004c9c:	68e0      	ldr	r0, [r4, #12]
10004c9e:	4642      	mov	r2, r8
10004ca0:	69a1      	ldr	r1, [r4, #24]
10004ca2:	3040      	adds	r0, #64	; 0x40
10004ca4:	f7ff f83a 	bl	10003d1c <__wrap___aeabi_memcpy>
10004ca8:	69a3      	ldr	r3, [r4, #24]
10004caa:	4443      	add	r3, r8
10004cac:	61a3      	str	r3, [r4, #24]
10004cae:	2380      	movs	r3, #128	; 0x80
10004cb0:	021b      	lsls	r3, r3, #8
10004cb2:	431f      	orrs	r7, r3
10004cb4:	8a63      	ldrh	r3, [r4, #18]
10004cb6:	e7d7      	b.n	10004c68 <hw_endpoint_xfer_start+0xd0>
10004cb8:	78a0      	ldrb	r0, [r4, #2]
10004cba:	f7ff ff11 	bl	10004ae0 <_hw_endpoint_buffer_control_update32.part.0.isra.0>
10004cbe:	46c0      	nop			; (mov r8, r8)
10004cc0:	50110000 	.word	0x50110000
10004cc4:	afffffff 	.word	0xafffffff
10004cc8:	fffffbff 	.word	0xfffffbff
10004ccc:	dfffffff 	.word	0xdfffffff

10004cd0 <hw_endpoint_xfer_continue>:
10004cd0:	b5f0      	push	{r4, r5, r6, r7, lr}
10004cd2:	46c6      	mov	lr, r8
10004cd4:	b500      	push	{lr}
10004cd6:	7c06      	ldrb	r6, [r0, #16]
10004cd8:	0004      	movs	r4, r0
10004cda:	2e00      	cmp	r6, #0
10004cdc:	d100      	bne.n	10004ce0 <hw_endpoint_xfer_continue+0x10>
10004cde:	e0d3      	b.n	10004e88 <hw_endpoint_xfer_continue+0x1b8>
10004ce0:	6883      	ldr	r3, [r0, #8]
10004ce2:	681a      	ldr	r2, [r3, #0]
10004ce4:	681d      	ldr	r5, [r3, #0]
10004ce6:	7843      	ldrb	r3, [r0, #1]
10004ce8:	05ad      	lsls	r5, r5, #22
10004cea:	0dad      	lsrs	r5, r5, #22
10004cec:	2b00      	cmp	r3, #0
10004cee:	d151      	bne.n	10004d94 <hw_endpoint_xfer_continue+0xc4>
10004cf0:	8a83      	ldrh	r3, [r0, #20]
10004cf2:	18eb      	adds	r3, r5, r3
10004cf4:	b29b      	uxth	r3, r3
10004cf6:	8283      	strh	r3, [r0, #20]
10004cf8:	8ba1      	ldrh	r1, [r4, #28]
10004cfa:	428d      	cmp	r5, r1
10004cfc:	d207      	bcs.n	10004d0e <hw_endpoint_xfer_continue+0x3e>
10004cfe:	2300      	movs	r3, #0
10004d00:	8263      	strh	r3, [r4, #18]
10004d02:	6863      	ldr	r3, [r4, #4]
10004d04:	681b      	ldr	r3, [r3, #0]
10004d06:	0030      	movs	r0, r6
10004d08:	bc80      	pop	{r7}
10004d0a:	46b8      	mov	r8, r7
10004d0c:	bdf0      	pop	{r4, r5, r6, r7, pc}
10004d0e:	6862      	ldr	r2, [r4, #4]
10004d10:	6812      	ldr	r2, [r2, #0]
10004d12:	0052      	lsls	r2, r2, #1
10004d14:	d502      	bpl.n	10004d1c <hw_endpoint_xfer_continue+0x4c>
10004d16:	428d      	cmp	r5, r1
10004d18:	d100      	bne.n	10004d1c <hw_endpoint_xfer_continue+0x4c>
10004d1a:	e075      	b.n	10004e08 <hw_endpoint_xfer_continue+0x138>
10004d1c:	8a63      	ldrh	r3, [r4, #18]
10004d1e:	2b00      	cmp	r3, #0
10004d20:	d0f1      	beq.n	10004d06 <hw_endpoint_xfer_continue+0x36>
10004d22:	6862      	ldr	r2, [r4, #4]
10004d24:	1c1f      	adds	r7, r3, #0
10004d26:	6816      	ldr	r6, [r2, #0]
10004d28:	428b      	cmp	r3, r1
10004d2a:	d900      	bls.n	10004d2e <hw_endpoint_xfer_continue+0x5e>
10004d2c:	1c0f      	adds	r7, r1, #0
10004d2e:	2580      	movs	r5, #128	; 0x80
10004d30:	b2bf      	uxth	r7, r7
10004d32:	1bdb      	subs	r3, r3, r7
10004d34:	78e2      	ldrb	r2, [r4, #3]
10004d36:	b29b      	uxth	r3, r3
10004d38:	00ed      	lsls	r5, r5, #3
10004d3a:	8263      	strh	r3, [r4, #18]
10004d3c:	433d      	orrs	r5, r7
10004d3e:	2a00      	cmp	r2, #0
10004d40:	d002      	beq.n	10004d48 <hw_endpoint_xfer_continue+0x78>
10004d42:	2590      	movs	r5, #144	; 0x90
10004d44:	01ad      	lsls	r5, r5, #6
10004d46:	433d      	orrs	r5, r7
10004d48:	2101      	movs	r1, #1
10004d4a:	404a      	eors	r2, r1
10004d4c:	70e2      	strb	r2, [r4, #3]
10004d4e:	7862      	ldrb	r2, [r4, #1]
10004d50:	2a00      	cmp	r2, #0
10004d52:	d068      	beq.n	10004e26 <hw_endpoint_xfer_continue+0x156>
10004d54:	2b00      	cmp	r3, #0
10004d56:	d12a      	bne.n	10004dae <hw_endpoint_xfer_continue+0xde>
10004d58:	23a0      	movs	r3, #160	; 0xa0
10004d5a:	01db      	lsls	r3, r3, #7
10004d5c:	431d      	orrs	r5, r3
10004d5e:	4b4f      	ldr	r3, [pc, #316]	; (10004e9c <hw_endpoint_xfer_continue+0x1cc>)
10004d60:	6c1b      	ldr	r3, [r3, #64]	; 0x40
10004d62:	4b4f      	ldr	r3, [pc, #316]	; (10004ea0 <hw_endpoint_xfer_continue+0x1d0>)
10004d64:	4033      	ands	r3, r6
10004d66:	2680      	movs	r6, #128	; 0x80
10004d68:	05b6      	lsls	r6, r6, #22
10004d6a:	431e      	orrs	r6, r3
10004d6c:	6863      	ldr	r3, [r4, #4]
10004d6e:	68a2      	ldr	r2, [r4, #8]
10004d70:	601e      	str	r6, [r3, #0]
10004d72:	6813      	ldr	r3, [r2, #0]
10004d74:	055b      	lsls	r3, r3, #21
10004d76:	d500      	bpl.n	10004d7a <hw_endpoint_xfer_continue+0xaa>
10004d78:	e08d      	b.n	10004e96 <hw_endpoint_xfer_continue+0x1c6>
10004d7a:	4b4a      	ldr	r3, [pc, #296]	; (10004ea4 <hw_endpoint_xfer_continue+0x1d4>)
10004d7c:	402b      	ands	r3, r5
10004d7e:	6013      	str	r3, [r2, #0]
10004d80:	e7ff      	b.n	10004d82 <hw_endpoint_xfer_continue+0xb2>
10004d82:	e7ff      	b.n	10004d84 <hw_endpoint_xfer_continue+0xb4>
10004d84:	e7ff      	b.n	10004d86 <hw_endpoint_xfer_continue+0xb6>
10004d86:	e7ff      	b.n	10004d88 <hw_endpoint_xfer_continue+0xb8>
10004d88:	e7ff      	b.n	10004d8a <hw_endpoint_xfer_continue+0xba>
10004d8a:	e7ff      	b.n	10004d8c <hw_endpoint_xfer_continue+0xbc>
10004d8c:	68a3      	ldr	r3, [r4, #8]
10004d8e:	2600      	movs	r6, #0
10004d90:	601d      	str	r5, [r3, #0]
10004d92:	e7b8      	b.n	10004d06 <hw_endpoint_xfer_continue+0x36>
10004d94:	002a      	movs	r2, r5
10004d96:	68c1      	ldr	r1, [r0, #12]
10004d98:	6980      	ldr	r0, [r0, #24]
10004d9a:	f7fe ffbf 	bl	10003d1c <__wrap___aeabi_memcpy>
10004d9e:	8aa3      	ldrh	r3, [r4, #20]
10004da0:	69a2      	ldr	r2, [r4, #24]
10004da2:	18eb      	adds	r3, r5, r3
10004da4:	b29b      	uxth	r3, r3
10004da6:	1952      	adds	r2, r2, r5
10004da8:	82a3      	strh	r3, [r4, #20]
10004daa:	61a2      	str	r2, [r4, #24]
10004dac:	e7a4      	b.n	10004cf8 <hw_endpoint_xfer_continue+0x28>
10004dae:	2280      	movs	r2, #128	; 0x80
10004db0:	0152      	lsls	r2, r2, #5
10004db2:	4315      	orrs	r5, r2
10004db4:	4a39      	ldr	r2, [pc, #228]	; (10004e9c <hw_endpoint_xfer_continue+0x1cc>)
10004db6:	6c12      	ldr	r2, [r2, #64]	; 0x40
10004db8:	0792      	lsls	r2, r2, #30
10004dba:	d403      	bmi.n	10004dc4 <hw_endpoint_xfer_continue+0xf4>
10004dbc:	78a2      	ldrb	r2, [r4, #2]
10004dbe:	09d2      	lsrs	r2, r2, #7
10004dc0:	2a01      	cmp	r2, #1
10004dc2:	d1ce      	bne.n	10004d62 <hw_endpoint_xfer_continue+0x92>
10004dc4:	8ba2      	ldrh	r2, [r4, #28]
10004dc6:	1c11      	adds	r1, r2, #0
10004dc8:	429a      	cmp	r2, r3
10004dca:	d83f      	bhi.n	10004e4c <hw_endpoint_xfer_continue+0x17c>
10004dcc:	2780      	movs	r7, #128	; 0x80
10004dce:	b28a      	uxth	r2, r1
10004dd0:	00ff      	lsls	r7, r7, #3
10004dd2:	1a9b      	subs	r3, r3, r2
10004dd4:	4690      	mov	r8, r2
10004dd6:	4317      	orrs	r7, r2
10004dd8:	78e2      	ldrb	r2, [r4, #3]
10004dda:	b29b      	uxth	r3, r3
10004ddc:	8263      	strh	r3, [r4, #18]
10004dde:	2a00      	cmp	r2, #0
10004de0:	d12f      	bne.n	10004e42 <hw_endpoint_xfer_continue+0x172>
10004de2:	2101      	movs	r1, #1
10004de4:	404a      	eors	r2, r1
10004de6:	70e2      	strb	r2, [r4, #3]
10004de8:	7862      	ldrb	r2, [r4, #1]
10004dea:	2a00      	cmp	r2, #0
10004dec:	d03e      	beq.n	10004e6c <hw_endpoint_xfer_continue+0x19c>
10004dee:	2b00      	cmp	r3, #0
10004df0:	d102      	bne.n	10004df8 <hw_endpoint_xfer_continue+0x128>
10004df2:	2380      	movs	r3, #128	; 0x80
10004df4:	01db      	lsls	r3, r3, #7
10004df6:	431f      	orrs	r7, r3
10004df8:	4b2b      	ldr	r3, [pc, #172]	; (10004ea8 <hw_endpoint_xfer_continue+0x1d8>)
10004dfa:	043f      	lsls	r7, r7, #16
10004dfc:	4033      	ands	r3, r6
10004dfe:	26a0      	movs	r6, #160	; 0xa0
10004e00:	05f6      	lsls	r6, r6, #23
10004e02:	433d      	orrs	r5, r7
10004e04:	431e      	orrs	r6, r3
10004e06:	e7b1      	b.n	10004d6c <hw_endpoint_xfer_continue+0x9c>
10004e08:	68a2      	ldr	r2, [r4, #8]
10004e0a:	6815      	ldr	r5, [r2, #0]
10004e0c:	7862      	ldrb	r2, [r4, #1]
10004e0e:	01ad      	lsls	r5, r5, #6
10004e10:	0dad      	lsrs	r5, r5, #22
10004e12:	2a00      	cmp	r2, #0
10004e14:	d11c      	bne.n	10004e50 <hw_endpoint_xfer_continue+0x180>
10004e16:	18eb      	adds	r3, r5, r3
10004e18:	82a3      	strh	r3, [r4, #20]
10004e1a:	428d      	cmp	r5, r1
10004e1c:	d300      	bcc.n	10004e20 <hw_endpoint_xfer_continue+0x150>
10004e1e:	e77d      	b.n	10004d1c <hw_endpoint_xfer_continue+0x4c>
10004e20:	2300      	movs	r3, #0
10004e22:	8263      	strh	r3, [r4, #18]
10004e24:	e76f      	b.n	10004d06 <hw_endpoint_xfer_continue+0x36>
10004e26:	003a      	movs	r2, r7
10004e28:	69a1      	ldr	r1, [r4, #24]
10004e2a:	68e0      	ldr	r0, [r4, #12]
10004e2c:	f7fe ff76 	bl	10003d1c <__wrap___aeabi_memcpy>
10004e30:	69a3      	ldr	r3, [r4, #24]
10004e32:	469c      	mov	ip, r3
10004e34:	2380      	movs	r3, #128	; 0x80
10004e36:	4467      	add	r7, ip
10004e38:	021b      	lsls	r3, r3, #8
10004e3a:	431d      	orrs	r5, r3
10004e3c:	61a7      	str	r7, [r4, #24]
10004e3e:	8a63      	ldrh	r3, [r4, #18]
10004e40:	e788      	b.n	10004d54 <hw_endpoint_xfer_continue+0x84>
10004e42:	2790      	movs	r7, #144	; 0x90
10004e44:	4641      	mov	r1, r8
10004e46:	01bf      	lsls	r7, r7, #6
10004e48:	430f      	orrs	r7, r1
10004e4a:	e7ca      	b.n	10004de2 <hw_endpoint_xfer_continue+0x112>
10004e4c:	1c19      	adds	r1, r3, #0
10004e4e:	e7bd      	b.n	10004dcc <hw_endpoint_xfer_continue+0xfc>
10004e50:	68e1      	ldr	r1, [r4, #12]
10004e52:	002a      	movs	r2, r5
10004e54:	3140      	adds	r1, #64	; 0x40
10004e56:	69a0      	ldr	r0, [r4, #24]
10004e58:	f7fe ff60 	bl	10003d1c <__wrap___aeabi_memcpy>
10004e5c:	8aa3      	ldrh	r3, [r4, #20]
10004e5e:	8ba1      	ldrh	r1, [r4, #28]
10004e60:	18eb      	adds	r3, r5, r3
10004e62:	82a3      	strh	r3, [r4, #20]
10004e64:	69a3      	ldr	r3, [r4, #24]
10004e66:	195b      	adds	r3, r3, r5
10004e68:	61a3      	str	r3, [r4, #24]
10004e6a:	e7d6      	b.n	10004e1a <hw_endpoint_xfer_continue+0x14a>
10004e6c:	68e0      	ldr	r0, [r4, #12]
10004e6e:	4642      	mov	r2, r8
10004e70:	69a1      	ldr	r1, [r4, #24]
10004e72:	3040      	adds	r0, #64	; 0x40
10004e74:	f7fe ff52 	bl	10003d1c <__wrap___aeabi_memcpy>
10004e78:	69a3      	ldr	r3, [r4, #24]
10004e7a:	4443      	add	r3, r8
10004e7c:	61a3      	str	r3, [r4, #24]
10004e7e:	2380      	movs	r3, #128	; 0x80
10004e80:	021b      	lsls	r3, r3, #8
10004e82:	431f      	orrs	r7, r3
10004e84:	8a63      	ldrh	r3, [r4, #18]
10004e86:	e7b2      	b.n	10004dee <hw_endpoint_xfer_continue+0x11e>
10004e88:	237f      	movs	r3, #127	; 0x7f
10004e8a:	7881      	ldrb	r1, [r0, #2]
10004e8c:	4a07      	ldr	r2, [pc, #28]	; (10004eac <hw_endpoint_xfer_continue+0x1dc>)
10004e8e:	4808      	ldr	r0, [pc, #32]	; (10004eb0 <hw_endpoint_xfer_continue+0x1e0>)
10004e90:	4019      	ands	r1, r3
10004e92:	f7fc fde1 	bl	10001a58 <panic>
10004e96:	78a0      	ldrb	r0, [r4, #2]
10004e98:	f7ff fe22 	bl	10004ae0 <_hw_endpoint_buffer_control_update32.part.0.isra.0>
10004e9c:	50110000 	.word	0x50110000
10004ea0:	afffffff 	.word	0xafffffff
10004ea4:	fffffbff 	.word	0xfffffbff
10004ea8:	dfffffff 	.word	0xdfffffff
10004eac:	20001414 	.word	0x20001414
10004eb0:	10007d64 	.word	0x10007d64

10004eb4 <tud_mounted>:
10004eb4:	4b02      	ldr	r3, [pc, #8]	; (10004ec0 <tud_mounted+0xc>)
10004eb6:	7858      	ldrb	r0, [r3, #1]
10004eb8:	1e43      	subs	r3, r0, #1
10004eba:	4198      	sbcs	r0, r3
10004ebc:	b2c0      	uxtb	r0, r0
10004ebe:	4770      	bx	lr
10004ec0:	20001e20 	.word	0x20001e20

10004ec4 <tud_suspended>:
10004ec4:	4b02      	ldr	r3, [pc, #8]	; (10004ed0 <tud_suspended+0xc>)
10004ec6:	7818      	ldrb	r0, [r3, #0]
10004ec8:	0740      	lsls	r0, r0, #29
10004eca:	0fc0      	lsrs	r0, r0, #31
10004ecc:	4770      	bx	lr
10004ece:	46c0      	nop			; (mov r8, r8)
10004ed0:	20001e20 	.word	0x20001e20

10004ed4 <tud_inited>:
10004ed4:	4b01      	ldr	r3, [pc, #4]	; (10004edc <tud_inited+0x8>)
10004ed6:	7818      	ldrb	r0, [r3, #0]
10004ed8:	4770      	bx	lr
10004eda:	46c0      	nop			; (mov r8, r8)
10004edc:	20002647 	.word	0x20002647

10004ee0 <tud_init>:
10004ee0:	b5f8      	push	{r3, r4, r5, r6, r7, lr}
10004ee2:	4647      	mov	r7, r8
10004ee4:	46ce      	mov	lr, r9
10004ee6:	b580      	push	{r7, lr}
10004ee8:	4f29      	ldr	r7, [pc, #164]	; (10004f90 <tud_init+0xb0>)
10004eea:	0005      	movs	r5, r0
10004eec:	783b      	ldrb	r3, [r7, #0]
10004eee:	2b00      	cmp	r3, #0
10004ef0:	d004      	beq.n	10004efc <tud_init+0x1c>
10004ef2:	2001      	movs	r0, #1
10004ef4:	bcc0      	pop	{r6, r7}
10004ef6:	46b9      	mov	r9, r7
10004ef8:	46b0      	mov	r8, r6
10004efa:	bdf8      	pop	{r3, r4, r5, r6, r7, pc}
10004efc:	2253      	movs	r2, #83	; 0x53
10004efe:	2100      	movs	r1, #0
10004f00:	4824      	ldr	r0, [pc, #144]	; (10004f94 <tud_init+0xb4>)
10004f02:	f7fe ff05 	bl	10003d10 <__wrap_memset>
10004f06:	4c24      	ldr	r4, [pc, #144]	; (10004f98 <tud_init+0xb8>)
10004f08:	0020      	movs	r0, r4
10004f0a:	f7fc fcfd 	bl	10001908 <mutex_init>
10004f0e:	4b23      	ldr	r3, [pc, #140]	; (10004f9c <tud_init+0xbc>)
10004f10:	601c      	str	r4, [r3, #0]
10004f12:	4c23      	ldr	r4, [pc, #140]	; (10004fa0 <tud_init+0xc0>)
10004f14:	0020      	movs	r0, r4
10004f16:	301c      	adds	r0, #28
10004f18:	f7fc fd12 	bl	10001940 <critical_section_init>
10004f1c:	0020      	movs	r0, r4
10004f1e:	f001 fca1 	bl	10006864 <tu_fifo_clear>
10004f22:	4b20      	ldr	r3, [pc, #128]	; (10004fa4 <tud_init+0xc4>)
10004f24:	4e20      	ldr	r6, [pc, #128]	; (10004fa8 <tud_init+0xc8>)
10004f26:	601c      	str	r4, [r3, #0]
10004f28:	4b20      	ldr	r3, [pc, #128]	; (10004fac <tud_init+0xcc>)
10004f2a:	4698      	mov	r8, r3
10004f2c:	2b00      	cmp	r3, #0
10004f2e:	d004      	beq.n	10004f3a <tud_init+0x5a>
10004f30:	0030      	movs	r0, r6
10004f32:	f7ff f95d 	bl	100041f0 <usbd_app_driver_get_cb>
10004f36:	4b1e      	ldr	r3, [pc, #120]	; (10004fb0 <tud_init+0xd0>)
10004f38:	6018      	str	r0, [r3, #0]
10004f3a:	4642      	mov	r2, r8
10004f3c:	2400      	movs	r4, #0
10004f3e:	7833      	ldrb	r3, [r6, #0]
10004f40:	2a00      	cmp	r2, #0
10004f42:	d01d      	beq.n	10004f80 <tud_init+0xa0>
10004f44:	4a1b      	ldr	r2, [pc, #108]	; (10004fb4 <tud_init+0xd4>)
10004f46:	4690      	mov	r8, r2
10004f48:	4a19      	ldr	r2, [pc, #100]	; (10004fb0 <tud_init+0xd0>)
10004f4a:	4691      	mov	r9, r2
10004f4c:	429c      	cmp	r4, r3
10004f4e:	d310      	bcc.n	10004f72 <tud_init+0x92>
10004f50:	d11b      	bne.n	10004f8a <tud_init+0xaa>
10004f52:	4643      	mov	r3, r8
10004f54:	4798      	blx	r3
10004f56:	3401      	adds	r4, #1
10004f58:	7833      	ldrb	r3, [r6, #0]
10004f5a:	b2e4      	uxtb	r4, r4
10004f5c:	42a3      	cmp	r3, r4
10004f5e:	d2f5      	bcs.n	10004f4c <tud_init+0x6c>
10004f60:	0028      	movs	r0, r5
10004f62:	f7ff fbf1 	bl	10004748 <dcd_init>
10004f66:	0028      	movs	r0, r5
10004f68:	f7ff fbd6 	bl	10004718 <dcd_int_enable>
10004f6c:	2301      	movs	r3, #1
10004f6e:	703b      	strb	r3, [r7, #0]
10004f70:	e7bf      	b.n	10004ef2 <tud_init+0x12>
10004f72:	464a      	mov	r2, r9
10004f74:	0063      	lsls	r3, r4, #1
10004f76:	6812      	ldr	r2, [r2, #0]
10004f78:	191b      	adds	r3, r3, r4
10004f7a:	00db      	lsls	r3, r3, #3
10004f7c:	589b      	ldr	r3, [r3, r2]
10004f7e:	e7e9      	b.n	10004f54 <tud_init+0x74>
10004f80:	f001 f84a 	bl	10006018 <cdcd_init>
10004f84:	7833      	ldrb	r3, [r6, #0]
10004f86:	2b00      	cmp	r3, #0
10004f88:	d0ea      	beq.n	10004f60 <tud_init+0x80>
10004f8a:	2300      	movs	r3, #0
10004f8c:	681b      	ldr	r3, [r3, #0]
10004f8e:	deff      	udf	#255	; 0xff
10004f90:	20002647 	.word	0x20002647
10004f94:	20001e20 	.word	0x20001e20
10004f98:	20001dd8 	.word	0x20001dd8
10004f9c:	20001e74 	.word	0x20001e74
10004fa0:	2000141c 	.word	0x2000141c
10004fa4:	20001e78 	.word	0x20001e78
10004fa8:	20002646 	.word	0x20002646
10004fac:	100041f1 	.word	0x100041f1
10004fb0:	20001ae8 	.word	0x20001ae8
10004fb4:	10006019 	.word	0x10006019

10004fb8 <tud_task>:
10004fb8:	b5f0      	push	{r4, r5, r6, r7, lr}
10004fba:	46de      	mov	lr, fp
10004fbc:	4657      	mov	r7, sl
10004fbe:	464e      	mov	r6, r9
10004fc0:	4645      	mov	r5, r8
10004fc2:	b5e0      	push	{r5, r6, r7, lr}
10004fc4:	b08b      	sub	sp, #44	; 0x2c
10004fc6:	f001 fa09 	bl	100063dc <tusb_inited>
10004fca:	2800      	cmp	r0, #0
10004fcc:	d100      	bne.n	10004fd0 <tud_task+0x18>
10004fce:	e144      	b.n	1000525a <tud_task+0x2a2>
10004fd0:	4bc2      	ldr	r3, [pc, #776]	; (100052dc <tud_task+0x324>)
10004fd2:	4ec3      	ldr	r6, [pc, #780]	; (100052e0 <tud_task+0x328>)
10004fd4:	469b      	mov	fp, r3
10004fd6:	ac07      	add	r4, sp, #28
10004fd8:	6835      	ldr	r5, [r6, #0]
10004fda:	69ea      	ldr	r2, [r5, #28]
10004fdc:	f3ef 8110 	mrs	r1, PRIMASK
10004fe0:	b672      	cpsid	i
10004fe2:	6813      	ldr	r3, [r2, #0]
10004fe4:	2b00      	cmp	r3, #0
10004fe6:	d0fc      	beq.n	10004fe2 <tud_task+0x2a>
10004fe8:	f3bf 8f5f 	dmb	sy
10004fec:	6229      	str	r1, [r5, #32]
10004fee:	0028      	movs	r0, r5
10004ff0:	0021      	movs	r1, r4
10004ff2:	f001 faab 	bl	1000654c <tu_fifo_read>
10004ff6:	69ea      	ldr	r2, [r5, #28]
10004ff8:	6a2b      	ldr	r3, [r5, #32]
10004ffa:	f3bf 8f5f 	dmb	sy
10004ffe:	2100      	movs	r1, #0
10005000:	6011      	str	r1, [r2, #0]
10005002:	f383 8810 	msr	PRIMASK, r3
10005006:	2800      	cmp	r0, #0
10005008:	d100      	bne.n	1000500c <tud_task+0x54>
1000500a:	e126      	b.n	1000525a <tud_task+0x2a2>
1000500c:	7863      	ldrb	r3, [r4, #1]
1000500e:	2b08      	cmp	r3, #8
10005010:	d8e2      	bhi.n	10004fd8 <tud_task+0x20>
10005012:	465a      	mov	r2, fp
10005014:	009b      	lsls	r3, r3, #2
10005016:	58d3      	ldr	r3, [r2, r3]
10005018:	469f      	mov	pc, r3
1000501a:	6863      	ldr	r3, [r4, #4]
1000501c:	2b00      	cmp	r3, #0
1000501e:	d0db      	beq.n	10004fd8 <tud_task+0x20>
10005020:	68a0      	ldr	r0, [r4, #8]
10005022:	4798      	blx	r3
10005024:	e7d8      	b.n	10004fd8 <tud_task+0x20>
10005026:	227f      	movs	r2, #127	; 0x7f
10005028:	7921      	ldrb	r1, [r4, #4]
1000502a:	4bae      	ldr	r3, [pc, #696]	; (100052e4 <tud_task+0x32c>)
1000502c:	400a      	ands	r2, r1
1000502e:	0055      	lsls	r5, r2, #1
10005030:	09c8      	lsrs	r0, r1, #7
10005032:	195b      	adds	r3, r3, r5
10005034:	181b      	adds	r3, r3, r0
10005036:	0018      	movs	r0, r3
10005038:	2701      	movs	r7, #1
1000503a:	3030      	adds	r0, #48	; 0x30
1000503c:	78c5      	ldrb	r5, [r0, #3]
1000503e:	43bd      	bics	r5, r7
10005040:	70c5      	strb	r5, [r0, #3]
10005042:	78c5      	ldrb	r5, [r0, #3]
10005044:	3703      	adds	r7, #3
10005046:	43bd      	bics	r5, r7
10005048:	70c5      	strb	r5, [r0, #3]
1000504a:	2a00      	cmp	r2, #0
1000504c:	d100      	bne.n	10005050 <tud_task+0x98>
1000504e:	e10b      	b.n	10005268 <tud_task+0x2b0>
10005050:	4aa5      	ldr	r2, [pc, #660]	; (100052e8 <tud_task+0x330>)
10005052:	7cdb      	ldrb	r3, [r3, #19]
10005054:	2a00      	cmp	r2, #0
10005056:	d006      	beq.n	10005066 <tud_task+0xae>
10005058:	4aa4      	ldr	r2, [pc, #656]	; (100052ec <tud_task+0x334>)
1000505a:	7812      	ldrb	r2, [r2, #0]
1000505c:	4293      	cmp	r3, r2
1000505e:	d200      	bcs.n	10005062 <tud_task+0xaa>
10005060:	e191      	b.n	10005386 <tud_task+0x3ce>
10005062:	1a9b      	subs	r3, r3, r2
10005064:	b2db      	uxtb	r3, r3
10005066:	2b00      	cmp	r3, #0
10005068:	d000      	beq.n	1000506c <tud_task+0xb4>
1000506a:	e0f6      	b.n	1000525a <tud_task+0x2a2>
1000506c:	4da0      	ldr	r5, [pc, #640]	; (100052f0 <tud_task+0x338>)
1000506e:	7962      	ldrb	r2, [r4, #5]
10005070:	7820      	ldrb	r0, [r4, #0]
10005072:	68a3      	ldr	r3, [r4, #8]
10005074:	47a8      	blx	r5
10005076:	e7af      	b.n	10004fd8 <tud_task+0x20>
10005078:	2201      	movs	r2, #1
1000507a:	4f9a      	ldr	r7, [pc, #616]	; (100052e4 <tud_task+0x32c>)
1000507c:	2101      	movs	r1, #1
1000507e:	783b      	ldrb	r3, [r7, #0]
10005080:	2004      	movs	r0, #4
10005082:	4313      	orrs	r3, r2
10005084:	703b      	strb	r3, [r7, #0]
10005086:	2333      	movs	r3, #51	; 0x33
10005088:	5cfa      	ldrb	r2, [r7, r3]
1000508a:	438a      	bics	r2, r1
1000508c:	54fa      	strb	r2, [r7, r3]
1000508e:	5cfa      	ldrb	r2, [r7, r3]
10005090:	4382      	bics	r2, r0
10005092:	54fa      	strb	r2, [r7, r3]
10005094:	3301      	adds	r3, #1
10005096:	5cfa      	ldrb	r2, [r7, r3]
10005098:	438a      	bics	r2, r1
1000509a:	54fa      	strb	r2, [r7, r3]
1000509c:	5cfa      	ldrb	r2, [r7, r3]
1000509e:	4382      	bics	r2, r0
100050a0:	54fa      	strb	r2, [r7, r3]
100050a2:	7823      	ldrb	r3, [r4, #0]
100050a4:	2000      	movs	r0, #0
100050a6:	469a      	mov	sl, r3
100050a8:	f000 fe66 	bl	10005d78 <usbd_control_set_complete_callback>
100050ac:	2260      	movs	r2, #96	; 0x60
100050ae:	7923      	ldrb	r3, [r4, #4]
100050b0:	401a      	ands	r2, r3
100050b2:	2a60      	cmp	r2, #96	; 0x60
100050b4:	d00d      	beq.n	100050d2 <tud_task+0x11a>
100050b6:	2a40      	cmp	r2, #64	; 0x40
100050b8:	d100      	bne.n	100050bc <tud_task+0x104>
100050ba:	e0f2      	b.n	100052a2 <tud_task+0x2ea>
100050bc:	06db      	lsls	r3, r3, #27
100050be:	0edb      	lsrs	r3, r3, #27
100050c0:	2b01      	cmp	r3, #1
100050c2:	d100      	bne.n	100050c6 <tud_task+0x10e>
100050c4:	e16a      	b.n	1000539c <tud_task+0x3e4>
100050c6:	2b02      	cmp	r3, #2
100050c8:	d100      	bne.n	100050cc <tud_task+0x114>
100050ca:	e121      	b.n	10005310 <tud_task+0x358>
100050cc:	2b00      	cmp	r3, #0
100050ce:	d100      	bne.n	100050d2 <tud_task+0x11a>
100050d0:	e0f6      	b.n	100052c0 <tud_task+0x308>
100050d2:	7820      	ldrb	r0, [r4, #0]
100050d4:	2100      	movs	r1, #0
100050d6:	f7ff fccf 	bl	10004a78 <dcd_edpt_stall>
100050da:	2180      	movs	r1, #128	; 0x80
100050dc:	7820      	ldrb	r0, [r4, #0]
100050de:	f7ff fccb 	bl	10004a78 <dcd_edpt_stall>
100050e2:	e779      	b.n	10004fd8 <tud_task+0x20>
100050e4:	4b7f      	ldr	r3, [pc, #508]	; (100052e4 <tud_task+0x32c>)
100050e6:	781b      	ldrb	r3, [r3, #0]
100050e8:	07db      	lsls	r3, r3, #31
100050ea:	d400      	bmi.n	100050ee <tud_task+0x136>
100050ec:	e774      	b.n	10004fd8 <tud_task+0x20>
100050ee:	4b81      	ldr	r3, [pc, #516]	; (100052f4 <tud_task+0x33c>)
100050f0:	2b00      	cmp	r3, #0
100050f2:	d100      	bne.n	100050f6 <tud_task+0x13e>
100050f4:	e770      	b.n	10004fd8 <tud_task+0x20>
100050f6:	e000      	b.n	100050fa <tud_task+0x142>
100050f8:	bf00      	nop
100050fa:	e76d      	b.n	10004fd8 <tud_task+0x20>
100050fc:	4b79      	ldr	r3, [pc, #484]	; (100052e4 <tud_task+0x32c>)
100050fe:	781a      	ldrb	r2, [r3, #0]
10005100:	07d2      	lsls	r2, r2, #31
10005102:	d400      	bmi.n	10005106 <tud_task+0x14e>
10005104:	e768      	b.n	10004fd8 <tud_task+0x20>
10005106:	4a7c      	ldr	r2, [pc, #496]	; (100052f8 <tud_task+0x340>)
10005108:	2a00      	cmp	r2, #0
1000510a:	d100      	bne.n	1000510e <tud_task+0x156>
1000510c:	e764      	b.n	10004fd8 <tud_task+0x20>
1000510e:	7818      	ldrb	r0, [r3, #0]
10005110:	0700      	lsls	r0, r0, #28
10005112:	0fc0      	lsrs	r0, r0, #31
10005114:	e000      	b.n	10005118 <tud_task+0x160>
10005116:	bf00      	nop
10005118:	e75e      	b.n	10004fd8 <tud_task+0x20>
1000511a:	4d74      	ldr	r5, [pc, #464]	; (100052ec <tud_task+0x334>)
1000511c:	4a72      	ldr	r2, [pc, #456]	; (100052e8 <tud_task+0x330>)
1000511e:	2700      	movs	r7, #0
10005120:	782b      	ldrb	r3, [r5, #0]
10005122:	2a00      	cmp	r2, #0
10005124:	d100      	bne.n	10005128 <tud_task+0x170>
10005126:	e0b6      	b.n	10005296 <tud_task+0x2de>
10005128:	4a74      	ldr	r2, [pc, #464]	; (100052fc <tud_task+0x344>)
1000512a:	4690      	mov	r8, r2
1000512c:	429f      	cmp	r7, r3
1000512e:	d308      	bcc.n	10005142 <tud_task+0x18a>
10005130:	429f      	cmp	r7, r3
10005132:	d000      	beq.n	10005136 <tud_task+0x17e>
10005134:	e0b2      	b.n	1000529c <tud_task+0x2e4>
10005136:	3701      	adds	r7, #1
10005138:	b2ff      	uxtb	r7, r7
1000513a:	429f      	cmp	r7, r3
1000513c:	d900      	bls.n	10005140 <tud_task+0x188>
1000513e:	e74b      	b.n	10004fd8 <tud_task+0x20>
10005140:	d2f6      	bcs.n	10005130 <tud_task+0x178>
10005142:	4641      	mov	r1, r8
10005144:	6809      	ldr	r1, [r1, #0]
10005146:	007a      	lsls	r2, r7, #1
10005148:	468c      	mov	ip, r1
1000514a:	19d2      	adds	r2, r2, r7
1000514c:	00d2      	lsls	r2, r2, #3
1000514e:	4462      	add	r2, ip
10005150:	6952      	ldr	r2, [r2, #20]
10005152:	2a00      	cmp	r2, #0
10005154:	d0ef      	beq.n	10005136 <tud_task+0x17e>
10005156:	7820      	ldrb	r0, [r4, #0]
10005158:	4790      	blx	r2
1000515a:	3701      	adds	r7, #1
1000515c:	782b      	ldrb	r3, [r5, #0]
1000515e:	b2ff      	uxtb	r7, r7
10005160:	429f      	cmp	r7, r3
10005162:	d9e3      	bls.n	1000512c <tud_task+0x174>
10005164:	e738      	b.n	10004fd8 <tud_task+0x20>
10005166:	7823      	ldrb	r3, [r4, #0]
10005168:	4d60      	ldr	r5, [pc, #384]	; (100052ec <tud_task+0x334>)
1000516a:	4a5f      	ldr	r2, [pc, #380]	; (100052e8 <tud_task+0x330>)
1000516c:	4698      	mov	r8, r3
1000516e:	2700      	movs	r7, #0
10005170:	782b      	ldrb	r3, [r5, #0]
10005172:	2a00      	cmp	r2, #0
10005174:	d100      	bne.n	10005178 <tud_task+0x1c0>
10005176:	e086      	b.n	10005286 <tud_task+0x2ce>
10005178:	4a61      	ldr	r2, [pc, #388]	; (10005300 <tud_task+0x348>)
1000517a:	4691      	mov	r9, r2
1000517c:	4a5f      	ldr	r2, [pc, #380]	; (100052fc <tud_task+0x344>)
1000517e:	4692      	mov	sl, r2
10005180:	002a      	movs	r2, r5
10005182:	4645      	mov	r5, r8
10005184:	4690      	mov	r8, r2
10005186:	42bb      	cmp	r3, r7
10005188:	d85e      	bhi.n	10005248 <tud_task+0x290>
1000518a:	d000      	beq.n	1000518e <tud_task+0x1d6>
1000518c:	e078      	b.n	10005280 <tud_task+0x2c8>
1000518e:	464b      	mov	r3, r9
10005190:	0028      	movs	r0, r5
10005192:	4798      	blx	r3
10005194:	4643      	mov	r3, r8
10005196:	3701      	adds	r7, #1
10005198:	781b      	ldrb	r3, [r3, #0]
1000519a:	b2ff      	uxtb	r7, r7
1000519c:	42bb      	cmp	r3, r7
1000519e:	d2f2      	bcs.n	10005186 <tud_task+0x1ce>
100051a0:	4d50      	ldr	r5, [pc, #320]	; (100052e4 <tud_task+0x32c>)
100051a2:	2253      	movs	r2, #83	; 0x53
100051a4:	2100      	movs	r1, #0
100051a6:	0028      	movs	r0, r5
100051a8:	f7fe fdb2 	bl	10003d10 <__wrap_memset>
100051ac:	2210      	movs	r2, #16
100051ae:	21ff      	movs	r1, #255	; 0xff
100051b0:	1ce8      	adds	r0, r5, #3
100051b2:	f7fe fdad 	bl	10003d10 <__wrap_memset>
100051b6:	0028      	movs	r0, r5
100051b8:	2220      	movs	r2, #32
100051ba:	21ff      	movs	r1, #255	; 0xff
100051bc:	3013      	adds	r0, #19
100051be:	f7fe fda7 	bl	10003d10 <__wrap_memset>
100051c2:	f000 fdcf 	bl	10005d64 <usbd_control_reset>
100051c6:	4b4f      	ldr	r3, [pc, #316]	; (10005304 <tud_task+0x34c>)
100051c8:	2b00      	cmp	r3, #0
100051ca:	d100      	bne.n	100051ce <tud_task+0x216>
100051cc:	e704      	b.n	10004fd8 <tud_task+0x20>
100051ce:	e000      	b.n	100051d2 <tud_task+0x21a>
100051d0:	bf00      	nop
100051d2:	e701      	b.n	10004fd8 <tud_task+0x20>
100051d4:	7823      	ldrb	r3, [r4, #0]
100051d6:	4d45      	ldr	r5, [pc, #276]	; (100052ec <tud_task+0x334>)
100051d8:	4a43      	ldr	r2, [pc, #268]	; (100052e8 <tud_task+0x330>)
100051da:	4698      	mov	r8, r3
100051dc:	2700      	movs	r7, #0
100051de:	782b      	ldrb	r3, [r5, #0]
100051e0:	2a00      	cmp	r2, #0
100051e2:	d047      	beq.n	10005274 <tud_task+0x2bc>
100051e4:	4a46      	ldr	r2, [pc, #280]	; (10005300 <tud_task+0x348>)
100051e6:	4691      	mov	r9, r2
100051e8:	4a44      	ldr	r2, [pc, #272]	; (100052fc <tud_task+0x344>)
100051ea:	4692      	mov	sl, r2
100051ec:	002a      	movs	r2, r5
100051ee:	4645      	mov	r5, r8
100051f0:	4690      	mov	r8, r2
100051f2:	429f      	cmp	r7, r3
100051f4:	d31f      	bcc.n	10005236 <tud_task+0x27e>
100051f6:	d143      	bne.n	10005280 <tud_task+0x2c8>
100051f8:	464b      	mov	r3, r9
100051fa:	0028      	movs	r0, r5
100051fc:	4798      	blx	r3
100051fe:	4643      	mov	r3, r8
10005200:	3701      	adds	r7, #1
10005202:	781b      	ldrb	r3, [r3, #0]
10005204:	b2ff      	uxtb	r7, r7
10005206:	42bb      	cmp	r3, r7
10005208:	d2f3      	bcs.n	100051f2 <tud_task+0x23a>
1000520a:	4d36      	ldr	r5, [pc, #216]	; (100052e4 <tud_task+0x32c>)
1000520c:	2253      	movs	r2, #83	; 0x53
1000520e:	2100      	movs	r1, #0
10005210:	0028      	movs	r0, r5
10005212:	f7fe fd7d 	bl	10003d10 <__wrap_memset>
10005216:	2210      	movs	r2, #16
10005218:	21ff      	movs	r1, #255	; 0xff
1000521a:	1ce8      	adds	r0, r5, #3
1000521c:	f7fe fd78 	bl	10003d10 <__wrap_memset>
10005220:	0028      	movs	r0, r5
10005222:	2220      	movs	r2, #32
10005224:	21ff      	movs	r1, #255	; 0xff
10005226:	3013      	adds	r0, #19
10005228:	f7fe fd72 	bl	10003d10 <__wrap_memset>
1000522c:	f000 fd9a 	bl	10005d64 <usbd_control_reset>
10005230:	7923      	ldrb	r3, [r4, #4]
10005232:	70ab      	strb	r3, [r5, #2]
10005234:	e6d0      	b.n	10004fd8 <tud_task+0x20>
10005236:	4652      	mov	r2, sl
10005238:	6812      	ldr	r2, [r2, #0]
1000523a:	007b      	lsls	r3, r7, #1
1000523c:	4694      	mov	ip, r2
1000523e:	19db      	adds	r3, r3, r7
10005240:	00db      	lsls	r3, r3, #3
10005242:	4463      	add	r3, ip
10005244:	685b      	ldr	r3, [r3, #4]
10005246:	e7d8      	b.n	100051fa <tud_task+0x242>
10005248:	4652      	mov	r2, sl
1000524a:	6812      	ldr	r2, [r2, #0]
1000524c:	007b      	lsls	r3, r7, #1
1000524e:	4694      	mov	ip, r2
10005250:	19db      	adds	r3, r3, r7
10005252:	00db      	lsls	r3, r3, #3
10005254:	4463      	add	r3, ip
10005256:	685b      	ldr	r3, [r3, #4]
10005258:	e79a      	b.n	10005190 <tud_task+0x1d8>
1000525a:	b00b      	add	sp, #44	; 0x2c
1000525c:	bcf0      	pop	{r4, r5, r6, r7}
1000525e:	46bb      	mov	fp, r7
10005260:	46b2      	mov	sl, r6
10005262:	46a9      	mov	r9, r5
10005264:	46a0      	mov	r8, r4
10005266:	bdf0      	pop	{r4, r5, r6, r7, pc}
10005268:	7962      	ldrb	r2, [r4, #5]
1000526a:	7820      	ldrb	r0, [r4, #0]
1000526c:	68a3      	ldr	r3, [r4, #8]
1000526e:	f000 fd97 	bl	10005da0 <usbd_control_xfer_cb>
10005272:	e6b1      	b.n	10004fd8 <tud_task+0x20>
10005274:	4640      	mov	r0, r8
10005276:	f000 ff0d 	bl	10006094 <cdcd_reset>
1000527a:	782b      	ldrb	r3, [r5, #0]
1000527c:	2b00      	cmp	r3, #0
1000527e:	d0c4      	beq.n	1000520a <tud_task+0x252>
10005280:	2300      	movs	r3, #0
10005282:	685b      	ldr	r3, [r3, #4]
10005284:	deff      	udf	#255	; 0xff
10005286:	4640      	mov	r0, r8
10005288:	f000 ff04 	bl	10006094 <cdcd_reset>
1000528c:	782b      	ldrb	r3, [r5, #0]
1000528e:	2b00      	cmp	r3, #0
10005290:	d100      	bne.n	10005294 <tud_task+0x2dc>
10005292:	e785      	b.n	100051a0 <tud_task+0x1e8>
10005294:	e7f4      	b.n	10005280 <tud_task+0x2c8>
10005296:	2b00      	cmp	r3, #0
10005298:	d100      	bne.n	1000529c <tud_task+0x2e4>
1000529a:	e69d      	b.n	10004fd8 <tud_task+0x20>
1000529c:	2300      	movs	r3, #0
1000529e:	695b      	ldr	r3, [r3, #20]
100052a0:	deff      	udf	#255	; 0xff
100052a2:	4819      	ldr	r0, [pc, #100]	; (10005308 <tud_task+0x350>)
100052a4:	2800      	cmp	r0, #0
100052a6:	d100      	bne.n	100052aa <tud_task+0x2f2>
100052a8:	e713      	b.n	100050d2 <tud_task+0x11a>
100052aa:	f000 fd65 	bl	10005d78 <usbd_control_set_complete_callback>
100052ae:	2100      	movs	r1, #0
100052b0:	4650      	mov	r0, sl
100052b2:	aa08      	add	r2, sp, #32
100052b4:	e000      	b.n	100052b8 <tud_task+0x300>
100052b6:	bf00      	nop
100052b8:	2800      	cmp	r0, #0
100052ba:	d000      	beq.n	100052be <tud_task+0x306>
100052bc:	e68c      	b.n	10004fd8 <tud_task+0x20>
100052be:	e708      	b.n	100050d2 <tud_task+0x11a>
100052c0:	2a20      	cmp	r2, #32
100052c2:	d100      	bne.n	100052c6 <tud_task+0x30e>
100052c4:	e09f      	b.n	10005406 <tud_task+0x44e>
100052c6:	2a00      	cmp	r2, #0
100052c8:	d000      	beq.n	100052cc <tud_task+0x314>
100052ca:	e702      	b.n	100050d2 <tud_task+0x11a>
100052cc:	7963      	ldrb	r3, [r4, #5]
100052ce:	2b09      	cmp	r3, #9
100052d0:	d900      	bls.n	100052d4 <tud_task+0x31c>
100052d2:	e6fe      	b.n	100050d2 <tud_task+0x11a>
100052d4:	4a0d      	ldr	r2, [pc, #52]	; (1000530c <tud_task+0x354>)
100052d6:	009b      	lsls	r3, r3, #2
100052d8:	58d3      	ldr	r3, [r2, r3]
100052da:	469f      	mov	pc, r3
100052dc:	10007d98 	.word	0x10007d98
100052e0:	20001e78 	.word	0x20001e78
100052e4:	20001e20 	.word	0x20001e20
100052e8:	100041f1 	.word	0x100041f1
100052ec:	20002646 	.word	0x20002646
100052f0:	10006289 	.word	0x10006289
	...
100052fc:	20001ae8 	.word	0x20001ae8
10005300:	10006095 	.word	0x10006095
	...
1000530c:	10007dbc 	.word	0x10007dbc
10005310:	2370      	movs	r3, #112	; 0x70
10005312:	7a21      	ldrb	r1, [r4, #8]
10005314:	420b      	tst	r3, r1
10005316:	d000      	beq.n	1000531a <tud_task+0x362>
10005318:	e6db      	b.n	100050d2 <tud_task+0x11a>
1000531a:	330f      	adds	r3, #15
1000531c:	400b      	ands	r3, r1
1000531e:	005b      	lsls	r3, r3, #1
10005320:	18f8      	adds	r0, r7, r3
10005322:	09cd      	lsrs	r5, r1, #7
10005324:	9300      	str	r3, [sp, #0]
10005326:	4bc1      	ldr	r3, [pc, #772]	; (1000562c <tud_task+0x674>)
10005328:	1940      	adds	r0, r0, r5
1000532a:	7cc0      	ldrb	r0, [r0, #19]
1000532c:	2b00      	cmp	r3, #0
1000532e:	d006      	beq.n	1000533e <tud_task+0x386>
10005330:	4bbf      	ldr	r3, [pc, #764]	; (10005630 <tud_task+0x678>)
10005332:	781b      	ldrb	r3, [r3, #0]
10005334:	4298      	cmp	r0, r3
10005336:	d200      	bcs.n	1000533a <tud_task+0x382>
10005338:	e088      	b.n	1000544c <tud_task+0x494>
1000533a:	1ac0      	subs	r0, r0, r3
1000533c:	b2c0      	uxtb	r0, r0
1000533e:	2800      	cmp	r0, #0
10005340:	d17e      	bne.n	10005440 <tud_task+0x488>
10005342:	2a00      	cmp	r2, #0
10005344:	d000      	beq.n	10005348 <tud_task+0x390>
10005346:	e115      	b.n	10005574 <tud_task+0x5bc>
10005348:	4bba      	ldr	r3, [pc, #744]	; (10005634 <tud_task+0x67c>)
1000534a:	9301      	str	r3, [sp, #4]
1000534c:	7963      	ldrb	r3, [r4, #5]
1000534e:	4698      	mov	r8, r3
10005350:	2302      	movs	r3, #2
10005352:	4642      	mov	r2, r8
10005354:	4699      	mov	r9, r3
10005356:	439a      	bics	r2, r3
10005358:	2a01      	cmp	r2, #1
1000535a:	d100      	bne.n	1000535e <tud_task+0x3a6>
1000535c:	e10e      	b.n	1000557c <tud_task+0x5c4>
1000535e:	4643      	mov	r3, r8
10005360:	2b00      	cmp	r3, #0
10005362:	d000      	beq.n	10005366 <tud_task+0x3ae>
10005364:	e6b5      	b.n	100050d2 <tud_task+0x11a>
10005366:	9b00      	ldr	r3, [sp, #0]
10005368:	aa06      	add	r2, sp, #24
1000536a:	18fb      	adds	r3, r7, r3
1000536c:	195d      	adds	r5, r3, r5
1000536e:	3530      	adds	r5, #48	; 0x30
10005370:	78eb      	ldrb	r3, [r5, #3]
10005372:	3202      	adds	r2, #2
10005374:	079b      	lsls	r3, r3, #30
10005376:	0fdb      	lsrs	r3, r3, #31
10005378:	8013      	strh	r3, [r2, #0]
1000537a:	4650      	mov	r0, sl
1000537c:	2302      	movs	r3, #2
1000537e:	a908      	add	r1, sp, #32
10005380:	f000 fc92 	bl	10005ca8 <tud_control_xfer>
10005384:	e628      	b.n	10004fd8 <tud_task+0x20>
10005386:	005a      	lsls	r2, r3, #1
10005388:	18d3      	adds	r3, r2, r3
1000538a:	4aab      	ldr	r2, [pc, #684]	; (10005638 <tud_task+0x680>)
1000538c:	00db      	lsls	r3, r3, #3
1000538e:	6812      	ldr	r2, [r2, #0]
10005390:	18d3      	adds	r3, r2, r3
10005392:	2b00      	cmp	r3, #0
10005394:	d100      	bne.n	10005398 <tud_task+0x3e0>
10005396:	e760      	b.n	1000525a <tud_task+0x2a2>
10005398:	691d      	ldr	r5, [r3, #16]
1000539a:	e668      	b.n	1000506e <tud_task+0xb6>
1000539c:	7a23      	ldrb	r3, [r4, #8]
1000539e:	2b0f      	cmp	r3, #15
100053a0:	d900      	bls.n	100053a4 <tud_task+0x3ec>
100053a2:	e696      	b.n	100050d2 <tud_task+0x11a>
100053a4:	4aa1      	ldr	r2, [pc, #644]	; (1000562c <tud_task+0x674>)
100053a6:	18fb      	adds	r3, r7, r3
100053a8:	78db      	ldrb	r3, [r3, #3]
100053aa:	2a00      	cmp	r2, #0
100053ac:	d005      	beq.n	100053ba <tud_task+0x402>
100053ae:	4aa0      	ldr	r2, [pc, #640]	; (10005630 <tud_task+0x678>)
100053b0:	7812      	ldrb	r2, [r2, #0]
100053b2:	4293      	cmp	r3, r2
100053b4:	d364      	bcc.n	10005480 <tud_task+0x4c8>
100053b6:	1a9b      	subs	r3, r3, r2
100053b8:	b2db      	uxtb	r3, r3
100053ba:	2b00      	cmp	r3, #0
100053bc:	d000      	beq.n	100053c0 <tud_task+0x408>
100053be:	e688      	b.n	100050d2 <tud_task+0x11a>
100053c0:	489e      	ldr	r0, [pc, #632]	; (1000563c <tud_task+0x684>)
100053c2:	4d9c      	ldr	r5, [pc, #624]	; (10005634 <tud_task+0x67c>)
100053c4:	f000 fcd8 	bl	10005d78 <usbd_control_set_complete_callback>
100053c8:	2100      	movs	r1, #0
100053ca:	4650      	mov	r0, sl
100053cc:	68eb      	ldr	r3, [r5, #12]
100053ce:	aa08      	add	r2, sp, #32
100053d0:	4798      	blx	r3
100053d2:	2800      	cmp	r0, #0
100053d4:	d000      	beq.n	100053d8 <tud_task+0x420>
100053d6:	e5ff      	b.n	10004fd8 <tud_task+0x20>
100053d8:	2260      	movs	r2, #96	; 0x60
100053da:	0015      	movs	r5, r2
100053dc:	7923      	ldrb	r3, [r4, #4]
100053de:	401d      	ands	r5, r3
100053e0:	421a      	tst	r2, r3
100053e2:	d000      	beq.n	100053e6 <tud_task+0x42e>
100053e4:	e675      	b.n	100050d2 <tud_task+0x11a>
100053e6:	7963      	ldrb	r3, [r4, #5]
100053e8:	3b0a      	subs	r3, #10
100053ea:	2b01      	cmp	r3, #1
100053ec:	d900      	bls.n	100053f0 <tud_task+0x438>
100053ee:	e670      	b.n	100050d2 <tud_task+0x11a>
100053f0:	f000 fcc2 	bl	10005d78 <usbd_control_set_complete_callback>
100053f4:	7963      	ldrb	r3, [r4, #5]
100053f6:	2b0a      	cmp	r3, #10
100053f8:	d100      	bne.n	100053fc <tud_task+0x444>
100053fa:	e0ee      	b.n	100055da <tud_task+0x622>
100053fc:	4650      	mov	r0, sl
100053fe:	a908      	add	r1, sp, #32
10005400:	f000 fc3a 	bl	10005c78 <tud_control_status>
10005404:	e5e8      	b.n	10004fd8 <tud_task+0x20>
10005406:	7a23      	ldrb	r3, [r4, #8]
10005408:	2b0f      	cmp	r3, #15
1000540a:	d900      	bls.n	1000540e <tud_task+0x456>
1000540c:	e661      	b.n	100050d2 <tud_task+0x11a>
1000540e:	4a87      	ldr	r2, [pc, #540]	; (1000562c <tud_task+0x674>)
10005410:	18fb      	adds	r3, r7, r3
10005412:	78db      	ldrb	r3, [r3, #3]
10005414:	2a00      	cmp	r2, #0
10005416:	d006      	beq.n	10005426 <tud_task+0x46e>
10005418:	4a85      	ldr	r2, [pc, #532]	; (10005630 <tud_task+0x678>)
1000541a:	7812      	ldrb	r2, [r2, #0]
1000541c:	4293      	cmp	r3, r2
1000541e:	d200      	bcs.n	10005422 <tud_task+0x46a>
10005420:	e0d0      	b.n	100055c4 <tud_task+0x60c>
10005422:	1a9b      	subs	r3, r3, r2
10005424:	b2db      	uxtb	r3, r3
10005426:	2b00      	cmp	r3, #0
10005428:	d000      	beq.n	1000542c <tud_task+0x474>
1000542a:	e652      	b.n	100050d2 <tud_task+0x11a>
1000542c:	4883      	ldr	r0, [pc, #524]	; (1000563c <tud_task+0x684>)
1000542e:	4d81      	ldr	r5, [pc, #516]	; (10005634 <tud_task+0x67c>)
10005430:	f000 fca2 	bl	10005d78 <usbd_control_set_complete_callback>
10005434:	2100      	movs	r1, #0
10005436:	4650      	mov	r0, sl
10005438:	68eb      	ldr	r3, [r5, #12]
1000543a:	aa08      	add	r2, sp, #32
1000543c:	4798      	blx	r3
1000543e:	e73b      	b.n	100052b8 <tud_task+0x300>
10005440:	2a00      	cmp	r2, #0
10005442:	d000      	beq.n	10005446 <tud_task+0x48e>
10005444:	e645      	b.n	100050d2 <tud_task+0x11a>
10005446:	2300      	movs	r3, #0
10005448:	9301      	str	r3, [sp, #4]
1000544a:	e77f      	b.n	1000534c <tud_task+0x394>
1000544c:	0043      	lsls	r3, r0, #1
1000544e:	469c      	mov	ip, r3
10005450:	4b79      	ldr	r3, [pc, #484]	; (10005638 <tud_task+0x680>)
10005452:	4460      	add	r0, ip
10005454:	681b      	ldr	r3, [r3, #0]
10005456:	00c0      	lsls	r0, r0, #3
10005458:	469c      	mov	ip, r3
1000545a:	0003      	movs	r3, r0
1000545c:	4463      	add	r3, ip
1000545e:	9301      	str	r3, [sp, #4]
10005460:	2a00      	cmp	r2, #0
10005462:	d100      	bne.n	10005466 <tud_task+0x4ae>
10005464:	e772      	b.n	1000534c <tud_task+0x394>
10005466:	2b00      	cmp	r3, #0
10005468:	d100      	bne.n	1000546c <tud_task+0x4b4>
1000546a:	e632      	b.n	100050d2 <tud_task+0x11a>
1000546c:	68d8      	ldr	r0, [r3, #12]
1000546e:	f000 fc83 	bl	10005d78 <usbd_control_set_complete_callback>
10005472:	9b01      	ldr	r3, [sp, #4]
10005474:	2100      	movs	r1, #0
10005476:	4650      	mov	r0, sl
10005478:	68db      	ldr	r3, [r3, #12]
1000547a:	aa08      	add	r2, sp, #32
1000547c:	4798      	blx	r3
1000547e:	e71b      	b.n	100052b8 <tud_task+0x300>
10005480:	4a6d      	ldr	r2, [pc, #436]	; (10005638 <tud_task+0x680>)
10005482:	005d      	lsls	r5, r3, #1
10005484:	18eb      	adds	r3, r5, r3
10005486:	6815      	ldr	r5, [r2, #0]
10005488:	00db      	lsls	r3, r3, #3
1000548a:	18ed      	adds	r5, r5, r3
1000548c:	2d00      	cmp	r5, #0
1000548e:	d100      	bne.n	10005492 <tud_task+0x4da>
10005490:	e61f      	b.n	100050d2 <tud_task+0x11a>
10005492:	68e8      	ldr	r0, [r5, #12]
10005494:	e796      	b.n	100053c4 <tud_task+0x40c>
10005496:	88e3      	ldrh	r3, [r4, #6]
10005498:	2b01      	cmp	r3, #1
1000549a:	d000      	beq.n	1000549e <tud_task+0x4e6>
1000549c:	e619      	b.n	100050d2 <tud_task+0x11a>
1000549e:	2208      	movs	r2, #8
100054a0:	783b      	ldrb	r3, [r7, #0]
100054a2:	4650      	mov	r0, sl
100054a4:	4393      	bics	r3, r2
100054a6:	a908      	add	r1, sp, #32
100054a8:	703b      	strb	r3, [r7, #0]
100054aa:	f000 fbe5 	bl	10005c78 <tud_control_status>
100054ae:	e593      	b.n	10004fd8 <tud_task+0x20>
100054b0:	2002      	movs	r0, #2
100054b2:	7839      	ldrb	r1, [r7, #0]
100054b4:	ab06      	add	r3, sp, #24
100054b6:	1c9a      	adds	r2, r3, #2
100054b8:	068b      	lsls	r3, r1, #26
100054ba:	0889      	lsrs	r1, r1, #2
100054bc:	0fdb      	lsrs	r3, r3, #31
100054be:	4001      	ands	r1, r0
100054c0:	430b      	orrs	r3, r1
100054c2:	e759      	b.n	10005378 <tud_task+0x3c0>
100054c4:	79a3      	ldrb	r3, [r4, #6]
100054c6:	9301      	str	r3, [sp, #4]
100054c8:	001a      	movs	r2, r3
100054ca:	787b      	ldrb	r3, [r7, #1]
100054cc:	429a      	cmp	r2, r3
100054ce:	d007      	beq.n	100054e0 <tud_task+0x528>
100054d0:	787b      	ldrb	r3, [r7, #1]
100054d2:	2b00      	cmp	r3, #0
100054d4:	d000      	beq.n	100054d8 <tud_task+0x520>
100054d6:	e11e      	b.n	10005716 <tud_task+0x75e>
100054d8:	9b01      	ldr	r3, [sp, #4]
100054da:	2b00      	cmp	r3, #0
100054dc:	d000      	beq.n	100054e0 <tud_task+0x528>
100054de:	e0b3      	b.n	10005648 <tud_task+0x690>
100054e0:	9b01      	ldr	r3, [sp, #4]
100054e2:	4650      	mov	r0, sl
100054e4:	a908      	add	r1, sp, #32
100054e6:	707b      	strb	r3, [r7, #1]
100054e8:	f000 fbc6 	bl	10005c78 <tud_control_status>
100054ec:	e574      	b.n	10004fd8 <tud_task+0x20>
100054ee:	787b      	ldrb	r3, [r7, #1]
100054f0:	aa06      	add	r2, sp, #24
100054f2:	3202      	adds	r2, #2
100054f4:	7013      	strb	r3, [r2, #0]
100054f6:	4650      	mov	r0, sl
100054f8:	2301      	movs	r3, #1
100054fa:	a908      	add	r1, sp, #32
100054fc:	f000 fbd4 	bl	10005ca8 <tud_control_xfer>
10005500:	e56a      	b.n	10004fd8 <tud_task+0x20>
10005502:	88e0      	ldrh	r0, [r4, #6]
10005504:	0a03      	lsrs	r3, r0, #8
10005506:	b2c0      	uxtb	r0, r0
10005508:	2b0f      	cmp	r3, #15
1000550a:	d900      	bls.n	1000550e <tud_task+0x556>
1000550c:	e5e1      	b.n	100050d2 <tud_task+0x11a>
1000550e:	494c      	ldr	r1, [pc, #304]	; (10005640 <tud_task+0x688>)
10005510:	009a      	lsls	r2, r3, #2
10005512:	588a      	ldr	r2, [r1, r2]
10005514:	4697      	mov	pc, r2
10005516:	a808      	add	r0, sp, #32
10005518:	f000 fc34 	bl	10005d84 <usbd_control_set_request>
1000551c:	4650      	mov	r0, sl
1000551e:	79a1      	ldrb	r1, [r4, #6]
10005520:	f7ff f900 	bl	10004724 <dcd_set_address>
10005524:	2202      	movs	r2, #2
10005526:	783b      	ldrb	r3, [r7, #0]
10005528:	4313      	orrs	r3, r2
1000552a:	703b      	strb	r3, [r7, #0]
1000552c:	e554      	b.n	10004fd8 <tud_task+0x20>
1000552e:	88e3      	ldrh	r3, [r4, #6]
10005530:	2b01      	cmp	r3, #1
10005532:	d000      	beq.n	10005536 <tud_task+0x57e>
10005534:	e5cd      	b.n	100050d2 <tud_task+0x11a>
10005536:	2208      	movs	r2, #8
10005538:	783b      	ldrb	r3, [r7, #0]
1000553a:	4650      	mov	r0, sl
1000553c:	4313      	orrs	r3, r2
1000553e:	a908      	add	r1, sp, #32
10005540:	703b      	strb	r3, [r7, #0]
10005542:	f000 fb99 	bl	10005c78 <tud_control_status>
10005546:	e547      	b.n	10004fd8 <tud_task+0x20>
10005548:	2b02      	cmp	r3, #2
1000554a:	d100      	bne.n	1000554e <tud_task+0x596>
1000554c:	e194      	b.n	10005878 <tud_task+0x8c0>
1000554e:	4b3d      	ldr	r3, [pc, #244]	; (10005644 <tud_task+0x68c>)
10005550:	2b00      	cmp	r3, #0
10005552:	d100      	bne.n	10005556 <tud_task+0x59e>
10005554:	e5bd      	b.n	100050d2 <tud_task+0x11a>
10005556:	e000      	b.n	1000555a <tud_task+0x5a2>
10005558:	bf00      	nop
1000555a:	0002      	movs	r2, r0
1000555c:	2a00      	cmp	r2, #0
1000555e:	d100      	bne.n	10005562 <tud_task+0x5aa>
10005560:	e5b7      	b.n	100050d2 <tud_task+0x11a>
10005562:	78d3      	ldrb	r3, [r2, #3]
10005564:	7891      	ldrb	r1, [r2, #2]
10005566:	021b      	lsls	r3, r3, #8
10005568:	430b      	orrs	r3, r1
1000556a:	4650      	mov	r0, sl
1000556c:	a908      	add	r1, sp, #32
1000556e:	f000 fb9b 	bl	10005ca8 <tud_control_xfer>
10005572:	e6a1      	b.n	100052b8 <tud_task+0x300>
10005574:	4b2f      	ldr	r3, [pc, #188]	; (10005634 <tud_task+0x67c>)
10005576:	4831      	ldr	r0, [pc, #196]	; (1000563c <tud_task+0x684>)
10005578:	9301      	str	r3, [sp, #4]
1000557a:	e778      	b.n	1000546e <tud_task+0x4b6>
1000557c:	88e2      	ldrh	r2, [r4, #6]
1000557e:	2a00      	cmp	r2, #0
10005580:	d109      	bne.n	10005596 <tud_task+0x5de>
10005582:	4643      	mov	r3, r8
10005584:	2b01      	cmp	r3, #1
10005586:	d03d      	beq.n	10005604 <tud_task+0x64c>
10005588:	9b00      	ldr	r3, [sp, #0]
1000558a:	18fb      	adds	r3, r7, r3
1000558c:	195d      	adds	r5, r3, r5
1000558e:	3530      	adds	r5, #48	; 0x30
10005590:	78eb      	ldrb	r3, [r5, #3]
10005592:	079b      	lsls	r3, r3, #30
10005594:	d52a      	bpl.n	100055ec <tud_task+0x634>
10005596:	9d01      	ldr	r5, [sp, #4]
10005598:	2d00      	cmp	r5, #0
1000559a:	d100      	bne.n	1000559e <tud_task+0x5e6>
1000559c:	e51c      	b.n	10004fd8 <tud_task+0x20>
1000559e:	68eb      	ldr	r3, [r5, #12]
100055a0:	0018      	movs	r0, r3
100055a2:	9300      	str	r3, [sp, #0]
100055a4:	f000 fbe8 	bl	10005d78 <usbd_control_set_complete_callback>
100055a8:	68eb      	ldr	r3, [r5, #12]
100055aa:	2100      	movs	r1, #0
100055ac:	aa08      	add	r2, sp, #32
100055ae:	4650      	mov	r0, sl
100055b0:	4798      	blx	r3
100055b2:	2000      	movs	r0, #0
100055b4:	f000 fbe0 	bl	10005d78 <usbd_control_set_complete_callback>
100055b8:	2334      	movs	r3, #52	; 0x34
100055ba:	5cfb      	ldrb	r3, [r7, r3]
100055bc:	07db      	lsls	r3, r3, #31
100055be:	d500      	bpl.n	100055c2 <tud_task+0x60a>
100055c0:	e50a      	b.n	10004fd8 <tud_task+0x20>
100055c2:	e71b      	b.n	100053fc <tud_task+0x444>
100055c4:	4a1c      	ldr	r2, [pc, #112]	; (10005638 <tud_task+0x680>)
100055c6:	005d      	lsls	r5, r3, #1
100055c8:	18eb      	adds	r3, r5, r3
100055ca:	6815      	ldr	r5, [r2, #0]
100055cc:	00db      	lsls	r3, r3, #3
100055ce:	18ed      	adds	r5, r5, r3
100055d0:	2d00      	cmp	r5, #0
100055d2:	d100      	bne.n	100055d6 <tud_task+0x61e>
100055d4:	e57d      	b.n	100050d2 <tud_task+0x11a>
100055d6:	68e8      	ldr	r0, [r5, #12]
100055d8:	e72a      	b.n	10005430 <tud_task+0x478>
100055da:	ab06      	add	r3, sp, #24
100055dc:	1c9a      	adds	r2, r3, #2
100055de:	4650      	mov	r0, sl
100055e0:	2301      	movs	r3, #1
100055e2:	a908      	add	r1, sp, #32
100055e4:	7015      	strb	r5, [r2, #0]
100055e6:	f000 fb5f 	bl	10005ca8 <tud_control_xfer>
100055ea:	e4f5      	b.n	10004fd8 <tud_task+0x20>
100055ec:	4650      	mov	r0, sl
100055ee:	f7ff fa43 	bl	10004a78 <dcd_edpt_stall>
100055f2:	2202      	movs	r2, #2
100055f4:	78eb      	ldrb	r3, [r5, #3]
100055f6:	4313      	orrs	r3, r2
100055f8:	2201      	movs	r2, #1
100055fa:	70eb      	strb	r3, [r5, #3]
100055fc:	78eb      	ldrb	r3, [r5, #3]
100055fe:	4313      	orrs	r3, r2
10005600:	70eb      	strb	r3, [r5, #3]
10005602:	e7c8      	b.n	10005596 <tud_task+0x5de>
10005604:	9b00      	ldr	r3, [sp, #0]
10005606:	18fb      	adds	r3, r7, r3
10005608:	195d      	adds	r5, r3, r5
1000560a:	3530      	adds	r5, #48	; 0x30
1000560c:	78eb      	ldrb	r3, [r5, #3]
1000560e:	079b      	lsls	r3, r3, #30
10005610:	d5c1      	bpl.n	10005596 <tud_task+0x5de>
10005612:	4650      	mov	r0, sl
10005614:	f7ff fa4c 	bl	10004ab0 <dcd_edpt_clear_stall>
10005618:	464a      	mov	r2, r9
1000561a:	78eb      	ldrb	r3, [r5, #3]
1000561c:	4393      	bics	r3, r2
1000561e:	4642      	mov	r2, r8
10005620:	70eb      	strb	r3, [r5, #3]
10005622:	78eb      	ldrb	r3, [r5, #3]
10005624:	4393      	bics	r3, r2
10005626:	70eb      	strb	r3, [r5, #3]
10005628:	e7b5      	b.n	10005596 <tud_task+0x5de>
1000562a:	46c0      	nop			; (mov r8, r8)
1000562c:	100041f1 	.word	0x100041f1
10005630:	20002646 	.word	0x20002646
10005634:	10007e24 	.word	0x10007e24
10005638:	20001ae8 	.word	0x20001ae8
1000563c:	100061a5 	.word	0x100061a5
10005640:	10007de4 	.word	0x10007de4
10005644:	00000000 	.word	0x00000000
10005648:	1e58      	subs	r0, r3, #1
1000564a:	b2c0      	uxtb	r0, r0
1000564c:	f7fe ff18 	bl	10004480 <tud_descriptor_configuration_cb>
10005650:	2800      	cmp	r0, #0
10005652:	d100      	bne.n	10005656 <tud_task+0x69e>
10005654:	e53d      	b.n	100050d2 <tud_task+0x11a>
10005656:	7843      	ldrb	r3, [r0, #1]
10005658:	9304      	str	r3, [sp, #16]
1000565a:	2b02      	cmp	r3, #2
1000565c:	d000      	beq.n	10005660 <tud_task+0x6a8>
1000565e:	e538      	b.n	100050d2 <tud_task+0x11a>
10005660:	2101      	movs	r1, #1
10005662:	79c3      	ldrb	r3, [r0, #7]
10005664:	119a      	asrs	r2, r3, #6
10005666:	115b      	asrs	r3, r3, #5
10005668:	400a      	ands	r2, r1
1000566a:	400b      	ands	r3, r1
1000566c:	0152      	lsls	r2, r2, #5
1000566e:	011b      	lsls	r3, r3, #4
10005670:	4313      	orrs	r3, r2
10005672:	783a      	ldrb	r2, [r7, #0]
10005674:	312f      	adds	r1, #47	; 0x2f
10005676:	438a      	bics	r2, r1
10005678:	4313      	orrs	r3, r2
1000567a:	703b      	strb	r3, [r7, #0]
1000567c:	2309      	movs	r3, #9
1000567e:	4699      	mov	r9, r3
10005680:	78c3      	ldrb	r3, [r0, #3]
10005682:	7882      	ldrb	r2, [r0, #2]
10005684:	021b      	lsls	r3, r3, #8
10005686:	4313      	orrs	r3, r2
10005688:	18c3      	adds	r3, r0, r3
1000568a:	4481      	add	r9, r0
1000568c:	9303      	str	r3, [sp, #12]
1000568e:	9b03      	ldr	r3, [sp, #12]
10005690:	454b      	cmp	r3, r9
10005692:	d800      	bhi.n	10005696 <tud_task+0x6de>
10005694:	e0e9      	b.n	1000586a <tud_task+0x8b2>
10005696:	464b      	mov	r3, r9
10005698:	2201      	movs	r2, #1
1000569a:	785b      	ldrb	r3, [r3, #1]
1000569c:	9200      	str	r2, [sp, #0]
1000569e:	2b0b      	cmp	r3, #11
100056a0:	d107      	bne.n	100056b2 <tud_task+0x6fa>
100056a2:	464b      	mov	r3, r9
100056a4:	78db      	ldrb	r3, [r3, #3]
100056a6:	9300      	str	r3, [sp, #0]
100056a8:	464b      	mov	r3, r9
100056aa:	781b      	ldrb	r3, [r3, #0]
100056ac:	4499      	add	r9, r3
100056ae:	464b      	mov	r3, r9
100056b0:	785b      	ldrb	r3, [r3, #1]
100056b2:	2b04      	cmp	r3, #4
100056b4:	d000      	beq.n	100056b8 <tud_task+0x700>
100056b6:	e50c      	b.n	100050d2 <tud_task+0x11a>
100056b8:	464a      	mov	r2, r9
100056ba:	9b03      	ldr	r3, [sp, #12]
100056bc:	2500      	movs	r5, #0
100056be:	1a9b      	subs	r3, r3, r2
100056c0:	b29b      	uxth	r3, r3
100056c2:	9302      	str	r3, [sp, #8]
100056c4:	4a6e      	ldr	r2, [pc, #440]	; (10005880 <tud_task+0x8c8>)
100056c6:	4b6f      	ldr	r3, [pc, #444]	; (10005884 <tud_task+0x8cc>)
100056c8:	781b      	ldrb	r3, [r3, #0]
100056ca:	2a00      	cmp	r2, #0
100056cc:	d116      	bne.n	100056fc <tud_task+0x744>
100056ce:	e062      	b.n	10005796 <tud_task+0x7de>
100056d0:	42ab      	cmp	r3, r5
100056d2:	d171      	bne.n	100057b8 <tud_task+0x800>
100056d4:	4a6c      	ldr	r2, [pc, #432]	; (10005888 <tud_task+0x8d0>)
100056d6:	4b6d      	ldr	r3, [pc, #436]	; (1000588c <tud_task+0x8d4>)
100056d8:	4690      	mov	r8, r2
100056da:	4649      	mov	r1, r9
100056dc:	4650      	mov	r0, sl
100056de:	9a02      	ldr	r2, [sp, #8]
100056e0:	4798      	blx	r3
100056e2:	4684      	mov	ip, r0
100056e4:	2808      	cmp	r0, #8
100056e6:	d902      	bls.n	100056ee <tud_task+0x736>
100056e8:	9a02      	ldr	r2, [sp, #8]
100056ea:	4282      	cmp	r2, r0
100056ec:	d269      	bcs.n	100057c2 <tud_task+0x80a>
100056ee:	4b65      	ldr	r3, [pc, #404]	; (10005884 <tud_task+0x8cc>)
100056f0:	3501      	adds	r5, #1
100056f2:	781b      	ldrb	r3, [r3, #0]
100056f4:	b2ed      	uxtb	r5, r5
100056f6:	42ab      	cmp	r3, r5
100056f8:	d200      	bcs.n	100056fc <tud_task+0x744>
100056fa:	e4ea      	b.n	100050d2 <tud_task+0x11a>
100056fc:	42ab      	cmp	r3, r5
100056fe:	d9e7      	bls.n	100056d0 <tud_task+0x718>
10005700:	4a63      	ldr	r2, [pc, #396]	; (10005890 <tud_task+0x8d8>)
10005702:	006b      	lsls	r3, r5, #1
10005704:	6812      	ldr	r2, [r2, #0]
10005706:	195b      	adds	r3, r3, r5
10005708:	4690      	mov	r8, r2
1000570a:	00db      	lsls	r3, r3, #3
1000570c:	4498      	add	r8, r3
1000570e:	4643      	mov	r3, r8
10005710:	9205      	str	r2, [sp, #20]
10005712:	689b      	ldr	r3, [r3, #8]
10005714:	e7e1      	b.n	100056da <tud_task+0x722>
10005716:	4650      	mov	r0, sl
10005718:	f7ff f93e 	bl	10004998 <dcd_edpt_close_all>
1000571c:	78bb      	ldrb	r3, [r7, #2]
1000571e:	4d59      	ldr	r5, [pc, #356]	; (10005884 <tud_task+0x8cc>)
10005720:	4a57      	ldr	r2, [pc, #348]	; (10005880 <tud_task+0x8c8>)
10005722:	9300      	str	r3, [sp, #0]
10005724:	2100      	movs	r1, #0
10005726:	782b      	ldrb	r3, [r5, #0]
10005728:	2a00      	cmp	r2, #0
1000572a:	d02d      	beq.n	10005788 <tud_task+0x7d0>
1000572c:	4a58      	ldr	r2, [pc, #352]	; (10005890 <tud_task+0x8d8>)
1000572e:	4690      	mov	r8, r2
10005730:	002a      	movs	r2, r5
10005732:	000d      	movs	r5, r1
10005734:	4691      	mov	r9, r2
10005736:	429d      	cmp	r5, r3
10005738:	d31d      	bcc.n	10005776 <tud_task+0x7be>
1000573a:	d000      	beq.n	1000573e <tud_task+0x786>
1000573c:	e5a0      	b.n	10005280 <tud_task+0x2c8>
1000573e:	4b55      	ldr	r3, [pc, #340]	; (10005894 <tud_task+0x8dc>)
10005740:	4650      	mov	r0, sl
10005742:	4798      	blx	r3
10005744:	464b      	mov	r3, r9
10005746:	3501      	adds	r5, #1
10005748:	781b      	ldrb	r3, [r3, #0]
1000574a:	b2ed      	uxtb	r5, r5
1000574c:	42ab      	cmp	r3, r5
1000574e:	d2f2      	bcs.n	10005736 <tud_task+0x77e>
10005750:	2253      	movs	r2, #83	; 0x53
10005752:	2100      	movs	r1, #0
10005754:	0038      	movs	r0, r7
10005756:	f7fe fadb 	bl	10003d10 <__wrap_memset>
1000575a:	2210      	movs	r2, #16
1000575c:	21ff      	movs	r1, #255	; 0xff
1000575e:	1cf8      	adds	r0, r7, #3
10005760:	f7fe fad6 	bl	10003d10 <__wrap_memset>
10005764:	0038      	movs	r0, r7
10005766:	2220      	movs	r2, #32
10005768:	21ff      	movs	r1, #255	; 0xff
1000576a:	3013      	adds	r0, #19
1000576c:	f7fe fad0 	bl	10003d10 <__wrap_memset>
10005770:	9b00      	ldr	r3, [sp, #0]
10005772:	70bb      	strb	r3, [r7, #2]
10005774:	e6b0      	b.n	100054d8 <tud_task+0x520>
10005776:	4642      	mov	r2, r8
10005778:	6812      	ldr	r2, [r2, #0]
1000577a:	006b      	lsls	r3, r5, #1
1000577c:	4694      	mov	ip, r2
1000577e:	195b      	adds	r3, r3, r5
10005780:	00db      	lsls	r3, r3, #3
10005782:	4463      	add	r3, ip
10005784:	685b      	ldr	r3, [r3, #4]
10005786:	e7db      	b.n	10005740 <tud_task+0x788>
10005788:	4650      	mov	r0, sl
1000578a:	f000 fc83 	bl	10006094 <cdcd_reset>
1000578e:	782b      	ldrb	r3, [r5, #0]
10005790:	2b00      	cmp	r3, #0
10005792:	d0dd      	beq.n	10005750 <tud_task+0x798>
10005794:	e574      	b.n	10005280 <tud_task+0x2c8>
10005796:	9b02      	ldr	r3, [sp, #8]
10005798:	4649      	mov	r1, r9
1000579a:	001a      	movs	r2, r3
1000579c:	4650      	mov	r0, sl
1000579e:	4698      	mov	r8, r3
100057a0:	f000 fc8e 	bl	100060c0 <cdcd_open>
100057a4:	4684      	mov	ip, r0
100057a6:	2808      	cmp	r0, #8
100057a8:	d901      	bls.n	100057ae <tud_task+0x7f6>
100057aa:	4540      	cmp	r0, r8
100057ac:	d907      	bls.n	100057be <tud_task+0x806>
100057ae:	4b35      	ldr	r3, [pc, #212]	; (10005884 <tud_task+0x8cc>)
100057b0:	781b      	ldrb	r3, [r3, #0]
100057b2:	2b00      	cmp	r3, #0
100057b4:	d100      	bne.n	100057b8 <tud_task+0x800>
100057b6:	e48c      	b.n	100050d2 <tud_task+0x11a>
100057b8:	2300      	movs	r3, #0
100057ba:	689b      	ldr	r3, [r3, #8]
100057bc:	deff      	udf	#255	; 0xff
100057be:	4b32      	ldr	r3, [pc, #200]	; (10005888 <tud_task+0x8d0>)
100057c0:	4698      	mov	r8, r3
100057c2:	9b00      	ldr	r3, [sp, #0]
100057c4:	2b01      	cmp	r3, #1
100057c6:	d048      	beq.n	1000585a <tud_task+0x8a2>
100057c8:	9b00      	ldr	r3, [sp, #0]
100057ca:	2b00      	cmp	r3, #0
100057cc:	d010      	beq.n	100057f0 <tud_task+0x838>
100057ce:	464b      	mov	r3, r9
100057d0:	7899      	ldrb	r1, [r3, #2]
100057d2:	2300      	movs	r3, #0
100057d4:	e005      	b.n	100057e2 <tud_task+0x82a>
100057d6:	70d5      	strb	r5, [r2, #3]
100057d8:	3301      	adds	r3, #1
100057da:	9a00      	ldr	r2, [sp, #0]
100057dc:	b2db      	uxtb	r3, r3
100057de:	4293      	cmp	r3, r2
100057e0:	d206      	bcs.n	100057f0 <tud_task+0x838>
100057e2:	18ca      	adds	r2, r1, r3
100057e4:	b2d2      	uxtb	r2, r2
100057e6:	18ba      	adds	r2, r7, r2
100057e8:	78d0      	ldrb	r0, [r2, #3]
100057ea:	28ff      	cmp	r0, #255	; 0xff
100057ec:	d0f3      	beq.n	100057d6 <tud_task+0x81e>
100057ee:	e470      	b.n	100050d2 <tud_task+0x11a>
100057f0:	0038      	movs	r0, r7
100057f2:	46e0      	mov	r8, ip
100057f4:	002b      	movs	r3, r5
100057f6:	4649      	mov	r1, r9
100057f8:	4662      	mov	r2, ip
100057fa:	3013      	adds	r0, #19
100057fc:	f000 fe2e 	bl	1000645c <tu_edpt_bind_driver>
10005800:	4b20      	ldr	r3, [pc, #128]	; (10005884 <tud_task+0x8cc>)
10005802:	44c1      	add	r9, r8
10005804:	781b      	ldrb	r3, [r3, #0]
10005806:	42ab      	cmp	r3, r5
10005808:	d300      	bcc.n	1000580c <tud_task+0x854>
1000580a:	e740      	b.n	1000568e <tud_task+0x6d6>
1000580c:	e461      	b.n	100050d2 <tud_task+0x11a>
1000580e:	4b22      	ldr	r3, [pc, #136]	; (10005898 <tud_task+0x8e0>)
10005810:	2b00      	cmp	r3, #0
10005812:	d100      	bne.n	10005816 <tud_task+0x85e>
10005814:	e45d      	b.n	100050d2 <tud_task+0x11a>
10005816:	e000      	b.n	1000581a <tud_task+0x862>
10005818:	bf00      	nop
1000581a:	0002      	movs	r2, r0
1000581c:	e6a1      	b.n	10005562 <tud_task+0x5aa>
1000581e:	f7fe fe2b 	bl	10004478 <tud_descriptor_device_cb>
10005822:	2312      	movs	r3, #18
10005824:	0002      	movs	r2, r0
10005826:	a908      	add	r1, sp, #32
10005828:	4650      	mov	r0, sl
1000582a:	f000 fa3d 	bl	10005ca8 <tud_control_xfer>
1000582e:	e543      	b.n	100052b8 <tud_task+0x300>
10005830:	4b1a      	ldr	r3, [pc, #104]	; (1000589c <tud_task+0x8e4>)
10005832:	2b00      	cmp	r3, #0
10005834:	d100      	bne.n	10005838 <tud_task+0x880>
10005836:	e44c      	b.n	100050d2 <tud_task+0x11a>
10005838:	e000      	b.n	1000583c <tud_task+0x884>
1000583a:	bf00      	nop
1000583c:	1e02      	subs	r2, r0, #0
1000583e:	d100      	bne.n	10005842 <tud_task+0x88a>
10005840:	e447      	b.n	100050d2 <tud_task+0x11a>
10005842:	4650      	mov	r0, sl
10005844:	7813      	ldrb	r3, [r2, #0]
10005846:	a908      	add	r1, sp, #32
10005848:	f000 fa2e 	bl	10005ca8 <tud_control_xfer>
1000584c:	e534      	b.n	100052b8 <tud_task+0x300>
1000584e:	8921      	ldrh	r1, [r4, #8]
10005850:	f7fe fe1a 	bl	10004488 <tud_descriptor_string_cb>
10005854:	1e02      	subs	r2, r0, #0
10005856:	d1f4      	bne.n	10005842 <tud_task+0x88a>
10005858:	e43b      	b.n	100050d2 <tud_task+0x11a>
1000585a:	4642      	mov	r2, r8
1000585c:	4b0b      	ldr	r3, [pc, #44]	; (1000588c <tud_task+0x8d4>)
1000585e:	6892      	ldr	r2, [r2, #8]
10005860:	429a      	cmp	r2, r3
10005862:	d1b4      	bne.n	100057ce <tud_task+0x816>
10005864:	9b04      	ldr	r3, [sp, #16]
10005866:	9300      	str	r3, [sp, #0]
10005868:	e7b1      	b.n	100057ce <tud_task+0x816>
1000586a:	4b0d      	ldr	r3, [pc, #52]	; (100058a0 <tud_task+0x8e8>)
1000586c:	2b00      	cmp	r3, #0
1000586e:	d100      	bne.n	10005872 <tud_task+0x8ba>
10005870:	e636      	b.n	100054e0 <tud_task+0x528>
10005872:	e000      	b.n	10005876 <tud_task+0x8be>
10005874:	bf00      	nop
10005876:	e633      	b.n	100054e0 <tud_task+0x528>
10005878:	f7fe fe02 	bl	10004480 <tud_descriptor_configuration_cb>
1000587c:	0002      	movs	r2, r0
1000587e:	e66d      	b.n	1000555c <tud_task+0x5a4>
10005880:	100041f1 	.word	0x100041f1
10005884:	20002646 	.word	0x20002646
10005888:	10007e24 	.word	0x10007e24
1000588c:	100060c1 	.word	0x100060c1
10005890:	20001ae8 	.word	0x20001ae8
10005894:	10006095 	.word	0x10006095
	...

100058a4 <dcd_event_bus_signal>:
100058a4:	b530      	push	{r4, r5, lr}
100058a6:	b087      	sub	sp, #28
100058a8:	0005      	movs	r5, r0
100058aa:	000c      	movs	r4, r1
100058ac:	220c      	movs	r2, #12
100058ae:	2100      	movs	r1, #0
100058b0:	4668      	mov	r0, sp
100058b2:	f7fe fa2d 	bl	10003d10 <__wrap_memset>
100058b6:	466b      	mov	r3, sp
100058b8:	701d      	strb	r5, [r3, #0]
100058ba:	705c      	strb	r4, [r3, #1]
100058bc:	2c04      	cmp	r4, #4
100058be:	d04f      	beq.n	10005960 <dcd_event_bus_signal+0xbc>
100058c0:	d809      	bhi.n	100058d6 <dcd_event_bus_signal+0x32>
100058c2:	2c02      	cmp	r4, #2
100058c4:	d034      	beq.n	10005930 <dcd_event_bus_signal+0x8c>
100058c6:	2c03      	cmp	r4, #3
100058c8:	d119      	bne.n	100058fe <dcd_event_bus_signal+0x5a>
100058ca:	4b3c      	ldr	r3, [pc, #240]	; (100059bc <dcd_event_bus_signal+0x118>)
100058cc:	781a      	ldrb	r2, [r3, #0]
100058ce:	0752      	lsls	r2, r2, #29
100058d0:	d458      	bmi.n	10005984 <dcd_event_bus_signal+0xe0>
100058d2:	b007      	add	sp, #28
100058d4:	bd30      	pop	{r4, r5, pc}
100058d6:	2c05      	cmp	r4, #5
100058d8:	d111      	bne.n	100058fe <dcd_event_bus_signal+0x5a>
100058da:	4b38      	ldr	r3, [pc, #224]	; (100059bc <dcd_event_bus_signal+0x118>)
100058dc:	781a      	ldrb	r2, [r3, #0]
100058de:	07d2      	lsls	r2, r2, #31
100058e0:	d5f7      	bpl.n	100058d2 <dcd_event_bus_signal+0x2e>
100058e2:	2104      	movs	r1, #4
100058e4:	781a      	ldrb	r2, [r3, #0]
100058e6:	438a      	bics	r2, r1
100058e8:	701a      	strb	r2, [r3, #0]
100058ea:	4b35      	ldr	r3, [pc, #212]	; (100059c0 <dcd_event_bus_signal+0x11c>)
100058ec:	681c      	ldr	r4, [r3, #0]
100058ee:	69e2      	ldr	r2, [r4, #28]
100058f0:	f3ef 8110 	mrs	r1, PRIMASK
100058f4:	b672      	cpsid	i
100058f6:	6813      	ldr	r3, [r2, #0]
100058f8:	2b00      	cmp	r3, #0
100058fa:	d109      	bne.n	10005910 <dcd_event_bus_signal+0x6c>
100058fc:	e7fb      	b.n	100058f6 <dcd_event_bus_signal+0x52>
100058fe:	4b30      	ldr	r3, [pc, #192]	; (100059c0 <dcd_event_bus_signal+0x11c>)
10005900:	681c      	ldr	r4, [r3, #0]
10005902:	69e2      	ldr	r2, [r4, #28]
10005904:	f3ef 8110 	mrs	r1, PRIMASK
10005908:	b672      	cpsid	i
1000590a:	6813      	ldr	r3, [r2, #0]
1000590c:	2b00      	cmp	r3, #0
1000590e:	d0fc      	beq.n	1000590a <dcd_event_bus_signal+0x66>
10005910:	f3bf 8f5f 	dmb	sy
10005914:	6221      	str	r1, [r4, #32]
10005916:	4669      	mov	r1, sp
10005918:	0020      	movs	r0, r4
1000591a:	f000 fee5 	bl	100066e8 <tu_fifo_write>
1000591e:	69e2      	ldr	r2, [r4, #28]
10005920:	6a23      	ldr	r3, [r4, #32]
10005922:	f3bf 8f5f 	dmb	sy
10005926:	2100      	movs	r1, #0
10005928:	6011      	str	r1, [r2, #0]
1000592a:	f383 8810 	msr	PRIMASK, r3
1000592e:	e7d0      	b.n	100058d2 <dcd_event_bus_signal+0x2e>
10005930:	2101      	movs	r1, #1
10005932:	4b22      	ldr	r3, [pc, #136]	; (100059bc <dcd_event_bus_signal+0x118>)
10005934:	781a      	ldrb	r2, [r3, #0]
10005936:	438a      	bics	r2, r1
10005938:	701a      	strb	r2, [r3, #0]
1000593a:	781a      	ldrb	r2, [r3, #0]
1000593c:	3103      	adds	r1, #3
1000593e:	43a2      	bics	r2, r4
10005940:	701a      	strb	r2, [r3, #0]
10005942:	2200      	movs	r2, #0
10005944:	705a      	strb	r2, [r3, #1]
10005946:	781a      	ldrb	r2, [r3, #0]
10005948:	438a      	bics	r2, r1
1000594a:	701a      	strb	r2, [r3, #0]
1000594c:	4b1c      	ldr	r3, [pc, #112]	; (100059c0 <dcd_event_bus_signal+0x11c>)
1000594e:	681c      	ldr	r4, [r3, #0]
10005950:	69e2      	ldr	r2, [r4, #28]
10005952:	f3ef 8110 	mrs	r1, PRIMASK
10005956:	b672      	cpsid	i
10005958:	6813      	ldr	r3, [r2, #0]
1000595a:	2b00      	cmp	r3, #0
1000595c:	d1d8      	bne.n	10005910 <dcd_event_bus_signal+0x6c>
1000595e:	e7fb      	b.n	10005958 <dcd_event_bus_signal+0xb4>
10005960:	4b16      	ldr	r3, [pc, #88]	; (100059bc <dcd_event_bus_signal+0x118>)
10005962:	781a      	ldrb	r2, [r3, #0]
10005964:	07d2      	lsls	r2, r2, #31
10005966:	d5b4      	bpl.n	100058d2 <dcd_event_bus_signal+0x2e>
10005968:	2104      	movs	r1, #4
1000596a:	781a      	ldrb	r2, [r3, #0]
1000596c:	430a      	orrs	r2, r1
1000596e:	701a      	strb	r2, [r3, #0]
10005970:	4b13      	ldr	r3, [pc, #76]	; (100059c0 <dcd_event_bus_signal+0x11c>)
10005972:	681c      	ldr	r4, [r3, #0]
10005974:	69e2      	ldr	r2, [r4, #28]
10005976:	f3ef 8110 	mrs	r1, PRIMASK
1000597a:	b672      	cpsid	i
1000597c:	6813      	ldr	r3, [r2, #0]
1000597e:	2b00      	cmp	r3, #0
10005980:	d1c6      	bne.n	10005910 <dcd_event_bus_signal+0x6c>
10005982:	e7fb      	b.n	1000597c <dcd_event_bus_signal+0xd8>
10005984:	2104      	movs	r1, #4
10005986:	781a      	ldrb	r2, [r3, #0]
10005988:	a803      	add	r0, sp, #12
1000598a:	438a      	bics	r2, r1
1000598c:	701a      	strb	r2, [r3, #0]
1000598e:	2100      	movs	r1, #0
10005990:	220c      	movs	r2, #12
10005992:	f7fe f9bd 	bl	10003d10 <__wrap_memset>
10005996:	466b      	mov	r3, sp
10005998:	466a      	mov	r2, sp
1000599a:	731d      	strb	r5, [r3, #12]
1000599c:	2305      	movs	r3, #5
1000599e:	7353      	strb	r3, [r2, #13]
100059a0:	4b07      	ldr	r3, [pc, #28]	; (100059c0 <dcd_event_bus_signal+0x11c>)
100059a2:	681c      	ldr	r4, [r3, #0]
100059a4:	69e2      	ldr	r2, [r4, #28]
100059a6:	f3ef 8110 	mrs	r1, PRIMASK
100059aa:	b672      	cpsid	i
100059ac:	6813      	ldr	r3, [r2, #0]
100059ae:	2b00      	cmp	r3, #0
100059b0:	d0fc      	beq.n	100059ac <dcd_event_bus_signal+0x108>
100059b2:	f3bf 8f5f 	dmb	sy
100059b6:	6221      	str	r1, [r4, #32]
100059b8:	a903      	add	r1, sp, #12
100059ba:	e7ad      	b.n	10005918 <dcd_event_bus_signal+0x74>
100059bc:	20001e20 	.word	0x20001e20
100059c0:	20001e78 	.word	0x20001e78

100059c4 <dcd_event_bus_reset>:
100059c4:	b570      	push	{r4, r5, r6, lr}
100059c6:	b084      	sub	sp, #16
100059c8:	ac01      	add	r4, sp, #4
100059ca:	0006      	movs	r6, r0
100059cc:	000d      	movs	r5, r1
100059ce:	220c      	movs	r2, #12
100059d0:	2100      	movs	r1, #0
100059d2:	0020      	movs	r0, r4
100059d4:	f7fe f99c 	bl	10003d10 <__wrap_memset>
100059d8:	2301      	movs	r3, #1
100059da:	7063      	strb	r3, [r4, #1]
100059dc:	4b0d      	ldr	r3, [pc, #52]	; (10005a14 <dcd_event_bus_reset+0x50>)
100059de:	7125      	strb	r5, [r4, #4]
100059e0:	681d      	ldr	r5, [r3, #0]
100059e2:	7026      	strb	r6, [r4, #0]
100059e4:	69ea      	ldr	r2, [r5, #28]
100059e6:	f3ef 8310 	mrs	r3, PRIMASK
100059ea:	b672      	cpsid	i
100059ec:	6811      	ldr	r1, [r2, #0]
100059ee:	2900      	cmp	r1, #0
100059f0:	d0fc      	beq.n	100059ec <dcd_event_bus_reset+0x28>
100059f2:	f3bf 8f5f 	dmb	sy
100059f6:	622b      	str	r3, [r5, #32]
100059f8:	0021      	movs	r1, r4
100059fa:	0028      	movs	r0, r5
100059fc:	f000 fe74 	bl	100066e8 <tu_fifo_write>
10005a00:	69ea      	ldr	r2, [r5, #28]
10005a02:	6a2b      	ldr	r3, [r5, #32]
10005a04:	f3bf 8f5f 	dmb	sy
10005a08:	2100      	movs	r1, #0
10005a0a:	6011      	str	r1, [r2, #0]
10005a0c:	f383 8810 	msr	PRIMASK, r3
10005a10:	b004      	add	sp, #16
10005a12:	bd70      	pop	{r4, r5, r6, pc}
10005a14:	20001e78 	.word	0x20001e78

10005a18 <dcd_event_setup_received>:
10005a18:	2300      	movs	r3, #0
10005a1a:	b530      	push	{r4, r5, lr}
10005a1c:	b085      	sub	sp, #20
10005a1e:	ad01      	add	r5, sp, #4
10005a20:	806b      	strh	r3, [r5, #2]
10005a22:	7028      	strb	r0, [r5, #0]
10005a24:	3306      	adds	r3, #6
10005a26:	2208      	movs	r2, #8
10005a28:	a802      	add	r0, sp, #8
10005a2a:	706b      	strb	r3, [r5, #1]
10005a2c:	f7fe f976 	bl	10003d1c <__wrap___aeabi_memcpy>
10005a30:	4b0c      	ldr	r3, [pc, #48]	; (10005a64 <dcd_event_setup_received+0x4c>)
10005a32:	681c      	ldr	r4, [r3, #0]
10005a34:	69e2      	ldr	r2, [r4, #28]
10005a36:	f3ef 8310 	mrs	r3, PRIMASK
10005a3a:	b672      	cpsid	i
10005a3c:	6811      	ldr	r1, [r2, #0]
10005a3e:	2900      	cmp	r1, #0
10005a40:	d0fc      	beq.n	10005a3c <dcd_event_setup_received+0x24>
10005a42:	f3bf 8f5f 	dmb	sy
10005a46:	6223      	str	r3, [r4, #32]
10005a48:	0029      	movs	r1, r5
10005a4a:	0020      	movs	r0, r4
10005a4c:	f000 fe4c 	bl	100066e8 <tu_fifo_write>
10005a50:	69e2      	ldr	r2, [r4, #28]
10005a52:	6a23      	ldr	r3, [r4, #32]
10005a54:	f3bf 8f5f 	dmb	sy
10005a58:	2100      	movs	r1, #0
10005a5a:	6011      	str	r1, [r2, #0]
10005a5c:	f383 8810 	msr	PRIMASK, r3
10005a60:	b005      	add	sp, #20
10005a62:	bd30      	pop	{r4, r5, pc}
10005a64:	20001e78 	.word	0x20001e78

10005a68 <dcd_event_xfer_complete>:
10005a68:	b5f0      	push	{r4, r5, r6, r7, lr}
10005a6a:	46c6      	mov	lr, r8
10005a6c:	4680      	mov	r8, r0
10005a6e:	b500      	push	{lr}
10005a70:	b084      	sub	sp, #16
10005a72:	ac01      	add	r4, sp, #4
10005a74:	000f      	movs	r7, r1
10005a76:	0016      	movs	r6, r2
10005a78:	2100      	movs	r1, #0
10005a7a:	2208      	movs	r2, #8
10005a7c:	0020      	movs	r0, r4
10005a7e:	001d      	movs	r5, r3
10005a80:	f7fe f946 	bl	10003d10 <__wrap_memset>
10005a84:	4643      	mov	r3, r8
10005a86:	7023      	strb	r3, [r4, #0]
10005a88:	2307      	movs	r3, #7
10005a8a:	7063      	strb	r3, [r4, #1]
10005a8c:	4b0f      	ldr	r3, [pc, #60]	; (10005acc <dcd_event_xfer_complete+0x64>)
10005a8e:	7165      	strb	r5, [r4, #5]
10005a90:	681d      	ldr	r5, [r3, #0]
10005a92:	7127      	strb	r7, [r4, #4]
10005a94:	60a6      	str	r6, [r4, #8]
10005a96:	69ea      	ldr	r2, [r5, #28]
10005a98:	f3ef 8310 	mrs	r3, PRIMASK
10005a9c:	b672      	cpsid	i
10005a9e:	6811      	ldr	r1, [r2, #0]
10005aa0:	2900      	cmp	r1, #0
10005aa2:	d0fc      	beq.n	10005a9e <dcd_event_xfer_complete+0x36>
10005aa4:	f3bf 8f5f 	dmb	sy
10005aa8:	622b      	str	r3, [r5, #32]
10005aaa:	0021      	movs	r1, r4
10005aac:	0028      	movs	r0, r5
10005aae:	f000 fe1b 	bl	100066e8 <tu_fifo_write>
10005ab2:	69ea      	ldr	r2, [r5, #28]
10005ab4:	6a2b      	ldr	r3, [r5, #32]
10005ab6:	f3bf 8f5f 	dmb	sy
10005aba:	2100      	movs	r1, #0
10005abc:	6011      	str	r1, [r2, #0]
10005abe:	f383 8810 	msr	PRIMASK, r3
10005ac2:	b004      	add	sp, #16
10005ac4:	bc80      	pop	{r7}
10005ac6:	46b8      	mov	r8, r7
10005ac8:	bdf0      	pop	{r4, r5, r6, r7, pc}
10005aca:	46c0      	nop			; (mov r8, r8)
10005acc:	20001e78 	.word	0x20001e78

10005ad0 <usbd_open_edpt_pair>:
10005ad0:	b5f0      	push	{r4, r5, r6, r7, lr}
10005ad2:	4646      	mov	r6, r8
10005ad4:	46d6      	mov	lr, sl
10005ad6:	464f      	mov	r7, r9
10005ad8:	4680      	mov	r8, r0
10005ada:	b5c0      	push	{r6, r7, lr}
10005adc:	000c      	movs	r4, r1
10005ade:	0015      	movs	r5, r2
10005ae0:	001e      	movs	r6, r3
10005ae2:	2a00      	cmp	r2, #0
10005ae4:	d02e      	beq.n	10005b44 <usbd_open_edpt_pair+0x74>
10005ae6:	2370      	movs	r3, #112	; 0x70
10005ae8:	4699      	mov	r9, r3
10005aea:	4b18      	ldr	r3, [pc, #96]	; (10005b4c <usbd_open_edpt_pair+0x7c>)
10005aec:	2700      	movs	r7, #0
10005aee:	469a      	mov	sl, r3
10005af0:	7863      	ldrb	r3, [r4, #1]
10005af2:	2b05      	cmp	r3, #5
10005af4:	d10f      	bne.n	10005b16 <usbd_open_edpt_pair+0x46>
10005af6:	78e1      	ldrb	r1, [r4, #3]
10005af8:	0789      	lsls	r1, r1, #30
10005afa:	0f89      	lsrs	r1, r1, #30
10005afc:	42b1      	cmp	r1, r6
10005afe:	d10a      	bne.n	10005b16 <usbd_open_edpt_pair+0x46>
10005b00:	464a      	mov	r2, r9
10005b02:	78a3      	ldrb	r3, [r4, #2]
10005b04:	421a      	tst	r2, r3
10005b06:	d106      	bne.n	10005b16 <usbd_open_edpt_pair+0x46>
10005b08:	4653      	mov	r3, sl
10005b0a:	0020      	movs	r0, r4
10005b0c:	7899      	ldrb	r1, [r3, #2]
10005b0e:	f000 fc69 	bl	100063e4 <tu_edpt_validate>
10005b12:	2800      	cmp	r0, #0
10005b14:	d105      	bne.n	10005b22 <usbd_open_edpt_pair+0x52>
10005b16:	2000      	movs	r0, #0
10005b18:	bce0      	pop	{r5, r6, r7}
10005b1a:	46ba      	mov	sl, r7
10005b1c:	46b1      	mov	r9, r6
10005b1e:	46a8      	mov	r8, r5
10005b20:	bdf0      	pop	{r4, r5, r6, r7, pc}
10005b22:	0021      	movs	r1, r4
10005b24:	4640      	mov	r0, r8
10005b26:	f7fe febf 	bl	100048a8 <dcd_edpt_open>
10005b2a:	2800      	cmp	r0, #0
10005b2c:	d0f3      	beq.n	10005b16 <usbd_open_edpt_pair+0x46>
10005b2e:	78a3      	ldrb	r3, [r4, #2]
10005b30:	09da      	lsrs	r2, r3, #7
10005b32:	2a01      	cmp	r2, #1
10005b34:	d008      	beq.n	10005b48 <usbd_open_edpt_pair+0x78>
10005b36:	9a08      	ldr	r2, [sp, #32]
10005b38:	7013      	strb	r3, [r2, #0]
10005b3a:	7823      	ldrb	r3, [r4, #0]
10005b3c:	3701      	adds	r7, #1
10005b3e:	18e4      	adds	r4, r4, r3
10005b40:	42af      	cmp	r7, r5
10005b42:	dbd5      	blt.n	10005af0 <usbd_open_edpt_pair+0x20>
10005b44:	2001      	movs	r0, #1
10005b46:	e7e7      	b.n	10005b18 <usbd_open_edpt_pair+0x48>
10005b48:	9a09      	ldr	r2, [sp, #36]	; 0x24
10005b4a:	e7f5      	b.n	10005b38 <usbd_open_edpt_pair+0x68>
10005b4c:	20001e20 	.word	0x20001e20

10005b50 <usbd_edpt_open>:
10005b50:	2270      	movs	r2, #112	; 0x70
10005b52:	b570      	push	{r4, r5, r6, lr}
10005b54:	788b      	ldrb	r3, [r1, #2]
10005b56:	0005      	movs	r5, r0
10005b58:	000c      	movs	r4, r1
10005b5a:	421a      	tst	r2, r3
10005b5c:	d001      	beq.n	10005b62 <usbd_edpt_open+0x12>
10005b5e:	2000      	movs	r0, #0
10005b60:	bd70      	pop	{r4, r5, r6, pc}
10005b62:	4b06      	ldr	r3, [pc, #24]	; (10005b7c <usbd_edpt_open+0x2c>)
10005b64:	0020      	movs	r0, r4
10005b66:	7899      	ldrb	r1, [r3, #2]
10005b68:	f000 fc3c 	bl	100063e4 <tu_edpt_validate>
10005b6c:	2800      	cmp	r0, #0
10005b6e:	d0f6      	beq.n	10005b5e <usbd_edpt_open+0xe>
10005b70:	0021      	movs	r1, r4
10005b72:	0028      	movs	r0, r5
10005b74:	f7fe fe98 	bl	100048a8 <dcd_edpt_open>
10005b78:	e7f2      	b.n	10005b60 <usbd_edpt_open+0x10>
10005b7a:	46c0      	nop			; (mov r8, r8)
10005b7c:	20001e20 	.word	0x20001e20

10005b80 <usbd_edpt_claim>:
10005b80:	b570      	push	{r4, r5, r6, lr}
10005b82:	247f      	movs	r4, #127	; 0x7f
10005b84:	400c      	ands	r4, r1
10005b86:	0063      	lsls	r3, r4, #1
10005b88:	4c14      	ldr	r4, [pc, #80]	; (10005bdc <usbd_edpt_claim+0x5c>)
10005b8a:	09c9      	lsrs	r1, r1, #7
10005b8c:	18e4      	adds	r4, r4, r3
10005b8e:	1864      	adds	r4, r4, r1
10005b90:	3430      	adds	r4, #48	; 0x30
10005b92:	78e3      	ldrb	r3, [r4, #3]
10005b94:	07db      	lsls	r3, r3, #31
10005b96:	0fdd      	lsrs	r5, r3, #31
10005b98:	2b00      	cmp	r3, #0
10005b9a:	d118      	bne.n	10005bce <usbd_edpt_claim+0x4e>
10005b9c:	78e3      	ldrb	r3, [r4, #3]
10005b9e:	075b      	lsls	r3, r3, #29
10005ba0:	d501      	bpl.n	10005ba6 <usbd_edpt_claim+0x26>
10005ba2:	0028      	movs	r0, r5
10005ba4:	bd70      	pop	{r4, r5, r6, pc}
10005ba6:	2101      	movs	r1, #1
10005ba8:	4e0d      	ldr	r6, [pc, #52]	; (10005be0 <usbd_edpt_claim+0x60>)
10005baa:	4249      	negs	r1, r1
10005bac:	6830      	ldr	r0, [r6, #0]
10005bae:	f001 fe63 	bl	10007878 <__mutex_enter_timeout_ms_veneer>
10005bb2:	78e3      	ldrb	r3, [r4, #3]
10005bb4:	07db      	lsls	r3, r3, #31
10005bb6:	0fdd      	lsrs	r5, r3, #31
10005bb8:	2b00      	cmp	r3, #0
10005bba:	d10a      	bne.n	10005bd2 <usbd_edpt_claim+0x52>
10005bbc:	78e3      	ldrb	r3, [r4, #3]
10005bbe:	075b      	lsls	r3, r3, #29
10005bc0:	d408      	bmi.n	10005bd4 <usbd_edpt_claim+0x54>
10005bc2:	2204      	movs	r2, #4
10005bc4:	78e3      	ldrb	r3, [r4, #3]
10005bc6:	2501      	movs	r5, #1
10005bc8:	4313      	orrs	r3, r2
10005bca:	70e3      	strb	r3, [r4, #3]
10005bcc:	e002      	b.n	10005bd4 <usbd_edpt_claim+0x54>
10005bce:	2500      	movs	r5, #0
10005bd0:	e7e7      	b.n	10005ba2 <usbd_edpt_claim+0x22>
10005bd2:	2500      	movs	r5, #0
10005bd4:	6830      	ldr	r0, [r6, #0]
10005bd6:	f001 fe2f 	bl	10007838 <__mutex_exit_veneer>
10005bda:	e7e2      	b.n	10005ba2 <usbd_edpt_claim+0x22>
10005bdc:	20001e20 	.word	0x20001e20
10005be0:	20001e74 	.word	0x20001e74

10005be4 <usbd_edpt_release>:
10005be4:	b570      	push	{r4, r5, r6, lr}
10005be6:	000c      	movs	r4, r1
10005be8:	2101      	movs	r1, #1
10005bea:	4d0f      	ldr	r5, [pc, #60]	; (10005c28 <usbd_edpt_release+0x44>)
10005bec:	4249      	negs	r1, r1
10005bee:	6828      	ldr	r0, [r5, #0]
10005bf0:	f001 fe42 	bl	10007878 <__mutex_enter_timeout_ms_veneer>
10005bf4:	217f      	movs	r1, #127	; 0x7f
10005bf6:	4021      	ands	r1, r4
10005bf8:	004b      	lsls	r3, r1, #1
10005bfa:	490c      	ldr	r1, [pc, #48]	; (10005c2c <usbd_edpt_release+0x48>)
10005bfc:	09e4      	lsrs	r4, r4, #7
10005bfe:	18c9      	adds	r1, r1, r3
10005c00:	1909      	adds	r1, r1, r4
10005c02:	3130      	adds	r1, #48	; 0x30
10005c04:	78cb      	ldrb	r3, [r1, #3]
10005c06:	2400      	movs	r4, #0
10005c08:	07db      	lsls	r3, r3, #31
10005c0a:	d408      	bmi.n	10005c1e <usbd_edpt_release+0x3a>
10005c0c:	78cb      	ldrb	r3, [r1, #3]
10005c0e:	075b      	lsls	r3, r3, #29
10005c10:	0fdc      	lsrs	r4, r3, #31
10005c12:	2b00      	cmp	r3, #0
10005c14:	da03      	bge.n	10005c1e <usbd_edpt_release+0x3a>
10005c16:	2204      	movs	r2, #4
10005c18:	78cb      	ldrb	r3, [r1, #3]
10005c1a:	4393      	bics	r3, r2
10005c1c:	70cb      	strb	r3, [r1, #3]
10005c1e:	6828      	ldr	r0, [r5, #0]
10005c20:	f001 fe0a 	bl	10007838 <__mutex_exit_veneer>
10005c24:	0020      	movs	r0, r4
10005c26:	bd70      	pop	{r4, r5, r6, pc}
10005c28:	20001e74 	.word	0x20001e74
10005c2c:	20001e20 	.word	0x20001e20

10005c30 <usbd_edpt_xfer>:
10005c30:	b570      	push	{r4, r5, r6, lr}
10005c32:	257f      	movs	r5, #127	; 0x7f
10005c34:	4c0f      	ldr	r4, [pc, #60]	; (10005c74 <usbd_edpt_xfer+0x44>)
10005c36:	400d      	ands	r5, r1
10005c38:	006d      	lsls	r5, r5, #1
10005c3a:	1964      	adds	r4, r4, r5
10005c3c:	0006      	movs	r6, r0
10005c3e:	09c8      	lsrs	r0, r1, #7
10005c40:	1824      	adds	r4, r4, r0
10005c42:	3430      	adds	r4, #48	; 0x30
10005c44:	78e5      	ldrb	r5, [r4, #3]
10005c46:	2000      	movs	r0, #0
10005c48:	07ed      	lsls	r5, r5, #31
10005c4a:	d500      	bpl.n	10005c4e <usbd_edpt_xfer+0x1e>
10005c4c:	bd70      	pop	{r4, r5, r6, pc}
10005c4e:	2501      	movs	r5, #1
10005c50:	78e0      	ldrb	r0, [r4, #3]
10005c52:	4328      	orrs	r0, r5
10005c54:	70e0      	strb	r0, [r4, #3]
10005c56:	0030      	movs	r0, r6
10005c58:	f7fe fefc 	bl	10004a54 <dcd_edpt_xfer>
10005c5c:	2800      	cmp	r0, #0
10005c5e:	d1f5      	bne.n	10005c4c <usbd_edpt_xfer+0x1c>
10005c60:	2201      	movs	r2, #1
10005c62:	78e3      	ldrb	r3, [r4, #3]
10005c64:	4393      	bics	r3, r2
10005c66:	70e3      	strb	r3, [r4, #3]
10005c68:	78e3      	ldrb	r3, [r4, #3]
10005c6a:	3203      	adds	r2, #3
10005c6c:	4393      	bics	r3, r2
10005c6e:	70e3      	strb	r3, [r4, #3]
10005c70:	e7ec      	b.n	10005c4c <usbd_edpt_xfer+0x1c>
10005c72:	46c0      	nop			; (mov r8, r8)
10005c74:	20001e20 	.word	0x20001e20

10005c78 <tud_control_status>:
10005c78:	b570      	push	{r4, r5, r6, lr}
10005c7a:	4e0a      	ldr	r6, [pc, #40]	; (10005ca4 <tud_control_status+0x2c>)
10005c7c:	0005      	movs	r5, r0
10005c7e:	0030      	movs	r0, r6
10005c80:	2208      	movs	r2, #8
10005c82:	000c      	movs	r4, r1
10005c84:	f7fe f84a 	bl	10003d1c <__wrap___aeabi_memcpy>
10005c88:	2300      	movs	r3, #0
10005c8a:	217f      	movs	r1, #127	; 0x7f
10005c8c:	60f3      	str	r3, [r6, #12]
10005c8e:	7822      	ldrb	r2, [r4, #0]
10005c90:	60b3      	str	r3, [r6, #8]
10005c92:	4291      	cmp	r1, r2
10005c94:	415b      	adcs	r3, r3
10005c96:	0028      	movs	r0, r5
10005c98:	01d9      	lsls	r1, r3, #7
10005c9a:	2200      	movs	r2, #0
10005c9c:	2300      	movs	r3, #0
10005c9e:	f7ff ffc7 	bl	10005c30 <usbd_edpt_xfer>
10005ca2:	bd70      	pop	{r4, r5, r6, pc}
10005ca4:	20001dc4 	.word	0x20001dc4

10005ca8 <tud_control_xfer>:
10005ca8:	b5f8      	push	{r3, r4, r5, r6, r7, lr}
10005caa:	46ce      	mov	lr, r9
10005cac:	4647      	mov	r7, r8
10005cae:	4691      	mov	r9, r2
10005cb0:	4e2a      	ldr	r6, [pc, #168]	; (10005d5c <tud_control_xfer+0xb4>)
10005cb2:	b580      	push	{r7, lr}
10005cb4:	2208      	movs	r2, #8
10005cb6:	0007      	movs	r7, r0
10005cb8:	0030      	movs	r0, r6
10005cba:	000d      	movs	r5, r1
10005cbc:	4698      	mov	r8, r3
10005cbe:	f7fe f82d 	bl	10003d1c <__wrap___aeabi_memcpy>
10005cc2:	464b      	mov	r3, r9
10005cc4:	60b3      	str	r3, [r6, #8]
10005cc6:	2300      	movs	r3, #0
10005cc8:	81f3      	strh	r3, [r6, #14]
10005cca:	79ec      	ldrb	r4, [r5, #7]
10005ccc:	79a9      	ldrb	r1, [r5, #6]
10005cce:	0224      	lsls	r4, r4, #8
10005cd0:	430c      	orrs	r4, r1
10005cd2:	1c23      	adds	r3, r4, #0
10005cd4:	4544      	cmp	r4, r8
10005cd6:	d900      	bls.n	10005cda <tud_control_xfer+0x32>
10005cd8:	4643      	mov	r3, r8
10005cda:	b29a      	uxth	r2, r3
10005cdc:	4690      	mov	r8, r2
10005cde:	81b3      	strh	r3, [r6, #12]
10005ce0:	2c00      	cmp	r4, #0
10005ce2:	d013      	beq.n	10005d0c <tud_control_xfer+0x64>
10005ce4:	2a00      	cmp	r2, #0
10005ce6:	d01f      	beq.n	10005d28 <tud_control_xfer+0x80>
10005ce8:	464b      	mov	r3, r9
10005cea:	2b00      	cmp	r3, #0
10005cec:	d034      	beq.n	10005d58 <tud_control_xfer+0xb0>
10005cee:	1c13      	adds	r3, r2, #0
10005cf0:	2a40      	cmp	r2, #64	; 0x40
10005cf2:	d81f      	bhi.n	10005d34 <tud_control_xfer+0x8c>
10005cf4:	b29b      	uxth	r3, r3
10005cf6:	4698      	mov	r8, r3
10005cf8:	7833      	ldrb	r3, [r6, #0]
10005cfa:	2b7f      	cmp	r3, #127	; 0x7f
10005cfc:	d820      	bhi.n	10005d40 <tud_control_xfer+0x98>
10005cfe:	2100      	movs	r1, #0
10005d00:	4a17      	ldr	r2, [pc, #92]	; (10005d60 <tud_control_xfer+0xb8>)
10005d02:	4643      	mov	r3, r8
10005d04:	0038      	movs	r0, r7
10005d06:	f7ff ff93 	bl	10005c30 <usbd_edpt_xfer>
10005d0a:	e009      	b.n	10005d20 <tud_control_xfer+0x78>
10005d0c:	227f      	movs	r2, #127	; 0x7f
10005d0e:	782b      	ldrb	r3, [r5, #0]
10005d10:	0038      	movs	r0, r7
10005d12:	429a      	cmp	r2, r3
10005d14:	4164      	adcs	r4, r4
10005d16:	2300      	movs	r3, #0
10005d18:	2200      	movs	r2, #0
10005d1a:	01e1      	lsls	r1, r4, #7
10005d1c:	f7ff ff88 	bl	10005c30 <usbd_edpt_xfer>
10005d20:	bcc0      	pop	{r6, r7}
10005d22:	46b9      	mov	r9, r7
10005d24:	46b0      	mov	r8, r6
10005d26:	bdf8      	pop	{r3, r4, r5, r6, r7, pc}
10005d28:	7833      	ldrb	r3, [r6, #0]
10005d2a:	2b7f      	cmp	r3, #127	; 0x7f
10005d2c:	d911      	bls.n	10005d52 <tud_control_xfer+0xaa>
10005d2e:	2180      	movs	r1, #128	; 0x80
10005d30:	2200      	movs	r2, #0
10005d32:	e7e6      	b.n	10005d02 <tud_control_xfer+0x5a>
10005d34:	2340      	movs	r3, #64	; 0x40
10005d36:	b29b      	uxth	r3, r3
10005d38:	4698      	mov	r8, r3
10005d3a:	7833      	ldrb	r3, [r6, #0]
10005d3c:	2b7f      	cmp	r3, #127	; 0x7f
10005d3e:	d9de      	bls.n	10005cfe <tud_control_xfer+0x56>
10005d40:	4c07      	ldr	r4, [pc, #28]	; (10005d60 <tud_control_xfer+0xb8>)
10005d42:	4642      	mov	r2, r8
10005d44:	4649      	mov	r1, r9
10005d46:	0020      	movs	r0, r4
10005d48:	f7fd ffe8 	bl	10003d1c <__wrap___aeabi_memcpy>
10005d4c:	2180      	movs	r1, #128	; 0x80
10005d4e:	0022      	movs	r2, r4
10005d50:	e7d7      	b.n	10005d02 <tud_control_xfer+0x5a>
10005d52:	2100      	movs	r1, #0
10005d54:	2200      	movs	r2, #0
10005d56:	e7d4      	b.n	10005d02 <tud_control_xfer+0x5a>
10005d58:	2000      	movs	r0, #0
10005d5a:	e7e1      	b.n	10005d20 <tud_control_xfer+0x78>
10005d5c:	20001dc4 	.word	0x20001dc4
10005d60:	20001de0 	.word	0x20001de0

10005d64 <usbd_control_reset>:
10005d64:	b510      	push	{r4, lr}
10005d66:	2214      	movs	r2, #20
10005d68:	2100      	movs	r1, #0
10005d6a:	4802      	ldr	r0, [pc, #8]	; (10005d74 <usbd_control_reset+0x10>)
10005d6c:	f7fd ffd0 	bl	10003d10 <__wrap_memset>
10005d70:	bd10      	pop	{r4, pc}
10005d72:	46c0      	nop			; (mov r8, r8)
10005d74:	20001dc4 	.word	0x20001dc4

10005d78 <usbd_control_set_complete_callback>:
10005d78:	4b01      	ldr	r3, [pc, #4]	; (10005d80 <usbd_control_set_complete_callback+0x8>)
10005d7a:	6118      	str	r0, [r3, #16]
10005d7c:	4770      	bx	lr
10005d7e:	46c0      	nop			; (mov r8, r8)
10005d80:	20001dc4 	.word	0x20001dc4

10005d84 <usbd_control_set_request>:
10005d84:	b510      	push	{r4, lr}
10005d86:	4c05      	ldr	r4, [pc, #20]	; (10005d9c <usbd_control_set_request+0x18>)
10005d88:	0001      	movs	r1, r0
10005d8a:	2208      	movs	r2, #8
10005d8c:	0020      	movs	r0, r4
10005d8e:	f7fd ffc5 	bl	10003d1c <__wrap___aeabi_memcpy>
10005d92:	2300      	movs	r3, #0
10005d94:	60a3      	str	r3, [r4, #8]
10005d96:	60e3      	str	r3, [r4, #12]
10005d98:	bd10      	pop	{r4, pc}
10005d9a:	46c0      	nop			; (mov r8, r8)
10005d9c:	20001dc4 	.word	0x20001dc4

10005da0 <usbd_control_xfer_cb>:
10005da0:	b5f8      	push	{r3, r4, r5, r6, r7, lr}
10005da2:	4c3b      	ldr	r4, [pc, #236]	; (10005e90 <usbd_control_xfer_cb+0xf0>)
10005da4:	001d      	movs	r5, r3
10005da6:	7823      	ldrb	r3, [r4, #0]
10005da8:	0006      	movs	r6, r0
10005daa:	09da      	lsrs	r2, r3, #7
10005dac:	09c9      	lsrs	r1, r1, #7
10005dae:	428a      	cmp	r2, r1
10005db0:	d013      	beq.n	10005dda <usbd_control_xfer_cb+0x3a>
10005db2:	2000      	movs	r0, #0
10005db4:	2d00      	cmp	r5, #0
10005db6:	d000      	beq.n	10005dba <usbd_control_xfer_cb+0x1a>
10005db8:	bdf8      	pop	{r3, r4, r5, r6, r7, pc}
10005dba:	4b36      	ldr	r3, [pc, #216]	; (10005e94 <usbd_control_xfer_cb+0xf4>)
10005dbc:	2b00      	cmp	r3, #0
10005dbe:	d003      	beq.n	10005dc8 <usbd_control_xfer_cb+0x28>
10005dc0:	0021      	movs	r1, r4
10005dc2:	0030      	movs	r0, r6
10005dc4:	f7fe fd62 	bl	1000488c <dcd_edpt0_status_complete>
10005dc8:	6923      	ldr	r3, [r4, #16]
10005dca:	2b00      	cmp	r3, #0
10005dcc:	d044      	beq.n	10005e58 <usbd_control_xfer_cb+0xb8>
10005dce:	0022      	movs	r2, r4
10005dd0:	2102      	movs	r1, #2
10005dd2:	0030      	movs	r0, r6
10005dd4:	4798      	blx	r3
10005dd6:	2001      	movs	r0, #1
10005dd8:	e7ee      	b.n	10005db8 <usbd_control_xfer_cb+0x18>
10005dda:	2b7f      	cmp	r3, #127	; 0x7f
10005ddc:	d806      	bhi.n	10005dec <usbd_control_xfer_cb+0x4c>
10005dde:	68a0      	ldr	r0, [r4, #8]
10005de0:	2800      	cmp	r0, #0
10005de2:	d037      	beq.n	10005e54 <usbd_control_xfer_cb+0xb4>
10005de4:	002a      	movs	r2, r5
10005de6:	492c      	ldr	r1, [pc, #176]	; (10005e98 <usbd_control_xfer_cb+0xf8>)
10005de8:	f7fd ff98 	bl	10003d1c <__wrap___aeabi_memcpy>
10005dec:	68a3      	ldr	r3, [r4, #8]
10005dee:	89e2      	ldrh	r2, [r4, #14]
10005df0:	1959      	adds	r1, r3, r5
10005df2:	1952      	adds	r2, r2, r5
10005df4:	88e3      	ldrh	r3, [r4, #6]
10005df6:	b292      	uxth	r2, r2
10005df8:	81e2      	strh	r2, [r4, #14]
10005dfa:	60a1      	str	r1, [r4, #8]
10005dfc:	4293      	cmp	r3, r2
10005dfe:	d014      	beq.n	10005e2a <usbd_control_xfer_cb+0x8a>
10005e00:	2d3f      	cmp	r5, #63	; 0x3f
10005e02:	d912      	bls.n	10005e2a <usbd_control_xfer_cb+0x8a>
10005e04:	89a5      	ldrh	r5, [r4, #12]
10005e06:	1aa8      	subs	r0, r5, r2
10005e08:	1c07      	adds	r7, r0, #0
10005e0a:	b280      	uxth	r0, r0
10005e0c:	2840      	cmp	r0, #64	; 0x40
10005e0e:	d82f      	bhi.n	10005e70 <usbd_control_xfer_cb+0xd0>
10005e10:	7823      	ldrb	r3, [r4, #0]
10005e12:	b2bf      	uxth	r7, r7
10005e14:	2b7f      	cmp	r3, #127	; 0x7f
10005e16:	d82d      	bhi.n	10005e74 <usbd_control_xfer_cb+0xd4>
10005e18:	2100      	movs	r1, #0
10005e1a:	42aa      	cmp	r2, r5
10005e1c:	d035      	beq.n	10005e8a <usbd_control_xfer_cb+0xea>
10005e1e:	4a1e      	ldr	r2, [pc, #120]	; (10005e98 <usbd_control_xfer_cb+0xf8>)
10005e20:	003b      	movs	r3, r7
10005e22:	0030      	movs	r0, r6
10005e24:	f7ff ff04 	bl	10005c30 <usbd_edpt_xfer>
10005e28:	e7c6      	b.n	10005db8 <usbd_control_xfer_cb+0x18>
10005e2a:	6923      	ldr	r3, [r4, #16]
10005e2c:	2b00      	cmp	r3, #0
10005e2e:	d005      	beq.n	10005e3c <usbd_control_xfer_cb+0x9c>
10005e30:	0022      	movs	r2, r4
10005e32:	2101      	movs	r1, #1
10005e34:	0030      	movs	r0, r6
10005e36:	4798      	blx	r3
10005e38:	2800      	cmp	r0, #0
10005e3a:	d00f      	beq.n	10005e5c <usbd_control_xfer_cb+0xbc>
10005e3c:	227f      	movs	r2, #127	; 0x7f
10005e3e:	2100      	movs	r1, #0
10005e40:	7823      	ldrb	r3, [r4, #0]
10005e42:	0030      	movs	r0, r6
10005e44:	429a      	cmp	r2, r3
10005e46:	4149      	adcs	r1, r1
10005e48:	2300      	movs	r3, #0
10005e4a:	2200      	movs	r2, #0
10005e4c:	01c9      	lsls	r1, r1, #7
10005e4e:	f7ff feef 	bl	10005c30 <usbd_edpt_xfer>
10005e52:	e7b1      	b.n	10005db8 <usbd_control_xfer_cb+0x18>
10005e54:	2000      	movs	r0, #0
10005e56:	e7af      	b.n	10005db8 <usbd_control_xfer_cb+0x18>
10005e58:	2001      	movs	r0, #1
10005e5a:	e7ad      	b.n	10005db8 <usbd_control_xfer_cb+0x18>
10005e5c:	2100      	movs	r1, #0
10005e5e:	0030      	movs	r0, r6
10005e60:	f7fe fe0a 	bl	10004a78 <dcd_edpt_stall>
10005e64:	0030      	movs	r0, r6
10005e66:	2180      	movs	r1, #128	; 0x80
10005e68:	f7fe fe06 	bl	10004a78 <dcd_edpt_stall>
10005e6c:	2001      	movs	r0, #1
10005e6e:	e7a3      	b.n	10005db8 <usbd_control_xfer_cb+0x18>
10005e70:	2740      	movs	r7, #64	; 0x40
10005e72:	e7cd      	b.n	10005e10 <usbd_control_xfer_cb+0x70>
10005e74:	42aa      	cmp	r2, r5
10005e76:	d007      	beq.n	10005e88 <usbd_control_xfer_cb+0xe8>
10005e78:	4c07      	ldr	r4, [pc, #28]	; (10005e98 <usbd_control_xfer_cb+0xf8>)
10005e7a:	003a      	movs	r2, r7
10005e7c:	0020      	movs	r0, r4
10005e7e:	f7fd ff4d 	bl	10003d1c <__wrap___aeabi_memcpy>
10005e82:	2180      	movs	r1, #128	; 0x80
10005e84:	0022      	movs	r2, r4
10005e86:	e7cb      	b.n	10005e20 <usbd_control_xfer_cb+0x80>
10005e88:	2180      	movs	r1, #128	; 0x80
10005e8a:	2200      	movs	r2, #0
10005e8c:	e7c8      	b.n	10005e20 <usbd_control_xfer_cb+0x80>
10005e8e:	46c0      	nop			; (mov r8, r8)
10005e90:	20001dc4 	.word	0x20001dc4
10005e94:	1000488d 	.word	0x1000488d
10005e98:	20001de0 	.word	0x20001de0

10005e9c <tud_cdc_n_connected>:
10005e9c:	b510      	push	{r4, lr}
10005e9e:	0004      	movs	r4, r0
10005ea0:	f7ff f808 	bl	10004eb4 <tud_mounted>
10005ea4:	2800      	cmp	r0, #0
10005ea6:	d101      	bne.n	10005eac <tud_cdc_n_connected+0x10>
10005ea8:	2000      	movs	r0, #0
10005eaa:	bd10      	pop	{r4, pc}
10005eac:	f7ff f80a 	bl	10004ec4 <tud_suspended>
10005eb0:	2800      	cmp	r0, #0
10005eb2:	d1f9      	bne.n	10005ea8 <tud_cdc_n_connected+0xc>
10005eb4:	20b6      	movs	r0, #182	; 0xb6
10005eb6:	0080      	lsls	r0, r0, #2
10005eb8:	4344      	muls	r4, r0
10005eba:	4803      	ldr	r0, [pc, #12]	; (10005ec8 <tud_cdc_n_connected+0x2c>)
10005ebc:	1900      	adds	r0, r0, r4
10005ebe:	7903      	ldrb	r3, [r0, #4]
10005ec0:	2001      	movs	r0, #1
10005ec2:	4018      	ands	r0, r3
10005ec4:	e7f1      	b.n	10005eaa <tud_cdc_n_connected+0xe>
10005ec6:	46c0      	nop			; (mov r8, r8)
10005ec8:	20001aec 	.word	0x20001aec

10005ecc <tud_cdc_n_available>:
10005ecc:	23b6      	movs	r3, #182	; 0xb6
10005ece:	009b      	lsls	r3, r3, #2
10005ed0:	4358      	muls	r0, r3
10005ed2:	b510      	push	{r4, lr}
10005ed4:	4b02      	ldr	r3, [pc, #8]	; (10005ee0 <tud_cdc_n_available+0x14>)
10005ed6:	3010      	adds	r0, #16
10005ed8:	18c0      	adds	r0, r0, r3
10005eda:	f000 fb11 	bl	10006500 <tu_fifo_count>
10005ede:	bd10      	pop	{r4, pc}
10005ee0:	20001aec 	.word	0x20001aec

10005ee4 <tud_cdc_n_read>:
10005ee4:	b5f0      	push	{r4, r5, r6, r7, lr}
10005ee6:	25b6      	movs	r5, #182	; 0xb6
10005ee8:	00ad      	lsls	r5, r5, #2
10005eea:	4345      	muls	r5, r0
10005eec:	002c      	movs	r4, r5
10005eee:	46c6      	mov	lr, r8
10005ef0:	4f17      	ldr	r7, [pc, #92]	; (10005f50 <tud_cdc_n_read+0x6c>)
10005ef2:	3410      	adds	r4, #16
10005ef4:	19e4      	adds	r4, r4, r7
10005ef6:	b500      	push	{lr}
10005ef8:	0020      	movs	r0, r4
10005efa:	b292      	uxth	r2, r2
10005efc:	f000 fb74 	bl	100065e8 <tu_fifo_read_n>
10005f00:	0006      	movs	r6, r0
10005f02:	0020      	movs	r0, r4
10005f04:	f000 fb14 	bl	10006530 <tu_fifo_remaining>
10005f08:	283f      	cmp	r0, #63	; 0x3f
10005f0a:	d803      	bhi.n	10005f14 <tud_cdc_n_read+0x30>
10005f0c:	0030      	movs	r0, r6
10005f0e:	bc80      	pop	{r7}
10005f10:	46b8      	mov	r8, r7
10005f12:	bdf0      	pop	{r4, r5, r6, r7, pc}
10005f14:	197b      	adds	r3, r7, r5
10005f16:	2000      	movs	r0, #0
10005f18:	78d9      	ldrb	r1, [r3, #3]
10005f1a:	4698      	mov	r8, r3
10005f1c:	f7ff fe30 	bl	10005b80 <usbd_edpt_claim>
10005f20:	2800      	cmp	r0, #0
10005f22:	d0f3      	beq.n	10005f0c <tud_cdc_n_read+0x28>
10005f24:	0020      	movs	r0, r4
10005f26:	f000 fb03 	bl	10006530 <tu_fifo_remaining>
10005f2a:	283f      	cmp	r0, #63	; 0x3f
10005f2c:	d90a      	bls.n	10005f44 <tud_cdc_n_read+0x60>
10005f2e:	2396      	movs	r3, #150	; 0x96
10005f30:	009b      	lsls	r3, r3, #2
10005f32:	18ea      	adds	r2, r5, r3
10005f34:	4643      	mov	r3, r8
10005f36:	19d2      	adds	r2, r2, r7
10005f38:	78d9      	ldrb	r1, [r3, #3]
10005f3a:	2000      	movs	r0, #0
10005f3c:	2340      	movs	r3, #64	; 0x40
10005f3e:	f7ff fe77 	bl	10005c30 <usbd_edpt_xfer>
10005f42:	e7e3      	b.n	10005f0c <tud_cdc_n_read+0x28>
10005f44:	4643      	mov	r3, r8
10005f46:	2000      	movs	r0, #0
10005f48:	78d9      	ldrb	r1, [r3, #3]
10005f4a:	f7ff fe4b 	bl	10005be4 <usbd_edpt_release>
10005f4e:	e7dd      	b.n	10005f0c <tud_cdc_n_read+0x28>
10005f50:	20001aec 	.word	0x20001aec

10005f54 <tud_cdc_n_write_flush>:
10005f54:	b5f8      	push	{r3, r4, r5, r6, r7, lr}
10005f56:	0004      	movs	r4, r0
10005f58:	f7fe ffac 	bl	10004eb4 <tud_mounted>
10005f5c:	2800      	cmp	r0, #0
10005f5e:	d101      	bne.n	10005f64 <tud_cdc_n_write_flush+0x10>
10005f60:	2000      	movs	r0, #0
10005f62:	bdf8      	pop	{r3, r4, r5, r6, r7, pc}
10005f64:	f7fe ffae 	bl	10004ec4 <tud_suspended>
10005f68:	2800      	cmp	r0, #0
10005f6a:	d1f9      	bne.n	10005f60 <tud_cdc_n_write_flush+0xc>
10005f6c:	20b6      	movs	r0, #182	; 0xb6
10005f6e:	0080      	lsls	r0, r0, #2
10005f70:	4344      	muls	r4, r0
10005f72:	0025      	movs	r5, r4
10005f74:	4e14      	ldr	r6, [pc, #80]	; (10005fc8 <tud_cdc_n_write_flush+0x74>)
10005f76:	352c      	adds	r5, #44	; 0x2c
10005f78:	19ad      	adds	r5, r5, r6
10005f7a:	0028      	movs	r0, r5
10005f7c:	f000 fac0 	bl	10006500 <tu_fifo_count>
10005f80:	2800      	cmp	r0, #0
10005f82:	d0ed      	beq.n	10005f60 <tud_cdc_n_write_flush+0xc>
10005f84:	1937      	adds	r7, r6, r4
10005f86:	2000      	movs	r0, #0
10005f88:	78b9      	ldrb	r1, [r7, #2]
10005f8a:	f7ff fdf9 	bl	10005b80 <usbd_edpt_claim>
10005f8e:	2800      	cmp	r0, #0
10005f90:	d0e6      	beq.n	10005f60 <tud_cdc_n_write_flush+0xc>
10005f92:	23a6      	movs	r3, #166	; 0xa6
10005f94:	009b      	lsls	r3, r3, #2
10005f96:	469c      	mov	ip, r3
10005f98:	4464      	add	r4, ip
10005f9a:	19a4      	adds	r4, r4, r6
10005f9c:	0021      	movs	r1, r4
10005f9e:	0028      	movs	r0, r5
10005fa0:	2240      	movs	r2, #64	; 0x40
10005fa2:	f000 fb21 	bl	100065e8 <tu_fifo_read_n>
10005fa6:	78b9      	ldrb	r1, [r7, #2]
10005fa8:	1e05      	subs	r5, r0, #0
10005faa:	d008      	beq.n	10005fbe <tud_cdc_n_write_flush+0x6a>
10005fac:	0003      	movs	r3, r0
10005fae:	0022      	movs	r2, r4
10005fb0:	2000      	movs	r0, #0
10005fb2:	f7ff fe3d 	bl	10005c30 <usbd_edpt_xfer>
10005fb6:	2800      	cmp	r0, #0
10005fb8:	d0d2      	beq.n	10005f60 <tud_cdc_n_write_flush+0xc>
10005fba:	0028      	movs	r0, r5
10005fbc:	e7d1      	b.n	10005f62 <tud_cdc_n_write_flush+0xe>
10005fbe:	2000      	movs	r0, #0
10005fc0:	f7ff fe10 	bl	10005be4 <usbd_edpt_release>
10005fc4:	e7cc      	b.n	10005f60 <tud_cdc_n_write_flush+0xc>
10005fc6:	46c0      	nop			; (mov r8, r8)
10005fc8:	20001aec 	.word	0x20001aec

10005fcc <tud_cdc_n_write>:
10005fcc:	b570      	push	{r4, r5, r6, lr}
10005fce:	24b6      	movs	r4, #182	; 0xb6
10005fd0:	00a4      	lsls	r4, r4, #2
10005fd2:	4344      	muls	r4, r0
10005fd4:	4b09      	ldr	r3, [pc, #36]	; (10005ffc <tud_cdc_n_write+0x30>)
10005fd6:	342c      	adds	r4, #44	; 0x2c
10005fd8:	18e4      	adds	r4, r4, r3
10005fda:	0005      	movs	r5, r0
10005fdc:	b292      	uxth	r2, r2
10005fde:	0020      	movs	r0, r4
10005fe0:	f000 fbc0 	bl	10006764 <tu_fifo_write_n>
10005fe4:	0006      	movs	r6, r0
10005fe6:	0020      	movs	r0, r4
10005fe8:	f000 fa8a 	bl	10006500 <tu_fifo_count>
10005fec:	283f      	cmp	r0, #63	; 0x3f
10005fee:	d801      	bhi.n	10005ff4 <tud_cdc_n_write+0x28>
10005ff0:	0030      	movs	r0, r6
10005ff2:	bd70      	pop	{r4, r5, r6, pc}
10005ff4:	0028      	movs	r0, r5
10005ff6:	f7ff ffad 	bl	10005f54 <tud_cdc_n_write_flush>
10005ffa:	e7f9      	b.n	10005ff0 <tud_cdc_n_write+0x24>
10005ffc:	20001aec 	.word	0x20001aec

10006000 <tud_cdc_n_write_available>:
10006000:	23b6      	movs	r3, #182	; 0xb6
10006002:	009b      	lsls	r3, r3, #2
10006004:	4358      	muls	r0, r3
10006006:	b510      	push	{r4, lr}
10006008:	4b02      	ldr	r3, [pc, #8]	; (10006014 <tud_cdc_n_write_available+0x14>)
1000600a:	302c      	adds	r0, #44	; 0x2c
1000600c:	18c0      	adds	r0, r0, r3
1000600e:	f000 fa8f 	bl	10006530 <tu_fifo_remaining>
10006012:	bd10      	pop	{r4, pc}
10006014:	20001aec 	.word	0x20001aec

10006018 <cdcd_init>:
10006018:	22b6      	movs	r2, #182	; 0xb6
1000601a:	b5f0      	push	{r4, r5, r6, r7, lr}
1000601c:	4c1b      	ldr	r4, [pc, #108]	; (1000608c <cdcd_init+0x74>)
1000601e:	b083      	sub	sp, #12
10006020:	2100      	movs	r1, #0
10006022:	0020      	movs	r0, r4
10006024:	0092      	lsls	r2, r2, #2
10006026:	f7fd fe73 	bl	10003d10 <__wrap_memset>
1000602a:	23ff      	movs	r3, #255	; 0xff
1000602c:	7163      	strb	r3, [r4, #5]
1000602e:	4b18      	ldr	r3, [pc, #96]	; (10006090 <cdcd_init+0x78>)
10006030:	2680      	movs	r6, #128	; 0x80
10006032:	2500      	movs	r5, #0
10006034:	80e3      	strh	r3, [r4, #6]
10006036:	2701      	movs	r7, #1
10006038:	2308      	movs	r3, #8
1000603a:	0021      	movs	r1, r4
1000603c:	0020      	movs	r0, r4
1000603e:	0076      	lsls	r6, r6, #1
10006040:	7323      	strb	r3, [r4, #12]
10006042:	0032      	movs	r2, r6
10006044:	8127      	strh	r7, [r4, #8]
10006046:	3148      	adds	r1, #72	; 0x48
10006048:	9500      	str	r5, [sp, #0]
1000604a:	3b07      	subs	r3, #7
1000604c:	3010      	adds	r0, #16
1000604e:	f000 fa1b 	bl	10006488 <tu_fifo_config>
10006052:	0021      	movs	r1, r4
10006054:	0020      	movs	r0, r4
10006056:	3149      	adds	r1, #73	; 0x49
10006058:	0032      	movs	r2, r6
1000605a:	31ff      	adds	r1, #255	; 0xff
1000605c:	2301      	movs	r3, #1
1000605e:	9700      	str	r7, [sp, #0]
10006060:	302c      	adds	r0, #44	; 0x2c
10006062:	f000 fa11 	bl	10006488 <tu_fifo_config>
10006066:	2392      	movs	r3, #146	; 0x92
10006068:	009b      	lsls	r3, r3, #2
1000606a:	18e6      	adds	r6, r4, r3
1000606c:	0030      	movs	r0, r6
1000606e:	f7fb fc4b 	bl	10001908 <mutex_init>
10006072:	2394      	movs	r3, #148	; 0x94
10006074:	009b      	lsls	r3, r3, #2
10006076:	62a6      	str	r6, [r4, #40]	; 0x28
10006078:	18e6      	adds	r6, r4, r3
1000607a:	0030      	movs	r0, r6
1000607c:	6265      	str	r5, [r4, #36]	; 0x24
1000607e:	f7fb fc43 	bl	10001908 <mutex_init>
10006082:	6426      	str	r6, [r4, #64]	; 0x40
10006084:	6465      	str	r5, [r4, #68]	; 0x44
10006086:	b003      	add	sp, #12
10006088:	bdf0      	pop	{r4, r5, r6, r7, pc}
1000608a:	46c0      	nop			; (mov r8, r8)
1000608c:	20001aec 	.word	0x20001aec
10006090:	ffffc200 	.word	0xffffc200

10006094 <cdcd_reset>:
10006094:	b510      	push	{r4, lr}
10006096:	4c09      	ldr	r4, [pc, #36]	; (100060bc <cdcd_reset+0x28>)
10006098:	2205      	movs	r2, #5
1000609a:	2100      	movs	r1, #0
1000609c:	0020      	movs	r0, r4
1000609e:	f7fd fe37 	bl	10003d10 <__wrap_memset>
100060a2:	0020      	movs	r0, r4
100060a4:	342c      	adds	r4, #44	; 0x2c
100060a6:	3010      	adds	r0, #16
100060a8:	f000 fbdc 	bl	10006864 <tu_fifo_clear>
100060ac:	0020      	movs	r0, r4
100060ae:	f000 fbd9 	bl	10006864 <tu_fifo_clear>
100060b2:	2101      	movs	r1, #1
100060b4:	0020      	movs	r0, r4
100060b6:	f000 fbfb 	bl	100068b0 <tu_fifo_set_overwritable>
100060ba:	bd10      	pop	{r4, pc}
100060bc:	20001aec 	.word	0x20001aec

100060c0 <cdcd_open>:
100060c0:	b5f0      	push	{r4, r5, r6, r7, lr}
100060c2:	794b      	ldrb	r3, [r1, #5]
100060c4:	0006      	movs	r6, r0
100060c6:	b083      	sub	sp, #12
100060c8:	2b02      	cmp	r3, #2
100060ca:	d102      	bne.n	100060d2 <cdcd_open+0x12>
100060cc:	798b      	ldrb	r3, [r1, #6]
100060ce:	2b02      	cmp	r3, #2
100060d0:	d003      	beq.n	100060da <cdcd_open+0x1a>
100060d2:	2500      	movs	r5, #0
100060d4:	0028      	movs	r0, r5
100060d6:	b003      	add	sp, #12
100060d8:	bdf0      	pop	{r4, r5, r6, r7, pc}
100060da:	4f2f      	ldr	r7, [pc, #188]	; (10006198 <cdcd_open+0xd8>)
100060dc:	78bb      	ldrb	r3, [r7, #2]
100060de:	2b00      	cmp	r3, #0
100060e0:	d1f7      	bne.n	100060d2 <cdcd_open+0x12>
100060e2:	788b      	ldrb	r3, [r1, #2]
100060e4:	2509      	movs	r5, #9
100060e6:	703b      	strb	r3, [r7, #0]
100060e8:	780c      	ldrb	r4, [r1, #0]
100060ea:	190c      	adds	r4, r1, r4
100060ec:	7863      	ldrb	r3, [r4, #1]
100060ee:	2b24      	cmp	r3, #36	; 0x24
100060f0:	d10b      	bne.n	1000610a <cdcd_open+0x4a>
100060f2:	2a08      	cmp	r2, #8
100060f4:	d802      	bhi.n	100060fc <cdcd_open+0x3c>
100060f6:	e00f      	b.n	10006118 <cdcd_open+0x58>
100060f8:	42aa      	cmp	r2, r5
100060fa:	d30d      	bcc.n	10006118 <cdcd_open+0x58>
100060fc:	7823      	ldrb	r3, [r4, #0]
100060fe:	18e4      	adds	r4, r4, r3
10006100:	18ed      	adds	r5, r5, r3
10006102:	7863      	ldrb	r3, [r4, #1]
10006104:	b2ad      	uxth	r5, r5
10006106:	2b24      	cmp	r3, #36	; 0x24
10006108:	d0f6      	beq.n	100060f8 <cdcd_open+0x38>
1000610a:	2b05      	cmp	r3, #5
1000610c:	d020      	beq.n	10006150 <cdcd_open+0x90>
1000610e:	2b04      	cmp	r3, #4
10006110:	d102      	bne.n	10006118 <cdcd_open+0x58>
10006112:	7963      	ldrb	r3, [r4, #5]
10006114:	2b0a      	cmp	r3, #10
10006116:	d02e      	beq.n	10006176 <cdcd_open+0xb6>
10006118:	4c20      	ldr	r4, [pc, #128]	; (1000619c <cdcd_open+0xdc>)
1000611a:	0020      	movs	r0, r4
1000611c:	f000 fa08 	bl	10006530 <tu_fifo_remaining>
10006120:	283f      	cmp	r0, #63	; 0x3f
10006122:	d9d7      	bls.n	100060d4 <cdcd_open+0x14>
10006124:	0026      	movs	r6, r4
10006126:	3e10      	subs	r6, #16
10006128:	2000      	movs	r0, #0
1000612a:	78f1      	ldrb	r1, [r6, #3]
1000612c:	f7ff fd28 	bl	10005b80 <usbd_edpt_claim>
10006130:	2800      	cmp	r0, #0
10006132:	d0cf      	beq.n	100060d4 <cdcd_open+0x14>
10006134:	0020      	movs	r0, r4
10006136:	f000 f9fb 	bl	10006530 <tu_fifo_remaining>
1000613a:	283f      	cmp	r0, #63	; 0x3f
1000613c:	d916      	bls.n	1000616c <cdcd_open+0xac>
1000613e:	2392      	movs	r3, #146	; 0x92
10006140:	009b      	lsls	r3, r3, #2
10006142:	18e2      	adds	r2, r4, r3
10006144:	78f1      	ldrb	r1, [r6, #3]
10006146:	2340      	movs	r3, #64	; 0x40
10006148:	2000      	movs	r0, #0
1000614a:	f7ff fd71 	bl	10005c30 <usbd_edpt_xfer>
1000614e:	e7c1      	b.n	100060d4 <cdcd_open+0x14>
10006150:	0021      	movs	r1, r4
10006152:	0030      	movs	r0, r6
10006154:	f7ff fcfc 	bl	10005b50 <usbd_edpt_open>
10006158:	2800      	cmp	r0, #0
1000615a:	d0ba      	beq.n	100060d2 <cdcd_open+0x12>
1000615c:	78a3      	ldrb	r3, [r4, #2]
1000615e:	707b      	strb	r3, [r7, #1]
10006160:	7823      	ldrb	r3, [r4, #0]
10006162:	18ed      	adds	r5, r5, r3
10006164:	18e4      	adds	r4, r4, r3
10006166:	7863      	ldrb	r3, [r4, #1]
10006168:	b2ad      	uxth	r5, r5
1000616a:	e7d0      	b.n	1000610e <cdcd_open+0x4e>
1000616c:	78f1      	ldrb	r1, [r6, #3]
1000616e:	2000      	movs	r0, #0
10006170:	f7ff fd38 	bl	10005be4 <usbd_edpt_release>
10006174:	e7ae      	b.n	100060d4 <cdcd_open+0x14>
10006176:	4b0a      	ldr	r3, [pc, #40]	; (100061a0 <cdcd_open+0xe0>)
10006178:	7827      	ldrb	r7, [r4, #0]
1000617a:	9301      	str	r3, [sp, #4]
1000617c:	3301      	adds	r3, #1
1000617e:	9300      	str	r3, [sp, #0]
10006180:	2202      	movs	r2, #2
10006182:	2302      	movs	r3, #2
10006184:	0030      	movs	r0, r6
10006186:	19e1      	adds	r1, r4, r7
10006188:	f7ff fca2 	bl	10005ad0 <usbd_open_edpt_pair>
1000618c:	2800      	cmp	r0, #0
1000618e:	d0a0      	beq.n	100060d2 <cdcd_open+0x12>
10006190:	350e      	adds	r5, #14
10006192:	19ed      	adds	r5, r5, r7
10006194:	b2ad      	uxth	r5, r5
10006196:	e7bf      	b.n	10006118 <cdcd_open+0x58>
10006198:	20001aec 	.word	0x20001aec
1000619c:	20001afc 	.word	0x20001afc
100061a0:	20001aee 	.word	0x20001aee

100061a4 <cdcd_control_xfer_cb>:
100061a4:	b5f8      	push	{r3, r4, r5, r6, r7, lr}
100061a6:	2360      	movs	r3, #96	; 0x60
100061a8:	0014      	movs	r4, r2
100061aa:	7812      	ldrb	r2, [r2, #0]
100061ac:	0005      	movs	r5, r0
100061ae:	4013      	ands	r3, r2
100061b0:	2000      	movs	r0, #0
100061b2:	2b20      	cmp	r3, #32
100061b4:	d112      	bne.n	100061dc <cdcd_control_xfer_cb+0x38>
100061b6:	4a2f      	ldr	r2, [pc, #188]	; (10006274 <cdcd_control_xfer_cb+0xd0>)
100061b8:	7963      	ldrb	r3, [r4, #5]
100061ba:	7927      	ldrb	r7, [r4, #4]
100061bc:	7816      	ldrb	r6, [r2, #0]
100061be:	021b      	lsls	r3, r3, #8
100061c0:	433b      	orrs	r3, r7
100061c2:	429e      	cmp	r6, r3
100061c4:	d10a      	bne.n	100061dc <cdcd_control_xfer_cb+0x38>
100061c6:	7863      	ldrb	r3, [r4, #1]
100061c8:	2b22      	cmp	r3, #34	; 0x22
100061ca:	d027      	beq.n	1000621c <cdcd_control_xfer_cb+0x78>
100061cc:	d807      	bhi.n	100061de <cdcd_control_xfer_cb+0x3a>
100061ce:	2b20      	cmp	r3, #32
100061d0:	d017      	beq.n	10006202 <cdcd_control_xfer_cb+0x5e>
100061d2:	2b21      	cmp	r3, #33	; 0x21
100061d4:	d102      	bne.n	100061dc <cdcd_control_xfer_cb+0x38>
100061d6:	2900      	cmp	r1, #0
100061d8:	d03d      	beq.n	10006256 <cdcd_control_xfer_cb+0xb2>
100061da:	2001      	movs	r0, #1
100061dc:	bdf8      	pop	{r3, r4, r5, r6, r7, pc}
100061de:	2b23      	cmp	r3, #35	; 0x23
100061e0:	d1fc      	bne.n	100061dc <cdcd_control_xfer_cb+0x38>
100061e2:	2900      	cmp	r1, #0
100061e4:	d03f      	beq.n	10006266 <cdcd_control_xfer_cb+0xc2>
100061e6:	2902      	cmp	r1, #2
100061e8:	d1f7      	bne.n	100061da <cdcd_control_xfer_cb+0x36>
100061ea:	4b23      	ldr	r3, [pc, #140]	; (10006278 <cdcd_control_xfer_cb+0xd4>)
100061ec:	2b00      	cmp	r3, #0
100061ee:	d0f4      	beq.n	100061da <cdcd_control_xfer_cb+0x36>
100061f0:	78e1      	ldrb	r1, [r4, #3]
100061f2:	78a3      	ldrb	r3, [r4, #2]
100061f4:	0209      	lsls	r1, r1, #8
100061f6:	2000      	movs	r0, #0
100061f8:	4319      	orrs	r1, r3
100061fa:	e000      	b.n	100061fe <cdcd_control_xfer_cb+0x5a>
100061fc:	bf00      	nop
100061fe:	2001      	movs	r0, #1
10006200:	e7ec      	b.n	100061dc <cdcd_control_xfer_cb+0x38>
10006202:	2900      	cmp	r1, #0
10006204:	d027      	beq.n	10006256 <cdcd_control_xfer_cb+0xb2>
10006206:	2902      	cmp	r1, #2
10006208:	d1e7      	bne.n	100061da <cdcd_control_xfer_cb+0x36>
1000620a:	4b1c      	ldr	r3, [pc, #112]	; (1000627c <cdcd_control_xfer_cb+0xd8>)
1000620c:	2b00      	cmp	r3, #0
1000620e:	d0e4      	beq.n	100061da <cdcd_control_xfer_cb+0x36>
10006210:	2000      	movs	r0, #0
10006212:	1d91      	adds	r1, r2, #6
10006214:	f7fd fff2 	bl	100041fc <tud_cdc_line_coding_cb>
10006218:	2001      	movs	r0, #1
1000621a:	e7df      	b.n	100061dc <cdcd_control_xfer_cb+0x38>
1000621c:	2900      	cmp	r1, #0
1000621e:	d022      	beq.n	10006266 <cdcd_control_xfer_cb+0xc2>
10006220:	2902      	cmp	r1, #2
10006222:	d1da      	bne.n	100061da <cdcd_control_xfer_cb+0x36>
10006224:	2501      	movs	r5, #1
10006226:	002e      	movs	r6, r5
10006228:	78a3      	ldrb	r3, [r4, #2]
1000622a:	78e4      	ldrb	r4, [r4, #3]
1000622c:	3901      	subs	r1, #1
1000622e:	0224      	lsls	r4, r4, #8
10006230:	431c      	orrs	r4, r3
10006232:	7114      	strb	r4, [r2, #4]
10006234:	4026      	ands	r6, r4
10006236:	322c      	adds	r2, #44	; 0x2c
10006238:	0010      	movs	r0, r2
1000623a:	4071      	eors	r1, r6
1000623c:	f000 fb38 	bl	100068b0 <tu_fifo_set_overwritable>
10006240:	4b0f      	ldr	r3, [pc, #60]	; (10006280 <cdcd_control_xfer_cb+0xdc>)
10006242:	2b00      	cmp	r3, #0
10006244:	d0c9      	beq.n	100061da <cdcd_control_xfer_cb+0x36>
10006246:	0862      	lsrs	r2, r4, #1
10006248:	2000      	movs	r0, #0
1000624a:	0031      	movs	r1, r6
1000624c:	402a      	ands	r2, r5
1000624e:	e000      	b.n	10006252 <cdcd_control_xfer_cb+0xae>
10006250:	bf00      	nop
10006252:	2001      	movs	r0, #1
10006254:	e7c2      	b.n	100061dc <cdcd_control_xfer_cb+0x38>
10006256:	2307      	movs	r3, #7
10006258:	0021      	movs	r1, r4
1000625a:	0028      	movs	r0, r5
1000625c:	4a09      	ldr	r2, [pc, #36]	; (10006284 <cdcd_control_xfer_cb+0xe0>)
1000625e:	f7ff fd23 	bl	10005ca8 <tud_control_xfer>
10006262:	2001      	movs	r0, #1
10006264:	e7ba      	b.n	100061dc <cdcd_control_xfer_cb+0x38>
10006266:	0021      	movs	r1, r4
10006268:	0028      	movs	r0, r5
1000626a:	f7ff fd05 	bl	10005c78 <tud_control_status>
1000626e:	2001      	movs	r0, #1
10006270:	e7b4      	b.n	100061dc <cdcd_control_xfer_cb+0x38>
10006272:	46c0      	nop			; (mov r8, r8)
10006274:	20001aec 	.word	0x20001aec
10006278:	00000000 	.word	0x00000000
1000627c:	100041fd 	.word	0x100041fd
10006280:	00000000 	.word	0x00000000
10006284:	20001af2 	.word	0x20001af2

10006288 <cdcd_xfer_cb>:
10006288:	b5f8      	push	{r3, r4, r5, r6, r7, lr}
1000628a:	4657      	mov	r7, sl
1000628c:	464e      	mov	r6, r9
1000628e:	4645      	mov	r5, r8
10006290:	46de      	mov	lr, fp
10006292:	b5e0      	push	{r5, r6, r7, lr}
10006294:	4f49      	ldr	r7, [pc, #292]	; (100063bc <cdcd_xfer_cb+0x134>)
10006296:	4680      	mov	r8, r0
10006298:	78fa      	ldrb	r2, [r7, #3]
1000629a:	000c      	movs	r4, r1
1000629c:	001e      	movs	r6, r3
1000629e:	428a      	cmp	r2, r1
100062a0:	d164      	bne.n	1000636c <cdcd_xfer_cb+0xe4>
100062a2:	b29a      	uxth	r2, r3
100062a4:	2396      	movs	r3, #150	; 0x96
100062a6:	009b      	lsls	r3, r3, #2
100062a8:	18fd      	adds	r5, r7, r3
100062aa:	2310      	movs	r3, #16
100062ac:	469b      	mov	fp, r3
100062ae:	44bb      	add	fp, r7
100062b0:	0029      	movs	r1, r5
100062b2:	4658      	mov	r0, fp
100062b4:	f000 fa56 	bl	10006764 <tu_fifo_write_n>
100062b8:	4b41      	ldr	r3, [pc, #260]	; (100063c0 <cdcd_xfer_cb+0x138>)
100062ba:	46d9      	mov	r9, fp
100062bc:	2b00      	cmp	r3, #0
100062be:	d018      	beq.n	100062f2 <cdcd_xfer_cb+0x6a>
100062c0:	797b      	ldrb	r3, [r7, #5]
100062c2:	46d9      	mov	r9, fp
100062c4:	2bff      	cmp	r3, #255	; 0xff
100062c6:	d014      	beq.n	100062f2 <cdcd_xfer_cb+0x6a>
100062c8:	2e00      	cmp	r6, #0
100062ca:	d012      	beq.n	100062f2 <cdcd_xfer_cb+0x6a>
100062cc:	19aa      	adds	r2, r5, r6
100062ce:	4692      	mov	sl, r2
100062d0:	e003      	b.n	100062da <cdcd_xfer_cb+0x52>
100062d2:	3501      	adds	r5, #1
100062d4:	4555      	cmp	r5, sl
100062d6:	d00c      	beq.n	100062f2 <cdcd_xfer_cb+0x6a>
100062d8:	797b      	ldrb	r3, [r7, #5]
100062da:	782a      	ldrb	r2, [r5, #0]
100062dc:	429a      	cmp	r2, r3
100062de:	d1f8      	bne.n	100062d2 <cdcd_xfer_cb+0x4a>
100062e0:	4648      	mov	r0, r9
100062e2:	f000 f91d 	bl	10006520 <tu_fifo_empty>
100062e6:	2800      	cmp	r0, #0
100062e8:	d1f3      	bne.n	100062d2 <cdcd_xfer_cb+0x4a>
100062ea:	7979      	ldrb	r1, [r7, #5]
100062ec:	e000      	b.n	100062f0 <cdcd_xfer_cb+0x68>
100062ee:	bf00      	nop
100062f0:	e7ef      	b.n	100062d2 <cdcd_xfer_cb+0x4a>
100062f2:	4b34      	ldr	r3, [pc, #208]	; (100063c4 <cdcd_xfer_cb+0x13c>)
100062f4:	2b00      	cmp	r3, #0
100062f6:	d004      	beq.n	10006302 <cdcd_xfer_cb+0x7a>
100062f8:	4648      	mov	r0, r9
100062fa:	f000 f911 	bl	10006520 <tu_fifo_empty>
100062fe:	2800      	cmp	r0, #0
10006300:	d052      	beq.n	100063a8 <cdcd_xfer_cb+0x120>
10006302:	4648      	mov	r0, r9
10006304:	f000 f914 	bl	10006530 <tu_fifo_remaining>
10006308:	283f      	cmp	r0, #63	; 0x3f
1000630a:	d834      	bhi.n	10006376 <cdcd_xfer_cb+0xee>
1000630c:	464a      	mov	r2, r9
1000630e:	3a10      	subs	r2, #16
10006310:	7893      	ldrb	r3, [r2, #2]
10006312:	42a3      	cmp	r3, r4
10006314:	d007      	beq.n	10006326 <cdcd_xfer_cb+0x9e>
10006316:	2401      	movs	r4, #1
10006318:	0020      	movs	r0, r4
1000631a:	bcf0      	pop	{r4, r5, r6, r7}
1000631c:	46bb      	mov	fp, r7
1000631e:	46b2      	mov	sl, r6
10006320:	46a9      	mov	r9, r5
10006322:	46a0      	mov	r8, r4
10006324:	bdf8      	pop	{r3, r4, r5, r6, r7, pc}
10006326:	4b28      	ldr	r3, [pc, #160]	; (100063c8 <cdcd_xfer_cb+0x140>)
10006328:	2b00      	cmp	r3, #0
1000632a:	d002      	beq.n	10006332 <cdcd_xfer_cb+0xaa>
1000632c:	2000      	movs	r0, #0
1000632e:	e000      	b.n	10006332 <cdcd_xfer_cb+0xaa>
10006330:	bf00      	nop
10006332:	2000      	movs	r0, #0
10006334:	f7ff fe0e 	bl	10005f54 <tud_cdc_n_write_flush>
10006338:	2800      	cmp	r0, #0
1000633a:	d1ec      	bne.n	10006316 <cdcd_xfer_cb+0x8e>
1000633c:	4d23      	ldr	r5, [pc, #140]	; (100063cc <cdcd_xfer_cb+0x144>)
1000633e:	0028      	movs	r0, r5
10006340:	f000 f8de 	bl	10006500 <tu_fifo_count>
10006344:	2800      	cmp	r0, #0
10006346:	d1e6      	bne.n	10006316 <cdcd_xfer_cb+0x8e>
10006348:	2e00      	cmp	r6, #0
1000634a:	d0e4      	beq.n	10006316 <cdcd_xfer_cb+0x8e>
1000634c:	06b3      	lsls	r3, r6, #26
1000634e:	d1e2      	bne.n	10006316 <cdcd_xfer_cb+0x8e>
10006350:	3d2c      	subs	r5, #44	; 0x2c
10006352:	4640      	mov	r0, r8
10006354:	78a9      	ldrb	r1, [r5, #2]
10006356:	f7ff fc13 	bl	10005b80 <usbd_edpt_claim>
1000635a:	1e04      	subs	r4, r0, #0
1000635c:	d0db      	beq.n	10006316 <cdcd_xfer_cb+0x8e>
1000635e:	2300      	movs	r3, #0
10006360:	2200      	movs	r2, #0
10006362:	4640      	mov	r0, r8
10006364:	78a9      	ldrb	r1, [r5, #2]
10006366:	f7ff fc63 	bl	10005c30 <usbd_edpt_xfer>
1000636a:	e7d5      	b.n	10006318 <cdcd_xfer_cb+0x90>
1000636c:	78bb      	ldrb	r3, [r7, #2]
1000636e:	428b      	cmp	r3, r1
10006370:	d0d9      	beq.n	10006326 <cdcd_xfer_cb+0x9e>
10006372:	2400      	movs	r4, #0
10006374:	e7d0      	b.n	10006318 <cdcd_xfer_cb+0x90>
10006376:	464d      	mov	r5, r9
10006378:	3d10      	subs	r5, #16
1000637a:	2000      	movs	r0, #0
1000637c:	78e9      	ldrb	r1, [r5, #3]
1000637e:	f7ff fbff 	bl	10005b80 <usbd_edpt_claim>
10006382:	2800      	cmp	r0, #0
10006384:	d101      	bne.n	1000638a <cdcd_xfer_cb+0x102>
10006386:	78ab      	ldrb	r3, [r5, #2]
10006388:	e7c3      	b.n	10006312 <cdcd_xfer_cb+0x8a>
1000638a:	4648      	mov	r0, r9
1000638c:	f000 f8d0 	bl	10006530 <tu_fifo_remaining>
10006390:	283f      	cmp	r0, #63	; 0x3f
10006392:	d90c      	bls.n	100063ae <cdcd_xfer_cb+0x126>
10006394:	2292      	movs	r2, #146	; 0x92
10006396:	0092      	lsls	r2, r2, #2
10006398:	2340      	movs	r3, #64	; 0x40
1000639a:	2000      	movs	r0, #0
1000639c:	78e9      	ldrb	r1, [r5, #3]
1000639e:	444a      	add	r2, r9
100063a0:	f7ff fc46 	bl	10005c30 <usbd_edpt_xfer>
100063a4:	78ab      	ldrb	r3, [r5, #2]
100063a6:	e7b4      	b.n	10006312 <cdcd_xfer_cb+0x8a>
100063a8:	e000      	b.n	100063ac <cdcd_xfer_cb+0x124>
100063aa:	bf00      	nop
100063ac:	e7a9      	b.n	10006302 <cdcd_xfer_cb+0x7a>
100063ae:	2000      	movs	r0, #0
100063b0:	78e9      	ldrb	r1, [r5, #3]
100063b2:	f7ff fc17 	bl	10005be4 <usbd_edpt_release>
100063b6:	78ab      	ldrb	r3, [r5, #2]
100063b8:	e7ab      	b.n	10006312 <cdcd_xfer_cb+0x8a>
100063ba:	46c0      	nop			; (mov r8, r8)
100063bc:	20001aec 	.word	0x20001aec
	...
100063cc:	20001b18 	.word	0x20001b18

100063d0 <tusb_init>:
100063d0:	b510      	push	{r4, lr}
100063d2:	2000      	movs	r0, #0
100063d4:	f7fe fd84 	bl	10004ee0 <tud_init>
100063d8:	bd10      	pop	{r4, pc}
100063da:	46c0      	nop			; (mov r8, r8)

100063dc <tusb_inited>:
100063dc:	b510      	push	{r4, lr}
100063de:	f7fe fd79 	bl	10004ed4 <tud_inited>
100063e2:	bd10      	pop	{r4, pc}

100063e4 <tu_edpt_validate>:
100063e4:	2207      	movs	r2, #7
100063e6:	b510      	push	{r4, lr}
100063e8:	7944      	ldrb	r4, [r0, #5]
100063ea:	7903      	ldrb	r3, [r0, #4]
100063ec:	4022      	ands	r2, r4
100063ee:	0212      	lsls	r2, r2, #8
100063f0:	431a      	orrs	r2, r3
100063f2:	78c3      	ldrb	r3, [r0, #3]
100063f4:	079b      	lsls	r3, r3, #30
100063f6:	0f9b      	lsrs	r3, r3, #30
100063f8:	2b02      	cmp	r3, #2
100063fa:	d005      	beq.n	10006408 <tu_edpt_validate+0x24>
100063fc:	2b03      	cmp	r3, #3
100063fe:	d015      	beq.n	1000642c <tu_edpt_validate+0x48>
10006400:	2000      	movs	r0, #0
10006402:	2b01      	cmp	r3, #1
10006404:	d008      	beq.n	10006418 <tu_edpt_validate+0x34>
10006406:	bd10      	pop	{r4, pc}
10006408:	2902      	cmp	r1, #2
1000640a:	d01c      	beq.n	10006446 <tu_edpt_validate+0x62>
1000640c:	2000      	movs	r0, #0
1000640e:	2340      	movs	r3, #64	; 0x40
10006410:	4293      	cmp	r3, r2
10006412:	4140      	adcs	r0, r0
10006414:	b2c0      	uxtb	r0, r0
10006416:	e7f6      	b.n	10006406 <tu_edpt_validate+0x22>
10006418:	3902      	subs	r1, #2
1000641a:	424b      	negs	r3, r1
1000641c:	4159      	adcs	r1, r3
1000641e:	4b0d      	ldr	r3, [pc, #52]	; (10006454 <tu_edpt_validate+0x70>)
10006420:	469c      	mov	ip, r3
10006422:	4461      	add	r1, ip
10006424:	4291      	cmp	r1, r2
10006426:	4140      	adcs	r0, r0
10006428:	b2c0      	uxtb	r0, r0
1000642a:	e7ec      	b.n	10006406 <tu_edpt_validate+0x22>
1000642c:	3902      	subs	r1, #2
1000642e:	424b      	negs	r3, r1
10006430:	4159      	adcs	r1, r3
10006432:	23f0      	movs	r3, #240	; 0xf0
10006434:	2000      	movs	r0, #0
10006436:	4249      	negs	r1, r1
10006438:	009b      	lsls	r3, r3, #2
1000643a:	4019      	ands	r1, r3
1000643c:	3140      	adds	r1, #64	; 0x40
1000643e:	4291      	cmp	r1, r2
10006440:	4140      	adcs	r0, r0
10006442:	b2c0      	uxtb	r0, r0
10006444:	e7df      	b.n	10006406 <tu_edpt_validate+0x22>
10006446:	4b04      	ldr	r3, [pc, #16]	; (10006458 <tu_edpt_validate+0x74>)
10006448:	469c      	mov	ip, r3
1000644a:	4462      	add	r2, ip
1000644c:	4253      	negs	r3, r2
1000644e:	415a      	adcs	r2, r3
10006450:	b2d0      	uxtb	r0, r2
10006452:	e7d8      	b.n	10006406 <tu_edpt_validate+0x22>
10006454:	000003ff 	.word	0x000003ff
10006458:	fffffe00 	.word	0xfffffe00

1000645c <tu_edpt_bind_driver>:
1000645c:	b5f0      	push	{r4, r5, r6, r7, lr}
1000645e:	2a00      	cmp	r2, #0
10006460:	d011      	beq.n	10006486 <tu_edpt_bind_driver+0x2a>
10006462:	2400      	movs	r4, #0
10006464:	277f      	movs	r7, #127	; 0x7f
10006466:	784d      	ldrb	r5, [r1, #1]
10006468:	2d05      	cmp	r5, #5
1000646a:	d106      	bne.n	1000647a <tu_edpt_bind_driver+0x1e>
1000646c:	003d      	movs	r5, r7
1000646e:	788e      	ldrb	r6, [r1, #2]
10006470:	4035      	ands	r5, r6
10006472:	006d      	lsls	r5, r5, #1
10006474:	09f6      	lsrs	r6, r6, #7
10006476:	1945      	adds	r5, r0, r5
10006478:	55ab      	strb	r3, [r5, r6]
1000647a:	780d      	ldrb	r5, [r1, #0]
1000647c:	1964      	adds	r4, r4, r5
1000647e:	b2a4      	uxth	r4, r4
10006480:	1949      	adds	r1, r1, r5
10006482:	42a2      	cmp	r2, r4
10006484:	d8ef      	bhi.n	10006466 <tu_edpt_bind_driver+0xa>
10006486:	bdf0      	pop	{r4, r5, r6, r7, pc}

10006488 <tu_fifo_config>:
10006488:	b5f0      	push	{r4, r5, r6, r7, lr}
1000648a:	46c6      	mov	lr, r8
1000648c:	b500      	push	{lr}
1000648e:	0015      	movs	r5, r2
10006490:	aa06      	add	r2, sp, #24
10006492:	001e      	movs	r6, r3
10006494:	7813      	ldrb	r3, [r2, #0]
10006496:	2280      	movs	r2, #128	; 0x80
10006498:	0004      	movs	r4, r0
1000649a:	000f      	movs	r7, r1
1000649c:	4698      	mov	r8, r3
1000649e:	0212      	lsls	r2, r2, #8
100064a0:	4295      	cmp	r5, r2
100064a2:	d82a      	bhi.n	100064fa <tu_fifo_config+0x72>
100064a4:	6940      	ldr	r0, [r0, #20]
100064a6:	2800      	cmp	r0, #0
100064a8:	d003      	beq.n	100064b2 <tu_fifo_config+0x2a>
100064aa:	2101      	movs	r1, #1
100064ac:	4249      	negs	r1, r1
100064ae:	f001 f9e3 	bl	10007878 <__mutex_enter_timeout_ms_veneer>
100064b2:	69a0      	ldr	r0, [r4, #24]
100064b4:	2800      	cmp	r0, #0
100064b6:	d003      	beq.n	100064c0 <tu_fifo_config+0x38>
100064b8:	2101      	movs	r1, #1
100064ba:	4249      	negs	r1, r1
100064bc:	f001 f9dc 	bl	10007878 <__mutex_enter_timeout_ms_veneer>
100064c0:	4643      	mov	r3, r8
100064c2:	80a5      	strh	r5, [r4, #4]
100064c4:	006d      	lsls	r5, r5, #1
100064c6:	b2ad      	uxth	r5, r5
100064c8:	7223      	strb	r3, [r4, #8]
100064ca:	1e6b      	subs	r3, r5, #1
100064cc:	81a3      	strh	r3, [r4, #12]
100064ce:	2300      	movs	r3, #0
100064d0:	6960      	ldr	r0, [r4, #20]
100064d2:	426d      	negs	r5, r5
100064d4:	81e3      	strh	r3, [r4, #14]
100064d6:	6027      	str	r7, [r4, #0]
100064d8:	80e6      	strh	r6, [r4, #6]
100064da:	8165      	strh	r5, [r4, #10]
100064dc:	8223      	strh	r3, [r4, #16]
100064de:	2800      	cmp	r0, #0
100064e0:	d001      	beq.n	100064e6 <tu_fifo_config+0x5e>
100064e2:	f001 f9a9 	bl	10007838 <__mutex_exit_veneer>
100064e6:	69a0      	ldr	r0, [r4, #24]
100064e8:	2401      	movs	r4, #1
100064ea:	2800      	cmp	r0, #0
100064ec:	d001      	beq.n	100064f2 <tu_fifo_config+0x6a>
100064ee:	f001 f9a3 	bl	10007838 <__mutex_exit_veneer>
100064f2:	0020      	movs	r0, r4
100064f4:	bc80      	pop	{r7}
100064f6:	46b8      	mov	r8, r7
100064f8:	bdf0      	pop	{r4, r5, r6, r7, pc}
100064fa:	2400      	movs	r4, #0
100064fc:	e7f9      	b.n	100064f2 <tu_fifo_config+0x6a>
100064fe:	46c0      	nop			; (mov r8, r8)

10006500 <tu_fifo_count>:
10006500:	89c1      	ldrh	r1, [r0, #14]
10006502:	8a02      	ldrh	r2, [r0, #16]
10006504:	1a8b      	subs	r3, r1, r2
10006506:	b29b      	uxth	r3, r3
10006508:	4291      	cmp	r1, r2
1000650a:	d202      	bcs.n	10006512 <tu_fifo_count+0x12>
1000650c:	8942      	ldrh	r2, [r0, #10]
1000650e:	1a9b      	subs	r3, r3, r2
10006510:	b29b      	uxth	r3, r3
10006512:	8882      	ldrh	r2, [r0, #4]
10006514:	1c10      	adds	r0, r2, #0
10006516:	429a      	cmp	r2, r3
10006518:	d900      	bls.n	1000651c <tu_fifo_count+0x1c>
1000651a:	1c18      	adds	r0, r3, #0
1000651c:	b280      	uxth	r0, r0
1000651e:	4770      	bx	lr

10006520 <tu_fifo_empty>:
10006520:	0003      	movs	r3, r0
10006522:	89c0      	ldrh	r0, [r0, #14]
10006524:	8a1b      	ldrh	r3, [r3, #16]
10006526:	1ac0      	subs	r0, r0, r3
10006528:	4243      	negs	r3, r0
1000652a:	4158      	adcs	r0, r3
1000652c:	b2c0      	uxtb	r0, r0
1000652e:	4770      	bx	lr

10006530 <tu_fifo_remaining>:
10006530:	b510      	push	{r4, lr}
10006532:	89c4      	ldrh	r4, [r0, #14]
10006534:	8a01      	ldrh	r1, [r0, #16]
10006536:	8883      	ldrh	r3, [r0, #4]
10006538:	1a62      	subs	r2, r4, r1
1000653a:	b292      	uxth	r2, r2
1000653c:	428c      	cmp	r4, r1
1000653e:	d202      	bcs.n	10006546 <tu_fifo_remaining+0x16>
10006540:	8940      	ldrh	r0, [r0, #10]
10006542:	1a12      	subs	r2, r2, r0
10006544:	b292      	uxth	r2, r2
10006546:	1a98      	subs	r0, r3, r2
10006548:	b280      	uxth	r0, r0
1000654a:	bd10      	pop	{r4, pc}

1000654c <tu_fifo_read>:
1000654c:	b570      	push	{r4, r5, r6, lr}
1000654e:	0004      	movs	r4, r0
10006550:	6980      	ldr	r0, [r0, #24]
10006552:	000e      	movs	r6, r1
10006554:	2800      	cmp	r0, #0
10006556:	d003      	beq.n	10006560 <tu_fifo_read+0x14>
10006558:	2101      	movs	r1, #1
1000655a:	4249      	negs	r1, r1
1000655c:	f001 f98c 	bl	10007878 <__mutex_enter_timeout_ms_veneer>
10006560:	89e1      	ldrh	r1, [r4, #14]
10006562:	8a22      	ldrh	r2, [r4, #16]
10006564:	b288      	uxth	r0, r1
10006566:	1a8d      	subs	r5, r1, r2
10006568:	b293      	uxth	r3, r2
1000656a:	b2ad      	uxth	r5, r5
1000656c:	4291      	cmp	r1, r2
1000656e:	d202      	bcs.n	10006576 <tu_fifo_read+0x2a>
10006570:	8962      	ldrh	r2, [r4, #10]
10006572:	1aad      	subs	r5, r5, r2
10006574:	b2ad      	uxth	r5, r5
10006576:	88a2      	ldrh	r2, [r4, #4]
10006578:	42aa      	cmp	r2, r5
1000657a:	d207      	bcs.n	1000658c <tu_fifo_read+0x40>
1000657c:	4290      	cmp	r0, r2
1000657e:	d225      	bcs.n	100065cc <tu_fifo_read+0x80>
10006580:	8961      	ldrh	r1, [r4, #10]
10006582:	1851      	adds	r1, r2, r1
10006584:	1a41      	subs	r1, r0, r1
10006586:	b289      	uxth	r1, r1
10006588:	0015      	movs	r5, r2
1000658a:	8221      	strh	r1, [r4, #16]
1000658c:	2d00      	cmp	r5, #0
1000658e:	d102      	bne.n	10006596 <tu_fifo_read+0x4a>
10006590:	e022      	b.n	100065d8 <tu_fifo_read+0x8c>
10006592:	1a9b      	subs	r3, r3, r2
10006594:	b29b      	uxth	r3, r3
10006596:	429a      	cmp	r2, r3
10006598:	d9fb      	bls.n	10006592 <tu_fifo_read+0x46>
1000659a:	88e2      	ldrh	r2, [r4, #6]
1000659c:	6821      	ldr	r1, [r4, #0]
1000659e:	4353      	muls	r3, r2
100065a0:	0030      	movs	r0, r6
100065a2:	18c9      	adds	r1, r1, r3
100065a4:	f7fd fbba 	bl	10003d1c <__wrap___aeabi_memcpy>
100065a8:	8a22      	ldrh	r2, [r4, #16]
100065aa:	2501      	movs	r5, #1
100065ac:	1c53      	adds	r3, r2, #1
100065ae:	b29b      	uxth	r3, r3
100065b0:	429a      	cmp	r2, r3
100065b2:	d914      	bls.n	100065de <tu_fifo_read+0x92>
100065b4:	2300      	movs	r3, #0
100065b6:	8962      	ldrh	r2, [r4, #10]
100065b8:	189b      	adds	r3, r3, r2
100065ba:	b29b      	uxth	r3, r3
100065bc:	69a0      	ldr	r0, [r4, #24]
100065be:	8223      	strh	r3, [r4, #16]
100065c0:	2800      	cmp	r0, #0
100065c2:	d001      	beq.n	100065c8 <tu_fifo_read+0x7c>
100065c4:	f001 f938 	bl	10007838 <__mutex_exit_veneer>
100065c8:	0028      	movs	r0, r5
100065ca:	bd70      	pop	{r4, r5, r6, pc}
100065cc:	1a81      	subs	r1, r0, r2
100065ce:	89a5      	ldrh	r5, [r4, #12]
100065d0:	b289      	uxth	r1, r1
100065d2:	428d      	cmp	r5, r1
100065d4:	d2d8      	bcs.n	10006588 <tu_fifo_read+0x3c>
100065d6:	e7d3      	b.n	10006580 <tu_fifo_read+0x34>
100065d8:	2500      	movs	r5, #0
100065da:	8a23      	ldrh	r3, [r4, #16]
100065dc:	b29b      	uxth	r3, r3
100065de:	89a2      	ldrh	r2, [r4, #12]
100065e0:	429a      	cmp	r2, r3
100065e2:	d2eb      	bcs.n	100065bc <tu_fifo_read+0x70>
100065e4:	e7e7      	b.n	100065b6 <tu_fifo_read+0x6a>
100065e6:	46c0      	nop			; (mov r8, r8)

100065e8 <tu_fifo_read_n>:
100065e8:	b5f0      	push	{r4, r5, r6, r7, lr}
100065ea:	464f      	mov	r7, r9
100065ec:	4646      	mov	r6, r8
100065ee:	46d6      	mov	lr, sl
100065f0:	0005      	movs	r5, r0
100065f2:	6980      	ldr	r0, [r0, #24]
100065f4:	4688      	mov	r8, r1
100065f6:	4691      	mov	r9, r2
100065f8:	b5c0      	push	{r6, r7, lr}
100065fa:	2800      	cmp	r0, #0
100065fc:	d003      	beq.n	10006606 <tu_fifo_read_n+0x1e>
100065fe:	2101      	movs	r1, #1
10006600:	4249      	negs	r1, r1
10006602:	f001 f939 	bl	10007878 <__mutex_enter_timeout_ms_veneer>
10006606:	89ea      	ldrh	r2, [r5, #14]
10006608:	8a2b      	ldrh	r3, [r5, #16]
1000660a:	b291      	uxth	r1, r2
1000660c:	1ad6      	subs	r6, r2, r3
1000660e:	b29c      	uxth	r4, r3
10006610:	b2b6      	uxth	r6, r6
10006612:	429a      	cmp	r2, r3
10006614:	d202      	bcs.n	1000661c <tu_fifo_read_n+0x34>
10006616:	896b      	ldrh	r3, [r5, #10]
10006618:	1af6      	subs	r6, r6, r3
1000661a:	b2b6      	uxth	r6, r6
1000661c:	88af      	ldrh	r7, [r5, #4]
1000661e:	42b7      	cmp	r7, r6
10006620:	d209      	bcs.n	10006636 <tu_fifo_read_n+0x4e>
10006622:	42b9      	cmp	r1, r7
10006624:	d254      	bcs.n	100066d0 <tu_fifo_read_n+0xe8>
10006626:	896b      	ldrh	r3, [r5, #10]
10006628:	18fb      	adds	r3, r7, r3
1000662a:	1acb      	subs	r3, r1, r3
1000662c:	b29b      	uxth	r3, r3
1000662e:	003e      	movs	r6, r7
10006630:	822b      	strh	r3, [r5, #16]
10006632:	8a2c      	ldrh	r4, [r5, #16]
10006634:	b2a4      	uxth	r4, r4
10006636:	2e00      	cmp	r6, #0
10006638:	d050      	beq.n	100066dc <tu_fifo_read_n+0xf4>
1000663a:	464b      	mov	r3, r9
1000663c:	45b1      	cmp	r9, r6
1000663e:	d845      	bhi.n	100066cc <tu_fifo_read_n+0xe4>
10006640:	b29e      	uxth	r6, r3
10006642:	42a7      	cmp	r7, r4
10006644:	d803      	bhi.n	1000664e <tu_fifo_read_n+0x66>
10006646:	1be4      	subs	r4, r4, r7
10006648:	b2a4      	uxth	r4, r4
1000664a:	42a7      	cmp	r7, r4
1000664c:	d9fb      	bls.n	10006646 <tu_fifo_read_n+0x5e>
1000664e:	88eb      	ldrh	r3, [r5, #6]
10006650:	1b38      	subs	r0, r7, r4
10006652:	0019      	movs	r1, r3
10006654:	4699      	mov	r9, r3
10006656:	682b      	ldr	r3, [r5, #0]
10006658:	4361      	muls	r1, r4
1000665a:	469c      	mov	ip, r3
1000665c:	b280      	uxth	r0, r0
1000665e:	4461      	add	r1, ip
10006660:	4286      	cmp	r6, r0
10006662:	d925      	bls.n	100066b0 <tu_fifo_read_n+0xc8>
10006664:	464b      	mov	r3, r9
10006666:	4358      	muls	r0, r3
10006668:	b283      	uxth	r3, r0
1000666a:	001a      	movs	r2, r3
1000666c:	4640      	mov	r0, r8
1000666e:	469a      	mov	sl, r3
10006670:	f7fd fb54 	bl	10003d1c <__wrap___aeabi_memcpy>
10006674:	464b      	mov	r3, r9
10006676:	4640      	mov	r0, r8
10006678:	1bf7      	subs	r7, r6, r7
1000667a:	19e4      	adds	r4, r4, r7
1000667c:	435c      	muls	r4, r3
1000667e:	6829      	ldr	r1, [r5, #0]
10006680:	b2a2      	uxth	r2, r4
10006682:	4450      	add	r0, sl
10006684:	f7fd fb4a 	bl	10003d1c <__wrap___aeabi_memcpy>
10006688:	8a2a      	ldrh	r2, [r5, #16]
1000668a:	1993      	adds	r3, r2, r6
1000668c:	b29b      	uxth	r3, r3
1000668e:	429a      	cmp	r2, r3
10006690:	d918      	bls.n	100066c4 <tu_fifo_read_n+0xdc>
10006692:	896a      	ldrh	r2, [r5, #10]
10006694:	189b      	adds	r3, r3, r2
10006696:	b29b      	uxth	r3, r3
10006698:	69a8      	ldr	r0, [r5, #24]
1000669a:	822b      	strh	r3, [r5, #16]
1000669c:	2800      	cmp	r0, #0
1000669e:	d001      	beq.n	100066a4 <tu_fifo_read_n+0xbc>
100066a0:	f001 f8ca 	bl	10007838 <__mutex_exit_veneer>
100066a4:	0030      	movs	r0, r6
100066a6:	bce0      	pop	{r5, r6, r7}
100066a8:	46ba      	mov	sl, r7
100066aa:	46b1      	mov	r9, r6
100066ac:	46a8      	mov	r8, r5
100066ae:	bdf0      	pop	{r4, r5, r6, r7, pc}
100066b0:	464a      	mov	r2, r9
100066b2:	4640      	mov	r0, r8
100066b4:	4372      	muls	r2, r6
100066b6:	f7fd fb31 	bl	10003d1c <__wrap___aeabi_memcpy>
100066ba:	8a2a      	ldrh	r2, [r5, #16]
100066bc:	1993      	adds	r3, r2, r6
100066be:	b29b      	uxth	r3, r3
100066c0:	429a      	cmp	r2, r3
100066c2:	d8e6      	bhi.n	10006692 <tu_fifo_read_n+0xaa>
100066c4:	89aa      	ldrh	r2, [r5, #12]
100066c6:	429a      	cmp	r2, r3
100066c8:	d2e6      	bcs.n	10006698 <tu_fifo_read_n+0xb0>
100066ca:	e7e2      	b.n	10006692 <tu_fifo_read_n+0xaa>
100066cc:	1c33      	adds	r3, r6, #0
100066ce:	e7b7      	b.n	10006640 <tu_fifo_read_n+0x58>
100066d0:	1bcb      	subs	r3, r1, r7
100066d2:	89aa      	ldrh	r2, [r5, #12]
100066d4:	b29b      	uxth	r3, r3
100066d6:	429a      	cmp	r2, r3
100066d8:	d2a9      	bcs.n	1000662e <tu_fifo_read_n+0x46>
100066da:	e7a4      	b.n	10006626 <tu_fifo_read_n+0x3e>
100066dc:	8a2b      	ldrh	r3, [r5, #16]
100066de:	89aa      	ldrh	r2, [r5, #12]
100066e0:	b29b      	uxth	r3, r3
100066e2:	429a      	cmp	r2, r3
100066e4:	d2d8      	bcs.n	10006698 <tu_fifo_read_n+0xb0>
100066e6:	e7d4      	b.n	10006692 <tu_fifo_read_n+0xaa>

100066e8 <tu_fifo_write>:
100066e8:	b5f8      	push	{r3, r4, r5, r6, r7, lr}
100066ea:	0004      	movs	r4, r0
100066ec:	6940      	ldr	r0, [r0, #20]
100066ee:	000e      	movs	r6, r1
100066f0:	2800      	cmp	r0, #0
100066f2:	d003      	beq.n	100066fc <tu_fifo_write+0x14>
100066f4:	2101      	movs	r1, #1
100066f6:	4249      	negs	r1, r1
100066f8:	f001 f8be 	bl	10007878 <__mutex_enter_timeout_ms_veneer>
100066fc:	89e2      	ldrh	r2, [r4, #14]
100066fe:	8a21      	ldrh	r1, [r4, #16]
10006700:	b295      	uxth	r5, r2
10006702:	1a53      	subs	r3, r2, r1
10006704:	b29b      	uxth	r3, r3
10006706:	4291      	cmp	r1, r2
10006708:	d902      	bls.n	10006710 <tu_fifo_write+0x28>
1000670a:	8962      	ldrh	r2, [r4, #10]
1000670c:	1a9b      	subs	r3, r3, r2
1000670e:	b29b      	uxth	r3, r3
10006710:	88a2      	ldrh	r2, [r4, #4]
10006712:	429a      	cmp	r2, r3
10006714:	d021      	beq.n	1000675a <tu_fifo_write+0x72>
10006716:	002b      	movs	r3, r5
10006718:	4295      	cmp	r5, r2
1000671a:	d303      	bcc.n	10006724 <tu_fifo_write+0x3c>
1000671c:	1a9b      	subs	r3, r3, r2
1000671e:	b29b      	uxth	r3, r3
10006720:	429a      	cmp	r2, r3
10006722:	d9fb      	bls.n	1000671c <tu_fifo_write+0x34>
10006724:	88e2      	ldrh	r2, [r4, #6]
10006726:	6821      	ldr	r1, [r4, #0]
10006728:	4353      	muls	r3, r2
1000672a:	18c8      	adds	r0, r1, r3
1000672c:	0031      	movs	r1, r6
1000672e:	f7fd faf5 	bl	10003d1c <__wrap___aeabi_memcpy>
10006732:	1c6b      	adds	r3, r5, #1
10006734:	b29b      	uxth	r3, r3
10006736:	429d      	cmp	r5, r3
10006738:	d90b      	bls.n	10006752 <tu_fifo_write+0x6a>
1000673a:	8962      	ldrh	r2, [r4, #10]
1000673c:	189b      	adds	r3, r3, r2
1000673e:	b29b      	uxth	r3, r3
10006740:	6960      	ldr	r0, [r4, #20]
10006742:	2701      	movs	r7, #1
10006744:	81e3      	strh	r3, [r4, #14]
10006746:	2800      	cmp	r0, #0
10006748:	d001      	beq.n	1000674e <tu_fifo_write+0x66>
1000674a:	f001 f875 	bl	10007838 <__mutex_exit_veneer>
1000674e:	0038      	movs	r0, r7
10006750:	bdf8      	pop	{r3, r4, r5, r6, r7, pc}
10006752:	89a2      	ldrh	r2, [r4, #12]
10006754:	429a      	cmp	r2, r3
10006756:	d2f3      	bcs.n	10006740 <tu_fifo_write+0x58>
10006758:	e7ef      	b.n	1000673a <tu_fifo_write+0x52>
1000675a:	7a27      	ldrb	r7, [r4, #8]
1000675c:	2f00      	cmp	r7, #0
1000675e:	d1da      	bne.n	10006716 <tu_fifo_write+0x2e>
10006760:	e7f5      	b.n	1000674e <tu_fifo_write+0x66>
10006762:	46c0      	nop			; (mov r8, r8)

10006764 <tu_fifo_write_n>:
10006764:	b5f8      	push	{r3, r4, r5, r6, r7, lr}
10006766:	4645      	mov	r5, r8
10006768:	464e      	mov	r6, r9
1000676a:	46de      	mov	lr, fp
1000676c:	4657      	mov	r7, sl
1000676e:	4688      	mov	r8, r1
10006770:	b5e0      	push	{r5, r6, r7, lr}
10006772:	0005      	movs	r5, r0
10006774:	1e16      	subs	r6, r2, #0
10006776:	d05a      	beq.n	1000682e <tu_fifo_write_n+0xca>
10006778:	6940      	ldr	r0, [r0, #20]
1000677a:	2800      	cmp	r0, #0
1000677c:	d003      	beq.n	10006786 <tu_fifo_write_n+0x22>
1000677e:	2101      	movs	r1, #1
10006780:	4249      	negs	r1, r1
10006782:	f001 f879 	bl	10007878 <__mutex_enter_timeout_ms_veneer>
10006786:	89ef      	ldrh	r7, [r5, #14]
10006788:	7a2b      	ldrb	r3, [r5, #8]
1000678a:	8a29      	ldrh	r1, [r5, #16]
1000678c:	b2bf      	uxth	r7, r7
1000678e:	b289      	uxth	r1, r1
10006790:	2b00      	cmp	r3, #0
10006792:	d13b      	bne.n	1000680c <tu_fifo_write_n+0xa8>
10006794:	1a7a      	subs	r2, r7, r1
10006796:	88ab      	ldrh	r3, [r5, #4]
10006798:	b292      	uxth	r2, r2
1000679a:	428f      	cmp	r7, r1
1000679c:	d202      	bcs.n	100067a4 <tu_fifo_write_n+0x40>
1000679e:	8969      	ldrh	r1, [r5, #10]
100067a0:	1a52      	subs	r2, r2, r1
100067a2:	b292      	uxth	r2, r2
100067a4:	1a9a      	subs	r2, r3, r2
100067a6:	1c11      	adds	r1, r2, #0
100067a8:	b292      	uxth	r2, r2
100067aa:	42b2      	cmp	r2, r6
100067ac:	d853      	bhi.n	10006856 <tu_fifo_write_n+0xf2>
100067ae:	88ea      	ldrh	r2, [r5, #6]
100067b0:	b28e      	uxth	r6, r1
100067b2:	4692      	mov	sl, r2
100067b4:	1af2      	subs	r2, r6, r3
100067b6:	b292      	uxth	r2, r2
100067b8:	4691      	mov	r9, r2
100067ba:	003c      	movs	r4, r7
100067bc:	429f      	cmp	r7, r3
100067be:	d303      	bcc.n	100067c8 <tu_fifo_write_n+0x64>
100067c0:	1ae4      	subs	r4, r4, r3
100067c2:	b2a4      	uxth	r4, r4
100067c4:	429c      	cmp	r4, r3
100067c6:	d2fb      	bcs.n	100067c0 <tu_fifo_write_n+0x5c>
100067c8:	4650      	mov	r0, sl
100067ca:	682a      	ldr	r2, [r5, #0]
100067cc:	4360      	muls	r0, r4
100067ce:	4694      	mov	ip, r2
100067d0:	1b1b      	subs	r3, r3, r4
100067d2:	b29b      	uxth	r3, r3
100067d4:	4652      	mov	r2, sl
100067d6:	4460      	add	r0, ip
100067d8:	429e      	cmp	r6, r3
100067da:	d82a      	bhi.n	10006832 <tu_fifo_write_n+0xce>
100067dc:	4641      	mov	r1, r8
100067de:	4372      	muls	r2, r6
100067e0:	f7fd fa9c 	bl	10003d1c <__wrap___aeabi_memcpy>
100067e4:	19f3      	adds	r3, r6, r7
100067e6:	b29b      	uxth	r3, r3
100067e8:	429f      	cmp	r7, r3
100067ea:	d81c      	bhi.n	10006826 <tu_fifo_write_n+0xc2>
100067ec:	89aa      	ldrh	r2, [r5, #12]
100067ee:	429a      	cmp	r2, r3
100067f0:	d319      	bcc.n	10006826 <tu_fifo_write_n+0xc2>
100067f2:	6968      	ldr	r0, [r5, #20]
100067f4:	81eb      	strh	r3, [r5, #14]
100067f6:	2800      	cmp	r0, #0
100067f8:	d001      	beq.n	100067fe <tu_fifo_write_n+0x9a>
100067fa:	f001 f81d 	bl	10007838 <__mutex_exit_veneer>
100067fe:	0030      	movs	r0, r6
10006800:	bcf0      	pop	{r4, r5, r6, r7}
10006802:	46bb      	mov	fp, r7
10006804:	46b2      	mov	sl, r6
10006806:	46a9      	mov	r9, r5
10006808:	46a0      	mov	r8, r4
1000680a:	bdf8      	pop	{r3, r4, r5, r6, r7, pc}
1000680c:	88ea      	ldrh	r2, [r5, #6]
1000680e:	88ab      	ldrh	r3, [r5, #4]
10006810:	4692      	mov	sl, r2
10006812:	429e      	cmp	r6, r3
10006814:	d321      	bcc.n	1000685a <tu_fifo_write_n+0xf6>
10006816:	1af6      	subs	r6, r6, r3
10006818:	4356      	muls	r6, r2
1000681a:	2200      	movs	r2, #0
1000681c:	44b0      	add	r8, r6
1000681e:	000f      	movs	r7, r1
10006820:	001e      	movs	r6, r3
10006822:	4691      	mov	r9, r2
10006824:	e7c9      	b.n	100067ba <tu_fifo_write_n+0x56>
10006826:	896a      	ldrh	r2, [r5, #10]
10006828:	189b      	adds	r3, r3, r2
1000682a:	b29b      	uxth	r3, r3
1000682c:	e7e1      	b.n	100067f2 <tu_fifo_write_n+0x8e>
1000682e:	2600      	movs	r6, #0
10006830:	e7e5      	b.n	100067fe <tu_fifo_write_n+0x9a>
10006832:	4353      	muls	r3, r2
10006834:	b29b      	uxth	r3, r3
10006836:	001a      	movs	r2, r3
10006838:	4641      	mov	r1, r8
1000683a:	469b      	mov	fp, r3
1000683c:	f7fd fa6e 	bl	10003d1c <__wrap___aeabi_memcpy>
10006840:	0022      	movs	r2, r4
10006842:	4653      	mov	r3, sl
10006844:	4641      	mov	r1, r8
10006846:	444a      	add	r2, r9
10006848:	435a      	muls	r2, r3
1000684a:	6828      	ldr	r0, [r5, #0]
1000684c:	b292      	uxth	r2, r2
1000684e:	4459      	add	r1, fp
10006850:	f7fd fa64 	bl	10003d1c <__wrap___aeabi_memcpy>
10006854:	e7c6      	b.n	100067e4 <tu_fifo_write_n+0x80>
10006856:	1c31      	adds	r1, r6, #0
10006858:	e7a9      	b.n	100067ae <tu_fifo_write_n+0x4a>
1000685a:	1af2      	subs	r2, r6, r3
1000685c:	b292      	uxth	r2, r2
1000685e:	4691      	mov	r9, r2
10006860:	e7ab      	b.n	100067ba <tu_fifo_write_n+0x56>
10006862:	46c0      	nop			; (mov r8, r8)

10006864 <tu_fifo_clear>:
10006864:	b510      	push	{r4, lr}
10006866:	0004      	movs	r4, r0
10006868:	6940      	ldr	r0, [r0, #20]
1000686a:	2800      	cmp	r0, #0
1000686c:	d003      	beq.n	10006876 <tu_fifo_clear+0x12>
1000686e:	2101      	movs	r1, #1
10006870:	4249      	negs	r1, r1
10006872:	f001 f801 	bl	10007878 <__mutex_enter_timeout_ms_veneer>
10006876:	69a0      	ldr	r0, [r4, #24]
10006878:	2800      	cmp	r0, #0
1000687a:	d003      	beq.n	10006884 <tu_fifo_clear+0x20>
1000687c:	2101      	movs	r1, #1
1000687e:	4249      	negs	r1, r1
10006880:	f000 fffa 	bl	10007878 <__mutex_enter_timeout_ms_veneer>
10006884:	2300      	movs	r3, #0
10006886:	81e3      	strh	r3, [r4, #14]
10006888:	8223      	strh	r3, [r4, #16]
1000688a:	88a3      	ldrh	r3, [r4, #4]
1000688c:	6960      	ldr	r0, [r4, #20]
1000688e:	005b      	lsls	r3, r3, #1
10006890:	b29b      	uxth	r3, r3
10006892:	1e5a      	subs	r2, r3, #1
10006894:	425b      	negs	r3, r3
10006896:	81a2      	strh	r2, [r4, #12]
10006898:	8163      	strh	r3, [r4, #10]
1000689a:	2800      	cmp	r0, #0
1000689c:	d001      	beq.n	100068a2 <tu_fifo_clear+0x3e>
1000689e:	f000 ffcb 	bl	10007838 <__mutex_exit_veneer>
100068a2:	69a0      	ldr	r0, [r4, #24]
100068a4:	2800      	cmp	r0, #0
100068a6:	d001      	beq.n	100068ac <tu_fifo_clear+0x48>
100068a8:	f000 ffc6 	bl	10007838 <__mutex_exit_veneer>
100068ac:	2001      	movs	r0, #1
100068ae:	bd10      	pop	{r4, pc}

100068b0 <tu_fifo_set_overwritable>:
100068b0:	b570      	push	{r4, r5, r6, lr}
100068b2:	0004      	movs	r4, r0
100068b4:	6940      	ldr	r0, [r0, #20]
100068b6:	000d      	movs	r5, r1
100068b8:	2800      	cmp	r0, #0
100068ba:	d003      	beq.n	100068c4 <tu_fifo_set_overwritable+0x14>
100068bc:	2101      	movs	r1, #1
100068be:	4249      	negs	r1, r1
100068c0:	f000 ffda 	bl	10007878 <__mutex_enter_timeout_ms_veneer>
100068c4:	69a0      	ldr	r0, [r4, #24]
100068c6:	2800      	cmp	r0, #0
100068c8:	d003      	beq.n	100068d2 <tu_fifo_set_overwritable+0x22>
100068ca:	2101      	movs	r1, #1
100068cc:	4249      	negs	r1, r1
100068ce:	f000 ffd3 	bl	10007878 <__mutex_enter_timeout_ms_veneer>
100068d2:	6960      	ldr	r0, [r4, #20]
100068d4:	7225      	strb	r5, [r4, #8]
100068d6:	2800      	cmp	r0, #0
100068d8:	d001      	beq.n	100068de <tu_fifo_set_overwritable+0x2e>
100068da:	f000 ffad 	bl	10007838 <__mutex_exit_veneer>
100068de:	69a0      	ldr	r0, [r4, #24]
100068e0:	2800      	cmp	r0, #0
100068e2:	d001      	beq.n	100068e8 <tu_fifo_set_overwritable+0x38>
100068e4:	f000 ffa8 	bl	10007838 <__mutex_exit_veneer>
100068e8:	2001      	movs	r0, #1
100068ea:	bd70      	pop	{r4, r5, r6, pc}

100068ec <_retrieve_unique_id_on_boot>:
100068ec:	b510      	push	{r4, lr}
100068ee:	4802      	ldr	r0, [pc, #8]	; (100068f8 <_retrieve_unique_id_on_boot+0xc>)
100068f0:	f000 f8d8 	bl	10006aa4 <flash_get_unique_id>
100068f4:	bd10      	pop	{r4, pc}
100068f6:	46c0      	nop			; (mov r8, r8)
100068f8:	20002508 	.word	0x20002508

100068fc <pico_get_unique_board_id_string>:
100068fc:	b530      	push	{r4, r5, lr}
100068fe:	1e4b      	subs	r3, r1, #1
10006900:	2901      	cmp	r1, #1
10006902:	d100      	bne.n	10006906 <pico_get_unique_board_id_string+0xa>
10006904:	e0a7      	b.n	10006a56 <pico_get_unique_board_id_string+0x15a>
10006906:	4a66      	ldr	r2, [pc, #408]	; (10006aa0 <pico_get_unique_board_id_string+0x1a4>)
10006908:	7811      	ldrb	r1, [r2, #0]
1000690a:	110d      	asrs	r5, r1, #4
1000690c:	002c      	movs	r4, r5
1000690e:	3430      	adds	r4, #48	; 0x30
10006910:	299f      	cmp	r1, #159	; 0x9f
10006912:	d900      	bls.n	10006916 <pico_get_unique_board_id_string+0x1a>
10006914:	e0a2      	b.n	10006a5c <pico_get_unique_board_id_string+0x160>
10006916:	7004      	strb	r4, [r0, #0]
10006918:	2b01      	cmp	r3, #1
1000691a:	d100      	bne.n	1000691e <pico_get_unique_board_id_string+0x22>
1000691c:	e0be      	b.n	10006a9c <pico_get_unique_board_id_string+0x1a0>
1000691e:	210f      	movs	r1, #15
10006920:	7814      	ldrb	r4, [r2, #0]
10006922:	4021      	ands	r1, r4
10006924:	000c      	movs	r4, r1
10006926:	3430      	adds	r4, #48	; 0x30
10006928:	2909      	cmp	r1, #9
1000692a:	dd00      	ble.n	1000692e <pico_get_unique_board_id_string+0x32>
1000692c:	e098      	b.n	10006a60 <pico_get_unique_board_id_string+0x164>
1000692e:	7044      	strb	r4, [r0, #1]
10006930:	2b02      	cmp	r3, #2
10006932:	d100      	bne.n	10006936 <pico_get_unique_board_id_string+0x3a>
10006934:	e0b2      	b.n	10006a9c <pico_get_unique_board_id_string+0x1a0>
10006936:	7854      	ldrb	r4, [r2, #1]
10006938:	1125      	asrs	r5, r4, #4
1000693a:	0029      	movs	r1, r5
1000693c:	3130      	adds	r1, #48	; 0x30
1000693e:	2c9f      	cmp	r4, #159	; 0x9f
10006940:	d900      	bls.n	10006944 <pico_get_unique_board_id_string+0x48>
10006942:	e090      	b.n	10006a66 <pico_get_unique_board_id_string+0x16a>
10006944:	7081      	strb	r1, [r0, #2]
10006946:	2b03      	cmp	r3, #3
10006948:	d100      	bne.n	1000694c <pico_get_unique_board_id_string+0x50>
1000694a:	e0a7      	b.n	10006a9c <pico_get_unique_board_id_string+0x1a0>
1000694c:	210f      	movs	r1, #15
1000694e:	4021      	ands	r1, r4
10006950:	000c      	movs	r4, r1
10006952:	3430      	adds	r4, #48	; 0x30
10006954:	2909      	cmp	r1, #9
10006956:	dd00      	ble.n	1000695a <pico_get_unique_board_id_string+0x5e>
10006958:	e087      	b.n	10006a6a <pico_get_unique_board_id_string+0x16e>
1000695a:	70c4      	strb	r4, [r0, #3]
1000695c:	2b04      	cmp	r3, #4
1000695e:	d100      	bne.n	10006962 <pico_get_unique_board_id_string+0x66>
10006960:	e09c      	b.n	10006a9c <pico_get_unique_board_id_string+0x1a0>
10006962:	7894      	ldrb	r4, [r2, #2]
10006964:	1125      	asrs	r5, r4, #4
10006966:	0029      	movs	r1, r5
10006968:	3130      	adds	r1, #48	; 0x30
1000696a:	2c9f      	cmp	r4, #159	; 0x9f
1000696c:	d900      	bls.n	10006970 <pico_get_unique_board_id_string+0x74>
1000696e:	e07f      	b.n	10006a70 <pico_get_unique_board_id_string+0x174>
10006970:	7101      	strb	r1, [r0, #4]
10006972:	2b05      	cmp	r3, #5
10006974:	d100      	bne.n	10006978 <pico_get_unique_board_id_string+0x7c>
10006976:	e091      	b.n	10006a9c <pico_get_unique_board_id_string+0x1a0>
10006978:	210f      	movs	r1, #15
1000697a:	4021      	ands	r1, r4
1000697c:	000c      	movs	r4, r1
1000697e:	3430      	adds	r4, #48	; 0x30
10006980:	2909      	cmp	r1, #9
10006982:	dd00      	ble.n	10006986 <pico_get_unique_board_id_string+0x8a>
10006984:	e076      	b.n	10006a74 <pico_get_unique_board_id_string+0x178>
10006986:	7144      	strb	r4, [r0, #5]
10006988:	2b06      	cmp	r3, #6
1000698a:	d100      	bne.n	1000698e <pico_get_unique_board_id_string+0x92>
1000698c:	e086      	b.n	10006a9c <pico_get_unique_board_id_string+0x1a0>
1000698e:	78d4      	ldrb	r4, [r2, #3]
10006990:	1125      	asrs	r5, r4, #4
10006992:	0029      	movs	r1, r5
10006994:	3130      	adds	r1, #48	; 0x30
10006996:	2c9f      	cmp	r4, #159	; 0x9f
10006998:	d900      	bls.n	1000699c <pico_get_unique_board_id_string+0xa0>
1000699a:	e06e      	b.n	10006a7a <pico_get_unique_board_id_string+0x17e>
1000699c:	7181      	strb	r1, [r0, #6]
1000699e:	2b07      	cmp	r3, #7
100069a0:	d100      	bne.n	100069a4 <pico_get_unique_board_id_string+0xa8>
100069a2:	e07b      	b.n	10006a9c <pico_get_unique_board_id_string+0x1a0>
100069a4:	210f      	movs	r1, #15
100069a6:	4021      	ands	r1, r4
100069a8:	000c      	movs	r4, r1
100069aa:	3430      	adds	r4, #48	; 0x30
100069ac:	2909      	cmp	r1, #9
100069ae:	dc66      	bgt.n	10006a7e <pico_get_unique_board_id_string+0x182>
100069b0:	71c4      	strb	r4, [r0, #7]
100069b2:	2b08      	cmp	r3, #8
100069b4:	d100      	bne.n	100069b8 <pico_get_unique_board_id_string+0xbc>
100069b6:	e071      	b.n	10006a9c <pico_get_unique_board_id_string+0x1a0>
100069b8:	7914      	ldrb	r4, [r2, #4]
100069ba:	1125      	asrs	r5, r4, #4
100069bc:	0029      	movs	r1, r5
100069be:	3130      	adds	r1, #48	; 0x30
100069c0:	2c9f      	cmp	r4, #159	; 0x9f
100069c2:	d85f      	bhi.n	10006a84 <pico_get_unique_board_id_string+0x188>
100069c4:	7201      	strb	r1, [r0, #8]
100069c6:	2b09      	cmp	r3, #9
100069c8:	d068      	beq.n	10006a9c <pico_get_unique_board_id_string+0x1a0>
100069ca:	210f      	movs	r1, #15
100069cc:	4021      	ands	r1, r4
100069ce:	000c      	movs	r4, r1
100069d0:	3430      	adds	r4, #48	; 0x30
100069d2:	2909      	cmp	r1, #9
100069d4:	dc58      	bgt.n	10006a88 <pico_get_unique_board_id_string+0x18c>
100069d6:	7244      	strb	r4, [r0, #9]
100069d8:	2b0a      	cmp	r3, #10
100069da:	d05f      	beq.n	10006a9c <pico_get_unique_board_id_string+0x1a0>
100069dc:	7954      	ldrb	r4, [r2, #5]
100069de:	1125      	asrs	r5, r4, #4
100069e0:	0029      	movs	r1, r5
100069e2:	3130      	adds	r1, #48	; 0x30
100069e4:	2c9f      	cmp	r4, #159	; 0x9f
100069e6:	d852      	bhi.n	10006a8e <pico_get_unique_board_id_string+0x192>
100069e8:	7281      	strb	r1, [r0, #10]
100069ea:	2b0b      	cmp	r3, #11
100069ec:	d056      	beq.n	10006a9c <pico_get_unique_board_id_string+0x1a0>
100069ee:	210f      	movs	r1, #15
100069f0:	4021      	ands	r1, r4
100069f2:	000c      	movs	r4, r1
100069f4:	3430      	adds	r4, #48	; 0x30
100069f6:	2909      	cmp	r1, #9
100069f8:	dc4b      	bgt.n	10006a92 <pico_get_unique_board_id_string+0x196>
100069fa:	72c4      	strb	r4, [r0, #11]
100069fc:	2b0c      	cmp	r3, #12
100069fe:	d04d      	beq.n	10006a9c <pico_get_unique_board_id_string+0x1a0>
10006a00:	7994      	ldrb	r4, [r2, #6]
10006a02:	1125      	asrs	r5, r4, #4
10006a04:	0029      	movs	r1, r5
10006a06:	3130      	adds	r1, #48	; 0x30
10006a08:	2c9f      	cmp	r4, #159	; 0x9f
10006a0a:	d900      	bls.n	10006a0e <pico_get_unique_board_id_string+0x112>
10006a0c:	3107      	adds	r1, #7
10006a0e:	7301      	strb	r1, [r0, #12]
10006a10:	2b0d      	cmp	r3, #13
10006a12:	d043      	beq.n	10006a9c <pico_get_unique_board_id_string+0x1a0>
10006a14:	210f      	movs	r1, #15
10006a16:	4021      	ands	r1, r4
10006a18:	000c      	movs	r4, r1
10006a1a:	3430      	adds	r4, #48	; 0x30
10006a1c:	2909      	cmp	r1, #9
10006a1e:	dd01      	ble.n	10006a24 <pico_get_unique_board_id_string+0x128>
10006a20:	3137      	adds	r1, #55	; 0x37
10006a22:	000c      	movs	r4, r1
10006a24:	7344      	strb	r4, [r0, #13]
10006a26:	2b0e      	cmp	r3, #14
10006a28:	d038      	beq.n	10006a9c <pico_get_unique_board_id_string+0x1a0>
10006a2a:	79d1      	ldrb	r1, [r2, #7]
10006a2c:	110c      	asrs	r4, r1, #4
10006a2e:	0022      	movs	r2, r4
10006a30:	3230      	adds	r2, #48	; 0x30
10006a32:	299f      	cmp	r1, #159	; 0x9f
10006a34:	d900      	bls.n	10006a38 <pico_get_unique_board_id_string+0x13c>
10006a36:	3207      	adds	r2, #7
10006a38:	7382      	strb	r2, [r0, #14]
10006a3a:	2b0f      	cmp	r3, #15
10006a3c:	d02e      	beq.n	10006a9c <pico_get_unique_board_id_string+0x1a0>
10006a3e:	220f      	movs	r2, #15
10006a40:	400a      	ands	r2, r1
10006a42:	0011      	movs	r1, r2
10006a44:	3137      	adds	r1, #55	; 0x37
10006a46:	2a09      	cmp	r2, #9
10006a48:	dc01      	bgt.n	10006a4e <pico_get_unique_board_id_string+0x152>
10006a4a:	3230      	adds	r2, #48	; 0x30
10006a4c:	0011      	movs	r1, r2
10006a4e:	73c1      	strb	r1, [r0, #15]
10006a50:	2b10      	cmp	r3, #16
10006a52:	d023      	beq.n	10006a9c <pico_get_unique_board_id_string+0x1a0>
10006a54:	3010      	adds	r0, #16
10006a56:	2300      	movs	r3, #0
10006a58:	7003      	strb	r3, [r0, #0]
10006a5a:	bd30      	pop	{r4, r5, pc}
10006a5c:	3407      	adds	r4, #7
10006a5e:	e75a      	b.n	10006916 <pico_get_unique_board_id_string+0x1a>
10006a60:	3137      	adds	r1, #55	; 0x37
10006a62:	000c      	movs	r4, r1
10006a64:	e763      	b.n	1000692e <pico_get_unique_board_id_string+0x32>
10006a66:	3107      	adds	r1, #7
10006a68:	e76c      	b.n	10006944 <pico_get_unique_board_id_string+0x48>
10006a6a:	3137      	adds	r1, #55	; 0x37
10006a6c:	000c      	movs	r4, r1
10006a6e:	e774      	b.n	1000695a <pico_get_unique_board_id_string+0x5e>
10006a70:	3107      	adds	r1, #7
10006a72:	e77d      	b.n	10006970 <pico_get_unique_board_id_string+0x74>
10006a74:	3137      	adds	r1, #55	; 0x37
10006a76:	000c      	movs	r4, r1
10006a78:	e785      	b.n	10006986 <pico_get_unique_board_id_string+0x8a>
10006a7a:	3107      	adds	r1, #7
10006a7c:	e78e      	b.n	1000699c <pico_get_unique_board_id_string+0xa0>
10006a7e:	3137      	adds	r1, #55	; 0x37
10006a80:	000c      	movs	r4, r1
10006a82:	e795      	b.n	100069b0 <pico_get_unique_board_id_string+0xb4>
10006a84:	3107      	adds	r1, #7
10006a86:	e79d      	b.n	100069c4 <pico_get_unique_board_id_string+0xc8>
10006a88:	3137      	adds	r1, #55	; 0x37
10006a8a:	000c      	movs	r4, r1
10006a8c:	e7a3      	b.n	100069d6 <pico_get_unique_board_id_string+0xda>
10006a8e:	3107      	adds	r1, #7
10006a90:	e7aa      	b.n	100069e8 <pico_get_unique_board_id_string+0xec>
10006a92:	3137      	adds	r1, #55	; 0x37
10006a94:	000c      	movs	r4, r1
10006a96:	72c4      	strb	r4, [r0, #11]
10006a98:	2b0c      	cmp	r3, #12
10006a9a:	d1b1      	bne.n	10006a00 <pico_get_unique_board_id_string+0x104>
10006a9c:	18c0      	adds	r0, r0, r3
10006a9e:	e7da      	b.n	10006a56 <pico_get_unique_board_id_string+0x15a>
10006aa0:	20002508 	.word	0x20002508

10006aa4 <flash_get_unique_id>:
10006aa4:	b530      	push	{r4, r5, lr}
10006aa6:	2500      	movs	r5, #0
10006aa8:	b089      	sub	sp, #36	; 0x24
10006aaa:	0004      	movs	r4, r0
10006aac:	2209      	movs	r2, #9
10006aae:	2100      	movs	r1, #0
10006ab0:	a801      	add	r0, sp, #4
10006ab2:	9500      	str	r5, [sp, #0]
10006ab4:	f7fd f92c 	bl	10003d10 <__wrap_memset>
10006ab8:	2209      	movs	r2, #9
10006aba:	2100      	movs	r1, #0
10006abc:	a805      	add	r0, sp, #20
10006abe:	9504      	str	r5, [sp, #16]
10006ac0:	f7fd f926 	bl	10003d10 <__wrap_memset>
10006ac4:	234b      	movs	r3, #75	; 0x4b
10006ac6:	466a      	mov	r2, sp
10006ac8:	4668      	mov	r0, sp
10006aca:	7013      	strb	r3, [r2, #0]
10006acc:	a904      	add	r1, sp, #16
10006ace:	220d      	movs	r2, #13
10006ad0:	f000 feaa 	bl	10007828 <__flash_do_cmd_veneer>
10006ad4:	2115      	movs	r1, #21
10006ad6:	2208      	movs	r2, #8
10006ad8:	0020      	movs	r0, r4
10006ada:	4469      	add	r1, sp
10006adc:	f7fd f91e 	bl	10003d1c <__wrap___aeabi_memcpy>
10006ae0:	b009      	add	sp, #36	; 0x24
10006ae2:	bd30      	pop	{r4, r5, pc}

10006ae4 <spi_init>:
10006ae4:	b5f8      	push	{r3, r4, r5, r6, r7, lr}
10006ae6:	4657      	mov	r7, sl
10006ae8:	4682      	mov	sl, r0
10006aea:	4b38      	ldr	r3, [pc, #224]	; (10006bcc <spi_init+0xe8>)
10006aec:	4645      	mov	r5, r8
10006aee:	4453      	add	r3, sl
10006af0:	425a      	negs	r2, r3
10006af2:	4153      	adcs	r3, r2
10006af4:	2280      	movs	r2, #128	; 0x80
10006af6:	0292      	lsls	r2, r2, #10
10006af8:	4694      	mov	ip, r2
10006afa:	46de      	mov	lr, fp
10006afc:	464e      	mov	r6, r9
10006afe:	425b      	negs	r3, r3
10006b00:	0c1b      	lsrs	r3, r3, #16
10006b02:	4a33      	ldr	r2, [pc, #204]	; (10006bd0 <spi_init+0xec>)
10006b04:	041b      	lsls	r3, r3, #16
10006b06:	4463      	add	r3, ip
10006b08:	b5e0      	push	{r5, r6, r7, lr}
10006b0a:	6013      	str	r3, [r2, #0]
10006b0c:	4a31      	ldr	r2, [pc, #196]	; (10006bd4 <spi_init+0xf0>)
10006b0e:	000d      	movs	r5, r1
10006b10:	4931      	ldr	r1, [pc, #196]	; (10006bd8 <spi_init+0xf4>)
10006b12:	6013      	str	r3, [r2, #0]
10006b14:	0018      	movs	r0, r3
10006b16:	688a      	ldr	r2, [r1, #8]
10006b18:	4390      	bics	r0, r2
10006b1a:	4681      	mov	r9, r0
10006b1c:	d1fa      	bne.n	10006b14 <spi_init+0x30>
10006b1e:	2006      	movs	r0, #6
10006b20:	f7fb f916 	bl	10001d50 <clock_get_hz>
10006b24:	4680      	mov	r8, r0
10006b26:	2080      	movs	r0, #128	; 0x80
10006b28:	2102      	movs	r1, #2
10006b2a:	0def      	lsrs	r7, r5, #23
10006b2c:	026e      	lsls	r6, r5, #9
10006b2e:	0dab      	lsrs	r3, r5, #22
10006b30:	02aa      	lsls	r2, r5, #10
10006b32:	0040      	lsls	r0, r0, #1
10006b34:	e005      	b.n	10006b42 <spi_init+0x5e>
10006b36:	4590      	cmp	r8, r2
10006b38:	d307      	bcc.n	10006b4a <spi_init+0x66>
10006b3a:	1992      	adds	r2, r2, r6
10006b3c:	417b      	adcs	r3, r7
10006b3e:	4281      	cmp	r1, r0
10006b40:	d03f      	beq.n	10006bc2 <spi_init+0xde>
10006b42:	000c      	movs	r4, r1
10006b44:	3102      	adds	r1, #2
10006b46:	2b00      	cmp	r3, #0
10006b48:	d0f5      	beq.n	10006b36 <spi_init+0x52>
10006b4a:	2680      	movs	r6, #128	; 0x80
10006b4c:	0227      	lsls	r7, r4, #8
10006b4e:	1b3f      	subs	r7, r7, r4
10006b50:	0076      	lsls	r6, r6, #1
10006b52:	e002      	b.n	10006b5a <spi_init+0x76>
10006b54:	1b3f      	subs	r7, r7, r4
10006b56:	2e01      	cmp	r6, #1
10006b58:	d035      	beq.n	10006bc6 <spi_init+0xe2>
10006b5a:	0039      	movs	r1, r7
10006b5c:	4640      	mov	r0, r8
10006b5e:	46b3      	mov	fp, r6
10006b60:	3e01      	subs	r6, #1
10006b62:	f7fc fcff 	bl	10003564 <__wrap___aeabi_uidiv>
10006b66:	4285      	cmp	r5, r0
10006b68:	d2f4      	bcs.n	10006b54 <spi_init+0x70>
10006b6a:	4659      	mov	r1, fp
10006b6c:	0233      	lsls	r3, r6, #8
10006b6e:	4699      	mov	r9, r3
10006b70:	4361      	muls	r1, r4
10006b72:	4653      	mov	r3, sl
10006b74:	464a      	mov	r2, r9
10006b76:	611c      	str	r4, [r3, #16]
10006b78:	681b      	ldr	r3, [r3, #0]
10006b7a:	4650      	mov	r0, sl
10006b7c:	4053      	eors	r3, r2
10006b7e:	22ff      	movs	r2, #255	; 0xff
10006b80:	0212      	lsls	r2, r2, #8
10006b82:	4013      	ands	r3, r2
10006b84:	2280      	movs	r2, #128	; 0x80
10006b86:	0152      	lsls	r2, r2, #5
10006b88:	4302      	orrs	r2, r0
10006b8a:	6013      	str	r3, [r2, #0]
10006b8c:	6803      	ldr	r3, [r0, #0]
10006b8e:	2007      	movs	r0, #7
10006b90:	4058      	eors	r0, r3
10006b92:	23cf      	movs	r3, #207	; 0xcf
10006b94:	4003      	ands	r3, r0
10006b96:	6013      	str	r3, [r2, #0]
10006b98:	4652      	mov	r2, sl
10006b9a:	2380      	movs	r3, #128	; 0x80
10006b9c:	2003      	movs	r0, #3
10006b9e:	019b      	lsls	r3, r3, #6
10006ba0:	3224      	adds	r2, #36	; 0x24
10006ba2:	431a      	orrs	r2, r3
10006ba4:	6010      	str	r0, [r2, #0]
10006ba6:	4652      	mov	r2, sl
10006ba8:	1d10      	adds	r0, r2, #4
10006baa:	4318      	orrs	r0, r3
10006bac:	2302      	movs	r3, #2
10006bae:	6003      	str	r3, [r0, #0]
10006bb0:	4640      	mov	r0, r8
10006bb2:	f7fc fcd7 	bl	10003564 <__wrap___aeabi_uidiv>
10006bb6:	bcf0      	pop	{r4, r5, r6, r7}
10006bb8:	46bb      	mov	fp, r7
10006bba:	46b2      	mov	sl, r6
10006bbc:	46a9      	mov	r9, r5
10006bbe:	46a0      	mov	r8, r4
10006bc0:	bdf8      	pop	{r3, r4, r5, r6, r7, pc}
10006bc2:	000c      	movs	r4, r1
10006bc4:	e7c1      	b.n	10006b4a <spi_init+0x66>
10006bc6:	0021      	movs	r1, r4
10006bc8:	e7d3      	b.n	10006b72 <spi_init+0x8e>
10006bca:	46c0      	nop			; (mov r8, r8)
10006bcc:	bffc4000 	.word	0xbffc4000
10006bd0:	4000e000 	.word	0x4000e000
10006bd4:	4000f000 	.word	0x4000f000
10006bd8:	4000c000 	.word	0x4000c000

10006bdc <_ZN5Print17availableForWriteEv>:
10006bdc:	2000      	movs	r0, #0
10006bde:	4770      	bx	lr

10006be0 <_ZN9LoRaClass5flushEv>:
10006be0:	4770      	bx	lr
10006be2:	46c0      	nop			; (mov r8, r8)

10006be4 <_ZN9LoRaClass9availableEv>:
10006be4:	b5f0      	push	{r4, r5, r6, r7, lr}
10006be6:	46ce      	mov	lr, r9
10006be8:	4647      	mov	r7, r8
10006bea:	b580      	push	{r7, lr}
10006bec:	b083      	sub	sp, #12
10006bee:	466b      	mov	r3, sp
10006bf0:	1d59      	adds	r1, r3, #5
10006bf2:	2313      	movs	r3, #19
10006bf4:	700b      	strb	r3, [r1, #0]
10006bf6:	3b0d      	subs	r3, #13
10006bf8:	446b      	add	r3, sp
10006bfa:	4699      	mov	r9, r3
10006bfc:	2501      	movs	r5, #1
10006bfe:	464a      	mov	r2, r9
10006c00:	2300      	movs	r3, #0
10006c02:	7013      	strb	r3, [r2, #0]
10006c04:	002b      	movs	r3, r5
10006c06:	68c2      	ldr	r2, [r0, #12]
10006c08:	27d0      	movs	r7, #208	; 0xd0
10006c0a:	4093      	lsls	r3, r2
10006c0c:	063f      	lsls	r7, r7, #24
10006c0e:	61bb      	str	r3, [r7, #24]
10006c10:	4b0c      	ldr	r3, [pc, #48]	; (10006c44 <_ZN9LoRaClass9availableEv+0x60>)
10006c12:	0004      	movs	r4, r0
10006c14:	2201      	movs	r2, #1
10006c16:	0018      	movs	r0, r3
10006c18:	4698      	mov	r8, r3
10006c1a:	f000 fe35 	bl	10007888 <__spi_write_blocking_veneer>
10006c1e:	466b      	mov	r3, sp
10006c20:	1dde      	adds	r6, r3, #7
10006c22:	0032      	movs	r2, r6
10006c24:	2301      	movs	r3, #1
10006c26:	4649      	mov	r1, r9
10006c28:	4640      	mov	r0, r8
10006c2a:	f000 fe35 	bl	10007898 <__spi_write_read_blocking_veneer>
10006c2e:	68e3      	ldr	r3, [r4, #12]
10006c30:	409d      	lsls	r5, r3
10006c32:	617d      	str	r5, [r7, #20]
10006c34:	7830      	ldrb	r0, [r6, #0]
10006c36:	69e3      	ldr	r3, [r4, #28]
10006c38:	1ac0      	subs	r0, r0, r3
10006c3a:	b003      	add	sp, #12
10006c3c:	bcc0      	pop	{r6, r7}
10006c3e:	46b9      	mov	r9, r7
10006c40:	46b0      	mov	r8, r6
10006c42:	bdf0      	pop	{r4, r5, r6, r7, pc}
10006c44:	4003c000 	.word	0x4003c000

10006c48 <_ZN9LoRaClass4readEv>:
10006c48:	b5f0      	push	{r4, r5, r6, r7, lr}
10006c4a:	46c6      	mov	lr, r8
10006c4c:	b500      	push	{lr}
10006c4e:	6803      	ldr	r3, [r0, #0]
10006c50:	4a2a      	ldr	r2, [pc, #168]	; (10006cfc <_ZN9LoRaClass4readEv+0xb4>)
10006c52:	691b      	ldr	r3, [r3, #16]
10006c54:	0004      	movs	r4, r0
10006c56:	b082      	sub	sp, #8
10006c58:	4293      	cmp	r3, r2
10006c5a:	d14a      	bne.n	10006cf2 <_ZN9LoRaClass4readEv+0xaa>
10006c5c:	466b      	mov	r3, sp
10006c5e:	1d59      	adds	r1, r3, #5
10006c60:	2313      	movs	r3, #19
10006c62:	700b      	strb	r3, [r1, #0]
10006c64:	3b0d      	subs	r3, #13
10006c66:	446b      	add	r3, sp
10006c68:	4698      	mov	r8, r3
10006c6a:	2501      	movs	r5, #1
10006c6c:	2300      	movs	r3, #0
10006c6e:	4642      	mov	r2, r8
10006c70:	7013      	strb	r3, [r2, #0]
10006c72:	002b      	movs	r3, r5
10006c74:	68c2      	ldr	r2, [r0, #12]
10006c76:	27d0      	movs	r7, #208	; 0xd0
10006c78:	4093      	lsls	r3, r2
10006c7a:	063f      	lsls	r7, r7, #24
10006c7c:	2201      	movs	r2, #1
10006c7e:	61bb      	str	r3, [r7, #24]
10006c80:	481f      	ldr	r0, [pc, #124]	; (10006d00 <_ZN9LoRaClass4readEv+0xb8>)
10006c82:	f000 fe01 	bl	10007888 <__spi_write_blocking_veneer>
10006c86:	466b      	mov	r3, sp
10006c88:	1dde      	adds	r6, r3, #7
10006c8a:	0032      	movs	r2, r6
10006c8c:	2301      	movs	r3, #1
10006c8e:	4641      	mov	r1, r8
10006c90:	481b      	ldr	r0, [pc, #108]	; (10006d00 <_ZN9LoRaClass4readEv+0xb8>)
10006c92:	f000 fe01 	bl	10007898 <__spi_write_read_blocking_veneer>
10006c96:	68e3      	ldr	r3, [r4, #12]
10006c98:	409d      	lsls	r5, r3
10006c9a:	617d      	str	r5, [r7, #20]
10006c9c:	7830      	ldrb	r0, [r6, #0]
10006c9e:	69e3      	ldr	r3, [r4, #28]
10006ca0:	1ac0      	subs	r0, r0, r3
10006ca2:	2800      	cmp	r0, #0
10006ca4:	d027      	beq.n	10006cf6 <_ZN9LoRaClass4readEv+0xae>
10006ca6:	69e3      	ldr	r3, [r4, #28]
10006ca8:	2206      	movs	r2, #6
10006caa:	3301      	adds	r3, #1
10006cac:	61e3      	str	r3, [r4, #28]
10006cae:	466b      	mov	r3, sp
10006cb0:	2501      	movs	r5, #1
10006cb2:	1d59      	adds	r1, r3, #5
10006cb4:	2300      	movs	r3, #0
10006cb6:	446a      	add	r2, sp
10006cb8:	700b      	strb	r3, [r1, #0]
10006cba:	7013      	strb	r3, [r2, #0]
10006cbc:	002b      	movs	r3, r5
10006cbe:	4690      	mov	r8, r2
10006cc0:	68e2      	ldr	r2, [r4, #12]
10006cc2:	27d0      	movs	r7, #208	; 0xd0
10006cc4:	4093      	lsls	r3, r2
10006cc6:	063f      	lsls	r7, r7, #24
10006cc8:	2201      	movs	r2, #1
10006cca:	61bb      	str	r3, [r7, #24]
10006ccc:	480c      	ldr	r0, [pc, #48]	; (10006d00 <_ZN9LoRaClass4readEv+0xb8>)
10006cce:	f000 fddb 	bl	10007888 <__spi_write_blocking_veneer>
10006cd2:	466b      	mov	r3, sp
10006cd4:	1dde      	adds	r6, r3, #7
10006cd6:	0032      	movs	r2, r6
10006cd8:	2301      	movs	r3, #1
10006cda:	4641      	mov	r1, r8
10006cdc:	4808      	ldr	r0, [pc, #32]	; (10006d00 <_ZN9LoRaClass4readEv+0xb8>)
10006cde:	f000 fddb 	bl	10007898 <__spi_write_read_blocking_veneer>
10006ce2:	68e3      	ldr	r3, [r4, #12]
10006ce4:	409d      	lsls	r5, r3
10006ce6:	617d      	str	r5, [r7, #20]
10006ce8:	7830      	ldrb	r0, [r6, #0]
10006cea:	b002      	add	sp, #8
10006cec:	bc80      	pop	{r7}
10006cee:	46b8      	mov	r8, r7
10006cf0:	bdf0      	pop	{r4, r5, r6, r7, pc}
10006cf2:	4798      	blx	r3
10006cf4:	e7d5      	b.n	10006ca2 <_ZN9LoRaClass4readEv+0x5a>
10006cf6:	2001      	movs	r0, #1
10006cf8:	4240      	negs	r0, r0
10006cfa:	e7f6      	b.n	10006cea <_ZN9LoRaClass4readEv+0xa2>
10006cfc:	10006be5 	.word	0x10006be5
10006d00:	4003c000 	.word	0x4003c000

10006d04 <_ZN9LoRaClass5writeEPKhj>:
10006d04:	b5f0      	push	{r4, r5, r6, r7, lr}
10006d06:	46de      	mov	lr, fp
10006d08:	4657      	mov	r7, sl
10006d0a:	464e      	mov	r6, r9
10006d0c:	4645      	mov	r5, r8
10006d0e:	b5e0      	push	{r5, r6, r7, lr}
10006d10:	b085      	sub	sp, #20
10006d12:	ab02      	add	r3, sp, #8
10006d14:	1d5f      	adds	r7, r3, #5
10006d16:	2322      	movs	r3, #34	; 0x22
10006d18:	703b      	strb	r3, [r7, #0]
10006d1a:	ab02      	add	r3, sp, #8
10006d1c:	1d9e      	adds	r6, r3, #6
10006d1e:	2501      	movs	r5, #1
10006d20:	2300      	movs	r3, #0
10006d22:	7033      	strb	r3, [r6, #0]
10006d24:	002b      	movs	r3, r5
10006d26:	000c      	movs	r4, r1
10006d28:	68c1      	ldr	r1, [r0, #12]
10006d2a:	9200      	str	r2, [sp, #0]
10006d2c:	408b      	lsls	r3, r1
10006d2e:	21d0      	movs	r1, #208	; 0xd0
10006d30:	0609      	lsls	r1, r1, #24
10006d32:	618b      	str	r3, [r1, #24]
10006d34:	4681      	mov	r9, r0
10006d36:	4693      	mov	fp, r2
10006d38:	4688      	mov	r8, r1
10006d3a:	2201      	movs	r2, #1
10006d3c:	0039      	movs	r1, r7
10006d3e:	4831      	ldr	r0, [pc, #196]	; (10006e04 <_ZN9LoRaClass5writeEPKhj+0x100>)
10006d40:	f000 fda2 	bl	10007888 <__spi_write_blocking_veneer>
10006d44:	aa02      	add	r2, sp, #8
10006d46:	4694      	mov	ip, r2
10006d48:	2307      	movs	r3, #7
10006d4a:	4463      	add	r3, ip
10006d4c:	469a      	mov	sl, r3
10006d4e:	0031      	movs	r1, r6
10006d50:	2301      	movs	r3, #1
10006d52:	4652      	mov	r2, sl
10006d54:	482b      	ldr	r0, [pc, #172]	; (10006e04 <_ZN9LoRaClass5writeEPKhj+0x100>)
10006d56:	f000 fd9f 	bl	10007898 <__spi_write_read_blocking_veneer>
10006d5a:	464b      	mov	r3, r9
10006d5c:	68db      	ldr	r3, [r3, #12]
10006d5e:	4641      	mov	r1, r8
10006d60:	409d      	lsls	r5, r3
10006d62:	614d      	str	r5, [r1, #20]
10006d64:	4651      	mov	r1, sl
10006d66:	46dc      	mov	ip, fp
10006d68:	7809      	ldrb	r1, [r1, #0]
10006d6a:	002a      	movs	r2, r5
10006d6c:	448c      	add	ip, r1
10006d6e:	4660      	mov	r0, ip
10006d70:	9001      	str	r0, [sp, #4]
10006d72:	28ff      	cmp	r0, #255	; 0xff
10006d74:	d903      	bls.n	10006d7e <_ZN9LoRaClass5writeEPKhj+0x7a>
10006d76:	20ff      	movs	r0, #255	; 0xff
10006d78:	1a41      	subs	r1, r0, r1
10006d7a:	9100      	str	r1, [sp, #0]
10006d7c:	9001      	str	r0, [sp, #4]
10006d7e:	9900      	ldr	r1, [sp, #0]
10006d80:	2900      	cmp	r1, #0
10006d82:	d01f      	beq.n	10006dc4 <_ZN9LoRaClass5writeEPKhj+0xc0>
10006d84:	2201      	movs	r2, #1
10006d86:	468b      	mov	fp, r1
10006d88:	4690      	mov	r8, r2
10006d8a:	44a3      	add	fp, r4
10006d8c:	7822      	ldrb	r2, [r4, #0]
10006d8e:	25d0      	movs	r5, #208	; 0xd0
10006d90:	7032      	strb	r2, [r6, #0]
10006d92:	4642      	mov	r2, r8
10006d94:	2180      	movs	r1, #128	; 0x80
10006d96:	409a      	lsls	r2, r3
10006d98:	062d      	lsls	r5, r5, #24
10006d9a:	7039      	strb	r1, [r7, #0]
10006d9c:	4819      	ldr	r0, [pc, #100]	; (10006e04 <_ZN9LoRaClass5writeEPKhj+0x100>)
10006d9e:	0039      	movs	r1, r7
10006da0:	61aa      	str	r2, [r5, #24]
10006da2:	2201      	movs	r2, #1
10006da4:	f000 fd70 	bl	10007888 <__spi_write_blocking_veneer>
10006da8:	2301      	movs	r3, #1
10006daa:	4652      	mov	r2, sl
10006dac:	0031      	movs	r1, r6
10006dae:	4815      	ldr	r0, [pc, #84]	; (10006e04 <_ZN9LoRaClass5writeEPKhj+0x100>)
10006db0:	f000 fd72 	bl	10007898 <__spi_write_read_blocking_veneer>
10006db4:	464b      	mov	r3, r9
10006db6:	4642      	mov	r2, r8
10006db8:	68db      	ldr	r3, [r3, #12]
10006dba:	3401      	adds	r4, #1
10006dbc:	409a      	lsls	r2, r3
10006dbe:	616a      	str	r2, [r5, #20]
10006dc0:	455c      	cmp	r4, fp
10006dc2:	d1e3      	bne.n	10006d8c <_ZN9LoRaClass5writeEPKhj+0x88>
10006dc4:	23a2      	movs	r3, #162	; 0xa2
10006dc6:	24d0      	movs	r4, #208	; 0xd0
10006dc8:	703b      	strb	r3, [r7, #0]
10006dca:	9b01      	ldr	r3, [sp, #4]
10006dcc:	0624      	lsls	r4, r4, #24
10006dce:	7033      	strb	r3, [r6, #0]
10006dd0:	0039      	movs	r1, r7
10006dd2:	61a2      	str	r2, [r4, #24]
10006dd4:	480b      	ldr	r0, [pc, #44]	; (10006e04 <_ZN9LoRaClass5writeEPKhj+0x100>)
10006dd6:	2201      	movs	r2, #1
10006dd8:	f000 fd56 	bl	10007888 <__spi_write_blocking_veneer>
10006ddc:	4652      	mov	r2, sl
10006dde:	2301      	movs	r3, #1
10006de0:	0031      	movs	r1, r6
10006de2:	4808      	ldr	r0, [pc, #32]	; (10006e04 <_ZN9LoRaClass5writeEPKhj+0x100>)
10006de4:	f000 fd58 	bl	10007898 <__spi_write_read_blocking_veneer>
10006de8:	464b      	mov	r3, r9
10006dea:	68da      	ldr	r2, [r3, #12]
10006dec:	2301      	movs	r3, #1
10006dee:	4093      	lsls	r3, r2
10006df0:	9800      	ldr	r0, [sp, #0]
10006df2:	6163      	str	r3, [r4, #20]
10006df4:	b005      	add	sp, #20
10006df6:	bcf0      	pop	{r4, r5, r6, r7}
10006df8:	46bb      	mov	fp, r7
10006dfa:	46b2      	mov	sl, r6
10006dfc:	46a9      	mov	r9, r5
10006dfe:	46a0      	mov	r8, r4
10006e00:	bdf0      	pop	{r4, r5, r6, r7, pc}
10006e02:	46c0      	nop			; (mov r8, r8)
10006e04:	4003c000 	.word	0x4003c000

10006e08 <_ZN9LoRaClass4peekEv>:
10006e08:	b5f0      	push	{r4, r5, r6, r7, lr}
10006e0a:	46c6      	mov	lr, r8
10006e0c:	b500      	push	{lr}
10006e0e:	6803      	ldr	r3, [r0, #0]
10006e10:	4a43      	ldr	r2, [pc, #268]	; (10006f20 <_ZN9LoRaClass4peekEv+0x118>)
10006e12:	691b      	ldr	r3, [r3, #16]
10006e14:	0004      	movs	r4, r0
10006e16:	b082      	sub	sp, #8
10006e18:	4293      	cmp	r3, r2
10006e1a:	d000      	beq.n	10006e1e <_ZN9LoRaClass4peekEv+0x16>
10006e1c:	e07a      	b.n	10006f14 <_ZN9LoRaClass4peekEv+0x10c>
10006e1e:	466b      	mov	r3, sp
10006e20:	1d59      	adds	r1, r3, #5
10006e22:	2313      	movs	r3, #19
10006e24:	700b      	strb	r3, [r1, #0]
10006e26:	3b0d      	subs	r3, #13
10006e28:	446b      	add	r3, sp
10006e2a:	4698      	mov	r8, r3
10006e2c:	2501      	movs	r5, #1
10006e2e:	2300      	movs	r3, #0
10006e30:	4642      	mov	r2, r8
10006e32:	7013      	strb	r3, [r2, #0]
10006e34:	002b      	movs	r3, r5
10006e36:	68c2      	ldr	r2, [r0, #12]
10006e38:	27d0      	movs	r7, #208	; 0xd0
10006e3a:	4093      	lsls	r3, r2
10006e3c:	063f      	lsls	r7, r7, #24
10006e3e:	2201      	movs	r2, #1
10006e40:	61bb      	str	r3, [r7, #24]
10006e42:	4838      	ldr	r0, [pc, #224]	; (10006f24 <_ZN9LoRaClass4peekEv+0x11c>)
10006e44:	f000 fd20 	bl	10007888 <__spi_write_blocking_veneer>
10006e48:	466b      	mov	r3, sp
10006e4a:	1dde      	adds	r6, r3, #7
10006e4c:	0032      	movs	r2, r6
10006e4e:	2301      	movs	r3, #1
10006e50:	4641      	mov	r1, r8
10006e52:	4834      	ldr	r0, [pc, #208]	; (10006f24 <_ZN9LoRaClass4peekEv+0x11c>)
10006e54:	f000 fd20 	bl	10007898 <__spi_write_read_blocking_veneer>
10006e58:	68e3      	ldr	r3, [r4, #12]
10006e5a:	409d      	lsls	r5, r3
10006e5c:	617d      	str	r5, [r7, #20]
10006e5e:	7830      	ldrb	r0, [r6, #0]
10006e60:	69e3      	ldr	r3, [r4, #28]
10006e62:	1ac0      	subs	r0, r0, r3
10006e64:	2800      	cmp	r0, #0
10006e66:	d057      	beq.n	10006f18 <_ZN9LoRaClass4peekEv+0x110>
10006e68:	2601      	movs	r6, #1
10006e6a:	466a      	mov	r2, sp
10006e6c:	230d      	movs	r3, #13
10006e6e:	2700      	movs	r7, #0
10006e70:	7153      	strb	r3, [r2, #5]
10006e72:	0033      	movs	r3, r6
10006e74:	7197      	strb	r7, [r2, #6]
10006e76:	68e2      	ldr	r2, [r4, #12]
10006e78:	25d0      	movs	r5, #208	; 0xd0
10006e7a:	4093      	lsls	r3, r2
10006e7c:	062d      	lsls	r5, r5, #24
10006e7e:	61ab      	str	r3, [r5, #24]
10006e80:	466b      	mov	r3, sp
10006e82:	2201      	movs	r2, #1
10006e84:	1d59      	adds	r1, r3, #5
10006e86:	4827      	ldr	r0, [pc, #156]	; (10006f24 <_ZN9LoRaClass4peekEv+0x11c>)
10006e88:	f000 fcfe 	bl	10007888 <__spi_write_blocking_veneer>
10006e8c:	466a      	mov	r2, sp
10006e8e:	4669      	mov	r1, sp
10006e90:	2301      	movs	r3, #1
10006e92:	3207      	adds	r2, #7
10006e94:	3106      	adds	r1, #6
10006e96:	4823      	ldr	r0, [pc, #140]	; (10006f24 <_ZN9LoRaClass4peekEv+0x11c>)
10006e98:	f000 fcfe 	bl	10007898 <__spi_write_read_blocking_veneer>
10006e9c:	0033      	movs	r3, r6
10006e9e:	68e2      	ldr	r2, [r4, #12]
10006ea0:	4820      	ldr	r0, [pc, #128]	; (10006f24 <_ZN9LoRaClass4peekEv+0x11c>)
10006ea2:	4093      	lsls	r3, r2
10006ea4:	466a      	mov	r2, sp
10006ea6:	616b      	str	r3, [r5, #20]
10006ea8:	79d2      	ldrb	r2, [r2, #7]
10006eaa:	4690      	mov	r8, r2
10006eac:	466a      	mov	r2, sp
10006eae:	7157      	strb	r7, [r2, #5]
10006eb0:	7197      	strb	r7, [r2, #6]
10006eb2:	61ab      	str	r3, [r5, #24]
10006eb4:	466b      	mov	r3, sp
10006eb6:	2201      	movs	r2, #1
10006eb8:	1d59      	adds	r1, r3, #5
10006eba:	f000 fce5 	bl	10007888 <__spi_write_blocking_veneer>
10006ebe:	466a      	mov	r2, sp
10006ec0:	4669      	mov	r1, sp
10006ec2:	2301      	movs	r3, #1
10006ec4:	3207      	adds	r2, #7
10006ec6:	3106      	adds	r1, #6
10006ec8:	4816      	ldr	r0, [pc, #88]	; (10006f24 <_ZN9LoRaClass4peekEv+0x11c>)
10006eca:	f000 fce5 	bl	10007898 <__spi_write_read_blocking_veneer>
10006ece:	0033      	movs	r3, r6
10006ed0:	68e2      	ldr	r2, [r4, #12]
10006ed2:	4669      	mov	r1, sp
10006ed4:	4093      	lsls	r3, r2
10006ed6:	466a      	mov	r2, sp
10006ed8:	616b      	str	r3, [r5, #20]
10006eda:	79d7      	ldrb	r7, [r2, #7]
10006edc:	228d      	movs	r2, #141	; 0x8d
10006ede:	714a      	strb	r2, [r1, #5]
10006ee0:	466a      	mov	r2, sp
10006ee2:	4641      	mov	r1, r8
10006ee4:	7191      	strb	r1, [r2, #6]
10006ee6:	61ab      	str	r3, [r5, #24]
10006ee8:	466b      	mov	r3, sp
10006eea:	2201      	movs	r2, #1
10006eec:	1d59      	adds	r1, r3, #5
10006eee:	480d      	ldr	r0, [pc, #52]	; (10006f24 <_ZN9LoRaClass4peekEv+0x11c>)
10006ef0:	f000 fcca 	bl	10007888 <__spi_write_blocking_veneer>
10006ef4:	466a      	mov	r2, sp
10006ef6:	4669      	mov	r1, sp
10006ef8:	2301      	movs	r3, #1
10006efa:	480a      	ldr	r0, [pc, #40]	; (10006f24 <_ZN9LoRaClass4peekEv+0x11c>)
10006efc:	3207      	adds	r2, #7
10006efe:	3106      	adds	r1, #6
10006f00:	f000 fcca 	bl	10007898 <__spi_write_read_blocking_veneer>
10006f04:	68e3      	ldr	r3, [r4, #12]
10006f06:	0038      	movs	r0, r7
10006f08:	409e      	lsls	r6, r3
10006f0a:	616e      	str	r6, [r5, #20]
10006f0c:	b002      	add	sp, #8
10006f0e:	bc80      	pop	{r7}
10006f10:	46b8      	mov	r8, r7
10006f12:	bdf0      	pop	{r4, r5, r6, r7, pc}
10006f14:	4798      	blx	r3
10006f16:	e7a5      	b.n	10006e64 <_ZN9LoRaClass4peekEv+0x5c>
10006f18:	2001      	movs	r0, #1
10006f1a:	4240      	negs	r0, r0
10006f1c:	e7f6      	b.n	10006f0c <_ZN9LoRaClass4peekEv+0x104>
10006f1e:	46c0      	nop			; (mov r8, r8)
10006f20:	10006be5 	.word	0x10006be5
10006f24:	4003c000 	.word	0x4003c000

10006f28 <_ZN9LoRaClass5writeEh>:
10006f28:	b5f0      	push	{r4, r5, r6, r7, lr}
10006f2a:	46ce      	mov	lr, r9
10006f2c:	4647      	mov	r7, r8
10006f2e:	b580      	push	{r7, lr}
10006f30:	b085      	sub	sp, #20
10006f32:	466b      	mov	r3, sp
10006f34:	71d9      	strb	r1, [r3, #7]
10006f36:	6803      	ldr	r3, [r0, #0]
10006f38:	4a37      	ldr	r2, [pc, #220]	; (10007018 <_ZN9LoRaClass5writeEh+0xf0>)
10006f3a:	685b      	ldr	r3, [r3, #4]
10006f3c:	0004      	movs	r4, r0
10006f3e:	4293      	cmp	r3, r2
10006f40:	d163      	bne.n	1000700a <_ZN9LoRaClass5writeEh+0xe2>
10006f42:	466a      	mov	r2, sp
10006f44:	2322      	movs	r3, #34	; 0x22
10006f46:	7353      	strb	r3, [r2, #13]
10006f48:	2300      	movs	r3, #0
10006f4a:	7393      	strb	r3, [r2, #14]
10006f4c:	68c2      	ldr	r2, [r0, #12]
10006f4e:	3301      	adds	r3, #1
10006f50:	4699      	mov	r9, r3
10006f52:	4093      	lsls	r3, r2
10006f54:	22d0      	movs	r2, #208	; 0xd0
10006f56:	0612      	lsls	r2, r2, #24
10006f58:	6193      	str	r3, [r2, #24]
10006f5a:	230d      	movs	r3, #13
10006f5c:	446b      	add	r3, sp
10006f5e:	0019      	movs	r1, r3
10006f60:	4690      	mov	r8, r2
10006f62:	270f      	movs	r7, #15
10006f64:	2201      	movs	r2, #1
10006f66:	482d      	ldr	r0, [pc, #180]	; (1000701c <_ZN9LoRaClass5writeEh+0xf4>)
10006f68:	f000 fc8e 	bl	10007888 <__spi_write_blocking_veneer>
10006f6c:	210e      	movs	r1, #14
10006f6e:	446f      	add	r7, sp
10006f70:	2301      	movs	r3, #1
10006f72:	003a      	movs	r2, r7
10006f74:	4829      	ldr	r0, [pc, #164]	; (1000701c <_ZN9LoRaClass5writeEh+0xf4>)
10006f76:	4469      	add	r1, sp
10006f78:	f000 fc8e 	bl	10007898 <__spi_write_read_blocking_veneer>
10006f7c:	464b      	mov	r3, r9
10006f7e:	68e2      	ldr	r2, [r4, #12]
10006f80:	2600      	movs	r6, #0
10006f82:	4093      	lsls	r3, r2
10006f84:	4642      	mov	r2, r8
10006f86:	6153      	str	r3, [r2, #20]
10006f88:	783d      	ldrb	r5, [r7, #0]
10006f8a:	2dff      	cmp	r5, #255	; 0xff
10006f8c:	d11e      	bne.n	10006fcc <_ZN9LoRaClass5writeEh+0xa4>
10006f8e:	4669      	mov	r1, sp
10006f90:	738d      	strb	r5, [r1, #14]
10006f92:	25d0      	movs	r5, #208	; 0xd0
10006f94:	22a2      	movs	r2, #162	; 0xa2
10006f96:	062d      	lsls	r5, r5, #24
10006f98:	734a      	strb	r2, [r1, #13]
10006f9a:	61ab      	str	r3, [r5, #24]
10006f9c:	230d      	movs	r3, #13
10006f9e:	446b      	add	r3, sp
10006fa0:	0019      	movs	r1, r3
10006fa2:	2201      	movs	r2, #1
10006fa4:	481d      	ldr	r0, [pc, #116]	; (1000701c <_ZN9LoRaClass5writeEh+0xf4>)
10006fa6:	f000 fc6f 	bl	10007888 <__spi_write_blocking_veneer>
10006faa:	210e      	movs	r1, #14
10006fac:	2301      	movs	r3, #1
10006fae:	003a      	movs	r2, r7
10006fb0:	481a      	ldr	r0, [pc, #104]	; (1000701c <_ZN9LoRaClass5writeEh+0xf4>)
10006fb2:	4469      	add	r1, sp
10006fb4:	f000 fc70 	bl	10007898 <__spi_write_read_blocking_veneer>
10006fb8:	2301      	movs	r3, #1
10006fba:	68e2      	ldr	r2, [r4, #12]
10006fbc:	4093      	lsls	r3, r2
10006fbe:	616b      	str	r3, [r5, #20]
10006fc0:	0030      	movs	r0, r6
10006fc2:	b005      	add	sp, #20
10006fc4:	bcc0      	pop	{r6, r7}
10006fc6:	46b9      	mov	r9, r7
10006fc8:	46b0      	mov	r8, r6
10006fca:	bdf0      	pop	{r4, r5, r6, r7, pc}
10006fcc:	466a      	mov	r2, sp
10006fce:	4668      	mov	r0, sp
10006fd0:	79d2      	ldrb	r2, [r2, #7]
10006fd2:	2180      	movs	r1, #128	; 0x80
10006fd4:	7382      	strb	r2, [r0, #14]
10006fd6:	4642      	mov	r2, r8
10006fd8:	7341      	strb	r1, [r0, #13]
10006fda:	6193      	str	r3, [r2, #24]
10006fdc:	230d      	movs	r3, #13
10006fde:	446b      	add	r3, sp
10006fe0:	0019      	movs	r1, r3
10006fe2:	2201      	movs	r2, #1
10006fe4:	480d      	ldr	r0, [pc, #52]	; (1000701c <_ZN9LoRaClass5writeEh+0xf4>)
10006fe6:	f000 fc4f 	bl	10007888 <__spi_write_blocking_veneer>
10006fea:	210e      	movs	r1, #14
10006fec:	2301      	movs	r3, #1
10006fee:	003a      	movs	r2, r7
10006ff0:	480a      	ldr	r0, [pc, #40]	; (1000701c <_ZN9LoRaClass5writeEh+0xf4>)
10006ff2:	4469      	add	r1, sp
10006ff4:	f000 fc50 	bl	10007898 <__spi_write_read_blocking_veneer>
10006ff8:	464b      	mov	r3, r9
10006ffa:	68e2      	ldr	r2, [r4, #12]
10006ffc:	3501      	adds	r5, #1
10006ffe:	4093      	lsls	r3, r2
10007000:	4642      	mov	r2, r8
10007002:	464e      	mov	r6, r9
10007004:	6153      	str	r3, [r2, #20]
10007006:	b2ed      	uxtb	r5, r5
10007008:	e7c1      	b.n	10006f8e <_ZN9LoRaClass5writeEh+0x66>
1000700a:	4669      	mov	r1, sp
1000700c:	2201      	movs	r2, #1
1000700e:	3107      	adds	r1, #7
10007010:	4798      	blx	r3
10007012:	0006      	movs	r6, r0
10007014:	e7d4      	b.n	10006fc0 <_ZN9LoRaClass5writeEh+0x98>
10007016:	46c0      	nop			; (mov r8, r8)
10007018:	10006d05 	.word	0x10006d05
1000701c:	4003c000 	.word	0x4003c000

10007020 <_ZN9LoRaClass5beginEl>:
10007020:	b5f0      	push	{r4, r5, r6, r7, lr}
10007022:	464e      	mov	r6, r9
10007024:	46de      	mov	lr, fp
10007026:	4645      	mov	r5, r8
10007028:	4657      	mov	r7, sl
1000702a:	b5e0      	push	{r5, r6, r7, lr}
1000702c:	2601      	movs	r6, #1
1000702e:	0004      	movs	r4, r0
10007030:	b085      	sub	sp, #20
10007032:	68c0      	ldr	r0, [r0, #12]
10007034:	4689      	mov	r9, r1
10007036:	f7f9 f9c5 	bl	100003c4 <gpio_init>
1000703a:	0033      	movs	r3, r6
1000703c:	68e2      	ldr	r2, [r4, #12]
1000703e:	25d0      	movs	r5, #208	; 0xd0
10007040:	4093      	lsls	r3, r2
10007042:	6920      	ldr	r0, [r4, #16]
10007044:	062d      	lsls	r5, r5, #24
10007046:	626b      	str	r3, [r5, #36]	; 0x24
10007048:	616b      	str	r3, [r5, #20]
1000704a:	1c43      	adds	r3, r0, #1
1000704c:	d00f      	beq.n	1000706e <_ZN9LoRaClass5beginEl+0x4e>
1000704e:	f7f9 f9b9 	bl	100003c4 <gpio_init>
10007052:	0033      	movs	r3, r6
10007054:	6922      	ldr	r2, [r4, #16]
10007056:	200a      	movs	r0, #10
10007058:	4093      	lsls	r3, r2
1000705a:	626b      	str	r3, [r5, #36]	; 0x24
1000705c:	61ab      	str	r3, [r5, #24]
1000705e:	f7fa f8a5 	bl	100011ac <sleep_ms>
10007062:	6923      	ldr	r3, [r4, #16]
10007064:	200a      	movs	r0, #10
10007066:	409e      	lsls	r6, r3
10007068:	616e      	str	r6, [r5, #20]
1000706a:	f7fa f89f 	bl	100011ac <sleep_ms>
1000706e:	49b5      	ldr	r1, [pc, #724]	; (10007344 <_ZN9LoRaClass5beginEl+0x324>)
10007070:	48b5      	ldr	r0, [pc, #724]	; (10007348 <_ZN9LoRaClass5beginEl+0x328>)
10007072:	f7ff fd37 	bl	10006ae4 <spi_init>
10007076:	2101      	movs	r1, #1
10007078:	2010      	movs	r0, #16
1000707a:	f7f9 f98b 	bl	10000394 <gpio_set_function>
1000707e:	2101      	movs	r1, #1
10007080:	2012      	movs	r0, #18
10007082:	f7f9 f987 	bl	10000394 <gpio_set_function>
10007086:	2101      	movs	r1, #1
10007088:	2013      	movs	r0, #19
1000708a:	f7f9 f983 	bl	10000394 <gpio_set_function>
1000708e:	2008      	movs	r0, #8
10007090:	f7f9 f998 	bl	100003c4 <gpio_init>
10007094:	25d0      	movs	r5, #208	; 0xd0
10007096:	2380      	movs	r3, #128	; 0x80
10007098:	062d      	lsls	r5, r5, #24
1000709a:	005b      	lsls	r3, r3, #1
1000709c:	626b      	str	r3, [r5, #36]	; 0x24
1000709e:	616b      	str	r3, [r5, #20]
100070a0:	ab02      	add	r3, sp, #8
100070a2:	1d5f      	adds	r7, r3, #5
100070a4:	2342      	movs	r3, #66	; 0x42
100070a6:	703b      	strb	r3, [r7, #0]
100070a8:	ab02      	add	r3, sp, #8
100070aa:	1d9e      	adds	r6, r3, #6
100070ac:	2300      	movs	r3, #0
100070ae:	68e2      	ldr	r2, [r4, #12]
100070b0:	7033      	strb	r3, [r6, #0]
100070b2:	3301      	adds	r3, #1
100070b4:	4698      	mov	r8, r3
100070b6:	4093      	lsls	r3, r2
100070b8:	0039      	movs	r1, r7
100070ba:	2201      	movs	r2, #1
100070bc:	61ab      	str	r3, [r5, #24]
100070be:	48a2      	ldr	r0, [pc, #648]	; (10007348 <_ZN9LoRaClass5beginEl+0x328>)
100070c0:	f000 fbe2 	bl	10007888 <__spi_write_blocking_veneer>
100070c4:	aa02      	add	r2, sp, #8
100070c6:	2301      	movs	r3, #1
100070c8:	0031      	movs	r1, r6
100070ca:	3207      	adds	r2, #7
100070cc:	489e      	ldr	r0, [pc, #632]	; (10007348 <_ZN9LoRaClass5beginEl+0x328>)
100070ce:	f000 fbe3 	bl	10007898 <__spi_write_read_blocking_veneer>
100070d2:	4643      	mov	r3, r8
100070d4:	68e2      	ldr	r2, [r4, #12]
100070d6:	2100      	movs	r1, #0
100070d8:	4093      	lsls	r3, r2
100070da:	aa02      	add	r2, sp, #8
100070dc:	616b      	str	r3, [r5, #20]
100070de:	79d2      	ldrb	r2, [r2, #7]
100070e0:	468a      	mov	sl, r1
100070e2:	2a12      	cmp	r2, #18
100070e4:	d007      	beq.n	100070f6 <_ZN9LoRaClass5beginEl+0xd6>
100070e6:	4650      	mov	r0, sl
100070e8:	b005      	add	sp, #20
100070ea:	bcf0      	pop	{r4, r5, r6, r7}
100070ec:	46bb      	mov	fp, r7
100070ee:	46b2      	mov	sl, r6
100070f0:	46a9      	mov	r9, r5
100070f2:	46a0      	mov	r8, r4
100070f4:	bdf0      	pop	{r4, r5, r6, r7, pc}
100070f6:	326f      	adds	r2, #111	; 0x6f
100070f8:	703a      	strb	r2, [r7, #0]
100070fa:	4693      	mov	fp, r2
100070fc:	3a01      	subs	r2, #1
100070fe:	7032      	strb	r2, [r6, #0]
10007100:	0039      	movs	r1, r7
10007102:	61ab      	str	r3, [r5, #24]
10007104:	3a7f      	subs	r2, #127	; 0x7f
10007106:	4890      	ldr	r0, [pc, #576]	; (10007348 <_ZN9LoRaClass5beginEl+0x328>)
10007108:	f000 fbbe 	bl	10007888 <__spi_write_blocking_veneer>
1000710c:	aa02      	add	r2, sp, #8
1000710e:	2301      	movs	r3, #1
10007110:	0031      	movs	r1, r6
10007112:	3207      	adds	r2, #7
10007114:	488c      	ldr	r0, [pc, #560]	; (10007348 <_ZN9LoRaClass5beginEl+0x328>)
10007116:	f000 fbbf 	bl	10007898 <__spi_write_read_blocking_veneer>
1000711a:	4643      	mov	r3, r8
1000711c:	68e2      	ldr	r2, [r4, #12]
1000711e:	4093      	lsls	r3, r2
10007120:	464a      	mov	r2, r9
10007122:	17d1      	asrs	r1, r2, #31
10007124:	9301      	str	r3, [sp, #4]
10007126:	04c9      	lsls	r1, r1, #19
10007128:	616b      	str	r3, [r5, #20]
1000712a:	0b53      	lsrs	r3, r2, #13
1000712c:	61a2      	str	r2, [r4, #24]
1000712e:	4319      	orrs	r1, r3
10007130:	04d0      	lsls	r0, r2, #19
10007132:	2300      	movs	r3, #0
10007134:	4a85      	ldr	r2, [pc, #532]	; (1000734c <_ZN9LoRaClass5beginEl+0x32c>)
10007136:	f7fc fa57 	bl	100035e8 <__wrap___aeabi_uldivmod>
1000713a:	2386      	movs	r3, #134	; 0x86
1000713c:	703b      	strb	r3, [r7, #0]
1000713e:	0c03      	lsrs	r3, r0, #16
10007140:	7033      	strb	r3, [r6, #0]
10007142:	9b01      	ldr	r3, [sp, #4]
10007144:	4681      	mov	r9, r0
10007146:	2201      	movs	r2, #1
10007148:	0039      	movs	r1, r7
1000714a:	61ab      	str	r3, [r5, #24]
1000714c:	487e      	ldr	r0, [pc, #504]	; (10007348 <_ZN9LoRaClass5beginEl+0x328>)
1000714e:	f000 fb9b 	bl	10007888 <__spi_write_blocking_veneer>
10007152:	aa02      	add	r2, sp, #8
10007154:	2301      	movs	r3, #1
10007156:	0031      	movs	r1, r6
10007158:	3207      	adds	r2, #7
1000715a:	487b      	ldr	r0, [pc, #492]	; (10007348 <_ZN9LoRaClass5beginEl+0x328>)
1000715c:	f000 fb9c 	bl	10007898 <__spi_write_read_blocking_veneer>
10007160:	4643      	mov	r3, r8
10007162:	68e2      	ldr	r2, [r4, #12]
10007164:	0039      	movs	r1, r7
10007166:	4093      	lsls	r3, r2
10007168:	2287      	movs	r2, #135	; 0x87
1000716a:	616b      	str	r3, [r5, #20]
1000716c:	703a      	strb	r2, [r7, #0]
1000716e:	464a      	mov	r2, r9
10007170:	0a12      	lsrs	r2, r2, #8
10007172:	7032      	strb	r2, [r6, #0]
10007174:	4874      	ldr	r0, [pc, #464]	; (10007348 <_ZN9LoRaClass5beginEl+0x328>)
10007176:	2201      	movs	r2, #1
10007178:	61ab      	str	r3, [r5, #24]
1000717a:	f000 fb85 	bl	10007888 <__spi_write_blocking_veneer>
1000717e:	aa02      	add	r2, sp, #8
10007180:	2301      	movs	r3, #1
10007182:	0031      	movs	r1, r6
10007184:	3207      	adds	r2, #7
10007186:	4870      	ldr	r0, [pc, #448]	; (10007348 <_ZN9LoRaClass5beginEl+0x328>)
10007188:	f000 fb86 	bl	10007898 <__spi_write_read_blocking_veneer>
1000718c:	4643      	mov	r3, r8
1000718e:	68e2      	ldr	r2, [r4, #12]
10007190:	0039      	movs	r1, r7
10007192:	4093      	lsls	r3, r2
10007194:	2288      	movs	r2, #136	; 0x88
10007196:	616b      	str	r3, [r5, #20]
10007198:	703a      	strb	r2, [r7, #0]
1000719a:	464a      	mov	r2, r9
1000719c:	486a      	ldr	r0, [pc, #424]	; (10007348 <_ZN9LoRaClass5beginEl+0x328>)
1000719e:	7032      	strb	r2, [r6, #0]
100071a0:	2201      	movs	r2, #1
100071a2:	61ab      	str	r3, [r5, #24]
100071a4:	f000 fb70 	bl	10007888 <__spi_write_blocking_veneer>
100071a8:	aa02      	add	r2, sp, #8
100071aa:	2301      	movs	r3, #1
100071ac:	0031      	movs	r1, r6
100071ae:	3207      	adds	r2, #7
100071b0:	4865      	ldr	r0, [pc, #404]	; (10007348 <_ZN9LoRaClass5beginEl+0x328>)
100071b2:	f000 fb71 	bl	10007898 <__spi_write_read_blocking_veneer>
100071b6:	4643      	mov	r3, r8
100071b8:	68e2      	ldr	r2, [r4, #12]
100071ba:	0039      	movs	r1, r7
100071bc:	4093      	lsls	r3, r2
100071be:	228e      	movs	r2, #142	; 0x8e
100071c0:	616b      	str	r3, [r5, #20]
100071c2:	703a      	strb	r2, [r7, #0]
100071c4:	4652      	mov	r2, sl
100071c6:	4860      	ldr	r0, [pc, #384]	; (10007348 <_ZN9LoRaClass5beginEl+0x328>)
100071c8:	7032      	strb	r2, [r6, #0]
100071ca:	4642      	mov	r2, r8
100071cc:	61ab      	str	r3, [r5, #24]
100071ce:	f000 fb5b 	bl	10007888 <__spi_write_blocking_veneer>
100071d2:	aa02      	add	r2, sp, #8
100071d4:	2301      	movs	r3, #1
100071d6:	0031      	movs	r1, r6
100071d8:	3207      	adds	r2, #7
100071da:	485b      	ldr	r0, [pc, #364]	; (10007348 <_ZN9LoRaClass5beginEl+0x328>)
100071dc:	f000 fb5c 	bl	10007898 <__spi_write_read_blocking_veneer>
100071e0:	4643      	mov	r3, r8
100071e2:	68e2      	ldr	r2, [r4, #12]
100071e4:	0039      	movs	r1, r7
100071e6:	4093      	lsls	r3, r2
100071e8:	228f      	movs	r2, #143	; 0x8f
100071ea:	616b      	str	r3, [r5, #20]
100071ec:	4691      	mov	r9, r2
100071ee:	703a      	strb	r2, [r7, #0]
100071f0:	4652      	mov	r2, sl
100071f2:	4855      	ldr	r0, [pc, #340]	; (10007348 <_ZN9LoRaClass5beginEl+0x328>)
100071f4:	7032      	strb	r2, [r6, #0]
100071f6:	4642      	mov	r2, r8
100071f8:	61ab      	str	r3, [r5, #24]
100071fa:	f000 fb45 	bl	10007888 <__spi_write_blocking_veneer>
100071fe:	aa02      	add	r2, sp, #8
10007200:	2301      	movs	r3, #1
10007202:	0031      	movs	r1, r6
10007204:	3207      	adds	r2, #7
10007206:	4850      	ldr	r0, [pc, #320]	; (10007348 <_ZN9LoRaClass5beginEl+0x328>)
10007208:	f000 fb46 	bl	10007898 <__spi_write_read_blocking_veneer>
1000720c:	4643      	mov	r3, r8
1000720e:	68e2      	ldr	r2, [r4, #12]
10007210:	0039      	movs	r1, r7
10007212:	4093      	lsls	r3, r2
10007214:	220c      	movs	r2, #12
10007216:	616b      	str	r3, [r5, #20]
10007218:	703a      	strb	r2, [r7, #0]
1000721a:	4652      	mov	r2, sl
1000721c:	484a      	ldr	r0, [pc, #296]	; (10007348 <_ZN9LoRaClass5beginEl+0x328>)
1000721e:	7032      	strb	r2, [r6, #0]
10007220:	4642      	mov	r2, r8
10007222:	61ab      	str	r3, [r5, #24]
10007224:	f000 fb30 	bl	10007888 <__spi_write_blocking_veneer>
10007228:	aa02      	add	r2, sp, #8
1000722a:	2301      	movs	r3, #1
1000722c:	0031      	movs	r1, r6
1000722e:	3207      	adds	r2, #7
10007230:	4845      	ldr	r0, [pc, #276]	; (10007348 <_ZN9LoRaClass5beginEl+0x328>)
10007232:	f000 fb31 	bl	10007898 <__spi_write_read_blocking_veneer>
10007236:	4642      	mov	r2, r8
10007238:	68e3      	ldr	r3, [r4, #12]
1000723a:	218c      	movs	r1, #140	; 0x8c
1000723c:	409a      	lsls	r2, r3
1000723e:	616a      	str	r2, [r5, #20]
10007240:	7039      	strb	r1, [r7, #0]
10007242:	2103      	movs	r1, #3
10007244:	ab02      	add	r3, sp, #8
10007246:	79db      	ldrb	r3, [r3, #7]
10007248:	483f      	ldr	r0, [pc, #252]	; (10007348 <_ZN9LoRaClass5beginEl+0x328>)
1000724a:	430b      	orrs	r3, r1
1000724c:	7033      	strb	r3, [r6, #0]
1000724e:	0039      	movs	r1, r7
10007250:	61aa      	str	r2, [r5, #24]
10007252:	2201      	movs	r2, #1
10007254:	f000 fb18 	bl	10007888 <__spi_write_blocking_veneer>
10007258:	aa02      	add	r2, sp, #8
1000725a:	2301      	movs	r3, #1
1000725c:	0031      	movs	r1, r6
1000725e:	3207      	adds	r2, #7
10007260:	4839      	ldr	r0, [pc, #228]	; (10007348 <_ZN9LoRaClass5beginEl+0x328>)
10007262:	f000 fb19 	bl	10007898 <__spi_write_read_blocking_veneer>
10007266:	4643      	mov	r3, r8
10007268:	68e2      	ldr	r2, [r4, #12]
1000726a:	0039      	movs	r1, r7
1000726c:	4093      	lsls	r3, r2
1000726e:	22a6      	movs	r2, #166	; 0xa6
10007270:	616b      	str	r3, [r5, #20]
10007272:	703a      	strb	r2, [r7, #0]
10007274:	3aa2      	subs	r2, #162	; 0xa2
10007276:	7032      	strb	r2, [r6, #0]
10007278:	4833      	ldr	r0, [pc, #204]	; (10007348 <_ZN9LoRaClass5beginEl+0x328>)
1000727a:	61ab      	str	r3, [r5, #24]
1000727c:	3a03      	subs	r2, #3
1000727e:	f000 fb03 	bl	10007888 <__spi_write_blocking_veneer>
10007282:	aa02      	add	r2, sp, #8
10007284:	2301      	movs	r3, #1
10007286:	0031      	movs	r1, r6
10007288:	3207      	adds	r2, #7
1000728a:	482f      	ldr	r0, [pc, #188]	; (10007348 <_ZN9LoRaClass5beginEl+0x328>)
1000728c:	f000 fb04 	bl	10007898 <__spi_write_read_blocking_veneer>
10007290:	4643      	mov	r3, r8
10007292:	68e2      	ldr	r2, [r4, #12]
10007294:	0039      	movs	r1, r7
10007296:	4093      	lsls	r3, r2
10007298:	22cd      	movs	r2, #205	; 0xcd
1000729a:	616b      	str	r3, [r5, #20]
1000729c:	703a      	strb	r2, [r7, #0]
1000729e:	3a49      	subs	r2, #73	; 0x49
100072a0:	7032      	strb	r2, [r6, #0]
100072a2:	4829      	ldr	r0, [pc, #164]	; (10007348 <_ZN9LoRaClass5beginEl+0x328>)
100072a4:	61ab      	str	r3, [r5, #24]
100072a6:	3a83      	subs	r2, #131	; 0x83
100072a8:	f000 faee 	bl	10007888 <__spi_write_blocking_veneer>
100072ac:	aa02      	add	r2, sp, #8
100072ae:	2301      	movs	r3, #1
100072b0:	0031      	movs	r1, r6
100072b2:	3207      	adds	r2, #7
100072b4:	4824      	ldr	r0, [pc, #144]	; (10007348 <_ZN9LoRaClass5beginEl+0x328>)
100072b6:	f000 faef 	bl	10007898 <__spi_write_read_blocking_veneer>
100072ba:	4643      	mov	r3, r8
100072bc:	68e2      	ldr	r2, [r4, #12]
100072be:	0039      	movs	r1, r7
100072c0:	4093      	lsls	r3, r2
100072c2:	228b      	movs	r2, #139	; 0x8b
100072c4:	616b      	str	r3, [r5, #20]
100072c6:	703a      	strb	r2, [r7, #0]
100072c8:	3a60      	subs	r2, #96	; 0x60
100072ca:	7032      	strb	r2, [r6, #0]
100072cc:	481e      	ldr	r0, [pc, #120]	; (10007348 <_ZN9LoRaClass5beginEl+0x328>)
100072ce:	61ab      	str	r3, [r5, #24]
100072d0:	3a2a      	subs	r2, #42	; 0x2a
100072d2:	f000 fad9 	bl	10007888 <__spi_write_blocking_veneer>
100072d6:	aa02      	add	r2, sp, #8
100072d8:	2301      	movs	r3, #1
100072da:	0031      	movs	r1, r6
100072dc:	3207      	adds	r2, #7
100072de:	481a      	ldr	r0, [pc, #104]	; (10007348 <_ZN9LoRaClass5beginEl+0x328>)
100072e0:	f000 fada 	bl	10007898 <__spi_write_read_blocking_veneer>
100072e4:	4643      	mov	r3, r8
100072e6:	68e2      	ldr	r2, [r4, #12]
100072e8:	0039      	movs	r1, r7
100072ea:	4093      	lsls	r3, r2
100072ec:	2289      	movs	r2, #137	; 0x89
100072ee:	616b      	str	r3, [r5, #20]
100072f0:	703a      	strb	r2, [r7, #0]
100072f2:	464a      	mov	r2, r9
100072f4:	4814      	ldr	r0, [pc, #80]	; (10007348 <_ZN9LoRaClass5beginEl+0x328>)
100072f6:	7032      	strb	r2, [r6, #0]
100072f8:	61ab      	str	r3, [r5, #24]
100072fa:	3a8e      	subs	r2, #142	; 0x8e
100072fc:	f000 fac4 	bl	10007888 <__spi_write_blocking_veneer>
10007300:	aa02      	add	r2, sp, #8
10007302:	2301      	movs	r3, #1
10007304:	0031      	movs	r1, r6
10007306:	3207      	adds	r2, #7
10007308:	480f      	ldr	r0, [pc, #60]	; (10007348 <_ZN9LoRaClass5beginEl+0x328>)
1000730a:	f000 fac5 	bl	10007898 <__spi_write_read_blocking_veneer>
1000730e:	4643      	mov	r3, r8
10007310:	68e2      	ldr	r2, [r4, #12]
10007312:	0039      	movs	r1, r7
10007314:	4093      	lsls	r3, r2
10007316:	465a      	mov	r2, fp
10007318:	616b      	str	r3, [r5, #20]
1000731a:	480b      	ldr	r0, [pc, #44]	; (10007348 <_ZN9LoRaClass5beginEl+0x328>)
1000731c:	703a      	strb	r2, [r7, #0]
1000731e:	7032      	strb	r2, [r6, #0]
10007320:	61ab      	str	r3, [r5, #24]
10007322:	3a80      	subs	r2, #128	; 0x80
10007324:	f000 fab0 	bl	10007888 <__spi_write_blocking_veneer>
10007328:	aa02      	add	r2, sp, #8
1000732a:	2301      	movs	r3, #1
1000732c:	3207      	adds	r2, #7
1000732e:	0031      	movs	r1, r6
10007330:	4805      	ldr	r0, [pc, #20]	; (10007348 <_ZN9LoRaClass5beginEl+0x328>)
10007332:	f000 fab1 	bl	10007898 <__spi_write_read_blocking_veneer>
10007336:	4642      	mov	r2, r8
10007338:	68e3      	ldr	r3, [r4, #12]
1000733a:	409a      	lsls	r2, r3
1000733c:	2301      	movs	r3, #1
1000733e:	616a      	str	r2, [r5, #20]
10007340:	469a      	mov	sl, r3
10007342:	e6d0      	b.n	100070e6 <_ZN9LoRaClass5beginEl+0xc6>
10007344:	000030d4 	.word	0x000030d4
10007348:	4003c000 	.word	0x4003c000
1000734c:	01e84800 	.word	0x01e84800

10007350 <_ZN9LoRaClass11parsePacketEi>:
10007350:	b5f0      	push	{r4, r5, r6, r7, lr}
10007352:	46de      	mov	lr, fp
10007354:	4645      	mov	r5, r8
10007356:	4657      	mov	r7, sl
10007358:	464e      	mov	r6, r9
1000735a:	b5e0      	push	{r5, r6, r7, lr}
1000735c:	b083      	sub	sp, #12
1000735e:	466b      	mov	r3, sp
10007360:	1d5d      	adds	r5, r3, #5
10007362:	2312      	movs	r3, #18
10007364:	702b      	strb	r3, [r5, #0]
10007366:	466b      	mov	r3, sp
10007368:	2701      	movs	r7, #1
1000736a:	1d9c      	adds	r4, r3, #6
1000736c:	2300      	movs	r3, #0
1000736e:	7023      	strb	r3, [r4, #0]
10007370:	469b      	mov	fp, r3
10007372:	003b      	movs	r3, r7
10007374:	68c2      	ldr	r2, [r0, #12]
10007376:	0006      	movs	r6, r0
10007378:	4093      	lsls	r3, r2
1000737a:	22d0      	movs	r2, #208	; 0xd0
1000737c:	0612      	lsls	r2, r2, #24
1000737e:	6193      	str	r3, [r2, #24]
10007380:	468a      	mov	sl, r1
10007382:	4690      	mov	r8, r2
10007384:	0029      	movs	r1, r5
10007386:	2201      	movs	r2, #1
10007388:	48b5      	ldr	r0, [pc, #724]	; (10007660 <_ZN9LoRaClass11parsePacketEi+0x310>)
1000738a:	f000 fa7d 	bl	10007888 <__spi_write_blocking_veneer>
1000738e:	466a      	mov	r2, sp
10007390:	2301      	movs	r3, #1
10007392:	3207      	adds	r2, #7
10007394:	0021      	movs	r1, r4
10007396:	48b2      	ldr	r0, [pc, #712]	; (10007660 <_ZN9LoRaClass11parsePacketEi+0x310>)
10007398:	f000 fa7e 	bl	10007898 <__spi_write_read_blocking_veneer>
1000739c:	003b      	movs	r3, r7
1000739e:	68f2      	ldr	r2, [r6, #12]
100073a0:	4093      	lsls	r3, r2
100073a2:	4642      	mov	r2, r8
100073a4:	6153      	str	r3, [r2, #20]
100073a6:	466a      	mov	r2, sp
100073a8:	79d2      	ldrb	r2, [r2, #7]
100073aa:	4691      	mov	r9, r2
100073ac:	4652      	mov	r2, sl
100073ae:	2a00      	cmp	r2, #0
100073b0:	dc00      	bgt.n	100073b4 <_ZN9LoRaClass11parsePacketEi+0x64>
100073b2:	e133      	b.n	1000761c <_ZN9LoRaClass11parsePacketEi+0x2cc>
100073b4:	221d      	movs	r2, #29
100073b6:	702a      	strb	r2, [r5, #0]
100073b8:	465a      	mov	r2, fp
100073ba:	7022      	strb	r2, [r4, #0]
100073bc:	4642      	mov	r2, r8
100073be:	0029      	movs	r1, r5
100073c0:	6237      	str	r7, [r6, #32]
100073c2:	48a7      	ldr	r0, [pc, #668]	; (10007660 <_ZN9LoRaClass11parsePacketEi+0x310>)
100073c4:	6193      	str	r3, [r2, #24]
100073c6:	2201      	movs	r2, #1
100073c8:	f000 fa5e 	bl	10007888 <__spi_write_blocking_veneer>
100073cc:	466a      	mov	r2, sp
100073ce:	2301      	movs	r3, #1
100073d0:	0021      	movs	r1, r4
100073d2:	3207      	adds	r2, #7
100073d4:	48a2      	ldr	r0, [pc, #648]	; (10007660 <_ZN9LoRaClass11parsePacketEi+0x310>)
100073d6:	f000 fa5f 	bl	10007898 <__spi_write_read_blocking_veneer>
100073da:	003a      	movs	r2, r7
100073dc:	68f3      	ldr	r3, [r6, #12]
100073de:	219d      	movs	r1, #157	; 0x9d
100073e0:	409a      	lsls	r2, r3
100073e2:	4643      	mov	r3, r8
100073e4:	615a      	str	r2, [r3, #20]
100073e6:	466b      	mov	r3, sp
100073e8:	7029      	strb	r1, [r5, #0]
100073ea:	2101      	movs	r1, #1
100073ec:	79db      	ldrb	r3, [r3, #7]
100073ee:	489c      	ldr	r0, [pc, #624]	; (10007660 <_ZN9LoRaClass11parsePacketEi+0x310>)
100073f0:	430b      	orrs	r3, r1
100073f2:	7023      	strb	r3, [r4, #0]
100073f4:	4643      	mov	r3, r8
100073f6:	0029      	movs	r1, r5
100073f8:	619a      	str	r2, [r3, #24]
100073fa:	2201      	movs	r2, #1
100073fc:	f000 fa44 	bl	10007888 <__spi_write_blocking_veneer>
10007400:	466a      	mov	r2, sp
10007402:	2301      	movs	r3, #1
10007404:	3207      	adds	r2, #7
10007406:	0021      	movs	r1, r4
10007408:	4895      	ldr	r0, [pc, #596]	; (10007660 <_ZN9LoRaClass11parsePacketEi+0x310>)
1000740a:	f000 fa45 	bl	10007898 <__spi_write_read_blocking_veneer>
1000740e:	003b      	movs	r3, r7
10007410:	68f2      	ldr	r2, [r6, #12]
10007412:	4093      	lsls	r3, r2
10007414:	4642      	mov	r2, r8
10007416:	6153      	str	r3, [r2, #20]
10007418:	22a2      	movs	r2, #162	; 0xa2
1000741a:	702a      	strb	r2, [r5, #0]
1000741c:	4652      	mov	r2, sl
1000741e:	7022      	strb	r2, [r4, #0]
10007420:	4642      	mov	r2, r8
10007422:	6193      	str	r3, [r2, #24]
10007424:	2201      	movs	r2, #1
10007426:	0029      	movs	r1, r5
10007428:	488d      	ldr	r0, [pc, #564]	; (10007660 <_ZN9LoRaClass11parsePacketEi+0x310>)
1000742a:	f000 fa2d 	bl	10007888 <__spi_write_blocking_veneer>
1000742e:	466a      	mov	r2, sp
10007430:	2301      	movs	r3, #1
10007432:	0021      	movs	r1, r4
10007434:	3207      	adds	r2, #7
10007436:	488a      	ldr	r0, [pc, #552]	; (10007660 <_ZN9LoRaClass11parsePacketEi+0x310>)
10007438:	f000 fa2e 	bl	10007898 <__spi_write_read_blocking_veneer>
1000743c:	68f3      	ldr	r3, [r6, #12]
1000743e:	2201      	movs	r2, #1
10007440:	409f      	lsls	r7, r3
10007442:	4643      	mov	r3, r8
10007444:	615f      	str	r7, [r3, #20]
10007446:	2392      	movs	r3, #146	; 0x92
10007448:	702b      	strb	r3, [r5, #0]
1000744a:	469a      	mov	sl, r3
1000744c:	464b      	mov	r3, r9
1000744e:	7023      	strb	r3, [r4, #0]
10007450:	23d0      	movs	r3, #208	; 0xd0
10007452:	061b      	lsls	r3, r3, #24
10007454:	619f      	str	r7, [r3, #24]
10007456:	0029      	movs	r1, r5
10007458:	4881      	ldr	r0, [pc, #516]	; (10007660 <_ZN9LoRaClass11parsePacketEi+0x310>)
1000745a:	4698      	mov	r8, r3
1000745c:	f000 fa14 	bl	10007888 <__spi_write_blocking_veneer>
10007460:	466a      	mov	r2, sp
10007462:	2701      	movs	r7, #1
10007464:	2301      	movs	r3, #1
10007466:	0021      	movs	r1, r4
10007468:	3207      	adds	r2, #7
1000746a:	487d      	ldr	r0, [pc, #500]	; (10007660 <_ZN9LoRaClass11parsePacketEi+0x310>)
1000746c:	f000 fa14 	bl	10007898 <__spi_write_read_blocking_veneer>
10007470:	003b      	movs	r3, r7
10007472:	68f2      	ldr	r2, [r6, #12]
10007474:	0029      	movs	r1, r5
10007476:	4093      	lsls	r3, r2
10007478:	4642      	mov	r2, r8
1000747a:	6153      	str	r3, [r2, #20]
1000747c:	4652      	mov	r2, sl
1000747e:	702a      	strb	r2, [r5, #0]
10007480:	464a      	mov	r2, r9
10007482:	7022      	strb	r2, [r4, #0]
10007484:	4642      	mov	r2, r8
10007486:	4876      	ldr	r0, [pc, #472]	; (10007660 <_ZN9LoRaClass11parsePacketEi+0x310>)
10007488:	6193      	str	r3, [r2, #24]
1000748a:	2201      	movs	r2, #1
1000748c:	f000 f9fc 	bl	10007888 <__spi_write_blocking_veneer>
10007490:	466a      	mov	r2, sp
10007492:	2301      	movs	r3, #1
10007494:	0021      	movs	r1, r4
10007496:	3207      	adds	r2, #7
10007498:	4871      	ldr	r0, [pc, #452]	; (10007660 <_ZN9LoRaClass11parsePacketEi+0x310>)
1000749a:	f000 f9fd 	bl	10007898 <__spi_write_read_blocking_veneer>
1000749e:	003a      	movs	r2, r7
100074a0:	68f3      	ldr	r3, [r6, #12]
100074a2:	4649      	mov	r1, r9
100074a4:	409a      	lsls	r2, r3
100074a6:	4643      	mov	r3, r8
100074a8:	615a      	str	r2, [r3, #20]
100074aa:	2360      	movs	r3, #96	; 0x60
100074ac:	400b      	ands	r3, r1
100074ae:	2b40      	cmp	r3, #64	; 0x40
100074b0:	d16b      	bne.n	1000758a <_ZN9LoRaClass11parsePacketEi+0x23a>
100074b2:	2100      	movs	r1, #0
100074b4:	6a33      	ldr	r3, [r6, #32]
100074b6:	61f1      	str	r1, [r6, #28]
100074b8:	2b00      	cmp	r3, #0
100074ba:	d162      	bne.n	10007582 <_ZN9LoRaClass11parsePacketEi+0x232>
100074bc:	2113      	movs	r1, #19
100074be:	7023      	strb	r3, [r4, #0]
100074c0:	7029      	strb	r1, [r5, #0]
100074c2:	4643      	mov	r3, r8
100074c4:	0029      	movs	r1, r5
100074c6:	619a      	str	r2, [r3, #24]
100074c8:	4865      	ldr	r0, [pc, #404]	; (10007660 <_ZN9LoRaClass11parsePacketEi+0x310>)
100074ca:	2201      	movs	r2, #1
100074cc:	f000 f9dc 	bl	10007888 <__spi_write_blocking_veneer>
100074d0:	466a      	mov	r2, sp
100074d2:	2301      	movs	r3, #1
100074d4:	0021      	movs	r1, r4
100074d6:	3207      	adds	r2, #7
100074d8:	4861      	ldr	r0, [pc, #388]	; (10007660 <_ZN9LoRaClass11parsePacketEi+0x310>)
100074da:	f000 f9dd 	bl	10007898 <__spi_write_read_blocking_veneer>
100074de:	003b      	movs	r3, r7
100074e0:	68f2      	ldr	r2, [r6, #12]
100074e2:	27d0      	movs	r7, #208	; 0xd0
100074e4:	4093      	lsls	r3, r2
100074e6:	4642      	mov	r2, r8
100074e8:	6153      	str	r3, [r2, #20]
100074ea:	466a      	mov	r2, sp
100074ec:	79d2      	ldrb	r2, [r2, #7]
100074ee:	063f      	lsls	r7, r7, #24
100074f0:	4691      	mov	r9, r2
100074f2:	2210      	movs	r2, #16
100074f4:	702a      	strb	r2, [r5, #0]
100074f6:	2200      	movs	r2, #0
100074f8:	0029      	movs	r1, r5
100074fa:	7022      	strb	r2, [r4, #0]
100074fc:	4858      	ldr	r0, [pc, #352]	; (10007660 <_ZN9LoRaClass11parsePacketEi+0x310>)
100074fe:	61bb      	str	r3, [r7, #24]
10007500:	3201      	adds	r2, #1
10007502:	f000 f9c1 	bl	10007888 <__spi_write_blocking_veneer>
10007506:	466a      	mov	r2, sp
10007508:	2301      	movs	r3, #1
1000750a:	0021      	movs	r1, r4
1000750c:	3207      	adds	r2, #7
1000750e:	4854      	ldr	r0, [pc, #336]	; (10007660 <_ZN9LoRaClass11parsePacketEi+0x310>)
10007510:	f000 f9c2 	bl	10007898 <__spi_write_read_blocking_veneer>
10007514:	2301      	movs	r3, #1
10007516:	68f2      	ldr	r2, [r6, #12]
10007518:	4698      	mov	r8, r3
1000751a:	4093      	lsls	r3, r2
1000751c:	466a      	mov	r2, sp
1000751e:	218d      	movs	r1, #141	; 0x8d
10007520:	617b      	str	r3, [r7, #20]
10007522:	79d2      	ldrb	r2, [r2, #7]
10007524:	7029      	strb	r1, [r5, #0]
10007526:	7022      	strb	r2, [r4, #0]
10007528:	0029      	movs	r1, r5
1000752a:	2201      	movs	r2, #1
1000752c:	61bb      	str	r3, [r7, #24]
1000752e:	484c      	ldr	r0, [pc, #304]	; (10007660 <_ZN9LoRaClass11parsePacketEi+0x310>)
10007530:	f000 f9aa 	bl	10007888 <__spi_write_blocking_veneer>
10007534:	466a      	mov	r2, sp
10007536:	2301      	movs	r3, #1
10007538:	0021      	movs	r1, r4
1000753a:	3207      	adds	r2, #7
1000753c:	4848      	ldr	r0, [pc, #288]	; (10007660 <_ZN9LoRaClass11parsePacketEi+0x310>)
1000753e:	f000 f9ab 	bl	10007898 <__spi_write_read_blocking_veneer>
10007542:	4643      	mov	r3, r8
10007544:	68f2      	ldr	r2, [r6, #12]
10007546:	0029      	movs	r1, r5
10007548:	4093      	lsls	r3, r2
1000754a:	2281      	movs	r2, #129	; 0x81
1000754c:	617b      	str	r3, [r7, #20]
1000754e:	4844      	ldr	r0, [pc, #272]	; (10007660 <_ZN9LoRaClass11parsePacketEi+0x310>)
10007550:	702a      	strb	r2, [r5, #0]
10007552:	7022      	strb	r2, [r4, #0]
10007554:	61bb      	str	r3, [r7, #24]
10007556:	3a80      	subs	r2, #128	; 0x80
10007558:	f000 f996 	bl	10007888 <__spi_write_blocking_veneer>
1000755c:	466a      	mov	r2, sp
1000755e:	2301      	movs	r3, #1
10007560:	3207      	adds	r2, #7
10007562:	0021      	movs	r1, r4
10007564:	483e      	ldr	r0, [pc, #248]	; (10007660 <_ZN9LoRaClass11parsePacketEi+0x310>)
10007566:	f000 f997 	bl	10007898 <__spi_write_read_blocking_veneer>
1000756a:	4642      	mov	r2, r8
1000756c:	68f3      	ldr	r3, [r6, #12]
1000756e:	409a      	lsls	r2, r3
10007570:	617a      	str	r2, [r7, #20]
10007572:	4648      	mov	r0, r9
10007574:	b003      	add	sp, #12
10007576:	bcf0      	pop	{r4, r5, r6, r7}
10007578:	46bb      	mov	fp, r7
1000757a:	46b2      	mov	sl, r6
1000757c:	46a9      	mov	r9, r5
1000757e:	46a0      	mov	r8, r4
10007580:	bdf0      	pop	{r4, r5, r6, r7, pc}
10007582:	2322      	movs	r3, #34	; 0x22
10007584:	7021      	strb	r1, [r4, #0]
10007586:	702b      	strb	r3, [r5, #0]
10007588:	e79b      	b.n	100074c2 <_ZN9LoRaClass11parsePacketEi+0x172>
1000758a:	2300      	movs	r3, #0
1000758c:	7023      	strb	r3, [r4, #0]
1000758e:	4643      	mov	r3, r8
10007590:	0029      	movs	r1, r5
10007592:	702f      	strb	r7, [r5, #0]
10007594:	4832      	ldr	r0, [pc, #200]	; (10007660 <_ZN9LoRaClass11parsePacketEi+0x310>)
10007596:	619a      	str	r2, [r3, #24]
10007598:	2201      	movs	r2, #1
1000759a:	f000 f975 	bl	10007888 <__spi_write_blocking_veneer>
1000759e:	466a      	mov	r2, sp
100075a0:	2301      	movs	r3, #1
100075a2:	0021      	movs	r1, r4
100075a4:	3207      	adds	r2, #7
100075a6:	482e      	ldr	r0, [pc, #184]	; (10007660 <_ZN9LoRaClass11parsePacketEi+0x310>)
100075a8:	f000 f976 	bl	10007898 <__spi_write_read_blocking_veneer>
100075ac:	003b      	movs	r3, r7
100075ae:	68f2      	ldr	r2, [r6, #12]
100075b0:	2100      	movs	r1, #0
100075b2:	4093      	lsls	r3, r2
100075b4:	4642      	mov	r2, r8
100075b6:	6153      	str	r3, [r2, #20]
100075b8:	466a      	mov	r2, sp
100075ba:	79d2      	ldrb	r2, [r2, #7]
100075bc:	4689      	mov	r9, r1
100075be:	2a86      	cmp	r2, #134	; 0x86
100075c0:	d0d7      	beq.n	10007572 <_ZN9LoRaClass11parsePacketEi+0x222>
100075c2:	228d      	movs	r2, #141	; 0x8d
100075c4:	702a      	strb	r2, [r5, #0]
100075c6:	4642      	mov	r2, r8
100075c8:	7021      	strb	r1, [r4, #0]
100075ca:	4825      	ldr	r0, [pc, #148]	; (10007660 <_ZN9LoRaClass11parsePacketEi+0x310>)
100075cc:	6193      	str	r3, [r2, #24]
100075ce:	0029      	movs	r1, r5
100075d0:	2201      	movs	r2, #1
100075d2:	f000 f959 	bl	10007888 <__spi_write_blocking_veneer>
100075d6:	466a      	mov	r2, sp
100075d8:	2301      	movs	r3, #1
100075da:	0021      	movs	r1, r4
100075dc:	3207      	adds	r2, #7
100075de:	4820      	ldr	r0, [pc, #128]	; (10007660 <_ZN9LoRaClass11parsePacketEi+0x310>)
100075e0:	f000 f95a 	bl	10007898 <__spi_write_read_blocking_veneer>
100075e4:	003b      	movs	r3, r7
100075e6:	68f2      	ldr	r2, [r6, #12]
100075e8:	0029      	movs	r1, r5
100075ea:	4093      	lsls	r3, r2
100075ec:	4642      	mov	r2, r8
100075ee:	6153      	str	r3, [r2, #20]
100075f0:	2281      	movs	r2, #129	; 0x81
100075f2:	702a      	strb	r2, [r5, #0]
100075f4:	3205      	adds	r2, #5
100075f6:	7022      	strb	r2, [r4, #0]
100075f8:	4642      	mov	r2, r8
100075fa:	4819      	ldr	r0, [pc, #100]	; (10007660 <_ZN9LoRaClass11parsePacketEi+0x310>)
100075fc:	6193      	str	r3, [r2, #24]
100075fe:	2201      	movs	r2, #1
10007600:	f000 f942 	bl	10007888 <__spi_write_blocking_veneer>
10007604:	466a      	mov	r2, sp
10007606:	2301      	movs	r3, #1
10007608:	0021      	movs	r1, r4
1000760a:	4815      	ldr	r0, [pc, #84]	; (10007660 <_ZN9LoRaClass11parsePacketEi+0x310>)
1000760c:	3207      	adds	r2, #7
1000760e:	f000 f943 	bl	10007898 <__spi_write_read_blocking_veneer>
10007612:	68f3      	ldr	r3, [r6, #12]
10007614:	409f      	lsls	r7, r3
10007616:	4643      	mov	r3, r8
10007618:	615f      	str	r7, [r3, #20]
1000761a:	e7aa      	b.n	10007572 <_ZN9LoRaClass11parsePacketEi+0x222>
1000761c:	465a      	mov	r2, fp
1000761e:	6232      	str	r2, [r6, #32]
10007620:	221d      	movs	r2, #29
10007622:	702a      	strb	r2, [r5, #0]
10007624:	465a      	mov	r2, fp
10007626:	7022      	strb	r2, [r4, #0]
10007628:	4642      	mov	r2, r8
1000762a:	0029      	movs	r1, r5
1000762c:	6193      	str	r3, [r2, #24]
1000762e:	480c      	ldr	r0, [pc, #48]	; (10007660 <_ZN9LoRaClass11parsePacketEi+0x310>)
10007630:	2201      	movs	r2, #1
10007632:	f000 f929 	bl	10007888 <__spi_write_blocking_veneer>
10007636:	466a      	mov	r2, sp
10007638:	2301      	movs	r3, #1
1000763a:	0021      	movs	r1, r4
1000763c:	3207      	adds	r2, #7
1000763e:	4808      	ldr	r0, [pc, #32]	; (10007660 <_ZN9LoRaClass11parsePacketEi+0x310>)
10007640:	f000 f92a 	bl	10007898 <__spi_write_read_blocking_veneer>
10007644:	003a      	movs	r2, r7
10007646:	68f3      	ldr	r3, [r6, #12]
10007648:	219d      	movs	r1, #157	; 0x9d
1000764a:	409a      	lsls	r2, r3
1000764c:	4643      	mov	r3, r8
1000764e:	615a      	str	r2, [r3, #20]
10007650:	466b      	mov	r3, sp
10007652:	79db      	ldrb	r3, [r3, #7]
10007654:	7029      	strb	r1, [r5, #0]
10007656:	43bb      	bics	r3, r7
10007658:	7023      	strb	r3, [r4, #0]
1000765a:	4643      	mov	r3, r8
1000765c:	619a      	str	r2, [r3, #24]
1000765e:	e6e1      	b.n	10007424 <_ZN9LoRaClass11parsePacketEi+0xd4>
10007660:	4003c000 	.word	0x4003c000

10007664 <_ZN9LoRaClass10packetRssiEv>:
10007664:	b5f0      	push	{r4, r5, r6, r7, lr}
10007666:	46c6      	mov	lr, r8
10007668:	b500      	push	{lr}
1000766a:	b082      	sub	sp, #8
1000766c:	466b      	mov	r3, sp
1000766e:	1d59      	adds	r1, r3, #5
10007670:	231a      	movs	r3, #26
10007672:	700b      	strb	r3, [r1, #0]
10007674:	3b14      	subs	r3, #20
10007676:	446b      	add	r3, sp
10007678:	4698      	mov	r8, r3
1000767a:	2501      	movs	r5, #1
1000767c:	2300      	movs	r3, #0
1000767e:	4642      	mov	r2, r8
10007680:	7013      	strb	r3, [r2, #0]
10007682:	002b      	movs	r3, r5
10007684:	68c2      	ldr	r2, [r0, #12]
10007686:	27d0      	movs	r7, #208	; 0xd0
10007688:	4093      	lsls	r3, r2
1000768a:	063f      	lsls	r7, r7, #24
1000768c:	0004      	movs	r4, r0
1000768e:	2201      	movs	r2, #1
10007690:	61bb      	str	r3, [r7, #24]
10007692:	480d      	ldr	r0, [pc, #52]	; (100076c8 <_ZN9LoRaClass10packetRssiEv+0x64>)
10007694:	f000 f8f8 	bl	10007888 <__spi_write_blocking_veneer>
10007698:	466b      	mov	r3, sp
1000769a:	1dde      	adds	r6, r3, #7
1000769c:	0032      	movs	r2, r6
1000769e:	2301      	movs	r3, #1
100076a0:	4641      	mov	r1, r8
100076a2:	4809      	ldr	r0, [pc, #36]	; (100076c8 <_ZN9LoRaClass10packetRssiEv+0x64>)
100076a4:	f000 f8f8 	bl	10007898 <__spi_write_read_blocking_veneer>
100076a8:	68e3      	ldr	r3, [r4, #12]
100076aa:	4a08      	ldr	r2, [pc, #32]	; (100076cc <_ZN9LoRaClass10packetRssiEv+0x68>)
100076ac:	409d      	lsls	r5, r3
100076ae:	617d      	str	r5, [r7, #20]
100076b0:	69a1      	ldr	r1, [r4, #24]
100076b2:	23a4      	movs	r3, #164	; 0xa4
100076b4:	7830      	ldrb	r0, [r6, #0]
100076b6:	4291      	cmp	r1, r2
100076b8:	dd00      	ble.n	100076bc <_ZN9LoRaClass10packetRssiEv+0x58>
100076ba:	3b07      	subs	r3, #7
100076bc:	1ac0      	subs	r0, r0, r3
100076be:	b002      	add	sp, #8
100076c0:	bc80      	pop	{r7}
100076c2:	46b8      	mov	r8, r7
100076c4:	bdf0      	pop	{r4, r5, r6, r7, pc}
100076c6:	46c0      	nop			; (mov r8, r8)
100076c8:	4003c000 	.word	0x4003c000
100076cc:	1f4add3f 	.word	0x1f4add3f

100076d0 <_GLOBAL__sub_I__ZN9LoRaClassC2Ev>:
100076d0:	4909      	ldr	r1, [pc, #36]	; (100076f8 <_GLOBAL__sub_I__ZN9LoRaClassC2Ev+0x28>)
100076d2:	4b0a      	ldr	r3, [pc, #40]	; (100076fc <_GLOBAL__sub_I__ZN9LoRaClassC2Ev+0x2c>)
100076d4:	3108      	adds	r1, #8
100076d6:	6019      	str	r1, [r3, #0]
100076d8:	4909      	ldr	r1, [pc, #36]	; (10007700 <_GLOBAL__sub_I__ZN9LoRaClassC2Ev+0x30>)
100076da:	2200      	movs	r2, #0
100076dc:	6099      	str	r1, [r3, #8]
100076de:	2108      	movs	r1, #8
100076e0:	60d9      	str	r1, [r3, #12]
100076e2:	3101      	adds	r1, #1
100076e4:	6119      	str	r1, [r3, #16]
100076e6:	3902      	subs	r1, #2
100076e8:	605a      	str	r2, [r3, #4]
100076ea:	6159      	str	r1, [r3, #20]
100076ec:	619a      	str	r2, [r3, #24]
100076ee:	61da      	str	r2, [r3, #28]
100076f0:	621a      	str	r2, [r3, #32]
100076f2:	625a      	str	r2, [r3, #36]	; 0x24
100076f4:	629a      	str	r2, [r3, #40]	; 0x28
100076f6:	4770      	bx	lr
100076f8:	10007e44 	.word	0x10007e44
100076fc:	20001abc 	.word	0x20001abc
10007700:	4003c000 	.word	0x4003c000

10007704 <abort>:
10007704:	2006      	movs	r0, #6
10007706:	b510      	push	{r4, lr}
10007708:	f000 f804 	bl	10007714 <raise>
1000770c:	2001      	movs	r0, #1
1000770e:	f7fa f99f 	bl	10001a50 <_exit>
10007712:	46c0      	nop			; (mov r8, r8)

10007714 <raise>:
10007714:	4b16      	ldr	r3, [pc, #88]	; (10007770 <raise+0x5c>)
10007716:	b570      	push	{r4, r5, r6, lr}
10007718:	0004      	movs	r4, r0
1000771a:	681d      	ldr	r5, [r3, #0]
1000771c:	281f      	cmp	r0, #31
1000771e:	d821      	bhi.n	10007764 <raise+0x50>
10007720:	23b7      	movs	r3, #183	; 0xb7
10007722:	009b      	lsls	r3, r3, #2
10007724:	58eb      	ldr	r3, [r5, r3]
10007726:	2b00      	cmp	r3, #0
10007728:	d00d      	beq.n	10007746 <raise+0x32>
1000772a:	0082      	lsls	r2, r0, #2
1000772c:	189b      	adds	r3, r3, r2
1000772e:	681a      	ldr	r2, [r3, #0]
10007730:	2a00      	cmp	r2, #0
10007732:	d008      	beq.n	10007746 <raise+0x32>
10007734:	2a01      	cmp	r2, #1
10007736:	d013      	beq.n	10007760 <raise+0x4c>
10007738:	1c51      	adds	r1, r2, #1
1000773a:	d00d      	beq.n	10007758 <raise+0x44>
1000773c:	2100      	movs	r1, #0
1000773e:	6019      	str	r1, [r3, #0]
10007740:	4790      	blx	r2
10007742:	2000      	movs	r0, #0
10007744:	bd70      	pop	{r4, r5, r6, pc}
10007746:	0028      	movs	r0, r5
10007748:	f000 f828 	bl	1000779c <_getpid_r>
1000774c:	0022      	movs	r2, r4
1000774e:	0001      	movs	r1, r0
10007750:	0028      	movs	r0, r5
10007752:	f000 f80f 	bl	10007774 <_kill_r>
10007756:	e7f5      	b.n	10007744 <raise+0x30>
10007758:	2316      	movs	r3, #22
1000775a:	2001      	movs	r0, #1
1000775c:	602b      	str	r3, [r5, #0]
1000775e:	e7f1      	b.n	10007744 <raise+0x30>
10007760:	2000      	movs	r0, #0
10007762:	e7ef      	b.n	10007744 <raise+0x30>
10007764:	2316      	movs	r3, #22
10007766:	2001      	movs	r0, #1
10007768:	602b      	str	r3, [r5, #0]
1000776a:	4240      	negs	r0, r0
1000776c:	e7ea      	b.n	10007744 <raise+0x30>
1000776e:	46c0      	nop			; (mov r8, r8)
10007770:	20001440 	.word	0x20001440

10007774 <_kill_r>:
10007774:	2300      	movs	r3, #0
10007776:	b570      	push	{r4, r5, r6, lr}
10007778:	4d07      	ldr	r5, [pc, #28]	; (10007798 <_kill_r+0x24>)
1000777a:	0004      	movs	r4, r0
1000777c:	0008      	movs	r0, r1
1000777e:	0011      	movs	r1, r2
10007780:	602b      	str	r3, [r5, #0]
10007782:	f000 f845 	bl	10007810 <_kill>
10007786:	1c43      	adds	r3, r0, #1
10007788:	d000      	beq.n	1000778c <_kill_r+0x18>
1000778a:	bd70      	pop	{r4, r5, r6, pc}
1000778c:	682b      	ldr	r3, [r5, #0]
1000778e:	2b00      	cmp	r3, #0
10007790:	d0fb      	beq.n	1000778a <_kill_r+0x16>
10007792:	6023      	str	r3, [r4, #0]
10007794:	e7f9      	b.n	1000778a <_kill_r+0x16>
10007796:	46c0      	nop			; (mov r8, r8)
10007798:	200020e4 	.word	0x200020e4

1000779c <_getpid_r>:
1000779c:	b510      	push	{r4, lr}
1000779e:	f000 f82f 	bl	10007800 <_getpid>
100077a2:	bd10      	pop	{r4, pc}

100077a4 <strlen>:
100077a4:	b510      	push	{r4, lr}
100077a6:	0783      	lsls	r3, r0, #30
100077a8:	d00a      	beq.n	100077c0 <strlen+0x1c>
100077aa:	0003      	movs	r3, r0
100077ac:	2103      	movs	r1, #3
100077ae:	e002      	b.n	100077b6 <strlen+0x12>
100077b0:	3301      	adds	r3, #1
100077b2:	420b      	tst	r3, r1
100077b4:	d005      	beq.n	100077c2 <strlen+0x1e>
100077b6:	781a      	ldrb	r2, [r3, #0]
100077b8:	2a00      	cmp	r2, #0
100077ba:	d1f9      	bne.n	100077b0 <strlen+0xc>
100077bc:	1a18      	subs	r0, r3, r0
100077be:	bd10      	pop	{r4, pc}
100077c0:	0003      	movs	r3, r0
100077c2:	6819      	ldr	r1, [r3, #0]
100077c4:	4a0c      	ldr	r2, [pc, #48]	; (100077f8 <strlen+0x54>)
100077c6:	4c0d      	ldr	r4, [pc, #52]	; (100077fc <strlen+0x58>)
100077c8:	188a      	adds	r2, r1, r2
100077ca:	438a      	bics	r2, r1
100077cc:	4222      	tst	r2, r4
100077ce:	d10f      	bne.n	100077f0 <strlen+0x4c>
100077d0:	6859      	ldr	r1, [r3, #4]
100077d2:	4a09      	ldr	r2, [pc, #36]	; (100077f8 <strlen+0x54>)
100077d4:	3304      	adds	r3, #4
100077d6:	188a      	adds	r2, r1, r2
100077d8:	438a      	bics	r2, r1
100077da:	4222      	tst	r2, r4
100077dc:	d108      	bne.n	100077f0 <strlen+0x4c>
100077de:	6859      	ldr	r1, [r3, #4]
100077e0:	4a05      	ldr	r2, [pc, #20]	; (100077f8 <strlen+0x54>)
100077e2:	3304      	adds	r3, #4
100077e4:	188a      	adds	r2, r1, r2
100077e6:	438a      	bics	r2, r1
100077e8:	4222      	tst	r2, r4
100077ea:	d0f1      	beq.n	100077d0 <strlen+0x2c>
100077ec:	e000      	b.n	100077f0 <strlen+0x4c>
100077ee:	3301      	adds	r3, #1
100077f0:	781a      	ldrb	r2, [r3, #0]
100077f2:	2a00      	cmp	r2, #0
100077f4:	d1fb      	bne.n	100077ee <strlen+0x4a>
100077f6:	e7e1      	b.n	100077bc <strlen+0x18>
100077f8:	fefefeff 	.word	0xfefefeff
100077fc:	80808080 	.word	0x80808080

10007800 <_getpid>:
10007800:	2258      	movs	r2, #88	; 0x58
10007802:	2001      	movs	r0, #1
10007804:	4b01      	ldr	r3, [pc, #4]	; (1000780c <_getpid+0xc>)
10007806:	4240      	negs	r0, r0
10007808:	601a      	str	r2, [r3, #0]
1000780a:	4770      	bx	lr
1000780c:	200020e4 	.word	0x200020e4

10007810 <_kill>:
10007810:	2258      	movs	r2, #88	; 0x58
10007812:	2001      	movs	r0, #1
10007814:	4b01      	ldr	r3, [pc, #4]	; (1000781c <_kill+0xc>)
10007816:	4240      	negs	r0, r0
10007818:	601a      	str	r2, [r3, #0]
1000781a:	4770      	bx	lr
1000781c:	200020e4 	.word	0x200020e4

10007820 <_fini>:
10007820:	b5f8      	push	{r3, r4, r5, r6, r7, lr}
10007822:	46c0      	nop			; (mov r8, r8)
10007824:	0000      	movs	r0, r0
	...

10007828 <__flash_do_cmd_veneer>:
10007828:	b401      	push	{r0}
1000782a:	4802      	ldr	r0, [pc, #8]	; (10007834 <__flash_do_cmd_veneer+0xc>)
1000782c:	4684      	mov	ip, r0
1000782e:	bc01      	pop	{r0}
10007830:	4760      	bx	ip
10007832:	bf00      	nop
10007834:	2000028d 	.word	0x2000028d

10007838 <__mutex_exit_veneer>:
10007838:	b401      	push	{r0}
1000783a:	4802      	ldr	r0, [pc, #8]	; (10007844 <__mutex_exit_veneer+0xc>)
1000783c:	4684      	mov	ip, r0
1000783e:	bc01      	pop	{r0}
10007840:	4760      	bx	ip
10007842:	bf00      	nop
10007844:	200001ed 	.word	0x200001ed

10007848 <____aeabi_ldiv0_veneer>:
10007848:	b401      	push	{r0}
1000784a:	4802      	ldr	r0, [pc, #8]	; (10007854 <____aeabi_ldiv0_veneer+0xc>)
1000784c:	4684      	mov	ip, r0
1000784e:	bc01      	pop	{r0}
10007850:	4760      	bx	ip
10007852:	bf00      	nop
10007854:	20000411 	.word	0x20000411

10007858 <____aeabi_idiv0_veneer>:
10007858:	b401      	push	{r0}
1000785a:	4802      	ldr	r0, [pc, #8]	; (10007864 <____aeabi_idiv0_veneer+0xc>)
1000785c:	4684      	mov	ip, r0
1000785e:	bc01      	pop	{r0}
10007860:	4760      	bx	ip
10007862:	bf00      	nop
10007864:	20000411 	.word	0x20000411

10007868 <__mutex_try_enter_veneer>:
10007868:	b401      	push	{r0}
1000786a:	4802      	ldr	r0, [pc, #8]	; (10007874 <__mutex_try_enter_veneer+0xc>)
1000786c:	4684      	mov	ip, r0
1000786e:	bc01      	pop	{r0}
10007870:	4760      	bx	ip
10007872:	bf00      	nop
10007874:	20000109 	.word	0x20000109

10007878 <__mutex_enter_timeout_ms_veneer>:
10007878:	b401      	push	{r0}
1000787a:	4802      	ldr	r0, [pc, #8]	; (10007884 <__mutex_enter_timeout_ms_veneer+0xc>)
1000787c:	4684      	mov	ip, r0
1000787e:	bc01      	pop	{r0}
10007880:	4760      	bx	ip
10007882:	bf00      	nop
10007884:	2000014d 	.word	0x2000014d

10007888 <__spi_write_blocking_veneer>:
10007888:	b401      	push	{r0}
1000788a:	4802      	ldr	r0, [pc, #8]	; (10007894 <__spi_write_blocking_veneer+0xc>)
1000788c:	4684      	mov	ip, r0
1000788e:	bc01      	pop	{r0}
10007890:	4760      	bx	ip
10007892:	bf00      	nop
10007894:	200003c5 	.word	0x200003c5

10007898 <__spi_write_read_blocking_veneer>:
10007898:	b401      	push	{r0}
1000789a:	4802      	ldr	r0, [pc, #8]	; (100078a4 <__spi_write_read_blocking_veneer+0xc>)
1000789c:	4684      	mov	ip, r0
1000789e:	bc01      	pop	{r0}
100078a0:	4760      	bx	ip
100078a2:	bf00      	nop
100078a4:	20000351 	.word	0x20000351

100078a8 <__mutex_enter_blocking_veneer>:
100078a8:	b401      	push	{r0}
100078aa:	4802      	ldr	r0, [pc, #8]	; (100078b4 <__mutex_enter_blocking_veneer+0xc>)
100078ac:	4684      	mov	ip, r0
100078ae:	bc01      	pop	{r0}
100078b0:	4760      	bx	ip
100078b2:	bf00      	nop
100078b4:	200000c1 	.word	0x200000c1

Disassembly of section .data:

200000c0 <mutex_enter_blocking>:
200000c0:	23d0      	movs	r3, #208	; 0xd0
200000c2:	b530      	push	{r4, r5, lr}
200000c4:	2500      	movs	r5, #0
200000c6:	061b      	lsls	r3, r3, #24
200000c8:	2400      	movs	r4, #0
200000ca:	575d      	ldrsb	r5, [r3, r5]
200000cc:	e006      	b.n	200000dc <mutex_enter_blocking+0x1c>
200000ce:	6803      	ldr	r3, [r0, #0]
200000d0:	f3bf 8f5f 	dmb	sy
200000d4:	601c      	str	r4, [r3, #0]
200000d6:	f381 8810 	msr	PRIMASK, r1
200000da:	bf20      	wfe
200000dc:	6802      	ldr	r2, [r0, #0]
200000de:	f3ef 8110 	mrs	r1, PRIMASK
200000e2:	b672      	cpsid	i
200000e4:	6813      	ldr	r3, [r2, #0]
200000e6:	2b00      	cmp	r3, #0
200000e8:	d0fc      	beq.n	200000e4 <mutex_enter_blocking+0x24>
200000ea:	f3bf 8f5f 	dmb	sy
200000ee:	7903      	ldrb	r3, [r0, #4]
200000f0:	2b7f      	cmp	r3, #127	; 0x7f
200000f2:	d9ec      	bls.n	200000ce <mutex_enter_blocking+0xe>
200000f4:	7105      	strb	r5, [r0, #4]
200000f6:	6803      	ldr	r3, [r0, #0]
200000f8:	f3bf 8f5f 	dmb	sy
200000fc:	2200      	movs	r2, #0
200000fe:	601a      	str	r2, [r3, #0]
20000100:	f381 8810 	msr	PRIMASK, r1
20000104:	bd30      	pop	{r4, r5, pc}
20000106:	46c0      	nop			; (mov r8, r8)

20000108 <mutex_try_enter>:
20000108:	0003      	movs	r3, r0
2000010a:	6800      	ldr	r0, [r0, #0]
2000010c:	f3ef 8c10 	mrs	ip, PRIMASK
20000110:	b672      	cpsid	i
20000112:	6802      	ldr	r2, [r0, #0]
20000114:	2a00      	cmp	r2, #0
20000116:	d0fc      	beq.n	20000112 <mutex_try_enter+0xa>
20000118:	f3bf 8f5f 	dmb	sy
2000011c:	2204      	movs	r2, #4
2000011e:	569a      	ldrsb	r2, [r3, r2]
20000120:	2a00      	cmp	r2, #0
20000122:	db0b      	blt.n	2000013c <mutex_try_enter+0x34>
20000124:	2900      	cmp	r1, #0
20000126:	d00f      	beq.n	20000148 <mutex_try_enter+0x40>
20000128:	2000      	movs	r0, #0
2000012a:	600a      	str	r2, [r1, #0]
2000012c:	681b      	ldr	r3, [r3, #0]
2000012e:	f3bf 8f5f 	dmb	sy
20000132:	2200      	movs	r2, #0
20000134:	601a      	str	r2, [r3, #0]
20000136:	f38c 8810 	msr	PRIMASK, ip
2000013a:	4770      	bx	lr
2000013c:	22d0      	movs	r2, #208	; 0xd0
2000013e:	0612      	lsls	r2, r2, #24
20000140:	6812      	ldr	r2, [r2, #0]
20000142:	2001      	movs	r0, #1
20000144:	711a      	strb	r2, [r3, #4]
20000146:	e7f1      	b.n	2000012c <mutex_try_enter+0x24>
20000148:	2000      	movs	r0, #0
2000014a:	e7ef      	b.n	2000012c <mutex_try_enter+0x24>

2000014c <mutex_enter_timeout_ms>:
2000014c:	b5f0      	push	{r4, r5, r6, r7, lr}
2000014e:	46c6      	mov	lr, r8
20000150:	b500      	push	{lr}
20000152:	b082      	sub	sp, #8
20000154:	000c      	movs	r4, r1
20000156:	0007      	movs	r7, r0
20000158:	f001 f8ee 	bl	20001338 <__time_us_64_veneer>
2000015c:	22fa      	movs	r2, #250	; 0xfa
2000015e:	2300      	movs	r3, #0
20000160:	9000      	str	r0, [sp, #0]
20000162:	9101      	str	r1, [sp, #4]
20000164:	0020      	movs	r0, r4
20000166:	0092      	lsls	r2, r2, #2
20000168:	2100      	movs	r1, #0
2000016a:	f001 f8d5 	bl	20001318 <____wrap___aeabi_lmul_veneer>
2000016e:	9a00      	ldr	r2, [sp, #0]
20000170:	9b01      	ldr	r3, [sp, #4]
20000172:	0014      	movs	r4, r2
20000174:	001d      	movs	r5, r3
20000176:	1824      	adds	r4, r4, r0
20000178:	414d      	adcs	r5, r1
2000017a:	42ab      	cmp	r3, r5
2000017c:	d82f      	bhi.n	200001de <mutex_enter_timeout_ms+0x92>
2000017e:	d02b      	beq.n	200001d8 <mutex_enter_timeout_ms+0x8c>
20000180:	23d0      	movs	r3, #208	; 0xd0
20000182:	061b      	lsls	r3, r3, #24
20000184:	681b      	ldr	r3, [r3, #0]
20000186:	2600      	movs	r6, #0
20000188:	4698      	mov	r8, r3
2000018a:	e00b      	b.n	200001a4 <mutex_enter_timeout_ms+0x58>
2000018c:	683b      	ldr	r3, [r7, #0]
2000018e:	f3bf 8f5f 	dmb	sy
20000192:	601e      	str	r6, [r3, #0]
20000194:	f381 8810 	msr	PRIMASK, r1
20000198:	0020      	movs	r0, r4
2000019a:	0029      	movs	r1, r5
2000019c:	f001 f8dc 	bl	20001358 <__best_effort_wfe_or_timeout_veneer>
200001a0:	2800      	cmp	r0, #0
200001a2:	d120      	bne.n	200001e6 <mutex_enter_timeout_ms+0x9a>
200001a4:	683a      	ldr	r2, [r7, #0]
200001a6:	f3ef 8110 	mrs	r1, PRIMASK
200001aa:	b672      	cpsid	i
200001ac:	6813      	ldr	r3, [r2, #0]
200001ae:	2b00      	cmp	r3, #0
200001b0:	d0fc      	beq.n	200001ac <mutex_enter_timeout_ms+0x60>
200001b2:	f3bf 8f5f 	dmb	sy
200001b6:	793b      	ldrb	r3, [r7, #4]
200001b8:	2b7f      	cmp	r3, #127	; 0x7f
200001ba:	d9e7      	bls.n	2000018c <mutex_enter_timeout_ms+0x40>
200001bc:	4643      	mov	r3, r8
200001be:	713b      	strb	r3, [r7, #4]
200001c0:	683b      	ldr	r3, [r7, #0]
200001c2:	f3bf 8f5f 	dmb	sy
200001c6:	2200      	movs	r2, #0
200001c8:	601a      	str	r2, [r3, #0]
200001ca:	f381 8810 	msr	PRIMASK, r1
200001ce:	2001      	movs	r0, #1
200001d0:	b002      	add	sp, #8
200001d2:	bc80      	pop	{r7}
200001d4:	46b8      	mov	r8, r7
200001d6:	bdf0      	pop	{r4, r5, r6, r7, pc}
200001d8:	9b00      	ldr	r3, [sp, #0]
200001da:	42a3      	cmp	r3, r4
200001dc:	d9d0      	bls.n	20000180 <mutex_enter_timeout_ms+0x34>
200001de:	2401      	movs	r4, #1
200001e0:	4264      	negs	r4, r4
200001e2:	17e5      	asrs	r5, r4, #31
200001e4:	e7cc      	b.n	20000180 <mutex_enter_timeout_ms+0x34>
200001e6:	2000      	movs	r0, #0
200001e8:	e7f2      	b.n	200001d0 <mutex_enter_timeout_ms+0x84>
200001ea:	46c0      	nop			; (mov r8, r8)

200001ec <mutex_exit>:
200001ec:	6802      	ldr	r2, [r0, #0]
200001ee:	f3ef 8110 	mrs	r1, PRIMASK
200001f2:	b672      	cpsid	i
200001f4:	6813      	ldr	r3, [r2, #0]
200001f6:	2b00      	cmp	r3, #0
200001f8:	d0fc      	beq.n	200001f4 <mutex_exit+0x8>
200001fa:	f3bf 8f5f 	dmb	sy
200001fe:	23ff      	movs	r3, #255	; 0xff
20000200:	7103      	strb	r3, [r0, #4]
20000202:	6803      	ldr	r3, [r0, #0]
20000204:	f3bf 8f5f 	dmb	sy
20000208:	2200      	movs	r2, #0
2000020a:	601a      	str	r2, [r3, #0]
2000020c:	f381 8810 	msr	PRIMASK, r1
20000210:	bf40      	sev
20000212:	4770      	bx	lr

20000214 <flash_init_boot2_copyout>:
20000214:	4808      	ldr	r0, [pc, #32]	; (20000238 <flash_init_boot2_copyout+0x24>)
20000216:	b510      	push	{r4, lr}
20000218:	7803      	ldrb	r3, [r0, #0]
2000021a:	2b00      	cmp	r3, #0
2000021c:	d10a      	bne.n	20000234 <flash_init_boot2_copyout+0x20>
2000021e:	2380      	movs	r3, #128	; 0x80
20000220:	4906      	ldr	r1, [pc, #24]	; (2000023c <flash_init_boot2_copyout+0x28>)
20000222:	4a07      	ldr	r2, [pc, #28]	; (20000240 <flash_init_boot2_copyout+0x2c>)
20000224:	055b      	lsls	r3, r3, #21
20000226:	681c      	ldr	r4, [r3, #0]
20000228:	50cc      	str	r4, [r1, r3]
2000022a:	3304      	adds	r3, #4
2000022c:	4293      	cmp	r3, r2
2000022e:	d1fa      	bne.n	20000226 <flash_init_boot2_copyout+0x12>
20000230:	2301      	movs	r3, #1
20000232:	7003      	strb	r3, [r0, #0]
20000234:	bd10      	pop	{r4, pc}
20000236:	46c0      	nop			; (mov r8, r8)
20000238:	20002648 	.word	0x20002648
2000023c:	10001f4c 	.word	0x10001f4c
20000240:	10000100 	.word	0x10000100

20000244 <flash_enable_xip_via_boot2>:
20000244:	b510      	push	{r4, lr}
20000246:	4b02      	ldr	r3, [pc, #8]	; (20000250 <flash_enable_xip_via_boot2+0xc>)
20000248:	3301      	adds	r3, #1
2000024a:	4798      	blx	r3
2000024c:	bd10      	pop	{r4, pc}
2000024e:	46c0      	nop			; (mov r8, r8)
20000250:	20001f4c 	.word	0x20001f4c

20000254 <flash_cs_force.constprop.0>:
20000254:	4b03      	ldr	r3, [pc, #12]	; (20000264 <flash_cs_force.constprop.0+0x10>)
20000256:	681a      	ldr	r2, [r3, #0]
20000258:	23c0      	movs	r3, #192	; 0xc0
2000025a:	009b      	lsls	r3, r3, #2
2000025c:	4393      	bics	r3, r2
2000025e:	4a02      	ldr	r2, [pc, #8]	; (20000268 <flash_cs_force.constprop.0+0x14>)
20000260:	6013      	str	r3, [r2, #0]
20000262:	4770      	bx	lr
20000264:	4001800c 	.word	0x4001800c
20000268:	4001900c 	.word	0x4001900c

2000026c <flash_cs_force.constprop.1>:
2000026c:	4b05      	ldr	r3, [pc, #20]	; (20000284 <flash_cs_force.constprop.1+0x18>)
2000026e:	681a      	ldr	r2, [r3, #0]
20000270:	2380      	movs	r3, #128	; 0x80
20000272:	009b      	lsls	r3, r3, #2
20000274:	4053      	eors	r3, r2
20000276:	22c0      	movs	r2, #192	; 0xc0
20000278:	0092      	lsls	r2, r2, #2
2000027a:	4013      	ands	r3, r2
2000027c:	4a02      	ldr	r2, [pc, #8]	; (20000288 <flash_cs_force.constprop.1+0x1c>)
2000027e:	6013      	str	r3, [r2, #0]
20000280:	4770      	bx	lr
20000282:	46c0      	nop			; (mov r8, r8)
20000284:	4001800c 	.word	0x4001800c
20000288:	4001900c 	.word	0x4001900c

2000028c <flash_do_cmd>:
2000028c:	2314      	movs	r3, #20
2000028e:	b5f0      	push	{r4, r5, r6, r7, lr}
20000290:	46d6      	mov	lr, sl
20000292:	464f      	mov	r7, r9
20000294:	4646      	mov	r6, r8
20000296:	469a      	mov	sl, r3
20000298:	4681      	mov	r9, r0
2000029a:	8818      	ldrh	r0, [r3, #0]
2000029c:	3304      	adds	r3, #4
2000029e:	b5c0      	push	{r6, r7, lr}
200002a0:	4698      	mov	r8, r3
200002a2:	000e      	movs	r6, r1
200002a4:	881b      	ldrh	r3, [r3, #0]
200002a6:	4927      	ldr	r1, [pc, #156]	; (20000344 <flash_do_cmd+0xb8>)
200002a8:	0014      	movs	r4, r2
200002aa:	4798      	blx	r3
200002ac:	4653      	mov	r3, sl
200002ae:	0007      	movs	r7, r0
200002b0:	8818      	ldrh	r0, [r3, #0]
200002b2:	4643      	mov	r3, r8
200002b4:	4924      	ldr	r1, [pc, #144]	; (20000348 <flash_do_cmd+0xbc>)
200002b6:	881b      	ldrh	r3, [r3, #0]
200002b8:	4798      	blx	r3
200002ba:	4653      	mov	r3, sl
200002bc:	0005      	movs	r5, r0
200002be:	8818      	ldrh	r0, [r3, #0]
200002c0:	4643      	mov	r3, r8
200002c2:	4922      	ldr	r1, [pc, #136]	; (2000034c <flash_do_cmd+0xc0>)
200002c4:	881b      	ldrh	r3, [r3, #0]
200002c6:	4798      	blx	r3
200002c8:	4680      	mov	r8, r0
200002ca:	f7ff ffa3 	bl	20000214 <flash_init_boot2_copyout>
200002ce:	47b8      	blx	r7
200002d0:	47a8      	blx	r5
200002d2:	f7ff ffcb 	bl	2000026c <flash_cs_force.constprop.1>
200002d6:	2c00      	cmp	r4, #0
200002d8:	d01b      	beq.n	20000312 <flash_do_cmd+0x86>
200002da:	21c0      	movs	r1, #192	; 0xc0
200002dc:	0022      	movs	r2, r4
200002de:	2708      	movs	r7, #8
200002e0:	2002      	movs	r0, #2
200002e2:	0549      	lsls	r1, r1, #21
200002e4:	003d      	movs	r5, r7
200002e6:	6a8b      	ldr	r3, [r1, #40]	; 0x28
200002e8:	401d      	ands	r5, r3
200002ea:	4218      	tst	r0, r3
200002ec:	d00b      	beq.n	20000306 <flash_do_cmd+0x7a>
200002ee:	2c00      	cmp	r4, #0
200002f0:	d009      	beq.n	20000306 <flash_do_cmd+0x7a>
200002f2:	1b13      	subs	r3, r2, r4
200002f4:	2b0d      	cmp	r3, #13
200002f6:	d81f      	bhi.n	20000338 <flash_do_cmd+0xac>
200002f8:	464b      	mov	r3, r9
200002fa:	781b      	ldrb	r3, [r3, #0]
200002fc:	3c01      	subs	r4, #1
200002fe:	660b      	str	r3, [r1, #96]	; 0x60
20000300:	2301      	movs	r3, #1
20000302:	469c      	mov	ip, r3
20000304:	44e1      	add	r9, ip
20000306:	0023      	movs	r3, r4
20000308:	2d00      	cmp	r5, #0
2000030a:	d10c      	bne.n	20000326 <flash_do_cmd+0x9a>
2000030c:	4313      	orrs	r3, r2
2000030e:	2b00      	cmp	r3, #0
20000310:	d1e8      	bne.n	200002e4 <flash_do_cmd+0x58>
20000312:	f7ff ff9f 	bl	20000254 <flash_cs_force.constprop.0>
20000316:	47c0      	blx	r8
20000318:	f7ff ff94 	bl	20000244 <flash_enable_xip_via_boot2>
2000031c:	bce0      	pop	{r5, r6, r7}
2000031e:	46ba      	mov	sl, r7
20000320:	46b1      	mov	r9, r6
20000322:	46a8      	mov	r8, r5
20000324:	bdf0      	pop	{r4, r5, r6, r7, pc}
20000326:	2a00      	cmp	r2, #0
20000328:	d0f1      	beq.n	2000030e <flash_do_cmd+0x82>
2000032a:	6e0b      	ldr	r3, [r1, #96]	; 0x60
2000032c:	3a01      	subs	r2, #1
2000032e:	7033      	strb	r3, [r6, #0]
20000330:	0013      	movs	r3, r2
20000332:	3601      	adds	r6, #1
20000334:	4323      	orrs	r3, r4
20000336:	e7ea      	b.n	2000030e <flash_do_cmd+0x82>
20000338:	2d00      	cmp	r5, #0
2000033a:	d0d3      	beq.n	200002e4 <flash_do_cmd+0x58>
2000033c:	2a00      	cmp	r2, #0
2000033e:	d0d1      	beq.n	200002e4 <flash_do_cmd+0x58>
20000340:	e7f3      	b.n	2000032a <flash_do_cmd+0x9e>
20000342:	46c0      	nop			; (mov r8, r8)
20000344:	00004649 	.word	0x00004649
20000348:	00005845 	.word	0x00005845
2000034c:	00004346 	.word	0x00004346

20000350 <spi_write_read_blocking>:
20000350:	b5f0      	push	{r4, r5, r6, r7, lr}
20000352:	464f      	mov	r7, r9
20000354:	4646      	mov	r6, r8
20000356:	46d6      	mov	lr, sl
20000358:	4689      	mov	r9, r1
2000035a:	b5c0      	push	{r6, r7, lr}
2000035c:	0006      	movs	r6, r0
2000035e:	1e18      	subs	r0, r3, #0
20000360:	d01b      	beq.n	2000039a <spi_write_read_blocking+0x4a>
20000362:	001d      	movs	r5, r3
20000364:	001c      	movs	r4, r3
20000366:	2302      	movs	r3, #2
20000368:	4698      	mov	r8, r3
2000036a:	3302      	adds	r3, #2
2000036c:	469c      	mov	ip, r3
2000036e:	2d00      	cmp	r5, #0
20000370:	d018      	beq.n	200003a4 <spi_write_read_blocking+0x54>
20000372:	002b      	movs	r3, r5
20000374:	3308      	adds	r3, #8
20000376:	4641      	mov	r1, r8
20000378:	68f7      	ldr	r7, [r6, #12]
2000037a:	4239      	tst	r1, r7
2000037c:	d01f      	beq.n	200003be <spi_write_read_blocking+0x6e>
2000037e:	42a3      	cmp	r3, r4
20000380:	d91d      	bls.n	200003be <spi_write_read_blocking+0x6e>
20000382:	2101      	movs	r1, #1
20000384:	464b      	mov	r3, r9
20000386:	468a      	mov	sl, r1
20000388:	781b      	ldrb	r3, [r3, #0]
2000038a:	3d01      	subs	r5, #1
2000038c:	60b3      	str	r3, [r6, #8]
2000038e:	44d1      	add	r9, sl
20000390:	002b      	movs	r3, r5
20000392:	2c00      	cmp	r4, #0
20000394:	d108      	bne.n	200003a8 <spi_write_read_blocking+0x58>
20000396:	2b00      	cmp	r3, #0
20000398:	d1e9      	bne.n	2000036e <spi_write_read_blocking+0x1e>
2000039a:	bce0      	pop	{r5, r6, r7}
2000039c:	46ba      	mov	sl, r7
2000039e:	46b1      	mov	r9, r6
200003a0:	46a8      	mov	r8, r5
200003a2:	bdf0      	pop	{r4, r5, r6, r7, pc}
200003a4:	2c00      	cmp	r4, #0
200003a6:	d0f8      	beq.n	2000039a <spi_write_read_blocking+0x4a>
200003a8:	4663      	mov	r3, ip
200003aa:	68f7      	ldr	r7, [r6, #12]
200003ac:	423b      	tst	r3, r7
200003ae:	d0de      	beq.n	2000036e <spi_write_read_blocking+0x1e>
200003b0:	68b3      	ldr	r3, [r6, #8]
200003b2:	3c01      	subs	r4, #1
200003b4:	7013      	strb	r3, [r2, #0]
200003b6:	0023      	movs	r3, r4
200003b8:	3201      	adds	r2, #1
200003ba:	432b      	orrs	r3, r5
200003bc:	e7eb      	b.n	20000396 <spi_write_read_blocking+0x46>
200003be:	2c00      	cmp	r4, #0
200003c0:	d1f2      	bne.n	200003a8 <spi_write_read_blocking+0x58>
200003c2:	e7d8      	b.n	20000376 <spi_write_read_blocking+0x26>

200003c4 <spi_write_blocking>:
200003c4:	b530      	push	{r4, r5, lr}
200003c6:	0004      	movs	r4, r0
200003c8:	1e10      	subs	r0, r2, #0
200003ca:	d00a      	beq.n	200003e2 <spi_write_blocking+0x1e>
200003cc:	000a      	movs	r2, r1
200003ce:	180d      	adds	r5, r1, r0
200003d0:	2102      	movs	r1, #2
200003d2:	68e3      	ldr	r3, [r4, #12]
200003d4:	4219      	tst	r1, r3
200003d6:	d0fc      	beq.n	200003d2 <spi_write_blocking+0xe>
200003d8:	7813      	ldrb	r3, [r2, #0]
200003da:	3201      	adds	r2, #1
200003dc:	60a3      	str	r3, [r4, #8]
200003de:	4295      	cmp	r5, r2
200003e0:	d1f7      	bne.n	200003d2 <spi_write_blocking+0xe>
200003e2:	68e3      	ldr	r3, [r4, #12]
200003e4:	075b      	lsls	r3, r3, #29
200003e6:	d504      	bpl.n	200003f2 <spi_write_blocking+0x2e>
200003e8:	2104      	movs	r1, #4
200003ea:	68a3      	ldr	r3, [r4, #8]
200003ec:	68e3      	ldr	r3, [r4, #12]
200003ee:	4219      	tst	r1, r3
200003f0:	d1fb      	bne.n	200003ea <spi_write_blocking+0x26>
200003f2:	2110      	movs	r1, #16
200003f4:	68e3      	ldr	r3, [r4, #12]
200003f6:	4219      	tst	r1, r3
200003f8:	d1fc      	bne.n	200003f4 <spi_write_blocking+0x30>
200003fa:	68e3      	ldr	r3, [r4, #12]
200003fc:	075b      	lsls	r3, r3, #29
200003fe:	d504      	bpl.n	2000040a <spi_write_blocking+0x46>
20000400:	2104      	movs	r1, #4
20000402:	68a3      	ldr	r3, [r4, #8]
20000404:	68e3      	ldr	r3, [r4, #12]
20000406:	4219      	tst	r1, r3
20000408:	d1fb      	bne.n	20000402 <spi_write_blocking+0x3e>
2000040a:	2301      	movs	r3, #1
2000040c:	6223      	str	r3, [r4, #32]
2000040e:	bd30      	pop	{r4, r5, pc}

20000410 <__aeabi_idiv0>:
20000410:	4770      	bx	lr
20000412:	46c0      	nop			; (mov r8, r8)

20000414 <selfrel_offset31>:
20000414:	6803      	ldr	r3, [r0, #0]
20000416:	005a      	lsls	r2, r3, #1
20000418:	d504      	bpl.n	20000424 <selfrel_offset31+0x10>
2000041a:	2280      	movs	r2, #128	; 0x80
2000041c:	0612      	lsls	r2, r2, #24
2000041e:	4313      	orrs	r3, r2
20000420:	18c0      	adds	r0, r0, r3
20000422:	4770      	bx	lr
20000424:	005b      	lsls	r3, r3, #1
20000426:	085b      	lsrs	r3, r3, #1
20000428:	e7fa      	b.n	20000420 <selfrel_offset31+0xc>
2000042a:	46c0      	nop			; (mov r8, r8)

2000042c <search_EIT_table>:
2000042c:	b5f8      	push	{r3, r4, r5, r6, r7, lr}
2000042e:	4657      	mov	r7, sl
20000430:	4645      	mov	r5, r8
20000432:	46de      	mov	lr, fp
20000434:	464e      	mov	r6, r9
20000436:	4690      	mov	r8, r2
20000438:	b5e0      	push	{r5, r6, r7, lr}
2000043a:	0007      	movs	r7, r0
2000043c:	2900      	cmp	r1, #0
2000043e:	d024      	beq.n	2000048a <search_EIT_table+0x5e>
20000440:	1e4b      	subs	r3, r1, #1
20000442:	469a      	mov	sl, r3
20000444:	4699      	mov	r9, r3
20000446:	2300      	movs	r3, #0
20000448:	469b      	mov	fp, r3
2000044a:	465b      	mov	r3, fp
2000044c:	444b      	add	r3, r9
2000044e:	0fdc      	lsrs	r4, r3, #31
20000450:	18e4      	adds	r4, r4, r3
20000452:	1064      	asrs	r4, r4, #1
20000454:	00e5      	lsls	r5, r4, #3
20000456:	197e      	adds	r6, r7, r5
20000458:	0030      	movs	r0, r6
2000045a:	f7ff ffdb 	bl	20000414 <selfrel_offset31>
2000045e:	45a2      	cmp	sl, r4
20000460:	d00c      	beq.n	2000047c <search_EIT_table+0x50>
20000462:	4540      	cmp	r0, r8
20000464:	d80c      	bhi.n	20000480 <search_EIT_table+0x54>
20000466:	0028      	movs	r0, r5
20000468:	3008      	adds	r0, #8
2000046a:	1838      	adds	r0, r7, r0
2000046c:	f7ff ffd2 	bl	20000414 <selfrel_offset31>
20000470:	3801      	subs	r0, #1
20000472:	4540      	cmp	r0, r8
20000474:	d20a      	bcs.n	2000048c <search_EIT_table+0x60>
20000476:	1c63      	adds	r3, r4, #1
20000478:	469b      	mov	fp, r3
2000047a:	e7e6      	b.n	2000044a <search_EIT_table+0x1e>
2000047c:	4540      	cmp	r0, r8
2000047e:	d905      	bls.n	2000048c <search_EIT_table+0x60>
20000480:	45a3      	cmp	fp, r4
20000482:	d002      	beq.n	2000048a <search_EIT_table+0x5e>
20000484:	1e63      	subs	r3, r4, #1
20000486:	4699      	mov	r9, r3
20000488:	e7df      	b.n	2000044a <search_EIT_table+0x1e>
2000048a:	2600      	movs	r6, #0
2000048c:	0030      	movs	r0, r6
2000048e:	bcf0      	pop	{r4, r5, r6, r7}
20000490:	46bb      	mov	fp, r7
20000492:	46b2      	mov	sl, r6
20000494:	46a9      	mov	r9, r5
20000496:	46a0      	mov	r8, r4
20000498:	bdf8      	pop	{r3, r4, r5, r6, r7, pc}
2000049a:	46c0      	nop			; (mov r8, r8)

2000049c <__gnu_unwind_get_pr_addr>:
2000049c:	0003      	movs	r3, r0
2000049e:	2801      	cmp	r0, #1
200004a0:	d005      	beq.n	200004ae <__gnu_unwind_get_pr_addr+0x12>
200004a2:	2802      	cmp	r0, #2
200004a4:	d007      	beq.n	200004b6 <__gnu_unwind_get_pr_addr+0x1a>
200004a6:	2000      	movs	r0, #0
200004a8:	2b00      	cmp	r3, #0
200004aa:	d002      	beq.n	200004b2 <__gnu_unwind_get_pr_addr+0x16>
200004ac:	4770      	bx	lr
200004ae:	4803      	ldr	r0, [pc, #12]	; (200004bc <__gnu_unwind_get_pr_addr+0x20>)
200004b0:	e7fc      	b.n	200004ac <__gnu_unwind_get_pr_addr+0x10>
200004b2:	4803      	ldr	r0, [pc, #12]	; (200004c0 <__gnu_unwind_get_pr_addr+0x24>)
200004b4:	e7fa      	b.n	200004ac <__gnu_unwind_get_pr_addr+0x10>
200004b6:	4803      	ldr	r0, [pc, #12]	; (200004c4 <__gnu_unwind_get_pr_addr+0x28>)
200004b8:	e7f8      	b.n	200004ac <__gnu_unwind_get_pr_addr+0x10>
200004ba:	46c0      	nop			; (mov r8, r8)
200004bc:	20000bc5 	.word	0x20000bc5
200004c0:	20000bb9 	.word	0x20000bb9
200004c4:	20000bd1 	.word	0x20000bd1

200004c8 <get_eit_entry>:
200004c8:	b530      	push	{r4, r5, lr}
200004ca:	4b23      	ldr	r3, [pc, #140]	; (20000558 <get_eit_entry+0x90>)
200004cc:	0005      	movs	r5, r0
200004ce:	b083      	sub	sp, #12
200004d0:	1e8c      	subs	r4, r1, #2
200004d2:	2b00      	cmp	r3, #0
200004d4:	d026      	beq.n	20000524 <get_eit_entry+0x5c>
200004d6:	0020      	movs	r0, r4
200004d8:	a901      	add	r1, sp, #4
200004da:	e000      	b.n	200004de <get_eit_entry+0x16>
200004dc:	bf00      	nop
200004de:	2800      	cmp	r0, #0
200004e0:	d01c      	beq.n	2000051c <get_eit_entry+0x54>
200004e2:	9901      	ldr	r1, [sp, #4]
200004e4:	0022      	movs	r2, r4
200004e6:	f7ff ffa1 	bl	2000042c <search_EIT_table>
200004ea:	1e04      	subs	r4, r0, #0
200004ec:	d016      	beq.n	2000051c <get_eit_entry+0x54>
200004ee:	f7ff ff91 	bl	20000414 <selfrel_offset31>
200004f2:	6863      	ldr	r3, [r4, #4]
200004f4:	64a8      	str	r0, [r5, #72]	; 0x48
200004f6:	2b01      	cmp	r3, #1
200004f8:	d02a      	beq.n	20000550 <get_eit_entry+0x88>
200004fa:	1d20      	adds	r0, r4, #4
200004fc:	2b00      	cmp	r3, #0
200004fe:	db23      	blt.n	20000548 <get_eit_entry+0x80>
20000500:	f7ff ff88 	bl	20000414 <selfrel_offset31>
20000504:	2300      	movs	r3, #0
20000506:	64e8      	str	r0, [r5, #76]	; 0x4c
20000508:	652b      	str	r3, [r5, #80]	; 0x50
2000050a:	6803      	ldr	r3, [r0, #0]
2000050c:	2b00      	cmp	r3, #0
2000050e:	db0f      	blt.n	20000530 <get_eit_entry+0x68>
20000510:	f7ff ff80 	bl	20000414 <selfrel_offset31>
20000514:	6128      	str	r0, [r5, #16]
20000516:	2000      	movs	r0, #0
20000518:	b003      	add	sp, #12
2000051a:	bd30      	pop	{r4, r5, pc}
2000051c:	2300      	movs	r3, #0
2000051e:	2009      	movs	r0, #9
20000520:	612b      	str	r3, [r5, #16]
20000522:	e7f9      	b.n	20000518 <get_eit_entry+0x50>
20000524:	480d      	ldr	r0, [pc, #52]	; (2000055c <get_eit_entry+0x94>)
20000526:	490e      	ldr	r1, [pc, #56]	; (20000560 <get_eit_entry+0x98>)
20000528:	1a09      	subs	r1, r1, r0
2000052a:	10c9      	asrs	r1, r1, #3
2000052c:	9101      	str	r1, [sp, #4]
2000052e:	e7d9      	b.n	200004e4 <get_eit_entry+0x1c>
20000530:	0118      	lsls	r0, r3, #4
20000532:	0f00      	lsrs	r0, r0, #28
20000534:	f7ff ffb2 	bl	2000049c <__gnu_unwind_get_pr_addr>
20000538:	6128      	str	r0, [r5, #16]
2000053a:	1e43      	subs	r3, r0, #1
2000053c:	4198      	sbcs	r0, r3
2000053e:	2308      	movs	r3, #8
20000540:	4240      	negs	r0, r0
20000542:	4398      	bics	r0, r3
20000544:	3009      	adds	r0, #9
20000546:	e7e7      	b.n	20000518 <get_eit_entry+0x50>
20000548:	2301      	movs	r3, #1
2000054a:	64e8      	str	r0, [r5, #76]	; 0x4c
2000054c:	652b      	str	r3, [r5, #80]	; 0x50
2000054e:	e7dc      	b.n	2000050a <get_eit_entry+0x42>
20000550:	2300      	movs	r3, #0
20000552:	2005      	movs	r0, #5
20000554:	612b      	str	r3, [r5, #16]
20000556:	e7df      	b.n	20000518 <get_eit_entry+0x50>
20000558:	00000000 	.word	0x00000000
2000055c:	10007f0c 	.word	0x10007f0c
20000560:	10008024 	.word	0x10008024

20000564 <restore_non_core_regs>:
20000564:	6803      	ldr	r3, [r0, #0]
20000566:	b510      	push	{r4, lr}
20000568:	0004      	movs	r4, r0
2000056a:	07da      	lsls	r2, r3, #31
2000056c:	d405      	bmi.n	2000057a <restore_non_core_regs+0x16>
2000056e:	079b      	lsls	r3, r3, #30
20000570:	d50a      	bpl.n	20000588 <restore_non_core_regs+0x24>
20000572:	3048      	adds	r0, #72	; 0x48
20000574:	f000 fc80 	bl	20000e78 <__gnu_Unwind_Restore_VFP_D>
20000578:	6823      	ldr	r3, [r4, #0]
2000057a:	075a      	lsls	r2, r3, #29
2000057c:	d50a      	bpl.n	20000594 <restore_non_core_regs+0x30>
2000057e:	071a      	lsls	r2, r3, #28
20000580:	d50f      	bpl.n	200005a2 <restore_non_core_regs+0x3e>
20000582:	06db      	lsls	r3, r3, #27
20000584:	d515      	bpl.n	200005b2 <restore_non_core_regs+0x4e>
20000586:	bd10      	pop	{r4, pc}
20000588:	3048      	adds	r0, #72	; 0x48
2000058a:	f000 fc71 	bl	20000e70 <__gnu_Unwind_Restore_VFP>
2000058e:	6823      	ldr	r3, [r4, #0]
20000590:	075a      	lsls	r2, r3, #29
20000592:	d4f4      	bmi.n	2000057e <restore_non_core_regs+0x1a>
20000594:	0020      	movs	r0, r4
20000596:	30d0      	adds	r0, #208	; 0xd0
20000598:	f000 fc72 	bl	20000e80 <__gnu_Unwind_Restore_VFP_D_16_to_31>
2000059c:	6823      	ldr	r3, [r4, #0]
2000059e:	071a      	lsls	r2, r3, #28
200005a0:	d4ef      	bmi.n	20000582 <restore_non_core_regs+0x1e>
200005a2:	0020      	movs	r0, r4
200005a4:	3051      	adds	r0, #81	; 0x51
200005a6:	30ff      	adds	r0, #255	; 0xff
200005a8:	f000 fc6e 	bl	20000e88 <__gnu_Unwind_Restore_WMMXD>
200005ac:	6823      	ldr	r3, [r4, #0]
200005ae:	06db      	lsls	r3, r3, #27
200005b0:	d4e9      	bmi.n	20000586 <restore_non_core_regs+0x22>
200005b2:	0020      	movs	r0, r4
200005b4:	30d1      	adds	r0, #209	; 0xd1
200005b6:	30ff      	adds	r0, #255	; 0xff
200005b8:	f000 fc6a 	bl	20000e90 <__gnu_Unwind_Restore_WMMXC>
200005bc:	e7e3      	b.n	20000586 <restore_non_core_regs+0x22>
200005be:	46c0      	nop			; (mov r8, r8)

200005c0 <__gnu_unwind_24bit.constprop.0>:
200005c0:	2009      	movs	r0, #9
200005c2:	4770      	bx	lr

200005c4 <_Unwind_decode_typeinfo_ptr.constprop.0>:
200005c4:	0003      	movs	r3, r0
200005c6:	6800      	ldr	r0, [r0, #0]
200005c8:	2800      	cmp	r0, #0
200005ca:	d000      	beq.n	200005ce <_Unwind_decode_typeinfo_ptr.constprop.0+0xa>
200005cc:	18c0      	adds	r0, r0, r3
200005ce:	4770      	bx	lr

200005d0 <_Unwind_DebugHook>:
200005d0:	4770      	bx	lr
200005d2:	46c0      	nop			; (mov r8, r8)

200005d4 <unwind_phase2>:
200005d4:	b570      	push	{r4, r5, r6, lr}
200005d6:	0004      	movs	r4, r0
200005d8:	000d      	movs	r5, r1
200005da:	0020      	movs	r0, r4
200005dc:	6c29      	ldr	r1, [r5, #64]	; 0x40
200005de:	f7ff ff73 	bl	200004c8 <get_eit_entry>
200005e2:	2800      	cmp	r0, #0
200005e4:	d111      	bne.n	2000060a <unwind_phase2+0x36>
200005e6:	6c2b      	ldr	r3, [r5, #64]	; 0x40
200005e8:	002a      	movs	r2, r5
200005ea:	6163      	str	r3, [r4, #20]
200005ec:	0021      	movs	r1, r4
200005ee:	2001      	movs	r0, #1
200005f0:	6923      	ldr	r3, [r4, #16]
200005f2:	4798      	blx	r3
200005f4:	2808      	cmp	r0, #8
200005f6:	d0f0      	beq.n	200005da <unwind_phase2+0x6>
200005f8:	2807      	cmp	r0, #7
200005fa:	d106      	bne.n	2000060a <unwind_phase2+0x36>
200005fc:	2000      	movs	r0, #0
200005fe:	6c29      	ldr	r1, [r5, #64]	; 0x40
20000600:	f7ff ffe6 	bl	200005d0 <_Unwind_DebugHook>
20000604:	1d28      	adds	r0, r5, #4
20000606:	f000 fc1d 	bl	20000e44 <__restore_core_regs>
2000060a:	f000 fe8d 	bl	20001328 <__abort_veneer>
2000060e:	46c0      	nop			; (mov r8, r8)

20000610 <unwind_phase2_forced>:
20000610:	b5f0      	push	{r4, r5, r6, r7, lr}
20000612:	46ce      	mov	lr, r9
20000614:	4647      	mov	r7, r8
20000616:	b580      	push	{r7, lr}
20000618:	68c3      	ldr	r3, [r0, #12]
2000061a:	4c30      	ldr	r4, [pc, #192]	; (200006dc <unwind_phase2_forced+0xcc>)
2000061c:	4698      	mov	r8, r3
2000061e:	44a5      	add	sp, r4
20000620:	6983      	ldr	r3, [r0, #24]
20000622:	0004      	movs	r4, r0
20000624:	0016      	movs	r6, r2
20000626:	3104      	adds	r1, #4
20000628:	2240      	movs	r2, #64	; 0x40
2000062a:	a805      	add	r0, sp, #20
2000062c:	4699      	mov	r9, r3
2000062e:	f000 fe8b 	bl	20001348 <____wrap_memcpy_veneer>
20000632:	2300      	movs	r3, #0
20000634:	9304      	str	r3, [sp, #16]
20000636:	e025      	b.n	20000684 <unwind_phase2_forced+0x74>
20000638:	22f0      	movs	r2, #240	; 0xf0
2000063a:	9b14      	ldr	r3, [sp, #80]	; 0x50
2000063c:	0052      	lsls	r2, r2, #1
2000063e:	6163      	str	r3, [r4, #20]
20000640:	a904      	add	r1, sp, #16
20000642:	a87c      	add	r0, sp, #496	; 0x1f0
20000644:	9303      	str	r3, [sp, #12]
20000646:	f000 fe7f 	bl	20001348 <____wrap_memcpy_veneer>
2000064a:	0021      	movs	r1, r4
2000064c:	0028      	movs	r0, r5
2000064e:	6923      	ldr	r3, [r4, #16]
20000650:	aa7c      	add	r2, sp, #496	; 0x1f0
20000652:	4798      	blx	r3
20000654:	9b8a      	ldr	r3, [sp, #552]	; 0x228
20000656:	0005      	movs	r5, r0
20000658:	9303      	str	r3, [sp, #12]
2000065a:	9315      	str	r3, [sp, #84]	; 0x54
2000065c:	464b      	mov	r3, r9
2000065e:	9301      	str	r3, [sp, #4]
20000660:	ab04      	add	r3, sp, #16
20000662:	9300      	str	r3, [sp, #0]
20000664:	0022      	movs	r2, r4
20000666:	0023      	movs	r3, r4
20000668:	0031      	movs	r1, r6
2000066a:	2001      	movs	r0, #1
2000066c:	47c0      	blx	r8
2000066e:	2800      	cmp	r0, #0
20000670:	d122      	bne.n	200006b8 <unwind_phase2_forced+0xa8>
20000672:	22f0      	movs	r2, #240	; 0xf0
20000674:	a97c      	add	r1, sp, #496	; 0x1f0
20000676:	0052      	lsls	r2, r2, #1
20000678:	a804      	add	r0, sp, #16
2000067a:	f000 fe65 	bl	20001348 <____wrap_memcpy_veneer>
2000067e:	2600      	movs	r6, #0
20000680:	2d08      	cmp	r5, #8
20000682:	d122      	bne.n	200006ca <unwind_phase2_forced+0xba>
20000684:	9b14      	ldr	r3, [sp, #80]	; 0x50
20000686:	0020      	movs	r0, r4
20000688:	0019      	movs	r1, r3
2000068a:	9303      	str	r3, [sp, #12]
2000068c:	f7ff ff1c 	bl	200004c8 <get_eit_entry>
20000690:	3609      	adds	r6, #9
20000692:	0007      	movs	r7, r0
20000694:	b2f5      	uxtb	r5, r6
20000696:	2800      	cmp	r0, #0
20000698:	d0ce      	beq.n	20000638 <unwind_phase2_forced+0x28>
2000069a:	9b12      	ldr	r3, [sp, #72]	; 0x48
2000069c:	2110      	movs	r1, #16
2000069e:	9303      	str	r3, [sp, #12]
200006a0:	9315      	str	r3, [sp, #84]	; 0x54
200006a2:	464b      	mov	r3, r9
200006a4:	9301      	str	r3, [sp, #4]
200006a6:	ab04      	add	r3, sp, #16
200006a8:	9300      	str	r3, [sp, #0]
200006aa:	0022      	movs	r2, r4
200006ac:	0023      	movs	r3, r4
200006ae:	2001      	movs	r0, #1
200006b0:	4329      	orrs	r1, r5
200006b2:	47c0      	blx	r8
200006b4:	2800      	cmp	r0, #0
200006b6:	d000      	beq.n	200006ba <unwind_phase2_forced+0xaa>
200006b8:	2709      	movs	r7, #9
200006ba:	0038      	movs	r0, r7
200006bc:	23f5      	movs	r3, #245	; 0xf5
200006be:	009b      	lsls	r3, r3, #2
200006c0:	449d      	add	sp, r3
200006c2:	bcc0      	pop	{r6, r7}
200006c4:	46b9      	mov	r9, r7
200006c6:	46b0      	mov	r8, r6
200006c8:	bdf0      	pop	{r4, r5, r6, r7, pc}
200006ca:	2d07      	cmp	r5, #7
200006cc:	d1f4      	bne.n	200006b8 <unwind_phase2_forced+0xa8>
200006ce:	0030      	movs	r0, r6
200006d0:	9914      	ldr	r1, [sp, #80]	; 0x50
200006d2:	f7ff ff7d 	bl	200005d0 <_Unwind_DebugHook>
200006d6:	a805      	add	r0, sp, #20
200006d8:	f000 fbb4 	bl	20000e44 <__restore_core_regs>
200006dc:	fffffc2c 	.word	0xfffffc2c

200006e0 <_Unwind_GetCFA>:
200006e0:	6c40      	ldr	r0, [r0, #68]	; 0x44
200006e2:	4770      	bx	lr

200006e4 <__gnu_Unwind_RaiseException>:
200006e4:	b570      	push	{r4, r5, r6, lr}
200006e6:	6bcb      	ldr	r3, [r1, #60]	; 0x3c
200006e8:	b0fa      	sub	sp, #488	; 0x1e8
200006ea:	640b      	str	r3, [r1, #64]	; 0x40
200006ec:	0005      	movs	r5, r0
200006ee:	000e      	movs	r6, r1
200006f0:	2240      	movs	r2, #64	; 0x40
200006f2:	3104      	adds	r1, #4
200006f4:	a803      	add	r0, sp, #12
200006f6:	f000 fe27 	bl	20001348 <____wrap_memcpy_veneer>
200006fa:	2301      	movs	r3, #1
200006fc:	425b      	negs	r3, r3
200006fe:	9302      	str	r3, [sp, #8]
20000700:	e006      	b.n	20000710 <__gnu_Unwind_RaiseException+0x2c>
20000702:	0029      	movs	r1, r5
20000704:	692b      	ldr	r3, [r5, #16]
20000706:	aa02      	add	r2, sp, #8
20000708:	4798      	blx	r3
2000070a:	0004      	movs	r4, r0
2000070c:	2808      	cmp	r0, #8
2000070e:	d10a      	bne.n	20000726 <__gnu_Unwind_RaiseException+0x42>
20000710:	9b12      	ldr	r3, [sp, #72]	; 0x48
20000712:	0028      	movs	r0, r5
20000714:	0019      	movs	r1, r3
20000716:	9301      	str	r3, [sp, #4]
20000718:	f7ff fed6 	bl	200004c8 <get_eit_entry>
2000071c:	2800      	cmp	r0, #0
2000071e:	d0f0      	beq.n	20000702 <__gnu_Unwind_RaiseException+0x1e>
20000720:	2009      	movs	r0, #9
20000722:	b07a      	add	sp, #488	; 0x1e8
20000724:	bd70      	pop	{r4, r5, r6, pc}
20000726:	a802      	add	r0, sp, #8
20000728:	f7ff ff1c 	bl	20000564 <restore_non_core_regs>
2000072c:	2c06      	cmp	r4, #6
2000072e:	d1f7      	bne.n	20000720 <__gnu_Unwind_RaiseException+0x3c>
20000730:	0031      	movs	r1, r6
20000732:	0028      	movs	r0, r5
20000734:	f7ff ff4e 	bl	200005d4 <unwind_phase2>

20000738 <__gnu_Unwind_ForcedUnwind>:
20000738:	b510      	push	{r4, lr}
2000073a:	6182      	str	r2, [r0, #24]
2000073c:	6bda      	ldr	r2, [r3, #60]	; 0x3c
2000073e:	60c1      	str	r1, [r0, #12]
20000740:	641a      	str	r2, [r3, #64]	; 0x40
20000742:	0019      	movs	r1, r3
20000744:	2200      	movs	r2, #0
20000746:	f7ff ff63 	bl	20000610 <unwind_phase2_forced>
2000074a:	bd10      	pop	{r4, pc}

2000074c <__gnu_Unwind_Resume>:
2000074c:	6943      	ldr	r3, [r0, #20]
2000074e:	b570      	push	{r4, r5, r6, lr}
20000750:	640b      	str	r3, [r1, #64]	; 0x40
20000752:	68c3      	ldr	r3, [r0, #12]
20000754:	0004      	movs	r4, r0
20000756:	000d      	movs	r5, r1
20000758:	2b00      	cmp	r3, #0
2000075a:	d113      	bne.n	20000784 <__gnu_Unwind_Resume+0x38>
2000075c:	000a      	movs	r2, r1
2000075e:	6923      	ldr	r3, [r4, #16]
20000760:	0001      	movs	r1, r0
20000762:	2002      	movs	r0, #2
20000764:	4798      	blx	r3
20000766:	2807      	cmp	r0, #7
20000768:	d005      	beq.n	20000776 <__gnu_Unwind_Resume+0x2a>
2000076a:	2808      	cmp	r0, #8
2000076c:	d10f      	bne.n	2000078e <__gnu_Unwind_Resume+0x42>
2000076e:	0029      	movs	r1, r5
20000770:	0020      	movs	r0, r4
20000772:	f7ff ff2f 	bl	200005d4 <unwind_phase2>
20000776:	2000      	movs	r0, #0
20000778:	6c29      	ldr	r1, [r5, #64]	; 0x40
2000077a:	f7ff ff29 	bl	200005d0 <_Unwind_DebugHook>
2000077e:	1d28      	adds	r0, r5, #4
20000780:	f000 fb60 	bl	20000e44 <__restore_core_regs>
20000784:	2201      	movs	r2, #1
20000786:	f7ff ff43 	bl	20000610 <unwind_phase2_forced>
2000078a:	f000 fdcd 	bl	20001328 <__abort_veneer>
2000078e:	f000 fdcb 	bl	20001328 <__abort_veneer>
20000792:	46c0      	nop			; (mov r8, r8)

20000794 <__gnu_Unwind_Resume_or_Rethrow>:
20000794:	68c3      	ldr	r3, [r0, #12]
20000796:	b510      	push	{r4, lr}
20000798:	2b00      	cmp	r3, #0
2000079a:	d005      	beq.n	200007a8 <__gnu_Unwind_Resume_or_Rethrow+0x14>
2000079c:	6bcb      	ldr	r3, [r1, #60]	; 0x3c
2000079e:	2200      	movs	r2, #0
200007a0:	640b      	str	r3, [r1, #64]	; 0x40
200007a2:	f7ff ff35 	bl	20000610 <unwind_phase2_forced>
200007a6:	bd10      	pop	{r4, pc}
200007a8:	f7ff ff9c 	bl	200006e4 <__gnu_Unwind_RaiseException>
200007ac:	e7fb      	b.n	200007a6 <__gnu_Unwind_Resume_or_Rethrow+0x12>
200007ae:	46c0      	nop			; (mov r8, r8)

200007b0 <_Unwind_Complete>:
200007b0:	4770      	bx	lr
200007b2:	46c0      	nop			; (mov r8, r8)

200007b4 <_Unwind_DeleteException>:
200007b4:	6883      	ldr	r3, [r0, #8]
200007b6:	0001      	movs	r1, r0
200007b8:	b510      	push	{r4, lr}
200007ba:	2b00      	cmp	r3, #0
200007bc:	d001      	beq.n	200007c2 <_Unwind_DeleteException+0xe>
200007be:	2001      	movs	r0, #1
200007c0:	4798      	blx	r3
200007c2:	bd10      	pop	{r4, pc}

200007c4 <_Unwind_VRS_Get>:
200007c4:	2901      	cmp	r1, #1
200007c6:	d015      	beq.n	200007f4 <_Unwind_VRS_Get+0x30>
200007c8:	d80a      	bhi.n	200007e0 <_Unwind_VRS_Get+0x1c>
200007ca:	2b00      	cmp	r3, #0
200007cc:	d110      	bne.n	200007f0 <_Unwind_VRS_Get+0x2c>
200007ce:	2a0f      	cmp	r2, #15
200007d0:	d80e      	bhi.n	200007f0 <_Unwind_VRS_Get+0x2c>
200007d2:	0092      	lsls	r2, r2, #2
200007d4:	1882      	adds	r2, r0, r2
200007d6:	6852      	ldr	r2, [r2, #4]
200007d8:	9b00      	ldr	r3, [sp, #0]
200007da:	2000      	movs	r0, #0
200007dc:	601a      	str	r2, [r3, #0]
200007de:	e006      	b.n	200007ee <_Unwind_VRS_Get+0x2a>
200007e0:	2001      	movs	r0, #1
200007e2:	3903      	subs	r1, #3
200007e4:	b2c9      	uxtb	r1, r1
200007e6:	4288      	cmp	r0, r1
200007e8:	4180      	sbcs	r0, r0
200007ea:	4240      	negs	r0, r0
200007ec:	3001      	adds	r0, #1
200007ee:	4770      	bx	lr
200007f0:	2002      	movs	r0, #2
200007f2:	e7fc      	b.n	200007ee <_Unwind_VRS_Get+0x2a>
200007f4:	2001      	movs	r0, #1
200007f6:	e7fa      	b.n	200007ee <_Unwind_VRS_Get+0x2a>

200007f8 <_Unwind_GetGR>:
200007f8:	b500      	push	{lr}
200007fa:	b085      	sub	sp, #20
200007fc:	ab03      	add	r3, sp, #12
200007fe:	000a      	movs	r2, r1
20000800:	9300      	str	r3, [sp, #0]
20000802:	2100      	movs	r1, #0
20000804:	2300      	movs	r3, #0
20000806:	f7ff ffdd 	bl	200007c4 <_Unwind_VRS_Get>
2000080a:	9803      	ldr	r0, [sp, #12]
2000080c:	b005      	add	sp, #20
2000080e:	bd00      	pop	{pc}

20000810 <_Unwind_VRS_Set>:
20000810:	2901      	cmp	r1, #1
20000812:	d015      	beq.n	20000840 <_Unwind_VRS_Set+0x30>
20000814:	d80a      	bhi.n	2000082c <_Unwind_VRS_Set+0x1c>
20000816:	2b00      	cmp	r3, #0
20000818:	d110      	bne.n	2000083c <_Unwind_VRS_Set+0x2c>
2000081a:	2a0f      	cmp	r2, #15
2000081c:	d80e      	bhi.n	2000083c <_Unwind_VRS_Set+0x2c>
2000081e:	9b00      	ldr	r3, [sp, #0]
20000820:	0092      	lsls	r2, r2, #2
20000822:	681b      	ldr	r3, [r3, #0]
20000824:	1882      	adds	r2, r0, r2
20000826:	6053      	str	r3, [r2, #4]
20000828:	2000      	movs	r0, #0
2000082a:	e006      	b.n	2000083a <_Unwind_VRS_Set+0x2a>
2000082c:	2001      	movs	r0, #1
2000082e:	3903      	subs	r1, #3
20000830:	b2c9      	uxtb	r1, r1
20000832:	4288      	cmp	r0, r1
20000834:	4180      	sbcs	r0, r0
20000836:	4240      	negs	r0, r0
20000838:	3001      	adds	r0, #1
2000083a:	4770      	bx	lr
2000083c:	2002      	movs	r0, #2
2000083e:	e7fc      	b.n	2000083a <_Unwind_VRS_Set+0x2a>
20000840:	2001      	movs	r0, #1
20000842:	e7fa      	b.n	2000083a <_Unwind_VRS_Set+0x2a>

20000844 <_Unwind_SetGR>:
20000844:	b500      	push	{lr}
20000846:	b085      	sub	sp, #20
20000848:	ab03      	add	r3, sp, #12
2000084a:	9203      	str	r2, [sp, #12]
2000084c:	9300      	str	r3, [sp, #0]
2000084e:	000a      	movs	r2, r1
20000850:	2300      	movs	r3, #0
20000852:	2100      	movs	r1, #0
20000854:	f7ff ffdc 	bl	20000810 <_Unwind_VRS_Set>
20000858:	b005      	add	sp, #20
2000085a:	bd00      	pop	{pc}

2000085c <__gnu_Unwind_Backtrace>:
2000085c:	b570      	push	{r4, r5, r6, lr}
2000085e:	4c1a      	ldr	r4, [pc, #104]	; (200008c8 <__gnu_Unwind_Backtrace+0x6c>)
20000860:	6bd3      	ldr	r3, [r2, #60]	; 0x3c
20000862:	44a5      	add	sp, r4
20000864:	6413      	str	r3, [r2, #64]	; 0x40
20000866:	0005      	movs	r5, r0
20000868:	000c      	movs	r4, r1
2000086a:	a819      	add	r0, sp, #100	; 0x64
2000086c:	1d11      	adds	r1, r2, #4
2000086e:	2240      	movs	r2, #64	; 0x40
20000870:	f000 fd6a 	bl	20001348 <____wrap_memcpy_veneer>
20000874:	2301      	movs	r3, #1
20000876:	425b      	negs	r3, r3
20000878:	9318      	str	r3, [sp, #96]	; 0x60
2000087a:	e014      	b.n	200008a6 <__gnu_Unwind_Backtrace+0x4a>
2000087c:	210c      	movs	r1, #12
2000087e:	a818      	add	r0, sp, #96	; 0x60
20000880:	aa02      	add	r2, sp, #8
20000882:	f7ff ffdf 	bl	20000844 <_Unwind_SetGR>
20000886:	0021      	movs	r1, r4
20000888:	a818      	add	r0, sp, #96	; 0x60
2000088a:	47a8      	blx	r5
2000088c:	2800      	cmp	r0, #0
2000088e:	d112      	bne.n	200008b6 <__gnu_Unwind_Backtrace+0x5a>
20000890:	9b06      	ldr	r3, [sp, #24]
20000892:	aa18      	add	r2, sp, #96	; 0x60
20000894:	a902      	add	r1, sp, #8
20000896:	3008      	adds	r0, #8
20000898:	9301      	str	r3, [sp, #4]
2000089a:	4798      	blx	r3
2000089c:	0006      	movs	r6, r0
2000089e:	2805      	cmp	r0, #5
200008a0:	d00a      	beq.n	200008b8 <__gnu_Unwind_Backtrace+0x5c>
200008a2:	2809      	cmp	r0, #9
200008a4:	d007      	beq.n	200008b6 <__gnu_Unwind_Backtrace+0x5a>
200008a6:	9b28      	ldr	r3, [sp, #160]	; 0xa0
200008a8:	a802      	add	r0, sp, #8
200008aa:	0019      	movs	r1, r3
200008ac:	9301      	str	r3, [sp, #4]
200008ae:	f7ff fe0b 	bl	200004c8 <get_eit_entry>
200008b2:	2800      	cmp	r0, #0
200008b4:	d0e2      	beq.n	2000087c <__gnu_Unwind_Backtrace+0x20>
200008b6:	2609      	movs	r6, #9
200008b8:	a818      	add	r0, sp, #96	; 0x60
200008ba:	f7ff fe53 	bl	20000564 <restore_non_core_regs>
200008be:	0030      	movs	r0, r6
200008c0:	2390      	movs	r3, #144	; 0x90
200008c2:	009b      	lsls	r3, r3, #2
200008c4:	449d      	add	sp, r3
200008c6:	bd70      	pop	{r4, r5, r6, pc}
200008c8:	fffffdc0 	.word	0xfffffdc0

200008cc <__gnu_unwind_pr_common>:
200008cc:	b5f0      	push	{r4, r5, r6, r7, lr}
200008ce:	4657      	mov	r7, sl
200008d0:	4692      	mov	sl, r2
200008d2:	2203      	movs	r2, #3
200008d4:	4645      	mov	r5, r8
200008d6:	464e      	mov	r6, r9
200008d8:	46de      	mov	lr, fp
200008da:	4699      	mov	r9, r3
200008dc:	0013      	movs	r3, r2
200008de:	b5e0      	push	{r5, r6, r7, lr}
200008e0:	4688      	mov	r8, r1
200008e2:	6ccd      	ldr	r5, [r1, #76]	; 0x4c
200008e4:	4649      	mov	r1, r9
200008e6:	b089      	sub	sp, #36	; 0x24
200008e8:	4003      	ands	r3, r0
200008ea:	9300      	str	r3, [sp, #0]
200008ec:	cd08      	ldmia	r5!, {r3}
200008ee:	9506      	str	r5, [sp, #24]
200008f0:	2900      	cmp	r1, #0
200008f2:	d100      	bne.n	200008f6 <__gnu_unwind_pr_common+0x2a>
200008f4:	e080      	b.n	200009f8 <__gnu_unwind_pr_common+0x12c>
200008f6:	0c1a      	lsrs	r2, r3, #16
200008f8:	041b      	lsls	r3, r3, #16
200008fa:	9305      	str	r3, [sp, #20]
200008fc:	2302      	movs	r3, #2
200008fe:	a904      	add	r1, sp, #16
20000900:	730b      	strb	r3, [r1, #12]
20000902:	33fd      	adds	r3, #253	; 0xfd
20000904:	4013      	ands	r3, r2
20000906:	009b      	lsls	r3, r3, #2
20000908:	734a      	strb	r2, [r1, #13]
2000090a:	18ed      	adds	r5, r5, r3
2000090c:	9b00      	ldr	r3, [sp, #0]
2000090e:	2b02      	cmp	r3, #2
20000910:	d101      	bne.n	20000916 <__gnu_unwind_pr_common+0x4a>
20000912:	4643      	mov	r3, r8
20000914:	6b9d      	ldr	r5, [r3, #56]	; 0x38
20000916:	4643      	mov	r3, r8
20000918:	6d1b      	ldr	r3, [r3, #80]	; 0x50
2000091a:	07db      	lsls	r3, r3, #31
2000091c:	d50f      	bpl.n	2000093e <__gnu_unwind_pr_common+0x72>
2000091e:	4650      	mov	r0, sl
20000920:	a905      	add	r1, sp, #20
20000922:	f000 fb5b 	bl	20000fdc <__gnu_unwind_execute>
20000926:	2800      	cmp	r0, #0
20000928:	d101      	bne.n	2000092e <__gnu_unwind_pr_common+0x62>
2000092a:	2008      	movs	r0, #8
2000092c:	e000      	b.n	20000930 <__gnu_unwind_pr_common+0x64>
2000092e:	2009      	movs	r0, #9
20000930:	b009      	add	sp, #36	; 0x24
20000932:	bcf0      	pop	{r4, r5, r6, r7}
20000934:	46bb      	mov	fp, r7
20000936:	46b2      	mov	sl, r6
20000938:	46a9      	mov	r9, r5
2000093a:	46a0      	mov	r8, r4
2000093c:	bdf0      	pop	{r4, r5, r6, r7, pc}
2000093e:	682f      	ldr	r7, [r5, #0]
20000940:	2f00      	cmp	r7, #0
20000942:	d0ec      	beq.n	2000091e <__gnu_unwind_pr_common+0x52>
20000944:	2308      	movs	r3, #8
20000946:	4003      	ands	r3, r0
20000948:	9302      	str	r3, [sp, #8]
2000094a:	2300      	movs	r3, #0
2000094c:	9301      	str	r3, [sp, #4]
2000094e:	3301      	adds	r3, #1
20000950:	4654      	mov	r4, sl
20000952:	469b      	mov	fp, r3
20000954:	4646      	mov	r6, r8
20000956:	46ba      	mov	sl, r7
20000958:	464b      	mov	r3, r9
2000095a:	2b02      	cmp	r3, #2
2000095c:	d049      	beq.n	200009f2 <__gnu_unwind_pr_common+0x126>
2000095e:	882b      	ldrh	r3, [r5, #0]
20000960:	886f      	ldrh	r7, [r5, #2]
20000962:	469a      	mov	sl, r3
20000964:	3504      	adds	r5, #4
20000966:	465a      	mov	r2, fp
20000968:	003b      	movs	r3, r7
2000096a:	4393      	bics	r3, r2
2000096c:	6cb2      	ldr	r2, [r6, #72]	; 0x48
2000096e:	210f      	movs	r1, #15
20000970:	4690      	mov	r8, r2
20000972:	0020      	movs	r0, r4
20000974:	4498      	add	r8, r3
20000976:	f7ff ff3f 	bl	200007f8 <_Unwind_GetGR>
2000097a:	2300      	movs	r3, #0
2000097c:	4580      	cmp	r8, r0
2000097e:	d806      	bhi.n	2000098e <__gnu_unwind_pr_common+0xc2>
20000980:	4653      	mov	r3, sl
20000982:	465a      	mov	r2, fp
20000984:	4393      	bics	r3, r2
20000986:	4443      	add	r3, r8
20000988:	4298      	cmp	r0, r3
2000098a:	419b      	sbcs	r3, r3
2000098c:	425b      	negs	r3, r3
2000098e:	2202      	movs	r2, #2
20000990:	007f      	lsls	r7, r7, #1
20000992:	4017      	ands	r7, r2
20000994:	4659      	mov	r1, fp
20000996:	4652      	mov	r2, sl
20000998:	400a      	ands	r2, r1
2000099a:	4317      	orrs	r7, r2
2000099c:	2f01      	cmp	r7, #1
2000099e:	d030      	beq.n	20000a02 <__gnu_unwind_pr_common+0x136>
200009a0:	2f02      	cmp	r7, #2
200009a2:	d04c      	beq.n	20000a3e <__gnu_unwind_pr_common+0x172>
200009a4:	2f00      	cmp	r7, #0
200009a6:	d1c2      	bne.n	2000092e <__gnu_unwind_pr_common+0x62>
200009a8:	9a00      	ldr	r2, [sp, #0]
200009aa:	2a00      	cmp	r2, #0
200009ac:	d002      	beq.n	200009b4 <__gnu_unwind_pr_common+0xe8>
200009ae:	2b00      	cmp	r3, #0
200009b0:	d000      	beq.n	200009b4 <__gnu_unwind_pr_common+0xe8>
200009b2:	e09b      	b.n	20000aec <__gnu_unwind_pr_common+0x220>
200009b4:	3504      	adds	r5, #4
200009b6:	682b      	ldr	r3, [r5, #0]
200009b8:	469a      	mov	sl, r3
200009ba:	2b00      	cmp	r3, #0
200009bc:	d1cc      	bne.n	20000958 <__gnu_unwind_pr_common+0x8c>
200009be:	0020      	movs	r0, r4
200009c0:	a905      	add	r1, sp, #20
200009c2:	46a2      	mov	sl, r4
200009c4:	f000 fb0a 	bl	20000fdc <__gnu_unwind_execute>
200009c8:	2800      	cmp	r0, #0
200009ca:	d1b0      	bne.n	2000092e <__gnu_unwind_pr_common+0x62>
200009cc:	9b01      	ldr	r3, [sp, #4]
200009ce:	2b00      	cmp	r3, #0
200009d0:	d0ab      	beq.n	2000092a <__gnu_unwind_pr_common+0x5e>
200009d2:	210f      	movs	r1, #15
200009d4:	4650      	mov	r0, sl
200009d6:	f7ff ff0f 	bl	200007f8 <_Unwind_GetGR>
200009da:	210e      	movs	r1, #14
200009dc:	0002      	movs	r2, r0
200009de:	4650      	mov	r0, sl
200009e0:	f7ff ff30 	bl	20000844 <_Unwind_SetGR>
200009e4:	4650      	mov	r0, sl
200009e6:	210f      	movs	r1, #15
200009e8:	4a72      	ldr	r2, [pc, #456]	; (20000bb4 <__gnu_unwind_pr_common+0x2e8>)
200009ea:	f7ff ff2b 	bl	20000844 <_Unwind_SetGR>
200009ee:	2007      	movs	r0, #7
200009f0:	e79e      	b.n	20000930 <__gnu_unwind_pr_common+0x64>
200009f2:	686f      	ldr	r7, [r5, #4]
200009f4:	3508      	adds	r5, #8
200009f6:	e7b6      	b.n	20000966 <__gnu_unwind_pr_common+0x9a>
200009f8:	021b      	lsls	r3, r3, #8
200009fa:	9305      	str	r3, [sp, #20]
200009fc:	ab04      	add	r3, sp, #16
200009fe:	819a      	strh	r2, [r3, #12]
20000a00:	e784      	b.n	2000090c <__gnu_unwind_pr_common+0x40>
20000a02:	9a00      	ldr	r2, [sp, #0]
20000a04:	2a00      	cmp	r2, #0
20000a06:	d149      	bne.n	20000a9c <__gnu_unwind_pr_common+0x1d0>
20000a08:	2b00      	cmp	r3, #0
20000a0a:	d016      	beq.n	20000a3a <__gnu_unwind_pr_common+0x16e>
20000a0c:	682b      	ldr	r3, [r5, #0]
20000a0e:	0fdf      	lsrs	r7, r3, #31
20000a10:	686b      	ldr	r3, [r5, #4]
20000a12:	1c9a      	adds	r2, r3, #2
20000a14:	d100      	bne.n	20000a18 <__gnu_unwind_pr_common+0x14c>
20000a16:	e78a      	b.n	2000092e <__gnu_unwind_pr_common+0x62>
20000a18:	0032      	movs	r2, r6
20000a1a:	3258      	adds	r2, #88	; 0x58
20000a1c:	9204      	str	r2, [sp, #16]
20000a1e:	3301      	adds	r3, #1
20000a20:	d100      	bne.n	20000a24 <__gnu_unwind_pr_common+0x158>
20000a22:	e0b6      	b.n	20000b92 <__gnu_unwind_pr_common+0x2c6>
20000a24:	1d28      	adds	r0, r5, #4
20000a26:	f7ff fdcd 	bl	200005c4 <_Unwind_decode_typeinfo_ptr.constprop.0>
20000a2a:	003a      	movs	r2, r7
20000a2c:	0001      	movs	r1, r0
20000a2e:	ab04      	add	r3, sp, #16
20000a30:	0030      	movs	r0, r6
20000a32:	e000      	b.n	20000a36 <__gnu_unwind_pr_common+0x16a>
20000a34:	bf00      	nop
20000a36:	2800      	cmp	r0, #0
20000a38:	d16c      	bne.n	20000b14 <__gnu_unwind_pr_common+0x248>
20000a3a:	3508      	adds	r5, #8
20000a3c:	e7bb      	b.n	200009b6 <__gnu_unwind_pr_common+0xea>
20000a3e:	682a      	ldr	r2, [r5, #0]
20000a40:	9900      	ldr	r1, [sp, #0]
20000a42:	0057      	lsls	r7, r2, #1
20000a44:	087f      	lsrs	r7, r7, #1
20000a46:	2900      	cmp	r1, #0
20000a48:	d10d      	bne.n	20000a66 <__gnu_unwind_pr_common+0x19a>
20000a4a:	2b00      	cmp	r3, #0
20000a4c:	d004      	beq.n	20000a58 <__gnu_unwind_pr_common+0x18c>
20000a4e:	9b02      	ldr	r3, [sp, #8]
20000a50:	2b00      	cmp	r3, #0
20000a52:	d072      	beq.n	20000b3a <__gnu_unwind_pr_common+0x26e>
20000a54:	2f00      	cmp	r7, #0
20000a56:	d03c      	beq.n	20000ad2 <__gnu_unwind_pr_common+0x206>
20000a58:	2a00      	cmp	r2, #0
20000a5a:	da00      	bge.n	20000a5e <__gnu_unwind_pr_common+0x192>
20000a5c:	3504      	adds	r5, #4
20000a5e:	3701      	adds	r7, #1
20000a60:	00bf      	lsls	r7, r7, #2
20000a62:	19ed      	adds	r5, r5, r7
20000a64:	e7a7      	b.n	200009b6 <__gnu_unwind_pr_common+0xea>
20000a66:	6a33      	ldr	r3, [r6, #32]
20000a68:	210d      	movs	r1, #13
20000a6a:	0020      	movs	r0, r4
20000a6c:	4698      	mov	r8, r3
20000a6e:	f7ff fec3 	bl	200007f8 <_Unwind_GetGR>
20000a72:	4580      	cmp	r8, r0
20000a74:	d001      	beq.n	20000a7a <__gnu_unwind_pr_common+0x1ae>
20000a76:	682a      	ldr	r2, [r5, #0]
20000a78:	e7ee      	b.n	20000a58 <__gnu_unwind_pr_common+0x18c>
20000a7a:	6ab3      	ldr	r3, [r6, #40]	; 0x28
20000a7c:	429d      	cmp	r5, r3
20000a7e:	d1fa      	bne.n	20000a76 <__gnu_unwind_pr_common+0x1aa>
20000a80:	2300      	movs	r3, #0
20000a82:	62f3      	str	r3, [r6, #44]	; 0x2c
20000a84:	3304      	adds	r3, #4
20000a86:	6333      	str	r3, [r6, #48]	; 0x30
20000a88:	1d2b      	adds	r3, r5, #4
20000a8a:	62b7      	str	r7, [r6, #40]	; 0x28
20000a8c:	6373      	str	r3, [r6, #52]	; 0x34
20000a8e:	682b      	ldr	r3, [r5, #0]
20000a90:	2b00      	cmp	r3, #0
20000a92:	da00      	bge.n	20000a96 <__gnu_unwind_pr_common+0x1ca>
20000a94:	e087      	b.n	20000ba6 <__gnu_unwind_pr_common+0x2da>
20000a96:	2301      	movs	r3, #1
20000a98:	9301      	str	r3, [sp, #4]
20000a9a:	e7e0      	b.n	20000a5e <__gnu_unwind_pr_common+0x192>
20000a9c:	210d      	movs	r1, #13
20000a9e:	0020      	movs	r0, r4
20000aa0:	6a37      	ldr	r7, [r6, #32]
20000aa2:	f7ff fea9 	bl	200007f8 <_Unwind_GetGR>
20000aa6:	4287      	cmp	r7, r0
20000aa8:	d1c7      	bne.n	20000a3a <__gnu_unwind_pr_common+0x16e>
20000aaa:	6ab3      	ldr	r3, [r6, #40]	; 0x28
20000aac:	429d      	cmp	r5, r3
20000aae:	d1c4      	bne.n	20000a3a <__gnu_unwind_pr_common+0x16e>
20000ab0:	46b0      	mov	r8, r6
20000ab2:	46a2      	mov	sl, r4
20000ab4:	0028      	movs	r0, r5
20000ab6:	f7ff fcad 	bl	20000414 <selfrel_offset31>
20000aba:	210f      	movs	r1, #15
20000abc:	0002      	movs	r2, r0
20000abe:	4650      	mov	r0, sl
20000ac0:	f7ff fec0 	bl	20000844 <_Unwind_SetGR>
20000ac4:	4650      	mov	r0, sl
20000ac6:	4642      	mov	r2, r8
20000ac8:	2100      	movs	r1, #0
20000aca:	f7ff febb 	bl	20000844 <_Unwind_SetGR>
20000ace:	2007      	movs	r0, #7
20000ad0:	e72e      	b.n	20000930 <__gnu_unwind_pr_common+0x64>
20000ad2:	46b0      	mov	r8, r6
20000ad4:	46a2      	mov	sl, r4
20000ad6:	210d      	movs	r1, #13
20000ad8:	4650      	mov	r0, sl
20000ada:	f7ff fe8d 	bl	200007f8 <_Unwind_GetGR>
20000ade:	4643      	mov	r3, r8
20000ae0:	9a04      	ldr	r2, [sp, #16]
20000ae2:	6218      	str	r0, [r3, #32]
20000ae4:	625a      	str	r2, [r3, #36]	; 0x24
20000ae6:	2006      	movs	r0, #6
20000ae8:	629d      	str	r5, [r3, #40]	; 0x28
20000aea:	e721      	b.n	20000930 <__gnu_unwind_pr_common+0x64>
20000aec:	0028      	movs	r0, r5
20000aee:	f7ff fc91 	bl	20000414 <selfrel_offset31>
20000af2:	3504      	adds	r5, #4
20000af4:	46a2      	mov	sl, r4
20000af6:	63b5      	str	r5, [r6, #56]	; 0x38
20000af8:	0004      	movs	r4, r0
20000afa:	0030      	movs	r0, r6
20000afc:	e000      	b.n	20000b00 <__gnu_unwind_pr_common+0x234>
20000afe:	bf00      	nop
20000b00:	2800      	cmp	r0, #0
20000b02:	d100      	bne.n	20000b06 <__gnu_unwind_pr_common+0x23a>
20000b04:	e713      	b.n	2000092e <__gnu_unwind_pr_common+0x62>
20000b06:	4650      	mov	r0, sl
20000b08:	0022      	movs	r2, r4
20000b0a:	210f      	movs	r1, #15
20000b0c:	f7ff fe9a 	bl	20000844 <_Unwind_SetGR>
20000b10:	2007      	movs	r0, #7
20000b12:	e70d      	b.n	20000930 <__gnu_unwind_pr_common+0x64>
20000b14:	46a2      	mov	sl, r4
20000b16:	210d      	movs	r1, #13
20000b18:	0004      	movs	r4, r0
20000b1a:	4650      	mov	r0, sl
20000b1c:	f7ff fe6c 	bl	200007f8 <_Unwind_GetGR>
20000b20:	46b0      	mov	r8, r6
20000b22:	0033      	movs	r3, r6
20000b24:	6230      	str	r0, [r6, #32]
20000b26:	2c02      	cmp	r4, #2
20000b28:	d139      	bne.n	20000b9e <__gnu_unwind_pr_common+0x2d2>
20000b2a:	9a04      	ldr	r2, [sp, #16]
20000b2c:	332c      	adds	r3, #44	; 0x2c
20000b2e:	62f2      	str	r2, [r6, #44]	; 0x2c
20000b30:	6273      	str	r3, [r6, #36]	; 0x24
20000b32:	4643      	mov	r3, r8
20000b34:	2006      	movs	r0, #6
20000b36:	629d      	str	r5, [r3, #40]	; 0x28
20000b38:	e6fa      	b.n	20000930 <__gnu_unwind_pr_common+0x64>
20000b3a:	1d2b      	adds	r3, r5, #4
20000b3c:	469a      	mov	sl, r3
20000b3e:	2300      	movs	r3, #0
20000b40:	4698      	mov	r8, r3
20000b42:	3358      	adds	r3, #88	; 0x58
20000b44:	469c      	mov	ip, r3
20000b46:	0021      	movs	r1, r4
20000b48:	464a      	mov	r2, r9
20000b4a:	44b4      	add	ip, r6
20000b4c:	4654      	mov	r4, sl
20000b4e:	46a9      	mov	r9, r5
20000b50:	468a      	mov	sl, r1
20000b52:	003d      	movs	r5, r7
20000b54:	9203      	str	r2, [sp, #12]
20000b56:	4647      	mov	r7, r8
20000b58:	46e0      	mov	r8, ip
20000b5a:	e00e      	b.n	20000b7a <__gnu_unwind_pr_common+0x2ae>
20000b5c:	4643      	mov	r3, r8
20000b5e:	0020      	movs	r0, r4
20000b60:	9304      	str	r3, [sp, #16]
20000b62:	f7ff fd2f 	bl	200005c4 <_Unwind_decode_typeinfo_ptr.constprop.0>
20000b66:	2200      	movs	r2, #0
20000b68:	0001      	movs	r1, r0
20000b6a:	ab04      	add	r3, sp, #16
20000b6c:	0030      	movs	r0, r6
20000b6e:	e000      	b.n	20000b72 <__gnu_unwind_pr_common+0x2a6>
20000b70:	bf00      	nop
20000b72:	3701      	adds	r7, #1
20000b74:	3404      	adds	r4, #4
20000b76:	2800      	cmp	r0, #0
20000b78:	d104      	bne.n	20000b84 <__gnu_unwind_pr_common+0x2b8>
20000b7a:	42af      	cmp	r7, r5
20000b7c:	d1ee      	bne.n	20000b5c <__gnu_unwind_pr_common+0x290>
20000b7e:	464d      	mov	r5, r9
20000b80:	46b0      	mov	r8, r6
20000b82:	e7a8      	b.n	20000ad6 <__gnu_unwind_pr_common+0x20a>
20000b84:	002f      	movs	r7, r5
20000b86:	464d      	mov	r5, r9
20000b88:	9b03      	ldr	r3, [sp, #12]
20000b8a:	4654      	mov	r4, sl
20000b8c:	4699      	mov	r9, r3
20000b8e:	682a      	ldr	r2, [r5, #0]
20000b90:	e762      	b.n	20000a58 <__gnu_unwind_pr_common+0x18c>
20000b92:	210d      	movs	r1, #13
20000b94:	0020      	movs	r0, r4
20000b96:	f7ff fe2f 	bl	200007f8 <_Unwind_GetGR>
20000b9a:	46b0      	mov	r8, r6
20000b9c:	6230      	str	r0, [r6, #32]
20000b9e:	4643      	mov	r3, r8
20000ba0:	9a04      	ldr	r2, [sp, #16]
20000ba2:	625a      	str	r2, [r3, #36]	; 0x24
20000ba4:	e7c5      	b.n	20000b32 <__gnu_unwind_pr_common+0x266>
20000ba6:	1c78      	adds	r0, r7, #1
20000ba8:	0080      	lsls	r0, r0, #2
20000baa:	46b0      	mov	r8, r6
20000bac:	46a2      	mov	sl, r4
20000bae:	1828      	adds	r0, r5, r0
20000bb0:	e781      	b.n	20000ab6 <__gnu_unwind_pr_common+0x1ea>
20000bb2:	46c0      	nop			; (mov r8, r8)
20000bb4:	00000000 	.word	0x00000000

20000bb8 <__aeabi_unwind_cpp_pr0>:
20000bb8:	b510      	push	{r4, lr}
20000bba:	2300      	movs	r3, #0
20000bbc:	f7ff fe86 	bl	200008cc <__gnu_unwind_pr_common>
20000bc0:	bd10      	pop	{r4, pc}
20000bc2:	46c0      	nop			; (mov r8, r8)

20000bc4 <__aeabi_unwind_cpp_pr1>:
20000bc4:	b510      	push	{r4, lr}
20000bc6:	2301      	movs	r3, #1
20000bc8:	f7ff fe80 	bl	200008cc <__gnu_unwind_pr_common>
20000bcc:	bd10      	pop	{r4, pc}
20000bce:	46c0      	nop			; (mov r8, r8)

20000bd0 <__aeabi_unwind_cpp_pr2>:
20000bd0:	b510      	push	{r4, lr}
20000bd2:	2302      	movs	r3, #2
20000bd4:	f7ff fe7a 	bl	200008cc <__gnu_unwind_pr_common>
20000bd8:	bd10      	pop	{r4, pc}
20000bda:	46c0      	nop			; (mov r8, r8)

20000bdc <_Unwind_VRS_Pop>:
20000bdc:	b5f0      	push	{r4, r5, r6, r7, lr}
20000bde:	46ce      	mov	lr, r9
20000be0:	4647      	mov	r7, r8
20000be2:	b580      	push	{r7, lr}
20000be4:	0005      	movs	r5, r0
20000be6:	0014      	movs	r4, r2
20000be8:	001e      	movs	r6, r3
20000bea:	b0c3      	sub	sp, #268	; 0x10c
20000bec:	2903      	cmp	r1, #3
20000bee:	d044      	beq.n	20000c7a <_Unwind_VRS_Pop+0x9e>
20000bf0:	d820      	bhi.n	20000c34 <_Unwind_VRS_Pop+0x58>
20000bf2:	2900      	cmp	r1, #0
20000bf4:	d049      	beq.n	20000c8a <_Unwind_VRS_Pop+0xae>
20000bf6:	2901      	cmp	r1, #1
20000bf8:	d141      	bne.n	20000c7e <_Unwind_VRS_Pop+0xa2>
20000bfa:	0c13      	lsrs	r3, r2, #16
20000bfc:	0414      	lsls	r4, r2, #16
20000bfe:	4698      	mov	r8, r3
20000c00:	0c23      	lsrs	r3, r4, #16
20000c02:	4699      	mov	r9, r3
20000c04:	2e01      	cmp	r6, #1
20000c06:	d100      	bne.n	20000c0a <_Unwind_VRS_Pop+0x2e>
20000c08:	e07a      	b.n	20000d00 <_Unwind_VRS_Pop+0x124>
20000c0a:	2e05      	cmp	r6, #5
20000c0c:	d137      	bne.n	20000c7e <_Unwind_VRS_Pop+0xa2>
20000c0e:	4644      	mov	r4, r8
20000c10:	444c      	add	r4, r9
20000c12:	2c20      	cmp	r4, #32
20000c14:	d833      	bhi.n	20000c7e <_Unwind_VRS_Pop+0xa2>
20000c16:	4643      	mov	r3, r8
20000c18:	2b0f      	cmp	r3, #15
20000c1a:	d800      	bhi.n	20000c1e <_Unwind_VRS_Pop+0x42>
20000c1c:	e0b5      	b.n	20000d8a <_Unwind_VRS_Pop+0x1ae>
20000c1e:	464c      	mov	r4, r9
20000c20:	2c00      	cmp	r4, #0
20000c22:	d000      	beq.n	20000c26 <_Unwind_VRS_Pop+0x4a>
20000c24:	e0c2      	b.n	20000dac <_Unwind_VRS_Pop+0x1d0>
20000c26:	464a      	mov	r2, r9
20000c28:	6ba9      	ldr	r1, [r5, #56]	; 0x38
20000c2a:	af20      	add	r7, sp, #128	; 0x80
20000c2c:	2a00      	cmp	r2, #0
20000c2e:	d022      	beq.n	20000c76 <_Unwind_VRS_Pop+0x9a>
20000c30:	2400      	movs	r4, #0
20000c32:	e07f      	b.n	20000d34 <_Unwind_VRS_Pop+0x158>
20000c34:	2904      	cmp	r1, #4
20000c36:	d122      	bne.n	20000c7e <_Unwind_VRS_Pop+0xa2>
20000c38:	2b00      	cmp	r3, #0
20000c3a:	d120      	bne.n	20000c7e <_Unwind_VRS_Pop+0xa2>
20000c3c:	2a10      	cmp	r2, #16
20000c3e:	d81e      	bhi.n	20000c7e <_Unwind_VRS_Pop+0xa2>
20000c40:	2210      	movs	r2, #16
20000c42:	6803      	ldr	r3, [r0, #0]
20000c44:	421a      	tst	r2, r3
20000c46:	d000      	beq.n	20000c4a <_Unwind_VRS_Pop+0x6e>
20000c48:	e0c7      	b.n	20000dda <_Unwind_VRS_Pop+0x1fe>
20000c4a:	af20      	add	r7, sp, #128	; 0x80
20000c4c:	0038      	movs	r0, r7
20000c4e:	f000 f921 	bl	20000e94 <__gnu_Unwind_Save_WMMXC>
20000c52:	2601      	movs	r6, #1
20000c54:	0039      	movs	r1, r7
20000c56:	2300      	movs	r3, #0
20000c58:	6baa      	ldr	r2, [r5, #56]	; 0x38
20000c5a:	0030      	movs	r0, r6
20000c5c:	4098      	lsls	r0, r3
20000c5e:	4204      	tst	r4, r0
20000c60:	d001      	beq.n	20000c66 <_Unwind_VRS_Pop+0x8a>
20000c62:	ca01      	ldmia	r2!, {r0}
20000c64:	6008      	str	r0, [r1, #0]
20000c66:	3301      	adds	r3, #1
20000c68:	3104      	adds	r1, #4
20000c6a:	2b04      	cmp	r3, #4
20000c6c:	d1f5      	bne.n	20000c5a <_Unwind_VRS_Pop+0x7e>
20000c6e:	0038      	movs	r0, r7
20000c70:	63aa      	str	r2, [r5, #56]	; 0x38
20000c72:	f000 f90d 	bl	20000e90 <__gnu_Unwind_Restore_WMMXC>
20000c76:	2000      	movs	r0, #0
20000c78:	e002      	b.n	20000c80 <_Unwind_VRS_Pop+0xa4>
20000c7a:	2b03      	cmp	r3, #3
20000c7c:	d01c      	beq.n	20000cb8 <_Unwind_VRS_Pop+0xdc>
20000c7e:	2002      	movs	r0, #2
20000c80:	b043      	add	sp, #268	; 0x10c
20000c82:	bcc0      	pop	{r6, r7}
20000c84:	46b9      	mov	r9, r7
20000c86:	46b0      	mov	r8, r6
20000c88:	bdf0      	pop	{r4, r5, r6, r7, pc}
20000c8a:	2b00      	cmp	r3, #0
20000c8c:	d1f7      	bne.n	20000c7e <_Unwind_VRS_Pop+0xa2>
20000c8e:	2300      	movs	r3, #0
20000c90:	2701      	movs	r7, #1
20000c92:	0416      	lsls	r6, r2, #16
20000c94:	6b82      	ldr	r2, [r0, #56]	; 0x38
20000c96:	0c36      	lsrs	r6, r6, #16
20000c98:	1d01      	adds	r1, r0, #4
20000c9a:	0038      	movs	r0, r7
20000c9c:	4098      	lsls	r0, r3
20000c9e:	4206      	tst	r6, r0
20000ca0:	d001      	beq.n	20000ca6 <_Unwind_VRS_Pop+0xca>
20000ca2:	ca01      	ldmia	r2!, {r0}
20000ca4:	6008      	str	r0, [r1, #0]
20000ca6:	3301      	adds	r3, #1
20000ca8:	3104      	adds	r1, #4
20000caa:	2b10      	cmp	r3, #16
20000cac:	d1f5      	bne.n	20000c9a <_Unwind_VRS_Pop+0xbe>
20000cae:	2000      	movs	r0, #0
20000cb0:	04a3      	lsls	r3, r4, #18
20000cb2:	d4e5      	bmi.n	20000c80 <_Unwind_VRS_Pop+0xa4>
20000cb4:	63aa      	str	r2, [r5, #56]	; 0x38
20000cb6:	e7e3      	b.n	20000c80 <_Unwind_VRS_Pop+0xa4>
20000cb8:	0414      	lsls	r4, r2, #16
20000cba:	0c16      	lsrs	r6, r2, #16
20000cbc:	0c24      	lsrs	r4, r4, #16
20000cbe:	1933      	adds	r3, r6, r4
20000cc0:	2b10      	cmp	r3, #16
20000cc2:	d8dc      	bhi.n	20000c7e <_Unwind_VRS_Pop+0xa2>
20000cc4:	2208      	movs	r2, #8
20000cc6:	6803      	ldr	r3, [r0, #0]
20000cc8:	421a      	tst	r2, r3
20000cca:	d000      	beq.n	20000cce <_Unwind_VRS_Pop+0xf2>
20000ccc:	e08c      	b.n	20000de8 <_Unwind_VRS_Pop+0x20c>
20000cce:	af20      	add	r7, sp, #128	; 0x80
20000cd0:	0038      	movs	r0, r7
20000cd2:	f000 f8db 	bl	20000e8c <__gnu_Unwind_Save_WMMXD>
20000cd6:	00f6      	lsls	r6, r6, #3
20000cd8:	6bab      	ldr	r3, [r5, #56]	; 0x38
20000cda:	2c00      	cmp	r4, #0
20000cdc:	d00a      	beq.n	20000cf4 <_Unwind_VRS_Pop+0x118>
20000cde:	1af6      	subs	r6, r6, r3
20000ce0:	00e4      	lsls	r4, r4, #3
20000ce2:	1f32      	subs	r2, r6, #4
20000ce4:	191c      	adds	r4, r3, r4
20000ce6:	18ba      	adds	r2, r7, r2
20000ce8:	0019      	movs	r1, r3
20000cea:	6809      	ldr	r1, [r1, #0]
20000cec:	3304      	adds	r3, #4
20000cee:	5099      	str	r1, [r3, r2]
20000cf0:	42a3      	cmp	r3, r4
20000cf2:	d1f9      	bne.n	20000ce8 <_Unwind_VRS_Pop+0x10c>
20000cf4:	0038      	movs	r0, r7
20000cf6:	63ab      	str	r3, [r5, #56]	; 0x38
20000cf8:	f000 f8c6 	bl	20000e88 <__gnu_Unwind_Restore_WMMXD>
20000cfc:	2000      	movs	r0, #0
20000cfe:	e7bf      	b.n	20000c80 <_Unwind_VRS_Pop+0xa4>
20000d00:	4643      	mov	r3, r8
20000d02:	444b      	add	r3, r9
20000d04:	2b10      	cmp	r3, #16
20000d06:	d8ba      	bhi.n	20000c7e <_Unwind_VRS_Pop+0xa2>
20000d08:	4643      	mov	r3, r8
20000d0a:	2b0f      	cmp	r3, #15
20000d0c:	d8b7      	bhi.n	20000c7e <_Unwind_VRS_Pop+0xa2>
20000d0e:	682b      	ldr	r3, [r5, #0]
20000d10:	421e      	tst	r6, r3
20000d12:	d006      	beq.n	20000d22 <_Unwind_VRS_Pop+0x146>
20000d14:	2203      	movs	r2, #3
20000d16:	0028      	movs	r0, r5
20000d18:	4393      	bics	r3, r2
20000d1a:	602b      	str	r3, [r5, #0]
20000d1c:	3048      	adds	r0, #72	; 0x48
20000d1e:	f000 f8a9 	bl	20000e74 <__gnu_Unwind_Save_VFP>
20000d22:	af20      	add	r7, sp, #128	; 0x80
20000d24:	0038      	movs	r0, r7
20000d26:	f000 f8a5 	bl	20000e74 <__gnu_Unwind_Save_VFP>
20000d2a:	464a      	mov	r2, r9
20000d2c:	2400      	movs	r4, #0
20000d2e:	6ba9      	ldr	r1, [r5, #56]	; 0x38
20000d30:	2a00      	cmp	r2, #0
20000d32:	d061      	beq.n	20000df8 <_Unwind_VRS_Pop+0x21c>
20000d34:	4643      	mov	r3, r8
20000d36:	00db      	lsls	r3, r3, #3
20000d38:	18ff      	adds	r7, r7, r3
20000d3a:	2300      	movs	r3, #0
20000d3c:	00d2      	lsls	r2, r2, #3
20000d3e:	58c8      	ldr	r0, [r1, r3]
20000d40:	50f8      	str	r0, [r7, r3]
20000d42:	3304      	adds	r3, #4
20000d44:	429a      	cmp	r2, r3
20000d46:	d1fa      	bne.n	20000d3e <_Unwind_VRS_Pop+0x162>
20000d48:	1889      	adds	r1, r1, r2
20000d4a:	2c00      	cmp	r4, #0
20000d4c:	d00f      	beq.n	20000d6e <_Unwind_VRS_Pop+0x192>
20000d4e:	466f      	mov	r7, sp
20000d50:	4640      	mov	r0, r8
20000d52:	2810      	cmp	r0, #16
20000d54:	d200      	bcs.n	20000d58 <_Unwind_VRS_Pop+0x17c>
20000d56:	2010      	movs	r0, #16
20000d58:	2300      	movs	r3, #0
20000d5a:	3810      	subs	r0, #16
20000d5c:	00c0      	lsls	r0, r0, #3
20000d5e:	1838      	adds	r0, r7, r0
20000d60:	00e2      	lsls	r2, r4, #3
20000d62:	58cf      	ldr	r7, [r1, r3]
20000d64:	50c7      	str	r7, [r0, r3]
20000d66:	3304      	adds	r3, #4
20000d68:	4293      	cmp	r3, r2
20000d6a:	d1fa      	bne.n	20000d62 <_Unwind_VRS_Pop+0x186>
20000d6c:	18c9      	adds	r1, r1, r3
20000d6e:	2e01      	cmp	r6, #1
20000d70:	d041      	beq.n	20000df6 <_Unwind_VRS_Pop+0x21a>
20000d72:	4643      	mov	r3, r8
20000d74:	63a9      	str	r1, [r5, #56]	; 0x38
20000d76:	2b0f      	cmp	r3, #15
20000d78:	d945      	bls.n	20000e06 <_Unwind_VRS_Pop+0x22a>
20000d7a:	2c00      	cmp	r4, #0
20000d7c:	d100      	bne.n	20000d80 <_Unwind_VRS_Pop+0x1a4>
20000d7e:	e77a      	b.n	20000c76 <_Unwind_VRS_Pop+0x9a>
20000d80:	4668      	mov	r0, sp
20000d82:	f000 f87d 	bl	20000e80 <__gnu_Unwind_Restore_VFP_D_16_to_31>
20000d86:	2000      	movs	r0, #0
20000d88:	e77a      	b.n	20000c80 <_Unwind_VRS_Pop+0xa4>
20000d8a:	2c10      	cmp	r4, #16
20000d8c:	d946      	bls.n	20000e1c <_Unwind_VRS_Pop+0x240>
20000d8e:	3c10      	subs	r4, #16
20000d90:	2201      	movs	r2, #1
20000d92:	682b      	ldr	r3, [r5, #0]
20000d94:	421a      	tst	r2, r3
20000d96:	d007      	beq.n	20000da8 <_Unwind_VRS_Pop+0x1cc>
20000d98:	4393      	bics	r3, r2
20000d9a:	2202      	movs	r2, #2
20000d9c:	0028      	movs	r0, r5
20000d9e:	4313      	orrs	r3, r2
20000da0:	602b      	str	r3, [r5, #0]
20000da2:	3048      	adds	r0, #72	; 0x48
20000da4:	f000 f86a 	bl	20000e7c <__gnu_Unwind_Save_VFP_D>
20000da8:	2c00      	cmp	r4, #0
20000daa:	d039      	beq.n	20000e20 <_Unwind_VRS_Pop+0x244>
20000dac:	2204      	movs	r2, #4
20000dae:	682b      	ldr	r3, [r5, #0]
20000db0:	421a      	tst	r2, r3
20000db2:	d12c      	bne.n	20000e0e <_Unwind_VRS_Pop+0x232>
20000db4:	4643      	mov	r3, r8
20000db6:	2b0f      	cmp	r3, #15
20000db8:	d803      	bhi.n	20000dc2 <_Unwind_VRS_Pop+0x1e6>
20000dba:	af20      	add	r7, sp, #128	; 0x80
20000dbc:	0038      	movs	r0, r7
20000dbe:	f000 f85d 	bl	20000e7c <__gnu_Unwind_Save_VFP_D>
20000dc2:	466f      	mov	r7, sp
20000dc4:	0038      	movs	r0, r7
20000dc6:	f000 f85d 	bl	20000e84 <__gnu_Unwind_Save_VFP_D_16_to_31>
20000dca:	2210      	movs	r2, #16
20000dcc:	4643      	mov	r3, r8
20000dce:	6ba9      	ldr	r1, [r5, #56]	; 0x38
20000dd0:	1ad2      	subs	r2, r2, r3
20000dd2:	2a00      	cmp	r2, #0
20000dd4:	ddbc      	ble.n	20000d50 <_Unwind_VRS_Pop+0x174>
20000dd6:	af20      	add	r7, sp, #128	; 0x80
20000dd8:	e7ac      	b.n	20000d34 <_Unwind_VRS_Pop+0x158>
20000dda:	4393      	bics	r3, r2
20000ddc:	6003      	str	r3, [r0, #0]
20000dde:	30d1      	adds	r0, #209	; 0xd1
20000de0:	30ff      	adds	r0, #255	; 0xff
20000de2:	f000 f857 	bl	20000e94 <__gnu_Unwind_Save_WMMXC>
20000de6:	e730      	b.n	20000c4a <_Unwind_VRS_Pop+0x6e>
20000de8:	4393      	bics	r3, r2
20000dea:	6003      	str	r3, [r0, #0]
20000dec:	3051      	adds	r0, #81	; 0x51
20000dee:	30ff      	adds	r0, #255	; 0xff
20000df0:	f000 f84c 	bl	20000e8c <__gnu_Unwind_Save_WMMXD>
20000df4:	e76b      	b.n	20000cce <_Unwind_VRS_Pop+0xf2>
20000df6:	af20      	add	r7, sp, #128	; 0x80
20000df8:	3104      	adds	r1, #4
20000dfa:	0038      	movs	r0, r7
20000dfc:	63a9      	str	r1, [r5, #56]	; 0x38
20000dfe:	f000 f837 	bl	20000e70 <__gnu_Unwind_Restore_VFP>
20000e02:	2000      	movs	r0, #0
20000e04:	e73c      	b.n	20000c80 <_Unwind_VRS_Pop+0xa4>
20000e06:	a820      	add	r0, sp, #128	; 0x80
20000e08:	f000 f836 	bl	20000e78 <__gnu_Unwind_Restore_VFP_D>
20000e0c:	e7b5      	b.n	20000d7a <_Unwind_VRS_Pop+0x19e>
20000e0e:	0028      	movs	r0, r5
20000e10:	4393      	bics	r3, r2
20000e12:	602b      	str	r3, [r5, #0]
20000e14:	30d0      	adds	r0, #208	; 0xd0
20000e16:	f000 f835 	bl	20000e84 <__gnu_Unwind_Save_VFP_D_16_to_31>
20000e1a:	e7cb      	b.n	20000db4 <_Unwind_VRS_Pop+0x1d8>
20000e1c:	2400      	movs	r4, #0
20000e1e:	e7b7      	b.n	20000d90 <_Unwind_VRS_Pop+0x1b4>
20000e20:	4643      	mov	r3, r8
20000e22:	2b0f      	cmp	r3, #15
20000e24:	d900      	bls.n	20000e28 <_Unwind_VRS_Pop+0x24c>
20000e26:	e6fe      	b.n	20000c26 <_Unwind_VRS_Pop+0x4a>
20000e28:	af20      	add	r7, sp, #128	; 0x80
20000e2a:	0038      	movs	r0, r7
20000e2c:	f000 f826 	bl	20000e7c <__gnu_Unwind_Save_VFP_D>
20000e30:	464a      	mov	r2, r9
20000e32:	6ba9      	ldr	r1, [r5, #56]	; 0x38
20000e34:	2a00      	cmp	r2, #0
20000e36:	d000      	beq.n	20000e3a <_Unwind_VRS_Pop+0x25e>
20000e38:	e6fa      	b.n	20000c30 <_Unwind_VRS_Pop+0x54>
20000e3a:	0038      	movs	r0, r7
20000e3c:	f000 f81c 	bl	20000e78 <__gnu_Unwind_Restore_VFP_D>
20000e40:	2000      	movs	r0, #0
20000e42:	e71d      	b.n	20000c80 <_Unwind_VRS_Pop+0xa4>

20000e44 <__restore_core_regs>:
20000e44:	0001      	movs	r1, r0
20000e46:	3134      	adds	r1, #52	; 0x34
20000e48:	c938      	ldmia	r1!, {r3, r4, r5}
20000e4a:	3b04      	subs	r3, #4
20000e4c:	469c      	mov	ip, r3
20000e4e:	601d      	str	r5, [r3, #0]
20000e50:	46a6      	mov	lr, r4
20000e52:	0001      	movs	r1, r0
20000e54:	3120      	adds	r1, #32
20000e56:	c93c      	ldmia	r1!, {r2, r3, r4, r5}
20000e58:	4690      	mov	r8, r2
20000e5a:	4699      	mov	r9, r3
20000e5c:	46a2      	mov	sl, r4
20000e5e:	46ab      	mov	fp, r5
20000e60:	0001      	movs	r1, r0
20000e62:	3108      	adds	r1, #8
20000e64:	c9fc      	ldmia	r1!, {r2, r3, r4, r5, r6, r7}
20000e66:	6841      	ldr	r1, [r0, #4]
20000e68:	6800      	ldr	r0, [r0, #0]
20000e6a:	46e5      	mov	sp, ip
20000e6c:	bd00      	pop	{pc}
20000e6e:	46c0      	nop			; (mov r8, r8)

20000e70 <__gnu_Unwind_Restore_VFP>:
20000e70:	4770      	bx	lr
20000e72:	46c0      	nop			; (mov r8, r8)

20000e74 <__gnu_Unwind_Save_VFP>:
20000e74:	4770      	bx	lr
20000e76:	46c0      	nop			; (mov r8, r8)

20000e78 <__gnu_Unwind_Restore_VFP_D>:
20000e78:	4770      	bx	lr
20000e7a:	46c0      	nop			; (mov r8, r8)

20000e7c <__gnu_Unwind_Save_VFP_D>:
20000e7c:	4770      	bx	lr
20000e7e:	46c0      	nop			; (mov r8, r8)

20000e80 <__gnu_Unwind_Restore_VFP_D_16_to_31>:
20000e80:	4770      	bx	lr
20000e82:	46c0      	nop			; (mov r8, r8)

20000e84 <__gnu_Unwind_Save_VFP_D_16_to_31>:
20000e84:	4770      	bx	lr
20000e86:	46c0      	nop			; (mov r8, r8)

20000e88 <__gnu_Unwind_Restore_WMMXD>:
20000e88:	4770      	bx	lr
20000e8a:	46c0      	nop			; (mov r8, r8)

20000e8c <__gnu_Unwind_Save_WMMXD>:
20000e8c:	4770      	bx	lr
20000e8e:	46c0      	nop			; (mov r8, r8)

20000e90 <__gnu_Unwind_Restore_WMMXC>:
20000e90:	4770      	bx	lr
20000e92:	46c0      	nop			; (mov r8, r8)

20000e94 <__gnu_Unwind_Save_WMMXC>:
20000e94:	4770      	bx	lr
20000e96:	46c0      	nop			; (mov r8, r8)

20000e98 <_Unwind_RaiseException>:
20000e98:	b401      	push	{r0}
20000e9a:	a801      	add	r0, sp, #4
20000e9c:	b501      	push	{r0, lr}
20000e9e:	b085      	sub	sp, #20
20000ea0:	b4ff      	push	{r0, r1, r2, r3, r4, r5, r6, r7}
20000ea2:	a808      	add	r0, sp, #32
20000ea4:	4641      	mov	r1, r8
20000ea6:	464a      	mov	r2, r9
20000ea8:	4653      	mov	r3, sl
20000eaa:	465c      	mov	r4, fp
20000eac:	4665      	mov	r5, ip
20000eae:	c03e      	stmia	r0!, {r1, r2, r3, r4, r5}
20000eb0:	a801      	add	r0, sp, #4
20000eb2:	c83e      	ldmia	r0!, {r1, r2, r3, r4, r5}
20000eb4:	980f      	ldr	r0, [sp, #60]	; 0x3c
20000eb6:	9000      	str	r0, [sp, #0]
20000eb8:	2300      	movs	r3, #0
20000eba:	b40c      	push	{r2, r3}
20000ebc:	a901      	add	r1, sp, #4
20000ebe:	f7ff fc11 	bl	200006e4 <__gnu_Unwind_RaiseException>
20000ec2:	9b10      	ldr	r3, [sp, #64]	; 0x40
20000ec4:	b012      	add	sp, #72	; 0x48
20000ec6:	4718      	bx	r3

20000ec8 <_Unwind_Resume>:
20000ec8:	b401      	push	{r0}
20000eca:	a801      	add	r0, sp, #4
20000ecc:	b501      	push	{r0, lr}
20000ece:	b085      	sub	sp, #20
20000ed0:	b4ff      	push	{r0, r1, r2, r3, r4, r5, r6, r7}
20000ed2:	a808      	add	r0, sp, #32
20000ed4:	4641      	mov	r1, r8
20000ed6:	464a      	mov	r2, r9
20000ed8:	4653      	mov	r3, sl
20000eda:	465c      	mov	r4, fp
20000edc:	4665      	mov	r5, ip
20000ede:	c03e      	stmia	r0!, {r1, r2, r3, r4, r5}
20000ee0:	a801      	add	r0, sp, #4
20000ee2:	c83e      	ldmia	r0!, {r1, r2, r3, r4, r5}
20000ee4:	980f      	ldr	r0, [sp, #60]	; 0x3c
20000ee6:	9000      	str	r0, [sp, #0]
20000ee8:	2300      	movs	r3, #0
20000eea:	b40c      	push	{r2, r3}
20000eec:	a901      	add	r1, sp, #4
20000eee:	f7ff fc2d 	bl	2000074c <__gnu_Unwind_Resume>
20000ef2:	9b10      	ldr	r3, [sp, #64]	; 0x40
20000ef4:	b012      	add	sp, #72	; 0x48
20000ef6:	4718      	bx	r3

20000ef8 <_Unwind_Resume_or_Rethrow>:
20000ef8:	b401      	push	{r0}
20000efa:	a801      	add	r0, sp, #4
20000efc:	b501      	push	{r0, lr}
20000efe:	b085      	sub	sp, #20
20000f00:	b4ff      	push	{r0, r1, r2, r3, r4, r5, r6, r7}
20000f02:	a808      	add	r0, sp, #32
20000f04:	4641      	mov	r1, r8
20000f06:	464a      	mov	r2, r9
20000f08:	4653      	mov	r3, sl
20000f0a:	465c      	mov	r4, fp
20000f0c:	4665      	mov	r5, ip
20000f0e:	c03e      	stmia	r0!, {r1, r2, r3, r4, r5}
20000f10:	a801      	add	r0, sp, #4
20000f12:	c83e      	ldmia	r0!, {r1, r2, r3, r4, r5}
20000f14:	980f      	ldr	r0, [sp, #60]	; 0x3c
20000f16:	9000      	str	r0, [sp, #0]
20000f18:	2300      	movs	r3, #0
20000f1a:	b40c      	push	{r2, r3}
20000f1c:	a901      	add	r1, sp, #4
20000f1e:	f7ff fc39 	bl	20000794 <__gnu_Unwind_Resume_or_Rethrow>
20000f22:	9b10      	ldr	r3, [sp, #64]	; 0x40
20000f24:	b012      	add	sp, #72	; 0x48
20000f26:	4718      	bx	r3

20000f28 <_Unwind_ForcedUnwind>:
20000f28:	b401      	push	{r0}
20000f2a:	a801      	add	r0, sp, #4
20000f2c:	b501      	push	{r0, lr}
20000f2e:	b085      	sub	sp, #20
20000f30:	b4ff      	push	{r0, r1, r2, r3, r4, r5, r6, r7}
20000f32:	a808      	add	r0, sp, #32
20000f34:	4641      	mov	r1, r8
20000f36:	464a      	mov	r2, r9
20000f38:	4653      	mov	r3, sl
20000f3a:	465c      	mov	r4, fp
20000f3c:	4665      	mov	r5, ip
20000f3e:	c03e      	stmia	r0!, {r1, r2, r3, r4, r5}
20000f40:	a801      	add	r0, sp, #4
20000f42:	c83e      	ldmia	r0!, {r1, r2, r3, r4, r5}
20000f44:	980f      	ldr	r0, [sp, #60]	; 0x3c
20000f46:	9000      	str	r0, [sp, #0]
20000f48:	2300      	movs	r3, #0
20000f4a:	b40c      	push	{r2, r3}
20000f4c:	ab01      	add	r3, sp, #4
20000f4e:	f7ff fbf3 	bl	20000738 <__gnu_Unwind_ForcedUnwind>
20000f52:	9b10      	ldr	r3, [sp, #64]	; 0x40
20000f54:	b012      	add	sp, #72	; 0x48
20000f56:	4718      	bx	r3

20000f58 <_Unwind_Backtrace>:
20000f58:	b401      	push	{r0}
20000f5a:	a801      	add	r0, sp, #4
20000f5c:	b501      	push	{r0, lr}
20000f5e:	b085      	sub	sp, #20
20000f60:	b4ff      	push	{r0, r1, r2, r3, r4, r5, r6, r7}
20000f62:	a808      	add	r0, sp, #32
20000f64:	4641      	mov	r1, r8
20000f66:	464a      	mov	r2, r9
20000f68:	4653      	mov	r3, sl
20000f6a:	465c      	mov	r4, fp
20000f6c:	4665      	mov	r5, ip
20000f6e:	c03e      	stmia	r0!, {r1, r2, r3, r4, r5}
20000f70:	a801      	add	r0, sp, #4
20000f72:	c83e      	ldmia	r0!, {r1, r2, r3, r4, r5}
20000f74:	980f      	ldr	r0, [sp, #60]	; 0x3c
20000f76:	9000      	str	r0, [sp, #0]
20000f78:	2300      	movs	r3, #0
20000f7a:	b40c      	push	{r2, r3}
20000f7c:	aa01      	add	r2, sp, #4
20000f7e:	f7ff fc6d 	bl	2000085c <__gnu_Unwind_Backtrace>
20000f82:	9b10      	ldr	r3, [sp, #64]	; 0x40
20000f84:	b012      	add	sp, #72	; 0x48
20000f86:	4718      	bx	r3

20000f88 <next_unwind_byte>:
20000f88:	7a02      	ldrb	r2, [r0, #8]
20000f8a:	0003      	movs	r3, r0
20000f8c:	2a00      	cmp	r2, #0
20000f8e:	d10b      	bne.n	20000fa8 <next_unwind_byte+0x20>
20000f90:	7a42      	ldrb	r2, [r0, #9]
20000f92:	2a00      	cmp	r2, #0
20000f94:	d00f      	beq.n	20000fb6 <next_unwind_byte+0x2e>
20000f96:	3a01      	subs	r2, #1
20000f98:	7242      	strb	r2, [r0, #9]
20000f9a:	6842      	ldr	r2, [r0, #4]
20000f9c:	1d11      	adds	r1, r2, #4
20000f9e:	6041      	str	r1, [r0, #4]
20000fa0:	2103      	movs	r1, #3
20000fa2:	6812      	ldr	r2, [r2, #0]
20000fa4:	7201      	strb	r1, [r0, #8]
20000fa6:	e002      	b.n	20000fae <next_unwind_byte+0x26>
20000fa8:	3a01      	subs	r2, #1
20000faa:	7202      	strb	r2, [r0, #8]
20000fac:	6802      	ldr	r2, [r0, #0]
20000fae:	0e10      	lsrs	r0, r2, #24
20000fb0:	0212      	lsls	r2, r2, #8
20000fb2:	601a      	str	r2, [r3, #0]
20000fb4:	4770      	bx	lr
20000fb6:	20b0      	movs	r0, #176	; 0xb0
20000fb8:	e7fc      	b.n	20000fb4 <next_unwind_byte+0x2c>
20000fba:	46c0      	nop			; (mov r8, r8)

20000fbc <_Unwind_GetGR.constprop.0>:
20000fbc:	b500      	push	{lr}
20000fbe:	b085      	sub	sp, #20
20000fc0:	ab03      	add	r3, sp, #12
20000fc2:	9300      	str	r3, [sp, #0]
20000fc4:	220c      	movs	r2, #12
20000fc6:	2300      	movs	r3, #0
20000fc8:	2100      	movs	r1, #0
20000fca:	f7ff fbfb 	bl	200007c4 <_Unwind_VRS_Get>
20000fce:	9803      	ldr	r0, [sp, #12]
20000fd0:	b005      	add	sp, #20
20000fd2:	bd00      	pop	{pc}

20000fd4 <unwind_UCB_from_context>:
20000fd4:	b510      	push	{r4, lr}
20000fd6:	f7ff fff1 	bl	20000fbc <_Unwind_GetGR.constprop.0>
20000fda:	bd10      	pop	{r4, pc}

20000fdc <__gnu_unwind_execute>:
20000fdc:	b5f0      	push	{r4, r5, r6, r7, lr}
20000fde:	464e      	mov	r6, r9
20000fe0:	4645      	mov	r5, r8
20000fe2:	4657      	mov	r7, sl
20000fe4:	46de      	mov	lr, fp
20000fe6:	2300      	movs	r3, #0
20000fe8:	b5e0      	push	{r5, r6, r7, lr}
20000fea:	b087      	sub	sp, #28
20000fec:	9303      	str	r3, [sp, #12]
20000fee:	330f      	adds	r3, #15
20000ff0:	4698      	mov	r8, r3
20000ff2:	3b08      	subs	r3, #8
20000ff4:	4699      	mov	r9, r3
20000ff6:	2380      	movs	r3, #128	; 0x80
20000ff8:	031b      	lsls	r3, r3, #12
20000ffa:	0005      	movs	r5, r0
20000ffc:	000e      	movs	r6, r1
20000ffe:	469a      	mov	sl, r3
20001000:	0030      	movs	r0, r6
20001002:	f7ff ffc1 	bl	20000f88 <next_unwind_byte>
20001006:	0004      	movs	r4, r0
20001008:	28b0      	cmp	r0, #176	; 0xb0
2000100a:	d100      	bne.n	2000100e <__gnu_unwind_execute+0x32>
2000100c:	e0c1      	b.n	20001192 <__gnu_unwind_execute+0x1b6>
2000100e:	0603      	lsls	r3, r0, #24
20001010:	d529      	bpl.n	20001066 <__gnu_unwind_execute+0x8a>
20001012:	0003      	movs	r3, r0
20001014:	4642      	mov	r2, r8
20001016:	4393      	bics	r3, r2
20001018:	b2db      	uxtb	r3, r3
2000101a:	2b80      	cmp	r3, #128	; 0x80
2000101c:	d053      	beq.n	200010c6 <__gnu_unwind_execute+0xea>
2000101e:	2b90      	cmp	r3, #144	; 0x90
20001020:	d03d      	beq.n	2000109e <__gnu_unwind_execute+0xc2>
20001022:	2ba0      	cmp	r3, #160	; 0xa0
20001024:	d06b      	beq.n	200010fe <__gnu_unwind_execute+0x122>
20001026:	2bb0      	cmp	r3, #176	; 0xb0
20001028:	d100      	bne.n	2000102c <__gnu_unwind_execute+0x50>
2000102a:	e07e      	b.n	2000112a <__gnu_unwind_execute+0x14e>
2000102c:	2bc0      	cmp	r3, #192	; 0xc0
2000102e:	d100      	bne.n	20001032 <__gnu_unwind_execute+0x56>
20001030:	e095      	b.n	2000115e <__gnu_unwind_execute+0x182>
20001032:	0003      	movs	r3, r0
20001034:	464a      	mov	r2, r9
20001036:	4393      	bics	r3, r2
20001038:	b2db      	uxtb	r3, r3
2000103a:	2bd0      	cmp	r3, #208	; 0xd0
2000103c:	d10a      	bne.n	20001054 <__gnu_unwind_execute+0x78>
2000103e:	4653      	mov	r3, sl
20001040:	4002      	ands	r2, r0
20001042:	3201      	adds	r2, #1
20001044:	431a      	orrs	r2, r3
20001046:	2305      	movs	r3, #5
20001048:	2101      	movs	r1, #1
2000104a:	0028      	movs	r0, r5
2000104c:	f7ff fdc6 	bl	20000bdc <_Unwind_VRS_Pop>
20001050:	2800      	cmp	r0, #0
20001052:	d0d5      	beq.n	20001000 <__gnu_unwind_execute+0x24>
20001054:	2409      	movs	r4, #9
20001056:	0020      	movs	r0, r4
20001058:	b007      	add	sp, #28
2000105a:	bcf0      	pop	{r4, r5, r6, r7}
2000105c:	46bb      	mov	fp, r7
2000105e:	46b2      	mov	sl, r6
20001060:	46a9      	mov	r9, r5
20001062:	46a0      	mov	r8, r4
20001064:	bdf0      	pop	{r4, r5, r6, r7, pc}
20001066:	23ff      	movs	r3, #255	; 0xff
20001068:	0082      	lsls	r2, r0, #2
2000106a:	4013      	ands	r3, r2
2000106c:	1d1f      	adds	r7, r3, #4
2000106e:	ab05      	add	r3, sp, #20
20001070:	469b      	mov	fp, r3
20001072:	9300      	str	r3, [sp, #0]
20001074:	220d      	movs	r2, #13
20001076:	2300      	movs	r3, #0
20001078:	2100      	movs	r1, #0
2000107a:	0028      	movs	r0, r5
2000107c:	f7ff fba2 	bl	200007c4 <_Unwind_VRS_Get>
20001080:	0663      	lsls	r3, r4, #25
20001082:	d439      	bmi.n	200010f8 <__gnu_unwind_execute+0x11c>
20001084:	9b05      	ldr	r3, [sp, #20]
20001086:	469c      	mov	ip, r3
20001088:	4467      	add	r7, ip
2000108a:	465b      	mov	r3, fp
2000108c:	9705      	str	r7, [sp, #20]
2000108e:	9300      	str	r3, [sp, #0]
20001090:	2300      	movs	r3, #0
20001092:	220d      	movs	r2, #13
20001094:	2100      	movs	r1, #0
20001096:	0028      	movs	r0, r5
20001098:	f7ff fbba 	bl	20000810 <_Unwind_VRS_Set>
2000109c:	e7b0      	b.n	20001000 <__gnu_unwind_execute+0x24>
2000109e:	3b83      	subs	r3, #131	; 0x83
200010a0:	4003      	ands	r3, r0
200010a2:	2b0d      	cmp	r3, #13
200010a4:	d0d6      	beq.n	20001054 <__gnu_unwind_execute+0x78>
200010a6:	af05      	add	r7, sp, #20
200010a8:	4002      	ands	r2, r0
200010aa:	2300      	movs	r3, #0
200010ac:	2100      	movs	r1, #0
200010ae:	0028      	movs	r0, r5
200010b0:	9700      	str	r7, [sp, #0]
200010b2:	f7ff fb87 	bl	200007c4 <_Unwind_VRS_Get>
200010b6:	2300      	movs	r3, #0
200010b8:	220d      	movs	r2, #13
200010ba:	2100      	movs	r1, #0
200010bc:	0028      	movs	r0, r5
200010be:	9700      	str	r7, [sp, #0]
200010c0:	f7ff fba6 	bl	20000810 <_Unwind_VRS_Set>
200010c4:	e79c      	b.n	20001000 <__gnu_unwind_execute+0x24>
200010c6:	0204      	lsls	r4, r0, #8
200010c8:	0030      	movs	r0, r6
200010ca:	f7ff ff5d 	bl	20000f88 <next_unwind_byte>
200010ce:	2780      	movs	r7, #128	; 0x80
200010d0:	4320      	orrs	r0, r4
200010d2:	023f      	lsls	r7, r7, #8
200010d4:	42b8      	cmp	r0, r7
200010d6:	d0bd      	beq.n	20001054 <__gnu_unwind_execute+0x78>
200010d8:	0104      	lsls	r4, r0, #4
200010da:	0500      	lsls	r0, r0, #20
200010dc:	0c02      	lsrs	r2, r0, #16
200010de:	2300      	movs	r3, #0
200010e0:	2100      	movs	r1, #0
200010e2:	0028      	movs	r0, r5
200010e4:	f7ff fd7a 	bl	20000bdc <_Unwind_VRS_Pop>
200010e8:	2800      	cmp	r0, #0
200010ea:	d1b3      	bne.n	20001054 <__gnu_unwind_execute+0x78>
200010ec:	423c      	tst	r4, r7
200010ee:	d100      	bne.n	200010f2 <__gnu_unwind_execute+0x116>
200010f0:	e786      	b.n	20001000 <__gnu_unwind_execute+0x24>
200010f2:	2301      	movs	r3, #1
200010f4:	9303      	str	r3, [sp, #12]
200010f6:	e783      	b.n	20001000 <__gnu_unwind_execute+0x24>
200010f8:	9b05      	ldr	r3, [sp, #20]
200010fa:	1bdf      	subs	r7, r3, r7
200010fc:	e7c5      	b.n	2000108a <__gnu_unwind_execute+0xae>
200010fe:	23ff      	movs	r3, #255	; 0xff
20001100:	464a      	mov	r2, r9
20001102:	011b      	lsls	r3, r3, #4
20001104:	0019      	movs	r1, r3
20001106:	4382      	bics	r2, r0
20001108:	4111      	asrs	r1, r2
2000110a:	000a      	movs	r2, r1
2000110c:	401a      	ands	r2, r3
2000110e:	0703      	lsls	r3, r0, #28
20001110:	d502      	bpl.n	20001118 <__gnu_unwind_execute+0x13c>
20001112:	2380      	movs	r3, #128	; 0x80
20001114:	01db      	lsls	r3, r3, #7
20001116:	431a      	orrs	r2, r3
20001118:	2300      	movs	r3, #0
2000111a:	2100      	movs	r1, #0
2000111c:	0028      	movs	r0, r5
2000111e:	f7ff fd5d 	bl	20000bdc <_Unwind_VRS_Pop>
20001122:	2800      	cmp	r0, #0
20001124:	d100      	bne.n	20001128 <__gnu_unwind_execute+0x14c>
20001126:	e76b      	b.n	20001000 <__gnu_unwind_execute+0x24>
20001128:	e794      	b.n	20001054 <__gnu_unwind_execute+0x78>
2000112a:	28b1      	cmp	r0, #177	; 0xb1
2000112c:	d045      	beq.n	200011ba <__gnu_unwind_execute+0x1de>
2000112e:	28b2      	cmp	r0, #178	; 0xb2
20001130:	d100      	bne.n	20001134 <__gnu_unwind_execute+0x158>
20001132:	e09f      	b.n	20001274 <__gnu_unwind_execute+0x298>
20001134:	28b3      	cmp	r0, #179	; 0xb3
20001136:	d055      	beq.n	200011e4 <__gnu_unwind_execute+0x208>
20001138:	23fc      	movs	r3, #252	; 0xfc
2000113a:	4003      	ands	r3, r0
2000113c:	2bb4      	cmp	r3, #180	; 0xb4
2000113e:	d100      	bne.n	20001142 <__gnu_unwind_execute+0x166>
20001140:	e788      	b.n	20001054 <__gnu_unwind_execute+0x78>
20001142:	464a      	mov	r2, r9
20001144:	4653      	mov	r3, sl
20001146:	4002      	ands	r2, r0
20001148:	3201      	adds	r2, #1
2000114a:	431a      	orrs	r2, r3
2000114c:	2101      	movs	r1, #1
2000114e:	2301      	movs	r3, #1
20001150:	0028      	movs	r0, r5
20001152:	f7ff fd43 	bl	20000bdc <_Unwind_VRS_Pop>
20001156:	2800      	cmp	r0, #0
20001158:	d100      	bne.n	2000115c <__gnu_unwind_execute+0x180>
2000115a:	e751      	b.n	20001000 <__gnu_unwind_execute+0x24>
2000115c:	e77a      	b.n	20001054 <__gnu_unwind_execute+0x78>
2000115e:	28c6      	cmp	r0, #198	; 0xc6
20001160:	d04b      	beq.n	200011fa <__gnu_unwind_execute+0x21e>
20001162:	28c7      	cmp	r0, #199	; 0xc7
20001164:	d05d      	beq.n	20001222 <__gnu_unwind_execute+0x246>
20001166:	0003      	movs	r3, r0
20001168:	464a      	mov	r2, r9
2000116a:	4393      	bics	r3, r2
2000116c:	b2db      	uxtb	r3, r3
2000116e:	2bc0      	cmp	r3, #192	; 0xc0
20001170:	d06c      	beq.n	2000124c <__gnu_unwind_execute+0x270>
20001172:	28c8      	cmp	r0, #200	; 0xc8
20001174:	d071      	beq.n	2000125a <__gnu_unwind_execute+0x27e>
20001176:	28c9      	cmp	r0, #201	; 0xc9
20001178:	d000      	beq.n	2000117c <__gnu_unwind_execute+0x1a0>
2000117a:	e76b      	b.n	20001054 <__gnu_unwind_execute+0x78>
2000117c:	0030      	movs	r0, r6
2000117e:	f7ff ff03 	bl	20000f88 <next_unwind_byte>
20001182:	23f0      	movs	r3, #240	; 0xf0
20001184:	0302      	lsls	r2, r0, #12
20001186:	031b      	lsls	r3, r3, #12
20001188:	4013      	ands	r3, r2
2000118a:	4642      	mov	r2, r8
2000118c:	4002      	ands	r2, r0
2000118e:	3201      	adds	r2, #1
20001190:	e758      	b.n	20001044 <__gnu_unwind_execute+0x68>
20001192:	9b03      	ldr	r3, [sp, #12]
20001194:	2400      	movs	r4, #0
20001196:	2b00      	cmp	r3, #0
20001198:	d000      	beq.n	2000119c <__gnu_unwind_execute+0x1c0>
2000119a:	e75c      	b.n	20001056 <__gnu_unwind_execute+0x7a>
2000119c:	ae05      	add	r6, sp, #20
2000119e:	220e      	movs	r2, #14
200011a0:	2100      	movs	r1, #0
200011a2:	0028      	movs	r0, r5
200011a4:	9600      	str	r6, [sp, #0]
200011a6:	f7ff fb0d 	bl	200007c4 <_Unwind_VRS_Get>
200011aa:	2300      	movs	r3, #0
200011ac:	220f      	movs	r2, #15
200011ae:	2100      	movs	r1, #0
200011b0:	0028      	movs	r0, r5
200011b2:	9600      	str	r6, [sp, #0]
200011b4:	f7ff fb2c 	bl	20000810 <_Unwind_VRS_Set>
200011b8:	e74d      	b.n	20001056 <__gnu_unwind_execute+0x7a>
200011ba:	0030      	movs	r0, r6
200011bc:	f7ff fee4 	bl	20000f88 <next_unwind_byte>
200011c0:	1e02      	subs	r2, r0, #0
200011c2:	d100      	bne.n	200011c6 <__gnu_unwind_execute+0x1ea>
200011c4:	e746      	b.n	20001054 <__gnu_unwind_execute+0x78>
200011c6:	0003      	movs	r3, r0
200011c8:	4641      	mov	r1, r8
200011ca:	438b      	bics	r3, r1
200011cc:	b2db      	uxtb	r3, r3
200011ce:	2b00      	cmp	r3, #0
200011d0:	d000      	beq.n	200011d4 <__gnu_unwind_execute+0x1f8>
200011d2:	e73f      	b.n	20001054 <__gnu_unwind_execute+0x78>
200011d4:	2100      	movs	r1, #0
200011d6:	0028      	movs	r0, r5
200011d8:	f7ff fd00 	bl	20000bdc <_Unwind_VRS_Pop>
200011dc:	2800      	cmp	r0, #0
200011de:	d100      	bne.n	200011e2 <__gnu_unwind_execute+0x206>
200011e0:	e70e      	b.n	20001000 <__gnu_unwind_execute+0x24>
200011e2:	e737      	b.n	20001054 <__gnu_unwind_execute+0x78>
200011e4:	0030      	movs	r0, r6
200011e6:	f7ff fecf 	bl	20000f88 <next_unwind_byte>
200011ea:	23f0      	movs	r3, #240	; 0xf0
200011ec:	0302      	lsls	r2, r0, #12
200011ee:	031b      	lsls	r3, r3, #12
200011f0:	4013      	ands	r3, r2
200011f2:	4642      	mov	r2, r8
200011f4:	4002      	ands	r2, r0
200011f6:	3201      	adds	r2, #1
200011f8:	e7a7      	b.n	2000114a <__gnu_unwind_execute+0x16e>
200011fa:	0030      	movs	r0, r6
200011fc:	f7ff fec4 	bl	20000f88 <next_unwind_byte>
20001200:	23f0      	movs	r3, #240	; 0xf0
20001202:	0302      	lsls	r2, r0, #12
20001204:	031b      	lsls	r3, r3, #12
20001206:	4013      	ands	r3, r2
20001208:	4642      	mov	r2, r8
2000120a:	4002      	ands	r2, r0
2000120c:	3201      	adds	r2, #1
2000120e:	431a      	orrs	r2, r3
20001210:	2303      	movs	r3, #3
20001212:	2103      	movs	r1, #3
20001214:	0028      	movs	r0, r5
20001216:	f7ff fce1 	bl	20000bdc <_Unwind_VRS_Pop>
2000121a:	2800      	cmp	r0, #0
2000121c:	d100      	bne.n	20001220 <__gnu_unwind_execute+0x244>
2000121e:	e6ef      	b.n	20001000 <__gnu_unwind_execute+0x24>
20001220:	e718      	b.n	20001054 <__gnu_unwind_execute+0x78>
20001222:	0030      	movs	r0, r6
20001224:	f7ff feb0 	bl	20000f88 <next_unwind_byte>
20001228:	1e02      	subs	r2, r0, #0
2000122a:	d100      	bne.n	2000122e <__gnu_unwind_execute+0x252>
2000122c:	e712      	b.n	20001054 <__gnu_unwind_execute+0x78>
2000122e:	0003      	movs	r3, r0
20001230:	4641      	mov	r1, r8
20001232:	438b      	bics	r3, r1
20001234:	b2db      	uxtb	r3, r3
20001236:	2b00      	cmp	r3, #0
20001238:	d000      	beq.n	2000123c <__gnu_unwind_execute+0x260>
2000123a:	e70b      	b.n	20001054 <__gnu_unwind_execute+0x78>
2000123c:	2104      	movs	r1, #4
2000123e:	0028      	movs	r0, r5
20001240:	f7ff fccc 	bl	20000bdc <_Unwind_VRS_Pop>
20001244:	2800      	cmp	r0, #0
20001246:	d100      	bne.n	2000124a <__gnu_unwind_execute+0x26e>
20001248:	e6da      	b.n	20001000 <__gnu_unwind_execute+0x24>
2000124a:	e703      	b.n	20001054 <__gnu_unwind_execute+0x78>
2000124c:	4643      	mov	r3, r8
2000124e:	22a0      	movs	r2, #160	; 0xa0
20001250:	401c      	ands	r4, r3
20001252:	3401      	adds	r4, #1
20001254:	0312      	lsls	r2, r2, #12
20001256:	4322      	orrs	r2, r4
20001258:	e7da      	b.n	20001210 <__gnu_unwind_execute+0x234>
2000125a:	0030      	movs	r0, r6
2000125c:	f7ff fe94 	bl	20000f88 <next_unwind_byte>
20001260:	4643      	mov	r3, r8
20001262:	0002      	movs	r2, r0
20001264:	439a      	bics	r2, r3
20001266:	b2d2      	uxtb	r2, r2
20001268:	3210      	adds	r2, #16
2000126a:	4018      	ands	r0, r3
2000126c:	0312      	lsls	r2, r2, #12
2000126e:	3001      	adds	r0, #1
20001270:	4302      	orrs	r2, r0
20001272:	e6e8      	b.n	20001046 <__gnu_unwind_execute+0x6a>
20001274:	ab05      	add	r3, sp, #20
20001276:	9300      	str	r3, [sp, #0]
20001278:	469b      	mov	fp, r3
2000127a:	220d      	movs	r2, #13
2000127c:	2300      	movs	r3, #0
2000127e:	2100      	movs	r1, #0
20001280:	0028      	movs	r0, r5
20001282:	f7ff fa9f 	bl	200007c4 <_Unwind_VRS_Get>
20001286:	0030      	movs	r0, r6
20001288:	f7ff fe7e 	bl	20000f88 <next_unwind_byte>
2000128c:	0603      	lsls	r3, r0, #24
2000128e:	d51a      	bpl.n	200012c6 <__gnu_unwind_execute+0x2ea>
20001290:	277f      	movs	r7, #127	; 0x7f
20001292:	3cb0      	subs	r4, #176	; 0xb0
20001294:	9b05      	ldr	r3, [sp, #20]
20001296:	4038      	ands	r0, r7
20001298:	40a0      	lsls	r0, r4
2000129a:	469c      	mov	ip, r3
2000129c:	4460      	add	r0, ip
2000129e:	9005      	str	r0, [sp, #20]
200012a0:	0030      	movs	r0, r6
200012a2:	3407      	adds	r4, #7
200012a4:	f7ff fe70 	bl	20000f88 <next_unwind_byte>
200012a8:	0603      	lsls	r3, r0, #24
200012aa:	d4f3      	bmi.n	20001294 <__gnu_unwind_execute+0x2b8>
200012ac:	2181      	movs	r1, #129	; 0x81
200012ae:	237f      	movs	r3, #127	; 0x7f
200012b0:	0089      	lsls	r1, r1, #2
200012b2:	468c      	mov	ip, r1
200012b4:	4003      	ands	r3, r0
200012b6:	40a3      	lsls	r3, r4
200012b8:	9a05      	ldr	r2, [sp, #20]
200012ba:	4462      	add	r2, ip
200012bc:	189b      	adds	r3, r3, r2
200012be:	9305      	str	r3, [sp, #20]
200012c0:	465b      	mov	r3, fp
200012c2:	9300      	str	r3, [sp, #0]
200012c4:	e6e4      	b.n	20001090 <__gnu_unwind_execute+0xb4>
200012c6:	2402      	movs	r4, #2
200012c8:	e7f0      	b.n	200012ac <__gnu_unwind_execute+0x2d0>
200012ca:	46c0      	nop			; (mov r8, r8)

200012cc <__gnu_unwind_frame>:
200012cc:	0003      	movs	r3, r0
200012ce:	b500      	push	{lr}
200012d0:	6cda      	ldr	r2, [r3, #76]	; 0x4c
200012d2:	b085      	sub	sp, #20
200012d4:	6853      	ldr	r3, [r2, #4]
200012d6:	0008      	movs	r0, r1
200012d8:	3208      	adds	r2, #8
200012da:	0219      	lsls	r1, r3, #8
200012dc:	9101      	str	r1, [sp, #4]
200012de:	9202      	str	r2, [sp, #8]
200012e0:	4669      	mov	r1, sp
200012e2:	2203      	movs	r2, #3
200012e4:	0e1b      	lsrs	r3, r3, #24
200012e6:	730a      	strb	r2, [r1, #12]
200012e8:	734b      	strb	r3, [r1, #13]
200012ea:	a901      	add	r1, sp, #4
200012ec:	f7ff fe76 	bl	20000fdc <__gnu_unwind_execute>
200012f0:	b005      	add	sp, #20
200012f2:	bd00      	pop	{pc}

200012f4 <_Unwind_GetRegionStart>:
200012f4:	b510      	push	{r4, lr}
200012f6:	f7ff fe6d 	bl	20000fd4 <unwind_UCB_from_context>
200012fa:	6c80      	ldr	r0, [r0, #72]	; 0x48
200012fc:	bd10      	pop	{r4, pc}
200012fe:	46c0      	nop			; (mov r8, r8)

20001300 <_Unwind_GetLanguageSpecificData>:
20001300:	b510      	push	{r4, lr}
20001302:	f7ff fe67 	bl	20000fd4 <unwind_UCB_from_context>
20001306:	6cc2      	ldr	r2, [r0, #76]	; 0x4c
20001308:	79d0      	ldrb	r0, [r2, #7]
2000130a:	3002      	adds	r0, #2
2000130c:	0080      	lsls	r0, r0, #2
2000130e:	1810      	adds	r0, r2, r0
20001310:	bd10      	pop	{r4, pc}
20001312:	46c0      	nop			; (mov r8, r8)
20001314:	0000      	movs	r0, r0
	...

20001318 <____wrap___aeabi_lmul_veneer>:
20001318:	b401      	push	{r0}
2000131a:	4802      	ldr	r0, [pc, #8]	; (20001324 <____wrap___aeabi_lmul_veneer+0xc>)
2000131c:	4684      	mov	ip, r0
2000131e:	bc01      	pop	{r0}
20001320:	4760      	bx	ip
20001322:	bf00      	nop
20001324:	10003c65 	.word	0x10003c65

20001328 <__abort_veneer>:
20001328:	b401      	push	{r0}
2000132a:	4802      	ldr	r0, [pc, #8]	; (20001334 <__abort_veneer+0xc>)
2000132c:	4684      	mov	ip, r0
2000132e:	bc01      	pop	{r0}
20001330:	4760      	bx	ip
20001332:	bf00      	nop
20001334:	10007705 	.word	0x10007705

20001338 <__time_us_64_veneer>:
20001338:	b401      	push	{r0}
2000133a:	4802      	ldr	r0, [pc, #8]	; (20001344 <__time_us_64_veneer+0xc>)
2000133c:	4684      	mov	ip, r0
2000133e:	bc01      	pop	{r0}
20001340:	4760      	bx	ip
20001342:	bf00      	nop
20001344:	10001389 	.word	0x10001389

20001348 <____wrap_memcpy_veneer>:
20001348:	b401      	push	{r0}
2000134a:	4802      	ldr	r0, [pc, #8]	; (20001354 <____wrap_memcpy_veneer+0xc>)
2000134c:	4684      	mov	ip, r0
2000134e:	bc01      	pop	{r0}
20001350:	4760      	bx	ip
20001352:	bf00      	nop
20001354:	10003d1d 	.word	0x10003d1d

20001358 <__best_effort_wfe_or_timeout_veneer>:
20001358:	b401      	push	{r0}
2000135a:	4802      	ldr	r0, [pc, #8]	; (20001364 <__best_effort_wfe_or_timeout_veneer+0xc>)
2000135c:	4684      	mov	ip, r0
2000135e:	bc01      	pop	{r0}
20001360:	4760      	bx	ip
20001362:	bf00      	nop
20001364:	100011e5 	.word	0x100011e5

20001368 <striped_spin_lock_num>:
20001368:	00000010                                ....

2000136c <irq_handler_chain_slots>:
2000136c:	00000000 	.word	0x00000000
20001370:	00010000 	.word	0x00010000
	...
2000137c:	00020000 	.word	0x00020000
	...
20001388:	00030000 	.word	0x00030000
	...
20001394:	00ff0000 	.word	0x00ff0000
20001398:	00000000 	.word	0x00000000

2000139c <irq_handler_chain_first_slot>:
2000139c:	b500      	push	{lr}
2000139e:	6848      	ldr	r0, [r1, #4]
200013a0:	3101      	adds	r1, #1
200013a2:	468e      	mov	lr, r1
200013a4:	4700      	bx	r0

200013a6 <irq_handler_chain_remove_tail>:
200013a6:	4670      	mov	r0, lr
200013a8:	3809      	subs	r0, #9
200013aa:	4901      	ldr	r1, [pc, #4]	; (200013b0 <irq_handler_chain_remove_tail+0xa>)
200013ac:	4788      	blx	r1
200013ae:	bd00      	pop	{pc}
200013b0:	100009a1 	.word	0x100009a1

200013b4 <default_alarm_pool>:
200013b4:	200013cc 00000000 20001898 20002078     ... ....... x . 
	...

200013cc <default_alarm_pool_heap>:
200013cc:	20002088 00000000 00000000 00000010     . . ............
200013dc:	00000000                                ....

200013e0 <aeabi_bits_funcs>:
200013e0:	00003350 	.word	0x00003350
200013e4:	0000334c 	.word	0x0000334c
200013e8:	00003354 	.word	0x00003354
200013ec:	00003352 	.word	0x00003352

200013f0 <aeabi_bits_funcs_end>:
200013f0:	0000534d 	.word	0x0000534d
200013f4:	0000434d 	.word	0x0000434d
200013f8:	00003453 	.word	0x00003453
200013fc:	00003443 	.word	0x00003443

20001400 <stdio_usb>:
20001400:	10004299 00000000 10004231 00000000     .B......1B......
20001410:	00000100                                ....

20001414 <ep_dir_string>:
20001414:	10007d90 10007d94                       .}...}..

2000141c <_usbd_qdef>:
2000141c:	20001e7c 000c0010 ffe00000 0000001f     |.. ............
	...

20001440 <_impure_ptr>:
20001440:	20001448 00000000                       H.. ....

20001448 <impure_data>:
20001448:	00000000 20001734 2000179c 20001804     ....4.. ... ... 
	...
200014f0:	00000001 00000000 abcd330e e66d1234     .........3..4.m.
20001500:	0005deec 0000000b 00000000 00000000     ................
	...

20001870 <print_mutex>:
	...

20001878 <__mutex_array_end>:
20001878:	10003d01 	.word	0x10003d01
2000187c:	100034a1 	.word	0x100034a1
20001880:	10003ba1 	.word	0x10003ba1
20001884:	10003ca5 	.word	0x10003ca5

20001888 <__frame_dummy_init_array_entry>:
20001888:	100002ed 100068ed 100076d1              .....h...v..
