:020000041000EA
:1000000000B5324B212058609868022188439860DF
:10001000D860186158612E4B002199600221596106
:100020000121F02299502B49196001219960352056
:1000300000F044F80222904214D00621196600F024
:1000400034F8196E01211966002018661A6600F04E
:100050002CF8196E196E196E052000F02FF8012189
:100060000842F9D1002199601B49196000215960AB
:100070001A491B48016001219960EB211966A021F2
:10008000196600F012F800219960164914480160C1
:100090000121996001BC002800D000471248134993
:1000A000086003C880F30888084703B5996A0420EC
:1000B0000142FBD001200142F8D103BD02B5186610
:1000C0001866FFF7F2FF186E186E02BD00000240BE
:1000D000000000180000070000035F00212200005C
:1000E000F4000018222000A00001001008ED00E03C
:1000F00000000000000000000000000074B24E7A12
:1001000000200420F7010010C3010010C5010010F9
:10011000C1010010C1010010C1010010C101001097
:10012000C1010010C1010010C1010010C701001081
:10013000C1010010C1010010C9010010CB01001065
:10014000CD010010CD010010CD010010CD01001037
:10015000CD010010CD010010CD010010CD01001027
:10016000CD010010CD010010CD010010CD01001017
:10017000CD010010CD010010CD010010CD01001007
:10018000CD010010CD010010CD010010CD010010F7
:10019000CD010010CD010010CD010010CD010010E7
:1001A000CD010010CD010010CD010010CD010010D7
:1001B000CD010010CD010010CD010010CD010010C7
:1001C00000BE00BE00BE00BE00BE00BE00F04BF888
:1001D000103800BEF2EB8871344101105C4101100F
:1001E0003402001090A31AE700202149086006C8D5
:1001F00081F3088810471F48006800282FD10DA4FC
:100200000ECC002902D000F012F8F9E71A491B4A77
:10021000002000E001C19142FCD1194988471949E9
:1002200088471949884700BEFDE701C901C29A42C3
:10023000FBD370475C410110C0000020401E00202D
:10024000DC5E01100000042000000420DC5E0110D0
:1002500000100420001004200000000070470B482C
:1002600003F09AF90047EFF30580C0B27047000031
:1002700008ED00E0000000D0401E00205C2C0020B3
:10028000E51900100D0300100D1B0010575600005B
:1002900006005250ABB36053381E01100600525096
:1002A000861C0302481E0110060052505422A29DD3
:1002B000601E011005005250DE65F468DC5E01101E
:1002C000F8B5C04610B5064C2378002B07D1054B76
:1002D000002B02D0044800E000BF0123237010BDB2
:1002E0004820002000000000B81A0110044B10B58F
:1002F000002B03D00349044800E000BF10BDC046F6
:10030000000000004C200020B81A0110F8B5CE46BD
:10031000474680B504F056F8214803F003FF214C0E
:100320002149200006F0BAFF002834D01F4B204E90
:100330009946204B204D9846204F0021200007F081
:1003400045F900280BD1300003F0ECFE642000F0EA
:1003500045FF0021200007F039F90028F3D0484676
:1003600004F024F82968404604F020F80021200019
:1003700007F02CF93900200007F03EFB0A2229681B
:10038000200007F073FD0121200007F029FA2B68F7
:1003900001332B60D1E70A4803F0C4FEFEE7C046F4
:1003A000B81A011064200020C0CA8936041B01104D
:1003B000EC1A0110241B01107C260020281B0110C0
:1003C000D41A0110094A830094464022634410B5B0
:1003D0001C68C0006240C0241440802252011343B4
:1003E0001C60034B9C466044416010BD04C001404A
:1003F000004001400123D0228340120693629361A2
:10040000094A83009446402263441968C0004A4068
:10041000C02111408022520113431960034B9C46B6
:10042000052360444360704704C001400040014020
:1004300070B5EFF3108C72B60D4D2B68002BFCD00D
:10044000BFF35F8F0724CB08C618C05C01230C40A4
:10045000A3401C000440034207D103433370BFF3A1
:100460005F8F2C608CF3108870BD100001F050FB82
:100470002C0100D0F8B54746CE46884680B5EFF34C
:10048000108C72B6214D2C68002CFCD0BFF35F8F0E
:100490009A422CD8D4080727055D06190124174075
:1004A000BC402C421FD007210127894609E0D4080F
:1004B000055D06194C4639001440A1400C00294244
:1004C00011D001329342F2D201204042BFF35F8F3C
:1004D00000220E4B1A608CF3108800280FDBC0BC82
:1004E000B946B046F8BD2C4310003470EEE7BFF3B8
:1004F0005F8F00232B608CF310880120404243461D
:10050000002BECD0089801F003FBC0462C0100D072
:10051000024B18688007C00F7047C04600C00640F5
:100520000021044B044ABFF35F8F02C39342FAD108
:100530007047C046000100D0800100D0044A107806
:10054000431CDBB2172B00D9102313707047C04631
:10055000F814002000B5054B83B001000093182269
:100560001F230348FFF786FF03B000BD301B0110B7
:100570005026002001238340002904D0034A136041
:10058000034A13607047034A1360FBE780E200E010
:1005900000E100E080E100E001238340014A1360B4
:1005A0007047C04600E200E0084B10309B688000B6
:1005B000C358002B07D0064A00209B1A2F229A42CC
:1005C0004041C0B270470020FCE7C04600ED00E0AB
:1005D000FC140020024B10309B688000C05870470C
:1005E00000ED00E070B50D00EFF3108672B60F4A13
:1005F0001368002BFCD0BFF35F8F0D4B10309B684E
:1006000084001B590B4A934203D09D4201D001F054
:1006100097FA074B9B681D51BFF35F8FBFF35F8F46
:100620000022024B1A6086F3108870BD240100D0AE
:1006300000ED00E0CD010010F0B557464E46DE4615
:100640004546E0B585B0060002911700EFF3108B28
:1006500072B6674A1368002BFCD0BFF35F8F00258A
:10066000644B5D579A46002D00DAA5E06B00624CA2
:1006700003935B199B009846A146C1444B465246E2
:100680009B79103613705D4BB2009B6801929958AC
:100690000B1B2F2B34D95A4B994200D0A5E0039B5A
:1006A000584A9C46584B6544AD0063534346023359
:1006B0006519E418554B0121043B1B1B1B055B0D01
:1006C00013436B80524BEF71AB80FF23AB71029BE6
:1006D000AB604B460B431900484B019A9B689950FD
:1006E000BFF35F8FBFF35F8F0022414B1A608BF324
:1006F000108805B0F0BCBB46B246A946A046F0BD86
:1007000001200A008243D379BB422FD845464E468A
:10071000130040491B1B5B415943090D3A4B63537E
:100720003A4B02356519043B5B1B1B05354D5B0DD0
:100730002B4373800426B446E0444444131F1B1B20
:100740004C46A17102991B05A16049465B0D2B43E4
:10075000A380314BE77101431360BDE75800C01817
:1007600080002018C679BE422CD902000623D35639
:10077000002BF3DA101D8246BD20000280460426BD
:100780007642B446E14450464E46361A3005400D96
:10079000824656461B48957106439680039A9446B6
:1007A00065441D4AAD00641922604246A371029B54
:1007B000A280E771A3608FE701F0C2F900255346DC
:1007C0005D5753E7101D824690884005001584460A
:1007D0004046D444664604302018301AE02600050E
:1007E000400D360230438046C9E701F0A9F956E7CB
:1007F000240100D0572C0020FC14002000ED00E064
:10080000CD01001000E0FFFF00A1FFFF2C1500202C
:1008100000BDFFFFAAAA000001488047F0B5DE46F0
:1008200057464E464546E0B50C0083B0EFF3108ABC
:1008300072B65A4A1368002BFCD0BFF35F8F1022A8
:10084000914681444A46564B96009B689D59554BAC
:1008500098469D4205D0A54216D0534FEB1B2F2B37
:1008600014D94F4B9B689D51BFF35F8FBFF35F8FD0
:1008700000224A4B1A608AF3108803B0F0BCBB46D2
:10088000B246A946A046F0BD1D00EAE70123834019
:100890009B465A46454B1B681A4000925A46444BA9
:1008A0001A60BFF35F8FFFF7DEFC0190002803D0D2
:1008B000814501D001F044F901232A009A4393684D
:1008C0009C4208D15FE04B005B189B00FB189968C5
:1008D000A14211D01A00062151560029F3DA009BDB
:1008E000002B05D05A46334B1A60304B1A60B8E7DC
:1008F0005A462F4B1A60B4E706215956002921DBCE
:100900004A00501880003C188046A0689860E07942
:10091000D871062020569871002824DBA488F81A84
:100920006405241544440019E0240005400D240208
:10093000204398805218204B9200BF181A781970E3
:10094000BA71CCE70199002910D1FF3191711B498F
:10095000918019490A789A71194ADB1B5B415A4305
:10096000120D0A70BBE7BD200002E2E7154A1649E6
:10097000D21A083A5002400D014399801349520897
:100980000A43DA80ABE70621515613000029B7DA93
:10099000019A002AEAD14546DBE7C046240100D08F
:1009A00000ED00E0CD010010FC14002000E100E0AB
:1009B00080E100E080E200E0572C002000BDFFFF56
:1009C000AAAA00003615002000F0FFFF00F8FFFF84
:1009D000F8B5012504000543FFF745FCEFF3108C43
:1009E00072B6214A1368002BFCD0BFF35F8F1F4EF5
:1009F0002100B7681E4A1F4B891A49414B431B0D02
:100A000059B28300F858A8421CD00623D3568B4213
:100A10001CD01223D3568B4222D01E23D3568B4296
:100A200020D02A23D35603208B4210D0124B1A78A1
:100A30001970A271BFF35F8F00220B4B1A608CF309
:100A40001088F8BDB2680D48D050EFE70020430091
:100A50001B189B00D218FF239371094B9380E5E785
:100A60000120F4E70220F2E7240100D000ED00E0CD
:100A7000FC140020AAAA0000572C0020CD01001071
:100A800000BDFFFF054B064A1360064A1360536022
:100A90009360D3601361536193617047808080805D
:100AA00000E400E004E400E0D02300B51B061B686E
:100AB0000100074883B0C018064B002200930523AD
:100AC000FFF7D8FC002801DB1F23181A03B000BD74
:100AD000502C00204C1B0110024B9C4661448900A5
:100AE000016070474000003483680B4810B58446AD
:100AF00061446244090112019A18591854684B68FC
:100B000001209C4201D802D00020C0B210BD126862
:100B10000B689A42F9D8F7E7FFFFFF0F0A4B1968F5
:100B2000EFF3108072B60A68002AFCD0BFF35F8F23
:100B30001B68BFF35F8F00221A6080F3108840BFEC
:100B4000002000217047C046202C0020F8B55746F1
:100B50004E464546DE46E0B599460CAB1C780DABDB
:100B60001B78060090469A460768002C11D1BC7B82
:100B7000002C42D065003B682D19033D59194B7874
:100B8000BB73002B00D1FB7300238B704B700B7079
:100B900004E065003B682D19033D5919B2682A4BE2
:100BA00094464246E3181B0163441A604A465A6061
:100BB0000A9A9A600B9ADA6000238B704B700B7064
:100BC0007B7B9B46002B2BD022005946B8687B6864
:100BD00098473A68002816D05B4658465B005B444D
:100BE0005519033BA870D118D35C002B00D06B7053
:100BF0005B460C707B73A34513D0F0BCBB46B2467A
:100C0000A946A046F8BD5B465B005B44033BD31896
:100C10009C705119525D002A00D05A705B460B70CF
:100C20007C7342464B46307D00F050FC051E06D0DA
:100C30005346002B03D12100306800F069FE0E9B63
:100C4000002BDAD01D70D8E7FFFFFF0FF0B5DE46AE
:100C50004E46574645460023E0B58DB00A936B4B90
:100C60008200D3580B90994600239B464B4607932E
:100C700000F0A2FB079C06000F006268EFF31085EE
:100C800072B61368002BFCD022000794BFF35F8F6D
:100C90002468637B9946002B67D092685C4B904632
:100CA0004B441B01984443461A685B6810001900C6
:100CB000801BB94100295FDD0B9800F007FC002381
:100CC0000026984600279A46079C6368BFF35F8F0B
:100CD0005A461A6085F310885346002B08D1002825
:100CE000C6D10DB0F0BCBB46B246A946A046F0BD89
:100CF0000A9B414618024B461843D0470890099179
:100D00006268EFF3108572B61368002BFCD007946D
:100D1000BFF35F8F0899099A002A48DB114303D07B
:100D2000079B1B69002B5DD1079B1B68D97B0029A2
:100D300007D04A00521819688C4649466244033A63
:100D400051704A46DA734B46079A013BD168CA5C38
:100D50000132CA545B46079A13615368BFF35F8F31
:100D60005A461A6085F3108882E7002300269846C9
:100D700000279A460020A7E7002901D100289BD12F
:100D80000021200000F046FD43461E685F689B6816
:100D9000079A9A464346DB689846D3684B44013B22
:100DA0001B780A931B020343136100208CE723691D
:100DB000002BB9D033003C005B1A94411A00230089
:100DC000A74219D89F421BD0594604910121039193
:100DD0004946029141460191514607980091FFF71B
:100DE000B5FEB7E700F0E8FA089A099B06000F0085
:100DF00092197B419942E5D901225242D317E3E788
:100E00009642E1D901225242D317DDE7042B00209C
:100E1000FFFFFF0FF8B557464E464546DE46E0B5A4
:100E2000404D81468A466A68EFF3108872B61368AF
:100E3000002BFCD0BFF35F8F2E68B47B002C39D021
:100E4000670033683F19033FDB195A78B273002AF1
:100E500000D1F273A968344A8C464946A21812019F
:100E60006244116051465160304991600021D16067
:100E7000997059701970737B9B46002B35D02200F6
:100E80001900B068736898473268002820D05B4624
:100E900058465B005B44D719033BB870D118D35C4C
:100EA000002B00D07B705B460C7073735C451DD0CB
:100EB000002626E06B68BFF35F8F1C6088F3108804
:100EC00001204042F0BCBB46B246A946A046F8BD50
:100ED0005B465B005B44033BD3189C70D119D25D29
:100EE000002A00D05A705B460B7074734A46534612
:100EF000287D00F0EBFA061EDAD02100286800F009
:100F000007FDEB681B19013B19786B68BFF35F8F16
:100F100000221A6088F310880020002ED2D1080227
:100F20002043CFE744150020FFFFFF0F1D0B0010EB
:100F300010B5124C6368002B04D00A211048FFF74B
:100F4000CBFD10BD23000F4A1021206800F080FB6C
:100F5000032000F025FA032000F028FB03200A49B3
:100F600000F06EFAFFF7EAFA084B9C460323604450
:100F70002375074B80006060DC60DEE744150020CD
:100F8000202C0020E90A00104D0C00104000003415
:100F9000042B00200048704744150020F0B5574648
:100FA0004E464546DE46E0B585B0019310AB1B7852
:100FB0000600039300239A46984600927268EFF366
:100FC000108972B61368002BFCD0BFF35F8F3568B1
:100FD000AC7B002C49D067002B683F19033FDB191D
:100FE0005A78AA73002A00D1EA73B1684F4A8C4636
:100FF00000980199A21812016244106051600E9984
:1010000091600F99D16042469A705A701A706B7B4A
:101010009B46002B45D022001900A8686B689847B2
:101020002A68002830D05B4658465B005B44D719DD
:10103000033BB870D118D35C002B00D07B705B46AB
:101040000C706B735C452DD0F3681B19013B18784D
:101050007368BFF35F8F42461A6089F31088534666
:10106000002B2CD10002204307E07368BFF35F8F91
:101070001C6089F310880120404205B0F0BCBB46DB
:10108000B246A946A046F0BD5B465B005B44033B0D
:10109000D3189C70D119D25D002A00D05A705B46DB
:1010A0000B706C73307D009A019B00F00FFA824642
:1010B0000028C9D02100306800F02AFCC4E7039B57
:1010C000002B30D00E9B00200F999847030004009E
:1010D0000D000B4327D000290DDA0098019902007A
:1010E0000B00121BAB41994213D818D00092019308
:1010F000039B9A4662E700F05FF902000B00A41818
:101100005D4100940195A94203D8F1D100998A422A
:10111000EED901235B42DC1700930194E8E70099C4
:101120009142E3D9F5E70020A7E7C046FFFFFF0F94
:10113000F0B504000D0006267642F717C6463619AC
:101140006F4100B58F4213D810D000F035F932004E
:101150003B00121A8B41002B14DC002B37D02900E6
:10116000200000F05DF980BCB846F0BD8642ECD9A5
:101170000026002700F020F932003B00121A8B41B4
:10118000002BEADD30003900FFF744FE0028E6DBE3
:1011900000239846BC460F4A0F4F7B6A9C4504D8F3
:1011A000B96A8E42DBD99C45D9D11168EFF3108022
:1011B00072B60B68002BFCD0BFF35F8F1368BFF3D0
:1011C0005F8F4146196080F3108820BFE5E7002A51
:1011D000C5D0D7E7202C00200040054070B50600A0
:1011E00000F0EAF8FA2204000D000023300000218C
:1011F000920002F0ABFD001969418D4205D802D082
:10120000FFF796FF70BD8442FAD901204042C11712
:10121000F6E7C046F8B5CE46474680B506000C0056
:10122000FFF7F8FD00280CDC2D4B0020596A8C429A
:1012300003D89B6A0130B34245D3C0BCB946B0461F
:10124000F8BD20BF274D6A68EFF3108772B61368A8
:10125000002BFCD0BFF35F8F2B68C1B29C465B7B39
:101260008B4235D0FF2303405A00914662461268F4
:10127000994490464A464244033A9278002A1DD047
:10128000EA68000A90464344013B1B78C0B283429F
:1012900021D06B68BFF35F8F00221A6087F310883C
:1012A0000F4A0020536A9C42C7D8926A0130B2426A
:1012B000C3D2E01A421E9041C0B2BEE72B699842E9
:1012C000E7D12A61E5E7601A431E9841C0B2B4E74E
:1012D000FF230340D4E7604600F01AFBD9E7C0467D
:1012E0000040054044150020F0B5D6464F4646461E
:1012F000C0B5EFF305833F22134018001038EFF319
:10130000108C72B6204D2A68002AFCD0BFF35F8F84
:101310000122110081401D4C884661631C49170061
:101320000E788A463100C1400F400A4209D1BFF30E
:101330005F8F2F608CF31088E0BCBA46B146A84698
:10134000F0BD14498200646A51588C420FD3124B8D
:10135000D25843469E4353461E70BFF35F8F00230F
:101360002B608CF31088002AE6D09047E4E70B4A04
:101370009B00904643441A681A60BFF35F8F0023B6
:101380002B608CF31088D7E7280100D0004005407F
:101390005A2C00202C2C002040250020D03F054056
:1013A00010B50100024A0348FFF742F810BDC046DD
:1013B000701B0110562C0020034B596A0A00986AD2
:1013C000596A8A42FAD170470040054070B504005E
:1013D0000D00124A536A1900966A536A8B42FAD179
:1013E0003000190024184D41AB4211D80ED02B000B
:1013F0000A494A6A9A42FCD307D1084A02E0516A74
:10140000994202D1916AA142F9D370BDA642EED9A8
:10141000012301246442E5175B42E9E700400540EF
:10142000064A536A9942FCD807D1044B02E05A6A33
:10143000914202D19A6A8242F9D370470040054036
:1014400070B504000D00EFF3108672B61A4A1368E7
:10145000002BFCD0BFF35F8F002D1BD02000FFF7C7
:10146000B9F8164981420AD02000FFF7BBF80121E4
:101470002000FFF77FF80123A340114A1360114BAE
:10148000A400E550BFF35F8F00220B4B1A6086F378
:10149000108870BD0B4BA200D5500122A2400A4912
:1014A00020000B7893430B700449FFF7B7F9002134
:1014B0002000FFF75FF8E5E7280100D0E9120010EF
:1014C00038600540402500205A2C0020F0B54F46DA
:1014D000D6464646C0B507002F4C616A0D00A66A85
:1014E000616AA942FAD18B4208D805D00120E0BC3C
:1014F000BA46B146A846F0BDB242F7D9EFF3108A1A
:1015000072B6264801680029FCD0BFF35F8F012521
:10151000BD402349204C8846097889462943C9B2F1
:101520008C46414660460870391D1E488900656337
:101530000A51B9000B50216A0020294219D0616A72
:101540000800A66A616A8142FAD18B4219D801D19A
:10155000B24216D8CC451DD00F4B1F201D625D63D3
:1015600001230740BB40104A1E38136043464A46D9
:101570001A70BFF35F8F0022084B1A608AF310883D
:10158000B5E70020BFF35F8F0022044B1A608AF397
:101590001088ACE70120ECE700400540280100D0AE
:1015A0005A2C00202C2C002080E200E0EFF3108C5D
:1015B00072B60A490B68002BFCD0BFF35F8F012382
:1015C0008340074A0748136202789A430270BFF3C8
:1015D0005F8F00230B608CF310887047280100D0C8
:1015E000004005405A2C002070B50500140016007C
:1015F000002915D00C00002A12D080686B6898472B
:10160000296800280ED073009B196200033B121951
:10161000CB18033A9C7088188A5C002A15D1067092
:10162000200070BD63001B197200033B9219CB1898
:10163000033A9E7088188A5C002A02D10470340034
:10164000EEE75A7004703400EAE75A700670E7E774
:1016500030B583600023CCB243730133047342601E
:101660008373C4730D000068012C06D9421C01333A
:10167000DBB2137003329C42F9D1FF2129404B00A9
:101680005918002340180338437030BDF8B5CE46D2
:10169000474606000C0080B5002907D04D000368BE
:1016A0006D18033D5A195778002F04D12000C0BC93
:1016B000B946B046F8BD7900C91903398846434494
:1016C0005978894600215970517073683A00210099
:1016D000806898473368002814D042469A1894705E
:1016E00059195B5D002B00D053700F7027004946DD
:1016F0003000FFF7CBFF390002003000FFF774FF26
:101700000400D3E7424641465D19AF709A185B5C0E
:10171000002B00D06B701470E9E7C046F0B5574657
:101720004546DE464E46E0B50D006B0001685B198C
:10173000DF1E0400C85D83B00192CA1900284CD096
:1017400043001B18033BCB185E78B446002E16D11D
:10175000019E002E3ED0E67B002E04D073009B1924
:10176000CB18033B5D70E57300282FD10023537025
:1017700003B0F0BCBB46B246A946A046F0BD72001D
:101780006244033A89184A78904600224A7091468A
:101790005A70010032002000FFF726FF43468246C0
:1017A000002B07D05B0021684344033BCB185A78D9
:1017B000002A16D1424651462000FFF715FF216846
:1017C000019BCA19002BC6D10028CFD043001B189B
:1017D000033BCB1800219970C8E7019B002BBAD1BD
:1017E000C4E75000801803380918487883464846F3
:1017F0004870587041462000FFF7F6FE5946804673
:101800002000FFF743FF414602002000FFF7ECFEF7
:101810008046CFE7F0B557464546DE464E46E0B532
:1018200083B00191457B04006B0000685B19DF1EEB
:10183000C15DC21900294ED04B005B18033BC31891
:101840005E78B446002E18D1019E002E40D0E67B73
:10185000002E04D073009B19C318033B5D70E57321
:10186000002931D1002328005370617303B0F0BC0C
:10187000BB46B246A946A046F0BD72006244033A98
:101880008018427890460022427091465A7020009B
:101890003200FFF7A9FE43468246002B07D05B00CB
:1018A00021684344033BCB185A78002A17D142469B
:1018B00051462000FFF798FE019B01002068C219E5
:1018C000002BC4D10029CDD04B005B18033BC318BB
:1018D00000209870C6E7019B002BB8D1C2E75000EA
:1018E000801803380918487883464846487058706D
:1018F00041462000FFF778FE594680462000FFF75A
:10190000C5FE414602002000FFF76EFE8046CEE78E
:1019100070B5040000292CD0437B8B422ED0056883
:1019200048004018033828188278002A21D0530034
:101930009B18033BEA5CEE188A4202D11BE0002AA6
:1019400008D053009B18033BEB185A788A42F6D113
:1019500042785A7000230122837043702000FFF701
:10196000DDFE617B02002000FFF73EFE6073012078
:1019700000E0002070BD43783370EBE701221900CE
:10198000FFF7CCFE60730120F4E7C04610B50400F9
:10199000FEF7D4FD01002000FFF79EF8FF2323711E
:1019A000BFF35F8F10BDC04610B50400FEF7C6FD43
:1019B00001002000FFF790F8FF23A380BFF35F8FA3
:1019C00010BDC04610B504000120FEF7C3FD044B56
:1019D0009C46604480002060BFF35F8F10BDC0460E
:1019E000400000342C4B2D4A70B51A602C4A2D4B08
:1019F0002D491A6014008B689C43FBD12B4D2C4E53
:101A0000B54208D2013E761BB60808CD98472300A0
:101A10000134B342F9D100F099F8264A214B1A60FB
:101A2000214A9368DB43DB01DD09002BF9D1402219
:101A3000214B224C224E9A675A671A67DA66B442E3
:101A400008D223682000002B20D00834FFF7ACFF19
:101A5000B442F6D31B4E1C4CC022A168300002F0E9
:101A6000F9F9A660FEF75CFDFFF70CF8FFF760FAE6
:101A7000164C174EB44208D2013E361BB60808CCAD
:101A800098472B0001359E42F9D170BD0834FFF70D
:101A90007DFFB442D5D3DDE700E00040BFCDFBFEC3
:101AA000FE7F3C0000F0004000C00040201E0020EF
:101AB000301E0020FFFFFF0100F00140181E002033
:101AC000201E00200000002000ED00E0301E00205D
:101AD000401E002000BEFDE7094A030010680028F0
:101AE00005D00849C3188B4207D8136070470648D1
:101AF0000449C31810608B42F7D901204042F5E732
:101B0000F4260020000004205C2C002000BEFDE72D
:101B10000FB400B5084883B002F004FB049B002B0F
:101B200007D005A91800019101F016FD034802F045
:101B3000F9FA00BEFDE7C046941B011028220110EF
:101B400010B50148FFF7E4FFA41B011030B50C20CD
:101B500083B000F0B7F9FEF7DBFC00280ED0944B01
:101B6000944A1A605A609A60DA601A615A619A61FE
:101B7000DA611A62904A5A6203B030BD8F4CA06796
:101B800000F0F4F901228E4B1A60636C012BFCD13A
:101B900003228C4B1A60894A936B012BFCD10133D1
:101BA0000121894A89480093043300F033F9052361
:101BB000874A00930121874800F02CF9864B5A6828
:101BC000FF2A02D8802252005A608022784C7D4B36
:101BD00021691201804D1A60002905D0606901F069
:101BE00035FD01300138FDD1E0217B4B02201A6820
:101BF0001140802252012A43116019684840032194
:101C00000140116004219A681142FCD08022802199
:101C100092012A4309011160802252005A606F4BE1
:101C200023616F4B5968FF2900D85A600321644A29
:101C30006B4B116002399A681142FCD0E0201A689F
:101C40001040802252011A43106018684840032156
:101C500001400220116062498A681042FCD0802253
:101C600092011343802212011A6080225D4B5200C0
:101C70004A6063615C4B5968FF2900D85A60802232
:101C80005A4BE1691201584D1A60002905D060696C
:101C900001F0DCFC01300138FDD1E02252490B6833
:101CA0001A4080235B012B431A60802380229B0112
:101CB0002B4312011A6080223E4B52004A60E361BE
:101CC0004B4B5968FF2900D85A608022494B216A42
:101CD0001201474D1A60002905D0606901F0B6FC79
:101CE00001300138FDD1E02241490B681A408023C0
:101CF0005B012B431A60802380229B012B4312013E
:101D00001A60802380225B004B602A4BD202236240
:101D1000394B5968914200D25A608022374B616A30
:101D20001201354D1A60002905D0606901F08EFC62
:101D300001300138FDD1E0222F490B681A40802381
:101D40005B012B431A60802380229B012B431201ED
:101D50001A608023DB024B60174B6362284B5A6882
:101D6000FF2A02D8802252005A608022254BA169A6
:101D70001201234D1A60002905D0606901F066FC4C
:101D800001300138FDD1E0221D490B681A40802343
:101D90005B012B431A60802380229B012B4312019D
:101DA0001A6080235B004B600E4BA361E4E6C046E3
:101DB00054260020006CDC021BB7000000800040AD
:101DC0003CB0004030B00040002F68590080024015
:101DD000008C864700C0024030800040001BB700E6
:101DE0003C800040405973075480004054B000408C
:101DF0006080004060B000406C8000406CB00040EB
:101E00004880004048B00040014B8000C0587047F7
:101E100054260020F0B5C646040000B50C209046BC
:101E20001F000E0001F012FC4101091A8D01691A10
:101E3000C90009188901404601F008FC069B3F04CF
:101E40001A0323681743002B22DB1A4B1A4DE218A2
:101E500053425A4180235B019C461203174B624454
:101E60001A60174B1A601100AB689943FBD1C0226E
:101E7000231D92011A4321232660A060136023686A
:101E8000002BFCDA0823E760136080BCB846F0BD85
:101E90003F2322681340B342D7D1A3681B051B0D13
:101EA0008342D2D1EE22E368D2021340BB42CCD1AE
:101EB000EBE7C0460040FDBF00C0004000E000402E
:101EC00000F000408023024A9B000343D362704726
:101ED0000080054010B5140080221B4BD2051A600B
:101EE00000281AD00123194A1843194BDA61194AFC
:101EF00042401A62596298628022134BD2051A60DE
:101F00001549164A1160E022D2041A60002C07D14C
:101F10008022134B12061A6010BD0D4BD861EBE7FF
:101F200063011B1B9A008023121912015B049A4261
:101F300000D30C4A0C4B1A60054B5A608022084BA8
:101F4000D2051A60E8E7C04600B00540D3C007B02C
:101F5000008005402D3FF84FFCFF010008200140A4
:101F600000A00540FFFFFF00FC2A0020AA23064A2C
:101F70001B0113602F230549D360054B196053687B
:101F8000002BFCDA7047C0460040024000B0FA0067
:101F9000006002409A4200D2885470477047C046A1
:101FA000F8B557464E464546DE46E0B599460A9B8B
:101FB00007009A460D9B8846934615000B9E9B078B
:101FC00010D10C9B9E420DD29D1B14000E005D444F
:101FD00022004B46013431002020B847A542F7D1FA
:101FE000B0460B9E002E27D0444675195346AA1BB7
:101FF000013E985D21004B46B847002EF6D12300E4
:102000002C0098460D9B9B070FD55B46E51A0C9B51
:10201000AB420AD94646984622004B463100202062
:102020000135B8470134A845F6D82000F0BCBB46BE
:10203000B246A946A046F8BD2C00E3E7F0B54F46EE
:102040004646D646C0B584B098460EAB1B78129F64
:10205000994694460D9C109B119EBA0725D4002EDC
:102060004BD19C4200D3BFE001223A4092461F2C44
:1020700000D9B8E00C9A551E302201E0202C03D084
:1020800001342A55A342F9D85246002A0DD0A6425F
:102090000BD9202C44D00C9A551E302201E0202C64
:1020A0003ED001342A55B442F9D1FA064DD57A050D
:1020B0003FD4002C39D10F9B102B00D179E00F9B1E
:1020C000022B00D18AE030230C9A012413704B4676
:1020D000002B3FD02D230C9A135501340C9B6246E4
:1020E00000930397434602960194FFF759FF04B00B
:1020F000E0BCBA46B146A846F0BD012215003D40FD
:10210000AA463A422FD04A46002A02D10C323A421D
:1021100000D0013E9C42BAD21F2CABD9202E27D929
:102120002024FA06DAD57A0503D4A3422DD0A6429C
:102130002BD00F9B102B32D0022B20D0202CCDD0B7
:1021400030220C9B1B191A700134202CC6D04B4630
:10215000002BBFD17B070DD43B07BFD520230C9AA2
:1021600013550134BAE79C429FD21F2C00D881E757
:1021700020249AE72B230C9A13550134AEE7202C28
:10218000ACD00C9B1B1901343AE0631E012C92D099
:102190000F9A102A2AD0022A2FD01C00D0E7BB06A3
:1021A0000ED4202C9AD00C9B1A190134782313706A
:1021B000C4E7BB060DD478230C9A01241370BFE743
:1021C000202C00D18AE758220C9B1B191A7001346D
:1021D000B4E758230C9A01241370B1E70C9A6033CA
:1021E00001241370ACE7202400265EE7023CBA0607
:1021F000E9D40C9A12191C00D8E70C9A9246534461
:1022000062221A709AE7C04610B5002800D110BDAE
:1022100001F038FFFBE7C0460B0010B5002802D0E4
:1022200049681B68984710BDF0B5DE4657464E46D4
:102230004546E0B59BB09B46249B89469846259B26
:102240000B900C924046424619009A4601F0BFFCA2
:10225000002800D0D8E0012240465146774B524238
:1022600001F0B0FC002800D0CEE0012240465146EB
:10227000734B524201F090FC002800D0C4E00022D1
:1022800000234046514601F087FC002800D0B9E108
:10229000424653460A9209938023289ADB001A404B
:1022A0000E92289A1A4201D1062326930A9A099B74
:1022B0001600134300D0C7E0289B002500261B050D
:1022C00000D49BE100230D93269A0D9B9A4200DCDB
:1022D0009FE1D01A431E26938023289ADB001A43DD
:1022E0000023002728920D93279B0024BB4200D98E
:1022F000DC1B0223289A1A400E92289A134203D01C
:102300007B427B415B421C400D9B002B07D00A980F
:1023100009992A00330001F0E6FB0A900991002296
:1023200000234046514601F037FC002805D08020AC
:1023300000068446099961440991289A414B0B9DF6
:1023400013400493269B0A9A0293099B03940092DC
:10235000019349465B4628000C9A00F08BF9040073
:10236000002F62D0289B220098061F23C017984395
:10237000631C984649465B466530A8470D9B00257F
:10238000DA179C18DB0F9A465440013F01E0202DDC
:1023900013D00AAA94461F23200063440A21013562
:1023A0005E1901F053F93031317020000A2101F03B
:1023B0004DF926000400092EE9D8052306930023D1
:1023C00004930A330393534605970B9F029312AB72
:1023D000009342465B46494638000195FFF72EFEC2
:1023E0000E9B0400002B20D00C9BC51A279BAB42F0
:1023F0001BD91E0022005B46494620200135B84704
:102400000134AE42F6D810E0289B42460493279B45
:1024100049460393269B0B980293534600920193DF
:102420005B460C9A00F026F9040020001BB0F0BCBB
:10243000BB46B246A946A046F0BDC046FFFFEF7FAF
:10244000FFFFEFFFFFF7FFFF734B099F9C467800EC
:10245000400D604401F0CEFB704A714B01F05DFB12
:10246000704A714B01F03AFB3B03704A1B0B1A4355
:1024700004000D00300011006D4B002201F029FB1B
:102480006C4A6D4B01F049FB02000B002000290053
:1024900001F024FB01F0C6FB0D9001F0ABFB674A95
:1024A000674B04000D0001F038FB0022654B01F082
:1024B00015FB01F0B7FB644A0600644B20002900BD
:1024C00001F02BFB040030000D000F9601F092FB91
:1024D0005F4A604B01F021FB02000B002000290045
:1024E00001F0F7FA02000B0006000F0001F015FBE7
:1024F000320004000D003B003000390001F0EEFA1C
:10250000002210901191544B2000290001F0EBFAA9
:102510000022524B01F0E2FA02000B0020002900D9
:1025200001F0E1FA00224E4B01F0D8FA02000B0054
:102530002000290001F0D7FA0D00802104003200AC
:102540003B000020C90501F0C4FA02000B00200086
:10255000290001F0C3FA02000B001098119901F054
:10256000C2FA0022314B01F0B9FA3E4B0F9C9C4657
:1025700064440022230501F0D0FA05000E00020099
:102580000B000A98099901F007FB00280AD00D9B5F
:102590002800013B31000D930022304B01F0A3FADB
:1025A00005000E00C6270D992B0063318F42BF41F5
:1025B00028997F420437090500D495E6334300D1BA
:1025C00082E6099C284A2100284B0A9801F0F2FA79
:1025D000002808D000222100254B0A9801F0DCFADF
:1025E000002800D070E6269B002B00D17CE60E9BD5
:1025F0005A1E9341269AD31A269375E60023042780
:102600000D9371E643460A9380231B0653440993B6
:1026100042E6002326935FE601FCFFFFFB799F5013
:102620001344D33FB3C8608B288AC63F0000F03FF5
:102630000000F83F61436F63A787D23F71A3790918
:102640004F930A400000E03F1655B5BBB16B024006
:10265000EF39FAFE422EE63F00002C4000002440F5
:1026600000001840FF0300002D431CEBE2361A3F28
:1026700080842E41F0B54E46DE4657464546E0B5CD
:1026800097B09946209E219F229B834698460791AA
:102690000C923B0032003000390001F098FA00281B
:1026A00000D0A9E1012230003900CA4B524201F0AA
:1026B00073FA002800D0E1E0012230003900C64B57
:1026C000524201F07FFA002800D0B7E0002230002B
:1026D0003900C24B01F076FA002800D099E00022C0
:1026E00030003900BE4B01F057FA002800D090E0CE
:1026F000002200233000390001F04EFA002800D0FB
:10270000B1E000230D93249B5B0501D4062398467A
:1027100008AB9C461722002430234146624404E063
:10272000013413550139202C01D00929F8D88846E5
:102730003000390001F076FA4346DA00A94B050073
:102740009B181A685B680892099301F053FA02001B
:102750000B003000390001F0BCF9089A099B01F028
:10276000DCF90A900B9101F081FA824601F03EFA01
:1027700002000B000A980B9901F0ABF900229A4B6A
:102780000A900B9101F01EFA002800D1C0E001234D
:102790009C46E244504601F029FA02000B000898DA
:1027A000099901F0FFF9002802D000239A4601356B
:1027B0004346002B6AD008AB17269C460895664412
:1027C000554614E001235B4243440A2128009A46FF
:1027D00000F03CFF013430313719397028000A21EC
:1027E00000F034FF092D00D8D0E0D0460500202CA1
:1027F000E8D10EAB98460323249A1340012B00D155
:1028000096E02023249A01930392239A434602924E
:102810001EE0249B58460493239B00960197039344
:1028200043460C9A029307994B46FFF7FDFC17B0FD
:10283000F0BCBB46B246A946A046F0BD249B5B0750
:102840000ED40322694B249901920391239902919A
:10285000009358464B460C9A0799FFF7A1FBE6E711
:102860000422634BEFE73B0032000020002101F01F
:1028700030F9012306000F000D9344E7249B0393D6
:10288000239B0293042301935A4BE1E7280001F0B4
:10289000B1F902000B003000390001F01AF9524B77
:1028A000002206000F0001F077F90EAB98460028D1
:1028B0000AD10022300039004B4B01F083F9002887
:1028C00002D1EB0700D50135202C94D008AA9446FC
:1028D0001723280063440A2101341E1900F08EFEDC
:1028E0003031280031700A2100F088FE051EEBD13E
:1028F0000323249A1340012B1BD0202C00D180E706
:102900000D9B002B35D02D224146631C0A5579E7DB
:1029100000220A980B99344B01F03EF9002800D0B0
:1029200046E75346002B51D101239C46E2443FE742
:102930002024239B002BE0D00D9B002B03D1249A55
:102940000C33134202D0239B013B2393239BA342CE
:10295000D3D908AB9C46172230236244202C00D1E7
:102960004FE72399013413558C42C6D0202CF8D15F
:1029700047E7249B5B0724D4249A2300120700D442
:1029800040E72022414601330A553BE75746089D60
:10299000202C00D12DE7220030214046002F09D005
:1029A0000132B154202A00D123E7D3431B191B184D
:1029B000002BF5D10EAB98462E234146541C8B5468
:1029C00082E72B224146631C0A551BE7DB0700D434
:1029D000EEE6A9E7FFFFEFFFFFFFEF7F65CDCD41FB
:1029E00065CDCDC1A81D01100000E03FB01B011056
:1029F000B41B0110C01B0110249B0393239B029363
:102A000003230193004B23E7BC1B0110F0B5DE4606
:102A10004E4657464546E0B59FB01C00289B914660
:102A20000993C94AC94B8B4608901A60002900D106
:102A300018E2002320789A46002800D11AE22600E6
:102A40001D005C460AE02A006F1C4B46089D2100D1
:102A5000A8473D0001363078002870D02528F2D1F3
:102A600010239B46083B9A46043B9846023B0021B4
:102A70009C46721C107816000300203BDBB2102B22
:102A800003D8B34F9B00FB589F460300303B092BF4
:102A900032D900230A932A2868D0002398462E288A
:102AA0003ED00300683BDBB2122B1CD8A94A9B0026
:102AB000D3589F46012301321943DBE763460132B5
:102AC0001943D7E7434601321943D3E75B46013246
:102AD0001943CFE7534601321943CBE780235B000C
:102AE0007078194301360300253BDBB2532BAAD87B
:102AF000994A9B00D3589F4600270300B800C0198D
:102B000001364000C018337830381A00303A0700D8
:102B1000092AF3D90A901800002398462E28C0D11C
:102B200080237078DB0019430300303B721C092BB3
:102B300000D8A1E12A2800D1B2E11600B1E7A346EE
:102B4000AA462C00D14503D801235B424B449A4648
:102B50004B46524659460020089DA84720001FB00A
:102B6000F0BCBB46B246A946A046F0BD099B40CB8F
:102B70000A96002E03DB50780993561C8DE72838FF
:102B8000014370420A9009935078561C85E77828D3
:102B900000D1DFE1582800D14CE26F2800D14FE38B
:102BA000622801D100F030FC10230A009A430B92F6
:102BB000692801D000F0A9FC0A230C934B0500D52D
:102BC000D0E10B9A802311009B0019408B461A42DA
:102BD00000D0A1E2802311005B0019408A461A420E
:102BE00000D0B6E313005B0600D5EDE213000999AF
:102BF0001B0601D400F076FC08C91BB2D8171A18BE
:102C0000424092B209919346DA0F1292002B09D1F9
:102C1000802310220B99DB000B4091430B91002B7A
:102C200000D0E4E20B9A6123920600D541230EA95D
:102C30001F228C46DBB262440A3B5F461395A346D3
:102C400055460C9CB2460D9316000AE03033DBB2B9
:102C500001357355A74200D2EDE2202D00D1EAE202
:102C600007002100380000F0F1FCCBB20929EDD9B2
:102C70000D9A94466344DBB2EAE780239B007078A8
:102C8000194301362FE77078682800D1CDE1802301
:102C90000136194327E770786C2800D1BFE1802303
:102CA0005B00194301361EE7462800D19BE107224D
:102CB000099B0491073393430A9A190003924246F1
:102CC00002920CC908980092019309912A004B4680
:102CD0002100FFF7CFFC01360500BCE62A006F1C7F
:102CE0004B46089D21002520A84701363D00B2E64D
:102CF0008B0700D4ADE1099B2A009A466B1C9846CD
:102D0000534601CB21009A46089F4B46C0B2B847B4
:102D10000A9B9C466544012B00D886E2089B4746E7
:102D2000B04626004C4699463A0023000137310050
:102D30002020C847AF42F7D1A1465346340046464B
:102D40000993013687E6C0460D2A0010F82A0020B4
:102D5000C81B01100C1C0110581C0110099B04CB4E
:102D60009B4643460992002B00D1C6E013789C464F
:102D7000002B00D1BDE34346013B099A0133D01833
:102D80000A9F130001E0834203D05A780133002ADE
:102D9000F9D1099A0A979B1A0B9380230A00DB004A
:102DA0001A400C92194204D00B9B434501D943466B
:102DB0000B9302231A000A400D920B4200D187E1C7
:102DC0006046002800D168E10C9B002B00D10DE18A
:102DD000A844C246099B57465B1B9846089BB246CF
:102DE0002A0026004C46994609E023003100551C74
:102DF000C8474346585D002800D126E12A00974283
:102E0000F3D1A1463D00340056460D9B002B00D067
:102E100043E15B46013609931DE6099B1A0008CA87
:102E20009246002B48D0212211438B460EA884469F
:102E30001F216144099500220F27A4460D0002E0DE
:102E4000202A0CD00B003C001C4020003730092CFD
:102E500000D807380132A85419090F2BF0D864465E
:102E6000099D32E0DC4B2078089300239A46002825
:102E700000D0E4E5002465E6434606000A9F98007A
:102E8000C018013240008019167803003000303835
:102E9000303B0928F3D93000984616000A9700E61F
:102EA000099B023604CB9046D2434046D2171040CD
:102EB000804609933078F4E51022080090431132DF
:102EC0001043834600224905B0D55B46069308238C
:102ED000059343460493102303930023029316ABF8
:102EE000019200932A004B4621000898FFF7A6F8AC
:102EF0005346050001360993ADE513789C46002B37
:102F000000D1F7E202235B4237E7202302009A4315
:102F1000472A04D180231B011943022398434528E3
:102F200001D1202319430722099B049107339343BE
:102F30000A9A19000392424602920CC9089800921C
:102F4000019309912A004B462100FFF76DF90136E4
:102F5000050080E510230C930C230A009A430B9282
:102F60004B0503D501230B9A9A430B92692800D194
:102F700027E6642800D124E60B9A802311009B00E9
:102F800019408B461A4200D066E1802311005B0095
:102F900019408A461A4200D039E213005B0600D578
:102FA0003CE113001B0600D4A6E2099B04CB1204EB
:102FB000120C934609935B46002B00D09AE10B9AC2
:102FC0001033110099430B91520500D492E1002374
:102FD0009A460B9B06930A9B0593434604930C9BCE
:102FE000039300230CE12023194360E6099B0A9A0E
:102FF0005B1B98464B4691461F00B2462600089C34
:103000002A003B003100A04743460135585D0028A7
:10301000F6D14A463400B94656460A92F5E6C02330
:103020009B00B078194302365DE5C023B0781943A0
:10303000023658E50C230A009A4314331A43103B16
:103040000B920C934B058DD496E7A146340056465F
:10305000DBE60A9A012A00D853E26B1E9F18089BF0
:10306000B04626004C4699462A002300013531001F
:103070002020C847BD42F7D1A14634004646099BEF
:103080003A0001CB210098467D1C4B46089FC0B2F8
:10309000B847434601360993DDE40B9B0A9AA846DC
:1030A0009A4200D8B5E694466544ED1A089B474617
:1030B000B04626004C4699463A00230001373100BD
:1030C0002020C847AF42F7D1A14634004646A0E6CB
:1030D0000B9A0A99531C914200D814E24B199B1A7F
:1030E0001F00089BB24626004C4699462A00230042
:1030F000013531002020C847BD42F7D10A9BA146C7
:1031000001330B93099B34001B7856469C4660465E
:10311000002800D058E67CE60722099B073393433A
:10312000013294469C4462465F6809921A68FB1714
:103130001093119310981199030053400E930B00B4
:103140007B400F9394460E9A0F9B121A8B410E925E
:103150000F93FB0F6246129300233A439B463DD0E8
:103160000B9A6123920600D541230022DBB20EA9FF
:103170000A3B8C4692460D9343461F326244139598
:10318000159655460E9E0F9FA24690460C9C149392
:103190000CE03032D2B2434601355A55BB4500D11E
:1031A0008AE1202D00D18AE106000F0022000023D1
:1031B0003000390000F08CFAD2B2092AE9D90D9B0F
:1031C0009C466244D2B2E6E7FF23099904C9134042
:1031D0001A00099117E5C0469D1F00100B9A103385
:1031E000110099430B915205BAD500239A460B9BC7
:1031F00006930A9B0593434604930C9B0393129BEF
:1032000002935346019316AB2A00009321004B46CC
:103210000898FEF713FF013605001CE4FF22099B06
:1032200002CB11408B460993C5E6534645460993A8
:103230000136FFF710FC56465C46AA46139DD6E7BA
:1032400008230C930B910B99642800D084E60B9B08
:103250005B0500D586E6B4E40722099B0733934358
:10326000013294469C44624609921A685B681000D9
:103270009B4613005A46134307D10B9A1033110093
:1032800099430B91520500D5A1E60B9A6123920652
:1032900000D541230022DBB20EA90A3B8C469246A0
:1032A0000D9343461F3262445F461295A34655462E
:1032B0000400B24690460C9E13930DE03032D2B219
:1032C000434601355A550023BB4200D100E1202D71
:1032D00000D100E104000F0032000023200039007B
:1032E00000F0F6F9D2B2092AE8D90D9B9C46624457
:1032F000D2B2E5E70B9A6123920600D54123DBB2F7
:103300000EA90A3B1F228C460D93230062445C46A3
:103310001295170055469B46B2460C9E08E0303386
:10332000DBB201357B55B4420ED3202D0CD0040006
:103330003100200000F08AF9CBB20929EFD90D9AAB
:1033400094466344DBB2ECE756465C46AA46129DBF
:103350003FE6099B1A0008CAD91713925A184A4027
:103360009246DA0F1292002B08D1802310220B997B
:10337000DB000B4091430B91002B2BD10B9A612367
:10338000920600D541230EAA1F279446DBB20A3BC2
:103390000D9567445D460993A3465446B2460C9E7C
:1033A00008E03033DBB201357B55B4420ED3202D1B
:1033B0000CD004003100200000F048F9CBB20929FC
:1033C000EFD9099A94466344DBB2ECE756465C4673
:1033D000AB460D9D0B9B2A0006930A9B210005938B
:1033E000434604930C9B08980393129B0136029367
:1033F0005B46019316AB00934B46FEF71FFE139BF3
:1034000005000993FFF727FB02230C931AE7099B9A
:1034100004CB92461293002A08D1802310220B99E4
:10342000DB000B4091430B91002B2BD10B9A6123B6
:10343000920600D541230EAA1F279446DBB20A3B11
:103440000D9567445D460993A3465446B2460C9ECB
:1034500008E03033DBB201357B55B4420ED3202D6A
:103460000CD004003100200000F0F0F8CBB20929A4
:10347000EFD9099A94466344DBB2ECE756465C46C2
:10348000AB460D9D0B9B2A0006930A9B21000593DA
:10349000434604930C9B08980393002302935B46D6
:1034A000019316AB00934B46FEF7C8FD129B050037
:1034B00009930136FFF7CFFAB44200D871E6149BA6
:1034C00054460E960F97AA469846159E139D8EE673
:1034D000A64200D8FBE6139B56469846AA465C4691
:1034E000129D76E508C9D8171A1842400991FFF7CE
:1034F0008AFB00230B9350E4099B04CB934609936A
:1035000059E52F00BBE50B9301E6063B0C939AE6C9
:103510000EB4012210B585B007AC08CC01000094B0
:10352000524204480394FFF771FA05B010BC08BC7E
:1035300003B01847951F001000B585B00391012115
:1035400002900093034813004A4202A9FFF75EFA73
:1035500005B000BD1922001010B5094A0300146817
:1035600084B0002C08D0012200910648524203A9E1
:10357000A047012004B010BD00F0D4FD0020F9E701
:10358000F82A00200922001001480421014B1847A5
:1035900070150020B9350010142310B501001888EB
:1035A00004331B88984710BD162310B501001888F6
:1035B00002331B88984710BDF8B54746CE4680B504
:1035C0000F1E19D014239946043304000025012648
:1035D00098464B461888434621681B88984701C483
:1035E000431E9841013540420640AF42F1D13000C0
:1035F000C0BCB946B046F8BD0126F8E7124A936F41
:103600009B0815D29066D166002905D0FFE7FFE739
:10361000FFE7516F106F704704B580210906C2178C
:103620005140002800D0C8430EF0D6F9002104BD57
:10363000F0B5146E556E576F166FFFF7E3FF146603
:10364000556657671667F0BD000000D0114A936FAA
:103650009B0813D210665166002905D0FFE7FFE7EB
:10366000FFE7516F106F704704B5002801D00020AC
:10367000C0430EF0B1F9002104BDC046F0B5146E90
:10368000556E576F166FFFF7E5FF1466556657675F
:103690001667F0BD000000D094464E4A926F920823
:1036A000624601D230E0C046F0B54A4EB56F6D08B3
:1036B000FCD3346E756E776F366F00F025F8944644
:1036C000444A14665566576716676246F0BDC046A1
:1036D0009446404A926F9208624601D258E0C04632
:1036E000F0B53C4EB56F6D08FCD3346E756E776FD8
:1036F000366F00F04DF89446364A146655665767A3
:1037000016676246F0BDC046002B24DB11D00029AD
:103710003EDA00B5C943404200D1013100F038F82B
:10372000C943404200D10131DB43524200D1013351
:1037300000BD002AEBD1002801D1002905D00020CE
:10374000C90FC90701D1C043410800B50EF00CF9FB
:103750000022002300BD00B500290ADBDB435242F2
:1037600000D1013300F014F8C943404200D10131C7
:1037700000BDC943404200D10131DB43524200D178
:10378000013300F005F8DB43524200D1013300BDA4
:10379000002923D1002B18D1002A0CD0BC460D4F94
:1037A00038667A6600210023FFE7FFE7FFE77A6FBC
:1037B000386F67467047002801D00748010000B500
:1037C0000EF0D2F80022002300BD02000B00002002
:1037D00000217047000000D0FFFFFFFF002B00D04A
:1037E000BFE0130C28D1002AE7D080B4114F39660E
:1037F0007A66FFE7FFE730B4040C7B6F396F1B0478
:1038000023433B667A66FFE7FFE7FFE7C04684B2E3
:103810007B6F3D6F1B0423433B667A66FFE7FFE740
:10382000C04600232C042D0C7A6F386F00196941B3
:10383000B0BC7047000000D0F0B594460025140ECF
:1038400001D112020835140F01D112010435940F71
:1038500001D192000235D40F01D152000135D40BB1
:103860000134254F7C66254C3C660E0C93B2FFE775
:10387000FFE7FFE73C6F6643360C7703BE467343B2
:10388000DF0B5B04C01AB941130C7343DB18C91A70
:10389000CE086643360CB64493B273431F0F1B0128
:1038A000C01AB941130C73431F0B1B05C01AB94151
:1038B000860D8F023E436643360C092D24DB520AE7
:1038C0007243801A7703460A6643360C16235B1B45
:1038D000DE40DF40BF1964466643821B70460435F4
:1038E00006330100D940A840C01900D30131A242DB
:1038F00006D20023F0BD0000000000D0FFFFFFFF54
:10390000121B0130F3D3F1E709277F1BFE40644609
:10391000A2B27243801A00D20139220C7243130CF6
:103920001204821A99410B007046043513370100C6
:10393000F940A840801900D30131002B02D1A242E6
:103940000AD2F0BD013000D30131121BFAD2013B83
:10395000F8D1A24200D2F0BD013000D30131121BD8
:10396000F7E7F0B51C0C00D080E00CB400251C0A71
:1039700004D11B02160E3343120208351C0B04D16E
:103980001B01160F3343120104359C0B04D19B001D
:10399000960F334392000235DC0B02D192185B4143
:1039A00001351C00971864410134464F7C66464C33
:1039B0003C660E0CFFE7FFE7FFE7C0463C6F66433F
:1039C000360C7703BE4697B27743C01B00D201394D
:1039D000C01B00D201399FB27743C91BC91B170C0A
:1039E00077437E04FF0B801BB941CE086643360C3B
:1039F0000C2D33DBB644120B1F053A431B0B97B259
:103A00007743C01B00D201399FB27743C91B170C03
:103A100077433E043F0C801BB941860D8F023E4325
:103A2000664329277F1BFE400C3D7746AF40BF19F8
:103A300030BCA2B2ABB272437343801A9941220CDC
:103A40007243130C1204801A994102000B000137D3
:103A5000001BA941F9D2781E0021F0BD0C277F1B65
:103A6000FE4077467F0BAF40FF19E0E700245D1C66
:103A700007D0144F7D663966FFE7FFE7FFE7FFE7F2
:103A80003C6F95B29EB265436643401BB141150C35
:103A90001E0C6543664336042F0C3E432D04401B29
:103AA000B141994204D202000B0020000021F0BD78
:103AB00001D19042F7D3801A994101349942F2D34F
:103AC000F6E70000000000D0FFFFFFFF4840414044
:103AD000484018B4134B5B68019308BD18B4114BF0
:103AE0001B68019308BD94460F4A926F920805D255
:103AF000624618B40B4BDB68019308BD0A4AF0B567
:103B0000146E556E576F166F6246FFF7F2FF064A46
:103B10001466556657671667F0BD18B4014B9B686D
:103B2000019308BD481F0020000000D0FFB55040A1
:103B30004240504059404B40594000E0FFB5154FBE
:103B40004C00640D03D0BC4204D10C0314D80020F7
:103B5000090D09055C00640D03D0BC4204D11C03AF
:103B60000AD800221B0D1B0501264B4009D44B40EF
:103B700003D58B4200D18242FFBD9942FCD19042D5
:103B8000FFBD0B43DB1803431343F5D0C94349186A
:103B9000FFBD0000FF07000000B5FFF7CFFF804129
:103BA00000BDC04600B5FFF7C9FF01D9002000BD28
:103BB000012000BD00B5FFF7B9FF01D9002000BD0D
:103BC000012000BD00B5FFF7B1FF804100BD01201D
:103BD00040054A00121804D85A00121801D80020D3
:103BE0007047012070470020704700000021002826
:103BF00005D17047C1174840401AFAD0C90713B51C
:103C0000064B1B6898470CBC441CA2401005120BC5
:103C10000349091B09051943114310BD1C2B002042
:103C20001F04000010B54C00620D8023D218DB0089
:103C3000D21A5B057E2A10DD9E3A13DACC170903EF
:103C4000490819435242D140640001341532202AF8
:103C500005DAD0400843604310BD002010BD08467F
:103C6000604310BDC80FC018013810BD18B4024B16
:103C70005B6A019308BD0000481F002010B5014891
:103C8000FDF746FFF81D0110132370B51D78012DB7
:103C900011D035DD1C48FFF787FC1C4C0100802249
:103CA000200000F0D7F8022D27D01948FFF774FC48
:103CB000184B186070BD184B144C23606360A360F0
:103CC000E36023616361A361E36123626362A362D2
:103CD000E36223636363A363E36323646364A364B2
:103CE000E36423656365A365E36523666366A36692
:103CF000E36623676367A367E367084BA364D4E7BE
:103D0000024C064BA364D0E753440000481F002038
:103D10004C3300001C2B00207D3C0010213D001086
:103D200007B5604601880A0A0230DF2AFAD1C9B213
:103D3000820804D3028840880004104300E0006831
:103D4000014A5050039007BD481F00205143434390
:103D5000C9188C46110C83B24B4310B4040C614358
:103D600092B280B2504362431C041B0C001910BC79
:103D700059411304120CC0185141614470470000AE
:103D800010B50148FDF7C4FE70360110132310B5BD
:103D900010481C78FFF708FC0100012C0AD003DD55
:103DA00080220D4800F056F80C48FFF7F5FB0C4B4D
:103DB000186010BD084C5422200000F04BF823007E
:103DC000084A80332168002900D122600434A342CC
:103DD000F8D1E9E753460000202B00204C330000C7
:103DE0001C2B0020813D001010B504000CF04EFA91
:103DF000002804D0034B04199C4200D810BD02488F
:103E0000FDF786FE00000420101E011010B50C0006
:103E10000CF05CFD002804D0034B04199C4200D830
:103E200010BD0248FDF774FE00000420101E0110B2
:103E300010B50CF035FA10BD01480421014B1847AC
:103E400080150020B9350010014B1B681847000091
:103E500080150020014B5B6818470000801500208A
:103E6000030010B5080011001B68984710BDC0463C
:103E7000F0B546464F46D646C0B5437C80460E0058
:103E80001700002B46D0002A3FDD4B1E9946244BDD
:103E90000125002400209A460DE04B461B5D0D3B9A
:103EA0005A425341325DDBB20A2A0BD02B00013457
:103EB00001359F421ADD002CEFD14346325D1B7C59
:103EC0000A2AF3D1002BF1D1A04204DA4346211A89
:103ED0001B6830189847434650461B680221984794
:103EE000013428002B0001359F42E4DC874204DDC9
:103EF0004346391A1B6830189847F619013E337843
:103F00000D3B5A42534142461374E0BCBA46B14697
:103F1000A846F0BD0368110030009847F5E7C04699
:103F2000901E0110F0B5C6460C000968060000B5E9
:103F3000802906D04B1C23606418267180BCB846CB
:103F4000F0BD0F4B1D68002D16D0231D98460D4F58
:103F500002E0ED68002D0FD02B68002BF9D03B68F4
:103F6000002B01D0AB42F4D1280041462268FFF774
:103F70007FFFED68002DEFD101230021DBE7C04674
:103F8000E8260020F0260020F0B557464E4645466C
:103F9000DE461C00D023E0B51B061F68344B83B0FF
:103FA00006000D00180001A991469A460DF024FD67
:103FB0008046002808D1019B7FB29F4204D0504622
:103FC0000DF062FD012398466B1C03D130000CF00C
:103FD000D1FE0500002C27D1264F274B1C68002C52
:103FE00018D04B46002B21D1244B994602E0E468BF
:103FF000002C0FD02368002BF9D04B461B68002BF8
:1040000001D0A342F3D120002A003100B847E46870
:10401000002CEFD14346002B25D103B0F0BCBB46AA
:10402000B246A946A046F0BD154FD6E7134B9946B8
:104030000A239B4602E0E468002CEBD02368002BA7
:10404000F9D04B461B68002B01D0A342F3D12A00C4
:1040500031002000B8475A466B4620001A7101A96A
:104060000122B847E7E750460DF076FCD5E7C04699
:10407000181E0020713E0010E8260020F0260020C7
:10408000613E0010F0B5CE46474680B583B06B4622
:10409000DE1CD02330701B061C681F4B804601A914
:1040A000180099460DF0A8FC071E20D01B4B1C6879
:1040B000002C28D01A4D02E0E468002C0FD02368B1
:1040C000002BF9D02B68002B01D0A342F4D12000A3
:1040D00001223100FFF7CCFEE468002CEFD1002F65
:1040E00011D1404603B0C0BCB946B046F0BD019BFB
:1040F00064B29C420BD048460DF0C6FC074B01272A
:104100001C68002CD6D148460DF026FCE9E7034B8D
:104110001C68002CCED1E4E7181E0020E826002001
:10412000F026002070B504000CF024FE00230100EE
:10413000050001222000FFF727FF084B1C68002C18
:1041400006D06368002B05D09847E468002CF8D1AE
:10415000280070BDE468002CF3D1F9E7E8260020C0
:10416000F0B54746D64680B516000F0083B000284C
:104170002DD11C4B1C4D1A685B68019200931B4BA0
:104180009A461B4B984653461C68002C03D114E0FA
:10419000E468002C11D02B68002B01D0A342F7D18A
:1041A000A368002BF4D03100380098470028EFDDD9
:1041B00003B0C0BCBA46B046F0BD434600995B6A46
:1041C000994209D842460198926A824202D301205C
:1041D0004042EDE79942FAD101200021FDF7F6F8BF
:1041E000D1E7C046681B0110F0260020E826002019
:1041F00000400540F0B54F46D6464646C0B50138AA
:104200000D00170082B0012842D8D0231B061C687D
:10421000214B01A918009A460DF0EEFB81460028BB
:1042200008D1019B64B29C4204D050460DF02CFC96
:1042300001239946B8467B1C03D128000CF09AFD57
:104240008046164B1C68002C14D0154E02E0E46822
:10425000002C0FD02368002BF9D03368002B01D03D
:10426000A342F4D1200042462900FFF701FEE46892
:10427000002CEFD14B46002B06D1380002B0E0BC39
:10428000BA46B146A846F0BD50460DF065FBF4E7CE
:1042900001277F42F1E7C046181E0020E8260020D3
:1042A000F02600200A4A1368002B05D10CE01A0002
:1042B000DB680C32002B07D09842F8D1002902D1DC
:1042C000C3681360C16070470029FCD01060FAE732
:1042D000E8260020F0B54746CE46D02380B51B0621
:1042E0001D682E4BA5B007000C00180003A99846C6
:1042F0000DF082FB061E07D1039B6DB29D4203D0D9
:1043000040460DF0C1FB01368422002103A8FFF7CF
:104310009BFD23003A00224803A9FFF70DF9039BF8
:104320000700002B14D11F4B1C68002C06D06368BB
:10433000002B0BD09847E468002CF8D1002E27D131
:10434000380025B0C0BCB946B046F0BDE468ECE723
:10435000144B1D689946002D1ED0134C02E0ED68E9
:10436000002D11D02B68002BF9D02368002B01D031
:10437000AB42F4D1039B28001A0004A90193FFF774
:1043800077FDED68002DEDD14B4603951C68CCE719
:1043900040460DF0E1FAD3E70395CFE7181E002061
:1043A000253F0010E8260020F02600200FB400B5BD
:1043B00083B004A901C90191FFF78CFF03B008BCC9
:1043C00004B0184710B500F03DF910BD7047C04665
:1043D0000022014B1A707047582C00204B790020A6
:1043E000FF2B0BD18B79002B08D1CB79012B05D179
:1043F000082A03D98A78024B09301A707047C046E0
:10440000582C00200120704770B5002915D115499E
:104410005379107909781B0203430020994200D098
:1044200070BD5378012B0AD0022BF9D100206422F1
:104430000021FDF74FFD0120F2E70120F0E794781D
:10444000D278050012021443D20502D5620A9340C5
:104450001D000548FFF7A0F87F2103002140280038
:104460009847C046582C0020554200000123037095
:1044700000487047941E011048780B788A78000233
:104480001843120410439622CB7810B51B06034341
:10449000D200934200D010BD0348FFF77DF8002101
:1044A000030008009847C0465542000070B5184CFC
:1044B00082B006000D00200001A90DF09DFA002831
:1044C00008D1D0231B061B68019A9A421CD02000F9
:1044D0000DF0DAFA002001F01FFE002807D10325B5
:1044E0006D4220000DF038FA280002B070BD0020A7
:1044F00001F02AFE0028F2D02A003100002001F04D
:104500002FFE051EEBD0ECE703256D42ECE7C0461D
:10451000242C0020F0B5DE464F464646C0B5334B4E
:1045200082B081460D00180001A99B460DF064FA87
:10453000002808D1D0231B061B68019A9A424FD04D
:1045400058460DF0A1FA002001F0E6FD00283FD00A
:104550000024002D41DD264E11E04B4600201919A4
:1045600001F072FE804600F065FE002001F030FE92
:10457000FCF722FF306071604444AC422DDA002029
:1045800001F07CFE2F1B0200B84200DD3A00002A39
:10459000E3D100F04FFE002001F01AFE002001F0F0
:1045A000BBFD002819D0002001F068FE0028E4D1EE
:1045B000FCF702FF326873680F00002184460D4843
:1045C00012184B419F4208D8D7D19445D5D904E061
:1045D00000200021064B1860596058460DF0BCF9C8
:1045E00002B0E0BCBB46B146A846F0BD242C00207A
:1045F000401F002020A1070010B5044B1878FBF7DE
:10460000CBFFFA200021800010BDC046592C0020AD
:1046100010B5024B1878FBF7BFFF10BD592C0020D6
:1046200010B5074C002120000DF0E6F9002800D15C
:1046300010BD00F0FFFD20000DF08EF9F8E7C04638
:10464000242C0020F0B5244B85B01B7801F0FEFF30
:104650002248FDF79BF90120FCF726FAFF23204CA6
:10466000204920701840FBF7BDFF20780121FBF79F
:1046700081FF0520FBF798FF041E0CD000220520C7
:104680001949FBF7D9FF01211848FFF70BFE012458
:10469000200005B0F0BDFCF77DFC0500FCF78CFEAA
:1046A000FA2206000F000023920092197B419942E2
:1046B0000ED80BD001210291002101910C49280054
:1046C0000091FCF76BFC0028E2D0DCE79042F1D9C6
:1046D00001225242D317EDE758410110242C00204B
:1046E000592C002021460010114600109015002082
:1046F000F9450010004870474C1F011000487047F2
:10470000F81E011070B5040017480378002B21D063
:10471000002C06D1C1241548154BA4004380048009
:1047200070BD052C1DD8134B1048A400E558811C02
:10473000002304E001330A800231132B0ED0EA5C1F
:10474000DCB2002AF6D1C0230134E4B264009B003D
:104750001C43E4E7112102F00FFAD9E7CA24A400B0
:10476000DDE70020DCE7C0463C2C0020C02600200E
:1047700009040000601F0110F0B598235746454614
:10478000DE464E466C4AE0B5D75880253C006D02A7
:10479000883B9A4683B02C402F420FD00122232120
:1047A000664B00205A54DA70654901F073FA802292
:1047B000644B92021A65644B2C009A46FB0617D490
:1047C00080235B011F4245D18023DB011F4200D0C3
:1047D00088E080231B021F4200D091E0BC4200D041
:1047E000A5E003B0F0BCBB46B246A946A046F0BD6A
:1047F000514B9B6D9846002B27D0524B00249B4673
:104800000123994643460126B8461F0004E00134BF
:104810007600E4B2202C17D03742F8D05B469E6574
:104820004B466508A3436D00ED18444B6D019C4653
:104830006544280000F08AFB00286CD10134B7439E
:10484000E4B27600002FE5D1474680235B01544651
:104850001F42B9D01C430023374A00211360384A55
:104860003A489360D3603A4A9360D360394A936080
:10487000D360394A9360D360384A9360D360384A32
:104880009360D360374A9360D360374A9360D360B4
:10489000364A9360D360364A9360D360354A93605A
:1048A000D360354A9360D360344A9360D360344A0E
:1048B0009360D360334A9360D360F0229200FFF795
:1048C000C3FA314B314A00211A600020012201F065
:1048D000B7F980221B4B12031A658023DB011F42AC
:1048E00000D176E70122042100201C4301F018F9D1
:1048F0001022144B1A6580231B021F4200D16DE762
:104900000122052100201C4301F00AF980220D4BF1
:1049100012011A6562E74B46AA8AA9780020009323
:10492000002301F0DFF9280000F04CFA86E72100AF
:1049300017487940FDF7ECF800001150F8260020E8
:1049400000001050003011501000010038270020E6
:104950000800105010001050180010502000105087
:1049600028001050300010503800105040001050F7
:104970004800105050001050580010506000105067
:104980006800105070001050002B00208001105063
:10499000781F011010B501210520FBF7EBFD10BDBC
:1049A00010B500220021024800F034FA10BDC046C4
:1049B000182700208022024B5202DA647047C0465A
:1049C00000201150F0B5C64600B5060000F0D4F93D
:1049D0000C23354D0520AB673449FBF703FE40231C
:1049E0009846334C402200212000FFF72DFA434621
:1049F0000127A383212100232E4A6770A260136040
:104A000063545F3161844146A187023963542A4A65
:104A10002A496360E260A1620B60E262284A636235
:104A20009360D360274A20009360D360264A002118
:104A30009360D360254A40309360D360244A9360EA
:104A4000D360244A9360D360234A9360D360234A9F
:104A50009360D360224A9360D360224A9360D3600C
:104A6000214A9360D360214A9360D360204A9360C7
:104A7000D360204A9360D3601F4A9360D360F022D2
:104A80009200FFF7E1F91D4B1D4A30001A608023A8
:104A90009B052F64EB6490231A4AEA50FFF78AFFC4
:104AA00080BCB846F0BDC0460000115079470010E8
:104AB000F826002084001050000110508000105093
:104AC0000000105008001050100010501800105036
:104AD00020001050280010503000105038001050A6
:104AE0004000105048001050500010505800105016
:104AF000600010506800105070001050002B002013
:104B00008001105010D001000B785B0602D14B7869
:104B1000052B00D070478A78014B1A60FAE7C0462F
:104B200000001150F0B5CE464746072380B54879BE
:104B30008E780A790340C8787F21800731401B02B4
:104B4000F40913434F00820F944691462A4D3A19B7
:104B50005201AA18967001266640567060460026DB
:104B60009383D6709077CA00012C29D023488446BD
:104B7000880162448446AC44604682601660002925
:104B800029D01F4AC9009046414441603F223F332B
:104B900093434A46022A00D15B001A493F190A682A
:104BA0007F01D3180B60184BED195340EA604A4659
:104BB0009006184380231B0618436B68186010E0AA
:104BC00012488446880162448446AC44604682624E
:104BD000166000290AD1002364012D196B600C4B6B
:104BE000EB600120C0BCB946B046F0BD064AC90022
:104BF000904641444162C9E7F826002084001050E5
:104C000004001050002B00200000105080001050B5
:104C10000001105000231C4A10B59360D3601B4A5A
:104C200000219360D3601A4A1A489360D3601A4AED
:104C30009360D360194A9360D360194A9360D3603C
:104C4000184A9360D360184A9360D360174A936000
:104C5000D360174A9360D360164A9360D360164AB4
:104C60009360D360154A9360D360154A9360D36014
:104C7000144A9360D360F0229200FFF7E5F8124BDC
:104C8000124A1A6010BDC0460000105008001050B3
:104C9000100010503827002018001050200010502D
:104CA00028001050300010503800105040001050B4
:104CB0004800105050001050580010506000105024
:104CC0006800105070001050002B00208001105020
:104CD00010B57F200C0020404000E40911000019AD
:104CE0001A00034B4001C01800F094F8012010BDD9
:104CF000F82600207F22130010B50B400A420BD08B
:104D0000C909802258004018064940014018120184
:104D1000002100F05DF810BD02220348C909521AB3
:104D20008266EEE7F8260020002011507F22100056
:104D300010B508400A4200D110BD0023C909400047
:104D4000401804494001081800220349C37000F0CC
:104D50003FF8F1E7F8260020FFF7FFFF7F21C309A6
:104D6000034A9B00014010B59A580248FCF7D0FE58
:104D7000A41500208C1F011080220D4B520410B589
:104D80001A600C4B0C491A6010008B689843FBD1D9
:104D90000A4C9C2200212000FFF756F880220021B7
:104DA00052010748FFF750F80923636710BDC0465A
:104DB00000E0004000F0004000C000400000115042
:104DC0000000105000230374438283828361704784
:104DD00010B58368002901D01C682140002A11D039
:104DE0008024E400114322420CD01A6822420BD1E5
:104DF000074A0A401A60FFE7FFE7FFE7FFE7FFE720
:104E0000FFE78368196010BD8078FFF7A7FFC046F1
:104E1000FFFBFFFFF0B5C646002300B583820133D8
:104E20000374436804001E68838B81611F1C9342D6
:104E300000D9171C8025BFB2D21B93B2E278ED00D7
:104E400063823D43002A02D09025AD013D430120FD
:104E50004240E2706278002A51D0002B1DD1A0237D
:104E6000DB011D43354B1B6C354B33408026B605AB
:104E70001E436368A2681E6013685B055AD4314BF9
:104E80002B401360FFE7FFE7FFE7FFE7FFE7FFE7E0
:104E9000A3681D6080BCB846F0BD80225201154356
:104EA000264A126C920703D4A278D209012ADBD1D8
:104EB000A28B111C9A4200D9191C80278AB2FF00CC
:104EC0009B1A90461743E2789BB26382002A03D074
:104ED00090274146BF010F4301214A40E2706278AA
:104EE000002A19D0002B02D18023DB011F43164B6F
:104EF0003F043340A026F6053D431E43B9E73A0080
:104F0000E068FEF7A7FFA3699C46802367441B0265
:104F10001D43A761638AA0E7E0684246A16940306B
:104F2000FEF798FFA3694344A36180231B021F433C
:104F3000638AD7E7A078FFF711FFC0460000115041
:104F4000FFFFFFAFFFFBFFFFFFFFFFDFF0B5C64630
:104F500000B5067C0400002E00D1D3E083681A68F7
:104F60001D684378AD05AD0D002B51D1838AEB1838
:104F70009BB28382A18B8D4207D200236382636838
:104F80001B68300080BCB846F0BD626812685200F1
:104F900002D58D4200D175E0638A002BF1D06268A2
:104FA0001F1C16688B4200D90F1C8025BFB2DB1B6B
:104FB000E2789BB2ED0063823D43002A02D0902547
:104FC000AD013D4301214A40E2706278002A68D079
:104FD000002B2AD1A023DB011D434F4B1B6C4F4BF1
:104FE00033408026B6051E436368A2681E601368BE
:104FF0005B0500D58DE04A4B2B401360FFE7FFE7D0
:10500000FFE7FFE7FFE7FFE7A36800261D60B8E7BB
:105010002A00C1688069FEF71DFFA38AA269EB1808
:105020009BB25219A382A261A4E7802252011543C8
:10503000394A126C920703D4A278D209012ACED140
:10504000A28B111C9A423FD880278AB2FF009B1A7C
:1050500090461743E2789BB26382002A2FD1012148
:105060004A40E2706278002A3ED0002B02D18023B1
:10507000DB011F432B4B3F043340A026F6053D4385
:105080001E43B1E7A26815686278AD01AD0D002A34
:105090001CD1EB18A3828D4200D37DE700236382ED
:1050A0006FE73A00A169E068FEF7D4FEA3699C4669
:1050B000802367441B021D43A761638A88E790270A
:1050C0004146BF010F43CAE7191CBDE7E1682A004A
:1050D0004031A069FEF7BEFEA38AA18BEB18A38224
:1050E000A3695B19A361D6E7E0684246A169403035
:1050F000FEF7B0FEA3694344A36180231B021F4354
:10510000638AB2E77F238178074A08481940FCF791
:10511000FFFCA078FFF722FE00001150FFFFFFAF59
:10512000FFFBFFFFFFFFFFDFA4150020AC1F0110F6
:10513000024B5878431E9841C0B270472424002087
:10514000024B18784007C00F7047C0462424002047
:10515000014B18787047C046542C0020F8B54746DC
:10516000CE4680B5294F05003B78002B04D00120A6
:10517000C0BCB946B046F8BD532200212448FEF712
:1051800063FE244C2000FCF701FC234B1C60234CE5
:1051900020001C30FCF716FC200001F0A1FC204B85
:1051A000204E1C60204B9846002B04D03000FFF7A7
:1051B0005DF91E4B1860424600243378002A1DD04A
:1051C0001B4A9046194A91469C4210D31BD1434634
:1051D000984701343378E4B2A342F5D22800FFF7B0
:1051E000F1FB2800FFF7D6FB01233B70BFE74A46DF
:1051F000630012681B19DB009B58E9E701F04AF8CD
:105200003378002BEAD000231B68FFDE542C0020EB
:1052100024240020DC23002078240020AC1500206A
:105220007C240020532C00206D440010EC20002032
:1052300095620010F0B5DE4657464E464546E0B54D
:105240008BB001F009FA002800D144E1C24BC34EF3
:105250009B4607AC3568EA69EFF3108172B61368B4
:10526000002BFCD0BFF35F8F29622800210001F0E2
:10527000ABFAEA692B6ABFF35F8F0021116083F3F9
:105280001088002800D126E16378082BE2D85A461E
:105290009B00D3589F466368002BDBD0A0689847DB
:1052A000D8E77F222179AE4B0A405500C8095B1927
:1052B0001B18180001273030C578BD43C570C5786C
:1052C0000337BD43C570002A00D10BE1A54ADB7C42
:1052D000002A06D0A44A1278934200D291E19B1A88
:1052E000DBB2002B00D0F6E0A04D62792078A368F5
:1052F000A847AFE701229A4F01213B7804201343CE
:105300003B703323FA5C8A43FA54FA5C8243FA54C2
:105310000133FA5C8A43FA54FA5C8243FA542378E4
:1053200000209A4600F066FE602223791A40602A27
:105330000DD0402A00D1F2E0DB06DB0E012B00D1BC
:105340006AE1022B00D121E1002B00D1F6E02078A8
:105350000021FFF7CFFC80212078FFF7CBFC79E715
:105360007F4B1B78DB0700D474E7814B002B00D107
:1053700070E700E000BF6DE7794B1A78D20700D4E0
:1053800068E77C4A002A00D164E718780007C00F5C
:1053900000E000BF5EE7744D724A00272B78002AB8
:1053A00000D1B6E0744A90469F4208D39F4200D095
:1053B000B2E00137FFB29F4200D94BE7F6D2414637
:1053C00009687A008C46D219D20062445269002AD8
:1053D000EFD02078904701372B78FFB29F42E3D976
:1053E00038E72378604D5F4A984600272B78002ADB
:1053F00000D186E0614A91465F4A92462A004546BE
:105400009046BB425ED800D078E04B4628009847D3
:10541000434601371B78FFB2BB42F2D2504D5322B4
:1054200000212800FEF710FD1022FF21E81CFEF7E6
:105430000BFD28002022FF211330FEF705FD00F0B0
:10544000CFFD4F4B002B00D104E700E000BF01E788
:105450002378454D434A984600272B78002A47D0A9
:10546000464A9146444A92462A00454690469F4203
:105470001FD343D14B4628009847434601371B783A
:10548000FFB2BB42F3D2364D532200212800FEF773
:10549000DBFC1022FF21E81CFEF7D6FC28002022AE
:1054A000FF211330FEF7D0FC00F09AFD2379AB709A
:1054B000D0E6524612687B009446DB19DB00634459
:1054C0005B68D8E7524612687B009446DB19DB0024
:1054D00063445B689AE70BB0F0BCBB46B246A94692
:1054E000A046F0BD62792078A36800F097FDB1E690
:1054F000404600F00DFF2B78002BC4D000235B68E2
:10550000FFDE404600F004FF2B78002B00D185E73A
:10551000F4E7002B00D19DE600235B69FFDE19480C
:10552000002800D113E700F065FD0021504608AACD
:1055300000E000BF002800D08CE608E7202A00D158
:105540009FE0002A00D002E76379092B00D9FEE62C
:105550000D4A9B00D3589F46E01F01107C24002079
:10556000242400206D440010532C002005650010F9
:105570000000000000000000EC200020116300107B
:105580000000000000000000042001107023217AB8
:105590000B4200D0DBE60F330B405B00F818CD095F
:1055A0000093C14B4019C07C002B06D0BF4B1B7829
:1055B000984200D288E0C01AC0B200287ED1002AEA
:1055C00000D015E1BA4B0193637998460223424615
:1055D00099469A43012A00D10EE14346002B00D0A0
:1055E000B5E6009B06AAFB185D193035EB78023250
:1055F0009B07DB0F13805046022308A900F092FCA2
:1056000028E65A00D318AB4ADB001268D318002BE7
:1056100000D160E71D6968E6237A0F2B00D996E672
:10562000A14AFB18DB78002A05D0A04A12789342E1
:1056300064D39B1ADBB2002B00D088E69E489C4DB9
:1056400000F0D8FC00215046EB6808AA98470028D3
:1056500000D0FFE56022150023791D401A4200D0DA
:1056600075E663790A3B012B00D970E600F0C2FCB5
:1056700063790A2B00D1EEE0504608A900F03AFC0D
:10568000E8E5237A0F2B00D961E6874AFB18DB781F
:10569000002A06D0854A1278934200D2D0E09B1AA5
:1056A000DBB2002B00D052E68348814D00F0A2FC13
:1056B00000215046EB6808AA98473BE7002A00D033
:1056C00045E6002301937FE743009C46794B604405
:1056D0001B68C0009C46030063440193002A00D16C
:1056E00072E7002B00D132E6D86800F083FC019B02
:1056F00000215046DB6808AA98471BE76D4A5D0009
:10570000EB181568DB00ED18002D00D11FE6E868E6
:1057100096E7E388012B00D019E608223B78504633
:10572000934308A93B7000F0E5FB93E5022039782C
:1057300006AB9A1C8B068908DB0F01400B4359E727
:10574000A37901931A007B789A4207D07B78002BCB
:1057500000D01EE1019B002B00D0B3E0019B50461E
:1057600008A97B7000F0C6FB74E57B7806AA0232BC
:1057700013705046012308A900F0D4FB6AE5E088C5
:10578000030AC0B20F2B00D9E1E54C499A008A58B0
:10579000974608A800F034FC5046A179FFF700F9BD
:1057A00002223B7813433B7054E5E388012B00D081
:1057B000CDE508223B785046134308A93B7000F022
:1057C00099FB47E5022B00D194E13D4B002B00D122
:1057D000BDE500E000BF0200002A00D1B7E5D378A4
:1057E00091781B020B43504608A900F09BFBA1E6F1
:1057F0002F4B3148019378E7E288002A09D14346CC
:10580000012B3DD0009BFB185D193035EB789B07D1
:105810002AD5019D002D00D11CE5EB6818000093EE
:1058200000F0E8FBEB68002108AA504698470020EA
:1058300000F0E0FB3423FB5CDB0700D50AE51BE747
:105840001C4A5D00EB181568DB00ED18002D00D137
:105850007DE5E8682AE706AB9A1C5046012308A9B3
:10586000157000F05FFBF5E45046FFF743FA0222A3
:10587000EB7813430122EB70EB781343EB70C8E72E
:10588000009BFB185D193035EB789B07C1D550465E
:10589000FFF74CFA4A46EB7893434246EB70EB78BD
:1058A0009343EB70B5E7C0466D440010532C0020C5
:1058B0006C200110EC200020216400102C2001102D
:1058C00000000000581EC0B2FEF718FF002800D1EB
:1058D0003DE543780493022B00D038E50121C379DC
:1058E0009A115B110A400B4052011B0113433A7895
:1058F0002F318A4313433B7009239946C37882783A
:105900001B021343C31881440393039B4B4500D8E8
:10591000E9E04B4601225B7800920B2B07D14B4606
:10592000DB7800934B461B7899444B465B78042BFD
:1059300000D00CE54A46039B00259B1A9BB20293BC
:105940006E4A6F4B1B78002A16D162E0AB4271D1D0
:105950006C4A6D4B904649465046029A9847844699
:10596000082802D9029A824269D2654B01351B7818
:10597000EDB2AB4200D2EAE4AB42E7D9634A6B0036
:1059800012685B199046DB009844434605929B6879
:10599000E1E75046FFF73EF9BB78594D574A00936F
:1059A00000212B78002A2DD0584A90462A000D005D
:1059B00091469D421DD300D0A0E5554B50469847D7
:1059C0004B4601351B78EDB2AB42F2D25322002197
:1059D0003800FEF739FA1022FF21F81CFEF734FADE
:1059E00038002022FF211330FEF72EFA009BBB70F7
:1059F000B0E6424612686B0094465B19DB006344D4
:105A00005B68DBE7504600F083FC2B78002BDDD091
:105A100074E5029B49461A005046984600F08EFCF9
:105A20008446082801D9404507D9354B1B78002BFF
:105A300000D18CE400239B68FFDE324B9846009B2C
:105A4000012B48D0009B002B10D04B4699780023A7
:105A500005E0D5700133009ADBB2934206D2CA1832
:105A6000D2B2BA18D078FF28F3D070E43800E046FC
:105A70002B0049466246133000F02EFE204BC144F5
:105A80001B78AB4200D340E761E4224B002B00D1EE
:105A90005DE400E000BF0200A1E6FEF72BFE12234A
:105AA000020008A9504600F03DFA43E51A4B002BCE
:105AB00000D14CE400E000BF021E00D147E4504694
:105AC000137808A900F02EFA34E52189FEF71AFEB2
:105AD000021EF4D13BE442460B4B92689A42B4D189
:105AE000049B0093B1E70D4B002B00D136E600E09C
:105AF00000BF33E6FEF702FE02006DE66D440010C3
:105B0000532C00206C2001103D630010EC2000207D
:105B10001163001000000000000000000000000001
:105B200030B587B005000C000C2200216846FEF756
:105B30008BF96B461D705C70042C4FD009D8022C79
:105B400034D0032C19D13C4B1A78520758D407B0E3
:105B500030BD052C11D1384B1A78D207F7D5042166
:105B60001A788A431A70354B1C68E269EFF310818A
:105B700072B61368002B09D1FBE7304B1C68E26951
:105B8000EFF3108172B61368002BFCD0BFF35F8F68
:105B900021626946200000F0E5FEE269236ABFF356
:105BA0005F8F0021116083F31088D0E70121224B21
:105BB0001A788A431A701A780331A2431A700022A5
:105BC0005A701A788A431A701C4B1C68E269EFF30A
:105BD000108172B61368002BD8D1FBE7164B1A78E8
:105BE000D207B4D504211A780A431A70134B1C68E3
:105BF000E269EFF3108172B61368002BC6D1FBE7A0
:105C000004211A7803A88A431A7000210C22FEF797
:105C10001BF96B466A461D7305235373074B1C68BB
:105C2000E269EFF3108172B61368002BFCD0BFF36A
:105C30005F8F216203A9ADE7242400207C2400208B
:105C400070B584B001AC06000D000C2200212000CC
:105C5000FEF7FAF8012363700D4B25711D6826705D
:105C6000EA69EFF3108372B611680029FCD0BFF324
:105C70005F8F2B622100280000F074FEEA692B6A16
:105C8000BFF35F8F0021116083F3108804B070BDF3
:105C90007C240020002330B585B001AD6B802870D6
:105CA0000633082202A86B70FEF7D4F80C4B1C6870
:105CB000E269EFF3108372B611680029FCD0BFF3DC
:105CC0005F8F23622900200000F04CFEE269236A06
:105CD000BFF35F8F0021116083F3108805B030BDE2
:105CE0007C240020F0B5C646804600B584B001ACE7
:105CF0000F0016000021082220001D00FEF7A4F866
:105D000043462370072363700F4B65711D6827712D
:105D1000A660EA69EFF3108372B611680029FCD01F
:105D2000BFF35F8F2B622100280000F01BFEEA69A1
:105D30002B6ABFF35F8F0021116083F3108804B0DA
:105D400080BCB846F0BDC0467C240020F0B5464675
:105D5000D6464F468046C0B50C0015001E00002AEE
:105D60002ED070239946184B00279A466378052B4E
:105D70000FD1E1788907890FB1420AD14A46A37849
:105D80001A4206D153462000997800F069FC002899
:105D900005D10020E0BCBA46B146A846F0BD2100BE
:105DA0004046FEF7BFFE0028F3D0A378DA09012AA7
:105DB00008D0089A137023780137E418AF42D5DB76
:105DC0000120E7E7099AF5E724240020702270B546
:105DD0008B7805000C001A4201D0002070BD064BE4
:105DE0002000997800F03CFC0028F6D02100280023
:105DF000FEF798FEF2E7C0462424002070B57F2409
:105E00000C406300144CC909E41864183034E3787A
:105E1000DB07DD0F002B18D1E3785B0701D52800E5
:105E200070BD01210D4E494230680BF0F5FDE3785D
:105E3000DB07DD0F002B0AD1E3785B0708D40422CF
:105E4000E37801251343E37002E00025E7E700252E
:105E500030680BF081FDE2E7242400207824002044
:105E600070B50C0001210F4D494228680BF0D4FD9C
:105E70007F2121404B000C49E409C9180919303130
:105E8000CB780024DB0708D4CB785B07DC0F002B32
:105E900003DA0422CB789343CB7028680BF05CFDC7
:105EA000200070BD782400202424002070B57F25B8
:105EB0000F4C0D406D0064190600C80924183034D9
:105EC000E5780020ED0700D570BD0125E078284376
:105ED000E0703000FEF7FCFE0028F5D10122E378E7
:105EE0009343E370E37803329343E370ECE7C046F7
:105EF0002424002070B50A4E0500300008220C0052
:105F0000FDF7A8FF00237F21F3602278B360914260
:105F10005B412800D90100220023FFF7C7FF70BDB5
:105F2000C8230020F8B5CE46474691462A4E80B594
:105F30000822070030000D009846FDF78BFF4B4606
:105F4000B3600023F381EC79A97924020C43231C6C
:105F5000444500D943469AB29046B381002C13D0F1
:105F6000002A1FD04B46002B34D0131C402A1FD8C8
:105F70009BB2984633787F2B20D80021174A43469E
:105F80003800FFF793FF09E07F222B7838009A4210
:105F9000644100230022E101FFF788FFC0BCB9463D
:105FA000B046F8BD33787F2B11D980210022E6E777
:105FB00040239BB2984633787F2BDED9074C42466C
:105FC00049462000FDF746FF80212200D7E7002147
:105FD0000022D4E70020E1E7C8230020E4230020CA
:105FE00010B5142200210248FDF72EFF10BDC04657
:105FF000C8230020014B18617047C046C823002009
:1060000010B5054C010008222000FDF723FF0023F6
:10601000A360E36010BDC046C8230020F8B53B4C28
:106020001D0023780600DA09C9098A4213D000202E
:10603000002D00D0F8BD364B002B03D021003000DE
:10604000FEF762FD2369002B44D0220002213000BC
:1060500098470120EEE77F2B06D8A068002837D0AC
:106060002A002C49FDF7F6FEA368E2895919521956
:10607000E38892B2E281A160934214D03F2D12D9FD
:10608000A589A81A071C80B240282FD82378BFB250
:106090007F2B2DD80021AA4235D01E4A3B0030006C
:1060A000FFF704FFC6E72369002B05D0220001217A
:1060B0003000984700280FD07F220021237830003D
:1060C0009A42494100230022C901FFF7EFFEB1E7E0
:1060D0000020AFE70120ADE700213000FEF70AFE07
:1060E00030008021FEF706FE0120A3E74027CDE720
:1060F000AA4207D0074C3A002000FDF7ABFE8021F2
:106100002200CBE780210022C8E7C046C823002038
:10611000094B0010E423002010B50400FFF708F835
:10612000002801D1002010BDFFF70AF80028F9D19E
:10613000B620800044430348001903790120184029
:10614000F1E7C046F0200020B6239B00584310B56D
:10615000024B1030C01800F011FB10BDF0200020E1
:10616000F0B5B625AD0045432C00C646174F103498
:10617000E41900B5200092B200F074FB0600200084
:1061800000F014FB3F2803D8300080BCB846F0BDB7
:106190007B190020D9789846FFF730FE0028F3D00D
:1061A000200000F003FB3F280AD996239B00EA1841
:1061B0004346D219D97800204023FFF777FEE3E762
:1061C00043460020D978FFF74BFEDDE7F0200020A2
:1061D000F8B50400FEF7ACFF002801D10020F8BD9F
:1061E000FEF7AEFF0028F9D1B62080004443250019
:1061F000144E2C35AD19280000F0C0FA0028EDD05F
:1062000037190020B978FFF7F9FD0028E6D0A6235A
:106210009B009C466444A41921002800402200F001
:1062200021FBB978051E08D0030022000020FFF7EB
:106230003DFE0028D2D02800D1E70020FFF710FE55
:10624000CCE7C046F020002070B5B624A40044433B
:10625000094B2C34E418050092B2200000F0C0FB7A
:106260000600200000F08AFA3F2801D8300070BDF7
:106270002800FFF7ADFFF9E7F0200020B6239B00D0
:10628000584310B5024B2C30C01800F08FFA10BDE7
:10629000F0200020B622F0B51B4C83B00021200076
:1062A0009200FDF7D1FDFF236371184B8026002576
:1062B000E3800127082321002000760023733200A9
:1062C000278148310095073B103000F01BFA210070
:1062D000200049313200FF31012300972C3000F0BB
:1062E00011FA92239B00E6183000FBF74FFB942332
:1062F0009B00A662E61830006562FBF747FB266448
:10630000656403B0F0BDC046F020002000C2FFFF6E
:1063100010B5094C052200212000FDF795FD200055
:106320002C34103000F0DCFB200000F0D9FB012100
:10633000200000F0FBFB10BDF0200020F0B54B79F1
:10634000060083B0022B02D18B79022B03D00025EB
:10635000280003B0F0BD2F4FBB78002BF7D18B780E
:1063600009253B700C780C196378242B0BD1082A73
:1063700002D80FE0AA420DD32378E418ED18637811
:10638000ADB2242BF6D0052B20D0042B02D163799B
:106390000A2B2ED0204C200000F008FA3F28D7D935
:1063A0002600103E0020F178FFF728FD0028CFD00E
:1063B000200000F0FBF93F2816D992239B00E21839
:1063C000F17840230020FFF771FDC1E72100300084
:1063D000FFF7FCFC0028BAD0A3787B702378ED1877
:1063E000E4186378ADB2D0E7F1780020FFF738FD0C
:1063F000AEE70A4B27780193013300930222022370
:106400003000E119FFF7A2FC0028A0D00E35ED19ED
:10641000ADB2BFE7F020002000210020F2200020D4
:10642000F8B5602314001278050013400020202BDB
:1064300012D12F4A6379277916781B023B439E427B
:106440000AD16378222B27D007D8202B17D0212BF5
:1064500002D100293DD00120F8BD232BFCD1002919
:106460003FD00229F7D1234B002BF4D0E178A37859
:1064700009020020194300E000BF0120ECE70029D9
:1064800027D00229E7D11C4B002BE4D00020911D1E
:10649000FDF7F2FF0120DFE7002922D00229DAD13F
:1064A00001252E00A378E478013924021C431471DD
:1064B00026402C321000714000F038FB0F4B002BAF
:1064C000C9D06208002031002A4000E000BF01204E
:1064D000C2E7072321002800094AFFF723FD012016
:1064E000BAE721002800FFF705FD0120B4E7C04608
:1064F000F02000200000000079440010000000009F
:10650000F6200020F8B557464E464546DE46E0B533
:10651000494F8046FA780C001E008A4264D19AB234
:1065200096239B00FD1810239B46BB442900584628
:1065300000F056FA414BD946002B18D07B79D9464A
:10654000FF2B14D0002E12D0AA19924603E0013579
:1065500055450CD07B792A789A42F8D1484600F00C
:106560001DF90028F3D1797900E000BFEFE7344B43
:10657000002B04D0484600F011F9002852D04846BC
:1065800000F014F93F2834D84A46103A9378A342D1
:1065900007D001242000F0BCBB46B246A946A04665
:1065A000F8BD284B002B02D0002000E000BF0020E7
:1065B000FFF70EFE0028ECD1234D280000F0DEF896
:1065C0000028E6D1002EE4D0B306E2D12C3D4046AF
:1065D000A978FFF713FC041EDBD0002300224046FD
:1065E000A978FFF763FCD5E7BB788B42D9D00024AC
:1065F000D0E74D46103D0020E978FFF7FFFB00286B
:1066000001D1AB78C3E7484600F0D0F83F280CD959
:106610009222920040230020E9784A44FFF746FC8A
:10662000AB78B4E700E000BFA9E70020E978FFF706
:1066300017FCAB78ABE7C046F0200020000000005C
:1066400000000000000000001C21002010B5002008
:10665000FEF784FD10BDC04610B5FEF779FD10BDF4
:10666000072210B544790379224012021A43C378F5
:106670009B079B0F022B05D0032B15D00020012B6D
:1066800008D010BD02291CD0002040239342404175
:10669000C0B2F6E702394B4259410D4B9C4661446A
:1066A00091424041C0B2ECE702394B425941F023DC
:1066B000002049429B001940403191424041C0B204
:1066C000DFE7044B9C46624453425A41D0B2D8E7BC
:1066D000FF03000000FEFFFFF0B5002A11D00024E8
:1066E0007F274D78052D06D13D008E7835406D0011
:1066F000F6094519AB550D786419A4B24919A2429F
:10670000EFD8F0BDF0B5C64600B5150006AA1E00CC
:106710001378802204000F009846120295422AD86E
:106720004069002803D0012149420BF075F9A069A6
:10673000002803D0012149420BF06EF94346A580A1
:106740006D00ADB223726B1EA381002360696D42A0
:10675000E3812760E68065812382002801D00BF069
:10676000FBF8A0690124002801D00BF0F5F8200007
:1067700080BCB846F0BD0024F9E7C046C189028A52
:106780008B1A9BB2914202D242899B1A9BB2828899
:10679000101C9A4200D9181C80B270470300C089AF
:1067A0001B8AC01A43425841C0B2704710B5C48911
:1067B000018A8388621A92B28C4202D24089121AEC
:1067C00092B2981A80B210BD70B5040080690E00B4
:1067D000002803D0012149420BF01EF9E189228AE9
:1067E00088B28D1A93B2ADB2914202D26289AD1ACB
:1067F000ADB2A288AA4207D2904225D2618951182F
:10680000411A89B215002182002D02D122E09B1A83
:106810009BB29A42FBD9E288216853433000C918E1
:10682000FDF718FB228A0125531C9BB29A4214D90A
:10683000002362899B189BB2A0692382002801D0A3
:106840000BF08AF8280070BD811AA58989B28D42A3
:10685000D8D2D3E70025238A9BB2A2899A42EBD2F1
:10686000E7E7C046F0B54F464646D6460500806984
:1068700088469146C0B5002803D0012149420BF05B
:10688000CBF8EA892B8A91B2D61A9CB2B6B29A4258
:1068900002D26B89F61AB6B2AF88B74209D2B942B2
:1068A00054D26B89FB18CB1A9BB23E002B822C8AE8
:1068B000A4B2002E50D04B46B14545D89EB2A74257
:1068C00003D8E41BA4B2A742FBD9EB88381B1900FC
:1068D00099462B6861439C4680B26144864225D923
:1068E0004B46584383B21A0040469A46FDF7B2FA27
:1068F0004B464046F71BE4195C432968A2B250445A
:10690000FDF7A8FA2A8A93199BB29A4218D96A8984
:106910009B189BB2A8692B82002801D00BF01CF8B1
:106920003000E0BCBA46B146A846F0BD4A464046F3
:106930007243FDF78FFA2A8A93199BB29A42E6D8DE
:10694000AA899A42E6D2E2E7331CB7E7CB1BAA89B1
:106950009BB29A42A9D2A4E72B8AAA899BB29A42F7
:10696000D8D2D4E7F8B5040040690E00002803D05F
:10697000012149420BF050F8E289218A95B2531A5D
:106980009BB2914202D962899B1A9BB2A2889A4219
:1069900021D02B00954203D39B1A9BB29A42FBD97C
:1069A000E28821685343C8183100FDF753FA6B1C85
:1069B0009BB29D420BD962899B189BB260690127EB
:1069C000E381002801D00AF0C7FF3800F8BDA28992
:1069D0009A42F3D2EFE7277A002FDAD1F5E7C046E3
:1069E000F8B545464E46DE4657468846E0B50500B2
:1069F000161E5AD04069002803D0012149420BF0ED
:106A00000BF8EF892B7A298ABFB289B2002B3BD1D0
:106A10007A1AAB8892B28F4202D26989521A92B224
:106A20009A1A111C92B2B24253D8EA888EB2924698
:106A3000F21A92B291463C009F4203D3E41AA4B2E8
:106A40009C42FBD250462A68604394461B1B9BB273
:106A5000524660449E422AD841467243FDF7FAF9F5
:106A6000F3199BB29F421CD8AA899A4219D368692C
:106A7000EB81002801D00AF06FFF3000F0BCBB466C
:106A8000B246A946A046F8BDEA88AB8892469E4227
:106A900021D3F61A56430022B0440F001E0091463F
:106AA000C9E76A899B189BB2E1E70026E5E75343F3
:106AB0009BB21A0041469B46FDF7CCF92200534693
:106AC00041464A445A43286892B25944FDF7C2F9F4
:106AD000C6E7311CA9E7F21A92B29146ABE7C0466D
:106AE00010B504004069002803D0012149420AF092
:106AF00093FFA069002803D0012149420AF08CFFCE
:106B00000023E3812382A38860695B009BB25A1E45
:106B10005B42A2816381002801D00AF01DFFA069B9
:106B2000002801D00AF018FF012010BD70B5040044
:106B300040690D00002803D0012149420AF06CFF92
:106B4000A069002803D0012149420AF065FF60696D
:106B50002572002801D00AF0FFFEA069002801D0AC
:106B60000AF0FAFE012070BD10B5024800F0D8F816
:106B700010BDC046142B002030B54B1E012900D19A
:106B8000A7E0664A11780D112C0030349F2900D9F6
:106B9000A2E00470012B00D1BEE00F211478214047
:106BA0000C003034092900DD98E04470022B00D13C
:106BB000B2E054782511290030319F2C00D990E0A3
:106BC0008170032B00D1A7E00F2121400C0030344D
:106BD000092900DD87E0C470042B00D19CE0947883
:106BE0002511290030319F2C00D97FE00171052B40
:106BF00000D191E00F2121400C003034092900DD43
:106C000076E04471062B00D186E0D4782511290066
:106C100030319F2C00D96EE08171072B00D17BE0D1
:106C20000F2121400C003034092966DCC471082B87
:106C300000D171E014792511290030319F2C5FD8E3
:106C40000172092B68D00F2121400C003034092932
:106C500058DC44720A2B5FD0547925112900303159
:106C60009F2C52D881720B2B56D00F2121400C0043
:106C7000303409294BDCC4720C2B4DD0947925118A
:106C8000290030319F2C00D9073101730D2B43D0DF
:106C90000F2121400C003034092901DD37310C006F
:106CA00044730E2B38D0D1790C11220030329F2939
:106CB00000D9073282730F2B2ED00F220A40110009
:106CC0003731092A01DC30321100C173102B23D077
:106CD00010300023037030BD07345AE737310C0001
:106CE00063E707316CE737310C0074E707317DE764
:106CF00037310C0085E707318EE737310C0095E717
:106D000007319DE737310C00A3E70731AAE7373198
:106D10000C00C4720C2BB1D1C018DAE7142B002080
:106D200030B5002589B004000922002101A8009592
:106D3000FDF78AF80922002105A80495FDF784F8DB
:106D40004B236A466846137004A90D220AF0FCFD25
:106D50001521082220006944FDF77CF809B030BDF8
:106D6000F8B557468246384B454653445A4253413C
:106D7000802292029446DE464E465B421B0C334A0A
:106D80001B046344E0B51360314A0D0031491360C0
:106D900018008A6890438146FAD10620FBF734F840
:106DA000804680200221EF0D6E02AB0DAA0240004A
:106DB00005E0904507D392197B4181423FD00C00FA
:106DC0000231002BF5D0802627023F1B760002E01F
:106DD0003F1B012E35D039004046B346013EFCF73B
:106DE00035FC8542F4D259463302994661435346F5
:106DF0004A461C611B6850465340FF221202134052
:106E00008022520102431360036807205840CF23B9
:106E1000034013605246802303209B0124321A430F
:106E200010605246101D1843022303604046FCF7D1
:106E30000DFCF0BCBB46B246A946A046F8BD0C000E
:106E4000C1E72100D3E7C0460040FCBF00E000409E
:106E500000F0004000C00040002070477047C0466E
:106E6000F0B5CE46474680B583B06B46591D132317
:106E70000B700D3B6B44994601254A460023137065
:106E80002B00C268D02793403F06BB610C4B040027
:106E90000122180098460AF0C7FD6B46DE1D32003D
:106EA0000123494640460AF0CFFDE3689D407D61DD
:106EB0003078E369C01A03B0C0BCB946B046F0BD33
:106EC00000C00340F0B5C64600B503682A4A1B69F6
:106ED000040082B093424AD16B46591D13230B70B4
:106EE0000D3B6B44984601250023424613702B004E
:106EF000C268D02793403F060122BB611F480AF0B9
:106F000093FD6B46DE1D3200012341461B480AF00B
:106F10009BFDE3689D407D613078E369C01A0028DD
:106F200027D0E36906220133E3616B460125591D31
:106F300000236A440B7013702B009046E268D02740
:106F400093403F060122BB610C480AF06DFD6B4681
:106F5000DE1D32000123414608480AF075FDE36852
:106F60009D407D61307802B080BCB846F0BD984746
:106F7000D5E701204042F6E7616E001000C00340F3
:106F8000F0B5DE4657464E464546E0B585B002AB05
:106F90005F1D22233B7002AB9E1D01250023337031
:106FA0002B000C00C16800928B40D02109068B6138
:106FB0008146934688460122390031480AF034FD63
:106FC00002AA9446072363449A463100012352469D
:106FD0002B480AF039FD4B46DB6841469D404D6128
:106FE0005146DC4609782A008C4460460190FF280F
:106FF00003D9FF20411A00910190009900291FD068
:1070000001228B469046A3442278D0253270424616
:1070100080219A402D06397019483900AA61012251
:107020000AF002FD01235246310015480AF00CFD1A
:107030004B464246DB6801349A406A615C45E3D1C5
:10704000A223D0243B70019B240633703900A26137
:107050000B4801220AF0E8FC52460123310008489F
:107060000AF0F2FC4B46DA68012393400098636112
:1070700005B0F0BCBB46B246A946A046F0BDC0462E
:1070800000C00340F0B5C64600B50368434A1B691B
:10709000040082B0934200D07AE06B46591D13235E
:1070A0000B700D3B6B44984601250023424613703C
:1070B0002B00C268D02793403F060122BB613848AD
:1070C0000AF0B2FC6B46DE1D320001234146344813
:1070D0000AF0BAFCE3689D407D613078E369C01A2C
:1070E000002857D001266A460D230027537133002C
:1070F0009771E268D02593402D06AB616B46012263
:10710000591D27480AF090FC6A4669460123073258
:10711000063123480AF098FC3300E2682048934087
:107120006A466B61D27990466A4657719771AB6136
:107130006B460122591D0AF077FC6A466946012315
:107140000732063116480AF07FFC3300E2686946D0
:1071500093406A466B61D7798D224A716A464146EF
:107160009171AB616B460122591D0D480AF05CFC20
:107170006A46694601230A48073206310AF064FC70
:10718000E36838009E406E6102B080BCB846F0BD36
:107190009847A5E701204042F6E7C046616E00101F
:1071A00000C00340F0B5CE46474680B585B06B467B
:1071B000D9710368374A5B680400934263D16A4619
:1071C0002223537300239373C2680133994693407B
:1071D000D022120693610D236B44190090460F27AD
:1071E00001222D480AF020FC0E216F4401233A00B1
:1071F000294869440AF028FC4B46E268002693407F
:10720000424653613D78FF2D1ED169468D73D025CE
:10721000A2222D064A73AB610D236B441900012293
:107220001D480AF001FC0E2101233A001A48694466
:107230000AF00AFC0123E26893406B61300005B05C
:10724000C0BCB946B046F0BD6A466846D2798021D6
:1072500082734246417393610D236B4419000122EE
:107260000D480AF0E1FB0E2101233A000A48694467
:107270000AF0EAFB4B46E2680135934042464E462F
:107280005361EDB2C1E76946012207319847060014
:10729000D4E7C046816F001000C00340F0B54E46F1
:1072A000DE4645465746E0B50126040085B0C06875
:1072B0008946F9F79FF83300E268D02593402069AA
:1072C0002D066B626B61431C0FD0F9F793F8330006
:1072D00022690A2093406B62AB61F9F77FFF236953
:1072E0000A209E406E61F9F779FFB549B548FFF76E
:1072F00037FD01211020F9F765F801211220F9F777
:1073000061F801211320F9F75DF80820F9F772F808
:10731000D02580232D065B006B626B6102AB5F1D85
:1073200042233B7002AB9E1D0023E26833700133A1
:107330009846934039000122AB61A2480AF074FBE1
:1073400002AA0123310007329E480AF07DFB434622
:10735000E2680021934002AA6B61D2798A46122A20
:1073600007D0504605B0F0BCBB46B246A946A04681
:10737000F0BD6F323A709346013A32703900AB611A
:107380007F3A90480AF050FB02AA012331000732ED
:107390008C480AF059FB4346E26893404A46D117AD
:1073A0000193C9046B61530BA2611943D0040023FC
:1073B000854AFCF78DF986233B70030C3370019BE3
:1073C000814601223900AB617E480AF02DFB02AAFA
:1073D0000123310007327B480AF036FB4346E2685E
:1073E0003900934087226B613A704A46120A327024
:1073F00074480122AB610AF017FB02AA0123310095
:10740000073270480AF020FB4346E2683900934097
:1074100088226B613A704A466A4832700122AB6139
:107420000AF002FB02AA01233100073265480AF084
:107430000BFB4346E268390093408E226B613A7041
:107440005246604832704246AB610AF0EDFA02AA39
:107450000123310007325B480AF0F6FA4346E2683E
:10746000390093408F226B6191463A7052465548DD
:1074700032704246AB610AF0D7FA02AA012331000A
:10748000073250480AF0E0FA4346E2683900934078
:107490000C226B613A7052464A4832704246AB61E8
:1074A0000AF0C2FA02AA01233100073245480AF065
:1074B000CBFA4246E3688C219A406A613970032115
:1074C00002ABDB793F480B4333703900AA610122DC
:1074D0000AF0AAFA02AA01233100073239480AF059
:1074E000B3FA4346E26839009340A6226B613A70D2
:1074F000A23A32703348AB61033A0AF095FA02AA15
:107500000123310007322F480AF09EFA4346E26811
:1075100039009340CD226B613A70493A3270294864
:10752000AB61833A0AF080FA02AA012331000732E4
:1075300024480AF089FA4346E268390093408B22D6
:107540006B613A70603A32701E48AB612A3A0AF0B9
:107550006BFA02AA0123310007321A480AF074FAC2
:107560004346E2683900934089226B613A704A468B
:1075700014483270AB618E3A0AF056FA02AA01231F
:10758000310007320F480AF05FFA4346E2683900DB
:1075900093405A466B610B483A703270AB61803A47
:1075A0000AF042FA02AA01230732310005480AF024
:1075B0004BFA4246E3689A4001236A619A46D0E654
:1075C000D430000000C003400048E801F0B5D646C2
:1075D0004F464646C0B582B06B4601275D1D9C1DD7
:1075E000002323709A463B00C26806009340D022D5
:1075F000120690462F708946936129000122774830
:107600000AF012FA6A4601230732210073480AF091
:107610001BFA3A00F3689A4043465A616B46DB799D
:10762000DB439B0700D1B9E012232B705346237034
:10763000434629009A61694801220AF0F5F96A4631
:1076400001232100073265480AF0FEF93B00F26889
:107650009340424653616A46D17908220A4200D0DB
:1076600085E081222A702270D02212069361904612
:107670002900012259480AF0D7F96A460127012357
:107680000732210055480AF0DFF93B00F2689340C9
:10769000424653614A46002A00D181E01D222A70E9
:1076A000002222704246290037624C489361012231
:1076B0000AF0BAF96A4601232100073247480AF066
:1076C000C3F93A00F3689D219A4043465A616B46DC
:1076D00029700121DB790B432370434629009A610D
:1076E0003E4801220AF0A0F96A4601232100073230
:1076F0003A480AF0A9F9F36801229F4043465F61C6
:107700008D232B70002323709946D0231B069F6185
:107710002900324898460AF087F96A460127012372
:10772000210007322D480AF08FF93B00F26829004A
:10773000934042465361A2222A704A462270424632
:107740002648936101220AF06FF96A46012321005D
:10775000224807320AF078F9F36801209F40434637
:107760005F6102B0E0BCBA46B146A846F0BD2270E7
:1077700092214246297019489361290001220AF09A
:1077800053F96A4601230732210014480AF05CF9D4
:107790003B00F26893404246536162E70020E0E715
:1077A00032621D222A704A462270424629009361A5
:1077B0000A4801220AF038F96A46012321000732FB
:1077C00006480AF041F93A00F3689D219A40434681
:1077D0005A616B46DB792970BB437DE700C00340EB
:1077E000F0B5D6464F464646C0B5040082B00029E3
:1077F0003DD0836A002B00D19BE06B465F1DC02308
:107800003B706B4601259E1D402333702B00C268E0
:1078100039009340D0221206936191464A480122D2
:107820000AF002F907236B449846310001234246CF
:1078300045480AF009F92B00E26893404A46536133
:107840008122D0253A702D06023232703900AB61A8
:10785000823A3D480AF0E8F80123424631003A48AE
:107860000AF0F2F80123E26893406B615AE06B463C
:107870005F1D81233B706B4601259E1D8323337062
:107880002B00C26839009340D022120691469361C2
:107890002D4801220AF0C8F807236B4498463100AE
:1078A0000123424628480AF0CFF8E3684A469D4043
:1078B000556112229246113A914603E00020F9F7F1
:1078C0008DFCE36852463A70002232704A46D02559
:1078D0009A402D063900AA611B4801220AF0A4F83B
:1078E00001234246310018480AF0AEF84B46E268E0
:1078F000934042466B61117808220A42DED0922101
:107900003270397001223900AB610F480AF08CF8EF
:107910000123424631000C480AF096F84A46E368D3
:107920009A406A61012002B0E0BCBA46B146A8465E
:10793000F0BD0123C26893406A46571D961D072279
:107940006A4490467CE7C04600C0034009490A4BA0
:10795000083119600949002299600821D960013174
:10796000196102395A6059619A61DA611A625A6280
:107970009A6270478C2001106420002000C00340F0
:10798000F8B505000F00161E0CD0002402E00134EB
:10799000A64207D02B682800395D1B68984700284D
:1079A000F5D126003000F8BDF8B503680E4A5C68D2
:1079B00005000F684E68944210D1002E0CD00024B0
:1079C00003E00134A64207D02B682800395D1B680C
:1079D00098470028F5D126003000F8BD3200390064
:1079E000A0470600F8E7C0468179001010B503688B
:1079F0001B68984710BDC046F8B54746CE460500FF
:107A000080B50F1E1DD00668080009F0B3F9746830
:107A1000104B814680469C4216D100280CD0002491
:107A200003E00134A04507D02E682800395D336893
:107A300098470028F5D1A1464846C0BCB946B04693
:107A4000F8BD00239946F7E7020039002800A04757
:107A50008146F1E781790010036870B50B4A5D68D3
:107A6000040095420DD10D211B689847002807D0CE
:107A700023680A211B6820009847431E9841013063
:107A800070BD02220249A847FAE7C046817900107A
:107A9000C4200110F0B5D6464F464646C0B506682C
:107AA000050073680F1E9A4635D0080009F062F988
:107AB0001E4B804699469A4531D10024002804D1B6
:107AC0000CE001342E68A04506D02800395D3368EB
:107AD00098470028F5D12E6873689A46CA4514D194
:107AE0000D21280033689847002808D02B680A2108
:107AF0001B6828009847431E98410019441C200029
:107B0000E0BCBA46B146A846F0BD022228000849AA
:107B1000D0472418F3E7054B00249946DEE702001E
:107B200039002800D0472E680400D5E7817900107D
:107B3000C420011070B5040003681B6898472368CF
:107B40000D4A5E680500964210D10D2120001B6889
:107B50009847002808D023680A211B68200098470E
:107B6000431E98414019451C280070BD0222200088
:107B70000249B0472D18F7E781790010C4200110A1
:107B8000F0B54746CE460D002023002180B58BB0CE
:107B9000160001AA0700D154012E35D909AC05E021
:107BA0003033DBB2013C237096420ED828003100FE
:107BB000FBF74CFD2A00CBB205000929F0D9373379
:107BC000DBB2013C23709642F0D9200009F0D2F8D4
:107BD0003E68114B7568804681469D4216D100284B
:107BE0000CD0002503E00135A94507D03E683800D8
:107BF000615D336898470028F5D1A84640460BB030
:107C0000C0BCB946B046F0BD0A26C7E70200210055
:107C10003800A8478046F1E78179001070B505006B
:107C20000C00002A04D10368C9B21B68984770BDD4
:107C30000A2A0DD100290FDA03682D211B68984705
:107C40000A22060061422800FFF79AFF8019EEE73A
:107C5000D2B2FFF795FFEAE70A22FFF791FFE6E7C6
:107C600070B50400FFF7DAFF23680E4A5E6805006E
:107C7000964210D10D2120001B689847002808D09B
:107C800023680A211B6820009847431E9841401929
:107C9000451C280070BD022220000349B0472D1862
:107CA000F7E7C04681790010C420011070B50400C8
:107CB000FFF7B4FF23680E4A5E680500964210D1B4
:107CC0000D2120001B689847002808D023680A214E
:107CD0001B6820009847431E98414019451C280006
:107CE00070BD022220000349B0472D18F7E7C046B7
:107CF00081790010C420011010B5002A04D1036856
:107D0000C9B21B68984710BDD2B2FFF739FFFAE736
:107D100010B5002A04D10368C9B21B68984710BD8A
:107D2000D2B2FFF72DFFFAE710B5002A03D103689E
:107D30001B68984710BDD2B2FFF722FFFAE7C04692
:107D400070B50400002A1AD10368C9B21B689847AD
:107D50002368124A5E680500964219D10D21200061
:107D60001B689847002808D023680A211B68200058
:107D70009847431E98414019451C280070BDD2B257
:107D8000FFF7FEFE2368054A5E6805009642E5D0CF
:107D9000022220000249B0472D18EEE78179001039
:107DA000C420011070B50400002A1AD10368C9B2BA
:107DB0001B6898472368124A5E680500964219D1ED
:107DC0000D2120001B689847002808D023680A214D
:107DD0001B6820009847431E98414019451C280005
:107DE00070BDD2B2FFF7CCFE2368054A5E6805007D
:107DF0009642E5D0022220000249B0472D18EEE756
:107E000081790010C420011070B50400002A19D136
:107E100003681B6898472368124A5E68050096420B
:107E200019D10D2120001B689847002808D023682D
:107E30000A211B6820009847431E98414019451CA1
:107E4000280070BDD2B2FFF79BFE2368054A5E682A
:107E500005009642E5D0022220000349B0472D18C4
:107E6000EEE7C04681790010C420011070B506000D
:107E70000C00002A04D10368C9B21B68984770BD82
:107E80000A2A0DD100290FDA03682D211B689847B3
:107E90000A22050061423000FFF772FE2818EEE763
:107EA000D2B2FFF76DFEEAE70A22FFF769FEE6E7C6
:107EB000F0B5DE464E4645465746E0B595B0994684
:107EC0001EAB1B78834698460192012B00D87BE0BD
:107ED000190046481F009CB2FBF790FB80B20123BB
:107EE0000022634301329BB2D2B28342F9D39A4655
:107EF0004B460292002B6DD00024019D5246002378
:107F000028004946FBF7E4FB83B21A00039353466B
:107F10005343ED1A029B89460190ADB2002B11D05C
:107F20001E19F6B239002800FBF768FB41462B000A
:107F3000220085B248430134181AE4B204AB9854C5
:107F4000B442EFD14B46002BD7D1019B5345D4D837
:107F5000039B002B11D04646039D39002800FBF7F8
:107F60004DFB01002B002200714301345B1A04A970
:107F700085B2E4B28B540028EFD1002C1CD0661ED1
:107F800004AB35009C465F46654408E0303138005C
:107F9000C9B2F6B29847013D002E0DD0013E3B68B4
:107FA00029781B680929F1D937313800C9B2F6B2EE
:107FB0009847013D002EF1D1200015B0F0BCBB4622
:107FC000B246A946A046F0BD0A230A240A279846CD
:107FD000074884E7019B534500D98DE76B469B8892
:107FE00000240393002BB6D1E6E7C046FFFF000054
:107FF00099190000F0B583B01D00089B060014001D
:10800000002B05D10368D1B21B68984703B0F0BDBF
:108010000A2B10D1002D0FDA03682D211B68984719
:108020000899070000236242AB4130000091FFF73E
:108030003FFF3818EAE7DBB2009322002B00300044
:10804000FFF736FFE2E7C04600B583B00499002988
:1080500005D10368D1B21B68984703B000BDC9B20F
:108060000091FFF725FFF8E770B582B0069904008C
:1080700000291BD10368D1B21B6898472368134AB3
:108080005E68050096421BD10D2120001B689847B1
:10809000002808D023680A211B6820009847431E47
:1080A00098414019451C280002B070BDC9B200912A
:1080B000FFF7FEFE2368054A5E6805009642E3D09E
:1080C000022220000249B0472D18ECE78179001008
:1080D000C4200110F0B583B01F00089B04001600F7
:1080E000002B1BD10368D1B21B6898470500236899
:1080F0001D4A5E68964228D10D2120001B689847D2
:10810000002808D023680A211B6820009847431ED6
:1081100098414019451C280003B0F0BD0A2B1AD124
:10812000002F19DA03682D211B689847089900234E
:108130007242BB41050000912000FFF7B9FE2368A1
:10814000094A5E682D189642D6D0022220000749BF
:10815000B0472D18DFE7DBB2009332003B00200070
:10816000FFF7A6FE0500C2E781790010C4200110C8
:10817000F8B54746CE4680B51D00089B80461700DF
:10818000002B01DA022308933A002B003800290063
:10819000FBF71DFD002800D0FCE001226C00640804
:1081A000380021008C4B5242FBF711FD002809D109
:1081B000012238002100884B5242FBF7F3FC0028D3
:1081C00000D196E0E02238002900844B1206FBF72C
:1081D000F9FC002800D077E0E02238002900804B2D
:1081E0001206FBF7D9FC002800D0B8E000220023DB
:1081F00038002900FBF7D0FC0024002800D08DE0D7
:10820000089B002B00D19BE0002600207549764B8F
:108210000022FBF768FC0136089BF6B29E42F6DBB3
:1082200002000B0038002900FBF758FC0F00060085
:10823000FBF71CFD8146FBF7D9FC0B00020039005F
:108240003000FBF746FC0A2206000F004046494674
:10825000FFF796FC43461B6804195A689146634A27
:10826000914500D0B2E01B682E2140469847431E3E
:108270009841089B041999465B4B00223000390055
:10828000FBF74BFC0F000600FBF7F0FC0A22010095
:1082900005004046FFF774FC24182800FBF7A6FCF5
:1082A0000B00020039003000FBF713FC01235B4296
:1082B0009C46E1444B4606000F00002BDCD1200019
:1082C000C0BCB946B046F8BD43461B68474A5C6827
:1082D00094422FD10024464D04E00134032CEED00B
:1082E00043461B684046295D1B6898470028F4D127
:1082F000E5E743461B683D4A5C68944244D100244C
:108300003C4D04E00134032CD9D043461B68404661
:10831000295D1B6898470028F4D1D0E743461B68C5
:108320002D211B684046984780231B069C4604006D
:10833000654465E7032240462D49A0470400BEE797
:108340000022284B38002900FBF7C8FBFBF78EFC06
:108350000A2201004046FFF713FC2418AFE743460A
:108360001B68224A5C689442E4D10024204D04E05A
:108370000134032CA3D043461B684046295D1B688B
:1083800098470028F4D19AE7032240461949A047AC
:10839000040094E743461B68144A5C6894420FD17A
:1083A0000024154D05E00134032C00D187E7434636
:1083B0001B684046295D1B6898470028F3D17EE77B
:1083C000032240460C49A047040078E701224046BA
:1083D0000A49C8474DE7C046FFFFEF7FFFFFEF4167
:1083E000FFFFEFC10000E03F000024408179001052
:1083F000CC200110C8200110BC1B0110803A0110D4
:1084000000B583B004990091FFF7B2FE03B000BD40
:1084100070B5040082B006990091FFF7A9FE2368A9
:108420000E4A5E680500964211D10D2120001B689E
:108430009847002808D023680A211B682000984725
:10844000431E98414019451C280002B070BD02220D
:1084500020000349B0472D18F6E7C0468179001087
:10846000C4200110002330B51400102285B0009301
:1084700001930393036802929D6922686B46A847A3
:108480006B461A79062300201340062B02D1009B6D
:108490000130236005B030BD009B981A431E9841FF
:1084A00004234042984306307047C04610B504008C
:1084B000034B0833036000F0F1F8200010BDC04604
:1084C0000021011010B50400054B0833036000F0D3
:1084D000E5F82000082100F045F8200010BDC04656
:1084E0000021011070B516001D00069A049B0400BF
:1084F00093420ED02900200000F0D4F8002806D0C6
:10850000079B049A1E711A600123079A9371002039
:1085100070BD059900F0C6F80028EBD0079B5E718E
:10852000F5E7C04670B515001C0000F0BBF8002848
:1085300004D00823E360023B2560237170BDC04670
:10854000F8B505000C0017001E0000F0ABF800287D
:1085500007D1032E05D823683A00290020005B6963
:108560009847F8BD10B500F0B5F810BD10B504007F
:10857000034B08330360FFF799FF200010BDC0468E
:108580006021011010B50400054B08330360FFF7AC
:108590008DFF20000C21FFF7E5FF200010BDC04635
:1085A00060210110F0B583B01E00089B05000F008C
:1085B000140093420AD0A868089A036800921D6AC2
:1085C000220033003900A84703B0F0BD310000F0AD
:1085D00069F80028EFD00620F6E7C046F0B5C64699
:1085E00000B50D0084B01900060090461F0000F091
:1085F00059F8041E18D10A9B0C9A934231D00D9A57
:10860000B0682900036803920C9A02920B9A0192B7
:108610000A9A0092DC6942463B00A0470400200011
:1086200004B080BCB846F0BD0D9B0A9A1A60424661
:108630001A71002D0EDB0A9B00249C460C9B65449E
:108640005D1B6B425D4105236D421D400D9B013555
:108650009D71E4E70024AB1CE1D101230D9A9371D5
:10866000DDE730000B9900F01DF80028C7D0424626
:108670000D9B5A71D3E7C046F8B507000C001500F2
:108680001E00FFF74FFF002806D1B8682A000368D4
:1086900021009F693300B847F8BDC0467047C04607
:1086A0000020704710B5814211D0406803782A2B12
:1086B0000BD049680B782A3B5A425341C91808F03D
:1086C00015FB43425841C0B210BD0020FCE7012019
:1086D000FAE7C04610B5FBF7ABFB10BD70B580479D
:1086E00007F064FB06F026FE07F060FB0D000400B7
:1086F00006F05AFE6B1C02D1200006F09BFD06F02E
:108700009DFCC046024B10B51868FFF7E7FFC04656
:10871000D415002010B58047FFF7F4FF024B10B5C9
:108720001868FFF7F7FFC046D0150020014B186806
:108730007047C046D4150020014B18687047C046EA
:10874000D015002070B53D4B82B01A78002A44D174
:1087500001221A7007F076FA002834D0446800210C
:1087600023782A3B5A425341E41801235B420022FA
:108770000193200001AB06F0E7FB314D06002B68AA
:108780003022DB6801212F4807F068FD019B002B98
:1087900013D02B682000D96807F082FB2B680222D7
:1087A000DB680121284807F059FD019B002B02D10D
:1087B0003000FBF73DFB07F00DFA2B683000D9685D
:1087C00007F06EFBEAE71E4B2D221B680121DB68D8
:1087D0001E4807F043FD07F0E9FA194B1D221B68FC
:1087E0000121DB681A4807F039FD07F0DFFA0C00B9
:1087F000012919D106F09EFD03689B6898472B68F4
:1088000006000B222100DB68124807F027FD2B68C9
:108810003000D96807F044FB2B680A20D96807F0BC
:10882000CDFA06F0C1FDD6E706F084FD06F0BCFDEA
:10883000D1E706F0B9FD06F001FCC046522C00203D
:10884000D8150020C4210110F8210110FC210110CD
:10885000A42101102C22011070B5040050291CD84D
:108860000F4D880028588746002A16D0002B14D0B8
:108870006569A069854210DA2669A800B446002619
:108880004019800060440135466086606561017072
:10889000C260036170BD002AEAD10020FAE7C04639
:1088A00038220110F8B5CE46474680B5C5680600A7
:1088B0002C786E2C27D0303CE3B2092B2ED8002325
:1088C0009846174B00279946013507E04B460A2189
:1088D000181B0135FAF792FEB84212DBBB00DF1914
:1088E0007F00F5603F192C78303CE3B2092BEDD9BD
:1088F0004346002B00D07F423800C0BCB946B0468A
:10890000F8BD0127F7E76B1CC3606C78303CE2B21E
:10891000092A03D81D0001239846D2E70027EBE778
:10892000FFFFFF7F10B50400002908D1C3681A7843
:10893000002A01D1002010BD5A1CC2601978682994
:108940000AD07629F6D12000FFF7ACFFE3681A7849
:108950005F2AEFD10133E3602000FFF7A3FFE36854
:108960001A785F2AE6D101330120E360E3E7C046CD
:1089700010B5C3680A00197852290DD04F2901D0CB
:10898000100010BDC16A0331C16220210133C360F0
:108990000023FFF761FFF4E7C16A0231C1621F21C2
:1089A000F4E7C04670B505000C1E15D08E2080215E
:1089B0001A4E4000C900A368012B0DDC2A588A42D8
:1089C0000ADC0133A3602378502B05D89B00F358B1
:1089D0009F46E468002CEED170BD2469FAE7A2211D
:1089E00049006B5801336B50E1688E2601327600E6
:1089F0002800AA51FFF7D6FF28002169FFF7D2FF10
:108A0000AB59013BAB51E7E7E1680B78052BECD1A3
:108A10009C2040002B5801332B50E6E77C230110AB
:108A200010B5C36804001A785F2A09D15A1CC260C5
:108A30005A785F2A06D0FFF735FFC043C00F00E029
:108A4000012010BD0233C360FFF72CFF00280ADBB2
:108A50000928F5DDE36800201A785F2AF1D1013397
:108A6000E3600130EDE70020EBE7C046002806D1C7
:108A700008E0002908DD00690139002803D00378E7
:108A80002F2BF6D0002070470029FBD1C068FAE7F1
:108A9000F0B514005268C64694464B1CA568634462
:108AA00007000E0000B5AB4215D8E568002D0FD1C8
:108AB000636820689C46320060443900FBF7CAF9BD
:108AC000236862689B199D5463689C46664466608F
:108AD00080BCB846F0BDE268002AF9D1002D02D171
:108AE000022B0DD902356D00AB42FCD8290020685D
:108AF000FBF78CF98046002804D02060A560D4E7FD
:108B00000225F3E72068FBF793F94346236063608F
:108B1000A3600123E360DBE702780300722A12D02E
:108B2000562A10D04B2A0ED00020442A0CD15B7854
:108B3000243A190091434F2905D00122773BDBB23B
:108B40009A42404100E001207047C04680235B000C
:108B5000C35870B504000D00FF2B08D0591C8022AB
:108B60005200A150E55482235B00E55470BD002201
:108B7000C25486235B00C258043BFF21C358984768
:108B800094225200A35801210133A3500023E6E7A9
:108B90008822520003008058002814D043681869C6
:108BA000CB68002B0CDB002806D109E0002B08D095
:108BB0000069013B002803D002782F2AF6D000205C
:108BC0007047C068FCE7012108329950F8E7C046B9
:108BD00070B505000C1E0FD00D4E23784C2B0DD810
:108BE0009B00F3589F4621002800FFF7D1FF002883
:108BF00002D003782F2B00D0002070BD2800E16840
:108C0000FFF7E6FF0028F8D12469002CE5D1F3E74F
:108C1000C0240110F0B5D6464F4646460500C0B503
:108C200008000C0008F0A6F800282AD000228023B3
:108C300092460D32FF3291465B00043A9046EB5863
:108C400027180AE01900013380225200AB5001348A
:108C500004326E54AE54A74213D02678FF2BF1D1C4
:108C60005246EA544B46EA584346FF21EB58280047
:108C7000984794225200AB5800210133AB50012396
:108C8000E2E7E0BCBA46B146A846F0BD10B5C368FD
:108C900004001A78542A23D15A1CC2605A785F2AD9
:108CA00020D06E2A1CD0FFF7FDFD421C18D4E368CB
:108CB00019785F2914D10133E3606369A1698B429C
:108CC0000EDA216998008C460021C01880006044AB
:108CD00001334160816063610523C260037000E07D
:108CE000002010BD02330022C360E6E7F0B5D6468F
:108CF0004F464646C0B588B00A0005001D4901A888
:108D0000FAF706FC01A808F035F800282BD000225D
:108D1000802392460D32FF3291465B0001AC043A4B
:108D20009046EB5827180AE01900013380225200C0
:108D3000AB50013404326E54AE54A74213D026789F
:108D4000FF2BF1D15246EA544B46EA584346FF21E5
:108D5000EB582800984794225200AB580021013369
:108D6000AB500123E2E708B0E0BCBA46B146A846E2
:108D7000F0BDC0467C33011070B50400FFF792FDD2
:108D8000051E46DDE66863689B1B98423FDCA268CF
:108D90003318E360520702D51A78242A3BD0092DF4
:108DA00024DD082230002C4908F0E6FD002806D119
:108DB000337A2E2B34D05F2B32D0242B30D0636902
:108DC000A269934223DA2269980094460022C018CF
:108DD0008000604401334260826063610023C660AA
:108DE0004360836003700561A06270BD6369A2691E
:108DF00093420CDA2269980094460022C018800041
:108E000060440133426082606361002EE6D100203D
:108E1000EAE70020E9E70133E360092DC1DCE5E77B
:108E2000737A4E2BCBD1E36AA26916335D1B63695B
:108E3000E5629342EBDA22699800C0189446013348
:108E40006361002380006044436083600370034BD0
:108E5000C36015230361C7E7803301108C33011011
:108E6000F0B5C64600B5C36804001A78532A28D165
:108E70005A1CC260587800280ED09A1CE2605878BC
:108E80005F2843D00300303BDAB20025092A30D9ED
:108E90000200413A192A2CD90823A26813401D0068
:108EA0006A1E9541002B01D1002939D1504B742203
:108EB0001900C43100E01A78824238D01C338B424A
:108EC000F9D10025280080BCB846F0BDEB005B1945
:108ED0009B001B18303B9D42F3D8E26810780028B5
:108EE00004D0511CE16010785F2817D01D000300EA
:108EF000303BDBB2092BE9D90300413B192BE0D809
:108F0000EA00521993001B18373BE4E70023226A5A
:108F10009A42D6D9E2699B009D58D3E70133F6E720
:108F2000E3681B78433B012BC0D80D00BEE75E69A8
:108F3000002E55D09A69A06994466269824254DA3B
:108F400027699100B84600278918890041440132F9
:108F50004F608F606261CE60664618370F700E6199
:108F6000A162002D39D0DE681969E36A5B18E362FB
:108F7000904238DD236995009C460023AD18AD0072
:108F800065446B60AB600132183362612B70EE6038
:108F90002961E3681A78422A94D1A66A0133E36012
:108FA0002000FFF7E9FE2A0003004C212000FFF714
:108FB00053FCE36805001A78422AEFD0A662002825
:108FC00000D17EE7236A626A934200DB79E7E169B8
:108FD0009A0001335050236274E75E689968C4E7D1
:108FE000A0696269BDE70025D3E70021B8E7C04664
:108FF000B02B0110F0B54F46D6464646C0B58F1887
:1090000005000C00B94252D280235B009846002331
:1090100099460DE04346EB58FF2B35D05A1C41468C
:109020006A50EE5482235B00EE540134A7423ED9CD
:1090300026783B1B032BEDDD5F2EEBD160785F289C
:10904000E8D1A378552BE5D1E31C9A469F42E1D99C
:10905000002253461E783300303BD9B2092907D984
:10906000113B052B03D93300613B052B24D80A3370
:1090700012019A1801239C46E2445745E9D1434620
:10908000EB585F26FF2BC9D14A46EA5486235B0082
:10909000EA58043BEB58FF212800984794225200DD
:1090A000AB580133AB50283A0023FF3AB7E7E0BC96
:1090B000BA46B146A846F0BD574522D95F2EDED14B
:1090C000FF2AA7D84346EB58D4B2FF2B08D041461D
:1090D0005A1C6A50EC5482235B00EC545446A4E7BB
:1090E0004A46EA54862209335200EB58AA58FF2117
:1090F0002800984794225200AB580133AB5000230C
:10910000E5E7060086E7C046F0B5C64600B5C66886
:10911000040082B03000FFF7FFFC002828D132782D
:109120001300303BDBB24A2B1CD8D3499B00CB58F1
:109130009F460123256B2000236301F023FB256359
:109140000200002343212000FFF786FB051E01904B
:1091500008D0E3681A78002A04D05A1CE2601B7811
:10916000452B59D00025280002B080BCB846F0BD80
:109170000022200001A901F06FFD051EF2D0E36876
:1091800020001B78462B1BD0FFF7BEFF286000286D
:10919000E8D003781F3B012B05D8019AC368C26051
:1091A0002A6801922B60019D002DDBD0236A626A40
:1091B0009342D7DAE1699A00013355502362D2E72E
:1091C00000F02AFC2860E2E7613A93009A18AB4B62
:1091D0009200D218A16963698B4200DB08E3216920
:1091E00098008C460021C0188500654401336960F1
:1091F000A960636127232B705368EA60E26A013635
:1092000094466344E362E660ADE7200000F0D6FDDB
:1092100005000190002DA5D0236A626A9342A1DA6D
:10922000E1699A0055500133019D23629BE77378F1
:109230001A00303A092A05D95F2B03D0413B192B7C
:1092400000D998E200212000FFF70AFEE3680190B0
:109250001A780500492A00D085E70133E360200031
:1092600001F0DCFD2A00030004212000FFF7F4FADE
:1092700005000190CEE701362000E660FFF744FFCD
:109280000023020023212000FFF7E6FA05000190E9
:10929000C0E701362000E660FFF736FF002302003A
:1092A00022212000FFF7D8FA05000190B2E701362D
:1092B0002000E660FFF728FF0023020024212000A1
:1092C000FFF7CAFA05000190A4E701362000E66026
:1092D000FFF71AFF0023020026212000FFF7BCFA47
:1092E0000500019096E701362000E660FFF744FD97
:1092F0000023020028212000FFF7AEFA05000190AC
:1093000088E7200000F088FB0500019082E7731CCD
:10931000E3607378002B00D124E7B31CE36073781B
:10932000463BDBB2302B00D91CE7554A9B00D35893
:109330009F4601362000E660FFF7E6FE00230200AC
:1093400025212000FFF788FA0500019062E7013629
:109350002000E660FFF710FDE36801901A78050031
:10936000492A00D1EDE12000FFF7CEFE21210200C5
:10937000019B2000FFF770FA050001904AE72000EA
:10938000FFF784FCE668019033780500492B00D094
:1093900040E7636B002B00D0F9E1002800D1E1E643
:1093A000236A626A934200DBDCE6E1699A000133DA
:1093B0005050236232780023493A012A05D80136F9
:1093C0002000E66001F02AFD03002A004CE7711C32
:1093D000E16073785F2B00D1B1E1303B092B00D9FC
:1093E000BCE10B001E000133E3601A78303A092A11
:1093F000F8D96269A0695F1A824200DBB2E620698F
:10940000950084460020AD18AD00654401326860C7
:10941000A8606261002F00DCA4E6E96019006860C2
:10942000A86028702F6172785F2A00D09AE6013117
:10943000E1602000FFF768FE2A0003002A212000D7
:10944000FFF70AFA05000190E4E601362000E66025
:10945000FFF75AFE051E00D184E62000FFF754FEF8
:10946000031E00D17EE62A002B212000FFF7F4F92D
:1094700005000190CEE6C046F4250110D43001105D
:10948000202701106369A269934200DBB4E12269DD
:109490009D0094460022ED18AD00654401336A60DA
:1094A000AA6063612C23092101952B70B378303BAE
:1094B000DBB2994252412A82092B03D82000FFF7E0
:1094C000F1F9019D2000FFF71FFE019BE860DB68BA
:1094D000002B00D146E62000FFF7E4F9E26813789C
:1094E000002B02D0531CE3601378733B5A42534164
:1094F000019D6B8237E66369A269934200DB31E626
:1095000022699D00ED189446013363610023AD008C
:1095100065446B60AB602B70B94BEB600E232B6125
:1095200021E66369A269934200DB1BE622699D0084
:10953000ED189446013363610023AD0065446B6010
:10954000AB602B70AF4BEB6004232B610BE66369C0
:10955000A269934200DB4BE122699D009446002200
:10956000ED18AD00654401336A60AA60636127238A
:109570002B70A54BEB60E36A0433E362F3E56369A8
:10958000A269934200DB33E122699D0094460022E8
:10959000ED18AD00654401336A60AA60636127235A
:1095A0002B709A4BEB60E36A0933E362DBE5636996
:1095B000A269934200DB1BE122699D0094460022D0
:1095C000ED18AD00654401336A60AA60636127232A
:1095D0002B708F4BEB60E36A0A33E362C3E5636988
:1095E000A269934200DB03E122699D0094460022B8
:1095F000ED18AD00654401336A60AA6063612723FA
:109600002B70844BEB60E36A0933E362ABE563697B
:10961000A269934200DBEBE022699D0094460022A0
:10962000ED18AD00654401336A60AA6063612723C9
:109630002B70794BEB60E36A0833E36293E520001B
:10964000FFF762FD002302004B212000FFF704F921
:1096500005000190DEE56369A269934200DBC7E083
:1096600022699D0094460022ED18AD006544013347
:109670006A60AA60636127232B70684BEB60E36A22
:109680001133E3626FE56369A269934200DBAFE0E7
:1096900022699D0094460022ED18AD006544013317
:1096A0006A60AA60636127232B705D4BEB60E36AFD
:1096B0000833E36257E5B3785F2B00D18BE0636931
:1096C000A269934200DB4DE522699D009446002289
:1096D000ED18AD00654401336A60AA6063614223FE
:1096E00020002B70FFF7DEF8E860E3681A785F2A45
:1096F00000D037E50133E3602000FFF705FD2A00C5
:1097000003002D212000FFF7A7F80500019081E557
:109710006369A26993426BDA22699D009446002234
:10972000ED18AD00654401336A60AA6063612723C8
:109730002B703C4BEB60E36A0733E36213E50025D3
:1097400075E60133E360200001F068FB2A000300A6
:1097500004212000FFF780F8019004E60123266B26
:109760002000236301F00EF82663051E00D1F9E402
:10977000E1680A7858E6200000F020FB051E019001
:1097800000D1EFE40378182B00D045E5EBE46369E2
:1097900020009846731CE360276AE56A01F03EFBEF
:1097A000E3681B78492B06D04346E562E660019DDD
:1097B000636127622EE5019A002A00D1D2E4236A70
:1097C000616A8B4200DBCDE4E569990001334A51BF
:1097D0002362030048E503365E3BE6602000266B0B
:1097E000236300F0CFFF2663051E00D07DE7B9E4B8
:1097F00000230193DB68FFDE00231B70FFDEC04601
:10980000AC330110A433011018330110DC32011005
:1098100004330110F032011040330110683301109D
:10982000543301102C330110F0B5C64600B5C3689F
:1098300080461E78002E1DD100239C464525002120
:10984000414F6A1AD30F9B185B105B181A01BA18A4
:1098500014682078B04207D00AD91D00A942F0D17F
:10986000002080BCB846F0BD6078604536D0F4D8A2
:10987000591CF3E75A1CC2605A781E789446002A95
:1098800002D1762EDAD0D7E79A1CC2605B789C466C
:10989000762E3AD11D00303DEBB2092BCED8FFF722
:1098A0006BFA434641465B69896902008B42D7DA0D
:1098B0004146096944468C4600219800C018800042
:1098C00060440133416081606361002AC8D0332362
:1098D000416081600370C5600261C2E74346414652
:1098E0005B6989698B42BBDA4146096998008C46FD
:1098F0000021C0188000604441608160414601330E
:109900004B613223C2600370ABE7632E96D1762B96
:1099100000D093E7026B456B534253414363FFF71B
:10992000F3FB43465B6B0200002B07D0002335217D
:109930004046FEF791FF43465D6392E700233421E2
:109940004046FEF789FFF6E7742C0110002330B57E
:10995000C26883B001931378040001AD002B15D1C8
:1099600025E04F2B18D02000FFF7CEFB021E1ED0A3
:1099700000232E212000FEF76FFF2860002816D05C
:10998000E268103013780500002B08D0452B06D074
:109990002E2B04D0522BE4D15378452BE3D10198E0
:1099A000002804D00369002B03D003B030BD002091
:1099B000FBE7C26811782729F7D1D268117C092901
:1099C000F3D15268E16A8A1AE262C360EDE7C046E9
:1099D00070B5C36804001A784A2A19D000290FD03C
:1099E0002000FFF791FB051E10D02000FFF7AEFF0F
:1099F000031E0BD02A0029212000FEF72DFF70BD89
:109A00002000FFF7A3FF0025031EF3D10020F6E797
:109A10000133C360E4E7C046836810B504005B030C
:109A20000DD48023826B1B019A420CD8531C836394
:109A3000C36800201978462907D0A26304E0C368F0
:109A40001A78462A01D0002010BD5A1CE2605A78CC
:109A5000592A01D10233E36001212000FFF7B8FF4A
:109A600001002000FEF784FFE3681A78452A07D03A
:109A70000020A3685B03E7D4A36B5A1EA263E3E74D
:109A80000133E360F5E7C046F0B5C64600B5C368EC
:109A900004001A7811003039092961D9110061399F
:109AA000192912D86F2A00D1A3E02000FFF7BCFECD
:109AB000061E02D00378322B6CD0E3681978422955
:109AC00055D0300080BCB846F0BD110043390129A3
:109AD00000D895E04C2A7ED0552A00D087E05A78ED
:109AE0006C2A00D1E0E0742A00D080E05A1CC260E9
:109AF0005978742900D0A4E09A1CC2609A785F2A31
:109B000000D14DE16E2A72D0FEF7CCFEE3681978E1
:109B1000421C00D593E05F2900D090E00133E36060
:109B20006369A1698B4200DB22E121699E008C46BA
:109B30000021F618B600664401337160B1606361BC
:109B400048233370F260236A626A934200DB0FE1BC
:109B5000E1699A00013356502362E3681978AEE751
:109B6000FFF70AF9E368060019784229A9D1A56A26
:109B70000133E3602000FFF7FFF8320003004C21BF
:109B80002000FEF769FEE368060019784229EFD04D
:109B9000A56296E7C268E36A916807338C4663441E
:109BA000E36213681A786C2A00D086E75A78692A2B
:109BB00000D082E79B78002B00D07EE72000FFF7E3
:109BC000DBF83200030037212000FEF745FEE36892
:109BD0000600197873E70133C360FFF7CDF8061E5E
:109BE00005D02000FEF71CFF002800D065E7002606
:109BF00067E75A786E2A00D057E70233C36054E70C
:109C0000856A002D04D0297800290DD018290BD0A1
:109C1000432A00D188E059783039C9B2052940D8A3
:109C20006548890041588F462969E26A8C4662443A
:109C3000E26219780A00432976D04429EBD0002645
:109C40003DE7130000263AE7012294466269A169C4
:109C50009F1CE7608A4200DB9EE0216990008846F5
:109C6000002180188600464401327160B160626153
:109C7000002D00D190E00822327062467160B16020
:109C80003273356199783B0019E703229446DDE78A
:109C900005229446DAE704229446D7E70222944646
:109CA000D4E7110000260AE75A1CC26059786C29D3
:109CB000C7D10233C360FFF749FEE3680500197896
:109CC0000028BCD04529BAD15A1CE2605A785F2AD4
:109CD0006AD06E2A8BD02000FEF7E4FDE368197885
:109CE000471CACD45F29AAD10133E3606269A16942
:109CF0008A423EDA216996008C460021B618B600E9
:109D0000664401327160B160626146223270226A3B
:109D1000616AF56037618A422BDAE06991000132AD
:109D20000E5022621978CAE65A78492A24D01100C6
:109D30003139042900D95AE7303A0233D7B2E36007
:109D40006369A269934213DA22699800944600225B
:109D5000C0188600664401337260B2606361002DF2
:109D600006D007237260B260337037733561A4E6A2
:109D7000E36800261978A2E6581CE0609A78110082
:109D80003139042914D80333303A2000E360D7B2C4
:109D9000FFF7BAF9A56AD3E7997800263B008EE66B
:109DA00003330022C360BBE602330027E3609DE774
:109DB00059780026030082E6E4270110F0B5D64664
:109DC0004F464646C0B5C2680400137882B0552B92
:109DD00059D01DD84E2B00D1D0E0532B5DD15378F4
:109DE000742B00D172E00021FFF73AF8E268050019
:109DF0001378492B4AD101322000E26001F00EF8BD
:109E000003002A0004212000FEF726FD05003DE0A6
:109E10005A2B42D1531CC3605378472B02D0542B8A
:109E200000D0F6E0200000F023FA0500002D00D15C
:109E3000A2E0E3681A78452A00D09DE05A1CE2604F
:109E40005A78732A00D15DE1642A00D1E6E020004F
:109E5000FFF7B4FF061E0AD0FD220378463B1342EB
:109E600005D02000FEF7DCFD002800D184E02B782F
:109E7000032B00D13EE12A00330002212000FEF72F
:109E8000EBFC050002E0FFF7FFFD0500280002B033
:109E9000E0BCBA46B146A846F0BD2000FFF7F4FD8D
:109EA000E26805001378492BF0D1002864D0236ABA
:109EB000616A8B4260DAE069990001330D502362D8
:109EC000117800234939012995D99AE70232C260F5
:109ED00043698269934200DB31E102699D00ED181C
:109EE0009446013343610023AD0065446B60AB6071
:109EF0002B70A04BEB6003232B612000FFF7C4FD08
:109F00002A00030001212000FEF7A6FCE36AE268B4
:109F10000333E36213780500492BB7D100282BD017
:109F2000236A616A8B4227DAE069990001330D5098
:109F30002362117800234939012900D961E75AE7E2
:109F400020225B7820009343542B5ED0FFF79CFDCA
:109F50000500002F3AD001212B003A002000FEF727
:109F60007BFC0500532E31D12F00E3681E78002EB4
:109F700019D1002342461360002587E70132C260F1
:109F800001A9012200F068FE80460028F4D00021DB
:109F90002000FEF7EDFCE36881461E78002EE8D035
:109FA000012200279246442ECAD03200303AD2B263
:109FB0001C2A6BD93200613A192A69D82000FFF7B0
:109FC00063FD0500002FC6D1CCE70500E3681E78CD
:109FD000452E0CD0002DCCD0226A616A8A42C8DAA4
:109FE000E069910001320D502F002262BEE7152278
:109FF0006149D14052468A4358D12000FFF744FDC1
:10A00000002DE2D02F000500A5E7FFF77DF8050041
:10A010009FE7002100F0B4F8050007E79A1CE26012
:10A020009A785F2A00D198E06E2AA5D02000FEF72A
:10A0300039FC013080469FD4E3681A785F2A9BD1AF
:10A040000133E3602000FFF7B9FE071E09D0FD22AF
:10A050003B78463B134204D02000FEF7E1FC002889
:10A060008AD06369A26993427CDA22699E00944691
:10A070000022F618B600664401337260B260636174
:10A08000472333704346F7603361F0E63D00AFE7A6
:10A090003D00552EB1D0532E08D101212000FEF7EE
:10A0A000DFFE0500002F00D055E75DE7492E48D0C0
:10A0B000542E59D0452E09D04D2E00D059E7002DF1
:10A0C00000D156E701332F00E3604FE743461D60A0
:10A0D000002D00D150E74B46002B02D0019A01938E
:10A0E000DA60E3681A78452A00D045E70133019D1C
:10A0F000E360CBE62B691A78292A00D0BBE6002260
:10A10000DA60B8E602332000E360FEF789FC00283D
:10A1100000D131E76369A269934223DA22699E0084
:10A12000F6189446013363610023B60066447360F9
:10A13000B3603370114BF3600E23336197E6002553
:10A14000DBE6002D00D114E701332000E36000F0CE
:10A1500065FE2F0004210500FEE60333E3600023C3
:10A1600098466FE7002682E62000FEF78FFD2F005D
:10A170000500EEE6CC330110FF030810BC330110DC
:10A1800070B505000E00FFF719FE041E48D0002E22
:10A1900018D0AB68DB0715D423784D2B37D033D8D4
:10A1A0001A001C3A042A32D9022B09D12269002A4A
:10A1B00036D013784D2B2FD02BD81C3B042B2BD90A
:10A1C000200070BDEB681B78002BF9D0452BF7D031
:10A1D00022001378042B32D024D8022B02D112692A
:10A1E000002AF6D100212800FFF7F2FB031E17D04A
:10A1F000002E02D12278022A35D022000321280025
:10A20000FEF72AFB0400DBE74F3B012BD8D8E468BC
:10A21000C2E74F3B012BD3D8D2682261002AC8D1B4
:10A220000024CDE74D2B03D004D94F3B012BD9D8C7
:10A23000D268D5E71C3B042BD4D8D268D0E7D368CA
:10A24000002B0AD01978082909D80629CAD801395B
:10A25000012902D81B69002BF4D10121C3E735394C
:10A260004B1E9941BFE70278292AC6D1C660C4E7D0
:10A27000F8B5C16ACE4647460B0080B51433C362B9
:10A28000C36804001A78542A5BD0472A65D15A1C47
:10A29000C2605A78002A60D09A1CC2605A78542A48
:10A2A00000D19EE05ED9562A00D191E0722A54D1A5
:10A2B000FEF7F8FA012850DDE3681A78002A4CD03E
:10A2C0005D1CE5601B785F2B47D11E3B00220027F9
:10A2D0009846461E2B78002B3FD0242B00D074E1EB
:10A2E0006B78532B00D196E15F2B00D191E1242BA9
:10A2F00033D124206169A369994200DB93E1256988
:10A300008B00AC465B189B00634401315F609F602B
:10A31000616141461970E168D8608D1CE560023EBC
:10A32000002A00D173E140212000FEF795FA021EB9
:10A3300013D0002ECEDC00233F212000FEF78CFA44
:10A340000CE05A1CC2605A78002A06D09A1CC260DF
:10A350005B78413BDBB2352B27D90020C0BCB94626
:10A36000B046F8BD412A24D0522AF6D1FFF726FD87
:10A370006369A2690600934251DA22699D009446FE
:10A380000022ED18AD00654401336A60AA60636184
:10A39000422320002B70FEF785FAE8602B00320084
:10A3A00016212000FEF758FAD8E7AE4A9B00D35892
:10A3B0009F469B78472B01D0542B2BD12000FFF7D1
:10A3C00057FF0200002317212000FEF745FAC5E7DA
:10A3D000FFF7F4FC0023020013212000FEF73CFAF3
:10A3E000BCE79A78002A00D117E1DA1CC2609A789B
:10A3F000DB786E2A15D0472B02D0542B00D00CE10D
:10A400002000FFF735FF0200002349212000FEF75E
:10A4100023FAA3E70021FFF7B3FE0200D2E70025ED
:10A42000BCE7472B00D112E1542B00D10FE10021F2
:10A43000FFF7A6FE020000234A212000FEF70CFAD7
:10A440008CE77621FEF76EFA002800D185E7E368F5
:10A450001B78472B00D1F0E0542B00D1EDE0002118
:10A460002000FFF78DFE0200002310212000FEF7E0
:10A47000F3F973E76821FEF755FA002800D16CE77D
:10A48000E3681B78472B00D1DCE0542B00D1D9E0E6
:10A4900000212000FFF774FE020000230F2120009E
:10A4A000FEF7DAF95AE70021FEF73CFA002800D15E
:10A4B00053E700212000FEF735FA002800D14CE7D1
:10A4C000E3681B78472B00D1C6E0542B00D1C3E0D2
:10A4D00000212000FFF754FE02000023112120007C
:10A4E000FEF7BAF93AE7FFF769FC002302001521ED
:10A4F0002000FEF7B1F931E7FEF706FE0500200067
:10A50000FEF7D0F9002800DA27E7E26813785F2B1E
:10A5100000D022E70132E2602000FEF7F5FDE36A99
:10A5200002000533E3620B212B002000FEF794F9B3
:10A5300014E700F049FC0023020030212000FEF760
:10A540008BF90BE7FEF7E0FD00230200122120004B
:10A55000FEF782F902E7FEF7D7FD002302000C2187
:10A560002000FEF779F9F9E6FFF728FC0023020046
:10A5700014212000FEF770F9F0E6FEF7C5FD002378
:10A5800002000E212000FEF767F9E7E60A31C162FA
:10A59000FEF7BAFD002302000A212000FEF75CF955
:10A5A000DCE6FEF7B1FD002302000D212000FEF7DE
:10A5B00053F9D3E60F31C162FEF7A6FD0023020076
:10A5C00009212000FEF748F9C8E6002104E06B5C91
:10A5D000002B04D0242B02D00131B142F7DB60699B
:10A5E000A369984223DA83001B189B0099462369CC
:10A5F00001309C464B46634460611F70E068DD603B
:10A6000045185F609F601961761AE56088E61A0058
:10A610008FE62E206EE62F206CE600212000FFF74B
:10A62000AFFD0200F0E6E3680233E36095E6E3681D
:10A6300000209C466144E16090E62000FFF718FE90
:10A64000020011E72000FFF713FE020025E72000BB
:10A65000FFF70EFE0200EEE62000FFF709FE020003
:10A660003BE7C046FC270110F8B5C2680400137828
:10A670004C2B32D1531CC36051785F2953D05A29D7
:10A6800012D15A1CE2605B78472B45D0542B43D043
:10A6900000212000FFF774FD0500E3681A78452AC1
:10A6A0001BD10133E36019E0FEF72EFD051E14D027
:10A6B0000378272B14D0E6683D2132786E2A25D006
:10A6C000452A58D0731C06E0E360180001335A1E77
:10A6D0001278452A2ED0002AF6D100252800F8BD90
:10A6E000C3681A7C002A03D0E26A5968521AE262EF
:10A6F0001868234906F0FAFA0028DCD1E6683278B7
:10A70000452A3AD06E2A01D03D21DBE7731CE36075
:10A7100072783E211E00D3E72000FFF7A9FDE36811
:10A7200005001A78BBE7931CC360927800255A2A6B
:10A73000B5D1A6E7801B6269A3699A4219DA276935
:10A740009300BC4600279B189B00634401325F6066
:10A750009F60626100280CDD5F609F601F70DE609B
:10A7600018612A002000FEF777F8E36805001A78E0
:10A7700095E70023F5E70020DDE70136E660ADE769
:10A78000D0330110F8B5C268040013784C2B00D107
:10A79000CFE0542B00D1D0E0732B00D16CE0662BBE
:10A7A0003BD01900303909290CD82000FFF76CF98B
:10A7B000051E00D1BBE0E3681A78492A00D1C0E049
:10A7C0002800F8BD6F2B68D0692B00D0C6E0537805
:10A7D0006C2B00D1E6E02000FFF726F8051E00D123
:10A7E000A5E00378322B5ED0342B00D1BAE100D93A
:10A7F0009DE0332B00D09AE0C368022B00D196E095
:10A8000000DD94E0002B00D005E12A000023362172
:10A810002000FEF721F80500D2E75378702BDAD13B
:10A82000931CC3609378542B00D121E15F2B00D19E
:10A83000EDE06E2B7BD0FEF735F8411C77D4E36852
:10A840001A785F2A73D10133E360C54B821C9942A9
:10A850006DD06369A1698B4269DA216998008C46E1
:10A860000021C0188500654401336960A9606361F7
:10A870000623EA602B70A3E75378722B7DD0702BF0
:10A88000A9D10232C260FFF77DFF002302004B21F5
:10A890002000FDF7E1FF050092E753786E2B9AD177
:10A8A0000232C26081E7E16AC2688C46936816682A
:10A8B000023B6344E3623378732B00D187E0D768AF
:10A8C000012F00D1AEE02FDD022F00D1D9E0032F00
:10A8D0002DD1712B00D0FEE07378752B00D0FAE0FB
:10A8E000B378002B00D0F6E02000FFF74BFF060006
:10A8F0002000FFF747FF07002000FFF743FF031E7C
:10A9000015D03A003C212000FDF7A6FF32000300DD
:10A910003B212000FDF7A0FF2A0003003A21200080
:10A92000FDF79AFF05004BE7002F00D16DE70025EA
:10A9300046E7FFF799FE050042E7FEF7A7F9050095
:10A940003EE70133E360200000F068FA2A000300CC
:10A9500004212000FDF780FF050031E7742B00D0B3
:10A9600039E753786C2B00D035E70232E2602000E3
:10A97000FEF7CAFBE268050017E00232C260FEF78C
:10A98000C3FB05002000FFF77FF8E36806001A7894
:10A99000492A2FD003002A0001212000FDF75CFF87
:10A9A00005000DE700250232E2601378002BBED0CF
:10A9B0005378002BBBD04521200000F015F92A0068
:10A9C000030031212000FDF747FF0500F8E671780C
:10A9D000742900D073E7B178002900D06FE7200018
:10A9E000FEF792FB03002A0037212000FDF734FF19
:10A9F0000500E5E60133E360200000F00FFA3200C5
:10AA0000030004212000FDF727FF0300C3E7033202
:10AA1000C26001221DE7012B89D12000FFF7B2FEA1
:10AA20000300E0E73278702A16D06D2A14D0002790
:10AA3000732B21D17378502B1ED1B378002B1BD1EF
:10AA4000200000F0EBF90300002FCCD01A003921D0
:10AA50002000FDF701FFC5E771789142E7D1E26878
:10AA600011785F29E4D10132E26000273378DFE713
:10AA70000332C2600022ECE62000FFF783FE0300F1
:10AA8000E2E7EB681B685A78632A00D17EE03378EE
:10AA9000662B00D188E02000FFF774FE07003378B2
:10AAA000632B3FD172786C2A3CD1B278002A39D11D
:10AAB0004521200000F098F8060033003A003921C3
:10AAC0002000FDF7C9FE2A00030038212000FDF711
:10AAD000C3FE050074E63378662B71D06E2B00D070
:10AAE00025E77378772B02D0612B00D01FE75F2119
:10AAF000200000F079F806002000FEF705FBE3686F
:10AB000007001A78452A6BD0702A5DD0692A00D0D8
:10AB10000DE75B786C2B00D009E72000FFF732FED1
:10AB20000300EEE6642B2AD17278742A27D1B2781A
:10AB3000002A24D12000FEF7A7FFE36806001A7858
:10AB4000492ABAD10133E360200000F067F93200EE
:10AB5000030004212000FDF77FFE0600ADE7C0469C
:10AB6000FFFFFF7FE3681A785F2A00D055E70133C3
:10AB7000E3604521200000F037F8030033E7702B35
:10AB800017D02000FFF7FEFD060096E71B781A009D
:10AB9000633A012A03D9723B012B00D977E72000E1
:10ABA000FEF7B2FA07007AE72000FEF73DFE070045
:10ABB00075E77378742BE4D1B378002BBAD0E0E753
:10ABC0002000FEF731FE92E65A78692A00D0AEE600
:10ABD0000233E3604521200000F006F8030090E610
:10ABE0000133E36000238CE6F0B5C646002300B5D0
:10ABF00082B00193C36804001A780E00012701ADEA
:10AC00008A420ED120E000232E212000FDF724FEF1
:10AC1000286000280FD0E36810301A780500B2428F
:10AC20000ED0236B200098462763FFF7ABFD434609
:10AC3000021E2363E7D1002002B080BCB846F0BDFD
:10AC400001330198E360F7E7013300222E21C3604E
:10AC50000023FDF701FEEFE7F0B5DE4657464E460E
:10AC60004546E0B5C56804008A4693461B232E7806
:10AC700083B0002A00D01E235A46DBB201931A2368
:10AC8000002A00D01D235A46DBB299461923002A18
:10AC900000D01C23DBB2984657461EE0562E3BD010
:10ACA0004B2E3FD06B78002B2DD0AB1CE3606D7822
:10ACB000782D52D06F2D3BD1E36A4F250933E362E3
:10ACC0000023002229002000FDF7C6FD386000287F
:10ACD00019D00C300700E5682E782800FDF71CFF1E
:10ACE000002840D06B1CE360722ED7D14546E36A42
:10ACF00000220933E362290000232000FDF7ACFDA8
:10AD000038600028E5D10027380003B0F0BCBB460E
:10AD1000B246A946A046F0BDE36A4D460933E36258
:10AD20000023CEE7E36A019D0633E3620023C8E710
:10AD30004F2D37D1E36A266B0933E36201232000EC
:10AD40002363FFF71FFD2663031EDCD0E268117842
:10AD50004529D8D10132E260B3E7E36A2B3D1133D4
:10AD6000E3620023ADE75B46002BCDD1462ECBD16D
:10AD70005745C9D01D241C221E3006E0192B0FD0C8
:10AD80000C239A468A445745BED0534619680B781F
:10AD90001A2B03D01B2BF1D10870F1E70C70EFE7F1
:10ADA0000A70EDE7772DAED1E36A20000633E36247
:10ADB000FEF7CCFD031EA6D0E26811784529A2D18A
:10ADC0000132E260273D7CE770B5C2680400137869
:10ADD0004C2B1DD007D8493B012B15D80132C2603E
:10ADE00000F01CF870BD582B0ED10132573B056B9B
:10ADF000C2600363FFF7C6FCE36825631A78452A3F
:10AE000009D10133E360EDE72000FEF77DF9E9E7C2
:10AE1000FFF72AFCE6E70020E4E7C04670B5C36808
:10AE200004001A78866A82B0452A1ED0002301AD3C
:10AE300001930DE000232F212000FDF70DFD286078
:10AE400000280AD0E36810301A780500452A07D098
:10AE50002000FFF7B9FF021EECD1002002B070BD48
:10AE600001330198E360A662F8E7013300222F2145
:10AE7000C3600023FDF7F0FCF0E7C046F0B545469F
:10AE8000DE4657464E46E0B50400150097B0002A4E
:10AE90001ED08C235B00C658002E1DD1117850297E
:10AEA00062D8E54A8B00D3589F4688235B00E2585E
:10AEB000012691464A680100E2502000FDF768FE35
:10AEC000002801D002F0F3FA88234A465B00E250E2
:10AED0008C2301225B00E25017B0F0BCBB46B246A7
:10AEE000A946A046F0BD002206AB98468A235B0027
:10AEF000E15806914146E15000238B601133FF3346
:10AF0000E3584D60CB60002A00D1B9E01121200048
:10AF100002F084FC43469B68002B01D101F024FE23
:10AF20008A23069A5B00E250002ED5D04A46043BA5
:10AF3000E250D1E78A235B00C758002F00D191E08F
:10AF40003B009A68002A0BD15A6812781000193811
:10AF5000022801D902F05CF8914201D102F05BF8BD
:10AF60001B68002BEDD17DE08C2301225B00E250B9
:10AF7000B2E7EA68002A02D0112102F04FFC2B69E7
:10AF8000002BA9D080277F00E659FD2E01D902F0C1
:10AF900049F8AA4FBB1C9A462C239846E0339B469F
:10AFA0002B00454698460FE03300013680225200C0
:10AFB000A650E554822301375B009146E554BA451B
:10AFC00001D101F0E1FD3D78FF2EEDD10023A35525
:10AFD0000933FF33E358FF2100935B462000E2581A
:10AFE000009B984794225200A35801260133A35096
:10AFF0000023DBE78A2306AE5B00C258C65000235D
:10B0000008931133FF33C358069211212A6909931B
:10B01000079502F003FC089B002B01D101F0E6FF2D
:10B020008A23069A5B00E25056E790235B00E868AB
:10B03000E6580378002E01D001F010FE052B01D157
:10B0400002F008FA232B01D101F0ADFF2A789A42D1
:10B0500001D102F001F8242B01D102F03AFA8A233F
:10B060005B00E75806AB98468A2342465B00E250F5
:10B070000023069793601133FF33E3585560D36084
:10B08000EA6843E7EA681378272B01D001F0D9FE7C
:10B09000D3681E7C062E01D901F0BDFD002E01D023
:10B0A00002F089F980235B00E358FF2B01D102F005
:10B0B000FDF8591C80277F00E1512821E1548223AB
:10B0C0005B00E1542000173902F0A8FBE359FF2B85
:10B0D00001D102F005F9591C80225200A150D73A43
:10B0E000E25482235B00E2542B783E2B01D102F024
:10B0F000F1F8082E01D102F006F9112120002A6989
:10B1000002F08CFBE8E6EA68112102F087FB4C4E66
:10B110008023B21C91468622520093465B00043A7B
:10B120003A279246E3580FE01A0001338021490084
:10B130006350A7548222013652008846A754B14575
:10B1400001D101F085FC3778FF2BEDD10022E254CC
:10B150005B46E2585346FF21E3582000984794226B
:10B160005200A3580133A35001230022DEE714222A
:10B1700090460022802393460D32FF32314E924694
:10B180005B00043A6E279146C358B0440EE01A00A3
:10B190000133802149006350A75482225200A754F2
:10B1A000B04501D101F04DFC37780136FF2BEED1CF
:10B1B0005A46E2545346E2584B46FF21E3582000DA
:10B1C000984794225200A3580133A3500123002230
:10B1D000DFE71C2290460022802393460D32FF3287
:10B1E000194E92465B00043A67279146C358B04413
:10B1F0000EE01A000133802149006350A7548222D7
:10B200005200A754B04501D101F0CFFA377801368A
:10B21000FF2BEED15A46E2545346E2584B46FF21EB
:10B22000E3582000984794225200A3580133A350BA
:10B2300001230022DFE7C046D42801108C3501101D
:10B24000EC330110A1340110093601108A235B0090
:10B25000C258EF6893460022C250002F01D102F07D
:10B26000E3F88823002100265B00C05806AB98460F
:10B270001A00B446002389461360634693604B4628
:10B2800057605E1C3B789246D0604D2B01D101F097
:10B29000AAFC01D901F0FEF919001C39042901D8D2
:10B2A00001F0A1FC9A468A235B00E25053464946CE
:10B2B000022B22D13F693B789A46472B01D102F0FD
:10B2C000C7F98A235B009C4600239946534609012F
:10B2D00041440190009602954D2B01D102F022F8D5
:10B2E00001D901F058FE1A001C3A042A01D802F0D4
:10B2F00019F89A460198009E029D5346042B05D1E9
:10B300000D33FF3304AA0490E25005971121200069
:10B310002A6902F083FA3B78042B03D1049A0D3397
:10B32000FF33E250802335015B0099460C3DE03B42
:10B33000464645449846E4339A460C3E6B68002BDB
:10B3400001D101F03BFC103DAE42F7D18A235A46B1
:10B350005B00E250C0E51022904600228023934615
:10B360000D32FF32E44E92465B00043A7427914658
:10B37000C358B0440EE01A000133802149006350E5
:10B38000A754822201365200A754464501D101F04C
:10B390008AF93778FF2BEED15A46E2545346E258E9
:10B3A0004B46FF21E3582000984794225200A358AF
:10B3B0000133A35001230022DFE71122904600222F
:10B3C000802393460D32FF32CC4E92465B00043A06
:10B3D00074279146C358B0440EE01A00013380210F
:10B3E00049006350A75482225200A754B04501D1AE
:10B3F00001F06AF937780136FF2BEED15A46E25454
:10B400005346E2584B46FF21E358200098479422C8
:10B410005200A3580133A35001230022DFE7A423E5
:10B420005B00C758C550343BC258112190460022DA
:10B43000C250EA6802F0F2F982235B00E35C3C2B25
:10B4400001D101F026FF80235B00E358FF2B01D1DF
:10B4500001F00CFF591C802282265200A150760078
:10B46000C43AE254A255112120002A6902F0D6F90B
:10B47000A35D3E2B01D101F0F3FE80235B00E35876
:10B48000FF2B01D101F0D9FE591C80225200A1509E
:10B49000C23AE25482235B00E25442461033E25047
:10B4A0003433E75018E5EA68112102F0B7F90822B1
:10B4B000802391460532FF32914E93465B00043A59
:10B4C00020279246E358B1440FE01A00013380214F
:10B4D00049006350A7548222013652008846A7547F
:10B4E000B14501D101F02BFB3778FF2BEDD10022C4
:10B4F000E2545B46E2585346FF21E3582000984748
:10B5000094225200A3580133A35001230022DEE706
:10B51000EA68112102F082F97A4E8023721D914669
:10B520008622520093465B00043A5B279246E3581A
:10B530000FE01A000133802149006350A754822292
:10B54000013652008846A754B14501D101F0E2FA14
:10B550003778FF2BEDD10022E2545B46E258534688
:10B56000FF21E3582000984794225200A35801334A
:10B57000A35001230022DEE7E968FDF729FB002341
:10B580001A00002802D102F032F81A0003782F2B9B
:10B5900001D001F035FBC368002B01D101F030FB75
:10B5A0000069531C0028F0D19146EA6892464A4649
:10B5B000994601924B46009304E0009B01369E425F
:10B5C00000DB89E492235B00E65052461121200003
:10B5D00002F024F9019BB342EFDD4B4D8023AA1CFE
:10B5E00090468622520093465B00043A2C279146EF
:10B5F000E3580BE01900013380225200A3500135BB
:10B6000004326754A7544545D7D02F78FF2BF1D18A
:10B610000022E2545B46E2584B46FF21E3582000EB
:10B62000984794225200A35800210133A3500123CC
:10B63000E2E7192290460022802393460D32FF3222
:10B64000324E92465B00043A6E279146C358B0448E
:10B650000EE01A000133802149006350A754822272
:10B660005200A754B04501D101F0DDF93778013619
:10B67000FF2BEED15A46E2545346E2584B46FF2187
:10B68000E3582000984794225200A3580133A35056
:10B6900001230022DFE70E22802391461C4EFE325A
:10B6A00093465B00043A7B279246C358B1440FE0AF
:10B6B0001A000133802149006350A75482220136C9
:10B6C00052008846A754B14501D101F067F9377897
:10B6D000FF2BEDD10022E2545B46E2585346FF2196
:10B6E000E3582000984794225200A3580133A350F6
:10B6F00001230022DEE7C0468C34011079340110AA
:10B7000068360110E43301108C35011059350110F1
:10B71000583601100822802391460532FF32EB4E45
:10B7200093465B00043A7B279246C358B1440FE02E
:10B730001A000133802149006350A7548222013648
:10B7400052008846A754B14501D101F035F8377849
:10B75000FF2BEDD10022E2545B46E2585346FF2115
:10B76000E3582000984794225200A3580133A35075
:10B7700001230022DEE780235B00C358FF2B01D1A9
:10B7800001F013FD591C80225200A150823AE2546C
:10B7900082235B00E254112120002A6902F03EF866
:10B7A000FFF79AFB11212A6902F038F8FFF794FBA2
:10B7B0001D2290460022802393460D32FF32C44E54
:10B7C00092465B00043A74279146C358B0440EE099
:10B7D0001A000133802149006350A754822252008D
:10B7E000A754464501D101F06EF837780136FF2B9A
:10B7F000EED15A46E2545346E2584B46FF21E358F5
:10B800002000984794225200A3580133A3500123EB
:10B810000022DFE7122290460022802393460D3259
:10B82000FF32AC4E92465B00043A67279146C358FC
:10B83000B0440EE01A000133802149006350A75440
:10B8400082225200A754B04501D101F076F8377832
:10B850000136FF2BEED15A46E2545346E2584B468E
:10B86000FF21E3582000984794225200A358013347
:10B87000A35001230022DFE71822904600228023F4
:10B8800093460D32FF32944E92465B00043A5427A1
:10B890009146C358B0440EE01A000133802149009C
:10B8A0006350A75482225200A754B04501D101F041
:10B8B00060F837780136FF2BEED15A46E2545346F2
:10B8C000E2584B46FF21E35820009847942252004B
:10B8D000A3580133A35001230022DFE71922904629
:10B8E0000022802393460D32FF327C4E92465B004D
:10B8F000043A63279146C358B0440EE01A0001335E
:10B90000802149006350A75482225200A754B045B9
:10B9100001D101F020F837780136FF2BEED15A46DD
:10B92000E2545346E2584B46FF21E3582000984723
:10B9300094225200A3580133A35001230022DFE7D1
:10B94000142280239146664EF83293465B00043AF7
:10B9500072279246C358B1440FE01A000133802188
:10B9600049006350A754822252008846A754B1452B
:10B9700001D100F0AFFF37780136FF2BEDD1002267
:10B98000E2545B46E2585346FF21E35820009847B3
:10B9900094225200A3580133A35001230022DEE772
:10B9A0000F2290460022802393460D32FF324D4EE7
:10B9B00092465B00043A6A279146C358B0440EE0B1
:10B9C0001A000133802149006350A75482220136B6
:10B9D0005200A754464501D100F0B6FF3778FF2B3F
:10B9E000EED15A46E2545346E2584B46FF21E35803
:10B9F0002000984794225200A3580133A3500123FA
:10BA00000022DFE7152290460022802393460D3264
:10BA1000FF32354E92465B00043A54279146C35894
:10BA2000B0440EE01A000133802149006350A7544E
:10BA300082225200A754B04501D100F0A1FF37780F
:10BA40000136FF2BEED15A46E2545346E2584B469C
:10BA5000FF21E3582000984794225200A358013355
:10BA6000A35001230022DFE7112290460022802309
:10BA700093460D32FF321D4E92465B00043A762704
:10BA80009146C358B0440EE01A00013380214900AA
:10BA90006350A754822201365200A754464501D173
:10BAA00000F060FF3778FF2BEED15A46E254534640
:10BAB000E2584B46FF21E358200098479422520059
:10BAC000A3580133A35001230022DFE748360110B9
:10BAD0000D340110E534011011350110B934011095
:10BAE0002D350110D4340110F9340110A4340110A3
:10BAF0001B2290460022802393460D32FF32EF4EE8
:10BB000092465B00043A67279146C358B0440EE062
:10BB10001A000133802149006350A7548222520049
:10BB2000A754B04501D100F0F9FD37780136FF2B5D
:10BB3000EED15A46E2545346E2584B46FF21E358B1
:10BB40002000984794225200A3580133A3500123A8
:10BB50000022DFE7152290460022802393460D3213
:10BB6000FF32D74E92465B00043A74279146C35881
:10BB7000B0440EE01A000133802149006350A754FD
:10BB800082225200A754B04501D100F0B2FD3778AF
:10BB90000136FF2BEED15A46E2545346E2584B464B
:10BBA000FF21E3582000984794225200A358013304
:10BBB000A35001230022DFE70822904600228023C1
:10BBC00093460D32FF32BF4E92465B00043A6F2718
:10BBD0009146C358B0440EE01A0001338021490059
:10BBE0006350A75482225200A754B04501D100F0FF
:10BBF00087FD37780136FF2BEED15A46E254534683
:10BC0000E2584B46FF21E358200098479422520007
:10BC1000A3580133A35001230022DFE7EF682D6909
:10BC20003B78322B01D101F014F9342B01D001F013
:10BC3000E1FD80235B00C358FF2B01D101F05AFDC9
:10BC400080265A1C7600A2512822E25482235B00EF
:10BC5000E25411212000FA6801F0E0FDA359FF2B06
:10BC600001D101F035FD8022591C5200A150D73A74
:10BC7000E25482235B00E2542A001121200002F0EA
:10BC80008FFFFFF729F91121EA6802F083FDFFF722
:10BC900023F92B691B78392B01D0FFF719F9EA68D2
:10BCA000D3681B685978632901D101F05CFB2A0035
:10BCB0001121200002F0F8FF002801D0FFF70CF955
:10BCC000EB681A78322A01D101F09CFCDB681B6812
:10BCD0001A78632A01D001F043FB5A786C2A01D00C
:10BCE00001F03EFB9B78002B01D001F039FB2B6962
:10BCF000DA681178032901D101F00DFD112120002E
:10BD0000DA6802F04DFFEA68D3681B681978692980
:10BD100001D001F0E1FB5878782801D001F0DCFB7C
:10BD20009878002801D001F0D7FB20000E39FCF7ED
:10BD30000DFF2B69112120001A6901F06FFD5D21B3
:10BD40002000FCF703FFEB681A78322A01D0FFF7D6
:10BD5000C3F8DB689A68012A01D0FFF7BDF85B6879
:10BD60001B783E2B01D0FFF7B7F829212000FCF704
:10BD7000EDFEFFF7B1F8EB68002298469B68524D44
:10BD8000009380232F0093460D32FF3292465B00D2
:10BD9000043A6F269146C35808370EE01A00013363
:10BDA000802149006350A654822201355200A654D6
:10BDB000BD4201D100F0B9FC2E78FF2BEED15A46DE
:10BDC000E2545346E2584B46FF21E358200098477F
:10BDD00094225200A3580133A35001230022DFE72D
:10BDE000082290460022802393460D32FF32354EC2
:10BDF00092465B00043A6F279146C358B0440EE068
:10BE00001A000133802149006350A7548222520056
:10BE1000A754B04501D100F07AFC37780136FF2BEA
:10BE2000EED15A46E2545346E2584B46FF21E358BE
:10BE30002000984794225200A3580133A3500123B5
:10BE40000022DFE7EA682E69002A02D0112101F002
:10BE5000E5FC80235B00E358FF2B01D101F091F951
:10BE60005A1C80256D0062517B22E25482235B00C4
:10BE7000E25411213200200001F0D0FC6359FF2B65
:10BE800001D101F06BF9591C80225200A150833A74
:10BE9000E25482235B00E254FFF71EF80C22904626
:10BEA0000022802393460D32FF32084E92465B00FB
:10BEB000043A74279146C358B04418E0293601105B
:10BEC0005D3501109D350110903501106934011068
:10BED0001A000133802149006350A7548222520086
:10BEE000A754B04501D100F0A5FD37780136FF2BEE
:10BEF000EED15A46E2545346E2584B46FF21E358EE
:10BF00002000984794225200A3580133A3500123E4
:10BF10000022DFE7172280239146EB4EF53293464D
:10BF20005B00043A63279246C358B1440FE01A00FD
:10BF30000133802149006350A75482225200884671
:10BF4000A754B14501D100F08FFD37780136FF2BA2
:10BF5000EDD10022E2545B46E2585346FF21E358FC
:10BF60002000984794225200A3580133A350012384
:10BF70000022DEE71222AB5E002B01D001F018F8A0
:10BF8000EA68D24BD168994201D100F05DFF1121DE
:10BF9000200001F043FC80235B00E258FF2A01D11E
:10BFA00001F003FB8021531C49006350E039A15488
:10BFB00082225200A15410216A5E002A01D000F0B2
:10BFC00050FE92460D32FF32C14D9146043A5F2633
:10BFD00090466F1D0EE01A00013380214900635026
:10BFE000A65482225200A654AF4201D1FEF774FF3C
:10BFF0002E780135FF2BEED15246E2544B46E258E3
:10C000004346FF21E3582000984794225200A3584A
:10C010000133A35001230022DFE709228023914648
:10C020000432FF32AB4E93465B00043A64279246DB
:10C03000C358B1440FE01A00013380214900635016
:10C04000A754822252008846A754B14501D100F07E
:10C050004CFD37780136FF2BEDD10022E2545B46D0
:10C06000E2585346FF21E35820009847942252009B
:10C07000A3580133A35001230022DEE7EA68964962
:10C0800006A8F7F745FA06A804F074FE002801D1C7
:10C09000FEF722FF0022802392460D32FF329146A6
:10C0A0005B0006AD043A9046E3582F180DE01A00E5
:10C0B0000133802149006350A65482220135520089
:10C0C000A654AF4201D1FEF707FF2E78FF2BEED129
:10C0D0005246E2544B46E2584346FF21E3582000C3
:10C0E000984794225200A3580133A3500123002201
:10C0F000DFE780235B00C3582D7BFF2B01D101F0CC
:10C100001BF8591C80225200A150E55482235B0089
:10C11000E554FEF7E1FE2F69EA68002F01D1FEF732
:10C12000DBFE1500D7190022802392460D32FF3224
:10C1300091465B00043A9046C3580DE01A00013363
:10C14000802149006350A654822201355200A65432
:10C15000AF4201D1FEF7C0FE2E78FF2BEED1524642
:10C16000E2544B46E2584346FF21E35820009847EB
:10C1700094225200A3580133A35001230022DFE789
:10C18000082290460022802393460D32FF32534E00
:10C1900092465B00043A56279146C358B0440DE0DE
:10C1A0001A000133802149006350A75482220136CE
:10C1B0005200A754B04500D18DE23778FF2BEFD164
:10C1C0005A46E2545346E2584B46FF21E3582000BA
:10C1D000984794225200A3580133A3500123002210
:10C1E000E0E70A2290460022802393460D32FF3278
:10C1F0003B4E92465B00043A76279146C358B044C2
:10C200000DE01A000133802149006350A7548222B7
:10C210005200A754B04500D164E237780136FF2BB5
:10C22000EFD15A46E2545346E2584B46FF21E358B9
:10C230002000984794225200A3580133A3500123B1
:10C240000022E0E71121EA6801F0E8FAFEF744FE77
:10C25000EA68112101F0E2FA112120002A6901F0B7
:10C26000DDFAFEF739FE0E22904600228023934627
:10C270000D32FF321B4E92465B00043A6A2791460C
:10C28000C358B0440DE01A000133802149006350C7
:10C29000A754822201365200A754B04500D10BE3C7
:10C2A0003778FF2BEFD15A46E2545346E2584B46BB
:10C2B000FF21E3582000984794225200A3580133ED
:10C2C000A35001230022E0E745340110743101102E
:10C2D0007D350110E93501107C330110383401102F
:10C2E0002D340110D83501102B691A783B2A01D062
:10C2F000FEF7EEFD1B691B783C2B01D0FEF7E8FD35
:10C300002A00112102F0D0FC002801D0FEF7E4FD44
:10C31000EB68E84998462B69DE681B69DF681D6990
:10C320004346DB68186804F0E1FC002801D001F006
:10C33000AFF932002000112102F032FC4246200009
:10C34000112102F027FA3A002000112102F028FC06
:10C350002000D949FCF75EFC2A001121200002F0E0
:10C360001FFCFEF7B9FD8A235B009B46C3585A4663
:10C37000994606AB98464B46069343465D6083500C
:10C380004246002393601133FF33C3580126D36024
:10C3900001224B469446002B01D101F00DFAC24612
:10C3A0000090A8461CE09A68002A16D1032E01D9F5
:10C3B00000F075FF52461D003101521891CD91C217
:10C3C0002D68544615605A460098013682586250CE
:10C3D0005A465144815062469A601B68002B04D033
:10C3E0005A681278193A022ADDD94546009C2A6912
:10C3F0001121200001F012FA8A234A465B00E25024
:10C4000053469B68002B01D0FEF766FD5746012E70
:10C4100009D0013E3301FB18112120005A6801F0B8
:10C420002BFA012EF5D18A235B002A00112120006E
:10C43000E35801F0EBFFFEF74FFDEA68002A1AD03F
:10C440008A277F00C35906AE069300230893113351
:10C45000FF33C3581121C6510993079501F0DEF946
:10C46000069BE351089B002B01D0FEF735FD2021F0
:10C470002000FCF76BFB8A235B002A0011212000BF
:10C48000E35801F055FDFEF727FDEB689946002BB8
:10C4900001D000F066FC002292460D32FF32874D3B
:10C4A00001339146FF33043A74269046C3582F1D3A
:10C4B0000EE01A000133802149006350A654822205
:10C4C00001355200A654AF4201D1FEF705FD2E788A
:10C4D000FF2BEED15246E2544B46E2584346FF2131
:10C4E000E3582000984794225200A3580133A350E8
:10C4F00001230022DFE790235B00C358002B00D10B
:10C50000DCE36F4E8023721D9146862252009346D3
:10C510005B00043A61279246C3580EE01A000133CB
:10C52000802149006350A754822201365200884678
:10C53000A754B14500D1D9E33778FF2BEED10022C3
:10C54000E2545B46E2585346FF21E35820009847E7
:10C5500094225200A3580133A35001230022DFE7A5
:10C56000112290460022802393460D32FF32554E11
:10C5700092465B00043A68279146C358B0440DE0E8
:10C580001A000133802149006350A75482220136EA
:10C590005200A754B04500D1A0E23778FF2BEFD16D
:10C5A0005A46E2545346E2584B46FF21E3582000D6
:10C5B000984794225200A3580133A350012300222C
:10C5C000E0E72F69EA68002F01D1FEF785FC15002E
:10C5D000D7190022802392460D32FF3291465B002C
:10C5E000043A9046C3580DE01A00013380214900F7
:10C5F0006350A654822201355200A654AF4201D1A5
:10C60000FEF76AFC2E78FF2BEED15246E2544B46E1
:10C61000E2584346FF21E3582000984794225200F5
:10C62000A3580133A35001230022DFE7EB68A0CB1E
:10C63000002F01D1FEF750FC0022802392460D32DC
:10C64000FF3291465B00043A9046C358EF190DE063
:10C650001A000133802149006350A654822201351B
:10C660005200A654AF4201D1FEF736FC2E78FF2BC4
:10C67000EED15246E2544B46E2584346FF21E3587E
:10C680002000984794225200A3580133A35001235D
:10C690000022DFE74F3B012B00D8A4E28A235B0096
:10C6A000E250FEF733FE11212000EA6801F0B6F8EF
:10C6B000FEF712FCAC350110B0350110F835011051
:10C6C000043401104435011011212000EA6801F002
:10C6D000A5F8FEF701FC11212000EA6801F09EF8A0
:10C6E000FEF7FAFB11212000EA6801F097F8FEF747
:10C6F000F3FB11212000EA6801F090F8FEF7ECFB53
:10C700002A001121200001F08BFFFEF7E5FB11212B
:10C7100020002A6901F082F8FEF7DEFB11212000DB
:10C72000EA6801F07BF8FEF7D7FB424655682A78A5
:10C73000613A192A01D800F04BFC009A571EEB5DB4
:10C74000202B00D01700002F01D1FEF7C5FB0022DF
:10C75000802392460D32FF3291465B00043A9046A8
:10C76000E358EF190DE01A000133802149006350AE
:10C77000A654822201355200A654AF4201D1FEF7E1
:10C78000ABFB2E78FF2BEED15246E2544B46E258DB
:10C790004346FF21E3582000984794225200A358B3
:10C7A0000133A35001230022DFE711212000EA68B2
:10C7B00001F034F8FEF790FB90267600A359EA6862
:10C7C0000133A3511121200001F028F8A359292792
:10C7D000013BA351E84E4346B21C914686225200CB
:10C7E0009346043A9246E3580DE01A000133802143
:10C7F00049006350A7548222013652008846A7544C
:10C80000B14513D03778FF2BEFD10022E2545B46BD
:10C81000E2585346FF21E3582000984794225200E3
:10C82000A3580133A35001230022E0E72A69D3492A
:10C83000013206A8F6F76CFE06A804F09BFA434600
:10C84000E358002829D0002292460D32FF3291464B
:10C8500006AD043A90462F180BE01A0001338021F0
:10C8600049006350A654822201355200A654BD42AD
:10C8700013D02E78FF2BF0D15246E2544B46E258AB
:10C880004346FF21E3582000984794225200A358C2
:10C890000133A35001230022E1E7FF2B01D100F077
:10C8A00026FC591C80225200A150833AE254822374
:10C8B0005B00E254FEF710FB11212000EA6800F053
:10C8C000ADFFFEF709FB11212000EA6800F0A6FF8A
:10C8D000FEF702FB2A691121200000F09FFFA84EFD
:10C8E0004346721D9046002293460D32FF32924617
:10C8F000043A20279146E3580CE01A0001338021C6
:10C9000049006350A754822201365200A754B04513
:10C910003DD03778FF2BF0D15A46E2545346E258C7
:10C920004B46FF21E3582000984794225200A35819
:10C930000133A35001230022E1E711212000EA681E
:10C9400000F06CFFFEF7C8FA11212000EA6800F041
:10C9500065FFFEF7C1FA11212000EA6800F05EFFD2
:10C96000FEF7BAFA11212000EA6800F057FFFEF73F
:10C97000B3FA11212000EA6800F050FFFEF7ACFA8C
:10C9800011212000EA6800F049FFFEF7A5FA112105
:10C990002000EA6800F042FFFEF79EFAEA68774955
:10C9A000013206A8F6F7B4FD06A804F0E3F9434601
:10C9B000E358002829D0002292460D32FF329146DA
:10C9C00006AD043A90462F180BE01A00013380217F
:10C9D00049006350A654822201355200A654BD423C
:10C9E00013D02E78FF2BF0D15246E2544B46E2583A
:10C9F0004346FF21E3582000984794225200A35851
:10CA00000133A35001230022E1E7FF2B00D1DEE335
:10CA1000591C80225200A150833AE25482235B00C9
:10CA2000E254FEF759FA11212000EA6800F0F6FE00
:10CA3000FEF752FA11212000EA6800F0EFFEFEF73F
:10CA40004BFA11212000EA6800F0E8FEFEF744FAF4
:10CA50002F693B78472B00D104E33A0011212000D5
:10CA600000F0DCFEFEF738FAEA681121200000F041
:10CA7000D5FE444E4346321D9046002293460D3269
:10CA8000FF329246043A2D279146E3580CE01A00F3
:10CA90000133802149006350A7548222013652009D
:10CAA000A754B04513D03778FF2BF0D15A46E25443
:10CAB0005346E2584B46FF21E35820009847942202
:10CAC0005200A3580133A35001230022E1E71121B2
:10CAD00020002A6900F0A2FEFEF7FEF911212000D5
:10CAE000EA6800F09BFEFEF7F7F911212000EA68E2
:10CAF00000F094FE4346E358FF2B00D179E3591C24
:10CB000080225200A150D73AE25482235B00E254C3
:10CB1000FEF7E2F9112120002A6900F07FFE43466A
:10CB2000E358FF2B00D176E3591C80225200A1501C
:10CB3000A33AE25482235B00E254FEF7CDF91121BF
:10CB400020002A6900F06AFE4346E358FF2B00D11B
:10CB5000E0E2591C80225200A150A33AE254822301
:10CB60005B00E254FEF7B8F92A001121200000F022
:10CB700083FEFEF7D5F9C046543601107C33011010
:10CB80002435011060340110942745467F00E35995
:10CB90001121984620002A6900F040FEE3594345E0
:10CBA00001D0FEF799F94B46E358B34201D0FEF7A6
:10CBB00093F94B46023EE650FEF78EF94A46A258DC
:10CBC000FF2A01D100F097FC531C494663504346AD
:10CBD000A354424653461121E25420002A6800F033
:10CBE0004BFEFEF7B0FBFF68002F01D100F019FCEF
:10CBF0001032042E00D100E25346B146FEF73CFB52
:10CC0000EB6891469A46131E01D1FEF765F9013B88
:10CC10000193FEF7CFFC072E01D0FEF743FA2B69F4
:10CC20001878002801D0FEF73DFA1869012801D0D4
:10CC3000FEF738FA3D2901D0FEF734FADB681B789D
:10CC4000302B01D100F0DCFD312B01D0FEF72AFAA8
:10CC50002000DA49FBF7DEFFFEF73EF90026FEF77B
:10CC6000F1F9002292460D32FF32D54D9146043A39
:10CC70005F2690466F1D0EE01A00013380214900A7
:10CC80006350A65482225200A654BD4201D1FEF741
:10CC900023F92E780135FF2BEED15246E2544B4654
:10CCA000E2584346FF21E35820009847942252005F
:10CCB000A3580133A35001230022DFE72900FBF72B
:10CCC00067FF021E01D1FEF703F903782F2B01D174
:10CCD00000F05DFC88256D00665911213368200045
:10CCE000635100F09BFD6651FEF7F6F8EA68B5491E
:10CCF000013206A8F6F70CFC06A804F03BF8002861
:10CD000001D1FEF7E9F80022434692460D32FF3288
:10CD1000914606AD043A9046E3582F180DE01A00EC
:10CD20000133802149006350A6548222013552000C
:10CD3000A654BD4201D1FEF7CFF82E78FF2BEED1DD
:10CD40005246E2544B46E2584346FF21E358200046
:10CD5000984794225200A3580133A3500123002284
:10CD6000DFE7994D80236A1D904686225200934644
:10CD70005B00043A7B269246C3580CE01A0001334C
:10CD800080277F00E351A65482225200A654A84572
:10CD900014D02E780135FF2BF0D10022E2545B46EF
:10CDA000E2585346FF21E35820009847942252004E
:10CDB000A3580133A35001230022E1E74A468149E9
:10CDC00006A8F6F7A5FB06A803F0D4FFE359002850
:10CDD00029D0002292460D32FF32914606AD043A28
:10CDE00090462F180BE01A00013380214900635050
:10CDF000A654822201355200A654AF4213D02E7899
:10CE0000FF2BF0D15246E2544B46E2584346FF21F5
:10CE1000E3582000984794225200A3580133A350AE
:10CE200001230022E1E7FF2B00D1CFE38022591C30
:10CE30005200A150833AE25482235B00E254FEF791
:10CE40004BF80026FEF72EF980235B00E358FFF72E
:10CE5000B2F8FB681B6898461B78612B00D0D5E0C0
:10CE600042465278642A00D0D0E042469278002AA6
:10CE700000D0CBE02A78032A01D100F0FAFB392A4E
:10CE800001D100F057FC732B1ED1424652785A2A2A
:10CE900051D142469678002E4DD129002000FBF753
:10CEA00097FE002807D109E0C368002B06D000696F
:10CEB0000136002802D003782F2BF5D03100200056
:10CEC000FBF714FFFEF708F83A001121200001F0EB
:10CED00061FC43461B78672B0ED142465278732A79
:10CEE0000AD142469278002A06D12A001121200058
:10CEF00000F094FCFDF7F0FF732B01D0FEF7BCFEB1
:10CF000043465B78742B01D0FEF7B6FE43469B7810
:10CF1000002B01D0FEF7B0FE20002821FBF716FE03
:10CF200020002A00112100F079FC29212000FBF7C4
:10CF30000DFEFDF7D1FF732BC6D143465B78502B16
:10CF4000C2D143469B780026002B05D0BCE70136B2
:10CF50002D69002D00D1E0E22B782F2B00D0DCE2F0
:10CF6000EB68002B00D1D8E21A784B2AEFD1D968B0
:10CF70002000FBF72DFE0023002807D109E0C2683E
:10CF8000002A06D000690133002802D002782F2A37
:10CF9000F5D0F618DCE74F3B012B00D8C2E1009E2C
:10CFA000029DFEF7B3F9F1330500E758FEF75AF892
:10CFB0000649FBF72FFEFEF7E3FFC046D035011010
:10CFC000853501107C3301100136011074350110D4
:10CFD000FF2B00D129E38022591C5200A150E03AD6
:10CFE000E25482235B00E254FFF7A7FB2A001121E1
:10CFF000200000F041FCFEF713F88A2352465B0044
:10D00000E25001220433E250FDF766FF2A7836E74A
:10D010000026FEF727F811212000EA6800F0FEFB49
:10D02000FDF75AFF00239846A3550D33FF33E2580E
:10D03000043B3100E35820009847942243465200B5
:10D04000E351A35800260133A350FDF7A2FF2B782C
:10D050002F2B01D0FEF703F88A235B000500E75869
:10D06000FEF700F82000F349FBF7D4FD3B69F249D5
:10D070005A1C06A8F6F74CFA06A803F07BFE002817
:10D080002FD000224346804693460D32FF3206AD34
:10D09000A8449246043A91464246E358B8461700DF
:10D0A0000AE01900013380225200A35001350432F6
:10D0B0006654A654AF4213D02E78FF2BF1D15A46B6
:10D0C000E2545346E2584B46FF21E358200098476C
:10D0D00094225200A35800210133A3500123E2E718
:10D0E00047462000D549FBF795FDFF68B5E40022CF
:10D0F000E25486235B00E258043BFF21E358200002
:10D10000984794225200A35801210133A3500023D1
:10D11000FFF7C8FB0022E25486235B00E258043B81
:10D12000FF21E3582000984794225200A358012180
:10D130000133A35000230DE50022C25486235B0077
:10D14000C258043BFF21C358984794225200A35869
:10D1500001210133A3500023FEF7D4FF0022E25443
:10D1600086235B00E258043BFF21E35820009847E8
:10D1700094225200A35801210133A3500023FEF74B
:10D1800083FE0022E25486235B00E258043BE3580E
:10D19000FF212000984794225200A3580133A35046
:10D1A000283A0023FF3AFEF75CFE0022C254862391
:10D1B0005B00C258043BFF21C35898479422520099
:10D1C000A35801210133A3500023FEF7DCFA00220B
:10D1D000E25486235B00E258043BFF21E358200021
:10D1E000984794225200A35801210133A3500023F1
:10D1F0000FE40022E25486235B00E258043BFF2147
:10D20000E3582000984794225200A358012101338B
:10D21000A350002374E40022E25486235B00E2580A
:10D22000043BFF21E3582000984794225200A35862
:10D2300001210133A350002377E40022E254862326
:10D240005B00E258043BFF21E358200098479422FA
:10D250005200A35801210133A3500023FEF715F912
:10D2600020212000FBF772FCFEF707F90022E254B0
:10D2700086235B00E258043BFF21E35820009847D7
:10D2800094225200A35801210133A3500023FEF73A
:10D29000E2F820212000FBF759FCFEF7D4F88C239C
:10D2A000009C5B000132E250FDF716FE0022E254C2
:10D2B00086235B00E258043BFF21E3582000984797
:10D2C00094225200A35801210133A3500023EA689D
:10D2D000FDF7F0FE2D212000FBF738FCFDF709FFDC
:10D2E0000022E25486235B00E258043BFF21E3580E
:10D2F0002000984794225200A35801210133A350E3
:10D300000023FDF7E9FE20005B21FBF71FFC200056
:10D3100011212A6900F082FA5D212000FBF716FC3A
:10D32000FDF7DAFD009B042B7ED00B000800039173
:10D33000103364C864C30068186063460961103123
:10D34000E1504B46039A9360019B5760D360009B6A
:10D35000FF6801330093002F66D03B78FDF7BCFFD8
:10D360002B69FEF7CBFC1B7819006339012904D91E
:10D37000723B012B01D9FEF79AFC2000112101F02C
:10D3800009FA20003C21FBF7E1FB2B692000DA6859
:10D39000112100F043FA20002949FBF73BFC2B69DF
:10D3A000200011211A6900F039FA29212000FBF729
:10D3B000CDFBFDF791FD2B691B78002B01D0FDF70C
:10D3C00071FE3E2900D10BE2023E112120002A69A4
:10D3D000F6B200F023FA042E01D9FDF77DFD194BBA
:10D3E000B6009B599F4620001749FBF713FCFDF739
:10D3F00073FD20001549FBF70DFCFDF76DFD6C2159
:10D400002000FBF7A3FBFDF767FD75212000FBF76C
:10D410009DFBFDF761FD20000D49FBF7FBFBFDF7D0
:10D420005BFD8A235B00E2508C2301225B00E2500B
:10D43000FDF752FDF03301107C3301100034011070
:10D44000A8350110182A0110C0350110BC35011093
:10D45000C43501103033FF33E258002A00DC75E197
:10D46000043BE158002304E001330831934200D12A
:10D470006CE10F68B842F7D196235B00E3581F1E9A
:10D4800006D1FDF712FD5B68002B01D1FDF70DFD04
:10D490001A68824203D0AA42F5D19F42F3D001001C
:10D4A0002000FBF775FB002801D1FDF711FD037883
:10D4B0002F2B01D0FDF7C6FDF533E158002900DA26
:10D4C000C5E5FBF7D3FA002800D18DE10378FDF71D
:10D4D000B9FDC268FDF708FD632900D1C0E0112144
:10D4E000200001F057F92B69112120001A6901F081
:10D4F00057FBFEF728FCA35486235B00E258043B4D
:10D50000E358FF212000984794225200A35801338A
:10D51000A35001230022FFF758FB3200BB4906A8A5
:10D52000F5F7F6FF06A803F025FC002801D1FDF76A
:10D53000D3FC0022802392460D32FF3291465B00DD
:10D5400006AD043A9046E3582F180CE01900013359
:10D5500080225200A350013504326654A654AF42D3
:10D5600001D1FDF7B9FC2E78FF2BEFD15246E254E2
:10D570004B46E2584346FF21E35820009847942247
:10D580005200A35800210133A3500123E0E7F533F3
:10D59000E158002901DAFFF79DFBFBF767FA021E4D
:10D5A00001D0FFF797FBFDF793FC00260833A65444
:10D5B0000D32E358A258FF212000984794225200D0
:10D5C000A3580133A3503200FEF7ECFC002586225D
:10D5D000E55452000933E358A258FF212000984730
:10D5E00094225200A3580133A3502B001EE42000C4
:10D5F0001121EA6801F0D4FA20008549FBF70AFB03
:10D60000FDF76AFCDA689168012901D0FEF75EFB3C
:10D61000526812783E2A01D0FEF758FB20002731CD
:10D62000FBF794FAEB68FEF751FB00268622E654DE
:10D6300052000933E358A258FF2120009847942252
:10D640005200A3580133A35043465D683300C2E43F
:10D65000FF68002F00D1E7E63B789A46FDF731FEE0
:10D6600059786C2900D03AE79B78002B00D13AE733
:10D6700035E7EA681178012901D0FFF704FC296930
:10D680000978292901D0FFF7FEFB1500FFF7FBFB06
:10D6900020006049FBF7BEFAF368002B08D0112187
:10D6A0002000320001F07CFA20212000FBF74EFA26
:10D6B0003A001121200000F0B1F8002D01D1FDF752
:10D6C0000BFC2A001121200001F06AFAFDF704FC8E
:10D6D00000268622E65452000933E358A258FF215F
:10D6E0002000984794225200A3580133A3503300DE
:10D6F000FEF7B9FA00268622C65452000933C358F1
:10D700008258FF21984794225200A3580133A35016
:10D710003300FEF795FA13691B78292B03D08C236D
:10D7200002395B00E15011212000D26801F038FA83
:10D73000FEF7E9FA2000EA68112101F031FA3A0017
:10D740001121200001F026F8FDF7C6FB9C235B00A9
:10D75000E35893422ADD9821D300571C9A224900AE
:10D7600061585200A750243ACB18A15801C3002990
:10D7700033D03432A2589E279246A02252009046BF
:10D780008446A25818007F0000950DE0E559D300AB
:10D79000AB464546013262514D685B445D600360B3
:10D7A00009681800002916D05245EFDB8C230122AE
:10D7B0005B00E250FDF790FB2A69112100F02EF882
:10D7C0004B465A46A35043469B68002B01D1FEF7B7
:10D7D0002AFEFDF781FB6046009D00221A605EE68E
:10D7E0001139FBF7B3F9EFE5002E01D0FDF76CFB23
:10D7F000FDF76EFB3A00112100F0CCFFFEF73CFA7A
:10D8000020000549FBF706FAFDF766FB7C330110A3
:10D81000F4350110B4350110C8350110F0B505001C
:10D82000140083B0002A21D05368012B1EDC8E2601
:10D83000802176008259C9008A4217DC962701337D
:10D840007F006360C359013201936B4682511121FD
:10D85000C35122000094FDF711FB019BEB5163685B
:10D86000013B6360AB59013BAB5103E08C230122C8
:10D870005B00EA5003B0F0BDF8B54546DE465746BA
:10D880004E461378E0B5033BDBB2040015004D2B88
:10D8900003D8DA4A9B00D3589F462A001121200062
:10D8A000FFF7BCFFF0BCBB46B246A946A046F8BD98
:10D8B0000022D34D80232F0092460D32FF32914635
:10D8C0005B00043A20269046C35808370BE0190045
:10D8D000013380225200A35004326654A654AF4252
:10D8E000E0D02E780135FF2BF1D15246E2544B4661
:10D8F000E2584346FF21E358200098479422520003
:10D90000A35800210133A3500123E2E70022BD4DBB
:10D9100080232F0092460D32FF3291465B00043A7D
:10D9200020269046C35808370BE0190001338022A7
:10D930005200A35004326654A654BD42B2D02E7891
:10D940000135FF2BF1D15246E2544B46E258434693
:10D95000FF21E3582000984794225200A358002149
:10D960000133A3500123E2E70022802392460D32C7
:10D97000FF32A54D91465B00043A20269046C358DD
:10D980006F1D0CE01900013380225200A3500432B5
:10D990006654A654AF4200D184E72E780135FF2BA0
:10D9A000F0D15246E2544B46E2584346FF21E35839
:10D9B0002000984794225200A35800210133A3501D
:10D9C0000123E1E7914E8023721D90460022934689
:10D9D0000D32FF3292465B00043A20279146C3582D
:10D9E0000CE01900013380225200A3500432675426
:10D9F000A754B04500D1C1E137780136FF2BF0D1F3
:10DA00005A46E2545346E2584B46FF21E358200061
:10DA1000984794225200A35800210133A3500123B8
:10DA2000E1E7802149004258FF2A00D146E2531C19
:10DA30004350E03981548222520081542CE08023EB
:10DA40005B00C258FF2A00D127E2531C8021490005
:10DA50006350E039A15482225200A1542CE080236B
:10DA60005B00C358FF2B00D106E2591C80225200F4
:10DA7000A150E03AE25482235B00E25411212000DD
:10DA80002A69FFF7CBFE0DE71121EA68FFF7C6FE12
:10DA900008E780235B00C358FF2B00D1B8E1591C75
:10DAA00080225200A150DA3AE25482235B00E25411
:10DAB000F8E680235B00C358002292460D32FF3205
:10DAC000534D9146043A26269046AF1C0CE01900AF
:10DAD000013380225200A350013504326654A6540B
:10DAE000AF4200D1DEE62E78FF2BF0D15246E25451
:10DAF0004B46E2584346FF21E358200098479422C2
:10DB00005200A35800210133A3500123E1E7002272
:10DB1000404D80232F0092460D32FF3291465B002C
:10DB2000043A20269046C35808370CE01900013308
:10DB300080225200A35004326654A654BD4200D144
:10DB4000B0E62E780135FF2BF0D15246E2544B4619
:10DB5000E2584346FF21E3582000984794225200A0
:10DB6000A35800210133A3500123E1E700222A4DED
:10DB700080232F0092460D32FF3291465B00043A1B
:10DB800020269046C3580A370CE019000133802242
:10DB90005200A35004326654A654AF4200D181E62D
:10DBA0002E780135FF2BF0D15246E2544B46E25815
:10DBB0004346FF21E3582000984794225200A3587F
:10DBC00000210133A3500123E1E782235B00C35C02
:10DBD000282B00D00DE1EA6811212000FFF71EFE7E
:10DBE0000022802392460D32FF320C4D91465B009D
:10DBF000043A3A269046E358EF1C1EE02C2A011006
:10DC000075360110813601108D360110B5360110C0
:10DC1000BC360110C1360110CD360110D8360110C6
:10DC20001900013380225200A3500135043266549A
:10DC3000A654AF4200D135E62E78FF2BF0D15246E4
:10DC4000E2544B46E2584346FF21E35820009847F0
:10DC500094225200A35800210133A3500123E1E78D
:10DC60000922802391460432FF32AE4E93465B0078
:10DC7000043A20279246C358B1440EE01A000133FB
:10DC8000802149006350A754822252008846A7543D
:10DC9000B14500D19AE037780136FF2BEED1002252
:10DCA000E2545B46E2585346FF21E3582000984770
:10DCB00094225200A3580133A35001230022DFE72E
:10DCC0000022994D80232F0092460D32FF3291465B
:10DCD0005B00043A20269046C35811370CE0190027
:10DCE000013380225200A350013504326654A654F9
:10DCF000BD4200D1D6E52E78FF2BF0D15246E2543A
:10DD00004B46E2584346FF21E358200098479422AF
:10DD10005200A35800210133A3500123E1E7082258
:10DD200090460022802393460D32FF327F4E92466A
:10DD30005B00043A20279146C358B0440BE0190019
:10DD4000013380225200A35004326754A754B045D7
:10DD500014D037780136FF2BF1D15A46E25453469E
:10DD6000E2584B46FF21E358200098479422520086
:10DD7000A35800210133A3500123E2E72A69002AB6
:10DD800000D18FE5FF2B64D0591C80256D006151B7
:10DD90002821E15482235B00E15420001739FFF76A
:10DDA0003DFD6359FF2B1AD10022E25486235B000C
:10DDB000E258043BFF21E358200098479422520088
:10DDC000A35801210133A350002309E011212000B1
:10DDD000EA68FFF723FD4346E358FF2BE4D0591CC4
:10DDE00080225200A150D73AE25482235B00E254D1
:10DDF00058E580235B00C358FF2B71D0591C80224B
:10DE00005200A150E03AE25482235B00E254E2E681
:10DE10000022E25486235B00E258043BFF21E358D2
:10DE20002000984794225200A35801210133A350A7
:10DE3000002335E680235B00C358FF2B61D0591CBB
:10DE400080225200A150D63AE25482235B00E25471
:10DE500028E50022E25486235B00E258043BFF21C0
:10DE6000E3582000984794225200A358012101331F
:10DE7000A35000232A6988E70022C25486235B004E
:10DE8000C258043BFF21C358984794225200A3581C
:10DE900001210133A3500023E8E5002383540D330F
:10DEA000FF33C258043BC358FF21984794225200C5
:10DEB000A3580133A35001230022C7E50023835454
:10DEC0000D33FF33C258043BC358FF2198479422B7
:10DED0005200A3580133A350202323701F3BDEE5DB
:10DEE0000022C25486235B00C258043BFF21C35862
:10DEF000984794225200A35801210133A3500023D4
:10DF00007DE70022C25486235B00C258043BFF21F8
:10DF1000C358984794225200A35801210133A350BB
:10DF200000238DE7DD36011094360110A93601106B
:10DF3000F8B54E464546DE4657460400E0B51600A5
:10DF40001D1E6FD086489A68002A6BD15A681178D6
:10DF50001939C9B2122962D88900425897468223DA
:10DF60005B00E35C202B00D096E080235B00E3584D
:10DF7000FF2B00D19FE05A1C8021490062502822CB
:10DF8000E25482235B00E2549146002288469A467E
:10DF90001033E7589346E250200000232A00EF395F
:10DFA00000F0E2F84346E358FF2B00D1A8E04146D9
:10DFB0005A1C6250D739E1545346E154FF2A41D0EC
:10DFC0008021531C49006350D839A1548222520049
:10DFD000A1543269002A06D011212000FFF71EFC4F
:10DFE00080235B00E358FF2B00D177E0591C80228F
:10DFF0005200A150D73AE25482235B00E254043B22
:10E000002A0011212000FF3B00F0AEF88A235B00BC
:10E01000E750F0BCBB46B246A946A046F8BD1B6817
:10E02000002B90D18A2300225B00E7581121E25097
:10E03000200000232A0000F097F880235B00E258BC
:10E04000FF2ABDD10023A3540D33FF33E258043B14
:10E05000E358FF212000984794225200A35801332F
:10E06000A3508023283A5B00FF3AE2500432D83BA9
:10E07000FF322370A3543269002AADD10123B5E7E2
:10E0800082235B00E35C022219009143282900D11E
:10E090006BE7202B00D168E7802149006258FF2AF6
:10E0A0004BD0531C6350E039A15482225200A1543A
:10E0B000FF2B00D05FE70022E25486235B00E2588A
:10E0C000043BE358FF212000984794225200A358B4
:10E0D0000133A350283A0023FF3A4DE70022E254CF
:10E0E00086235B00E258043BFF21E3582000984759
:10E0F00094225200A35801210133A350002376E754
:10E100005A46E25486235B00E258043BE358FF2161
:10E110002000984794225200A3580133A3500223B1
:10E120004246A3500F4B4A4623805346E25432697D
:10E130000223002A00D04FE758E70023A3540D33F1
:10E14000FF33E258043BE358FF2120009847942214
:10E150005200A3580133A350202323701F3B0AE72A
:10E16000642B011029280000F0B54E464546DE46D6
:10E170005746E0B51400050099468BB0002A3CD004
:10E180008C268827012376009A467F0014E05346A8
:10E19000A360EB590093E368EB51292926D02A2983
:10E1A0003CD0022942D011212800FFF765FB009BDB
:10E1B000EB512468002C20D0AB59002B1DD1A36853
:10E1C000002BF6D14B4662681178002BDFD14D2928
:10E1D000EFD019D80B001C3B042BEAD95346A3609F
:10E1E000EB590093E368EB512929D8D12368280023
:10E1F0001839FFF79DFE009BEB510BB0F0BCBB46FE
:10E20000B246A946A046F0BD4F390129D1D953469F
:10E21000A360EB590093E368EB51C4E7236828003F
:10E22000193900F0F3F8009BEB51E6E78A277F00ED
:10E23000EB59D268984600232800EB510F31FFF7C5
:10E24000EDFA4346EB516D4F8023BA1C91463A22BA
:10E250009046D23293465B00043A9246EB580EE069
:10E260001A000133802149006B504146A954822293
:10E2700001375200A9544F4514D03A789046FF2BED
:10E28000EED10022EA545B46EA585346FF21EB5890
:10E290002800984794225200AB580133AB50012319
:10E2A0000022DFE7626814692278472A15D04D2AD8
:10E2B00010D00CD81C3A042A0CD9220011212800B5
:10E2C000FFF7ACFA8823009A5B00EA5095E74F3AD3
:10E2D000012AF2D8E4682278E9E73B3A9246484FAF
:10E2E0006F32904691329346BA440FE01A000133E0
:10E2F000802149006B5089464146A9548222520030
:10E30000A954574518D03A7801379046FF2BEDD1E4
:10E310000022EA5484235B00EB58FF2101935B4603
:10E320002800EA58019B984794225200AB580133C9
:10E33000AB5001230022DBE7236932495A1C03A8B2
:10E34000F5F7E6F803A802F015FD4B46EB58002858
:10E3500027D0862281465200934603AF043A924664
:10E36000B9440AE01900013380225200AB50013752
:10E3700004326E54AE544F4513D03E78FF2BF1D18A
:10E380000022EA545B46EA585346FF21EB58280026
:10E39000984794225200AB5800210133AB5001231F
:10E3A000E2E7194FFA1C91467D2290468F32934640
:10E3B000043A92460FE01900013380225200AB501C
:10E3C00042466A548222414652000137A9544F45C1
:10E3D00080D03A789046FF2BEDD10022EA545B467C
:10E3E000EA585346FF21EB582800984794225200E0
:10E3F000AB5800210133AB500123DEE7EC330110B1
:10E40000F13301107C33011000340110F0B54E4699
:10E410004546DE465746E0B5040090461E0083B0F0
:10E42000002B0BD09A68002A51D01B68002BF9D121
:10E430000023320011212000FFF796FE80235B00AD
:10E44000E358FF2B00D1B3E080215A1C49006250F1
:10E45000E039E15482235B00E154FF2A46D0802159
:10E46000531C49006350A539A15482225200A15483
:10E470004246D268002A06D011212000FFF7CEF9CB
:10E4800080235B00E358FF2B0FD0591C80225200E1
:10E49000A150A33AE25482235B00E25403B0F0BCE3
:10E4A000BB46B246A946A046F0BD0022E2548623F0
:10E4B0005B00E258043BFF21E35820009847942278
:10E4C0005200A35801210133A3500023DEE75B680B
:10E4D0001B782A2B29D10023320011212000FFF7BD
:10E4E00043FE80235B00E258FF2AB8D10023A354E7
:10E4F0000D33FF33E258043BE358FF2120009847D7
:10E5000094225200A3580133A3508023283A5B0081
:10E51000FF3AE2500432A53BFF322370A354434636
:10E52000DA68002AA8D10123AFE780233A4D5B00C7
:10E53000AA1C93462027E3580EE01A0001338021DD
:10E5400049006350A7548222013552008946924601
:10E55000A754AB4518D02F78FF2BEED10022E25400
:10E5600086235B00E358FF21009384235B00E3587C
:10E57000009A20000193984794225200A358013337
:10E58000A35001230022DAE70023320011212000EA
:10E59000FFF7EAFD4B46E258FF2A2AD04946531CB2
:10E5A00063502921A1545246A154FF2B00D04BE7C0
:10E5B0000022E25486235B00E258043BE358FF212B
:10E5C0002000984794225200A3580133A35080237F
:10E5D000273A5B00FF3AE250104B593223808223E6
:10E5E0005B00E2544346DA680223002A00D043E786
:10E5F0004BE70023A3540D33FF33E258043BE358A9
:10E60000FF212000984794225200A3580133A350C1
:10E6100029232370283B17E7F0350110205B000009
:10E62000A423F0B55B00C3580400150083B0002B91
:10E6300006D088225200815801930091694681508A
:10E64000EA681378042B0ED011212000FFF7E6F8BA
:10E65000A4235B00E358002B03D08823009A5B00BF
:10E66000E25003B0F0BD11212000D268FFF7D6F8C8
:10E67000A4235B00E358002B03D08823009A5B009F
:10E68000E25082225200A35C3C2B51D080235B00DD
:10E69000E358FF2B30D05A1C802782267F00E2519E
:10E6A0003C227600E254A255EB6811211A69200041
:10E6B000FFF7B4F8A35D3E2B31D0E359FF2B09D00F
:10E6C000591C80225200A150C23AE25482235B00BE
:10E6D000E254C6E70022E25486235B00E258043B82
:10E6E000FF21E3582000984794225200A3580121AB
:10E6F0000133A3500023E4E70022E25486235B00A9
:10E70000E258043BE358FF2120009847942252002E
:10E71000A3580133A350283A0023FF3ABCE7E2593B
:10E72000FF2A10D02021531CE351A154A155C5E765
:10E73000802040002158FF2918D04B1C2350E0387E
:10E740006054A054A5E70023A3540D33FF33E258CF
:10E75000043BE358FF212000984794225200A3581D
:10E760000133A350202323701F3BA9E700236354E8
:10E770000D33FF33E258043BE358FF212000984754
:10E7800094225200A3580133A350202323701F3B2F
:10E7900081E7C046F0B5D6464F464646137804009A
:10E7A000C0B5322B07D01121FFF738F8E0BCBA46CC
:10E7B000B146A846F0BDD3689F685D68002FF5D0CC
:10E7C0000022802392460D32FF3291465B00043ACC
:10E7D0009046C358EF190AE0190001338022520015
:10E7E000A350013504326654A654BD42DED02E78C3
:10E7F000FF2BF1D15246E2544B46E2584346FF21EB
:10E80000E3582000984794225200A3580021013376
:10E81000A3500123E2E7C046F0B557464E46DE4618
:10E820004546E0B5E7B0067800AF0400F960BA608D
:10E830005F2E00D10AE108222000D04902F0C8FA78
:10E840000025002809D1237A2E2B00D1EDE05F2B83
:10E8500000D1EAE0242B00D1E7E0200002F08AFAA0
:10E8600023187B611123BB6100237B623B63BB6385
:10E87000FB633B647B64BB64802342003C61FC61BE
:10E88000BA6278631B019A4200D9C5E069468300E9
:10E890001818C000091AE9468D46EB460733DB0815
:10E8A000DB00CB1A9D465B463B626B46FB62012D4B
:10E8B00000D1D1E0AB1ED9B2012900D9D1E00B21A2
:10E8C0008A46A2445146F961591E8B41442188462B
:10E8D0009844E37A5F2B03D1237B5A2B00D13DE18F
:10E8E000002A00DC29E1504602F044FA5A4600238F
:10E8F0005360936001227A62002800D11DE15A46DC
:10E9000013705B4652461861DA60102041460023BE
:10E910005A463818F9F7A0FFFC698046200002F03B
:10E9200029FA2418FC612678002E00D096E0434690
:10E93000002B00D192E010223C239B18DC19F0330D
:10E940009B18DB191E6082238E255B00E6540C3376
:10E95000E6500433E6501033E650FA680433E650CC
:10E96000203BE250BA680433E2500C33E6500833DF
:10E97000E6500C33E6500433E6500433E6500433DB
:10E98000E6500433E6500433E6506D00043341464C
:10E990002000E6506651FAF705F8802362591B0102
:10E9A0009A4200DA66519C23A221002049005B00B4
:10E9B000E25863586D465343635004316050002A57
:10E9C00000DC01226946D2008A1A9546002B00DC41
:10E9D00001236946DB00CB1A9D4698235B00E25079
:10E9E0006A460C33E250112142462000FEF716FF22
:10E9F00080235B00E158002363540D33FF33E2585A
:10EA0000043BAD462000E35898478C235B00E05858
:10EA1000CD464342584100E00020BD4667B0F0BCFF
:10EA2000BB46B246A946A046F0BD637A442B03D04C
:10EA30000025492B00D010E7A27A00255F2A00D0DC
:10EA40000BE7493B5A1E93419D1C06E743785A2B1E
:10EA500000D0F0E6012500E75F2E0AD00020CD4669
:10EA6000DBE71023F818FAF74FFBFB6980461E78A6
:10EA70005AE763785A2BF1D1A31CFB61A378472B8B
:10EA800000D186E0542B00D183E010230121F81837
:10EA9000FBF776FB8046BB697B60DB0776D50023FE
:10EAA000F9699A460E782E2E00D03DE74B781A0071
:10EAB000613A192A48D95F2B46D0303B092B65D8DB
:10EAC0000B000A782E2A12D15A78303A092A0ED829
:10EAD0009C789A1C2300303B092B31D813005C78BA
:10EAE00001332200303A092AF9D92E2CECD0581AD9
:10EAF000FB617A6ABB6A7B609A4223DA3C6A9300C4
:10EB0000A4467C6054469B189B00634401325C60C1
:10EB10009C607A62002815DD5C609C601C70D96086
:10EB20001861102042464E213818F9F795FEF96910
:10EB300080460E782E2EB9D0F6E600239B46E4E6FA
:10EB40001300D2E70023ECE78B1C1A781000613821
:10EB5000192801D95F2AB5D10133F6E723000D3317
:10EB6000FB61637B472B0BD0542B09D01023002172
:10EB7000F818FBF705FB8346C7E6C0468033011053
:10EB80001023F818FBF774FB8346BEE6FB691E787A
:10EB9000CAE61023F818FBF76BFB80467BE7C046FC
:10EBA000F0B5C64600B5137804001500012682B002
:10EBB000012B03D9312B01D0062B3FD16B68012BE0
:10EBC00032DC8E2780217F00E259C9008A422BDC8B
:10EBD00001336B6096235B009846E3580132E251A3
:10EBE00001936A4643461121E25020002A00009515
:10EBF000FCF744F94346019AE2506B68013B6B60B5
:10EC0000E359013BE351002E14D180235B00E3580C
:10EC1000FF2B26D0591C80225200A150D73AE25433
:10EC200082235B00E25405E08C2301225B00E2506A
:10EC3000002EEAD002B080BCB846F0BD80235B0055
:10EC4000C358FF2B1ED0591C80225200A150D83A25
:10EC5000E25482235B00E2546B680026012BB0DD96
:10EC6000E2E7E65486235B00E258043BFF21E358C9
:10EC70002000984794225200A35801210133A35049
:10EC80000023C8E70022C25486235B00C258043B1D
:10EC9000FF21C358984794225200A3580121013301
:10ECA000A3500023D0E7C046F0B5DE4657464E4697
:10ECB0004546D368E0B5DB6804001B68002019787E
:10ECC00083B066297AD11269D16812698B46002116
:10ECD0009046127889463C2A00D1BCE0922252002C
:10ECE000A1588A4601214942A1505B786C2B00D182
:10ECF000B8E06AD84C2B01D0522B5AD180235B004C
:10ED0000E358FF2B00D106E15A1C80256D006251AB
:10ED10002822E25482235B00E25411214246200063
:10ED2000FFF73EFF5A4611212000FFF733FD6359DC
:10ED3000824D2E26EA1C90460CE01A0001338027F3
:10ED40007F00E351A654822201355200A654A84503
:10ED500018D02E78FF2BF0D10022E25486235B00DE
:10ED6000E358FF21009384235B00E358009A2000BE
:10ED70000193984794225200A3580133A3500123D2
:10ED80000022DCE75A4611212000FFF703FD4A4626
:10ED900011212000FFF704FFE359FF2B00D195E07C
:10EDA000591C80225200A150D73AE25482235B00C2
:10EDB000E2549223524601205B00E25003B0F0BCC3
:10EDC000BB46B246A946A046F0BD722BF1D18023C6
:10EDD0005B00E358FF2B00D18AE05A1C80256D00B0
:10EDE00062512822E25482235B00E2541121424600
:10EDF0002000FFF7D5FE5A4611212000FFF7CAFC7C
:10EE0000002293460D32FF3263594D4D9146043A2C
:10EE10002E2690462F1D0BE0190001338022520050
:10EE2000A350013504326654A654BD42C1D02E7899
:10EE3000FF2BF1D15A46E2544B46E2584346FF219C
:10EE4000E3582000984794225200A3580021013330
:10EE5000A3500123E2E74246126991464246D26836
:10EE600090463BE78023374D5B002A1D91462826BC
:10EE7000E3580CE01A00013380277F00E351A654C9
:10EE8000822201355200A654A94518D02E78FF2BB6
:10EE9000F0D10022E25486235B00E358FF21009367
:10EEA00084235B00E358009A200001939847942242
:10EEB0005200A3580133A35001230022DCE75A4635
:10EEC00011212000FFF766FC424661E70022E25470
:10EED00086235B00E258043BFF21E358200098475B
:10EEE00094225200A35801210133A350002358E774
:10EEF0000022E25486235B00E258043BE358FF21E2
:10EF00002000984794225200A3580133A350283A76
:10EF10000023FF3A62E70022E25486235B00E258B6
:10EF2000043BE358FF212000984794225200A35845
:10EF30000133A350283A0023FF3AE6E6F4350110E6
:10EF4000F0360110E8360110F0B5C64600B50C00E9
:10EF500015001E0086B0002848D0002901D0002AE4
:10EF600044D000232C4902AA0293039304930593EF
:10EF7000FFF752FC002840D0059B0193002B1ED0C8
:10EF80000123029F9846002F41D0002C2BD038003F
:10EF900001F0F0FE2B6898421FD23900421C20007D
:10EFA000F4F758FF3800F4F743FF2700002E01D094
:10EFB00000233360380006B080BCB846F0BD049B27
:10EFC000029F9846002FE0D1002E14D0012B19D1BA
:10EFD00001235B4200273360ECE72000F4F728FFB1
:10EFE00043462B60E2E7002DFAD1DFE7002E02D086
:10EFF00003235B4233600027DCE70298F4F718FF35
:10F00000002EF8D002235B4200273360D2E7002EA7
:10F01000DED10027CEE7C046918A001010B5002847
:10F0200008D0002906D0FFF7F7FB431E98414000A7
:10F03000023810BD03204042FBE7C0461EB400F07A
:10F0400093F81EBC02F0D0FCF0B5C64600B51E0019
:10F0500003780C0082B0472B1DD00023284D01936C
:10F060002B6828009B6898470127002803D0019B44
:10F0700001371B680193236829001B69200098460B
:10F0800001AA0123C047002824D10027380002B07C
:10F0900080BCB846F0BD43784E2BDED18378552B2B
:10F0A000DBD1C378432BD8D10379462B1CD003790D
:10F0B000432BD2D143792B2BCFD183792B2BCCD19E
:10F0C000C379012BC9D808D003005830203B1D68F4
:10F0D0000190C5E7019B3360D8E720380068030042
:10F0E000783B1D680190BBE743794F2BDFD18379D3
:10F0F000522BDCD1C379002BD9D1024D0193AFE75C
:10F10000303C0110283C011010B5040000F0A6F9B5
:10F1100023002278203B472A05D08268002A20D18C
:10F120008360012010BD62784E2AF6D1A278552A5C
:10F13000F3D1E278432AF0D12279432AEDD16279E2
:10F140002B2AEAD1A2792B2AE7D1E279012AE4D845
:10F15000DA690132DA61012AE3D182689A61836057
:10F16000DFE7F9F7CFFAC04610B500F077F983680A
:10F17000002B2ED020229A5C472A04D000228260E5
:10F180002033180010BD263A9A5C4E2AF6D12C3A4C
:10F190009A5C552AF2D1323A9A5C432AEED11F3A50
:10F1A0009A5C432AEAD11E3A9A5C2B2AE6D1053AA8
:10F1B0009A5C2B2AE2D1043A9A5C012ADED8DA69F9
:10F1C000013ADA61002ADBD19A69826000229A61F1
:10F1D000D6E7F9F797FAC046027803000020472ADD
:10F1E00000D070475A784E2AFBD19A78552AF8D128
:10F1F000DA78432AF5D11A79432AF2D15A792B2A9F
:10F20000EFD19A792B2AECD1DB792A3A9A42404104
:10F21000C0B2E6E710B5041E06D000F08BF820005F
:10F22000FFF7DAFF002801D1F9F76CFA203CE0681B
:10F23000F9F754FAF0B5DE464E4657464546E0B576
:10F2400085B00600FFF7C8FF041E0BD03300203B3B
:10F250009A68DC68B36A91469A460023376B9846F1
:10F26000756B05E00123814698460500070082463C
:10F27000300000F05FF84346002B01D0F9F74EFA5A
:10F280004846F9F747FA00F055F84346002B01D0FD
:10F29000F9F738FA00F0DEF827230668F25C33004D
:10F2A0007833012A00D13368BF080293BB00019371
:10F2B000002399462036CA4520DD2F68002F00D054
:10F2C0007F1900223900300002ABFFF7BDFE002895
:10F2D00001D000F07FFC3B6803901B6938009B461F
:10F2E0001149012303AAD847002800D080460123F2
:10F2F0009C46019BE1449C466544DCE74346002B69
:10F3000008D0042000F014FD084B094A06490360A8
:10F3100000F046FC2000F9F7E1F900F045F800F0B4
:10F3200043F8FFF78BFEC046383C0110BC3C01108F
:10F3300039F4001070B5040000F090F82200237832
:10F340000568203A472B04D0002D2BD102602800FD
:10F3500070BD63784E2BF7D1A378552BF4D1E378A9
:10F36000432BF1D12379432BEED163792B2BEBD1B6
:10F37000A3792B2BE8D1E379012BE5D85369002B36
:10F380000DDB013353614368013B4360954201D07B
:10F39000156102602000656A02F036FBD7E70121A3
:10F3A000CB1AEFE7F9F7AEF910B500F053F80368A0
:10F3B000002B09D020229A5C472A06D00022203355
:10F3C0000260180002F0F8FA10BD263A9A5C4E2A44
:10F3D000F4D12C3A9A5C552AF0D1323A9A5C432AFD
:10F3E000ECD11F3A9A5C432AE8D11E3A9A5C2B2A48
:10F3F000E4D1053A9A5C2B2AE0D1043A9A5C012ABE
:10F40000DCD85A69002A08DB511E012A0CD04A1C9C
:10F4100001D05961D8E7F9F775F9511C0132F8D1DB
:10F420001A6902605961CFE71A6920330260180037
:10F4300002F0C2FAC8E7C0467047C04600487047AD
:10F44000143C011010B504000421F9F78BF82000DA
:10F4500010BDC0460048704790200020004870470B
:10F4600090200020F8B5DE46454657464E468B466E
:10F47000E0B50500502825D00F2028400C2800D9E1
:10F4800076E03C4C80002058874650781678000281
:10F4900094780643D0782404000634430443101DB6
:10F4A000002C08D070262E40102E00D193466DB24D
:10F4B0005C44002D0CDB1C60F0BCBB46B246A94688
:10F4C000A046F8BD032103328A43100010C8F2E7BA
:10F4D0002468F0E750781678000294780643D078D4
:10F4E000240400063443044310000830D8E754785D
:10F4F000107824020443901CD2E754781678240232
:10F50000344324042414901CCAE77F21904600242D
:10F510000027894646463178701C4E460E40BE4054
:10F5200034434EB280460737002EF3DB1F2FB7D887
:10F530004906B5D50126BE4076423443B2E70021E4
:10F5400088467F311700002489463E003178013714
:10F550008A464946564631404646B1400C4307214B
:10F560008C4651464EB23800E044002EEDDB97E762
:10F5700000F01CFCC83C0110020010B50800FF2A76
:10F5800015D070231340302B17D004D8202B07D16F
:10F5900002F0D2F903E0402B0BD102F04DFA10BD7E
:10F5A000202B02D86023134201D000F0FFFB002083
:10F5B000F5E70020502BF2D0F7E702F005FAEEE76E
:10F5C000F8B505000E0014000020002D02D0280020
:10F5D00002F032FA2060771C3678FF2E29D1606065
:10F5E0003B78781C2375FF2B33D010230025002196
:10F5F0007F2623753200037801301A408A405BB2BF
:10F6000015430731002BF5DB4519E5600025002285
:10F610007F2603780130637531000378013019408B
:10F6200091405BB20D430732002BF5DB4519256194
:10F63000F8BD29003000FFF79FFF3A000100231DAD
:10F640003000FFF70FFF07003B78781C2375FF2B76
:10F65000CBD10023E360D9E7F0B5DE4645465746F7
:10F660004E460023E0B593B0089303338B46904693
:10F670000340012B16D0022B0FD14146584602F011
:10F680008BF90924002800D10824200013B0F0BC15
:10F69000BB46B246A946A046F0BD002B00D190E083
:10F6A00000F084FB08231A000240034200D19AE0D4
:10F6B00002231A4302920C910CAD00230C2200216C
:10F6C0004046009502F060F9404602F0EDF90390E3
:10F6D0000028D2D02A0003994046FFF771FF414627
:10F6E0000600287DFFF748FF0BABA8600F220093B0
:10F6F0009A4600210023404602F0AEF901220B9BFE
:10F700009343013B99462B699E4263D27F276C7DD0
:10F7100000212000FFF730FF3200010009AB20007C
:10F72000FFF7A0FE6C7D060000212000FFF724FFFC
:10F73000320001000AAB2000FFF794FE6C7D06004A
:10F7400000212000FFF718FF53460100320020007F
:10F75000FFF788FE0024002103003A001B780130E7
:10F760001A408A405BB2060014430731002BF3DBDA
:10F77000099A2B68944663444B4519D9029BDB07D1
:10F780002BD500230024049353460D22009300211F
:10F7900000234046089D02F05FF95B460B9A9C628D
:10F7A0001A62039A0624DA62049A5D621A636CE7AD
:10F7B0000A9A944663444B456FD82B698342A6D876
:10F7C000DCE7030700D558E701230CAD02935B4645
:10F7D0000C9372E7029B1A42D3D10823029A134278
:10F7E00058D0F8F78FFF0CAD0C6A00230D220021D2
:10F7F0004046009502F030F90C9B9C4202D0022357
:10F800000293E4E75B460C220C9300210023404660
:10F81000009502F0B9F85B461B6B0493002B39D0BE
:10F820005B469C6ADB6A03930BAB9A460326002C6B
:10F8300056DB5B460B935346002200210093404663
:10F84000002302F0A1F85346012200210093404614
:10F8500000230B9402F098F853460F2200210093E6
:10F860004046002302F0F8F801230B9A00211340D0
:10F87000049A404613430B9353460F2200930023F0
:10F8800002F082F80724022E00D0FEE65846FFF769
:10F890003BFCFAE65846FFF7BDFC0B9B002B00D162
:10F8A000EBE66A68944663440493002C37D1002B3E
:10F8B00000D1E2E6029BDB0700D5DEE60823029AD0
:10F8C000134200D122E100240226B2E7079B5446EE
:10F8D000AB469846B2464D46029BDB0700D553E740
:10F8E0002A0003994046FFF76BFE4146287DFFF74B
:10F8F00043FEE343E9689B00A860C9180B68002B2E
:10F9000005D0002301339A008A58002AFAD15A46BA
:10F91000936204230326D0621363516389E72A6943
:10F92000631E9446049A6344002A00D1A5E6002B86
:10F9300000D1E0E0029908220800104006900A4237
:10F9400000D1CDE059463F320A7007324A70073283
:10F950008A70123ACA7003320A7109324A7103324C
:10F960008A710022CA710022059242467F27A94669
:10F970000792002400211A0010783A0002408A40C1
:10F980000133144342B21D000731002AF3DB1F2963
:10F9900006D84022024203D03F3A8A4052421443E2
:10F9A000002600213A001878013302408A401643AD
:10F9B00042B20731002AF5DB1F2906D84023034253
:10F9C00003D03F3B8B405B421E43002C11D013DC25
:10F9D0005B46002B02D0069B002B4AD04A46E343ED
:10F9E000D2689B009B58002B2CD0002E6DD0AB19F9
:10F9F000BFE701230593F8E74B46187DFF2862D047
:10FA000007230340022B5BD02DD9032B2ED0042BD0
:10FA100000D045E6E20052424B46DB6849469C4630
:10FA2000896853466244FFF71DFD0B99002909D0F0
:10FA30005B46002BD9D00022584608ABFFF704FBE9
:10FA40000028D2D0079B4D469846029BDB0700D585
:10FA50009AE6069B002B00D1E8E60326002C00DB8B
:10FA6000E7E6F8F75BFE002B00D019E6A200524251
:10FA7000D2E7089B0F9A0B93E34390469B00984470
:10FA800043461968002943D05B465246AB46A2461E
:10FA90001D004446B046160004E0616804340029A5
:10FAA00000D113E73300002228006118FFF7CCFAD9
:10FAB0000028F2D02B00B2465D4646469B4694E7AE
:10FAC00062005242A8E70022A6E7079B9846059BE2
:10FAD000002B00D1D1E5029BDB0700D5CDE5F2E696
:10FAE0005A46D1795832012901D008923BE7783A39
:10FAF0001268089237E7029BDB0700D5BDE5029A42
:10FB0000082314001C401A4200D0DCE6022690E6CE
:10FB1000079B4D469846DFE6FFF70CFC61E6C046C2
:10FB200010B5012812D80B00283B1A68501E186027
:10FB3000012A00D010BDDB6858310C00002B01D029
:10FB400008009847200000F009F9F3E728394869D0
:10FB5000F8F7C4FD70B505000026803DEA602E6010
:10FB6000A9600400F8F7E8FD2861F8F7DFFD23003D
:10FB70004722583B68611A7007325A7007329A70F0
:10FB800022004323553A13705370183B9370D3707F
:10FB9000024B513C280026702B6370BD21FB0010E6
:10FBA00070B504000D001600FFF758FC43683200E2
:10FBB0000133290043602000FFF7CCFF01230360DD
:10FBC0002830040001F058FF2000FFF7B3FBF8F7DE
:10FBD00099FDC04610B5FFF741FC43680468013346
:10FBE0004360002C0CD02023E35C472B0AD0002379
:10FBF00003602034200001F037FF2000FFF79AFB5C
:10FC0000F8F780FD263BE35C4E2BF0D12C3BE35C08
:10FC1000552BECD1323BE35C432BE8D11F3BE35C3B
:10FC2000432BE4D11E3BE35C2B2BE0D1053BE35C93
:10FC30002B2BDCD1043BE35C012BD8D863695B42FE
:10FC40006361D6E710B5FFF709FC0068002804D00F
:10FC50002723C35C012B01D0006810BD00687838F1
:10FC6000FAE7C04670B51C4C08386368002B27D0F3
:10FC700006688519AB4223D81DD05A680434002A7F
:10FC800006D10EE051681C1D00291FD013000A0088
:10FC90009542F7D304D12A6894466A6866445A604C
:10FCA00023681A68991888420DD05B680660436023
:10FCB0002368586006E01A685B68944666440660EC
:10FCC0004360606070BD92191A60FBE75B681A6858
:10FCD00099188842E9D1F6E79C200020020010B56F
:10FCE0000832083000D30822072310490732486839
:10FCF0009A43002813D0043103E0011D4068002816
:10FD00000DD003689A42F8D89C1A072C08D983189A
:10FD100040681C605860086802600B60083010BDC5
:10FD20000360436808300B60F9E7C0469C20002060
:10FD300070B580300500F4F757F8041E07D0802214
:10FD400000212000F4F780F82000803070BD2800EA
:10FD5000FFF7C4FF041EF2D1F8F7D4FC074A80383D
:10FD6000936810B5984203D9D2689B18984202D381
:10FD7000F4F75EF810BDFFF775FFFBE79C2000204D
:10FD800070B59E25084C2D012800E560F4F72CF88D
:10FD9000A060002804D0002360600560436070BD4F
:10FDA000E0606060FBE7C0469C200020062010B5A4
:10FDB00000F054FF0120F1F78DFEC046144B70B5E2
:10FDC0001E6805000C00002E02D0B36B002B13D070
:10FDD000636EDB0702D4A3899B0515D52900220099
:10FDE000300000F039FD636E0500DB0702D4A38903
:10FDF0009B0505D5280070BD300001F0E7F9E7E765
:10FE0000A06D00F041FAF5E7A06D00F03BFAE5E7E0
:10FE1000D815002070B5050086B0080014000191C7
:10FE200000F0A8FF012301AE059002900396049311
:10FE3000002D02D0AB6B002B27D0636EDB0720D4E4
:10FE4000A2890C23E15E930518D580239B011A42F9
:10FE500005D10B43626EA381104B134063662800EB
:10FE6000210003AA00F028F8636E0500DB0702D426
:10FE7000A3899B050DD5280006B070BDA06D00F0CC
:10FE800001FA0C23E15EA289DFE7280001F09EF968
:10FE9000D3E7A06D00F0F8F9EDE7C046FFDFFFFF04
:10FEA000030010B50A00034908681900FFF7B2FF04
:10FEB00010BDC046D8150020F0B5DE464546574671
:10FEC0004E46E0B5936883460C00904683B0002B05
:10FED00023D08B891A0728D50A69002A25D04246E3
:10FEE00016689A072DD50027AC4B00259946BA46CF
:10FEF000002D58D02B004D4500D9A84B52465846EE
:10FF0000E169676AB847002858DD43469B68824428
:10FF10002D1A181A43469860EAD1002003B0F0BCAD
:10FF2000BB46B246A946A046F0BD2100584601F0A6
:10FF300001F8002800D02DE14246A38916689A07EF
:10FF4000D1D4DA0742D4002200279146002F25D0D1
:10FF500080229200A568134200D180E0AA46BD42EB
:10FF600000D9AFE09022D200134200D0BBE020685D
:10FF70005246494601F090FDA3685D1BA5603D0017
:10FF8000002723685344236043469B68A9445D1BB4
:10FF900043469D60C1D0A389002FD9D132687768CC
:10FFA00091460836D2E7336875689A4608369FE767
:10FFB0002100019801F0CCF800282FD00C22A35E7C
:10FFC000402201201343A3814042A7E700230022DF
:10FFD000B14600271E005B46002092460193002F89
:10FFE00027D000282FD03300BB469F4200D99B4624
:10FFF000206822696369904204D9A2689D18AB45C4
:020000041001E9
:1000000000DD9EE05B4561DC656A5246E16901986E
:10001000A847051ED2DD0120761BC9D043469B6848
:10002000AA447F1B5D1B43469D6000D175E7002FEE
:10003000D7D14B461B689A464B465F6808239C46BF
:10004000E144002FF5D03A000A21504601F0ACFC03
:10005000002800D195E053460130C61AC3E7206856
:100060002369984216D863699A46BB4212D84C4B12
:1000700038009F4200D94B485146F3F7BFFA534628
:10008000656A43434A465846E169A847051E95DD1F
:100090007F1B79E7BD4200D93D002A00494601F0A7
:1000A000FBFCA36822685B1B5219A3602260002B33
:1000B000EED12100584601F04BF8002800D07DE732
:1000C0007F1B61E73D00BA46206851E75A4651461A
:1000D00001F0E2FC5A46A3685D469B1AA3602368C0
:1000E0005B44236097E7606922682169551A4200E2
:1000F0001218D00F8218681C5210C0199246019530
:10010000904201D9824602005B0529D5110058466C
:1001100000F0D0F8051E37D0019A2169F3F79AFE56
:10012000A389214A134080221343A3815246019B95
:100130002561E818D31A3D00BA4620606261A360C9
:1001400016E751462A0001F0A7FC236821005B193D
:100150000198236000F0FCFF002800D15BE72DE749
:10016000584600F0BFFB051EE0D12169584601F05A
:100170001BF980225946A3899343743A1BB20A6043
:100180001EE77B1C1E002FE70C235A4613600C222F
:10019000A35E15E701204042C0E6C04600FCFF7F99
:1001A000FEFFFF7FFFFFFF7F7FFBFFFFF0B5C6462F
:1001B00000B51D00170086B001AB039301236F4308
:1001C000061E90460C9C019102970597049302D05D
:1001D000836B002B34D0636EDB0726D4A2890C23FB
:1001E000E15E93051ED580239B011A4205D10B4386
:1001F000626EA381184B134063662100300003AA8E
:10020000FFF75AFE636E00281DD0DB0711D5059855
:100210004146381AF3F71AFA0500280006B080BCE8
:10022000B846F0BDA06D00F02DF80C23E15EA28968
:10023000D9E7A3899B05EAD4A06D00F025F8E6E78D
:1002400000F0C4FFC7E7DB07E7D4A3899B05E4D42C
:10025000A06D00F019F8E0E7FFDFFFFF10B5040024
:10026000054882B00068009313000A002100FFF7E0
:100270009DFF02B010BDC046D81500207047C04693
:100280007047C0467047C0467047C04610B5034B24
:100290000100186800F00EF810BDC046D815002007
:1002A00010B5034B0100186801F07EF810BDC04680
:1002B000D8150020F0B54E464546DE465746E0B517
:1002C0000D000B35060083B0162D22D8102900D959
:1002D000B2E000F0B1FA102518230220CC4FFB1831
:1002E0001A005C68083A944200D1B5E003236268C2
:1002F0009A431300E268A168CA6091600122E31882
:10030000596830000A435A6000F09EFA2000083015
:1003100095E007239D4300D58EE0A94200D98BE0EC
:1003200000F08AFAFC235B009D4200D2A7E1680A34
:1003300000D18BE0042800D97AE138239846A80937
:1003400080443930C100B24F79184C680839A14255
:100350000ED003239C4604E0002ACBDAE468A142D5
:1003600006D06246636893435A1B0F2AF4DD404669
:100370003A003C690832944200D178E00323616876
:10038000994389460B00491B0F2900DD7BE17A6107
:100390003A610029B2DA80229200914500D30FE140
:1003A0005909DA0801238B40D2007968D2190B432E
:1003B00091687B60E260A1609460CC600121821052
:1003C0009140994259D80B4205D1032290434900EC
:1003D00004300B42FBD003239846C3009946B9442E
:1003E000CC4682466346DC68A44507D12CE1002A4E
:1003F00000DB35E1E468A44500D125E142466368AD
:1004000093435A1B0F2AF2DD0120804661190543F0
:100410006560A068E5680837C560A860404610437D
:10042000F960B9604860CF6030008F60E25000F042
:100430000BFA2000083002E00C230020336003B0E8
:10044000F0BCBB46B246A946A046F0BD80213F2382
:1004500040209846890076E7DC680230A34200D04D
:1004600044E73A003C690832944200D086E7012113
:100470007B68821091409942A5D90323BC686268C9
:100480009A439146954203D8531B0F2B00DD89E018
:1004900023004B445F4A01935F4B93461B681268ED
:1004A000EB18013200D13DE15C4A944663441B0BDA
:1004B0001B0300933000009900F0BEFB0300804650
:1004C000013300D1FAE0019B834200D9F4E0544BA0
:1004D00000981A009A4612680300944651466344F5
:1004E0000B6001991A00414500D151E15B461B6840
:1004F000013300D156E1434601995B1A9A185346DD
:100500001A600723424641461A400192194200D11F
:1005100012E108239846881A424B009980444144CE
:100520009B1A5B1A1B051B0D0091300019009B469E
:1005300000F082FB431C00D150E14346C01A030087
:100540005B440093534652461B6801215B44136091
:1005500042464046BA60009A0A434260BC4200D11B
:1005600024E14A460F2A00D822E107200C3A8243B0
:1005700060680140052011436160A11848608860EF
:100580000F2A00D935E14246444652682649086898
:10059000984200D20B6025490868984200D38FE04A
:1005A0000B608DE00122290013431143651961603E
:1005B0003000BD606B6000F047F9200008303EE776
:1005C0005A0A042A72D9142A00D9C5E011005C32F3
:1005D0005B31D20008235B429C46BA1894446346C0
:1005E0009A6803239846944500D19EE0434651689B
:1005F0009943494502D992689445F7D1D3689C46FE
:100600007B686146A260E1608C60D460D6E6C0463B
:10061000081A0020101E0020E82000200F10000003
:10062000B820002008100000E0200020E420002076
:10063000142852D9542800D996E06E239846280BE6
:1006400080446F30C1007EE608239B46073BDC44B4
:100650009B46DA4443465246134200D0C2E64CE081
:100660000122E318596830000A435A60E368A2681F
:10067000D3609A6000F0E8F820000830DFE62B0035
:10068000E80808332AE6012360191D436560786194
:100690003861C26082601A004B460A4342603000F3
:1006A000E15000F0D1F820000830C8E69A091100A6
:1006B00039323831D2008DE7BC4260D0BC68626804
:1006C00003239A43531B954202D80F2B00DD69E7A1
:1006D000300000F0B9F80020B1E65B239846804472
:1006E0005C30C1002FE608235B429C46E1444B4648
:1006F0009B6801384B4500D098E043460342F2D155
:100700007B688B437B604900994200D9B5E600299C
:1007100004D1B2E6042294464900E2440B42F9D0E7
:1007200050465AE610330093C4E68910023B8B40D2
:1007300079680B437B6064E7009B300043445B4275
:100740001B051B0D19009B4600F076FA431C00D0D8
:10075000F3E600239B46F5E6542A2BD81A0B11002A
:100760006F326E31D20035E7AA235B0098422BD856
:10077000DD3B9846E80B80447830C100E3E52C4B24
:10078000009A9A461B689C46534662441A60ADE63E
:10079000090500D0AAE60200BC684A4401310A43B8
:1007A0006260F3E65B4642461A60AAE64446EDE61E
:1007B00041608DE7AA2149008A4224D8DA0B110052
:1007C00078327731D20005E71A4B984224D87C233F
:1007D0009846A80C80447D30C100B4E5009A019B86
:1007E00094464246083B63449B1A009300239B4671
:1007F000A8E621003000083100F0D6FD5346BC6861
:100800001B686268C2E60B498A420BD89A0C110039
:100810007D327C31D200DDE6FE217E237F209846AA
:10082000890090E5FE227E219200D3E67B686AE78C
:10083000B82000205405000010B50248FFF722FD43
:1008400010BDC046AC20002010B50248FFF71CFDCB
:1008500010BDC046AC20002070B505000E0014008D
:10086000002802D0836B002B1ED0636EDB0702D4FE
:10087000A3899B0522D5A368013BA360002B05DA61
:10088000A269934213DBF3B20A2B10D0FF20236836
:100890005A1C22601E700640636EDB0702D4A389D7
:1008A0009B050FD5300070BD00F090FCDDE73100F6
:1008B0002200280000F0C6FA0600EDE7A06DFFF761
:1008C000E1FCD8E7A06DFFF7DFFCEBE7030010B514
:1008D0000A0003490868190000F004F810BDC0467A
:1008E000D8150020F0B557464546DE464E46E0B5E1
:1008F0000C000700904683B0002900D1A8E04546CF
:100900000B35FFF799FF162D70D810251023A84539
:1009100070D82600083E7168032208009043814683
:100920000096984200DB77E0C24A301893469268FE
:10093000824200D1CAE042680190009201229246B0
:100940005046009A8243019894468346DC446246AE
:1009500050465268024200D071E00320009ACB4614
:1009600082439446E3449B4550DA52460A4211D1F1
:1009700003213268B21A924652688A43614651187E
:1009800049448B46994200DB78E04A4493469A42B8
:1009900000DB78E041463800FFF78CFC80460028F9
:1009A00020D07368B4460093012300990200994354
:1009B0000B00083A6344934200D1F7E04A46043AF8
:1009C000242A00D9F7E003002100132A00D9C8E047
:1009D0000A681A604A685A608A689A60210038007A
:1009E00000F0E2FC3800FFF72FFF07E007239D43EC
:1009F0002B1E8CDA0C233B6000239846404603B044
:100A0000F0BCBB46B246A946A046F0BDD946019A05
:100A1000D3689268D3609A604B465B1B0F2B1CD83F
:100A200001214A4673680B40134373604E44736858
:100A3000194371603800FFF707FFA046DEE7084260
:100A4000A8D103213268B21A924652688A439CE7C1
:100A50001100FFF72FFC8046D0E701207268711962
:100A600002400343154375604B604E447368083180
:100A700018437060380000F097FCDBE7019AD368F8
:100A80009268D3609A6053465246DB689268564635
:100A9000D3609A604A46043A0836242A6BD8330059
:100AA000132A09D95346216899606168D9601B2AC5
:100AB00000D98EE0083410332268D9461A60626883
:100AC0005A60A26834009A605646A5E7506803222F
:100AD00090430D3282469446CA44AC44E24552DA11
:100AE000CA0700D556E73168721A03219246526848
:100AF0008A4310180100494400918C4500DD44E709
:100B000053465246DB689268D3609A6008234A468F
:100B10005344043A9846242A75D8132A08D95346D0
:100B2000216899606168D9601B2A71D80834103334
:100B300022681A6062685A60A2689A60534659191E
:100B40005B469960009B38005A1B01231A434A6098
:100B50005246526813401D4353465D60FFF774FED2
:100B60004CE721680160616841601B2A27D8210099
:100B7000083308312CE721003000340000F08CFFEE
:100B8000D946564648E75B460098A0464119996009
:100B900053465A1B01231A434A6041680B401D43C8
:100BA000456038000091FFF74FFE27E703225B689E
:100BB0009343994430E7210000F06EFF0EE7A168EF
:100BC0008160E168C160242A0CD02100103310310B
:100BD000FEE6A1681961E1685961242A0BD010343E
:100BE000183369E722692100026102006069183147
:100BF00018335061ECE622699A61524661692033EC
:100C0000D161183458E72100180000F045FF95E73E
:100C1000A1681961E1685961242A02D0103418339F
:100C200086E722699A61524661692033D16118349E
:100C30007EE7C046081A0020002370B5064D040068
:100C400008002B60F0F748FF431C00D070BD2B68F4
:100C5000002BFBD02360F9E7EC260020164B70B583
:100C600004001D681F2821D8B7239B00EB58002BD8
:100C70000DD082009B181A68002A08D0012A13D0D0
:100C8000511C0DD0002119609047002070BD280034
:100C900000F028F822000100280000F00FF8F5E726
:100CA000162301202B60F1E70020EFE71623012037
:100CB0002B604042EAE7C046D8150020002370B5FB
:100CC000074D0400080011002B6000F023FE431CB8
:100CD00000D070BD2B68002BFBD02360F9E7C04625
:100CE000EC26002010B500F005FE10BD024670B5E0
:100CF0000A4392072AD11E4DEE0104C808C9541BAD
:100D00009443344017D0D0B2D9B2401A21060143DF
:100D100010D190B299B2401A210401430AD11002B5
:100D20001902000A090A401A2102014302D1100ED9
:100D3000190E401A70BD9A42DFD010BA19BA884213
:100D400001D9012070BD0020C04370BD02780B782E
:100D500001300131002A09D09A4207D102780B787C
:100D600001300131002A01D09A42EFD0D01A70BD73
:100D70000101010110B583070AD00300032102E03D
:100D800001330B4205D01A78002AF9D1181A10BD88
:100D9000030019680C4A0D4C8A188A4322420FD16D
:100DA0005968094A04338A188A43224208D159688B
:100DB000054A04338A188A432242F1D000E0013305
:100DC0001A78002AFBD1E1E7FFFEFEFE80808080DA
:100DD00030B5002A26D003000B439B0724D1032AF9
:100DE00022D9164D0BE0043A002A1BD0144C1C19D2
:100DF0009C432C4216D104300431032A14D90368D1
:100E00000C68A342EFD004780D78AC4213D10123D3
:100E100006E0C45CCD5CAC420DD10133934201D0FD
:100E2000002CF6D1002030BD04780D78A54202D107
:100E3000012AECD1F6E7601BF5E7C0468080808090
:100E4000FFFEFEFEF8B505000E001400002802D0DB
:100E5000836B002B4BD0A369A289A3600C23E05EB7
:100E600013071FD52369002B1CD0FF21F7B20E40BA
:100E7000802189010A4226D022686169D31A9942E9
:100E80002CDD0133A1680139A160511C216017706C
:100E900062699A422ED0A389DB0701D50A2E29D098
:100EA0003000F8BD2100280000F044F8002827D1C8
:100EB000FF21F7B20E408021A28989010C23E05E58
:100EC00023690A42D8D101430F4AA181616E0A40C9
:100ED000626661692268D31A9942D2DC2100280037
:100EE00000F036F900280BD101232268CAE700F090
:100EF0006DF9B0E72100280000F02AF90028CFD0D2
:100F000001267642CCE7C046FFDFFFFF70B5040044
:100F1000080011001A000023054D2B60F3F76AF951
:100F2000431C00D070BD2B68002BFBD02360F9E779
:100F3000EC260020354B70B5050018680C00002821
:100F400002D0836B002B21D00C23E25EA38919070A
:100F500023D5216900292BD0D80708D50020A0600F
:100F600060694042A0610020002908D070BD0020C7
:100F70009D0700D46069A06000200029F6D11B06FF
:100F8000F4D540231A43A2810138EFE700F01EF99F
:100F90000C23E25EA3891907DBD4D9062DD55B07A4
:100FA00016D4216908231A43A28193B20029D3D110
:100FB000A02080268000B6001840B042CCD021008E
:100FC000280000F0F7FA0C23E25E2169A389C3E749
:100FD000216B00290AD023004033994204D0280015
:100FE00000F0E2F90C23E25E0023236324239A43FA
:100FF0000023216963602160D4E709232B6040232B
:1010000001201A43A2814042B0E7C046D815002013
:10101000F0B5C6460C0000B5A28980460C23C95E17
:1010200013074CD4802362681B010B43A381002A61
:1010300066DDA66A002E3ED0424641461568002273
:101040000A609AB2DB0460D4012300224046E169C1
:10105000B047431C68D0A289A66A530706D56368C7
:10106000C01A236B002B01D0E36BC01A00230200CF
:10107000E1694046B047431C49D143461B68002BF9
:1010800045D01D2B01D0162B57D1A3892F4A1340D1
:10109000A38100236360236923604346216B1D60A5
:1010A000002908D023004033994202D0404600F086
:1010B0007BF900232363002080BCB846F0BD26697D
:1010C000002EF8D0236826609D1B0023920700D1D4
:1010D0006369A360002D04DCEDE736182D1A002D9E
:1010E000E9DD2B0032004046E169676AB847002815
:1010F000F3DC40220120A38940421343A381DBE7B4
:10110000E26B002A00DD94E7D5E7206DA5E7A3890F
:101110000E4A13400022626022691BB2A381226042
:10112000DB04BAD52065B8E743461B68002B00D125
:1011300091E71D2B06D0162B04D04022A389134320
:10114000A381B9E7434600201D60B5E7FFF7FFFF25
:1011500070B505000C00002802D0836B002B15D061
:101160000C22A35E002B17D0626ED20701D49B0520
:1011700014D528002100FFF74BFF636E0500DB0745
:1011800002D4A3899B0515D5280070BD00F01EF878
:101190000C22A35E002BE7D10025F5E7A06DFFF739
:1011A00071F828002100FFF733FF636E0500DB07AD
:1011B000EAD4E6E7A06DFFF767F8E5E710B5024966
:1011C00000F0D4F910BDC0465D170110F8B5DE4639
:1011D00057464E464546E0B506003C4F3800FFF7FF
:1011E00051F8B46B002C68D1394B0322F363B82358
:1011F0009B00F45004337568F2500833F218043B36
:10120000F2502800042308220021EB606C662C6059
:101210006C60AC602C616C61AC615C30F2F714FE08
:1012200028002C4BED619B462B622B4B58309A4685
:101230006B622A4B9946AB62294BEB629846FFF7EB
:101240001DF8B568274B280008220021EB606C666A
:101250002C606C60AC602C616C61AC615C30F2F74E
:10126000F3FD5B462B6253466B624B462800AB6234
:101270004346ED61EB625830FFF700F8F5681A4B12
:10128000280008220021EB606C662C606C60AC606A
:101290002C616C61AC615C30F2F7D6FD5B462B6271
:1012A00053466B624B462800AB624346ED61EB62EE
:1012B0005830FEF7E3FF0123B3633800FEF7E4FF85
:1012C000F0BCBB46B246A946A046F8BDB4200020FB
:1012D000BD11011099160110C1160110011701105E
:1012E0002D170110090001001200020010B502487C
:1012F000FEF7C8FF10BDC046B020002010B5024860
:10130000FEF7C2FF10BDC046B0200020F8B50C00AB
:101310000500FFF791FA204FBB685E6803239E43E8
:101320001E4B341B9C466444240B013C11332403A4
:101330009C4207DB00212800FFF77EFCBB689B195D
:10134000984204D02800FFF77FFA0020F8BD28005B
:101350006142FFF771FC431C0DD00122BB68361BB4
:1013600016435E600E4B28001A68141B1C60FFF7C2
:101370006BFA0120EAE700212800FFF75DFCBA685C
:10138000831A0F2BDEDD07490968401A04490860FB
:1013900001210B435360D5E7081A0020EF0F00002E
:1013A000B8200020101E0020F0B5C64605000C0035
:1013B00000B500294FD0FFF73FFA210008394C68EB
:1013C000012622000320B2438F187B6883436248C2
:1013D00098468368BB426AD043467B6026421ED152
:1013E00008239C460C688444091B12198C686445C8
:1013F0004FD0CB68E3609C604346FC18646834427D
:1014000011D1BB68554C4244A34200D17EE0FC6838
:10141000DC60A360012313434B608A5006E0FC1894
:1014200064683442EDD016434E603A6080239B00DE
:101430009A4213D25409D3080122A2404468DB0027
:101440002243426018188368C8608B608160D9604D
:101450002800FFF7F9F980BCB846F0BD530A042B09
:101460003ED89409260039343836E400041923683C
:10147000083C03279C4242D05868B843904202D9A6
:101480009B689C42F8D1DC68CC608B60A160D9601D
:10149000DEE74346F8184068304257D1FB68B86829
:1014A00042441643C36098604E608A50D0E71300F0
:1014B0004344264206D10A68891A8C689B18CA6878
:1014C000E260946001221A434A60254A81601268F2
:1014D0009A42BDD8234B28001968FFF717FFB7E7DA
:1014E000142B07D9542B1AD8140B26006F346E36E0
:1014F000E400BBE71E005C335B36DC00B6E701228C
:10150000B610B240466832434260BDE7D960996088
:10151000CB608B60012313434B608A5098E7AA2469
:101520006400A34205D8D40B260078347736E40053
:101530009CE70D4CA34205D8940C26007D347C36E4
:10154000E40093E7FE247E26A4008FE733001343D4
:101550004B603A607CE7C046081A0020101A002051
:10156000141E0020E820002054050000F8B547466E
:10157000CE4680B5B827804689460026BF0047443E
:101580007B68BC685D1E0DD4A389012B07D90E2290
:10159000A35E013303D021004046C84706436834A8
:1015A000013DF1D23F68002FEAD13000C0BCB946FE
:1015B000B046F8BDF0B5C64600B58B8905000C00F5
:1015C00096B09A0709D52300433323602361012392
:1015D000636116B080BCB846F0BD0E22895E00295A
:1015E00029DB6A4600F028F9002823DBF023019F5D
:1015F0001B021F40264B80269C4667447B425F416E
:101600008023DB009846360141462800FEF752FE53
:1016100000281CD080221F4BEB63A389206013435A
:1016200042461BB2A38120616261002F1ED1334369
:10163000A381CEE7A38900271B0612D54023984635
:10164000280041460026FEF735FE0028E2D10C2294
:10165000A35E9A05BDD40322934302221343A381C0
:10166000B1E78023DB0098460026CDE728000E2353
:10167000E15E00F0F5F8002802D10C22A35ED6E767
:101680000322A3899343012213431BB2CFE7C04631
:1016900000E0FFFFBD11011070B50C000E25495F81
:1016A00000F004F9002803DB236D1B18236570BDCF
:1016B000A389024A1340A381F9E7C046FFEFFFFF69
:1016C000F8B50C001F000C23C95E05001600CB0501
:1016D0000AD40A4B320019402800A1810E23E15E92
:1016E0003B00FFF713FCF8BD0E23E15E002202234E
:1016F00000F0C8F80C23E15EEBE7C046FFEFFFFF08
:1017000070B50C000E25495F00F0BCF8431C06D0F4
:101710008023A2895B011343A381206570BDA38947
:10172000014A1340A381F9E7FFEFFFFF10B50E2335
:10173000C95E00F001F810BD002370B5064D04002D
:1017400008002B6000F0C6F8431C00D070BD2B6869
:10175000002BFBD02360F9E7EC260020F8B506004B
:101760000C1E4DD0002802D0836B002B4AD00127DD
:10177000636E3B4235D00C22A35E002B40D021008B
:101780003000FFF745FCE36A0500002B04D0300071
:10179000E169984700283CDBA3891B063ED4216BF6
:1017A000002908D023004033994202D03000FFF7CF
:1017B000FBFD00232363616C002904D03000FFF798
:1017C000F3FD00236364FFF791FD0023A381636EA3
:1017D000DB072CD5A06DFEF753FDFFF78FFD28002A
:1017E000F8BDA3899B05CAD4A06DFEF74BFD0C2262
:1017F000A35E002BC3D1636E1D003D403B4212D05F
:101800000025ECE70127FFF7E1FC636E3B42B2D114
:10181000E7E70125A3896D421B06C0D53000216989
:10182000FFF7C2FDBBE7A06DFEF72EFDD7E7A06D69
:10183000FEF72AFDCEE7C046002370B5074D040031
:10184000080011002B6000F04DF8431C00D070BD63
:101850002B68002BFBD02360F9E7C046EC26002064
:10186000002370B5064D040008002B6000F04AF814
:10187000431C00D070BD2B68002BFBD02360F9E720
:10188000EC26002070B50400080011001A000023A7
:10189000054D2B6000F046F8431C00D070BD2B684E
:1018A000002BFBD02360F9E7EC26002070B5040084
:1018B000080011001A000023054D2B60F2F750FCC0
:1018C000431C00D070BD2B68002BFBD02360F9E7D0
:1018D000EC26002058220120014B40421A6070473C
:1018E000EC26002058220120014B40421A6070472C
:1018F000EC26002058220120014B40421A6070471C
:10190000EC2600205822024B00201A607047C04687
:10191000EC26002058220120014B40421A607047FB
:10192000EC26002058220120014B40421A607047EB
:10193000EC260020F8B5C04601B40248844601BC3C
:10194000604700BF1B13002001B40248844601BC5D
:10195000604700BF8D02002001B40248844601BCEC
:10196000604700BFED01002001B40248844601BC7D
:10197000604700BF1104002001B40248844601BC46
:10198000604700BF9513002001B40248844601BCA3
:10199000604700BF1108002001B40248844601BC22
:1019A000604700BFCD12002001B40248844601BC4C
:1019B000604700BF2113002001B40248844601BCE7
:1019C000604700BFB507002001B40248844601BC4F
:1019D000604700BF1513002001B40248844601BCD3
:1019E000604700BF1104002001B40248844601BCD6
:1019F000604700BFC90E002001B40248844601BC04
:101A0000604700BF0901002001B40248844601BCC0
:101A1000604700BFB107002001B40248844601BC02
:101A2000604700BF4D01002001B40248844601BC5C
:101A3000604700BFC503002001B40248844601BCD2
:101A4000604700BFF512002001B40248844601BC83
:101A5000604700BF5103002001B40248844601BC26
:101A6000604700BFC507002001B40248844601BC9E
:101A7000604700BFF90E002001B40248844601BC53
:101A8000604700BF990E002001B40248844601BCA3
:101A9000604700BFC100002001B40248844601BC79
:101AA000604700BFDD13002001B40248844601BC3A
:081AB000604700BF0113002094
:101AB8004C6F52612053656E646572206E6F6E2D97
:101AC800626C6F636B696E6700000000537461722B
:101AD80074696E67204C6F5261206661696C656439
:101AE8002100000077616974696E6720666F722053
:101AF800726164696F202E2E2E20000053656E647B
:101B0800696E67207061636B6574206E6F6E2D62FD
:101B18006C6F636B696E673A2000000025640A00E9
:101B280068656C6C6F2000004E6F207370696E6C76
:101B38006F636B732061726520617661696C6162A5
:101B48006C6500004E6F20757365722049525173A1
:101B58002061726520617661696C61626C65000064
:101B6800FFFFFFFFFFFFFF7F4861726477617265C7
:101B780020616C61726D20256420616C72656164FE
:101B88007920636C61696D65640000000A2A2A2A5D
:101B98002050414E4943202A2A2A0A00486172648B
:101BA8002061737365727400666E6900666E692BD6
:101BB800000000006E616E00666E692D0000000076
:101BC800D42A00108A2A00108A2A0010CC2A001071
:101BD8008A2A00108A2A00108A2A00108A2A0010ED
:101BE8008A2A00108A2A00108A2A0010C42A0010A3
:101BF8008A2A0010BC2A00108A2A00108A2A00109B
:101C0800B42A0010862C0010E62A00107A2C001046
:101C1800E62A0010962C0010E62A0010E62A00108A
:101C2800E62A0010E62A0010E62A0010E62A00102C
:101C3800E62A0010DC2A0010E62A0010E62A001026
:101C4800E62A0010E62A0010E62A0010DC2A001016
:101C5800DC2C0010462A0010462A0010462A0010E4
:101C6800462A0010462A0010462A0010462A00106C
:101C7800462A0010462A0010462A0010462A00105C
:101C8800462A0010462A0010462A0010462A00104C
:101C9800462A0010462A0010462A0010462A00103C
:101CA800462A0010462A0010462A0010462A00102C
:101CB800462A0010462A0010462A0010462A00101C
:101CC800462A0010462A0010462A0010462A00100C
:101CD8000A2F0010A82C00100A2F0010462A001006
:101CE800462A0010462A0010462A0010462A0010EC
:101CF800462A0010462A0010462A0010462A0010DC
:101D0800462A0010462A0010462A0010462A0010CB
:101D1800462A0010462A0010462A00108E2B001072
:101D2800462A0010462A0010462A0010462A0010AB
:101D3800462A0010462A0010462A0010462A00109B
:101D4800462A00108E2B0010F02C00108E2B00104D
:101D58000A2F0010A82C00100A2F0010462A001085
:101D68008E2B0010462A0010462A0010462A001022
:101D7800462A0010462A00108E2B00101A2E00103A
:101D8800462A0010462A00105C2D0010462A001032
:101D98008E2B0010462A0010462A00108E2B0010A9
:101DA800000000000000F03F000000000000244098
:101DB80000000000000059400000000000408F4073
:101DC800000000000088C34000000000006AF840DE
:101DD8000000000080842E4100000000D012634102
:101DE8000000000084D797410000000065CDCD4178
:101DF8006D697373696E6720646F75626C652066C0
:101E0800756E6374696F6E004F7574206F66206D10
:101E1800656D6F727900000052656C6561736500CD
:101E2800626F6F74325F773235713038300000007E
:101E3800312E342E300000007069636F5F77000028
:101E48004C6F526153656E6465724E6F6E426C6F73
:101E5800636B696E67000000417072202031203288
:101E68003032330006005250BBFF3CB6401E011012
:101E780006005250E182887F281E01100600525049
:101E8800D3F07542201E01100D0A0000CD4300104A
:101E9800D1430010DD430010094400100544001030
:101EA8000000000055534220737464696E202F208F
:101EB8007374646F757400000600525053B4F4A133
:101EC800AC1E01105261737062657272792050699C
:101ED800000000005069636F00000000426F6172EB
:101EE8006420434443000000526573657400000099
:101EF80009025400030100807D080B000202020061
:101F08000009040000010202000405240020010564
:101F180024010001042402020524060001070581AA
:101F28000308001009040100020A00000007050266
:101F38000240000007058202400000090402000078
:101F4800FF00010512010002EF0201408A2E0A007B
:101F5800000101020301000000000000CC1E011076
:101F6800DC1E01103C2C0020E41E0110F01E0110A4
:101F7800556E68616E646C656420495251203078F2
:101F880025780A0065702025642025732077617301
:101F980020616C726561647920617661696C616247
:101FA8006C65000043616E277420636F6E74696E00
:101FB80075652078666572206F6E20696E6163743E
:101FC800697665206570202564202573000000006F
:101FD8006F757400696E0000545200105054001060
:101FE800E25300109653001078530010605300100D
:101FF800F4520010A2520010965200102C570010F4
:10200800125700104E530010AA5700104E530010DC
:10201800925700107E5700104E5300106A57001058
:10202800405700104E5300109A5A0010C457001021
:10203800CA5A00104E5300104E530010AC5A0010EC
:10204800C45700104E5300104E5300104E5300104A
:102058004E5300104E5300104E5300104E530010B4
:102068008A5A001095620010116300103D63001039
:10207800216400100565001000000000535049203D
:10208800435300000000000000000000A57100108C
:10209800816F0010596E00105D6E0010616E0010A7
:1020A800C56E001085700010080052500A38A5044B
:1020B8000900525000010000842001100D0A0000A0
:1020C800696E66006F76660068210110DC200110D9
:1020D8008C2101104E31305F5F63787861626976D8
:1020E8003131375F5F636C6173735F747970655FFB
:1020F800696E666F4500000000000000D0200110E6
:10210800AD840010C5840010A1860010A1860010BF
:10211800418500106584001025850010E5840010B5
:10212800998400106821011038210110D020011075
:102138004E31305F5F637878616269763132305F43
:102148005F73695F636C6173735F747970655F69EE
:102158006E666F4500000000000000002C21011091
:102168006D85001085850010A1860010A1860010DD
:10217800418500106584001079860010DD85001007
:10218800A585001008210110942101105374397499
:102198007970655F696E666F000000007465726D26
:1021A800696E6174652063616C6C65642072656337
:1021B8007572736976656C790A0000007465726DD2
:1021C800696E6174652063616C6C65642061667416
:1021D8006572207468726F77696E6720616E206916
:1021E8006E7374616E6365206F66202700000000BF
:1021F800270A00007465726D696E617465206361F9
:102208006C6C656420776974686F757420616E20E2
:1022180061637469766520657863657074696F6E4B
:102228000A00000020207768617428293A202000DD
:102238009A88001068880010688800106888001064
:10224800688800109A8800109A8800109A880010F0
:102258009A880010968800109688001068880010E8
:1022680096880010968800109688001096880010AE
:10227800968800109688001096880010968800109E
:10228800968800109688001096880010968800108E
:102298009A880010708800107088001070880010EC
:1022A8007088001070880010708800107088001006
:1022B80070880010688800109688001096880010B2
:1022C8009688001096880010968800109A8800104A
:1022D80096880010708800106C88001068880010BC
:1022E8009A880010688800107088001070880010A4
:1022F800968800106C8800109A8800109A88001040
:10230800968800109688001096880010688800103B
:1023180068880010688800106888001068880010B5
:102328009688001068880010688800109688001049
:10233800688800109A8800109A8800109688001003
:1023480096880010968800109A8800109A880010C5
:102358009A880010968800109688001096880010B9
:102368006888001070880010688800107088001055
:1023780070880010D8890010E8890010E8890010DA
:10238800E8890010DE890010D8890010D88900106B
:10239800DA890010DA890010E8890010E88900104D
:1023A800E8890010E8890010E8890010E889001021
:1023B800E8890010E8890010E8890010E889001011
:1023C800E8890010E8890010E8890010E889001001
:1023D800E8890010D8890010E8890010E889001001
:1023E800E8890010E8890010E8890010E8890010E1
:1023F800E8890010E8890010E8890010E8890010D1
:10240800088A0010088A0010E8890010E88900107E
:10241800D8890010E8890010E8890010E8890010C0
:10242800E8890010D2890010E8890010E8890010B6
:10243800E8890010E8890010E8890010D8890010A0
:10244800DA890010E8890010E8890010E88900108E
:10245800E8890010E8890010E8890010E889001070
:10246800E8890010E8890010E8890010E889001060
:10247800E8890010E8890010D8890010D889001070
:10248800E8890010D2890010D2890010D289001082
:10249800D2890010D8890010E8890010E889001056
:1024A800E8890010E8890010E8890010E889001020
:1024B800E8890010E8890010F88B0010FC8B0010E8
:1024C800FC8B0010FC8B0010FC8B0010E68B0010BE
:1024D800F88B0010088C0010088C0010FC8B001082
:1024E800FC8B0010FC8B0010FC8B0010FC8B001088
:1024F800FC8B0010FC8B0010FC8B0010FC8B001078
:10250800FC8B0010FC8B0010FC8B0010FC8B001067
:10251800FC8B0010FC8B0010F88B0010FC8B00105B
:10252800FC8B0010FC8B0010FC8B0010FC8B001047
:10253800FC8B0010FC8B0010FC8B0010FC8B001037
:10254800FC8B0010FC8B0010FC8B0010FC8B001027
:10255800FC8B0010F88B0010FC8B0010FC8B00101B
:10256800FC8B0010FC8B0010F88B0010FC8B00100B
:10257800FC8B0010FC8B0010FC8B0010FC8B0010F7
:10258800F88B0010088C0010FC8B0010FC8B0010DE
:10259800FC8B0010FC8B0010FC8B0010FC8B0010D7
:1025A800FC8B0010FC8B0010FC8B0010FC8B0010C7
:1025B800FC8B0010FC8B0010FC8B0010F88B0010BB
:1025C800F88B0010FC8B0010FC8B0010FC8B0010AB
:1025D800F88B0010F88B0010F88B0010FC8B0010A3
:1025E800FC8B0010F88B0010F88B00100A9200107A
:1025F8000A9200100A9200100A9200100A92001023
:102608000A9200100A9200100A9200100A92001012
:102618000A920010649100106491001064910010F7
:10262800649100106491001064910010649100108E
:10263800CE93001064910010329300100E93001096
:102648006491001002930010CA9200106491001067
:10265800649100106491001064910010649100105E
:102668004A9400100A920010AE9200109292001044
:1026780064910010769200102E9200107E93001044
:102688004E93001064910010649100106491001042
:10269800649100100A920010649100106491001077
:1026A800649100106491001064910010649100100E
:1026B800C8910010C8910010C8910010C89100106E
:1026C800C8910010C8910010C8910010C89100105E
:1026D800C8910010C891001064910010C8910010B2
:1026E800C8910010C8910010C891001064910010A2
:1026F8006491001064910010C8910010C8910010F6
:10270800E6920010C8910010C8910010C8910010FE
:10271800C8910010C89100108494001064910010B2
:10272800649100106491001064910010649100108D
:10273800649100106491001064910010649100107D
:10274800649100106491001064910010649100106D
:10275800329100106491001064910010649100108F
:10276800649100106491001064910010649100104D
:10277800649100106491001064910010649100103D
:10278800649100102295001064910010F6940010D6
:10279800DE950010AE9500107E9500106491001033
:1027A8004E950010869600106491001064910010F8
:1027B8006491001064910010569600106491001006
:1027C8003E96001064910010649100100E9600105F
:1027D8003291001010970010B6960010489C001017
:1027E8009C9C00108A9C0010A29C0010969C0010D3
:1027F800909C001032A500105AA30010F8A40010F5
:102808005AA300105AA300107AA500105AA300106A
:1028180068A5001056A5001044A500105AA3001082
:102828005AA300105AA300105AA300105AA300106C
:102838005AA300105AA300105AA30010A2A5001012
:102848008CA500105AA30010B4A50010E6A400102F
:102858005AA300105AA300105AA300105AA300103C
:102868005AA300105AA300105AA300105AA300102C
:102878005AA300105AA300105AA30010A6A40010CF
:102888005AA300105AA300105AA300105AA300100C
:1028980074A400105AA300105AA300105AA30010E1
:1028A8005AA300105AA300105AA300105AA30010EC
:1028B8005AA300105AA300105AA300105AA30010DC
:1028C8005AA300105AA3001042A40010C2C5001059
:1028D80006B1001006B100104CB200101EB4001072
:1028E800F6C400108AC40010A4B7001076B7001010
:1028F800E2C1001080C1001014BF00109CBE00107F
:10290800BAB3001056B300106EB1001068BA0010C8
:10291800DCB80010A0B9001014B8001004BA0010F8
:1029280078B8001040B9001060C5001016C100103A
:1029380034AF001034AF001034AF0010E6AE001012
:10294800E6AE0010E6AE0010E6AE0010E6AE0010EF
:10295800E6AE0010E6AE00102AB000102AB0001053
:10296800E6AE0010E6AE00102CC6001044C20010FF
:102978003AC4001066C30010F4AF001074BF001012
:10298800F4AF001072AF001072AF0010B0B70010B3
:1029980044BE001076BD0010E0BD001068AF001006
:1029A800B8BB001086BC00101CBC001092BC001004
:1029B80068AF0010E8C2001068AF001068AF0010E0
:1029C80084B0001084B0001066C2001050C200101D
:1029D800F2C000107CC000101AC00010D2B1001064
:1029E800F0BA001014B7001068AF001096B60010C7
:1029F80054BB001032B6001078B5001010B50010A6
:102A0800E6AE0010A6B40010E6AE0010E6AE001068
:102A18000AD40010FED30010F2D30010E6D3001041
:102A280016D4001088DA00109AD800109AD800102E
:102A38009AD800109AD800109AD800109AD8001086
:102A48009AD800109AD800109AD800109AD8001076
:102A58009AD800109AD800109AD800109AD8001066
:102A68009AD800109AD800109AD800109AD8001056
:102A78009AD800109AD800109AD80010B0D8001030
:102A88000CD9001068D90010B0D800100CD900106B
:102A980068D9001022DA00103EDA00105EDA001061
:102AA80034DE001092DA0010B2DA00100EDB0010EB
:102AB8006CDB00109AD800109AD800109AD8001031
:102AC8009AD80010CADB00109AD8001060DC0010F9
:102AD8009AD800109AD800109AD800109AD80010E6
:102AE8009AD800109AD800109AD800109AD80010D6
:102AF8009AD800109AD800109AD800109AD80010C6
:102B08009AD800109AD800109AD800109AD80010B5
:102B18009AD800109AD800109AD800109AD80010A5
:102B28009AD800109AD800109AD800109AD8001095
:102B38009AD800109AD800109AD800109AD8001085
:102B48009AD800109AD800109AD80010C0DC00104B
:102B58009AD800101EDD0010C4D900105EDF0010E6
:102B68005EDF00105EDF00101EE000101EE00010A7
:102B78001EE000101EE000101EE000105EDF0010D6
:102B880080E0001080E0001080E000105EDF0010A0
:102B98005EDF00101EE000101EE000101EE00010B6
:102BA8001EE000105EDF001074000000CC3301103E
:102BB80003000000CC3301100300000000000000F7
:102BC8000000000061000000F83601100E0000004F
:102BD800F83601100E000000083701100900000047
:102BE80062000000143701101100000014370110B2
:102BF80011000000283701100C00000073000000CD
:102C0800383701100B00000044370110460000005F
:102C1800283701100C000000690000008C370110F3
:102C28000C0000009C37011031000000D037011063
:102C38000D0000006F000000E03701100C000000DC
:102C4800F037011031000000243801100D00000099
:102C580064000000343801100D00000044380110F1
:102C680032000000783801100E000000883801108A
:102C78008C3801100200000002000000903801109A
:102C8800943801100100000002000000983801107B
:102C9800BC36011002000000020000009C38011040
:102CA800A03801100100000001000000A438011044
:102CB800A03801100100000002000000A83801102F
:102CC800AC3801100800000001000000B8380110FD
:102CD800BC3801100900000001000000C8380110CC
:102CE800AC3801100800000001000000CC380110C9
:102CF800D03801100A00000002000000DC38011082
:102D0800E03801100200000002000000E438011061
:102D1800E83801100100000002000000EC38011042
:102D2800F03801100100000001000000F438011023
:102D3800F83801100200000002000000FC38011001
:102D48000039011009000000010000000C390110D1
:102D5800103901100C000000020000002039011099
:102D68002439011001000000010000002839011079
:102D78002C3901100700000001000000343901104F
:102D88003839011002000000020000003C3901102F
:102D9800803A0110010000000200000040390110D3
:102DA80044390110010000000200000048390110F8
:102DB8004C390110020000000200000050390110D7
:102DC80054390110010000000200000058390110B8
:102DD8005C39011002000000020000006039011097
:102DE800F4350110030000000300000064390110ED
:102DF800F4350110030000000300000068390110D9
:102E0800F435011003000000020000006C390110C5
:102E1800F4350110030000000200000070390110B1
:102E28007439011002000000020000007839011016
:102E3800EC33011002000000010000007C39011091
:102E4800CC37011001000000020000008039011099
:102E580084390110020000000200000088390110C6
:102E68008C3901100300000002000000641B0110EF
:102E7800903901100200000002000000943901108E
:102E8800983901100B00000001000000A43901105E
:102E9800A83901100200000002000000AC3901103E
:102EA800B03901100100000002000000B43901101F
:102EB800B83901100200000002000000BC390110FE
:102EC800C03901100200000002000000C4390110DE
:102ED800C83901100100000002000000CC390110BF
:102EE800243901100100000002000000D03901104F
:102EF800D43901100200000001000000D839011087
:102F0800DC3901100500000003000000E43901105D
:102F1800E83901100200000002000000C43B011063
:102F2800C83901100100000001000000EC3901104F
:102F3800E81A01100100000001000000F03901103A
:102F4800F43901100300000003000000F8390110F3
:102F5800FC3901100200000002000000003A0110D4
:102F6800043A0110020000000200000004370110BA
:102F7800083A011001000000020000000C3A01109C
:102F8800103A01100200000002000000143A01107B
:102F9800183A011001000000020000001C3A01105C
:102FA800203A01100300000002000000243A01103A
:102FB800283A011002000000010000002C3A01101C
:102FC800183A01100100000001000000303A011019
:102FD800343A01100200000002000000AC35011074
:102FE800383A011001000000030000003C3A0110CB
:102FF800403A01100200000002000000443A0110AB
:10300800483A011003000000020000004C3A011089
:10301800503A01101000000002000000643A01104C
:10302800683A011001000000020000006C3A01102B
:10303800703A01100200000002000000743A01100A
:10304800783A01100900000001000000843A0110DC
:10305800783A01100900000001000000883A0110C8
:103068008C3A01100B00000002000000983A011091
:103078009C3A01100300000002000000D83801103B
:10308800A03A01100700000001000000A83A011052
:10309800A03A01100700000001000000AC3A01103E
:1030A800B03A01100500000000000000B83A011015
:1030B800BC3A0110060000000100000000000000FA
:1030C800000000000000000000000000C43A0110E9
:1030D8000B000000C43A01100B00000000000000C3
:1030E800D03A011004000000D83A0110070000008F
:1030F80007000000E03A011004000000E83A01105F
:103108000400000000000000F03A01100600000072
:10311800F03A01100600000008000000F83A01101B
:103128000B000000F83A01100B0000000800000036
:10313800043B011005000000043B011005000000DD
:10314800080000000C3B01100A0000000C3B0110B5
:103158000A00000008000000183B01100D000000E4
:10316800183B01100D00000000000000283B011072
:1031780003000000283B01100300000001000000CC
:103188002C3B01100C0000003C3B01100800000023
:103198000200000000000000000000000000000025
:1031A8000000000000000000483B0110040000007F
:1031B800483B01100400000003000000503B0110D0
:1031C8000D000000503B01100D000000040000003D
:1031D800603B011008000000603B0110080000007F
:1031E800000000006C3B0110110000006C3B011056
:1031F80011000000000000000000000000000000B6
:1032080000000000000000000000000000000000B6
:1032180000000000000000000000000000000000A6
:103228000000000000000000000000000000000096
:1032380000000000803B011005000000803B0110E9
:103248000500000000000000883B01100E0000008F
:10325800883B01100E000000000000000000000084
:103268000000000000000000000000000000000056
:10327800983B011004000000983B01100400000076
:1032880009000000A03B011007000000E03A01100F
:103298000400000000000000A83B01100900000025
:1032A800483B01100400000005000000B43B011079
:1032B80012000000B43B01101200000006000000DC
:1032C800F435011003000000F4350110030000007C
:1032D80000000000C83B011009000000C83B0110B5
:1032E8000900000000000000D43B011009000000A4
:1032F800D43B01100900000000000000E03B011071
:103308000A000000E03B01100A0000000000000075
:10331800EC3B011004000000EC3B0110040000002D
:1033280008000000F43B011007000000F43B011006
:103338000700000000000000FC3B0110080000002E
:10334800FC3B01100800000000000000083C0110D0
:1033580008000000083C0110080000000000000000
:10336800D033011011000000D0330110110000000B
:1033780000000000256400005F474C4F42414C5F4D
:103388000000000028616E6F6E796D6F7573206E96
:10339800616D657370616365290000006175746F04
:1033A800000000006465636C747970652861757449
:1033B8006F290000737472696E67206C6974657296
:1033C800616C0000737464006465636C7479706583
:1033D800286E756C6C707472290000005B616269FC
:1033E8003A0000003A3A00007B64656661756C74C7
:1033F80020617267230000007D3A3A006175746F9E
:103408003A00000074656D706C61746520706172BB
:10341800616D65746572206F626A65637420666F9A
:1034280072200000767461626C6520666F722000FD
:1034380056545420666F722000000000636F6E734C
:103448007472756374696F6E20767461626C65203E
:10345800666F7220000000002D696E2D00000000CC
:1034680074797065696E666F20666F72200000005F
:1034780074797065696E666F206E616D6520666F20
:103488007220000074797065696E666F20666E2020
:10349800666F7220000000006E6F6E2D7669727480
:1034A80075616C207468756E6B20746F2000000065
:1034B800636F76617269616E742072657475726E7D
:1034C800207468756E6B20746F2000006A617661E5
:1034D80020436C61737320666F7220006775617298
:1034E80064207661726961626C6520666F72200083
:1034F800544C5320696E69742066756E6374696FE5
:103508006E20666F72200000544C532077726170F1
:103518007065722066756E6374696F6E20666F726F
:10352800200000007265666572656E6365207465CB
:103538006D706F726172792023000000686964649D
:10354800656E20616C69617320666F7220000000EF
:103558006E6F6E2D7472616E73616374696F6E2025
:10356800636C6F6E6520666F722000005F53617434
:10357800200000005F467261637400005F4163636E
:10358800756D00002C2000006F70657261746F7299
:10359800000000006F70657261746F722000000097
:1035A8003E28000071750000203A20006E657720E3
:1035B80000000000756C00006C6C0000756C6C00FD
:1035C80066616C7365000000747275650000000028
:1035D8006A617661207265736F7572636520000099
:1035E8006465636C74797065202800002E2E2E00A7
:1035F80074686973000000007B7061726D230000BD
:10360800676C6F62616C20636F6E7374727563743C
:103618006F7273206B6579656420746F20000000F9
:10362800676C6F62616C2064657374727563746F24
:103638007273206B6579656420746F200000000048
:103648007B6C616D62646128000000002923000022
:103658007B756E6E616D65642074797065230000FA
:10366800205B636C6F6E652000000000207265733C
:10367800747269637400000020766F6C6174696C01
:103688006500000020636F6E73740000207472611F
:103698006E73616374696F6E5F73616665000000C5
:1036A800206E6F657863657074000000207468721E
:1036B8006F77000026260000205F436F6D706C65F1
:1036C80078000000205F496D6167696E617279005A
:1036D8003A3A2A00205F5F766563746F72280000AB
:1036E800282E2E2E000000002E2E2E29000000006D
:1036F8007374643A3A616C6C6F6361746F72000042
:10370800616C6C6F6361746F720000007374643A6B
:103718003A62617369635F737472696E670000006F
:1037280062617369635F737472696E670000000099
:103738007374643A3A737472696E67007374643AA6
:103748003A62617369635F737472696E673C636838
:1037580061722C207374643A3A636861725F7472A0
:10376800616974733C636861723E2C207374643AB7
:103778003A616C6C6F6361746F723C636861723E2E
:10378800203E00007374643A3A6973747265616D1F
:10379800000000007374643A3A62617369635F6998
:1037A80073747265616D3C636861722C2073746414
:1037B8003A3A636861725F7472616974733C6368F2
:1037C80061723E203E00000062617369635F697345
:1037D800747265616D0000007374643A3A6F7374B3
:1037E8007265616D000000007374643A3A62617337
:1037F80069635F6F73747265616D3C636861722C95
:10380800207374643A3A636861725F7472616974B0
:10381800733C636861723E203E0000006261736918
:10382800635F6F73747265616D0000007374643A4E
:103838003A696F73747265616D0000007374643A5D
:103848003A62617369635F696F73747265616D3C35
:10385800636861722C207374643A3A636861725FBA
:103868007472616974733C636861723E203E000043
:1038780062617369635F696F73747265616D00007B
:10388800614E0000263D0000615300003D0000002D
:10389800616100006164000026000000616E0000A4
:1038A80061740000616C69676E6F6620000000003B
:1038B80061770000636F5F617761697420000000C1
:1038C800617A000063630000636F6E73745F636105
:1038D80073740000636C000028290000636D000009
:1038E8002C000000636F00007E000000645600009A
:1038F8002F3D00006461000064656C6574655B5D64
:10390800200000006463000064796E616D69635F84
:103918006361737400000000646500002A00000001
:10392800646C000064656C65746520006473000055
:103938002E2A000064740000647600002F00000046
:10394800654F00005E3D0000656F00005E000000EE
:10395800657100003D3D0000664C000066520000A5
:10396800666C000066720000676500003E3D00005E
:103978006773000067740000697800005B5D0000F1
:103988006C5300003C3C3D003C3D00006C6900006D
:103998006F70657261746F72222220006C73000070
:1039A8003C3C00006C7400003C0000006D490000C5
:1039B8002D3D00006D4C00002A3D00006D6900009F
:1039C8002D0000006D6C00006D6D00002D2D0000B5
:1039D8006E6100006E65775B5D0000006E6500003B
:1039E800213D00006E7400006E7700006E65770060
:1039F8006F5200007C3D00006F6F00007C7C00006F
:103A08007C000000704C00002B3D0000706C000032
:103A18002B000000706D00002D3E2A007070000021
:103A28002B2B000070730000707400002D3E000006
:103A38003F000000724D0000253D00007253000059
:103A48003E3E3D00726300007265696E7465727077
:103A58007265745F6361737400000000726D00002A
:103A680025000000727300003E3E00007350000005
:103A780073697A656F662E2E2E000000735A000057
:103A8800736300007374617469635F6361737400C6
:103A9800737300003C3D3E0073697A656F662000D1
:103AA800737A0000747200007468726F7700000007
:103AB800747700007468726F772000007369676E0E
:103AC8006564206368617200626F6F6C00000000BB
:103AD800626F6F6C65616E00636861720000000060
:103AE8006279746500000000646F75626C6500009F
:103AF8006C6F6E6720646F75626C6500666C6F61D1
:103B0800740000005F5F666C6F61743132380000CA
:103B1800756E7369676E6564206368617200000082
:103B2800696E7400756E7369676E656420696E747A
:103B380000000000756E7369676E65640000000020
:103B48006C6F6E6700000000756E7369676E656460
:103B5800206C6F6E670000005F5F696E74313238E9
:103B680000000000756E7369676E6564205F5F69A9
:103B78006E7431323800000073686F727400000090
:103B8800756E7369676E65642073686F7274000080
:103B9800766F69640000000077636861725F740083
:103BA8006C6F6E67206C6F6E67000000756E7369CE
:103BB800676E6564206C6F6E67206C6F6E670000BF
:103BC800646563696D616C33320000006465636924
:103BD8006D616C3634000000646563696D616C3139
:103BE8003238000068616C6600000000636861722A
:103BF800385F74006368617231365F7400000000DA
:103C08006368617233325F74000000007374643A51
:103C18003A6261645F657863657074696F6E00000D
:103C2800082101104C3C0110082101106C3C0110C6
:103C380068210110903C0110443C0110082101103A
:103C4800A43C01104E31305F5F6378786162697619
:103C58003131355F5F666F726365645F756E776972
:103C68006E6445004E31305F5F63787861626976D3
:103C78003131395F5F666F726569676E5F6578635A
:103C8800657074696F6E4500537431336261645FA7
:103C9800657863657074696F6E00000053743965E8
:103CA8007863657074696F6E0000000000000000A2
:103CB800383C011039F4001045F400103DF40010B0
:103CC8008AF400103EF50010EEF400108AF400109B
:103CD800D4F4001070F5001070F5001070F50010A5
:103CE80070F500100AF50010FAF400108AF40010BC
:043CF800D4F40010F0
:103CFC0030800181B0AB08B100000000800201816E
:103D0C00B0B0AB300000000080010181B0B0AB104E
:103D1C000000000080040181B0B0ABF00000000096
:103D2C0080010181B0B0AB10000000008004018163
:103D3C00B0B0AB300000000080040181B0B0ABF03B
:103D4C000000000080010181B0B0AB7000000000E9
:103D5C0080010181B0B0AB700000000030800181A7
:103D6C00B0AB08B100000000800A0181B0B0AB30EC
:103D7C000000000080140181B0B0ABF00000000026
:103D8C0030800181B0AB08B10000000080030181DC
:103D9C00B0B0AB1000000000B5B8FF7FB0B0AA0007
:103DAC00FF1019010C020608010C0410051E080076
:103DBC000001007F00007D000000000000000000FA
:103DCC008DB8FF7FB0AA0100FF1029011832340012
:103DDC00007204AA01037C2E0000C60118EE01003B
:103DEC00E8010E00000200017D0000000000000050
:103DFC0048FEFFFF80010181B0B0AB100000000055
:103E0C004DB8FF7FF0800401B0B0B0ABFF101901CA
:103E1C000F480A520196014AE60100EE0104000027
:103E2C00010000000000000025B8FF7FB0B0AA0020
:103E3C00FFFF0100F0800181B0AB08B10000000071
:103E4C000DB8FF7FF0801201B0B0B0ABFF101901BC
:103E5C001026C20700008A0804C00901D408040017
:103E6C00000100000000000074B20181B0AB308092
:103E7C000000000080080181B0B0ABF00000000031
:103E8C003F020181B0AB3080000000008006018150
:083E9C00B0B0ABF00000000023
:103EA40068C4FE7F54FEFF7F18C5FE7F010000003A
:103EB400AC2FFF7F50FEFF7F0830FF7F54FEFF7F53
:103EC400BC30FF7F58FEFF7FB831FF7F5CFEFF7F71
:103ED400D032FF7F60FEFF7FC033FF7F64FEFF7F31
:103EE400E836FF7F68FEFF7FF438FF7F6CFEFF7FBC
:103EF400583AFF7F01000000843AFF7FAB08B1808D
:103F0400E83AFF7FB0B0A880EC3AFF7F58FEFF7F0D
:103F1400443BFF7FB0B0AA80783BFF7FAB708080CA
:103F2400103CFF7FB0B0AA80543CFF7F44FEFF7F6B
:103F3400E83CFF7FB0B0AA80BC3DFF7FB0B0A88052
:103F4400FC3DFF7FB0B0AA80643FFF7F30FEFF7F5F
:103F5400A040FF7FB0AB0280EC40FF7F0084028072
:103F64000441FF7FB0AA01806841FF7FB0AB0280AB
:103F7400FC41FF7F14FEFF7F8444FF7F00840280A6
:103F84008C44FF7FB0AA0180D844FF7FB0A904808D
:103F94000445FF7F01000000A445FF7FAB08B1800A
:103FA400C045FF7F01000000F845FF7FB0AB0280F1
:103FB4002846FF7FE0FDFF7FBC46FF7FAB08B18052
:103FC400D846FF7F010000001047FF7FD4FDFF7F2C
:103FD4003047FF7F010000003847FF7FB0B0A88062
:103FE4004847FF7F010000005847FF7FDCFDFF7F4B
:103FF4006448FF7F010000004CB0FF7F00FEFF7F9C
:1040040004B1FF7F0100000028B2FF7FFCFDFF7FA9
:1040140020B3FF7F1CFEFF7F8CB3FF7FB0B0A8806E
:1040240014B4FF7F0100000038B4FF7F10FEFF7F4F
:1040340044B5FF7FB0B0A88084B5FF7FAB08B180E2
:1040440014B6FF7F04FEFF7FD4BAFF7FB0B0A88010
:1040540000BBFF7F0100000044BBFF7FB0B0AA801B
:1040640070BBFF7FB0B0A880D8BBFF7F0100000009
:1040740054C4FE0FB0A90280E8C4FE0FB0B0A880FB
:104084003CC5FE0F0100000048C5FE0FB0B0AA8079
:104094007CC5FE0FDCFDFF7F44C6FE0F010000005F
:1040A40040C6FE0FAA3F39808CC6FE0FB0B0A88070
:1040B40098C6FE0FB0B0AA80D8C6FE0FB0B0A880D4
:1040C400ECC6FE0F01000000E8C6FE0FB0B0A880E9
:1040D400F0C6FE0F0100000080C7FE0FAA0FB280D9
:1040E400E8C7FE0F98FDFF7FCCCAFE0FB0B0A880D2
:1040F400E8CAFE0F94FDFF7F48CDFE0F01000000CB
:10410400B8CEFE0F00840480C8CEFE0FB0B0A880E5
:10411400C8CEFE0F80FDFF7FB0D1FE0F0084048067
:10412400D0D1FE0FB0B0A880E8D1FE0F010000008E
:10413400B4020010A80200109C0200106C1E0110B2
:1041440090020010781E0110841E0110B02001108E
:08415400B8200110C01E01108B
:10415C00D02330B500251B0600245D5706E003680C
:10416C00BFF35F8F1C6081F3108820BF0268EFF3F0
:10417C00108172B61368002BFCD0BFF35F8F0379EC
:10418C007F2BECD905710368BFF35F8F00221A6097
:10419C0081F3108830BDC04603000068EFF3108C2B
:1041AC0072B60268002AFCD0BFF35F8F04229A56C5
:1041BC00002A0BDB00290FD000200A601B68BFF31C
:1041CC005F8F00221A608CF310887047D022120681
:1041DC00126801201A71F1E70020EFE7F0B5C6462E
:1041EC0000B582B00C00070001F09EF9FA22002302
:1041FC000090019120009200002101F0BDF9009A7D
:10420C00019B14001D0024184D41AB422FD82BD01C
:10421C00D0231B061B68002698460BE03B68BFF3B7
:10422C005F8F1E6081F310882000290001F09CF93B
:10423C00002820D13A68EFF3108172B61368002B76
:10424C00FCD0BFF35F8F3B797F2BE7D943463B71A3
:10425C003B68BFF35F8F00221A6081F31088012046
:10426C0002B080BCB846F0BD009BA342D0D901245B
:10427C006442E517CCE70020F2E7C0460268EFF392
:10428C00108172B61368002BFCD0BFF35F8FFF2335
:10429C0003710368BFF35F8F00221A6081F31088EB
:1042AC0040BF7047084810B50378002B0AD1802313
:1042BC000649074A5B051C68CC5004339342FAD17B
:1042CC000123037010BDC046552C00205025001052
:1042DC000001001010B5024B0133984710BDC046C9
:1042EC0050250020034B1A68C0239B009343024ABD
:1042FC00136070470C8001400C900140054B1A680C
:10430C0080239B005340C02292001340024A13604A
:10431C007047C0460C8001400C9001401423F0B54E
:10432C00D6464F4646469A46814618880433C0B551
:10433C0098460E001B8827491400984753460700DF
:10434C001888434624491B8898475346050018880B
:10435C00434622491B8898478046FFF7A3FFB8477E
:10436C00A847FFF7CBFF002C1BD0C0212200082749
:10437C00022049053D008B6A1D4018420BD0002CD1
:10438C0009D0131B0D2B1FD84B461B78013C0B6619
:10439C0001239C46E1442300002D0CD11343002B38
:1043AC00E8D1FFF79FFFC047FFF794FFE0BCBA4688
:1043BC00B146A846F0BD002AF1D00B6E013A33701D
:1043CC00130001362343EAE7002DD3D0002AD1D0C5
:1043DC00F3E7C0464946000045580000464300003C
:1043EC00F0B54F464646D6468946C0B50600181E5F
:1043FC001BD01D001C000223984602339C46002D46
:10440C0018D02B0008334146F76839421FD0A3421D
:10441C001DD901214B468A461B78013DB360D1441E
:10442C002B00002C08D1002BE9D1E0BCBA46B146D8
:10443C00A846F0BD002CF8D06346F7683B42DED0AE
:10444C00B368013C1370230001322B43EBE7002CC3
:10445C00F2D1D8E730B50400101E0AD00A000D18AE
:10446C000221E3681942FCD013780132A360954213
:10447C00F7D1E3685B0704D50421A368E36819420C
:10448C00FBD11021E3681942FCD1E3685B0704D52A
:10449C000421A368E3681942FBD10123236230BDD8
:1044AC007047C04603685A0004D580221206134395
:1044BC00C01870475B005B08FAE7C046F8B5574672
:1044CC004546DE464E469046E0B50700002924D00E
:1044DC004B1E9A46994600239B465B464B44DC0F89
:1044EC00E4186410E5007E193000FFF7DBFFA245ED
:1044FC000CD040450CD8280008303818FFF7D2FFF4
:10450C00013840450AD2631C9B46E6E7404505D975
:10451C00A34502D0631E9946DFE700263000F0BCAD
:10452C00BB46B246A946A046F8BDC04603000128CA
:10453C0005D0022807D00020002B02D0704703487A
:10454C00FCE70348FAE70348F8E7C046C50B002030
:10455C00B90B0020D10B002030B5234B050083B0E4
:10456C008C1E002B26D0200001A900E000BF0028E3
:10457C001CD001992200FFF7A1FF041E16D0FFF7F3
:10458C0091FF6368A864012B2AD0201D002B23DB2C
:10459C00FFF788FF0023E8642B650368002B0FDB13
:1045AC00FFF780FF2861002003B030BD00230920F5
:1045BC002B61F9E70D480E49091AC9100191D9E789
:1045CC001801000FFFF7B2FF2861431E9841082322
:1045DC00404298430930E7E70123E8642B65DCE7A8
:1045EC00002305202B61DFE700000000A43E011032
:1045FC0034410110036810B50400DA0705D49B0799
:10460C000AD5483000F080FC23685A070AD51A07EF
:10461C000FD5DB0615D510BD483000F071FC2368B2
:10462C005A07F4D42000D03000F072FC23681A072B
:10463C00EFD420005130FF3000F06EFC2368DB0615
:10464C00E9D42000D130FF3000F06AFCE3E7C0462B
:10465C000920704703000068002800D0C01870477C
:10466C007047C04670B504000D002000296CFFF7A0
:10467C0073FF002811D12B6C2A00636121000120EB
:10468C00236998470828F0D0072806D10020296C08
:10469C00FFF7E6FF281D00F01DFC00F04DFFC046A3
:1046AC00F0B5CE46474680B5C368304C9846A54415
:1046BC008369040016000431402205A8994600F0D5
:1046CC002BFF0023049325E0F022149B520063611E
:1046DC0004A97CA8039300F01FFF21002800236984
:1046EC007CAA98478A9B0500039315934B4601932C
:1046FC0004AB00932200230031000120C0470028A6
:10470C0022D1F0227CA9520004A800F005FF00265B
:10471C00082D22D1149B200019000393FFF71CFFD6
:10472C0009360700F5B20028CED0129B1021039356
:10473C0015934B46019304AB0093220023000120F8
:10474C002943C047002800D009273800F5239B00D7
:10475C009D44C0BCB946B046F0BD072DF4D1300025
:10476C001499FFF77DFF05A800F0B4FB2CFCFFFFAC
:10477C00406C704770B5CB6BFAB00B6405000E0043
:10478C004022043103A800F0C7FE01235B420293D0
:10479C0006E029002B6902AA9847040008280AD1D0
:1047AC00129B280019000193FFF7D6FE0028F0D0C9
:1047BC0009207AB070BD02A8FFF71CFF062CF7D1B8
:1047CC0031002800FFF74EFF10B58261DA6BC16033
:1047DC001A6419000022FFF763FF10BD436970B51E
:1047EC000B64C36804000D00002B13D10A0023696D
:1047FC00010002209847072805D008280FD129006E
:10480C002000FFF72FFF0020296CFFF729FF281D40
:10481C0000F060FB0122FFF743FF00F08DFE00F07B
:10482C008BFEC046C36810B5002B05D0CB6B0022A5
:10483C000B64FFF735FF10BDFFF79CFFFBE7C0468D
:10484C007047C0468368010010B5002B01D00120D1
:10485C00984710BD012915D00AD8002B10D10F2A6A
:10486C000ED8920082185268009B00201A6006E055
:10487C0001200339C9B2884280414042013070475F
:10488C000220FCE70120FAE700B585B003AB0A0073
:10489C00009300210023FFF7DDFF039805B000BD56
:1048AC00012915D00AD8002B10D10F2A0ED8009B45
:1048BC0092001B6882185360002006E00120033927
:1048CC00C9B2884280414042013070470220FCE767
:1048DC000120FAE700B585B003AB039200930A0000
:1048EC0000230021FFF7DCFF05B000BD70B51A4CAA
:1048FC00D36BA544136405000C0019A8111D4022AC
:10490C0000F00AFE01235B42189314E00C2118A856
:10491C0002AAFFF7DFFF210018A8A847002812D130
:10492C00069B18AA02A9083001939847060005288F
:10493C000AD0092807D0289B02A819000193FFF779
:10494C000BFE0028E2D0092618A8FFF753FE300012
:10495C0090239B009D4470BDC0FDFFFFF0B55746F2
:10496C009246032245464E46DE4699461300E0B574
:10497C008846CD6C494689B00340009308CD069516
:10498C00002900D180E01A0C1B040593022304A912
:10499C000B73FD3313409B004A73ED18009B022BE5
:1049AC0001D143469D6B43461B6DDB070FD550462B
:1049BC0005A900F05BFB002801D1082000E00920CC
:1049CC0009B0F0BCBB46B246A946A046F0BD2F6864
:1049DC00002FECD0082303400293002301930133F2
:1049EC0054469B464646BA464B46022B49D02B882A
:1049FC006F889A4604355A463B009343B26C0F219C
:104A0C00904620009844FFF73FFF0023804506D8CE
:104A1C0053465A469343434498429B415B4202227D
:104A2C007F001740594652460A401743012F30D099
:104A3C00022F4CD0002FC2D1009A002A02D0002B9A
:104A4C0000D09BE004352B689A46002BCCD120007B
:104A5C0005A9A24600F00AFB0028B0D1019B002B4F
:104A6C00ABD00F215046FFF70FFF0E21020050462E
:104A7C00FFF730FF50460F21724AFFF72BFF07203C
:104A8C009EE76F680835B6E71B02059304AB9A8165
:104A9C0084E7009A002A49D1002B16D02B68DF0F2F
:104AAC006B689A1C00D18AE73200583204920133A9
:104ABC0000D1B6E0281DFFF7CDFD3A00010004AB94
:104ACC00300000F049FD00286CD10835BBE72A689E
:104ADC00009957007F0800290DD1002B04D0029BB0
:104AEC00002B72D0002F3CD0002A00DA043501379D
:104AFC00BF00ED19A7E7336A0D2120009846FFF798
:104B0C00C3FE804501D02A68EEE7B36A9D42FAD114
:104B1C000023F362043333632B1DB76273632B687A
:104B2C00002B00DA87E001230193E0E70D21200040
:104B3C00376AFFF7A9FE8742C7D1B36A9D42C4D139
:104B4C00B046A2462800FFF7ADFC0F2102005046EC
:104B5C00FFF7C0FE504642460021FFF7BBFE072080
:104B6C002EE7B046A2460D215046FFF78DFE434678
:104B7C00049A18625A6206209D6221E72800FFF70A
:104B8C0091FC0435A246B5630400300000F0DCFC57
:104B9C00002800D113E7504622000F21FFF79AFEA0
:104BAC0007200DE7A2460D2104005046FFF76CFECE
:104BBC00B04633003062022C39D1049A2C33F262A5
:104BCC007362434606209D62FAE62B1D9A4600232B
:104BDC00984658339C4621004A46B4445446A9464C
:104BEC008A463D0003924746E0460EE043462000CD
:104BFC000493FFF72FFD0022010004AB300000F0FE
:104C0C00ABFC01370434002804D1AF42EED14D4641
:104C1C00B046A8E72F004D46039B544699462A6898
:104C2C0062E70D212000FFF72FFEB04630624346AD
:104C3C00049A5A62C5E7781C8000B046A246281830
:104C4C0081E7C04635F2001010B50023FFF786FE51
:104C5C0010BDC04610B50123FFF780FE10BDC04645
:104C6C0010B50223FFF77AFE10BDC046F0B5CE4654
:104C7C00474680B5050014001E00C3B0032944D07C
:104C8C0020D8002949D0012941D1130C140498468D
:104C9C00230C9946012E00D17AE0052E37D14446DB
:104CAC004C44202C33D843460F2B00D8B5E04C464F
:104CBC00002C00D0C2E04A46A96B20AF002A22D0BB
:104CCC0000247FE0042922D1002B20D1102A1ED8E9
:104CDC00102203681A4200D0C7E020AF380000F061
:104CEC0021F9012639000023AA6B300098400442B8
:104CFC0001D001CA086001330431042BF5D138000E
:104D0C00AA6300F00DF9002002E0032B1CD0022056
:104D1C0043B0C0BCB946B046F0BD002BF7D1002360
:104D2C0001271604826B360C011D38009840064290
:104D3C0001D001CA086001330431102BF5D10020D9
:104D4C00A304E5D4AA63E3E71404160C240C33196A
:104D5C00102BDCD8082203681A4200D08CE020AF5C
:104D6C00380000F0DBF8F600AB6B002C0AD0F61A1A
:104D7C00E400321F1C19BA18190009680433995041
:104D8C00A342F9D13800AB6300F0C6F80020BFE7AE
:104D9C0043464B44102BBAD843460F2BB7D82B683D
:104DAC001E4206D00322280093432B60483000F0AB
:104DBC00A9F820AF380000F0A5F84A460024A96BEA
:104DCC00002A61D04346DB00FF180023D200C858EC
:104DDC00F85004339A42FAD18918002C0FD06F4640
:104DEC004046102800D2102000231038C00038187C
:104DFC00E200CF58C75004339342FAD1C918012EA0
:104E0C0041D04346A9630F2B45D9002C00D17AE73A
:104E1C00684600F07DF800207AE7102C46D9103C4B
:104E2C0001222B681A4207D0934302222800134315
:104E3C002B60483000F06AF8002C39D004222B6823
:104E4C001A422CD143460F2B03D820AF380000F068
:104E5C005DF86F46380000F05DF810224346A96BF0
:104E6C00D21A002ABCDD20AFACE793430360D130EB
:104E7C00FF3000F057F830E7934303605130FF30B8
:104E8C0000F04CF86BE720AF04313800A96300F058
:104E9C0037F800203CE720A800F036F8B5E72800EA
:104EAC0093432B60D03000F035F8CBE70024B7E704
:104EBC0043460F2B00D9FEE620AF380000F026F851
:104ECC004A46A96B002A00D0FAE6380000F01CF81C
:104EDC0000201DE70100343138C9043B9C461D609D
:104EEC00A646010020313CC990469946A246AB46E5
:104EFC0001000831FCC941680068E54600BDC046A8
:104F0C007047C0467047C0467047C0467047C046A1
:104F1C007047C0467047C0467047C0467047C04691
:104F2C007047C0467047C04601B401A801B585B0B2
:104F3C00FFB408A841464A4653465C4665463EC007
:104F4C0001A83EC80F98009000230CB401A9FFF7EC
:104F5C0011FC109B12B0184701B401A801B585B023
:104F6C00FFB408A841464A4653465C4665463EC0D7
:104F7C0001A83EC80F98009000230CB401A9FFF7BC
:104F8C002DFC109B12B0184701B401A801B585B0D7
:104F9C00FFB408A841464A4653465C4665463EC0A7
:104FAC0001A83EC80F98009000230CB401A9FFF78C
:104FBC0039FC109B12B0184701B401A801B585B09B
:104FCC00FFB408A841464A4653465C4665463EC077
:104FDC0001A83EC80F98009000230CB401ABFFF75A
:104FEC00F3FB109B12B0184701B401A801B585B0B2
:104FFC00FFB408A841464A4653465C4665463EC047
:10500C0001A83EC80F98009000230CB401AAFFF72A
:10501C006DFC109B12B01847027A0300002A0BD1CA
:10502C00427A002A0FD0013A42724268111D416047
:10503C0003211268017202E0013A02720268100E3A
:10504C0012021A607047B020FCE7C04600B585B06C
:10505C0003AB00930C2200230021FFF7FBFB03980A
:10506C0005B000BD10B5FFF7F1FF10BDF0B54E4611
:10507C0045465746DE460023E0B587B003930F3311
:10508C009846083B994680231B0305000E009A4660
:10509C003000FFF7C1FF0400B02800D1C1E00306C7
:1050AC0029D5030042469343DBB2802B53D0902B7F
:1050BC003DD0A02B6BD0B02B00D17EE0C02B00D10B
:1050CC0095E003004A469343DBB2D02B0AD15346FA
:1050DC00024001321A43052301212800FFF7C6FDC7
:1050EC000028D5D00924200007B0F0BCBB46B2463E
:1050FC00A946A046F0BDFF23820013401F1D05AB3F
:10510C009B4600930D22002300212800FFF7A2FBF1
:10511C00630639D4059B9C4667445B460597009310
:10512C0000230D2200212800FFF7BAFBB0E7833BD8
:10513C0003400D2BD6D005AF0240002300212800E0
:10514C000097FFF787FB00230D2200212800009712
:10515C00FFF7A6FB9CE704023000FFF75DFF8027FA
:10516C0020433F02B842BDD004010005020C0023CD
:10517C0000212800FFF77AFD0028B3D13C4200D172
:10518C0086E70123039383E7059BDF1BC5E7FF231A
:10519C004A461B011900824311410A001A400307B9
:1051AC0002D58023DB011A43002300212800FFF7DE
:1051BC005DFD002800D16BE794E7B12845D0B228FB
:1051CC0000D19FE0B32855D0FC230340B42B00D171
:1051DC0088E74A465346024001321A430121012313
:1051EC002800FFF743FD002800D151E77AE7C628D5
:1051FC004BD0C7285DD003004A469343DBB2C02B8B
:10520C006CD0C82871D0C92800D06BE73000FFF7EC
:10521C0003FFF02302031B031340424602400132FA
:10522C0058E7039B0024002B00D05CE705AE0E2250
:10523C00002128000096FFF70DFB00230F22002110
:10524C0028000096FFF72CFB4DE73000FFF7E4FE3B
:10525C00021E00D146E7030041468B43DBB2002B14
:10526C0000D03FE700212800FFF700FD002800D107
:10527C000EE737E73000FFF7CFFEF02302031B03E6
:10528C001340424602400132A7E73000FFF7C4FE4C
:10529C00F02302031B0313404246024001321A431F
:1052AC00032303212800FFF7E1FC002800D1EFE6DF
:1052BC0018E73000FFF7B0FE021E00D112E7030022
:1052CC0041468B43DBB2002B00D00BE704212800B6
:1052DC00FFF7CCFC002800D1DAE603E74346A02216
:1052EC001C40013412032243DAE73000FFF794FE2E
:1052FC00434602009A43D2B21032184012030130D6
:10530C000243E8E605AB00939B460D2200230021E7
:10531C002800FFF79FFA3000FFF77EFE03061AD530
:10532C007F27B03C059B3840A0409C4660440590CC
:10533C0030000734FFF770FE0306F3D481217F237E
:10534C0089008C460340A340059A62449B18059340
:10535C005B460093E4E60224F0E7C046030000B588
:10536C00DA6C85B053680800083219020191029278
:10537C00694603221B0E0A734B7301A9FFF776FED5
:10538C0005B000BD10B5FFF76DFE806C10BDC046BA
:10539C0010B5FFF767FEC26CD07902308000101890
:1053AC0010BDC04610B500F0C7F810B5FFF7FAFFF6
:1053BC0070B5CCB283070DD0531E002A0FD0032535
:1053CC0004E00130284206D0013B08D30278A24207
:1053DC00F7D170BD1300032B0CD8002B01D100208A
:1053EC00F7E7C31802E001308342F8D00278A242FA
:1053FC00F9D1EEE7FF2529400D0229430D04074E94
:10540C000D43026806496A40511891433142E8D174
:10541C00043B0430032BF4D8DFE7C0468080808047
:10542C00FFFEFEFE30B5032A0CD903000B439B078D
:10543C0019D103680C68A34215D1043A0430043125
:10544C00032AF6D8551E002A0BD0002303E05A1C61
:10545C009D4206D01300C25CCC5CA242F7D0101B5C
:10546C0000E0002030BD551EEFE7C046F0B5884285
:10547C000AD98B18984207D2531E002A03D0CA5C53
:10548C00C254013BFBD2F0BD0F2A0BD80500561EAF
:10549C00002AF8D00023CC5C1A00EC54013396425D
:1054AC00F9D1F0E703270D003E0005430C00030083
:1054BC002E402F422BD11500103D2D09AC462F014B
:1054CC003F1825681D6065685D60A5689D60E5688E
:1054DC001034DD601D001033BD42F2D165460F2340
:1054EC000C2401352D01491913404519144211D0D2
:1054FC008C59AC5104369C1B032CF9D8043B9B08EB
:10550C0001339B00ED18C91803231A40BFE70500AF
:10551C00561EBFE71A00BAE701B40248844601BC24
:10552C00604700BF553E001001B40248844601BCE0
:10553C00604700BFB913001001B40248844601BC97
:10554C00604700BFADFD001001B40248844601BCA9
:10555C00604700BF09F1001001B40248844601BC49
:10556C00604700BF49F0001001B40248844601BCFA
:10557C00604700BF1512001001B40248844601BCFC
:10558C00604700BF4D3D00101000000000000000FF
:10559C0000000100000000000000000000000200FC
:1055AC0000000000000000000000030000000000EC
:1055BC00000000000000FF000000000000B548687B
:1055CC0001318E460047704609380149884700BDB5
:1055DC00D10900105C15002000000000401E0020C6
:1055EC008026002000000000000000009026002013
:1055FC00000000000000000010000000000000008F
:10560C00503300004C330000543300005233000080
:10561C004D5300004D430000533400004334000050
:10562C001545001000000000AD4400100000000003
:10563C0000010000D81F0110DC1F01108024002085
:10564C0010000C000000E0FF1F0000000000000034
:10565C00000000000000000000000000000000003E
:10566C000587001045870010E015002000000000A1
:10567C0000000000CC180020341900209C190020D8
:10568C00000000000000000000000000000000000E
:10569C0000000000000000000000000000000000FE
:1056AC0000000000000000000000000000000000EE
:1056BC0000000000000000000000000000000000DE
:1056CC0000000000000000000000000000000000CE
:1056DC0000000000000000000000000000000000BE
:1056EC0000000000000000000000000000000000AE
:1056FC00000000000000000000000000000000009E
:10570C00000000000000000000000000000000008D
:10571C00000000000000000001000000000000007C
:10572C000E33CDAB34126DE6ECDE05000B00000041
:10573C00000000000000000000000000000000005D
:10574C00000000000000000000000000000000004D
:10575C00000000000000000000000000000000003D
:10576C00000000000000000000000000000000002D
:10577C00000000000000000000000000000000001D
:10578C00000000000000000000000000000000000D
:10579C0000000000000000000000000000000000FD
:1057AC0000000000000000000000000000000000ED
:1057BC0000000000000000000000000000000000DD
:1057CC0000000000000000000000000000000000CD
:1057DC0000000000000000000000000000000000BD
:1057EC0000000000000000000000000000000000AD
:1057FC00000000000000000000000000000000009D
:10580C00000000000000000000000000000000008C
:10581C00000000000000000000000000000000007C
:10582C00000000000000000000000000000000006C
:10583C00000000000000000000000000000000005C
:10584C00000000000000000000000000000000004C
:10585C00000000000000000000000000000000003C
:10586C00000000000000000000000000000000002C
:10587C00000000000000000000000000000000001C
:10588C00000000000000000000000000000000000C
:10589C0000000000000000000000000000000000FC
:1058AC0000000000000000000000000000000000EC
:1058BC0000000000000000000000000000000000DC
:1058CC0000000000000000000000000000000000CC
:1058DC0000000000000000000000000000000000BC
:1058EC0000000000000000000000000000000000AC
:1058FC00000000000000000000000000000000009C
:10590C00000000000000000000000000000000008B
:10591C00000000000000000000000000000000007B
:10592C00000000000000000000000000000000006B
:10593C00000000000000000000000000000000005B
:10594C00000000000000000000000000000000004B
:10595C00000000000000000000000000000000003B
:10596C00000000000000000000000000000000002B
:10597C00000000000000000000000000000000001B
:10598C00000000000000000000000000000000000B
:10599C0000000000000000000000000000000000FB
:1059AC0000000000000000000000000000000000EB
:1059BC0000000000000000000000000000000000DB
:1059CC0000000000000000000000000000000000CB
:1059DC0000000000000000000000000000000000BB
:1059EC0000000000000000000000000000000000AB
:1059FC00000000000000000000000000000000009B
:105A0C00000000000000000000000000000000008A
:105A1C00000000000000000000000000000000007A
:105A2C00000000000000000000000000000000006A
:105A3C00000000000000000000000000000000005A
:105A4C00000000000000000000000000000000004A
:105A5C00000000000000000000000000000000003A
:105A6C00000000000000000000000000000000002A
:105A7C00000000000000000000000000000000001A
:105A8C00000000000000000000000000000000000A
:105A9C0000000000000000000000000000000000FA
:105AAC00081A0020081A0020101A0020101A0020D2
:105ABC00181A0020181A0020201A0020201A002082
:105ACC00281A0020281A0020301A0020301A002032
:105ADC00381A0020381A0020401A0020401A0020E2
:105AEC00481A0020481A0020501A0020501A002092
:105AFC00581A0020581A0020601A0020601A002042
:105B0C00681A0020681A0020701A0020701A0020F1
:105B1C00781A0020781A0020801A0020801A0020A1
:105B2C00881A0020881A0020901A0020901A002051
:105B3C00981A0020981A0020A01A0020A01A002001
:105B4C00A81A0020A81A0020B01A0020B01A0020B1
:105B5C00B81A0020B81A0020C01A0020C01A002061
:105B6C00C81A0020C81A0020D01A0020D01A002011
:105B7C00D81A0020D81A0020E01A0020E01A0020C1
:105B8C00E81A0020E81A0020F01A0020F01A002071
:105B9C00F81A0020F81A0020001B0020001B00201F
:105BAC00081B0020081B0020101B0020101B0020CD
:105BBC00181B0020181B0020201B0020201B00207D
:105BCC00281B0020281B0020301B0020301B00202D
:105BDC00381B0020381B0020401B0020401B0020DD
:105BEC00481B0020481B0020501B0020501B00208D
:105BFC00581B0020581B0020601B0020601B00203D
:105C0C00681B0020681B0020701B0020701B0020EC
:105C1C00781B0020781B0020801B0020801B00209C
:105C2C00881B0020881B0020901B0020901B00204C
:105C3C00981B0020981B0020A01B0020A01B0020FC
:105C4C00A81B0020A81B0020B01B0020B01B0020AC
:105C5C00B81B0020B81B0020C01B0020C01B00205C
:105C6C00C81B0020C81B0020D01B0020D01B00200C
:105C7C00D81B0020D81B0020E01B0020E01B0020BC
:105C8C00E81B0020E81B0020F01B0020F01B00206C
:105C9C00F81B0020F81B0020001C0020001C00201A
:105CAC00081C0020081C0020101C0020101C0020C8
:105CBC00181C0020181C0020201C0020201C002078
:105CCC00281C0020281C0020301C0020301C002028
:105CDC00381C0020381C0020401C0020401C0020D8
:105CEC00481C0020481C0020501C0020501C002088
:105CFC00581C0020581C0020601C0020601C002038
:105D0C00681C0020681C0020701C0020701C0020E7
:105D1C00781C0020781C0020801C0020801C002097
:105D2C00881C0020881C0020901C0020901C002047
:105D3C00981C0020981C0020A01C0020A01C0020F7
:105D4C00A81C0020A81C0020B01C0020B01C0020A7
:105D5C00B81C0020B81C0020C01C0020C01C002057
:105D6C00C81C0020C81C0020D01C0020D01C002007
:105D7C00D81C0020D81C0020E01C0020E01C0020B7
:105D8C00E81C0020E81C0020F01C0020F01C002067
:105D9C00F81C0020F81C0020001D0020001D002015
:105DAC00081D0020081D0020101D0020101D0020C3
:105DBC00181D0020181D0020201D0020201D002073
:105DCC00281D0020281D0020301D0020301D002023
:105DDC00381D0020381D0020401D0020401D0020D3
:105DEC00481D0020481D0020501D0020501D002083
:105DFC00581D0020581D0020601D0020601D002033
:105E0C00681D0020681D0020701D0020701D0020E2
:105E1C00781D0020781D0020801D0020801D002092
:105E2C00881D0020881D0020901D0020901D002042
:105E3C00981D0020981D0020A01D0020A01D0020F2
:105E4C00A81D0020A81D0020B01D0020B01D0020A2
:105E5C00B81D0020B81D0020C01D0020C01D002052
:105E6C00C81D0020C81D0020D01D0020D01D002002
:105E7C00D81D0020D81D0020E01D0020E01D0020B2
:105E8C00E81D0020E81D0020F01D0020F01D002062
:105E9C00F81D0020F81D0020001E0020001E002010
:105EAC00FFFFFFFF000002000000000000000000E8
:105EBC00393E001089350010893C00108D3D0010D2
:105ECC00ED020010696B00104D79001081FD00107F
:04000005100001E9FD
:00000001FF
