:020000041000EA
:1000000000B5324B212058609868022188439860DF
:10001000D860186158612E4B002199600221596106
:100020000121F02299502B49196001219960352056
:1000300000F044F80222904214D00621196600F024
:1000400034F8196E01211966002018661A6600F04E
:100050002CF8196E196E196E052000F02FF8012189
:100060000842F9D1002199601B49196000215960AB
:100070001A491B48016001219960EB211966A021F2
:10008000196600F012F800219960164914480160C1
:100090000121996001BC002800D000471248134993
:1000A000086003C880F30888084703B5996A0420EC
:1000B0000142FBD001200142F8D103BD02B5186610
:1000C0001866FFF7F2FF186E186E02BD00000240BE
:1000D000000000180000070000035F00212200005C
:1000E000F4000018222000A00001001008ED00E03C
:1000F00000000000000000000000000074B24E7A12
:1001000000200420F7010010C3010010C5010010F9
:10011000C1010010C1010010C1010010C101001097
:10012000C1010010C1010010C1010010C701001081
:10013000C1010010C1010010C9010010CB01001065
:10014000CD010010CD010010CD010010CD01001037
:10015000CD010010CD010010CD010010CD01001027
:10016000CD010010CD010010CD010010CD01001017
:10017000CD010010CD010010CD010010CD01001007
:10018000CD010010CD010010CD010010CD010010F7
:10019000CD010010CD010010CD010010CD010010E7
:1001A000CD010010CD010010CD010010CD010010D7
:1001B000CD010010CD010010CD010010CD010010C7
:1001C00000BE00BE00BE00BE00BE00BE00F04BF888
:1001D000103800BEF2EB8871145301103C5301102B
:1001E0003402001090A31AE700202149086006C8D5
:1001F00081F3088810471F48006800282FD10DA4FC
:100200000ECC002902D000F012F8F9E71A491B4A77
:10021000002000E001C19142FCD1194988471949E9
:1002200088471949884700BEFDE701C901C29A42C3
:10023000FBD370473C530110C0000020401E00203B
:10024000BC7001100000042000000420BC700110EC
:1002500000100420001004200000000070470B482C
:1002600003F084FC0047EFF30580C0B27047000044
:1002700008ED00E0000000D0401E0020802C00208F
:10028000B91F001031030010E12000105756000084
:1002900006005250ABB36053D82D011006005250E7
:1002A000861C0302E82D0110060052505422A29D24
:1002B000FC2D011005005250DE65F468BC70011081
:1002C000F8B5C04610B5064C2378002B07D1054B76
:1002D000002B02D0044800E000BF0123237010BDB2
:1002E0004820002000000000B0290110044B10B588
:1002F000002B03D00349044800E000BF10BDC046F6
:10030000000000004C200020B029011010B5064864
:1003100004F0F2F9054C200007F044FF0021200012
:1003200007F022FE10BDC046B02901106420002055
:10033000F0B5DE464E4657464546E0B593B004F06C
:100340002BFB814B0A21994609224846022307F0DC
:1003500065FF48467D4907F08BFA002803D17C48A9
:1003600004F0CAF9FEE77B4804F0C6F90A2004F05D
:1003700073F9794804F0C0F9784804F0BDF9784879
:1003800004F0BAF9774804F0B7F90A2004F064F9E8
:100390004846754907F0C4FD7449484607F0D2FD48
:1003A000484607F0FFFE0021484607F0DDFD704B90
:1003B000704E9B46704F06AC01F0E8FA00297AD0E7
:1003C000FA220023920003F06DFC3368C31ABB428B
:1003D000F2D908AB694A3060236023CA23C312886C
:1003E00059461A800E23636000230F222000A37554
:1003F00009F064FC01F0CAFA002966D0FA22002351
:10040000920003F04FFCC3B21D00636808AA9A462D
:100410000123534498462368934279D0A2689045BB
:1004200068D852469D544346414663600023226883
:1004300053540EAB9A4662680C93236890461D1E77
:1004400062D005920F2A45D8012A63D130211B784A
:1004500002AA521813705346424641460D9200229A
:1004600048465A5407F038FE484607F05FFE002120
:10047000484607F095FB0C9B48461900039307F08C
:10048000F5FF0121484607F095FC0C98504503D034
:100490000E99013108F0A0FD394804F071FA206886
:1004A00008AB984288D0A368591C08F095FD01F06C
:1004B0006DFA002984D1FA21890003F0B1FB336879
:1004C000C31ABB4200D877E783E7FA21890003F01B
:1004D000A7FB98E7002205A90CA809F077FB059B6C
:1004E0000C900E934246290003F09EFF059B984610
:1004F0000C9BB1E70123002200935146002320000A
:1005000009F082FB23688CE7002A08D15346A3E751
:100510000F2284E75346002A9ED05046E2E719484E
:1005200009F024FB0C98504503D00E99013108F0D6
:1005300053FD069808AB984203D0A168013108F03A
:100540004BFD08F04DFDF4E764200020C0CA893659
:10055000B8290110E4290110FC290110102A01100A
:10056000342A0110482A0110890500100D030010DB
:10057000702A0110C020002087130000602A01109B
:10058000AC2A0110802A0110F0B5D6464F464646E7
:10059000C0B588B004AB99460293002302AC237225
:1005A0006360214B984601239A4604E0DE55002300
:1005B000226865605355404606F03CFF002817D07E
:1005C000404606F069FF67682368C6B27D1C4B454C
:1005D0000CD0A2689542E9D9534600220093390015
:1005E0000023200009F010FB2368DFE70F22F1E76A
:1005F0000E4804F0C5F9029804F07EF802984845C8
:1006000003D0A168013108F0E7FC08B0E0BCBA46AD
:10061000B146A846F0BD0298484503D0A168013113
:1006200008F0DAFC08F0DCFC64200020BC2A011091
:10063000D0231B061B68F0B59A00454690464146FC
:10064000894ADE465258574693465A1E93413022F5
:100650004E465B421A401300844AE0B5944683B08C
:1006600063440193824B08269A463500083DEA0808
:100670001300019908339B005C58002C23D05B4683
:10068000002B2AD001230F27994639002140274209
:1006900013D04B4652464046AB4012581A420CD13A
:1006A000072208002A40920090400200EB0871489F
:1006B0003C339B001A502800D84724090135002CF0
:1006C00001D0B542E1D30836282ECED103B0F0BC1C
:1006D000BB46B246A946A046F0BD0F2319002140F3
:1006E000234207D047460E3BAB406148C0591842F1
:1006F00000D18DE02309F11F002BE4D00F22100060
:1007000018401A420FD0012345468B40584A52598F
:100710001A4208D10722CB08114089008840554A67
:100720003C339B009850230AB11F002BCBD00F22E3
:10073000100018401A420FD0012345468B404C4A06
:1007400052591A4208D10722CB081140890088402B
:10075000484A3C339B009850230B711F002BB2D0AA
:100760000F22100018401A4241D1230C311F002BD8
:10077000A9D00F22100018401A4252D1230DF11EA9
:10078000002BA0D00F22100018401A425AD1230E7D
:10079000B11E002B97D00F22100018401A420FD024
:1007A000012345468B40324A52591A4208D107224A
:1007B000CB081140890088402E4A3C339B0098505A
:1007C000240F721E002C00D17DE7012351464046C4
:1007D00093400958194200D075E70721D3080A4011
:1007E000920094403C33234A9B009C506BE70123CA
:1007F00045468B401E4A52591A42B6D10722CB08B1
:100800001140890088401B4A3C339B009850ACE75C
:1008100007231D40AD00A940164B3C329200D15039
:1008200068E7012345468B40114A52591A42A5D127
:100830000722CB081140890088400E4A3C339B00B8
:1008400098509BE7012345468B40094A52591A426A
:100850009DD10722CB08114089008840054A3C33CE
:100860009B00985093E7C046682600200041014055
:10087000302B002000400140094A8300944640226A
:10088000634410B51C68C0006240C024144080223C
:10089000520113431C60034B9C466044416010BDF1
:1008A00004C0014000400140D0231B061B6830B546
:1008B0000500581E83410F485C42844607203023C0
:1008C000284023408000EC08814020000A4D3C3045
:1008D00063448000A40041511B19002A04D08022E7
:1008E00092011343196030BDC02292011343196075
:1008F000F9E7C0460041014000400140F8B51E0044
:10090000D0231B061C680700631E9C4130236442F1
:100910001C40224B15009C46C30807201A00384093
:10092000800081403C321E48644492009B0011507C
:10093000E418002D11D080239B011C43D02321609B
:100940001B061C68174FA4003B59002B11D0002E2A
:100950001ED03E51002D16D1F8BDC0239B011C4373
:10096000D02321601B061C680E4FA4003B59002BAE
:10097000EDD1002EEED000220D200B493E5100F0AB
:1009800045F9002DE8D001210D2000F0DDF8E3E766
:100990000D20054900F02CFADBE7C046004101407C
:1009A0000040014068260020310600100200C30804
:1009B0000720104080008140024A3C339B00995040
:1009C0007047C046004001400123D02283401206F8
:1009D00093629361094A83009446402263441968F4
:1009E000C0004A40C02111408022520113431960C7
:1009F000034B9C46052360444360704704C001409C
:100A00000040014070B5EFF3108C72B60D4D2B68AD
:100A1000002BFCD0BFF35F8F0724CB08C618C05C47
:100A200001230C40A3401C000440034207D10343B0
:100A30003370BFF35F8F2C608CF3108870BD100093
:100A400001F050FB2C0100D0F8B54746CE46884651
:100A500080B5EFF3108C72B6214D2C68002CFCD0C1
:100A6000BFF35F8F9A422CD8D4080727055D06197B
:100A700001241740BC402C421FD007210127894682
:100A800009E0D408055D06194C4639001440A14020
:100A90000C00294211D001329342F2D2012040428F
:100AA000BFF35F8F00220E4B1A608CF31088002872
:100AB0000FDBC0BCB946B046F8BD2C431000347003
:100AC000EEE7BFF35F8F00232B608CF310880120CB
:100AD00040424346002BECD0089801F003FBC0468F
:100AE0002C0100D0024B18688007C00F7047C04629
:100AF00000C006400021044B044ABFF35F8F02C3CD
:100B00009342FAD17047C046000100D0800100D066
:100B1000044A1078431CDBB2172B00D91023137042
:100B20007047C046F814002000B5054B83B00100A3
:100B3000009318221F230348FFF786FF03B000BD70
:100B4000D02A01107026002001238340002904D000
:100B5000034A1360034A13607047034A1360FBE7BC
:100B600080E200E000E100E080E100E0012383405A
:100B7000014A13607047C04600E200E0084B1030A5
:100B80009B688000C358002B07D0064A00209B1AA0
:100B90002F229A424041C0B270470020FCE7C04675
:100BA00000ED00E0FC140020024B10309B68800038
:100BB000C058704700ED00E070B50D00EFF31086EF
:100BC00072B60F4A1368002BFCD0BFF35F8F0D4B3A
:100BD00010309B6884001B590B4A934203D09D42FE
:100BE00001D001F097FA074B9B681D51BFF35F8F4F
:100BF000BFF35F8F0022024B1A6086F3108870BD2E
:100C0000240100D000ED00E0CD010010F0B5574602
:100C10004E46DE464546E0B585B006000291170017
:100C2000EFF3108B72B6674A1368002BFCD0BFF34A
:100C30005F8F0025644B5D579A46002D00DAA5E0D2
:100C40006B00624C03935B199B009846A146C1441C
:100C50004B4652469B79103613705D4BB2009B6831
:100C6000019299580B1B2F2B34D95A4B994200D023
:100C7000A5E0039B584A9C46584B6544AD0063531E
:100C8000434602336519E418554B0121043B1B1BF5
:100C90001B055B0D13436B80524BEF71AB80FF2341
:100CA000AB71029BAB604B460B431900484B019A5A
:100CB0009B689950BFF35F8FBFF35F8F0022414B5A
:100CC0001A608BF3108805B0F0BCBB46B246A9464B
:100CD000A046F0BD01200A008243D379BB422FD841
:100CE00045464E46130040491B1B5B415943090DC5
:100CF0003A4B63533A4B02356519043B5B1B1B05AA
:100D0000354D5B0D2B4373800426B446E0444444C8
:100D1000131F1B1B4C46A17102991B05A16049467C
:100D20005B0D2B43A380314BE77101431360BDE79B
:100D30005800C01880002018C679BE422CD9020085
:100D40000623D356002BF3DA101D8246BD20000285
:100D5000804604267642B446E14450464E46361A52
:100D60003005400D824656461B48957106439680D5
:100D7000039A944665441D4AAD00641922604246B8
:100D8000A371029BA280E771A3608FE701F0C2F913
:100D9000002553465D5753E7101D82469088400555
:100DA000001584464046D444664604302018301A64
:100DB000E0260005400D360230438046C9E701F0C9
:100DC000A9F956E7240100D07B2C0020FC14002058
:100DD00000ED00E0CD01001000E0FFFF00A1FFFFEB
:100DE0002C15002000BDFFFFAAAA00000148804783
:100DF000F0B5DE4657464E464546E0B50C0083B09A
:100E0000EFF3108A72B65A4A1368002BFCD0BFF376
:100E10005F8F1022914681444A46564B96009B684C
:100E20009D59554B98469D4205D0A54216D0534F2B
:100E3000EB1B2F2B14D94F4B9B689D51BFF35F8F3A
:100E4000BFF35F8F00224A4B1A608AF3108803B009
:100E5000F0BCBB46B246A946A046F0BD1D00EAE77D
:100E6000012383409B465A46454B1B681A4000921B
:100E70005A46444B1A60BFF35F8FFFF7F4F90190B5
:100E8000002803D0814501D001F044F901232A0054
:100E90009A4393689C4208D15FE04B005B189B002B
:100EA000FB189968A14211D01A0006215156002959
:100EB000F3DA009B002B05D05A46334B1A60304BB7
:100EC0001A60B8E75A462F4B1A60B4E70621595604
:100ED000002921DB4A00501880003C188046A06899
:100EE0009860E079D871062020569871002824DB9C
:100EF000A488F81A6405241544440019E024000568
:100F0000400D2402204398805218204B9200BF18B5
:100F10001A781970BA71CCE70199002910D1FF3104
:100F200091711B49918019490A789A71194ADB1B02
:100F30005B415A43120D0A70BBE7BD200002E2E795
:100F4000154A1649D21A083A5002400D01439980B9
:100F5000134952080A43DA80ABE7062151561300C1
:100F60000029B7DA019A002AEAD14546DBE7C046F4
:100F7000240100D000ED00E0CD010010FC140020A1
:100F800000E100E080E100E080E200E07B2C002056
:100F900000BDFFFFAAAA00003615002000F0FFFFE9
:100FA00000F8FFFFF8B5012504000543FFF75BF9E2
:100FB000EFF3108C72B6214A1368002BFCD0BFF3FC
:100FC0005F8F1F4E2100B7681E4A1F4B891A494187
:100FD0004B431B0D59B28300F858A8421CD006237E
:100FE000D3568B421CD01223D3568B4222D01E23C1
:100FF000D3568B4220D02A23D35603208B4210D0C5
:10100000124B1A781970A271BFF35F8F00220B4B3D
:101010001A608CF31088F8BDB2680D48D050EFE725
:10102000002043001B189B00D218FF239371094B2B
:101030009380E5E70120F4E70220F2E7240100D0E5
:1010400000ED00E0FC140020AAAA00007B2C002088
:10105000CD01001000BDFFFF054B064A1360064A94
:10106000136053609360D360136153619361704761
:101070008080808000E400E004E400E0D02300B53C
:101080001B061B680100074883B0C018064B0022EE
:1010900000930523FFF7D8FC002801DB1F23181A53
:1010A00003B000BD742C0020EC2A0110024B9C46BA
:1010B00061448900016070474000003483680B4838
:1010C00010B5844661446244090112019A18591806
:1010D00054684B6801209C4201D802D00020C0B265
:1010E00010BD12680B689A42F9D8F7E7FFFFFF0FAF
:1010F0000A4B1968EFF3108072B60A68002AFCD018
:10110000BFF35F8F1B68BFF35F8F00221A6080F30D
:10111000108840BF002000217047C046442C0020AA
:10112000F8B557464E464546DE46E0B599460CAB07
:101130001C780DAB1B78060090469A460768002C79
:1011400011D1BC7B002C42D065003B682D19033DBA
:1011500059194B78BB73002B00D1FB7300238B70A4
:101160004B700B7004E065003B682D19033D591965
:10117000B2682A4B94464246E3181B0163441A6046
:101180004A465A600A9A9A600B9ADA6000238B707A
:101190004B700B707B7B9B46002B2BD0220059465B
:1011A000B8687B6898473A68002816D05B4658466E
:1011B0005B005B445519033BA870D118D35C002B2E
:1011C00000D06B705B460C707B73A34513D0F0BCF2
:1011D000BB46B246A946A046F8BD5B465B005B44F1
:1011E000033BD3189C705119525D002A00D05A70ED
:1011F0005B460B707C7342464B46307D00F050FCE2
:10120000051E06D05346002B03D12100306800F0A4
:1012100069FE0E9B002BDAD01D70D8E7FFFFFF0F91
:10122000F0B5DE464E46574645460023E0B58DB044
:101230000A936B4B8200D3580B90994600239B4630
:101240004B46079300F0A2FB079C06000F00626864
:10125000EFF3108572B61368002BFCD022000794C0
:10126000BFF35F8F2468637B9946002B67D0926839
:101270005C4B90464B441B01984443461A685B689C
:1012800010001900801BB94100295FDD0B9800F0A8
:1012900007FC00230026984600279A46079C6368AF
:1012A000BFF35F8F5A461A6085F310885346002BB0
:1012B00008D10028C6D10DB0F0BCBB46B246A94645
:1012C000A046F0BD0A9B414618024B461843D04742
:1012D000089009916268EFF3108572B61368002BCD
:1012E000FCD00794BFF35F8F0899099A002A48DB66
:1012F000114303D0079B1B69002B5DD1079B1B6823
:10130000D97B002907D04A00521819688C464946F3
:101310006244033A51704A46DA734B46079A013BDE
:10132000D168CA5C0132CA545B46079A136153689C
:10133000BFF35F8F5A461A6085F3108882E7002357
:101340000026984600279A460020A7E7002901D1E9
:1013500000289BD10021200000F046FD43461E6876
:101360005F689B68079A9A464346DB689846D3684D
:101370004B44013B1B780A931B020343136100207B
:101380008CE72369002BB9D033003C005B1A9441F1
:101390001A002300A74219D89F421BD05946049136
:1013A0000121039149460291414601915146079816
:1013B0000091FFF7B5FEB7E700F0E8FA089A099B3D
:1013C00006000F0092197B419942E5D90122524251
:1013D000D317E3E79642E1D901225242D317DDE762
:1013E000202B0020FFFFFF0FF8B557464E4645461D
:1013F000DE46E0B5404D81468A466A68EFF31088C4
:1014000072B61368002BFCD0BFF35F8F2E68B47BDD
:10141000002C39D0670033683F19033FDB195A7835
:10142000B273002A00D1F273A968344A8C46494647
:10143000A218120162441160514651603049916016
:101440000021D160997059701970737B9B46002BF5
:1014500035D022001900B0687368984732680028B8
:1014600020D05B4658465B005B44D719033BB870FD
:10147000D118D35C002B00D07B705B460C7073736B
:101480005C451DD0002626E06B68BFF35F8F1C60B3
:1014900088F3108801204042F0BCBB46B246A94602
:1014A000A046F8BD5B465B005B44033BD3189C70D1
:1014B000D119D25D002A00D05A705B460B7074734C
:1014C0004A465346287D00F0EBFA061EDAD021008A
:1014D000286800F007FDEB681B19013B19786B6861
:1014E000BFF35F8F00221A6088F310880020002E5F
:1014F000D2D108022043CFE744150020FFFFFF0FA1
:10150000F110001010B5124C6368002B04D00A21B2
:101510001048FFF7CBFD10BD23000F4A10212068B3
:1015200000F080FB032000F025FA032000F028FBE8
:1015300003200A4900F06EFAFFF7EAFA084B9C46CE
:10154000032360442375074B80006060DC60DEE7A6
:1015500044150020442C0020BD1000102112001062
:1015600040000034202B0020004870474415002024
:10157000F0B557464E464546DE46E0B585B0019388
:1015800010AB1B780600039300239A4698460092FE
:101590007268EFF3108972B61368002BFCD0BFF3AA
:1015A0005F8F3568AC7B002C49D067002B683F19F2
:1015B000033FDB195A78AA73002A00D1EA73B16895
:1015C0004F4A8C4600980199A2181201624410609B
:1015D00051600E9991600F99D16042469A705A708D
:1015E0001A706B7B9B46002B45D022001900A8681F
:1015F0006B6898472A68002830D05B4658465B00E5
:101600005B44D719033BB870D118D35C002B00D0D2
:101610007B705B460C706B735C452DD0F3681B19B7
:10162000013B18787368BFF35F8F42461A6089F3F5
:1016300010885346002B2CD10002204307E073682A
:10164000BFF35F8F1C6089F310880120404205B012
:10165000F0BCBB46B246A946A046F0BD5B465B0067
:101660005B44033BD3189C70D119D25D002A00D093
:101670005A705B460B706C73307D009A019B00F0D2
:101680000FFA82460028C9D02100306800F02AFCF9
:10169000C4E7039B002B30D00E9B00200F99984786
:1016A000030004000D000B4327D000290DDA009839
:1016B000019902000B00121BAB41994213D818D0BC
:1016C00000920193039B9A4662E700F05FF90200E3
:1016D0000B00A4185D4100940195A94203D8F1D1F3
:1016E00000998A42EED901235B42DC1700930194F2
:1016F000E8E700999142E3D9F5E70020A7E7C04663
:10170000FFFFFF0FF0B504000D0006267642F71725
:10171000C64636196F4100B58F4213D810D000F07D
:1017200035F932003B00121A8B41002B14DC002BE0
:1017300037D02900200000F05DF980BCB846F0BD2C
:101740008642ECD90026002700F020F932003B0049
:10175000121A8B41002BEADD30003900FFF744FEFE
:101760000028E6DB00239846BC460F4A0F4F7B6AF1
:101770009C4504D8B96A8E42DBD99C45D9D1116801
:10178000EFF3108072B60B68002BFCD0BFF35F8FB5
:101790001368BFF35F8F4146196080F3108820BF44
:1017A000E5E7002AC5D0D7E7442C002000400540DB
:1017B00070B5060000F0EAF8FA2204000D000023DC
:1017C00030000021920002F0ABFD001969418D420A
:1017D00005D802D0FFF796FF70BD8442FAD90120E8
:1017E0004042C117F6E7C046F8B5CE46474680B539
:1017F00006000C00FFF7F8FD00280CDC2D4B002044
:10180000596A8C4203D89B6A0130B34245D3C0BCAD
:10181000B946B046F8BD20BF274D6A68EFF3108780
:1018200072B61368002BFCD0BFF35F8F2B68C1B278
:101830009C465B7B8B4235D0FF2303405A00914688
:1018400062461268994490464A464244033A927866
:10185000002A1DD0EA68000A90464344013B1B78E9
:10186000C0B2834221D06B68BFF35F8F00221A6041
:1018700087F310880F4A0020536A9C42C7D8926AA7
:101880000130B242C3D2E01A421E9041C0B2BEE75C
:101890002B699842E7D12A61E5E7601A431E984117
:1018A000C0B2B4E7FF230340D4E7604600F01AFB60
:1018B000D9E7C0460040054044150020F0B5D646A3
:1018C0004F464646C0B5EFF305833F22134018004C
:1018D0001038EFF3108C72B6204D2A68002AFCD025
:1018E000BFF35F8F0122110081401D4C8846616368
:1018F0001C4917000E788A463100C1400F400A4249
:1019000009D1BFF35F8F2F608CF31088E0BCBA461B
:10191000B146A846F0BD14498200646A51588C4211
:101920000FD3124BD25843469E4353461E70BFF30B
:101930005F8F00232B608CF31088002AE6D090473D
:10194000E4E70B4A9B00904643441A681A60BFF3D1
:101950005F8F00232B608CF31088D7E7280100D01D
:10196000004005407E2C0020502C002058250020EF
:10197000D03F054010B50100024A0348FFF742F886
:1019800010BDC046102B01107A2C0020034B596A61
:101990000A00986A596A8A42FAD1704700400540A5
:1019A00070B504000D00124A536A1900966A536A12
:1019B0008B42FAD13000190024184D41AB4211D8A6
:1019C0000ED02B000A494A6A9A42FCD307D1084A32
:1019D00002E0516A994202D1916AA142F9D370BDE5
:1019E000A642EED9012301246442E5175B42E9E7F0
:1019F00000400540064A536A9942FCD807D1044B7F
:101A000002E05A6A914202D19A6A8242F9D370473F
:101A10000040054070B504000D00EFF3108672B66B
:101A20001A4A1368002BFCD0BFF35F8F002D1BD028
:101A30002000FFF7B9F8164981420AD02000FFF7CD
:101A4000BBF801212000FFF77FF80123A340114AD2
:101A50001360114BA400E550BFF35F8F00220B4BC6
:101A60001A6086F3108870BD0B4BA200D55001227E
:101A7000A2400A4920000B7893430B700449FFF7FA
:101A8000B7F900212000FFF75FF8E5E7280100D053
:101A9000BD18001038600540582500207E2C00201D
:101AA000F0B54F46D6464646C0B507002F4C616A92
:101AB0000D00A66A616AA942FAD18B4208D805D006
:101AC0000120E0BCBA46B146A846F0BDB242F7D903
:101AD000EFF3108A72B6264801680029FCD0BFF3E4
:101AE0005F8F0125BD402349204C884609788946EF
:101AF0002943C9B28C46414660460870391D1E48CC
:101B0000890065630A51B9000B50216A00202942FF
:101B100019D0616A0800A66A616A8142FAD18B42D3
:101B200019D801D1B24216D8CC451DD00F4B1F2079
:101B30001D625D6301230740BB40104A1E381360DD
:101B400043464A461A70BFF35F8F0022084B1A6063
:101B50008AF31088B5E70020BFF35F8F0022044BA3
:101B60001A608AF31088ACE70120ECE700400540DA
:101B7000280100D07E2C0020502C002080E200E0C4
:101B8000EFF3108C72B60A490B68002BFCD0BFF340
:101B90005F8F01238340074A0748136202789A4304
:101BA0000270BFF35F8F00230B608CF310887047C7
:101BB000280100D0004005407E2C002070B50500B3
:101BC00014001600002915D00C00002A12D08068DD
:101BD0006B689847296800280ED073009B19620033
:101BE000033B1219CB18033A9C7088188A5C002AB0
:101BF00015D10670200070BD63001B197200033BF5
:101C00009219CB18033A9E7088188A5C002A02D178
:101C100004703400EEE75A7004703400EAE75A703A
:101C20000670E7E730B583600023CCB2437301331D
:101C3000047342608373C4730D000068012C06D9DD
:101C4000421C0133DBB2137003329C42F9D1FF21F5
:101C500029404B005918002340180338437030BD09
:101C6000F8B5CE46474606000C0080B5002907D0DF
:101C70004D0003686D18033D5A195778002F04D1A1
:101C80002000C0BCB946B046F8BD7900C919033977
:101C900088464344597889460021597051707368C9
:101CA0003A002100806898473368002814D04246E3
:101CB0009A18947059195B5D002B00D053700F7007
:101CC000270049463000FFF7CBFF39000200300003
:101CD000FFF774FF0400D3E7424641465D19AF7039
:101CE0009A185B5C002B00D06B701470E9E7C0465B
:101CF000F0B557464546DE464E46E0B50D006B0052
:101D000001685B19DF1E0400C85D83B00192CA1927
:101D100000284CD043001B18033BCB185E78B44618
:101D2000002E16D1019E002E3ED0E67B002E04D060
:101D300073009B19CB18033B5D70E57300282FD10E
:101D40000023537003B0F0BCBB46B246A946A04680
:101D5000F0BD72006244033A89184A789046002226
:101D60004A7091465A70010032002000FFF726FFAA
:101D700043468246002B07D05B0021684344033B67
:101D8000CB185A78002A16D1424651462000FFF758
:101D900015FF2168019BCA19002BC6D10028CFD09E
:101DA00043001B18033BCB1800219970C8E7019B27
:101DB000002BBAD1C4E750008018033809184878BE
:101DC000834648464870587041462000FFF7F6FEAB
:101DD000594680462000FFF743FF4146020020009D
:101DE000FFF7ECFE8046CFE7F0B557464546DE46A6
:101DF0004E46E0B583B00191457B04006B0000685E
:101E00005B19DF1EC15DC21900294ED04B005B1863
:101E1000033BC3185E78B446002E18D1019E002EF5
:101E200040D0E67B002E04D073009B19C318033BFF
:101E30005D70E573002931D1002328005370617370
:101E400003B0F0BCBB46B246A946A046F0BD720046
:101E50006244033A801842789046002242709146CC
:101E60005A7020003200FFF7A9FE43468246002B3D
:101E700007D05B0021684344033BCB185A78002A03
:101E800017D1424651462000FFF798FE019B010002
:101E90002068C219002BC4D10029CDD04B005B189B
:101EA000033BC31800209870C6E7019B002BB8D1F4
:101EB000C2E750008018033809184878834648461E
:101EC0004870587041462000FFF778FE594680461A
:101ED0002000FFF7C5FE414602002000FFF76EFE1E
:101EE0008046CEE770B5040000292CD0437B8B429E
:101EF0002ED0056848004018033828188278002A38
:101F000021D053009B18033BEA5CEE188A4202D1B1
:101F10001BE0002A08D053009B18033BEB185A78AB
:101F20008A42F6D142785A700023012283704370AE
:101F30002000FFF7DDFE617B02002000FFF73EFE80
:101F40006073012000E0002070BD43783370EBE740
:101F500001221900FFF7CCFE60730120F4E7C046B0
:101F600010B50400FEF7D4FD01002000FFF79EF835
:101F7000FF232371BFF35F8F10BDC04610B504006F
:101F8000FEF7C6FD01002000FFF790F8FF23A380B5
:101F9000BFF35F8F10BDC04610B504000120FEF7EF
:101FA000C3FD044B9C46604480002060BFF35F8FFC
:101FB00010BDC046400000342C4B2D4A70B51A604D
:101FC0002C4A2D4B2D491A6014008B689C43FBD181
:101FD0002B4D2C4EB54208D2013E761BB60808CDDB
:101FE000984723000134B342F9D100F099F8264A0A
:101FF000214B1A60214A9368DB43DB01DD09002B8A
:10200000F9D14022214B224C224E9A675A671A6717
:10201000DA66B44208D223682000002B20D00834AE
:10202000FFF7ACFFB442F6D31B4E1C4CC022A16894
:10203000300002F0F9F9A660FEF75CFDFFF70CF83E
:10204000FFF760FA164C174EB44208D2013E361B19
:10205000B60808CC98472B0001359E42F9D170BDD7
:102060000834FFF77DFFB442D5D3DDE700E0004040
:10207000BFCDFBFEFE7F3C0000F0004000C00040F2
:10208000201E0020301E0020FFFFFF0100F0014055
:10209000181E0020201E00200000002000ED00E09F
:1020A000301E0020401E002000BEFDE7094A03004C
:1020B0001068002805D00849C3188B4207D8136060
:1020C000704706480449C31810608B42F7D90120B5
:1020D0004042F5E71027002000000420802C00205B
:1020E00000BEFDE70FB400B5084883B002F004FB62
:1020F000049B002B07D005A91800019101F016FDE3
:10210000034802F0F9FA00BEFDE7C046342B011087
:10211000AC32011010B50148FFF7E4FF442B011069
:1021200030B50C2083B000F0B7F9FEF7DBFC0028D7
:102130000ED0944B944A1A605A609A60DA601A6121
:102140005A619A61DA611A62904A5A6203B030BDEC
:102150008F4CA06700F0F4F901228E4B1A60636C7B
:10216000012BFCD103228C4B1A60894A936B012B03
:10217000FCD101330121894A89480093043300F0DE
:1021800033F90523874A00930121874800F02CF991
:10219000864B5A68FF2A02D8802252005A60802259
:1021A000784C7D4B21691201804D1A60002905D0C1
:1021B000606901F035FD01300138FDD1E0217B4B34
:1021C00002201A681140802252012A4311601968C6
:1021D000484003210140116004219A681142FCD05B
:1021E0008022802192012A4309011160802252003D
:1021F0005A606F4B23616F4B5968FF2900D85A60B2
:102200000321644A6B4B116002399A681142FCD079
:10221000E0201A681040802252011A4310601868AA
:102220004840032101400220116062498A6810423F
:10223000FCD0802292011343802212011A60802276
:102240005D4B52004A6063615C4B5968FF2900D8BE
:102250005A6080225A4BE1691201584D1A600029D8
:1022600005D0606901F0DCFC01300138FDD1E022CD
:1022700052490B681A4080235B012B431A6080236C
:1022800080229B012B4312011A6080223E4B520098
:102290004A60E3614B4B5968FF2900D85A6080229D
:1022A000494B216A1201474D1A60002905D0606927
:1022B00001F0B6FC01300138FDD1E02241490B6844
:1022C0001A4080235B012B431A60802380229B01EC
:1022D0002B4312011A60802380225B004B602A4B43
:1022E000D2022362394B5968914200D25A6080224F
:1022F000374B616A1201354D1A60002905D06069BB
:1023000001F08EFC01300138FDD1E0222F490B682D
:102310001A4080235B012B431A60802380229B019B
:102320002B4312011A608023DB024B60174B636260
:10233000284B5A68FF2A02D8802252005A60802215
:10234000254BA1691201234D1A60002905D060694F
:1023500001F066FC01300138FDD1E0221D490B6817
:102360001A4080235B012B431A60802380229B014B
:102370002B4312011A6080235B004B600E4BA3615C
:10238000E4E6C04674260020006CDC021BB70000A7
:10239000008000403CB0004030B00040002F685941
:1023A00000800240008C864700C002403080004020
:1023B000001BB7003C800040405973075480004028
:1023C00054B000406080004060B000406C8000402D
:1023D0006CB000404880004048B00040014B800095
:1023E000C058704774260020F0B5C646040000B5FA
:1023F0000C2090461F000E0001F012FC4101091A4A
:102400008D01691AC90009188901404601F008FCCC
:10241000069B3F041A0323681743002B22DB1A4B49
:102420001A4DE21853425A4180235B019C46120325
:10243000174B62441A60174B1A601100AB6899433E
:10244000FBD1C022231D92011A4321232660A060E4
:1024500013602368002BFCDA0823E760136080BC5C
:10246000B846F0BD3F2322681340B342D7D1A368DA
:102470001B051B0D8342D2D1EE22E368D20213402A
:10248000BB42CCD1EBE7C0460040FDBF00C00040DE
:1024900000E0004000F000408023024A9B0003431C
:1024A000D36270470080054010B5140080221B4B9A
:1024B000D2051A6000281AD00123194A1843194B73
:1024C000DA61194A42401A62596298628022134BBB
:1024D000D2051A601549164A1160E022D2041A602A
:1024E000002C07D18022134B12061A6010BD0D4B31
:1024F000D861EBE763011B1B9A00802312191201BC
:102500005B049A4200D30C4A0C4B1A60054B5A608C
:102510008022084BD2051A60E8E7C04600B00540AB
:10252000D3C007B0008005402D3FF84FFCFF0100ED
:102530000820014000A00540FFFFFF00182B0020ED
:10254000AA23064A1B0113602F230549D360054BBC
:1025500019605368002BFCDA7047C0460040024007
:1025600000B0FA00006002409A4200D288547047DE
:102570007047C046F8B557464E464546DE46E0B57C
:1025800099460A9B07009A460D9B8846934615007C
:102590000B9E9B0710D10C9B9E420DD29D1B1400DD
:1025A0000E005D4422004B46013431002020B84724
:1025B000A542F7D1B0460B9E002E27D04446751990
:1025C0005346AA1B013E985D21004B46B847002E9A
:1025D000F6D123002C0098460D9B9B070FD55B4638
:1025E000E51A0C9BAB420AD94646984622004B4658
:1025F000310020200135B8470134A845F6D8200025
:10260000F0BCBB46B246A946A046F8BD2C00E3E7A5
:10261000F0B54F464646D646C0B584B098460EAB98
:102620001B78129F994694460D9C109B119EBA07E9
:1026300025D4002E4BD19C4200D3BFE001223A406A
:1026400092461F2C00D9B8E00C9A551E302201E0AA
:10265000202C03D001342A55A342F9D85246002A2F
:102660000DD0A6420BD9202C44D00C9A551E3022F6
:1026700001E0202C3ED001342A55B442F9D1FA06AB
:102680004DD57A053FD4002C39D10F9B102B00D1AA
:1026900079E00F9B022B00D18AE030230C9A0124B1
:1026A00013704B46002B3FD02D230C9A1355013449
:1026B0000C9B624600930397434602960194FFF7F2
:1026C00059FF04B0E0BCBA46B146A846F0BD0122AD
:1026D00015003D40AA463A422FD04A46002A02D170
:1026E0000C323A4200D0013E9C42BAD21F2CABD9E8
:1026F000202E27D92024FA06DAD57A0503D4A3425E
:102700002DD0A6422BD00F9B102B32D0022B20D0E5
:10271000202CCDD030220C9B1B191A700134202C98
:10272000C6D04B46002BBFD17B070DD43B07BFD58E
:1027300020230C9A13550134BAE79C429FD21F2CD8
:1027400000D881E720249AE72B230C9A13550134F3
:10275000AEE7202CACD00C9B1B1901343AE0631E71
:10276000012C92D00F9A102A2AD0022A2FD01C00B6
:10277000D0E7BB060ED4202C9AD00C9B1A1901343A
:1027800078231370C4E7BB060DD478230C9A012478
:102790001370BFE7202C00D18AE758220C9B1B192D
:1027A0001A700134B4E758230C9A01241370B1E76E
:1027B0000C9A603301241370ACE7202400265EE7F6
:1027C000023CBA06E9D40C9A12191C00D8E70C9AFC
:1027D0009246534462221A709AE7C04610B5002808
:1027E00000D110BD01F038FFFBE7C0460B0010B56B
:1027F000002802D049681B68984710BDF0B5DE4636
:1028000057464E464546E0B59BB09B46249B8946BD
:102810009846259B0B900C924046424619009A46DA
:1028200001F0BFFC002800D0D8E00122404651460C
:10283000774B524201F0B0FC002800D0CEE00122DC
:1028400040465146734B524201F090FC002800D0A4
:10285000C4E0002200234046514601F087FC0028D6
:1028600000D0B9E1424653460A9209938023289A40
:10287000DB001A400E92289A1A4201D106232693B1
:102880000A9A099B1600134300D0C7E0289B002535
:1028900000261B0500D49BE100230D93269A0D9B77
:1028A0009A4200DC9FE1D01A431E26938023289A87
:1028B000DB001A430023002728920D93279B002456
:1028C000BB4200D9DC1B0223289A1A400E92289A98
:1028D000134203D07B427B415B421C400D9B002B8B
:1028E00007D00A9809992A00330001F0E6FB0A9004
:1028F0000991002200234046514601F037FC002890
:1029000005D0802000068446099961440991289ADF
:10291000414B0B9D13400493269B0A9A0293099BFB
:1029200003940092019349465B4628000C9A00F0FC
:102930008BF90400002F62D0289B220098061F23E9
:10294000C0179843631C984649465B466530A847C4
:102950000D9B0025DA179C18DB0F9A465440013F67
:1029600001E0202D13D00AAA94461F2320006344BF
:102970000A2101355E1901F053F930313170200020
:102980000A2101F04DF926000400092EE9D805239B
:102990000693002304930A330393534605970B9F32
:1029A000029312AB009342465B46494638000195BC
:1029B000FFF72EFE0E9B0400002B20D00C9BC51AA7
:1029C000279BAB421BD91E0022005B4649462020B4
:1029D0000135B8470134AE42F6D810E0289B424694
:1029E0000493279B49460393269B0B9802935346D7
:1029F000009201935B460C9A00F026F90400200037
:102A00001BB0F0BCBB46B246A946A046F0BDC046CE
:102A1000FFFFEF7FFFFFEFFFFFF7FFFF734B099F04
:102A20009C467800400D604401F0CEFB704A714B2B
:102A300001F05DFB704A714B01F03AFB3B03704AB9
:102A40001B0B1A4304000D00300011006D4B0022D7
:102A500001F029FB6C4A6D4B01F049FB02000B00B1
:102A60002000290001F024FB01F0C6FB0D9001F0CD
:102A7000ABFB674A674B04000D0001F038FB0022F6
:102A8000654B01F015FB01F0B7FB644A0600644B8F
:102A90002000290001F02BFB040030000D000F96F0
:102AA00001F092FB5F4A604B01F021FB02000B003A
:102AB0002000290001F0F7FA02000B0006000F00C9
:102AC00001F015FB320004000D003B00300039001E
:102AD00001F0EEFA002210901191544B20002900D1
:102AE00001F0EBFA0022524B01F0E2FA02000B0077
:102AF0002000290001F0E1FA00224E4B01F0D8FA43
:102B000002000B002000290001F0D7FA0D008021FF
:102B1000040032003B000020C90501F0C4FA0200A5
:102B20000B002000290001F0C3FA02000B001098EE
:102B3000119901F0C2FA0022314B01F0B9FA3E4B73
:102B40000F9C9C4664440022230501F0D0FA050046
:102B50000E0002000B000A98099901F007FB0028FB
:102B60000AD00D9B2800013B31000D930022304B11
:102B700001F0A3FA05000E00C6270D992B00633162
:102B80008F42BF4128997F420437090500D495E65A
:102B9000334300D182E6099C284A2100284B0A9839
:102BA00001F0F2FA002808D000222100254B0A98F3
:102BB00001F0DCFA002800D070E6269B002B00D143
:102BC0007CE60E9B5A1E9341269AD31A269375E6ED
:102BD000002304270D9371E643460A9380231B06C6
:102BE0005344099342E6002326935FE601FCFFFF6E
:102BF000FB799F501344D33FB3C8608B288AC63FEC
:102C00000000F03F0000F83F61436F63A787D23FA9
:102C100071A379094F930A400000E03F1655B5BBF8
:102C2000B16B0240EF39FAFE422EE63F00002C4025
:102C30000000244000001840FF0300002D431CEB5F
:102C4000E2361A3F80842E41F0B54E46DE465746A6
:102C50004546E0B597B09946209E219F229B83462A
:102C6000984607910C923B0032003000390001F089
:102C700098FA002800D0A9E1012230003900CA4B9F
:102C8000524201F073FA002800D0E1E00122300046
:102C90003900C64B524201F07FFA002800D0B7E05D
:102CA000002230003900C24B01F076FA002800D033
:102CB00099E0002230003900BE4B01F057FA00289D
:102CC00000D090E0002200233000390001F04EFADD
:102CD000002800D0B1E000230D93249B5B0501D4B4
:102CE0000623984608AB9C46172200243023414611
:102CF000624404E0013413550139202C01D0092924
:102D0000F8D888463000390001F076FA4346DA00F8
:102D1000A94B05009B181A685B680892099301F09B
:102D200053FA02000B003000390001F0BCF9089A98
:102D3000099B01F0DCF90A900B9101F081FA8246BF
:102D400001F03EFA02000B000A980B9901F0ABF972
:102D500000229A4B0A900B9101F01EFA002800D134
:102D6000C0E001239C46E244504601F029FA0200EB
:102D70000B000898099901F0FFF9002802D0002300
:102D80009A4601354346002B6AD008AB17269C466D
:102D900008956644554614E001235B4243440A21EA
:102DA00028009A4600F03CFF013430313719397061
:102DB00028000A2100F034FF092D00D8D0E0D046C9
:102DC0000500202CE8D10EAB98460323249A13402B
:102DD000012B00D196E02023249A01930392239A99
:102DE000434602921EE0249B58460493239B009680
:102DF0000197039343460C9A029307994B46FFF7BA
:102E0000FDFC17B0F0BCBB46B246A946A046F0BDDB
:102E1000249B5B070ED40322694B249901920391F2
:102E200023990291009358464B460C9A0799FFF755
:102E3000A1FBE6E70422634BEFE73B0032000020F2
:102E4000002101F030F9012306000F000D9344E743
:102E5000249B0393239B0293042301935A4BE1E7A2
:102E6000280001F0B1F902000B003000390001F038
:102E70001AF9524B002206000F0001F077F90EAB51
:102E8000984600280AD10022300039004B4B01F04F
:102E900083F9002802D1EB0700D50135202C94D00E
:102EA00008AA94461723280063440A2101341E19F6
:102EB00000F08EFE3031280031700A2100F088FECB
:102EC000051EEBD10323249A1340012B1BD0202C89
:102ED00000D180E70D9B002B35D02D224146631C8D
:102EE0000A5579E700220A980B99344B01F03EF914
:102EF000002800D046E75346002B51D101239C46C1
:102F0000E2443FE72024239B002BE0D00D9B002BC5
:102F100003D1249A0C33134202D0239B013B239309
:102F2000239BA342D3D908AB9C461722302362448B
:102F3000202C00D14FE72399013413558C42C6D081
:102F4000202CF8D147E7249B5B0724D4249A230044
:102F5000120700D440E72022414601330A553BE7DF
:102F60005746089D202C00D12DE7220030214046F5
:102F7000002F09D00132B154202A00D123E7D343D6
:102F80001B191B18002BF5D10EAB98462E2341467A
:102F9000541C8B5482E72B224146631C0A551BE7C5
:102FA000DB0700D4EEE6A9E7FFFFEFFFFFFFEF7FAF
:102FB00065CDCD4165CDCDC1482D01100000E03F6C
:102FC000502B0110542B0110602B0110249B0393F4
:102FD000239B029303230193004B23E75C2B0110F7
:102FE000F0B5DE464E4657464546E0B59FB01C005C
:102FF000289B91460993C94AC94B8B4608901A6091
:10300000002900D118E2002320789A46002800D138
:103010001AE226001D005C460AE02A006F1C4B469F
:10302000089D2100A8473D0001363078002870D067
:103030002528F2D110239B46083B9A46043B98462C
:10304000023B00219C46721C107816000300203BB6
:10305000DBB2102B03D8B34F9B00FB589F460300F5
:10306000303B092B32D900230A932A2868D0002349
:1030700098462E283ED00300683BDBB2122B1CD8AA
:10308000A94A9B00D3589F46012301321943DBE72D
:10309000634601321943D7E7434601321943D3E768
:1030A0005B4601321943CFE7534601321943CBE760
:1030B00080235B007078194301360300253BDBB2A7
:1030C000532BAAD8994A9B00D3589F460027030048
:1030D000B800C01901364000C018337830381A00E3
:1030E000303A0700092AF3D90A90180000239846BD
:1030F0002E28C0D180237078DB0019430300303BB9
:10310000721C092B00D8A1E12A2800D1B2E11600D7
:10311000B1E7A346AA462C00D14503D801235B4260
:103120004B449A464B46524659460020089DA847B4
:1031300020001FB0F0BCBB46B246A946A046F0BD79
:10314000099B40CB0A96002E03DB50780993561C4E
:103150008DE72838014370420A9009935078561C35
:1031600085E7782800D1DFE1582800D14CE26F28AC
:1031700000D14FE3622801D100F030FC10230A0097
:103180009A430B92692801D000F0A9FC0A230C9302
:103190004B0500D5D0E10B9A802311009B0019400C
:1031A0008B461A4200D0A1E2802311005B00194037
:1031B0008A461A4200D0B6E313005B0600D5EDE262
:1031C000130009991B0601D400F076FC08C91BB254
:1031D000D8171A18424092B209919346DA0F129208
:1031E000002B09D1802310220B99DB000B40914367
:1031F0000B91002B00D0E4E20B9A6123920600D5DC
:1032000041230EA91F228C46DBB262440A3B5F4673
:103210001395A34655460C9CB2460D9316000AE042
:103220003033DBB201357355A74200D2EDE2202DD9
:1032300000D1EAE207002100380000F0F1FCCBB237
:103240000929EDD90D9A94466344DBB2EAE780235D
:103250009B007078194301362FE77078682800D1F9
:10326000CDE180230136194327E770786C2800D11F
:10327000BFE180235B00194301361EE7462800D1D9
:103280009BE10722099B0491073393430A9A190093
:103290000392424602920CC9089800920193099148
:1032A0002A004B462100FFF7CFFC01360500BCE6A3
:1032B0002A006F1C4B46089D21002520A847013697
:1032C0003D00B2E68B0700D4ADE1099B2A009A4687
:1032D0006B1C9846534601CB21009A46089F4B46EB
:1032E000C0B2B8470A9B9C466544012B00D886E2D1
:1032F000089B4746B04626004C4699463A002300B4
:10330000013731002020C847AF42F7D1A1465346CC
:10331000340046460993013687E6C046E12F001087
:10332000142B0020682B0110AC2B0110F82B01107E
:10333000099B04CB9B4643460992002B00D1C6E073
:1033400013789C46002B00D1BDE34346013B099A0C
:103350000133D0180A9F130001E0834203D05A784A
:103360000133002AF9D1099A0A979B1A0B938023FB
:103370000A00DB001A400C92194204D00B9B434513
:1033800001D943460B9302231A000A400D920B42C7
:1033900000D187E16046002800D168E10C9B002B3A
:1033A00000D10DE1A844C246099B57465B1B9846D5
:1033B000089BB2462A0026004C46994609E02300A5
:1033C0003100551CC8474346585D002800D126E10E
:1033D0002A009742F3D1A1463D00340056460D9B8A
:1033E000002B00D043E15B46013609931DE6099BA3
:1033F0001A0008CA9246002B48D0212211438B465E
:103400000EA884461F216144099500220F27A44677
:103410000D0002E0202A0CD00B003C001C402000D4
:103420003730092C00D807380132A85419090F2B5E
:10343000F0D86446099D32E0DC4B207808930023E5
:103440009A46002800D0E4E5002465E643460600DD
:103450000A9F9800C01801324000801916780300B6
:1034600030003038303B0928F3D930009846160038
:103470000A9700E6099B023604CB9046D2434046A9
:10348000D2171040804609933078F4E510220800E6
:10349000904311321043834600224905B0D55B4664
:1034A00006930823059343460493102303930023B4
:1034B000029316AB019200932A004B462100089814
:1034C000FFF7A6F85346050001360993ADE51378DA
:1034D0009C46002B00D1F7E202235B4237E7202312
:1034E00002009A43472A04D180231B011943022377
:1034F0009843452801D1202319430722099B0491B1
:10350000073393430A9A19000392424602920CC968
:1035100008980092019309912A004B462100FFF779
:103520006DF90136050080E510230C930C230A0089
:103530009A430B924B0503D501230B9A9A430B92A6
:10354000692800D127E6642800D124E60B9A80235D
:1035500011009B0019408B461A4200D066E180237F
:1035600011005B0019408A461A4200D039E213006C
:103570005B0600D53CE113001B0600D4A6E2099BC4
:1035800004CB1204120C934609935B46002B00D027
:103590009AE10B9A1033110099430B91520500D414
:1035A00092E100239A460B9B06930A9B05934346A0
:1035B00004930C9B039300230CE12023194360E642
:1035C000099B0A9A5B1B98464B4691461F00B246E0
:1035D0002600089C2A003B003100A04743460135E5
:1035E000585D0028F6D14A463400B94656460A923C
:1035F000F5E6C0239B00B078194302365DE5C02391
:10360000B0781943023658E50C230A009A43143364
:103610001A43103B0B920C934B058DD496E7A146B1
:1036200034005646DBE60A9A012A00D853E26B1EA4
:103630009F18089BB04626004C4699462A00230056
:10364000013531002020C847BD42F7D1A1463400E2
:103650004646099B3A0001CB210098467D1C4B460B
:10366000089FC0B2B847434601360993DDE40B9B7F
:103670000A9AA8469A4200D8B5E694466544ED1ADF
:10368000089B4746B04626004C4699463A00230020
:10369000013731002020C847AF42F7D1A14634009E
:1036A0004646A0E60B9A0A99531C914200D814E2B0
:1036B0004B199B1A1F00089BB24626004C469946A0
:1036C0002A002300013531002020C847BD42F7D130
:1036D0000A9BA14601330B93099B34001B78564685
:1036E0009C466046002800D058E67CE60722099BED
:1036F00007339343013294469C4462465F680992C3
:103700001A68FB17109311931098119903005340F6
:103710000E930B007B400F9394460E9A0F9B121A48
:103720008B410E920F93FB0F6246129300233A4394
:103730009B463DD00B9A6123920600D5412300227F
:10374000DBB20EA90A3B8C4692460D9343461F32CC
:1037500062441395159655460E9E0F9FA2469046BD
:103760000C9C14930CE03032D2B2434601355A55CA
:10377000BB4500D18AE1202D00D18AE106000F006F
:10378000220000233000390000F08CFAD2B2092A5E
:10379000E9D90D9B9C466244D2B2E6E7FF23099922
:1037A00004C913401A00099117E5C046712500109D
:1037B0000B9A1033110099430B915205BAD500238F
:1037C0009A460B9B06930A9B0593434604930C9BD6
:1037D0000393129B02935346019316AB2A00009366
:1037E00021004B460898FEF713FF013605001CE444
:1037F000FF22099B02CB11408B460993C5E6534635
:10380000454609930136FFF710FC56465C46AA462A
:10381000139DD6E708230C930B910B99642800D0D5
:1038200084E60B9B5B0500D586E6B4E40722099B82
:1038300007339343013294469C44624609921A68C6
:103840005B6810009B4613005A46134307D10B9A3E
:103850001033110099430B91520500D5A1E60B9A44
:103860006123920600D541230022DBB20EA90A3B58
:103870008C4692460D9343461F3262445F46129532
:10388000A34655460400B24690460C9E13930DE0A5
:103890003032D2B2434601355A550023BB4200D1E3
:1038A00000E1202D00D100E104000F0032000023D0
:1038B0002000390000F0F6F9D2B2092AE8D90D9BB0
:1038C0009C466244D2B2E5E70B9A6123920600D58A
:1038D0004123DBB20EA90A3B1F228C460D93230025
:1038E00062445C461295170055469B46B2460C9EB4
:1038F00008E03033DBB201357B55B4420ED3202DC6
:103900000CD004003100200000F08AF9CBB2092964
:10391000EFD90D9A94466344DBB2ECE756465C4619
:10392000AA46129D3FE6099B1A0008CAD9171392AE
:103930005A184A409246DA0F1292002B08D180237F
:1039400010220B99DB000B4091430B91002B2BD1E4
:103950000B9A6123920600D541230EAA1F27944695
:10396000DBB20A3B0D9567445D460993A346544676
:10397000B2460C9E08E03033DBB201357B55B442D1
:103980000ED3202D0CD004003100200000F048F9A7
:10399000CBB20929EFD9099A94466344DBB2ECE72C
:1039A00056465C46AB460D9D0B9B2A0006930A9B30
:1039B00021000593434604930C9B08980393129BA4
:1039C000013602935B46019316AB00934B46FEF71C
:1039D0001FFE139B05000993FFF727FB02230C939F
:1039E0001AE7099B04CB92461293002A08D1802340
:1039F00010220B99DB000B4091430B91002B2BD134
:103A00000B9A6123920600D541230EAA1F279446E4
:103A1000DBB20A3B0D9567445D460993A3465446C5
:103A2000B2460C9E08E03033DBB201357B55B44220
:103A30000ED3202D0CD004003100200000F0F0F84F
:103A4000CBB20929EFD9099A94466344DBB2ECE77B
:103A500056465C46AB460D9D0B9B2A0006930A9B7F
:103A600021000593434604930C9B0898039300237D
:103A700002935B46019316AB00934B46FEF7C8FDDD
:103A8000129B050009930136FFF7CFFAB44200D824
:103A900071E6149B54460E960F97AA469846159EBB
:103AA000139D8EE6A64200D8FBE6139B5646984629
:103AB000AA465C46129D76E508C9D8171A184240F6
:103AC0000991FFF78AFB00230B9350E4099B04CB79
:103AD0009346099359E52F00BBE50B9301E6063B9E
:103AE0000C939AE60EB4012210B585B007AC08CC51
:103AF00001000094524204480394FFF771FA05B0A4
:103B000010BC08BC03B018476925001000B585B08B
:103B10000391012102900093034813004A4202A935
:103B2000FFF75EFA05B000BDED27001010B5094A99
:103B30000300146884B0002C08D0012200910648CC
:103B4000524203A9A047012004B010BD00F0D4FDEB
:103B50000020F9E7142B0020DD2700100148042184
:103B6000014B1847701500208D3B0010142310B531
:103B70000100188804331B88984710BD162310B520
:103B80000100188802331B88984710BDF8B54746D6
:103B9000CE4680B50F1E19D0142399460433040075
:103BA0000025012698464B461888434621681B8805
:103BB000984701C4431E9841013540420640AF4238
:103BC000F1D13000C0BCB946B046F8BD0126F8E7D7
:103BD000124A936F9B0815D29066D166002905D0D2
:103BE000FFE7FFE7FFE7516F106F704704B58021D3
:103BF0000906C2175140002800D0C8430EF068FEE5
:103C0000002104BDF0B5146E556E576F166FFFF7A7
:103C1000E3FF1466556657671667F0BD000000D0D5
:103C2000114A936F9B0813D210665166002905D084
:103C3000FFE7FFE7FFE7516F106F704704B50028FB
:103C400001D00020C0430EF043FE002104BDC04659
:103C5000F0B5146E556E576F166FFFF7E5FF1466DB
:103C6000556657671667F0BD000000D094464E4A6F
:103C7000926F9208624601D230E0C046F0B54A4EDB
:103C8000B56F6D08FCD3346E756E776F366F00F0CC
:103C900025F89446444A1466556657671667624687
:103CA000F0BDC0469446404A926F9208624601D2E7
:103CB00058E0C046F0B53C4EB56F6D08FCD3346E8D
:103CC000756E776F366F00F04DF89446364A14667D
:103CD0005566576716676246F0BDC046002B24DB69
:103CE00011D000293EDA00B5C943404200D101316C
:103CF00000F038F8C943404200D10131DB43524261
:103D000000D1013300BD002AEBD1002801D10029E8
:103D100005D00020C90FC90701D1C043410800B533
:103D20000EF09EFD0022002300BD00B500290ADB35
:103D3000DB43524200D1013300F014F8C943404242
:103D400000D1013100BDC943404200D10131DB4304
:103D5000524200D1013300F005F8DB43524200D15A
:103D6000013300BD002923D1002B18D1002A0CD02B
:103D7000BC460D4F38667A6600210023FFE7FFE757
:103D8000FFE77A6F386F67467047002801D0074811
:103D9000010000B50EF064FD0022002300BD02000A
:103DA0000B00002000217047000000D0FFFFFFFF44
:103DB000002B00D0BFE0130C28D1002AE7D080B43C
:103DC000114F39667A66FFE7FFE730B4040C7B6F6A
:103DD000396F1B0423433B667A66FFE7FFE7FFE783
:103DE000C04684B27B6F3D6F1B0423433B667A66FB
:103DF000FFE7FFE7C04600232C042D0C7A6F386FD5
:103E000000196941B0BC7047000000D0F0B594467D
:103E10000025140E01D112020835140F01D1120130
:103E20000435940F01D192000235D40F01D1520014
:103E30000135D40B0134254F7C66254C3C660E0CB5
:103E400093B2FFE7FFE7FFE73C6F6643360C77036B
:103E5000BE467343DF0B5B04C01AB941130C7343B6
:103E6000DB18C91ACE086643360CB64493B27343C6
:103E70001F0F1B01C01AB941130C73431F0B1B0505
:103E8000C01AB941860D8F023E436643360C092D98
:103E900024DB520A7243801A7703460A6643360CC3
:103EA00016235B1BDE40DF40BF1964466643821B5E
:103EB0007046043506330100D940A840C01900D32C
:103EC0000131A24206D20023F0BD0000000000D064
:103ED000FFFFFFFF121B0130F3D3F1E709277F1B20
:103EE000FE406446A2B27243801A00D20139220C0D
:103EF0007243130C1204821A99410B007046043568
:103F000013370100F940A840801900D30131002B7C
:103F100002D1A2420AD2F0BD013000D30131121BFE
:103F2000FAD2013BF8D1A24200D2F0BD013000D359
:103F30000131121BF7E7F0B51C0C00D080E00CB487
:103F400000251C0A04D11B02160E33431202083549
:103F50001C0B04D11B01160F3343120104359C0BBB
:103F600004D19B00960F334392000235DC0B02D143
:103F700092185B4101351C00971864410134464F8B
:103F80007C66464C3C660E0CFFE7FFE7FFE7C04649
:103F90003C6F6643360C7703BE4697B27743C01B2F
:103FA00000D20139C01B00D201399FB27743C91B2F
:103FB000C91B170C77437E04FF0B801BB941CE0849
:103FC0006643360C0C2D33DBB644120B1F053A4307
:103FD0001B0B97B27743C01B00D201399FB27743C6
:103FE000C91B170C77433E043F0C801BB941860D5B
:103FF0008F023E43664329277F1BFE400C3D7746D8
:10400000AF40BF1930BCA2B2ABB272437343801A47
:104010009941220C7243130C1204801A9941020038
:104020000B000137001BA941F9D2781E0021F0BD19
:104030000C277F1BFE4077467F0BAF40FF19E0E760
:1040400000245D1C07D0144F7D663966FFE7FFE74B
:10405000FFE7FFE73C6F95B29EB265436643401BA6
:10406000B141150C1E0C6543664336042F0C3E43CC
:104070002D04401BB141994204D202000B002000E4
:104080000021F0BD01D19042F7D3801A994101344B
:104090009942F2D3F6E70000000000D0FFFFFFFFD7
:1040A00048404140484018B4134B5B68019308BD39
:1040B00018B4114B1B68019308BD94460F4A926FC8
:1040C000920805D2624618B40B4BDB68019308BD19
:1040D0000A4AF0B5146E556E576F166F6246FFF7B9
:1040E000F2FF064A1466556657671667F0BD18B4A6
:1040F000014B9B68019308BD481F0020000000D0C1
:10410000FFB550404240504059404B40594000E0BC
:10411000FFB5154F4C00640D03D0BC4204D10C0315
:1041200014D80020090D09055C00640D03D0BC42C1
:1041300004D11C030AD800221B0D1B0501264B408D
:1041400009D44B4003D58B4200D18242FFBD994236
:10415000FCD19042FFBD0B43DB1803431343F5D062
:10416000C9434918FFBD0000FF07000000B5FFF775
:10417000CFFF804100BDC04600B5FFF7C9FF01D9A0
:10418000002000BD012000BD00B5FFF7B9FF01D937
:10419000002000BD012000BD00B5FFF7B1FF804148
:1041A00000BD012040054A00121804D85A00121818
:1041B00001D80020704701207047002070470000A0
:1041C0000021002805D17047C1174840401AFAD095
:1041D000C90713B5064B1B6898470CBC441CA2408A
:1041E0001005120B0349091B09051943114310BDA2
:1041F000402B00201F04000010B54C00620D8023EE
:10420000D218DB00D21A5B057E2A10DD9E3A13DA43
:10421000CC170903490819435242D14064000134C4
:104220001532202A05DAD0400843604310BD002033
:1042300010BD0846604310BDC80FC018013810BD3E
:1042400018B4024B5B6A019308BD0000481F0020B0
:1042500010B50148FDF746FF982D0110132370B5E6
:104260001D78012D11D035DD1C48FFF787FC1C4C53
:1042700001008022200000F0D7F8022D27D0194835
:10428000FFF774FC184B186070BD184B144C23607A
:104290006360A360E36023616361A361E361236200
:1042A0006362A362E36223636363A363E3632364E0
:1042B0006364A364E36423656365A365E3652366C0
:1042C0006366A366E36623676367A367E367084BD8
:1042D000A364D4E7024C064BA364D0E75344000028
:1042E000481F00204C330000402B0020514200109A
:1042F000F542001007B5604601880A0A0230DF2A3D
:10430000FAD1C9B2820804D302884088000410435D
:1043100000E00068014A5050039007BD481F00208C
:1043200051434343C9188C46110C83B24B4310B41C
:10433000040C614392B280B2504362431C041B0CD4
:10434000001910BC59411304120CC01851416144AA
:104350007047000010B50148FDF7C4FE4C4701103E
:10436000132310B510481C78FFF708FC0100012C3E
:104370000AD003DD80220D4800F056F80C48FFF704
:10438000F5FB0C4B186010BD084C5422200000F0C7
:104390004BF82300084A80332168002900D12260AD
:1043A0000434A342F8D1E9E753460000442B00202F
:1043B0004C330000402B00205543001010B5040082
:1043C0000CF0E0FE002804D0034B04199C4200D8F6
:1043D00010BD0248FDF786FE00000420B02D01103C
:1043E00010B50C000DF0EEF9002804D0034B0419B1
:1043F0009C4200D810BD0248FDF774FE0000042066
:10440000B02D011010B50CF0C7FE10BD01480421FD
:10441000014B1847801500208D3B0010014B1B6895
:104420001847000080150020014B5B68184700000A
:1044300080150020030010B5080011001B68984784
:1044400010BDC046F0B546464F46D646C0B5437C83
:1044500080460E001700002B46D0002A3FDD4B1E81
:104460009946244B0125002400209A460DE04B4636
:104470001B5D0D3B5A425341325DDBB20A2A0BD021
:104480002B00013401359F421ADD002CEFD1434649
:10449000325D1B7C0A2AF3D1002BF1D1A04204DA51
:1044A0004346211A1B6830189847434650461B68FC
:1044B00002219847013428002B0001359F42E4DC9B
:1044C000874204DD4346391A1B6830189847F619AD
:1044D000013E33780D3B5A42534142461374E0BCCF
:1044E000BA46B146A846F0BD0368110030009847AF
:1044F000F5E7C0462C2E0110F0B5C6460C00096841
:10450000060000B5802906D04B1C23606418267174
:1045100080BCB846F0BD0F4B1D68002D16D0231D82
:1045200098460D4F02E0ED68002D0FD02B68002B50
:10453000F9D03B68002B01D0AB42F4D128004146B2
:104540002268FFF77FFFED68002DEFD101230021E6
:10455000DBE7C046042700200C270020F0B55746B3
:104560004E464546DE461C00D023E0B51B061F68BC
:10457000344B83B006000D00180001A991469A46FD
:104580000EF0B6F98046002808D1019B7FB29F4209
:1045900004D050460EF0F4F9012398466B1C03D169
:1045A00030000DF063FB0500002C27D1264F274B70
:1045B0001C68002C18D04B46002B21D1244B994667
:1045C00002E0E468002C0FD02368002BF9D04B46A2
:1045D0001B68002B01D0A342F3D120002A00310038
:1045E000B847E468002CEFD14346002B25D103B037
:1045F000F0BCBB46B246A946A046F0BD154FD6E773
:10460000134B99460A239B4602E0E468002CEBD04A
:104610002368002BF9D04B461B68002B01D0A34226
:10462000F3D12A0031002000B8475A466B462000DB
:104630001A7101A90122B847E7E750460EF008F9C0
:10464000D5E7C046181E002045440010042700206E
:104650000C27002035440010F0B5CE46474680B503
:1046600083B06B46DE1CD02330701B061C681F4BCA
:10467000804601A9180099460EF03AF9071E20D08D
:104680001B4B1C68002C28D01A4D02E0E468002C5B
:104690000FD02368002BF9D02B68002B01D0A34248
:1046A000F4D1200001223100FFF7CCFEE468002C99
:1046B000EFD1002F11D1404603B0C0BCB946B0467F
:1046C000F0BD019B64B29C420BD048460EF058F9F5
:1046D000074B01271C68002CD6D148460EF0B8F8CD
:1046E000E9E7034B1C68002CCED1E4E7181E00203C
:1046F000042700200C27002070B504000DF0B6FA46
:1047000000230100050001222000FFF727FF084BCE
:104710001C68002C06D06368002B05D09847E4681D
:10472000002CF8D1280070BDE468002CF3D1F9E723
:1047300004270020F0B54746D64680B516000F0086
:1047400083B000282DD11C4B1C4D1A685B68019268
:1047500000931B4B9A461B4B984653461C68002CF3
:1047600003D114E0E468002C11D02B68002B01D099
:10477000A342F7D1A368002BF4D03100380098474A
:104780000028EFDD03B0C0BCBA46B046F0BD4346DA
:1047900000995B6A994209D842460198926A82421E
:1047A00002D301204042EDE79942FAD101200021D5
:1047B000FDF7F6F8D1E7C046082B01100C270020C2
:1047C0000427002000400540F0B54F46D646464637
:1047D000C0B501380D00170082B0012842D8D0239F
:1047E0001B061C68214B01A918009A460EF080F8A0
:1047F0008146002808D1019B64B29C4204D05046F7
:104800000EF0BEF801239946B8467B1C03D1280060
:104810000DF02CFA8046164B1C68002C14D0154E57
:1048200002E0E468002C0FD02368002BF9D0336835
:10483000002B01D0A342F4D1200042462900FFF70B
:1048400001FEE468002CEFD14B46002B06D1380066
:1048500002B0E0BCBA46B146A846F0BD50460DF0E5
:10486000F7FFF4E701277F42F1E7C046181E00205A
:10487000042700200C2700200A4A1368002B05D1CA
:104880000CE01A00DB680C32002B07D09842F8D1FC
:10489000002902D1C3681360C16070470029FCD0B1
:1048A0001060FAE704270020F0B54746CE46D02333
:1048B00080B51B061D682E4BA5B007000C00180024
:1048C00003A998460EF014F8061E07D1039B6DB29B
:1048D0009D4203D040460EF053F801368422002159
:1048E00003A8FFF79BFD23003A00224803A9FFF726
:1048F0000DF9039B0700002B14D11F4B1C68002CE3
:1049000006D06368002B0BD09847E468002CF8D1E0
:10491000002E27D1380025B0C0BCB946B046F0BD46
:10492000E468ECE7144B1D689946002D1ED0134C2B
:1049300002E0ED68002D11D02B68002BF9D0236820
:10494000002B01D0AB42F4D1039B28001A0004A92C
:104950000193FFF777FDED68002DEDD14B460395F0
:104960001C68CCE740460DF073FFD3E70395CFE713
:10497000181E0020F9440010042700200C270020F6
:104980000FB400B583B004A901C90191FFF78CFFF2
:1049900003B008BC04B0184710B500F03DF910BDD5
:1049A0007047C0460022014B1A7070477C2C0020D3
:1049B0004B790020FF2B0BD18B79002B08D1CB79C1
:1049C000012B05D1082A03D98A78024B09301A70C5
:1049D0007047C0467C2C00200120704770B500292C
:1049E00015D115495379107909781B02034300202A
:1049F000994200D070BD5378012B0AD0022BF9D117
:104A0000002064220021FDF74FFD0120F2E7012084
:104A1000F0E79478D278050012021443D20502D54B
:104A2000620A93401D000548FFF7A0F87F210300AC
:104A3000214028009847C0467C2C002055420000A9
:104A40000123037000487047302E011048780B781E
:104A50008A7800021843120410439622CB7810B5CE
:104A60001B060343D200934200D010BD0348FFF75A
:104A70007DF80021030008009847C0465542000019
:104A800070B5184C82B006000D00200001A90DF091
:104A90002FFF002808D1D0231B061B68019A9A42D9
:104AA0001CD020000DF06CFF002001F01FFE00283C
:104AB00007D103256D4220000DF0CAFE280002B088
:104AC00070BD002001F02AFE0028F2D02A0031003B
:104AD000002001F02FFE051EEBD0ECE703256D4210
:104AE000ECE7C046482C0020F0B5DE464F4646466F
:104AF000C0B5334B82B081460D00180001A99B461A
:104B00000DF0F6FE002808D1D0231B061B68019A81
:104B10009A424FD058460DF033FF002001F0E6FDD9
:104B200000283FD00024002D41DD264E11E04B46E9
:104B30000020191901F072FE804600F065FE002089
:104B400001F030FEFCF722FF306071604444AC425B
:104B50002DDA002001F07CFE2F1B0200B84200DDA0
:104B60003A00002AE3D100F04FFE002001F01AFEC7
:104B7000002001F0BBFD002819D0002001F068FEE4
:104B80000028E4D1FCF702FF326873680F000021AF
:104B900084460D4812184B419F4208D8D7D19445FE
:104BA000D5D904E000200021064B18605960584612
:104BB0000DF04EFE02B0E0BCBB46B146A846F0BDCB
:104BC000482C0020401F002020A1070010B5044BF6
:104BD0001878FBF7CBFFFA200021800010BDC046FB
:104BE0007D2C002010B5024B1878FBF7BFFF10BDDD
:104BF0007D2C002010B5074C002120000DF078FE20
:104C0000002800D110BD00F0FFFD20000DF020FEB7
:104C1000F8E7C046482C0020F0B5244B85B01B783F
:104C200001F0FEFF2248FDF79BF90120FCF726FA70
:104C3000FF23204C204920701840FBF7BDFF20784F
:104C40000121FBF781FF0520FBF798FF041E0CD024
:104C5000002205201949FBF7D9FF01211848FFF769
:104C60000BFE0124200005B0F0BDFCF77DFC050023
:104C7000FCF78CFEFA2206000F0000239200921926
:104C80007B4199420ED80BD0012102910021019164
:104C90000C4928000091FCF76BFC0028E2D0DCE70F
:104CA0009042F1D901225242D317EDE73853011057
:104CB000482C00207D2C0020F54B0010E54B001007
:104CC00090150020CD4B001000487047E82E0110D1
:104CD00000487047942E011070B5040017480378FF
:104CE000002B21D0002C06D1C1241548154BA4005F
:104CF0004380048070BD052C1DD8134B1048A400C0
:104D0000E558811C002304E001330A800231132B93
:104D10000ED0EA5CDCB2002AF6D1C0230134E4B242
:104D200064009B001C43E4E7112102F00FFAD9E76D
:104D3000CA24A400DDE70020DCE7C046602C002088
:104D4000DC26002009040000FC2E0110F0B5982399
:104D500057464546DE464E466C4AE0B5D758802554
:104D60003C006D02883B9A4683B02C402F420FD006
:104D700001222321664B00205A54DA70654901F064
:104D800073FA8022644B92021A65644B2C009A4697
:104D9000FB0617D480235B011F4245D18023DB0132
:104DA0001F4200D088E080231B021F4200D091E008
:104DB000BC4200D0A5E003B0F0BCBB46B246A94659
:104DC000A046F0BD514B9B6D9846002B27D0524B0F
:104DD00000249B460123994643460126B8461F00FE
:104DE00004E001347600E4B2202C17D03742F8D02A
:104DF0005B469E654B466508A3436D00ED18444B2A
:104E00006D019C466544280000F08AFB00286CD1A7
:104E10000134B743E4B27600002FE5D14746802342
:104E20005B0154461F42B9D01C430023374A00217E
:104E30001360384A3A489360D3603A4A9360D3602B
:104E4000394A9360D360394A9360D360384A93609B
:104E5000D360384A9360D360374A9360D360374A4F
:104E60009360D360364A9360D360364A9360D360D0
:104E7000354A9360D360354A9360D360344A936077
:104E8000D360344A9360D360334A9360D360F02296
:104E90009200FFF7C3FA314B314A00211A6000201B
:104EA000012201F0B7F980221B4B12031A658023FF
:104EB000DB011F4200D176E70122042100201C43C0
:104EC00001F018F91022144B1A6580231B021F42AF
:104ED00000D16DE70122052100201C4301F00AF9F1
:104EE00080220D4B12011A6562E74B46AA8AA97807
:104EF00000200093002301F0DFF9280000F04CFAB5
:104F000086E7210017487940FDF7ECF800001150C2
:104F10001427002000001050003011501000010034
:104F20005427002008001050100010501800105096
:104F30002000105028001050300010503800105041
:104F400040001050480010505000105058001050B1
:104F50006000105068001050700010501C2B002092
:104F600080011050142F011010B501210520FBF70E
:104F7000EBFD10BD10B500220021024800F034FA0C
:104F800010BDC046342700208022024B5202DA6452
:104F90007047C04600201150F0B5C64600B5060067
:104FA00000F0D4F90C23354D0520AB673449FBF7ED
:104FB00003FE40239846334C402200212000FFF797
:104FC0002DFA43460127A383212100232E4A67702F
:104FD000A260136063545F3161844146A187023946
:104FE00063542A4A2A496360E260A1620B60E2626C
:104FF000284A63629360D360274A20009360D3609D
:10500000264A00219360D360254A40309360D360E4
:10501000244A9360D360244A9360D360234A936008
:10502000D360234A9360D360224A9360D360224ABC
:105030009360D360214A9360D360214A9360D36028
:10504000204A9360D360204A9360D3601F4A9360E4
:10505000D360F0229200FFF7E1F91D4B1D4A3000AA
:105060001A6080239B052F64EB6490231A4AEA5050
:10507000FFF78AFF80BCB846F0BDC0460000115063
:105080004D4D0010142700208400105000011050D6
:1050900080001050000010500800105010001050F8
:1050A00018001050200010502800105030001050F0
:1050B0003800105040001050480010505000105060
:1050C00058001050600010506800105070001050D0
:1050D0001C2B00208001105010D001000B785B06C3
:1050E00002D14B78052B00D070478A78014B1A60AB
:1050F000FAE7C04600001150F0B5CE4647460723F8
:1051000080B548798E780A790340C8787F21800776
:1051100031401B02F40913434F00820F944691461D
:105120002A4D3A195201AA18967001266640567007
:10513000604600269383D6709077CA00012C29D050
:1051400023488446880162448446AC4460468260B9
:105150001660002929D01F4AC90090464144416089
:105160003F223F3393434A46022A00D15B001A494B
:105170003F190A687F01D3180B60184BED19534093
:10518000EA604A469006184380231B0618436B6862
:10519000186010E012488446880162448446AC449A
:1051A00060468262166000290AD1002364012D192D
:1051B0006B600C4BEB600120C0BCB946B046F0BD43
:1051C000064AC900904641444162C9E714270020BD
:1051D00084001050040010501C2B002000001050C0
:1051E000800010500001105000231C4A10B593603D
:1051F000D3601B4A00219360D3601A4A1A48936017
:10520000D3601A4A9360D360194A9360D360194AF5
:105210009360D360184A9360D360184A9360D36058
:10522000174A9360D360174A9360D360164A93601D
:10523000D360164A9360D360154A9360D360154AD1
:105240009360D360144A9360D360F0229200FFF71A
:10525000E5F8124B124A1A6010BDC046000010500B
:105260000800105010001050542700201800105053
:1052700020001050280010503000105038001050FE
:10528000400010504800105050001050580010506E
:105290006000105068001050700010501C2B00204F
:1052A0008001105010B57F200C0020404000E40920
:1052B000110000191A00034B4001C01800F094F8C7
:1052C000012010BD142700207F22130010B50B40D1
:1052D0000A420BD0C90980225800401806494001F3
:1052E00040181201002100F05DF810BD02220348B1
:1052F000C909521A8266EEE71427002000201150D7
:105300007F22100010B508400A4200D110BD0023D2
:10531000C909400040180449400108180022034907
:10532000C37000F03FF8F1E714270020FFF7FFFFFC
:105330007F21C309034A9B00014010B59A580248D7
:10534000FCF7D0FEA4150020282F011080220D4B61
:10535000520410B51A600C4B0C491A6010008B688F
:105360009843FBD10A4C9C2200212000FFF756F8FD
:105370008022002152010748FFF750F80923636794
:1053800010BDC04600E0004000F0004000C00040FA
:1053900000001150000010500023037443828382E8
:1053A0008361704710B58368002901D01C682140D3
:1053B000002A11D08024E400114322420CD01A6844
:1053C00022420BD1074A0A401A60FFE7FFE7FFE7D6
:1053D000FFE7FFE7FFE78368196010BD8078FFF7FC
:1053E000A7FFC046FFFBFFFFF0B5C646002300B590
:1053F000838201330374436804001E68838B8161D8
:105400001F1C934200D9171C8025BFB2D21B93B238
:10541000E278ED0063823D43002A02D09025AD0181
:105420003D4301204240E2706278002A51D0002BB7
:105430001DD1A023DB011D43354B1B6C354B334085
:105440008026B6051E436368A2681E6013685B056C
:105450005AD4314B2B401360FFE7FFE7FFE7FFE72C
:10546000FFE7FFE7A3681D6080BCB846F0BD80225F
:1054700052011543264A126C920703D4A278D2092E
:10548000012ADBD1A28B111C9A4200D9191C80275A
:105490008AB2FF009B1A90461743E2789BB2638260
:1054A000002A03D090274146BF010F4301214A4003
:1054B000E2706278002A19D0002B02D18023DB0130
:1054C0001F43164B3F043340A026F6053D431E43C1
:1054D000B9E73A00E068FEF7A7FFA3699C4680237E
:1054E00067441B021D43A761638AA0E7E068424648
:1054F000A1694030FEF798FFA3694344A36180236C
:105500001B021F43638AD7E7A078FFF711FFC0464D
:1055100000001150FFFFFFAFFFFBFFFFFFFFFFDFAA
:10552000F0B5C64600B5067C0400002E00D1D3E0DD
:1055300083681A681D684378AD05AD0D002B51D105
:10554000838AEB189BB28382A18B8D4207D2002302
:10555000638263681B68300080BCB846F0BD626837
:105560001268520002D58D4200D175E0638A002B8B
:10557000F1D062681F1C16688B4200D90F1C802571
:10558000BFB2DB1BE2789BB2ED0063823D43002A91
:1055900002D09025AD013D4301214A40E27062787E
:1055A000002A68D0002B2AD1A023DB011D434F4BDA
:1055B0001B6C4F4B33408026B6051E436368A268C0
:1055C0001E6013685B0500D58DE04A4B2B401360CD
:1055D000FFE7FFE7FFE7FFE7FFE7FFE7A368002636
:1055E0001D60B8E72A00C1688069FEF71DFFA38A25
:1055F000A269EB189BB25219A382A261A4E7802290
:1056000052011543394A126C920703D4A278D20989
:10561000012ACED1A28B111C9A423FD880278AB290
:10562000FF009B1A90461743E2789BB26382002AE0
:105630002FD101214A40E2706278002A3ED0002B2F
:1056400002D18023DB011F432B4B3F043340A026B4
:10565000F6053D431E43B1E7A26815686278AD01C7
:10566000AD0D002A1CD1EB18A3828D4200D37DE73B
:10567000002363826FE73A00A169E068FEF7D4FE79
:10568000A3699C46802367441B021D43A761638A6C
:1056900088E790274146BF010F43CAE7191CBDE7C1
:1056A000E1682A004031A069FEF7BEFEA38AA18B03
:1056B000EB18A382A3695B19A361D6E7E0684246B1
:1056C000A1694030FEF7B0FEA3694344A361802383
:1056D0001B021F43638AB2E77F238178074A084889
:1056E0001940FCF7FFFCA078FFF722FE00001150E4
:1056F000FFFFFFAFFFFBFFFFFFFFFFDFA415002051
:10570000482F0110024B5878431E9841C0B2704791
:105710003C240020024B18784007C00F7047C04659
:105720003C240020014B18787047C046782C00209C
:10573000F8B54746CE4680B5294F05003B78002B8B
:1057400004D00120C0BCB946B046F8BD53220021A8
:105750002448FEF763FE244C2000FCF701FC234B99
:105760001C60234C20001C30FCF716FC200001F0CC
:10577000A1FC204B204E1C60204B9846002B04D0EF
:105780003000FFF75DF91E4B186042460024337865
:10579000002A1DD01B4A9046194A91469C4210D3BC
:1057A0001BD14346984701343378E4B2A342F5D283
:1057B0002800FFF7F1FB2800FFF7D6FB01233B7021
:1057C000BFE74A46630012681B19DB009B58E9E7F4
:1057D00001F04AF83378002BEAD000231B68FFDE83
:1057E000782C00203C240020F4230020902400206A
:1057F000AC15002094240020772C0020414A001092
:105800000421002069680010F0B5DE4657464E4678
:105810004546E0B58BB001F009FA002800D144E11B
:10582000C24BC34E9B4607AC3568EA69EFF3108163
:1058300072B61368002BFCD0BFF35F8F296228007B
:10584000210001F0ABFAEA692B6ABFF35F8F0021F8
:10585000116083F31088002800D126E16378082BBB
:10586000E2D85A469B00D3589F466368002BDBD092
:10587000A0689847D8E77F222179AE4B0A405500AF
:10588000C8095B191B18180001273030C578BD43C3
:10589000C570C5780337BD43C570002A00D10BE140
:1058A000A54ADB7C002A06D0A44A1278934200D293
:1058B00091E19B1ADBB2002B00D0F6E0A04D62799B
:1058C0002078A368A847AFE701229A4F01213B78CF
:1058D000042013433B703323FA5C8A43FA54FA5C86
:1058E0008243FA540133FA5C8A43FA54FA5C8243E5
:1058F000FA54237800209A4600F066FE602223794D
:105900001A40602A0DD0402A00D1F2E0DB06DB0EFF
:10591000012B00D16AE1022B00D121E1002B00D143
:10592000F6E020780021FFF7CFFC80212078FFF7F8
:10593000CBFC79E77F4B1B78DB0700D474E7814B06
:10594000002B00D170E700E000BF6DE7794B1A78BB
:10595000D20700D468E77C4A002A00D164E71878AF
:105960000007C00F00E000BF5EE7744D724A0027D9
:105970002B78002A00D1B6E0744A90469F4208D3A3
:105980009F4200D0B2E00137FFB29F4200D94BE7FF
:10599000F6D2414609687A008C46D219D200624498
:1059A0005269002AEFD02078904701372B78FFB258
:1059B0009F42E3D938E72378604D5F4A9846002735
:1059C0002B78002A00D186E0614A91465F4A9246D0
:1059D0002A0045469046BB425ED800D078E04B4650
:1059E00028009847434601371B78FFB2BB42F2D2EA
:1059F000504D532200212800FEF710FD1022FF21F8
:105A0000E81CFEF70BFD28002022FF211330FEF7D3
:105A100005FD00F0CFFD4F4B002B00D104E700E067
:105A200000BF01E72378454D434A984600272B786D
:105A3000002A47D0464A9146444A92462A004546A3
:105A400090469F421FD343D14B4628009847434678
:105A500001371B78FFB2BB42F3D2364D53220021EF
:105A60002800FEF7DBFC1022FF21E81CFEF7D6FC25
:105A700028002022FF211330FEF7D0FC00F09AFD11
:105A80002379AB70D0E6524612687B009446DB194E
:105A9000DB0063445B68D8E7524612687B0094469B
:105AA000DB19DB0063445B689AE70BB0F0BCBB46D4
:105AB000B246A946A046F0BD62792078A36800F0FE
:105AC00097FDB1E6404600F00DFF2B78002BC4D0C7
:105AD00000235B68FFDE404600F004FF2B78002BBC
:105AE00000D185E7F4E7002B00D19DE600235B6938
:105AF000FFDE1948002800D113E700F065FD002102
:105B0000504608AA00E000BF002800D08CE608E755
:105B1000202A00D19FE0002A00D002E76379092BF8
:105B200000D9FEE60D4A9B00D3589F467C2F0110FA
:105B3000942400203C240020414A0010772C0020AF
:105B4000D96A0010000000000000000004210020BD
:105B5000E56800100000000000000000A02F011008
:105B60007023217A0B4200D0DBE60F330B405B0041
:105B7000F818CD090093C14B4019C07C002B06D00A
:105B8000BF4B1B78984200D288E0C01AC0B20028F0
:105B90007ED1002A00D015E1BA4B01936379984673
:105BA0000223424699469A43012A00D10EE1434618
:105BB000002B00D0B5E6009B06AAFB185D19303516
:105BC000EB7802329B07DB0F13805046022308A9B3
:105BD00000F092FC28E65A00D318AB4ADB001268AA
:105BE000D318002B00D160E71D6968E6237A0F2BDC
:105BF00000D996E6A14AFB18DB78002A05D0A04A16
:105C00001278934264D39B1ADBB2002B00D088E653
:105C10009E489C4D00F0D8FC00215046EB6808AA35
:105C20009847002800D0FFE56022150023791D4029
:105C30001A4200D075E663790A3B012B00D970E661
:105C400000F0C2FC63790A2B00D1EEE0504608A9AF
:105C500000F03AFCE8E5237A0F2B00D961E6874A89
:105C6000FB18DB78002A06D0854A1278934200D2CE
:105C7000D0E09B1ADBB2002B00D052E68348814D66
:105C800000F0A2FC00215046EB6808AA98473BE7C9
:105C9000002A00D045E6002301937FE743009C469D
:105CA000794B60441B68C0009C4603006344019329
:105CB000002A00D172E7002B00D132E6D86800F04C
:105CC00083FC019B00215046DB6808AA98471BE72C
:105CD0006D4A5D00EB181568DB00ED18002D00D152
:105CE0001FE6E86896E7E388012B00D019E6082252
:105CF0003B785046934308A93B7000F0E5FB93E5E1
:105D00000220397806AB9A1C8B068908DB0F01400C
:105D10000B4359E7A37901931A007B789A4207D085
:105D20007B78002B00D01EE1019B002B00D0B3E05C
:105D3000019B504608A97B7000F0C6FB74E57B7898
:105D400006AA023213705046012308A900F0D4FBC2
:105D50006AE5E088030AC0B20F2B00D9E1E54C499F
:105D60009A008A58974608A800F034FC5046A1795A
:105D7000FFF700F902223B7813433B7054E5E388B8
:105D8000012B00D0CDE508223B785046134308A9EB
:105D90003B7000F099FB47E5022B00D194E13D4BAD
:105DA000002B00D1BDE500E000BF0200002A00D1B9
:105DB000B7E5D37891781B020B43504608A900F051
:105DC0009BFBA1E62F4B3148019378E7E288002A3C
:105DD00009D14346012B3DD0009BFB185D1930359E
:105DE000EB789B072AD5019D002D00D11CE5EB68BF
:105DF0001800009300F0E8FBEB68002108AA504669
:105E00009847002000F0E0FB3423FB5CDB0700D563
:105E10000AE51BE71C4A5D00EB181568DB00ED186E
:105E2000002D00D17DE5E8682AE706AB9A1C5046B4
:105E3000012308A9157000F05FFBF5E45046FFF759
:105E400043FA0222EB7813430122EB70EB78134301
:105E5000EB70C8E7009BFB185D193035EB789B07AA
:105E6000C1D55046FFF74CFA4A46EB789343424679
:105E7000EB70EB789343EB70B5E7C046414A0010F6
:105E8000772C00200830011004210020F569001053
:105E9000C82F011000000000581EC0B2FEF718FF06
:105EA000002800D13DE543780493022B00D038E56B
:105EB0000121C3799A115B110A400B4052011B0169
:105EC00013433A782F318A4313433B700923994691
:105ED000C37882781B021343C31881440393039B46
:105EE0004B4500D8E9E04B4601225B7800920B2B32
:105EF00007D14B46DB7800934B461B7899444B46C1
:105F00005B78042B00D00CE54A46039B00259B1AC6
:105F10009BB202936E4A6F4B1B78002A16D162E047
:105F2000AB4271D16C4A6D4B904649465046029A3D
:105F300098478446082802D9029A824269D2654B62
:105F400001351B78EDB2AB4200D2EAE4AB42E7D9AF
:105F5000634A6B0012685B199046DB009844434625
:105F600005929B68E1E75046FFF73EF9BB78594D33
:105F7000574A009300212B78002A2DD0584A90468A
:105F80002A000D0091469D421DD300D0A0E5554B3F
:105F9000504698474B4601351B78EDB2AB42F2D2E2
:105FA000532200213800FEF739FA1022FF21F81C95
:105FB000FEF734FA38002022FF211330FEF72EFAC4
:105FC000009BBB70B0E6424612686B0094465B19BA
:105FD000DB0063445B68DBE7504600F083FC2B7812
:105FE000002BDDD074E5029B49461A0050469846C6
:105FF00000F08EFC8446082801D9404507D9354B6E
:106000001B78002B00D18CE400239B68FFDE324B11
:106010009846009B012B48D0009B002B10D04B468C
:106020009978002305E0D5700133009ADBB29342E2
:1060300006D2CA18D2B2BA18D078FF28F3D070E4CA
:106040003800E0462B0049466246133000F02EFE31
:10605000204BC1441B78AB4200D340E761E4224BA4
:10606000002B00D15DE400E000BF0200A1E6FEF7D6
:106070002BFE1223020008A9504600F03DFA43E52A
:106080001A4B002B00D14CE400E000BF021E00D1EF
:1060900047E45046137808A900F02EFA34E5218928
:1060A000FEF71AFE021EF4D13BE442460B4B926807
:1060B0009A42B4D1049B0093B1E70D4B002B00D161
:1060C00036E600E000BF33E6FEF702FE02006DE6B2
:1060D000414A0010772C002008300110116900108F
:1060E00004210020E568001000000000000000000E
:1060F0000000000030B587B005000C000C22002124
:106100006846FEF78BF96B461D705C70042C4FD00F
:1061100009D8022C34D0032C19D13C4B1A785207E1
:1061200058D407B030BD052C11D1384B1A78D2079E
:10613000F7D504211A788A431A70354B1C68E26936
:10614000EFF3108172B61368002B09D1FBE7304BD7
:106150001C68E269EFF3108172B61368002BFCD063
:10616000BFF35F8F21626946200000F0E5FEE2691F
:10617000236ABFF35F8F0021116083F31088D0E79B
:106180000121224B1A788A431A701A780331A243EC
:106190001A7000225A701A788A431A701C4B1C68B5
:1061A000E269EFF3108172B61368002BD8D1FBE7D8
:1061B000164B1A78D207B4D504211A780A431A70FC
:1061C000134B1C68E269EFF3108172B61368002B61
:1061D000C6D1FBE704211A7803A88A431A7000216C
:1061E0000C22FEF71BF96B466A461D730523537399
:1061F000074B1C68E269EFF3108172B61368002B3D
:10620000FCD0BFF35F8F216203A9ADE73C240020DF
:106210009424002070B584B001AC06000D000C225F
:1062200000212000FEF7FAF8012363700D4B257161
:106230001D682670EA69EFF3108372B611680029B1
:10624000FCD0BFF35F8F2B622100280000F074FEAA
:10625000EA692B6ABFF35F8F0021116083F3108816
:1062600004B070BD94240020002330B585B001AD8A
:106270006B8028700633082202A86B70FEF7D4F8F2
:106280000C4B1C68E269EFF3108372B611680029A9
:10629000FCD0BFF35F8F23622900200000F04CFE8A
:1062A000E269236ABFF35F8F0021116083F31088D6
:1062B00005B030BD94240020F0B5C646804600B538
:1062C00084B001AC0F0016000021082220001D0040
:1062D000FEF7A4F843462370072363700F4B6571E4
:1062E0001D682771A660EA69EFF3108372B6116822
:1062F0000029FCD0BFF35F8F2B622100280000F043
:106300001BFEEA692B6ABFF35F8F0021116083F3E4
:10631000108804B080BCB846F0BDC046942400206C
:10632000F0B54646D6464F468046C0B50C0015002F
:106330001E00002A2ED070239946184B00279A463B
:106340006378052B0FD1E1788907890FB1420AD113
:106350004A46A3781A4206D153462000997800F0A5
:1063600069FC002805D10020E0BCBA46B146A84629
:10637000F0BD21004046FEF7BFFE0028F3D0A37811
:10638000DA09012A08D0089A137023780137E41833
:10639000AF42D5DB0120E7E7099AF5E73C2400206E
:1063A000702270B58B7805000C001A4201D00020D5
:1063B00070BD064B2000997800F03CFC0028F6D018
:1063C00021002800FEF798FEF2E7C0463C2400209A
:1063D00070B57F240C406300144CC909E41864189C
:1063E0003034E378DB07DD0F002B18D1E3785B074F
:1063F00001D5280070BD01210D4E494230680CF0D6
:1064000087FAE378DB07DD0F002B0AD1E3785B071F
:1064100008D40422E37801251343E37002E0002549
:10642000E7E7002530680CF013FAE2E73C2400208F
:106430009024002070B50C0001210F4D49422868BE
:106440000CF066FA7F2121404B000C49E409C91881
:1064500009193031CB780024DB0708D4CB785B07EF
:10646000DC0F002B03DA0422CB789343CB7028682F
:106470000CF0EEF9200070BD902400203C24002098
:1064800070B57F250F4C0D406D0064190600C809DA
:1064900024183034E5780020ED0700D570BD0125C3
:1064A000E0782843E0703000FEF7FCFE0028F5D1CC
:1064B0000122E3789343E370E37803329343E3707C
:1064C000ECE7C0463C24002070B50A4E05003000C1
:1064D00008220C00FDF7A8FF00237F21F36022783B
:1064E000B36091425B412800D90100220023FFF7ED
:1064F000C7FF70BDE0230020F8B5CE464746914661
:106500002A4E80B50822070030000D009846FDF79E
:106510008BFF4B46B3600023F381EC79A979240209
:106520000C43231C444500D943469AB29046B3819C
:10653000002C13D0002A1FD04B46002B34D0131C44
:10654000402A1FD89BB2984633787F2B20D8002151
:10655000174A43463800FFF793FF09E07F222B7864
:1065600038009A42644100230022E101FFF788FFCE
:10657000C0BCB946B046F8BD33787F2B11D9802115
:106580000022E6E740239BB2984633787F2BDED982
:10659000074C424649462000FDF746FF8021220075
:1065A000D7E700210022D4E70020E1E7E023002024
:1065B000FC23002010B5142200210248FDF72EFF15
:1065C00010BDC046E0230020014B18617047C04653
:1065D000E023002010B5054C010008222000FDF743
:1065E00023FF0023A360E36010BDC046E02300202A
:1065F000F8B53B4C1D0023780600DA09C9098A4228
:1066000013D00020002D00D0F8BD364B002B03D056
:1066100021003000FEF762FD2369002B44D02200E8
:106620000221300098470120EEE77F2B06D8A068B2
:10663000002837D02A002C49FDF7F6FEA368E2892E
:1066400059195219E38892B2E281A160934214D0A1
:106650003F2D12D9A589A81A071C80B240282FD82F
:106660002378BFB27F2B2DD80021AA4235D01E4AF5
:106670003B003000FFF704FFC6E72369002B05D07D
:10668000220001213000984700280FD07F220021EE
:10669000237830009A42494100230022C901FFF7C4
:1066A000EFFEB1E70020AFE70120ADE700213000A9
:1066B000FEF70AFE30008021FEF706FE0120A3E768
:1066C0004027CDE7AA4207D0074C3A002000FDF74B
:1066D000ABFE80212200CBE780210022C8E7C04624
:1066E000E0230020DD500010FC23002010B5040042
:1066F000FFF708F8002801D1002010BDFFF70AF8C5
:106700000028F9D1B62080004443034800190379DA
:1067100001201840F1E7C04608210020B6239B0065
:10672000584310B5024B1030C01800F011FB10BDDB
:1067300008210020F0B5B625AD0045432C00C64623
:10674000174F1034E41900B5200092B200F074FB2A
:106750000600200000F014FB3F2803D8300080BC66
:10676000B846F0BD7B190020D9789846FFF730FE77
:106770000028F3D0200000F003FB3F280AD996231D
:106780009B00EA184346D219D97800204023FFF72E
:1067900077FEE3E743460020D978FFF74BFEDDE7BD
:1067A00008210020F8B50400FEF7ACFF002801D155
:1067B0000020F8BDFEF7AEFF0028F9D1B62080001A
:1067C00044432500144E2C35AD19280000F0C0FAC2
:1067D0000028EDD037190020B978FFF7F9FD00281F
:1067E000E6D0A6239B009C466444A41921002800FF
:1067F000402200F021FBB978051E08D003002200DA
:106800000020FFF73DFE0028D2D02800D1E700206D
:10681000FFF710FECCE7C0460821002070B5B62473
:10682000A4004443094B2C34E418050092B2200024
:1068300000F0C0FB0600200000F08AFA3F2801D8D3
:10684000300070BD2800FFF7ADFFF9E708210020F8
:10685000B6239B00584310B5024B2C30C01800F0F3
:106860008FFA10BD08210020B622F0B51B4C83B072
:10687000002120009200FDF7D1FDFF236371184B2A
:1068800080260025E38001270823210020007600D0
:1068900023733200278148310095073B103000F008
:1068A0001BFA2100200049313200FF3101230097FB
:1068B0002C3000F011FA92239B00E6183000FBF711
:1068C0004FFB94239B00A662E61830006562FBF73D
:1068D00047FB2664656403B0F0BDC0460821002074
:1068E00000C2FFFF10B5094C052200212000FDF772
:1068F00095FD20002C34103000F0DCFB200000F06F
:10690000D9FB0121200000F0FBFB10BD0821002075
:10691000F0B54B79060083B0022B02D18B79022BA4
:1069200003D00025280003B0F0BD2F4FBB78002B0B
:10693000F7D18B7809253B700C780C196378242BE0
:106940000BD1082A02D80FE0AA420DD32378E4180D
:10695000ED186378ADB2242BF6D0052B20D0042B94
:1069600002D163790A2B2ED0204C200000F008FAC7
:106970003F28D7D92600103E0020F178FFF728FDE8
:106980000028CFD0200000F0FBF93F2816D9922331
:106990009B00E218F17840230020FFF771FDC1E76A
:1069A00021003000FFF7FCFC0028BAD0A3787B70F0
:1069B0002378ED18E4186378ADB2D0E7F1780020C1
:1069C000FFF738FDAEE70A4B2778019301330093B8
:1069D000022202233000E119FFF7A2FC0028A0D018
:1069E0000E35ED19ADB2BFE70821002018210020B7
:1069F0000A210020F8B56023140012780500134026
:106A00000020202B12D12F4A6379277916781B0298
:106A10003B439E420AD16378222B27D007D8202BF4
:106A200017D0212B02D100293DD00120F8BD232B06
:106A3000FCD100293FD00229F7D1234B002BF4D001
:106A4000E178A37809020020194300E000BF01208B
:106A5000ECE7002927D00229E7D11C4B002BE4D01A
:106A60000020911DFDF7F2FF0120DFE7002922D071
:106A70000229DAD101252E00A378E4780139240215
:106A80001C43147126402C321000714000F038FB7A
:106A90000F4B002BC9D06208002031002A4000E0D3
:106AA00000BF0120C2E7072321002800094AFFF7A1
:106AB00023FD0120BAE721002800FFF705FD012092
:106AC000B4E7C04608210020000000004D4A001035
:106AD000000000000E210020F8B557464E464546FE
:106AE000DE46E0B5494F8046FA780C001E008A4227
:106AF00064D19AB296239B00FD1810239B46BB4499
:106B00002900584600F056FA414BD946002B18D0C0
:106B10007B79D946FF2B14D0002E12D0AA199246A9
:106B200003E0013555450CD07B792A789A42F8D19B
:106B3000484600F01DF90028F3D1797900E000BF44
:106B4000EFE7344B002B04D0484600F011F9002841
:106B500052D0484600F014F93F2834D84A46103A3B
:106B60009378A34207D001242000F0BCBB46B24674
:106B7000A946A046F8BD284B002B02D0002000E01B
:106B800000BF0020FFF70EFE0028ECD1234D2800A7
:106B900000F0DEF80028E6D1002EE4D0B306E2D102
:106BA0002C3D4046A978FFF713FC041EDBD00023E0
:106BB00000224046A978FFF763FCD5E7BB788B42FB
:106BC000D9D00024D0E74D46103D0020E978FFF7EA
:106BD000FFFB002801D1AB78C3E7484600F0D0F8AE
:106BE0003F280CD99222920040230020E9784A44A1
:106BF000FFF746FCAB78B4E700E000BFA9E7002050
:106C0000E978FFF717FCAB78ABE7C0460821002016
:106C100000000000000000000000000034210020FF
:106C200010B50020FEF784FD10BDC04610B5FEF77C
:106C300079FD10BD072210B5447903792240120274
:106C40001A43C3789B079B0F022B05D0032B15D04B
:106C50000020012B08D010BD02291CD000204023A9
:106C600093424041C0B2F6E702394B4259410D4BC5
:106C70009C46614491424041C0B2ECE702394B422C
:106C80005941F023002049429B0019404031914274
:106C90004041C0B2DFE7044B9C46624453425A4134
:106CA000D0B2D8E7FF03000000FEFFFFF0B5002AD6
:106CB00011D000247F274D78052D06D13D008E7818
:106CC00035406D00F6094519AB550D786419A4B22D
:106CD0004919A242EFD8F0BDF0B5C64600B515007F
:106CE00006AA1E001378802204000F0098461202A4
:106CF00095422AD84069002803D0012149420BF06F
:106D000007FEA069002803D0012149420BF000FED4
:106D10004346A5806D00ADB223726B1EA381002394
:106D200060696D42E3812760E680658123820028E7
:106D300001D00BF08DFDA0690124002801D00BF0DB
:106D400087FD200080BCB846F0BD0024F9E7C046AE
:106D5000C189028A8B1A9BB2914202D242899B1A44
:106D60009BB28288101C9A4200D9181C80B27047CE
:106D70000300C0891B8AC01A43425841C0B2704701
:106D800010B5C489018A8388621A92B28C4202D2F9
:106D90004089121A92B2981A80B210BD70B50400E0
:106DA00080690E00002803D0012149420BF0B0FD9C
:106DB000E189228A88B28D1A93B2ADB2914202D291
:106DC0006289AD1AADB2A288AA4207D2904225D2FA
:106DD00061895118411A89B215002182002D02D112
:106DE00022E09B1A9BB29A42FBD9E2882168534366
:106DF0003000C918FDF718FB228A0125531C9BB2ED
:106E00009A4214D9002362899B189BB2A0692382FD
:106E1000002801D00BF01CFD280070BD811AA58947
:106E200089B28D42D8D2D3E70025238A9BB2A289AA
:106E30009A42EBD2E7E7C046F0B54F464646D64603
:106E40000500806988469146C0B5002803D001211D
:106E500049420BF05DFDEA892B8A91B2D61A9CB2A9
:106E6000B6B29A4202D26B89F61AB6B2AF88B7426E
:106E700009D2B94254D26B89FB18CB1A9BB23E009F
:106E80002B822C8AA4B2002E50D04B46B14545D857
:106E90009EB2A74203D8E41BA4B2A742FBD9EB8859
:106EA000381B190099462B6861439C4680B26144A7
:106EB000864225D94B46584383B21A0040469A462B
:106EC000FDF7B2FA4B464046F71BE4195C432968CC
:106ED000A2B25044FDF7A8FA2A8A93199BB29A42AB
:106EE00018D96A899B189BB2A8692B82002801D007
:106EF0000BF0AEFC3000E0BCBA46B146A846F0BD8F
:106F00004A4640467243FDF78FFA2A8A93199BB28C
:106F10009A42E6D8AA899A42E6D2E2E7331CB7E75A
:106F2000CB1BAA899BB29A42A9D2A4E72B8AAA8931
:106F30009BB29A42D8D2D4E7F8B5040040690E005B
:106F4000002803D0012149420BF0E2FCE289218AAA
:106F500095B2531A9BB2914202D962899B1A9BB295
:106F6000A2889A4221D02B00954203D39B1A9BB250
:106F70009A42FBD9E28821685343C8183100FDF7D3
:106F800053FA6B1C9BB29D420BD962899B189BB232
:106F900060690127E381002801D00BF059FC38001B
:106FA000F8BDA2899A42F3D2EFE7277A002FDAD10F
:106FB000F5E7C046F8B545464E46DE465746884694
:106FC000E0B50500161E5AD04069002803D0012103
:106FD00049420BF09DFCEF892B7A298ABFB289B216
:106FE000002B3BD17A1AAB8892B28F4202D26989C8
:106FF000521A92B29A1A111C92B2B24253D8EA882B
:107000008EB29246F21A92B291463C009F4203D34E
:10701000E41AA4B29C42FBD250462A6860439446CC
:107020001B1B9BB2524660449E422AD84146724383
:10703000FDF7FAF9F3199BB29F421CD8AA899A422C
:1070400019D36869EB81002801D00BF001FC3000F6
:10705000F0BCBB46B246A946A046F8BDEA88AB885C
:1070600092469E4221D3F61A56430022B0440F00A6
:107070001E009146C9E76A899B189BB2E1E700268A
:10708000E5E753439BB21A0041469B46FDF7CCF916
:107090002200534641464A445A43286892B2594412
:1070A000FDF7C2F9C6E7311CA9E7F21A92B2914680
:1070B000ABE7C04610B504004069002803D00121A9
:1070C00049420BF025FCA069002803D00121494268
:1070D0000BF01EFC0023E3812382A38860695B0020
:1070E0009BB25A1E5B42A2816381002801D00BF043
:1070F000AFFBA069002801D00BF0AAFB012010BD56
:1071000070B5040040690D00002803D001214942F8
:107110000BF0FEFBA069002803D0012149420BF0CF
:10712000F7FB60692572002801D00BF091FBA06984
:10713000002801D00BF08CFB012070BD10B5024877
:1071400000F0D8F810BDC046382B002030B54B1EDB
:10715000012900D1A7E0664A11780D112C003034C6
:107160009F2900D9A2E00470012B00D1BEE00F21BD
:10717000147821400C003034092900DD98E0447077
:10718000022B00D1B2E054782511290030319F2C18
:1071900000D990E08170032B00D1A7E00F2121409E
:1071A0000C003034092900DD87E0C470042B00D1C5
:1071B0009CE094782511290030319F2C00D97FE084
:1071C0000171052B00D191E00F2121400C003034DA
:1071D000092900DD76E04471062B00D186E0D478E1
:1071E0002511290030319F2C00D96EE08171072BC9
:1071F00000D17BE00F2121400C003034092966DCEE
:10720000C471082B00D171E01479251129003031A7
:107210009F2C5FD80172092B68D00F2121400C00F0
:107220003034092958DC44720A2B5FD05479251177
:10723000290030319F2C52D881720B2B56D00F2150
:1072400021400C00303409294BDCC4720C2B4DD08A
:1072500094792511290030319F2C00D90731017311
:107260000D2B43D00F2121400C003034092901DDC2
:1072700037310C0044730E2B38D0D1790C11220019
:1072800030329F2900D9073282730F2B2ED00F2264
:107290000A4011003731092A01DC30321100C17374
:1072A000102B23D010300023037030BD07345AE771
:1072B00037310C0063E707316CE737310C0074E7B6
:1072C00007317DE737310C0085E707318EE737312D
:1072D0000C0095E707319DE737310C00A3E7073134
:1072E000AAE737310C00C4720C2BB1D1C018DAE711
:1072F000382B002030B5002589B004000922002178
:1073000001A80095FDF78AF80922002105A8049537
:10731000FDF784F84B236A466846137004A90D22D2
:107320000BF08EFA1521082220006944FDF77CF845
:1073300009B030BDF8B557468246384B45465344F0
:107340005A425341802292029446DE464E465B42A8
:107350001B0C334A1B046344E0B51360314A0D0033
:107360003149136018008A6890438146FAD106209B
:10737000FBF734F8804680200221EF0D6E02AB0D42
:10738000AA02400005E0904507D392197B41814253
:107390003FD00C000231002BF5D0802627023F1B86
:1073A000760002E03F1B012E35D039004046B3463F
:1073B000013EFCF735FC8542F4D25946330299462A
:1073C000614353464A461C611B6850465340FF22A6
:1073D0001202134080225201024313600368072007
:1073E0005840CF23034013605246802303209B0163
:1073F00024321A4310605246101D184302230360C2
:107400004046FCF70DFCF0BCBB46B246A946A04680
:10741000F8BD0C00C1E72100D3E7C0460040FCBF27
:1074200000E0004000F0004000C000400020704735
:107430007047C046F0B5CE46474680B583B06B4630
:10744000591D13230B700D3B6B44994601254A4689
:10745000002313702B00C268D02793403F06BB6106
:107460000C4B04000122180098460BF059FA6B46A9
:10747000DE1D32000123494640460BF061FAE36805
:107480009D407D613078E369C01A03B0C0BCB94645
:10749000B046F0BD00C00340F0B5C64600B5036875
:1074A0002A4A1B69040082B093424AD16B46591D97
:1074B00013230B700D3B6B44984601250023424675
:1074C00013702B00C268D02793403F060122BB6196
:1074D0001F480BF025FA6B46DE1D320001234146A2
:1074E0001B480BF02DFAE3689D407D613078E3691D
:1074F000C01A002827D0E36906220133E3616B46F6
:107500000125591D00236A440B7013702B0090460F
:10751000E268D02793403F060122BB610C480BF084
:10752000FFF96B46DE1D32000123414608480BF08F
:1075300007FAE3689D407D61307802B080BCB846B0
:10754000F0BD9847D5E701204042F6E735740010BA
:1075500000C00340F0B5DE4657464E464546E0B50E
:1075600085B002AB5F1D22233B7002AB9E1D01253F
:10757000002333702B000C00C16800928B40D02197
:1075800009068B61814693468846012239003148BD
:107590000BF0C6F902AA9446072363449A463100C9
:1075A000012352462B480BF0CBF94B46DB68414692
:1075B0009D404D615146DC4609782A008C44604666
:1075C0000190FF2803D9FF20411A009101900099F2
:1075D00000291FD001228B469046A3442278D02553
:1075E0003270424680219A402D0639701948390080
:1075F000AA6101220BF094F901235246310015488B
:107600000BF09EF94B464246DB6801349A406A61B2
:107610005C45E3D1A223D0243B70019B2406337048
:107620003900A2610B4801220BF07AF9524601237E
:10763000310008480BF084F94B46DA680123934087
:107640000098636105B0F0BCBB46B246A946A046AF
:10765000F0BDC04600C00340F0B5C64600B50368A3
:10766000434A1B69040082B0934200D07AE06B4623
:10767000591D13230B700D3B6B44984601250023C5
:10768000424613702B00C268D02793403F06012268
:10769000BB6138480BF044F96B46DE1D3200012314
:1076A000414634480BF04CF9E3689D407D613078E9
:1076B000E369C01A002857D001266A460D23002727
:1076C000537133009771E268D02593402D06AB616A
:1076D0006B460122591D27480BF022F96A4669467C
:1076E00001230732063123480BF02AF93300E26800
:1076F000204893406A466B61D27990466A4657713A
:107700009771AB616B460122591D0BF009F96A466E
:10771000694601230732063116480BF011F9330090
:10772000E268694693406A466B61D7798D224A7157
:107730006A4641469171AB616B460122591D0D4865
:107740000BF0EEF86A46694601230A480732063113
:107750000BF0F6F8E36838009E406E6102B080BC22
:10776000B846F0BD9847A5E701204042F6E7C0467D
:107770003574001000C00340F0B5CE46474680B5D2
:1077800085B06B46D9710368374A5B680400934241
:1077900063D16A462223537300239373C268013373
:1077A00099469340D022120693610D236B44190031
:1077B00090460F2701222D480BF0B2F80E216F449E
:1077C00001233A00294869440BF0BAF84B46E268B5
:1077D00000269340424653613D78FF2D1ED16946F5
:1077E0008D73D025A2222D064A73AB610D236B4405
:1077F000190001221D480BF093F80E2101233A00D5
:107800001A4869440BF09CF80123E26893406B61CD
:10781000300005B0C0BCB946B046F0BD6A46684607
:10782000D279802182734246417393610D236B4468
:10783000190001220D480BF073F80E2101233A00C4
:107840000A4869440BF07CF84B46E26801359340E6
:1078500042464E465361EDB2C1E769460122073107
:1078600098470600D4E7C0465575001000C0034095
:10787000F0B54E46DE4645465746E0B501260400C3
:1078800085B0C0688946F9F79FF83300E268D025D3
:10789000934020692D066B626B61431C0FD0F9F792
:1078A00093F8330022690A2093406B62AB61F9F7C9
:1078B0007FFF23690A209E406E61F9F779FFB54981
:1078C000B548FFF737FD01211020F8F7D5FF01215A
:1078D0001220F8F7D1FF01211320F8F7CDFF08207F
:1078E000F9F772F8D02580232D065B006B626B617F
:1078F00002AB5F1D42233B7002AB9E1D0023E2687A
:10790000337001339846934039000122AB61A2489D
:107910000BF006F802AA0123310007329E480BF053
:107920000FF84346E2680021934002AA6B61D279C6
:107930008A46122A07D0504605B0F0BCBB46B24674
:10794000A946A046F0BD6F323A709346013A3270B4
:107950003900AB617F3A90480AF0E2FF02AA0123A6
:10796000310007328C480AF0EBFF4346E26893404F
:107970004A46D1170193C9046B61530BA2611943A5
:10798000D0040023854AFCF78DF986233B70030C55
:107990003370019B814601223900AB617E480AF0B9
:1079A000BFFF02AA0123310007327B480AF0C8FF5B
:1079B0004346E2683900934087226B613A704A4639
:1079C000120A327074480122AB610AF0A9FF02AAC0
:1079D00001233100073270480AF0B2FF4346E268E3
:1079E0003900934088226B613A704A466A48327087
:1079F0000122AB610AF094FF02AA01233100073291
:107A000065480AF09DFF4346E268390093408E22A4
:107A10006B613A705246604832704246AB610AF080
:107A20007FFF02AA0123310007325B480AF088FF7A
:107A30004346E268390093408F226B6191463A7069
:107A40005246554832704246AB610AF069FF02AABD
:107A500001233100073250480AF072FF4346E268C2
:107A6000390093400C226B613A7052464A4832709A
:107A70004246AB610AF054FF02AA012331000732EB
:107A800045480AF05DFF4246E3688C219A406A61EE
:107A90003970032102ABDB793F480B433370390067
:107AA000AA6101220AF03CFF02AA01233100073239
:107AB00039480AF045FF4346E26839009340A62260
:107AC0006B613A70A23A32703348AB61033A0AF004
:107AD00027FF02AA0123310007322F480AF030FFA6
:107AE0004346E26839009340CD226B613A70493ACF
:107AF00032702948AB61833A0AF012FF02AA0123CF
:107B00003100073224480AF01BFF4346E26839007F
:107B100093408B226B613A70603A32701E48AB61C1
:107B20002A3A0AF0FDFE02AA0123310007321A4860
:107B30000AF006FF4346E2683900934089226B61F0
:107B40003A704A4614483270AB618E3A0AF0E8FE49
:107B500002AA0123310007320F480AF0F1FE434622
:107B6000E268390093405A466B610B483A703270B4
:107B7000AB61803A0AF0D4FE02AA01230732310039
:107B800005480AF0DDFE4246E3689A4001236A6137
:107B90009A46D0E6D430000000C003400048E80117
:107BA000F0B5D6464F464646C0B582B06B46012773
:107BB0005D1D9C1D002323709A463B00C268060091
:107BC0009340D022120690462F7089469361290077
:107BD000012277480AF0A4FE6A46012307322100F9
:107BE00073480AF0ADFE3A00F3689A4043465A6182
:107BF0006B46DB79DB439B0700D1B9E012232B7086
:107C000053462370434629009A61694801220AF0CD
:107C100087FE6A4601232100073265480AF090FE7C
:107C20003B00F2689340424653616A46D17908228C
:107C30000A4200D085E081222A702270D0221206EA
:107C4000936190462900012259480AF069FE6A466C
:107C5000012701230732210055480AF071FE3B003D
:107C6000F2689340424653614A46002A00D181E0BF
:107C70001D222A70002222704246290037624C4899
:107C8000936101220AF04CFE6A460123210007326B
:107C900047480AF055FE3A00F3689D219A40434652
:107CA0005A616B4629700121DB790B4323704346EF
:107CB00029009A613E4801220AF032FE6A460123F9
:107CC000210007323A480AF03BFEF36801229F4048
:107CD00043465F618D232B70002323709946D02388
:107CE0001B069F612900324898460AF019FE6A4631
:107CF00001270123210007322D480AF021FE3B0015
:107D0000F2682900934042465361A2222A704A46F3
:107D1000227042462648936101220AF001FE6A461B
:107D200001232100224807320AF00AFEF3680120ED
:107D30009F4043465F6102B0E0BCBA46B146A846E8
:107D4000F0BD2270922142462970194893612900A2
:107D500001220AF0E5FD6A4601230732210014489A
:107D60000AF0EEFD3B00F26893404246536162E741
:107D70000020E0E732621D222A704A462270424605
:107D8000290093610A4801220AF0CAFD6A460123CC
:107D90002100073206480AF0D3FD3A00F3689D211E
:107DA0009A4043465A616B46DB792970BB437DE7B5
:107DB00000C00340F0B5D6464F464646C0B5040065
:107DC00082B000293DD0836A002B00D19BE06B4636
:107DD0005F1DC0233B706B4601259E1D4023337001
:107DE0002B00C26839009340D0221206936191465D
:107DF0004A4801220AF094FD07236B44984631005B
:107E00000123424645480AF09BFD2B00E26893405F
:107E10004A4653618122D0253A702D0602323270D3
:107E20003900AB61823A3D480AF07AFD01234246AF
:107E300031003A480AF084FD0123E26893406B6107
:107E40005AE06B465F1D81233B706B4601259E1DEA
:107E5000832333702B00C26839009340D02212066E
:107E6000914693612D4801220AF05AFD07236B4485
:107E7000984631000123424628480AF061FDE36834
:107E80004A469D40556112229246113A914603E0BE
:107E90000020F9F78DFCE36852463A7000223270F8
:107EA0004A46D0259A402D063900AA611B48012276
:107EB0000AF036FD01234246310018480AF040FD21
:107EC0004B46E268934042466B61117808220A42B1
:107ED000DED092213270397001223900AB610F4837
:107EE0000AF01EFD0123424631000C480AF028FD2D
:107EF0004A46E3689A406A61012002B0E0BCBA4693
:107F0000B146A846F0BD0123C26893406A46571D9A
:107F1000961D07226A4490467CE7C04600C0034095
:107F200010B541624069002905D001220821044BA7
:107F3000F8F7E4FC10BD00220821F8F7B5FCF9E7DA
:107F4000AD83001010B581624069002905D001227F
:107F50000821044BF8F7D2FC10BD00220821F8F7E5
:107F6000A3FCF9E7AD830010F0B5DE464546574661
:107F70004E46E0B583B06B465D1DC0232B706B464B
:107F800001279C1D002323709B463B00C26806000E
:107F90009340D022120693618A469046290001221E
:107FA0004C480AF0BDFC07236B449946210001238D
:107FB0004A4648480AF0C4FC3B00F26893404246F7
:107FC00053615246002A63DD1D222A705A462270F0
:107FD0004246290037623F48936101220AF0A0FC23
:107FE00001234A4621003B480AF0AAFC3A00F36804
:107FF0009D219A4043465A614B46297001211B78C6
:1080000034480B432370434629009A6101220AF049
:1080100087FC01234A4621002E480AF091FC3B00D0
:10802000F268934042465361A2222A70524622705F
:10803000424693612900012226480AF071FC4A4613
:108040002100012323480AF07BFCF36829009F40AC
:1080500043465F6181232B7004332370D0231B06BA
:108060009F6101221B4898460AF05AFC4A460123A8
:10807000210018480AF064FC0123F268934042464C
:10808000536103B0F0BCBB46B246A946A046F0BD62
:108090005A4632621D222A705A46227042462900F0
:1080A00093610C4801220AF03BFC01234A4621005F
:1080B00008480AF045FC3A00F3689D219A4043467F
:1080C0005A614B461B782970BB43237043469A6123
:1080D000B0E7C04600C00340F0B5C64600B582B068
:1080E0006B460622591D012481236A440B701370CC
:1080F00023009046C268D02693400B4F36060500F9
:10810000B361012238000AF00BFC6A4601234146A4
:10811000380007320AF014FCEB689C40746102B02E
:1081200080BCB846F0BDC04600C00340F0B583B087
:108130006A46B323012453714D3B93712300C268F7
:10814000D02693403606B3616B46154F0500591D86
:10815000012238000AF0E4FB6A4669460123380030
:10816000073206310AF0ECFB2300EA6869469340C7
:10817000BB2273614A71A23A8A713800B361183A1E
:1081800005310AF0CDFB6A46694601233800073203
:1081900006310AF0D5FBEB689C40746103B0F0BD7A
:1081A00000C00340F0B583B06A46B3230124537185
:1081B0008C3B93712300C268D02693403606B3618E
:1081C0006B46154F0500591D012238000AF0A8FB27
:1081D0006A46694601233800073206310AF0B0FBCF
:1081E0002300EA6869469340BB2273614A719E3A54
:1081F0008A713800B3611C3A05310AF091FB6A4676
:10820000694601233800073206310AF099FBEB6812
:108210009C40746103B0F0BD00C00340C1600261C6
:1082200043617047F0B5C64600B582B06A46122376
:1082300001265371002393713300C268D025934007
:108240002D06AB616B460400591D012256480AF009
:1082500067FB6A46694601230732063152480AF035
:108260006FFB3300E268504893406A466B61D779F0
:10827000922290466A46414697715171AB616B46B6
:108280000122591D0AF04CFB6A4669460123073258
:10829000063145480AF054FB3300E26841469340FA
:1082A0006A466B6151719771AB616B460122591D32
:1082B0003D480AF035FB6A4669460123073206311C
:1082C00039480AF03DFB3200E3689A402023190048
:1082D0006A6139403B4254D17B0656D5236AE1613D
:1082E000002B59D168461321837141716B46AA61F5
:1082F0000122591D2C480AF013FB6A4669460123E6
:108300000732063128480AF01BFBE3686A469E40A4
:108310006B466E61DF79102353710023D025937172
:108320006B462D06591D0122AE611F480AF0F8FA6E
:108330006A46694601260123073206311A480AF0C7
:10834000FFFA3300E268684693406A468D216B610C
:10835000D27941718271411D0122AB6112480AF04C
:10836000DFFA6A46694601230F48073206310AF0F0
:10837000E7FAE3689E40636A6E61002B01D0380023
:10838000984702B080BCB846F0BD3B07F9D5A36A58
:10839000002BF6D09847F4E7222368464371817199
:1083A0006B46AA610122A4E700C0034010B5F8F7AC
:1083B000FDFA0248FFF736FF10BDC04664200020DA
:1083C00009490A4B083119600949002299600821BE
:1083D000D9600131196102395A6059619A61DA61D3
:1083E0001A625A629A627047283001106420002095
:1083F00000C00340F8B505000F00161E0CD0002485
:1084000002E00134A64207D02B682800395D1B68C2
:1084100098470028F5D126003000F8BDF8B503686C
:108420000E4A5C6805000F684E68944210D1002E19
:108430000CD0002403E00134A64207D02B682800AA
:10844000395D1B6898470028F5D126003000F8BD3B
:1084500032003900A0470600F8E7C046F583001057
:1084600010B503681B68984710BDC046F8B547466D
:10847000CE46050080B50F1E1DD00668080009F025
:10848000F5FB7468104B814680469C4216D100284B
:108490000CD0002403E00134A04507D02E6828004A
:1084A000395D336898470028F5D1A1464846C0BCDD
:1084B000B946B046F8BD00239946F7E702003900F7
:1084C0002800A0478146F1E7F5830010036870B5E6
:1084D0000B4A5D68040095420DD10D211B68984739
:1084E000002807D023680A211B6820009847431EF4
:1084F0009841013070BD02220249A847FAE7C04600
:10850000F583001060300110F0B5D6464F46464660
:10851000C0B50668050073680F1E9A4635D008007E
:1085200009F0A4FB1E4B804699469A4531D10024A0
:10853000002804D10CE001342E68A04506D02800A4
:10854000395D336898470028F5D12E6873689A46DC
:10855000CA4514D10D21280033689847002808D057
:108560002B680A211B6828009847431E9841001970
:10857000441C2000E0BCBA46B146A846F0BD022229
:1085800028000849D0472418F3E7054B00249946F2
:10859000DEE7020039002800D0472E680400D5E746
:1085A000F58300106030011070B5040003681B688B
:1085B000984723680D4A5E680500964210D10D2148
:1085C00020001B689847002808D023680A211B68F0
:1085D00020009847431E98414019451C280070BD53
:1085E000022220000249B0472D18F7E7F58300105A
:1085F00060300110F0B54746CE460D002023002123
:1086000080B58BB0160001AA0700D154012E35D9D0
:1086100009AC05E03033DBB2013C237096420ED842
:1086200028003100FBF7FCFA2A00CBB2050009292B
:10863000F0D93733DBB2013C23709642F0D92000E9
:1086400009F014FB3E68114B7568804681469D42D7
:1086500016D100280CD0002503E00135A94507D02C
:108660003E683800615D336898470028F5D1A84618
:1086700040460BB0C0BCB946B046F0BD0A26C7E7BD
:10868000020021003800A8478046F1E7F58300107A
:1086900070B505000C00002A04D10368C9B21B683C
:1086A000984770BD0A2A0DD100290FDA03682D21E1
:1086B0001B6898470A22060061422800FFF79AFFCC
:1086C0008019EEE7D2B2FFF795FFEAE70A22FFF73B
:1086D00091FFE6E770B50400FFF7DAFF23680E4A62
:1086E0005E680500964210D10D2120001B68984756
:1086F000002808D023680A211B6820009847431EE1
:1087000098414019451C280070BD022220000349F1
:10871000B0472D18F7E7C046F58300106030011010
:1087200070B50400FFF7B4FF23680E4A5E680500C9
:10873000964210D10D2120001B689847002808D0D0
:1087400023680A211B6820009847431E984140195E
:10875000451C280070BD022220000349B0472D1897
:10876000F7E7C046F58300106030011010B5002A0D
:1087700004D10368C9B21B68984710BDD2B2FFF795
:1087800039FFFAE710B5002A04D10368C9B21B68A3
:10879000984710BDD2B2FFF72DFFFAE710B5002AB7
:1087A00003D103681B68984710BDD2B2FFF722FFC0
:1087B000FAE7C04670B50400002A1AD10368C9B2AE
:1087C0001B6898472368124A5E680500964219D1D3
:1087D0000D2120001B689847002808D023680A2133
:1087E0001B6820009847431E98414019451C2800EB
:1087F00070BDD2B2FFF7FEFE2368054A5E68050031
:108800009642E5D0022220000249B0472D18EEE73B
:10881000F58300106030011070B50400002A1AD1F1
:108820000368C9B21B6898472368124A5E6805004E
:10883000964219D10D2120001B689847002808D0C6
:1088400023680A211B6820009847431E984140195D
:10885000451C280070BDD2B2FFF7CCFE2368054A44
:108860005E6805009642E5D0022220000249B0472A
:108870002D18EEE7F58300106030011070B504008C
:10888000002A19D103681B6898472368124A5E685A
:108890000500964219D10D2120001B689847002839
:1088A00008D023680A211B6820009847431E98417E
:1088B0004019451C280070BDD2B2FFF79BFE23680B
:1088C000054A5E6805009642E5D002222000034971
:1088D000B0472D18EEE7C046F58300106030011058
:1088E00070B506000C00002A04D10368C9B21B68E9
:1088F000984770BD0A2A0DD100290FDA03682D218F
:108900001B6898470A22050061423000FFF772FE9B
:108910002818EEE7D2B2FFF76DFEEAE70A22FFF76A
:1089200069FEE6E7F0B5DE464E4645465746E0B5F9
:1089300095B099461EAB1B78834698460192012B51
:1089400000D87BE0190046481F009CB2FBF740F9B5
:1089500080B201230022634301329BB2D2B2834230
:10896000F9D39A464B460292002B6DD00024019D0C
:108970005246002328004946FBF794F983B21A00B7
:10898000039353465343ED1A029B89460190ADB2BF
:10899000002B11D01E19F6B239002800FBF718F988
:1089A00041462B00220085B248430134181AE4B234
:1089B00004AB9854B442EFD14B46002BD7D1019B66
:1089C0005345D4D8039B002B11D04646039D390054
:1089D0002800FBF7FDF801002B0022007143013451
:1089E0005B1A04A985B2E4B28B540028EFD1002CA5
:1089F0001CD0661E04AB35009C465F46654408E00B
:108A000030313800C9B2F6B29847013D002E0DD082
:108A1000013E3B6829781B680929F1D937313800B4
:108A2000C9B2F6B29847013D002EF1D1200015B031
:108A3000F0BCBB46B246A946A046F0BD0A230A24B4
:108A40000A279846074884E7019B534500D98DE7DC
:108A50006B469B8800240393002BB6D1E6E7C04603
:108A6000FFFF000099190000F0B583B01D00089BBE
:108A700006001400002B05D10368D1B21B6898478B
:108A800003B0F0BD0A2B10D1002D0FDA03682D21A1
:108A90001B6898470899070000236242AB413000E9
:108AA0000091FFF73FFF3818EAE7DBB2009322009E
:108AB0002B003000FFF736FFE2E7C04600B583B079
:108AC0000499002905D10368D1B21B68984703B007
:108AD00000BDC9B20091FFF725FFF8E770B582B07D
:108AE0000699040000291BD10368D1B21B6898477E
:108AF0002368134A5E68050096421BD10D212000B1
:108B00001B689847002808D023680A211B682000AA
:108B10009847431E98414019451C280002B070BD7B
:108B2000C9B20091FFF7FEFE2368054A5E680500A2
:108B30009642E3D0022220000249B0472D18ECE70C
:108B4000F583001060300110F0B583B01F00089B62
:108B500004001600002B1BD10368D1B21B68984794
:108B6000050023681D4A5E68964228D10D21200029
:108B70001B689847002808D023680A211B6820003A
:108B80009847431E98414019451C280003B0F0BD8A
:108B90000A2B1AD1002F19DA03682D211B68984778
:108BA000089900237242BB41050000912000FFF7A5
:108BB000B9FE2368094A5E682D189642D6D0022273
:108BC00020000749B0472D18DFE7DBB200933200E1
:108BD0003B002000FFF7A6FE0500C2E7F58300106A
:108BE00060300110F8B54746CE4680B51D00089BA1
:108BF00080461700002B01DA022308933A002B006D
:108C000038002900FBF7CDFA002800D0FCE0012253
:108C10006C006408380021008C4B5242FBF7C1FA0B
:108C2000002809D1012238002100884B5242FBF76D
:108C3000A3FA002800D196E0E02238002900844BF6
:108C40001206FBF7A9FA002800D077E0E0223800EE
:108C50002900804B1206FBF789FA002800D0B8E003
:108C60000022002338002900FBF780FA00240028A6
:108C700000D08DE0089B002B00D19BE00026002057
:108C80007549764B0022FBF718FA0136089BF6B2BD
:108C90009E42F6DB02000B0038002900FBF708FAC1
:108CA0000F000600FBF7CCFA8146FBF789FA0B00B0
:108CB000020039003000FBF7F6F90A2206000F0027
:108CC00040464946FFF796FC43461B6804195A681C
:108CD0009146634A914500D0B2E01B682E21404680
:108CE0009847431E9841089B041999465B4B002204
:108CF00030003900FBF7FBF90F000600FBF7A0FA84
:108D00000A22010005004046FFF774FC24182800E1
:108D1000FBF756FA0B00020039003000FBF7C3F9ED
:108D200001235B429C46E1444B4606000F00002BAA
:108D3000DCD12000C0BCB946B046F8BD43461B6834
:108D4000474A5C6894422FD10024464D04E0013428
:108D5000032CEED043461B684046295D1B689847AC
:108D60000028F4D1E5E743461B683D4A5C6894421D
:108D700044D100243C4D04E00134032CD9D04346B7
:108D80001B684046295D1B6898470028F4D1D0E74E
:108D900043461B682D211B684046984780231B06CD
:108DA0009C460400654465E7032240462D49A047E0
:108DB0000400BEE70022284B38002900FBF778F9B1
:108DC000FBF73EFA0A2201004046FFF713FC241885
:108DD000AFE743461B68224A5C689442E4D1002412
:108DE000204D04E00134032CA3D043461B684046C9
:108DF000295D1B6898470028F4D19AE70322404672
:108E00001949A047040094E743461B68144A5C686C
:108E100094420FD10024154D05E00134032C00D1FC
:108E200087E743461B684046295D1B689847002832
:108E3000F3D17EE7032240460C49A047040078E7BF
:108E4000012240460A49C8474DE7C046FFFFEF7F71
:108E5000FFFFEF41FFFFEFC10000E03F00002440B3
:108E6000F583001068300110643001105C2B011094
:108E7000584B011000B583B004990091FFF7B2FE82
:108E800003B000BD70B5040082B006990091FFF7F1
:108E9000A9FE23680E4A5E680500964211D10D2195
:108EA00020001B689847002808D023680A211B6807
:108EB00020009847431E98414019451C280002B0E5
:108EC00070BD022220000349B0472D18F6E7C046C6
:108ED000F583001060300110002330B5140010221B
:108EE00085B0009301930393036802929D69226801
:108EF0006B46A8476B461A79062300201340062BC1
:108F000002D1009B0130236005B030BD009B981A50
:108F1000431E984104234042984306307047C046A0
:108F200010B50400034B0833036000F069FD200016
:108F300010BDC0469C30011010B50400054B08332D
:108F4000036000F05DFD2000082100F045F82000DE
:108F500010BDC0469C30011070B516001D00069A69
:108F6000049B040093420ED02900200000F04CFD29
:108F7000002806D0079B049A1E711A600123079AE5
:108F80009371002070BD059900F03EFD0028EBD0E4
:108F9000079B5E71F5E7C04670B515001C0000F038
:108FA00033FD002804D00823E360023B25602371D1
:108FB00070BDC046F8B505000C0017001E0000F09B
:108FC00023FD002807D1032E05D823683A00290085
:108FD00020005B699847F8BD10B507F0ABFA10BDEB
:108FE0001EB400F093F81EBC09F07AFCF0B5C6463A
:108FF00000B51E0003780C0082B0472B1DD0002363
:10900000284D01932B6828009B689847012700286A
:1090100003D0019B01371B680193236829001B695A
:109020002000984601AA0123C047002824D1002728
:10903000380002B080BCB846F0BD43784E2BDED17C
:109040008378552BDBD1C378432BD8D10379462BBA
:109050001CD00379432BD2D143792B2BCFD18379E9
:109060002B2BCCD1C379012BC9D808D003005830A1
:10907000203B1D680190C5E7019B3360D8E720388D
:1090800000680300783B1D680190BBE743794F2BD4
:10909000DFD18379522BDCD1C379002BD9D1024D9A
:1090A0000193AFE7E4300110DC30011010B504008B
:1090B00000F078F823002278203B472A05D0826808
:1090C000002A20D18360012010BD62784E2AF6D19B
:1090D000A278552AF3D1E278432AF0D12279432AA3
:1090E000EDD162792B2AEAD1A2792B2AE7D1E27954
:1090F000012AE4D8DA690132DA61012AE3D182680F
:109100009A618360DFE700F0C3FBC04610B500F052
:1091100049F88368002B2ED020229A5C472A04D07D
:10912000002282602033180010BD263A9A5C4E2A35
:10913000F6D12C3A9A5C552AF2D1323A9A5C432AFB
:10914000EED11F3A9A5C432AEAD11E3A9A5C2B2A46
:10915000E6D1053A9A5C2B2AE2D1043A9A5C012ABC
:10916000DED8DA69013ADA61002ADBD19A698260D5
:1091700000229A61D6E700F08BFBC0467047C046DC
:109180007047C04600487047C830011010B5040051
:109190000421FFF721FF200010BDC04600487047A2
:1091A000902000200048704790200020F8B5DE464F
:1091B000454657464E468B46E0B50500502825D01B
:1091C0000F2028400C2800D976E03C4C8000205825
:1091D000874650781678000294780643D0782404A5
:1091E000000634430443101D002C08D070262E4086
:1091F000102E00D193466DB25C44002D0CDB1C6038
:10920000F0BCBB46B246A946A046F8BD03210332D6
:109210008A43100010C8F2E72468F0E75078167807
:10922000000294780643D0782404000634430443B3
:1092300010000830D8E75478107824020443901CBA
:10924000D2E7547816782402344324042414901C62
:10925000CAE77F2190460024002789464646317898
:10926000701C4E460E40BE4034434EB28046073717
:10927000002EF3DB1F2FB7D84906B5D50126BE4017
:1092800076423443B2E7002188467F31170000243C
:1092900089463E00317801378A4649465646314074
:1092A0004646B1400C4307218C4651464EB2380029
:1092B000E044002EEDDB97E707F0F4FC7C31011071
:1092C000020010B50800FF2A15D070231340302B80
:1092D00017D004D8202B07D109F0AAFA03E0402BBD
:1092E0000BD109F025FB10BD202B02D860231342BF
:1092F00001D007F0D7FC0020F5E70020502BF2D07A
:10930000F7E709F0DDFAEEE7F8B505000E00140006
:109310000020002D02D0280009F00AFB2060771CF5
:109320003678FF2E29D160603B78781C2375FF2B9F
:1093300033D01023002500217F26237532000378C7
:1093400001301A408A405BB215430731002BF5DB30
:109350004519E560002500227F26037801306375FA
:10936000310003780130194091405BB20D43073260
:10937000002BF5DB45192561F8BD29003000FFF70A
:109380009FFF3A000100231D3000FFF70FFF070089
:109390003B78781C2375FF2BCBD10023E360D9E702
:1093A000F0B5DE46454657464E460023E0B593B03D
:1093B000089303338B4690460340012B16D0022BB3
:1093C0000FD14146584609F063FA0924002800D11C
:1093D0000824200013B0F0BCBB46B246A946A04604
:1093E000F0BD002B00D190E007F05CFC08231A00D0
:1093F0000240034200D19AE002231A4302920C91E8
:109400000CAD00230C2200214046009509F038FAEB
:10941000404609F0C5FA03900028D2D02A000399EB
:109420004046FFF771FF41460600287DFFF748FFE1
:109430000BABA8600F2200939A4600210023404600
:1094400009F086FA01220B9B9343013B99462B6955
:109450009E4263D27F276C7D00212000FFF730FF02
:109460003200010009AB2000FFF7A0FE6C7D060072
:1094700000212000FFF724FF320001000AAB20008A
:10948000FFF794FE6C7D060000212000FFF718FF17
:109490005346010032002000FFF788FE002400211F
:1094A00003003A001B7801301A408A405BB2060084
:1094B00014430731002BF3DB099A2B68944663446D
:1094C0004B4519D9029BDB072BD5002300240493BD
:1094D00053460D220093002100234046089D09F0C9
:1094E00037FA5B460B9A9C621A62039A0624DA6288
:1094F000049A5D621A636CE70A9A944663444B458A
:109500006FD82B698342A6D8DCE7030700D558E75C
:1095100001230CAD02935B460C9372E7029B1A4247
:10952000D3D10823029A134258D000F0B1F90CAD00
:109530000C6A00230D2200214046009509F008FA2C
:109540000C9B9C4202D002230293E4E75B460C2270
:109550000C93002100234046009509F091F95B46E9
:109560001B6B0493002B39D05B469C6ADB6A039328
:109570000BAB9A460326002C56DB5B460B935346F7
:109580000022002100934046002309F079F9534658
:10959000012200210093404600230B9409F070F94A
:1095A00053460F22002100934046002309F0D0F9D2
:1095B00001230B9A00211340049A404613430B9356
:1095C00053460F220093002309F05AF90724022E74
:1095D00000D0FEE65846FFF769FDFAE6584607F068
:1095E0006FF80B9B002B00D1EBE66A68944663444E
:1095F0000493002C37D1002B00D1E2E6029BDB075D
:1096000000D5DEE60823029A134200D122E10024AD
:109610000226B2E7079B5446AB469846B2464D46F3
:10962000029BDB0700D553E72A0003994046FFF76A
:109630006BFE4146287DFFF743FEE343E9689B004C
:10964000A860C9180B68002B05D0002301339A00CD
:109650008A58002AFAD15A46936204230326D0621C
:109660001363516389E72A69631E9446049A63442D
:10967000002A00D1A5E6002B00D1E0E002990822E3
:109680000800104006900A4200D1CDE059463F3212
:109690000A7007324A7007328A70123ACA7003326F
:1096A0000A7109324A7103328A710022CA7100229A
:1096B000059242467F27A9460792002400211A00FE
:1096C00010783A0002408A400133144342B21D0030
:1096D0000731002AF3DB1F2906D84022024203D0BB
:1096E0003F3A8A4052421443002600213A0018783B
:1096F000013302408A40164342B20731002AF5DBAB
:109700001F2906D84023034203D03F3B8B405B42D6
:109710001E43002C11D013DC5B46002B02D0069BAD
:10972000002B4AD04A46E343D2689B009B58002B4B
:109730002CD0002E6DD0AB19BFE701230593F8E7BD
:109740004B46187DFF2862D007230340022B5BD0D5
:109750002DD9032B2ED0042B00D045E6E200524237
:109760004B46DB6849469C46896853466244FFF78E
:109770001DFD0B99002909D05B46002BD9D0002292
:10978000584608ABFFF732FC0028D2D0079B4D4665
:109790009846029BDB0700D59AE6069B002B00D17A
:1097A000E8E60326002C00DBE7E600F07DF8002B5E
:1097B00000D019E6A2005242D2E7089B0F9A0B9301
:1097C000E34390469B00984443461968002943D0E0
:1097D0005B465246AB46A2461D004446B0461600C4
:1097E00004E061680434002900D113E7330000224B
:1097F00028006118FFF7FAFB0028F2D02B00B246D0
:109800005D4646469B4694E762005242A8E7002226
:10981000A6E7079B9846059B002B00D1D1E5029B4C
:10982000DB0700D5CDE5F2E65A46D1795832012959
:1098300001D008923BE7783A1268089237E7029B1A
:10984000DB0700D5BDE5029A082314001C401A422C
:1098500000D0DCE6022690E6079B4D469846DFE600
:1098600006F0BEFF61E6C04670B5804707F01AFA01
:1098700006F0B6FF07F016FA0D00040006F0EAFF46
:109880006B1C02D1200006F02BFFFFF7A9FBC0469E
:10989000024B10B51868FFF7E7FFC046D41500204B
:1098A00010B58047FFF7F4FF024B10B51868FFF7BB
:1098B000F7FFC046D0150020014B18687047C0461E
:1098C000D4150020014B18687047C046D015002001
:1098D00010B50400034B08330360FFF721FB2000A1
:1098E00010BDC046E431011010B50400054B08332B
:1098F0000360FFF715FB20000C21FFF76DFB200034
:1099000010BDC046E4310110F0B583B01E00089BC5
:1099100005000F00140093420AD0A868089A036853
:1099200000921D6A220033003900A84703B0F0BD41
:10993000310000F069F80028EFD00620F6E7C046B5
:10994000F0B5C64600B50D0084B01900060090467B
:109950001F0000F059F8041E18D10A9B0C9A93427C
:1099600031D00D9AB0682900036803920C9A0292D4
:109970000B9A01920A9A0092DC6942463B00A0478A
:109980000400200004B080BCB846F0BD0D9B0A9ACC
:109990001A6042461A71002D0EDB0A9B00249C4679
:1099A0000C9B65445D1B6B425D4105236D421D4070
:1099B0000D9B01359D71E4E70024AB1CE1D101232F
:1099C0000D9A9371DDE730000B9900F01DF8002827
:1099D000C7D042460D9B5A71D3E7C046F8B5070081
:1099E0000C0015001E00FFF7D7FA002806D1B86852
:1099F0002A00036821009F693300B847F8BDC046BC
:109A00007047C0460020704710B5814211D04068B1
:109A100003782A2B0BD049680B782A3B5A425341D2
:109A2000C91808F0DFF843425841C0B210BD002009
:109A3000FCE70120FAE7C04670B53D4B82B01A78CA
:109A4000002A44D101221A7006F0DEFF002834D02B
:109A50004468002123782A3B5A425341E4180123E9
:109A60005B4200220193200001AB06F0E9FC314D7E
:109A700006002B683022DB6801212F4807F06AFBC3
:109A8000019B002B13D02B682000D96807F084F9C4
:109A90002B680222DB680121284807F05BFB019B51
:109AA000002B02D13000FAF7ADFC06F075FF2B68F1
:109AB0003000D96807F070F9EAE71E4B2D221B68C9
:109AC0000121DB681E4807F045FB07F0EBF8194B56
:109AD0001D221B680121DB681A4807F03BFB07F0D9
:109AE000E1F80C00012919D106F07AFE03689B68A1
:109AF00098472B6806000B222100DB68124807F00C
:109B000029FB2B683000D96807F046F92B680A203A
:109B1000D96807F0CFF806F09DFED6E706F060FEA4
:109B200006F098FED1E706F095FEFFF759FAC04619
:109B3000762C0020D8150020483201107C3201100C
:109B40008032011028320110B0320110042010B50B
:109B500006F05AFD024B034A0349036006F002FF78
:109B600008330110199D0010E432011070B5050092
:109B7000082006F049FD2900040006F0FFFF200040
:109B8000044A054906F0EEFE200006F053FDFFF7FB
:109B900027FAC0466D0A0110EC4C011070B50500A3
:109BA000082006F031FD2900040007F02BF8200002
:109BB000044A054906F0D6FE200006F03BFDFFF7FB
:109BC0000FFAC046AD0A0110F84C01108023086856
:109BD00010B5DB05984210D290420AD9520090424B
:109BE00007D29A4203D3064A18000A6002E0100026
:109BF0000A60013006F018FF10BD0248FFF7CEFFE3
:109C0000FFFFFF3FBC320110F0B54F464646DE462F
:109C1000C0B51F0043680E00891882B08946591AE2
:109C200088460A9904008A1AD21808239B460368BA
:109C3000834401929B453BD08268200001A9FFF735
:109C4000C5FF0500002E05D02168012E2DD0320061
:109C5000FAF7EAFB002F09D00A9B002B06D0A819BF
:109C6000012B27D039000A9AFAF7DEFB4346002B76
:109C70000AD00A9B2168F018434628184944012B52
:109C800010D04246FAF7D0FB2068834501D006F099
:109C900051FC019B2560A36002B0E0BCBB46B1460D
:109CA000A846F0BD0B780370EEE70B780370D1E7A0
:109CB0000F22C2E73B780370D8E7C04670B50400B6
:109CC000230046680068083382B0B518984219D05E
:109CD000A3689D420DD8002A05D08019012A13D00F
:109CE000FAF7A2FB2068002365604355200002B00C
:109CF00070BD0B002000009231000022FFF784FFAE
:109D00002068F0E70F23E4E70B7803702068EAE7A8
:109D100000487047D432011010B50400034B0833DB
:109D20000360FFF72BFA200010BDC046003301107E
:109D300010B50400054B08330360FFF71FFA20003D
:109D40000421FFF749F9200010BDC046003301107F
:109D500070B5040050291CD80F4D8800285887463C
:109D6000002A16D0002B14D06569A069854210DA4C
:109D70002669A800B44600264019800060440135D9
:109D80004660866065610170C260036170BD002A33
:109D9000EAD10020FAE7C04614330110F8B5CE46E8
:109DA000474680B5C56806002C786E2C27D0303C1D
:109DB000E3B2092B2ED800239846174B002799466B
:109DC000013507E04B460A21181B0135F9F700FF62
:109DD000B84212DBBB00DF197F00F5603F192C7819
:109DE000303CE3B2092BEDD94346002B00D07F4233
:109DF0003800C0BCB946B046F8BD0127F7E76B1C78
:109E0000C3606C78303CE2B2092A03D81D000123FC
:109E10009846D2E70027EBE7FFFFFF7F10B504006D
:109E2000002908D1C3681A78002A01D1002010BD8A
:109E30005A1CC260197868290AD07629F6D1200008
:109E4000FFF7ACFFE3681A785F2AEFD10133E360D4
:109E50002000FFF7A3FFE3681A785F2AE6D10133F9
:109E60000120E360E3E7C04610B5C3680A00197833
:109E700052290DD04F2901D0100010BDC16A033105
:109E8000C16220210133C3600023FFF761FFF4E7C3
:109E9000C16A0231C1621F21F4E7C04670B50500F6
:109EA0000C1E15D08E2080211A4E4000C900A368D8
:109EB000012B0DDC2A588A420ADC0133A360237887
:109EC000502B05D89B00F3589F46E468002CEED138
:109ED00070BD2469FAE7A22149006B5801336B5029
:109EE000E1688E26013276002800AA51FFF7D6FFDE
:109EF00028002169FFF7D2FFAB59013BAB51E7E7DF
:109F0000E1680B78052BECD19C2040002B580133E5
:109F10002B50E6E75834011010B5C36804001A78D6
:109F20005F2A09D15A1CC2605A785F2A06D0FFF70F
:109F300035FFC043C00F00E0012010BD0233C360F5
:109F4000FFF72CFF00280ADB0928F5DDE368002075
:109F50001A785F2AF1D10133E3600130EDE7002088
:109F6000EBE7C046002806D108E0002908DD0069BB
:109F70000139002803D003782F2BF6D0002070473A
:109F80000029FBD1C068FAE7F0B514005268C64654
:109F900094464B1CA568634407000E0000B5AB4215
:109FA00015D8E568002D0FD1636820689C46320003
:109FB00060443900FAF738FA236862689B199D54A7
:109FC00063689C466644666080BCB846F0BDE26843
:109FD000002AF9D1002D02D1022B0DD902356D00D6
:109FE000AB42FCD829002068FAF7FAF9804600282D
:109FF00004D02060A560D4E70225F3E72068FAF7D3
:10A0000001FA434623606360A3600123E360DBE75A
:10A0100002780300722A12D0562A10D04B2A0ED092
:10A020000020442A0CD15B78243A190091434F292F
:10A0300005D00122773BDBB29A42404100E001208B
:10A040007047C04680235B00C35870B504000D0004
:10A05000FF2B08D0591C80225200A150E5548223C6
:10A060005B00E55470BD0022C25486235B00C258D9
:10A07000043BFF21C358984794225200A358012162
:10A080000133A3500023E6E78822520003008058E2
:10A09000002814D043681869CB68002B0CDB00281B
:10A0A00006D109E0002B08D00069013B002803D04D
:10A0B00002782F2AF6D000207047C068FCE7012103
:10A0C00008329950F8E7C04670B505000C1E0FD055
:10A0D0000D4E23784C2B0DD89B00F3589F46210042
:10A0E0002800FFF7D1FF002802D003782F2B00D0E3
:10A0F000002070BD2800E168FFF7E6FF0028F8D1D6
:10A100002469002CE5D1F3E79C350110F0B5D64663
:10A110004F4646460500C0B508000C0007F0A6FDF6
:10A1200000282AD00022802392460D32FF32914629
:10A130005B00043A9046EB5827180AE019000133F7
:10A1400080225200AB50013404326E54AE54A74208
:10A1500013D02678FF2BF1D15246EA544B46EA58E9
:10A160004346FF21EB582800984794225200AB58F1
:10A1700000210133AB500123E2E7E0BCBA46B1460F
:10A18000A846F0BD10B5C36804001A78542A23D13C
:10A190005A1CC2605A785F2A20D06E2A1CD0FFF762
:10A1A000FDFD421C18D4E36819785F2914D10133EE
:10A1B000E3606369A1698B420EDA216998008C46DD
:10A1C0000021C018800060440133416081606361F8
:10A1D0000523C260037000E0002010BD023300229E
:10A1E000C360E6E7F0B5D6464F464646C0B588B0F0
:10A1F0000A0005001D4901A8F9F774FC01A807F041
:10A2000035FD00282BD00022802392460D32FF32EC
:10A2100091465B0001AC043A9046EB5827180AE0DF
:10A220001900013380225200AB50013404326E54C5
:10A23000AE54A74213D02678FF2BF1D15246EA54F0
:10A240004B46EA584346FF21EB5828009847942292
:10A250005200AB5800210133AB500123E2E708B0B4
:10A26000E0BCBA46B146A846F0BDC046584401100D
:10A2700070B50400FFF792FD051E46DDE6686368D1
:10A280009B1B98423FDCA2683318E360520702D55B
:10A290001A78242A3BD0092D24DD082230002C49CD
:10A2A00008F0E6FA002806D1337A2E2B34D05F2B43
:10A2B00032D0242B30D06369A269934223DA226919
:10A2C000980094460022C018800060440133426028
:10A2D000826063610023C660436083600370056130
:10A2E000A06270BD6369A26993420CDA226998008A
:10A2F00094460022C01880006044013342608260AE
:10A300006361002EE6D10020EAE70020E9E701338F
:10A31000E360092DC1DCE5E7737A4E2BCBD1E36A0C
:10A32000A26916335D1B6369E5629342EBDA226929
:10A330009800C01894460133636100238000604494
:10A34000436083600370034BC36015230361C7E759
:10A350005C44011068440110F0B5C64600B5C368FE
:10A3600004001A78532A28D15A1CC2605878002851
:10A370000ED09A1CE26058785F2843D00300303B2F
:10A38000DAB20025092A30D90200413A192A2CD91B
:10A390000823A26813401D006A1E9541002B01D1BD
:10A3A000002939D1504B74221900C43100E01A78C9
:10A3B000824238D01C338B42F9D10025280080BC62
:10A3C000B846F0BDEB005B199B001B18303B9D426B
:10A3D000F3D8E2681078002804D0511CE1601078AE
:10A3E0005F2817D01D000300303BDBB2092BE9D9F1
:10A3F0000300413B192BE0D8EA00521993001B18C7
:10A40000373BE4E70023226A9A42D6D9E2699B00EF
:10A410009D58D3E70133F6E7E3681B78433B012BF4
:10A42000C0D80D00BEE75E69002E55D09A69A069BC
:10A4300094466269824254DA27699100B84600273F
:10A4400089188900414401324F608F606261CE609B
:10A45000664618370F700E61A162002D39D0DE6894
:10A460001969E36A5B18E362904238DD236995005D
:10A470009C460023AD18AD0065446B60AB600132B3
:10A48000183362612B70EE602961E3681A78422A02
:10A4900094D1A66A0133E3602000FFF7E9FE2A00A9
:10A4A00003004C212000FFF753FCE36805001A78F5
:10A4B000422AEFD0A662002800D17EE7236A626AB2
:10A4C000934200DB79E7E1699A000133505023623F
:10A4D00074E75E689968C4E7A0696269BDE7002512
:10A4E000D3E70021B8E7C0468C3C0110F0B54F46D9
:10A4F000D6464646C0B58F1805000C00B94252D268
:10A5000080235B009846002399460DE04346EB58B4
:10A51000FF2B35D05A1C41466A50EE5482235B0013
:10A52000EE540134A7423ED926783B1B032BEDDDC8
:10A530005F2EEBD160785F28E8D1A378552BE5D169
:10A54000E31C9A469F42E1D9002253461E7833000D
:10A55000303BD9B2092907D9113B052B03D9330068
:10A56000613B052B24D80A3312019A1801239C461B
:10A57000E2445745E9D14346EB585F26FF2BC9D14A
:10A580004A46EA5486235B00EA58043BEB58FF2115
:10A590002800984794225200AB580133AB50283A18
:10A5A0000023FF3AB7E7E0BCBA46B146A846F0BD83
:10A5B000574522D95F2EDED1FF2AA7D84346EB5854
:10A5C000D4B2FF2B08D041465A1C6A50EC54822367
:10A5D0005B00EC545446A4E74A46EA548622093309
:10A5E0005200EB58AA58FF212800984794225200A5
:10A5F000AB580133AB500023E5E7060086E7C046C1
:10A60000F0B5C64600B5C668040082B03000FFF75A
:10A61000FFFC002828D132781300303BDBB24A2BF4
:10A620001CD8D3499B00CB589F460123256B2000A3
:10A63000236301F023FB2563020000234321200054
:10A64000FFF786FB051E019008D0E3681A78002A00
:10A6500004D05A1CE2601B78452B59D000252800F5
:10A6600002B080BCB846F0BD0022200001A901F074
:10A670006FFD051EF2D0E36820001B78462B1BD02F
:10A68000FFF7BEFF28600028E8D003781F3B012BAE
:10A6900005D8019AC368C2602A6801922B60019DA7
:10A6A000002DDBD0236A626A9342D7DAE1699A000F
:10A6B000013355502362D2E700F02AFC2860E2E71C
:10A6C000613A93009A18AB4B9200D218A169636962
:10A6D0008B4200DB08E3216998008C460021C018FA
:10A6E0008500654401336960A960636127232B708D
:10A6F0005368EA60E26A013694466344E362E660C6
:10A70000ADE7200000F0D6FD05000190002DA5D09A
:10A71000236A626A9342A1DAE1699A0055500133D3
:10A72000019D23629BE773781A00303A092A05D904
:10A730005F2B03D0413B192B00D998E20021200068
:10A74000FFF70AFEE36801901A780500492A00D055
:10A7500085E70133E360200001F0DCFD2A000300FF
:10A7600004212000FFF7F4FA05000190CEE701363E
:10A770002000E660FFF744FF0023020023212000B1
:10A78000FFF7E6FA05000190C0E701362000E66019
:10A79000FFF736FF0023020022212000FFF7D8FA3E
:10A7A00005000190B2E701362000E660FFF728FFC0
:10A7B0000023020024212000FFF7CAFA05000190BF
:10A7C000A4E701362000E660FFF71AFF002302002D
:10A7D00026212000FFF7BCFA0500019096E701361C
:10A7E0002000E660FFF744FD00230200282120003E
:10A7F000FFF7AEFA0500019088E7200000F088FB23
:10A800000500019082E7731CE3607378002B00D190
:10A8100024E7B31CE3607378463BDBB2302B00D9EE
:10A820001CE7554A9B00D3589F4601362000E6603E
:10A83000FFF7E6FE0023020025212000FFF788FA3B
:10A840000500019062E701362000E660FFF710FD89
:10A85000E36801901A780500492A00D1EDE1200053
:10A86000FFF7CEFE21210200019B2000FFF770FAC6
:10A87000050001904AE72000FFF784FCE66801909C
:10A8800033780500492B00D040E7636B002B00D0E4
:10A89000F9E1002800D1E1E6236A626A934200DB15
:10A8A000DCE6E1699A0001335050236232780023DC
:10A8B000493A012A05D801362000E66001F02AFD58
:10A8C00003002A004CE7711CE16073785F2B00D114
:10A8D000B1E1303B092B00D9BCE10B001E00013374
:10A8E000E3601A78303A092AF8D96269A0695F1AD8
:10A8F000824200DBB2E62069950084460020AD1854
:10A90000AD00654401326860A8606261002F00DC20
:10A91000A4E6E96019006860A86028702F61727869
:10A920005F2A00D09AE60131E1602000FFF768FE5F
:10A930002A0003002A212000FFF70AFA05000190EF
:10A94000E4E601362000E660FFF75AFE051E00D15E
:10A9500084E62000FFF754FE031E00D17EE62A00A5
:10A960002B212000FFF7F4F905000190CEE6C04648
:10A97000D0360110B0410110FC3701106369A269A3
:10A98000934200DBB4E122699D0094460022ED1859
:10A99000AD00654401336A60AA6063612C2309211C
:10A9A00001952B70B378303BDBB2994252412A8239
:10A9B000092B03D82000FFF7F1F9019D2000FFF7D4
:10A9C0001FFE019BE860DB68002B00D146E62000FB
:10A9D000FFF7E4F9E2681378002B02D0531CE36020
:10A9E0001378733B5A425341019D6B8237E663698A
:10A9F000A269934200DB31E622699D00ED1894467E
:10AA0000013363610023AD0065446B60AB602B7064
:10AA1000B94BEB600E232B6121E66369A269934277
:10AA200000DB1BE622699D00ED189446013363614B
:10AA30000023AD0065446B60AB602B70AF4BEB60E7
:10AA400004232B610BE66369A269934200DB4BE1AF
:10AA500022699D0094460022ED18AD006544013343
:10AA60006A60AA60636127232B70A54BEB60E36AE1
:10AA70000433E362F3E56369A269934200DB33E1E7
:10AA800022699D0094460022ED18AD006544013313
:10AA90006A60AA60636127232B709A4BEB60E36ABC
:10AAA0000933E362DBE56369A269934200DB1BE1E2
:10AAB00022699D0094460022ED18AD0065440133E3
:10AAC0006A60AA60636127232B708F4BEB60E36A97
:10AAD0000A33E362C3E56369A269934200DB03E1E1
:10AAE00022699D0094460022ED18AD0065440133B3
:10AAF0006A60AA60636127232B70844BEB60E36A72
:10AB00000933E362ABE56369A269934200DBEBE0E2
:10AB100022699D0094460022ED18AD006544013382
:10AB20006A60AA60636127232B70794BEB60E36A4C
:10AB30000833E36293E52000FFF762FD0023020083
:10AB40004B212000FFF704F905000190DEE5636961
:10AB5000A269934200DBC7E022699D00944600226F
:10AB6000ED18AD00654401336A60AA606361272374
:10AB70002B70684BEB60E36A1133E3626FE5636946
:10AB8000A269934200DBAFE022699D009446002257
:10AB9000ED18AD00654401336A60AA606361272344
:10ABA0002B705D4BEB60E36A0833E36257E5B378E3
:10ABB0005F2B00D18BE06369A269934200DB4DE516
:10ABC00022699D0094460022ED18AD0065440133D2
:10ABD0006A60AA606361422320002B70FFF7DEF8F1
:10ABE000E860E3681A785F2A00D037E50133E36054
:10ABF0002000FFF705FD2A0003002D212000FFF7AC
:10AC0000A7F80500019081E56369A26993426BDAB8
:10AC100022699D0094460022ED18AD006544013381
:10AC20006A60AA60636127232B703C4BEB60E36A88
:10AC30000733E36213E5002575E60133E360200086
:10AC400001F068FB2A00030004212000FFF780F8D0
:10AC5000019004E60123266B2000236301F00EF827
:10AC60002663051E00D1F9E4E1680A7858E6200061
:10AC700000F020FB051E019000D1EFE40378182BB3
:10AC800000D045E5EBE4636920009846731CE3605F
:10AC9000276AE56A01F03EFBE3681B78492B06D082
:10ACA0004346E562E660019D636127622EE5019AF5
:10ACB000002A00D1D2E4236A616A8B4200DBCDE432
:10ACC000E569990001334A512362030048E50336E0
:10ACD0005E3BE6602000266B236300F0CFFF266317
:10ACE000051E00D07DE7B9E400230193DB68FFDE99
:10ACF00000231B70FFDEC046884401108044011011
:10AD0000F4430110B8430110E0430110CC4301109B
:10AD10001C44011044440110304401100844011047
:10AD2000F0B5C64600B5C36880461E78002E1DD11A
:10AD300000239C4645250021414F6A1AD30F9B18DA
:10AD40005B105B181A01BA1814682078B04207D05B
:10AD50000AD91D00A942F0D1002080BCB846F0BD40
:10AD60006078604536D0F4D8591CF3E75A1CC260AD
:10AD70005A781E789446002A02D1762EDAD0D7E788
:10AD80009A1CC2605B789C46762E3AD11D00303DFD
:10AD9000EBB2092BCED8FFF76BFA434641465B690D
:10ADA000896902008B42D7DA4146096944468C46DC
:10ADB00000219800C0188000604401334160816028
:10ADC0006361002AC8D03323416081600370C5608D
:10ADD0000261C2E7434641465B6989698B42BBDA3F
:10ADE0004146096998008C460021C01880006044E3
:10ADF00041608160414601334B613223C260037080
:10AE0000ABE7632E96D1762B00D093E7026B456BB0
:10AE1000534253414363FFF7F3FB43465B6B02002E
:10AE2000002B07D0002335214046FEF791FF434613
:10AE30005D6392E7002334214046FEF789FFF6E781
:10AE4000503D0110002330B5C26883B001931378E0
:10AE5000040001AD002B15D125E04F2B18D02000A8
:10AE6000FFF7CEFB021E1ED000232E212000FEF78E
:10AE70006FFF2860002816D0E268103013780500B4
:10AE8000002B08D0452B06D02E2B04D0522BE4D11A
:10AE90005378452BE3D10198002804D00369002B97
:10AEA00003D003B030BD0020FBE7C268117827292A
:10AEB000F7D1D268117C0929F3D15268E16A8A1A64
:10AEC000E262C360EDE7C04670B5C36804001A785B
:10AED0004A2A19D000290FD02000FFF791FB051E48
:10AEE00010D02000FFF7AEFF031E0BD02A0029214F
:10AEF0002000FEF72DFF70BD2000FFF7A3FF002507
:10AF0000031EF3D10020F6E70133C360E4E7C04637
:10AF1000836810B504005B030DD48023826B1B0192
:10AF20009A420CD8531C8363C368002019784629C1
:10AF300007D0A26304E0C3681A78462A01D0002033
:10AF400010BD5A1CE2605A78592A01D10233E360DD
:10AF500001212000FFF7B8FF01002000FEF784FF69
:10AF6000E3681A78452A07D00020A3685B03E7D47A
:10AF7000A36B5A1EA263E3E70133E360F5E7C04623
:10AF8000F0B5C64600B5C36804001A781100303920
:10AF9000092961D911006139192912D86F2A00D104
:10AFA000A3E02000FFF7BCFE061E02D00378322B80
:10AFB0006CD0E3681978422955D0300080BCB8467F
:10AFC000F0BD11004339012900D895E04C2A7ED00C
:10AFD000552A00D087E05A786C2A00D1E0E0742A24
:10AFE00000D080E05A1CC2605978742900D0A4E0D7
:10AFF0009A1CC2609A785F2A00D14DE16E2A72D005
:10B00000FEF7CCFEE3681978421C00D593E05F2977
:10B0100000D090E00133E3606369A1698B4200DBFB
:10B0200022E121699E008C460021F618B600664494
:10B0300001337160B160636148233370F260236A49
:10B04000626A934200DB0FE1E1699A0001335650D6
:10B050002362E3681978AEE7FFF70AF9E3680600B0
:10B0600019784229A9D1A56A0133E3602000FFF7CE
:10B07000FFF8320003004C212000FEF769FEE36870
:10B08000060019784229EFD0A56296E7C268E36A04
:10B09000916807338C466344E36213681A786C2A1C
:10B0A00000D086E75A78692A00D082E79B78002B87
:10B0B00000D07EE72000FFF7DBF8320003003721E5
:10B0C0002000FEF745FEE3680600197873E70133B8
:10B0D000C360FFF7CDF8061E05D02000FEF71CFF69
:10B0E000002800D065E7002667E75A786E2A00D06E
:10B0F00057E70233C36054E7856A002D04D02978EE
:10B1000000290DD018290BD0432A00D188E05978A6
:10B110003039C9B2052940D86548890041588F4661
:10B120002969E26A8C466244E26219780A0043297E
:10B1300076D04429EBD000263DE7130000263AE7FD
:10B14000012294466269A1699F1CE7608A4200DB84
:10B150009EE02169900088460021801886004644C0
:10B1600001327160B1606261002D00D190E008226F
:10B17000327062467160B1603273356199783B001C
:10B1800019E703229446DDE705229446DAE7042214
:10B190009446D7E702229446D4E7110000260AE736
:10B1A0005A1CC26059786C29C7D10233C360FFF7BB
:10B1B00049FEE368050019780028BCD04529BAD1BA
:10B1C0005A1CE2605A785F2A6AD06E2A8BD020001F
:10B1D000FEF7E4FDE3681978471CACD45F29AAD1D7
:10B1E0000133E3606269A1698A423EDA216996000F
:10B1F0008C460021B618B600664401327160B16019
:10B20000626146223270226A616AF56037618A4261
:10B210002BDAE069910001320E5022621978CAE6F9
:10B220005A78492A24D011003139042900D95AE723
:10B23000303A0233D7B2E3606369A269934213DA0A
:10B240002269980094460022C018860066440133A3
:10B250007260B2606361002D06D007237260B26035
:10B26000337037733561A4E6E36800261978A2E6E7
:10B27000581CE0609A7811003139042914D803333E
:10B28000303A2000E360D7B2FFF7BAF9A56AD3E7F6
:10B29000997800263B008EE603330022C360BBE6AC
:10B2A00002330027E3609DE759780026030082E619
:10B2B000C0380110F0B5D6464F464646C0B5C26804
:10B2C0000400137882B0552B59D01DD84E2B00D1D5
:10B2D000D0E0532B5DD15378742B00D172E0002164
:10B2E000FFF73AF8E26805001378492B4AD101329A
:10B2F0002000E26001F00EF803002A000421200083
:10B30000FEF726FD05003DE05A2B42D1531CC360D9
:10B310005378472B02D0542B00D0F6E0200000F0E9
:10B3200023FA0500002D00D1A2E0E3681A78452A2F
:10B3300000D09DE05A1CE2605A78732A00D15DE18A
:10B34000642A00D1E6E02000FFF7B4FF061E0AD011
:10B35000FD220378463B134205D02000FEF7DCFDBA
:10B36000002800D184E02B78032B00D13EE12A0095
:10B37000330002212000FEF7EBFC050002E0FFF79E
:10B38000FFFD0500280002B0E0BCBA46B146A84661
:10B39000F0BD2000FFF7F4FDE26805001378492BAB
:10B3A000F0D1002864D0236A616A8B4260DAE069D8
:10B3B000990001330D502362117800234939012986
:10B3C00095D99AE70232C26043698269934200DBF1
:10B3D00031E102699D00ED18944601334361002379
:10B3E000AD0065446B60AB602B70A04BEB6003233A
:10B3F0002B612000FFF7C4FD2A000300012120007B
:10B40000FEF7A6FCE36AE2680333E3621378050003
:10B41000492BB7D100282BD0236A616A8B4227DAE7
:10B42000E069990001330D502362117800234939F6
:10B43000012900D961E75AE720225B782000934375
:10B44000542B5ED0FFF79CFD0500002F3AD0012160
:10B450002B003A002000FEF77BFC0500532E31D173
:10B460002F00E3681E78002E19D100234246136096
:10B47000002587E70132C26001A9012200F068FEC1
:10B4800080460028F4D000212000FEF7EDFCE368A0
:10B4900081461E78002EE8D0012200279246442ED5
:10B4A000CAD03200303AD2B21C2A6BD93200613A8B
:10B4B000192A69D82000FFF763FD0500002FC6D1C7
:10B4C000CCE70500E3681E78452E0CD0002DCCD0CB
:10B4D000226A616A8A42C8DAE069910001320D503D
:10B4E0002F002262BEE715226149D14052468A43AD
:10B4F00058D12000FFF744FD002DE2D02F000500B9
:10B50000A5E7FFF77DF805009FE7002100F0B4F8FC
:10B51000050007E79A1CE2609A785F2A00D198E05C
:10B520006E2AA5D02000FEF739FC013080469FD45A
:10B53000E3681A785F2A9BD10133E3602000FFF7AC
:10B54000B9FE071E09D0FD223B78463B134204D0CA
:10B550002000FEF7E1FC00288AD06369A2699342CB
:10B560007CDA22699E0094460022F618B6006644F2
:10B5700001337260B2606361472333704346F76002
:10B580003361F0E63D00AFE73D00552EB1D0532EBC
:10B5900008D101212000FEF7DFFE0500002F00D0BA
:10B5A00055E75DE7492E48D0542E59D0452E09D095
:10B5B0004D2E00D059E7002D00D156E701332F0062
:10B5C000E3604FE743461D60002D00D150E74B4636
:10B5D000002B02D0019A0193DA60E3681A78452AB9
:10B5E00000D045E70133019DE360CBE62B691A7873
:10B5F000292A00D0BBE60022DA60B8E60233200038
:10B60000E360FEF789FC002800D131E76369A26995
:10B61000934223DA22699E00F6189446013363614F
:10B620000023B60066447360B3603370114BF3605F
:10B630000E23336197E60025DBE6002D00D114E7E9
:10B6400001332000E36000F065FE2F0004210500B7
:10B65000FEE60333E360002398466FE7002682E6A8
:10B660002000FEF78FFD2F000500EEE6A844011034
:10B67000FF0308109844011070B505000E00FFF795
:10B6800019FE041E48D0002E18D0AB68DB0715D475
:10B6900023784D2B37D033D81A001C3A042A32D9DC
:10B6A000022B09D12269002A36D013784D2B2FD0D6
:10B6B0002BD81C3B042B2BD9200070BDEB681B78CA
:10B6C000002BF9D0452BF7D022001378042B32D071
:10B6D00024D8022B02D11269002AF6D100212800B9
:10B6E000FFF7F2FB031E17D0002E02D12278022AA8
:10B6F00035D0220003212800FEF72AFB0400DBE7F7
:10B700004F3B012BD8D8E468C2E74F3B012BD3D87D
:10B71000D2682261002AC8D10024CDE74D2B03D086
:10B7200004D94F3B012BD9D8D268D5E71C3B042B59
:10B73000D4D8D268D0E7D368002B0AD0197808296A
:10B7400009D80629CAD80139012902D81B69002B5A
:10B75000F4D10121C3E735394B1E9941BFE7027887
:10B76000292AC6D1C660C4E7F8B5C16ACE464746A5
:10B770000B0080B51433C362C36804001A78542ADE
:10B780005BD0472A65D15A1CC2605A78002A60D023
:10B790009A1CC2605A78542A00D19EE05ED9562A7B
:10B7A00000D191E0722A54D1FEF7F8FA012850DD59
:10B7B000E3681A78002A4CD05D1CE5601B785F2B8B
:10B7C00047D11E3B002200279846461E2B78002BAF
:10B7D0003FD0242B00D074E16B78532B00D196E13D
:10B7E0005F2B00D191E1242B33D124206169A3691F
:10B7F000994200DB93E125698B00AC465B189B0006
:10B80000634401315F609F60616141461970E16886
:10B81000D8608D1CE560023E002A00D173E1402112
:10B820002000FEF795FA021E13D0002ECEDC002376
:10B830003F212000FEF78CFA0CE05A1CC2605A78B7
:10B84000002A06D09A1CC2605B78413BDBB2352BE4
:10B8500027D90020C0BCB946B046F8BD412A24D043
:10B86000522AF6D1FFF726FD6369A26906009342CA
:10B8700051DA22699D0094460022ED18AD0065441E
:10B8800001336A60AA606361422320002B70FEF7D7
:10B8900085FAE8602B00320016212000FEF758FAE6
:10B8A000D8E7AE4A9B00D3589F469B78472B01D0E0
:10B8B000542B2BD12000FFF757FF02000023172144
:10B8C0002000FEF745FAC5E7FFF7F4FC002302006D
:10B8D00013212000FEF73CFABCE79A78002A00D139
:10B8E00017E1DA1CC2609A78DB786E2A15D0472BF4
:10B8F00002D0542B00D00CE12000FFF735FF0200EE
:10B90000002349212000FEF723FAA3E70021FFF7D7
:10B91000B3FE0200D2E70025BCE7472B00D112E1BD
:10B92000542B00D10FE10021FFF7A6FE02000023F7
:10B930004A212000FEF70CFA8CE77621FEF76EFA1A
:10B94000002800D185E7E3681B78472B00D1F0E0A1
:10B95000542B00D1EDE000212000FFF78DFE020006
:10B96000002310212000FEF7F3F973E76821FEF7AA
:10B9700055FA002800D16CE7E3681B78472B00D10B
:10B98000DCE0542B00D1D9E000212000FFF774FE49
:10B99000020000230F212000FEF7DAF95AE7002108
:10B9A000FEF73CFA002800D153E700212000FEF703
:10B9B00035FA002800D14CE7E3681B78472B00D10B
:10B9C000C6E0542B00D1C3E000212000FFF754FE55
:10B9D0000200002311212000FEF7BAF93AE7FFF731
:10B9E00069FC0023020015212000FEF7B1F931E7C0
:10B9F000FEF706FE05002000FEF7D0F9002800DA69
:10BA000027E7E26813785F2B00D022E70132E2607B
:10BA10002000FEF7F5FDE36A02000533E3620B2127
:10BA20002B002000FEF794F914E700F049FC0023F6
:10BA3000020030212000FEF78BF90BE7FEF7E0FD56
:10BA40000023020012212000FEF782F902E7FEF730
:10BA5000D7FD002302000C212000FEF779F9F9E65A
:10BA6000FFF728FC0023020014212000FEF770F9E4
:10BA7000F0E6FEF7C5FD002302000E212000FEF7D0
:10BA800067F9E7E60A31C162FEF7BAFD002302005A
:10BA90000A212000FEF75CF9DCE6FEF7B1FD002389
:10BAA00002000D212000FEF753F9D3E60F31C162E9
:10BAB000FEF7A6FD0023020009212000FEF748F949
:10BAC000C8E6002104E06B5C002B04D0242B02D0DC
:10BAD0000131B142F7DB6069A369984223DA830040
:10BAE0001B189B009946236901309C464B466344D2
:10BAF00060611F70E068DD6045185F609F601961DC
:10BB0000761AE56088E61A008FE62E206EE62F2072
:10BB10006CE600212000FFF7AFFD0200F0E6E368CD
:10BB20000233E36095E6E36800209C466144E160EF
:10BB300090E62000FFF718FE020011E72000FFF753
:10BB400013FE020025E72000FFF70EFE0200EEE6DE
:10BB50002000FFF709FE02003BE7C046D83801107D
:10BB6000F8B5C268040013784C2B32D1531CC36063
:10BB700051785F2953D05A2912D15A1CE2605B7860
:10BB8000472B45D0542B43D000212000FFF774FDF4
:10BB90000500E3681A78452A1BD10133E36019E0F8
:10BBA000FEF72EFD051E14D00378272B14D0E6686F
:10BBB0003D2132786E2A25D0452A58D0731C06E0E4
:10BBC000E360180001335A1E1278452A2ED0002A4D
:10BBD000F6D100252800F8BDC3681A7C002A03D0DE
:10BBE000E26A5968521AE2621868234905F0FAFFBE
:10BBF0000028DCD1E6683278452A3AD06E2A01D096
:10BC00003D21DBE7731CE36072783E211E00D3E721
:10BC10002000FFF7A9FDE36805001A78BBE7931C35
:10BC2000C360927800255A2AB5D1A6E7801B6269C5
:10BC3000A3699A4219DA27699300BC4600279B182A
:10BC40009B00634401325F609F60626100280CDDED
:10BC50005F609F601F70DE6018612A002000FEF7A1
:10BC600077F8E36805001A7895E70023F5E70020E8
:10BC7000DDE70136E660ADE7AC440110F8B5C26817
:10BC8000040013784C2B00D1CFE0542B00D1D0E02E
:10BC9000732B00D16CE0662B3BD019003039092999
:10BCA0000CD82000FFF76CF9051E00D1BBE0E3685B
:10BCB0001A78492A00D1C0E02800F8BD6F2B68D05F
:10BCC000692B00D0C6E053786C2B00D1E6E0200051
:10BCD000FFF726F8051E00D1A5E00378322B5ED0D1
:10BCE000342B00D1BAE100D99DE0332B00D09AE08B
:10BCF000C368022B00D196E000DD94E0002B00D059
:10BD000005E12A00002336212000FEF721F8050076
:10BD1000D2E75378702BDAD1931CC3609378542BFD
:10BD200000D121E15F2B00D1EDE06E2B7BD0FEF73F
:10BD300035F8411C77D4E3681A785F2A73D1013350
:10BD4000E360C54B821C99426DD06369A1698B4247
:10BD500069DA216998008C460021C0188500654485
:10BD600001336960A96063610623EA602B70A3E771
:10BD70005378722B7DD0702BA9D10232C260FFF7AD
:10BD80007DFF002302004B212000FDF7E1FF0500AD
:10BD900092E753786E2B9AD10232C26081E7E16A52
:10BDA000C2688C4693681668023B6344E36233784A
:10BDB000732B00D187E0D768012F00D1AEE02FDDD3
:10BDC000022F00D1D9E0032F2DD1712B00D0FEE03E
:10BDD0007378752B00D0FAE0B378002B00D0F6E032
:10BDE0002000FFF74BFF06002000FFF747FF07008A
:10BDF0002000FFF743FF031E15D03A003C2120002E
:10BE0000FDF7A6FF320003003B212000FDF7A0FF55
:10BE10002A0003003A212000FDF79AFF05004BE7B6
:10BE2000002F00D16DE7002546E7FFF799FE0500DA
:10BE300042E7FEF7A7F905003EE70133E360200083
:10BE400000F068FA2A00030004212000FDF780FFBB
:10BE5000050031E7742B00D039E753786C2B00D004
:10BE600035E70232E2602000FEF7CAFBE268050017
:10BE700017E00232C260FEF7C3FB05002000FFF7A7
:10BE80007FF8E36806001A78492A2FD003002A00B9
:10BE900001212000FDF75CFF05000DE700250232BF
:10BEA000E2601378002BBED05378002BBBD0452125
:10BEB000200000F015F92A00030031212000FDF7D1
:10BEC00047FF0500F8E67178742900D073E7B17870
:10BED000002900D06FE72000FEF792FB03002A0044
:10BEE00037212000FDF734FF0500E5E60133E3606C
:10BEF000200000F00FFA3200030004212000FDF7BB
:10BF000027FF0300C3E70332C26001221DE7012BB4
:10BF100089D12000FFF7B2FE0300E0E73278702AF3
:10BF200016D06D2A14D00027732B21D17378502B93
:10BF30001ED1B378002B1BD1200000F0EBF90300D9
:10BF4000002FCCD01A0039212000FDF701FFC5E7F2
:10BF500071789142E7D1E26811785F29E4D101322A
:10BF6000E26000273378DFE70332C2600022ECE6AC
:10BF70002000FFF783FE0300E2E7EB681B685A78B6
:10BF8000632A00D17EE03378662B00D188E0200060
:10BF9000FFF774FE07003378632B3FD172786C2A69
:10BFA0003CD1B278002A39D14521200000F098F820
:10BFB000060033003A0039212000FDF7C9FE2A00AF
:10BFC000030038212000FDF7C3FE050074E6337836
:10BFD000662B71D06E2B00D025E77378772B02D0BB
:10BFE000612B00D01FE75F21200000F079F80600E8
:10BFF0002000FEF705FBE36807001A78452A6BD09E
:10C00000702A5DD0692A00D00DE75B786C2B00D0D8
:10C0100009E72000FFF732FE0300EEE6642B2AD189
:10C020007278742A27D1B278002A24D12000FEF732
:10C03000A7FFE36806001A78492ABAD10133E36002
:10C04000200000F067F93200030004212000FDF712
:10C050007FFE0600ADE7C046FFFFFF7FE3681A786A
:10C060005F2A00D055E70133E3604521200000F04E
:10C0700037F8030033E7702B17D02000FFF7FEFDE1
:10C08000060096E71B781A00633A012A03D9723B2F
:10C09000012B00D977E72000FEF7B2FA07007AE714
:10C0A0002000FEF73DFE070075E77378742BE4D19E
:10C0B000B378002BBAD0E0E72000FEF731FE92E61D
:10C0C0005A78692A00D0AEE60233E36045212000A9
:10C0D00000F006F8030090E60133E36000238CE6ED
:10C0E000F0B5C646002300B582B00193C3680400D2
:10C0F0001A780E00012701AD8A420ED120E00023FC
:10C100002E212000FDF724FE286000280FD0E368D0
:10C1100010301A780500B2420ED0236B20009846EA
:10C120002763FFF7ABFD4346021E2363E7D10020E0
:10C1300002B080BCB846F0BD01330198E360F7E778
:10C14000013300222E21C3600023FDF701FEEFE73B
:10C15000F0B5DE4657464E464546E0B5C568040094
:10C160008A4693461B232E7883B0002A00D01E23D4
:10C170005A46DBB201931A23002A00D01D235A46E7
:10C18000DBB299461923002A00D01C23DBB2984663
:10C1900057461EE0562E3BD04B2E3FD06B78002BDF
:10C1A0002DD0AB1CE3606D78782D52D06F2D3BD134
:10C1B000E36A4F250933E3620023002229002000AF
:10C1C000FDF7C6FD3860002819D00C300700E5687F
:10C1D0002E782800FDF71CFF002840D06B1CE36080
:10C1E000722ED7D14546E36A00220933E362290063
:10C1F00000232000FDF7ACFD38600028E5D10027C2
:10C20000380003B0F0BCBB46B246A946A046F0BD1C
:10C21000E36A4D460933E3620023CEE7E36A019DFA
:10C220000633E3620023C8E74F2D37D1E36A266B5C
:10C230000933E362012320002363FFF71FFD266318
:10C24000031EDCD0E26811784529D8D10132E260C2
:10C25000B3E7E36A2B3D1133E3620023ADE75B46AE
:10C26000002BCDD1462ECBD15745C9D01D241C2241
:10C270001E3006E0192B0FD00C239A468A445745EE
:10C28000BED0534619680B781A2B03D01B2BF1D163
:10C290000870F1E70C70EFE70A70EDE7772DAED18B
:10C2A000E36A20000633E362FEF7CCFD031EA6D04E
:10C2B000E26811784529A2D10132E260273D7CE78E
:10C2C00070B5C268040013784C2B1DD007D8493BC9
:10C2D000012B15D80132C26000F01CF870BD582B3C
:10C2E0000ED10132573B056BC2600363FFF7C6FCFA
:10C2F000E36825631A78452A09D10133E360EDE745
:10C300002000FEF77DF9E9E7FFF72AFCE6E70020C9
:10C31000E4E7C04670B5C36804001A78866A82B044
:10C32000452A1ED0002301AD01930DE000232F21EB
:10C330002000FDF70DFD286000280AD0E3681030CA
:10C340001A780500452A07D02000FFF7B9FF021E22
:10C35000ECD1002002B070BD01330198E360A66209
:10C36000F8E7013300222F21C3600023FDF7F0FC22
:10C37000F0E7C046F0B54546DE4657464E46E0B5C6
:10C380000400150097B0002A1ED08C235B00C6580D
:10C39000002E1DD11178502962D8E54A8B00D35860
:10C3A0009F4688235B00E258012691464A680100B7
:10C3B000E2502000FDF768FE002801D002F0F3FAF9
:10C3C00088234A465B00E2508C2301225B00E25046
:10C3D00017B0F0BCBB46B246A946A046F0BD00224D
:10C3E00006AB98468A235B00E15806914146E1502E
:10C3F00000238B601133FF33E3584D60CB60002A7C
:10C4000000D1B9E01121200002F084FC43469B6872
:10C41000002B01D101F024FE8A23069A5B00E25032
:10C42000002ED5D04A46043BE250D1E78A235B0078
:10C43000C758002F00D191E03B009A68002A0BD129
:10C440005A68127810001938022801D902F05CF8F5
:10C45000914201D102F05BF81B68002BEDD17DE029
:10C460008C2301225B00E250B2E7EA68002A02D086
:10C47000112102F04FFC2B69002BA9D080277F00EF
:10C48000E659FD2E01D902F049F8AA4FBB1C9A4685
:10C490002C239846E0339B462B00454698460FE0F8
:10C4A0003300013680225200A650E5548223013722
:10C4B0005B009146E554BA4501D101F0E1FD3D78BC
:10C4C000FF2EEDD10023A3550933FF33E358FF219D
:10C4D00000935B462000E258009B9847942252004C
:10C4E000A35801260133A3500023DBE78A2306AEBD
:10C4F0005B00C258C650002308931133FF33C35862
:10C50000069211212A690993079502F003FC089B02
:10C51000002B01D101F0E6FF8A23069A5B00E2506E
:10C5200056E790235B00E868E6580378002E01D0B8
:10C5300001F010FE052B01D102F008FA232B01D1E6
:10C5400001F0ADFF2A789A4201D102F001F8242BC4
:10C5500001D102F03AFA8A235B00E75806AB98460D
:10C560008A2342465B00E250002306979360113312
:10C57000FF33E3585560D360EA6843E7EA6813780D
:10C58000272B01D001F0D9FED3681E7C062E01D9DD
:10C5900001F0BDFD002E01D002F089F980235B007F
:10C5A000E358FF2B01D102F0FDF8591C80277F00D2
:10C5B000E1512821E15482235B00E1542000173926
:10C5C00002F0A8FBE359FF2B01D102F005F9591C39
:10C5D00080225200A150D73AE25482235B00E254F9
:10C5E0002B783E2B01D102F0F1F8082E01D102F098
:10C5F00006F9112120002A6902F08CFBE8E6EA68BE
:10C60000112102F087FB4C4E8023B21C91468622FA
:10C61000520093465B00043A3A279246E3580FE0F3
:10C620001A000133802149006350A7548222013649
:10C6300052008846A754B14501D101F085FC3778F6
:10C64000FF2BEDD10022E2545B46E2585346FF2116
:10C65000E3582000984794225200A3580133A35076
:10C6600001230022DEE71422904600228023934615
:10C670000D32FF32314E92465B00043A6E279146EE
:10C68000C358B0440EE01A000133802149006350C2
:10C69000A75482225200A754B04501D101F04DFCAD
:10C6A00037780136FF2BEED15A46E2545346E25812
:10C6B0004B46FF21E3582000984794225200A3588C
:10C6C0000133A35001230022DFE71C229046002201
:10C6D000802393460D32FF32194E92465B00043A96
:10C6E00067279146C358B0440EE01A0001338021F9
:10C6F00049006350A75482225200A754B04501D18B
:10C7000001F0CFFA37780136FF2BEED15A46E254CA
:10C710005346E2584B46FF21E358200098479422A5
:10C720005200A3580133A35001230022DFE7C04683
:10C73000B039011068460110C84401107D45011050
:10C74000E54601108A235B00C258EF689346002239
:10C75000C250002F01D102F0E3F888230021002607
:10C760005B00C05806AB98461A00B44600238946C1
:10C770001360634693604B4657605E1C3B7892465D
:10C78000D0604D2B01D101F0AAFC01D901F0FEF9D6
:10C7900019001C39042901D801F0A1FC9A468A230A
:10C7A0005B00E25053464946022B22D13F693B7859
:10C7B0009A46472B01D102F0C7F98A235B009C46B9
:10C7C0000023994653460901414401900096029581
:10C7D0004D2B01D102F022F801D901F058FE1A00C8
:10C7E0001C3A042A01D802F019F89A460198009ED2
:10C7F000029D5346042B05D10D33FF3304AA049048
:10C80000E2500597112120002A6902F083FA3B7853
:10C81000042B03D1049A0D33FF33E25080233501FA
:10C820005B0099460C3DE03B464645449846E43360
:10C830009A460C3E6B68002B01D101F03BFC103D89
:10C84000AE42F7D18A235A465B00E250C0E510227F
:10C8500090460022802393460D32FF32E44E9246EA
:10C860005B00043A74279146C358B0440EE01A00A6
:10C870000133802149006350A754822201365200BF
:10C88000A754464501D101F08AF93778FF2BEED144
:10C890005A46E2545346E2584B46FF21E3582000E3
:10C8A000984794225200A3580133A3500123002239
:10C8B000DFE7112290460022802393460D32FF329B
:10C8C000CC4E92465B00043A74279146C358B0445C
:10C8D0000EE01A000133802149006350A7548222E0
:10C8E0005200A754B04501D101F06AF937780136FA
:10C8F000FF2BEED15A46E2545346E2584B46FF21F5
:10C90000E3582000984794225200A3580133A350C3
:10C9100001230022DFE7A4235B00C758C550343B46
:10C92000C258112190460022C250EA6802F0F2F982
:10C9300082235B00E35C3C2B01D101F026FF8023C6
:10C940005B00E358FF2B01D101F00CFF591C802242
:10C9500082265200A1507600C43AE254A255112119
:10C9600020002A6902F0D6F9A35D3E2B01D101F027
:10C97000F3FE80235B00E358FF2B01D101F0D9FEC9
:10C98000591C80225200A150C23AE25482235B001B
:10C99000E25442461033E2503433E75018E5EA6877
:10C9A000112102F0B7F90822802391460532FF32A7
:10C9B000914E93465B00043A20279246E358B144D7
:10C9C0000FE01A000133802149006350A7548222EE
:10C9D000013652008846A754B14501D101F02BFB26
:10C9E0003778FF2BEDD10022E2545B46E2585346E4
:10C9F000FF21E3582000984794225200A3580133A6
:10CA0000A35001230022DEE7EA68112102F082F937
:10CA10007A4E8023721D91468622520093465B0017
:10CA2000043A5B279246E3580FE01A000133802155
:10CA300049006350A7548222013652008846A75409
:10CA4000B14501D101F0E2FA3778FF2BEDD1002298
:10CA5000E2545B46E2585346FF21E35820009847D2
:10CA600094225200A3580133A35001230022DEE791
:10CA7000E968FDF729FB00231A00002802D102F023
:10CA800032F81A0003782F2B01D001F035FBC36870
:10CA9000002B01D101F030FB0069531C0028F0D1BC
:10CAA0009146EA6892464A46994601924B4600935F
:10CAB00004E0009B01369E4200DB89E492235B0088
:10CAC000E65052461121200002F024F9019BB342A6
:10CAD000EFDD4B4D8023AA1C9046862252009346E0
:10CAE0005B00043A2C279146E3580BE01900013310
:10CAF00080225200A350013504326754A7544545A3
:10CB0000D7D02F78FF2BF1D10022E2545B46E258B8
:10CB10004B46FF21E3582000984794225200A35827
:10CB200000210133A3500123E2E71922904600229D
:10CB3000802393460D32FF32324E92465B00043A18
:10CB40006E279146C358B0440EE01A00013380218D
:10CB500049006350A75482225200A754B04501D126
:10CB600001F0DDF937780136FF2BEED15A46E25459
:10CB70005346E2584B46FF21E35820009847942241
:10CB80005200A3580133A35001230022DFE70E22F5
:10CB9000802391461C4EFE3293465B00043A7B276D
:10CBA0009246C358B1440FE01A0001338021490076
:10CBB0006350A7548222013652008846A754B145DB
:10CBC00001D101F067F93778FF2BEDD10022E25453
:10CBD0005B46E2585346FF21E358200098479422D1
:10CBE0005200A3580133A35001230022DEE7C046C0
:10CBF000684501105545011044470110C04401101B
:10CC00006846011035460110344701100822802380
:10CC100091460532FF32EB4E93465B00043A7B2788
:10CC20009246C358B1440FE01A00013380214900F5
:10CC30006350A7548222013652008846A754B1455A
:10CC400001D101F035F83778FF2BEDD10022E25405
:10CC50005B46E2585346FF21E35820009847942250
:10CC60005200A3580133A35001230022DEE78023A2
:10CC70005B00C358FF2B01D101F013FD591C80222A
:10CC80005200A150823AE25482235B00E254112107
:10CC900020002A6902F03EF8FFF79AFB11212A6969
:10CCA00002F038F8FFF794FB1D2290460022802303
:10CCB00093460D32FF32C44E92465B00043A74270D
:10CCC0009146C358B0440EE01A0001338021490058
:10CCD0006350A75482225200A754464501D101F067
:10CCE0006EF837780136FF2BEED15A46E2545346A0
:10CCF000E2584B46FF21E358200098479422520007
:10CD0000A3580133A35001230022DFE712229046EB
:10CD10000022802393460D32FF32AC4E92465B00D8
:10CD2000043A67279146C358B0440EE01A00013315
:10CD3000802149006350A75482225200A754B04575
:10CD400001D101F076F837780136FF2BEED15A4643
:10CD5000E2545346E2584B46FF21E35820009847DF
:10CD600094225200A3580133A35001230022DFE78D
:10CD7000182290460022802393460D32FF32944EB3
:10CD800092465B00043A54279146C358B0440EE0E3
:10CD90001A000133802149006350A75482225200B7
:10CDA000A754B04501D101F060F837780136FF2B68
:10CDB000EED15A46E2545346E2584B46FF21E3581F
:10CDC0002000984794225200A3580133A350012316
:10CDD0000022DFE7192290460022802393460D327D
:10CDE000FF327C4E92465B00043A63279146C3585B
:10CDF000B0440EE01A000133802149006350A7546B
:10CE000082225200A754B04501D101F020F83778B2
:10CE10000136FF2BEED15A46E2545346E2584B46B8
:10CE2000FF21E3582000984794225200A358013371
:10CE3000A35001230022DFE7142280239146664E8F
:10CE4000F83293465B00043A72279246C358B144C5
:10CE50000FE01A000133802149006350A754822259
:10CE600052008846A754B14501D100F0AFFF377892
:10CE70000136FF2BEDD10022E2545B46E2585346C7
:10CE8000FF21E3582000984794225200A358013311
:10CE9000A35001230022DEE70F22904600228023C8
:10CEA00093460D32FF324D4E92465B00043A6A279C
:10CEB0009146C358B0440EE01A0001338021490066
:10CEC0006350A754822201365200A754464501D12F
:10CED00000F0B6FF3778FF2BEED15A46E2545346A6
:10CEE000E2584B46FF21E358200098479422520015
:10CEF000A3580133A35001230022DFE715229046F7
:10CF00000022802393460D32FF32354E92465B005D
:10CF1000043A54279146C358B0440EE01A00013336
:10CF2000802149006350A75482225200A754B04583
:10CF300001D100F0A1FF37780136FF2BEED15A4620
:10CF4000E2545346E2584B46FF21E35820009847ED
:10CF500094225200A3580133A35001230022DFE79B
:10CF6000112290460022802393460D32FF321D4E3F
:10CF700092465B00043A76279146C358B0440EE0CF
:10CF80001A000133802149006350A75482220136E0
:10CF90005200A754464501D100F060FF3778FF2BBF
:10CFA000EED15A46E2545346E2584B46FF21E3582D
:10CFB0002000984794225200A3580133A350012324
:10CFC0000022DFE724470110E9440110C1450110A8
:10CFD000ED4501109545011009460110B0450110BD
:10CFE000D5450110804501101B2290460022802368
:10CFF00093460D32FF32EF4E92465B00043A6727AC
:10D000009146C358B0440EE01A0001338021490014
:10D010006350A75482225200A754B04501D100F0BA
:10D02000F9FD37780136FF2BEED15A46E2545346CC
:10D03000E2584B46FF21E3582000984794225200C3
:10D04000A3580133A35001230022DFE715229046A5
:10D050000022802393460D32FF32D74E92465B006A
:10D06000043A74279146C358B0440EE01A000133C5
:10D07000802149006350A75482225200A754B04532
:10D0800001D100F0B2FD37780136FF2BEED15A46C0
:10D09000E2545346E2584B46FF21E358200098479C
:10D0A00094225200A3580133A35001230022DFE74A
:10D0B000082290460022802393460D32FF32BF4E55
:10D0C00092465B00043A6F279146C358B0440EE085
:10D0D0001A000133802149006350A7548222520074
:10D0E000A754B04501D100F087FD37780136FF2BFA
:10D0F000EED15A46E2545346E2584B46FF21E358DC
:10D100002000984794225200A3580133A3500123D2
:10D110000022DFE7EF682D693B78322B01D101F067
:10D1200014F9342B01D001F0E1FD80235B00C358DA
:10D13000FF2B01D101F05AFD80265A1C7600A25126
:10D140002822E25482235B00E25411212000FA6875
:10D1500001F0E0FDA359FF2B01D101F035FD802244
:10D16000591C5200A150D73AE25482235B00E2548A
:10D170002A001121200002F08FFFFFF729F9112169
:10D18000EA6802F083FDFFF723F92B691B78392B3E
:10D1900001D0FFF719F9EA68D3681B685978632949
:10D1A00001D101F05CFB2A001121200002F0F8FF00
:10D1B000002801D0FFF70CF9EB681A78322A01D168
:10D1C00001F09CFCDB681B681A78632A01D001F02F
:10D1D00043FB5A786C2A01D001F03EFB9B78002B70
:10D1E00001D001F039FB2B69DA681178032901D1EC
:10D1F00001F00DFD11212000DA6802F04DFFEA6810
:10D20000D3681B681978692901D001F0E1FB5878CF
:10D21000782801D001F0DCFB9878002801D001F0DB
:10D22000D7FB20000E39FCF70DFF2B6911212000E0
:10D230001A6901F06FFD5D212000FCF703FFEB6828
:10D240001A78322A01D0FFF7C3F8DB689A68012AFE
:10D2500001D0FFF7BDF85B681B783E2B01D0FFF7CC
:10D26000B7F829212000FCF7EDFEFFF7B1F8EB68D5
:10D27000002298469B68524D009380232F009346CE
:10D280000D32FF3292465B00043A6F269146C35836
:10D2900008370EE01A000133802149006350A6547C
:10D2A000822201355200A654BD4201D100F0B9FCE2
:10D2B0002E78FF2BEED15A46E2545346E2584B46A5
:10D2C000FF21E3582000984794225200A3580133CD
:10D2D000A35001230022DFE708229046002280238A
:10D2E00093460D32FF32354E92465B00043A6F276B
:10D2F0009146C358B0440EE01A0001338021490022
:10D300006350A75482225200A754B04501D100F0C7
:10D310007AFC37780136FF2BEED15A46E254534659
:10D32000E2584B46FF21E3582000984794225200D0
:10D33000A3580133A35001230022DFE7EA682E69D6
:10D34000002A02D0112101F0E5FC80235B00E358A4
:10D35000FF2B01D101F091F95A1C80256D0062511B
:10D360007B22E25482235B00E25411213200200030
:10D3700001F0D0FC6359FF2B01D101F06BF9591C6E
:10D3800080225200A150833AE25482235B00E2548F
:10D39000FFF71EF80C2290460022802393460D32A0
:10D3A000FF32084E92465B00043A74279146C358F8
:10D3B000B04418E0054701103946011079460110C4
:10D3C0006C460110454501101A00013380214900C7
:10D3D0006350A75482225200A754B04501D100F0F7
:10D3E000A5FD37780136FF2BEED15A46E25453465D
:10D3F000E2584B46FF21E358200098479422520000
:10D40000A3580133A35001230022DFE71722802312
:10D410009146EB4EF53293465B00043A6327924601
:10D42000C358B1440FE01A00013380214900635012
:10D43000A754822252008846A754B14501D100F07A
:10D440008FFD37780136FF2BEDD10022E2545B4689
:10D45000E2585346FF21E358200098479422520097
:10D46000A3580133A35001230022DEE71222AB5E52
:10D47000002B01D001F018F8EA68D24BD16899422C
:10D4800001D100F05DFF1121200001F043FC802359
:10D490005B00E258FF2A01D101F003FB8021531CFD
:10D4A00049006350E039A15482225200A154102156
:10D4B0006A5E002A01D000F050FE92460D32FF3223
:10D4C000C14D9146043A5F2690466F1D0EE01A004A
:10D4D0000133802149006350A65482225200A65491
:10D4E000AF4201D1FEF774FF2E780135FF2BEED14C
:10D4F0005246E2544B46E2584346FF21E35820008F
:10D50000984794225200A3580133A35001230022CC
:10D51000DFE70922802391460432FF32AB4E934667
:10D520005B00043A64279246C358B1440FE01A00E6
:10D530000133802149006350A7548222520088465B
:10D54000A754B14501D100F04CFD37780136FF2BCF
:10D55000EDD10022E2545B46E2585346FF21E358E6
:10D560002000984794225200A3580133A35001236E
:10D570000022DEE7EA68964906A8F6F7B3FA06A89D
:10D5800004F074FB002801D1FEF722FF0022802363
:10D5900092460D32FF3291465B0006AD043A90464A
:10D5A000E3582F180DE01A00013380214900635021
:10D5B000A654822201355200A654AF4201D1FEF793
:10D5C00007FF2E78FF2BEED15246E2544B46E2582D
:10D5D0004346FF21E3582000984794225200A35865
:10D5E0000133A35001230022DFE780235B00C358EF
:10D5F0002D7BFF2B01D101F01BF8591C802252001A
:10D60000A150E55482235B00E554FEF7E1FE2F694B
:10D61000EA68002F01D1FEF7DBFE1500D7190022C2
:10D62000802392460D32FF3291465B00043A9046C9
:10D63000C3580DE01A000133802149006350A654FD
:10D64000822201355200A654AF4201D1FEF7C0FE3E
:10D650002E78FF2BEED15246E2544B46E258434619
:10D66000FF21E3582000984794225200A358013329
:10D67000A35001230022DFE70822904600228023E6
:10D6800093460D32FF32534E92465B00043A5627C2
:10D690009146C358B0440DE01A000133802149007F
:10D6A0006350A754822201365200A754B04500D1DE
:10D6B0008DE23778FF2BEFD15A46E2545346E258B9
:10D6C0004B46FF21E3582000984794225200A3586C
:10D6D0000133A35001230022E0E70A2290460022F2
:10D6E000802393460D32FF323B4E92465B00043A54
:10D6F00076279146C358B0440DE01A0001338021CB
:10D7000049006350A75482225200A754B04500D16B
:10D7100064E237780136FF2BEFD15A46E254534684
:10D72000E2584B46FF21E3582000984794225200CC
:10D73000A3580133A35001230022E0E71121EA6836
:10D7400001F0E8FAFEF744FEEA68112101F0E2FA7E
:10D75000112120002A6901F0DDFAFEF739FE0E22C0
:10D7600090460022802393460D32FF321B4E924694
:10D770005B00043A6A279146C358B0440DE01A0092
:10D780000133802149006350A754822201365200A0
:10D79000A754B04500D10BE33778FF2BEFD15A46A1
:10D7A000E2545346E2584B46FF21E3582000984785
:10D7B00094225200A3580133A35001230022E0E732
:10D7C000214501105042011059460110C546011073
:10D7D000584401101445011009450110B4460110C8
:10D7E0002B691A783B2A01D0FEF7EEFD1B691B78E6
:10D7F0003C2B01D0FEF7E8FD2A00112102F0D0FCFD
:10D80000002801D0FEF7E4FDEB68E84998462B6953
:10D81000DE681B69DF681D694346DB68186804F031
:10D82000E1F9002801D001F0AFF932002000112108
:10D8300002F032FC42462000112102F027FA3A00A1
:10D840002000112102F028FC2000D949FCF75EFCE1
:10D850002A001121200002F01FFCFEF7B9FD8A23E7
:10D860005B009B46C3585A46994606AB98464B46C2
:10D87000069343465D608350424600239360113314
:10D88000FF33C3580126D36001224B469446002B38
:10D8900001D101F00DFAC2460090A8461CE09A683A
:10D8A000002A16D1032E01D900F075FF52461D0043
:10D8B0003101521891CD91C22D68544615605A46D7
:10D8C00000980136825862505A465144815062464F
:10D8D0009A601B68002B04D05A681278193A022A01
:10D8E000DDD94546009C2A691121200001F012FA79
:10D8F0008A234A465B00E25053469B68002B01D0C6
:10D90000FEF766FD5746012E09D0013E3301FB1894
:10D91000112120005A6801F02BFA012EF5D18A233B
:10D920005B002A0011212000E35801F0EBFFFEF715
:10D930004FFDEA68002A1AD08A277F00C35906AE35
:10D940000693002308931133FF33C3581121C651A6
:10D950000993079501F0DEF9069BE351089B002B24
:10D9600001D0FEF735FD20212000FCF76BFB8A2358
:10D970005B002A0011212000E35801F055FDFEF75D
:10D9800027FDEB689946002B01D000F066FC0022D1
:10D9900092460D32FF32874D01339146FF33043AF0
:10D9A00074269046C3582F1D0EE01A0001338021C3
:10D9B00049006350A654822201355200A654AF425A
:10D9C00001D1FEF705FD2E78FF2BEED15246E25431
:10D9D0004B46E2584346FF21E358200098479422E3
:10D9E0005200A3580133A35001230022DFE7902304
:10D9F0005B00C358002B00D1DCE36F4E8023721D07
:10DA000091468622520093465B00043A6127924673
:10DA1000C3580EE01A000133802149006350A75417
:10DA20008222013652008846A754B14500D1D9E37D
:10DA30003778FF2BEED10022E2545B46E258534682
:10DA4000FF21E3582000984794225200A358013345
:10DA5000A35001230022DFE71122904600228023F9
:10DA600093460D32FF32554E92465B00043A6827CA
:10DA70009146C358B0440DE01A000133802149009B
:10DA80006350A754822201365200A754B04500D1FA
:10DA9000A0E23778FF2BEFD15A46E2545346E258C2
:10DAA0004B46FF21E3582000984794225200A35888
:10DAB0000133A35001230022E0E72F69EA68002F19
:10DAC00001D1FEF785FC1500D7190022802392466C
:10DAD0000D32FF3291465B00043A9046C3580DE088
:10DAE0001A000133802149006350A6548222013577
:10DAF0005200A654AF4201D1FEF76AFC2E78FF2BEC
:10DB0000EED15246E2544B46E2584346FF21E358D9
:10DB10002000984794225200A3580133A3500123B8
:10DB20000022DFE7EB68A0CB002F01D1FEF750FC0D
:10DB30000022802392460D32FF3291465B00043A68
:10DB40009046C358EF190DE01A00013380214900B7
:10DB50006350A654822201355200A654AF4201D12F
:10DB6000FEF736FC2E78FF2BEED15246E2544B46A0
:10DB7000E2584346FF21E358200098479422520080
:10DB8000A3580133A35001230022DFE74F3B012BB1
:10DB900000D8A4E28A235B00E250FEF733FE112195
:10DBA0002000EA6801F0B6F8FEF712FC8846011082
:10DBB0008C460110D4460110E044011020460110AB
:10DBC00011212000EA6801F0A5F8FEF701FC1121FF
:10DBD0002000EA6801F09EF8FEF7FAFB1121200010
:10DBE000EA6801F097F8FEF7F3FB11212000EA68DC
:10DBF00001F090F8FEF7ECFB2A001121200001F063
:10DC00008BFFFEF7E5FB112120002A6901F082F865
:10DC1000FEF7DEFB11212000EA6801F07BF8FEF739
:10DC2000D7FB424655682A78613A192A01D800F094
:10DC30004BFC009A571EEB5D202B00D01700002FE5
:10DC400001D1FEF7C5FB0022802392460D32FF3240
:10DC500091465B00043A9046E358EF190DE01A0034
:10DC60000133802149006350A654822201355200BD
:10DC7000A654AF4201D1FEF7ABFB2E78FF2BEED1BD
:10DC80005246E2544B46E2584346FF21E3582000F7
:10DC9000984794225200A3580133A3500123002235
:10DCA000DFE711212000EA6801F034F8FEF790FB6D
:10DCB00090267600A359EA680133A3511121200070
:10DCC00001F028F8A3592927013BA351E84E434608
:10DCD000B21C9146862252009346043A9246E3587B
:10DCE0000DE01A000133802149006350A7548222BD
:10DCF000013652008846A754B14513D03778FF2B20
:10DD0000EFD10022E2545B46E2585346FF21E3582C
:10DD10002000984794225200A3580133A3500123B6
:10DD20000022E0E72A69D349013206A8F5F7DAFEB6
:10DD300006A803F09BFF4346E358002829D00022A1
:10DD400092460D32FF32914606AD043A90462F18A6
:10DD50000BE01A000133802149006350A65482224F
:10DD600001355200A654BD4213D02E78FF2BF0D1BE
:10DD70005246E2544B46E2584346FF21E358200006
:10DD8000984794225200A3580133A3500123002244
:10DD9000E1E7FF2B01D100F026FC591C8022520044
:10DDA000A150833AE25482235B00E254FEF710FB59
:10DDB00011212000EA6800F0ADFFFEF709FB1121F8
:10DDC0002000EA6800F0A6FFFEF702FB2A69112195
:10DDD000200000F09FFFA84E4346721D904600228F
:10DDE00093460D32FF329246043A20279146E3587B
:10DDF0000CE01A000133802149006350A7548222AD
:10DE000001365200A754B0453DD03778FF2BF0D1F2
:10DE10005A46E2545346E2584B46FF21E35820004D
:10DE2000984794225200A3580133A35001230022A3
:10DE3000E1E711212000EA6800F06CFFFEF7C8FA64
:10DE400011212000EA6800F065FFFEF7C1FA1121F8
:10DE50002000EA6800F05EFFFEF7BAFA1121200008
:10DE6000EA6800F057FFFEF7B3FA11212000EA68D4
:10DE700000F050FFFEF7ACFA11212000EA6800F034
:10DE800049FFFEF7A5FA11212000EA6800F042FFE1
:10DE9000FEF79EFAEA687749013206A8F5F722FEF6
:10DEA00006A803F0E3FE4346E358002829D00022E9
:10DEB00092460D32FF32914606AD043A90462F1835
:10DEC0000BE01A000133802149006350A6548222DE
:10DED00001355200A654BD4213D02E78FF2BF0D14D
:10DEE0005246E2544B46E2584346FF21E358200095
:10DEF000984794225200A3580133A35001230022D3
:10DF0000E1E7FF2B00D1DEE3591C80225200A15033
:10DF1000833AE25482235B00E254FEF759FA11215E
:10DF20002000EA6800F0F6FEFEF752FA1121200008
:10DF3000EA6800F0EFFEFEF74BFA11212000EA68D4
:10DF400000F0E8FEFEF744FA2F693B78472B00D13A
:10DF500004E33A001121200000F0DCFEFEF738FA5D
:10DF6000EA681121200000F0D5FE444E4346321DE0
:10DF70009046002293460D32FF329246043A2D27F6
:10DF80009146E3580CE01A000133802149006350A8
:10DF9000A754822201365200A754B04513D03778D7
:10DFA000FF2BF0D15A46E2545346E2584B46FF212C
:10DFB000E3582000984794225200A3580133A350FD
:10DFC00001230022E1E7112120002A6900F0A2FECE
:10DFD000FEF7FEF911212000EA6800F09BFEFEF733
:10DFE000F7F911212000EA6800F094FE4346E35857
:10DFF000FF2B00D179E3591C80225200A150D73A5F
:10E00000E25482235B00E254FEF7E2F91121200082
:10E010002A6900F07FFE4346E358FF2B00D176E3E8
:10E02000591C80225200A150A33AE25482235B0083
:10E03000E254FEF7CDF9112120002A6900F06AFEB2
:10E040004346E358FF2B00D1E0E2591C80225200E6
:10E05000A150A33AE25482235B00E254FEF7B8F9E0
:10E060002A001121200000F083FEFEF7D5F9C046FA
:10E070003047011058440110004601103C45011082
:10E08000942745467F00E3591121984620002A69CC
:10E0900000F040FEE359434501D0FEF799F94B46A5
:10E0A000E358B34201D0FEF793F94B46023EE650E7
:10E0B000FEF78EF94A46A258FF2A01D100F097FCDC
:10E0C000531C494663504346A354424653461121CC
:10E0D000E25420002A6800F04BFEFEF7B0FBFF6818
:10E0E000002F01D100F019FC1032042E00D100E203
:10E0F0005346B146FEF73CFBEB6891469A46131E29
:10E1000001D1FEF765F9013B0193FEF7CFFC072E25
:10E1100001D0FEF743FA2B691878002801D0FEF7EA
:10E120003DFA1869012801D0FEF738FA3D2901D0DF
:10E13000FEF734FADB681B78302B01D100F0DCFDF0
:10E14000312B01D0FEF72AFA2000DA49FBF7DEFF77
:10E15000FEF73EF90026FEF7F1F9002292460D3255
:10E16000FF32D54D9146043A5F2690466F1D0EE072
:10E170001A000133802149006350A65482225200C4
:10E18000A654BD4201D1FEF723F92E780135FF2BAD
:10E19000EED15246E2544B46E2584346FF21E35843
:10E1A0002000984794225200A3580133A350012322
:10E1B0000022DFE72900FBF767FF021E01D1FEF70F
:10E1C00003F903782F2B01D100F05DFC88256D0049
:10E1D0006659112133682000635100F09BFD6651A0
:10E1E000FEF7F6F8EA68B549013206A8F5F77AFCB9
:10E1F00006A803F03BFD002801D1FEF7E9F8002254
:10E20000434692460D32FF32914606AD043A90469F
:10E21000E3582F180DE01A000133802149006350A4
:10E22000A654822201355200A654BD4201D1FEF708
:10E23000CFF82E78FF2BEED15246E2544B46E258EF
:10E240004346FF21E3582000984794225200A358E8
:10E250000133A35001230022DFE7994D80236A1D7B
:10E2600090468622520093465B00043A7B269246F3
:10E27000C3580CE01A00013380277F00E351A654F5
:10E2800082225200A654A84514D02E780135FF2BC7
:10E29000F0D10022E2545B46E2585346FF21E35896
:10E2A0002000984794225200A3580133A350012321
:10E2B0000022E1E74A46814906A8F5F713FC06A8C3
:10E2C00003F0D4FCE359002829D0002292460D32F5
:10E2D000FF32914606AD043A90462F180BE01A0023
:10E2E0000133802149006350A65482220135520037
:10E2F000A654AF4213D02E78FF2BF0D15246E254F1
:10E300004B46E2584346FF21E358200098479422A9
:10E310005200A3580133A35001230022E1E7FF2B51
:10E3200000D1CFE38022591C5200A150833AE2541D
:10E3300082235B00E254FEF74BF80026FEF72EF92D
:10E3400080235B00E358FFF7B2F8FB681B68984630
:10E350001B78612B00D0D5E042465278642A00D069
:10E36000D0E042469278002A00D0CBE02A78032AF7
:10E3700001D100F0FAFB392A01D100F057FC732BD0
:10E380001ED1424652785A2A51D142469678002EE2
:10E390004DD129002000FBF797FE002807D109E0A6
:10E3A000C368002B06D000690136002802D003782C
:10E3B0002F2BF5D031002000FBF714FFFEF708F8F3
:10E3C0003A001121200001F061FC43461B78672BC5
:10E3D0000ED142465278732A0AD142469278002AD8
:10E3E00006D12A001121200000F094FCFDF7F0FF77
:10E3F000732B01D0FEF7BCFE43465B78742B01D033
:10E40000FEF7B6FE43469B78002B01D0FEF7B0FE28
:10E4100020002821FBF716FE20002A00112100F021
:10E4200079FC29212000FBF70DFEFDF7D1FF732BAE
:10E43000C6D143465B78502BC2D143469B78002619
:10E44000002B05D0BCE701362D69002D00D1E0E29C
:10E450002B782F2B00D0DCE2EB68002B00D1D8E228
:10E460001A784B2AEFD1D9682000FBF72DFE002344
:10E47000002807D109E0C268002A06D000690133EC
:10E48000002802D002782F2AF5D0F618DCE74F3B9F
:10E49000012B00D8C2E1009E029DFEF7B3F9F133D3
:10E4A0000500E758FEF75AF80649FBF72FFEFEF77E
:10E4B000E3FFC046AC46011061460110584401100C
:10E4C000DD46011050460110FF2B00D129E38022C8
:10E4D000591C5200A150E03AE25482235B00E254FE
:10E4E000FFF7A7FB2A001121200000F041FCFEF7F6
:10E4F00013F88A2352465B00E25001220433E250B3
:10E50000FDF766FF2A7836E70026FEF727F8112187
:10E510002000EA6800F0FEFBFDF75AFF0023984652
:10E52000A3550D33FF33E258043B3100E35820007C
:10E530009847942243465200E351A35800260133E2
:10E54000A350FDF7A2FF2B782F2B01D0FEF703F885
:10E550008A235B000500E758FEF700F82000F34926
:10E56000FBF7D4FD3B69F2495A1C06A8F5F7BAFA45
:10E5700006A803F07BFB00282FD0002243468046EC
:10E5800093460D32FF3206ADA8449246043A9146B6
:10E590004246E358B84617000AE0190001338022CA
:10E5A0005200A350013504326654A654AF4213D032
:10E5B0002E78FF2BF1D15A46E2545346E2584B468F
:10E5C000FF21E3582000984794225200A3580021CD
:10E5D0000133A3500123E2E747462000D549FBF76A
:10E5E00095FDFF68B5E40022E25486235B00E25803
:10E5F000043BFF21E3582000984794225200A3587F
:10E6000001210133A3500023FFF7C8FB0022E2548D
:10E6100086235B00E258043BFF21E3582000984723
:10E6200094225200A35801210133A35000230DE589
:10E630000022C25486235B00C258043BFF21C3580A
:10E64000984794225200A35801210133A35000237C
:10E65000FEF7D4FF0022E25486235B00E258043B1D
:10E66000FF21E3582000984794225200A35801212B
:10E670000133A3500023FEF783FE0022E2548623D9
:10E680005B00E258043BE358FF21200098479422A6
:10E690005200A3580133A350283A0023FF3AFEF753
:10E6A0005CFE0022C25486235B00C258043BFF215B
:10E6B000C358984794225200A35801210133A35014
:10E6C0000023FEF7DCFA0022E25486235B00E258C6
:10E6D000043BFF21E3582000984794225200A3589E
:10E6E00001210133A35000230FE40022E2548623CA
:10E6F0005B00E258043BFF21E35820009847942236
:10E700005200A35801210133A350002374E40022D6
:10E71000E25486235B00E258043BFF21E3582000CB
:10E72000984794225200A35801210133A35000239B
:10E7300077E40022E25486235B00E258043BFF2189
:10E74000E3582000984794225200A3580121013336
:10E75000A3500023FEF715F920212000FBF772FCDF
:10E76000FEF707F90022E25486235B00E258043BDF
:10E77000FF21E3582000984794225200A35801211A
:10E780000133A3500023FEF7E2F820212000FBF71D
:10E7900059FCFEF7D4F88C23009C5B000132E25058
:10E7A000FDF716FE0022E25486235B00E258043B8C
:10E7B000FF21E3582000984794225200A3580121DA
:10E7C0000133A3500023EA68FDF7F0FE2D2120005D
:10E7D000FBF738FCFDF709FF0022E25486235B00BB
:10E7E000E258043BFF21E35820009847942252004E
:10E7F000A35801210133A3500023FDF7E9FE2000B7
:10E800005B21FBF71FFC200011212A6900F082FA2E
:10E810005D212000FBF716FCFDF7DAFD009B042BC1
:10E820007ED00B0008000391103364C864C30068F5
:10E830001860634609611031E1504B46039A9360BA
:10E84000019B5760D360009BFF6801330093002F4A
:10E8500066D03B78FDF7BCFF2B69FEF7CBFC1B783D
:10E8600019006339012904D9723B012B01D9FEF744
:10E870009AFC2000112101F009FA20003C21FBF74D
:10E88000E1FB2B692000DA68112100F043FA200037
:10E890002949FBF73BFC2B69200011211A6900F084
:10E8A00039FA29212000FBF7CDFBFDF791FD2B69FB
:10E8B0001B78002B01D0FDF771FE3E2900D10BE241
:10E8C000023E112120002A69F6B200F023FA042E3C
:10E8D00001D9FDF77DFD194BB6009B599F462000DD
:10E8E0001749FBF713FCFDF773FD20001549FBF7F3
:10E8F0000DFCFDF76DFD6C212000FBF7A3FBFDF780
:10E9000067FD75212000FBF79DFBFDF761FD2000F1
:10E910000D49FBF7FBFBFDF75BFD8A235B00E25033
:10E920008C2301225B00E250FDF752FDCC44011024
:10E9300058440110DC44011084460110F43A0110DF
:10E940009C46011098460110A04601103033FF3359
:10E95000E258002A00DC75E1043BE158002304E0A2
:10E9600001330831934200D16CE10F68B842F7D10E
:10E9700096235B00E3581F1E06D1FDF712FD5B686E
:10E98000002B01D1FDF70DFD1A68824203D0AA4287
:10E99000F5D19F42F3D001002000FBF775FB002862
:10E9A00001D1FDF711FD03782F2B01D0FDF7C6FD36
:10E9B000F533E158002900DAC5E5FBF7D3FA002862
:10E9C00000D18DE10378FDF7B9FDC268FDF708FDC0
:10E9D000632900D1C0E01121200001F057F92B6913
:10E9E000112120001A6901F057FBFEF728FCA354FF
:10E9F00086235B00E258043BE358FF212000984740
:10EA000094225200A3580133A35001230022FFF7A0
:10EA100058FB3200BB4906A8F5F764F806A803F0D6
:10EA200025F9002801D1FDF7D3FC0022802392466E
:10EA30000D32FF3291465B0006AD043A9046E35832
:10EA40002F180CE01900013380225200A350013529
:10EA500004326654A654AF4201D1FDF7B9FC2E78BA
:10EA6000FF2BEFD15246E2544B46E2584346FF217A
:10EA7000E3582000984794225200A3580021013304
:10EA8000A3500123E0E7F533E158002901DAFFF74D
:10EA90009DFBFBF767FA021E01D0FFF797FBFDF71E
:10EAA00093FC00260833A6540D32E358A258FF21E8
:10EAB0002000984794225200A3580133A3503200FB
:10EAC000FEF7ECFC00258622E55452000933E3589A
:10EAD000A258FF212000984794225200A3580133E6
:10EAE000A3502B001EE420001121EA6801F0D4FAA3
:10EAF00020008549FBF70AFBFDF76AFCDA6891689C
:10EB0000012901D0FEF75EFB526812783E2A01D03F
:10EB1000FEF758FB20002731FBF794FAEB68FEF76D
:10EB200051FB00268622E65452000933E358A258CE
:10EB3000FF212000984794225200A3580133A3508C
:10EB400043465D683300C2E4FF68002F00D1E7E66A
:10EB50003B789A46FDF731FE59786C2900D03AE7A8
:10EB60009B78002B00D13AE735E7EA681178012954
:10EB700001D0FFF704FC29690978292901D0FFF7A2
:10EB8000FEFB1500FFF7FBFB20006049FBF7BEFA18
:10EB9000F368002B08D011212000320001F07CFA2C
:10EBA00020212000FBF74EFA3A001121200000F04E
:10EBB000B1F8002D01D1FDF70BFC2A001121200036
:10EBC00001F06AFAFDF704FC00268622E6545200A2
:10EBD0000933E358A258FF2120009847942252009D
:10EBE000A3580133A3503300FEF7B9FA002686225A
:10EBF000C65452000933C3588258FF2198479422C3
:10EC00005200A3580133A3503300FEF795FA13695D
:10EC10001B78292B03D08C2302395B00E150112192
:10EC20002000D26801F038FAFEF7E9FA2000EA681D
:10EC3000112101F031FA3A001121200001F026F8EB
:10EC4000FDF7C6FB9C235B00E35893422ADD982125
:10EC5000D300571C9A22490061585200A750243A09
:10EC6000CB18A15801C3002933D03432A2589E27B3
:10EC70009246A022520090468446A25818007F0077
:10EC800000950DE0E559D300AB464546013262518F
:10EC90004D685B445D60036009681800002916D068
:10ECA0005245EFDB8C2301225B00E250FDF790FB25
:10ECB0002A69112100F02EF84B465A46A3504346CC
:10ECC0009B68002B01D1FEF72AFEFDF781FB604611
:10ECD000009D00221A605EE61139FBF7B3F9EFE5FB
:10ECE000002E01D0FDF76CFBFDF76EFB3A00112101
:10ECF00000F0CCFFFEF73CFA20000549FBF706FACE
:10ED0000FDF766FB58440110D046011090460110F3
:10ED1000A4460110F0B50500140083B0002A21D0EC
:10ED20005368012B1EDC8E26802176008259C90093
:10ED30008A4217DC962701337F006360C359013292
:10ED400001936B4682511121C35122000094FDF7BB
:10ED500011FB019BEB516368013B6360AB59013BC5
:10ED6000AB5103E08C2301225B00EA5003B0F0BDFD
:10ED7000F8B54546DE4657464E461378E0B5033BA8
:10ED8000DBB2040015004D2B03D8DA4A9B00D358A0
:10ED90009F462A0011212000FFF7BCFFF0BCBB46B4
:10EDA000B246A946A046F8BD0022D34D80232F00CD
:10EDB00092460D32FF3291465B00043A202690467F
:10EDC000C35808370BE01900013380225200A350CA
:10EDD00004326654A654AF42E0D02E780135FF2BA2
:10EDE000F1D15246E2544B46E2584346FF21E358E4
:10EDF0002000984794225200A35800210133A350C9
:10EE00000123E2E70022BD4D80232F0092460D3200
:10EE1000FF3291465B00043A20269046C3580837DB
:10EE20000BE01900013380225200A35004326654D3
:10EE3000A654BD42B2D02E780135FF2BF1D15246F7
:10EE4000E2544B46E2584346FF21E35820009847DE
:10EE500094225200A35800210133A3500123E2E77A
:10EE60000022802392460D32FF32A54D91465B0071
:10EE7000043A20269046C3586F1D0CE01900013358
:10EE800080225200A35004326654A654AF4200D1EF
:10EE900084E72E780135FF2BF0D15246E2544B46E1
:10EEA000E2584346FF21E35820009847942252003D
:10EEB000A35800210133A3500123E1E7914E8023A1
:10EEC000721D9046002293460D32FF3292465B003F
:10EED000043A20279146C3580CE0190001338022E0
:10EEE0005200A35004326754A754B04500D1C1E189
:10EEF00037780136FF2BF0D15A46E2545346E25898
:10EF00004B46FF21E3582000984794225200A35813
:10EF100000210133A3500123E1E780214900425839
:10EF2000FF2A00D146E2531C4350E039815482222B
:10EF3000520081542CE080235B00C258FF2A00D18C
:10EF400027E2531C802149006350E039A1548222FA
:10EF50005200A1542CE080235B00C358FF2B00D14A
:10EF600006E2591C80225200A150E03AE25482236A
:10EF70005B00E254112120002A69FFF7CBFE0DE768
:10EF80001121EA68FFF7C6FE08E780235B00C3583B
:10EF9000FF2B00D1B8E1591C80225200A150DA3A6F
:10EFA000E25482235B00E254F8E680235B00C358FE
:10EFB000002292460D32FF32534D9146043A2626E6
:10EFC0009046AF1C0CE01900013380225200A35080
:10EFD000013504326654A654AF4200D1DEE62E78E5
:10EFE000FF2BF0D15246E2544B46E2584346FF21F4
:10EFF000E3582000984794225200A358002101337F
:10F00000A3500123E1E70022404D80232F009246C8
:10F010000D32FF3291465B00043A20269046C358D9
:10F0200008370CE01900013380225200A35004324B
:10F030006654A654BD4200D1B0E62E780135FF2BB0
:10F04000F0D15246E2544B46E2584346FF21E35882
:10F050002000984794225200A35800210133A35066
:10F060000123E1E700222A4D80232F0092460D3232
:10F07000FF3291465B00043A20269046C3580A3777
:10F080000CE01900013380225200A3500432665470
:10F09000A654AF4200D181E62E780135FF2BF0D186
:10F0A0005246E2544B46E2584346FF21E3582000C3
:10F0B000984794225200A35800210133A350012302
:10F0C000E1E782235B00C35C282B00D00DE1EA68F6
:10F0D00011212000FFF71EFE0022802392460D32F0
:10F0E000FF320C4D91465B00043A3A269046E358B5
:10F0F000EF1C1EE0083B0110514701105D47011055
:10F100006947011091470110984701109D47011070
:10F11000A9470110B44701101900013380225200A1
:10F12000A350013504326654A654AF4200D135E6EF
:10F130002E78FF2BF0D15246E2544B46E25843461C
:10F14000FF21E3582000984794225200A358002141
:10F150000133A3500123E1E70922802391460432C1
:10F16000FF32AE4E93465B00043A20279246C358C6
:10F17000B1440EE01A000133802149006350A754C6
:10F18000822252008846A754B14500D19AE03778D0
:10F190000136FF2BEED10022E2545B46E258534683
:10F1A000FF21E3582000984794225200A3580133CE
:10F1B000A35001230022DFE70022994D80232F0076
:10F1C00092460D32FF3291465B00043A202690466B
:10F1D000C35811370CE01900013380225200A350AC
:10F1E000013504326654A654BD4200D1D6E52E78CE
:10F1F000FF2BF0D15246E2544B46E2584346FF21E2
:10F20000E3582000984794225200A358002101336C
:10F21000A3500123E1E70822904600228023934671
:10F220000D32FF327F4E92465B00043A2027914612
:10F23000C358B0440BE01900013380225200A350A0
:10F2400004326754A754B04514D037780136FF2BE9
:10F25000F1D15A46E2545346E2584B46FF21E35857
:10F260002000984794225200A35800210133A35054
:10F270000123E2E72A69002A00D18FE5FF2B64D041
:10F28000591C80256D0061512821E15482235B00C7
:10F29000E15420001739FFF73DFD6359FF2B1AD1C8
:10F2A0000022E25486235B00E258043BFF21E3582E
:10F2B0002000984794225200A35801210133A35003
:10F2C000002309E011212000EA68FFF723FD4346EF
:10F2D000E358FF2BE4D0591C80225200A150D73AAA
:10F2E000E25482235B00E25458E580235B00C3585C
:10F2F000FF2B71D0591C80225200A150E03AE254F9
:10F3000082235B00E254E2E60022E25486235B00A3
:10F31000E258043BFF21E358200098479422520012
:10F32000A35801210133A350002335E680235B005D
:10F33000C358FF2B61D0591C80225200A150D63AED
:10F34000E25482235B00E25428E50022E254862343
:10F350005B00E258043BFF21E358200098479422C9
:10F360005200A35801210133A35000232A6988E7E2
:10F370000022C25486235B00C258043BFF21C358BD
:10F38000984794225200A35801210133A35000232F
:10F39000E8E5002383540D33FF33C258043BC358C0
:10F3A000FF21984794225200A3580133A350012310
:10F3B0000022C7E5002383540D33FF33C258043BBA
:10F3C000C358FF21984794225200A3580133A350F9
:10F3D000202323701F3BDEE50022C25486235B00FE
:10F3E000C258043BFF21C358984794225200A358A7
:10F3F00001210133A35000237DE70022C25486235C
:10F400005B00C258043BFF21C35898479422520026
:10F41000A35801210133A35000238DE7B947011000
:10F420007047011085470110F8B54E464546DE4647
:10F4300057460400E0B516001D1E6FD086489A6836
:10F44000002A6BD15A6811781939C9B2122962D8C9
:10F4500089004258974682235B00E35C202B00D052
:10F4600096E080235B00E358FF2B00D19FE05A1CFD
:10F470008021490062502822E25482235B00E2543A
:10F480009146002288469A461033E7589346E25048
:10F49000200000232A00EF3900F0E2F84346E35849
:10F4A000FF2B00D1A8E041465A1C6250D739E154E5
:10F4B0005346E154FF2A41D08021531C4900635038
:10F4C000D839A15482225200A1543269002A06D0B0
:10F4D00011212000FFF71EFC80235B00E358FF2B67
:10F4E00000D177E0591C80225200A150D73AE25453
:10F4F00082235B00E254043B2A0011212000FF3BE1
:10F5000000F0AEF88A235B00E750F0BCBB46B24681
:10F51000A946A046F8BD1B68002B90D18A23002283
:10F520005B00E7581121E250200000232A0000F080
:10F5300097F880235B00E258FF2ABDD10023A35433
:10F540000D33FF33E258043BE358FF212000984776
:10F5500094225200A3580133A3508023283A5B0021
:10F56000FF3AE2500432D83BFF322370A354326991
:10F57000002AADD10123B5E782235B00E35C0222C0
:10F5800019009143282900D16BE7202B00D168E7AF
:10F59000802149006258FF2A4BD0531C6350E03948
:10F5A000A15482225200A154FF2B00D05FE7002219
:10F5B000E25486235B00E258043BE358FF2120001D
:10F5C000984794225200A3580133A350283A0023AD
:10F5D000FF3A4DE70022E25486235B00E258043BE9
:10F5E000FF21E3582000984794225200A35801219C
:10F5F0000133A350002376E75A46E25486235B008A
:10F60000E258043BE358FF2120009847942252001F
:10F61000A3580133A35002234246A3500F4B4A463E
:10F6200023805346E25432690223002A00D04FE778
:10F6300058E70023A3540D33FF33E258043BE3584B
:10F64000FF212000984794225200A3580133A35071
:10F65000202323701F3B0AE7403C011029280000AB
:10F66000F0B54E464546DE465746E0B51400050067
:10F6700099468BB0002A3CD08C268827012376003F
:10F680009A467F0014E05346A360EB590093E36869
:10F69000EB51292926D02A293CD0022942D0112118
:10F6A0002800FFF765FB009BEB512468002C20D05D
:10F6B000AB59002B1DD1A368002BF6D14B466268D5
:10F6C0001178002BDFD14D29EFD019D80B001C3B4E
:10F6D000042BEAD95346A360EB590093E368EB513E
:10F6E0002929D8D1236828001839FFF79DFE009BEF
:10F6F000EB510BB0F0BCBB46B246A946A046F0BDEC
:10F700004F390129D1D95346A360EB590093E368DF
:10F71000EB51C4E723682800193900F0F3F8009B87
:10F72000EB51E6E78A277F00EB59D2689846002321
:10F730002800EB510F31FFF7EDFA4346EB516D4FC7
:10F740008023BA1C91463A229046D23293465B00FF
:10F75000043A9246EB580EE01A000133802149002A
:10F760006B504146A954822201375200A9544F459B
:10F7700014D03A789046FF2BEED10022EA545B4633
:10F78000EA585346FF21EB5828009847942252002C
:10F79000AB580133AB5001230022DFE762681469E4
:10F7A0002278472A15D04D2A10D00CD81C3A042AAA
:10F7B0000CD9220011212800FFF7ACFA8823009A07
:10F7C0005B00EA5095E74F3A012AF2D8E4682278C4
:10F7D000E9E73B3A9246484F6F3290469132934662
:10F7E000BA440FE01A000133802149006B5089466A
:10F7F0004146A95482225200A954574518D03A785C
:10F8000001379046FF2BEDD10022EA5484235B00A0
:10F81000EB58FF2101935B462800EA58019B98476B
:10F8200094225200AB580133AB5001230022DBE796
:10F83000236932495A1C03A8F4F754F903A802F0CB
:10F8400015FA4B46EB58002827D0862281465200F5
:10F85000934603AF043A9246B9440AE019000133D3
:10F8600080225200AB50013704326E54AE544F45E3
:10F8700013D03E78FF2BF1D10022EA545B46EA58C0
:10F880005346FF21EB582800984794225200AB586A
:10F8900000210133AB500123E2E7194FFA1C9146D6
:10F8A0007D2290468F329346043A92460FE019002B
:10F8B000013380225200AB5042466A5482224146B4
:10F8C00052000137A9544F4580D03A789046FF2B1B
:10F8D000EDD10022EA545B46EA585346FF21EB582B
:10F8E0002800984794225200AB5800210133AB50B6
:10F8F0000123DEE7C8440110CD4401105844011033
:10F90000DC440110F0B54E464546DE465746E0B5AC
:10F91000040090461E0083B0002B0BD09A68002A8A
:10F9200051D01B68002BF9D1002332001121200097
:10F93000FFF796FE80235B00E358FF2B00D1B3E076
:10F9400080215A1C49006250E039E15482235B0057
:10F95000E154FF2A46D08021531C49006350A53949
:10F96000A15482225200A1544246D268002A06D0F5
:10F9700011212000FFF7CEF980235B00E358FF2B15
:10F980000FD0591C80225200A150A33AE254822386
:10F990005B00E25403B0F0BCBB46B246A946A046A9
:10F9A000F0BD0022E25486235B00E258043BFF21B5
:10F9B000E3582000984794225200A35801210133B4
:10F9C000A3500023DEE75B681B782A2B29D1002394
:10F9D000320011212000FFF743FE80235B00E25834
:10F9E000FF2AB8D10023A3540D33FF33E258043B60
:10F9F000E358FF212000984794225200A358013376
:10FA0000A3508023283A5B00FF3AE2500432A53B22
:10FA1000FF322370A3544346DA68002AA8D1012399
:10FA2000AFE780233A4D5B00AA1C93462027E3589A
:10FA30000EE01A000133802149006350A75482224E
:10FA40000135520089469246A754AB4518D02F780D
:10FA5000FF2BEED10022E25486235B00E358FF2106
:10FA6000009384235B00E358009A20000193984799
:10FA700094225200A3580133A35001230022DAE755
:10FA80000023320011212000FFF7EAFD4B46E25827
:10FA9000FF2A2AD04946531C63502921A1545246BB
:10FAA000A154FF2B00D04BE70022E25486235B00D9
:10FAB000E258043BE358FF2120009847942252006B
:10FAC000A3580133A3508023273A5B00FF3AE2504A
:10FAD000104B5932238082235B00E2544346DA689C
:10FAE0000223002A00D043E74BE70023A3540D3341
:10FAF000FF33E258043BE358FF212000984794224B
:10FB00005200A3580133A35029232370283B17E741
:10FB1000CC460110205B0000A423F0B55B00C35865
:10FB20000400150083B0002B06D0882252008158B3
:10FB30000193009169468150EA681378042B0ED036
:10FB400011212000FFF7E6F8A4235B00E358002B07
:10FB500003D08823009A5B00E25003B0F0BD11216E
:10FB60002000D268FFF7D6F8A4235B00E358002BEF
:10FB700003D08823009A5B00E25082225200A35CEB
:10FB80003C2B51D080235B00E358FF2B30D05A1C14
:10FB9000802782267F00E2513C227600E254A25563
:10FBA000EB6811211A692000FFF7B4F8A35D3E2B22
:10FBB00031D0E359FF2B09D0591C80225200A150AB
:10FBC000C23AE25482235B00E254C6E70022E254C8
:10FBD00086235B00E258043BFF21E358200098474E
:10FBE00094225200A35801210133A3500023E4E7DB
:10FBF0000022E25486235B00E258043BE358FF21D5
:10FC00002000984794225200A3580133A350283A69
:10FC10000023FF3ABCE7E259FF2A10D02021531CF1
:10FC2000E351A154A155C5E7802040002158FF2988
:10FC300018D04B1C2350E0386054A054A5E7002393
:10FC4000A3540D33FF33E258043BE358FF21200057
:10FC5000984794225200A3580133A35020232370C5
:10FC60001F3BA9E7002363540D33FF33E258043BE5
:10FC7000E358FF212000984794225200A3580133F3
:10FC8000A350202323701F3B81E7C046F0B5D64622
:10FC90004F46464613780400C0B5322B07D01121D9
:10FCA000FFF738F8E0BCBA46B146A846F0BDD368C5
:10FCB0009F685D68002FF5D00022802392460D32A8
:10FCC000FF3291465B00043A9046C358EF190AE0B0
:10FCD0001900013380225200A350013504326654CA
:10FCE000A654BD42DED02E78FF2BF1D15246E2540D
:10FCF0004B46E2584346FF21E358200098479422A0
:10FD00005200A35800210133A3500123E2E7C0466B
:10FD1000F0B557464E46DE464546E0B5E7B00678B4
:10FD200000AF0400F960BA605F2E00D10AE108223A
:10FD30002000D04901F0C8FF0025002809D1237A0E
:10FD40002E2B00D1EDE05F2B00D1EAE0242B00D177
:10FD5000E7E0200001F08AFF23187B611123BB61DB
:10FD600000237B623B63BB63FB633B647B64BB64DC
:10FD7000802342003C61FC61BA6278631B019A42B5
:10FD800000D9C5E0694683001818C000091AE94681
:10FD90008D46EB460733DB08DB00CB1A9D465B46FE
:10FDA0003B626B46FB62012D00D1D1E0AB1ED9B2A4
:10FDB000012900D9D1E00B218A46A2445146F961BC
:10FDC000591E8B41442188469844E37A5F2B03D126
:10FDD000237B5A2B00D13DE1002A00DC29E150466B
:10FDE00001F044FF5A4600235360936001227A6277
:10FDF000002800D11DE15A4613705B465246186137
:10FE0000DA601020414600235A463818F9F7A0FF5F
:10FE1000FC698046200001F029FF2418FC61267847
:10FE2000002E00D096E04346002B00D192E0102235
:10FE30003C239B18DC19F0339B18DB191E608223CE
:10FE40008E255B00E6540C33E6500433E650103345
:10FE5000E650FA680433E650203BE250BA680433B7
:10FE6000E2500C33E6500833E6500C33E6500433CE
:10FE7000E6500433E6500433E6500433E6500433CE
:10FE8000E6506D00043341462000E6506651FAF713
:10FE900005F8802362591B019A4200DA66519C23BF
:10FEA000A221002049005B00E25863586D4653438D
:10FEB000635004316050002A00DC01226946D20000
:10FEC0008A1A9546002B00DC01236946DB00CB1A19
:10FED0009D4698235B00E2506A460C33E2501121A4
:10FEE00042462000FEF716FF80235B00E158002306
:10FEF00063540D33FF33E258043BAD462000E35812
:10FF000098478C235B00E058CD464342584100E0BF
:10FF10000020BD4667B0F0BCBB46B246A946A0462D
:10FF2000F0BD637A442B03D00025492B00D010E7A5
:10FF3000A27A00255F2A00D00BE7493B5A1E934165
:10FF40009D1C06E743785A2B00D0F0E6012500E718
:10FF50005F2E0AD00020CD46DBE71023F818FAF711
:10FF60004FFBFB6980461E785AE763785A2BF1D124
:10FF7000A31CFB61A378472B00D186E0542B00D152
:10FF800083E010230121F818FBF776FB8046BB695C
:10FF90007B60DB0776D50023F9699A460E782E2E12
:10FFA00000D03DE74B781A00613A192A48D95F2BF7
:10FFB00046D0303B092B65D80B000A782E2A12D187
:10FFC0005A78303A092A0ED89C789A1C2300303B84
:10FFD000092B31D813005C7801332200303A092A0A
:10FFE000F9D92E2CECD0581AFB617A6ABB6A7B6077
:10FFF0009A4223DA3C6A9300A4467C6054469B18DC
:020000041001E9
:100000009B00634401325C609C607A62002815DDCD
:100010005C609C601C70D9601861102042464E21C3
:100020003818F9F795FEF96980460E782E2EB9D06A
:10003000F6E600239B46E4E61300D2E70023ECE754
:100040008B1C1A7810006138192801D95F2AB5D1A4
:100050000133F6E723000D33FB61637B472B0BD0A5
:10006000542B09D010230021F818FBF705FB834619
:10007000C7E6C0465C4401101023F818FBF774FB78
:100080008346BEE6FB691E78CAE61023F818FBF724
:100090006BFB80467BE7C046F0B5C64600B51378DB
:1000A00004001500012682B0012B03D9312B01D0A9
:1000B000062B3FD16B68012B32DC8E2780217F001D
:1000C000E259C9008A422BDC01336B6096235B0046
:1000D0009846E3580132E25101936A4643461121A2
:1000E000E25020002A000095FCF744F94346019AAB
:1000F000E2506B68013B6B60E359013BE351002E1A
:1001000014D180235B00E358FF2B26D0591C80229A
:100110005200A150D73AE25482235B00E25405E03A
:100120008C2301225B00E250002EEAD002B080BC9A
:10013000B846F0BD80235B00C358FF2B1ED0591C6E
:1001400080225200A150D83AE25482235B00E2544C
:100150006B680026012BB0DDE2E7E65486235B00E6
:10016000E258043BFF21E3582000984794225200B4
:10017000A35801210133A3500023C8E70022C25431
:1001800086235B00C258043BFF21C3589847942242
:100190005200A35801210133A3500023D0E7C046E9
:1001A000F0B5DE4657464E464546D368E0B5DB68B7
:1001B00004001B680020197883B066297AD112697F
:1001C000D16812698B4600219046127889463C2AF4
:1001D00000D1BCE092225200A1588A460121494236
:1001E000A1505B786C2B00D1B8E06AD84C2B01D0C1
:1001F000522B5AD180235B00E358FF2B00D106E13C
:100200005A1C80256D0062512822E25482235B0033
:10021000E254112142462000FFF73EFF5A461121C9
:100220002000FFF733FD6359824D2E26EA1C9046CD
:100230000CE01A00013380277F00E351A65482228C
:1002400001355200A654A84518D02E78FF2BF0D1C6
:100250000022E25486235B00E358FF2100938423AD
:100260005B00E358009A20000193984794225200C3
:10027000A3580133A35001230022DCE75A46112181
:100280002000FFF703FD4A4611212000FFF704FF7D
:10029000E359FF2B00D195E0591C80225200A15058
:1002A000D73AE25482235B00E25492235246012063
:1002B0005B00E25003B0F0BCBB46B246A946A04684
:1002C000F0BD722BF1D180235B00E358FF2B00D1EE
:1002D0008AE05A1C80256D0062512822E254822354
:1002E0005B00E254112142462000FFF7D5FE5A463A
:1002F00011212000FFF7CAFC002293460D32FF3285
:1003000063594D4D9146043A2E2690462F1D0BE021
:100310001900013380225200A35001350432665483
:10032000A654BD42C1D02E78FF2BF1D15A46E254DB
:100330004B46E2584346FF21E35820009847942259
:100340005200A35800210133A3500123E2E74246A3
:10035000126991464246D26890463BE78023374D6A
:100360005B002A1D91462826E3580CE01A00013351
:1003700080277F00E351A654822201355200A65403
:10038000A94518D02E78FF2BF0D10022E254862305
:100390005B00E358FF21009384235B00E358009A3D
:1003A00020000193984794225200A3580133A35090
:1003B00001230022DCE75A4611212000FFF766FCEA
:1003C000424661E70022E25486235B00E258043B88
:1003D000FF21E3582000984794225200A35801219E
:1003E0000133A350002358E70022E25486235B0028
:1003F000E258043BE358FF21200098479422520022
:10040000A3580133A350283A0023FF3A62E70022A1
:10041000E25486235B00E258043BE358FF212000AE
:10042000984794225200A3580133A350283A00233E
:10043000FF3AE6E6D0460110CC470110C447011050
:10044000F0B5C64600B50C0015001E0086B00028A9
:1004500048D0002901D0002A44D000232C4902AA08
:100460000293039304930593FFF752FC002840D0B6
:10047000059B0193002B1ED00123029F9846002F5D
:1004800041D0002C2BD0380001F0F0FB2B689842B3
:100490001FD23900421C2000F3F7C6FF3800F3F7E3
:1004A000B1FF2700002E01D000233360380006B0D2
:1004B00080BCB846F0BD049B029F9846002FE0D157
:1004C000002E14D0012B19D101235B420027336089
:1004D000ECE72000F3F796FF43462B60E2E7002DA0
:1004E000FAD1DFE7002E02D003235B4233600027FE
:1004F000DCE70298F3F786FF002EF8D002235B4278
:1005000000273360D2E7002EDED10027CEE7C046B9
:10051000899F001010B5002808D0002906D0FFF7E9
:10052000F7FB431E98414000023810BD03204042B3
:10053000FBE7C04610B5F3F765FF10BD70B51C4C66
:1005400008386368002B27D006688519AB4223D88A
:100550001DD05A680434002A06D10EE051681C1DD3
:1005600000291FD013000A009542F7D304D12A684E
:1005700094466A6866445A6023681A6899188842E3
:100580000DD05B68066043602368586006E01A6817
:100590005B689446664406604360606070BD921973
:1005A0001A60FBE75B681A6899188842E9D1F6E798
:1005B000A0200020020010B50832083000D3082225
:1005C00007231049073248689A43002813D00431A2
:1005D00003E0011D406800280DD003689A42F8D856
:1005E0009C1A072C08D9831840681C60586008685A
:1005F00002600B60083010BD0360436808300B6078
:10060000F9E7C046A020002070B580300500F3F760
:10061000D5FE041E07D0802200212000F3F7FEFE45
:100620002000803070BD2800FFF7C4FF041EF2D107
:10063000F9F72EF9074A8038936810B5984203D924
:10064000D2689B18984202D3F3F7DCFE10BDFFF787
:1006500075FFFBE7A020002070B59E25084C2D01FA
:100660002800E560F3F7AAFEA060002804D000236C
:1006700060600560436070BDE0606060FBE7C0469D
:10068000A0200020027803000020472A00D07047F5
:100690005A784E2AFBD19A78552AF8D1DA78432A2B
:1006A000F5D11A79432AF2D15A792B2AEFD19A79C6
:1006B0002B2AECD1DB792A3A9A424041C0B2E6E7D4
:1006C00010B5041E06D000F08BF82000FFF7DAFF0B
:1006D000002801D1F9F7DCF8203CE068F9F7C4F80C
:1006E000F0B5DE464E4657464546E0B585B00600B5
:1006F000FFF7C8FF041E0BD03300203B9A68DC686C
:10070000B36A91469A460023376B9846756B05E0AD
:10071000012381469846050007008246300000F01C
:100720005FF84346002B01D0F9F7BEF84846F9F7C9
:10073000B7F800F055F84346002B01D0F9F7A8F8B8
:10074000F8F72CFD27230668F25C33007833012A82
:1007500000D13368BF080293BB0001930023994680
:100760002036CA4520DD2F68002F00D07F190022D7
:100770003900300002ABF8F739FC002801D000F056
:100780000BF93B6803901B6938009B461149012314
:1007900003AAD847002800D0804601239C46019B2D
:1007A000E1449C466544DCE74346002B08D0042026
:1007B000FFF72AFF084B094A0649036000F0D2F808
:1007C0002000F9F751F800F045F800F043F8F8F789
:1007D00007FCC046EC30011070310110819100100F
:1007E00070B50400F8F7DEFC220023780568203A93
:1007F000472B04D0002D2BD10260280070BD6378F8
:100800004E2BF7D1A378552BF4D1E378432BF1D1BC
:100810002379432BEED163792B2BEBD1A3792B2BAF
:10082000E8D1E379012BE5D85369002B0DDB0133C7
:1008300053614368013B4360954201D015610260FA
:100840002000656A02F05CF8D7E70121CB1AEFE7D8
:10085000F9F71EF810B5F8F7A1FC0368002B09D0D2
:1008600020229A5C472A06D000222033026018001A
:1008700002F01EF810BD263A9A5C4E2AF4D12C3AAA
:100880009A5C552AF0D1323A9A5C432AECD11F3A4D
:100890009A5C432AE8D11E3A9A5C2B2AE4D1053AA5
:1008A0009A5C2B2AE0D1043A9A5C012ADCD85A6976
:1008B000002A08DB511E012A0CD04A1C01D05961C4
:1008C000D8E7F8F7E5FF511C0132F8D11A69026048
:1008D0005961CFE71A6920330260180001F0E8FF80
:1008E000C8E7C04610B5012812D80B00283B1A688B
:1008F000501E1860012A00D010BDDB6858310C0072
:10090000002B01D0080098472000FFF793FEF3E783
:1009100028394869F8F7A8FF70B505000026803D22
:10092000EA602E60A9600400F8F7CCFF2861F8F7B0
:10093000C3FF23004722583B68611A7007325A7080
:1009400007329A7022004323553A13705370183BB4
:100950009370D370024B513C280026702B6370BDFE
:10096000E508011070B504000D001600F8F71AFC38
:10097000436832000133290043602000FFF7CCFFB9
:10098000012303602830040001F0F2FF2000FFF78C
:1009900027FFF8F77DFFC04610B5F8F703FC436862
:1009A000046801334360002C0CD02023E35C472B08
:1009B0000AD0002303602034200001F0D1FF200082
:1009C000FFF70EFFF8F764FF263BE35C4E2BF0D1F8
:1009D0002C3BE35C552BECD1323BE35C432BE8D161
:1009E0001F3BE35C432BE4D11E3BE35C2B2BE0D1AC
:1009F000053BE35C2B2BDCD1043BE35C012BD8D81B
:100A000063695B426361D6E710B5F8F7CBFB00681A
:100A1000002804D02723C35C012B01D0006810BD3F
:100A200000687838FAE7C04610B5041E00D10134DA
:100A30002000F3F7C3FC002800D010BD00F02CF913
:100A4000002801D08047F3E70430FFF7DDFD034BBA
:100A5000034A04490360FFF785FFC04608330110CD
:100A6000199D0010E4320110406870470D4B10B51D
:100A7000083303604368040018000B4A0C3882B046
:100A8000904205D12000F8F779FB200002B010BD9C
:100A9000043B1A68511E1960002AF3DC01A900F01A
:100AA000F7F8EFE7284D0110B02000200D4B10B5EE
:100AB000083303604368040018000B4A0C3882B006
:100AC000904205D12000F8F759FB200002B010BD7C
:100AD000043B1A68511E1960002AF3DC01A900F0DA
:100AE000D7F8EFE7284D0110B02000200F4B10B5CC
:100AF000083303604368040018000D4A0C3882B0C4
:100B0000904208D12000F8F739FB2000FFF712FDD2
:100B1000200002B010BD043B1A68511E1960002A63
:100B2000F0DC01A900F0B4F8ECE7C046284D011054
:100B3000B02000200F4B10B5083303604368040059
:100B400018000D4A0C3882B0904208D12000F8F706
:100B500015FB2000FFF7EEFC200002B010BD043BA7
:100B60001A68511E1960002AF0DC01A900F090F803
:100B7000ECE7C046284D0110B0200020F0B5C64675
:100B800000B51C4B04000D0082B00360002929D081
:100B9000080001F06BF8061E18D0002101AA00F031
:100BA0003BF80C23984607008044012E11D03200F8
:100BB00029004046F3F738FC0F4B9F420CD14346C7
:100BC0002000636002B080BCB846F0BD0B4B984675
:100BD000F5E72B780373EFE700233E60BE19BB6097
:100BE0003373ECE70648F8F7C1FF2000F8F7C6FAC0
:100BF000F8F7F6F9304D0110B0200020BC2000209D
:100C0000504D011010B50400FFF7B8FF014B200054
:100C1000236010BD444D01101B4B10B504009842D9
:100C20002FD8884218D94B00984200D21C002300CC
:100C3000200080221D330D305201934213D98C4283
:100C400011D994461B051B0D6444E41A0E4B9C42BB
:100C500011D820000D3008E0230080221D330D3014
:100C60005201934201D9002809DBFFF7DDFE002382
:100C70004460836010BD1C0020000D30F5E7F8F7DC
:100C800065FF0248F8F78AFFFCFFFF3F7C4D01102B
:100C900010B5FFF74FFC10BD014B18687047C046F8
:100CA0009C200020062010B500F054FF0120F1F731
:100CB000FBF9C046144B70B51E6805000C00002EF1
:100CC00002D0B36B002B13D0636EDB0702D4A38971
:100CD0009B0515D529002200300000F039FD636E18
:100CE0000500DB0702D4A3899B0505D5280070BD4C
:100CF000300001F0F9F9E7E7A06D00F041FAF5E7FF
:100D0000A06D00F03BFAE5E7D815002070B50500AE
:100D100086B008001400019100F0A8FF012301AE85
:100D20000590029003960493002D02D0AB6B002B2C
:100D300027D0636EDB0720D4A2890C23E15E9305E4
:100D400018D580239B011A4205D10B43626EA38103
:100D5000104B134063662800210003AA00F028F816
:100D6000636E0500DB0702D4A3899B050DD528001F
:100D700006B070BDA06D00F001FA0C23E15EA289FF
:100D8000DFE7280001F0B0F9D3E7A06D00F0F8F933
:100D9000EDE7C046FFDFFFFF030010B50A0003497F
:100DA00008681900FFF7B2FF10BDC046D815002033
:100DB000F0B5DE46454657464E46E0B59368834655
:100DC0000C00904683B0002B23D08B891A0728D5BE
:100DD0000A69002A25D0424616689A072DD50027B1
:100DE000AC4B00259946BA46002D58D02B004D45F6
:100DF00000D9A84B52465846E169676AB8470028AF
:100E000058DD43469B6882442D1A181A4346986061
:100E1000EAD1002003B0F0BCBB46B246A946A046CA
:100E2000F0BD2100584601F001F8002800D02DE166
:100E30004246A38916689A07D1D4DA0742D4002221
:100E400000279146002F25D080229200A5681342EA
:100E500000D180E0AA46BD4200D9AFE09022D20086
:100E6000134200D0BBE020685246494601F090FD95
:100E7000A3685D1BA5603D000027236853442360E1
:100E800043469B68A9445D1B43469D60C1D0A3892E
:100E9000002FD9D13268776891460836D2E7336897
:100EA00075689A4608369FE72100019801F0DEF840
:100EB00000282FD00C22A35E402201201343A381DF
:100EC0004042A7E700230022B14600271E005B46F0
:100ED000002092460193002F27D000282FD0330006
:100EE000BB469F4200D99B462068226963699042B5
:100EF00004D9A2689D18AB4500DD9EE05B4561DC2E
:100F0000656A5246E1690198A847051ED2DD0120B5
:100F1000761BC9D043469B68AA447F1B5D1B434692
:100F20009D6000D175E7002FD7D14B461B689A46CC
:100F30004B465F6808239C46E144002FF5D03A00F9
:100F40000A21504601F0ACFC002800D195E0534640
:100F50000130C61AC3E720682369984216D863692E
:100F60009A46BB4212D84C4B38009F4200D94B489E
:100F70005146F2F72DFE5346656A43434A465846AA
:100F8000E169A847051E95DD7F1B79E7BD4200D9C1
:100F90003D002A00494601F0FBFCA36822685B1B68
:100FA0005219A3602260002BEED12100584601F0B7
:100FB0005DF8002800D07DE77F1B61E73D00BA4661
:100FC000206851E75A46514601F0E2FC5A46A368B0
:100FD0005D469B1AA36023685B44236097E76069C2
:100FE00022682169551A42001218D00F8218681C15
:100FF0005210C01992460195904201D982460200D2
:101000005B0529D51100584600F0D0F8051E37D0F1
:10101000019A2169F3F708FAA389214A1340802233
:101020001343A3815246019B2561E818D31A3D0062
:10103000BA4620606261A36016E751462A0001F0BB
:10104000A7FC236821005B190198236001F00EF8CA
:10105000002800D15BE72DE7584600F0BFFB051ED6
:10106000E0D12169584601F02DF980225946A38923
:101070009343743A1BB20A601EE77B1C1E002FE7E5
:101080000C235A4613600C22A35E15E70120404250
:10109000C0E6C04600FCFF7FFEFFFF7FFFFFFF7F33
:1010A0007FFBFFFFF0B5C64600B51D00170086B0F8
:1010B00001AB039301236F43061E90460C9C0191E4
:1010C00002970597049302D0836B002B34D0636E94
:1010D000DB0726D4A2890C23E15E93051ED580236D
:1010E0009B011A4205D10B43626EA381184B13403A
:1010F00063662100300003AAFFF75AFE636E0028E2
:101100001DD0DB0711D505984146381AF2F788FD46
:101110000500280006B080BCB846F0BDA06D00F008
:101120002DF80C23E15EA289D9E7A3899B05EAD4B7
:10113000A06D00F025F8E6E700F0D6FFC7E7DB0773
:10114000E7D4A3899B05E4D4A06D00F019F8E0E78B
:10115000FFDFFFFF10B50400054882B00068009370
:1011600013000A002100FFF79DFF02B010BDC0462A
:10117000D81500207047C0467047C0467047C0462B
:101180007047C04610B5034B0100186800F00EF818
:1011900010BDC046D815002010B5034B01001868DB
:1011A00001F090F810BDC046D8150020F0B54E46AD
:1011B0004546DE465746E0B50D000B35060083B0C8
:1011C000162D22D8102900D9B2E000F0B1FA10256E
:1011D00018230220CC4FFB181A005C68083A94428E
:1011E00000D1B5E0032362689A431300E268A16866
:1011F000CA6091600122E318596830000A435A60BE
:1012000000F09EFA2000083095E007239D4300D5AA
:101210008EE0A94200D98BE000F08AFAFC235B0043
:101220009D4200D2A7E1680A00D18BE0042800D9D2
:101230007AE138239846A80980443930C100B24F7A
:1012400079184C680839A1420ED003239C4604E06B
:10125000002ACBDAE468A14206D062466368934371
:101260005A1B0F2AF4DD40463A003C69083294428A
:1012700000D178E003236168994389460B00491B3C
:101280000F2900DD7BE17A613A610029B2DA802220
:101290009200914500D30FE15909DA0801238B40F0
:1012A000D2007968D2190B4391687B60E260A1603B
:1012B0009460CC60012182109140994259D80B4230
:1012C00005D103229043490004300B42FBD0032395
:1012D0009846C3009946B944CC4682466346DC68CA
:1012E000A44507D12CE1002A00DB35E1E468A445E0
:1012F00000D125E14246636893435A1B0F2AF2DD71
:1013000001208046611905436560A068E5680837DB
:10131000C560A86040461043F960B9604860CF607E
:1013200030008F60E25000F00BFA2000083002E03D
:101330000C230020336003B0F0BCBB46B246A94684
:10134000A046F0BD80213F2340209846890076E7E3
:10135000DC680230A34200D044E73A003C6908321E
:10136000944200D086E701217B6882109140994227
:10137000A5D90323BC6862689A439146954203D875
:10138000531B0F2B00DD89E023004B445F4A019380
:101390005F4B93461B681268EB18013200D13DE1A8
:1013A0005C4A944663441B0B1B0300933000009976
:1013B00000F0BEFB03008046013300D1FAE0019B40
:1013C000834200D9F4E0544B00981A009A46126800
:1013D00003009446514663440B6001991A0041454D
:1013E00000D151E15B461B68013300D156E1434611
:1013F00001995B1A9A1853461A60072342464146E0
:101400001A400192194200D112E108239846881A25
:10141000424B0099804441449B1A5B1A1B051B0DEB
:101420000091300019009B4600F082FB431C00D164
:1014300050E14346C01A03005B44009353465246B2
:101440001B6801215B44136042464046BA60009A23
:101450000A434260BC4200D124E14A460F2A00D828
:1014600022E107200C3A82436068014005201143C5
:101470006160A118486088600F2A00D935E14246B2
:101480004446526826490868984200D20B602549B4
:101490000868984200D38FE00B608DE0012229009C
:1014A00013431143651961603000BD606B6000F04B
:1014B00047F9200008303EE75A0A042A72D9142A54
:1014C00000D9C5E011005C325B31D20008235B42D9
:1014D0009C46BA18944463469A68032398469445F8
:1014E00000D19EE0434651689943494502D992682C
:1014F0009445F7D1D3689C467B686146A260E16061
:101500008C60D460D6E6C046081A0020101E002069
:10151000002100200F100000D02000200810000043
:10152000F8200020FC200020142852D9542800D98B
:1015300096E06E239846280B80446F30C1007EE60B
:1015400008239B46073BDC449B46DA44434652460D
:10155000134200D0C2E64CE00122E3185968300083
:101560000A435A60E368A268D3609A6000F0E8F822
:1015700020000830DFE62B00E80808332AE60123C4
:1015800060191D43656078613861C26082601A002D
:101590004B460A4342603000E15000F0D1F8200091
:1015A0000830C8E69A09110039323831D2008DE787
:1015B000BC4260D0BC68626803239A43531B9542C7
:1015C00002D80F2B00DD69E7300000F0B9F80020E9
:1015D000B1E65B23984680445C30C1002FE60823C7
:1015E0005B429C46E1444B469B6801384B4500D02A
:1015F00098E043460342F2D17B688B437B6049000D
:10160000994200D9B5E6002904D1B2E604229446F5
:101610004900E2440B42F9D050465AE61033009399
:10162000C4E68910023B8B4079680B437B6064E71A
:10163000009B300043445B421B051B0D19009B4679
:1016400000F076FA431C00D0F3E600239B46F5E653
:10165000542A2BD81A0B11006F326E31D20035E7A5
:10166000AA235B0098422BD8DD3B9846E80B8044C8
:101670007830C100E3E52C4B009A9A461B689C46E3
:10168000534662441A60ADE6090500D0AAE602009E
:10169000BC684A4401310A436260F3E65B46424655
:1016A0001A60AAE64446EDE641608DE7AA214900AA
:1016B0008A4224D8DA0B110078327731D20005E75C
:1016C0001A4B984224D87C239846A80C80447D303D
:1016D000C100B4E5009A019B94464246083B63442E
:1016E0009B1A009300239B46A8E621003000083196
:1016F00000F0E8FD5346BC681B686268C2E60B490F
:101700008A420BD89A0C11007D327C31D200DDE682
:10171000FE217E237F209846890090E5FE227E21CF
:101720009200D3E67B686AE7D020002054050000D1
:1017300010B50248FFF722FD10BDC046C4200020AE
:1017400010B50248FFF71CFD10BDC046C4200020A4
:1017500070B505000E001400002802D0836B002B2A
:101760001ED0636EDB0702D4A3899B0522D5A36834
:10177000013BA360002B05DAA269934213DBF3B2AD
:101780000A2B10D0FF2023685A1C22601E700640CE
:10179000636EDB0702D4A3899B050FD5300070BDB3
:1017A00000F0A2FCDDE731002200280000F0C6FABC
:1017B0000600EDE7A06DFFF7E1FCD8E7A06DFFF7AD
:1017C000DFFCEBE7030010B50A00034908681900C5
:1017D00000F004F810BDC046D8150020F0B55746FB
:1017E0004546DE464E46E0B50C000700904683B005
:1017F000002900D1A8E045460B35FFF799FF162DCB
:1018000070D810251023A84570D82600083E7168AE
:1018100003220800904381460096984200DB77E05F
:10182000C24A301893469268824200D1CAE04268A8
:1018300001900092012292465046009A82430198FC
:1018400094468346DC44624650465268024200D0C9
:1018500071E00320009ACB4682439446E3449B45C3
:1018600050DA52460A4211D103213268B21A924626
:1018700052688A436146511849448B46994200DBBD
:1018800078E04A4493469A4200DB78E041463800CB
:10189000FFF78CFC8046002820D07368B446009384
:1018A00001230099020099430B00083A63449342D4
:1018B00000D1F7E04A46043A242A00D9F7E00300B1
:1018C0002100132A00D9C8E00A681A604A685A60E1
:1018D0008A689A602100380000F0F4FC3800FFF7B5
:1018E0002FFF07E007239D432B1E8CDA0C233B6060
:1018F00000239846404603B0F0BCBB46B246A9461A
:10190000A046F0BDD946019AD3689268D3609A6028
:101910004B465B1B0F2B1CD801214A4673680B40BA
:10192000134373604E447368194371603800FFF7C6
:1019300007FFA046DEE70842A8D103213268B21AA9
:10194000924652688A439CE71100FFF72FFC8046BD
:10195000D0E7012072687119024003431543756096
:101960004B604E447368083118437060380000F0D3
:10197000A9FCDBE7019AD3689268D3609A6053466A
:101980005246DB6892685646D3609A604A46043AEB
:101990000836242A6BD83300132A09D95346216804
:1019A00099606168D9601B2A00D98EE00834103331
:1019B0002268D9461A6062685A60A26834009A6048
:1019C0005646A5E75068032290430D32824694465E
:1019D000CA44AC44E24552DACA0700D556E731683A
:1019E000721A0321924652688A4310180100494432
:1019F00000918C4500DD44E753465246DB6892680F
:101A0000D3609A6008234A465344043A9846242AED
:101A100075D8132A08D95346216899606168D9603E
:101A20001B2A71D80834103322681A6062685A6021
:101A3000A2689A60534659195B469960009B38002A
:101A40005A1B01231A434A605246526813401D43F1
:101A500053465D60FFF774FE4CE7216801606168E2
:101A600041601B2A27D82100083308312CE72100C8
:101A70003000340000F08CFFD946564648E75B46FC
:101A80000098A0464119996053465A1B01231A43F6
:101A90004A6041680B401D43456038000091FFF7E4
:101AA0004FFE27E703225B689343994430E7210008
:101AB00000F06EFF0EE7A1688160E168C160242A32
:101AC0000CD0210010331031FEE6A1681961E168E5
:101AD0005961242A0BD01034183369E72269210098
:101AE000026102006069183118335061ECE6226926
:101AF0009A61524661692033D161183458E7210058
:101B0000180000F045FF95E7A1681961E168596187
:101B1000242A02D01034183386E722699A6152468B
:101B200061692033D16118347EE7C046081A00206D
:101B3000002370B5064D040008002B60F0F7B6FADC
:101B4000431C00D070BD2B68002BFBD02360F9E74D
:101B500008270020164B70B504001D681F2821D8E7
:101B6000B7239B00EB58002B0DD082009B181A68FE
:101B7000002A08D0012A13D0511C0DD00021196071
:101B80009047002070BD280000F028F822000100D6
:101B9000280000F00FF8F5E7162301202B60F1E78D
:101BA0000020EFE7162301202B604042EAE7C04601
:101BB000D8150020002370B5074D0400080011005F
:101BC0002B6000F023FE431C00D070BD2B68002B5F
:101BD000FBD02360F9E7C0460827002010B500F0CD
:101BE00005FE10BD024670B50A4392072AD11E4D6C
:101BF000EE0104C808C9541B9443344017D0D0B236
:101C0000D9B2401A2106014310D190B299B2401ABC
:101C1000210401430AD110021902000A090A401ADC
:101C20002102014302D1100E190E401A70BD9A42D2
:101C3000DFD010BA19BA884201D9012070BD002046
:101C4000C04370BD02780B7801300131002A09D001
:101C50009A4207D102780B7801300131002A01D075
:101C60009A42EFD0D01A70BD0101010110B583076F
:101C70000AD00300032102E001330B4205D01A7899
:101C8000002AF9D1181A10BD030019680C4A0D4C2E
:101C90008A188A4322420FD15968094A04338A18A4
:101CA0008A43224208D15968054A04338A188A4374
:101CB0002242F1D000E001331A78002AFBD1E1E79B
:101CC000FFFEFEFE8080808030B5002A26D0030013
:101CD0000B439B0724D1032A22D9164D0BE0043A6B
:101CE000002A1BD0144C1C199C432C4216D10430E2
:101CF0000431032A14D903680C68A342EFD0047896
:101D00000D78AC4213D1012306E0C45CCD5CAC423B
:101D10000DD10133934201D0002CF6D1002030BD0B
:101D200004780D78A54202D1012AECD1F6E7601BB8
:101D3000F5E7C04680808080FFFEFEFEF8B5050016
:101D40000E001400002802D0836B002B4BD0A36937
:101D5000A289A3600C23E05E13071FD52369002B23
:101D60001CD0FF21F7B20E40802189010A4226D003
:101D700022686169D31A99422CDD0133A1680139C7
:101D8000A160511C2160177062699A422ED0A3890C
:101D9000DB0701D50A2E29D03000F8BD210028002C
:101DA00000F044F8002827D1FF21F7B20E4080212F
:101DB000A28989010C23E05E23690A42D8D101433C
:101DC0000F4AA181616E0A40626661692268D31A76
:101DD0009942D2DC2100280000F048F900280BD1FC
:101DE00001232268CAE700F07FF9B0E7210028004C
:101DF00000F03CF90028CFD001267642CCE7C0465F
:101E0000FFDFFFFF70B50400080011001A00002377
:101E1000054D2B60F2F7D8FC431C00D070BD2B6839
:101E2000002BFBD02360F9E708270020354B70B565
:101E3000050018680C00002802D0836B002B21D00D
:101E40000C23E25EA389190723D5216900292BD031
:101E5000D80708D50020A06060694042A06100203A
:101E6000002908D070BD00209D0700D46069A060E3
:101E700000200029F6D11B06F4D540231A43A28185
:101E80000138EFE700F030F90C23E25EA38919076F
:101E9000DBD4D9062DD55B0716D4216908231A4354
:101EA000A28193B20029D3D1A02080268000B60061
:101EB0001840B042CCD02100280000F009FB0C23D0
:101EC000E25E2169A389C3E7216B00290AD02300C0
:101ED0004033994204D0280000F0F4F90C23E25E6C
:101EE0000023236324239A43002321696360216034
:101EF000D4E709232B60402301201A43A2814042EA
:101F0000B0E7C046D8150020002370B5064D040088
:101F100008002B6000F05AFC431C00D070BD2B68F9
:101F2000002BFBD02360F9E708270020F0B5C64658
:101F30000C0000B5A28980460C23C95E13074CD45F
:101F4000802362681B010B43A381002A66DDA66A19
:101F5000002E3ED042464146156800220A609AB2E1
:101F6000DB0460D4012300224046E169B047431CF2
:101F700068D0A289A66A530706D56368C01A236B86
:101F8000002B01D0E36BC01A00230200E169404638
:101F9000B047431C49D143461B68002B45D01D2B3D
:101FA00001D0162B57D1A3892F4A1340A3810023B8
:101FB0006360236923604346216B1D60002908D0BC
:101FC00023004033994202D0404600F07BF90023C1
:101FD0002363002080BCB846F0BD2669002EF8D0EF
:101FE000236826609D1B0023920700D16369A360CC
:101FF000002D04DCEDE736182D1A002DE9DD2B004D
:1020000032004046E169676AB8470028F3DC4022A5
:102010000120A38940421343A381DBE7E26B002A3E
:1020200000DD94E7D5E7206DA5E7A3890E4A1340AC
:102030000022626022691BB2A3812260DB04BAD550
:102040002065B8E743461B68002B00D191E71D2BA4
:1020500006D0162B04D04022A3891343A381B9E7ED
:10206000434600201D60B5E7FFF7FFFF70B5050090
:102070000C00002802D0836B002B15D00C22A35E2D
:10208000002B17D0626ED20701D49B0514D528000F
:102090002100FFF74BFF636E0500DB0702D4A38925
:1020A0009B0515D5280070BD00F01EF80C22A35E1C
:1020B000002BE7D10025F5E7A06DFFF75FF82800BA
:1020C0002100FFF733FF636E0500DB07EAD4E6E784
:1020D000A06DFFF755F8E5E710B5024900F0D4F917
:1020E00010BDC04655260110F8B5DE4657464E468F
:1020F0004546E0B506003C4F3800FFF73FF8B46BAB
:10210000002C68D1394B0322F363B8239B00F450B1
:1021100004337568F2500833F218043BF25028007B
:10212000042308220021EB606C662C606C60AC60BC
:102130002C616C61AC615C30F2F770F928002C4BBB
:10214000ED619B462B622B4B58309A466B622A4BB3
:102150009946AB62294BEB629846FFF70BF8B568DE
:10216000274B280008220021EB606C662C606C6015
:10217000AC602C616C61AC615C30F2F74FF95B468E
:102180002B6253466B624B462800AB624346ED61BF
:10219000EB625830FEF7EEFFF5681A4B2800082274
:1021A0000021EB606C662C606C60AC602C616C6133
:1021B000AC615C30F2F732F95B462B6253466B62DE
:1021C0004B462800AB624346ED61EB625830FEF7A8
:1021D000D1FF0123B3633800FEF7D2FFF0BCBB464A
:1021E000B246A946A046F8BDCC200020D920011057
:1021F000B5250110DD2501101D260110492601100D
:10220000090001001200020010B50248FEF7B6FFF7
:1022100010BDC046C820002010B50248FEF7B0FF30
:1022200010BDC046C8200020F8B50C000500FFF71F
:102230007FFA204FBB685E6803239E431E4B341B0E
:102240009C466444240B013C113324039C4207DB6D
:1022500000212800FFF76CFCBB689B19984204D052
:102260002800FFF76DFA0020F8BD28006142FFF753
:102270005FFC431C0DD00122BB68361B16435E6019
:102280000E4B28001A68141B1C60FFF759FA012036
:10229000EAE700212800FFF74BFCBA68831A0F2BEE
:1022A000DEDD07490968401A0449086001210B4333
:1022B0005360D5E7081A0020EF0F0000D02000205F
:1022C000101E0020F0B5C64605000C0000B5002920
:1022D0004FD0FFF72DFA210008394C680126220063
:1022E0000320B2438F187B68834362489846836813
:1022F000BB426AD043467B6026421ED108239C46DF
:102300000C688444091B12198C6864454FD0CB6853
:10231000E3609C604346FC186468344211D1BB689A
:10232000554C4244A34200D17EE0FC68DC60A360CF
:10233000012313434B608A5006E0FC186468344262
:10234000EDD016434E603A6080239B009A4213D230
:102350005409D3080122A2404468DB0022434260B2
:1023600018188368C8608B608160D9602800FFF707
:10237000E7F980BCB846F0BD530A042B3ED8940957
:10238000260039343836E40004192368083C032752
:102390009C4242D05868B843904202D99B689C4204
:1023A000F8D1DC68CC608B60A160D960DEE7434681
:1023B000F8184068304257D1FB68B8684244164369
:1023C000C36098604E608A50D0E7130043442642B1
:1023D00006D10A68891A8C689B18CA68E260946002
:1023E00001221A434A60254A816012689A42BDD888
:1023F000234B28001968FFF717FFB7E7142B07D9FD
:10240000542B1AD8140B26006F346E36E400BBE749
:102410001E005C335B36DC00B6E70122B610B2402A
:10242000466832434260BDE7D9609960CB608B60FB
:10243000012313434B608A5098E7AA246400A34207
:1024400005D8D40B260078347736E4009CE70D4C91
:10245000A34205D8940C26007D347C36E40093E733
:10246000FE247E26A4008FE7330013434B603A60BE
:102470007CE7C046081A0020101A0020141E002015
:102480000021002054050000F8B54746CE4680B52F
:10249000B827804689460026BF0047447B68BC6851
:1024A0005D1E0DD4A389012B07D90E22A35E013333
:1024B00003D021004046C84706436834013DF1D2AD
:1024C0003F68002FEAD13000C0BCB946B046F8BD25
:1024D000F0B5C64600B58B8905000C0096B09A078A
:1024E00009D523004333236023610123636116B0C0
:1024F00080BCB846F0BD0E22895E002929DB6A4601
:1025000000F016F9002823DBF023019F1B021F4077
:10251000264B80269C4667447B425F418023DB003C
:102520009846360141462800FEF740FE00281CD0A0
:1025300080221F4BEB63A3892060134342461BB2EA
:10254000A38120616261002F1ED13343A381CEE7B6
:10255000A38900271B0612D5402398462800414630
:102560000026FEF723FE0028E2D10C22A35E9A0586
:10257000BDD40322934302221343A381B1E78023F6
:10258000DB0098460026CDE728000E23E15E00F030
:10259000E3F8002802D10C22A35ED6E70322A38928
:1025A0009343012213431BB2CFE7C04600E0FFFF75
:1025B000D920011070B50C000E25495F00F0F2F82B
:1025C000002803DB236D1B18236570BDA389024A15
:1025D0001340A381F9E7C046FFEFFFFFF8B50C00F9
:1025E0001F000C23C95E05001600CB050AD40A4B58
:1025F000320019402800A1810E23E15E3B00FFF765
:1026000001FCF8BD0E23E15E0022022300F0B6F8C3
:102610000C23E15EEBE7C046FFEFFFFF70B50C0057
:102620000E25495F00F0AAF8431C06D08023A2893A
:102630005B011343A381206570BDA389014A134048
:10264000A381F9E7FFEFFFFF10B50E23C95EFFF787
:102650005BFC10BDF8B506000C1E4DD0002802D062
:10266000836B002B4AD00127636E3B4235D00C228E
:10267000A35E002B40D021003000FFF757FCE36A37
:102680000500002B04D03000E169984700283CDBAE
:10269000A3891B063ED4216B002908D023004033B8
:1026A000994202D03000FFF70DFE00232363616CD6
:1026B000002904D03000FFF705FE00236364FFF714
:1026C000A3FD0023A381636EDB072CD5A06DFEF76D
:1026D00053FDFFF7A1FD2800F8BDA3899B05CAD4CF
:1026E000A06DFEF74BFD0C22A35E002BC3D1636EE1
:1026F0001D003D403B4212D00025ECE70127FFF7CB
:10270000F3FC636E3B42B2D1E7E70125A3896D423A
:102710001B06C0D530002169FFF7D4FDBBE7A06DD3
:10272000FEF72EFDD7E7A06DFEF72AFDCEE7C046E7
:10273000002370B5074D0400080011002B6000F065
:102740004DF8431C00D070BD2B68002BFBD02360DC
:10275000F9E7C04608270020002370B5064D0400A5
:1027600008002B6000F04AF8431C00D070BD2B68B5
:10277000002BFBD02360F9E70827002070B5040088
:10278000080011001A000023054D2B6000F046F8E8
:10279000431C00D070BD2B68002BFBD02360F9E7F1
:1027A0000827002070B50400080011001A0000235B
:1027B000054D2B60F1F7BEFF431C00D070BD2B68A8
:1027C000002BFBD02360F9E70827002058220120C6
:1027D000014B40421A607047082700205822012010
:1027E000014B40421A607047082700205822012000
:1027F000014B40421A607047082700205822024BC4
:1028000000201A607047C046082700205822012087
:10281000014B40421A6070470827002058220120CF
:10282000014B40421A60704708270020F8B5C046A7
:1028300001B40248844601BC604700BF1B1300205E
:1028400001B40248844601BC604700BF8D020020ED
:1028500001B40248844601BC604700BFED0100207E
:1028600001B40248844601BC604700BF1104002047
:1028700001B40248844601BC604700BF95130020A4
:1028800001B40248844601BC604700BF1108002023
:1028900001B40248844601BC604700BFCD1200204D
:1028A00001B40248844601BC604700BF21130020E8
:1028B00001B40248844601BC604700BFB507002050
:1028C00001B40248844601BC604700BF15130020D4
:1028D00001B40248844601BC604700BF11040020D7
:1028E00001B40248844601BC604700BFC90E002005
:1028F00001B40248844601BC604700BF09010020C2
:1029000001B40248844601BC604700BFB107002003
:1029100001B40248844601BC604700BF4D0100205D
:1029200001B40248844601BC604700BFC5030020D3
:1029300001B40248844601BC604700BFF512002084
:1029400001B40248844601BC604700BF5103002027
:1029500001B40248844601BC604700BFC50700209F
:1029600001B40248844601BC604700BFF90E002054
:1029700001B40248844601BC604700BF990E0020A4
:1029800001B40248844601BC604700BFC10000207A
:1029900001B40248844601BC604700BFDD1300203B
:1029A00001B40248844601BC604700BF0113002007
:1029B0005478446F6E6500004C6F526120696E69F7
:1029C00074206661696C65642E20436865636B20C2
:1029D000796F757220636F6E6E656374696F6E7365
:1029E0002E0000004C6F526120696E69742073756F
:1029F000636365656465642E000000004C6F52617E
:102A00002053696D706C652047617465776179004A
:102A10004F6E6C792072656365697665206D6573AC
:102A200073616765732066726F6D206E6F64657386
:102A30000000000054783A20696E7665727449513E
:102A400020656E61626C650052783A20696E766529
:102A5000727449512064697361626C650000000002
:102A600048654C6F526120576F726C6421200000E2
:102A700049276D20612047617465776179212000C5
:102A800062617369635F737472696E673A3A5F4D2E
:102A90005F636F6E737472756374206E756C6C20F7
:102AA0006E6F742076616C696400000053656E641B
:102AB000204D65737361676521000000476174658F
:102AC00077617920526563656976653A2000000078
:102AD0004E6F207370696E6C6F636B7320617265EB
:102AE00020617661696C61626C6500004E6F2075D3
:102AF000736572204952517320617265206176615D
:102B0000696C61626C650000FFFFFFFFFFFFFF7FE4
:102B1000486172647761726520616C61726D202515
:102B20006420616C726561647920636C61696D65B4
:102B3000640000000A2A2A2A2050414E4943202AD4
:102B40002A2A0A00486172642061737365727400F6
:102B5000666E6900666E692B000000006E616E0093
:102B6000666E692D00000000A83000105E30001075
:102B70005E300010A03000105E3000105E3000109B
:102B80005E3000105E3000105E3000105E300010CD
:102B90005E300010983000105E3000109030001051
:102BA0005E3000105E300010883000105A32001085
:102BB000BA3000104E320010BA3000106A320010E5
:102BC000BA300010BA300010BA300010BA3000101D
:102BD000BA300010BA300010BA300010B030001017
:102BE000BA300010BA300010BA300010BA300010FD
:102BF000BA300010B0300010B03200101A3000109F
:102C00001A3000101A3000101A3000101A3000105C
:102C10001A3000101A3000101A3000101A3000104C
:102C20001A3000101A3000101A3000101A3000103C
:102C30001A3000101A3000101A3000101A3000102C
:102C40001A3000101A3000101A3000101A3000101C
:102C50001A3000101A3000101A3000101A3000100C
:102C60001A3000101A3000101A3000101A300010FC
:102C70001A3000101A300010DE3400107C320010C0
:102C8000DE3400101A3000101A3000101A30001014
:102C90001A3000101A3000101A3000101A300010CC
:102CA0001A3000101A3000101A3000101A300010BC
:102CB0001A3000101A3000101A3000101A300010AC
:102CC0001A300010623100101A3000101A30001053
:102CD0001A3000101A3000101A3000101A3000108C
:102CE0001A3000101A3000101A3000106231001033
:102CF000C432001062310010DE3400107C3200104B
:102D0000DE3400101A300010623100101A3000104A
:102D10001A3000101A3000101A3000101A3000104B
:102D200062310010EE3300101A3000101A3000101B
:102D3000303300101A300010623100101A300010C9
:102D40001A30001062310010000000000000F03F57
:102D50000000000000002440000000000000594076
:102D60000000000000408F40000000000088C340C9
:102D700000000000006AF8400000000080842E413E
:102D800000000000D01263410000000084D797418A
:102D90000000000065CDCD416D697373696E6720D9
:102DA000646F75626C652066756E6374696F6E0022
:102DB0004F7574206F66206D656D6F72790000002D
:102DC00052656C6561736500626F6F74325F773254
:102DD0003571303830000000312E342E30000000C4
:102DE0007069636F5F7700004C6F526153696D705B
:102DF0006C654761746577617900000041707220ED
:102E0000203120323032330006005250BBFF3CB636
:102E1000E02D011006005250E182887FC82D01107C
:102E200006005250D3F07542C02D01100D0A00006B
:102E3000A1490010A5490010B1490010DD4900105A
:102E4000D949001000000000555342207374646992
:102E50006E202F207374646F75740000060052504A
:102E600053B4F4A1482E01105261737062657272FE
:102E700079205069000000005069636F0000000075
:102E8000426F6172642043444300000052657365E1
:102E90007400000009025400030100807D080B004B
:102EA00002020200000904000001020200040524DD
:102EB000002001052401000104240202052406006B
:102EC000010705810308001009040100020A00003F
:102ED00000070502024000000705820240000009C9
:102EE00004020000FF00010512010002EF02014090
:102EF0008A2E0A0000010102030100000000000008
:102F0000682E0110782E0110602C0020802E0110F8
:102F10008C2E0110556E68616E646C656420495298
:102F20005120307825780A006570202564202573AB
:102F30002077617320616C726561647920617661CC
:102F4000696C61626C65000043616E277420636F79
:102F50006E74696E75652078666572206F6E206983
:102F60006E61637469766520657020256420257321
:102F7000000000006F757400696E00002858001092
:102F8000245A0010B65900106A5900104C5900100C
:102F900034590010C8580010765800106A580010B4
:102FA000005D0010E65C0010225900107E5D0010EC
:102FB00022590010665D0010525D00102259001069
:102FC0003E5D0010145D0010225900106E6000106C
:102FD000985D00109E6000102259001022590010C8
:102FE00080600010985D00102259001022590010D6
:102FF00022590010225900102259001022590010A5
:10300000225900105E60001069680010E568001029
:1030100011690010F5690010D96A00100000000065
:1030200053504920435300000000000000000000FE
:1030300079770010557500102D7400103174001050
:103040003574001099740010597600100800525021
:103050000A38A50409005250000100002030011078
:103060000D0A0000696E66006F766600EC31011093
:1030700078300110103201104E31305F5F63787884
:10308000616269763131375F5F636C6173735F745E
:103090007970655F696E666F450000000000000092
:1030A0006C300110218F0010398F0010059A00102C
:1030B000059A0010B58F0010D98E0010998F00105E
:1030C000598F00100D8F00107374643A3A62616476
:1030D0005F657863657074696F6E0000A4300110DD
:1030E00000310110A430011020310110EC31011029
:1030F00044310110F8300110A43001105831011092
:103100004E31305F5F637878616269763131355F67
:103110005F666F726365645F756E77696E644500A4
:103120004E31305F5F637878616269763131395F43
:103130005F666F726569676E5F65786365707469F5
:103140006F6E4500537431336261645F6578636507
:103150007074696F6E000000537439657863657030
:1031600074696F6E0000000000000000EC30011078
:10317000819100108D91001085910010D291001066
:103180008692001036920010D29100101C9200100E
:10319000B8920010B8920010B8920010B8920010C7
:1031A0005292001042920010D29100101C92001016
:1031B000EC310110BC3101106C3001104E31305F28
:1031C0005F637878616269763132305F5F73695F1F
:1031D000636C6173735F747970655F696E666F4568
:1031E0000000000000000000B0310110D198001074
:1031F000E9980010059A0010059A0010B58F00108C
:10320000D98E0010DD990010419900100999001025
:10321000A430011018320110537439747970655F4D
:10322000696E666F000000007465726D696E61748E
:10323000652063616C6C6564207265637572736987
:1032400076656C790A0000007465726D696E617450
:10325000652063616C6C65642061667465722074BE
:1032600068726F77696E6720616E20696E73746132
:103270006E6365206F66202700000000270A0000AB
:103280007465726D696E6174652063616C6C6564F0
:1032900020776974686F757420616E20616374694A
:1032A000766520657863657074696F6E0A0000004A
:1032B00020207768617428293A20200062617369B0
:1032C000635F737472696E673A3A5F4D5F637265EC
:1032D000617465007374643A3A6261645F616C6C36
:1032E0006F630000EC310110F0320110F830011072
:1032F0005374396261645F616C6C6F63000000003D
:1033000000000000E4320110199D0010319D0010F2
:10331000119D0010929D0010609D0010609D001096
:10332000609D0010609D0010929D0010929D001005
:10333000929D0010929D00108E9D00108E9D001099
:10334000609D00108E9D00108E9D00108E9D0010BF
:103350008E9D00108E9D00108E9D00108E9D001081
:103360008E9D00108E9D00108E9D00108E9D001071
:103370008E9D0010929D0010689D0010689D0010A9
:10338000689D0010689D0010689D0010689D0010E9
:10339000689D0010689D0010609D00108E9D0010BB
:1033A0008E9D00108E9D00108E9D00108E9D001031
:1033B000929D00108E9D0010689D0010649D00106D
:1033C000609D0010929D0010609D0010689D00108F
:1033D000689D00108E9D0010649D0010929D00104D
:1033E000929D00108E9D00108E9D00108E9D0010ED
:1033F000609D0010609D0010609D0010609D001099
:10340000609D00108E9D0010609D0010609D00105A
:103410008E9D0010609D0010929D0010929D0010E6
:103420008E9D00108E9D00108E9D0010929D0010AC
:10343000929D0010929D00108E9D00108E9D001098
:103440008E9D0010609D0010689D0010609D001012
:10345000689D0010689D0010D09E0010E09E001036
:10346000E09E0010E09E0010D69E0010D09E00103E
:10347000D09E0010D29E0010D29E0010E09E001040
:10348000E09E0010E09E0010E09E0010E09E001004
:10349000E09E0010E09E0010E09E0010E09E0010F4
:1034A000E09E0010E09E0010E09E0010E09E0010E4
:1034B000E09E0010E09E0010D09E0010E09E0010E4
:1034C000E09E0010E09E0010E09E0010E09E0010C4
:1034D000E09E0010E09E0010E09E0010E09E0010B4
:1034E000E09E0010009F0010009F0010E09E001062
:1034F000E09E0010D09E0010E09E0010E09E0010A4
:10350000E09E0010E09E0010CA9E0010E09E001099
:10351000E09E0010E09E0010E09E0010E09E001073
:10352000D09E0010D29E0010E09E0010E09E001081
:10353000E09E0010E09E0010E09E0010E09E001053
:10354000E09E0010E09E0010E09E0010E09E001043
:10355000E09E0010E09E0010E09E0010D09E001043
:10356000D09E0010E09E0010CA9E0010CA9E00105F
:10357000CA9E0010CA9E0010D09E0010E09E00104F
:10358000E09E0010E09E0010E09E0010E09E001003
:10359000E09E0010E09E0010E09E0010F0A00010E1
:1035A000F4A00010F4A00010F4A00010F4A000108B
:1035B000DEA00010F0A0001000A1001000A100107B
:1035C000F4A00010F4A00010F4A00010F4A000106B
:1035D000F4A00010F4A00010F4A00010F4A000105B
:1035E000F4A00010F4A00010F4A00010F4A000104B
:1035F000F4A00010F4A00010F4A00010F0A000103F
:10360000F4A00010F4A00010F4A00010F4A000102A
:10361000F4A00010F4A00010F4A00010F4A000101A
:10362000F4A00010F4A00010F4A00010F4A000100A
:10363000F4A00010F4A00010F0A00010F4A00010FE
:10364000F4A00010F4A00010F4A00010F0A00010EE
:10365000F4A00010F4A00010F4A00010F4A00010DA
:10366000F4A00010F0A0001000A10010F4A00010C1
:10367000F4A00010F4A00010F4A00010F4A00010BA
:10368000F4A00010F4A00010F4A00010F4A00010AA
:10369000F4A00010F4A00010F4A00010F4A000109A
:1036A000F0A00010F0A00010F4A00010F4A0001092
:1036B000F4A00010F0A00010F0A00010F0A0001086
:1036C000F4A00010F4A00010F0A00010F0A0001072
:1036D00002A7001002A7001002A7001002A7001006
:1036E00002A7001002A7001002A7001002A70010F6
:1036F00002A7001002A700105CA600105CA6001034
:103700005CA600105CA600105CA600105CA6001071
:103710005CA60010C6A800105CA600102AA8001025
:1037200006A800105CA60010FAA70010C2A700109F
:103730005CA600105CA600105CA600105CA6001041
:103740005CA6001042A9001002A70010A6A7001056
:103750008AA700105CA600106EA7001026A7001014
:1037600076A8001046A800105CA600105CA6001009
:103770005CA600105CA6001002A700105CA600105A
:103780005CA600105CA600105CA600105CA60010F1
:103790005CA60010C0A60010C0A60010C0A60010B5
:1037A000C0A60010C0A60010C0A60010C0A6001041
:1037B000C0A60010C0A60010C0A600105CA6001095
:1037C000C0A60010C0A60010C0A60010C0A6001021
:1037D0005CA600105CA600105CA60010C0A600103D
:1037E000C0A60010DEA70010C0A60010C0A60010E2
:1037F000C0A60010C0A60010C0A600107CA9001032
:103800005CA600105CA600105CA600105CA6001070
:103810005CA600105CA600105CA600105CA6001060
:103820005CA600105CA600105CA600105CA6001050
:103830005CA600102AA600105CA600105CA6001072
:103840005CA600105CA600105CA600105CA6001030
:103850005CA600105CA600105CA600105CA6001020
:103860005CA600105CA600101AAA00105CA600104E
:10387000EEA90010D6AA0010A6AA001076AA001081
:103880005CA6001046AA00107EAB00105CA60010DB
:103890005CA600105CA600105CA600104EAB0010E9
:1038A0005CA6001036AB00105CA600105CA60010F1
:1038B00006AB00102AA6001008AC0010AEAB00103A
:1038C00040B1001094B1001082B100109AB1001004
:1038D0008EB1001088B100102ABA001052B8001042
:1038E000F0B9001052B8001052B8001072BA0010AF
:1038F00052B8001060BA00104EBA00103CBA001066
:1039000052B8001052B8001052B8001052B800104F
:1039100052B8001052B8001052B8001052B800103F
:103920009ABA001084BA001052B80010ACBA001055
:10393000DEB9001052B8001052B8001052B8001092
:1039400052B8001052B8001052B8001052B800100F
:1039500052B8001052B8001052B8001052B80010FF
:103960009EB9001052B8001052B8001052B80010A2
:1039700052B800106CB9001052B8001052B80010C4
:1039800052B8001052B8001052B8001052B80010CF
:1039900052B8001052B8001052B8001052B80010BF
:1039A00052B8001052B8001052B800103AB90010C6
:1039B000BADA0010FEC50010FEC5001044C70010A2
:1039C00016C90010EED9001082D900109CCC00104E
:1039D0006ECC0010DAD6001078D600100CD400108F
:1039E00094D30010B2C800104EC8001066C6001074
:1039F00060CF0010D4CD001098CE00100CCD001078
:103A0000FCCE001070CD001038CE001058DA001037
:103A10000ED600102CC400102CC400102CC40010B2
:103A2000DEC30010DEC30010DEC30010DEC30010D2
:103A3000DEC30010DEC30010DEC3001022C500107C
:103A400022C50010DEC30010DEC3001024DB00100E
:103A50003CD7001032D900105ED80010ECC4001022
:103A60006CD40010ECC400106AC400106AC40010CA
:103A7000A8CC00103CD300106ED20010D8D2001099
:103A800060C40010B0D000107ED1001014D100101E
:103A90008AD1001060C40010E0D7001060C400108C
:103AA00060C400107CC500107CC500105ED70010FB
:103AB00048D70010EAD5001074D5001012D50010B8
:103AC000CAC60010E8CF00100CCC001060C4001073
:103AD0008ECB00104CD000102ACB001070CA001002
:103AE00008CA0010DEC300109EC90010DEC300101B
:103AF000DEC3001002E90010F6E80010EAE800104A
:103B0000DEE800100EE9001080EF001092ED0010CA
:103B100092ED001092ED001092ED001092ED001069
:103B200092ED001092ED001092ED001092ED001059
:103B300092ED001092ED001092ED001092ED001049
:103B400092ED001092ED001092ED001092ED001039
:103B500092ED001092ED001092ED001092ED001029
:103B6000A8ED001004EE001060EE0010A8ED0010AB
:103B700004EE001060EE00101AEF001036EF001097
:103B800056EF00102CF300108AEF0010AAEF00107F
:103B900006F0001064F0001092ED001092ED00109D
:103BA00092ED001092ED0010C2F0001092ED0010A6
:103BB00058F1001092ED001092ED001092ED0010FF
:103BC00092ED001092ED001092ED001092ED0010B9
:103BD00092ED001092ED001092ED001092ED0010A9
:103BE00092ED001092ED001092ED001092ED001099
:103BF00092ED001092ED001092ED001092ED001089
:103C000092ED001092ED001092ED001092ED001078
:103C100092ED001092ED001092ED001092ED001068
:103C200092ED001092ED001092ED001092ED001058
:103C3000B8F1001092ED001016F20010BCEE00106A
:103C400056F4001056F4001056F4001016F500104B
:103C500016F5001016F5001016F5001016F50010F8
:103C600056F4001078F5001078F5001078F5001083
:103C700056F4001056F4001016F5001016F500105A
:103C800016F5001016F5001056F400107400000030
:103C9000A844011003000000A84401100300000024
:103CA000000000000000000061000000D447011087
:103CB0000E000000D44701100E000000E447011080
:103CC0000900000062000000F04701101100000030
:103CD000F047011011000000044801100C00000022
:103CE00073000000144801100B0000002048011070
:103CF00046000000044801100C00000069000000AC
:103D0000684801100C0000007848011031000000E4
:103D1000AC4801100D0000006F000000BC4801100D
:103D20000C000000CC4801103100000000490110D7
:103D30000D00000064000000104901100D0000009B
:103D40002049011032000000544901100E0000000B
:103D500064490110684901100200000002000000DF
:103D60006C490110704901100100000002000000C0
:103D70007449011098470110020000000200000081
:103D8000784901107C490110010000000100000089
:103D9000804901107C490110010000000200000070
:103DA000844901108849011008000000010000004A
:103DB0009449011098490110090000000100000019
:103DC000A44901108849011008000000010000000A
:103DD000A8490110AC4901100A00000002000000CF
:103DE000B8490110BC4901100200000002000000A7
:103DF000C0490110C4490110010000000200000088
:103E0000C8490110CC490110010000000100000068
:103E1000D0490110D4490110020000000200000046
:103E2000D8490110DC490110090000000100000020
:103E3000E8490110EC4901100C00000002000000EC
:103E4000FC490110004A01100100000001000000BF
:103E5000044A0110084A0110070000000100000098
:103E6000104A0110144A0110020000000200000074
:103E7000184A0110584B0110010000000200000018
:103E80001C4A0110204A011001000000020000003D
:103E9000244A0110284A011002000000020000001C
:103EA0002C4A0110304A01100100000002000000FD
:103EB000344A0110384A01100200000002000000DC
:103EC0003C4A0110D046011003000000030000002E
:103ED000404A0110D046011003000000030000001A
:103EE000444A0110D0460110030000000200000007
:103EF000484A0110D04601100300000002000000F3
:103F00004C4A0110504A011002000000020000005B
:103F1000544A0110C84401100200000001000000D2
:103F2000584A0110A84801100100000002000000DA
:103F30005C4A0110604A011002000000020000000B
:103F4000644A0110684A01100300000002000000EA
:103F5000042B01106C4A0110020000000200000056
:103F6000704A0110744A01100B00000001000000AB
:103F7000804A0110844A0110020000000200000083
:103F8000884A01108C4A0110010000000200000064
:103F9000904A0110944A0110020000000200000043
:103FA000984A01109C4A0110020000000200000023
:103FB000A04A0110A44A0110010000000200000004
:103FC000A84A0110004A0110010000000200000090
:103FD000AC4A0110B04A01100200000001000000CC
:103FE000B44A0110B84A01100500000003000000A7
:103FF000B4290110C04A01100200000002000000B4
:104000009C4C0110A44A01100100000001000000B6
:10401000C44A0110B82A011001000000010000008C
:10402000C84A0110CC4A0110030000000300000040
:10403000D04A0110D44A0110020000000200000022
:10404000D84A0110DC4A0110020000000200000002
:10405000E0470110E04A01100100000002000000EA
:10406000E44A0110E84A01100200000002000000CA
:10407000EC4A0110F04A01100100000002000000AB
:10408000F44A0110F84A0110030000000200000089
:10409000FC4A0110004B011002000000010000006A
:1040A000044B0110F04A0110010000000100000063
:1040B000084B01100C4B0110020000000200000030
:1040C00088460110104B01100100000003000000A1
:1040D000144B0110184B01100200000002000000F8
:1040E0001C4B0110204B01100300000002000000D7
:1040F000244B0110284B01101000000002000000AA
:104100003C4B0110404B0110010000000200000078
:10411000444B0110484B0110020000000200000057
:104120004C4B0110504B0110090000000100000031
:104130005C4B0110504B0110090000000100000011
:10414000604B0110644B01100B00000002000000E6
:10415000704B0110744B01100300000002000000BE
:10416000B4490110784B0110070000000100000065
:10417000804B0110784B0110070000000100000087
:10418000844B0110884B0110050000000000000066
:10419000904B0110944B011006000000010000003C
:1041A000000000000000000000000000000000000F
:1041B0009C4B01100B0000009C4B01100B000000F9
:1041C00000000000A84B011004000000B04B0110DB
:1041D0000700000007000000B84B011004000000B9
:1041E000C04B01100400000000000000C84B01108B
:1041F00006000000C84B0110060000000800000087
:10420000D04B01100B000000D04B01100B00000040
:1042100008000000DC4B011005000000DC4B011021
:104220000500000008000000E44B01100A00000037
:10423000E44B01100A00000008000000F04B0110E0
:104240000D000000F04B01100D0000000000000008
:10425000004C011003000000004C0110030000009E
:1042600001000000044C01100C000000144C01106F
:104270000800000002000000000000000000000034
:10428000000000000000000000000000204C0110B1
:1042900004000000204C0110040000000300000096
:1042A000284C01100D000000284C01100D000000EA
:1042B00004000000384C011008000000384C0110C8
:1042C0000800000000000000444C01101100000034
:1042D000444C01101100000000000000000000002C
:1042E00000000000000000000000000000000000CE
:1042F00000000000000000000000000000000000BE
:1043000000000000000000000000000000000000AD
:104310000000000000000000584C011005000000E3
:10432000584C01100500000000000000604C011016
:104330000E000000604C01100E00000000000000A4
:10434000000000000000000000000000000000006D
:1043500000000000704C011004000000704C0110BF
:104360000400000009000000784C01100700000064
:10437000B84B01100400000000000000804C011048
:1043800009000000204C011004000000050000009E
:104390008C4C0110120000008C4C01101200000027
:1043A00006000000D046011003000000D0460110B6
:1043B0000300000000000000A04C011009000000F4
:1043C000A04C01100900000000000000AC4C0110DE
:1043D00009000000AC4C01100900000000000000C2
:1043E000B84C01100A000000B84C01100A0000008F
:1043F00000000000C44C011004000000C44C011077
:104400000400000008000000CC4C01100700000070
:10441000CC4C01100700000000000000D44C01103B
:1044200008000000D44C011008000000000000004B
:10443000E04C011008000000E04C011008000000F2
:1044400000000000AC44011011000000AC44011059
:104450001100000000000000256400005F474C4F81
:1044600042414C5F0000000028616E6F6E796D6FF5
:104470007573206E616D657370616365290000005E
:104480006175746F000000006465636C7479706519
:10449000286175746F290000737472696E67206CEF
:1044A00069746572616C0000737464006465636CA8
:1044B00074797065286E756C6C70747229000000D8
:1044C0005B6162693A0000003A3A00007B6465660D
:1044D00061756C7420617267230000007D3A3A00B8
:1044E0006175746F3A00000074656D706C6174657D
:1044F00020706172616D65746572206F626A6563B8
:104500007420666F72200000767461626C652066AC
:104510006F72200056545420666F72200000000015
:10452000636F6E737472756374696F6E20767461F5
:10453000626C6520666F7220000000002D696E2D90
:104540000000000074797065696E666F20666F7296
:104550002000000074797065696E666F206E616D71
:104560006520666F7220000074797065696E666FF1
:1045700020666E20666F7220000000006E6F6E2D48
:104580007669727475616C207468756E6B20746FD7
:1045900020000000636F76617269616E742072653D
:1045A0007475726E207468756E6B20746F200000D5
:1045B0006A61766120436C61737320666F722000BC
:1045C0006775617264207661726961626C652066EC
:1045D0006F722000544C5320696E69742066756EAA
:1045E0006374696F6E20666F72200000544C532014
:1045F000777261707065722066756E6374696F6E34
:1046000020666F72200000007265666572656E63D9
:10461000652074656D706F726172792023000000EF
:1046200068696464656E20616C69617320666F728D
:10463000200000006E6F6E2D7472616E7361637482
:10464000696F6E20636C6F6E6520666F722000006C
:104650005F536174200000005F4672616374000064
:104660005F416363756D00002C2000006F70657200
:1046700061746F72000000006F70657261746F7218
:10468000200000003E28000071750000203A200044
:104690006E65772000000000756C00006C6C0000F7
:1046A000756C6C0066616C736500000074727565F2
:1046B000000000006A617661207265736F75726335
:1046C000652000006465636C7479706520280000C3
:1046D0002E2E2E0074686973000000007B706172DA
:1046E0006D230000676C6F62616C20636F6E737482
:1046F000727563746F7273206B6579656420746F73
:1047000020000000676C6F62616C206465737472D6
:104710007563746F7273206B6579656420746F20A4
:10472000000000007B6C616D626461280000000085
:10473000292300007B756E6E616D6564207479704D
:1047400065230000205B636C6F6E65200000000035
:1047500020726573747269637400000020766F6C58
:104760006174696C6500000020636F6E73740000F3
:10477000207472616E73616374696F6E5F736166DA
:1047800065000000206E6F6578636570740000003E
:10479000207468726F77000026260000205F436F48
:1047A0006D706C6578000000205F496D6167696E0F
:1047B000617279003A3A2A00205F5F766563746F10
:1047C00072280000282E2E2E000000002E2E2E29EA
:1047D000000000007374643A3A616C6C6F6361743A
:1047E0006F720000616C6C6F6361746F7200000027
:1047F0007374643A3A62617369635F737472696E69
:104800006700000062617369635F737472696E6749
:10481000000000007374643A3A737472696E670042
:104820007374643A3A62617369635F737472696E38
:10483000673C636861722C207374643A3A63686100
:10484000725F7472616974733C636861723E2C209C
:104850007374643A3A616C6C6F6361746F723C6339
:104860006861723E203E00007374643A3A69737462
:104870007265616D000000007374643A3A6261739E
:1048800069635F6973747265616D3C636861722C02
:10489000207374643A3A636861725F747261697418
:1048A000733C636861723E203E0000006261736980
:1048B000635F6973747265616D0000007374643ABC
:1048C0003A6F73747265616D000000007374643A2E
:1048D0003A62617369635F6F73747265616D3C63A3
:1048E0006861722C207374643A3A636861725F7411
:1048F00072616974733C636861723E203E0000001F
:1049000062617369635F6F73747265616D0000004B
:104910007374643A3A696F73747265616D00000074
:104920007374643A3A62617369635F696F73747236
:1049300065616D3C636861722C207374643A3A63FC
:104940006861725F7472616974733C636861723E1E
:10495000203E000062617369635F696F7374726502
:10496000616D0000614E0000263D000061530000B3
:104970003D0000006161000061640000260000004D
:10498000616E000061740000616C69676E6F662083
:104990000000000061770000636F5F6177616974F8
:1049A00020000000617A000063630000636F6E7393
:1049B000745F636173740000636C00002829000059
:1049C000636D00002C000000636F00007E0000009B
:1049D000645600002F3D00006461000064656C6552
:1049E00074655B5D200000006463000064796E61A3
:1049F0006D69635F636173740000000064650000AB
:104A00002A000000646C000064656C657465200019
:104A1000647300002E2A00006474000064760000B5
:104A20002F000000654F00005E3D0000656F000034
:104A30005E000000657100003D3D0000664C000016
:104A400066520000666C0000667200006765000038
:104A50003E3D000067730000677400006978000045
:104A60005B5D00006C5300003C3C3D003C3D0000A1
:104A70006C6900006F70657261746F722222200091
:104A80006C7300003C3C00006C7400003C000000B3
:104A90006D4900002D3D00006D4C00002A3D0000D6
:104AA0006D6900002D0000006D6C00006D6D000050
:104AB0002D2D00006E6100006E65775B5D000000CB
:104AC000213D00006E7400006E7700006E65770077
:104AD0006F5200007C3D00006F6F00007C7C000086
:104AE0007C000000704C00002B3D0000706C00004A
:104AF0002B000000706D00002D3E2A007070000039
:104B00002B2B000070730000707400002D3E00001D
:104B10003F000000724D0000253D00007253000070
:104B20003E3E3D00726300007265696E746572708E
:104B30007265745F6361737400000000726D000041
:104B400025000000727300003E3E0000735000001C
:104B500073697A656F662E2E2E000000735A00006E
:104B6000736300007374617469635F6361737400DD
:104B7000737300003C3D3E0073697A656F662000E8
:104B8000737A0000747200007468726F770000001E
:104B9000747700007468726F772000007369676E25
:104BA0006564206368617200626F6F6C00000000D2
:104BB000626F6F6C65616E00636861720000000077
:104BC0006279746500000000646F75626C650000B6
:104BD0006C6F6E6720646F75626C6500666C6F61E8
:104BE000740000005F5F666C6F61743132380000E2
:104BF000756E7369676E656420636861720000009A
:104C0000696E7400756E7369676E656420696E7491
:104C100000000000756E7369676E65640000000037
:104C20006C6F6E6700000000756E7369676E656477
:104C3000206C6F6E670000005F5F696E7431323800
:104C400000000000756E7369676E6564205F5F69C0
:104C50006E7431323800000073686F7274000000A7
:104C6000756E7369676E65642073686F7274000097
:104C7000766F69640000000077636861725F74009A
:104C80006C6F6E67206C6F6E67000000756E7369E5
:104C9000676E6564206C6F6E67206C6F6E670000D6
:104CA000646563696D616C3332000000646563693B
:104CB0006D616C3634000000646563696D616C3150
:104CC0003238000068616C66000000006368617241
:104CD000385F74006368617231365F7400000000F1
:104CE0006368617233325F7400000000EC310110C0
:104CF000044D0110F8300110EC310110144D011079
:104D0000EC4C0110537431316C6F6769635F6572ED
:104D1000726F7200537431326C656E6774685F65D0
:104D200072726F720000000000000000EC4C011075
:104D30006D0A0110ED0A0110690A0110000000005F
:104D4000F84C0110AD0A0110350B0110690A011071
:104D500062617369635F737472696E673A3A5F5335
:104D60005F636F6E737472756374206E756C6C2004
:104D70006E6F742076616C69640000006261736913
:104D8000635F737472696E673A3A5F535F6372650B
:044D900061746500E5
:104D94000D46FF7FF0801201B0B0B0ABFFFF0126DB
:104DA4000E7E0000C00108960400B40226F403003D
:104DB400EA0204960400FE02040000AA034A9604D0
:104DC4000092040400000000D545FF7F70800701B5
:104DD400B0B0B0ABFFFF010A30448E01009C010467
:104DE4000000000080020181B0B0AB300000000080
:104DF40080010181B0B0AB1000000000800401818B
:104E0400B0B0ABF00000000080010181B0B0AB1085
:104E14000000000080040181B0B0AB30000000004D
:104E240080040181B0B0ABF000000000800101817A
:104E3400B0B0AB700000000080010181B0B0AB7075
:104E44000000000080020181B0B0ABF0000000005F
:104E540080010181B0B0AB1000000000800101812D
:104E6400B0B0AB100000000030800181B0AB08B1DD
:104E740000000000800A0181B0B0AB3000000000E7
:104E840080140181B0B0ABF00000000030800181DB
:104E9400B0AB08B10000000080010181B0B0AB10DC
:104EA40000000000F0800181B0AB08B100000000F8
:104EB400ED44FF7FF0801201B0B0B0ABFF101901D8
:104EC4001026C20700008A0804C00901D40804009F
:104ED4000001000000000000C544FF7FB0B0AA003C
:104EE400FF1019010C020608010C0410051E08002D
:104EF4000001007F00007D000000000000000000B1
:104F040080030181B0B0AB10000000009144FF7F2A
:104F1400B0AA0100FF10290118323400007204AA5B
:104F240001037C2E0000C60118EE0100E8010E000A
:104F3400000200017D00000000000000B8E1FFFF56
:104F44005D44FF7FB0B0AA00FFFF01080E041C00FF
:104F5400180E00004944FF7FB0B0AA00FFFF01080B
:104F64000E041C00180E000080010181B0B0ABB02B
:104F7400000000002944FF7FF0800401B0B0B0AB12
:104F8400FF1019010F480A520196014AE60100EE8A
:104F94000104000001000000000000000144FF7F44
:104FA400B0B0AA00FFFF0100F543FF7F10800101AC
:104FB400B0B0B0ABFFFF0108224C6E0074040000D7
:104FC40074B20181B0AB3080000000008008018120
:104FD400B0B0ABF0000000003F020181B0AB308004
:104FE4000000000080060181B0B0ABF000000000BA
:104FF40018B3FE7FB0B0A88034B3FE7F94FDFF7F6A
:1050040084B5FE7FC4FDFF7F24B6FE7F010000004F
:105014002024FF7FD0FDFF7F7C24FF7FD4FDFF7F12
:105024003025FF7FD8FDFF7F2C26FF7FDCFDFF7F2F
:105034004427FF7FE0FDFF7F3428FF7FE4FDFF7FEF
:105044005C2BFF7FE8FDFF7F682DFF7FECFDFF7F7A
:10505400CC2EFF7FB0B0A8800C2FFF7FE8FDFF7F30
:105064007430FF7FECFDFF7FC030FF7FB0AB028068
:10507400A831FF7F01000000A831FF7FE0FDFF7F22
:105084002833FF7FB0B0A8803433FF7F01000000D5
:105094006033FF7FAB08B180C433FF7FB0B0A8801A
:1050A400C833FF7FC4FDFF7F2034FF7FB0B0AA80E8
:1050B4005434FF7FAB708080EC34FF7FB0B0AA80A3
:1050C4003035FF7FB0FDFF7FC435FF7FB0B0AA80CD
:1050D4009836FF7FB0B0A880D836FF7FB0B0AA80E2
:1050E4004038FF7F9CFDFF7F7C39FF7FB0AB02809F
:1050F400C839FF7F00840280E039FF7FB0AA0180B5
:10510400443AFF7FB0AB0280D83AFF7F80FDFF7F37
:10511400603DFF7F00840280683DFF7FB0AA01806C
:10512400B43DFF7FB0A90480E03DFF7F0100000093
:10513400803EFF7FAB08B1809C3EFF7F01000000F2
:10514400A83EFF7F54FDFF7F603FFF7F010000000A
:105154005840FF7F50FDFF7F6441FF7FB0B0A880BF
:10516400A441FF7FAB08B1803442FF7F44FDFF7F41
:10517400F446FF7F64FDFF7F1447FF7F01000000BA
:105184001C47FF7FB0B0A8802C47FF7F01000000C0
:105194007447FF7FB0AB0280A447FF7F64FDFF7FAD
:1051A4003848FF7FAB08B1805448FF7F01000000FE
:1051B4008448FF7F58FDFF7F9049FF7FB0B0A880EF
:1051C400A849FF7F7CFDFF7FD049FF7F88FDFF7FDB
:1051D400F849FF7FB0B0A8802C4AFF7F8CFDFF7F89
:1051E400D84AFF7FB0AA0180244BFF7F0100000052
:1051F400ECB4FF7F80FDFF7FE4B5FF7FA0FDFF7F60
:1052040050B6FF7FB0B0A8800CB7FF7F010000004C
:1052140050B7FF7FB0B0AA807CB7FF7FB0B0A88042
:10522400E4B7FF7F01000000FCB7FF7FB0B0A880A7
:1052340034B8FF7F0100000040B9FF7F6CFDFF7FA1
:10524400C0B9FF7FB0B0A88044BAFF7F010000005E
:1052540074B2FE0FB0A9028008B3FE0FB0B0A880EC
:105264005CB3FE0F0100000068B3FE0FB0B0AA806B
:105274009CB3FE0F4CFDFF7F64B4FE0F01000000E1
:1052840060B4FE0FAA3F3980ACB4FE0FB0B0A88062
:10529400B8B4FE0FB0B0AA80F8B4FE0FB0B0A880C6
:1052A4000CB5FE0F0100000008B5FE0FB0B0A880D9
:1052B40010B5FE0F01000000A0B5FE0FAA0FB280CA
:1052C40008B6FE0F08FDFF7FECB8FE0FB0B0A88053
:1052D40008B9FE0F04FDFF7F68BBFE0F010000004C
:1052E400D8BCFE0F00840480E8BCFE0FB0B0A880D8
:1052F400E8BCFE0FF0FCFF7FD0BFFE0F00840480EB
:10530400F0BFFE0FB0B0A88008C0FE0F010000007F
:10531400B4020010A80200109C020010082E011014
:1053240090020010142E0110202E01104C30011098
:08533400543001105C2E011041
:10533C00D02330B500251B0600245D5706E003681A
:10534C00BFF35F8F1C6081F3108820BF0268EFF3FE
:10535C00108172B61368002BFCD0BFF35F8F0379FA
:10536C007F2BECD905710368BFF35F8F00221A60A5
:10537C0081F3108830BDC04603000068EFF3108C39
:10538C0072B60268002AFCD0BFF35F8F04229A56D3
:10539C00002A0BDB00290FD000200A601B68BFF32A
:1053AC005F8F00221A608CF310887047D02212068F
:1053BC00126801201A71F1E70020EFE7F0B5C6463C
:1053CC0000B582B00C00070001F0BEF9FA220023F0
:1053DC000090019120009200002101F0ADF9009A9B
:1053EC00019B14001D0024184D41AB422FD82BD02B
:1053FC00D0231B061B68002698460BE03B68BFF3C6
:10540C005F8F1E6081F310882000290001F07CF969
:10541C00002820D13A68EFF3108172B61368002B84
:10542C00FCD0BFF35F8F3B797F2BE7D943463B71B1
:10543C003B68BFF35F8F00221A6081F31088012054
:10544C0002B080BCB846F0BD009BA342D0D9012469
:10545C006442E517CCE70020F2E7C0460268EFF3A0
:10546C00108172B61368002BFCD0BFF35F8FFF2343
:10547C0003710368BFF35F8F00221A6081F31088F9
:10548C0040BF7047084810B50378002B0AD1802321
:10549C000649074A5B051C68CC5004339342FAD189
:1054AC000123037010BDC046792C00206825001024
:1054BC000001001010B5024B0133984710BDC046D7
:1054CC0068250020034B1A68C0239B009343024AB3
:1054DC00136070470C8001400C900140054B1A681A
:1054EC0080239B005340C02292001340024A136059
:1054FC007047C0460C8001400C9001401423F0B55D
:10550C00D6464F4646469A46814618880433C0B55F
:10551C0098460E001B8827491400984753460700ED
:10552C001888434624491B88984753460500188819
:10553C00434622491B8898478046FFF7A3FFB8478C
:10554C00A847FFF7CBFF002C1BD0C0212200082757
:10555C00022049053D008B6A1D4018420BD0002CDF
:10556C0009D0131B0D2B1FD84B461B78013C0B6627
:10557C0001239C46E1442300002D0CD11343002B46
:10558C00E8D1FFF79FFFC047FFF794FFE0BCBA4696
:10559C00B146A846F0BD002AF1D00B6E013A33702B
:1055AC00130001362343EAE7002DD3D0002AD1D0D3
:1055BC00F3E7C0464946000045580000464300004A
:1055CC00F0B54F464646D6468946C0B50600181E6D
:1055DC001BD01D001C000223984602339C46002D54
:1055EC0018D02B0008334146F76839421FD0A3422C
:1055FC001DD901214B468A461B78013DB360D1442D
:10560C002B00002C08D1002BE9D1E0BCBA46B146E6
:10561C00A846F0BD002CF8D06346F7683B42DED0BC
:10562C00B368013C1370230001322B43EBE7002CD1
:10563C00F2D1D8E730B50400101E0AD00A000D18BC
:10564C000221E3681942FCD013780132A360954221
:10565C00F7D1E3685B0704D50421A368E36819421A
:10566C00FBD11021E3681942FCD1E3685B0704D538
:10567C000421A368E3681942FBD10123236230BDE6
:10568C007047C04603685A0004D5802212061343A3
:10569C00C01870475B005B08FAE7C046F8B5574680
:1056AC004546DE464E469046E0B50700002924D01C
:1056BC004B1E9A46994600239B465B464B44DC0F97
:1056CC00E4186410E5007E193000FFF7DBFFA245FB
:1056DC000CD040450CD8280008303818FFF7D2FF02
:1056EC00013840450AD2631C9B46E6E7404505D984
:1056FC00A34502D0631E9946DFE700263000F0BCBC
:10570C00BB46B246A946A046F8BDC04603000128D8
:10571C0005D0022807D00020002B02D07047034888
:10572C00FCE70348FAE70348F8E7C046C50B00203E
:10573C00B90B0020D10B002030B5234B050083B0F2
:10574C008C1E002B26D0200001A900E000BF0028F1
:10575C001CD001992200FFF7A1FF041E16D0FFF701
:10576C0091FF6368A864012B2AD0201D002B23DB3A
:10577C00FFF788FF0023E8642B650368002B0FDB21
:10578C00FFF780FF2861002003B030BD0023092003
:10579C002B61F9E70D480E49091AC9100191D9E797
:1057AC001801000FFFF7B2FF2861431E9841082330
:1057BC00404298430930E7E70123E8642B65DCE7B6
:1057CC00002305202B61DFE700000000F44F0110DF
:1057DC0014530110036810B50400DA0705D49B07B5
:1057EC000AD5483000F080FC23685A070AD51A07FE
:1057FC000FD5DB0615D510BD483000F071FC2368C1
:10580C005A07F4D42000D03000F072FC23681A0739
:10581C00EFD420005130FF3000F06EFC2368DB0623
:10582C00E9D42000D130FF3000F06AFCE3E7C04639
:10583C000920704703000068002800D0C01870478A
:10584C007047C04670B504000D002000296CFFF7AE
:10585C0073FF002811D12B6C2A00636121000120F9
:10586C00236998470828F0D0072806D10020296C16
:10587C00FFF7E6FF281D00F01DFC00F06DFFC04691
:10588C00F0B5CE46474680B5C368304C9846A54423
:10589C008369040016000431402205A8994600F0E3
:1058AC002BFF0023049325E0F022149B520063612C
:1058BC0004A97CA8039300F01FFF21002800236992
:1058CC007CAA98478A9B0500039315934B4601933A
:1058DC0004AB00932200230031000120C0470028B4
:1058EC0022D1F0227CA9520004A800F005FF00266A
:1058FC00082D22D1149B200019000393FFF71CFFE5
:10590C0009360700F5B20028CED0129B1021039364
:10591C0015934B46019304AB009322002300012006
:10592C002943C047002800D009273800F5239B00E5
:10593C009D44C0BCB946B046F0BD072DF4D1300033
:10594C001499FFF77DFF05A800F0B4FB2CFCFFFFBA
:10595C00406C704770B5CB6BFAB00B6405000E0051
:10596C004022043103A800F0C7FE01235B420293DE
:10597C0006E029002B6902AA9847040008280AD1DE
:10598C00129B280019000193FFF7D6FE0028F0D0D7
:10599C0009207AB070BD02A8FFF71CFF062CF7D1C6
:1059AC0031002800FFF74EFF10B58261DA6BC16041
:1059BC001A6419000022FFF763FF10BD436970B52C
:1059CC000B64C36804000D00002B13D10A0023697B
:1059DC00010002209847072805D008280FD129007C
:1059EC002000FFF72FFF0020296CFFF729FF281D4F
:1059FC0000F060FB0122FFF743FF00F0ADFE00F06A
:105A0C00ABFEC046C36810B5002B05D0CB6B002293
:105A1C000B64FFF735FF10BDFFF79CFFFBE7C0469B
:105A2C007047C0468368010010B5002B01D00120DF
:105A3C00984710BD012915D00AD8002B10D10F2A78
:105A4C000ED8920082185268009B00201A6006E063
:105A5C0001200339C9B2884280414042013070476D
:105A6C000220FCE70120FAE700B585B003AB0A0081
:105A7C00009300210023FFF7DDFF039805B000BD64
:105A8C00012915D00AD8002B10D10F2A0ED8009B53
:105A9C0092001B6882185360002006E00120033935
:105AAC00C9B2884280414042013070470220FCE775
:105ABC000120FAE700B585B003AB039200930A000E
:105ACC0000230021FFF7DCFF05B000BD70B51A4CB8
:105ADC00D36BA544136405000C0019A8111D4022BA
:105AEC0000F00AFE01235B42189314E00C2118A865
:105AFC0002AAFFF7DFFF210018A8A847002812D13F
:105B0C00069B18AA02A9083001939847060005289D
:105B1C000AD0092807D0289B02A819000193FFF787
:105B2C000BFE0028E2D0092618A8FFF753FE300020
:105B3C0090239B009D4470BDC0FDFFFFF0B5574600
:105B4C009246032245464E46DE4699461300E0B582
:105B5C008846CD6C494689B00340009308CD069524
:105B6C00002900D180E01A0C1B040593022304A920
:105B7C000B73FD3313409B004A73ED18009B022BF3
:105B8C0001D143469D6B43461B6DDB070FD5504639
:105B9C0005A900F05BFB002801D1082000E00920DA
:105BAC0009B0F0BCBB46B246A946A046F0BD2F6872
:105BBC00002FECD008230340029300230193013300
:105BCC0054469B464646BA464B46022B49D02B8838
:105BDC006F889A4604355A463B009343B26C0F21AA
:105BEC00904620009844FFF73FFF0023804506D8DD
:105BFC0053465A469343434498429B415B4202228C
:105C0C007F001740594652460A401743012F30D0A7
:105C1C00022F4CD0002FC2D1009A002A02D0002BA8
:105C2C0000D09BE004352B689A46002BCCD1200089
:105C3C0005A9A24600F00AFB0028B0D1019B002B5D
:105C4C00ABD00F215046FFF70FFF0E21020050463C
:105C5C00FFF730FF50460F21724AFFF72BFF07204A
:105C6C009EE76F680835B6E71B02059304AB9A8173
:105C7C0084E7009A002A49D1002B16D02B68DF0F3D
:105C8C006B689A1C00D18AE73200583204920133B7
:105C9C0000D1B6E0281DFFF7CDFD3A00010004ABA2
:105CAC00300000F041FD00286CD10835BBE72A68B4
:105CBC00009957007F0800290DD1002B04D0029BBE
:105CCC00002B72D0002F3CD0002A00DA04350137AB
:105CDC00BF00ED19A7E7336A0D2120009846FFF7A6
:105CEC00C3FE804501D02A68EEE7B36A9D42FAD123
:105CFC000023F362043333632B1DB76273632B6889
:105D0C00002B00DA87E001230193E0E70D2120004E
:105D1C00376AFFF7A9FE8742C7D1B36A9D42C4D147
:105D2C00B046A2462800FFF7ADFC0F2102005046FA
:105D3C00FFF7C0FE504642460021FFF7BBFE07208E
:105D4C002EE7B046A2460D215046FFF78DFE434686
:105D5C00049A18625A6206209D6221E72800FFF718
:105D6C0091FC0435A246B5630400300000F0D4FC6D
:105D7C00002800D113E7504622000F21FFF79AFEAE
:105D8C0007200DE7A2460D2104005046FFF76CFEDC
:105D9C00B04633003062022C39D1049A2C33F262B3
:105DAC007362434606209D62FAE62B1D9A46002339
:105DBC00984658339C4621004A46B4445446A9465A
:105DCC008A463D0003924746E0460EE043462000DB
:105DDC000493FFF72FFD0022010004AB300000F00C
:105DEC00A3FC01370434002804D1AF42EED14D4658
:105DFC00B046A8E72F004D46039B544699462A68A7
:105E0C0062E70D212000FFF72FFEB04630624346BB
:105E1C00049A5A62C5E7781C8000B046A24628183E
:105E2C0081E7C046E106011010B50023FFF786FE9E
:105E3C0010BDC04610B50123FFF780FE10BDC04653
:105E4C0010B50223FFF77AFE10BDC046F0B5CE4662
:105E5C00474680B5050014001E00C3B0032944D08A
:105E6C0020D8002949D0012941D1130C140498469B
:105E7C00230C9946012E00D17AE0052E37D14446E9
:105E8C004C44202C33D843460F2B00D8B5E04C465D
:105E9C00002C00D0C2E04A46A96B20AF002A22D0C9
:105EAC0000247FE0042922D1002B20D1102A1ED8F7
:105EBC00102203681A4200D0C7E020AF380000F06F
:105ECC0021F9012639000023AA6B300098400442C6
:105EDC0001D001CA086001330431042BF5D138001C
:105EEC00AA6300F00DF9002002E0032B1CD0022065
:105EFC0043B0C0BCB946B046F0BD002BF7D100236F
:105F0C0001271604826B360C011D3800984006429E
:105F1C0001D001CA086001330431102BF5D10020E7
:105F2C00A304E5D4AA63E3E71404160C240C331978
:105F3C00102BDCD8082203681A4200D08CE020AF6A
:105F4C00380000F0DBF8F600AB6B002C0AD0F61A28
:105F5C00E400321F1C19BA1819000968043399504F
:105F6C00A342F9D13800AB6300F0C6F80020BFE7BC
:105F7C0043464B44102BBAD843460F2BB7D82B684B
:105F8C001E4206D00322280093432B60483000F0B9
:105F9C00A9F820AF380000F0A5F84A460024A96BF8
:105FAC00002A61D04346DB00FF180023D200C858FA
:105FBC00F85004339A42FAD18918002C0FD06F464E
:105FCC004046102800D2102000231038C00038188A
:105FDC00E200CF58C75004339342FAD1C918012EAE
:105FEC0041D04346A9630F2B45D9002C00D17AE749
:105FFC00684600F07DF800207AE7102C46D9103C5A
:10600C0001222B681A4207D0934302222800134323
:10601C002B60483000F06AF8002C39D004222B6831
:10602C001A422CD143460F2B03D820AF380000F076
:10603C005DF86F46380000F05DF810224346A96BFE
:10604C00D21A002ABCDD20AFACE793430360D130F9
:10605C00FF3000F057F830E7934303605130FF30C6
:10606C0000F04CF86BE720AF04313800A96300F066
:10607C0037F800203CE720A800F036F8B5E72800F8
:10608C0093432B60D03000F035F8CBE70024B7E712
:10609C0043460F2B00D9FEE620AF380000F026F85F
:1060AC004A46A96B002A00D0FAE6380000F01CF82A
:1060BC0000201DE70100343138C9043B9C461D60AB
:1060CC00A646010020313CC990469946A246AB46F3
:1060DC0001000831FCC941680068E54600BDC046B6
:1060EC007047C0467047C0467047C0467047C046B0
:1060FC007047C0467047C0467047C0467047C046A0
:10610C007047C0467047C04601B401A801B585B0C0
:10611C00FFB408A841464A4653465C4665463EC015
:10612C0001A83EC80F98009000230CB401A9FFF7FA
:10613C0011FC109B12B0184701B401A801B585B031
:10614C00FFB408A841464A4653465C4665463EC0E5
:10615C0001A83EC80F98009000230CB401A9FFF7CA
:10616C002DFC109B12B0184701B401A801B585B0E5
:10617C00FFB408A841464A4653465C4665463EC0B5
:10618C0001A83EC80F98009000230CB401A9FFF79A
:10619C0039FC109B12B0184701B401A801B585B0A9
:1061AC00FFB408A841464A4653465C4665463EC085
:1061BC0001A83EC80F98009000230CB401ABFFF768
:1061CC00F3FB109B12B0184701B401A801B585B0C0
:1061DC00FFB408A841464A4653465C4665463EC055
:1061EC0001A83EC80F98009000230CB401AAFFF739
:1061FC006DFC109B12B01847027A0300002A0BD1D9
:10620C00427A002A0FD0013A42724268111D416055
:10621C0003211268017202E0013A02720268100E48
:10622C0012021A607047B020FCE7C04600B585B07A
:10623C0003AB00930C2200230021FFF7FBFB039818
:10624C0005B000BD10B5FFF7F1FF10BDF0B54E461F
:10625C0045465746DE460023E0B587B003930F331F
:10626C009846083B994680231B0305000E009A466E
:10627C003000FFF7C1FF0400B02800D1C1E00306D5
:10628C0029D5030042469343DBB2802B53D0902B8D
:10629C003DD0A02B6BD0B02B00D17EE0C02B00D119
:1062AC0095E003004A469343DBB2D02B0AD1534608
:1062BC00024001321A43052301212800FFF7C6FDD5
:1062CC000028D5D00924200007B0F0BCBB46B2464C
:1062DC00A946A046F0BDFF23820013401F1D05AB4D
:1062EC009B4600930D22002300212800FFF7A2FB00
:1062FC00630639D4059B9C4667445B46059700931F
:10630C0000230D2200212800FFF7BAFBB0E7833BE6
:10631C0003400D2BD6D005AF0240002300212800EE
:10632C000097FFF787FB00230D2200212800009720
:10633C00FFF7A6FB9CE704023000FFF75DFF802708
:10634C0020433F02B842BDD004010005020C0023DB
:10635C0000212800FFF77AFD0028B3D13C4200D180
:10636C0086E70123039383E7059BDF1BC5E7FF2328
:10637C004A461B011900824311410A001A400307C7
:10638C0002D58023DB011A43002300212800FFF7EC
:10639C005DFD002800D16BE794E7B12845D0B22809
:1063AC0000D19FE0B32855D0FC230340B42B00D17F
:1063BC0088E74A465346024001321A430121012321
:1063CC002800FFF743FD002800D151E77AE7C628E3
:1063DC004BD0C7285DD003004A469343DBB2C02B99
:1063EC006CD0C82871D0C92800D06BE73000FFF7FB
:1063FC0003FFF02302031B03134042460240013209
:10640C0058E7039B0024002B00D05CE705AE0E225E
:10641C00002128000096FFF70DFB00230F2200211E
:10642C0028000096FFF72CFB4DE73000FFF7E4FE49
:10643C00021E00D146E7030041468B43DBB2002B22
:10644C0000D03FE700212800FFF700FD002800D115
:10645C000EE737E73000FFF7CFFEF02302031B03F4
:10646C001340424602400132A7E73000FFF7C4FE5A
:10647C00F02302031B0313404246024001321A432D
:10648C00032303212800FFF7E1FC002800D1EFE6ED
:10649C0018E73000FFF7B0FE021E00D112E7030030
:1064AC0041468B43DBB2002B00D00BE704212800C4
:1064BC00FFF7CCFC002800D1DAE603E74346A02224
:1064CC001C40013412032243DAE73000FFF794FE3C
:1064DC00434602009A43D2B21032184012030130E4
:1064EC000243E8E605AB00939B460D2200230021F6
:1064FC002800FFF79FFA3000FFF77EFE03061AD53F
:10650C007F27B03C059B3840A0409C4660440590DA
:10651C0030000734FFF770FE0306F3D481217F238C
:10652C0089008C460340A340059A62449B1805934E
:10653C005B460093E4E60224F0E7C046030000B596
:10654C00DA6C85B053680800083219020191029286
:10655C00694603221B0E0A734B7301A9FFF776FEE3
:10656C0005B000BD10B5FFF76DFE806C10BDC046C8
:10657C0010B5FFF767FEC26CD0790230800010189E
:10658C0010BDC04610B500F0E7F810B5FFF7FAFFE4
:10659C0070B5CCB283070DD0531E002A0FD0032543
:1065AC0004E00130284206D0013B08D30278A24215
:1065BC00F7D170BD1300032B0CD8002B01D1002098
:1065CC00F7E7C31802E001308342F8D00278A24208
:1065DC00F9D1EEE7FF2529400D0229430D04074EA2
:1065EC000D43026806496A40511891433142E8D183
:1065FC00043B0430032BF4D8DFE7C0468080808056
:10660C00FFFEFEFE30B5032A0CD903000B439B079B
:10661C0019D103680C68A34215D1043A0430043133
:10662C00032AF6D8551E002A0BD0002303E05A1C6F
:10663C009D4206D01300C25CCC5CA242F7D0101B6A
:10664C0000E0002030BD551EEFE7C046F0B5884293
:10665C000AD98B18984207D2531E002A03D0CA5C61
:10666C00C254013BFBD2F0BD0F2A0BD80500561EBD
:10667C00002AF8D00023CC5C1A00EC54013396426B
:10668C00F9D1F0E703270D003E0005430C00030091
:10669C002E402F422BD11500103D2D09AC462F0159
:1066AC003F1825681D6065685D60A5689D60E5689C
:1066BC001034DD601D001033BD42F2D165460F234E
:1066CC000C2401352D01491913404519144211D0E0
:1066DC008C59AC5104369C1B032CF9D8043B9B08F9
:1066EC0001339B00ED18C91803231A40BFE70500BE
:1066FC00561EBFE71A00BAE701B40248844601BC33
:10670C00604700BF2944001001B40248844601BC14
:10671C00604700BFE917001001B40248844601BC71
:10672C00604700BFAD90001001B40248844601BC24
:10673C00604700BFED8F001001B40248844601BCD5
:10674C00604700BF2143001001B40248844601BCDD
:10675C00604700BF8D19001001B40248844601BC8B
:10676C00604700BFA50C01101000000000000000E5
:10677C00000001000000000000000000000002000A
:10678C0000000000000000000000030000000000FA
:10679C00000000000000FF000000000000B5486889
:1067AC0001318E460047704609380149884700BDC3
:1067BC00A50F00105C15002000000000401E0020FA
:1067CC009C2600200000000000000000AC260020E9
:1067DC00000000000000000010000000000000009D
:1067EC00503300004C33000054330000523300008F
:1067FC004D5300004D43000053340000433400005F
:10680C00E94A001000000000814A0010000000005E
:10681C0000010000742F0110782F01109824002023
:10682C0010000C000000E0FF1F0000000000000042
:10683C00000000000000000000000000000000004C
:10684C0091980010399A0010E0150020000000000B
:10685C0000000000CC180020341900209C190020E6
:10686C00000000000000000000000000000000001C
:10687C00000000000000000000000000000000000C
:10688C0000000000000000000000000000000000FC
:10689C0000000000000000000000000000000000EC
:1068AC0000000000000000000000000000000000DC
:1068BC0000000000000000000000000000000000CC
:1068CC0000000000000000000000000000000000BC
:1068DC0000000000000000000000000000000000AC
:1068EC00000000000000000000000000000000009C
:1068FC00000000000000000001000000000000008B
:10690C000E33CDAB34126DE6ECDE05000B0000004F
:10691C00000000000000000000000000000000006B
:10692C00000000000000000000000000000000005B
:10693C00000000000000000000000000000000004B
:10694C00000000000000000000000000000000003B
:10695C00000000000000000000000000000000002B
:10696C00000000000000000000000000000000001B
:10697C00000000000000000000000000000000000B
:10698C0000000000000000000000000000000000FB
:10699C0000000000000000000000000000000000EB
:1069AC0000000000000000000000000000000000DB
:1069BC0000000000000000000000000000000000CB
:1069CC0000000000000000000000000000000000BB
:1069DC0000000000000000000000000000000000AB
:1069EC00000000000000000000000000000000009B
:1069FC00000000000000000000000000000000008B
:106A0C00000000000000000000000000000000007A
:106A1C00000000000000000000000000000000006A
:106A2C00000000000000000000000000000000005A
:106A3C00000000000000000000000000000000004A
:106A4C00000000000000000000000000000000003A
:106A5C00000000000000000000000000000000002A
:106A6C00000000000000000000000000000000001A
:106A7C00000000000000000000000000000000000A
:106A8C0000000000000000000000000000000000FA
:106A9C0000000000000000000000000000000000EA
:106AAC0000000000000000000000000000000000DA
:106ABC0000000000000000000000000000000000CA
:106ACC0000000000000000000000000000000000BA
:106ADC0000000000000000000000000000000000AA
:106AEC00000000000000000000000000000000009A
:106AFC00000000000000000000000000000000008A
:106B0C000000000000000000000000000000000079
:106B1C000000000000000000000000000000000069
:106B2C000000000000000000000000000000000059
:106B3C000000000000000000000000000000000049
:106B4C000000000000000000000000000000000039
:106B5C000000000000000000000000000000000029
:106B6C000000000000000000000000000000000019
:106B7C000000000000000000000000000000000009
:106B8C0000000000000000000000000000000000F9
:106B9C0000000000000000000000000000000000E9
:106BAC0000000000000000000000000000000000D9
:106BBC0000000000000000000000000000000000C9
:106BCC0000000000000000000000000000000000B9
:106BDC0000000000000000000000000000000000A9
:106BEC000000000000000000000000000000000099
:106BFC000000000000000000000000000000000089
:106C0C000000000000000000000000000000000078
:106C1C000000000000000000000000000000000068
:106C2C000000000000000000000000000000000058
:106C3C000000000000000000000000000000000048
:106C4C000000000000000000000000000000000038
:106C5C000000000000000000000000000000000028
:106C6C000000000000000000000000000000000018
:106C7C000000000000000000000000000000000008
:106C8C00081A0020081A0020101A0020101A0020E0
:106C9C00181A0020181A0020201A0020201A002090
:106CAC00281A0020281A0020301A0020301A002040
:106CBC00381A0020381A0020401A0020401A0020F0
:106CCC00481A0020481A0020501A0020501A0020A0
:106CDC00581A0020581A0020601A0020601A002050
:106CEC00681A0020681A0020701A0020701A002000
:106CFC00781A0020781A0020801A0020801A0020B0
:106D0C00881A0020881A0020901A0020901A00205F
:106D1C00981A0020981A0020A01A0020A01A00200F
:106D2C00A81A0020A81A0020B01A0020B01A0020BF
:106D3C00B81A0020B81A0020C01A0020C01A00206F
:106D4C00C81A0020C81A0020D01A0020D01A00201F
:106D5C00D81A0020D81A0020E01A0020E01A0020CF
:106D6C00E81A0020E81A0020F01A0020F01A00207F
:106D7C00F81A0020F81A0020001B0020001B00202D
:106D8C00081B0020081B0020101B0020101B0020DB
:106D9C00181B0020181B0020201B0020201B00208B
:106DAC00281B0020281B0020301B0020301B00203B
:106DBC00381B0020381B0020401B0020401B0020EB
:106DCC00481B0020481B0020501B0020501B00209B
:106DDC00581B0020581B0020601B0020601B00204B
:106DEC00681B0020681B0020701B0020701B0020FB
:106DFC00781B0020781B0020801B0020801B0020AB
:106E0C00881B0020881B0020901B0020901B00205A
:106E1C00981B0020981B0020A01B0020A01B00200A
:106E2C00A81B0020A81B0020B01B0020B01B0020BA
:106E3C00B81B0020B81B0020C01B0020C01B00206A
:106E4C00C81B0020C81B0020D01B0020D01B00201A
:106E5C00D81B0020D81B0020E01B0020E01B0020CA
:106E6C00E81B0020E81B0020F01B0020F01B00207A
:106E7C00F81B0020F81B0020001C0020001C002028
:106E8C00081C0020081C0020101C0020101C0020D6
:106E9C00181C0020181C0020201C0020201C002086
:106EAC00281C0020281C0020301C0020301C002036
:106EBC00381C0020381C0020401C0020401C0020E6
:106ECC00481C0020481C0020501C0020501C002096
:106EDC00581C0020581C0020601C0020601C002046
:106EEC00681C0020681C0020701C0020701C0020F6
:106EFC00781C0020781C0020801C0020801C0020A6
:106F0C00881C0020881C0020901C0020901C002055
:106F1C00981C0020981C0020A01C0020A01C002005
:106F2C00A81C0020A81C0020B01C0020B01C0020B5
:106F3C00B81C0020B81C0020C01C0020C01C002065
:106F4C00C81C0020C81C0020D01C0020D01C002015
:106F5C00D81C0020D81C0020E01C0020E01C0020C5
:106F6C00E81C0020E81C0020F01C0020F01C002075
:106F7C00F81C0020F81C0020001D0020001D002023
:106F8C00081D0020081D0020101D0020101D0020D1
:106F9C00181D0020181D0020201D0020201D002081
:106FAC00281D0020281D0020301D0020301D002031
:106FBC00381D0020381D0020401D0020401D0020E1
:106FCC00481D0020481D0020501D0020501D002091
:106FDC00581D0020581D0020601D0020601D002041
:106FEC00681D0020681D0020701D0020701D0020F1
:106FFC00781D0020781D0020801D0020801D0020A1
:10700C00881D0020881D0020901D0020901D002050
:10701C00981D0020981D0020A01D0020A01D002000
:10702C00A81D0020A81D0020B01D0020B01D0020B0
:10703C00B81D0020B81D0020C01D0020C01D002060
:10704C00C81D0020C81D0020D01D0020D01D002010
:10705C00D81D0020D81D0020E01D0020E01D0020C0
:10706C00E81D0020E81D0020F01D0020F01D002070
:10707C00F81D0020F81D0020001E0020001E00201E
:10708C00FFFFFFFF000002000000000000000000F6
:10709C000D4400105D3B00105D4200106143001078
:1070AC00ED0200103D710010C18300105906011053
:04000005100001E9FD
:00000001FF
