
/home/leon/pico/gateway/build/LoRa_pico_lib/examples/LoRaDumpRegisters/LoRaDumpRegisters.elf:     file format elf32-littlearm

Sections:
Idx Name          Size      VMA       LMA       File off  Algn
  0 .boot2        00000100  10000000  10000000  00001000  2**0
                  CONTENTS, ALLOC, LOAD, READONLY, CODE
  1 .text         00007468  10000100  10000100  00001100  2**3
                  CONTENTS, ALLOC, LOAD, READONLY, CODE
  2 .rodata       000005cc  10007568  10007568  00008568  2**3
                  CONTENTS, ALLOC, LOAD, READONLY, DATA
  3 .ARM.extab    00000084  10007b34  10007b34  00008b34  2**2
                  CONTENTS, ALLOC, LOAD, READONLY, DATA
  4 .ARM.exidx    00000110  10007bb8  10007bb8  00008bb8  2**2
                  CONTENTS, ALLOC, LOAD, READONLY, DATA
  5 .binary_info  00000028  10007cc8  10007cc8  00008cc8  2**2
                  CONTENTS, ALLOC, LOAD, DATA
  6 .ram_vector_table 000000c0  20000000  20000000  0000a894  2**2
                  CONTENTS
  7 .data         000017d4  200000c0  10007cf0  000090c0  2**4
                  CONTENTS, ALLOC, LOAD, READONLY, CODE
  8 .uninitialized_data 00000000  20001894  20001894  0000a954  2**0
                  CONTENTS
  9 .scratch_x    00000000  20040000  20040000  0000a954  2**0
                  CONTENTS
 10 .scratch_y    00000000  20041000  20041000  0000a954  2**0
                  CONTENTS
 11 .bss          00000db8  20001898  20001898  0000a898  2**3
                  ALLOC
 12 .heap         00000800  20002650  20002650  0000a954  2**2
                  CONTENTS, READONLY
 13 .stack_dummy  00000800  20041000  20041000  0000b160  2**5
                  CONTENTS, READONLY
 14 .ARM.attributes 00000028  00000000  00000000  0000b960  2**0
                  CONTENTS, READONLY
 15 .comment      00000049  00000000  00000000  0000b988  2**0
                  CONTENTS, READONLY
 16 .debug_frame  000005c8  00000000  00000000  0000b9d4  2**2
                  CONTENTS, READONLY, DEBUGGING, OCTETS
 17 .stab         0000003c  00000000  00000000  0000bf9c  2**2
                  CONTENTS, READONLY, DEBUGGING
 18 .stabstr      00000076  00000000  00000000  0000bfd8  2**0
                  CONTENTS, READONLY, DEBUGGING

/home/leon/pico/gateway/build/LoRa_pico_lib/examples/LoRaDumpRegisters/LoRaDumpRegisters.elf:     file format elf32-littlearm


Disassembly of section .boot2:

10000000 <__boot2_start__>:
10000000:	4b32b500 	.word	0x4b32b500
10000004:	60582021 	.word	0x60582021
10000008:	21026898 	.word	0x21026898
1000000c:	60984388 	.word	0x60984388
10000010:	611860d8 	.word	0x611860d8
10000014:	4b2e6158 	.word	0x4b2e6158
10000018:	60992100 	.word	0x60992100
1000001c:	61592102 	.word	0x61592102
10000020:	22f02101 	.word	0x22f02101
10000024:	492b5099 	.word	0x492b5099
10000028:	21016019 	.word	0x21016019
1000002c:	20356099 	.word	0x20356099
10000030:	f844f000 	.word	0xf844f000
10000034:	42902202 	.word	0x42902202
10000038:	2106d014 	.word	0x2106d014
1000003c:	f0006619 	.word	0xf0006619
10000040:	6e19f834 	.word	0x6e19f834
10000044:	66192101 	.word	0x66192101
10000048:	66182000 	.word	0x66182000
1000004c:	f000661a 	.word	0xf000661a
10000050:	6e19f82c 	.word	0x6e19f82c
10000054:	6e196e19 	.word	0x6e196e19
10000058:	f0002005 	.word	0xf0002005
1000005c:	2101f82f 	.word	0x2101f82f
10000060:	d1f94208 	.word	0xd1f94208
10000064:	60992100 	.word	0x60992100
10000068:	6019491b 	.word	0x6019491b
1000006c:	60592100 	.word	0x60592100
10000070:	481b491a 	.word	0x481b491a
10000074:	21016001 	.word	0x21016001
10000078:	21eb6099 	.word	0x21eb6099
1000007c:	21a06619 	.word	0x21a06619
10000080:	f0006619 	.word	0xf0006619
10000084:	2100f812 	.word	0x2100f812
10000088:	49166099 	.word	0x49166099
1000008c:	60014814 	.word	0x60014814
10000090:	60992101 	.word	0x60992101
10000094:	2800bc01 	.word	0x2800bc01
10000098:	4700d000 	.word	0x4700d000
1000009c:	49134812 	.word	0x49134812
100000a0:	c8036008 	.word	0xc8036008
100000a4:	8808f380 	.word	0x8808f380
100000a8:	b5034708 	.word	0xb5034708
100000ac:	20046a99 	.word	0x20046a99
100000b0:	d0fb4201 	.word	0xd0fb4201
100000b4:	42012001 	.word	0x42012001
100000b8:	bd03d1f8 	.word	0xbd03d1f8
100000bc:	6618b502 	.word	0x6618b502
100000c0:	f7ff6618 	.word	0xf7ff6618
100000c4:	6e18fff2 	.word	0x6e18fff2
100000c8:	bd026e18 	.word	0xbd026e18
100000cc:	40020000 	.word	0x40020000
100000d0:	18000000 	.word	0x18000000
100000d4:	00070000 	.word	0x00070000
100000d8:	005f0300 	.word	0x005f0300
100000dc:	00002221 	.word	0x00002221
100000e0:	180000f4 	.word	0x180000f4
100000e4:	a0002022 	.word	0xa0002022
100000e8:	10000100 	.word	0x10000100
100000ec:	e000ed08 	.word	0xe000ed08
	...
100000fc:	7a4eb274 	.word	0x7a4eb274

Disassembly of section .text:

10000100 <__VECTOR_TABLE>:
10000100:	20042000 	.word	0x20042000
10000104:	100001f7 	.word	0x100001f7
10000108:	100001c3 	.word	0x100001c3
1000010c:	100001c5 	.word	0x100001c5
10000110:	100001c1 	.word	0x100001c1
10000114:	100001c1 	.word	0x100001c1
10000118:	100001c1 	.word	0x100001c1
1000011c:	100001c1 	.word	0x100001c1
10000120:	100001c1 	.word	0x100001c1
10000124:	100001c1 	.word	0x100001c1
10000128:	100001c1 	.word	0x100001c1
1000012c:	100001c7 	.word	0x100001c7
10000130:	100001c1 	.word	0x100001c1
10000134:	100001c1 	.word	0x100001c1
10000138:	100001c9 	.word	0x100001c9
1000013c:	100001cb 	.word	0x100001cb
10000140:	100001cd 	.word	0x100001cd
10000144:	100001cd 	.word	0x100001cd
10000148:	100001cd 	.word	0x100001cd
1000014c:	100001cd 	.word	0x100001cd
10000150:	100001cd 	.word	0x100001cd
10000154:	100001cd 	.word	0x100001cd
10000158:	100001cd 	.word	0x100001cd
1000015c:	100001cd 	.word	0x100001cd
10000160:	100001cd 	.word	0x100001cd
10000164:	100001cd 	.word	0x100001cd
10000168:	100001cd 	.word	0x100001cd
1000016c:	100001cd 	.word	0x100001cd
10000170:	100001cd 	.word	0x100001cd
10000174:	100001cd 	.word	0x100001cd
10000178:	100001cd 	.word	0x100001cd
1000017c:	100001cd 	.word	0x100001cd
10000180:	100001cd 	.word	0x100001cd
10000184:	100001cd 	.word	0x100001cd
10000188:	100001cd 	.word	0x100001cd
1000018c:	100001cd 	.word	0x100001cd
10000190:	100001cd 	.word	0x100001cd
10000194:	100001cd 	.word	0x100001cd
10000198:	100001cd 	.word	0x100001cd
1000019c:	100001cd 	.word	0x100001cd
100001a0:	100001cd 	.word	0x100001cd
100001a4:	100001cd 	.word	0x100001cd
100001a8:	100001cd 	.word	0x100001cd
100001ac:	100001cd 	.word	0x100001cd
100001b0:	100001cd 	.word	0x100001cd
100001b4:	100001cd 	.word	0x100001cd
100001b8:	100001cd 	.word	0x100001cd
100001bc:	100001cd 	.word	0x100001cd

100001c0 <isr_invalid>:
100001c0:	be00      	bkpt	0x0000

100001c2 <isr_nmi>:
100001c2:	be00      	bkpt	0x0000

100001c4 <isr_hardfault>:
100001c4:	be00      	bkpt	0x0000

100001c6 <isr_svcall>:
100001c6:	be00      	bkpt	0x0000

100001c8 <isr_pendsv>:
100001c8:	be00      	bkpt	0x0000

100001ca <isr_systick>:
100001ca:	be00      	bkpt	0x0000

100001cc <__unhandled_user_irq>:
100001cc:	f000 f84b 	bl	10000266 <__get_current_exception>
100001d0:	3810      	subs	r0, #16

100001d2 <unhandled_user_irq_num_in_r0>:
100001d2:	be00      	bkpt	0x0000

100001d4 <binary_info_header>:
100001d4:	7188ebf2 	.word	0x7188ebf2
100001d8:	10007cc8 	.word	0x10007cc8
100001dc:	10007cf0 	.word	0x10007cf0
100001e0:	10000234 	.word	0x10000234
100001e4:	e71aa390 	.word	0xe71aa390

100001e8 <_entry_point>:
100001e8:	2000      	movs	r0, #0
100001ea:	4921      	ldr	r1, [pc, #132]	; (10000270 <__get_current_exception+0xa>)
100001ec:	6008      	str	r0, [r1, #0]
100001ee:	c806      	ldmia	r0!, {r1, r2}
100001f0:	f381 8808 	msr	MSP, r1
100001f4:	4710      	bx	r2

100001f6 <_reset_handler>:
100001f6:	481f      	ldr	r0, [pc, #124]	; (10000274 <__get_current_exception+0xe>)
100001f8:	6800      	ldr	r0, [r0, #0]
100001fa:	2800      	cmp	r0, #0
100001fc:	d12f      	bne.n	1000025e <hold_non_core0_in_bootrom>
100001fe:	a40d      	add	r4, pc, #52	; (adr r4, 10000234 <data_cpy_table>)
10000200:	cc0e      	ldmia	r4!, {r1, r2, r3}
10000202:	2900      	cmp	r1, #0
10000204:	d002      	beq.n	1000020c <_reset_handler+0x16>
10000206:	f000 f812 	bl	1000022e <data_cpy>
1000020a:	e7f9      	b.n	10000200 <_reset_handler+0xa>
1000020c:	491a      	ldr	r1, [pc, #104]	; (10000278 <__get_current_exception+0x12>)
1000020e:	4a1b      	ldr	r2, [pc, #108]	; (1000027c <__get_current_exception+0x16>)
10000210:	2000      	movs	r0, #0
10000212:	e000      	b.n	10000216 <bss_fill_test>

10000214 <bss_fill_loop>:
10000214:	c101      	stmia	r1!, {r0}

10000216 <bss_fill_test>:
10000216:	4291      	cmp	r1, r2
10000218:	d1fc      	bne.n	10000214 <bss_fill_loop>

1000021a <platform_entry>:
1000021a:	4919      	ldr	r1, [pc, #100]	; (10000280 <__get_current_exception+0x1a>)
1000021c:	4788      	blx	r1
1000021e:	4919      	ldr	r1, [pc, #100]	; (10000284 <__get_current_exception+0x1e>)
10000220:	4788      	blx	r1
10000222:	4919      	ldr	r1, [pc, #100]	; (10000288 <__get_current_exception+0x22>)
10000224:	4788      	blx	r1
10000226:	be00      	bkpt	0x0000
10000228:	e7fd      	b.n	10000226 <platform_entry+0xc>

1000022a <data_cpy_loop>:
1000022a:	c901      	ldmia	r1!, {r0}
1000022c:	c201      	stmia	r2!, {r0}

1000022e <data_cpy>:
1000022e:	429a      	cmp	r2, r3
10000230:	d3fb      	bcc.n	1000022a <data_cpy_loop>
10000232:	4770      	bx	lr

10000234 <data_cpy_table>:
10000234:	10007cf0 	.word	0x10007cf0
10000238:	200000c0 	.word	0x200000c0
1000023c:	20001894 	.word	0x20001894
10000240:	100094c4 	.word	0x100094c4
10000244:	20040000 	.word	0x20040000
10000248:	20040000 	.word	0x20040000
1000024c:	100094c4 	.word	0x100094c4
10000250:	20041000 	.word	0x20041000
10000254:	20041000 	.word	0x20041000
10000258:	00000000 	.word	0x00000000
1000025c:	4770      	bx	lr

1000025e <hold_non_core0_in_bootrom>:
1000025e:	480b      	ldr	r0, [pc, #44]	; (1000028c <__get_current_exception+0x26>)
10000260:	f003 f900 	bl	10003464 <rom_func_lookup>
10000264:	4700      	bx	r0

10000266 <__get_current_exception>:
10000266:	f3ef 8005 	mrs	r0, IPSR
1000026a:	b2c0      	uxtb	r0, r0
1000026c:	4770      	bx	lr
1000026e:	0000      	.short	0x0000
10000270:	e000ed08 	.word	0xe000ed08
10000274:	d0000000 	.word	0xd0000000
10000278:	20001898 	.word	0x20001898
1000027c:	20002650 	.word	0x20002650
10000280:	10001915 	.word	0x10001915
10000284:	1000030d 	.word	0x1000030d
10000288:	10001a09 	.word	0x10001a09
1000028c:	00005657 	.word	0x00005657

10000290 <__bi_50>:
10000290:	50520006 5360b3ab 100078a0              ..RP..`S.x..

1000029c <__bi_38>:
1000029c:	50520006 02031c86 100078b0              ..RP.....x..

100002a8 <__bi_30>:
100002a8:	50520006 9da22254 100078c4              ..RPT"...x..

100002b4 <__bi_22>:
100002b4:	50520005 68f465de 100094c4              ..RP.e.h....

100002c0 <_init>:
100002c0:	b5f8      	push	{r3, r4, r5, r6, r7, lr}
100002c2:	46c0      	nop			; (mov r8, r8)

100002c4 <__do_global_dtors_aux>:
100002c4:	b510      	push	{r4, lr}
100002c6:	4c06      	ldr	r4, [pc, #24]	; (100002e0 <__do_global_dtors_aux+0x1c>)
100002c8:	7823      	ldrb	r3, [r4, #0]
100002ca:	2b00      	cmp	r3, #0
100002cc:	d107      	bne.n	100002de <__do_global_dtors_aux+0x1a>
100002ce:	4b05      	ldr	r3, [pc, #20]	; (100002e4 <__do_global_dtors_aux+0x20>)
100002d0:	2b00      	cmp	r3, #0
100002d2:	d002      	beq.n	100002da <__do_global_dtors_aux+0x16>
100002d4:	4804      	ldr	r0, [pc, #16]	; (100002e8 <__do_global_dtors_aux+0x24>)
100002d6:	e000      	b.n	100002da <__do_global_dtors_aux+0x16>
100002d8:	bf00      	nop
100002da:	2301      	movs	r3, #1
100002dc:	7023      	strb	r3, [r4, #0]
100002de:	bd10      	pop	{r4, pc}
100002e0:	20001aa0 	.word	0x20001aa0
100002e4:	00000000 	.word	0x00000000
100002e8:	10007568 	.word	0x10007568

100002ec <frame_dummy>:
100002ec:	4b04      	ldr	r3, [pc, #16]	; (10000300 <frame_dummy+0x14>)
100002ee:	b510      	push	{r4, lr}
100002f0:	2b00      	cmp	r3, #0
100002f2:	d003      	beq.n	100002fc <frame_dummy+0x10>
100002f4:	4903      	ldr	r1, [pc, #12]	; (10000304 <frame_dummy+0x18>)
100002f6:	4804      	ldr	r0, [pc, #16]	; (10000308 <frame_dummy+0x1c>)
100002f8:	e000      	b.n	100002fc <frame_dummy+0x10>
100002fa:	bf00      	nop
100002fc:	bd10      	pop	{r4, pc}
100002fe:	46c0      	nop			; (mov r8, r8)
10000300:	00000000 	.word	0x00000000
10000304:	20001aa4 	.word	0x20001aa4
10000308:	10007568 	.word	0x10007568

1000030c <main>:
1000030c:	b510      	push	{r4, lr}
1000030e:	f003 fef5 	bl	100040fc <stdio_init_all>
10000312:	4809      	ldr	r0, [pc, #36]	; (10000338 <main+0x2c>)
10000314:	f003 fe44 	bl	10003fa0 <__wrap_puts>
10000318:	4c08      	ldr	r4, [pc, #32]	; (1000033c <main+0x30>)
1000031a:	4909      	ldr	r1, [pc, #36]	; (10000340 <main+0x34>)
1000031c:	0020      	movs	r0, r4
1000031e:	f006 fe59 	bl	10006fd4 <_ZN9LoRaClass5beginEl>
10000322:	2800      	cmp	r0, #0
10000324:	d103      	bne.n	1000032e <main+0x22>
10000326:	4807      	ldr	r0, [pc, #28]	; (10000344 <main+0x38>)
10000328:	f003 fedc 	bl	100040e4 <__wrap_printf>
1000032c:	e7fe      	b.n	1000032c <main+0x20>
1000032e:	0020      	movs	r0, r4
10000330:	f006 ffe8 	bl	10007304 <_ZN9LoRaClass13dumpRegistersEv>
10000334:	2000      	movs	r0, #0
10000336:	bd10      	pop	{r4, pc}
10000338:	10007568 	.word	0x10007568
1000033c:	20001abc 	.word	0x20001abc
10000340:	3689cac0 	.word	0x3689cac0
10000344:	1000757c 	.word	0x1000757c

10000348 <gpio_set_function>:
10000348:	4a09      	ldr	r2, [pc, #36]	; (10000370 <gpio_set_function+0x28>)
1000034a:	0083      	lsls	r3, r0, #2
1000034c:	4694      	mov	ip, r2
1000034e:	2240      	movs	r2, #64	; 0x40
10000350:	4463      	add	r3, ip
10000352:	b510      	push	{r4, lr}
10000354:	681c      	ldr	r4, [r3, #0]
10000356:	00c0      	lsls	r0, r0, #3
10000358:	4062      	eors	r2, r4
1000035a:	24c0      	movs	r4, #192	; 0xc0
1000035c:	4014      	ands	r4, r2
1000035e:	2280      	movs	r2, #128	; 0x80
10000360:	0152      	lsls	r2, r2, #5
10000362:	4313      	orrs	r3, r2
10000364:	601c      	str	r4, [r3, #0]
10000366:	4b03      	ldr	r3, [pc, #12]	; (10000374 <gpio_set_function+0x2c>)
10000368:	469c      	mov	ip, r3
1000036a:	4460      	add	r0, ip
1000036c:	6041      	str	r1, [r0, #4]
1000036e:	bd10      	pop	{r4, pc}
10000370:	4001c004 	.word	0x4001c004
10000374:	40014000 	.word	0x40014000

10000378 <gpio_init>:
10000378:	2301      	movs	r3, #1
1000037a:	22d0      	movs	r2, #208	; 0xd0
1000037c:	4083      	lsls	r3, r0
1000037e:	0612      	lsls	r2, r2, #24
10000380:	6293      	str	r3, [r2, #40]	; 0x28
10000382:	6193      	str	r3, [r2, #24]
10000384:	4a09      	ldr	r2, [pc, #36]	; (100003ac <gpio_init+0x34>)
10000386:	0083      	lsls	r3, r0, #2
10000388:	4694      	mov	ip, r2
1000038a:	2240      	movs	r2, #64	; 0x40
1000038c:	4463      	add	r3, ip
1000038e:	6819      	ldr	r1, [r3, #0]
10000390:	00c0      	lsls	r0, r0, #3
10000392:	404a      	eors	r2, r1
10000394:	21c0      	movs	r1, #192	; 0xc0
10000396:	4011      	ands	r1, r2
10000398:	2280      	movs	r2, #128	; 0x80
1000039a:	0152      	lsls	r2, r2, #5
1000039c:	4313      	orrs	r3, r2
1000039e:	6019      	str	r1, [r3, #0]
100003a0:	4b03      	ldr	r3, [pc, #12]	; (100003b0 <gpio_init+0x38>)
100003a2:	469c      	mov	ip, r3
100003a4:	2305      	movs	r3, #5
100003a6:	4460      	add	r0, ip
100003a8:	6043      	str	r3, [r0, #4]
100003aa:	4770      	bx	lr
100003ac:	4001c004 	.word	0x4001c004
100003b0:	40014000 	.word	0x40014000

100003b4 <hw_claim_or_assert>:
100003b4:	b570      	push	{r4, r5, r6, lr}
100003b6:	f3ef 8c10 	mrs	ip, PRIMASK
100003ba:	b672      	cpsid	i
100003bc:	4d0d      	ldr	r5, [pc, #52]	; (100003f4 <hw_claim_or_assert+0x40>)
100003be:	682b      	ldr	r3, [r5, #0]
100003c0:	2b00      	cmp	r3, #0
100003c2:	d0fc      	beq.n	100003be <hw_claim_or_assert+0xa>
100003c4:	f3bf 8f5f 	dmb	sy
100003c8:	2407      	movs	r4, #7
100003ca:	08cb      	lsrs	r3, r1, #3
100003cc:	18c6      	adds	r6, r0, r3
100003ce:	5cc0      	ldrb	r0, [r0, r3]
100003d0:	2301      	movs	r3, #1
100003d2:	400c      	ands	r4, r1
100003d4:	40a3      	lsls	r3, r4
100003d6:	001c      	movs	r4, r3
100003d8:	4004      	ands	r4, r0
100003da:	4203      	tst	r3, r0
100003dc:	d107      	bne.n	100003ee <hw_claim_or_assert+0x3a>
100003de:	4303      	orrs	r3, r0
100003e0:	7033      	strb	r3, [r6, #0]
100003e2:	f3bf 8f5f 	dmb	sy
100003e6:	602c      	str	r4, [r5, #0]
100003e8:	f38c 8810 	msr	PRIMASK, ip
100003ec:	bd70      	pop	{r4, r5, r6, pc}
100003ee:	0010      	movs	r0, r2
100003f0:	f001 fb0c 	bl	10001a0c <panic>
100003f4:	d000012c 	.word	0xd000012c

100003f8 <hw_claim_unused_from_range>:
100003f8:	b5f8      	push	{r3, r4, r5, r6, r7, lr}
100003fa:	4647      	mov	r7, r8
100003fc:	46ce      	mov	lr, r9
100003fe:	4688      	mov	r8, r1
10000400:	b580      	push	{r7, lr}
10000402:	f3ef 8c10 	mrs	ip, PRIMASK
10000406:	b672      	cpsid	i
10000408:	4d21      	ldr	r5, [pc, #132]	; (10000490 <hw_claim_unused_from_range+0x98>)
1000040a:	682c      	ldr	r4, [r5, #0]
1000040c:	2c00      	cmp	r4, #0
1000040e:	d0fc      	beq.n	1000040a <hw_claim_unused_from_range+0x12>
10000410:	f3bf 8f5f 	dmb	sy
10000414:	429a      	cmp	r2, r3
10000416:	d82c      	bhi.n	10000472 <hw_claim_unused_from_range+0x7a>
10000418:	08d4      	lsrs	r4, r2, #3
1000041a:	2707      	movs	r7, #7
1000041c:	5d05      	ldrb	r5, [r0, r4]
1000041e:	1906      	adds	r6, r0, r4
10000420:	2401      	movs	r4, #1
10000422:	4017      	ands	r7, r2
10000424:	40bc      	lsls	r4, r7
10000426:	422c      	tst	r4, r5
10000428:	d01f      	beq.n	1000046a <hw_claim_unused_from_range+0x72>
1000042a:	2107      	movs	r1, #7
1000042c:	2701      	movs	r7, #1
1000042e:	4689      	mov	r9, r1
10000430:	e009      	b.n	10000446 <hw_claim_unused_from_range+0x4e>
10000432:	08d4      	lsrs	r4, r2, #3
10000434:	5d05      	ldrb	r5, [r0, r4]
10000436:	1906      	adds	r6, r0, r4
10000438:	464c      	mov	r4, r9
1000043a:	0039      	movs	r1, r7
1000043c:	4014      	ands	r4, r2
1000043e:	40a1      	lsls	r1, r4
10000440:	000c      	movs	r4, r1
10000442:	4229      	tst	r1, r5
10000444:	d011      	beq.n	1000046a <hw_claim_unused_from_range+0x72>
10000446:	3201      	adds	r2, #1
10000448:	4293      	cmp	r3, r2
1000044a:	d2f2      	bcs.n	10000432 <hw_claim_unused_from_range+0x3a>
1000044c:	2001      	movs	r0, #1
1000044e:	4240      	negs	r0, r0
10000450:	f3bf 8f5f 	dmb	sy
10000454:	2200      	movs	r2, #0
10000456:	4b0e      	ldr	r3, [pc, #56]	; (10000490 <hw_claim_unused_from_range+0x98>)
10000458:	601a      	str	r2, [r3, #0]
1000045a:	f38c 8810 	msr	PRIMASK, ip
1000045e:	2800      	cmp	r0, #0
10000460:	db0f      	blt.n	10000482 <hw_claim_unused_from_range+0x8a>
10000462:	bcc0      	pop	{r6, r7}
10000464:	46b9      	mov	r9, r7
10000466:	46b0      	mov	r8, r6
10000468:	bdf8      	pop	{r3, r4, r5, r6, r7, pc}
1000046a:	432c      	orrs	r4, r5
1000046c:	0010      	movs	r0, r2
1000046e:	7034      	strb	r4, [r6, #0]
10000470:	e7ee      	b.n	10000450 <hw_claim_unused_from_range+0x58>
10000472:	f3bf 8f5f 	dmb	sy
10000476:	2300      	movs	r3, #0
10000478:	602b      	str	r3, [r5, #0]
1000047a:	f38c 8810 	msr	PRIMASK, ip
1000047e:	2001      	movs	r0, #1
10000480:	4240      	negs	r0, r0
10000482:	4643      	mov	r3, r8
10000484:	2b00      	cmp	r3, #0
10000486:	d0ec      	beq.n	10000462 <hw_claim_unused_from_range+0x6a>
10000488:	9808      	ldr	r0, [sp, #32]
1000048a:	f001 fabf 	bl	10001a0c <panic>
1000048e:	46c0      	nop			; (mov r8, r8)
10000490:	d000012c 	.word	0xd000012c

10000494 <running_on_fpga>:
10000494:	4b02      	ldr	r3, [pc, #8]	; (100004a0 <running_on_fpga+0xc>)
10000496:	6818      	ldr	r0, [r3, #0]
10000498:	0780      	lsls	r0, r0, #30
1000049a:	0fc0      	lsrs	r0, r0, #31
1000049c:	4770      	bx	lr
1000049e:	46c0      	nop			; (mov r8, r8)
100004a0:	4006c000 	.word	0x4006c000

100004a4 <spin_locks_reset>:
100004a4:	2100      	movs	r1, #0
100004a6:	4b04      	ldr	r3, [pc, #16]	; (100004b8 <spin_locks_reset+0x14>)
100004a8:	4a04      	ldr	r2, [pc, #16]	; (100004bc <spin_locks_reset+0x18>)
100004aa:	f3bf 8f5f 	dmb	sy
100004ae:	c302      	stmia	r3!, {r1}
100004b0:	4293      	cmp	r3, r2
100004b2:	d1fa      	bne.n	100004aa <spin_locks_reset+0x6>
100004b4:	4770      	bx	lr
100004b6:	46c0      	nop			; (mov r8, r8)
100004b8:	d0000100 	.word	0xd0000100
100004bc:	d0000180 	.word	0xd0000180

100004c0 <next_striped_spin_lock_num>:
100004c0:	4a04      	ldr	r2, [pc, #16]	; (100004d4 <next_striped_spin_lock_num+0x14>)
100004c2:	7810      	ldrb	r0, [r2, #0]
100004c4:	1c43      	adds	r3, r0, #1
100004c6:	b2db      	uxtb	r3, r3
100004c8:	2b17      	cmp	r3, #23
100004ca:	d900      	bls.n	100004ce <next_striped_spin_lock_num+0xe>
100004cc:	2310      	movs	r3, #16
100004ce:	7013      	strb	r3, [r2, #0]
100004d0:	4770      	bx	lr
100004d2:	46c0      	nop			; (mov r8, r8)
100004d4:	20001368 	.word	0x20001368

100004d8 <spin_lock_claim_unused>:
100004d8:	b500      	push	{lr}
100004da:	4b05      	ldr	r3, [pc, #20]	; (100004f0 <spin_lock_claim_unused+0x18>)
100004dc:	b083      	sub	sp, #12
100004de:	0001      	movs	r1, r0
100004e0:	9300      	str	r3, [sp, #0]
100004e2:	2218      	movs	r2, #24
100004e4:	231f      	movs	r3, #31
100004e6:	4803      	ldr	r0, [pc, #12]	; (100004f4 <spin_lock_claim_unused+0x1c>)
100004e8:	f7ff ff86 	bl	100003f8 <hw_claim_unused_from_range>
100004ec:	b003      	add	sp, #12
100004ee:	bd00      	pop	{pc}
100004f0:	100075a8 	.word	0x100075a8
100004f4:	2000204c 	.word	0x2000204c

100004f8 <irq_set_enabled>:
100004f8:	2301      	movs	r3, #1
100004fa:	4083      	lsls	r3, r0
100004fc:	2900      	cmp	r1, #0
100004fe:	d004      	beq.n	1000050a <irq_set_enabled+0x12>
10000500:	4a03      	ldr	r2, [pc, #12]	; (10000510 <irq_set_enabled+0x18>)
10000502:	6013      	str	r3, [r2, #0]
10000504:	4a03      	ldr	r2, [pc, #12]	; (10000514 <irq_set_enabled+0x1c>)
10000506:	6013      	str	r3, [r2, #0]
10000508:	4770      	bx	lr
1000050a:	4a03      	ldr	r2, [pc, #12]	; (10000518 <irq_set_enabled+0x20>)
1000050c:	6013      	str	r3, [r2, #0]
1000050e:	e7fb      	b.n	10000508 <irq_set_enabled+0x10>
10000510:	e000e280 	.word	0xe000e280
10000514:	e000e100 	.word	0xe000e100
10000518:	e000e180 	.word	0xe000e180

1000051c <irq_set_pending>:
1000051c:	2301      	movs	r3, #1
1000051e:	4083      	lsls	r3, r0
10000520:	4a01      	ldr	r2, [pc, #4]	; (10000528 <irq_set_pending+0xc>)
10000522:	6013      	str	r3, [r2, #0]
10000524:	4770      	bx	lr
10000526:	46c0      	nop			; (mov r8, r8)
10000528:	e000e200 	.word	0xe000e200

1000052c <irq_has_shared_handler>:
1000052c:	4b08      	ldr	r3, [pc, #32]	; (10000550 <irq_has_shared_handler+0x24>)
1000052e:	3010      	adds	r0, #16
10000530:	689b      	ldr	r3, [r3, #8]
10000532:	0080      	lsls	r0, r0, #2
10000534:	58c3      	ldr	r3, [r0, r3]
10000536:	2b00      	cmp	r3, #0
10000538:	d007      	beq.n	1000054a <irq_has_shared_handler+0x1e>
1000053a:	4a06      	ldr	r2, [pc, #24]	; (10000554 <irq_has_shared_handler+0x28>)
1000053c:	2000      	movs	r0, #0
1000053e:	1a9b      	subs	r3, r3, r2
10000540:	222f      	movs	r2, #47	; 0x2f
10000542:	429a      	cmp	r2, r3
10000544:	4140      	adcs	r0, r0
10000546:	b2c0      	uxtb	r0, r0
10000548:	4770      	bx	lr
1000054a:	2000      	movs	r0, #0
1000054c:	e7fc      	b.n	10000548 <irq_has_shared_handler+0x1c>
1000054e:	46c0      	nop			; (mov r8, r8)
10000550:	e000ed00 	.word	0xe000ed00
10000554:	2000136c 	.word	0x2000136c

10000558 <irq_get_vtable_handler>:
10000558:	4b02      	ldr	r3, [pc, #8]	; (10000564 <irq_get_vtable_handler+0xc>)
1000055a:	3010      	adds	r0, #16
1000055c:	689b      	ldr	r3, [r3, #8]
1000055e:	0080      	lsls	r0, r0, #2
10000560:	58c0      	ldr	r0, [r0, r3]
10000562:	4770      	bx	lr
10000564:	e000ed00 	.word	0xe000ed00

10000568 <irq_set_exclusive_handler>:
10000568:	b570      	push	{r4, r5, r6, lr}
1000056a:	000d      	movs	r5, r1
1000056c:	f3ef 8610 	mrs	r6, PRIMASK
10000570:	b672      	cpsid	i
10000572:	4a0f      	ldr	r2, [pc, #60]	; (100005b0 <irq_set_exclusive_handler+0x48>)
10000574:	6813      	ldr	r3, [r2, #0]
10000576:	2b00      	cmp	r3, #0
10000578:	d0fc      	beq.n	10000574 <irq_set_exclusive_handler+0xc>
1000057a:	f3bf 8f5f 	dmb	sy
1000057e:	4b0d      	ldr	r3, [pc, #52]	; (100005b4 <irq_set_exclusive_handler+0x4c>)
10000580:	3010      	adds	r0, #16
10000582:	689b      	ldr	r3, [r3, #8]
10000584:	0084      	lsls	r4, r0, #2
10000586:	591b      	ldr	r3, [r3, r4]
10000588:	4a0b      	ldr	r2, [pc, #44]	; (100005b8 <irq_set_exclusive_handler+0x50>)
1000058a:	4293      	cmp	r3, r2
1000058c:	d003      	beq.n	10000596 <irq_set_exclusive_handler+0x2e>
1000058e:	429d      	cmp	r5, r3
10000590:	d001      	beq.n	10000596 <irq_set_exclusive_handler+0x2e>
10000592:	f001 fa53 	bl	10001a3c <hard_assertion_failure>
10000596:	4b07      	ldr	r3, [pc, #28]	; (100005b4 <irq_set_exclusive_handler+0x4c>)
10000598:	689b      	ldr	r3, [r3, #8]
1000059a:	511d      	str	r5, [r3, r4]
1000059c:	f3bf 8f5f 	dmb	sy
100005a0:	f3bf 8f5f 	dmb	sy
100005a4:	2200      	movs	r2, #0
100005a6:	4b02      	ldr	r3, [pc, #8]	; (100005b0 <irq_set_exclusive_handler+0x48>)
100005a8:	601a      	str	r2, [r3, #0]
100005aa:	f386 8810 	msr	PRIMASK, r6
100005ae:	bd70      	pop	{r4, r5, r6, pc}
100005b0:	d0000124 	.word	0xd0000124
100005b4:	e000ed00 	.word	0xe000ed00
100005b8:	100001cd 	.word	0x100001cd

100005bc <irq_add_shared_handler>:
100005bc:	b5f0      	push	{r4, r5, r6, r7, lr}
100005be:	4657      	mov	r7, sl
100005c0:	464e      	mov	r6, r9
100005c2:	46de      	mov	lr, fp
100005c4:	4645      	mov	r5, r8
100005c6:	b5e0      	push	{r5, r6, r7, lr}
100005c8:	b085      	sub	sp, #20
100005ca:	0006      	movs	r6, r0
100005cc:	9102      	str	r1, [sp, #8]
100005ce:	0017      	movs	r7, r2
100005d0:	f3ef 8b10 	mrs	fp, PRIMASK
100005d4:	b672      	cpsid	i
100005d6:	4a67      	ldr	r2, [pc, #412]	; (10000774 <irq_add_shared_handler+0x1b8>)
100005d8:	6813      	ldr	r3, [r2, #0]
100005da:	2b00      	cmp	r3, #0
100005dc:	d0fc      	beq.n	100005d8 <irq_add_shared_handler+0x1c>
100005de:	f3bf 8f5f 	dmb	sy
100005e2:	2500      	movs	r5, #0
100005e4:	4b64      	ldr	r3, [pc, #400]	; (10000778 <irq_add_shared_handler+0x1bc>)
100005e6:	575d      	ldrsb	r5, [r3, r5]
100005e8:	469a      	mov	sl, r3
100005ea:	2d00      	cmp	r5, #0
100005ec:	da00      	bge.n	100005f0 <irq_add_shared_handler+0x34>
100005ee:	e0a5      	b.n	1000073c <irq_add_shared_handler+0x180>
100005f0:	006b      	lsls	r3, r5, #1
100005f2:	4c62      	ldr	r4, [pc, #392]	; (1000077c <irq_add_shared_handler+0x1c0>)
100005f4:	9303      	str	r3, [sp, #12]
100005f6:	195b      	adds	r3, r3, r5
100005f8:	009b      	lsls	r3, r3, #2
100005fa:	4698      	mov	r8, r3
100005fc:	46a1      	mov	r9, r4
100005fe:	44c1      	add	r9, r8
10000600:	464b      	mov	r3, r9
10000602:	4652      	mov	r2, sl
10000604:	799b      	ldrb	r3, [r3, #6]
10000606:	3610      	adds	r6, #16
10000608:	7013      	strb	r3, [r2, #0]
1000060a:	4b5d      	ldr	r3, [pc, #372]	; (10000780 <irq_add_shared_handler+0x1c4>)
1000060c:	00b2      	lsls	r2, r6, #2
1000060e:	689b      	ldr	r3, [r3, #8]
10000610:	9201      	str	r2, [sp, #4]
10000612:	5899      	ldr	r1, [r3, r2]
10000614:	1b0b      	subs	r3, r1, r4
10000616:	2b2f      	cmp	r3, #47	; 0x2f
10000618:	d934      	bls.n	10000684 <irq_add_shared_handler+0xc8>
1000061a:	4b5a      	ldr	r3, [pc, #360]	; (10000784 <irq_add_shared_handler+0x1c8>)
1000061c:	4299      	cmp	r1, r3
1000061e:	d000      	beq.n	10000622 <irq_add_shared_handler+0x66>
10000620:	e0a5      	b.n	1000076e <irq_add_shared_handler+0x1b2>
10000622:	9b03      	ldr	r3, [sp, #12]
10000624:	4a58      	ldr	r2, [pc, #352]	; (10000788 <irq_add_shared_handler+0x1cc>)
10000626:	469c      	mov	ip, r3
10000628:	4b58      	ldr	r3, [pc, #352]	; (1000078c <irq_add_shared_handler+0x1d0>)
1000062a:	4465      	add	r5, ip
1000062c:	00ad      	lsls	r5, r5, #2
1000062e:	5363      	strh	r3, [r4, r5]
10000630:	4643      	mov	r3, r8
10000632:	3302      	adds	r3, #2
10000634:	1965      	adds	r5, r4, r5
10000636:	18e4      	adds	r4, r4, r3
10000638:	4b55      	ldr	r3, [pc, #340]	; (10000790 <irq_add_shared_handler+0x1d4>)
1000063a:	2101      	movs	r1, #1
1000063c:	3b04      	subs	r3, #4
1000063e:	1b1b      	subs	r3, r3, r4
10000640:	051b      	lsls	r3, r3, #20
10000642:	0d5b      	lsrs	r3, r3, #21
10000644:	4313      	orrs	r3, r2
10000646:	806b      	strh	r3, [r5, #2]
10000648:	4b52      	ldr	r3, [pc, #328]	; (10000794 <irq_add_shared_handler+0x1d8>)
1000064a:	71ef      	strb	r7, [r5, #7]
1000064c:	80ab      	strh	r3, [r5, #4]
1000064e:	23ff      	movs	r3, #255	; 0xff
10000650:	71ab      	strb	r3, [r5, #6]
10000652:	9b02      	ldr	r3, [sp, #8]
10000654:	60ab      	str	r3, [r5, #8]
10000656:	464b      	mov	r3, r9
10000658:	430b      	orrs	r3, r1
1000065a:	0019      	movs	r1, r3
1000065c:	4b48      	ldr	r3, [pc, #288]	; (10000780 <irq_add_shared_handler+0x1c4>)
1000065e:	9a01      	ldr	r2, [sp, #4]
10000660:	689b      	ldr	r3, [r3, #8]
10000662:	5099      	str	r1, [r3, r2]
10000664:	f3bf 8f5f 	dmb	sy
10000668:	f3bf 8f5f 	dmb	sy
1000066c:	2200      	movs	r2, #0
1000066e:	4b41      	ldr	r3, [pc, #260]	; (10000774 <irq_add_shared_handler+0x1b8>)
10000670:	601a      	str	r2, [r3, #0]
10000672:	f38b 8810 	msr	PRIMASK, fp
10000676:	b005      	add	sp, #20
10000678:	bcf0      	pop	{r4, r5, r6, r7}
1000067a:	46bb      	mov	fp, r7
1000067c:	46b2      	mov	sl, r6
1000067e:	46a9      	mov	r9, r5
10000680:	46a0      	mov	r8, r4
10000682:	bdf0      	pop	{r4, r5, r6, r7, pc}
10000684:	2001      	movs	r0, #1
10000686:	000a      	movs	r2, r1
10000688:	4382      	bics	r2, r0
1000068a:	79d3      	ldrb	r3, [r2, #7]
1000068c:	42bb      	cmp	r3, r7
1000068e:	d82f      	bhi.n	100006f0 <irq_add_shared_handler+0x134>
10000690:	4645      	mov	r5, r8
10000692:	464e      	mov	r6, r9
10000694:	0013      	movs	r3, r2
10000696:	4940      	ldr	r1, [pc, #256]	; (10000798 <irq_add_shared_handler+0x1dc>)
10000698:	1b1b      	subs	r3, r3, r4
1000069a:	415b      	adcs	r3, r3
1000069c:	4359      	muls	r1, r3
1000069e:	0d09      	lsrs	r1, r1, #20
100006a0:	4b3a      	ldr	r3, [pc, #232]	; (1000078c <irq_add_shared_handler+0x1d0>)
100006a2:	5363      	strh	r3, [r4, r5]
100006a4:	4b3a      	ldr	r3, [pc, #232]	; (10000790 <irq_add_shared_handler+0x1d4>)
100006a6:	3502      	adds	r5, #2
100006a8:	1965      	adds	r5, r4, r5
100006aa:	3b04      	subs	r3, #4
100006ac:	1b5b      	subs	r3, r3, r5
100006ae:	051b      	lsls	r3, r3, #20
100006b0:	4d35      	ldr	r5, [pc, #212]	; (10000788 <irq_add_shared_handler+0x1cc>)
100006b2:	0d5b      	lsrs	r3, r3, #21
100006b4:	432b      	orrs	r3, r5
100006b6:	8073      	strh	r3, [r6, #2]
100006b8:	2604      	movs	r6, #4
100006ba:	46b4      	mov	ip, r6
100006bc:	44e0      	add	r8, ip
100006be:	4444      	add	r4, r8
100006c0:	1f13      	subs	r3, r2, #4
100006c2:	1b1b      	subs	r3, r3, r4
100006c4:	464c      	mov	r4, r9
100006c6:	71a1      	strb	r1, [r4, #6]
100006c8:	9902      	ldr	r1, [sp, #8]
100006ca:	051b      	lsls	r3, r3, #20
100006cc:	60a1      	str	r1, [r4, #8]
100006ce:	4649      	mov	r1, r9
100006d0:	0d5b      	lsrs	r3, r3, #21
100006d2:	432b      	orrs	r3, r5
100006d4:	80a3      	strh	r3, [r4, #4]
100006d6:	4b31      	ldr	r3, [pc, #196]	; (1000079c <irq_add_shared_handler+0x1e0>)
100006d8:	71e7      	strb	r7, [r4, #7]
100006da:	4301      	orrs	r1, r0
100006dc:	6013      	str	r3, [r2, #0]
100006de:	e7bd      	b.n	1000065c <irq_add_shared_handler+0xa0>
100006e0:	0058      	lsls	r0, r3, #1
100006e2:	18c0      	adds	r0, r0, r3
100006e4:	0080      	lsls	r0, r0, #2
100006e6:	1820      	adds	r0, r4, r0
100006e8:	79c6      	ldrb	r6, [r0, #7]
100006ea:	42be      	cmp	r6, r7
100006ec:	d92c      	bls.n	10000748 <irq_add_shared_handler+0x18c>
100006ee:	0002      	movs	r2, r0
100006f0:	2306      	movs	r3, #6
100006f2:	56d3      	ldrsb	r3, [r2, r3]
100006f4:	2b00      	cmp	r3, #0
100006f6:	daf3      	bge.n	100006e0 <irq_add_shared_handler+0x124>
100006f8:	1d10      	adds	r0, r2, #4
100006fa:	4682      	mov	sl, r0
100006fc:	20bd      	movs	r0, #189	; 0xbd
100006fe:	0200      	lsls	r0, r0, #8
10000700:	4680      	mov	r8, r0
10000702:	2604      	movs	r6, #4
10000704:	4276      	negs	r6, r6
10000706:	46b4      	mov	ip, r6
10000708:	44e1      	add	r9, ip
1000070a:	4650      	mov	r0, sl
1000070c:	464e      	mov	r6, r9
1000070e:	1a36      	subs	r6, r6, r0
10000710:	0530      	lsls	r0, r6, #20
10000712:	0d40      	lsrs	r0, r0, #21
10000714:	4682      	mov	sl, r0
10000716:	4656      	mov	r6, sl
10000718:	481b      	ldr	r0, [pc, #108]	; (10000788 <irq_add_shared_handler+0x1cc>)
1000071a:	7195      	strb	r5, [r2, #6]
1000071c:	4306      	orrs	r6, r0
1000071e:	8096      	strh	r6, [r2, #4]
10000720:	9a03      	ldr	r2, [sp, #12]
10000722:	4694      	mov	ip, r2
10000724:	4465      	add	r5, ip
10000726:	4a1d      	ldr	r2, [pc, #116]	; (1000079c <irq_add_shared_handler+0x1e0>)
10000728:	00ad      	lsls	r5, r5, #2
1000072a:	1964      	adds	r4, r4, r5
1000072c:	6022      	str	r2, [r4, #0]
1000072e:	4642      	mov	r2, r8
10000730:	71a3      	strb	r3, [r4, #6]
10000732:	9b02      	ldr	r3, [sp, #8]
10000734:	80a2      	strh	r2, [r4, #4]
10000736:	71e7      	strb	r7, [r4, #7]
10000738:	60a3      	str	r3, [r4, #8]
1000073a:	e78f      	b.n	1000065c <irq_add_shared_handler+0xa0>
1000073c:	f001 f97e 	bl	10001a3c <hard_assertion_failure>
10000740:	2500      	movs	r5, #0
10000742:	4653      	mov	r3, sl
10000744:	575d      	ldrsb	r5, [r3, r5]
10000746:	e753      	b.n	100005f0 <irq_add_shared_handler+0x34>
10000748:	1d10      	adds	r0, r2, #4
1000074a:	4682      	mov	sl, r0
1000074c:	8890      	ldrh	r0, [r2, #4]
1000074e:	0540      	lsls	r0, r0, #21
10000750:	1500      	asrs	r0, r0, #20
10000752:	4684      	mov	ip, r0
10000754:	4640      	mov	r0, r8
10000756:	44d4      	add	ip, sl
10000758:	4666      	mov	r6, ip
1000075a:	3004      	adds	r0, #4
1000075c:	1820      	adds	r0, r4, r0
1000075e:	1a30      	subs	r0, r6, r0
10000760:	26e0      	movs	r6, #224	; 0xe0
10000762:	0500      	lsls	r0, r0, #20
10000764:	0d40      	lsrs	r0, r0, #21
10000766:	0236      	lsls	r6, r6, #8
10000768:	4330      	orrs	r0, r6
1000076a:	4680      	mov	r8, r0
1000076c:	e7c9      	b.n	10000702 <irq_add_shared_handler+0x146>
1000076e:	f001 f965 	bl	10001a3c <hard_assertion_failure>
10000772:	e756      	b.n	10000622 <irq_add_shared_handler+0x66>
10000774:	d0000124 	.word	0xd0000124
10000778:	2000264a 	.word	0x2000264a
1000077c:	2000136c 	.word	0x2000136c
10000780:	e000ed00 	.word	0xe000ed00
10000784:	100001cd 	.word	0x100001cd
10000788:	ffffe000 	.word	0xffffe000
1000078c:	ffffa100 	.word	0xffffa100
10000790:	2000139c 	.word	0x2000139c
10000794:	ffffbd00 	.word	0xffffbd00
10000798:	0000aaaa 	.word	0x0000aaaa
1000079c:	47804801 	.word	0x47804801

100007a0 <irq_remove_handler>:
100007a0:	b5f0      	push	{r4, r5, r6, r7, lr}
100007a2:	46de      	mov	lr, fp
100007a4:	4657      	mov	r7, sl
100007a6:	464e      	mov	r6, r9
100007a8:	4645      	mov	r5, r8
100007aa:	b5e0      	push	{r5, r6, r7, lr}
100007ac:	000c      	movs	r4, r1
100007ae:	b083      	sub	sp, #12
100007b0:	f3ef 8a10 	mrs	sl, PRIMASK
100007b4:	b672      	cpsid	i
100007b6:	4a5a      	ldr	r2, [pc, #360]	; (10000920 <irq_remove_handler+0x180>)
100007b8:	6813      	ldr	r3, [r2, #0]
100007ba:	2b00      	cmp	r3, #0
100007bc:	d0fc      	beq.n	100007b8 <irq_remove_handler+0x18>
100007be:	f3bf 8f5f 	dmb	sy
100007c2:	2210      	movs	r2, #16
100007c4:	4691      	mov	r9, r2
100007c6:	4481      	add	r9, r0
100007c8:	464a      	mov	r2, r9
100007ca:	4b56      	ldr	r3, [pc, #344]	; (10000924 <irq_remove_handler+0x184>)
100007cc:	0096      	lsls	r6, r2, #2
100007ce:	689b      	ldr	r3, [r3, #8]
100007d0:	599d      	ldr	r5, [r3, r6]
100007d2:	4b55      	ldr	r3, [pc, #340]	; (10000928 <irq_remove_handler+0x188>)
100007d4:	4698      	mov	r8, r3
100007d6:	429d      	cmp	r5, r3
100007d8:	d005      	beq.n	100007e6 <irq_remove_handler+0x46>
100007da:	42a5      	cmp	r5, r4
100007dc:	d016      	beq.n	1000080c <irq_remove_handler+0x6c>
100007de:	4f53      	ldr	r7, [pc, #332]	; (1000092c <irq_remove_handler+0x18c>)
100007e0:	1beb      	subs	r3, r5, r7
100007e2:	2b2f      	cmp	r3, #47	; 0x2f
100007e4:	d914      	bls.n	10000810 <irq_remove_handler+0x70>
100007e6:	4b4f      	ldr	r3, [pc, #316]	; (10000924 <irq_remove_handler+0x184>)
100007e8:	689b      	ldr	r3, [r3, #8]
100007ea:	519d      	str	r5, [r3, r6]
100007ec:	f3bf 8f5f 	dmb	sy
100007f0:	f3bf 8f5f 	dmb	sy
100007f4:	2200      	movs	r2, #0
100007f6:	4b4a      	ldr	r3, [pc, #296]	; (10000920 <irq_remove_handler+0x180>)
100007f8:	601a      	str	r2, [r3, #0]
100007fa:	f38a 8810 	msr	PRIMASK, sl
100007fe:	b003      	add	sp, #12
10000800:	bcf0      	pop	{r4, r5, r6, r7}
10000802:	46bb      	mov	fp, r7
10000804:	46b2      	mov	sl, r6
10000806:	46a9      	mov	r9, r5
10000808:	46a0      	mov	r8, r4
1000080a:	bdf0      	pop	{r4, r5, r6, r7, pc}
1000080c:	001d      	movs	r5, r3
1000080e:	e7ea      	b.n	100007e6 <irq_remove_handler+0x46>
10000810:	2301      	movs	r3, #1
10000812:	4083      	lsls	r3, r0
10000814:	469b      	mov	fp, r3
10000816:	465a      	mov	r2, fp
10000818:	4b45      	ldr	r3, [pc, #276]	; (10000930 <irq_remove_handler+0x190>)
1000081a:	681b      	ldr	r3, [r3, #0]
1000081c:	401a      	ands	r2, r3
1000081e:	9200      	str	r2, [sp, #0]
10000820:	465a      	mov	r2, fp
10000822:	4b44      	ldr	r3, [pc, #272]	; (10000934 <irq_remove_handler+0x194>)
10000824:	601a      	str	r2, [r3, #0]
10000826:	f3bf 8f5f 	dmb	sy
1000082a:	f7ff fd1c 	bl	10000266 <__get_current_exception>
1000082e:	9001      	str	r0, [sp, #4]
10000830:	2800      	cmp	r0, #0
10000832:	d003      	beq.n	1000083c <irq_remove_handler+0x9c>
10000834:	4581      	cmp	r9, r0
10000836:	d001      	beq.n	1000083c <irq_remove_handler+0x9c>
10000838:	f001 f900 	bl	10001a3c <hard_assertion_failure>
1000083c:	2301      	movs	r3, #1
1000083e:	002a      	movs	r2, r5
10000840:	439a      	bics	r2, r3
10000842:	6893      	ldr	r3, [r2, #8]
10000844:	429c      	cmp	r4, r3
10000846:	d108      	bne.n	1000085a <irq_remove_handler+0xba>
10000848:	e05f      	b.n	1000090a <irq_remove_handler+0x16a>
1000084a:	004b      	lsls	r3, r1, #1
1000084c:	185b      	adds	r3, r3, r1
1000084e:	009b      	lsls	r3, r3, #2
10000850:	18fb      	adds	r3, r7, r3
10000852:	6899      	ldr	r1, [r3, #8]
10000854:	42a1      	cmp	r1, r4
10000856:	d011      	beq.n	1000087c <irq_remove_handler+0xdc>
10000858:	001a      	movs	r2, r3
1000085a:	2106      	movs	r1, #6
1000085c:	5651      	ldrsb	r1, [r2, r1]
1000085e:	2900      	cmp	r1, #0
10000860:	daf3      	bge.n	1000084a <irq_remove_handler+0xaa>
10000862:	9b00      	ldr	r3, [sp, #0]
10000864:	2b00      	cmp	r3, #0
10000866:	d005      	beq.n	10000874 <irq_remove_handler+0xd4>
10000868:	465a      	mov	r2, fp
1000086a:	4b33      	ldr	r3, [pc, #204]	; (10000938 <irq_remove_handler+0x198>)
1000086c:	601a      	str	r2, [r3, #0]
1000086e:	4b30      	ldr	r3, [pc, #192]	; (10000930 <irq_remove_handler+0x190>)
10000870:	601a      	str	r2, [r3, #0]
10000872:	e7b8      	b.n	100007e6 <irq_remove_handler+0x46>
10000874:	465a      	mov	r2, fp
10000876:	4b2f      	ldr	r3, [pc, #188]	; (10000934 <irq_remove_handler+0x194>)
10000878:	601a      	str	r2, [r3, #0]
1000087a:	e7b4      	b.n	100007e6 <irq_remove_handler+0x46>
1000087c:	2106      	movs	r1, #6
1000087e:	5659      	ldrsb	r1, [r3, r1]
10000880:	2900      	cmp	r1, #0
10000882:	db21      	blt.n	100008c8 <irq_remove_handler+0x128>
10000884:	004a      	lsls	r2, r1, #1
10000886:	1850      	adds	r0, r2, r1
10000888:	0080      	lsls	r0, r0, #2
1000088a:	183c      	adds	r4, r7, r0
1000088c:	4680      	mov	r8, r0
1000088e:	68a0      	ldr	r0, [r4, #8]
10000890:	6098      	str	r0, [r3, #8]
10000892:	79e0      	ldrb	r0, [r4, #7]
10000894:	71d8      	strb	r0, [r3, #7]
10000896:	2006      	movs	r0, #6
10000898:	5620      	ldrsb	r0, [r4, r0]
1000089a:	7198      	strb	r0, [r3, #6]
1000089c:	2800      	cmp	r0, #0
1000089e:	db24      	blt.n	100008ea <irq_remove_handler+0x14a>
100008a0:	88a4      	ldrh	r4, [r4, #4]
100008a2:	1af8      	subs	r0, r7, r3
100008a4:	0564      	lsls	r4, r4, #21
100008a6:	1524      	asrs	r4, r4, #20
100008a8:	4444      	add	r4, r8
100008aa:	1900      	adds	r0, r0, r4
100008ac:	24e0      	movs	r4, #224	; 0xe0
100008ae:	0500      	lsls	r0, r0, #20
100008b0:	0d40      	lsrs	r0, r0, #21
100008b2:	0224      	lsls	r4, r4, #8
100008b4:	4320      	orrs	r0, r4
100008b6:	8098      	strh	r0, [r3, #4]
100008b8:	1852      	adds	r2, r2, r1
100008ba:	4b20      	ldr	r3, [pc, #128]	; (1000093c <irq_remove_handler+0x19c>)
100008bc:	0092      	lsls	r2, r2, #2
100008be:	18bf      	adds	r7, r7, r2
100008c0:	781a      	ldrb	r2, [r3, #0]
100008c2:	7019      	strb	r1, [r3, #0]
100008c4:	71ba      	strb	r2, [r7, #6]
100008c6:	e7cc      	b.n	10000862 <irq_remove_handler+0xc2>
100008c8:	9901      	ldr	r1, [sp, #4]
100008ca:	2900      	cmp	r1, #0
100008cc:	d110      	bne.n	100008f0 <irq_remove_handler+0x150>
100008ce:	31ff      	adds	r1, #255	; 0xff
100008d0:	7191      	strb	r1, [r2, #6]
100008d2:	491b      	ldr	r1, [pc, #108]	; (10000940 <irq_remove_handler+0x1a0>)
100008d4:	8091      	strh	r1, [r2, #4]
100008d6:	4919      	ldr	r1, [pc, #100]	; (1000093c <irq_remove_handler+0x19c>)
100008d8:	780a      	ldrb	r2, [r1, #0]
100008da:	719a      	strb	r2, [r3, #6]
100008dc:	4a19      	ldr	r2, [pc, #100]	; (10000944 <irq_remove_handler+0x1a4>)
100008de:	1bdb      	subs	r3, r3, r7
100008e0:	415b      	adcs	r3, r3
100008e2:	435a      	muls	r2, r3
100008e4:	0d12      	lsrs	r2, r2, #20
100008e6:	700a      	strb	r2, [r1, #0]
100008e8:	e7bb      	b.n	10000862 <irq_remove_handler+0xc2>
100008ea:	20bd      	movs	r0, #189	; 0xbd
100008ec:	0200      	lsls	r0, r0, #8
100008ee:	e7e2      	b.n	100008b6 <irq_remove_handler+0x116>
100008f0:	4a15      	ldr	r2, [pc, #84]	; (10000948 <irq_remove_handler+0x1a8>)
100008f2:	4916      	ldr	r1, [pc, #88]	; (1000094c <irq_remove_handler+0x1ac>)
100008f4:	1ad2      	subs	r2, r2, r3
100008f6:	3a08      	subs	r2, #8
100008f8:	0250      	lsls	r0, r2, #9
100008fa:	0d40      	lsrs	r0, r0, #21
100008fc:	4301      	orrs	r1, r0
100008fe:	8099      	strh	r1, [r3, #4]
10000900:	4913      	ldr	r1, [pc, #76]	; (10000950 <irq_remove_handler+0x1b0>)
10000902:	0852      	lsrs	r2, r2, #1
10000904:	430a      	orrs	r2, r1
10000906:	80da      	strh	r2, [r3, #6]
10000908:	e7ab      	b.n	10000862 <irq_remove_handler+0xc2>
1000090a:	2106      	movs	r1, #6
1000090c:	5651      	ldrsb	r1, [r2, r1]
1000090e:	0013      	movs	r3, r2
10000910:	2900      	cmp	r1, #0
10000912:	dab7      	bge.n	10000884 <irq_remove_handler+0xe4>
10000914:	9a01      	ldr	r2, [sp, #4]
10000916:	2a00      	cmp	r2, #0
10000918:	d1ea      	bne.n	100008f0 <irq_remove_handler+0x150>
1000091a:	4645      	mov	r5, r8
1000091c:	e7db      	b.n	100008d6 <irq_remove_handler+0x136>
1000091e:	46c0      	nop			; (mov r8, r8)
10000920:	d0000124 	.word	0xd0000124
10000924:	e000ed00 	.word	0xe000ed00
10000928:	100001cd 	.word	0x100001cd
1000092c:	2000136c 	.word	0x2000136c
10000930:	e000e100 	.word	0xe000e100
10000934:	e000e180 	.word	0xe000e180
10000938:	e000e280 	.word	0xe000e280
1000093c:	2000264a 	.word	0x2000264a
10000940:	ffffbd00 	.word	0xffffbd00
10000944:	0000aaaa 	.word	0x0000aaaa
10000948:	200013a6 	.word	0x200013a6
1000094c:	fffff000 	.word	0xfffff000
10000950:	fffff800 	.word	0xfffff800

10000954 <irq_add_tail_to_free_list>:
10000954:	b5f8      	push	{r3, r4, r5, r6, r7, lr}
10000956:	2501      	movs	r5, #1
10000958:	0004      	movs	r4, r0
1000095a:	4305      	orrs	r5, r0
1000095c:	f7ff fc83 	bl	10000266 <__get_current_exception>
10000960:	f3ef 8c10 	mrs	ip, PRIMASK
10000964:	b672      	cpsid	i
10000966:	4a21      	ldr	r2, [pc, #132]	; (100009ec <irq_add_tail_to_free_list+0x98>)
10000968:	6813      	ldr	r3, [r2, #0]
1000096a:	2b00      	cmp	r3, #0
1000096c:	d0fc      	beq.n	10000968 <irq_add_tail_to_free_list+0x14>
1000096e:	f3bf 8f5f 	dmb	sy
10000972:	4e1f      	ldr	r6, [pc, #124]	; (100009f0 <irq_add_tail_to_free_list+0x9c>)
10000974:	0021      	movs	r1, r4
10000976:	68b7      	ldr	r7, [r6, #8]
10000978:	4a1e      	ldr	r2, [pc, #120]	; (100009f4 <irq_add_tail_to_free_list+0xa0>)
1000097a:	4b1f      	ldr	r3, [pc, #124]	; (100009f8 <irq_add_tail_to_free_list+0xa4>)
1000097c:	1a89      	subs	r1, r1, r2
1000097e:	4149      	adcs	r1, r1
10000980:	434b      	muls	r3, r1
10000982:	0d1b      	lsrs	r3, r3, #20
10000984:	b259      	sxtb	r1, r3
10000986:	0083      	lsls	r3, r0, #2
10000988:	58f8      	ldr	r0, [r7, r3]
1000098a:	42a8      	cmp	r0, r5
1000098c:	d01c      	beq.n	100009c8 <irq_add_tail_to_free_list+0x74>
1000098e:	2306      	movs	r3, #6
10000990:	56d3      	ldrsb	r3, [r2, r3]
10000992:	428b      	cmp	r3, r1
10000994:	d01c      	beq.n	100009d0 <irq_add_tail_to_free_list+0x7c>
10000996:	2312      	movs	r3, #18
10000998:	56d3      	ldrsb	r3, [r2, r3]
1000099a:	428b      	cmp	r3, r1
1000099c:	d022      	beq.n	100009e4 <irq_add_tail_to_free_list+0x90>
1000099e:	231e      	movs	r3, #30
100009a0:	56d3      	ldrsb	r3, [r2, r3]
100009a2:	428b      	cmp	r3, r1
100009a4:	d020      	beq.n	100009e8 <irq_add_tail_to_free_list+0x94>
100009a6:	232a      	movs	r3, #42	; 0x2a
100009a8:	56d3      	ldrsb	r3, [r2, r3]
100009aa:	2003      	movs	r0, #3
100009ac:	428b      	cmp	r3, r1
100009ae:	d010      	beq.n	100009d2 <irq_add_tail_to_free_list+0x7e>
100009b0:	4b12      	ldr	r3, [pc, #72]	; (100009fc <irq_add_tail_to_free_list+0xa8>)
100009b2:	781a      	ldrb	r2, [r3, #0]
100009b4:	7019      	strb	r1, [r3, #0]
100009b6:	71a2      	strb	r2, [r4, #6]
100009b8:	f3bf 8f5f 	dmb	sy
100009bc:	2200      	movs	r2, #0
100009be:	4b0b      	ldr	r3, [pc, #44]	; (100009ec <irq_add_tail_to_free_list+0x98>)
100009c0:	601a      	str	r2, [r3, #0]
100009c2:	f38c 8810 	msr	PRIMASK, ip
100009c6:	bdf8      	pop	{r3, r4, r5, r6, r7, pc}
100009c8:	68b2      	ldr	r2, [r6, #8]
100009ca:	480d      	ldr	r0, [pc, #52]	; (10000a00 <irq_add_tail_to_free_list+0xac>)
100009cc:	50d0      	str	r0, [r2, r3]
100009ce:	e7ef      	b.n	100009b0 <irq_add_tail_to_free_list+0x5c>
100009d0:	2000      	movs	r0, #0
100009d2:	0043      	lsls	r3, r0, #1
100009d4:	181b      	adds	r3, r3, r0
100009d6:	009b      	lsls	r3, r3, #2
100009d8:	18d2      	adds	r2, r2, r3
100009da:	23ff      	movs	r3, #255	; 0xff
100009dc:	7193      	strb	r3, [r2, #6]
100009de:	4b09      	ldr	r3, [pc, #36]	; (10000a04 <irq_add_tail_to_free_list+0xb0>)
100009e0:	8093      	strh	r3, [r2, #4]
100009e2:	e7e5      	b.n	100009b0 <irq_add_tail_to_free_list+0x5c>
100009e4:	2001      	movs	r0, #1
100009e6:	e7f4      	b.n	100009d2 <irq_add_tail_to_free_list+0x7e>
100009e8:	2002      	movs	r0, #2
100009ea:	e7f2      	b.n	100009d2 <irq_add_tail_to_free_list+0x7e>
100009ec:	d0000124 	.word	0xd0000124
100009f0:	e000ed00 	.word	0xe000ed00
100009f4:	2000136c 	.word	0x2000136c
100009f8:	0000aaaa 	.word	0x0000aaaa
100009fc:	2000264a 	.word	0x2000264a
10000a00:	100001cd 	.word	0x100001cd
10000a04:	ffffbd00 	.word	0xffffbd00

10000a08 <irq_init_priorities>:
10000a08:	4b05      	ldr	r3, [pc, #20]	; (10000a20 <irq_init_priorities+0x18>)
10000a0a:	4a06      	ldr	r2, [pc, #24]	; (10000a24 <irq_init_priorities+0x1c>)
10000a0c:	6013      	str	r3, [r2, #0]
10000a0e:	4a06      	ldr	r2, [pc, #24]	; (10000a28 <irq_init_priorities+0x20>)
10000a10:	6013      	str	r3, [r2, #0]
10000a12:	6053      	str	r3, [r2, #4]
10000a14:	6093      	str	r3, [r2, #8]
10000a16:	60d3      	str	r3, [r2, #12]
10000a18:	6113      	str	r3, [r2, #16]
10000a1a:	6153      	str	r3, [r2, #20]
10000a1c:	6193      	str	r3, [r2, #24]
10000a1e:	4770      	bx	lr
10000a20:	80808080 	.word	0x80808080
10000a24:	e000e400 	.word	0xe000e400
10000a28:	e000e404 	.word	0xe000e404

10000a2c <user_irq_claim_unused>:
10000a2c:	23d0      	movs	r3, #208	; 0xd0
10000a2e:	b500      	push	{lr}
10000a30:	061b      	lsls	r3, r3, #24
10000a32:	681b      	ldr	r3, [r3, #0]
10000a34:	0001      	movs	r1, r0
10000a36:	4807      	ldr	r0, [pc, #28]	; (10000a54 <user_irq_claim_unused+0x28>)
10000a38:	b083      	sub	sp, #12
10000a3a:	18c0      	adds	r0, r0, r3
10000a3c:	4b06      	ldr	r3, [pc, #24]	; (10000a58 <user_irq_claim_unused+0x2c>)
10000a3e:	2200      	movs	r2, #0
10000a40:	9300      	str	r3, [sp, #0]
10000a42:	2305      	movs	r3, #5
10000a44:	f7ff fcd8 	bl	100003f8 <hw_claim_unused_from_range>
10000a48:	2800      	cmp	r0, #0
10000a4a:	db01      	blt.n	10000a50 <user_irq_claim_unused+0x24>
10000a4c:	231f      	movs	r3, #31
10000a4e:	1a18      	subs	r0, r3, r0
10000a50:	b003      	add	sp, #12
10000a52:	bd00      	pop	{pc}
10000a54:	20002644 	.word	0x20002644
10000a58:	100075c4 	.word	0x100075c4

10000a5c <lock_init>:
10000a5c:	4b02      	ldr	r3, [pc, #8]	; (10000a68 <lock_init+0xc>)
10000a5e:	469c      	mov	ip, r3
10000a60:	4461      	add	r1, ip
10000a62:	0089      	lsls	r1, r1, #2
10000a64:	6001      	str	r1, [r0, #0]
10000a66:	4770      	bx	lr
10000a68:	34000040 	.word	0x34000040

10000a6c <timer_pool_entry_comparator>:
10000a6c:	6883      	ldr	r3, [r0, #8]
10000a6e:	480b      	ldr	r0, [pc, #44]	; (10000a9c <timer_pool_entry_comparator+0x30>)
10000a70:	b510      	push	{r4, lr}
10000a72:	4684      	mov	ip, r0
10000a74:	4461      	add	r1, ip
10000a76:	4462      	add	r2, ip
10000a78:	0109      	lsls	r1, r1, #4
10000a7a:	0112      	lsls	r2, r2, #4
10000a7c:	189a      	adds	r2, r3, r2
10000a7e:	1859      	adds	r1, r3, r1
10000a80:	6854      	ldr	r4, [r2, #4]
10000a82:	684b      	ldr	r3, [r1, #4]
10000a84:	2001      	movs	r0, #1
10000a86:	429c      	cmp	r4, r3
10000a88:	d801      	bhi.n	10000a8e <timer_pool_entry_comparator+0x22>
10000a8a:	d002      	beq.n	10000a92 <timer_pool_entry_comparator+0x26>
10000a8c:	2000      	movs	r0, #0
10000a8e:	b2c0      	uxtb	r0, r0
10000a90:	bd10      	pop	{r4, pc}
10000a92:	6812      	ldr	r2, [r2, #0]
10000a94:	680b      	ldr	r3, [r1, #0]
10000a96:	429a      	cmp	r2, r3
10000a98:	d8f9      	bhi.n	10000a8e <timer_pool_entry_comparator+0x22>
10000a9a:	e7f7      	b.n	10000a8c <timer_pool_entry_comparator+0x20>
10000a9c:	0fffffff 	.word	0x0fffffff

10000aa0 <sleep_until_callback>:
10000aa0:	4b0a      	ldr	r3, [pc, #40]	; (10000acc <sleep_until_callback+0x2c>)
10000aa2:	6819      	ldr	r1, [r3, #0]
10000aa4:	f3ef 8010 	mrs	r0, PRIMASK
10000aa8:	b672      	cpsid	i
10000aaa:	680a      	ldr	r2, [r1, #0]
10000aac:	2a00      	cmp	r2, #0
10000aae:	d0fc      	beq.n	10000aaa <sleep_until_callback+0xa>
10000ab0:	f3bf 8f5f 	dmb	sy
10000ab4:	681b      	ldr	r3, [r3, #0]
10000ab6:	f3bf 8f5f 	dmb	sy
10000aba:	2200      	movs	r2, #0
10000abc:	601a      	str	r2, [r3, #0]
10000abe:	f380 8810 	msr	PRIMASK, r0
10000ac2:	bf40      	sev
10000ac4:	2000      	movs	r0, #0
10000ac6:	2100      	movs	r1, #0
10000ac8:	4770      	bx	lr
10000aca:	46c0      	nop			; (mov r8, r8)
10000acc:	20002614 	.word	0x20002614

10000ad0 <add_alarm_under_lock.isra.0>:
10000ad0:	b5f8      	push	{r3, r4, r5, r6, r7, lr}
10000ad2:	4657      	mov	r7, sl
10000ad4:	464e      	mov	r6, r9
10000ad6:	4645      	mov	r5, r8
10000ad8:	46de      	mov	lr, fp
10000ada:	b5e0      	push	{r5, r6, r7, lr}
10000adc:	4699      	mov	r9, r3
10000ade:	ab0c      	add	r3, sp, #48	; 0x30
10000ae0:	781c      	ldrb	r4, [r3, #0]
10000ae2:	ab0d      	add	r3, sp, #52	; 0x34
10000ae4:	781b      	ldrb	r3, [r3, #0]
10000ae6:	0006      	movs	r6, r0
10000ae8:	4690      	mov	r8, r2
10000aea:	469a      	mov	sl, r3
10000aec:	6807      	ldr	r7, [r0, #0]
10000aee:	2c00      	cmp	r4, #0
10000af0:	d111      	bne.n	10000b16 <add_alarm_under_lock.isra.0+0x46>
10000af2:	7bbc      	ldrb	r4, [r7, #14]
10000af4:	2c00      	cmp	r4, #0
10000af6:	d042      	beq.n	10000b7e <add_alarm_under_lock.isra.0+0xae>
10000af8:	0065      	lsls	r5, r4, #1
10000afa:	683b      	ldr	r3, [r7, #0]
10000afc:	192d      	adds	r5, r5, r4
10000afe:	3d03      	subs	r5, #3
10000b00:	1959      	adds	r1, r3, r5
10000b02:	784b      	ldrb	r3, [r1, #1]
10000b04:	73bb      	strb	r3, [r7, #14]
10000b06:	2b00      	cmp	r3, #0
10000b08:	d100      	bne.n	10000b0c <add_alarm_under_lock.isra.0+0x3c>
10000b0a:	73fb      	strb	r3, [r7, #15]
10000b0c:	2300      	movs	r3, #0
10000b0e:	708b      	strb	r3, [r1, #2]
10000b10:	704b      	strb	r3, [r1, #1]
10000b12:	700b      	strb	r3, [r1, #0]
10000b14:	e004      	b.n	10000b20 <add_alarm_under_lock.isra.0+0x50>
10000b16:	0065      	lsls	r5, r4, #1
10000b18:	683b      	ldr	r3, [r7, #0]
10000b1a:	192d      	adds	r5, r5, r4
10000b1c:	3d03      	subs	r5, #3
10000b1e:	1959      	adds	r1, r3, r5
10000b20:	68b2      	ldr	r2, [r6, #8]
10000b22:	4b2a      	ldr	r3, [pc, #168]	; (10000bcc <add_alarm_under_lock.isra.0+0xfc>)
10000b24:	4694      	mov	ip, r2
10000b26:	4642      	mov	r2, r8
10000b28:	18e3      	adds	r3, r4, r3
10000b2a:	011b      	lsls	r3, r3, #4
10000b2c:	4463      	add	r3, ip
10000b2e:	601a      	str	r2, [r3, #0]
10000b30:	464a      	mov	r2, r9
10000b32:	605a      	str	r2, [r3, #4]
10000b34:	9a0a      	ldr	r2, [sp, #40]	; 0x28
10000b36:	609a      	str	r2, [r3, #8]
10000b38:	9a0b      	ldr	r2, [sp, #44]	; 0x2c
10000b3a:	60da      	str	r2, [r3, #12]
10000b3c:	2300      	movs	r3, #0
10000b3e:	708b      	strb	r3, [r1, #2]
10000b40:	704b      	strb	r3, [r1, #1]
10000b42:	700b      	strb	r3, [r1, #0]
10000b44:	7b7b      	ldrb	r3, [r7, #13]
10000b46:	469b      	mov	fp, r3
10000b48:	2b00      	cmp	r3, #0
10000b4a:	d02b      	beq.n	10000ba4 <add_alarm_under_lock.isra.0+0xd4>
10000b4c:	0022      	movs	r2, r4
10000b4e:	4659      	mov	r1, fp
10000b50:	68b8      	ldr	r0, [r7, #8]
10000b52:	687b      	ldr	r3, [r7, #4]
10000b54:	4798      	blx	r3
10000b56:	683a      	ldr	r2, [r7, #0]
10000b58:	2800      	cmp	r0, #0
10000b5a:	d016      	beq.n	10000b8a <add_alarm_under_lock.isra.0+0xba>
10000b5c:	465b      	mov	r3, fp
10000b5e:	4658      	mov	r0, fp
10000b60:	005b      	lsls	r3, r3, #1
10000b62:	445b      	add	r3, fp
10000b64:	1955      	adds	r5, r2, r5
10000b66:	3b03      	subs	r3, #3
10000b68:	70a8      	strb	r0, [r5, #2]
10000b6a:	18d1      	adds	r1, r2, r3
10000b6c:	5cd3      	ldrb	r3, [r2, r3]
10000b6e:	2b00      	cmp	r3, #0
10000b70:	d000      	beq.n	10000b74 <add_alarm_under_lock.isra.0+0xa4>
10000b72:	706b      	strb	r3, [r5, #1]
10000b74:	465b      	mov	r3, fp
10000b76:	700c      	strb	r4, [r1, #0]
10000b78:	737b      	strb	r3, [r7, #13]
10000b7a:	45a3      	cmp	fp, r4
10000b7c:	d013      	beq.n	10000ba6 <add_alarm_under_lock.isra.0+0xd6>
10000b7e:	bcf0      	pop	{r4, r5, r6, r7}
10000b80:	46bb      	mov	fp, r7
10000b82:	46b2      	mov	sl, r6
10000b84:	46a9      	mov	r9, r5
10000b86:	46a0      	mov	r8, r4
10000b88:	bdf8      	pop	{r3, r4, r5, r6, r7, pc}
10000b8a:	465b      	mov	r3, fp
10000b8c:	005b      	lsls	r3, r3, #1
10000b8e:	445b      	add	r3, fp
10000b90:	3b03      	subs	r3, #3
10000b92:	18d3      	adds	r3, r2, r3
10000b94:	709c      	strb	r4, [r3, #2]
10000b96:	1951      	adds	r1, r2, r5
10000b98:	5d52      	ldrb	r2, [r2, r5]
10000b9a:	2a00      	cmp	r2, #0
10000b9c:	d000      	beq.n	10000ba0 <add_alarm_under_lock.isra.0+0xd0>
10000b9e:	705a      	strb	r2, [r3, #1]
10000ba0:	465b      	mov	r3, fp
10000ba2:	700b      	strb	r3, [r1, #0]
10000ba4:	737c      	strb	r4, [r7, #13]
10000ba6:	4642      	mov	r2, r8
10000ba8:	464b      	mov	r3, r9
10000baa:	7d30      	ldrb	r0, [r6, #20]
10000bac:	f000 fc26 	bl	100013fc <hardware_alarm_set_target>
10000bb0:	1e05      	subs	r5, r0, #0
10000bb2:	d006      	beq.n	10000bc2 <add_alarm_under_lock.isra.0+0xf2>
10000bb4:	4653      	mov	r3, sl
10000bb6:	2b00      	cmp	r3, #0
10000bb8:	d103      	bne.n	10000bc2 <add_alarm_under_lock.isra.0+0xf2>
10000bba:	0021      	movs	r1, r4
10000bbc:	6830      	ldr	r0, [r6, #0]
10000bbe:	f000 fe3f 	bl	10001840 <ph_remove_and_free_node>
10000bc2:	9b0e      	ldr	r3, [sp, #56]	; 0x38
10000bc4:	2b00      	cmp	r3, #0
10000bc6:	d0da      	beq.n	10000b7e <add_alarm_under_lock.isra.0+0xae>
10000bc8:	701d      	strb	r5, [r3, #0]
10000bca:	e7d8      	b.n	10000b7e <add_alarm_under_lock.isra.0+0xae>
10000bcc:	0fffffff 	.word	0x0fffffff

10000bd0 <alarm_pool_alarm_callback>:
10000bd0:	b5f0      	push	{r4, r5, r6, r7, lr}
10000bd2:	46de      	mov	lr, fp
10000bd4:	464e      	mov	r6, r9
10000bd6:	4657      	mov	r7, sl
10000bd8:	4645      	mov	r5, r8
10000bda:	2300      	movs	r3, #0
10000bdc:	b5e0      	push	{r5, r6, r7, lr}
10000bde:	b08d      	sub	sp, #52	; 0x34
10000be0:	930a      	str	r3, [sp, #40]	; 0x28
10000be2:	4b6b      	ldr	r3, [pc, #428]	; (10000d90 <alarm_pool_alarm_callback+0x1c0>)
10000be4:	0082      	lsls	r2, r0, #2
10000be6:	58d3      	ldr	r3, [r2, r3]
10000be8:	900b      	str	r0, [sp, #44]	; 0x2c
10000bea:	4699      	mov	r9, r3
10000bec:	2300      	movs	r3, #0
10000bee:	469b      	mov	fp, r3
10000bf0:	464b      	mov	r3, r9
10000bf2:	9307      	str	r3, [sp, #28]
10000bf4:	f000 fba2 	bl	1000133c <time_us_64>
10000bf8:	9c07      	ldr	r4, [sp, #28]
10000bfa:	0006      	movs	r6, r0
10000bfc:	000f      	movs	r7, r1
10000bfe:	6862      	ldr	r2, [r4, #4]
10000c00:	f3ef 8510 	mrs	r5, PRIMASK
10000c04:	b672      	cpsid	i
10000c06:	6813      	ldr	r3, [r2, #0]
10000c08:	2b00      	cmp	r3, #0
10000c0a:	d0fc      	beq.n	10000c06 <alarm_pool_alarm_callback+0x36>
10000c0c:	0022      	movs	r2, r4
10000c0e:	9407      	str	r4, [sp, #28]
10000c10:	f3bf 8f5f 	dmb	sy
10000c14:	6824      	ldr	r4, [r4, #0]
10000c16:	7b63      	ldrb	r3, [r4, #13]
10000c18:	4699      	mov	r9, r3
10000c1a:	2b00      	cmp	r3, #0
10000c1c:	d067      	beq.n	10000cee <alarm_pool_alarm_callback+0x11e>
10000c1e:	6892      	ldr	r2, [r2, #8]
10000c20:	4b5c      	ldr	r3, [pc, #368]	; (10000d94 <alarm_pool_alarm_callback+0x1c4>)
10000c22:	4690      	mov	r8, r2
10000c24:	444b      	add	r3, r9
10000c26:	011b      	lsls	r3, r3, #4
10000c28:	4498      	add	r8, r3
10000c2a:	4643      	mov	r3, r8
10000c2c:	681a      	ldr	r2, [r3, #0]
10000c2e:	685b      	ldr	r3, [r3, #4]
10000c30:	0010      	movs	r0, r2
10000c32:	0019      	movs	r1, r3
10000c34:	1b80      	subs	r0, r0, r6
10000c36:	41b9      	sbcs	r1, r7
10000c38:	2900      	cmp	r1, #0
10000c3a:	dd5f      	ble.n	10000cfc <alarm_pool_alarm_callback+0x12c>
10000c3c:	980b      	ldr	r0, [sp, #44]	; 0x2c
10000c3e:	f000 fbdd 	bl	100013fc <hardware_alarm_set_target>
10000c42:	2300      	movs	r3, #0
10000c44:	2600      	movs	r6, #0
10000c46:	4698      	mov	r8, r3
10000c48:	2700      	movs	r7, #0
10000c4a:	469a      	mov	sl, r3
10000c4c:	9c07      	ldr	r4, [sp, #28]
10000c4e:	6863      	ldr	r3, [r4, #4]
10000c50:	f3bf 8f5f 	dmb	sy
10000c54:	465a      	mov	r2, fp
10000c56:	601a      	str	r2, [r3, #0]
10000c58:	f385 8810 	msr	PRIMASK, r5
10000c5c:	4653      	mov	r3, sl
10000c5e:	2b00      	cmp	r3, #0
10000c60:	d108      	bne.n	10000c74 <alarm_pool_alarm_callback+0xa4>
10000c62:	2800      	cmp	r0, #0
10000c64:	d1c6      	bne.n	10000bf4 <alarm_pool_alarm_callback+0x24>
10000c66:	b00d      	add	sp, #52	; 0x34
10000c68:	bcf0      	pop	{r4, r5, r6, r7}
10000c6a:	46bb      	mov	fp, r7
10000c6c:	46b2      	mov	sl, r6
10000c6e:	46a9      	mov	r9, r5
10000c70:	46a0      	mov	r8, r4
10000c72:	bdf0      	pop	{r4, r5, r6, r7, pc}
10000c74:	9b0a      	ldr	r3, [sp, #40]	; 0x28
10000c76:	4641      	mov	r1, r8
10000c78:	0218      	lsls	r0, r3, #8
10000c7a:	464b      	mov	r3, r9
10000c7c:	4318      	orrs	r0, r3
10000c7e:	47d0      	blx	sl
10000c80:	9008      	str	r0, [sp, #32]
10000c82:	9109      	str	r1, [sp, #36]	; 0x24
10000c84:	6862      	ldr	r2, [r4, #4]
10000c86:	f3ef 8510 	mrs	r5, PRIMASK
10000c8a:	b672      	cpsid	i
10000c8c:	6813      	ldr	r3, [r2, #0]
10000c8e:	2b00      	cmp	r3, #0
10000c90:	d0fc      	beq.n	10000c8c <alarm_pool_alarm_callback+0xbc>
10000c92:	9407      	str	r4, [sp, #28]
10000c94:	f3bf 8f5f 	dmb	sy
10000c98:	9908      	ldr	r1, [sp, #32]
10000c9a:	9a09      	ldr	r2, [sp, #36]	; 0x24
10000c9c:	2a00      	cmp	r2, #0
10000c9e:	db48      	blt.n	10000d32 <alarm_pool_alarm_callback+0x162>
10000ca0:	4311      	orrs	r1, r2
10000ca2:	d003      	beq.n	10000cac <alarm_pool_alarm_callback+0xdc>
10000ca4:	9b07      	ldr	r3, [sp, #28]
10000ca6:	691b      	ldr	r3, [r3, #16]
10000ca8:	2b00      	cmp	r3, #0
10000caa:	d15d      	bne.n	10000d68 <alarm_pool_alarm_callback+0x198>
10000cac:	9b07      	ldr	r3, [sp, #28]
10000cae:	681b      	ldr	r3, [r3, #0]
10000cb0:	7bd9      	ldrb	r1, [r3, #15]
10000cb2:	2900      	cmp	r1, #0
10000cb4:	d007      	beq.n	10000cc6 <alarm_pool_alarm_callback+0xf6>
10000cb6:	004a      	lsls	r2, r1, #1
10000cb8:	1852      	adds	r2, r2, r1
10000cba:	6819      	ldr	r1, [r3, #0]
10000cbc:	468c      	mov	ip, r1
10000cbe:	4649      	mov	r1, r9
10000cc0:	4462      	add	r2, ip
10000cc2:	3a03      	subs	r2, #3
10000cc4:	7051      	strb	r1, [r2, #1]
10000cc6:	464a      	mov	r2, r9
10000cc8:	73da      	strb	r2, [r3, #15]
10000cca:	464b      	mov	r3, r9
10000ccc:	9a07      	ldr	r2, [sp, #28]
10000cce:	3b01      	subs	r3, #1
10000cd0:	68d1      	ldr	r1, [r2, #12]
10000cd2:	5cca      	ldrb	r2, [r1, r3]
10000cd4:	3201      	adds	r2, #1
10000cd6:	54ca      	strb	r2, [r1, r3]
10000cd8:	465b      	mov	r3, fp
10000cda:	9a07      	ldr	r2, [sp, #28]
10000cdc:	6113      	str	r3, [r2, #16]
10000cde:	6853      	ldr	r3, [r2, #4]
10000ce0:	f3bf 8f5f 	dmb	sy
10000ce4:	465a      	mov	r2, fp
10000ce6:	601a      	str	r2, [r3, #0]
10000ce8:	f385 8810 	msr	PRIMASK, r5
10000cec:	e782      	b.n	10000bf4 <alarm_pool_alarm_callback+0x24>
10000cee:	2300      	movs	r3, #0
10000cf0:	2600      	movs	r6, #0
10000cf2:	4698      	mov	r8, r3
10000cf4:	2700      	movs	r7, #0
10000cf6:	469a      	mov	sl, r3
10000cf8:	2000      	movs	r0, #0
10000cfa:	e7a7      	b.n	10000c4c <alarm_pool_alarm_callback+0x7c>
10000cfc:	2900      	cmp	r1, #0
10000cfe:	d101      	bne.n	10000d04 <alarm_pool_alarm_callback+0x134>
10000d00:	2800      	cmp	r0, #0
10000d02:	d19b      	bne.n	10000c3c <alarm_pool_alarm_callback+0x6c>
10000d04:	2100      	movs	r1, #0
10000d06:	0020      	movs	r0, r4
10000d08:	f000 fd1c 	bl	10001744 <ph_remove_head>
10000d0c:	4643      	mov	r3, r8
10000d0e:	681e      	ldr	r6, [r3, #0]
10000d10:	685f      	ldr	r7, [r3, #4]
10000d12:	689b      	ldr	r3, [r3, #8]
10000d14:	9a07      	ldr	r2, [sp, #28]
10000d16:	469a      	mov	sl, r3
10000d18:	4643      	mov	r3, r8
10000d1a:	68db      	ldr	r3, [r3, #12]
10000d1c:	4698      	mov	r8, r3
10000d1e:	68d3      	ldr	r3, [r2, #12]
10000d20:	444b      	add	r3, r9
10000d22:	3b01      	subs	r3, #1
10000d24:	781b      	ldrb	r3, [r3, #0]
10000d26:	930a      	str	r3, [sp, #40]	; 0x28
10000d28:	021b      	lsls	r3, r3, #8
10000d2a:	4303      	orrs	r3, r0
10000d2c:	6113      	str	r3, [r2, #16]
10000d2e:	2000      	movs	r0, #0
10000d30:	e78c      	b.n	10000c4c <alarm_pool_alarm_callback+0x7c>
10000d32:	6923      	ldr	r3, [r4, #16]
10000d34:	2b00      	cmp	r3, #0
10000d36:	d0b9      	beq.n	10000cac <alarm_pool_alarm_callback+0xdc>
10000d38:	0033      	movs	r3, r6
10000d3a:	003c      	movs	r4, r7
10000d3c:	1a5b      	subs	r3, r3, r1
10000d3e:	4194      	sbcs	r4, r2
10000d40:	001a      	movs	r2, r3
10000d42:	0023      	movs	r3, r4
10000d44:	42a7      	cmp	r7, r4
10000d46:	d819      	bhi.n	10000d7c <alarm_pool_alarm_callback+0x1ac>
10000d48:	429f      	cmp	r7, r3
10000d4a:	d01b      	beq.n	10000d84 <alarm_pool_alarm_callback+0x1b4>
10000d4c:	4659      	mov	r1, fp
10000d4e:	9104      	str	r1, [sp, #16]
10000d50:	2101      	movs	r1, #1
10000d52:	9103      	str	r1, [sp, #12]
10000d54:	4649      	mov	r1, r9
10000d56:	9102      	str	r1, [sp, #8]
10000d58:	4641      	mov	r1, r8
10000d5a:	9101      	str	r1, [sp, #4]
10000d5c:	4651      	mov	r1, sl
10000d5e:	9807      	ldr	r0, [sp, #28]
10000d60:	9100      	str	r1, [sp, #0]
10000d62:	f7ff feb5 	bl	10000ad0 <add_alarm_under_lock.isra.0>
10000d66:	e7b7      	b.n	10000cd8 <alarm_pool_alarm_callback+0x108>
10000d68:	f000 fae8 	bl	1000133c <time_us_64>
10000d6c:	9a08      	ldr	r2, [sp, #32]
10000d6e:	9b09      	ldr	r3, [sp, #36]	; 0x24
10000d70:	0006      	movs	r6, r0
10000d72:	000f      	movs	r7, r1
10000d74:	1992      	adds	r2, r2, r6
10000d76:	417b      	adcs	r3, r7
10000d78:	4299      	cmp	r1, r3
10000d7a:	d9e5      	bls.n	10000d48 <alarm_pool_alarm_callback+0x178>
10000d7c:	2201      	movs	r2, #1
10000d7e:	4252      	negs	r2, r2
10000d80:	17d3      	asrs	r3, r2, #31
10000d82:	e7e3      	b.n	10000d4c <alarm_pool_alarm_callback+0x17c>
10000d84:	4296      	cmp	r6, r2
10000d86:	d9e1      	bls.n	10000d4c <alarm_pool_alarm_callback+0x17c>
10000d88:	2201      	movs	r2, #1
10000d8a:	4252      	negs	r2, r2
10000d8c:	17d3      	asrs	r3, r2, #31
10000d8e:	e7dd      	b.n	10000d4c <alarm_pool_alarm_callback+0x17c>
10000d90:	200024f8 	.word	0x200024f8
10000d94:	0fffffff 	.word	0x0fffffff

10000d98 <alarm_pool_add_alarm_at.constprop.0>:
10000d98:	b5f8      	push	{r3, r4, r5, r6, r7, lr}
10000d9a:	4657      	mov	r7, sl
10000d9c:	464e      	mov	r6, r9
10000d9e:	4645      	mov	r5, r8
10000da0:	46de      	mov	lr, fp
10000da2:	b5e0      	push	{r5, r6, r7, lr}
10000da4:	4d40      	ldr	r5, [pc, #256]	; (10000ea8 <alarm_pool_add_alarm_at.constprop.0+0x110>)
10000da6:	4681      	mov	r9, r0
10000da8:	468a      	mov	sl, r1
10000daa:	686a      	ldr	r2, [r5, #4]
10000dac:	f3ef 8810 	mrs	r8, PRIMASK
10000db0:	b672      	cpsid	i
10000db2:	6813      	ldr	r3, [r2, #0]
10000db4:	2b00      	cmp	r3, #0
10000db6:	d0fc      	beq.n	10000db2 <alarm_pool_add_alarm_at.constprop.0+0x1a>
10000db8:	f3bf 8f5f 	dmb	sy
10000dbc:	682e      	ldr	r6, [r5, #0]
10000dbe:	7bb4      	ldrb	r4, [r6, #14]
10000dc0:	2c00      	cmp	r4, #0
10000dc2:	d039      	beq.n	10000e38 <alarm_pool_add_alarm_at.constprop.0+0xa0>
10000dc4:	0067      	lsls	r7, r4, #1
10000dc6:	6833      	ldr	r3, [r6, #0]
10000dc8:	193f      	adds	r7, r7, r4
10000dca:	3f03      	subs	r7, #3
10000dcc:	19db      	adds	r3, r3, r7
10000dce:	785a      	ldrb	r2, [r3, #1]
10000dd0:	73b2      	strb	r2, [r6, #14]
10000dd2:	2a00      	cmp	r2, #0
10000dd4:	d100      	bne.n	10000dd8 <alarm_pool_add_alarm_at.constprop.0+0x40>
10000dd6:	73f2      	strb	r2, [r6, #15]
10000dd8:	68a9      	ldr	r1, [r5, #8]
10000dda:	4a34      	ldr	r2, [pc, #208]	; (10000eac <alarm_pool_add_alarm_at.constprop.0+0x114>)
10000ddc:	468c      	mov	ip, r1
10000dde:	4649      	mov	r1, r9
10000de0:	18a2      	adds	r2, r4, r2
10000de2:	0112      	lsls	r2, r2, #4
10000de4:	4462      	add	r2, ip
10000de6:	6011      	str	r1, [r2, #0]
10000de8:	4651      	mov	r1, sl
10000dea:	6051      	str	r1, [r2, #4]
10000dec:	4930      	ldr	r1, [pc, #192]	; (10000eb0 <alarm_pool_add_alarm_at.constprop.0+0x118>)
10000dee:	6091      	str	r1, [r2, #8]
10000df0:	2100      	movs	r1, #0
10000df2:	60d1      	str	r1, [r2, #12]
10000df4:	7099      	strb	r1, [r3, #2]
10000df6:	7059      	strb	r1, [r3, #1]
10000df8:	7019      	strb	r1, [r3, #0]
10000dfa:	7b73      	ldrb	r3, [r6, #13]
10000dfc:	469b      	mov	fp, r3
10000dfe:	2b00      	cmp	r3, #0
10000e00:	d035      	beq.n	10000e6e <alarm_pool_add_alarm_at.constprop.0+0xd6>
10000e02:	0022      	movs	r2, r4
10000e04:	0019      	movs	r1, r3
10000e06:	68b0      	ldr	r0, [r6, #8]
10000e08:	6873      	ldr	r3, [r6, #4]
10000e0a:	4798      	blx	r3
10000e0c:	6832      	ldr	r2, [r6, #0]
10000e0e:	2800      	cmp	r0, #0
10000e10:	d020      	beq.n	10000e54 <alarm_pool_add_alarm_at.constprop.0+0xbc>
10000e12:	465b      	mov	r3, fp
10000e14:	4658      	mov	r0, fp
10000e16:	005b      	lsls	r3, r3, #1
10000e18:	445b      	add	r3, fp
10000e1a:	19d7      	adds	r7, r2, r7
10000e1c:	3b03      	subs	r3, #3
10000e1e:	70b8      	strb	r0, [r7, #2]
10000e20:	18d1      	adds	r1, r2, r3
10000e22:	5cd3      	ldrb	r3, [r2, r3]
10000e24:	2b00      	cmp	r3, #0
10000e26:	d000      	beq.n	10000e2a <alarm_pool_add_alarm_at.constprop.0+0x92>
10000e28:	707b      	strb	r3, [r7, #1]
10000e2a:	465b      	mov	r3, fp
10000e2c:	700c      	strb	r4, [r1, #0]
10000e2e:	7373      	strb	r3, [r6, #13]
10000e30:	455c      	cmp	r4, fp
10000e32:	d01d      	beq.n	10000e70 <alarm_pool_add_alarm_at.constprop.0+0xd8>
10000e34:	2600      	movs	r6, #0
10000e36:	e026      	b.n	10000e86 <alarm_pool_add_alarm_at.constprop.0+0xee>
10000e38:	686b      	ldr	r3, [r5, #4]
10000e3a:	f3bf 8f5f 	dmb	sy
10000e3e:	601c      	str	r4, [r3, #0]
10000e40:	f388 8810 	msr	PRIMASK, r8
10000e44:	2001      	movs	r0, #1
10000e46:	4240      	negs	r0, r0
10000e48:	bcf0      	pop	{r4, r5, r6, r7}
10000e4a:	46bb      	mov	fp, r7
10000e4c:	46b2      	mov	sl, r6
10000e4e:	46a9      	mov	r9, r5
10000e50:	46a0      	mov	r8, r4
10000e52:	bdf8      	pop	{r3, r4, r5, r6, r7, pc}
10000e54:	465b      	mov	r3, fp
10000e56:	005b      	lsls	r3, r3, #1
10000e58:	445b      	add	r3, fp
10000e5a:	3b03      	subs	r3, #3
10000e5c:	18d3      	adds	r3, r2, r3
10000e5e:	709c      	strb	r4, [r3, #2]
10000e60:	19d1      	adds	r1, r2, r7
10000e62:	5dd2      	ldrb	r2, [r2, r7]
10000e64:	2a00      	cmp	r2, #0
10000e66:	d000      	beq.n	10000e6a <alarm_pool_add_alarm_at.constprop.0+0xd2>
10000e68:	705a      	strb	r2, [r3, #1]
10000e6a:	465b      	mov	r3, fp
10000e6c:	700b      	strb	r3, [r1, #0]
10000e6e:	7374      	strb	r4, [r6, #13]
10000e70:	464a      	mov	r2, r9
10000e72:	4653      	mov	r3, sl
10000e74:	7d28      	ldrb	r0, [r5, #20]
10000e76:	f000 fac1 	bl	100013fc <hardware_alarm_set_target>
10000e7a:	1e06      	subs	r6, r0, #0
10000e7c:	d0da      	beq.n	10000e34 <alarm_pool_add_alarm_at.constprop.0+0x9c>
10000e7e:	0021      	movs	r1, r4
10000e80:	6828      	ldr	r0, [r5, #0]
10000e82:	f000 fcdd 	bl	10001840 <ph_remove_and_free_node>
10000e86:	68eb      	ldr	r3, [r5, #12]
10000e88:	191b      	adds	r3, r3, r4
10000e8a:	3b01      	subs	r3, #1
10000e8c:	7819      	ldrb	r1, [r3, #0]
10000e8e:	686b      	ldr	r3, [r5, #4]
10000e90:	f3bf 8f5f 	dmb	sy
10000e94:	2200      	movs	r2, #0
10000e96:	601a      	str	r2, [r3, #0]
10000e98:	f388 8810 	msr	PRIMASK, r8
10000e9c:	2000      	movs	r0, #0
10000e9e:	2e00      	cmp	r6, #0
10000ea0:	d1d2      	bne.n	10000e48 <alarm_pool_add_alarm_at.constprop.0+0xb0>
10000ea2:	0208      	lsls	r0, r1, #8
10000ea4:	4320      	orrs	r0, r4
10000ea6:	e7cf      	b.n	10000e48 <alarm_pool_add_alarm_at.constprop.0+0xb0>
10000ea8:	200013b4 	.word	0x200013b4
10000eac:	0fffffff 	.word	0x0fffffff
10000eb0:	10000aa1 	.word	0x10000aa1

10000eb4 <alarm_pool_init_default>:
10000eb4:	b510      	push	{r4, lr}
10000eb6:	4c12      	ldr	r4, [pc, #72]	; (10000f00 <alarm_pool_init_default+0x4c>)
10000eb8:	6863      	ldr	r3, [r4, #4]
10000eba:	2b00      	cmp	r3, #0
10000ebc:	d004      	beq.n	10000ec8 <alarm_pool_init_default+0x14>
10000ebe:	210a      	movs	r1, #10
10000ec0:	4810      	ldr	r0, [pc, #64]	; (10000f04 <alarm_pool_init_default+0x50>)
10000ec2:	f7ff fdcb 	bl	10000a5c <lock_init>
10000ec6:	bd10      	pop	{r4, pc}
10000ec8:	0023      	movs	r3, r4
10000eca:	4a0f      	ldr	r2, [pc, #60]	; (10000f08 <alarm_pool_init_default+0x54>)
10000ecc:	2110      	movs	r1, #16
10000ece:	6820      	ldr	r0, [r4, #0]
10000ed0:	f000 fb56 	bl	10001580 <ph_post_alloc_init>
10000ed4:	2003      	movs	r0, #3
10000ed6:	f000 fa25 	bl	10001324 <hardware_alarm_claim>
10000eda:	2003      	movs	r0, #3
10000edc:	f000 fafe 	bl	100014dc <hardware_alarm_cancel>
10000ee0:	2003      	movs	r0, #3
10000ee2:	490a      	ldr	r1, [pc, #40]	; (10000f0c <alarm_pool_init_default+0x58>)
10000ee4:	f000 fa44 	bl	10001370 <hardware_alarm_set_callback>
10000ee8:	f7ff faea 	bl	100004c0 <next_striped_spin_lock_num>
10000eec:	4b08      	ldr	r3, [pc, #32]	; (10000f10 <alarm_pool_init_default+0x5c>)
10000eee:	469c      	mov	ip, r3
10000ef0:	2303      	movs	r3, #3
10000ef2:	4460      	add	r0, ip
10000ef4:	7523      	strb	r3, [r4, #20]
10000ef6:	4b07      	ldr	r3, [pc, #28]	; (10000f14 <alarm_pool_init_default+0x60>)
10000ef8:	0080      	lsls	r0, r0, #2
10000efa:	6060      	str	r0, [r4, #4]
10000efc:	60dc      	str	r4, [r3, #12]
10000efe:	e7de      	b.n	10000ebe <alarm_pool_init_default+0xa>
10000f00:	200013b4 	.word	0x200013b4
10000f04:	20002614 	.word	0x20002614
10000f08:	10000a6d 	.word	0x10000a6d
10000f0c:	10000bd1 	.word	0x10000bd1
10000f10:	34000040 	.word	0x34000040
10000f14:	200024f8 	.word	0x200024f8

10000f18 <alarm_pool_get_default>:
10000f18:	4800      	ldr	r0, [pc, #0]	; (10000f1c <alarm_pool_get_default+0x4>)
10000f1a:	4770      	bx	lr
10000f1c:	200013b4 	.word	0x200013b4

10000f20 <alarm_pool_add_alarm_at>:
10000f20:	b5f0      	push	{r4, r5, r6, r7, lr}
10000f22:	4657      	mov	r7, sl
10000f24:	464e      	mov	r6, r9
10000f26:	4645      	mov	r5, r8
10000f28:	46de      	mov	lr, fp
10000f2a:	b5e0      	push	{r5, r6, r7, lr}
10000f2c:	b085      	sub	sp, #20
10000f2e:	9301      	str	r3, [sp, #4]
10000f30:	ab10      	add	r3, sp, #64	; 0x40
10000f32:	781b      	ldrb	r3, [r3, #0]
10000f34:	0006      	movs	r6, r0
10000f36:	9303      	str	r3, [sp, #12]
10000f38:	2300      	movs	r3, #0
10000f3a:	469a      	mov	sl, r3
10000f3c:	4698      	mov	r8, r3
10000f3e:	9200      	str	r2, [sp, #0]
10000f40:	6872      	ldr	r2, [r6, #4]
10000f42:	f3ef 8910 	mrs	r9, PRIMASK
10000f46:	b672      	cpsid	i
10000f48:	6813      	ldr	r3, [r2, #0]
10000f4a:	2b00      	cmp	r3, #0
10000f4c:	d0fc      	beq.n	10000f48 <alarm_pool_add_alarm_at+0x28>
10000f4e:	f3bf 8f5f 	dmb	sy
10000f52:	6835      	ldr	r5, [r6, #0]
10000f54:	7bac      	ldrb	r4, [r5, #14]
10000f56:	2c00      	cmp	r4, #0
10000f58:	d049      	beq.n	10000fee <alarm_pool_add_alarm_at+0xce>
10000f5a:	0067      	lsls	r7, r4, #1
10000f5c:	682b      	ldr	r3, [r5, #0]
10000f5e:	193f      	adds	r7, r7, r4
10000f60:	3f03      	subs	r7, #3
10000f62:	19db      	adds	r3, r3, r7
10000f64:	785a      	ldrb	r2, [r3, #1]
10000f66:	73aa      	strb	r2, [r5, #14]
10000f68:	2a00      	cmp	r2, #0
10000f6a:	d100      	bne.n	10000f6e <alarm_pool_add_alarm_at+0x4e>
10000f6c:	73ea      	strb	r2, [r5, #15]
10000f6e:	68b1      	ldr	r1, [r6, #8]
10000f70:	4a4f      	ldr	r2, [pc, #316]	; (100010b0 <alarm_pool_add_alarm_at+0x190>)
10000f72:	468c      	mov	ip, r1
10000f74:	9800      	ldr	r0, [sp, #0]
10000f76:	9901      	ldr	r1, [sp, #4]
10000f78:	18a2      	adds	r2, r4, r2
10000f7a:	0112      	lsls	r2, r2, #4
10000f7c:	4462      	add	r2, ip
10000f7e:	6010      	str	r0, [r2, #0]
10000f80:	6051      	str	r1, [r2, #4]
10000f82:	990e      	ldr	r1, [sp, #56]	; 0x38
10000f84:	6091      	str	r1, [r2, #8]
10000f86:	990f      	ldr	r1, [sp, #60]	; 0x3c
10000f88:	60d1      	str	r1, [r2, #12]
10000f8a:	4642      	mov	r2, r8
10000f8c:	709a      	strb	r2, [r3, #2]
10000f8e:	705a      	strb	r2, [r3, #1]
10000f90:	701a      	strb	r2, [r3, #0]
10000f92:	7b6b      	ldrb	r3, [r5, #13]
10000f94:	469b      	mov	fp, r3
10000f96:	2b00      	cmp	r3, #0
10000f98:	d045      	beq.n	10001026 <alarm_pool_add_alarm_at+0x106>
10000f9a:	0022      	movs	r2, r4
10000f9c:	0019      	movs	r1, r3
10000f9e:	68a8      	ldr	r0, [r5, #8]
10000fa0:	686b      	ldr	r3, [r5, #4]
10000fa2:	4798      	blx	r3
10000fa4:	682a      	ldr	r2, [r5, #0]
10000fa6:	2800      	cmp	r0, #0
10000fa8:	d030      	beq.n	1000100c <alarm_pool_add_alarm_at+0xec>
10000faa:	465b      	mov	r3, fp
10000fac:	4658      	mov	r0, fp
10000fae:	005b      	lsls	r3, r3, #1
10000fb0:	445b      	add	r3, fp
10000fb2:	19d7      	adds	r7, r2, r7
10000fb4:	3b03      	subs	r3, #3
10000fb6:	70b8      	strb	r0, [r7, #2]
10000fb8:	18d1      	adds	r1, r2, r3
10000fba:	5cd3      	ldrb	r3, [r2, r3]
10000fbc:	2b00      	cmp	r3, #0
10000fbe:	d000      	beq.n	10000fc2 <alarm_pool_add_alarm_at+0xa2>
10000fc0:	707b      	strb	r3, [r7, #1]
10000fc2:	465b      	mov	r3, fp
10000fc4:	700c      	strb	r4, [r1, #0]
10000fc6:	736b      	strb	r3, [r5, #13]
10000fc8:	455c      	cmp	r4, fp
10000fca:	d02d      	beq.n	10001028 <alarm_pool_add_alarm_at+0x108>
10000fcc:	68f3      	ldr	r3, [r6, #12]
10000fce:	191b      	adds	r3, r3, r4
10000fd0:	3b01      	subs	r3, #1
10000fd2:	7818      	ldrb	r0, [r3, #0]
10000fd4:	6873      	ldr	r3, [r6, #4]
10000fd6:	f3bf 8f5f 	dmb	sy
10000fda:	4642      	mov	r2, r8
10000fdc:	601a      	str	r2, [r3, #0]
10000fde:	f389 8810 	msr	PRIMASK, r9
10000fe2:	4653      	mov	r3, sl
10000fe4:	2b00      	cmp	r3, #0
10000fe6:	d12c      	bne.n	10001042 <alarm_pool_add_alarm_at+0x122>
10000fe8:	0200      	lsls	r0, r0, #8
10000fea:	4320      	orrs	r0, r4
10000fec:	e007      	b.n	10000ffe <alarm_pool_add_alarm_at+0xde>
10000fee:	6873      	ldr	r3, [r6, #4]
10000ff0:	f3bf 8f5f 	dmb	sy
10000ff4:	601c      	str	r4, [r3, #0]
10000ff6:	f389 8810 	msr	PRIMASK, r9
10000ffa:	2001      	movs	r0, #1
10000ffc:	4240      	negs	r0, r0
10000ffe:	b005      	add	sp, #20
10001000:	bcf0      	pop	{r4, r5, r6, r7}
10001002:	46bb      	mov	fp, r7
10001004:	46b2      	mov	sl, r6
10001006:	46a9      	mov	r9, r5
10001008:	46a0      	mov	r8, r4
1000100a:	bdf0      	pop	{r4, r5, r6, r7, pc}
1000100c:	465b      	mov	r3, fp
1000100e:	005b      	lsls	r3, r3, #1
10001010:	445b      	add	r3, fp
10001012:	3b03      	subs	r3, #3
10001014:	18d3      	adds	r3, r2, r3
10001016:	709c      	strb	r4, [r3, #2]
10001018:	19d1      	adds	r1, r2, r7
1000101a:	5dd2      	ldrb	r2, [r2, r7]
1000101c:	2a00      	cmp	r2, #0
1000101e:	d000      	beq.n	10001022 <alarm_pool_add_alarm_at+0x102>
10001020:	705a      	strb	r2, [r3, #1]
10001022:	465b      	mov	r3, fp
10001024:	700b      	strb	r3, [r1, #0]
10001026:	736c      	strb	r4, [r5, #13]
10001028:	7d30      	ldrb	r0, [r6, #20]
1000102a:	9a00      	ldr	r2, [sp, #0]
1000102c:	9b01      	ldr	r3, [sp, #4]
1000102e:	f000 f9e5 	bl	100013fc <hardware_alarm_set_target>
10001032:	4682      	mov	sl, r0
10001034:	2800      	cmp	r0, #0
10001036:	d0c9      	beq.n	10000fcc <alarm_pool_add_alarm_at+0xac>
10001038:	0021      	movs	r1, r4
1000103a:	6830      	ldr	r0, [r6, #0]
1000103c:	f000 fc00 	bl	10001840 <ph_remove_and_free_node>
10001040:	e7c4      	b.n	10000fcc <alarm_pool_add_alarm_at+0xac>
10001042:	9b03      	ldr	r3, [sp, #12]
10001044:	2b00      	cmp	r3, #0
10001046:	d030      	beq.n	100010aa <alarm_pool_add_alarm_at+0x18a>
10001048:	9b0e      	ldr	r3, [sp, #56]	; 0x38
1000104a:	2000      	movs	r0, #0
1000104c:	990f      	ldr	r1, [sp, #60]	; 0x3c
1000104e:	4798      	blx	r3
10001050:	0003      	movs	r3, r0
10001052:	0004      	movs	r4, r0
10001054:	000d      	movs	r5, r1
10001056:	430b      	orrs	r3, r1
10001058:	d027      	beq.n	100010aa <alarm_pool_add_alarm_at+0x18a>
1000105a:	2900      	cmp	r1, #0
1000105c:	da0d      	bge.n	1000107a <alarm_pool_add_alarm_at+0x15a>
1000105e:	9800      	ldr	r0, [sp, #0]
10001060:	9901      	ldr	r1, [sp, #4]
10001062:	0002      	movs	r2, r0
10001064:	000b      	movs	r3, r1
10001066:	1b12      	subs	r2, r2, r4
10001068:	41ab      	sbcs	r3, r5
1000106a:	4299      	cmp	r1, r3
1000106c:	d813      	bhi.n	10001096 <alarm_pool_add_alarm_at+0x176>
1000106e:	d018      	beq.n	100010a2 <alarm_pool_add_alarm_at+0x182>
10001070:	9200      	str	r2, [sp, #0]
10001072:	9301      	str	r3, [sp, #4]
10001074:	9b03      	ldr	r3, [sp, #12]
10001076:	469a      	mov	sl, r3
10001078:	e762      	b.n	10000f40 <alarm_pool_add_alarm_at+0x20>
1000107a:	f000 f95f 	bl	1000133c <time_us_64>
1000107e:	0002      	movs	r2, r0
10001080:	000b      	movs	r3, r1
10001082:	18a4      	adds	r4, r4, r2
10001084:	415d      	adcs	r5, r3
10001086:	9400      	str	r4, [sp, #0]
10001088:	9501      	str	r5, [sp, #4]
1000108a:	42a9      	cmp	r1, r5
1000108c:	d803      	bhi.n	10001096 <alarm_pool_add_alarm_at+0x176>
1000108e:	d1f1      	bne.n	10001074 <alarm_pool_add_alarm_at+0x154>
10001090:	9900      	ldr	r1, [sp, #0]
10001092:	428a      	cmp	r2, r1
10001094:	d9ee      	bls.n	10001074 <alarm_pool_add_alarm_at+0x154>
10001096:	2301      	movs	r3, #1
10001098:	425b      	negs	r3, r3
1000109a:	17dc      	asrs	r4, r3, #31
1000109c:	9300      	str	r3, [sp, #0]
1000109e:	9401      	str	r4, [sp, #4]
100010a0:	e7e8      	b.n	10001074 <alarm_pool_add_alarm_at+0x154>
100010a2:	9900      	ldr	r1, [sp, #0]
100010a4:	4291      	cmp	r1, r2
100010a6:	d9e3      	bls.n	10001070 <alarm_pool_add_alarm_at+0x150>
100010a8:	e7f5      	b.n	10001096 <alarm_pool_add_alarm_at+0x176>
100010aa:	2000      	movs	r0, #0
100010ac:	e7a7      	b.n	10000ffe <alarm_pool_add_alarm_at+0xde>
100010ae:	46c0      	nop			; (mov r8, r8)
100010b0:	0fffffff 	.word	0x0fffffff

100010b4 <sleep_until>:
100010b4:	b5f0      	push	{r4, r5, r6, r7, lr}
100010b6:	0004      	movs	r4, r0
100010b8:	000d      	movs	r5, r1
100010ba:	2606      	movs	r6, #6
100010bc:	4276      	negs	r6, r6
100010be:	17f7      	asrs	r7, r6, #31
100010c0:	46c6      	mov	lr, r8
100010c2:	1936      	adds	r6, r6, r4
100010c4:	416f      	adcs	r7, r5
100010c6:	b500      	push	{lr}
100010c8:	428f      	cmp	r7, r1
100010ca:	d813      	bhi.n	100010f4 <sleep_until+0x40>
100010cc:	d010      	beq.n	100010f0 <sleep_until+0x3c>
100010ce:	f000 f935 	bl	1000133c <time_us_64>
100010d2:	0032      	movs	r2, r6
100010d4:	003b      	movs	r3, r7
100010d6:	1a12      	subs	r2, r2, r0
100010d8:	418b      	sbcs	r3, r1
100010da:	2b00      	cmp	r3, #0
100010dc:	dc14      	bgt.n	10001108 <sleep_until+0x54>
100010de:	2b00      	cmp	r3, #0
100010e0:	d037      	beq.n	10001152 <sleep_until+0x9e>
100010e2:	0029      	movs	r1, r5
100010e4:	0020      	movs	r0, r4
100010e6:	f000 f933 	bl	10001350 <busy_wait_until>
100010ea:	bc80      	pop	{r7}
100010ec:	46b8      	mov	r8, r7
100010ee:	bdf0      	pop	{r4, r5, r6, r7, pc}
100010f0:	4286      	cmp	r6, r0
100010f2:	d9ec      	bls.n	100010ce <sleep_until+0x1a>
100010f4:	2600      	movs	r6, #0
100010f6:	2700      	movs	r7, #0
100010f8:	f000 f920 	bl	1000133c <time_us_64>
100010fc:	0032      	movs	r2, r6
100010fe:	003b      	movs	r3, r7
10001100:	1a12      	subs	r2, r2, r0
10001102:	418b      	sbcs	r3, r1
10001104:	2b00      	cmp	r3, #0
10001106:	ddea      	ble.n	100010de <sleep_until+0x2a>
10001108:	0030      	movs	r0, r6
1000110a:	0039      	movs	r1, r7
1000110c:	f7ff fe44 	bl	10000d98 <alarm_pool_add_alarm_at.constprop.0>
10001110:	2800      	cmp	r0, #0
10001112:	dbe6      	blt.n	100010e2 <sleep_until+0x2e>
10001114:	2300      	movs	r3, #0
10001116:	4698      	mov	r8, r3
10001118:	46bc      	mov	ip, r7
1000111a:	4a0f      	ldr	r2, [pc, #60]	; (10001158 <sleep_until+0xa4>)
1000111c:	4f0f      	ldr	r7, [pc, #60]	; (1000115c <sleep_until+0xa8>)
1000111e:	6a7b      	ldr	r3, [r7, #36]	; 0x24
10001120:	459c      	cmp	ip, r3
10001122:	d804      	bhi.n	1000112e <sleep_until+0x7a>
10001124:	6ab9      	ldr	r1, [r7, #40]	; 0x28
10001126:	428e      	cmp	r6, r1
10001128:	d9db      	bls.n	100010e2 <sleep_until+0x2e>
1000112a:	459c      	cmp	ip, r3
1000112c:	d1d9      	bne.n	100010e2 <sleep_until+0x2e>
1000112e:	6811      	ldr	r1, [r2, #0]
10001130:	f3ef 8010 	mrs	r0, PRIMASK
10001134:	b672      	cpsid	i
10001136:	680b      	ldr	r3, [r1, #0]
10001138:	2b00      	cmp	r3, #0
1000113a:	d0fc      	beq.n	10001136 <sleep_until+0x82>
1000113c:	f3bf 8f5f 	dmb	sy
10001140:	6813      	ldr	r3, [r2, #0]
10001142:	f3bf 8f5f 	dmb	sy
10001146:	4641      	mov	r1, r8
10001148:	6019      	str	r1, [r3, #0]
1000114a:	f380 8810 	msr	PRIMASK, r0
1000114e:	bf20      	wfe
10001150:	e7e5      	b.n	1000111e <sleep_until+0x6a>
10001152:	2a00      	cmp	r2, #0
10001154:	d0c5      	beq.n	100010e2 <sleep_until+0x2e>
10001156:	e7d7      	b.n	10001108 <sleep_until+0x54>
10001158:	20002614 	.word	0x20002614
1000115c:	40054000 	.word	0x40054000

10001160 <sleep_ms>:
10001160:	b570      	push	{r4, r5, r6, lr}
10001162:	0006      	movs	r6, r0
10001164:	f000 f8ea 	bl	1000133c <time_us_64>
10001168:	22fa      	movs	r2, #250	; 0xfa
1000116a:	0004      	movs	r4, r0
1000116c:	000d      	movs	r5, r1
1000116e:	2300      	movs	r3, #0
10001170:	0030      	movs	r0, r6
10001172:	2100      	movs	r1, #0
10001174:	0092      	lsls	r2, r2, #2
10001176:	f002 fd4f 	bl	10003c18 <__wrap___aeabi_lmul>
1000117a:	1900      	adds	r0, r0, r4
1000117c:	4169      	adcs	r1, r5
1000117e:	428d      	cmp	r5, r1
10001180:	d805      	bhi.n	1000118e <sleep_ms+0x2e>
10001182:	d002      	beq.n	1000118a <sleep_ms+0x2a>
10001184:	f7ff ff96 	bl	100010b4 <sleep_until>
10001188:	bd70      	pop	{r4, r5, r6, pc}
1000118a:	4284      	cmp	r4, r0
1000118c:	d9fa      	bls.n	10001184 <sleep_ms+0x24>
1000118e:	2001      	movs	r0, #1
10001190:	4240      	negs	r0, r0
10001192:	17c1      	asrs	r1, r0, #31
10001194:	e7f6      	b.n	10001184 <sleep_ms+0x24>
10001196:	46c0      	nop			; (mov r8, r8)

10001198 <best_effort_wfe_or_timeout>:
10001198:	b5f8      	push	{r3, r4, r5, r6, r7, lr}
1000119a:	46ce      	mov	lr, r9
1000119c:	4647      	mov	r7, r8
1000119e:	b580      	push	{r7, lr}
100011a0:	0006      	movs	r6, r0
100011a2:	000c      	movs	r4, r1
100011a4:	f7ff fdf8 	bl	10000d98 <alarm_pool_add_alarm_at.constprop.0>
100011a8:	2800      	cmp	r0, #0
100011aa:	dc0c      	bgt.n	100011c6 <best_effort_wfe_or_timeout+0x2e>
100011ac:	4b2d      	ldr	r3, [pc, #180]	; (10001264 <best_effort_wfe_or_timeout+0xcc>)
100011ae:	2000      	movs	r0, #0
100011b0:	6a59      	ldr	r1, [r3, #36]	; 0x24
100011b2:	428c      	cmp	r4, r1
100011b4:	d803      	bhi.n	100011be <best_effort_wfe_or_timeout+0x26>
100011b6:	6a9b      	ldr	r3, [r3, #40]	; 0x28
100011b8:	3001      	adds	r0, #1
100011ba:	42b3      	cmp	r3, r6
100011bc:	d345      	bcc.n	1000124a <best_effort_wfe_or_timeout+0xb2>
100011be:	bcc0      	pop	{r6, r7}
100011c0:	46b9      	mov	r9, r7
100011c2:	46b0      	mov	r8, r6
100011c4:	bdf8      	pop	{r3, r4, r5, r6, r7, pc}
100011c6:	bf20      	wfe
100011c8:	4d27      	ldr	r5, [pc, #156]	; (10001268 <best_effort_wfe_or_timeout+0xd0>)
100011ca:	686a      	ldr	r2, [r5, #4]
100011cc:	f3ef 8710 	mrs	r7, PRIMASK
100011d0:	b672      	cpsid	i
100011d2:	6813      	ldr	r3, [r2, #0]
100011d4:	2b00      	cmp	r3, #0
100011d6:	d0fc      	beq.n	100011d2 <best_effort_wfe_or_timeout+0x3a>
100011d8:	f3bf 8f5f 	dmb	sy
100011dc:	682b      	ldr	r3, [r5, #0]
100011de:	b2c1      	uxtb	r1, r0
100011e0:	469c      	mov	ip, r3
100011e2:	7b5b      	ldrb	r3, [r3, #13]
100011e4:	428b      	cmp	r3, r1
100011e6:	d035      	beq.n	10001254 <best_effort_wfe_or_timeout+0xbc>
100011e8:	23ff      	movs	r3, #255	; 0xff
100011ea:	4003      	ands	r3, r0
100011ec:	005a      	lsls	r2, r3, #1
100011ee:	4691      	mov	r9, r2
100011f0:	4662      	mov	r2, ip
100011f2:	6812      	ldr	r2, [r2, #0]
100011f4:	4499      	add	r9, r3
100011f6:	4690      	mov	r8, r2
100011f8:	464a      	mov	r2, r9
100011fa:	4442      	add	r2, r8
100011fc:	3a03      	subs	r2, #3
100011fe:	7892      	ldrb	r2, [r2, #2]
10001200:	2a00      	cmp	r2, #0
10001202:	d01d      	beq.n	10001240 <best_effort_wfe_or_timeout+0xa8>
10001204:	68ea      	ldr	r2, [r5, #12]
10001206:	0a00      	lsrs	r0, r0, #8
10001208:	4690      	mov	r8, r2
1000120a:	4443      	add	r3, r8
1000120c:	3b01      	subs	r3, #1
1000120e:	781b      	ldrb	r3, [r3, #0]
10001210:	b2c0      	uxtb	r0, r0
10001212:	4283      	cmp	r3, r0
10001214:	d021      	beq.n	1000125a <best_effort_wfe_or_timeout+0xc2>
10001216:	686b      	ldr	r3, [r5, #4]
10001218:	f3bf 8f5f 	dmb	sy
1000121c:	2200      	movs	r2, #0
1000121e:	601a      	str	r2, [r3, #0]
10001220:	f387 8810 	msr	PRIMASK, r7
10001224:	4a0f      	ldr	r2, [pc, #60]	; (10001264 <best_effort_wfe_or_timeout+0xcc>)
10001226:	2000      	movs	r0, #0
10001228:	6a53      	ldr	r3, [r2, #36]	; 0x24
1000122a:	429c      	cmp	r4, r3
1000122c:	d8c7      	bhi.n	100011be <best_effort_wfe_or_timeout+0x26>
1000122e:	6a92      	ldr	r2, [r2, #40]	; 0x28
10001230:	3001      	adds	r0, #1
10001232:	42b2      	cmp	r2, r6
10001234:	d2c3      	bcs.n	100011be <best_effort_wfe_or_timeout+0x26>
10001236:	1ae0      	subs	r0, r4, r3
10001238:	1e42      	subs	r2, r0, #1
1000123a:	4190      	sbcs	r0, r2
1000123c:	b2c0      	uxtb	r0, r0
1000123e:	e7be      	b.n	100011be <best_effort_wfe_or_timeout+0x26>
10001240:	692b      	ldr	r3, [r5, #16]
10001242:	4298      	cmp	r0, r3
10001244:	d1e7      	bne.n	10001216 <best_effort_wfe_or_timeout+0x7e>
10001246:	612a      	str	r2, [r5, #16]
10001248:	e7e5      	b.n	10001216 <best_effort_wfe_or_timeout+0x7e>
1000124a:	1a60      	subs	r0, r4, r1
1000124c:	1e43      	subs	r3, r0, #1
1000124e:	4198      	sbcs	r0, r3
10001250:	b2c0      	uxtb	r0, r0
10001252:	e7b4      	b.n	100011be <best_effort_wfe_or_timeout+0x26>
10001254:	23ff      	movs	r3, #255	; 0xff
10001256:	4003      	ands	r3, r0
10001258:	e7d4      	b.n	10001204 <best_effort_wfe_or_timeout+0x6c>
1000125a:	4660      	mov	r0, ip
1000125c:	f000 faf0 	bl	10001840 <ph_remove_and_free_node>
10001260:	e7d9      	b.n	10001216 <best_effort_wfe_or_timeout+0x7e>
10001262:	46c0      	nop			; (mov r8, r8)
10001264:	40054000 	.word	0x40054000
10001268:	200013b4 	.word	0x200013b4

1000126c <hardware_alarm_irq_handler>:
1000126c:	b5f0      	push	{r4, r5, r6, r7, lr}
1000126e:	46d6      	mov	lr, sl
10001270:	464f      	mov	r7, r9
10001272:	4646      	mov	r6, r8
10001274:	b5c0      	push	{r6, r7, lr}
10001276:	f3ef 8305 	mrs	r3, IPSR
1000127a:	223f      	movs	r2, #63	; 0x3f
1000127c:	4013      	ands	r3, r2
1000127e:	0018      	movs	r0, r3
10001280:	3810      	subs	r0, #16
10001282:	f3ef 8c10 	mrs	ip, PRIMASK
10001286:	b672      	cpsid	i
10001288:	4d20      	ldr	r5, [pc, #128]	; (1000130c <hardware_alarm_irq_handler+0xa0>)
1000128a:	682a      	ldr	r2, [r5, #0]
1000128c:	2a00      	cmp	r2, #0
1000128e:	d0fc      	beq.n	1000128a <hardware_alarm_irq_handler+0x1e>
10001290:	f3bf 8f5f 	dmb	sy
10001294:	2201      	movs	r2, #1
10001296:	0011      	movs	r1, r2
10001298:	4081      	lsls	r1, r0
1000129a:	4c1d      	ldr	r4, [pc, #116]	; (10001310 <hardware_alarm_irq_handler+0xa4>)
1000129c:	4688      	mov	r8, r1
1000129e:	6361      	str	r1, [r4, #52]	; 0x34
100012a0:	491c      	ldr	r1, [pc, #112]	; (10001314 <hardware_alarm_irq_handler+0xa8>)
100012a2:	0017      	movs	r7, r2
100012a4:	780e      	ldrb	r6, [r1, #0]
100012a6:	468a      	mov	sl, r1
100012a8:	0031      	movs	r1, r6
100012aa:	40c1      	lsrs	r1, r0
100012ac:	400f      	ands	r7, r1
100012ae:	420a      	tst	r2, r1
100012b0:	d109      	bne.n	100012c6 <hardware_alarm_irq_handler+0x5a>
100012b2:	f3bf 8f5f 	dmb	sy
100012b6:	602f      	str	r7, [r5, #0]
100012b8:	f38c 8810 	msr	PRIMASK, ip
100012bc:	bce0      	pop	{r5, r6, r7}
100012be:	46ba      	mov	sl, r7
100012c0:	46b1      	mov	r9, r6
100012c2:	46a8      	mov	r8, r5
100012c4:	bdf0      	pop	{r4, r5, r6, r7, pc}
100012c6:	4914      	ldr	r1, [pc, #80]	; (10001318 <hardware_alarm_irq_handler+0xac>)
100012c8:	0082      	lsls	r2, r0, #2
100012ca:	6a64      	ldr	r4, [r4, #36]	; 0x24
100012cc:	5851      	ldr	r1, [r2, r1]
100012ce:	428c      	cmp	r4, r1
100012d0:	d30f      	bcc.n	100012f2 <hardware_alarm_irq_handler+0x86>
100012d2:	4b12      	ldr	r3, [pc, #72]	; (1000131c <hardware_alarm_irq_handler+0xb0>)
100012d4:	58d2      	ldr	r2, [r2, r3]
100012d6:	4643      	mov	r3, r8
100012d8:	439e      	bics	r6, r3
100012da:	4653      	mov	r3, sl
100012dc:	701e      	strb	r6, [r3, #0]
100012de:	f3bf 8f5f 	dmb	sy
100012e2:	2300      	movs	r3, #0
100012e4:	602b      	str	r3, [r5, #0]
100012e6:	f38c 8810 	msr	PRIMASK, ip
100012ea:	2a00      	cmp	r2, #0
100012ec:	d0e6      	beq.n	100012bc <hardware_alarm_irq_handler+0x50>
100012ee:	4790      	blx	r2
100012f0:	e7e4      	b.n	100012bc <hardware_alarm_irq_handler+0x50>
100012f2:	4a0b      	ldr	r2, [pc, #44]	; (10001320 <hardware_alarm_irq_handler+0xb4>)
100012f4:	009b      	lsls	r3, r3, #2
100012f6:	4690      	mov	r8, r2
100012f8:	4443      	add	r3, r8
100012fa:	681a      	ldr	r2, [r3, #0]
100012fc:	601a      	str	r2, [r3, #0]
100012fe:	f3bf 8f5f 	dmb	sy
10001302:	2300      	movs	r3, #0
10001304:	602b      	str	r3, [r5, #0]
10001306:	f38c 8810 	msr	PRIMASK, ip
1000130a:	e7d7      	b.n	100012bc <hardware_alarm_irq_handler+0x50>
1000130c:	d0000128 	.word	0xd0000128
10001310:	40054000 	.word	0x40054000
10001314:	2000264d 	.word	0x2000264d
10001318:	20002620 	.word	0x20002620
1000131c:	20001f3c 	.word	0x20001f3c
10001320:	40053fd0 	.word	0x40053fd0

10001324 <hardware_alarm_claim>:
10001324:	b510      	push	{r4, lr}
10001326:	0001      	movs	r1, r0
10001328:	4a02      	ldr	r2, [pc, #8]	; (10001334 <hardware_alarm_claim+0x10>)
1000132a:	4803      	ldr	r0, [pc, #12]	; (10001338 <hardware_alarm_claim+0x14>)
1000132c:	f7ff f842 	bl	100003b4 <hw_claim_or_assert>
10001330:	bd10      	pop	{r4, pc}
10001332:	46c0      	nop			; (mov r8, r8)
10001334:	100075e0 	.word	0x100075e0
10001338:	20002649 	.word	0x20002649

1000133c <time_us_64>:
1000133c:	4b03      	ldr	r3, [pc, #12]	; (1000134c <time_us_64+0x10>)
1000133e:	6a59      	ldr	r1, [r3, #36]	; 0x24
10001340:	000a      	movs	r2, r1
10001342:	6a98      	ldr	r0, [r3, #40]	; 0x28
10001344:	6a59      	ldr	r1, [r3, #36]	; 0x24
10001346:	428a      	cmp	r2, r1
10001348:	d1fa      	bne.n	10001340 <time_us_64+0x4>
1000134a:	4770      	bx	lr
1000134c:	40054000 	.word	0x40054000

10001350 <busy_wait_until>:
10001350:	4a06      	ldr	r2, [pc, #24]	; (1000136c <busy_wait_until+0x1c>)
10001352:	6a53      	ldr	r3, [r2, #36]	; 0x24
10001354:	4299      	cmp	r1, r3
10001356:	d8fc      	bhi.n	10001352 <busy_wait_until+0x2>
10001358:	d107      	bne.n	1000136a <busy_wait_until+0x1a>
1000135a:	4b04      	ldr	r3, [pc, #16]	; (1000136c <busy_wait_until+0x1c>)
1000135c:	e002      	b.n	10001364 <busy_wait_until+0x14>
1000135e:	6a5a      	ldr	r2, [r3, #36]	; 0x24
10001360:	4291      	cmp	r1, r2
10001362:	d102      	bne.n	1000136a <busy_wait_until+0x1a>
10001364:	6a9a      	ldr	r2, [r3, #40]	; 0x28
10001366:	4282      	cmp	r2, r0
10001368:	d3f9      	bcc.n	1000135e <busy_wait_until+0xe>
1000136a:	4770      	bx	lr
1000136c:	40054000 	.word	0x40054000

10001370 <hardware_alarm_set_callback>:
10001370:	b570      	push	{r4, r5, r6, lr}
10001372:	0004      	movs	r4, r0
10001374:	000d      	movs	r5, r1
10001376:	f3ef 8610 	mrs	r6, PRIMASK
1000137a:	b672      	cpsid	i
1000137c:	4a1a      	ldr	r2, [pc, #104]	; (100013e8 <hardware_alarm_set_callback+0x78>)
1000137e:	6813      	ldr	r3, [r2, #0]
10001380:	2b00      	cmp	r3, #0
10001382:	d0fc      	beq.n	1000137e <hardware_alarm_set_callback+0xe>
10001384:	f3bf 8f5f 	dmb	sy
10001388:	2d00      	cmp	r5, #0
1000138a:	d01b      	beq.n	100013c4 <hardware_alarm_set_callback+0x54>
1000138c:	0020      	movs	r0, r4
1000138e:	f7ff f8e3 	bl	10000558 <irq_get_vtable_handler>
10001392:	4916      	ldr	r1, [pc, #88]	; (100013ec <hardware_alarm_set_callback+0x7c>)
10001394:	4281      	cmp	r1, r0
10001396:	d00a      	beq.n	100013ae <hardware_alarm_set_callback+0x3e>
10001398:	0020      	movs	r0, r4
1000139a:	f7ff f8e5 	bl	10000568 <irq_set_exclusive_handler>
1000139e:	2101      	movs	r1, #1
100013a0:	0020      	movs	r0, r4
100013a2:	f7ff f8a9 	bl	100004f8 <irq_set_enabled>
100013a6:	2301      	movs	r3, #1
100013a8:	40a3      	lsls	r3, r4
100013aa:	4a11      	ldr	r2, [pc, #68]	; (100013f0 <hardware_alarm_set_callback+0x80>)
100013ac:	6013      	str	r3, [r2, #0]
100013ae:	4b11      	ldr	r3, [pc, #68]	; (100013f4 <hardware_alarm_set_callback+0x84>)
100013b0:	00a4      	lsls	r4, r4, #2
100013b2:	50e5      	str	r5, [r4, r3]
100013b4:	f3bf 8f5f 	dmb	sy
100013b8:	2200      	movs	r2, #0
100013ba:	4b0b      	ldr	r3, [pc, #44]	; (100013e8 <hardware_alarm_set_callback+0x78>)
100013bc:	601a      	str	r2, [r3, #0]
100013be:	f386 8810 	msr	PRIMASK, r6
100013c2:	bd70      	pop	{r4, r5, r6, pc}
100013c4:	4b0b      	ldr	r3, [pc, #44]	; (100013f4 <hardware_alarm_set_callback+0x84>)
100013c6:	00a2      	lsls	r2, r4, #2
100013c8:	50d5      	str	r5, [r2, r3]
100013ca:	2201      	movs	r2, #1
100013cc:	40a2      	lsls	r2, r4
100013ce:	490a      	ldr	r1, [pc, #40]	; (100013f8 <hardware_alarm_set_callback+0x88>)
100013d0:	0020      	movs	r0, r4
100013d2:	780b      	ldrb	r3, [r1, #0]
100013d4:	4393      	bics	r3, r2
100013d6:	700b      	strb	r3, [r1, #0]
100013d8:	4904      	ldr	r1, [pc, #16]	; (100013ec <hardware_alarm_set_callback+0x7c>)
100013da:	f7ff f9e1 	bl	100007a0 <irq_remove_handler>
100013de:	2100      	movs	r1, #0
100013e0:	0020      	movs	r0, r4
100013e2:	f7ff f889 	bl	100004f8 <irq_set_enabled>
100013e6:	e7e5      	b.n	100013b4 <hardware_alarm_set_callback+0x44>
100013e8:	d0000128 	.word	0xd0000128
100013ec:	1000126d 	.word	0x1000126d
100013f0:	40056038 	.word	0x40056038
100013f4:	20001f3c 	.word	0x20001f3c
100013f8:	2000264d 	.word	0x2000264d

100013fc <hardware_alarm_set_target>:
100013fc:	b5f0      	push	{r4, r5, r6, r7, lr}
100013fe:	464f      	mov	r7, r9
10001400:	46d6      	mov	lr, sl
10001402:	4646      	mov	r6, r8
10001404:	b5c0      	push	{r6, r7, lr}
10001406:	0007      	movs	r7, r0
10001408:	4c2f      	ldr	r4, [pc, #188]	; (100014c8 <hardware_alarm_set_target+0xcc>)
1000140a:	6a61      	ldr	r1, [r4, #36]	; 0x24
1000140c:	000d      	movs	r5, r1
1000140e:	6aa6      	ldr	r6, [r4, #40]	; 0x28
10001410:	6a61      	ldr	r1, [r4, #36]	; 0x24
10001412:	42a9      	cmp	r1, r5
10001414:	d1fa      	bne.n	1000140c <hardware_alarm_set_target+0x10>
10001416:	428b      	cmp	r3, r1
10001418:	d808      	bhi.n	1000142c <hardware_alarm_set_target+0x30>
1000141a:	d005      	beq.n	10001428 <hardware_alarm_set_target+0x2c>
1000141c:	2001      	movs	r0, #1
1000141e:	bce0      	pop	{r5, r6, r7}
10001420:	46ba      	mov	sl, r7
10001422:	46b1      	mov	r9, r6
10001424:	46a8      	mov	r8, r5
10001426:	bdf0      	pop	{r4, r5, r6, r7, pc}
10001428:	42b2      	cmp	r2, r6
1000142a:	d9f7      	bls.n	1000141c <hardware_alarm_set_target+0x20>
1000142c:	f3ef 8a10 	mrs	sl, PRIMASK
10001430:	b672      	cpsid	i
10001432:	4826      	ldr	r0, [pc, #152]	; (100014cc <hardware_alarm_set_target+0xd0>)
10001434:	6801      	ldr	r1, [r0, #0]
10001436:	2900      	cmp	r1, #0
10001438:	d0fc      	beq.n	10001434 <hardware_alarm_set_target+0x38>
1000143a:	f3bf 8f5f 	dmb	sy
1000143e:	2501      	movs	r5, #1
10001440:	40bd      	lsls	r5, r7
10001442:	4923      	ldr	r1, [pc, #140]	; (100014d0 <hardware_alarm_set_target+0xd4>)
10001444:	4c20      	ldr	r4, [pc, #128]	; (100014c8 <hardware_alarm_set_target+0xcc>)
10001446:	4688      	mov	r8, r1
10001448:	7809      	ldrb	r1, [r1, #0]
1000144a:	4689      	mov	r9, r1
1000144c:	4329      	orrs	r1, r5
1000144e:	b2c9      	uxtb	r1, r1
10001450:	468c      	mov	ip, r1
10001452:	4641      	mov	r1, r8
10001454:	4660      	mov	r0, ip
10001456:	7008      	strb	r0, [r1, #0]
10001458:	1d39      	adds	r1, r7, #4
1000145a:	481e      	ldr	r0, [pc, #120]	; (100014d4 <hardware_alarm_set_target+0xd8>)
1000145c:	0089      	lsls	r1, r1, #2
1000145e:	6365      	str	r5, [r4, #52]	; 0x34
10001460:	510a      	str	r2, [r1, r4]
10001462:	00b9      	lsls	r1, r7, #2
10001464:	500b      	str	r3, [r1, r0]
10001466:	6a21      	ldr	r1, [r4, #32]
10001468:	2000      	movs	r0, #0
1000146a:	4229      	tst	r1, r5
1000146c:	d019      	beq.n	100014a2 <hardware_alarm_set_target+0xa6>
1000146e:	6a61      	ldr	r1, [r4, #36]	; 0x24
10001470:	0008      	movs	r0, r1
10001472:	6aa6      	ldr	r6, [r4, #40]	; 0x28
10001474:	6a61      	ldr	r1, [r4, #36]	; 0x24
10001476:	4281      	cmp	r1, r0
10001478:	d1fa      	bne.n	10001470 <hardware_alarm_set_target+0x74>
1000147a:	428b      	cmp	r3, r1
1000147c:	d819      	bhi.n	100014b2 <hardware_alarm_set_target+0xb6>
1000147e:	d101      	bne.n	10001484 <hardware_alarm_set_target+0x88>
10001480:	42b2      	cmp	r2, r6
10001482:	d816      	bhi.n	100014b2 <hardware_alarm_set_target+0xb6>
10001484:	45cc      	cmp	ip, r9
10001486:	d01d      	beq.n	100014c4 <hardware_alarm_set_target+0xc8>
10001488:	4b0f      	ldr	r3, [pc, #60]	; (100014c8 <hardware_alarm_set_target+0xcc>)
1000148a:	201f      	movs	r0, #31
1000148c:	621d      	str	r5, [r3, #32]
1000148e:	635d      	str	r5, [r3, #52]	; 0x34
10001490:	2301      	movs	r3, #1
10001492:	4007      	ands	r7, r0
10001494:	40bb      	lsls	r3, r7
10001496:	4a10      	ldr	r2, [pc, #64]	; (100014d8 <hardware_alarm_set_target+0xdc>)
10001498:	381e      	subs	r0, #30
1000149a:	6013      	str	r3, [r2, #0]
1000149c:	4643      	mov	r3, r8
1000149e:	464a      	mov	r2, r9
100014a0:	701a      	strb	r2, [r3, #0]
100014a2:	f3bf 8f5f 	dmb	sy
100014a6:	2200      	movs	r2, #0
100014a8:	4b08      	ldr	r3, [pc, #32]	; (100014cc <hardware_alarm_set_target+0xd0>)
100014aa:	601a      	str	r2, [r3, #0]
100014ac:	f38a 8810 	msr	PRIMASK, sl
100014b0:	e7b5      	b.n	1000141e <hardware_alarm_set_target+0x22>
100014b2:	2000      	movs	r0, #0
100014b4:	f3bf 8f5f 	dmb	sy
100014b8:	2200      	movs	r2, #0
100014ba:	4b04      	ldr	r3, [pc, #16]	; (100014cc <hardware_alarm_set_target+0xd0>)
100014bc:	601a      	str	r2, [r3, #0]
100014be:	f38a 8810 	msr	PRIMASK, sl
100014c2:	e7ac      	b.n	1000141e <hardware_alarm_set_target+0x22>
100014c4:	2001      	movs	r0, #1
100014c6:	e7ec      	b.n	100014a2 <hardware_alarm_set_target+0xa6>
100014c8:	40054000 	.word	0x40054000
100014cc:	d0000128 	.word	0xd0000128
100014d0:	2000264d 	.word	0x2000264d
100014d4:	20002620 	.word	0x20002620
100014d8:	e000e280 	.word	0xe000e280

100014dc <hardware_alarm_cancel>:
100014dc:	f3ef 8c10 	mrs	ip, PRIMASK
100014e0:	b672      	cpsid	i
100014e2:	490a      	ldr	r1, [pc, #40]	; (1000150c <hardware_alarm_cancel+0x30>)
100014e4:	680b      	ldr	r3, [r1, #0]
100014e6:	2b00      	cmp	r3, #0
100014e8:	d0fc      	beq.n	100014e4 <hardware_alarm_cancel+0x8>
100014ea:	f3bf 8f5f 	dmb	sy
100014ee:	2301      	movs	r3, #1
100014f0:	4083      	lsls	r3, r0
100014f2:	4a07      	ldr	r2, [pc, #28]	; (10001510 <hardware_alarm_cancel+0x34>)
100014f4:	4807      	ldr	r0, [pc, #28]	; (10001514 <hardware_alarm_cancel+0x38>)
100014f6:	6213      	str	r3, [r2, #32]
100014f8:	7802      	ldrb	r2, [r0, #0]
100014fa:	439a      	bics	r2, r3
100014fc:	7002      	strb	r2, [r0, #0]
100014fe:	f3bf 8f5f 	dmb	sy
10001502:	2300      	movs	r3, #0
10001504:	600b      	str	r3, [r1, #0]
10001506:	f38c 8810 	msr	PRIMASK, ip
1000150a:	4770      	bx	lr
1000150c:	d0000128 	.word	0xd0000128
10001510:	40054000 	.word	0x40054000
10001514:	2000264d 	.word	0x2000264d

10001518 <ph_merge_nodes>:
10001518:	b570      	push	{r4, r5, r6, lr}
1000151a:	0005      	movs	r5, r0
1000151c:	0014      	movs	r4, r2
1000151e:	0016      	movs	r6, r2
10001520:	2900      	cmp	r1, #0
10001522:	d015      	beq.n	10001550 <ph_merge_nodes+0x38>
10001524:	000c      	movs	r4, r1
10001526:	2a00      	cmp	r2, #0
10001528:	d012      	beq.n	10001550 <ph_merge_nodes+0x38>
1000152a:	6880      	ldr	r0, [r0, #8]
1000152c:	686b      	ldr	r3, [r5, #4]
1000152e:	4798      	blx	r3
10001530:	6829      	ldr	r1, [r5, #0]
10001532:	2800      	cmp	r0, #0
10001534:	d00e      	beq.n	10001554 <ph_merge_nodes+0x3c>
10001536:	0073      	lsls	r3, r6, #1
10001538:	199b      	adds	r3, r3, r6
1000153a:	0062      	lsls	r2, r4, #1
1000153c:	3b03      	subs	r3, #3
1000153e:	1912      	adds	r2, r2, r4
10001540:	18cb      	adds	r3, r1, r3
10001542:	3a03      	subs	r2, #3
10001544:	709c      	strb	r4, [r3, #2]
10001546:	1888      	adds	r0, r1, r2
10001548:	5c8a      	ldrb	r2, [r1, r2]
1000154a:	2a00      	cmp	r2, #0
1000154c:	d115      	bne.n	1000157a <ph_merge_nodes+0x62>
1000154e:	7006      	strb	r6, [r0, #0]
10001550:	0020      	movs	r0, r4
10001552:	bd70      	pop	{r4, r5, r6, pc}
10001554:	0063      	lsls	r3, r4, #1
10001556:	191b      	adds	r3, r3, r4
10001558:	0072      	lsls	r2, r6, #1
1000155a:	3b03      	subs	r3, #3
1000155c:	1992      	adds	r2, r2, r6
1000155e:	18cb      	adds	r3, r1, r3
10001560:	3a03      	subs	r2, #3
10001562:	709e      	strb	r6, [r3, #2]
10001564:	1888      	adds	r0, r1, r2
10001566:	5c8a      	ldrb	r2, [r1, r2]
10001568:	2a00      	cmp	r2, #0
1000156a:	d102      	bne.n	10001572 <ph_merge_nodes+0x5a>
1000156c:	7004      	strb	r4, [r0, #0]
1000156e:	0034      	movs	r4, r6
10001570:	e7ee      	b.n	10001550 <ph_merge_nodes+0x38>
10001572:	705a      	strb	r2, [r3, #1]
10001574:	7004      	strb	r4, [r0, #0]
10001576:	0034      	movs	r4, r6
10001578:	e7ea      	b.n	10001550 <ph_merge_nodes+0x38>
1000157a:	705a      	strb	r2, [r3, #1]
1000157c:	7006      	strb	r6, [r0, #0]
1000157e:	e7e7      	b.n	10001550 <ph_merge_nodes+0x38>

10001580 <ph_post_alloc_init>:
10001580:	b530      	push	{r4, r5, lr}
10001582:	6083      	str	r3, [r0, #8]
10001584:	2300      	movs	r3, #0
10001586:	b2cc      	uxtb	r4, r1
10001588:	7343      	strb	r3, [r0, #13]
1000158a:	3301      	adds	r3, #1
1000158c:	7304      	strb	r4, [r0, #12]
1000158e:	6042      	str	r2, [r0, #4]
10001590:	7383      	strb	r3, [r0, #14]
10001592:	73c4      	strb	r4, [r0, #15]
10001594:	000d      	movs	r5, r1
10001596:	6800      	ldr	r0, [r0, #0]
10001598:	2c01      	cmp	r4, #1
1000159a:	d906      	bls.n	100015aa <ph_post_alloc_init+0x2a>
1000159c:	1c42      	adds	r2, r0, #1
1000159e:	3301      	adds	r3, #1
100015a0:	b2db      	uxtb	r3, r3
100015a2:	7013      	strb	r3, [r2, #0]
100015a4:	3203      	adds	r2, #3
100015a6:	429c      	cmp	r4, r3
100015a8:	d1f9      	bne.n	1000159e <ph_post_alloc_init+0x1e>
100015aa:	21ff      	movs	r1, #255	; 0xff
100015ac:	4029      	ands	r1, r5
100015ae:	004b      	lsls	r3, r1, #1
100015b0:	1859      	adds	r1, r3, r1
100015b2:	2300      	movs	r3, #0
100015b4:	1840      	adds	r0, r0, r1
100015b6:	3803      	subs	r0, #3
100015b8:	7043      	strb	r3, [r0, #1]
100015ba:	bd30      	pop	{r4, r5, pc}

100015bc <ph_merge_two_pass>:
100015bc:	b5f8      	push	{r3, r4, r5, r6, r7, lr}
100015be:	46ce      	mov	lr, r9
100015c0:	4647      	mov	r7, r8
100015c2:	0006      	movs	r6, r0
100015c4:	000c      	movs	r4, r1
100015c6:	b580      	push	{r7, lr}
100015c8:	2900      	cmp	r1, #0
100015ca:	d007      	beq.n	100015dc <ph_merge_two_pass+0x20>
100015cc:	004d      	lsls	r5, r1, #1
100015ce:	6803      	ldr	r3, [r0, #0]
100015d0:	186d      	adds	r5, r5, r1
100015d2:	3d03      	subs	r5, #3
100015d4:	195a      	adds	r2, r3, r5
100015d6:	7857      	ldrb	r7, [r2, #1]
100015d8:	2f00      	cmp	r7, #0
100015da:	d104      	bne.n	100015e6 <ph_merge_two_pass+0x2a>
100015dc:	0020      	movs	r0, r4
100015de:	bcc0      	pop	{r6, r7}
100015e0:	46b9      	mov	r9, r7
100015e2:	46b0      	mov	r8, r6
100015e4:	bdf8      	pop	{r3, r4, r5, r6, r7, pc}
100015e6:	0079      	lsls	r1, r7, #1
100015e8:	19c9      	adds	r1, r1, r7
100015ea:	3903      	subs	r1, #3
100015ec:	4688      	mov	r8, r1
100015ee:	4443      	add	r3, r8
100015f0:	7859      	ldrb	r1, [r3, #1]
100015f2:	4689      	mov	r9, r1
100015f4:	2100      	movs	r1, #0
100015f6:	7059      	strb	r1, [r3, #1]
100015f8:	7051      	strb	r1, [r2, #1]
100015fa:	6873      	ldr	r3, [r6, #4]
100015fc:	003a      	movs	r2, r7
100015fe:	0021      	movs	r1, r4
10001600:	6880      	ldr	r0, [r0, #8]
10001602:	4798      	blx	r3
10001604:	6833      	ldr	r3, [r6, #0]
10001606:	2800      	cmp	r0, #0
10001608:	d014      	beq.n	10001634 <ph_merge_two_pass+0x78>
1000160a:	4642      	mov	r2, r8
1000160c:	189a      	adds	r2, r3, r2
1000160e:	7094      	strb	r4, [r2, #2]
10001610:	1959      	adds	r1, r3, r5
10001612:	5d5b      	ldrb	r3, [r3, r5]
10001614:	2b00      	cmp	r3, #0
10001616:	d000      	beq.n	1000161a <ph_merge_two_pass+0x5e>
10001618:	7053      	strb	r3, [r2, #1]
1000161a:	700f      	strb	r7, [r1, #0]
1000161c:	0027      	movs	r7, r4
1000161e:	4649      	mov	r1, r9
10001620:	0030      	movs	r0, r6
10001622:	f7ff ffcb 	bl	100015bc <ph_merge_two_pass>
10001626:	0039      	movs	r1, r7
10001628:	0002      	movs	r2, r0
1000162a:	0030      	movs	r0, r6
1000162c:	f7ff ff74 	bl	10001518 <ph_merge_nodes>
10001630:	0004      	movs	r4, r0
10001632:	e7d3      	b.n	100015dc <ph_merge_two_pass+0x20>
10001634:	4642      	mov	r2, r8
10001636:	4641      	mov	r1, r8
10001638:	195d      	adds	r5, r3, r5
1000163a:	70af      	strb	r7, [r5, #2]
1000163c:	189a      	adds	r2, r3, r2
1000163e:	5c5b      	ldrb	r3, [r3, r1]
10001640:	2b00      	cmp	r3, #0
10001642:	d000      	beq.n	10001646 <ph_merge_two_pass+0x8a>
10001644:	706b      	strb	r3, [r5, #1]
10001646:	7014      	strb	r4, [r2, #0]
10001648:	e7e9      	b.n	1000161e <ph_merge_two_pass+0x62>
1000164a:	46c0      	nop			; (mov r8, r8)

1000164c <ph_remove_any_head>:
1000164c:	b5f0      	push	{r4, r5, r6, r7, lr}
1000164e:	4657      	mov	r7, sl
10001650:	4645      	mov	r5, r8
10001652:	46de      	mov	lr, fp
10001654:	464e      	mov	r6, r9
10001656:	b5e0      	push	{r5, r6, r7, lr}
10001658:	000d      	movs	r5, r1
1000165a:	006b      	lsls	r3, r5, #1
1000165c:	6801      	ldr	r1, [r0, #0]
1000165e:	195b      	adds	r3, r3, r5
10001660:	1edf      	subs	r7, r3, #3
10001662:	0004      	movs	r4, r0
10001664:	5dc8      	ldrb	r0, [r1, r7]
10001666:	b083      	sub	sp, #12
10001668:	9201      	str	r2, [sp, #4]
1000166a:	19ca      	adds	r2, r1, r7
1000166c:	2800      	cmp	r0, #0
1000166e:	d04c      	beq.n	1000170a <ph_remove_any_head+0xbe>
10001670:	0043      	lsls	r3, r0, #1
10001672:	181b      	adds	r3, r3, r0
10001674:	3b03      	subs	r3, #3
10001676:	18cb      	adds	r3, r1, r3
10001678:	785e      	ldrb	r6, [r3, #1]
1000167a:	46b4      	mov	ip, r6
1000167c:	2e00      	cmp	r6, #0
1000167e:	d116      	bne.n	100016ae <ph_remove_any_head+0x62>
10001680:	9e01      	ldr	r6, [sp, #4]
10001682:	2e00      	cmp	r6, #0
10001684:	d03e      	beq.n	10001704 <ph_remove_any_head+0xb8>
10001686:	7be6      	ldrb	r6, [r4, #15]
10001688:	2e00      	cmp	r6, #0
1000168a:	d004      	beq.n	10001696 <ph_remove_any_head+0x4a>
1000168c:	0073      	lsls	r3, r6, #1
1000168e:	199b      	adds	r3, r3, r6
10001690:	18cb      	adds	r3, r1, r3
10001692:	3b03      	subs	r3, #3
10001694:	705d      	strb	r5, [r3, #1]
10001696:	73e5      	strb	r5, [r4, #15]
10001698:	2800      	cmp	r0, #0
1000169a:	d12f      	bne.n	100016fc <ph_remove_any_head+0xb0>
1000169c:	2300      	movs	r3, #0
1000169e:	7053      	strb	r3, [r2, #1]
100016a0:	b003      	add	sp, #12
100016a2:	bcf0      	pop	{r4, r5, r6, r7}
100016a4:	46bb      	mov	fp, r7
100016a6:	46b2      	mov	sl, r6
100016a8:	46a9      	mov	r9, r5
100016aa:	46a0      	mov	r8, r4
100016ac:	bdf0      	pop	{r4, r5, r6, r7, pc}
100016ae:	0072      	lsls	r2, r6, #1
100016b0:	4462      	add	r2, ip
100016b2:	3a03      	subs	r2, #3
100016b4:	1889      	adds	r1, r1, r2
100016b6:	784a      	ldrb	r2, [r1, #1]
100016b8:	4690      	mov	r8, r2
100016ba:	2200      	movs	r2, #0
100016bc:	704a      	strb	r2, [r1, #1]
100016be:	4691      	mov	r9, r2
100016c0:	705a      	strb	r2, [r3, #1]
100016c2:	0001      	movs	r1, r0
100016c4:	0032      	movs	r2, r6
100016c6:	0020      	movs	r0, r4
100016c8:	f7ff ff26 	bl	10001518 <ph_merge_nodes>
100016cc:	4643      	mov	r3, r8
100016ce:	4682      	mov	sl, r0
100016d0:	2b00      	cmp	r3, #0
100016d2:	d007      	beq.n	100016e4 <ph_remove_any_head+0x98>
100016d4:	005b      	lsls	r3, r3, #1
100016d6:	6821      	ldr	r1, [r4, #0]
100016d8:	4443      	add	r3, r8
100016da:	3b03      	subs	r3, #3
100016dc:	18cb      	adds	r3, r1, r3
100016de:	785a      	ldrb	r2, [r3, #1]
100016e0:	2a00      	cmp	r2, #0
100016e2:	d116      	bne.n	10001712 <ph_remove_any_head+0xc6>
100016e4:	4642      	mov	r2, r8
100016e6:	4651      	mov	r1, sl
100016e8:	0020      	movs	r0, r4
100016ea:	f7ff ff15 	bl	10001518 <ph_merge_nodes>
100016ee:	6821      	ldr	r1, [r4, #0]
100016f0:	9b01      	ldr	r3, [sp, #4]
100016f2:	19ca      	adds	r2, r1, r7
100016f4:	2b00      	cmp	r3, #0
100016f6:	d1c6      	bne.n	10001686 <ph_remove_any_head+0x3a>
100016f8:	2800      	cmp	r0, #0
100016fa:	d0cf      	beq.n	1000169c <ph_remove_any_head+0x50>
100016fc:	0043      	lsls	r3, r0, #1
100016fe:	181b      	adds	r3, r3, r0
10001700:	3b03      	subs	r3, #3
10001702:	18cb      	adds	r3, r1, r3
10001704:	2100      	movs	r1, #0
10001706:	7099      	strb	r1, [r3, #2]
10001708:	e7c8      	b.n	1000169c <ph_remove_any_head+0x50>
1000170a:	9b01      	ldr	r3, [sp, #4]
1000170c:	2b00      	cmp	r3, #0
1000170e:	d1ba      	bne.n	10001686 <ph_remove_any_head+0x3a>
10001710:	e7c4      	b.n	1000169c <ph_remove_any_head+0x50>
10001712:	0050      	lsls	r0, r2, #1
10001714:	1880      	adds	r0, r0, r2
10001716:	3803      	subs	r0, #3
10001718:	1809      	adds	r1, r1, r0
1000171a:	7848      	ldrb	r0, [r1, #1]
1000171c:	4683      	mov	fp, r0
1000171e:	4648      	mov	r0, r9
10001720:	7048      	strb	r0, [r1, #1]
10001722:	7058      	strb	r0, [r3, #1]
10001724:	4641      	mov	r1, r8
10001726:	0020      	movs	r0, r4
10001728:	f7ff fef6 	bl	10001518 <ph_merge_nodes>
1000172c:	4659      	mov	r1, fp
1000172e:	4680      	mov	r8, r0
10001730:	0020      	movs	r0, r4
10001732:	f7ff ff43 	bl	100015bc <ph_merge_two_pass>
10001736:	4641      	mov	r1, r8
10001738:	0002      	movs	r2, r0
1000173a:	0020      	movs	r0, r4
1000173c:	f7ff feec 	bl	10001518 <ph_merge_nodes>
10001740:	4680      	mov	r8, r0
10001742:	e7cf      	b.n	100016e4 <ph_remove_any_head+0x98>

10001744 <ph_remove_head>:
10001744:	b5f0      	push	{r4, r5, r6, r7, lr}
10001746:	4657      	mov	r7, sl
10001748:	4645      	mov	r5, r8
1000174a:	46de      	mov	lr, fp
1000174c:	464e      	mov	r6, r9
1000174e:	b5e0      	push	{r5, r6, r7, lr}
10001750:	b083      	sub	sp, #12
10001752:	9101      	str	r1, [sp, #4]
10001754:	7b45      	ldrb	r5, [r0, #13]
10001756:	0004      	movs	r4, r0
10001758:	006b      	lsls	r3, r5, #1
1000175a:	6800      	ldr	r0, [r0, #0]
1000175c:	195b      	adds	r3, r3, r5
1000175e:	1edf      	subs	r7, r3, #3
10001760:	5dc1      	ldrb	r1, [r0, r7]
10001762:	19c2      	adds	r2, r0, r7
10001764:	2900      	cmp	r1, #0
10001766:	d04e      	beq.n	10001806 <ph_remove_head+0xc2>
10001768:	004b      	lsls	r3, r1, #1
1000176a:	185b      	adds	r3, r3, r1
1000176c:	3b03      	subs	r3, #3
1000176e:	18c3      	adds	r3, r0, r3
10001770:	785e      	ldrb	r6, [r3, #1]
10001772:	46b4      	mov	ip, r6
10001774:	2e00      	cmp	r6, #0
10001776:	d118      	bne.n	100017aa <ph_remove_head+0x66>
10001778:	9e01      	ldr	r6, [sp, #4]
1000177a:	2e00      	cmp	r6, #0
1000177c:	d040      	beq.n	10001800 <ph_remove_head+0xbc>
1000177e:	7be6      	ldrb	r6, [r4, #15]
10001780:	2e00      	cmp	r6, #0
10001782:	d004      	beq.n	1000178e <ph_remove_head+0x4a>
10001784:	0073      	lsls	r3, r6, #1
10001786:	199b      	adds	r3, r3, r6
10001788:	18c3      	adds	r3, r0, r3
1000178a:	3b03      	subs	r3, #3
1000178c:	705d      	strb	r5, [r3, #1]
1000178e:	73e5      	strb	r5, [r4, #15]
10001790:	2900      	cmp	r1, #0
10001792:	d131      	bne.n	100017f8 <ph_remove_head+0xb4>
10001794:	2300      	movs	r3, #0
10001796:	0028      	movs	r0, r5
10001798:	7053      	strb	r3, [r2, #1]
1000179a:	7361      	strb	r1, [r4, #13]
1000179c:	b003      	add	sp, #12
1000179e:	bcf0      	pop	{r4, r5, r6, r7}
100017a0:	46bb      	mov	fp, r7
100017a2:	46b2      	mov	sl, r6
100017a4:	46a9      	mov	r9, r5
100017a6:	46a0      	mov	r8, r4
100017a8:	bdf0      	pop	{r4, r5, r6, r7, pc}
100017aa:	0072      	lsls	r2, r6, #1
100017ac:	4462      	add	r2, ip
100017ae:	3a03      	subs	r2, #3
100017b0:	1880      	adds	r0, r0, r2
100017b2:	7842      	ldrb	r2, [r0, #1]
100017b4:	4690      	mov	r8, r2
100017b6:	2200      	movs	r2, #0
100017b8:	7042      	strb	r2, [r0, #1]
100017ba:	4691      	mov	r9, r2
100017bc:	705a      	strb	r2, [r3, #1]
100017be:	0020      	movs	r0, r4
100017c0:	0032      	movs	r2, r6
100017c2:	f7ff fea9 	bl	10001518 <ph_merge_nodes>
100017c6:	4643      	mov	r3, r8
100017c8:	4682      	mov	sl, r0
100017ca:	2b00      	cmp	r3, #0
100017cc:	d007      	beq.n	100017de <ph_remove_head+0x9a>
100017ce:	005b      	lsls	r3, r3, #1
100017d0:	6821      	ldr	r1, [r4, #0]
100017d2:	4443      	add	r3, r8
100017d4:	3b03      	subs	r3, #3
100017d6:	18cb      	adds	r3, r1, r3
100017d8:	785a      	ldrb	r2, [r3, #1]
100017da:	2a00      	cmp	r2, #0
100017dc:	d117      	bne.n	1000180e <ph_remove_head+0xca>
100017de:	4642      	mov	r2, r8
100017e0:	4651      	mov	r1, sl
100017e2:	0020      	movs	r0, r4
100017e4:	f7ff fe98 	bl	10001518 <ph_merge_nodes>
100017e8:	9b01      	ldr	r3, [sp, #4]
100017ea:	0001      	movs	r1, r0
100017ec:	6820      	ldr	r0, [r4, #0]
100017ee:	19c2      	adds	r2, r0, r7
100017f0:	2b00      	cmp	r3, #0
100017f2:	d1c4      	bne.n	1000177e <ph_remove_head+0x3a>
100017f4:	2900      	cmp	r1, #0
100017f6:	d0cd      	beq.n	10001794 <ph_remove_head+0x50>
100017f8:	004b      	lsls	r3, r1, #1
100017fa:	185b      	adds	r3, r3, r1
100017fc:	3b03      	subs	r3, #3
100017fe:	18c3      	adds	r3, r0, r3
10001800:	2000      	movs	r0, #0
10001802:	7098      	strb	r0, [r3, #2]
10001804:	e7c6      	b.n	10001794 <ph_remove_head+0x50>
10001806:	9b01      	ldr	r3, [sp, #4]
10001808:	2b00      	cmp	r3, #0
1000180a:	d1b8      	bne.n	1000177e <ph_remove_head+0x3a>
1000180c:	e7c2      	b.n	10001794 <ph_remove_head+0x50>
1000180e:	0050      	lsls	r0, r2, #1
10001810:	1880      	adds	r0, r0, r2
10001812:	3803      	subs	r0, #3
10001814:	1809      	adds	r1, r1, r0
10001816:	7848      	ldrb	r0, [r1, #1]
10001818:	4683      	mov	fp, r0
1000181a:	4648      	mov	r0, r9
1000181c:	7048      	strb	r0, [r1, #1]
1000181e:	7058      	strb	r0, [r3, #1]
10001820:	4641      	mov	r1, r8
10001822:	0020      	movs	r0, r4
10001824:	f7ff fe78 	bl	10001518 <ph_merge_nodes>
10001828:	4659      	mov	r1, fp
1000182a:	4680      	mov	r8, r0
1000182c:	0020      	movs	r0, r4
1000182e:	f7ff fec5 	bl	100015bc <ph_merge_two_pass>
10001832:	4641      	mov	r1, r8
10001834:	0002      	movs	r2, r0
10001836:	0020      	movs	r0, r4
10001838:	f7ff fe6e 	bl	10001518 <ph_merge_nodes>
1000183c:	4680      	mov	r8, r0
1000183e:	e7ce      	b.n	100017de <ph_remove_head+0x9a>

10001840 <ph_remove_and_free_node>:
10001840:	b570      	push	{r4, r5, r6, lr}
10001842:	0004      	movs	r4, r0
10001844:	2900      	cmp	r1, #0
10001846:	d02c      	beq.n	100018a2 <ph_remove_and_free_node+0x62>
10001848:	7b43      	ldrb	r3, [r0, #13]
1000184a:	428b      	cmp	r3, r1
1000184c:	d02e      	beq.n	100018ac <ph_remove_and_free_node+0x6c>
1000184e:	6805      	ldr	r5, [r0, #0]
10001850:	0048      	lsls	r0, r1, #1
10001852:	1840      	adds	r0, r0, r1
10001854:	3803      	subs	r0, #3
10001856:	1828      	adds	r0, r5, r0
10001858:	7882      	ldrb	r2, [r0, #2]
1000185a:	2a00      	cmp	r2, #0
1000185c:	d021      	beq.n	100018a2 <ph_remove_and_free_node+0x62>
1000185e:	0053      	lsls	r3, r2, #1
10001860:	189b      	adds	r3, r3, r2
10001862:	3b03      	subs	r3, #3
10001864:	5cea      	ldrb	r2, [r5, r3]
10001866:	18ee      	adds	r6, r5, r3
10001868:	428a      	cmp	r2, r1
1000186a:	d102      	bne.n	10001872 <ph_remove_and_free_node+0x32>
1000186c:	e01b      	b.n	100018a6 <ph_remove_and_free_node+0x66>
1000186e:	2a00      	cmp	r2, #0
10001870:	d008      	beq.n	10001884 <ph_remove_and_free_node+0x44>
10001872:	0053      	lsls	r3, r2, #1
10001874:	189b      	adds	r3, r3, r2
10001876:	3b03      	subs	r3, #3
10001878:	18eb      	adds	r3, r5, r3
1000187a:	785a      	ldrb	r2, [r3, #1]
1000187c:	428a      	cmp	r2, r1
1000187e:	d1f6      	bne.n	1000186e <ph_remove_and_free_node+0x2e>
10001880:	7842      	ldrb	r2, [r0, #1]
10001882:	705a      	strb	r2, [r3, #1]
10001884:	2300      	movs	r3, #0
10001886:	2201      	movs	r2, #1
10001888:	7083      	strb	r3, [r0, #2]
1000188a:	7043      	strb	r3, [r0, #1]
1000188c:	0020      	movs	r0, r4
1000188e:	f7ff fedd 	bl	1000164c <ph_remove_any_head>
10001892:	7b61      	ldrb	r1, [r4, #13]
10001894:	0002      	movs	r2, r0
10001896:	0020      	movs	r0, r4
10001898:	f7ff fe3e 	bl	10001518 <ph_merge_nodes>
1000189c:	7360      	strb	r0, [r4, #13]
1000189e:	2001      	movs	r0, #1
100018a0:	e000      	b.n	100018a4 <ph_remove_and_free_node+0x64>
100018a2:	2000      	movs	r0, #0
100018a4:	bd70      	pop	{r4, r5, r6, pc}
100018a6:	7843      	ldrb	r3, [r0, #1]
100018a8:	7033      	strb	r3, [r6, #0]
100018aa:	e7eb      	b.n	10001884 <ph_remove_and_free_node+0x44>
100018ac:	2201      	movs	r2, #1
100018ae:	0019      	movs	r1, r3
100018b0:	f7ff fecc 	bl	1000164c <ph_remove_any_head>
100018b4:	7360      	strb	r0, [r4, #13]
100018b6:	2001      	movs	r0, #1
100018b8:	e7f4      	b.n	100018a4 <ph_remove_and_free_node+0x64>
100018ba:	46c0      	nop			; (mov r8, r8)

100018bc <mutex_init>:
100018bc:	b510      	push	{r4, lr}
100018be:	0004      	movs	r4, r0
100018c0:	f7fe fdfe 	bl	100004c0 <next_striped_spin_lock_num>
100018c4:	0001      	movs	r1, r0
100018c6:	0020      	movs	r0, r4
100018c8:	f7ff f8c8 	bl	10000a5c <lock_init>
100018cc:	23ff      	movs	r3, #255	; 0xff
100018ce:	7123      	strb	r3, [r4, #4]
100018d0:	f3bf 8f5f 	dmb	sy
100018d4:	bd10      	pop	{r4, pc}
100018d6:	46c0      	nop			; (mov r8, r8)

100018d8 <recursive_mutex_init>:
100018d8:	b510      	push	{r4, lr}
100018da:	0004      	movs	r4, r0
100018dc:	f7fe fdf0 	bl	100004c0 <next_striped_spin_lock_num>
100018e0:	0001      	movs	r1, r0
100018e2:	0020      	movs	r0, r4
100018e4:	f7ff f8ba 	bl	10000a5c <lock_init>
100018e8:	23ff      	movs	r3, #255	; 0xff
100018ea:	80a3      	strh	r3, [r4, #4]
100018ec:	f3bf 8f5f 	dmb	sy
100018f0:	bd10      	pop	{r4, pc}
100018f2:	46c0      	nop			; (mov r8, r8)

100018f4 <critical_section_init>:
100018f4:	b510      	push	{r4, lr}
100018f6:	0004      	movs	r4, r0
100018f8:	2001      	movs	r0, #1
100018fa:	f7fe fded 	bl	100004d8 <spin_lock_claim_unused>
100018fe:	4b04      	ldr	r3, [pc, #16]	; (10001910 <critical_section_init+0x1c>)
10001900:	469c      	mov	ip, r3
10001902:	4460      	add	r0, ip
10001904:	0080      	lsls	r0, r0, #2
10001906:	6020      	str	r0, [r4, #0]
10001908:	f3bf 8f5f 	dmb	sy
1000190c:	bd10      	pop	{r4, pc}
1000190e:	46c0      	nop			; (mov r8, r8)
10001910:	34000040 	.word	0x34000040

10001914 <runtime_init>:
10001914:	4b2c      	ldr	r3, [pc, #176]	; (100019c8 <runtime_init+0xb4>)
10001916:	4a2d      	ldr	r2, [pc, #180]	; (100019cc <runtime_init+0xb8>)
10001918:	b570      	push	{r4, r5, r6, lr}
1000191a:	601a      	str	r2, [r3, #0]
1000191c:	4a2c      	ldr	r2, [pc, #176]	; (100019d0 <runtime_init+0xbc>)
1000191e:	4b2d      	ldr	r3, [pc, #180]	; (100019d4 <runtime_init+0xc0>)
10001920:	492d      	ldr	r1, [pc, #180]	; (100019d8 <runtime_init+0xc4>)
10001922:	601a      	str	r2, [r3, #0]
10001924:	0014      	movs	r4, r2
10001926:	688b      	ldr	r3, [r1, #8]
10001928:	439c      	bics	r4, r3
1000192a:	d1fb      	bne.n	10001924 <runtime_init+0x10>
1000192c:	4d2b      	ldr	r5, [pc, #172]	; (100019dc <runtime_init+0xc8>)
1000192e:	4e2c      	ldr	r6, [pc, #176]	; (100019e0 <runtime_init+0xcc>)
10001930:	42b5      	cmp	r5, r6
10001932:	d208      	bcs.n	10001946 <runtime_init+0x32>
10001934:	3e01      	subs	r6, #1
10001936:	1b76      	subs	r6, r6, r5
10001938:	08b6      	lsrs	r6, r6, #2
1000193a:	cd08      	ldmia	r5!, {r3}
1000193c:	4798      	blx	r3
1000193e:	0023      	movs	r3, r4
10001940:	3401      	adds	r4, #1
10001942:	42b3      	cmp	r3, r6
10001944:	d1f9      	bne.n	1000193a <runtime_init+0x26>
10001946:	f000 f87f 	bl	10001a48 <clocks_init>
1000194a:	4a26      	ldr	r2, [pc, #152]	; (100019e4 <runtime_init+0xd0>)
1000194c:	4b21      	ldr	r3, [pc, #132]	; (100019d4 <runtime_init+0xc0>)
1000194e:	601a      	str	r2, [r3, #0]
10001950:	4a21      	ldr	r2, [pc, #132]	; (100019d8 <runtime_init+0xc4>)
10001952:	6893      	ldr	r3, [r2, #8]
10001954:	43db      	mvns	r3, r3
10001956:	01db      	lsls	r3, r3, #7
10001958:	09dd      	lsrs	r5, r3, #7
1000195a:	2b00      	cmp	r3, #0
1000195c:	d1f9      	bne.n	10001952 <runtime_init+0x3e>
1000195e:	2240      	movs	r2, #64	; 0x40
10001960:	4b21      	ldr	r3, [pc, #132]	; (100019e8 <runtime_init+0xd4>)
10001962:	4c22      	ldr	r4, [pc, #136]	; (100019ec <runtime_init+0xd8>)
10001964:	4e22      	ldr	r6, [pc, #136]	; (100019f0 <runtime_init+0xdc>)
10001966:	679a      	str	r2, [r3, #120]	; 0x78
10001968:	675a      	str	r2, [r3, #116]	; 0x74
1000196a:	671a      	str	r2, [r3, #112]	; 0x70
1000196c:	66da      	str	r2, [r3, #108]	; 0x6c
1000196e:	42b4      	cmp	r4, r6
10001970:	d208      	bcs.n	10001984 <runtime_init+0x70>
10001972:	6823      	ldr	r3, [r4, #0]
10001974:	0020      	movs	r0, r4
10001976:	2b00      	cmp	r3, #0
10001978:	d020      	beq.n	100019bc <runtime_init+0xa8>
1000197a:	3408      	adds	r4, #8
1000197c:	f7ff ffac 	bl	100018d8 <recursive_mutex_init>
10001980:	42b4      	cmp	r4, r6
10001982:	d3f6      	bcc.n	10001972 <runtime_init+0x5e>
10001984:	4e1b      	ldr	r6, [pc, #108]	; (100019f4 <runtime_init+0xe0>)
10001986:	4c1c      	ldr	r4, [pc, #112]	; (100019f8 <runtime_init+0xe4>)
10001988:	22c0      	movs	r2, #192	; 0xc0
1000198a:	68a1      	ldr	r1, [r4, #8]
1000198c:	0030      	movs	r0, r6
1000198e:	f002 f99f 	bl	10003cd0 <__wrap___aeabi_memcpy>
10001992:	60a6      	str	r6, [r4, #8]
10001994:	f7fe fd86 	bl	100004a4 <spin_locks_reset>
10001998:	f7ff f836 	bl	10000a08 <irq_init_priorities>
1000199c:	f7ff fa8a 	bl	10000eb4 <alarm_pool_init_default>
100019a0:	4c16      	ldr	r4, [pc, #88]	; (100019fc <runtime_init+0xe8>)
100019a2:	4e17      	ldr	r6, [pc, #92]	; (10001a00 <runtime_init+0xec>)
100019a4:	42b4      	cmp	r4, r6
100019a6:	d208      	bcs.n	100019ba <runtime_init+0xa6>
100019a8:	3e01      	subs	r6, #1
100019aa:	1b36      	subs	r6, r6, r4
100019ac:	08b6      	lsrs	r6, r6, #2
100019ae:	cc08      	ldmia	r4!, {r3}
100019b0:	4798      	blx	r3
100019b2:	002b      	movs	r3, r5
100019b4:	3501      	adds	r5, #1
100019b6:	429e      	cmp	r6, r3
100019b8:	d1f9      	bne.n	100019ae <runtime_init+0x9a>
100019ba:	bd70      	pop	{r4, r5, r6, pc}
100019bc:	3408      	adds	r4, #8
100019be:	f7ff ff7d 	bl	100018bc <mutex_init>
100019c2:	42b4      	cmp	r4, r6
100019c4:	d3d5      	bcc.n	10001972 <runtime_init+0x5e>
100019c6:	e7dd      	b.n	10001984 <runtime_init+0x70>
100019c8:	4000e000 	.word	0x4000e000
100019cc:	fefbcdbf 	.word	0xfefbcdbf
100019d0:	003c7ffe 	.word	0x003c7ffe
100019d4:	4000f000 	.word	0x4000f000
100019d8:	4000c000 	.word	0x4000c000
100019dc:	20001878 	.word	0x20001878
100019e0:	20001888 	.word	0x20001888
100019e4:	01ffffff 	.word	0x01ffffff
100019e8:	4001f000 	.word	0x4001f000
100019ec:	20001870 	.word	0x20001870
100019f0:	20001878 	.word	0x20001878
100019f4:	20000000 	.word	0x20000000
100019f8:	e000ed00 	.word	0xe000ed00
100019fc:	20001888 	.word	0x20001888
10001a00:	20001894 	.word	0x20001894

10001a04 <_exit>:
10001a04:	be00      	bkpt	0x0000
10001a06:	e7fd      	b.n	10001a04 <_exit>

10001a08 <exit>:
10001a08:	be00      	bkpt	0x0000
10001a0a:	e7fd      	b.n	10001a08 <exit>

10001a0c <panic>:
10001a0c:	b40f      	push	{r0, r1, r2, r3}
10001a0e:	b500      	push	{lr}
10001a10:	4808      	ldr	r0, [pc, #32]	; (10001a34 <panic+0x28>)
10001a12:	b083      	sub	sp, #12
10001a14:	f002 fac4 	bl	10003fa0 <__wrap_puts>
10001a18:	9b04      	ldr	r3, [sp, #16]
10001a1a:	2b00      	cmp	r3, #0
10001a1c:	d007      	beq.n	10001a2e <panic+0x22>
10001a1e:	a905      	add	r1, sp, #20
10001a20:	0018      	movs	r0, r3
10001a22:	9101      	str	r1, [sp, #4]
10001a24:	f001 fcfe 	bl	10003424 <weak_raw_vprintf>
10001a28:	4803      	ldr	r0, [pc, #12]	; (10001a38 <panic+0x2c>)
10001a2a:	f002 fab9 	bl	10003fa0 <__wrap_puts>
10001a2e:	be00      	bkpt	0x0000
10001a30:	e7fd      	b.n	10001a2e <panic+0x22>
10001a32:	46c0      	nop			; (mov r8, r8)
10001a34:	10007604 	.word	0x10007604
10001a38:	10007614 	.word	0x10007614

10001a3c <hard_assertion_failure>:
10001a3c:	b510      	push	{r4, lr}
10001a3e:	4801      	ldr	r0, [pc, #4]	; (10001a44 <hard_assertion_failure+0x8>)
10001a40:	f7ff ffe4 	bl	10001a0c <panic>
10001a44:	10007618 	.word	0x10007618

10001a48 <clocks_init>:
10001a48:	b530      	push	{r4, r5, lr}
10001a4a:	200c      	movs	r0, #12
10001a4c:	b083      	sub	sp, #12
10001a4e:	f000 f9b7 	bl	10001dc0 <watchdog_start_tick>
10001a52:	f7fe fd1f 	bl	10000494 <running_on_fpga>
10001a56:	2800      	cmp	r0, #0
10001a58:	d00e      	beq.n	10001a78 <clocks_init+0x30>
10001a5a:	4b94      	ldr	r3, [pc, #592]	; (10001cac <clocks_init+0x264>)
10001a5c:	4a94      	ldr	r2, [pc, #592]	; (10001cb0 <clocks_init+0x268>)
10001a5e:	601a      	str	r2, [r3, #0]
10001a60:	605a      	str	r2, [r3, #4]
10001a62:	609a      	str	r2, [r3, #8]
10001a64:	60da      	str	r2, [r3, #12]
10001a66:	611a      	str	r2, [r3, #16]
10001a68:	615a      	str	r2, [r3, #20]
10001a6a:	619a      	str	r2, [r3, #24]
10001a6c:	61da      	str	r2, [r3, #28]
10001a6e:	621a      	str	r2, [r3, #32]
10001a70:	4a90      	ldr	r2, [pc, #576]	; (10001cb4 <clocks_init+0x26c>)
10001a72:	625a      	str	r2, [r3, #36]	; 0x24
10001a74:	b003      	add	sp, #12
10001a76:	bd30      	pop	{r4, r5, pc}
10001a78:	4c8f      	ldr	r4, [pc, #572]	; (10001cb8 <clocks_init+0x270>)
10001a7a:	67a0      	str	r0, [r4, #120]	; 0x78
10001a7c:	f000 f9f4 	bl	10001e68 <xosc_init>
10001a80:	2201      	movs	r2, #1
10001a82:	4b8e      	ldr	r3, [pc, #568]	; (10001cbc <clocks_init+0x274>)
10001a84:	601a      	str	r2, [r3, #0]
10001a86:	6c63      	ldr	r3, [r4, #68]	; 0x44
10001a88:	2b01      	cmp	r3, #1
10001a8a:	d1fc      	bne.n	10001a86 <clocks_init+0x3e>
10001a8c:	2203      	movs	r2, #3
10001a8e:	4b8c      	ldr	r3, [pc, #560]	; (10001cc0 <clocks_init+0x278>)
10001a90:	601a      	str	r2, [r3, #0]
10001a92:	4a89      	ldr	r2, [pc, #548]	; (10001cb8 <clocks_init+0x270>)
10001a94:	6b93      	ldr	r3, [r2, #56]	; 0x38
10001a96:	2b01      	cmp	r3, #1
10001a98:	d1fc      	bne.n	10001a94 <clocks_init+0x4c>
10001a9a:	3301      	adds	r3, #1
10001a9c:	2101      	movs	r1, #1
10001a9e:	4a89      	ldr	r2, [pc, #548]	; (10001cc4 <clocks_init+0x27c>)
10001aa0:	4889      	ldr	r0, [pc, #548]	; (10001cc8 <clocks_init+0x280>)
10001aa2:	9300      	str	r3, [sp, #0]
10001aa4:	3304      	adds	r3, #4
10001aa6:	f000 f933 	bl	10001d10 <pll_init>
10001aaa:	2305      	movs	r3, #5
10001aac:	4a87      	ldr	r2, [pc, #540]	; (10001ccc <clocks_init+0x284>)
10001aae:	9300      	str	r3, [sp, #0]
10001ab0:	2101      	movs	r1, #1
10001ab2:	4887      	ldr	r0, [pc, #540]	; (10001cd0 <clocks_init+0x288>)
10001ab4:	f000 f92c 	bl	10001d10 <pll_init>
10001ab8:	4b86      	ldr	r3, [pc, #536]	; (10001cd4 <clocks_init+0x28c>)
10001aba:	685a      	ldr	r2, [r3, #4]
10001abc:	2aff      	cmp	r2, #255	; 0xff
10001abe:	d802      	bhi.n	10001ac6 <clocks_init+0x7e>
10001ac0:	2280      	movs	r2, #128	; 0x80
10001ac2:	0052      	lsls	r2, r2, #1
10001ac4:	605a      	str	r2, [r3, #4]
10001ac6:	2280      	movs	r2, #128	; 0x80
10001ac8:	4c78      	ldr	r4, [pc, #480]	; (10001cac <clocks_init+0x264>)
10001aca:	4b7d      	ldr	r3, [pc, #500]	; (10001cc0 <clocks_init+0x278>)
10001acc:	6921      	ldr	r1, [r4, #16]
10001ace:	0112      	lsls	r2, r2, #4
10001ad0:	4d80      	ldr	r5, [pc, #512]	; (10001cd4 <clocks_init+0x28c>)
10001ad2:	601a      	str	r2, [r3, #0]
10001ad4:	2900      	cmp	r1, #0
10001ad6:	d005      	beq.n	10001ae4 <clocks_init+0x9c>
10001ad8:	6960      	ldr	r0, [r4, #20]
10001ada:	f001 fd1d 	bl	10003518 <__wrap___aeabi_uidiv>
10001ade:	3001      	adds	r0, #1
10001ae0:	3801      	subs	r0, #1
10001ae2:	d1fd      	bne.n	10001ae0 <clocks_init+0x98>
10001ae4:	21e0      	movs	r1, #224	; 0xe0
10001ae6:	4b7b      	ldr	r3, [pc, #492]	; (10001cd4 <clocks_init+0x28c>)
10001ae8:	2002      	movs	r0, #2
10001aea:	681a      	ldr	r2, [r3, #0]
10001aec:	4011      	ands	r1, r2
10001aee:	2280      	movs	r2, #128	; 0x80
10001af0:	0152      	lsls	r2, r2, #5
10001af2:	432a      	orrs	r2, r5
10001af4:	6011      	str	r1, [r2, #0]
10001af6:	6819      	ldr	r1, [r3, #0]
10001af8:	4048      	eors	r0, r1
10001afa:	2103      	movs	r1, #3
10001afc:	4001      	ands	r1, r0
10001afe:	6011      	str	r1, [r2, #0]
10001b00:	2104      	movs	r1, #4
10001b02:	689a      	ldr	r2, [r3, #8]
10001b04:	4211      	tst	r1, r2
10001b06:	d0fc      	beq.n	10001b02 <clocks_init+0xba>
10001b08:	2280      	movs	r2, #128	; 0x80
10001b0a:	2180      	movs	r1, #128	; 0x80
10001b0c:	0192      	lsls	r2, r2, #6
10001b0e:	432a      	orrs	r2, r5
10001b10:	0109      	lsls	r1, r1, #4
10001b12:	6011      	str	r1, [r2, #0]
10001b14:	2280      	movs	r2, #128	; 0x80
10001b16:	0052      	lsls	r2, r2, #1
10001b18:	605a      	str	r2, [r3, #4]
10001b1a:	4b6f      	ldr	r3, [pc, #444]	; (10001cd8 <clocks_init+0x290>)
10001b1c:	6123      	str	r3, [r4, #16]
10001b1e:	4b6f      	ldr	r3, [pc, #444]	; (10001cdc <clocks_init+0x294>)
10001b20:	6859      	ldr	r1, [r3, #4]
10001b22:	29ff      	cmp	r1, #255	; 0xff
10001b24:	d800      	bhi.n	10001b28 <clocks_init+0xe0>
10001b26:	605a      	str	r2, [r3, #4]
10001b28:	2103      	movs	r1, #3
10001b2a:	4a64      	ldr	r2, [pc, #400]	; (10001cbc <clocks_init+0x274>)
10001b2c:	4b6b      	ldr	r3, [pc, #428]	; (10001cdc <clocks_init+0x294>)
10001b2e:	6011      	str	r1, [r2, #0]
10001b30:	3902      	subs	r1, #2
10001b32:	689a      	ldr	r2, [r3, #8]
10001b34:	4211      	tst	r1, r2
10001b36:	d0fc      	beq.n	10001b32 <clocks_init+0xea>
10001b38:	20e0      	movs	r0, #224	; 0xe0
10001b3a:	681a      	ldr	r2, [r3, #0]
10001b3c:	4010      	ands	r0, r2
10001b3e:	2280      	movs	r2, #128	; 0x80
10001b40:	0152      	lsls	r2, r2, #5
10001b42:	431a      	orrs	r2, r3
10001b44:	6010      	str	r0, [r2, #0]
10001b46:	6818      	ldr	r0, [r3, #0]
10001b48:	4048      	eors	r0, r1
10001b4a:	2103      	movs	r1, #3
10001b4c:	4001      	ands	r1, r0
10001b4e:	2002      	movs	r0, #2
10001b50:	6011      	str	r1, [r2, #0]
10001b52:	4962      	ldr	r1, [pc, #392]	; (10001cdc <clocks_init+0x294>)
10001b54:	688a      	ldr	r2, [r1, #8]
10001b56:	4210      	tst	r0, r2
10001b58:	d0fc      	beq.n	10001b54 <clocks_init+0x10c>
10001b5a:	2280      	movs	r2, #128	; 0x80
10001b5c:	0192      	lsls	r2, r2, #6
10001b5e:	4313      	orrs	r3, r2
10001b60:	2280      	movs	r2, #128	; 0x80
10001b62:	0112      	lsls	r2, r2, #4
10001b64:	601a      	str	r2, [r3, #0]
10001b66:	2280      	movs	r2, #128	; 0x80
10001b68:	4b5d      	ldr	r3, [pc, #372]	; (10001ce0 <clocks_init+0x298>)
10001b6a:	0052      	lsls	r2, r2, #1
10001b6c:	604a      	str	r2, [r1, #4]
10001b6e:	6163      	str	r3, [r4, #20]
10001b70:	4b5c      	ldr	r3, [pc, #368]	; (10001ce4 <clocks_init+0x29c>)
10001b72:	6859      	ldr	r1, [r3, #4]
10001b74:	29ff      	cmp	r1, #255	; 0xff
10001b76:	d800      	bhi.n	10001b7a <clocks_init+0x132>
10001b78:	605a      	str	r2, [r3, #4]
10001b7a:	2280      	movs	r2, #128	; 0x80
10001b7c:	4b5a      	ldr	r3, [pc, #360]	; (10001ce8 <clocks_init+0x2a0>)
10001b7e:	69e1      	ldr	r1, [r4, #28]
10001b80:	0112      	lsls	r2, r2, #4
10001b82:	4d58      	ldr	r5, [pc, #352]	; (10001ce4 <clocks_init+0x29c>)
10001b84:	601a      	str	r2, [r3, #0]
10001b86:	2900      	cmp	r1, #0
10001b88:	d005      	beq.n	10001b96 <clocks_init+0x14e>
10001b8a:	6960      	ldr	r0, [r4, #20]
10001b8c:	f001 fcc4 	bl	10003518 <__wrap___aeabi_uidiv>
10001b90:	3001      	adds	r0, #1
10001b92:	3801      	subs	r0, #1
10001b94:	d1fd      	bne.n	10001b92 <clocks_init+0x14a>
10001b96:	22e0      	movs	r2, #224	; 0xe0
10001b98:	4952      	ldr	r1, [pc, #328]	; (10001ce4 <clocks_init+0x29c>)
10001b9a:	680b      	ldr	r3, [r1, #0]
10001b9c:	401a      	ands	r2, r3
10001b9e:	2380      	movs	r3, #128	; 0x80
10001ba0:	015b      	lsls	r3, r3, #5
10001ba2:	432b      	orrs	r3, r5
10001ba4:	601a      	str	r2, [r3, #0]
10001ba6:	2380      	movs	r3, #128	; 0x80
10001ba8:	2280      	movs	r2, #128	; 0x80
10001baa:	019b      	lsls	r3, r3, #6
10001bac:	432b      	orrs	r3, r5
10001bae:	0112      	lsls	r2, r2, #4
10001bb0:	601a      	str	r2, [r3, #0]
10001bb2:	2280      	movs	r2, #128	; 0x80
10001bb4:	4b3e      	ldr	r3, [pc, #248]	; (10001cb0 <clocks_init+0x268>)
10001bb6:	0052      	lsls	r2, r2, #1
10001bb8:	604a      	str	r2, [r1, #4]
10001bba:	61e3      	str	r3, [r4, #28]
10001bbc:	4b4b      	ldr	r3, [pc, #300]	; (10001cec <clocks_init+0x2a4>)
10001bbe:	6859      	ldr	r1, [r3, #4]
10001bc0:	29ff      	cmp	r1, #255	; 0xff
10001bc2:	d800      	bhi.n	10001bc6 <clocks_init+0x17e>
10001bc4:	605a      	str	r2, [r3, #4]
10001bc6:	2280      	movs	r2, #128	; 0x80
10001bc8:	4b49      	ldr	r3, [pc, #292]	; (10001cf0 <clocks_init+0x2a8>)
10001bca:	6a21      	ldr	r1, [r4, #32]
10001bcc:	0112      	lsls	r2, r2, #4
10001bce:	4d47      	ldr	r5, [pc, #284]	; (10001cec <clocks_init+0x2a4>)
10001bd0:	601a      	str	r2, [r3, #0]
10001bd2:	2900      	cmp	r1, #0
10001bd4:	d005      	beq.n	10001be2 <clocks_init+0x19a>
10001bd6:	6960      	ldr	r0, [r4, #20]
10001bd8:	f001 fc9e 	bl	10003518 <__wrap___aeabi_uidiv>
10001bdc:	3001      	adds	r0, #1
10001bde:	3801      	subs	r0, #1
10001be0:	d1fd      	bne.n	10001bde <clocks_init+0x196>
10001be2:	22e0      	movs	r2, #224	; 0xe0
10001be4:	4941      	ldr	r1, [pc, #260]	; (10001cec <clocks_init+0x2a4>)
10001be6:	680b      	ldr	r3, [r1, #0]
10001be8:	401a      	ands	r2, r3
10001bea:	2380      	movs	r3, #128	; 0x80
10001bec:	015b      	lsls	r3, r3, #5
10001bee:	432b      	orrs	r3, r5
10001bf0:	601a      	str	r2, [r3, #0]
10001bf2:	2380      	movs	r3, #128	; 0x80
10001bf4:	2280      	movs	r2, #128	; 0x80
10001bf6:	019b      	lsls	r3, r3, #6
10001bf8:	432b      	orrs	r3, r5
10001bfa:	0112      	lsls	r2, r2, #4
10001bfc:	601a      	str	r2, [r3, #0]
10001bfe:	2380      	movs	r3, #128	; 0x80
10001c00:	2280      	movs	r2, #128	; 0x80
10001c02:	005b      	lsls	r3, r3, #1
10001c04:	604b      	str	r3, [r1, #4]
10001c06:	4b2a      	ldr	r3, [pc, #168]	; (10001cb0 <clocks_init+0x268>)
10001c08:	02d2      	lsls	r2, r2, #11
10001c0a:	6223      	str	r3, [r4, #32]
10001c0c:	4b39      	ldr	r3, [pc, #228]	; (10001cf4 <clocks_init+0x2ac>)
10001c0e:	6859      	ldr	r1, [r3, #4]
10001c10:	4291      	cmp	r1, r2
10001c12:	d200      	bcs.n	10001c16 <clocks_init+0x1ce>
10001c14:	605a      	str	r2, [r3, #4]
10001c16:	2280      	movs	r2, #128	; 0x80
10001c18:	4b37      	ldr	r3, [pc, #220]	; (10001cf8 <clocks_init+0x2b0>)
10001c1a:	6a61      	ldr	r1, [r4, #36]	; 0x24
10001c1c:	0112      	lsls	r2, r2, #4
10001c1e:	4d35      	ldr	r5, [pc, #212]	; (10001cf4 <clocks_init+0x2ac>)
10001c20:	601a      	str	r2, [r3, #0]
10001c22:	2900      	cmp	r1, #0
10001c24:	d005      	beq.n	10001c32 <clocks_init+0x1ea>
10001c26:	6960      	ldr	r0, [r4, #20]
10001c28:	f001 fc76 	bl	10003518 <__wrap___aeabi_uidiv>
10001c2c:	3001      	adds	r0, #1
10001c2e:	3801      	subs	r0, #1
10001c30:	d1fd      	bne.n	10001c2e <clocks_init+0x1e6>
10001c32:	22e0      	movs	r2, #224	; 0xe0
10001c34:	492f      	ldr	r1, [pc, #188]	; (10001cf4 <clocks_init+0x2ac>)
10001c36:	680b      	ldr	r3, [r1, #0]
10001c38:	401a      	ands	r2, r3
10001c3a:	2380      	movs	r3, #128	; 0x80
10001c3c:	015b      	lsls	r3, r3, #5
10001c3e:	432b      	orrs	r3, r5
10001c40:	601a      	str	r2, [r3, #0]
10001c42:	2380      	movs	r3, #128	; 0x80
10001c44:	2280      	movs	r2, #128	; 0x80
10001c46:	019b      	lsls	r3, r3, #6
10001c48:	432b      	orrs	r3, r5
10001c4a:	0112      	lsls	r2, r2, #4
10001c4c:	601a      	str	r2, [r3, #0]
10001c4e:	2380      	movs	r3, #128	; 0x80
10001c50:	02db      	lsls	r3, r3, #11
10001c52:	604b      	str	r3, [r1, #4]
10001c54:	4b17      	ldr	r3, [pc, #92]	; (10001cb4 <clocks_init+0x26c>)
10001c56:	6263      	str	r3, [r4, #36]	; 0x24
10001c58:	4b28      	ldr	r3, [pc, #160]	; (10001cfc <clocks_init+0x2b4>)
10001c5a:	685a      	ldr	r2, [r3, #4]
10001c5c:	2aff      	cmp	r2, #255	; 0xff
10001c5e:	d802      	bhi.n	10001c66 <clocks_init+0x21e>
10001c60:	2280      	movs	r2, #128	; 0x80
10001c62:	0052      	lsls	r2, r2, #1
10001c64:	605a      	str	r2, [r3, #4]
10001c66:	2280      	movs	r2, #128	; 0x80
10001c68:	4b25      	ldr	r3, [pc, #148]	; (10001d00 <clocks_init+0x2b8>)
10001c6a:	69a1      	ldr	r1, [r4, #24]
10001c6c:	0112      	lsls	r2, r2, #4
10001c6e:	4d23      	ldr	r5, [pc, #140]	; (10001cfc <clocks_init+0x2b4>)
10001c70:	601a      	str	r2, [r3, #0]
10001c72:	2900      	cmp	r1, #0
10001c74:	d005      	beq.n	10001c82 <clocks_init+0x23a>
10001c76:	6960      	ldr	r0, [r4, #20]
10001c78:	f001 fc4e 	bl	10003518 <__wrap___aeabi_uidiv>
10001c7c:	3001      	adds	r0, #1
10001c7e:	3801      	subs	r0, #1
10001c80:	d1fd      	bne.n	10001c7e <clocks_init+0x236>
10001c82:	22e0      	movs	r2, #224	; 0xe0
10001c84:	491d      	ldr	r1, [pc, #116]	; (10001cfc <clocks_init+0x2b4>)
10001c86:	680b      	ldr	r3, [r1, #0]
10001c88:	401a      	ands	r2, r3
10001c8a:	2380      	movs	r3, #128	; 0x80
10001c8c:	015b      	lsls	r3, r3, #5
10001c8e:	432b      	orrs	r3, r5
10001c90:	601a      	str	r2, [r3, #0]
10001c92:	2380      	movs	r3, #128	; 0x80
10001c94:	2280      	movs	r2, #128	; 0x80
10001c96:	019b      	lsls	r3, r3, #6
10001c98:	432b      	orrs	r3, r5
10001c9a:	0112      	lsls	r2, r2, #4
10001c9c:	601a      	str	r2, [r3, #0]
10001c9e:	2380      	movs	r3, #128	; 0x80
10001ca0:	005b      	lsls	r3, r3, #1
10001ca2:	604b      	str	r3, [r1, #4]
10001ca4:	4b0e      	ldr	r3, [pc, #56]	; (10001ce0 <clocks_init+0x298>)
10001ca6:	61a3      	str	r3, [r4, #24]
10001ca8:	e6e4      	b.n	10001a74 <clocks_init+0x2c>
10001caa:	46c0      	nop			; (mov r8, r8)
10001cac:	20002050 	.word	0x20002050
10001cb0:	02dc6c00 	.word	0x02dc6c00
10001cb4:	0000b71b 	.word	0x0000b71b
10001cb8:	40008000 	.word	0x40008000
10001cbc:	4000b03c 	.word	0x4000b03c
10001cc0:	4000b030 	.word	0x4000b030
10001cc4:	59682f00 	.word	0x59682f00
10001cc8:	40028000 	.word	0x40028000
10001ccc:	47868c00 	.word	0x47868c00
10001cd0:	4002c000 	.word	0x4002c000
10001cd4:	40008030 	.word	0x40008030
10001cd8:	00b71b00 	.word	0x00b71b00
10001cdc:	4000803c 	.word	0x4000803c
10001ce0:	07735940 	.word	0x07735940
10001ce4:	40008054 	.word	0x40008054
10001ce8:	4000b054 	.word	0x4000b054
10001cec:	40008060 	.word	0x40008060
10001cf0:	4000b060 	.word	0x4000b060
10001cf4:	4000806c 	.word	0x4000806c
10001cf8:	4000b06c 	.word	0x4000b06c
10001cfc:	40008048 	.word	0x40008048
10001d00:	4000b048 	.word	0x4000b048

10001d04 <clock_get_hz>:
10001d04:	4b01      	ldr	r3, [pc, #4]	; (10001d0c <clock_get_hz+0x8>)
10001d06:	0080      	lsls	r0, r0, #2
10001d08:	58c0      	ldr	r0, [r0, r3]
10001d0a:	4770      	bx	lr
10001d0c:	20002050 	.word	0x20002050

10001d10 <pll_init>:
10001d10:	b5f0      	push	{r4, r5, r6, r7, lr}
10001d12:	46c6      	mov	lr, r8
10001d14:	0004      	movs	r4, r0
10001d16:	b500      	push	{lr}
10001d18:	200c      	movs	r0, #12
10001d1a:	4690      	mov	r8, r2
10001d1c:	001f      	movs	r7, r3
10001d1e:	000e      	movs	r6, r1
10001d20:	f001 fbfa 	bl	10003518 <__wrap___aeabi_uidiv>
10001d24:	0141      	lsls	r1, r0, #5
10001d26:	1a09      	subs	r1, r1, r0
10001d28:	018d      	lsls	r5, r1, #6
10001d2a:	1a69      	subs	r1, r5, r1
10001d2c:	00c9      	lsls	r1, r1, #3
10001d2e:	1809      	adds	r1, r1, r0
10001d30:	0189      	lsls	r1, r1, #6
10001d32:	4640      	mov	r0, r8
10001d34:	f001 fbf0 	bl	10003518 <__wrap___aeabi_uidiv>
10001d38:	9b06      	ldr	r3, [sp, #24]
10001d3a:	043f      	lsls	r7, r7, #16
10001d3c:	031a      	lsls	r2, r3, #12
10001d3e:	6823      	ldr	r3, [r4, #0]
10001d40:	4317      	orrs	r7, r2
10001d42:	2b00      	cmp	r3, #0
10001d44:	db22      	blt.n	10001d8c <pll_init+0x7c>
10001d46:	4b1a      	ldr	r3, [pc, #104]	; (10001db0 <pll_init+0xa0>)
10001d48:	4d1a      	ldr	r5, [pc, #104]	; (10001db4 <pll_init+0xa4>)
10001d4a:	18e2      	adds	r2, r4, r3
10001d4c:	4253      	negs	r3, r2
10001d4e:	415a      	adcs	r2, r3
10001d50:	2380      	movs	r3, #128	; 0x80
10001d52:	015b      	lsls	r3, r3, #5
10001d54:	469c      	mov	ip, r3
10001d56:	0312      	lsls	r2, r2, #12
10001d58:	4b17      	ldr	r3, [pc, #92]	; (10001db8 <pll_init+0xa8>)
10001d5a:	4462      	add	r2, ip
10001d5c:	601a      	str	r2, [r3, #0]
10001d5e:	4b17      	ldr	r3, [pc, #92]	; (10001dbc <pll_init+0xac>)
10001d60:	601a      	str	r2, [r3, #0]
10001d62:	0011      	movs	r1, r2
10001d64:	68ab      	ldr	r3, [r5, #8]
10001d66:	4399      	bics	r1, r3
10001d68:	d1fb      	bne.n	10001d62 <pll_init+0x52>
10001d6a:	22c0      	movs	r2, #192	; 0xc0
10001d6c:	1d23      	adds	r3, r4, #4
10001d6e:	0192      	lsls	r2, r2, #6
10001d70:	431a      	orrs	r2, r3
10001d72:	2321      	movs	r3, #33	; 0x21
10001d74:	6026      	str	r6, [r4, #0]
10001d76:	60a0      	str	r0, [r4, #8]
10001d78:	6013      	str	r3, [r2, #0]
10001d7a:	6823      	ldr	r3, [r4, #0]
10001d7c:	2b00      	cmp	r3, #0
10001d7e:	dafc      	bge.n	10001d7a <pll_init+0x6a>
10001d80:	2308      	movs	r3, #8
10001d82:	60e7      	str	r7, [r4, #12]
10001d84:	6013      	str	r3, [r2, #0]
10001d86:	bc80      	pop	{r7}
10001d88:	46b8      	mov	r8, r7
10001d8a:	bdf0      	pop	{r4, r5, r6, r7, pc}
10001d8c:	233f      	movs	r3, #63	; 0x3f
10001d8e:	6822      	ldr	r2, [r4, #0]
10001d90:	4013      	ands	r3, r2
10001d92:	42b3      	cmp	r3, r6
10001d94:	d1d7      	bne.n	10001d46 <pll_init+0x36>
10001d96:	68a3      	ldr	r3, [r4, #8]
10001d98:	051b      	lsls	r3, r3, #20
10001d9a:	0d1b      	lsrs	r3, r3, #20
10001d9c:	4283      	cmp	r3, r0
10001d9e:	d1d2      	bne.n	10001d46 <pll_init+0x36>
10001da0:	22ee      	movs	r2, #238	; 0xee
10001da2:	68e3      	ldr	r3, [r4, #12]
10001da4:	02d2      	lsls	r2, r2, #11
10001da6:	4013      	ands	r3, r2
10001da8:	42bb      	cmp	r3, r7
10001daa:	d1cc      	bne.n	10001d46 <pll_init+0x36>
10001dac:	e7eb      	b.n	10001d86 <pll_init+0x76>
10001dae:	46c0      	nop			; (mov r8, r8)
10001db0:	bffd4000 	.word	0xbffd4000
10001db4:	4000c000 	.word	0x4000c000
10001db8:	4000e000 	.word	0x4000e000
10001dbc:	4000f000 	.word	0x4000f000

10001dc0 <watchdog_start_tick>:
10001dc0:	2380      	movs	r3, #128	; 0x80
10001dc2:	4a02      	ldr	r2, [pc, #8]	; (10001dcc <watchdog_start_tick+0xc>)
10001dc4:	009b      	lsls	r3, r3, #2
10001dc6:	4303      	orrs	r3, r0
10001dc8:	62d3      	str	r3, [r2, #44]	; 0x2c
10001dca:	4770      	bx	lr
10001dcc:	40058000 	.word	0x40058000

10001dd0 <watchdog_reboot>:
10001dd0:	b510      	push	{r4, lr}
10001dd2:	0014      	movs	r4, r2
10001dd4:	2280      	movs	r2, #128	; 0x80
10001dd6:	4b1b      	ldr	r3, [pc, #108]	; (10001e44 <watchdog_reboot+0x74>)
10001dd8:	05d2      	lsls	r2, r2, #23
10001dda:	601a      	str	r2, [r3, #0]
10001ddc:	2800      	cmp	r0, #0
10001dde:	d01a      	beq.n	10001e16 <watchdog_reboot+0x46>
10001de0:	2301      	movs	r3, #1
10001de2:	4a19      	ldr	r2, [pc, #100]	; (10001e48 <watchdog_reboot+0x78>)
10001de4:	4318      	orrs	r0, r3
10001de6:	4b19      	ldr	r3, [pc, #100]	; (10001e4c <watchdog_reboot+0x7c>)
10001de8:	61da      	str	r2, [r3, #28]
10001dea:	4a19      	ldr	r2, [pc, #100]	; (10001e50 <watchdog_reboot+0x80>)
10001dec:	4042      	eors	r2, r0
10001dee:	621a      	str	r2, [r3, #32]
10001df0:	6259      	str	r1, [r3, #36]	; 0x24
10001df2:	6298      	str	r0, [r3, #40]	; 0x28
10001df4:	2280      	movs	r2, #128	; 0x80
10001df6:	4b13      	ldr	r3, [pc, #76]	; (10001e44 <watchdog_reboot+0x74>)
10001df8:	05d2      	lsls	r2, r2, #23
10001dfa:	601a      	str	r2, [r3, #0]
10001dfc:	4915      	ldr	r1, [pc, #84]	; (10001e54 <watchdog_reboot+0x84>)
10001dfe:	4a16      	ldr	r2, [pc, #88]	; (10001e58 <watchdog_reboot+0x88>)
10001e00:	6011      	str	r1, [r2, #0]
10001e02:	22e0      	movs	r2, #224	; 0xe0
10001e04:	04d2      	lsls	r2, r2, #19
10001e06:	601a      	str	r2, [r3, #0]
10001e08:	2c00      	cmp	r4, #0
10001e0a:	d107      	bne.n	10001e1c <watchdog_reboot+0x4c>
10001e0c:	2280      	movs	r2, #128	; 0x80
10001e0e:	4b13      	ldr	r3, [pc, #76]	; (10001e5c <watchdog_reboot+0x8c>)
10001e10:	0612      	lsls	r2, r2, #24
10001e12:	601a      	str	r2, [r3, #0]
10001e14:	bd10      	pop	{r4, pc}
10001e16:	4b0d      	ldr	r3, [pc, #52]	; (10001e4c <watchdog_reboot+0x7c>)
10001e18:	61d8      	str	r0, [r3, #28]
10001e1a:	e7eb      	b.n	10001df4 <watchdog_reboot+0x24>
10001e1c:	0163      	lsls	r3, r4, #5
10001e1e:	1b1b      	subs	r3, r3, r4
10001e20:	009a      	lsls	r2, r3, #2
10001e22:	2380      	movs	r3, #128	; 0x80
10001e24:	1912      	adds	r2, r2, r4
10001e26:	0112      	lsls	r2, r2, #4
10001e28:	045b      	lsls	r3, r3, #17
10001e2a:	429a      	cmp	r2, r3
10001e2c:	d300      	bcc.n	10001e30 <watchdog_reboot+0x60>
10001e2e:	4a0c      	ldr	r2, [pc, #48]	; (10001e60 <watchdog_reboot+0x90>)
10001e30:	4b0c      	ldr	r3, [pc, #48]	; (10001e64 <watchdog_reboot+0x94>)
10001e32:	601a      	str	r2, [r3, #0]
10001e34:	4b05      	ldr	r3, [pc, #20]	; (10001e4c <watchdog_reboot+0x7c>)
10001e36:	605a      	str	r2, [r3, #4]
10001e38:	2280      	movs	r2, #128	; 0x80
10001e3a:	4b08      	ldr	r3, [pc, #32]	; (10001e5c <watchdog_reboot+0x8c>)
10001e3c:	05d2      	lsls	r2, r2, #23
10001e3e:	601a      	str	r2, [r3, #0]
10001e40:	e7e8      	b.n	10001e14 <watchdog_reboot+0x44>
10001e42:	46c0      	nop			; (mov r8, r8)
10001e44:	4005b000 	.word	0x4005b000
10001e48:	b007c0d3 	.word	0xb007c0d3
10001e4c:	40058000 	.word	0x40058000
10001e50:	4ff83f2d 	.word	0x4ff83f2d
10001e54:	0001fffc 	.word	0x0001fffc
10001e58:	40012008 	.word	0x40012008
10001e5c:	4005a000 	.word	0x4005a000
10001e60:	00ffffff 	.word	0x00ffffff
10001e64:	200024f0 	.word	0x200024f0

10001e68 <xosc_init>:
10001e68:	23aa      	movs	r3, #170	; 0xaa
10001e6a:	4a06      	ldr	r2, [pc, #24]	; (10001e84 <xosc_init+0x1c>)
10001e6c:	011b      	lsls	r3, r3, #4
10001e6e:	6013      	str	r3, [r2, #0]
10001e70:	232f      	movs	r3, #47	; 0x2f
10001e72:	4905      	ldr	r1, [pc, #20]	; (10001e88 <xosc_init+0x20>)
10001e74:	60d3      	str	r3, [r2, #12]
10001e76:	4b05      	ldr	r3, [pc, #20]	; (10001e8c <xosc_init+0x24>)
10001e78:	6019      	str	r1, [r3, #0]
10001e7a:	6853      	ldr	r3, [r2, #4]
10001e7c:	2b00      	cmp	r3, #0
10001e7e:	dafc      	bge.n	10001e7a <xosc_init+0x12>
10001e80:	4770      	bx	lr
10001e82:	46c0      	nop			; (mov r8, r8)
10001e84:	40024000 	.word	0x40024000
10001e88:	00fab000 	.word	0x00fab000
10001e8c:	40026000 	.word	0x40026000

10001e90 <_out_null>:
10001e90:	4770      	bx	lr
10001e92:	46c0      	nop			; (mov r8, r8)

10001e94 <_out_rev>:
10001e94:	b5f8      	push	{r3, r4, r5, r6, r7, lr}
10001e96:	4657      	mov	r7, sl
10001e98:	464e      	mov	r6, r9
10001e9a:	4645      	mov	r5, r8
10001e9c:	46de      	mov	lr, fp
10001e9e:	b5e0      	push	{r5, r6, r7, lr}
10001ea0:	4699      	mov	r9, r3
10001ea2:	9b0a      	ldr	r3, [sp, #40]	; 0x28
10001ea4:	0007      	movs	r7, r0
10001ea6:	469a      	mov	sl, r3
10001ea8:	9b0d      	ldr	r3, [sp, #52]	; 0x34
10001eaa:	4688      	mov	r8, r1
10001eac:	4693      	mov	fp, r2
10001eae:	0015      	movs	r5, r2
10001eb0:	9e0b      	ldr	r6, [sp, #44]	; 0x2c
10001eb2:	079b      	lsls	r3, r3, #30
10001eb4:	d110      	bne.n	10001ed8 <_out_rev+0x44>
10001eb6:	9b0c      	ldr	r3, [sp, #48]	; 0x30
10001eb8:	429e      	cmp	r6, r3
10001eba:	d20d      	bcs.n	10001ed8 <_out_rev+0x44>
10001ebc:	1b9d      	subs	r5, r3, r6
10001ebe:	0014      	movs	r4, r2
10001ec0:	000e      	movs	r6, r1
10001ec2:	445d      	add	r5, fp
10001ec4:	0022      	movs	r2, r4
10001ec6:	464b      	mov	r3, r9
10001ec8:	3401      	adds	r4, #1
10001eca:	0031      	movs	r1, r6
10001ecc:	2020      	movs	r0, #32
10001ece:	47b8      	blx	r7
10001ed0:	42a5      	cmp	r5, r4
10001ed2:	d1f7      	bne.n	10001ec4 <_out_rev+0x30>
10001ed4:	46b0      	mov	r8, r6
10001ed6:	9e0b      	ldr	r6, [sp, #44]	; 0x2c
10001ed8:	2e00      	cmp	r6, #0
10001eda:	d027      	beq.n	10001f2c <_out_rev+0x98>
10001edc:	4644      	mov	r4, r8
10001ede:	1975      	adds	r5, r6, r5
10001ee0:	4653      	mov	r3, sl
10001ee2:	1baa      	subs	r2, r5, r6
10001ee4:	3e01      	subs	r6, #1
10001ee6:	5d98      	ldrb	r0, [r3, r6]
10001ee8:	0021      	movs	r1, r4
10001eea:	464b      	mov	r3, r9
10001eec:	47b8      	blx	r7
10001eee:	2e00      	cmp	r6, #0
10001ef0:	d1f6      	bne.n	10001ee0 <_out_rev+0x4c>
10001ef2:	0023      	movs	r3, r4
10001ef4:	002c      	movs	r4, r5
10001ef6:	4698      	mov	r8, r3
10001ef8:	9b0d      	ldr	r3, [sp, #52]	; 0x34
10001efa:	079b      	lsls	r3, r3, #30
10001efc:	d50f      	bpl.n	10001f1e <_out_rev+0x8a>
10001efe:	465b      	mov	r3, fp
10001f00:	1ae5      	subs	r5, r4, r3
10001f02:	9b0c      	ldr	r3, [sp, #48]	; 0x30
10001f04:	42ab      	cmp	r3, r5
10001f06:	d90a      	bls.n	10001f1e <_out_rev+0x8a>
10001f08:	4646      	mov	r6, r8
10001f0a:	4698      	mov	r8, r3
10001f0c:	0022      	movs	r2, r4
10001f0e:	464b      	mov	r3, r9
10001f10:	0031      	movs	r1, r6
10001f12:	2020      	movs	r0, #32
10001f14:	3501      	adds	r5, #1
10001f16:	47b8      	blx	r7
10001f18:	3401      	adds	r4, #1
10001f1a:	45a8      	cmp	r8, r5
10001f1c:	d8f6      	bhi.n	10001f0c <_out_rev+0x78>
10001f1e:	0020      	movs	r0, r4
10001f20:	bcf0      	pop	{r4, r5, r6, r7}
10001f22:	46bb      	mov	fp, r7
10001f24:	46b2      	mov	sl, r6
10001f26:	46a9      	mov	r9, r5
10001f28:	46a0      	mov	r8, r4
10001f2a:	bdf8      	pop	{r3, r4, r5, r6, r7, pc}
10001f2c:	002c      	movs	r4, r5
10001f2e:	e7e3      	b.n	10001ef8 <_out_rev+0x64>

10001f30 <_ntoa_format>:
10001f30:	b5f0      	push	{r4, r5, r6, r7, lr}
10001f32:	464f      	mov	r7, r9
10001f34:	4646      	mov	r6, r8
10001f36:	46d6      	mov	lr, sl
10001f38:	b5c0      	push	{r6, r7, lr}
10001f3a:	b084      	sub	sp, #16
10001f3c:	4698      	mov	r8, r3
10001f3e:	ab0e      	add	r3, sp, #56	; 0x38
10001f40:	781b      	ldrb	r3, [r3, #0]
10001f42:	9f12      	ldr	r7, [sp, #72]	; 0x48
10001f44:	4699      	mov	r9, r3
10001f46:	4694      	mov	ip, r2
10001f48:	9c0d      	ldr	r4, [sp, #52]	; 0x34
10001f4a:	9b10      	ldr	r3, [sp, #64]	; 0x40
10001f4c:	9e11      	ldr	r6, [sp, #68]	; 0x44
10001f4e:	07ba      	lsls	r2, r7, #30
10001f50:	d425      	bmi.n	10001f9e <_ntoa_format+0x6e>
10001f52:	2e00      	cmp	r6, #0
10001f54:	d14b      	bne.n	10001fee <_ntoa_format+0xbe>
10001f56:	429c      	cmp	r4, r3
10001f58:	d300      	bcc.n	10001f5c <_ntoa_format+0x2c>
10001f5a:	e0bf      	b.n	100020dc <_ntoa_format+0x1ac>
10001f5c:	2201      	movs	r2, #1
10001f5e:	403a      	ands	r2, r7
10001f60:	4692      	mov	sl, r2
10001f62:	2c1f      	cmp	r4, #31
10001f64:	d900      	bls.n	10001f68 <_ntoa_format+0x38>
10001f66:	e0b8      	b.n	100020da <_ntoa_format+0x1aa>
10001f68:	9a0c      	ldr	r2, [sp, #48]	; 0x30
10001f6a:	1e55      	subs	r5, r2, #1
10001f6c:	2230      	movs	r2, #48	; 0x30
10001f6e:	e001      	b.n	10001f74 <_ntoa_format+0x44>
10001f70:	2c20      	cmp	r4, #32
10001f72:	d003      	beq.n	10001f7c <_ntoa_format+0x4c>
10001f74:	3401      	adds	r4, #1
10001f76:	552a      	strb	r2, [r5, r4]
10001f78:	42a3      	cmp	r3, r4
10001f7a:	d8f9      	bhi.n	10001f70 <_ntoa_format+0x40>
10001f7c:	4652      	mov	r2, sl
10001f7e:	2a00      	cmp	r2, #0
10001f80:	d00d      	beq.n	10001f9e <_ntoa_format+0x6e>
10001f82:	42a6      	cmp	r6, r4
10001f84:	d90b      	bls.n	10001f9e <_ntoa_format+0x6e>
10001f86:	2c20      	cmp	r4, #32
10001f88:	d044      	beq.n	10002014 <_ntoa_format+0xe4>
10001f8a:	9a0c      	ldr	r2, [sp, #48]	; 0x30
10001f8c:	1e55      	subs	r5, r2, #1
10001f8e:	2230      	movs	r2, #48	; 0x30
10001f90:	e001      	b.n	10001f96 <_ntoa_format+0x66>
10001f92:	2c20      	cmp	r4, #32
10001f94:	d03e      	beq.n	10002014 <_ntoa_format+0xe4>
10001f96:	3401      	adds	r4, #1
10001f98:	552a      	strb	r2, [r5, r4]
10001f9a:	42b4      	cmp	r4, r6
10001f9c:	d1f9      	bne.n	10001f92 <_ntoa_format+0x62>
10001f9e:	06fa      	lsls	r2, r7, #27
10001fa0:	d54d      	bpl.n	1000203e <_ntoa_format+0x10e>
10001fa2:	057a      	lsls	r2, r7, #21
10001fa4:	d43f      	bmi.n	10002026 <_ntoa_format+0xf6>
10001fa6:	2c00      	cmp	r4, #0
10001fa8:	d139      	bne.n	1000201e <_ntoa_format+0xee>
10001faa:	9b0f      	ldr	r3, [sp, #60]	; 0x3c
10001fac:	2b10      	cmp	r3, #16
10001fae:	d100      	bne.n	10001fb2 <_ntoa_format+0x82>
10001fb0:	e079      	b.n	100020a6 <_ntoa_format+0x176>
10001fb2:	9b0f      	ldr	r3, [sp, #60]	; 0x3c
10001fb4:	2b02      	cmp	r3, #2
10001fb6:	d100      	bne.n	10001fba <_ntoa_format+0x8a>
10001fb8:	e08a      	b.n	100020d0 <_ntoa_format+0x1a0>
10001fba:	2330      	movs	r3, #48	; 0x30
10001fbc:	9a0c      	ldr	r2, [sp, #48]	; 0x30
10001fbe:	2401      	movs	r4, #1
10001fc0:	7013      	strb	r3, [r2, #0]
10001fc2:	464b      	mov	r3, r9
10001fc4:	2b00      	cmp	r3, #0
10001fc6:	d03f      	beq.n	10002048 <_ntoa_format+0x118>
10001fc8:	232d      	movs	r3, #45	; 0x2d
10001fca:	9a0c      	ldr	r2, [sp, #48]	; 0x30
10001fcc:	5513      	strb	r3, [r2, r4]
10001fce:	3401      	adds	r4, #1
10001fd0:	9b0c      	ldr	r3, [sp, #48]	; 0x30
10001fd2:	4662      	mov	r2, ip
10001fd4:	9300      	str	r3, [sp, #0]
10001fd6:	9703      	str	r7, [sp, #12]
10001fd8:	4643      	mov	r3, r8
10001fda:	9602      	str	r6, [sp, #8]
10001fdc:	9401      	str	r4, [sp, #4]
10001fde:	f7ff ff59 	bl	10001e94 <_out_rev>
10001fe2:	b004      	add	sp, #16
10001fe4:	bce0      	pop	{r5, r6, r7}
10001fe6:	46ba      	mov	sl, r7
10001fe8:	46b1      	mov	r9, r6
10001fea:	46a8      	mov	r8, r5
10001fec:	bdf0      	pop	{r4, r5, r6, r7, pc}
10001fee:	2201      	movs	r2, #1
10001ff0:	0015      	movs	r5, r2
10001ff2:	403d      	ands	r5, r7
10001ff4:	46aa      	mov	sl, r5
10001ff6:	423a      	tst	r2, r7
10001ff8:	d02f      	beq.n	1000205a <_ntoa_format+0x12a>
10001ffa:	464a      	mov	r2, r9
10001ffc:	2a00      	cmp	r2, #0
10001ffe:	d102      	bne.n	10002006 <_ntoa_format+0xd6>
10002000:	320c      	adds	r2, #12
10002002:	423a      	tst	r2, r7
10002004:	d000      	beq.n	10002008 <_ntoa_format+0xd8>
10002006:	3e01      	subs	r6, #1
10002008:	429c      	cmp	r4, r3
1000200a:	d2ba      	bcs.n	10001f82 <_ntoa_format+0x52>
1000200c:	2c1f      	cmp	r4, #31
1000200e:	d9ab      	bls.n	10001f68 <_ntoa_format+0x38>
10002010:	2e20      	cmp	r6, #32
10002012:	d927      	bls.n	10002064 <_ntoa_format+0x134>
10002014:	2420      	movs	r4, #32
10002016:	06fa      	lsls	r2, r7, #27
10002018:	d5da      	bpl.n	10001fd0 <_ntoa_format+0xa0>
1000201a:	057a      	lsls	r2, r7, #21
1000201c:	d403      	bmi.n	10002026 <_ntoa_format+0xf6>
1000201e:	42a3      	cmp	r3, r4
10002020:	d02d      	beq.n	1000207e <_ntoa_format+0x14e>
10002022:	42a6      	cmp	r6, r4
10002024:	d02b      	beq.n	1000207e <_ntoa_format+0x14e>
10002026:	9b0f      	ldr	r3, [sp, #60]	; 0x3c
10002028:	2b10      	cmp	r3, #16
1000202a:	d032      	beq.n	10002092 <_ntoa_format+0x162>
1000202c:	2b02      	cmp	r3, #2
1000202e:	d020      	beq.n	10002072 <_ntoa_format+0x142>
10002030:	2c20      	cmp	r4, #32
10002032:	d0cd      	beq.n	10001fd0 <_ntoa_format+0xa0>
10002034:	2230      	movs	r2, #48	; 0x30
10002036:	9b0c      	ldr	r3, [sp, #48]	; 0x30
10002038:	191b      	adds	r3, r3, r4
1000203a:	701a      	strb	r2, [r3, #0]
1000203c:	3401      	adds	r4, #1
1000203e:	2c20      	cmp	r4, #32
10002040:	d0c6      	beq.n	10001fd0 <_ntoa_format+0xa0>
10002042:	464b      	mov	r3, r9
10002044:	2b00      	cmp	r3, #0
10002046:	d1bf      	bne.n	10001fc8 <_ntoa_format+0x98>
10002048:	077b      	lsls	r3, r7, #29
1000204a:	d40d      	bmi.n	10002068 <_ntoa_format+0x138>
1000204c:	073b      	lsls	r3, r7, #28
1000204e:	d5bf      	bpl.n	10001fd0 <_ntoa_format+0xa0>
10002050:	2320      	movs	r3, #32
10002052:	9a0c      	ldr	r2, [sp, #48]	; 0x30
10002054:	5513      	strb	r3, [r2, r4]
10002056:	3401      	adds	r4, #1
10002058:	e7ba      	b.n	10001fd0 <_ntoa_format+0xa0>
1000205a:	429c      	cmp	r4, r3
1000205c:	d29f      	bcs.n	10001f9e <_ntoa_format+0x6e>
1000205e:	2c1f      	cmp	r4, #31
10002060:	d800      	bhi.n	10002064 <_ntoa_format+0x134>
10002062:	e781      	b.n	10001f68 <_ntoa_format+0x38>
10002064:	2420      	movs	r4, #32
10002066:	e79a      	b.n	10001f9e <_ntoa_format+0x6e>
10002068:	232b      	movs	r3, #43	; 0x2b
1000206a:	9a0c      	ldr	r2, [sp, #48]	; 0x30
1000206c:	5513      	strb	r3, [r2, r4]
1000206e:	3401      	adds	r4, #1
10002070:	e7ae      	b.n	10001fd0 <_ntoa_format+0xa0>
10002072:	2c20      	cmp	r4, #32
10002074:	d0ac      	beq.n	10001fd0 <_ntoa_format+0xa0>
10002076:	9b0c      	ldr	r3, [sp, #48]	; 0x30
10002078:	191b      	adds	r3, r3, r4
1000207a:	3401      	adds	r4, #1
1000207c:	e03a      	b.n	100020f4 <_ntoa_format+0x1c4>
1000207e:	1e63      	subs	r3, r4, #1
10002080:	2c01      	cmp	r4, #1
10002082:	d092      	beq.n	10001faa <_ntoa_format+0x7a>
10002084:	9a0f      	ldr	r2, [sp, #60]	; 0x3c
10002086:	2a10      	cmp	r2, #16
10002088:	d02a      	beq.n	100020e0 <_ntoa_format+0x1b0>
1000208a:	2a02      	cmp	r2, #2
1000208c:	d02f      	beq.n	100020ee <_ntoa_format+0x1be>
1000208e:	001c      	movs	r4, r3
10002090:	e7d0      	b.n	10002034 <_ntoa_format+0x104>
10002092:	06bb      	lsls	r3, r7, #26
10002094:	d40e      	bmi.n	100020b4 <_ntoa_format+0x184>
10002096:	2c20      	cmp	r4, #32
10002098:	d09a      	beq.n	10001fd0 <_ntoa_format+0xa0>
1000209a:	9b0c      	ldr	r3, [sp, #48]	; 0x30
1000209c:	191a      	adds	r2, r3, r4
1000209e:	3401      	adds	r4, #1
100020a0:	2378      	movs	r3, #120	; 0x78
100020a2:	7013      	strb	r3, [r2, #0]
100020a4:	e7c4      	b.n	10002030 <_ntoa_format+0x100>
100020a6:	06bb      	lsls	r3, r7, #26
100020a8:	d40d      	bmi.n	100020c6 <_ntoa_format+0x196>
100020aa:	2378      	movs	r3, #120	; 0x78
100020ac:	9a0c      	ldr	r2, [sp, #48]	; 0x30
100020ae:	2401      	movs	r4, #1
100020b0:	7013      	strb	r3, [r2, #0]
100020b2:	e7bf      	b.n	10002034 <_ntoa_format+0x104>
100020b4:	2c20      	cmp	r4, #32
100020b6:	d100      	bne.n	100020ba <_ntoa_format+0x18a>
100020b8:	e78a      	b.n	10001fd0 <_ntoa_format+0xa0>
100020ba:	2258      	movs	r2, #88	; 0x58
100020bc:	9b0c      	ldr	r3, [sp, #48]	; 0x30
100020be:	191b      	adds	r3, r3, r4
100020c0:	701a      	strb	r2, [r3, #0]
100020c2:	3401      	adds	r4, #1
100020c4:	e7b4      	b.n	10002030 <_ntoa_format+0x100>
100020c6:	2358      	movs	r3, #88	; 0x58
100020c8:	9a0c      	ldr	r2, [sp, #48]	; 0x30
100020ca:	2401      	movs	r4, #1
100020cc:	7013      	strb	r3, [r2, #0]
100020ce:	e7b1      	b.n	10002034 <_ntoa_format+0x104>
100020d0:	9a0c      	ldr	r2, [sp, #48]	; 0x30
100020d2:	3360      	adds	r3, #96	; 0x60
100020d4:	2401      	movs	r4, #1
100020d6:	7013      	strb	r3, [r2, #0]
100020d8:	e7ac      	b.n	10002034 <_ntoa_format+0x104>
100020da:	2420      	movs	r4, #32
100020dc:	2600      	movs	r6, #0
100020de:	e75e      	b.n	10001f9e <_ntoa_format+0x6e>
100020e0:	3c02      	subs	r4, #2
100020e2:	06ba      	lsls	r2, r7, #26
100020e4:	d4e9      	bmi.n	100020ba <_ntoa_format+0x18a>
100020e6:	9a0c      	ldr	r2, [sp, #48]	; 0x30
100020e8:	1912      	adds	r2, r2, r4
100020ea:	001c      	movs	r4, r3
100020ec:	e7d8      	b.n	100020a0 <_ntoa_format+0x170>
100020ee:	9a0c      	ldr	r2, [sp, #48]	; 0x30
100020f0:	4692      	mov	sl, r2
100020f2:	4453      	add	r3, sl
100020f4:	2262      	movs	r2, #98	; 0x62
100020f6:	701a      	strb	r2, [r3, #0]
100020f8:	e79a      	b.n	10002030 <_ntoa_format+0x100>
100020fa:	46c0      	nop			; (mov r8, r8)

100020fc <_out_char>:
100020fc:	b510      	push	{r4, lr}
100020fe:	2800      	cmp	r0, #0
10002100:	d100      	bne.n	10002104 <_out_char+0x8>
10002102:	bd10      	pop	{r4, pc}
10002104:	f001 fefc 	bl	10003f00 <__wrap_putchar>
10002108:	e7fb      	b.n	10002102 <_out_char+0x6>
1000210a:	46c0      	nop			; (mov r8, r8)

1000210c <_out_fct>:
1000210c:	000b      	movs	r3, r1
1000210e:	b510      	push	{r4, lr}
10002110:	2800      	cmp	r0, #0
10002112:	d002      	beq.n	1000211a <_out_fct+0xe>
10002114:	6849      	ldr	r1, [r1, #4]
10002116:	681b      	ldr	r3, [r3, #0]
10002118:	4798      	blx	r3
1000211a:	bd10      	pop	{r4, pc}

1000211c <_etoa>:
1000211c:	b5f0      	push	{r4, r5, r6, r7, lr}
1000211e:	46de      	mov	lr, fp
10002120:	4657      	mov	r7, sl
10002122:	464e      	mov	r6, r9
10002124:	4645      	mov	r5, r8
10002126:	b5e0      	push	{r5, r6, r7, lr}
10002128:	b09b      	sub	sp, #108	; 0x6c
1000212a:	469b      	mov	fp, r3
1000212c:	9b24      	ldr	r3, [sp, #144]	; 0x90
1000212e:	4689      	mov	r9, r1
10002130:	4698      	mov	r8, r3
10002132:	9b25      	ldr	r3, [sp, #148]	; 0x94
10002134:	900b      	str	r0, [sp, #44]	; 0x2c
10002136:	920c      	str	r2, [sp, #48]	; 0x30
10002138:	4640      	mov	r0, r8
1000213a:	4642      	mov	r2, r8
1000213c:	0019      	movs	r1, r3
1000213e:	469a      	mov	sl, r3
10002140:	f001 fcab 	bl	10003a9a <__wrap___aeabi_dcmpun>
10002144:	2800      	cmp	r0, #0
10002146:	d000      	beq.n	1000214a <_etoa+0x2e>
10002148:	e0d8      	b.n	100022fc <_etoa+0x1e0>
1000214a:	2201      	movs	r2, #1
1000214c:	4640      	mov	r0, r8
1000214e:	4651      	mov	r1, sl
10002150:	4b77      	ldr	r3, [pc, #476]	; (10002330 <_etoa+0x214>)
10002152:	4252      	negs	r2, r2
10002154:	f001 fc9c 	bl	10003a90 <__wrap___aeabi_dcmpgt>
10002158:	2800      	cmp	r0, #0
1000215a:	d000      	beq.n	1000215e <_etoa+0x42>
1000215c:	e0ce      	b.n	100022fc <_etoa+0x1e0>
1000215e:	2201      	movs	r2, #1
10002160:	4640      	mov	r0, r8
10002162:	4651      	mov	r1, sl
10002164:	4b73      	ldr	r3, [pc, #460]	; (10002334 <_etoa+0x218>)
10002166:	4252      	negs	r2, r2
10002168:	f001 fc7c 	bl	10003a64 <__wrap___aeabi_dcmplt>
1000216c:	2800      	cmp	r0, #0
1000216e:	d000      	beq.n	10002172 <_etoa+0x56>
10002170:	e0c4      	b.n	100022fc <_etoa+0x1e0>
10002172:	2200      	movs	r2, #0
10002174:	2300      	movs	r3, #0
10002176:	4640      	mov	r0, r8
10002178:	4651      	mov	r1, sl
1000217a:	f001 fc73 	bl	10003a64 <__wrap___aeabi_dcmplt>
1000217e:	2800      	cmp	r0, #0
10002180:	d000      	beq.n	10002184 <_etoa+0x68>
10002182:	e1b9      	b.n	100024f8 <_etoa+0x3dc>
10002184:	4642      	mov	r2, r8
10002186:	4653      	mov	r3, sl
10002188:	920a      	str	r2, [sp, #40]	; 0x28
1000218a:	9309      	str	r3, [sp, #36]	; 0x24
1000218c:	2380      	movs	r3, #128	; 0x80
1000218e:	9a28      	ldr	r2, [sp, #160]	; 0xa0
10002190:	00db      	lsls	r3, r3, #3
10002192:	401a      	ands	r2, r3
10002194:	920e      	str	r2, [sp, #56]	; 0x38
10002196:	9a28      	ldr	r2, [sp, #160]	; 0xa0
10002198:	421a      	tst	r2, r3
1000219a:	d101      	bne.n	100021a0 <_etoa+0x84>
1000219c:	2306      	movs	r3, #6
1000219e:	9326      	str	r3, [sp, #152]	; 0x98
100021a0:	9a0a      	ldr	r2, [sp, #40]	; 0x28
100021a2:	9b09      	ldr	r3, [sp, #36]	; 0x24
100021a4:	0016      	movs	r6, r2
100021a6:	4313      	orrs	r3, r2
100021a8:	d000      	beq.n	100021ac <_etoa+0x90>
100021aa:	e0c7      	b.n	1000233c <_etoa+0x220>
100021ac:	9b28      	ldr	r3, [sp, #160]	; 0xa0
100021ae:	2500      	movs	r5, #0
100021b0:	2600      	movs	r6, #0
100021b2:	051b      	lsls	r3, r3, #20
100021b4:	d400      	bmi.n	100021b8 <_etoa+0x9c>
100021b6:	e19b      	b.n	100024f0 <_etoa+0x3d4>
100021b8:	2300      	movs	r3, #0
100021ba:	930d      	str	r3, [sp, #52]	; 0x34
100021bc:	9a26      	ldr	r2, [sp, #152]	; 0x98
100021be:	9b0d      	ldr	r3, [sp, #52]	; 0x34
100021c0:	429a      	cmp	r2, r3
100021c2:	dc00      	bgt.n	100021c6 <_etoa+0xaa>
100021c4:	e19f      	b.n	10002506 <_etoa+0x3ea>
100021c6:	1ad0      	subs	r0, r2, r3
100021c8:	1e43      	subs	r3, r0, #1
100021ca:	9326      	str	r3, [sp, #152]	; 0x98
100021cc:	2380      	movs	r3, #128	; 0x80
100021ce:	9a28      	ldr	r2, [sp, #160]	; 0xa0
100021d0:	00db      	lsls	r3, r3, #3
100021d2:	431a      	orrs	r2, r3
100021d4:	2300      	movs	r3, #0
100021d6:	2700      	movs	r7, #0
100021d8:	9228      	str	r2, [sp, #160]	; 0xa0
100021da:	930d      	str	r3, [sp, #52]	; 0x34
100021dc:	9b27      	ldr	r3, [sp, #156]	; 0x9c
100021de:	2400      	movs	r4, #0
100021e0:	42bb      	cmp	r3, r7
100021e2:	d900      	bls.n	100021e6 <_etoa+0xca>
100021e4:	1bdc      	subs	r4, r3, r7
100021e6:	2302      	movs	r3, #2
100021e8:	9a28      	ldr	r2, [sp, #160]	; 0xa0
100021ea:	401a      	ands	r2, r3
100021ec:	920e      	str	r2, [sp, #56]	; 0x38
100021ee:	9a28      	ldr	r2, [sp, #160]	; 0xa0
100021f0:	4213      	tst	r3, r2
100021f2:	d003      	beq.n	100021fc <_etoa+0xe0>
100021f4:	427b      	negs	r3, r7
100021f6:	417b      	adcs	r3, r7
100021f8:	425b      	negs	r3, r3
100021fa:	401c      	ands	r4, r3
100021fc:	9b0d      	ldr	r3, [sp, #52]	; 0x34
100021fe:	2b00      	cmp	r3, #0
10002200:	d007      	beq.n	10002212 <_etoa+0xf6>
10002202:	980a      	ldr	r0, [sp, #40]	; 0x28
10002204:	9909      	ldr	r1, [sp, #36]	; 0x24
10002206:	002a      	movs	r2, r5
10002208:	0033      	movs	r3, r6
1000220a:	f001 fbd2 	bl	100039b2 <__wrap___aeabi_ddiv>
1000220e:	900a      	str	r0, [sp, #40]	; 0x28
10002210:	9109      	str	r1, [sp, #36]	; 0x24
10002212:	2200      	movs	r2, #0
10002214:	2300      	movs	r3, #0
10002216:	4640      	mov	r0, r8
10002218:	4651      	mov	r1, sl
1000221a:	f001 fc23 	bl	10003a64 <__wrap___aeabi_dcmplt>
1000221e:	2800      	cmp	r0, #0
10002220:	d005      	beq.n	1000222e <_etoa+0x112>
10002222:	2080      	movs	r0, #128	; 0x80
10002224:	0600      	lsls	r0, r0, #24
10002226:	4684      	mov	ip, r0
10002228:	9909      	ldr	r1, [sp, #36]	; 0x24
1000222a:	4461      	add	r1, ip
1000222c:	9109      	str	r1, [sp, #36]	; 0x24
1000222e:	9a28      	ldr	r2, [sp, #160]	; 0xa0
10002230:	4b41      	ldr	r3, [pc, #260]	; (10002338 <_etoa+0x21c>)
10002232:	9d0b      	ldr	r5, [sp, #44]	; 0x2c
10002234:	4013      	ands	r3, r2
10002236:	9304      	str	r3, [sp, #16]
10002238:	9b26      	ldr	r3, [sp, #152]	; 0x98
1000223a:	9a0a      	ldr	r2, [sp, #40]	; 0x28
1000223c:	9302      	str	r3, [sp, #8]
1000223e:	9b09      	ldr	r3, [sp, #36]	; 0x24
10002240:	9403      	str	r4, [sp, #12]
10002242:	9200      	str	r2, [sp, #0]
10002244:	9301      	str	r3, [sp, #4]
10002246:	4649      	mov	r1, r9
10002248:	465b      	mov	r3, fp
1000224a:	0028      	movs	r0, r5
1000224c:	9a0c      	ldr	r2, [sp, #48]	; 0x30
1000224e:	f000 f98b 	bl	10002568 <_ftoa>
10002252:	0004      	movs	r4, r0
10002254:	2f00      	cmp	r7, #0
10002256:	d062      	beq.n	1000231e <_etoa+0x202>
10002258:	9b28      	ldr	r3, [sp, #160]	; 0xa0
1000225a:	0022      	movs	r2, r4
1000225c:	0698      	lsls	r0, r3, #26
1000225e:	231f      	movs	r3, #31
10002260:	17c0      	asrs	r0, r0, #31
10002262:	4398      	bics	r0, r3
10002264:	1c63      	adds	r3, r4, #1
10002266:	4698      	mov	r8, r3
10002268:	4649      	mov	r1, r9
1000226a:	465b      	mov	r3, fp
1000226c:	3065      	adds	r0, #101	; 0x65
1000226e:	47a8      	blx	r5
10002270:	9b0d      	ldr	r3, [sp, #52]	; 0x34
10002272:	2500      	movs	r5, #0
10002274:	17da      	asrs	r2, r3, #31
10002276:	189c      	adds	r4, r3, r2
10002278:	0fdb      	lsrs	r3, r3, #31
1000227a:	469a      	mov	sl, r3
1000227c:	4054      	eors	r4, r2
1000227e:	3f01      	subs	r7, #1
10002280:	e001      	b.n	10002286 <_etoa+0x16a>
10002282:	2d20      	cmp	r5, #32
10002284:	d013      	beq.n	100022ae <_etoa+0x192>
10002286:	aa0a      	add	r2, sp, #40	; 0x28
10002288:	4694      	mov	ip, r2
1000228a:	231f      	movs	r3, #31
1000228c:	0020      	movs	r0, r4
1000228e:	4463      	add	r3, ip
10002290:	210a      	movs	r1, #10
10002292:	3501      	adds	r5, #1
10002294:	195e      	adds	r6, r3, r5
10002296:	f001 f93f 	bl	10003518 <__wrap___aeabi_uidiv>
1000229a:	3130      	adds	r1, #48	; 0x30
1000229c:	7031      	strb	r1, [r6, #0]
1000229e:	0020      	movs	r0, r4
100022a0:	210a      	movs	r1, #10
100022a2:	f001 f939 	bl	10003518 <__wrap___aeabi_uidiv>
100022a6:	0026      	movs	r6, r4
100022a8:	0004      	movs	r4, r0
100022aa:	2e09      	cmp	r6, #9
100022ac:	d8e9      	bhi.n	10002282 <_etoa+0x166>
100022ae:	2305      	movs	r3, #5
100022b0:	9306      	str	r3, [sp, #24]
100022b2:	2300      	movs	r3, #0
100022b4:	9304      	str	r3, [sp, #16]
100022b6:	330a      	adds	r3, #10
100022b8:	9303      	str	r3, [sp, #12]
100022ba:	4653      	mov	r3, sl
100022bc:	9705      	str	r7, [sp, #20]
100022be:	9f0b      	ldr	r7, [sp, #44]	; 0x2c
100022c0:	9302      	str	r3, [sp, #8]
100022c2:	ab12      	add	r3, sp, #72	; 0x48
100022c4:	9300      	str	r3, [sp, #0]
100022c6:	4642      	mov	r2, r8
100022c8:	465b      	mov	r3, fp
100022ca:	4649      	mov	r1, r9
100022cc:	0038      	movs	r0, r7
100022ce:	9501      	str	r5, [sp, #4]
100022d0:	f7ff fe2e 	bl	10001f30 <_ntoa_format>
100022d4:	9b0e      	ldr	r3, [sp, #56]	; 0x38
100022d6:	0004      	movs	r4, r0
100022d8:	2b00      	cmp	r3, #0
100022da:	d020      	beq.n	1000231e <_etoa+0x202>
100022dc:	9b0c      	ldr	r3, [sp, #48]	; 0x30
100022de:	1ac5      	subs	r5, r0, r3
100022e0:	9b27      	ldr	r3, [sp, #156]	; 0x9c
100022e2:	42ab      	cmp	r3, r5
100022e4:	d91b      	bls.n	1000231e <_etoa+0x202>
100022e6:	001e      	movs	r6, r3
100022e8:	0022      	movs	r2, r4
100022ea:	465b      	mov	r3, fp
100022ec:	4649      	mov	r1, r9
100022ee:	2020      	movs	r0, #32
100022f0:	3501      	adds	r5, #1
100022f2:	47b8      	blx	r7
100022f4:	3401      	adds	r4, #1
100022f6:	42ae      	cmp	r6, r5
100022f8:	d8f6      	bhi.n	100022e8 <_etoa+0x1cc>
100022fa:	e010      	b.n	1000231e <_etoa+0x202>
100022fc:	9b28      	ldr	r3, [sp, #160]	; 0xa0
100022fe:	4642      	mov	r2, r8
10002300:	9304      	str	r3, [sp, #16]
10002302:	9b27      	ldr	r3, [sp, #156]	; 0x9c
10002304:	4649      	mov	r1, r9
10002306:	9303      	str	r3, [sp, #12]
10002308:	9b26      	ldr	r3, [sp, #152]	; 0x98
1000230a:	980b      	ldr	r0, [sp, #44]	; 0x2c
1000230c:	9302      	str	r3, [sp, #8]
1000230e:	4653      	mov	r3, sl
10002310:	9200      	str	r2, [sp, #0]
10002312:	9301      	str	r3, [sp, #4]
10002314:	465b      	mov	r3, fp
10002316:	9a0c      	ldr	r2, [sp, #48]	; 0x30
10002318:	f000 f926 	bl	10002568 <_ftoa>
1000231c:	0004      	movs	r4, r0
1000231e:	0020      	movs	r0, r4
10002320:	b01b      	add	sp, #108	; 0x6c
10002322:	bcf0      	pop	{r4, r5, r6, r7}
10002324:	46bb      	mov	fp, r7
10002326:	46b2      	mov	sl, r6
10002328:	46a9      	mov	r9, r5
1000232a:	46a0      	mov	r8, r4
1000232c:	bdf0      	pop	{r4, r5, r6, r7, pc}
1000232e:	46c0      	nop			; (mov r8, r8)
10002330:	7fefffff 	.word	0x7fefffff
10002334:	ffefffff 	.word	0xffefffff
10002338:	fffff7ff 	.word	0xfffff7ff
1000233c:	4b73      	ldr	r3, [pc, #460]	; (1000250c <_etoa+0x3f0>)
1000233e:	9f09      	ldr	r7, [sp, #36]	; 0x24
10002340:	469c      	mov	ip, r3
10002342:	0078      	lsls	r0, r7, #1
10002344:	0d40      	lsrs	r0, r0, #21
10002346:	4460      	add	r0, ip
10002348:	f001 fbba 	bl	10003ac0 <__wrap___aeabi_i2d>
1000234c:	4a70      	ldr	r2, [pc, #448]	; (10002510 <_etoa+0x3f4>)
1000234e:	4b71      	ldr	r3, [pc, #452]	; (10002514 <_etoa+0x3f8>)
10002350:	f001 fb49 	bl	100039e6 <__wrap___aeabi_dmul>
10002354:	4a70      	ldr	r2, [pc, #448]	; (10002518 <_etoa+0x3fc>)
10002356:	4b71      	ldr	r3, [pc, #452]	; (1000251c <_etoa+0x400>)
10002358:	f001 fb26 	bl	100039a8 <__wrap___aeabi_dadd>
1000235c:	033b      	lsls	r3, r7, #12
1000235e:	4a70      	ldr	r2, [pc, #448]	; (10002520 <_etoa+0x404>)
10002360:	0b1b      	lsrs	r3, r3, #12
10002362:	431a      	orrs	r2, r3
10002364:	0004      	movs	r4, r0
10002366:	000d      	movs	r5, r1
10002368:	0030      	movs	r0, r6
1000236a:	0011      	movs	r1, r2
1000236c:	4b6d      	ldr	r3, [pc, #436]	; (10002524 <_etoa+0x408>)
1000236e:	2200      	movs	r2, #0
10002370:	f001 fb15 	bl	1000399e <__wrap___aeabi_dsub>
10002374:	4a6c      	ldr	r2, [pc, #432]	; (10002528 <_etoa+0x40c>)
10002376:	4b6d      	ldr	r3, [pc, #436]	; (1000252c <_etoa+0x410>)
10002378:	f001 fb35 	bl	100039e6 <__wrap___aeabi_dmul>
1000237c:	0002      	movs	r2, r0
1000237e:	000b      	movs	r3, r1
10002380:	0020      	movs	r0, r4
10002382:	0029      	movs	r1, r5
10002384:	f001 fb10 	bl	100039a8 <__wrap___aeabi_dadd>
10002388:	f001 fbb2 	bl	10003af0 <__wrap___aeabi_d2iz>
1000238c:	900d      	str	r0, [sp, #52]	; 0x34
1000238e:	f001 fb97 	bl	10003ac0 <__wrap___aeabi_i2d>
10002392:	4a67      	ldr	r2, [pc, #412]	; (10002530 <_etoa+0x414>)
10002394:	4b67      	ldr	r3, [pc, #412]	; (10002534 <_etoa+0x418>)
10002396:	0004      	movs	r4, r0
10002398:	000d      	movs	r5, r1
1000239a:	f001 fb24 	bl	100039e6 <__wrap___aeabi_dmul>
1000239e:	2200      	movs	r2, #0
100023a0:	4b65      	ldr	r3, [pc, #404]	; (10002538 <_etoa+0x41c>)
100023a2:	f001 fb01 	bl	100039a8 <__wrap___aeabi_dadd>
100023a6:	f001 fba3 	bl	10003af0 <__wrap___aeabi_d2iz>
100023aa:	4a64      	ldr	r2, [pc, #400]	; (1000253c <_etoa+0x420>)
100023ac:	0006      	movs	r6, r0
100023ae:	4b64      	ldr	r3, [pc, #400]	; (10002540 <_etoa+0x424>)
100023b0:	0020      	movs	r0, r4
100023b2:	0029      	movs	r1, r5
100023b4:	f001 fb17 	bl	100039e6 <__wrap___aeabi_dmul>
100023b8:	0004      	movs	r4, r0
100023ba:	0030      	movs	r0, r6
100023bc:	000d      	movs	r5, r1
100023be:	960f      	str	r6, [sp, #60]	; 0x3c
100023c0:	f001 fb7e 	bl	10003ac0 <__wrap___aeabi_i2d>
100023c4:	4a5f      	ldr	r2, [pc, #380]	; (10002544 <_etoa+0x428>)
100023c6:	4b60      	ldr	r3, [pc, #384]	; (10002548 <_etoa+0x42c>)
100023c8:	f001 fb0d 	bl	100039e6 <__wrap___aeabi_dmul>
100023cc:	0002      	movs	r2, r0
100023ce:	000b      	movs	r3, r1
100023d0:	0020      	movs	r0, r4
100023d2:	0029      	movs	r1, r5
100023d4:	f001 fae3 	bl	1000399e <__wrap___aeabi_dsub>
100023d8:	0002      	movs	r2, r0
100023da:	000b      	movs	r3, r1
100023dc:	0006      	movs	r6, r0
100023de:	000f      	movs	r7, r1
100023e0:	f001 fb01 	bl	100039e6 <__wrap___aeabi_dmul>
100023e4:	0032      	movs	r2, r6
100023e6:	0004      	movs	r4, r0
100023e8:	000d      	movs	r5, r1
100023ea:	003b      	movs	r3, r7
100023ec:	0030      	movs	r0, r6
100023ee:	0039      	movs	r1, r7
100023f0:	f001 fada 	bl	100039a8 <__wrap___aeabi_dadd>
100023f4:	2200      	movs	r2, #0
100023f6:	9010      	str	r0, [sp, #64]	; 0x40
100023f8:	9111      	str	r1, [sp, #68]	; 0x44
100023fa:	4b54      	ldr	r3, [pc, #336]	; (1000254c <_etoa+0x430>)
100023fc:	0020      	movs	r0, r4
100023fe:	0029      	movs	r1, r5
10002400:	f001 fad7 	bl	100039b2 <__wrap___aeabi_ddiv>
10002404:	2200      	movs	r2, #0
10002406:	4b52      	ldr	r3, [pc, #328]	; (10002550 <_etoa+0x434>)
10002408:	f001 face 	bl	100039a8 <__wrap___aeabi_dadd>
1000240c:	0002      	movs	r2, r0
1000240e:	000b      	movs	r3, r1
10002410:	0020      	movs	r0, r4
10002412:	0029      	movs	r1, r5
10002414:	f001 facd 	bl	100039b2 <__wrap___aeabi_ddiv>
10002418:	2200      	movs	r2, #0
1000241a:	4b4e      	ldr	r3, [pc, #312]	; (10002554 <_etoa+0x438>)
1000241c:	f001 fac4 	bl	100039a8 <__wrap___aeabi_dadd>
10002420:	0002      	movs	r2, r0
10002422:	000b      	movs	r3, r1
10002424:	0020      	movs	r0, r4
10002426:	0029      	movs	r1, r5
10002428:	f001 fac3 	bl	100039b2 <__wrap___aeabi_ddiv>
1000242c:	000d      	movs	r5, r1
1000242e:	2180      	movs	r1, #128	; 0x80
10002430:	0004      	movs	r4, r0
10002432:	0032      	movs	r2, r6
10002434:	003b      	movs	r3, r7
10002436:	2000      	movs	r0, #0
10002438:	05c9      	lsls	r1, r1, #23
1000243a:	f001 fab0 	bl	1000399e <__wrap___aeabi_dsub>
1000243e:	0002      	movs	r2, r0
10002440:	000b      	movs	r3, r1
10002442:	0020      	movs	r0, r4
10002444:	0029      	movs	r1, r5
10002446:	f001 faaf 	bl	100039a8 <__wrap___aeabi_dadd>
1000244a:	0002      	movs	r2, r0
1000244c:	000b      	movs	r3, r1
1000244e:	9810      	ldr	r0, [sp, #64]	; 0x40
10002450:	9911      	ldr	r1, [sp, #68]	; 0x44
10002452:	f001 faae 	bl	100039b2 <__wrap___aeabi_ddiv>
10002456:	2200      	movs	r2, #0
10002458:	4b31      	ldr	r3, [pc, #196]	; (10002520 <_etoa+0x404>)
1000245a:	f001 faa5 	bl	100039a8 <__wrap___aeabi_dadd>
1000245e:	4b3e      	ldr	r3, [pc, #248]	; (10002558 <_etoa+0x43c>)
10002460:	9c0f      	ldr	r4, [sp, #60]	; 0x3c
10002462:	469c      	mov	ip, r3
10002464:	4464      	add	r4, ip
10002466:	2200      	movs	r2, #0
10002468:	0523      	lsls	r3, r4, #20
1000246a:	f001 fabc 	bl	100039e6 <__wrap___aeabi_dmul>
1000246e:	0005      	movs	r5, r0
10002470:	000e      	movs	r6, r1
10002472:	0002      	movs	r2, r0
10002474:	000b      	movs	r3, r1
10002476:	980a      	ldr	r0, [sp, #40]	; 0x28
10002478:	9909      	ldr	r1, [sp, #36]	; 0x24
1000247a:	f001 faf3 	bl	10003a64 <__wrap___aeabi_dcmplt>
1000247e:	2800      	cmp	r0, #0
10002480:	d00a      	beq.n	10002498 <_etoa+0x37c>
10002482:	9b0d      	ldr	r3, [sp, #52]	; 0x34
10002484:	0028      	movs	r0, r5
10002486:	3b01      	subs	r3, #1
10002488:	0031      	movs	r1, r6
1000248a:	930d      	str	r3, [sp, #52]	; 0x34
1000248c:	2200      	movs	r2, #0
1000248e:	4b30      	ldr	r3, [pc, #192]	; (10002550 <_etoa+0x434>)
10002490:	f001 fa8f 	bl	100039b2 <__wrap___aeabi_ddiv>
10002494:	0005      	movs	r5, r0
10002496:	000e      	movs	r6, r1
10002498:	27c6      	movs	r7, #198	; 0xc6
1000249a:	990d      	ldr	r1, [sp, #52]	; 0x34
1000249c:	002b      	movs	r3, r5
1000249e:	3163      	adds	r1, #99	; 0x63
100024a0:	428f      	cmp	r7, r1
100024a2:	41bf      	sbcs	r7, r7
100024a4:	9928      	ldr	r1, [sp, #160]	; 0xa0
100024a6:	427f      	negs	r7, r7
100024a8:	3704      	adds	r7, #4
100024aa:	0509      	lsls	r1, r1, #20
100024ac:	d400      	bmi.n	100024b0 <_etoa+0x394>
100024ae:	e695      	b.n	100021dc <_etoa+0xc0>
100024b0:	4333      	orrs	r3, r6
100024b2:	d100      	bne.n	100024b6 <_etoa+0x39a>
100024b4:	e682      	b.n	100021bc <_etoa+0xa0>
100024b6:	9c09      	ldr	r4, [sp, #36]	; 0x24
100024b8:	4a28      	ldr	r2, [pc, #160]	; (1000255c <_etoa+0x440>)
100024ba:	0021      	movs	r1, r4
100024bc:	4b28      	ldr	r3, [pc, #160]	; (10002560 <_etoa+0x444>)
100024be:	980a      	ldr	r0, [sp, #40]	; 0x28
100024c0:	f001 fade 	bl	10003a80 <__wrap___aeabi_dcmpge>
100024c4:	2800      	cmp	r0, #0
100024c6:	d008      	beq.n	100024da <_etoa+0x3be>
100024c8:	2200      	movs	r2, #0
100024ca:	0021      	movs	r1, r4
100024cc:	4b25      	ldr	r3, [pc, #148]	; (10002564 <_etoa+0x448>)
100024ce:	980a      	ldr	r0, [sp, #40]	; 0x28
100024d0:	f001 fac8 	bl	10003a64 <__wrap___aeabi_dcmplt>
100024d4:	2800      	cmp	r0, #0
100024d6:	d000      	beq.n	100024da <_etoa+0x3be>
100024d8:	e670      	b.n	100021bc <_etoa+0xa0>
100024da:	9b26      	ldr	r3, [sp, #152]	; 0x98
100024dc:	2b00      	cmp	r3, #0
100024de:	d100      	bne.n	100024e2 <_etoa+0x3c6>
100024e0:	e67c      	b.n	100021dc <_etoa+0xc0>
100024e2:	9b0e      	ldr	r3, [sp, #56]	; 0x38
100024e4:	1e5a      	subs	r2, r3, #1
100024e6:	4193      	sbcs	r3, r2
100024e8:	9a26      	ldr	r2, [sp, #152]	; 0x98
100024ea:	1ad3      	subs	r3, r2, r3
100024ec:	9326      	str	r3, [sp, #152]	; 0x98
100024ee:	e675      	b.n	100021dc <_etoa+0xc0>
100024f0:	2300      	movs	r3, #0
100024f2:	2704      	movs	r7, #4
100024f4:	930d      	str	r3, [sp, #52]	; 0x34
100024f6:	e671      	b.n	100021dc <_etoa+0xc0>
100024f8:	4643      	mov	r3, r8
100024fa:	930a      	str	r3, [sp, #40]	; 0x28
100024fc:	2380      	movs	r3, #128	; 0x80
100024fe:	061b      	lsls	r3, r3, #24
10002500:	4453      	add	r3, sl
10002502:	9309      	str	r3, [sp, #36]	; 0x24
10002504:	e642      	b.n	1000218c <_etoa+0x70>
10002506:	2300      	movs	r3, #0
10002508:	9326      	str	r3, [sp, #152]	; 0x98
1000250a:	e65f      	b.n	100021cc <_etoa+0xb0>
1000250c:	fffffc01 	.word	0xfffffc01
10002510:	509f79fb 	.word	0x509f79fb
10002514:	3fd34413 	.word	0x3fd34413
10002518:	8b60c8b3 	.word	0x8b60c8b3
1000251c:	3fc68a28 	.word	0x3fc68a28
10002520:	3ff00000 	.word	0x3ff00000
10002524:	3ff80000 	.word	0x3ff80000
10002528:	636f4361 	.word	0x636f4361
1000252c:	3fd287a7 	.word	0x3fd287a7
10002530:	0979a371 	.word	0x0979a371
10002534:	400a934f 	.word	0x400a934f
10002538:	3fe00000 	.word	0x3fe00000
1000253c:	bbb55516 	.word	0xbbb55516
10002540:	40026bb1 	.word	0x40026bb1
10002544:	fefa39ef 	.word	0xfefa39ef
10002548:	3fe62e42 	.word	0x3fe62e42
1000254c:	402c0000 	.word	0x402c0000
10002550:	40240000 	.word	0x40240000
10002554:	40180000 	.word	0x40180000
10002558:	000003ff 	.word	0x000003ff
1000255c:	eb1c432d 	.word	0xeb1c432d
10002560:	3f1a36e2 	.word	0x3f1a36e2
10002564:	412e8480 	.word	0x412e8480

10002568 <_ftoa>:
10002568:	b5f0      	push	{r4, r5, r6, r7, lr}
1000256a:	464e      	mov	r6, r9
1000256c:	46de      	mov	lr, fp
1000256e:	4657      	mov	r7, sl
10002570:	4645      	mov	r5, r8
10002572:	b5e0      	push	{r5, r6, r7, lr}
10002574:	b097      	sub	sp, #92	; 0x5c
10002576:	4699      	mov	r9, r3
10002578:	9e20      	ldr	r6, [sp, #128]	; 0x80
1000257a:	9f21      	ldr	r7, [sp, #132]	; 0x84
1000257c:	9b22      	ldr	r3, [sp, #136]	; 0x88
1000257e:	4683      	mov	fp, r0
10002580:	4698      	mov	r8, r3
10002582:	9107      	str	r1, [sp, #28]
10002584:	920c      	str	r2, [sp, #48]	; 0x30
10002586:	003b      	movs	r3, r7
10002588:	0032      	movs	r2, r6
1000258a:	0030      	movs	r0, r6
1000258c:	0039      	movs	r1, r7
1000258e:	f001 fa84 	bl	10003a9a <__wrap___aeabi_dcmpun>
10002592:	2800      	cmp	r0, #0
10002594:	d000      	beq.n	10002598 <_ftoa+0x30>
10002596:	e1a9      	b.n	100028ec <_ftoa+0x384>
10002598:	2201      	movs	r2, #1
1000259a:	0030      	movs	r0, r6
1000259c:	0039      	movs	r1, r7
1000259e:	4bca      	ldr	r3, [pc, #808]	; (100028c8 <_ftoa+0x360>)
100025a0:	4252      	negs	r2, r2
100025a2:	f001 fa5f 	bl	10003a64 <__wrap___aeabi_dcmplt>
100025a6:	2800      	cmp	r0, #0
100025a8:	d000      	beq.n	100025ac <_ftoa+0x44>
100025aa:	e0e1      	b.n	10002770 <_ftoa+0x208>
100025ac:	2201      	movs	r2, #1
100025ae:	0030      	movs	r0, r6
100025b0:	0039      	movs	r1, r7
100025b2:	4bc6      	ldr	r3, [pc, #792]	; (100028cc <_ftoa+0x364>)
100025b4:	4252      	negs	r2, r2
100025b6:	f001 fa6b 	bl	10003a90 <__wrap___aeabi_dcmpgt>
100025ba:	2800      	cmp	r0, #0
100025bc:	d000      	beq.n	100025c0 <_ftoa+0x58>
100025be:	e0b7      	b.n	10002730 <_ftoa+0x1c8>
100025c0:	2200      	movs	r2, #0
100025c2:	0030      	movs	r0, r6
100025c4:	0039      	movs	r1, r7
100025c6:	4bc2      	ldr	r3, [pc, #776]	; (100028d0 <_ftoa+0x368>)
100025c8:	f001 fa62 	bl	10003a90 <__wrap___aeabi_dcmpgt>
100025cc:	2800      	cmp	r0, #0
100025ce:	d000      	beq.n	100025d2 <_ftoa+0x6a>
100025d0:	e099      	b.n	10002706 <_ftoa+0x19e>
100025d2:	2200      	movs	r2, #0
100025d4:	0030      	movs	r0, r6
100025d6:	0039      	movs	r1, r7
100025d8:	4bbe      	ldr	r3, [pc, #760]	; (100028d4 <_ftoa+0x36c>)
100025da:	f001 fa43 	bl	10003a64 <__wrap___aeabi_dcmplt>
100025de:	2800      	cmp	r0, #0
100025e0:	d000      	beq.n	100025e4 <_ftoa+0x7c>
100025e2:	e090      	b.n	10002706 <_ftoa+0x19e>
100025e4:	2200      	movs	r2, #0
100025e6:	2300      	movs	r3, #0
100025e8:	0030      	movs	r0, r6
100025ea:	0039      	movs	r1, r7
100025ec:	f001 fa3a 	bl	10003a64 <__wrap___aeabi_dcmplt>
100025f0:	2800      	cmp	r0, #0
100025f2:	d000      	beq.n	100025f6 <_ftoa+0x8e>
100025f4:	e0b1      	b.n	1000275a <_ftoa+0x1f2>
100025f6:	2300      	movs	r3, #0
100025f8:	930d      	str	r3, [sp, #52]	; 0x34
100025fa:	9b24      	ldr	r3, [sp, #144]	; 0x90
100025fc:	055b      	lsls	r3, r3, #21
100025fe:	d401      	bmi.n	10002604 <_ftoa+0x9c>
10002600:	2306      	movs	r3, #6
10002602:	4698      	mov	r8, r3
10002604:	ab08      	add	r3, sp, #32
10002606:	469c      	mov	ip, r3
10002608:	2217      	movs	r2, #23
1000260a:	2400      	movs	r4, #0
1000260c:	2330      	movs	r3, #48	; 0x30
1000260e:	4641      	mov	r1, r8
10002610:	4462      	add	r2, ip
10002612:	e004      	b.n	1000261e <_ftoa+0xb6>
10002614:	3401      	adds	r4, #1
10002616:	5513      	strb	r3, [r2, r4]
10002618:	3901      	subs	r1, #1
1000261a:	2c20      	cmp	r4, #32
1000261c:	d001      	beq.n	10002622 <_ftoa+0xba>
1000261e:	2909      	cmp	r1, #9
10002620:	d8f8      	bhi.n	10002614 <_ftoa+0xac>
10002622:	4688      	mov	r8, r1
10002624:	0030      	movs	r0, r6
10002626:	0039      	movs	r1, r7
10002628:	f001 fa62 	bl	10003af0 <__wrap___aeabi_d2iz>
1000262c:	4643      	mov	r3, r8
1000262e:	00da      	lsls	r2, r3, #3
10002630:	4ba9      	ldr	r3, [pc, #676]	; (100028d8 <_ftoa+0x370>)
10002632:	0005      	movs	r5, r0
10002634:	189b      	adds	r3, r3, r2
10002636:	681a      	ldr	r2, [r3, #0]
10002638:	685b      	ldr	r3, [r3, #4]
1000263a:	9208      	str	r2, [sp, #32]
1000263c:	9309      	str	r3, [sp, #36]	; 0x24
1000263e:	f001 fa3f 	bl	10003ac0 <__wrap___aeabi_i2d>
10002642:	0002      	movs	r2, r0
10002644:	000b      	movs	r3, r1
10002646:	0030      	movs	r0, r6
10002648:	0039      	movs	r1, r7
1000264a:	f001 f9a8 	bl	1000399e <__wrap___aeabi_dsub>
1000264e:	9a08      	ldr	r2, [sp, #32]
10002650:	9b09      	ldr	r3, [sp, #36]	; 0x24
10002652:	f001 f9c8 	bl	100039e6 <__wrap___aeabi_dmul>
10002656:	900a      	str	r0, [sp, #40]	; 0x28
10002658:	910b      	str	r1, [sp, #44]	; 0x2c
1000265a:	f001 fa6d 	bl	10003b38 <__wrap___aeabi_d2uiz>
1000265e:	4682      	mov	sl, r0
10002660:	f001 fa2a 	bl	10003ab8 <__wrap___aeabi_ui2d>
10002664:	0002      	movs	r2, r0
10002666:	000b      	movs	r3, r1
10002668:	980a      	ldr	r0, [sp, #40]	; 0x28
1000266a:	990b      	ldr	r1, [sp, #44]	; 0x2c
1000266c:	f001 f997 	bl	1000399e <__wrap___aeabi_dsub>
10002670:	2200      	movs	r2, #0
10002672:	4b9a      	ldr	r3, [pc, #616]	; (100028dc <_ftoa+0x374>)
10002674:	900a      	str	r0, [sp, #40]	; 0x28
10002676:	910b      	str	r1, [sp, #44]	; 0x2c
10002678:	f001 fa0a 	bl	10003a90 <__wrap___aeabi_dcmpgt>
1000267c:	2800      	cmp	r0, #0
1000267e:	d100      	bne.n	10002682 <_ftoa+0x11a>
10002680:	e0c0      	b.n	10002804 <_ftoa+0x29c>
10002682:	2301      	movs	r3, #1
10002684:	469c      	mov	ip, r3
10002686:	44e2      	add	sl, ip
10002688:	4650      	mov	r0, sl
1000268a:	f001 fa15 	bl	10003ab8 <__wrap___aeabi_ui2d>
1000268e:	0002      	movs	r2, r0
10002690:	000b      	movs	r3, r1
10002692:	9808      	ldr	r0, [sp, #32]
10002694:	9909      	ldr	r1, [sp, #36]	; 0x24
10002696:	f001 f9eb 	bl	10003a70 <__wrap___aeabi_dcmple>
1000269a:	2800      	cmp	r0, #0
1000269c:	d002      	beq.n	100026a4 <_ftoa+0x13c>
1000269e:	2300      	movs	r3, #0
100026a0:	469a      	mov	sl, r3
100026a2:	3501      	adds	r5, #1
100026a4:	4643      	mov	r3, r8
100026a6:	2b00      	cmp	r3, #0
100026a8:	d06a      	beq.n	10002780 <_ftoa+0x218>
100026aa:	ab08      	add	r3, sp, #32
100026ac:	2617      	movs	r6, #23
100026ae:	469c      	mov	ip, r3
100026b0:	9508      	str	r5, [sp, #32]
100026b2:	4466      	add	r6, ip
100026b4:	4655      	mov	r5, sl
100026b6:	e014      	b.n	100026e2 <_ftoa+0x17a>
100026b8:	2301      	movs	r3, #1
100026ba:	425b      	negs	r3, r3
100026bc:	4443      	add	r3, r8
100026be:	210a      	movs	r1, #10
100026c0:	0028      	movs	r0, r5
100026c2:	469a      	mov	sl, r3
100026c4:	f000 ff28 	bl	10003518 <__wrap___aeabi_uidiv>
100026c8:	3401      	adds	r4, #1
100026ca:	3130      	adds	r1, #48	; 0x30
100026cc:	1937      	adds	r7, r6, r4
100026ce:	7039      	strb	r1, [r7, #0]
100026d0:	0028      	movs	r0, r5
100026d2:	210a      	movs	r1, #10
100026d4:	f000 ff20 	bl	10003518 <__wrap___aeabi_uidiv>
100026d8:	2d09      	cmp	r5, #9
100026da:	d800      	bhi.n	100026de <_ftoa+0x176>
100026dc:	e0d0      	b.n	10002880 <_ftoa+0x318>
100026de:	46d0      	mov	r8, sl
100026e0:	0005      	movs	r5, r0
100026e2:	2c20      	cmp	r4, #32
100026e4:	d1e8      	bne.n	100026b8 <_ftoa+0x150>
100026e6:	ab0e      	add	r3, sp, #56	; 0x38
100026e8:	4698      	mov	r8, r3
100026ea:	2303      	movs	r3, #3
100026ec:	9a24      	ldr	r2, [sp, #144]	; 0x90
100026ee:	4013      	ands	r3, r2
100026f0:	2b01      	cmp	r3, #1
100026f2:	d100      	bne.n	100026f6 <_ftoa+0x18e>
100026f4:	e096      	b.n	10002824 <_ftoa+0x2bc>
100026f6:	2320      	movs	r3, #32
100026f8:	9a24      	ldr	r2, [sp, #144]	; 0x90
100026fa:	9301      	str	r3, [sp, #4]
100026fc:	9203      	str	r2, [sp, #12]
100026fe:	9a23      	ldr	r2, [sp, #140]	; 0x8c
10002700:	4643      	mov	r3, r8
10002702:	9202      	str	r2, [sp, #8]
10002704:	e01e      	b.n	10002744 <_ftoa+0x1dc>
10002706:	9b24      	ldr	r3, [sp, #144]	; 0x90
10002708:	4658      	mov	r0, fp
1000270a:	9304      	str	r3, [sp, #16]
1000270c:	9b23      	ldr	r3, [sp, #140]	; 0x8c
1000270e:	9600      	str	r6, [sp, #0]
10002710:	9701      	str	r7, [sp, #4]
10002712:	9303      	str	r3, [sp, #12]
10002714:	4643      	mov	r3, r8
10002716:	9a0c      	ldr	r2, [sp, #48]	; 0x30
10002718:	9302      	str	r3, [sp, #8]
1000271a:	9907      	ldr	r1, [sp, #28]
1000271c:	464b      	mov	r3, r9
1000271e:	f7ff fcfd 	bl	1000211c <_etoa>
10002722:	b017      	add	sp, #92	; 0x5c
10002724:	bcf0      	pop	{r4, r5, r6, r7}
10002726:	46bb      	mov	fp, r7
10002728:	46b2      	mov	sl, r6
1000272a:	46a9      	mov	r9, r5
1000272c:	46a0      	mov	r8, r4
1000272e:	bdf0      	pop	{r4, r5, r6, r7, pc}
10002730:	9b24      	ldr	r3, [sp, #144]	; 0x90
10002732:	075b      	lsls	r3, r3, #29
10002734:	d40e      	bmi.n	10002754 <_ftoa+0x1ec>
10002736:	2203      	movs	r2, #3
10002738:	4b69      	ldr	r3, [pc, #420]	; (100028e0 <_ftoa+0x378>)
1000273a:	9924      	ldr	r1, [sp, #144]	; 0x90
1000273c:	9201      	str	r2, [sp, #4]
1000273e:	9103      	str	r1, [sp, #12]
10002740:	9923      	ldr	r1, [sp, #140]	; 0x8c
10002742:	9102      	str	r1, [sp, #8]
10002744:	9300      	str	r3, [sp, #0]
10002746:	4658      	mov	r0, fp
10002748:	464b      	mov	r3, r9
1000274a:	9a0c      	ldr	r2, [sp, #48]	; 0x30
1000274c:	9907      	ldr	r1, [sp, #28]
1000274e:	f7ff fba1 	bl	10001e94 <_out_rev>
10002752:	e7e6      	b.n	10002722 <_ftoa+0x1ba>
10002754:	2204      	movs	r2, #4
10002756:	4b63      	ldr	r3, [pc, #396]	; (100028e4 <_ftoa+0x37c>)
10002758:	e7ef      	b.n	1000273a <_ftoa+0x1d2>
1000275a:	003b      	movs	r3, r7
1000275c:	0032      	movs	r2, r6
1000275e:	2000      	movs	r0, #0
10002760:	2100      	movs	r1, #0
10002762:	f001 f91c 	bl	1000399e <__wrap___aeabi_dsub>
10002766:	2301      	movs	r3, #1
10002768:	0006      	movs	r6, r0
1000276a:	000f      	movs	r7, r1
1000276c:	930d      	str	r3, [sp, #52]	; 0x34
1000276e:	e744      	b.n	100025fa <_ftoa+0x92>
10002770:	9b24      	ldr	r3, [sp, #144]	; 0x90
10002772:	9303      	str	r3, [sp, #12]
10002774:	9b23      	ldr	r3, [sp, #140]	; 0x8c
10002776:	9302      	str	r3, [sp, #8]
10002778:	2304      	movs	r3, #4
1000277a:	9301      	str	r3, [sp, #4]
1000277c:	4b5a      	ldr	r3, [pc, #360]	; (100028e8 <_ftoa+0x380>)
1000277e:	e7e1      	b.n	10002744 <_ftoa+0x1dc>
10002780:	0028      	movs	r0, r5
10002782:	f001 f99d 	bl	10003ac0 <__wrap___aeabi_i2d>
10002786:	0002      	movs	r2, r0
10002788:	000b      	movs	r3, r1
1000278a:	0030      	movs	r0, r6
1000278c:	0039      	movs	r1, r7
1000278e:	f001 f906 	bl	1000399e <__wrap___aeabi_dsub>
10002792:	4b52      	ldr	r3, [pc, #328]	; (100028dc <_ftoa+0x374>)
10002794:	2200      	movs	r2, #0
10002796:	0006      	movs	r6, r0
10002798:	000f      	movs	r7, r1
1000279a:	f001 f963 	bl	10003a64 <__wrap___aeabi_dcmplt>
1000279e:	ab0e      	add	r3, sp, #56	; 0x38
100027a0:	4698      	mov	r8, r3
100027a2:	2800      	cmp	r0, #0
100027a4:	d10a      	bne.n	100027bc <_ftoa+0x254>
100027a6:	2200      	movs	r2, #0
100027a8:	0030      	movs	r0, r6
100027aa:	0039      	movs	r1, r7
100027ac:	4b4b      	ldr	r3, [pc, #300]	; (100028dc <_ftoa+0x374>)
100027ae:	f001 f96f 	bl	10003a90 <__wrap___aeabi_dcmpgt>
100027b2:	2800      	cmp	r0, #0
100027b4:	d102      	bne.n	100027bc <_ftoa+0x254>
100027b6:	07eb      	lsls	r3, r5, #31
100027b8:	d500      	bpl.n	100027bc <_ftoa+0x254>
100027ba:	3501      	adds	r5, #1
100027bc:	2c20      	cmp	r4, #32
100027be:	d094      	beq.n	100026ea <_ftoa+0x182>
100027c0:	aa08      	add	r2, sp, #32
100027c2:	4694      	mov	ip, r2
100027c4:	2317      	movs	r3, #23
100027c6:	0028      	movs	r0, r5
100027c8:	4463      	add	r3, ip
100027ca:	210a      	movs	r1, #10
100027cc:	3401      	adds	r4, #1
100027ce:	191e      	adds	r6, r3, r4
100027d0:	f000 fe7a 	bl	100034c8 <__wrap___aeabi_idiv>
100027d4:	3130      	adds	r1, #48	; 0x30
100027d6:	0028      	movs	r0, r5
100027d8:	7031      	strb	r1, [r6, #0]
100027da:	210a      	movs	r1, #10
100027dc:	f000 fe74 	bl	100034c8 <__wrap___aeabi_idiv>
100027e0:	1e05      	subs	r5, r0, #0
100027e2:	d1eb      	bne.n	100027bc <_ftoa+0x254>
100027e4:	2303      	movs	r3, #3
100027e6:	9a24      	ldr	r2, [sp, #144]	; 0x90
100027e8:	4013      	ands	r3, r2
100027ea:	2b01      	cmp	r3, #1
100027ec:	d01b      	beq.n	10002826 <_ftoa+0x2be>
100027ee:	2c20      	cmp	r4, #32
100027f0:	d100      	bne.n	100027f4 <_ftoa+0x28c>
100027f2:	e780      	b.n	100026f6 <_ftoa+0x18e>
100027f4:	9b0d      	ldr	r3, [sp, #52]	; 0x34
100027f6:	2b00      	cmp	r3, #0
100027f8:	d035      	beq.n	10002866 <_ftoa+0x2fe>
100027fa:	222d      	movs	r2, #45	; 0x2d
100027fc:	4641      	mov	r1, r8
100027fe:	1c63      	adds	r3, r4, #1
10002800:	550a      	strb	r2, [r1, r4]
10002802:	e779      	b.n	100026f8 <_ftoa+0x190>
10002804:	2200      	movs	r2, #0
10002806:	980a      	ldr	r0, [sp, #40]	; 0x28
10002808:	990b      	ldr	r1, [sp, #44]	; 0x2c
1000280a:	4b34      	ldr	r3, [pc, #208]	; (100028dc <_ftoa+0x374>)
1000280c:	f001 f92a 	bl	10003a64 <__wrap___aeabi_dcmplt>
10002810:	2800      	cmp	r0, #0
10002812:	d000      	beq.n	10002816 <_ftoa+0x2ae>
10002814:	e746      	b.n	100026a4 <_ftoa+0x13c>
10002816:	4653      	mov	r3, sl
10002818:	2b00      	cmp	r3, #0
1000281a:	d151      	bne.n	100028c0 <_ftoa+0x358>
1000281c:	2301      	movs	r3, #1
1000281e:	469c      	mov	ip, r3
10002820:	44e2      	add	sl, ip
10002822:	e73f      	b.n	100026a4 <_ftoa+0x13c>
10002824:	2420      	movs	r4, #32
10002826:	9b23      	ldr	r3, [sp, #140]	; 0x8c
10002828:	2b00      	cmp	r3, #0
1000282a:	d0e0      	beq.n	100027ee <_ftoa+0x286>
1000282c:	9b0d      	ldr	r3, [sp, #52]	; 0x34
1000282e:	2b00      	cmp	r3, #0
10002830:	d103      	bne.n	1000283a <_ftoa+0x2d2>
10002832:	9a24      	ldr	r2, [sp, #144]	; 0x90
10002834:	330c      	adds	r3, #12
10002836:	4213      	tst	r3, r2
10002838:	d002      	beq.n	10002840 <_ftoa+0x2d8>
1000283a:	9b23      	ldr	r3, [sp, #140]	; 0x8c
1000283c:	3b01      	subs	r3, #1
1000283e:	9323      	str	r3, [sp, #140]	; 0x8c
10002840:	9b23      	ldr	r3, [sp, #140]	; 0x8c
10002842:	42a3      	cmp	r3, r4
10002844:	d9d3      	bls.n	100027ee <_ftoa+0x286>
10002846:	ab08      	add	r3, sp, #32
10002848:	469c      	mov	ip, r3
1000284a:	2217      	movs	r2, #23
1000284c:	2330      	movs	r3, #48	; 0x30
1000284e:	4462      	add	r2, ip
10002850:	2c20      	cmp	r4, #32
10002852:	d100      	bne.n	10002856 <_ftoa+0x2ee>
10002854:	e74f      	b.n	100026f6 <_ftoa+0x18e>
10002856:	9923      	ldr	r1, [sp, #140]	; 0x8c
10002858:	3401      	adds	r4, #1
1000285a:	5513      	strb	r3, [r2, r4]
1000285c:	428c      	cmp	r4, r1
1000285e:	d0c6      	beq.n	100027ee <_ftoa+0x286>
10002860:	2c20      	cmp	r4, #32
10002862:	d1f8      	bne.n	10002856 <_ftoa+0x2ee>
10002864:	e747      	b.n	100026f6 <_ftoa+0x18e>
10002866:	9b24      	ldr	r3, [sp, #144]	; 0x90
10002868:	075b      	lsls	r3, r3, #29
1000286a:	d424      	bmi.n	100028b6 <_ftoa+0x34e>
1000286c:	9a24      	ldr	r2, [sp, #144]	; 0x90
1000286e:	0023      	movs	r3, r4
10002870:	0712      	lsls	r2, r2, #28
10002872:	d400      	bmi.n	10002876 <_ftoa+0x30e>
10002874:	e740      	b.n	100026f8 <_ftoa+0x190>
10002876:	2220      	movs	r2, #32
10002878:	4641      	mov	r1, r8
1000287a:	3301      	adds	r3, #1
1000287c:	550a      	strb	r2, [r1, r4]
1000287e:	e73b      	b.n	100026f8 <_ftoa+0x190>
10002880:	4657      	mov	r7, sl
10002882:	9d08      	ldr	r5, [sp, #32]
10002884:	2c20      	cmp	r4, #32
10002886:	d100      	bne.n	1000288a <_ftoa+0x322>
10002888:	e72d      	b.n	100026e6 <_ftoa+0x17e>
1000288a:	0022      	movs	r2, r4
1000288c:	2130      	movs	r1, #48	; 0x30
1000288e:	4640      	mov	r0, r8
10002890:	2f00      	cmp	r7, #0
10002892:	d009      	beq.n	100028a8 <_ftoa+0x340>
10002894:	3201      	adds	r2, #1
10002896:	54b1      	strb	r1, [r6, r2]
10002898:	2a20      	cmp	r2, #32
1000289a:	d100      	bne.n	1000289e <_ftoa+0x336>
1000289c:	e723      	b.n	100026e6 <_ftoa+0x17e>
1000289e:	43d3      	mvns	r3, r2
100028a0:	191b      	adds	r3, r3, r4
100028a2:	181b      	adds	r3, r3, r0
100028a4:	2b00      	cmp	r3, #0
100028a6:	d1f5      	bne.n	10002894 <_ftoa+0x32c>
100028a8:	ab0e      	add	r3, sp, #56	; 0x38
100028aa:	4698      	mov	r8, r3
100028ac:	232e      	movs	r3, #46	; 0x2e
100028ae:	4641      	mov	r1, r8
100028b0:	1c54      	adds	r4, r2, #1
100028b2:	548b      	strb	r3, [r1, r2]
100028b4:	e782      	b.n	100027bc <_ftoa+0x254>
100028b6:	222b      	movs	r2, #43	; 0x2b
100028b8:	4641      	mov	r1, r8
100028ba:	1c63      	adds	r3, r4, #1
100028bc:	550a      	strb	r2, [r1, r4]
100028be:	e71b      	b.n	100026f8 <_ftoa+0x190>
100028c0:	07db      	lsls	r3, r3, #31
100028c2:	d400      	bmi.n	100028c6 <_ftoa+0x35e>
100028c4:	e6ee      	b.n	100026a4 <_ftoa+0x13c>
100028c6:	e7a9      	b.n	1000281c <_ftoa+0x2b4>
100028c8:	ffefffff 	.word	0xffefffff
100028cc:	7fefffff 	.word	0x7fefffff
100028d0:	41cdcd65 	.word	0x41cdcd65
100028d4:	c1cdcd65 	.word	0xc1cdcd65
100028d8:	10007820 	.word	0x10007820
100028dc:	3fe00000 	.word	0x3fe00000
100028e0:	10007624 	.word	0x10007624
100028e4:	10007628 	.word	0x10007628
100028e8:	10007634 	.word	0x10007634
100028ec:	9b24      	ldr	r3, [sp, #144]	; 0x90
100028ee:	9303      	str	r3, [sp, #12]
100028f0:	9b23      	ldr	r3, [sp, #140]	; 0x8c
100028f2:	9302      	str	r3, [sp, #8]
100028f4:	2303      	movs	r3, #3
100028f6:	9301      	str	r3, [sp, #4]
100028f8:	4b00      	ldr	r3, [pc, #0]	; (100028fc <_ftoa+0x394>)
100028fa:	e723      	b.n	10002744 <_ftoa+0x1dc>
100028fc:	10007630 	.word	0x10007630

10002900 <_vsnprintf>:
10002900:	b5f0      	push	{r4, r5, r6, r7, lr}
10002902:	46de      	mov	lr, fp
10002904:	464e      	mov	r6, r9
10002906:	4657      	mov	r7, sl
10002908:	4645      	mov	r5, r8
1000290a:	b5e0      	push	{r5, r6, r7, lr}
1000290c:	b09f      	sub	sp, #124	; 0x7c
1000290e:	001c      	movs	r4, r3
10002910:	9b28      	ldr	r3, [sp, #160]	; 0xa0
10002912:	4691      	mov	r9, r2
10002914:	9309      	str	r3, [sp, #36]	; 0x24
10002916:	4ac9      	ldr	r2, [pc, #804]	; (10002c3c <_vsnprintf+0x33c>)
10002918:	4bc9      	ldr	r3, [pc, #804]	; (10002c40 <_vsnprintf+0x340>)
1000291a:	468b      	mov	fp, r1
1000291c:	9008      	str	r0, [sp, #32]
1000291e:	601a      	str	r2, [r3, #0]
10002920:	2900      	cmp	r1, #0
10002922:	d100      	bne.n	10002926 <_vsnprintf+0x26>
10002924:	e218      	b.n	10002d58 <_vsnprintf+0x458>
10002926:	2300      	movs	r3, #0
10002928:	7820      	ldrb	r0, [r4, #0]
1000292a:	469a      	mov	sl, r3
1000292c:	2800      	cmp	r0, #0
1000292e:	d100      	bne.n	10002932 <_vsnprintf+0x32>
10002930:	e21a      	b.n	10002d68 <_vsnprintf+0x468>
10002932:	0026      	movs	r6, r4
10002934:	001d      	movs	r5, r3
10002936:	465c      	mov	r4, fp
10002938:	e00a      	b.n	10002950 <_vsnprintf+0x50>
1000293a:	002a      	movs	r2, r5
1000293c:	1c6f      	adds	r7, r5, #1
1000293e:	464b      	mov	r3, r9
10002940:	9d08      	ldr	r5, [sp, #32]
10002942:	0021      	movs	r1, r4
10002944:	47a8      	blx	r5
10002946:	003d      	movs	r5, r7
10002948:	3601      	adds	r6, #1
1000294a:	7830      	ldrb	r0, [r6, #0]
1000294c:	2800      	cmp	r0, #0
1000294e:	d070      	beq.n	10002a32 <_vsnprintf+0x132>
10002950:	2825      	cmp	r0, #37	; 0x25
10002952:	d1f2      	bne.n	1000293a <_vsnprintf+0x3a>
10002954:	2310      	movs	r3, #16
10002956:	469b      	mov	fp, r3
10002958:	3b08      	subs	r3, #8
1000295a:	469a      	mov	sl, r3
1000295c:	3b04      	subs	r3, #4
1000295e:	4698      	mov	r8, r3
10002960:	3b02      	subs	r3, #2
10002962:	2100      	movs	r1, #0
10002964:	469c      	mov	ip, r3
10002966:	1c72      	adds	r2, r6, #1
10002968:	7810      	ldrb	r0, [r2, #0]
1000296a:	0016      	movs	r6, r2
1000296c:	0003      	movs	r3, r0
1000296e:	3b20      	subs	r3, #32
10002970:	b2db      	uxtb	r3, r3
10002972:	2b10      	cmp	r3, #16
10002974:	d803      	bhi.n	1000297e <_vsnprintf+0x7e>
10002976:	4fb3      	ldr	r7, [pc, #716]	; (10002c44 <_vsnprintf+0x344>)
10002978:	009b      	lsls	r3, r3, #2
1000297a:	58fb      	ldr	r3, [r7, r3]
1000297c:	469f      	mov	pc, r3
1000297e:	0003      	movs	r3, r0
10002980:	3b30      	subs	r3, #48	; 0x30
10002982:	2b09      	cmp	r3, #9
10002984:	d932      	bls.n	100029ec <_vsnprintf+0xec>
10002986:	2300      	movs	r3, #0
10002988:	930a      	str	r3, [sp, #40]	; 0x28
1000298a:	282a      	cmp	r0, #42	; 0x2a
1000298c:	d068      	beq.n	10002a60 <_vsnprintf+0x160>
1000298e:	2300      	movs	r3, #0
10002990:	4698      	mov	r8, r3
10002992:	282e      	cmp	r0, #46	; 0x2e
10002994:	d03e      	beq.n	10002a14 <_vsnprintf+0x114>
10002996:	0003      	movs	r3, r0
10002998:	3b68      	subs	r3, #104	; 0x68
1000299a:	b2db      	uxtb	r3, r3
1000299c:	2b12      	cmp	r3, #18
1000299e:	d81c      	bhi.n	100029da <_vsnprintf+0xda>
100029a0:	4aa9      	ldr	r2, [pc, #676]	; (10002c48 <_vsnprintf+0x348>)
100029a2:	009b      	lsls	r3, r3, #2
100029a4:	58d3      	ldr	r3, [r2, r3]
100029a6:	469f      	mov	pc, r3
100029a8:	2301      	movs	r3, #1
100029aa:	3201      	adds	r2, #1
100029ac:	4319      	orrs	r1, r3
100029ae:	e7db      	b.n	10002968 <_vsnprintf+0x68>
100029b0:	4663      	mov	r3, ip
100029b2:	3201      	adds	r2, #1
100029b4:	4319      	orrs	r1, r3
100029b6:	e7d7      	b.n	10002968 <_vsnprintf+0x68>
100029b8:	4643      	mov	r3, r8
100029ba:	3201      	adds	r2, #1
100029bc:	4319      	orrs	r1, r3
100029be:	e7d3      	b.n	10002968 <_vsnprintf+0x68>
100029c0:	465b      	mov	r3, fp
100029c2:	3201      	adds	r2, #1
100029c4:	4319      	orrs	r1, r3
100029c6:	e7cf      	b.n	10002968 <_vsnprintf+0x68>
100029c8:	4653      	mov	r3, sl
100029ca:	3201      	adds	r2, #1
100029cc:	4319      	orrs	r1, r3
100029ce:	e7cb      	b.n	10002968 <_vsnprintf+0x68>
100029d0:	2380      	movs	r3, #128	; 0x80
100029d2:	005b      	lsls	r3, r3, #1
100029d4:	7870      	ldrb	r0, [r6, #1]
100029d6:	4319      	orrs	r1, r3
100029d8:	3601      	adds	r6, #1
100029da:	0003      	movs	r3, r0
100029dc:	3b25      	subs	r3, #37	; 0x25
100029de:	b2db      	uxtb	r3, r3
100029e0:	2b53      	cmp	r3, #83	; 0x53
100029e2:	d8aa      	bhi.n	1000293a <_vsnprintf+0x3a>
100029e4:	4a99      	ldr	r2, [pc, #612]	; (10002c4c <_vsnprintf+0x34c>)
100029e6:	009b      	lsls	r3, r3, #2
100029e8:	58d3      	ldr	r3, [r2, r3]
100029ea:	469f      	mov	pc, r3
100029ec:	2700      	movs	r7, #0
100029ee:	0003      	movs	r3, r0
100029f0:	00b8      	lsls	r0, r7, #2
100029f2:	19c0      	adds	r0, r0, r7
100029f4:	3601      	adds	r6, #1
100029f6:	0040      	lsls	r0, r0, #1
100029f8:	18c0      	adds	r0, r0, r3
100029fa:	7833      	ldrb	r3, [r6, #0]
100029fc:	3830      	subs	r0, #48	; 0x30
100029fe:	001a      	movs	r2, r3
10002a00:	3a30      	subs	r2, #48	; 0x30
10002a02:	0007      	movs	r7, r0
10002a04:	2a09      	cmp	r2, #9
10002a06:	d9f3      	bls.n	100029f0 <_vsnprintf+0xf0>
10002a08:	900a      	str	r0, [sp, #40]	; 0x28
10002a0a:	0018      	movs	r0, r3
10002a0c:	2300      	movs	r3, #0
10002a0e:	4698      	mov	r8, r3
10002a10:	282e      	cmp	r0, #46	; 0x2e
10002a12:	d1c0      	bne.n	10002996 <_vsnprintf+0x96>
10002a14:	2380      	movs	r3, #128	; 0x80
10002a16:	7870      	ldrb	r0, [r6, #1]
10002a18:	00db      	lsls	r3, r3, #3
10002a1a:	4319      	orrs	r1, r3
10002a1c:	0003      	movs	r3, r0
10002a1e:	3b30      	subs	r3, #48	; 0x30
10002a20:	1c72      	adds	r2, r6, #1
10002a22:	2b09      	cmp	r3, #9
10002a24:	d800      	bhi.n	10002a28 <_vsnprintf+0x128>
10002a26:	e1a1      	b.n	10002d6c <_vsnprintf+0x46c>
10002a28:	282a      	cmp	r0, #42	; 0x2a
10002a2a:	d100      	bne.n	10002a2e <_vsnprintf+0x12e>
10002a2c:	e1b2      	b.n	10002d94 <_vsnprintf+0x494>
10002a2e:	0016      	movs	r6, r2
10002a30:	e7b1      	b.n	10002996 <_vsnprintf+0x96>
10002a32:	46a3      	mov	fp, r4
10002a34:	46aa      	mov	sl, r5
10002a36:	002c      	movs	r4, r5
10002a38:	45d1      	cmp	r9, sl
10002a3a:	d803      	bhi.n	10002a44 <_vsnprintf+0x144>
10002a3c:	2301      	movs	r3, #1
10002a3e:	425b      	negs	r3, r3
10002a40:	444b      	add	r3, r9
10002a42:	469a      	mov	sl, r3
10002a44:	464b      	mov	r3, r9
10002a46:	4652      	mov	r2, sl
10002a48:	4659      	mov	r1, fp
10002a4a:	2000      	movs	r0, #0
10002a4c:	9d08      	ldr	r5, [sp, #32]
10002a4e:	47a8      	blx	r5
10002a50:	0020      	movs	r0, r4
10002a52:	b01f      	add	sp, #124	; 0x7c
10002a54:	bcf0      	pop	{r4, r5, r6, r7}
10002a56:	46bb      	mov	fp, r7
10002a58:	46b2      	mov	sl, r6
10002a5a:	46a9      	mov	r9, r5
10002a5c:	46a0      	mov	r8, r4
10002a5e:	bdf0      	pop	{r4, r5, r6, r7, pc}
10002a60:	9b09      	ldr	r3, [sp, #36]	; 0x24
10002a62:	cb40      	ldmia	r3!, {r6}
10002a64:	960a      	str	r6, [sp, #40]	; 0x28
10002a66:	2e00      	cmp	r6, #0
10002a68:	db03      	blt.n	10002a72 <_vsnprintf+0x172>
10002a6a:	7850      	ldrb	r0, [r2, #1]
10002a6c:	9309      	str	r3, [sp, #36]	; 0x24
10002a6e:	1c56      	adds	r6, r2, #1
10002a70:	e78d      	b.n	1000298e <_vsnprintf+0x8e>
10002a72:	3828      	subs	r0, #40	; 0x28
10002a74:	4301      	orrs	r1, r0
10002a76:	4270      	negs	r0, r6
10002a78:	900a      	str	r0, [sp, #40]	; 0x28
10002a7a:	9309      	str	r3, [sp, #36]	; 0x24
10002a7c:	7850      	ldrb	r0, [r2, #1]
10002a7e:	1c56      	adds	r6, r2, #1
10002a80:	e785      	b.n	1000298e <_vsnprintf+0x8e>
10002a82:	2878      	cmp	r0, #120	; 0x78
10002a84:	d100      	bne.n	10002a88 <_vsnprintf+0x188>
10002a86:	e1df      	b.n	10002e48 <_vsnprintf+0x548>
10002a88:	2858      	cmp	r0, #88	; 0x58
10002a8a:	d100      	bne.n	10002a8e <_vsnprintf+0x18e>
10002a8c:	e24c      	b.n	10002f28 <_vsnprintf+0x628>
10002a8e:	286f      	cmp	r0, #111	; 0x6f
10002a90:	d100      	bne.n	10002a94 <_vsnprintf+0x194>
10002a92:	e34f      	b.n	10003134 <_vsnprintf+0x834>
10002a94:	2862      	cmp	r0, #98	; 0x62
10002a96:	d101      	bne.n	10002a9c <_vsnprintf+0x19c>
10002a98:	f000 fc30 	bl	100032fc <_vsnprintf+0x9fc>
10002a9c:	2310      	movs	r3, #16
10002a9e:	000a      	movs	r2, r1
10002aa0:	439a      	bics	r2, r3
10002aa2:	920b      	str	r2, [sp, #44]	; 0x2c
10002aa4:	2869      	cmp	r0, #105	; 0x69
10002aa6:	d001      	beq.n	10002aac <_vsnprintf+0x1ac>
10002aa8:	f000 fca9 	bl	100033fe <_vsnprintf+0xafe>
10002aac:	230a      	movs	r3, #10
10002aae:	930c      	str	r3, [sp, #48]	; 0x30
10002ab0:	054b      	lsls	r3, r1, #21
10002ab2:	d500      	bpl.n	10002ab6 <_vsnprintf+0x1b6>
10002ab4:	e1d0      	b.n	10002e58 <_vsnprintf+0x558>
10002ab6:	9a0b      	ldr	r2, [sp, #44]	; 0x2c
10002ab8:	2380      	movs	r3, #128	; 0x80
10002aba:	0011      	movs	r1, r2
10002abc:	009b      	lsls	r3, r3, #2
10002abe:	4019      	ands	r1, r3
10002ac0:	468b      	mov	fp, r1
10002ac2:	421a      	tst	r2, r3
10002ac4:	d000      	beq.n	10002ac8 <_vsnprintf+0x1c8>
10002ac6:	e2a1      	b.n	1000300c <_vsnprintf+0x70c>
10002ac8:	2380      	movs	r3, #128	; 0x80
10002aca:	0011      	movs	r1, r2
10002acc:	005b      	lsls	r3, r3, #1
10002ace:	4019      	ands	r1, r3
10002ad0:	468a      	mov	sl, r1
10002ad2:	421a      	tst	r2, r3
10002ad4:	d000      	beq.n	10002ad8 <_vsnprintf+0x1d8>
10002ad6:	e3b6      	b.n	10003246 <_vsnprintf+0x946>
10002ad8:	0013      	movs	r3, r2
10002ada:	065b      	lsls	r3, r3, #25
10002adc:	d500      	bpl.n	10002ae0 <_vsnprintf+0x1e0>
10002ade:	e2ed      	b.n	100030bc <_vsnprintf+0x7bc>
10002ae0:	0013      	movs	r3, r2
10002ae2:	9909      	ldr	r1, [sp, #36]	; 0x24
10002ae4:	061b      	lsls	r3, r3, #24
10002ae6:	d401      	bmi.n	10002aec <_vsnprintf+0x1ec>
10002ae8:	f000 fc76 	bl	100033d8 <_vsnprintf+0xad8>
10002aec:	c908      	ldmia	r1!, {r3}
10002aee:	b21b      	sxth	r3, r3
10002af0:	17d8      	asrs	r0, r3, #31
10002af2:	181a      	adds	r2, r3, r0
10002af4:	4042      	eors	r2, r0
10002af6:	b292      	uxth	r2, r2
10002af8:	9109      	str	r1, [sp, #36]	; 0x24
10002afa:	4693      	mov	fp, r2
10002afc:	0fda      	lsrs	r2, r3, #31
10002afe:	9212      	str	r2, [sp, #72]	; 0x48
10002b00:	2b00      	cmp	r3, #0
10002b02:	d109      	bne.n	10002b18 <_vsnprintf+0x218>
10002b04:	2380      	movs	r3, #128	; 0x80
10002b06:	2210      	movs	r2, #16
10002b08:	990b      	ldr	r1, [sp, #44]	; 0x2c
10002b0a:	00db      	lsls	r3, r3, #3
10002b0c:	400b      	ands	r3, r1
10002b0e:	4391      	bics	r1, r2
10002b10:	910b      	str	r1, [sp, #44]	; 0x2c
10002b12:	2b00      	cmp	r3, #0
10002b14:	d000      	beq.n	10002b18 <_vsnprintf+0x218>
10002b16:	e2e4      	b.n	100030e2 <_vsnprintf+0x7e2>
10002b18:	9a0b      	ldr	r2, [sp, #44]	; 0x2c
10002b1a:	2361      	movs	r3, #97	; 0x61
10002b1c:	0692      	lsls	r2, r2, #26
10002b1e:	d500      	bpl.n	10002b22 <_vsnprintf+0x222>
10002b20:	2341      	movs	r3, #65	; 0x41
10002b22:	a90e      	add	r1, sp, #56	; 0x38
10002b24:	221f      	movs	r2, #31
10002b26:	468c      	mov	ip, r1
10002b28:	b2db      	uxtb	r3, r3
10002b2a:	4462      	add	r2, ip
10002b2c:	3b0a      	subs	r3, #10
10002b2e:	465f      	mov	r7, fp
10002b30:	9513      	str	r5, [sp, #76]	; 0x4c
10002b32:	46a3      	mov	fp, r4
10002b34:	4655      	mov	r5, sl
10002b36:	9c0c      	ldr	r4, [sp, #48]	; 0x30
10002b38:	46b2      	mov	sl, r6
10002b3a:	930d      	str	r3, [sp, #52]	; 0x34
10002b3c:	0016      	movs	r6, r2
10002b3e:	e00a      	b.n	10002b56 <_vsnprintf+0x256>
10002b40:	3330      	adds	r3, #48	; 0x30
10002b42:	b2db      	uxtb	r3, r3
10002b44:	3501      	adds	r5, #1
10002b46:	5573      	strb	r3, [r6, r5]
10002b48:	42a7      	cmp	r7, r4
10002b4a:	d200      	bcs.n	10002b4e <_vsnprintf+0x24e>
10002b4c:	e2ed      	b.n	1000312a <_vsnprintf+0x82a>
10002b4e:	2d20      	cmp	r5, #32
10002b50:	d100      	bne.n	10002b54 <_vsnprintf+0x254>
10002b52:	e2ea      	b.n	1000312a <_vsnprintf+0x82a>
10002b54:	0007      	movs	r7, r0
10002b56:	0021      	movs	r1, r4
10002b58:	0038      	movs	r0, r7
10002b5a:	f000 fcdd 	bl	10003518 <__wrap___aeabi_uidiv>
10002b5e:	b2cb      	uxtb	r3, r1
10002b60:	2909      	cmp	r1, #9
10002b62:	d9ed      	bls.n	10002b40 <_vsnprintf+0x240>
10002b64:	9a0d      	ldr	r2, [sp, #52]	; 0x34
10002b66:	4694      	mov	ip, r2
10002b68:	4463      	add	r3, ip
10002b6a:	b2db      	uxtb	r3, r3
10002b6c:	e7ea      	b.n	10002b44 <_vsnprintf+0x244>
10002b6e:	2380      	movs	r3, #128	; 0x80
10002b70:	009b      	lsls	r3, r3, #2
10002b72:	7870      	ldrb	r0, [r6, #1]
10002b74:	4319      	orrs	r1, r3
10002b76:	3601      	adds	r6, #1
10002b78:	e72f      	b.n	100029da <_vsnprintf+0xda>
10002b7a:	7870      	ldrb	r0, [r6, #1]
10002b7c:	2868      	cmp	r0, #104	; 0x68
10002b7e:	d100      	bne.n	10002b82 <_vsnprintf+0x282>
10002b80:	e1cd      	b.n	10002f1e <_vsnprintf+0x61e>
10002b82:	2380      	movs	r3, #128	; 0x80
10002b84:	3601      	adds	r6, #1
10002b86:	4319      	orrs	r1, r3
10002b88:	e727      	b.n	100029da <_vsnprintf+0xda>
10002b8a:	7870      	ldrb	r0, [r6, #1]
10002b8c:	286c      	cmp	r0, #108	; 0x6c
10002b8e:	d100      	bne.n	10002b92 <_vsnprintf+0x292>
10002b90:	e1bf      	b.n	10002f12 <_vsnprintf+0x612>
10002b92:	2380      	movs	r3, #128	; 0x80
10002b94:	005b      	lsls	r3, r3, #1
10002b96:	4319      	orrs	r1, r3
10002b98:	3601      	adds	r6, #1
10002b9a:	e71e      	b.n	100029da <_vsnprintf+0xda>
10002b9c:	2846      	cmp	r0, #70	; 0x46
10002b9e:	d100      	bne.n	10002ba2 <_vsnprintf+0x2a2>
10002ba0:	e19b      	b.n	10002eda <_vsnprintf+0x5da>
10002ba2:	2207      	movs	r2, #7
10002ba4:	9b09      	ldr	r3, [sp, #36]	; 0x24
10002ba6:	9104      	str	r1, [sp, #16]
10002ba8:	3307      	adds	r3, #7
10002baa:	4393      	bics	r3, r2
10002bac:	9a0a      	ldr	r2, [sp, #40]	; 0x28
10002bae:	0019      	movs	r1, r3
10002bb0:	9203      	str	r2, [sp, #12]
10002bb2:	4642      	mov	r2, r8
10002bb4:	9202      	str	r2, [sp, #8]
10002bb6:	c90c      	ldmia	r1!, {r2, r3}
10002bb8:	9808      	ldr	r0, [sp, #32]
10002bba:	9200      	str	r2, [sp, #0]
10002bbc:	9301      	str	r3, [sp, #4]
10002bbe:	9109      	str	r1, [sp, #36]	; 0x24
10002bc0:	002a      	movs	r2, r5
10002bc2:	464b      	mov	r3, r9
10002bc4:	0021      	movs	r1, r4
10002bc6:	f7ff fccf 	bl	10002568 <_ftoa>
10002bca:	3601      	adds	r6, #1
10002bcc:	0005      	movs	r5, r0
10002bce:	e6bc      	b.n	1000294a <_vsnprintf+0x4a>
10002bd0:	002a      	movs	r2, r5
10002bd2:	1c6f      	adds	r7, r5, #1
10002bd4:	464b      	mov	r3, r9
10002bd6:	9d08      	ldr	r5, [sp, #32]
10002bd8:	0021      	movs	r1, r4
10002bda:	2025      	movs	r0, #37	; 0x25
10002bdc:	47a8      	blx	r5
10002bde:	3601      	adds	r6, #1
10002be0:	003d      	movs	r5, r7
10002be2:	e6b2      	b.n	1000294a <_vsnprintf+0x4a>
10002be4:	078b      	lsls	r3, r1, #30
10002be6:	d400      	bmi.n	10002bea <_vsnprintf+0x2ea>
10002be8:	e1ad      	b.n	10002f46 <_vsnprintf+0x646>
10002bea:	9b09      	ldr	r3, [sp, #36]	; 0x24
10002bec:	002a      	movs	r2, r5
10002bee:	469a      	mov	sl, r3
10002bf0:	1c6b      	adds	r3, r5, #1
10002bf2:	4698      	mov	r8, r3
10002bf4:	4653      	mov	r3, sl
10002bf6:	cb01      	ldmia	r3!, {r0}
10002bf8:	0021      	movs	r1, r4
10002bfa:	469a      	mov	sl, r3
10002bfc:	9f08      	ldr	r7, [sp, #32]
10002bfe:	464b      	mov	r3, r9
10002c00:	b2c0      	uxtb	r0, r0
10002c02:	47b8      	blx	r7
10002c04:	9b0a      	ldr	r3, [sp, #40]	; 0x28
10002c06:	469c      	mov	ip, r3
10002c08:	4465      	add	r5, ip
10002c0a:	2b01      	cmp	r3, #1
10002c0c:	d800      	bhi.n	10002c10 <_vsnprintf+0x310>
10002c0e:	e286      	b.n	1000311e <_vsnprintf+0x81e>
10002c10:	9b08      	ldr	r3, [sp, #32]
10002c12:	4647      	mov	r7, r8
10002c14:	46b0      	mov	r8, r6
10002c16:	0026      	movs	r6, r4
10002c18:	464c      	mov	r4, r9
10002c1a:	4699      	mov	r9, r3
10002c1c:	003a      	movs	r2, r7
10002c1e:	0023      	movs	r3, r4
10002c20:	3701      	adds	r7, #1
10002c22:	0031      	movs	r1, r6
10002c24:	2020      	movs	r0, #32
10002c26:	47c8      	blx	r9
10002c28:	42af      	cmp	r7, r5
10002c2a:	d1f7      	bne.n	10002c1c <_vsnprintf+0x31c>
10002c2c:	46a1      	mov	r9, r4
10002c2e:	4653      	mov	r3, sl
10002c30:	0034      	movs	r4, r6
10002c32:	4646      	mov	r6, r8
10002c34:	9309      	str	r3, [sp, #36]	; 0x24
10002c36:	3601      	adds	r6, #1
10002c38:	e687      	b.n	1000294a <_vsnprintf+0x4a>
10002c3a:	46c0      	nop			; (mov r8, r8)
10002c3c:	10002901 	.word	0x10002901
10002c40:	200024ec 	.word	0x200024ec
10002c44:	1000763c 	.word	0x1000763c
10002c48:	10007680 	.word	0x10007680
10002c4c:	100076cc 	.word	0x100076cc
10002c50:	9b09      	ldr	r3, [sp, #36]	; 0x24
10002c52:	cb04      	ldmia	r3!, {r2}
10002c54:	469b      	mov	fp, r3
10002c56:	4643      	mov	r3, r8
10002c58:	9209      	str	r2, [sp, #36]	; 0x24
10002c5a:	2b00      	cmp	r3, #0
10002c5c:	d100      	bne.n	10002c60 <_vsnprintf+0x360>
10002c5e:	e0c6      	b.n	10002dee <_vsnprintf+0x4ee>
10002c60:	7813      	ldrb	r3, [r2, #0]
10002c62:	469c      	mov	ip, r3
10002c64:	2b00      	cmp	r3, #0
10002c66:	d100      	bne.n	10002c6a <_vsnprintf+0x36a>
10002c68:	e3bd      	b.n	100033e6 <_vsnprintf+0xae6>
10002c6a:	4643      	mov	r3, r8
10002c6c:	3b01      	subs	r3, #1
10002c6e:	9a09      	ldr	r2, [sp, #36]	; 0x24
10002c70:	3301      	adds	r3, #1
10002c72:	18d0      	adds	r0, r2, r3
10002c74:	9f0a      	ldr	r7, [sp, #40]	; 0x28
10002c76:	0013      	movs	r3, r2
10002c78:	e001      	b.n	10002c7e <_vsnprintf+0x37e>
10002c7a:	4283      	cmp	r3, r0
10002c7c:	d003      	beq.n	10002c86 <_vsnprintf+0x386>
10002c7e:	785a      	ldrb	r2, [r3, #1]
10002c80:	3301      	adds	r3, #1
10002c82:	2a00      	cmp	r2, #0
10002c84:	d1f9      	bne.n	10002c7a <_vsnprintf+0x37a>
10002c86:	9a09      	ldr	r2, [sp, #36]	; 0x24
10002c88:	970a      	str	r7, [sp, #40]	; 0x28
10002c8a:	1a9b      	subs	r3, r3, r2
10002c8c:	930b      	str	r3, [sp, #44]	; 0x2c
10002c8e:	2380      	movs	r3, #128	; 0x80
10002c90:	000a      	movs	r2, r1
10002c92:	00db      	lsls	r3, r3, #3
10002c94:	401a      	ands	r2, r3
10002c96:	920c      	str	r2, [sp, #48]	; 0x30
10002c98:	4219      	tst	r1, r3
10002c9a:	d004      	beq.n	10002ca6 <_vsnprintf+0x3a6>
10002c9c:	9b0b      	ldr	r3, [sp, #44]	; 0x2c
10002c9e:	4543      	cmp	r3, r8
10002ca0:	d901      	bls.n	10002ca6 <_vsnprintf+0x3a6>
10002ca2:	4643      	mov	r3, r8
10002ca4:	930b      	str	r3, [sp, #44]	; 0x2c
10002ca6:	2302      	movs	r3, #2
10002ca8:	001a      	movs	r2, r3
10002caa:	400a      	ands	r2, r1
10002cac:	920d      	str	r2, [sp, #52]	; 0x34
10002cae:	420b      	tst	r3, r1
10002cb0:	d100      	bne.n	10002cb4 <_vsnprintf+0x3b4>
10002cb2:	e187      	b.n	10002fc4 <_vsnprintf+0x6c4>
10002cb4:	4660      	mov	r0, ip
10002cb6:	2800      	cmp	r0, #0
10002cb8:	d100      	bne.n	10002cbc <_vsnprintf+0x3bc>
10002cba:	e168      	b.n	10002f8e <_vsnprintf+0x68e>
10002cbc:	9b0c      	ldr	r3, [sp, #48]	; 0x30
10002cbe:	2b00      	cmp	r3, #0
10002cc0:	d100      	bne.n	10002cc4 <_vsnprintf+0x3c4>
10002cc2:	e10d      	b.n	10002ee0 <_vsnprintf+0x5e0>
10002cc4:	44a8      	add	r8, r5
10002cc6:	46c2      	mov	sl, r8
10002cc8:	9b09      	ldr	r3, [sp, #36]	; 0x24
10002cca:	4657      	mov	r7, sl
10002ccc:	1b5b      	subs	r3, r3, r5
10002cce:	4698      	mov	r8, r3
10002cd0:	9b08      	ldr	r3, [sp, #32]
10002cd2:	46b2      	mov	sl, r6
10002cd4:	002a      	movs	r2, r5
10002cd6:	0026      	movs	r6, r4
10002cd8:	464c      	mov	r4, r9
10002cda:	4699      	mov	r9, r3
10002cdc:	e009      	b.n	10002cf2 <_vsnprintf+0x3f2>
10002cde:	0023      	movs	r3, r4
10002ce0:	0031      	movs	r1, r6
10002ce2:	1c55      	adds	r5, r2, #1
10002ce4:	47c8      	blx	r9
10002ce6:	4643      	mov	r3, r8
10002ce8:	5d58      	ldrb	r0, [r3, r5]
10002cea:	2800      	cmp	r0, #0
10002cec:	d100      	bne.n	10002cf0 <_vsnprintf+0x3f0>
10002cee:	e126      	b.n	10002f3e <_vsnprintf+0x63e>
10002cf0:	002a      	movs	r2, r5
10002cf2:	4297      	cmp	r7, r2
10002cf4:	d1f3      	bne.n	10002cde <_vsnprintf+0x3de>
10002cf6:	46a1      	mov	r9, r4
10002cf8:	003d      	movs	r5, r7
10002cfa:	0034      	movs	r4, r6
10002cfc:	4656      	mov	r6, sl
10002cfe:	9b0d      	ldr	r3, [sp, #52]	; 0x34
10002d00:	2b00      	cmp	r3, #0
10002d02:	d000      	beq.n	10002d06 <_vsnprintf+0x406>
10002d04:	e143      	b.n	10002f8e <_vsnprintf+0x68e>
10002d06:	465b      	mov	r3, fp
10002d08:	3601      	adds	r6, #1
10002d0a:	9309      	str	r3, [sp, #36]	; 0x24
10002d0c:	e61d      	b.n	1000294a <_vsnprintf+0x4a>
10002d0e:	9b09      	ldr	r3, [sp, #36]	; 0x24
10002d10:	001a      	movs	r2, r3
10002d12:	ca08      	ldmia	r2!, {r3}
10002d14:	4692      	mov	sl, r2
10002d16:	2b00      	cmp	r3, #0
10002d18:	d048      	beq.n	10002dac <_vsnprintf+0x4ac>
10002d1a:	2221      	movs	r2, #33	; 0x21
10002d1c:	4311      	orrs	r1, r2
10002d1e:	468b      	mov	fp, r1
10002d20:	a80e      	add	r0, sp, #56	; 0x38
10002d22:	4684      	mov	ip, r0
10002d24:	211f      	movs	r1, #31
10002d26:	4461      	add	r1, ip
10002d28:	9509      	str	r5, [sp, #36]	; 0x24
10002d2a:	2200      	movs	r2, #0
10002d2c:	270f      	movs	r7, #15
10002d2e:	46a4      	mov	ip, r4
10002d30:	000d      	movs	r5, r1
10002d32:	e002      	b.n	10002d3a <_vsnprintf+0x43a>
10002d34:	2a20      	cmp	r2, #32
10002d36:	d00c      	beq.n	10002d52 <_vsnprintf+0x452>
10002d38:	000b      	movs	r3, r1
10002d3a:	003c      	movs	r4, r7
10002d3c:	401c      	ands	r4, r3
10002d3e:	0020      	movs	r0, r4
10002d40:	3037      	adds	r0, #55	; 0x37
10002d42:	2c09      	cmp	r4, #9
10002d44:	d800      	bhi.n	10002d48 <_vsnprintf+0x448>
10002d46:	3807      	subs	r0, #7
10002d48:	3201      	adds	r2, #1
10002d4a:	54a8      	strb	r0, [r5, r2]
10002d4c:	0919      	lsrs	r1, r3, #4
10002d4e:	2b0f      	cmp	r3, #15
10002d50:	d8f0      	bhi.n	10002d34 <_vsnprintf+0x434>
10002d52:	4664      	mov	r4, ip
10002d54:	9d09      	ldr	r5, [sp, #36]	; 0x24
10002d56:	e032      	b.n	10002dbe <_vsnprintf+0x4be>
10002d58:	4bdc      	ldr	r3, [pc, #880]	; (100030cc <_vsnprintf+0x7cc>)
10002d5a:	7820      	ldrb	r0, [r4, #0]
10002d5c:	9308      	str	r3, [sp, #32]
10002d5e:	2300      	movs	r3, #0
10002d60:	469a      	mov	sl, r3
10002d62:	2800      	cmp	r0, #0
10002d64:	d000      	beq.n	10002d68 <_vsnprintf+0x468>
10002d66:	e5e4      	b.n	10002932 <_vsnprintf+0x32>
10002d68:	2400      	movs	r4, #0
10002d6a:	e665      	b.n	10002a38 <_vsnprintf+0x138>
10002d6c:	4643      	mov	r3, r8
10002d6e:	0006      	movs	r6, r0
10002d70:	9f0a      	ldr	r7, [sp, #40]	; 0x28
10002d72:	0098      	lsls	r0, r3, #2
10002d74:	18c0      	adds	r0, r0, r3
10002d76:	3201      	adds	r2, #1
10002d78:	0040      	lsls	r0, r0, #1
10002d7a:	1980      	adds	r0, r0, r6
10002d7c:	7816      	ldrb	r6, [r2, #0]
10002d7e:	0003      	movs	r3, r0
10002d80:	0030      	movs	r0, r6
10002d82:	3830      	subs	r0, #48	; 0x30
10002d84:	3b30      	subs	r3, #48	; 0x30
10002d86:	2809      	cmp	r0, #9
10002d88:	d9f3      	bls.n	10002d72 <_vsnprintf+0x472>
10002d8a:	0030      	movs	r0, r6
10002d8c:	4698      	mov	r8, r3
10002d8e:	0016      	movs	r6, r2
10002d90:	970a      	str	r7, [sp, #40]	; 0x28
10002d92:	e600      	b.n	10002996 <_vsnprintf+0x96>
10002d94:	9b09      	ldr	r3, [sp, #36]	; 0x24
10002d96:	3602      	adds	r6, #2
10002d98:	cb04      	ldmia	r3!, {r2}
10002d9a:	4690      	mov	r8, r2
10002d9c:	43d2      	mvns	r2, r2
10002d9e:	4640      	mov	r0, r8
10002da0:	17d2      	asrs	r2, r2, #31
10002da2:	4010      	ands	r0, r2
10002da4:	4680      	mov	r8, r0
10002da6:	9309      	str	r3, [sp, #36]	; 0x24
10002da8:	7830      	ldrb	r0, [r6, #0]
10002daa:	e5f4      	b.n	10002996 <_vsnprintf+0x96>
10002dac:	2210      	movs	r2, #16
10002dae:	0008      	movs	r0, r1
10002db0:	4390      	bics	r0, r2
10002db2:	3211      	adds	r2, #17
10002db4:	4310      	orrs	r0, r2
10002db6:	4683      	mov	fp, r0
10002db8:	2200      	movs	r2, #0
10002dba:	0549      	lsls	r1, r1, #21
10002dbc:	d5b0      	bpl.n	10002d20 <_vsnprintf+0x420>
10002dbe:	465b      	mov	r3, fp
10002dc0:	9306      	str	r3, [sp, #24]
10002dc2:	2308      	movs	r3, #8
10002dc4:	9305      	str	r3, [sp, #20]
10002dc6:	4643      	mov	r3, r8
10002dc8:	9304      	str	r3, [sp, #16]
10002dca:	2310      	movs	r3, #16
10002dcc:	9303      	str	r3, [sp, #12]
10002dce:	2300      	movs	r3, #0
10002dd0:	9302      	str	r3, [sp, #8]
10002dd2:	ab16      	add	r3, sp, #88	; 0x58
10002dd4:	9201      	str	r2, [sp, #4]
10002dd6:	9300      	str	r3, [sp, #0]
10002dd8:	002a      	movs	r2, r5
10002dda:	464b      	mov	r3, r9
10002ddc:	0021      	movs	r1, r4
10002dde:	9808      	ldr	r0, [sp, #32]
10002de0:	f7ff f8a6 	bl	10001f30 <_ntoa_format>
10002de4:	4653      	mov	r3, sl
10002de6:	0005      	movs	r5, r0
10002de8:	3601      	adds	r6, #1
10002dea:	9309      	str	r3, [sp, #36]	; 0x24
10002dec:	e5ad      	b.n	1000294a <_vsnprintf+0x4a>
10002dee:	7813      	ldrb	r3, [r2, #0]
10002df0:	469c      	mov	ip, r3
10002df2:	2b00      	cmp	r3, #0
10002df4:	d100      	bne.n	10002df8 <_vsnprintf+0x4f8>
10002df6:	e2f7      	b.n	100033e8 <_vsnprintf+0xae8>
10002df8:	2302      	movs	r3, #2
10002dfa:	425b      	negs	r3, r3
10002dfc:	e737      	b.n	10002c6e <_vsnprintf+0x36e>
10002dfe:	2320      	movs	r3, #32
10002e00:	0002      	movs	r2, r0
10002e02:	439a      	bics	r2, r3
10002e04:	2a47      	cmp	r2, #71	; 0x47
10002e06:	d104      	bne.n	10002e12 <_vsnprintf+0x512>
10002e08:	2380      	movs	r3, #128	; 0x80
10002e0a:	011b      	lsls	r3, r3, #4
10002e0c:	4319      	orrs	r1, r3
10002e0e:	2302      	movs	r3, #2
10002e10:	4398      	bics	r0, r3
10002e12:	2845      	cmp	r0, #69	; 0x45
10002e14:	d101      	bne.n	10002e1a <_vsnprintf+0x51a>
10002e16:	2320      	movs	r3, #32
10002e18:	4319      	orrs	r1, r3
10002e1a:	2207      	movs	r2, #7
10002e1c:	9b09      	ldr	r3, [sp, #36]	; 0x24
10002e1e:	9104      	str	r1, [sp, #16]
10002e20:	3307      	adds	r3, #7
10002e22:	4393      	bics	r3, r2
10002e24:	9a0a      	ldr	r2, [sp, #40]	; 0x28
10002e26:	0019      	movs	r1, r3
10002e28:	9203      	str	r2, [sp, #12]
10002e2a:	4642      	mov	r2, r8
10002e2c:	9202      	str	r2, [sp, #8]
10002e2e:	c90c      	ldmia	r1!, {r2, r3}
10002e30:	9808      	ldr	r0, [sp, #32]
10002e32:	9200      	str	r2, [sp, #0]
10002e34:	9301      	str	r3, [sp, #4]
10002e36:	9109      	str	r1, [sp, #36]	; 0x24
10002e38:	002a      	movs	r2, r5
10002e3a:	464b      	mov	r3, r9
10002e3c:	0021      	movs	r1, r4
10002e3e:	f7ff f96d 	bl	1000211c <_etoa>
10002e42:	3601      	adds	r6, #1
10002e44:	0005      	movs	r5, r0
10002e46:	e580      	b.n	1000294a <_vsnprintf+0x4a>
10002e48:	2310      	movs	r3, #16
10002e4a:	930c      	str	r3, [sp, #48]	; 0x30
10002e4c:	230c      	movs	r3, #12
10002e4e:	000a      	movs	r2, r1
10002e50:	439a      	bics	r2, r3
10002e52:	920b      	str	r2, [sp, #44]	; 0x2c
10002e54:	054b      	lsls	r3, r1, #21
10002e56:	d503      	bpl.n	10002e60 <_vsnprintf+0x560>
10002e58:	2301      	movs	r3, #1
10002e5a:	9a0b      	ldr	r2, [sp, #44]	; 0x2c
10002e5c:	439a      	bics	r2, r3
10002e5e:	920b      	str	r2, [sp, #44]	; 0x2c
10002e60:	2869      	cmp	r0, #105	; 0x69
10002e62:	d100      	bne.n	10002e66 <_vsnprintf+0x566>
10002e64:	e627      	b.n	10002ab6 <_vsnprintf+0x1b6>
10002e66:	2864      	cmp	r0, #100	; 0x64
10002e68:	d100      	bne.n	10002e6c <_vsnprintf+0x56c>
10002e6a:	e624      	b.n	10002ab6 <_vsnprintf+0x1b6>
10002e6c:	9a0b      	ldr	r2, [sp, #44]	; 0x2c
10002e6e:	2380      	movs	r3, #128	; 0x80
10002e70:	0011      	movs	r1, r2
10002e72:	009b      	lsls	r3, r3, #2
10002e74:	4019      	ands	r1, r3
10002e76:	468b      	mov	fp, r1
10002e78:	421a      	tst	r2, r3
10002e7a:	d000      	beq.n	10002e7e <_vsnprintf+0x57e>
10002e7c:	e166      	b.n	1000314c <_vsnprintf+0x84c>
10002e7e:	2380      	movs	r3, #128	; 0x80
10002e80:	0011      	movs	r1, r2
10002e82:	005b      	lsls	r3, r3, #1
10002e84:	4019      	ands	r1, r3
10002e86:	468a      	mov	sl, r1
10002e88:	421a      	tst	r2, r3
10002e8a:	d000      	beq.n	10002e8e <_vsnprintf+0x58e>
10002e8c:	e239      	b.n	10003302 <_vsnprintf+0xa02>
10002e8e:	0013      	movs	r3, r2
10002e90:	065b      	lsls	r3, r3, #25
10002e92:	d500      	bpl.n	10002e96 <_vsnprintf+0x596>
10002e94:	e13c      	b.n	10003110 <_vsnprintf+0x810>
10002e96:	0013      	movs	r3, r2
10002e98:	061b      	lsls	r3, r3, #24
10002e9a:	d400      	bmi.n	10002e9e <_vsnprintf+0x59e>
10002e9c:	e2a6      	b.n	100033ec <_vsnprintf+0xaec>
10002e9e:	9b09      	ldr	r3, [sp, #36]	; 0x24
10002ea0:	cb04      	ldmia	r3!, {r2}
10002ea2:	0412      	lsls	r2, r2, #16
10002ea4:	0c12      	lsrs	r2, r2, #16
10002ea6:	4693      	mov	fp, r2
10002ea8:	9309      	str	r3, [sp, #36]	; 0x24
10002eaa:	465b      	mov	r3, fp
10002eac:	2b00      	cmp	r3, #0
10002eae:	d000      	beq.n	10002eb2 <_vsnprintf+0x5b2>
10002eb0:	e19a      	b.n	100031e8 <_vsnprintf+0x8e8>
10002eb2:	9a0b      	ldr	r2, [sp, #44]	; 0x2c
10002eb4:	3310      	adds	r3, #16
10002eb6:	0011      	movs	r1, r2
10002eb8:	4399      	bics	r1, r3
10002eba:	910b      	str	r1, [sp, #44]	; 0x2c
10002ebc:	0552      	lsls	r2, r2, #21
10002ebe:	d400      	bmi.n	10002ec2 <_vsnprintf+0x5c2>
10002ec0:	e192      	b.n	100031e8 <_vsnprintf+0x8e8>
10002ec2:	2300      	movs	r3, #0
10002ec4:	469a      	mov	sl, r3
10002ec6:	9b0b      	ldr	r3, [sp, #44]	; 0x2c
10002ec8:	9306      	str	r3, [sp, #24]
10002eca:	9b0a      	ldr	r3, [sp, #40]	; 0x28
10002ecc:	9305      	str	r3, [sp, #20]
10002ece:	4643      	mov	r3, r8
10002ed0:	9304      	str	r3, [sp, #16]
10002ed2:	9b0c      	ldr	r3, [sp, #48]	; 0x30
10002ed4:	9303      	str	r3, [sp, #12]
10002ed6:	2300      	movs	r3, #0
10002ed8:	e10c      	b.n	100030f4 <_vsnprintf+0x7f4>
10002eda:	2320      	movs	r3, #32
10002edc:	4319      	orrs	r1, r3
10002ede:	e660      	b.n	10002ba2 <_vsnprintf+0x2a2>
10002ee0:	9b09      	ldr	r3, [sp, #36]	; 0x24
10002ee2:	9a0a      	ldr	r2, [sp, #40]	; 0x28
10002ee4:	1b5b      	subs	r3, r3, r5
10002ee6:	4698      	mov	r8, r3
10002ee8:	464b      	mov	r3, r9
10002eea:	4691      	mov	r9, r2
10002eec:	001f      	movs	r7, r3
10002eee:	46b2      	mov	sl, r6
10002ef0:	0026      	movs	r6, r4
10002ef2:	9c08      	ldr	r4, [sp, #32]
10002ef4:	002a      	movs	r2, r5
10002ef6:	003b      	movs	r3, r7
10002ef8:	0031      	movs	r1, r6
10002efa:	47a0      	blx	r4
10002efc:	4643      	mov	r3, r8
10002efe:	3501      	adds	r5, #1
10002f00:	5d58      	ldrb	r0, [r3, r5]
10002f02:	2800      	cmp	r0, #0
10002f04:	d1f6      	bne.n	10002ef4 <_vsnprintf+0x5f4>
10002f06:	464a      	mov	r2, r9
10002f08:	0034      	movs	r4, r6
10002f0a:	46b9      	mov	r9, r7
10002f0c:	4656      	mov	r6, sl
10002f0e:	920a      	str	r2, [sp, #40]	; 0x28
10002f10:	e6f5      	b.n	10002cfe <_vsnprintf+0x3fe>
10002f12:	23c0      	movs	r3, #192	; 0xc0
10002f14:	009b      	lsls	r3, r3, #2
10002f16:	78b0      	ldrb	r0, [r6, #2]
10002f18:	4319      	orrs	r1, r3
10002f1a:	3602      	adds	r6, #2
10002f1c:	e55d      	b.n	100029da <_vsnprintf+0xda>
10002f1e:	23c0      	movs	r3, #192	; 0xc0
10002f20:	78b0      	ldrb	r0, [r6, #2]
10002f22:	4319      	orrs	r1, r3
10002f24:	3602      	adds	r6, #2
10002f26:	e558      	b.n	100029da <_vsnprintf+0xda>
10002f28:	230c      	movs	r3, #12
10002f2a:	000a      	movs	r2, r1
10002f2c:	439a      	bics	r2, r3
10002f2e:	3314      	adds	r3, #20
10002f30:	431a      	orrs	r2, r3
10002f32:	3b10      	subs	r3, #16
10002f34:	920b      	str	r2, [sp, #44]	; 0x2c
10002f36:	930c      	str	r3, [sp, #48]	; 0x30
10002f38:	054b      	lsls	r3, r1, #21
10002f3a:	d48d      	bmi.n	10002e58 <_vsnprintf+0x558>
10002f3c:	e796      	b.n	10002e6c <_vsnprintf+0x56c>
10002f3e:	46a1      	mov	r9, r4
10002f40:	0034      	movs	r4, r6
10002f42:	4656      	mov	r6, sl
10002f44:	e6db      	b.n	10002cfe <_vsnprintf+0x3fe>
10002f46:	9a0a      	ldr	r2, [sp, #40]	; 0x28
10002f48:	2a01      	cmp	r2, #1
10002f4a:	d800      	bhi.n	10002f4e <_vsnprintf+0x64e>
10002f4c:	e253      	b.n	100033f6 <_vsnprintf+0xaf6>
10002f4e:	1e6b      	subs	r3, r5, #1
10002f50:	189f      	adds	r7, r3, r2
10002f52:	9b08      	ldr	r3, [sp, #32]
10002f54:	46b0      	mov	r8, r6
10002f56:	0026      	movs	r6, r4
10002f58:	464c      	mov	r4, r9
10002f5a:	4699      	mov	r9, r3
10002f5c:	002a      	movs	r2, r5
10002f5e:	0023      	movs	r3, r4
10002f60:	3501      	adds	r5, #1
10002f62:	0031      	movs	r1, r6
10002f64:	2020      	movs	r0, #32
10002f66:	47c8      	blx	r9
10002f68:	42bd      	cmp	r5, r7
10002f6a:	d1f7      	bne.n	10002f5c <_vsnprintf+0x65c>
10002f6c:	46a1      	mov	r9, r4
10002f6e:	0034      	movs	r4, r6
10002f70:	4646      	mov	r6, r8
10002f72:	9b09      	ldr	r3, [sp, #36]	; 0x24
10002f74:	003a      	movs	r2, r7
10002f76:	cb01      	ldmia	r3!, {r0}
10002f78:	0021      	movs	r1, r4
10002f7a:	4698      	mov	r8, r3
10002f7c:	1c7d      	adds	r5, r7, #1
10002f7e:	464b      	mov	r3, r9
10002f80:	9f08      	ldr	r7, [sp, #32]
10002f82:	b2c0      	uxtb	r0, r0
10002f84:	47b8      	blx	r7
10002f86:	4643      	mov	r3, r8
10002f88:	3601      	adds	r6, #1
10002f8a:	9309      	str	r3, [sp, #36]	; 0x24
10002f8c:	e4dd      	b.n	1000294a <_vsnprintf+0x4a>
10002f8e:	9b0b      	ldr	r3, [sp, #44]	; 0x2c
10002f90:	9a0a      	ldr	r2, [sp, #40]	; 0x28
10002f92:	46a8      	mov	r8, r5
10002f94:	429a      	cmp	r2, r3
10002f96:	d800      	bhi.n	10002f9a <_vsnprintf+0x69a>
10002f98:	e6b5      	b.n	10002d06 <_vsnprintf+0x406>
10002f9a:	4694      	mov	ip, r2
10002f9c:	4465      	add	r5, ip
10002f9e:	1aed      	subs	r5, r5, r3
10002fa0:	9b08      	ldr	r3, [sp, #32]
10002fa2:	4647      	mov	r7, r8
10002fa4:	46b0      	mov	r8, r6
10002fa6:	0026      	movs	r6, r4
10002fa8:	464c      	mov	r4, r9
10002faa:	4699      	mov	r9, r3
10002fac:	003a      	movs	r2, r7
10002fae:	0023      	movs	r3, r4
10002fb0:	3701      	adds	r7, #1
10002fb2:	0031      	movs	r1, r6
10002fb4:	2020      	movs	r0, #32
10002fb6:	47c8      	blx	r9
10002fb8:	42af      	cmp	r7, r5
10002fba:	d1f7      	bne.n	10002fac <_vsnprintf+0x6ac>
10002fbc:	46a1      	mov	r9, r4
10002fbe:	0034      	movs	r4, r6
10002fc0:	4646      	mov	r6, r8
10002fc2:	e6a0      	b.n	10002d06 <_vsnprintf+0x406>
10002fc4:	9a0b      	ldr	r2, [sp, #44]	; 0x2c
10002fc6:	990a      	ldr	r1, [sp, #40]	; 0x28
10002fc8:	1c53      	adds	r3, r2, #1
10002fca:	4291      	cmp	r1, r2
10002fcc:	d800      	bhi.n	10002fd0 <_vsnprintf+0x6d0>
10002fce:	e214      	b.n	100033fa <_vsnprintf+0xafa>
10002fd0:	194b      	adds	r3, r1, r5
10002fd2:	1a9b      	subs	r3, r3, r2
10002fd4:	001f      	movs	r7, r3
10002fd6:	9b08      	ldr	r3, [sp, #32]
10002fd8:	46b2      	mov	sl, r6
10002fda:	0026      	movs	r6, r4
10002fdc:	464c      	mov	r4, r9
10002fde:	4699      	mov	r9, r3
10002fe0:	002a      	movs	r2, r5
10002fe2:	0023      	movs	r3, r4
10002fe4:	3501      	adds	r5, #1
10002fe6:	0031      	movs	r1, r6
10002fe8:	2020      	movs	r0, #32
10002fea:	47c8      	blx	r9
10002fec:	42bd      	cmp	r5, r7
10002fee:	d1f7      	bne.n	10002fe0 <_vsnprintf+0x6e0>
10002ff0:	9b0a      	ldr	r3, [sp, #40]	; 0x28
10002ff2:	46a1      	mov	r9, r4
10002ff4:	3301      	adds	r3, #1
10002ff6:	930b      	str	r3, [sp, #44]	; 0x2c
10002ff8:	9b09      	ldr	r3, [sp, #36]	; 0x24
10002ffa:	0034      	movs	r4, r6
10002ffc:	781b      	ldrb	r3, [r3, #0]
10002ffe:	4656      	mov	r6, sl
10003000:	469c      	mov	ip, r3
10003002:	4660      	mov	r0, ip
10003004:	2800      	cmp	r0, #0
10003006:	d000      	beq.n	1000300a <_vsnprintf+0x70a>
10003008:	e658      	b.n	10002cbc <_vsnprintf+0x3bc>
1000300a:	e67c      	b.n	10002d06 <_vsnprintf+0x406>
1000300c:	2207      	movs	r2, #7
1000300e:	9b09      	ldr	r3, [sp, #36]	; 0x24
10003010:	3307      	adds	r3, #7
10003012:	4393      	bics	r3, r2
10003014:	3201      	adds	r2, #1
10003016:	4694      	mov	ip, r2
10003018:	449c      	add	ip, r3
1000301a:	4662      	mov	r2, ip
1000301c:	685f      	ldr	r7, [r3, #4]
1000301e:	9209      	str	r2, [sp, #36]	; 0x24
10003020:	681a      	ldr	r2, [r3, #0]
10003022:	17fb      	asrs	r3, r7, #31
10003024:	9310      	str	r3, [sp, #64]	; 0x40
10003026:	9311      	str	r3, [sp, #68]	; 0x44
10003028:	9810      	ldr	r0, [sp, #64]	; 0x40
1000302a:	9911      	ldr	r1, [sp, #68]	; 0x44
1000302c:	0003      	movs	r3, r0
1000302e:	4053      	eors	r3, r2
10003030:	930e      	str	r3, [sp, #56]	; 0x38
10003032:	000b      	movs	r3, r1
10003034:	407b      	eors	r3, r7
10003036:	930f      	str	r3, [sp, #60]	; 0x3c
10003038:	4694      	mov	ip, r2
1000303a:	9a0e      	ldr	r2, [sp, #56]	; 0x38
1000303c:	9b0f      	ldr	r3, [sp, #60]	; 0x3c
1000303e:	1a12      	subs	r2, r2, r0
10003040:	418b      	sbcs	r3, r1
10003042:	920e      	str	r2, [sp, #56]	; 0x38
10003044:	930f      	str	r3, [sp, #60]	; 0x3c
10003046:	0ffb      	lsrs	r3, r7, #31
10003048:	4662      	mov	r2, ip
1000304a:	9312      	str	r3, [sp, #72]	; 0x48
1000304c:	2300      	movs	r3, #0
1000304e:	433a      	orrs	r2, r7
10003050:	469b      	mov	fp, r3
10003052:	d03d      	beq.n	100030d0 <_vsnprintf+0x7d0>
10003054:	9a0b      	ldr	r2, [sp, #44]	; 0x2c
10003056:	2361      	movs	r3, #97	; 0x61
10003058:	0692      	lsls	r2, r2, #26
1000305a:	d500      	bpl.n	1000305e <_vsnprintf+0x75e>
1000305c:	2341      	movs	r3, #65	; 0x41
1000305e:	2200      	movs	r2, #0
10003060:	b2db      	uxtb	r3, r3
10003062:	a90e      	add	r1, sp, #56	; 0x38
10003064:	3b0a      	subs	r3, #10
10003066:	468c      	mov	ip, r1
10003068:	4692      	mov	sl, r2
1000306a:	930d      	str	r3, [sp, #52]	; 0x34
1000306c:	4643      	mov	r3, r8
1000306e:	321f      	adds	r2, #31
10003070:	4462      	add	r2, ip
10003072:	9513      	str	r5, [sp, #76]	; 0x4c
10003074:	9615      	str	r6, [sp, #84]	; 0x54
10003076:	4655      	mov	r5, sl
10003078:	9e0e      	ldr	r6, [sp, #56]	; 0x38
1000307a:	9f0f      	ldr	r7, [sp, #60]	; 0x3c
1000307c:	46a2      	mov	sl, r4
1000307e:	4690      	mov	r8, r2
10003080:	9c0c      	ldr	r4, [sp, #48]	; 0x30
10003082:	9314      	str	r3, [sp, #80]	; 0x50
10003084:	e00c      	b.n	100030a0 <_vsnprintf+0x7a0>
10003086:	3230      	adds	r2, #48	; 0x30
10003088:	b2d2      	uxtb	r2, r2
1000308a:	4643      	mov	r3, r8
1000308c:	3501      	adds	r5, #1
1000308e:	555a      	strb	r2, [r3, r5]
10003090:	45bb      	cmp	fp, r7
10003092:	d100      	bne.n	10003096 <_vsnprintf+0x796>
10003094:	e18a      	b.n	100033ac <_vsnprintf+0xaac>
10003096:	2d20      	cmp	r5, #32
10003098:	d100      	bne.n	1000309c <_vsnprintf+0x79c>
1000309a:	e18a      	b.n	100033b2 <_vsnprintf+0xab2>
1000309c:	0006      	movs	r6, r0
1000309e:	000f      	movs	r7, r1
100030a0:	0022      	movs	r2, r4
100030a2:	2300      	movs	r3, #0
100030a4:	0030      	movs	r0, r6
100030a6:	0039      	movs	r1, r7
100030a8:	f000 fa78 	bl	1000359c <__wrap___aeabi_uldivmod>
100030ac:	b2d2      	uxtb	r2, r2
100030ae:	2a09      	cmp	r2, #9
100030b0:	d9e9      	bls.n	10003086 <_vsnprintf+0x786>
100030b2:	9b0d      	ldr	r3, [sp, #52]	; 0x34
100030b4:	469c      	mov	ip, r3
100030b6:	4462      	add	r2, ip
100030b8:	b2d2      	uxtb	r2, r2
100030ba:	e7e6      	b.n	1000308a <_vsnprintf+0x78a>
100030bc:	23ff      	movs	r3, #255	; 0xff
100030be:	9909      	ldr	r1, [sp, #36]	; 0x24
100030c0:	c904      	ldmia	r1!, {r2}
100030c2:	4013      	ands	r3, r2
100030c4:	001a      	movs	r2, r3
100030c6:	9109      	str	r1, [sp, #36]	; 0x24
100030c8:	e517      	b.n	10002afa <_vsnprintf+0x1fa>
100030ca:	46c0      	nop			; (mov r8, r8)
100030cc:	10001e91 	.word	0x10001e91
100030d0:	9a0b      	ldr	r2, [sp, #44]	; 0x2c
100030d2:	3310      	adds	r3, #16
100030d4:	0011      	movs	r1, r2
100030d6:	4399      	bics	r1, r3
100030d8:	910b      	str	r1, [sp, #44]	; 0x2c
100030da:	0552      	lsls	r2, r2, #21
100030dc:	d5ba      	bpl.n	10003054 <_vsnprintf+0x754>
100030de:	2300      	movs	r3, #0
100030e0:	469a      	mov	sl, r3
100030e2:	9b0b      	ldr	r3, [sp, #44]	; 0x2c
100030e4:	9306      	str	r3, [sp, #24]
100030e6:	9b0a      	ldr	r3, [sp, #40]	; 0x28
100030e8:	9305      	str	r3, [sp, #20]
100030ea:	4643      	mov	r3, r8
100030ec:	9304      	str	r3, [sp, #16]
100030ee:	9b0c      	ldr	r3, [sp, #48]	; 0x30
100030f0:	9303      	str	r3, [sp, #12]
100030f2:	9b12      	ldr	r3, [sp, #72]	; 0x48
100030f4:	9302      	str	r3, [sp, #8]
100030f6:	4653      	mov	r3, sl
100030f8:	9301      	str	r3, [sp, #4]
100030fa:	ab16      	add	r3, sp, #88	; 0x58
100030fc:	002a      	movs	r2, r5
100030fe:	9300      	str	r3, [sp, #0]
10003100:	0021      	movs	r1, r4
10003102:	464b      	mov	r3, r9
10003104:	9808      	ldr	r0, [sp, #32]
10003106:	f7fe ff13 	bl	10001f30 <_ntoa_format>
1000310a:	3601      	adds	r6, #1
1000310c:	0005      	movs	r5, r0
1000310e:	e41c      	b.n	1000294a <_vsnprintf+0x4a>
10003110:	22ff      	movs	r2, #255	; 0xff
10003112:	9b09      	ldr	r3, [sp, #36]	; 0x24
10003114:	cb02      	ldmia	r3!, {r1}
10003116:	4011      	ands	r1, r2
10003118:	468b      	mov	fp, r1
1000311a:	9309      	str	r3, [sp, #36]	; 0x24
1000311c:	e6c5      	b.n	10002eaa <_vsnprintf+0x5aa>
1000311e:	4653      	mov	r3, sl
10003120:	4645      	mov	r5, r8
10003122:	9309      	str	r3, [sp, #36]	; 0x24
10003124:	3601      	adds	r6, #1
10003126:	f7ff fc10 	bl	1000294a <_vsnprintf+0x4a>
1000312a:	4656      	mov	r6, sl
1000312c:	465c      	mov	r4, fp
1000312e:	46aa      	mov	sl, r5
10003130:	9d13      	ldr	r5, [sp, #76]	; 0x4c
10003132:	e7d6      	b.n	100030e2 <_vsnprintf+0x7e2>
10003134:	2308      	movs	r3, #8
10003136:	930c      	str	r3, [sp, #48]	; 0x30
10003138:	910b      	str	r1, [sp, #44]	; 0x2c
1000313a:	990b      	ldr	r1, [sp, #44]	; 0x2c
1000313c:	2864      	cmp	r0, #100	; 0x64
1000313e:	d000      	beq.n	10003142 <_vsnprintf+0x842>
10003140:	e684      	b.n	10002e4c <_vsnprintf+0x54c>
10003142:	9b0b      	ldr	r3, [sp, #44]	; 0x2c
10003144:	055b      	lsls	r3, r3, #21
10003146:	d500      	bpl.n	1000314a <_vsnprintf+0x84a>
10003148:	e686      	b.n	10002e58 <_vsnprintf+0x558>
1000314a:	e4b4      	b.n	10002ab6 <_vsnprintf+0x1b6>
1000314c:	2207      	movs	r2, #7
1000314e:	9b09      	ldr	r3, [sp, #36]	; 0x24
10003150:	3307      	adds	r3, #7
10003152:	4393      	bics	r3, r2
10003154:	3201      	adds	r2, #1
10003156:	4694      	mov	ip, r2
10003158:	449c      	add	ip, r3
1000315a:	4662      	mov	r2, ip
1000315c:	9209      	str	r2, [sp, #36]	; 0x24
1000315e:	681a      	ldr	r2, [r3, #0]
10003160:	685b      	ldr	r3, [r3, #4]
10003162:	0010      	movs	r0, r2
10003164:	469b      	mov	fp, r3
10003166:	0013      	movs	r3, r2
10003168:	465a      	mov	r2, fp
1000316a:	4313      	orrs	r3, r2
1000316c:	d107      	bne.n	1000317e <_vsnprintf+0x87e>
1000316e:	9a0b      	ldr	r2, [sp, #44]	; 0x2c
10003170:	3310      	adds	r3, #16
10003172:	0011      	movs	r1, r2
10003174:	4399      	bics	r1, r3
10003176:	910b      	str	r1, [sp, #44]	; 0x2c
10003178:	0552      	lsls	r2, r2, #21
1000317a:	d500      	bpl.n	1000317e <_vsnprintf+0x87e>
1000317c:	e6a1      	b.n	10002ec2 <_vsnprintf+0x5c2>
1000317e:	9a0b      	ldr	r2, [sp, #44]	; 0x2c
10003180:	2361      	movs	r3, #97	; 0x61
10003182:	0692      	lsls	r2, r2, #26
10003184:	d500      	bpl.n	10003188 <_vsnprintf+0x888>
10003186:	2341      	movs	r3, #65	; 0x41
10003188:	2200      	movs	r2, #0
1000318a:	b2db      	uxtb	r3, r3
1000318c:	a90e      	add	r1, sp, #56	; 0x38
1000318e:	3b0a      	subs	r3, #10
10003190:	468c      	mov	ip, r1
10003192:	4692      	mov	sl, r2
10003194:	930d      	str	r3, [sp, #52]	; 0x34
10003196:	4643      	mov	r3, r8
10003198:	321f      	adds	r2, #31
1000319a:	4462      	add	r2, ip
1000319c:	465f      	mov	r7, fp
1000319e:	9512      	str	r5, [sp, #72]	; 0x48
100031a0:	46a3      	mov	fp, r4
100031a2:	4655      	mov	r5, sl
100031a4:	0004      	movs	r4, r0
100031a6:	46b2      	mov	sl, r6
100031a8:	4690      	mov	r8, r2
100031aa:	9e0c      	ldr	r6, [sp, #48]	; 0x30
100031ac:	9313      	str	r3, [sp, #76]	; 0x4c
100031ae:	e00d      	b.n	100031cc <_vsnprintf+0x8cc>
100031b0:	3230      	adds	r2, #48	; 0x30
100031b2:	b2d2      	uxtb	r2, r2
100031b4:	4643      	mov	r3, r8
100031b6:	3501      	adds	r5, #1
100031b8:	555a      	strb	r2, [r3, r5]
100031ba:	2300      	movs	r3, #0
100031bc:	42bb      	cmp	r3, r7
100031be:	d100      	bne.n	100031c2 <_vsnprintf+0x8c2>
100031c0:	e100      	b.n	100033c4 <_vsnprintf+0xac4>
100031c2:	2d20      	cmp	r5, #32
100031c4:	d100      	bne.n	100031c8 <_vsnprintf+0x8c8>
100031c6:	e100      	b.n	100033ca <_vsnprintf+0xaca>
100031c8:	0004      	movs	r4, r0
100031ca:	000f      	movs	r7, r1
100031cc:	0032      	movs	r2, r6
100031ce:	2300      	movs	r3, #0
100031d0:	0020      	movs	r0, r4
100031d2:	0039      	movs	r1, r7
100031d4:	f000 f9e2 	bl	1000359c <__wrap___aeabi_uldivmod>
100031d8:	b2d2      	uxtb	r2, r2
100031da:	2a09      	cmp	r2, #9
100031dc:	d9e8      	bls.n	100031b0 <_vsnprintf+0x8b0>
100031de:	9b0d      	ldr	r3, [sp, #52]	; 0x34
100031e0:	469c      	mov	ip, r3
100031e2:	4462      	add	r2, ip
100031e4:	b2d2      	uxtb	r2, r2
100031e6:	e7e5      	b.n	100031b4 <_vsnprintf+0x8b4>
100031e8:	9a0b      	ldr	r2, [sp, #44]	; 0x2c
100031ea:	2361      	movs	r3, #97	; 0x61
100031ec:	0692      	lsls	r2, r2, #26
100031ee:	d500      	bpl.n	100031f2 <_vsnprintf+0x8f2>
100031f0:	2341      	movs	r3, #65	; 0x41
100031f2:	b2db      	uxtb	r3, r3
100031f4:	a90e      	add	r1, sp, #56	; 0x38
100031f6:	3b0a      	subs	r3, #10
100031f8:	221f      	movs	r2, #31
100031fa:	468c      	mov	ip, r1
100031fc:	930d      	str	r3, [sp, #52]	; 0x34
100031fe:	0023      	movs	r3, r4
10003200:	4462      	add	r2, ip
10003202:	465c      	mov	r4, fp
10003204:	9512      	str	r5, [sp, #72]	; 0x48
10003206:	0017      	movs	r7, r2
10003208:	4655      	mov	r5, sl
1000320a:	469b      	mov	fp, r3
1000320c:	46b2      	mov	sl, r6
1000320e:	9e0c      	ldr	r6, [sp, #48]	; 0x30
10003210:	e008      	b.n	10003224 <_vsnprintf+0x924>
10003212:	3330      	adds	r3, #48	; 0x30
10003214:	b2db      	uxtb	r3, r3
10003216:	3501      	adds	r5, #1
10003218:	557b      	strb	r3, [r7, r5]
1000321a:	42b4      	cmp	r4, r6
1000321c:	d30e      	bcc.n	1000323c <_vsnprintf+0x93c>
1000321e:	2d20      	cmp	r5, #32
10003220:	d00c      	beq.n	1000323c <_vsnprintf+0x93c>
10003222:	0004      	movs	r4, r0
10003224:	0031      	movs	r1, r6
10003226:	0020      	movs	r0, r4
10003228:	f000 f976 	bl	10003518 <__wrap___aeabi_uidiv>
1000322c:	b2cb      	uxtb	r3, r1
1000322e:	2909      	cmp	r1, #9
10003230:	d9ef      	bls.n	10003212 <_vsnprintf+0x912>
10003232:	9a0d      	ldr	r2, [sp, #52]	; 0x34
10003234:	4694      	mov	ip, r2
10003236:	4463      	add	r3, ip
10003238:	b2db      	uxtb	r3, r3
1000323a:	e7ec      	b.n	10003216 <_vsnprintf+0x916>
1000323c:	4656      	mov	r6, sl
1000323e:	465c      	mov	r4, fp
10003240:	46aa      	mov	sl, r5
10003242:	9d12      	ldr	r5, [sp, #72]	; 0x48
10003244:	e63f      	b.n	10002ec6 <_vsnprintf+0x5c6>
10003246:	9b09      	ldr	r3, [sp, #36]	; 0x24
10003248:	001a      	movs	r2, r3
1000324a:	ca08      	ldmia	r2!, {r3}
1000324c:	17d9      	asrs	r1, r3, #31
1000324e:	9213      	str	r2, [sp, #76]	; 0x4c
10003250:	185a      	adds	r2, r3, r1
10003252:	404a      	eors	r2, r1
10003254:	4692      	mov	sl, r2
10003256:	0fda      	lsrs	r2, r3, #31
10003258:	9212      	str	r2, [sp, #72]	; 0x48
1000325a:	2b00      	cmp	r3, #0
1000325c:	d108      	bne.n	10003270 <_vsnprintf+0x970>
1000325e:	2380      	movs	r3, #128	; 0x80
10003260:	2210      	movs	r2, #16
10003262:	990b      	ldr	r1, [sp, #44]	; 0x2c
10003264:	00db      	lsls	r3, r3, #3
10003266:	400b      	ands	r3, r1
10003268:	4391      	bics	r1, r2
1000326a:	910b      	str	r1, [sp, #44]	; 0x2c
1000326c:	2b00      	cmp	r3, #0
1000326e:	d12b      	bne.n	100032c8 <_vsnprintf+0x9c8>
10003270:	9a0b      	ldr	r2, [sp, #44]	; 0x2c
10003272:	2361      	movs	r3, #97	; 0x61
10003274:	0692      	lsls	r2, r2, #26
10003276:	d500      	bpl.n	1000327a <_vsnprintf+0x97a>
10003278:	2341      	movs	r3, #65	; 0x41
1000327a:	aa0e      	add	r2, sp, #56	; 0x38
1000327c:	271f      	movs	r7, #31
1000327e:	4694      	mov	ip, r2
10003280:	b2db      	uxtb	r3, r3
10003282:	3b0a      	subs	r3, #10
10003284:	950d      	str	r5, [sp, #52]	; 0x34
10003286:	4467      	add	r7, ip
10003288:	465d      	mov	r5, fp
1000328a:	9309      	str	r3, [sp, #36]	; 0x24
1000328c:	46a3      	mov	fp, r4
1000328e:	4654      	mov	r4, sl
10003290:	46b2      	mov	sl, r6
10003292:	9e0c      	ldr	r6, [sp, #48]	; 0x30
10003294:	e008      	b.n	100032a8 <_vsnprintf+0x9a8>
10003296:	3330      	adds	r3, #48	; 0x30
10003298:	b2db      	uxtb	r3, r3
1000329a:	3501      	adds	r5, #1
1000329c:	557b      	strb	r3, [r7, r5]
1000329e:	42b4      	cmp	r4, r6
100032a0:	d30e      	bcc.n	100032c0 <_vsnprintf+0x9c0>
100032a2:	2d20      	cmp	r5, #32
100032a4:	d00c      	beq.n	100032c0 <_vsnprintf+0x9c0>
100032a6:	0004      	movs	r4, r0
100032a8:	0031      	movs	r1, r6
100032aa:	0020      	movs	r0, r4
100032ac:	f000 f934 	bl	10003518 <__wrap___aeabi_uidiv>
100032b0:	b2cb      	uxtb	r3, r1
100032b2:	2909      	cmp	r1, #9
100032b4:	d9ef      	bls.n	10003296 <_vsnprintf+0x996>
100032b6:	9a09      	ldr	r2, [sp, #36]	; 0x24
100032b8:	4694      	mov	ip, r2
100032ba:	4463      	add	r3, ip
100032bc:	b2db      	uxtb	r3, r3
100032be:	e7ec      	b.n	1000329a <_vsnprintf+0x99a>
100032c0:	4656      	mov	r6, sl
100032c2:	465c      	mov	r4, fp
100032c4:	46ab      	mov	fp, r5
100032c6:	9d0d      	ldr	r5, [sp, #52]	; 0x34
100032c8:	9b0b      	ldr	r3, [sp, #44]	; 0x2c
100032ca:	002a      	movs	r2, r5
100032cc:	9306      	str	r3, [sp, #24]
100032ce:	9b0a      	ldr	r3, [sp, #40]	; 0x28
100032d0:	0021      	movs	r1, r4
100032d2:	9305      	str	r3, [sp, #20]
100032d4:	4643      	mov	r3, r8
100032d6:	9304      	str	r3, [sp, #16]
100032d8:	9b0c      	ldr	r3, [sp, #48]	; 0x30
100032da:	9808      	ldr	r0, [sp, #32]
100032dc:	9303      	str	r3, [sp, #12]
100032de:	9b12      	ldr	r3, [sp, #72]	; 0x48
100032e0:	3601      	adds	r6, #1
100032e2:	9302      	str	r3, [sp, #8]
100032e4:	465b      	mov	r3, fp
100032e6:	9301      	str	r3, [sp, #4]
100032e8:	ab16      	add	r3, sp, #88	; 0x58
100032ea:	9300      	str	r3, [sp, #0]
100032ec:	464b      	mov	r3, r9
100032ee:	f7fe fe1f 	bl	10001f30 <_ntoa_format>
100032f2:	9b13      	ldr	r3, [sp, #76]	; 0x4c
100032f4:	0005      	movs	r5, r0
100032f6:	9309      	str	r3, [sp, #36]	; 0x24
100032f8:	f7ff fb27 	bl	1000294a <_vsnprintf+0x4a>
100032fc:	2302      	movs	r3, #2
100032fe:	930c      	str	r3, [sp, #48]	; 0x30
10003300:	e71a      	b.n	10003138 <_vsnprintf+0x838>
10003302:	9b09      	ldr	r3, [sp, #36]	; 0x24
10003304:	cb04      	ldmia	r3!, {r2}
10003306:	4692      	mov	sl, r2
10003308:	9312      	str	r3, [sp, #72]	; 0x48
1000330a:	2a00      	cmp	r2, #0
1000330c:	d108      	bne.n	10003320 <_vsnprintf+0xa20>
1000330e:	2380      	movs	r3, #128	; 0x80
10003310:	2210      	movs	r2, #16
10003312:	990b      	ldr	r1, [sp, #44]	; 0x2c
10003314:	00db      	lsls	r3, r3, #3
10003316:	400b      	ands	r3, r1
10003318:	4391      	bics	r1, r2
1000331a:	910b      	str	r1, [sp, #44]	; 0x2c
1000331c:	2b00      	cmp	r3, #0
1000331e:	d12b      	bne.n	10003378 <_vsnprintf+0xa78>
10003320:	9a0b      	ldr	r2, [sp, #44]	; 0x2c
10003322:	2361      	movs	r3, #97	; 0x61
10003324:	0692      	lsls	r2, r2, #26
10003326:	d500      	bpl.n	1000332a <_vsnprintf+0xa2a>
10003328:	2341      	movs	r3, #65	; 0x41
1000332a:	aa0e      	add	r2, sp, #56	; 0x38
1000332c:	271f      	movs	r7, #31
1000332e:	4694      	mov	ip, r2
10003330:	b2db      	uxtb	r3, r3
10003332:	3b0a      	subs	r3, #10
10003334:	950d      	str	r5, [sp, #52]	; 0x34
10003336:	4467      	add	r7, ip
10003338:	465d      	mov	r5, fp
1000333a:	9309      	str	r3, [sp, #36]	; 0x24
1000333c:	46a3      	mov	fp, r4
1000333e:	4654      	mov	r4, sl
10003340:	46b2      	mov	sl, r6
10003342:	9e0c      	ldr	r6, [sp, #48]	; 0x30
10003344:	e008      	b.n	10003358 <_vsnprintf+0xa58>
10003346:	3330      	adds	r3, #48	; 0x30
10003348:	b2db      	uxtb	r3, r3
1000334a:	3501      	adds	r5, #1
1000334c:	557b      	strb	r3, [r7, r5]
1000334e:	42b4      	cmp	r4, r6
10003350:	d30e      	bcc.n	10003370 <_vsnprintf+0xa70>
10003352:	2d20      	cmp	r5, #32
10003354:	d00c      	beq.n	10003370 <_vsnprintf+0xa70>
10003356:	0004      	movs	r4, r0
10003358:	0031      	movs	r1, r6
1000335a:	0020      	movs	r0, r4
1000335c:	f000 f8dc 	bl	10003518 <__wrap___aeabi_uidiv>
10003360:	b2cb      	uxtb	r3, r1
10003362:	2909      	cmp	r1, #9
10003364:	d9ef      	bls.n	10003346 <_vsnprintf+0xa46>
10003366:	9a09      	ldr	r2, [sp, #36]	; 0x24
10003368:	4694      	mov	ip, r2
1000336a:	4463      	add	r3, ip
1000336c:	b2db      	uxtb	r3, r3
1000336e:	e7ec      	b.n	1000334a <_vsnprintf+0xa4a>
10003370:	4656      	mov	r6, sl
10003372:	465c      	mov	r4, fp
10003374:	46ab      	mov	fp, r5
10003376:	9d0d      	ldr	r5, [sp, #52]	; 0x34
10003378:	9b0b      	ldr	r3, [sp, #44]	; 0x2c
1000337a:	002a      	movs	r2, r5
1000337c:	9306      	str	r3, [sp, #24]
1000337e:	9b0a      	ldr	r3, [sp, #40]	; 0x28
10003380:	0021      	movs	r1, r4
10003382:	9305      	str	r3, [sp, #20]
10003384:	4643      	mov	r3, r8
10003386:	9304      	str	r3, [sp, #16]
10003388:	9b0c      	ldr	r3, [sp, #48]	; 0x30
1000338a:	9808      	ldr	r0, [sp, #32]
1000338c:	9303      	str	r3, [sp, #12]
1000338e:	2300      	movs	r3, #0
10003390:	9302      	str	r3, [sp, #8]
10003392:	465b      	mov	r3, fp
10003394:	9301      	str	r3, [sp, #4]
10003396:	ab16      	add	r3, sp, #88	; 0x58
10003398:	9300      	str	r3, [sp, #0]
1000339a:	464b      	mov	r3, r9
1000339c:	f7fe fdc8 	bl	10001f30 <_ntoa_format>
100033a0:	9b12      	ldr	r3, [sp, #72]	; 0x48
100033a2:	0005      	movs	r5, r0
100033a4:	9309      	str	r3, [sp, #36]	; 0x24
100033a6:	3601      	adds	r6, #1
100033a8:	f7ff facf 	bl	1000294a <_vsnprintf+0x4a>
100033ac:	42b4      	cmp	r4, r6
100033ae:	d800      	bhi.n	100033b2 <_vsnprintf+0xab2>
100033b0:	e671      	b.n	10003096 <_vsnprintf+0x796>
100033b2:	9b14      	ldr	r3, [sp, #80]	; 0x50
100033b4:	4654      	mov	r4, sl
100033b6:	960e      	str	r6, [sp, #56]	; 0x38
100033b8:	970f      	str	r7, [sp, #60]	; 0x3c
100033ba:	46aa      	mov	sl, r5
100033bc:	4698      	mov	r8, r3
100033be:	9e15      	ldr	r6, [sp, #84]	; 0x54
100033c0:	9d13      	ldr	r5, [sp, #76]	; 0x4c
100033c2:	e68e      	b.n	100030e2 <_vsnprintf+0x7e2>
100033c4:	42a6      	cmp	r6, r4
100033c6:	d800      	bhi.n	100033ca <_vsnprintf+0xaca>
100033c8:	e6fb      	b.n	100031c2 <_vsnprintf+0x8c2>
100033ca:	9b13      	ldr	r3, [sp, #76]	; 0x4c
100033cc:	4656      	mov	r6, sl
100033ce:	4698      	mov	r8, r3
100033d0:	46aa      	mov	sl, r5
100033d2:	465c      	mov	r4, fp
100033d4:	9d12      	ldr	r5, [sp, #72]	; 0x48
100033d6:	e576      	b.n	10002ec6 <_vsnprintf+0x5c6>
100033d8:	c908      	ldmia	r1!, {r3}
100033da:	17d8      	asrs	r0, r3, #31
100033dc:	181a      	adds	r2, r3, r0
100033de:	4042      	eors	r2, r0
100033e0:	9109      	str	r1, [sp, #36]	; 0x24
100033e2:	f7ff fb8a 	bl	10002afa <_vsnprintf+0x1fa>
100033e6:	2300      	movs	r3, #0
100033e8:	930b      	str	r3, [sp, #44]	; 0x2c
100033ea:	e450      	b.n	10002c8e <_vsnprintf+0x38e>
100033ec:	9b09      	ldr	r3, [sp, #36]	; 0x24
100033ee:	cb04      	ldmia	r3!, {r2}
100033f0:	4693      	mov	fp, r2
100033f2:	9309      	str	r3, [sp, #36]	; 0x24
100033f4:	e559      	b.n	10002eaa <_vsnprintf+0x5aa>
100033f6:	002f      	movs	r7, r5
100033f8:	e5bb      	b.n	10002f72 <_vsnprintf+0x672>
100033fa:	930b      	str	r3, [sp, #44]	; 0x2c
100033fc:	e601      	b.n	10003002 <_vsnprintf+0x702>
100033fe:	3b06      	subs	r3, #6
10003400:	930c      	str	r3, [sp, #48]	; 0x30
10003402:	e69a      	b.n	1000313a <_vsnprintf+0x83a>

10003404 <vfctprintf>:
10003404:	b500      	push	{lr}
10003406:	b085      	sub	sp, #20
10003408:	9103      	str	r1, [sp, #12]
1000340a:	2101      	movs	r1, #1
1000340c:	9002      	str	r0, [sp, #8]
1000340e:	9300      	str	r3, [sp, #0]
10003410:	4803      	ldr	r0, [pc, #12]	; (10003420 <vfctprintf+0x1c>)
10003412:	0013      	movs	r3, r2
10003414:	424a      	negs	r2, r1
10003416:	a902      	add	r1, sp, #8
10003418:	f7ff fa72 	bl	10002900 <_vsnprintf>
1000341c:	b005      	add	sp, #20
1000341e:	bd00      	pop	{pc}
10003420:	1000210d 	.word	0x1000210d

10003424 <weak_raw_vprintf>:
10003424:	b510      	push	{r4, lr}
10003426:	4a09      	ldr	r2, [pc, #36]	; (1000344c <weak_raw_vprintf+0x28>)
10003428:	0003      	movs	r3, r0
1000342a:	6814      	ldr	r4, [r2, #0]
1000342c:	b084      	sub	sp, #16
1000342e:	2c00      	cmp	r4, #0
10003430:	d008      	beq.n	10003444 <weak_raw_vprintf+0x20>
10003432:	2201      	movs	r2, #1
10003434:	9100      	str	r1, [sp, #0]
10003436:	4806      	ldr	r0, [pc, #24]	; (10003450 <weak_raw_vprintf+0x2c>)
10003438:	4252      	negs	r2, r2
1000343a:	a903      	add	r1, sp, #12
1000343c:	47a0      	blx	r4
1000343e:	2001      	movs	r0, #1
10003440:	b004      	add	sp, #16
10003442:	bd10      	pop	{r4, pc}
10003444:	f000 fdac 	bl	10003fa0 <__wrap_puts>
10003448:	2000      	movs	r0, #0
1000344a:	e7f9      	b.n	10003440 <weak_raw_vprintf+0x1c>
1000344c:	200024ec 	.word	0x200024ec
10003450:	100020fd 	.word	0x100020fd

10003454 <__aeabi_bits_init>:
10003454:	4801      	ldr	r0, [pc, #4]	; (1000345c <__aeabi_bits_init+0x8>)
10003456:	2104      	movs	r1, #4
10003458:	4b01      	ldr	r3, [pc, #4]	; (10003460 <__aeabi_bits_init+0xc>)
1000345a:	4718      	bx	r3
1000345c:	200013e0 	.word	0x200013e0
10003460:	10003485 	.word	0x10003485

10003464 <rom_func_lookup>:
10003464:	2314      	movs	r3, #20
10003466:	b510      	push	{r4, lr}
10003468:	0001      	movs	r1, r0
1000346a:	8818      	ldrh	r0, [r3, #0]
1000346c:	3304      	adds	r3, #4
1000346e:	881b      	ldrh	r3, [r3, #0]
10003470:	4798      	blx	r3
10003472:	bd10      	pop	{r4, pc}

10003474 <rom_data_lookup>:
10003474:	2316      	movs	r3, #22
10003476:	b510      	push	{r4, lr}
10003478:	0001      	movs	r1, r0
1000347a:	8818      	ldrh	r0, [r3, #0]
1000347c:	3302      	adds	r3, #2
1000347e:	881b      	ldrh	r3, [r3, #0]
10003480:	4798      	blx	r3
10003482:	bd10      	pop	{r4, pc}

10003484 <rom_funcs_lookup>:
10003484:	b5f8      	push	{r3, r4, r5, r6, r7, lr}
10003486:	4647      	mov	r7, r8
10003488:	46ce      	mov	lr, r9
1000348a:	b580      	push	{r7, lr}
1000348c:	1e0f      	subs	r7, r1, #0
1000348e:	d019      	beq.n	100034c4 <rom_funcs_lookup+0x40>
10003490:	2314      	movs	r3, #20
10003492:	4699      	mov	r9, r3
10003494:	3304      	adds	r3, #4
10003496:	0004      	movs	r4, r0
10003498:	2500      	movs	r5, #0
1000349a:	2601      	movs	r6, #1
1000349c:	4698      	mov	r8, r3
1000349e:	464b      	mov	r3, r9
100034a0:	8818      	ldrh	r0, [r3, #0]
100034a2:	4643      	mov	r3, r8
100034a4:	6821      	ldr	r1, [r4, #0]
100034a6:	881b      	ldrh	r3, [r3, #0]
100034a8:	4798      	blx	r3
100034aa:	c401      	stmia	r4!, {r0}
100034ac:	1e43      	subs	r3, r0, #1
100034ae:	4198      	sbcs	r0, r3
100034b0:	3501      	adds	r5, #1
100034b2:	4240      	negs	r0, r0
100034b4:	4006      	ands	r6, r0
100034b6:	42af      	cmp	r7, r5
100034b8:	d1f1      	bne.n	1000349e <rom_funcs_lookup+0x1a>
100034ba:	0030      	movs	r0, r6
100034bc:	bcc0      	pop	{r6, r7}
100034be:	46b9      	mov	r9, r7
100034c0:	46b0      	mov	r8, r6
100034c2:	bdf8      	pop	{r3, r4, r5, r6, r7, pc}
100034c4:	2601      	movs	r6, #1
100034c6:	e7f8      	b.n	100034ba <rom_funcs_lookup+0x36>

100034c8 <__wrap___aeabi_idiv>:
100034c8:	4a12      	ldr	r2, [pc, #72]	; (10003514 <divmod_s32s32_savestate+0x18>)
100034ca:	6f93      	ldr	r3, [r2, #120]	; 0x78
100034cc:	089b      	lsrs	r3, r3, #2
100034ce:	d215      	bcs.n	100034fc <divmod_s32s32_savestate>

100034d0 <divmod_s32s32_unsafe>:
100034d0:	6690      	str	r0, [r2, #104]	; 0x68
100034d2:	66d1      	str	r1, [r2, #108]	; 0x6c
100034d4:	2900      	cmp	r1, #0
100034d6:	d005      	beq.n	100034e4 <divmod_s32s32_unsafe+0x14>
100034d8:	e7ff      	b.n	100034da <divmod_s32s32_unsafe+0xa>
100034da:	e7ff      	b.n	100034dc <divmod_s32s32_unsafe+0xc>
100034dc:	e7ff      	b.n	100034de <divmod_s32s32_unsafe+0xe>
100034de:	6f51      	ldr	r1, [r2, #116]	; 0x74
100034e0:	6f10      	ldr	r0, [r2, #112]	; 0x70
100034e2:	4770      	bx	lr
100034e4:	b504      	push	{r2, lr}
100034e6:	2180      	movs	r1, #128	; 0x80
100034e8:	0609      	lsls	r1, r1, #24
100034ea:	17c2      	asrs	r2, r0, #31
100034ec:	4051      	eors	r1, r2
100034ee:	2800      	cmp	r0, #0
100034f0:	d000      	beq.n	100034f4 <divmod_s32s32_unsafe+0x24>
100034f2:	43c8      	mvns	r0, r1
100034f4:	f004 f808 	bl	10007508 <____aeabi_idiv0_veneer>
100034f8:	2100      	movs	r1, #0
100034fa:	bd04      	pop	{r2, pc}

100034fc <divmod_s32s32_savestate>:
100034fc:	b5f0      	push	{r4, r5, r6, r7, lr}
100034fe:	6e14      	ldr	r4, [r2, #96]	; 0x60
10003500:	6e55      	ldr	r5, [r2, #100]	; 0x64
10003502:	6f57      	ldr	r7, [r2, #116]	; 0x74
10003504:	6f16      	ldr	r6, [r2, #112]	; 0x70
10003506:	f7ff ffe3 	bl	100034d0 <divmod_s32s32_unsafe>
1000350a:	6614      	str	r4, [r2, #96]	; 0x60
1000350c:	6655      	str	r5, [r2, #100]	; 0x64
1000350e:	6757      	str	r7, [r2, #116]	; 0x74
10003510:	6716      	str	r6, [r2, #112]	; 0x70
10003512:	bdf0      	pop	{r4, r5, r6, r7, pc}
10003514:	d0000000 	.word	0xd0000000

10003518 <__wrap___aeabi_uidiv>:
10003518:	4a11      	ldr	r2, [pc, #68]	; (10003560 <divmod_u32u32_savestate+0x18>)
1000351a:	6f93      	ldr	r3, [r2, #120]	; 0x78
1000351c:	089b      	lsrs	r3, r3, #2
1000351e:	d213      	bcs.n	10003548 <divmod_u32u32_savestate>

10003520 <divmod_u32u32_unsafe>:
10003520:	6610      	str	r0, [r2, #96]	; 0x60
10003522:	6651      	str	r1, [r2, #100]	; 0x64
10003524:	2900      	cmp	r1, #0
10003526:	d005      	beq.n	10003534 <divmod_u32u32_unsafe+0x14>
10003528:	e7ff      	b.n	1000352a <divmod_u32u32_unsafe+0xa>
1000352a:	e7ff      	b.n	1000352c <divmod_u32u32_unsafe+0xc>
1000352c:	e7ff      	b.n	1000352e <divmod_u32u32_unsafe+0xe>
1000352e:	6f51      	ldr	r1, [r2, #116]	; 0x74
10003530:	6f10      	ldr	r0, [r2, #112]	; 0x70
10003532:	4770      	bx	lr
10003534:	b504      	push	{r2, lr}
10003536:	2800      	cmp	r0, #0
10003538:	d001      	beq.n	1000353e <divmod_u32u32_unsafe+0x1e>
1000353a:	2000      	movs	r0, #0
1000353c:	43c0      	mvns	r0, r0
1000353e:	f003 ffe3 	bl	10007508 <____aeabi_idiv0_veneer>
10003542:	2100      	movs	r1, #0
10003544:	bd04      	pop	{r2, pc}
10003546:	46c0      	nop			; (mov r8, r8)

10003548 <divmod_u32u32_savestate>:
10003548:	b5f0      	push	{r4, r5, r6, r7, lr}
1000354a:	6e14      	ldr	r4, [r2, #96]	; 0x60
1000354c:	6e55      	ldr	r5, [r2, #100]	; 0x64
1000354e:	6f57      	ldr	r7, [r2, #116]	; 0x74
10003550:	6f16      	ldr	r6, [r2, #112]	; 0x70
10003552:	f7ff ffe5 	bl	10003520 <divmod_u32u32_unsafe>
10003556:	6614      	str	r4, [r2, #96]	; 0x60
10003558:	6655      	str	r5, [r2, #100]	; 0x64
1000355a:	6757      	str	r7, [r2, #116]	; 0x74
1000355c:	6716      	str	r6, [r2, #112]	; 0x70
1000355e:	bdf0      	pop	{r4, r5, r6, r7, pc}
10003560:	d0000000 	.word	0xd0000000

10003564 <__wrap___aeabi_ldivmod>:
10003564:	4694      	mov	ip, r2
10003566:	4a4e      	ldr	r2, [pc, #312]	; (100036a0 <udiv0+0x1a>)
10003568:	6f92      	ldr	r2, [r2, #120]	; 0x78
1000356a:	0892      	lsrs	r2, r2, #2
1000356c:	4662      	mov	r2, ip
1000356e:	d201      	bcs.n	10003574 <divmod_s64s64_savestate>
10003570:	e030      	b.n	100035d4 <divmod_s64s64_unsafe>
10003572:	46c0      	nop			; (mov r8, r8)

10003574 <divmod_s64s64_savestate>:
10003574:	b5f0      	push	{r4, r5, r6, r7, lr}
10003576:	4e4a      	ldr	r6, [pc, #296]	; (100036a0 <udiv0+0x1a>)
10003578:	6fb5      	ldr	r5, [r6, #120]	; 0x78
1000357a:	086d      	lsrs	r5, r5, #1
1000357c:	d3fc      	bcc.n	10003578 <divmod_s64s64_savestate+0x4>
1000357e:	6e34      	ldr	r4, [r6, #96]	; 0x60
10003580:	6e75      	ldr	r5, [r6, #100]	; 0x64
10003582:	6f77      	ldr	r7, [r6, #116]	; 0x74
10003584:	6f36      	ldr	r6, [r6, #112]	; 0x70
10003586:	f000 f825 	bl	100035d4 <divmod_s64s64_unsafe>
1000358a:	4694      	mov	ip, r2
1000358c:	4a44      	ldr	r2, [pc, #272]	; (100036a0 <udiv0+0x1a>)
1000358e:	6614      	str	r4, [r2, #96]	; 0x60
10003590:	6655      	str	r5, [r2, #100]	; 0x64
10003592:	6757      	str	r7, [r2, #116]	; 0x74
10003594:	6716      	str	r6, [r2, #112]	; 0x70
10003596:	4662      	mov	r2, ip
10003598:	bdf0      	pop	{r4, r5, r6, r7, pc}
1000359a:	46c0      	nop			; (mov r8, r8)

1000359c <__wrap___aeabi_uldivmod>:
1000359c:	4694      	mov	ip, r2
1000359e:	4a40      	ldr	r2, [pc, #256]	; (100036a0 <udiv0+0x1a>)
100035a0:	6f92      	ldr	r2, [r2, #120]	; 0x78
100035a2:	0892      	lsrs	r2, r2, #2
100035a4:	4662      	mov	r2, ip
100035a6:	d201      	bcs.n	100035ac <divmod_u64u64_savestate>
100035a8:	e058      	b.n	1000365c <divmod_u64u64_unsafe>
100035aa:	46c0      	nop			; (mov r8, r8)

100035ac <divmod_u64u64_savestate>:
100035ac:	b5f0      	push	{r4, r5, r6, r7, lr}
100035ae:	4e3c      	ldr	r6, [pc, #240]	; (100036a0 <udiv0+0x1a>)
100035b0:	6fb5      	ldr	r5, [r6, #120]	; 0x78
100035b2:	086d      	lsrs	r5, r5, #1
100035b4:	d3fc      	bcc.n	100035b0 <divmod_u64u64_savestate+0x4>
100035b6:	6e34      	ldr	r4, [r6, #96]	; 0x60
100035b8:	6e75      	ldr	r5, [r6, #100]	; 0x64
100035ba:	6f77      	ldr	r7, [r6, #116]	; 0x74
100035bc:	6f36      	ldr	r6, [r6, #112]	; 0x70
100035be:	f000 f84d 	bl	1000365c <divmod_u64u64_unsafe>
100035c2:	4694      	mov	ip, r2
100035c4:	4a36      	ldr	r2, [pc, #216]	; (100036a0 <udiv0+0x1a>)
100035c6:	6614      	str	r4, [r2, #96]	; 0x60
100035c8:	6655      	str	r5, [r2, #100]	; 0x64
100035ca:	6757      	str	r7, [r2, #116]	; 0x74
100035cc:	6716      	str	r6, [r2, #112]	; 0x70
100035ce:	4662      	mov	r2, ip
100035d0:	bdf0      	pop	{r4, r5, r6, r7, pc}
100035d2:	46c0      	nop			; (mov r8, r8)

100035d4 <divmod_s64s64_unsafe>:
100035d4:	2b00      	cmp	r3, #0
100035d6:	db24      	blt.n	10003622 <l41_1+0x26>
100035d8:	d011      	beq.n	100035fe <l41_1+0x2>
100035da:	2900      	cmp	r1, #0
100035dc:	da3e      	bge.n	1000365c <divmod_u64u64_unsafe>
100035de:	b500      	push	{lr}
100035e0:	43c9      	mvns	r1, r1
100035e2:	4240      	negs	r0, r0
100035e4:	d100      	bne.n	100035e8 <l39_1>
100035e6:	3101      	adds	r1, #1

100035e8 <l39_1>:
100035e8:	f000 f838 	bl	1000365c <divmod_u64u64_unsafe>
100035ec:	43c9      	mvns	r1, r1
100035ee:	4240      	negs	r0, r0
100035f0:	d100      	bne.n	100035f4 <l40_1>
100035f2:	3101      	adds	r1, #1

100035f4 <l40_1>:
100035f4:	43db      	mvns	r3, r3
100035f6:	4252      	negs	r2, r2
100035f8:	d100      	bne.n	100035fc <l41_1>
100035fa:	3301      	adds	r3, #1

100035fc <l41_1>:
100035fc:	bd00      	pop	{pc}
100035fe:	2a00      	cmp	r2, #0
10003600:	d1eb      	bne.n	100035da <divmod_s64s64_unsafe+0x6>
10003602:	2800      	cmp	r0, #0
10003604:	d101      	bne.n	1000360a <l41_1+0xe>
10003606:	2900      	cmp	r1, #0
10003608:	d005      	beq.n	10003616 <l41_1+0x1a>
1000360a:	2000      	movs	r0, #0
1000360c:	0fc9      	lsrs	r1, r1, #31
1000360e:	07c9      	lsls	r1, r1, #31
10003610:	d101      	bne.n	10003616 <l41_1+0x1a>
10003612:	43c0      	mvns	r0, r0
10003614:	0841      	lsrs	r1, r0, #1
10003616:	b500      	push	{lr}
10003618:	f003 ff6e 	bl	100074f8 <____aeabi_ldiv0_veneer>
1000361c:	2200      	movs	r2, #0
1000361e:	2300      	movs	r3, #0
10003620:	bd00      	pop	{pc}
10003622:	b500      	push	{lr}
10003624:	2900      	cmp	r1, #0
10003626:	db0a      	blt.n	1000363e <l43_1+0x2>
10003628:	43db      	mvns	r3, r3
1000362a:	4252      	negs	r2, r2
1000362c:	d100      	bne.n	10003630 <l42_1>
1000362e:	3301      	adds	r3, #1

10003630 <l42_1>:
10003630:	f000 f814 	bl	1000365c <divmod_u64u64_unsafe>
10003634:	43c9      	mvns	r1, r1
10003636:	4240      	negs	r0, r0
10003638:	d100      	bne.n	1000363c <l43_1>
1000363a:	3101      	adds	r1, #1

1000363c <l43_1>:
1000363c:	bd00      	pop	{pc}
1000363e:	43c9      	mvns	r1, r1
10003640:	4240      	negs	r0, r0
10003642:	d100      	bne.n	10003646 <l44_1>
10003644:	3101      	adds	r1, #1

10003646 <l44_1>:
10003646:	43db      	mvns	r3, r3
10003648:	4252      	negs	r2, r2
1000364a:	d100      	bne.n	1000364e <l45_1>
1000364c:	3301      	adds	r3, #1

1000364e <l45_1>:
1000364e:	f000 f805 	bl	1000365c <divmod_u64u64_unsafe>
10003652:	43db      	mvns	r3, r3
10003654:	4252      	negs	r2, r2
10003656:	d100      	bne.n	1000365a <l46_1>
10003658:	3301      	adds	r3, #1

1000365a <l46_1>:
1000365a:	bd00      	pop	{pc}

1000365c <divmod_u64u64_unsafe>:
1000365c:	2900      	cmp	r1, #0
1000365e:	d123      	bne.n	100036a8 <y64>
10003660:	2b00      	cmp	r3, #0
10003662:	d118      	bne.n	10003696 <udiv0+0x10>
10003664:	2a00      	cmp	r2, #0
10003666:	d00c      	beq.n	10003682 <divmod_u64u64_unsafe+0x26>
10003668:	46bc      	mov	ip, r7
1000366a:	4f0d      	ldr	r7, [pc, #52]	; (100036a0 <udiv0+0x1a>)
1000366c:	6638      	str	r0, [r7, #96]	; 0x60
1000366e:	667a      	str	r2, [r7, #100]	; 0x64
10003670:	2100      	movs	r1, #0
10003672:	2300      	movs	r3, #0
10003674:	e7ff      	b.n	10003676 <divmod_u64u64_unsafe+0x1a>
10003676:	e7ff      	b.n	10003678 <divmod_u64u64_unsafe+0x1c>
10003678:	e7ff      	b.n	1000367a <divmod_u64u64_unsafe+0x1e>
1000367a:	6f7a      	ldr	r2, [r7, #116]	; 0x74
1000367c:	6f38      	ldr	r0, [r7, #112]	; 0x70
1000367e:	4667      	mov	r7, ip
10003680:	4770      	bx	lr
10003682:	2800      	cmp	r0, #0
10003684:	d001      	beq.n	1000368a <udiv0+0x4>

10003686 <udiv0>:
10003686:	4807      	ldr	r0, [pc, #28]	; (100036a4 <udiv0+0x1e>)
10003688:	0001      	movs	r1, r0
1000368a:	b500      	push	{lr}
1000368c:	f003 ff34 	bl	100074f8 <____aeabi_ldiv0_veneer>
10003690:	2200      	movs	r2, #0
10003692:	2300      	movs	r3, #0
10003694:	bd00      	pop	{pc}
10003696:	0002      	movs	r2, r0
10003698:	000b      	movs	r3, r1
1000369a:	2000      	movs	r0, #0
1000369c:	2100      	movs	r1, #0
1000369e:	4770      	bx	lr
100036a0:	d0000000 	.word	0xd0000000
100036a4:	ffffffff 	.word	0xffffffff

100036a8 <y64>:
100036a8:	2b00      	cmp	r3, #0
100036aa:	d000      	beq.n	100036ae <y64+0x6>
100036ac:	e0bf      	b.n	1000382e <y64_x48>
100036ae:	0c13      	lsrs	r3, r2, #16
100036b0:	d128      	bne.n	10003704 <y64_x32>
100036b2:	2a00      	cmp	r2, #0
100036b4:	d0e7      	beq.n	10003686 <udiv0>
100036b6:	b480      	push	{r7}
100036b8:	4f11      	ldr	r7, [pc, #68]	; (10003700 <y64+0x58>)
100036ba:	6639      	str	r1, [r7, #96]	; 0x60
100036bc:	667a      	str	r2, [r7, #100]	; 0x64
100036be:	e7ff      	b.n	100036c0 <y64+0x18>
100036c0:	e7ff      	b.n	100036c2 <y64+0x1a>
100036c2:	b430      	push	{r4, r5}
100036c4:	0c04      	lsrs	r4, r0, #16
100036c6:	6f7b      	ldr	r3, [r7, #116]	; 0x74
100036c8:	6f39      	ldr	r1, [r7, #112]	; 0x70
100036ca:	041b      	lsls	r3, r3, #16
100036cc:	4323      	orrs	r3, r4
100036ce:	663b      	str	r3, [r7, #96]	; 0x60
100036d0:	667a      	str	r2, [r7, #100]	; 0x64
100036d2:	e7ff      	b.n	100036d4 <y64+0x2c>
100036d4:	e7ff      	b.n	100036d6 <y64+0x2e>
100036d6:	e7ff      	b.n	100036d8 <y64+0x30>
100036d8:	46c0      	nop			; (mov r8, r8)
100036da:	b284      	uxth	r4, r0
100036dc:	6f7b      	ldr	r3, [r7, #116]	; 0x74
100036de:	6f3d      	ldr	r5, [r7, #112]	; 0x70
100036e0:	041b      	lsls	r3, r3, #16
100036e2:	4323      	orrs	r3, r4
100036e4:	663b      	str	r3, [r7, #96]	; 0x60
100036e6:	667a      	str	r2, [r7, #100]	; 0x64
100036e8:	e7ff      	b.n	100036ea <y64+0x42>
100036ea:	e7ff      	b.n	100036ec <y64+0x44>
100036ec:	46c0      	nop			; (mov r8, r8)
100036ee:	2300      	movs	r3, #0
100036f0:	042c      	lsls	r4, r5, #16
100036f2:	0c2d      	lsrs	r5, r5, #16
100036f4:	6f7a      	ldr	r2, [r7, #116]	; 0x74
100036f6:	6f38      	ldr	r0, [r7, #112]	; 0x70
100036f8:	1900      	adds	r0, r0, r4
100036fa:	4169      	adcs	r1, r5
100036fc:	bcb0      	pop	{r4, r5, r7}
100036fe:	4770      	bx	lr
10003700:	d0000000 	.word	0xd0000000

10003704 <y64_x32>:
10003704:	b5f0      	push	{r4, r5, r6, r7, lr}
10003706:	4694      	mov	ip, r2
10003708:	2500      	movs	r5, #0
1000370a:	0e14      	lsrs	r4, r2, #24
1000370c:	d101      	bne.n	10003712 <y64_x32+0xe>
1000370e:	0212      	lsls	r2, r2, #8
10003710:	3508      	adds	r5, #8
10003712:	0f14      	lsrs	r4, r2, #28
10003714:	d101      	bne.n	1000371a <y64_x32+0x16>
10003716:	0112      	lsls	r2, r2, #4
10003718:	3504      	adds	r5, #4
1000371a:	0f94      	lsrs	r4, r2, #30
1000371c:	d101      	bne.n	10003722 <y64_x32+0x1e>
1000371e:	0092      	lsls	r2, r2, #2
10003720:	3502      	adds	r5, #2
10003722:	0fd4      	lsrs	r4, r2, #31
10003724:	d101      	bne.n	1000372a <y64_x32+0x26>
10003726:	0052      	lsls	r2, r2, #1
10003728:	3501      	adds	r5, #1
1000372a:	0bd4      	lsrs	r4, r2, #15
1000372c:	3401      	adds	r4, #1
1000372e:	4f25      	ldr	r7, [pc, #148]	; (100037c4 <y64_x32+0xc0>)
10003730:	667c      	str	r4, [r7, #100]	; 0x64
10003732:	4c25      	ldr	r4, [pc, #148]	; (100037c8 <y64_x32+0xc4>)
10003734:	663c      	str	r4, [r7, #96]	; 0x60
10003736:	0c0e      	lsrs	r6, r1, #16
10003738:	b293      	uxth	r3, r2
1000373a:	e7ff      	b.n	1000373c <y64_x32+0x38>
1000373c:	e7ff      	b.n	1000373e <y64_x32+0x3a>
1000373e:	e7ff      	b.n	10003740 <y64_x32+0x3c>
10003740:	6f3c      	ldr	r4, [r7, #112]	; 0x70
10003742:	4366      	muls	r6, r4
10003744:	0c36      	lsrs	r6, r6, #16
10003746:	0377      	lsls	r7, r6, #13
10003748:	46be      	mov	lr, r7
1000374a:	4373      	muls	r3, r6
1000374c:	0bdf      	lsrs	r7, r3, #15
1000374e:	045b      	lsls	r3, r3, #17
10003750:	1ac0      	subs	r0, r0, r3
10003752:	41b9      	sbcs	r1, r7
10003754:	0c13      	lsrs	r3, r2, #16
10003756:	4373      	muls	r3, r6
10003758:	18db      	adds	r3, r3, r3
1000375a:	1ac9      	subs	r1, r1, r3
1000375c:	08ce      	lsrs	r6, r1, #3
1000375e:	4366      	muls	r6, r4
10003760:	0c36      	lsrs	r6, r6, #16
10003762:	44b6      	add	lr, r6
10003764:	b293      	uxth	r3, r2
10003766:	4373      	muls	r3, r6
10003768:	0f1f      	lsrs	r7, r3, #28
1000376a:	011b      	lsls	r3, r3, #4
1000376c:	1ac0      	subs	r0, r0, r3
1000376e:	41b9      	sbcs	r1, r7
10003770:	0c13      	lsrs	r3, r2, #16
10003772:	4373      	muls	r3, r6
10003774:	0b1f      	lsrs	r7, r3, #12
10003776:	051b      	lsls	r3, r3, #20
10003778:	1ac0      	subs	r0, r0, r3
1000377a:	41b9      	sbcs	r1, r7
1000377c:	0d86      	lsrs	r6, r0, #22
1000377e:	028f      	lsls	r7, r1, #10
10003780:	433e      	orrs	r6, r7
10003782:	4366      	muls	r6, r4
10003784:	0c36      	lsrs	r6, r6, #16
10003786:	2d09      	cmp	r5, #9
10003788:	db24      	blt.n	100037d4 <last0>
1000378a:	0a52      	lsrs	r2, r2, #9
1000378c:	4372      	muls	r2, r6
1000378e:	1a80      	subs	r0, r0, r2
10003790:	0377      	lsls	r7, r6, #13
10003792:	0a46      	lsrs	r6, r0, #9
10003794:	4366      	muls	r6, r4
10003796:	0c36      	lsrs	r6, r6, #16
10003798:	2316      	movs	r3, #22
1000379a:	1b5b      	subs	r3, r3, r5
1000379c:	40de      	lsrs	r6, r3
1000379e:	40df      	lsrs	r7, r3
100037a0:	19bf      	adds	r7, r7, r6
100037a2:	4664      	mov	r4, ip
100037a4:	4366      	muls	r6, r4
100037a6:	1b82      	subs	r2, r0, r6
100037a8:	4670      	mov	r0, lr
100037aa:	3504      	adds	r5, #4
100037ac:	3306      	adds	r3, #6
100037ae:	0001      	movs	r1, r0
100037b0:	40d9      	lsrs	r1, r3
100037b2:	40a8      	lsls	r0, r5
100037b4:	19c0      	adds	r0, r0, r7
100037b6:	d300      	bcc.n	100037ba <y64_x32+0xb6>
100037b8:	3101      	adds	r1, #1
100037ba:	42a2      	cmp	r2, r4
100037bc:	d206      	bcs.n	100037cc <y64_x32+0xc8>
100037be:	2300      	movs	r3, #0
100037c0:	bdf0      	pop	{r4, r5, r6, r7, pc}
100037c2:	0000      	.short	0x0000
100037c4:	d0000000 	.word	0xd0000000
100037c8:	ffffffff 	.word	0xffffffff
100037cc:	1b12      	subs	r2, r2, r4
100037ce:	3001      	adds	r0, #1
100037d0:	d3f3      	bcc.n	100037ba <y64_x32+0xb6>
100037d2:	e7f1      	b.n	100037b8 <y64_x32+0xb4>

100037d4 <last0>:
100037d4:	2709      	movs	r7, #9
100037d6:	1b7f      	subs	r7, r7, r5
100037d8:	40fe      	lsrs	r6, r7
100037da:	4664      	mov	r4, ip
100037dc:	b2a2      	uxth	r2, r4
100037de:	4372      	muls	r2, r6
100037e0:	1a80      	subs	r0, r0, r2
100037e2:	d200      	bcs.n	100037e6 <last0+0x12>
100037e4:	3901      	subs	r1, #1
100037e6:	0c22      	lsrs	r2, r4, #16
100037e8:	4372      	muls	r2, r6
100037ea:	0c13      	lsrs	r3, r2, #16
100037ec:	0412      	lsls	r2, r2, #16
100037ee:	1a82      	subs	r2, r0, r2
100037f0:	4199      	sbcs	r1, r3
100037f2:	000b      	movs	r3, r1
100037f4:	4670      	mov	r0, lr
100037f6:	3504      	adds	r5, #4
100037f8:	3713      	adds	r7, #19
100037fa:	0001      	movs	r1, r0
100037fc:	40f9      	lsrs	r1, r7
100037fe:	40a8      	lsls	r0, r5
10003800:	1980      	adds	r0, r0, r6
10003802:	d300      	bcc.n	10003806 <last0+0x32>
10003804:	3101      	adds	r1, #1
10003806:	2b00      	cmp	r3, #0
10003808:	d102      	bne.n	10003810 <last0+0x3c>
1000380a:	42a2      	cmp	r2, r4
1000380c:	d20a      	bcs.n	10003824 <last0+0x50>
1000380e:	bdf0      	pop	{r4, r5, r6, r7, pc}
10003810:	3001      	adds	r0, #1
10003812:	d300      	bcc.n	10003816 <last0+0x42>
10003814:	3101      	adds	r1, #1
10003816:	1b12      	subs	r2, r2, r4
10003818:	d2fa      	bcs.n	10003810 <last0+0x3c>
1000381a:	3b01      	subs	r3, #1
1000381c:	d1f8      	bne.n	10003810 <last0+0x3c>
1000381e:	42a2      	cmp	r2, r4
10003820:	d200      	bcs.n	10003824 <last0+0x50>
10003822:	bdf0      	pop	{r4, r5, r6, r7, pc}
10003824:	3001      	adds	r0, #1
10003826:	d300      	bcc.n	1000382a <last0+0x56>
10003828:	3101      	adds	r1, #1
1000382a:	1b12      	subs	r2, r2, r4
1000382c:	e7f7      	b.n	1000381e <last0+0x4a>

1000382e <y64_x48>:
1000382e:	b5f0      	push	{r4, r5, r6, r7, lr}
10003830:	0c1c      	lsrs	r4, r3, #16
10003832:	d000      	beq.n	10003836 <y64_x48+0x8>
10003834:	e080      	b.n	10003938 <y64_x64>
10003836:	b40c      	push	{r2, r3}
10003838:	2500      	movs	r5, #0
1000383a:	0a1c      	lsrs	r4, r3, #8
1000383c:	d104      	bne.n	10003848 <y64_x48+0x1a>
1000383e:	021b      	lsls	r3, r3, #8
10003840:	0e16      	lsrs	r6, r2, #24
10003842:	4333      	orrs	r3, r6
10003844:	0212      	lsls	r2, r2, #8
10003846:	3508      	adds	r5, #8
10003848:	0b1c      	lsrs	r4, r3, #12
1000384a:	d104      	bne.n	10003856 <y64_x48+0x28>
1000384c:	011b      	lsls	r3, r3, #4
1000384e:	0f16      	lsrs	r6, r2, #28
10003850:	4333      	orrs	r3, r6
10003852:	0112      	lsls	r2, r2, #4
10003854:	3504      	adds	r5, #4
10003856:	0b9c      	lsrs	r4, r3, #14
10003858:	d104      	bne.n	10003864 <y64_x48+0x36>
1000385a:	009b      	lsls	r3, r3, #2
1000385c:	0f96      	lsrs	r6, r2, #30
1000385e:	4333      	orrs	r3, r6
10003860:	0092      	lsls	r2, r2, #2
10003862:	3502      	adds	r5, #2
10003864:	0bdc      	lsrs	r4, r3, #15
10003866:	d102      	bne.n	1000386e <y64_x48+0x40>
10003868:	1892      	adds	r2, r2, r2
1000386a:	415b      	adcs	r3, r3
1000386c:	3501      	adds	r5, #1
1000386e:	001c      	movs	r4, r3
10003870:	1897      	adds	r7, r2, r2
10003872:	4164      	adcs	r4, r4
10003874:	3401      	adds	r4, #1
10003876:	4f46      	ldr	r7, [pc, #280]	; (10003990 <y64_x64+0x58>)
10003878:	667c      	str	r4, [r7, #100]	; 0x64
1000387a:	4c46      	ldr	r4, [pc, #280]	; (10003994 <y64_x64+0x5c>)
1000387c:	663c      	str	r4, [r7, #96]	; 0x60
1000387e:	0c0e      	lsrs	r6, r1, #16
10003880:	e7ff      	b.n	10003882 <y64_x48+0x54>
10003882:	e7ff      	b.n	10003884 <y64_x48+0x56>
10003884:	e7ff      	b.n	10003886 <y64_x48+0x58>
10003886:	46c0      	nop			; (mov r8, r8)
10003888:	6f3c      	ldr	r4, [r7, #112]	; 0x70
1000388a:	4366      	muls	r6, r4
1000388c:	0c36      	lsrs	r6, r6, #16
1000388e:	0377      	lsls	r7, r6, #13
10003890:	46be      	mov	lr, r7
10003892:	b297      	uxth	r7, r2
10003894:	4377      	muls	r7, r6
10003896:	1bc0      	subs	r0, r0, r7
10003898:	d200      	bcs.n	1000389c <y64_x48+0x6e>
1000389a:	3901      	subs	r1, #1
1000389c:	1bc0      	subs	r0, r0, r7
1000389e:	d200      	bcs.n	100038a2 <y64_x48+0x74>
100038a0:	3901      	subs	r1, #1
100038a2:	b29f      	uxth	r7, r3
100038a4:	4377      	muls	r7, r6
100038a6:	1bc9      	subs	r1, r1, r7
100038a8:	1bc9      	subs	r1, r1, r7
100038aa:	0c17      	lsrs	r7, r2, #16
100038ac:	4377      	muls	r7, r6
100038ae:	047e      	lsls	r6, r7, #17
100038b0:	0bff      	lsrs	r7, r7, #15
100038b2:	1b80      	subs	r0, r0, r6
100038b4:	41b9      	sbcs	r1, r7
100038b6:	08ce      	lsrs	r6, r1, #3
100038b8:	4366      	muls	r6, r4
100038ba:	0c36      	lsrs	r6, r6, #16
100038bc:	2d0c      	cmp	r5, #12
100038be:	db33      	blt.n	10003928 <last1>
100038c0:	44b6      	add	lr, r6
100038c2:	0b12      	lsrs	r2, r2, #12
100038c4:	051f      	lsls	r7, r3, #20
100038c6:	433a      	orrs	r2, r7
100038c8:	0b1b      	lsrs	r3, r3, #12
100038ca:	b297      	uxth	r7, r2
100038cc:	4377      	muls	r7, r6
100038ce:	1bc0      	subs	r0, r0, r7
100038d0:	d200      	bcs.n	100038d4 <y64_x48+0xa6>
100038d2:	3901      	subs	r1, #1
100038d4:	b29f      	uxth	r7, r3
100038d6:	4377      	muls	r7, r6
100038d8:	1bc9      	subs	r1, r1, r7
100038da:	0c17      	lsrs	r7, r2, #16
100038dc:	4377      	muls	r7, r6
100038de:	043e      	lsls	r6, r7, #16
100038e0:	0c3f      	lsrs	r7, r7, #16
100038e2:	1b80      	subs	r0, r0, r6
100038e4:	41b9      	sbcs	r1, r7
100038e6:	0d86      	lsrs	r6, r0, #22
100038e8:	028f      	lsls	r7, r1, #10
100038ea:	433e      	orrs	r6, r7
100038ec:	4366      	muls	r6, r4
100038ee:	2729      	movs	r7, #41	; 0x29
100038f0:	1b7f      	subs	r7, r7, r5
100038f2:	40fe      	lsrs	r6, r7
100038f4:	3d0c      	subs	r5, #12
100038f6:	4677      	mov	r7, lr
100038f8:	40af      	lsls	r7, r5
100038fa:	19bf      	adds	r7, r7, r6
100038fc:	bc30      	pop	{r4, r5}
100038fe:	b2a2      	uxth	r2, r4
10003900:	b2ab      	uxth	r3, r5
10003902:	4372      	muls	r2, r6
10003904:	4373      	muls	r3, r6
10003906:	1a80      	subs	r0, r0, r2
10003908:	4199      	sbcs	r1, r3
1000390a:	0c22      	lsrs	r2, r4, #16
1000390c:	4372      	muls	r2, r6
1000390e:	0c13      	lsrs	r3, r2, #16
10003910:	0412      	lsls	r2, r2, #16
10003912:	1a80      	subs	r0, r0, r2
10003914:	4199      	sbcs	r1, r3
10003916:	0002      	movs	r2, r0
10003918:	000b      	movs	r3, r1
1000391a:	3701      	adds	r7, #1
1000391c:	1b00      	subs	r0, r0, r4
1000391e:	41a9      	sbcs	r1, r5
10003920:	d2f9      	bcs.n	10003916 <y64_x48+0xe8>
10003922:	1e78      	subs	r0, r7, #1
10003924:	2100      	movs	r1, #0
10003926:	bdf0      	pop	{r4, r5, r6, r7, pc}

10003928 <last1>:
10003928:	270c      	movs	r7, #12
1000392a:	1b7f      	subs	r7, r7, r5
1000392c:	40fe      	lsrs	r6, r7
1000392e:	4677      	mov	r7, lr
10003930:	0b7f      	lsrs	r7, r7, #13
10003932:	40af      	lsls	r7, r5
10003934:	19ff      	adds	r7, r7, r7
10003936:	e7e0      	b.n	100038fa <y64_x48+0xcc>

10003938 <y64_x64>:
10003938:	2400      	movs	r4, #0
1000393a:	1c5d      	adds	r5, r3, #1
1000393c:	d007      	beq.n	1000394e <y64_x64+0x16>
1000393e:	4f14      	ldr	r7, [pc, #80]	; (10003990 <y64_x64+0x58>)
10003940:	667d      	str	r5, [r7, #100]	; 0x64
10003942:	6639      	str	r1, [r7, #96]	; 0x60
10003944:	e7ff      	b.n	10003946 <y64_x64+0xe>
10003946:	e7ff      	b.n	10003948 <y64_x64+0x10>
10003948:	e7ff      	b.n	1000394a <y64_x64+0x12>
1000394a:	e7ff      	b.n	1000394c <y64_x64+0x14>
1000394c:	6f3c      	ldr	r4, [r7, #112]	; 0x70
1000394e:	b295      	uxth	r5, r2
10003950:	b29e      	uxth	r6, r3
10003952:	4365      	muls	r5, r4
10003954:	4366      	muls	r6, r4
10003956:	1b40      	subs	r0, r0, r5
10003958:	41b1      	sbcs	r1, r6
1000395a:	0c15      	lsrs	r5, r2, #16
1000395c:	0c1e      	lsrs	r6, r3, #16
1000395e:	4365      	muls	r5, r4
10003960:	4366      	muls	r6, r4
10003962:	0436      	lsls	r6, r6, #16
10003964:	0c2f      	lsrs	r7, r5, #16
10003966:	433e      	orrs	r6, r7
10003968:	042d      	lsls	r5, r5, #16
1000396a:	1b40      	subs	r0, r0, r5
1000396c:	41b1      	sbcs	r1, r6
1000396e:	4299      	cmp	r1, r3
10003970:	d204      	bcs.n	1000397c <y64_x64+0x44>
10003972:	0002      	movs	r2, r0
10003974:	000b      	movs	r3, r1
10003976:	0020      	movs	r0, r4
10003978:	2100      	movs	r1, #0
1000397a:	bdf0      	pop	{r4, r5, r6, r7, pc}
1000397c:	d101      	bne.n	10003982 <y64_x64+0x4a>
1000397e:	4290      	cmp	r0, r2
10003980:	d3f7      	bcc.n	10003972 <y64_x64+0x3a>
10003982:	1a80      	subs	r0, r0, r2
10003984:	4199      	sbcs	r1, r3
10003986:	3401      	adds	r4, #1
10003988:	4299      	cmp	r1, r3
1000398a:	d3f2      	bcc.n	10003972 <y64_x64+0x3a>
1000398c:	e7f6      	b.n	1000397c <y64_x64+0x44>
1000398e:	0000      	.short	0x0000
10003990:	d0000000 	.word	0xd0000000
10003994:	ffffffff 	.word	0xffffffff

10003998 <__wrap___aeabi_drsub>:
10003998:	4048      	eors	r0, r1
1000399a:	4041      	eors	r1, r0
1000399c:	4048      	eors	r0, r1

1000399e <__wrap___aeabi_dsub>:
1000399e:	b418      	push	{r3, r4}
100039a0:	4b13      	ldr	r3, [pc, #76]	; (100039f0 <__wrap___aeabi_dmul+0xa>)
100039a2:	685b      	ldr	r3, [r3, #4]
100039a4:	9301      	str	r3, [sp, #4]
100039a6:	bd08      	pop	{r3, pc}

100039a8 <__wrap___aeabi_dadd>:
100039a8:	b418      	push	{r3, r4}
100039aa:	4b11      	ldr	r3, [pc, #68]	; (100039f0 <__wrap___aeabi_dmul+0xa>)
100039ac:	681b      	ldr	r3, [r3, #0]
100039ae:	9301      	str	r3, [sp, #4]
100039b0:	bd08      	pop	{r3, pc}

100039b2 <__wrap___aeabi_ddiv>:
100039b2:	4694      	mov	ip, r2
100039b4:	4a0f      	ldr	r2, [pc, #60]	; (100039f4 <__wrap___aeabi_dmul+0xe>)
100039b6:	6f92      	ldr	r2, [r2, #120]	; 0x78
100039b8:	0892      	lsrs	r2, r2, #2
100039ba:	d205      	bcs.n	100039c8 <ddiv_save_state>
100039bc:	4662      	mov	r2, ip

100039be <ddiv_shim_call>:
100039be:	b418      	push	{r3, r4}
100039c0:	4b0b      	ldr	r3, [pc, #44]	; (100039f0 <__wrap___aeabi_dmul+0xa>)
100039c2:	68db      	ldr	r3, [r3, #12]
100039c4:	9301      	str	r3, [sp, #4]
100039c6:	bd08      	pop	{r3, pc}

100039c8 <ddiv_save_state>:
100039c8:	4a0a      	ldr	r2, [pc, #40]	; (100039f4 <__wrap___aeabi_dmul+0xe>)
100039ca:	b5f0      	push	{r4, r5, r6, r7, lr}
100039cc:	6e14      	ldr	r4, [r2, #96]	; 0x60
100039ce:	6e55      	ldr	r5, [r2, #100]	; 0x64
100039d0:	6f57      	ldr	r7, [r2, #116]	; 0x74
100039d2:	6f16      	ldr	r6, [r2, #112]	; 0x70
100039d4:	4662      	mov	r2, ip
100039d6:	f7ff fff2 	bl	100039be <ddiv_shim_call>
100039da:	4a06      	ldr	r2, [pc, #24]	; (100039f4 <__wrap___aeabi_dmul+0xe>)
100039dc:	6614      	str	r4, [r2, #96]	; 0x60
100039de:	6655      	str	r5, [r2, #100]	; 0x64
100039e0:	6757      	str	r7, [r2, #116]	; 0x74
100039e2:	6716      	str	r6, [r2, #112]	; 0x70
100039e4:	bdf0      	pop	{r4, r5, r6, r7, pc}

100039e6 <__wrap___aeabi_dmul>:
100039e6:	b418      	push	{r3, r4}
100039e8:	4b01      	ldr	r3, [pc, #4]	; (100039f0 <__wrap___aeabi_dmul+0xa>)
100039ea:	689b      	ldr	r3, [r3, #8]
100039ec:	9301      	str	r3, [sp, #4]
100039ee:	bd08      	pop	{r3, pc}
100039f0:	200019a0 	.word	0x200019a0
100039f4:	d0000000 	.word	0xd0000000

100039f8 <__wrap___aeabi_cdrcmple>:
100039f8:	b5ff      	push	{r0, r1, r2, r3, r4, r5, r6, r7, lr}
100039fa:	4050      	eors	r0, r2
100039fc:	4042      	eors	r2, r0
100039fe:	4050      	eors	r0, r2
10003a00:	4059      	eors	r1, r3
10003a02:	404b      	eors	r3, r1
10003a04:	4059      	eors	r1, r3
10003a06:	e000      	b.n	10003a0a <__aeabi_dfcmple_guts>

10003a08 <__wrap___aeabi_cdcmpeq>:
10003a08:	b5ff      	push	{r0, r1, r2, r3, r4, r5, r6, r7, lr}

10003a0a <__aeabi_dfcmple_guts>:
10003a0a:	4f15      	ldr	r7, [pc, #84]	; (10003a60 <__aeabi_dfcmple_guts+0x56>)
10003a0c:	004c      	lsls	r4, r1, #1
10003a0e:	0d64      	lsrs	r4, r4, #21
10003a10:	d003      	beq.n	10003a1a <__aeabi_dfcmple_guts+0x10>
10003a12:	42bc      	cmp	r4, r7
10003a14:	d104      	bne.n	10003a20 <__aeabi_dfcmple_guts+0x16>
10003a16:	030c      	lsls	r4, r1, #12
10003a18:	d814      	bhi.n	10003a44 <__aeabi_dfcmple_guts+0x3a>
10003a1a:	2000      	movs	r0, #0
10003a1c:	0d09      	lsrs	r1, r1, #20
10003a1e:	0509      	lsls	r1, r1, #20
10003a20:	005c      	lsls	r4, r3, #1
10003a22:	0d64      	lsrs	r4, r4, #21
10003a24:	d003      	beq.n	10003a2e <__aeabi_dfcmple_guts+0x24>
10003a26:	42bc      	cmp	r4, r7
10003a28:	d104      	bne.n	10003a34 <__aeabi_dfcmple_guts+0x2a>
10003a2a:	031c      	lsls	r4, r3, #12
10003a2c:	d80a      	bhi.n	10003a44 <__aeabi_dfcmple_guts+0x3a>
10003a2e:	2200      	movs	r2, #0
10003a30:	0d1b      	lsrs	r3, r3, #20
10003a32:	051b      	lsls	r3, r3, #20
10003a34:	2601      	movs	r6, #1
10003a36:	404b      	eors	r3, r1
10003a38:	d409      	bmi.n	10003a4e <__aeabi_dfcmple_guts+0x44>
10003a3a:	404b      	eors	r3, r1
10003a3c:	d503      	bpl.n	10003a46 <__aeabi_dfcmple_guts+0x3c>
10003a3e:	428b      	cmp	r3, r1
10003a40:	d100      	bne.n	10003a44 <__aeabi_dfcmple_guts+0x3a>
10003a42:	4282      	cmp	r2, r0
10003a44:	bdff      	pop	{r0, r1, r2, r3, r4, r5, r6, r7, pc}
10003a46:	4299      	cmp	r1, r3
10003a48:	d1fc      	bne.n	10003a44 <__aeabi_dfcmple_guts+0x3a>
10003a4a:	4290      	cmp	r0, r2
10003a4c:	bdff      	pop	{r0, r1, r2, r3, r4, r5, r6, r7, pc}
10003a4e:	430b      	orrs	r3, r1
10003a50:	18db      	adds	r3, r3, r3
10003a52:	4303      	orrs	r3, r0
10003a54:	4313      	orrs	r3, r2
10003a56:	d0f5      	beq.n	10003a44 <__aeabi_dfcmple_guts+0x3a>
10003a58:	43c9      	mvns	r1, r1
10003a5a:	1849      	adds	r1, r1, r1
10003a5c:	bdff      	pop	{r0, r1, r2, r3, r4, r5, r6, r7, pc}
10003a5e:	0000      	.short	0x0000
10003a60:	000007ff 	.word	0x000007ff

10003a64 <__wrap___aeabi_dcmplt>:
10003a64:	b500      	push	{lr}
10003a66:	f7ff ffcf 	bl	10003a08 <__wrap___aeabi_cdcmpeq>
10003a6a:	4180      	sbcs	r0, r0
10003a6c:	bd00      	pop	{pc}
10003a6e:	46c0      	nop			; (mov r8, r8)

10003a70 <__wrap___aeabi_dcmple>:
10003a70:	b500      	push	{lr}
10003a72:	f7ff ffc9 	bl	10003a08 <__wrap___aeabi_cdcmpeq>
10003a76:	d901      	bls.n	10003a7c <__wrap___aeabi_dcmple+0xc>
10003a78:	2000      	movs	r0, #0
10003a7a:	bd00      	pop	{pc}
10003a7c:	2001      	movs	r0, #1
10003a7e:	bd00      	pop	{pc}

10003a80 <__wrap___aeabi_dcmpge>:
10003a80:	b500      	push	{lr}
10003a82:	f7ff ffb9 	bl	100039f8 <__wrap___aeabi_cdrcmple>
10003a86:	d901      	bls.n	10003a8c <__wrap___aeabi_dcmpge+0xc>
10003a88:	2000      	movs	r0, #0
10003a8a:	bd00      	pop	{pc}
10003a8c:	2001      	movs	r0, #1
10003a8e:	bd00      	pop	{pc}

10003a90 <__wrap___aeabi_dcmpgt>:
10003a90:	b500      	push	{lr}
10003a92:	f7ff ffb1 	bl	100039f8 <__wrap___aeabi_cdrcmple>
10003a96:	4180      	sbcs	r0, r0
10003a98:	bd00      	pop	{pc}

10003a9a <__wrap___aeabi_dcmpun>:
10003a9a:	2001      	movs	r0, #1
10003a9c:	0540      	lsls	r0, r0, #21
10003a9e:	004a      	lsls	r2, r1, #1
10003aa0:	1812      	adds	r2, r2, r0
10003aa2:	d804      	bhi.n	10003aae <__wrap___aeabi_dcmpun+0x14>
10003aa4:	005a      	lsls	r2, r3, #1
10003aa6:	1812      	adds	r2, r2, r0
10003aa8:	d801      	bhi.n	10003aae <__wrap___aeabi_dcmpun+0x14>
10003aaa:	2000      	movs	r0, #0
10003aac:	4770      	bx	lr
10003aae:	2001      	movs	r0, #1
10003ab0:	4770      	bx	lr
10003ab2:	2000      	movs	r0, #0
10003ab4:	4770      	bx	lr
	...

10003ab8 <__wrap___aeabi_ui2d>:
10003ab8:	2100      	movs	r1, #0
10003aba:	2800      	cmp	r0, #0
10003abc:	d105      	bne.n	10003aca <__wrap___aeabi_i2d+0xa>
10003abe:	4770      	bx	lr

10003ac0 <__wrap___aeabi_i2d>:
10003ac0:	17c1      	asrs	r1, r0, #31
10003ac2:	4048      	eors	r0, r1
10003ac4:	1a40      	subs	r0, r0, r1
10003ac6:	d0fa      	beq.n	10003abe <__wrap___aeabi_ui2d+0x6>
10003ac8:	07c9      	lsls	r1, r1, #31
10003aca:	b513      	push	{r0, r1, r4, lr}
10003acc:	4b06      	ldr	r3, [pc, #24]	; (10003ae8 <__wrap___aeabi_i2d+0x28>)
10003ace:	681b      	ldr	r3, [r3, #0]
10003ad0:	4798      	blx	r3
10003ad2:	bc0c      	pop	{r2, r3}
10003ad4:	1c44      	adds	r4, r0, #1
10003ad6:	40a2      	lsls	r2, r4
10003ad8:	0510      	lsls	r0, r2, #20
10003ada:	0b12      	lsrs	r2, r2, #12
10003adc:	4903      	ldr	r1, [pc, #12]	; (10003aec <__wrap___aeabi_i2d+0x2c>)
10003ade:	1b09      	subs	r1, r1, r4
10003ae0:	0509      	lsls	r1, r1, #20
10003ae2:	4319      	orrs	r1, r3
10003ae4:	4311      	orrs	r1, r2
10003ae6:	bd10      	pop	{r4, pc}
10003ae8:	20002510 	.word	0x20002510
10003aec:	0000041f 	.word	0x0000041f

10003af0 <__wrap___aeabi_d2iz>:
10003af0:	b510      	push	{r4, lr}
10003af2:	004c      	lsls	r4, r1, #1
10003af4:	0d62      	lsrs	r2, r4, #21
10003af6:	2380      	movs	r3, #128	; 0x80
10003af8:	18d2      	adds	r2, r2, r3
10003afa:	00db      	lsls	r3, r3, #3
10003afc:	1ad2      	subs	r2, r2, r3
10003afe:	055b      	lsls	r3, r3, #21
10003b00:	2a7e      	cmp	r2, #126	; 0x7e
10003b02:	dd10      	ble.n	10003b26 <__wrap___aeabi_d2iz+0x36>
10003b04:	3a9e      	subs	r2, #158	; 0x9e
10003b06:	da13      	bge.n	10003b30 <__wrap___aeabi_d2iz+0x40>
10003b08:	17cc      	asrs	r4, r1, #31
10003b0a:	0309      	lsls	r1, r1, #12
10003b0c:	0849      	lsrs	r1, r1, #1
10003b0e:	4319      	orrs	r1, r3
10003b10:	4252      	negs	r2, r2
10003b12:	40d1      	lsrs	r1, r2
10003b14:	0064      	lsls	r4, r4, #1
10003b16:	3401      	adds	r4, #1
10003b18:	3215      	adds	r2, #21
10003b1a:	2a20      	cmp	r2, #32
10003b1c:	da05      	bge.n	10003b2a <__wrap___aeabi_d2iz+0x3a>
10003b1e:	40d0      	lsrs	r0, r2
10003b20:	4308      	orrs	r0, r1
10003b22:	4360      	muls	r0, r4
10003b24:	bd10      	pop	{r4, pc}
10003b26:	2000      	movs	r0, #0
10003b28:	bd10      	pop	{r4, pc}
10003b2a:	4608      	mov	r0, r1
10003b2c:	4360      	muls	r0, r4
10003b2e:	bd10      	pop	{r4, pc}
10003b30:	0fc8      	lsrs	r0, r1, #31
10003b32:	18c0      	adds	r0, r0, r3
10003b34:	3801      	subs	r0, #1
10003b36:	bd10      	pop	{r4, pc}

10003b38 <__wrap___aeabi_d2uiz>:
10003b38:	b418      	push	{r3, r4}
10003b3a:	4b02      	ldr	r3, [pc, #8]	; (10003b44 <__wrap___aeabi_d2uiz+0xc>)
10003b3c:	6a5b      	ldr	r3, [r3, #36]	; 0x24
10003b3e:	9301      	str	r3, [sp, #4]
10003b40:	bd08      	pop	{r3, pc}
10003b42:	0000      	.short	0x0000
10003b44:	200019a0 	.word	0x200019a0

10003b48 <missing_double_func_shim>:
10003b48:	b510      	push	{r4, lr}
10003b4a:	4801      	ldr	r0, [pc, #4]	; (10003b50 <missing_double_func_shim+0x8>)
10003b4c:	f7fd ff5e 	bl	10001a0c <panic>
10003b50:	10007870 	.word	0x10007870

10003b54 <__aeabi_double_init>:
10003b54:	2313      	movs	r3, #19
10003b56:	b570      	push	{r4, r5, r6, lr}
10003b58:	781d      	ldrb	r5, [r3, #0]
10003b5a:	2d01      	cmp	r5, #1
10003b5c:	d011      	beq.n	10003b82 <__aeabi_double_init+0x2e>
10003b5e:	dd35      	ble.n	10003bcc <__aeabi_double_init+0x78>
10003b60:	481c      	ldr	r0, [pc, #112]	; (10003bd4 <__aeabi_double_init+0x80>)
10003b62:	f7ff fc87 	bl	10003474 <rom_data_lookup>
10003b66:	4c1c      	ldr	r4, [pc, #112]	; (10003bd8 <__aeabi_double_init+0x84>)
10003b68:	0001      	movs	r1, r0
10003b6a:	2280      	movs	r2, #128	; 0x80
10003b6c:	0020      	movs	r0, r4
10003b6e:	f000 f8af 	bl	10003cd0 <__wrap___aeabi_memcpy>
10003b72:	2d02      	cmp	r5, #2
10003b74:	d027      	beq.n	10003bc6 <__aeabi_double_init+0x72>
10003b76:	4819      	ldr	r0, [pc, #100]	; (10003bdc <__aeabi_double_init+0x88>)
10003b78:	f7ff fc74 	bl	10003464 <rom_func_lookup>
10003b7c:	4b18      	ldr	r3, [pc, #96]	; (10003be0 <__aeabi_double_init+0x8c>)
10003b7e:	6018      	str	r0, [r3, #0]
10003b80:	bd70      	pop	{r4, r5, r6, pc}
10003b82:	4b18      	ldr	r3, [pc, #96]	; (10003be4 <__aeabi_double_init+0x90>)
10003b84:	4c14      	ldr	r4, [pc, #80]	; (10003bd8 <__aeabi_double_init+0x84>)
10003b86:	6023      	str	r3, [r4, #0]
10003b88:	6063      	str	r3, [r4, #4]
10003b8a:	60a3      	str	r3, [r4, #8]
10003b8c:	60e3      	str	r3, [r4, #12]
10003b8e:	6123      	str	r3, [r4, #16]
10003b90:	6163      	str	r3, [r4, #20]
10003b92:	61a3      	str	r3, [r4, #24]
10003b94:	61e3      	str	r3, [r4, #28]
10003b96:	6223      	str	r3, [r4, #32]
10003b98:	6263      	str	r3, [r4, #36]	; 0x24
10003b9a:	62a3      	str	r3, [r4, #40]	; 0x28
10003b9c:	62e3      	str	r3, [r4, #44]	; 0x2c
10003b9e:	6323      	str	r3, [r4, #48]	; 0x30
10003ba0:	6363      	str	r3, [r4, #52]	; 0x34
10003ba2:	63a3      	str	r3, [r4, #56]	; 0x38
10003ba4:	63e3      	str	r3, [r4, #60]	; 0x3c
10003ba6:	6423      	str	r3, [r4, #64]	; 0x40
10003ba8:	6463      	str	r3, [r4, #68]	; 0x44
10003baa:	64a3      	str	r3, [r4, #72]	; 0x48
10003bac:	64e3      	str	r3, [r4, #76]	; 0x4c
10003bae:	6523      	str	r3, [r4, #80]	; 0x50
10003bb0:	6563      	str	r3, [r4, #84]	; 0x54
10003bb2:	65a3      	str	r3, [r4, #88]	; 0x58
10003bb4:	65e3      	str	r3, [r4, #92]	; 0x5c
10003bb6:	6623      	str	r3, [r4, #96]	; 0x60
10003bb8:	6663      	str	r3, [r4, #100]	; 0x64
10003bba:	66a3      	str	r3, [r4, #104]	; 0x68
10003bbc:	66e3      	str	r3, [r4, #108]	; 0x6c
10003bbe:	6723      	str	r3, [r4, #112]	; 0x70
10003bc0:	6763      	str	r3, [r4, #116]	; 0x74
10003bc2:	67a3      	str	r3, [r4, #120]	; 0x78
10003bc4:	67e3      	str	r3, [r4, #124]	; 0x7c
10003bc6:	4b08      	ldr	r3, [pc, #32]	; (10003be8 <__aeabi_double_init+0x94>)
10003bc8:	64a3      	str	r3, [r4, #72]	; 0x48
10003bca:	e7d4      	b.n	10003b76 <__aeabi_double_init+0x22>
10003bcc:	4c02      	ldr	r4, [pc, #8]	; (10003bd8 <__aeabi_double_init+0x84>)
10003bce:	4b06      	ldr	r3, [pc, #24]	; (10003be8 <__aeabi_double_init+0x94>)
10003bd0:	64a3      	str	r3, [r4, #72]	; 0x48
10003bd2:	e7d0      	b.n	10003b76 <__aeabi_double_init+0x22>
10003bd4:	00004453 	.word	0x00004453
10003bd8:	200019a0 	.word	0x200019a0
10003bdc:	0000334c 	.word	0x0000334c
10003be0:	20002510 	.word	0x20002510
10003be4:	10003b49 	.word	0x10003b49
10003be8:	10003bed 	.word	0x10003bed

10003bec <double_table_shim_on_use_helper>:
10003bec:	b507      	push	{r0, r1, r2, lr}
10003bee:	4660      	mov	r0, ip
10003bf0:	8801      	ldrh	r1, [r0, #0]
10003bf2:	0a0a      	lsrs	r2, r1, #8
10003bf4:	3002      	adds	r0, #2
10003bf6:	2adf      	cmp	r2, #223	; 0xdf
10003bf8:	d1fa      	bne.n	10003bf0 <double_table_shim_on_use_helper+0x4>
10003bfa:	b2c9      	uxtb	r1, r1
10003bfc:	0882      	lsrs	r2, r0, #2
10003bfe:	d304      	bcc.n	10003c0a <double_table_shim_on_use_helper+0x1e>
10003c00:	8802      	ldrh	r2, [r0, #0]
10003c02:	8840      	ldrh	r0, [r0, #2]
10003c04:	0400      	lsls	r0, r0, #16
10003c06:	4310      	orrs	r0, r2
10003c08:	e000      	b.n	10003c0c <double_table_shim_on_use_helper+0x20>
10003c0a:	6800      	ldr	r0, [r0, #0]
10003c0c:	4a01      	ldr	r2, [pc, #4]	; (10003c14 <double_table_shim_on_use_helper+0x28>)
10003c0e:	5050      	str	r0, [r2, r1]
10003c10:	9003      	str	r0, [sp, #12]
10003c12:	bd07      	pop	{r0, r1, r2, pc}
10003c14:	200019a0 	.word	0x200019a0

10003c18 <__wrap___aeabi_lmul>:
10003c18:	4351      	muls	r1, r2
10003c1a:	4343      	muls	r3, r0
10003c1c:	18c9      	adds	r1, r1, r3
10003c1e:	468c      	mov	ip, r1
10003c20:	0c11      	lsrs	r1, r2, #16
10003c22:	b283      	uxth	r3, r0
10003c24:	434b      	muls	r3, r1
10003c26:	b410      	push	{r4}
10003c28:	0c04      	lsrs	r4, r0, #16
10003c2a:	4361      	muls	r1, r4
10003c2c:	b292      	uxth	r2, r2
10003c2e:	b280      	uxth	r0, r0
10003c30:	4350      	muls	r0, r2
10003c32:	4362      	muls	r2, r4
10003c34:	041c      	lsls	r4, r3, #16
10003c36:	0c1b      	lsrs	r3, r3, #16
10003c38:	1900      	adds	r0, r0, r4
10003c3a:	bc10      	pop	{r4}
10003c3c:	4159      	adcs	r1, r3
10003c3e:	0413      	lsls	r3, r2, #16
10003c40:	0c12      	lsrs	r2, r2, #16
10003c42:	18c0      	adds	r0, r0, r3
10003c44:	4151      	adcs	r1, r2
10003c46:	4461      	add	r1, ip
10003c48:	4770      	bx	lr
	...

10003c4c <missing_float_func_shim>:
10003c4c:	b510      	push	{r4, lr}
10003c4e:	4801      	ldr	r0, [pc, #4]	; (10003c54 <missing_float_func_shim+0x8>)
10003c50:	f7fd fedc 	bl	10001a0c <panic>
10003c54:	1000762c 	.word	0x1000762c

10003c58 <__aeabi_float_init>:
10003c58:	2313      	movs	r3, #19
10003c5a:	b510      	push	{r4, lr}
10003c5c:	4810      	ldr	r0, [pc, #64]	; (10003ca0 <__aeabi_float_init+0x48>)
10003c5e:	781c      	ldrb	r4, [r3, #0]
10003c60:	f7ff fc08 	bl	10003474 <rom_data_lookup>
10003c64:	0001      	movs	r1, r0
10003c66:	2c01      	cmp	r4, #1
10003c68:	d00a      	beq.n	10003c80 <__aeabi_float_init+0x28>
10003c6a:	dd03      	ble.n	10003c74 <__aeabi_float_init+0x1c>
10003c6c:	2280      	movs	r2, #128	; 0x80
10003c6e:	480d      	ldr	r0, [pc, #52]	; (10003ca4 <__aeabi_float_init+0x4c>)
10003c70:	f000 f82e 	bl	10003cd0 <__wrap___aeabi_memcpy>
10003c74:	480c      	ldr	r0, [pc, #48]	; (10003ca8 <__aeabi_float_init+0x50>)
10003c76:	f7ff fbf5 	bl	10003464 <rom_func_lookup>
10003c7a:	4b0c      	ldr	r3, [pc, #48]	; (10003cac <__aeabi_float_init+0x54>)
10003c7c:	6018      	str	r0, [r3, #0]
10003c7e:	bd10      	pop	{r4, pc}
10003c80:	4c08      	ldr	r4, [pc, #32]	; (10003ca4 <__aeabi_float_init+0x4c>)
10003c82:	2254      	movs	r2, #84	; 0x54
10003c84:	0020      	movs	r0, r4
10003c86:	f000 f823 	bl	10003cd0 <__wrap___aeabi_memcpy>
10003c8a:	0023      	movs	r3, r4
10003c8c:	4a08      	ldr	r2, [pc, #32]	; (10003cb0 <__aeabi_float_init+0x58>)
10003c8e:	3380      	adds	r3, #128	; 0x80
10003c90:	6821      	ldr	r1, [r4, #0]
10003c92:	2900      	cmp	r1, #0
10003c94:	d100      	bne.n	10003c98 <__aeabi_float_init+0x40>
10003c96:	6022      	str	r2, [r4, #0]
10003c98:	3404      	adds	r4, #4
10003c9a:	42a3      	cmp	r3, r4
10003c9c:	d1f8      	bne.n	10003c90 <__aeabi_float_init+0x38>
10003c9e:	e7e9      	b.n	10003c74 <__aeabi_float_init+0x1c>
10003ca0:	00004653 	.word	0x00004653
10003ca4:	20002514 	.word	0x20002514
10003ca8:	0000334c 	.word	0x0000334c
10003cac:	20002510 	.word	0x20002510
10003cb0:	10003c4d 	.word	0x10003c4d

10003cb4 <__aeabi_mem_init>:
10003cb4:	4801      	ldr	r0, [pc, #4]	; (10003cbc <__aeabi_mem_init+0x8>)
10003cb6:	2104      	movs	r1, #4
10003cb8:	4b01      	ldr	r3, [pc, #4]	; (10003cc0 <__aeabi_mem_init+0xc>)
10003cba:	4718      	bx	r3
10003cbc:	200013f0 	.word	0x200013f0
10003cc0:	10003485 	.word	0x10003485

10003cc4 <__wrap_memset>:
10003cc4:	4b01      	ldr	r3, [pc, #4]	; (10003ccc <__wrap_memset+0x8>)
10003cc6:	681b      	ldr	r3, [r3, #0]
10003cc8:	4718      	bx	r3
10003cca:	0000      	.short	0x0000
10003ccc:	200013f0 	.word	0x200013f0

10003cd0 <__wrap___aeabi_memcpy>:
10003cd0:	4b01      	ldr	r3, [pc, #4]	; (10003cd8 <__wrap___aeabi_memcpy+0x8>)
10003cd2:	685b      	ldr	r3, [r3, #4]
10003cd4:	4718      	bx	r3
10003cd6:	0000      	.short	0x0000
10003cd8:	200013f0 	.word	0x200013f0

10003cdc <stdio_out_chars_no_crlf>:
10003cdc:	0003      	movs	r3, r0
10003cde:	b510      	push	{r4, lr}
10003ce0:	0008      	movs	r0, r1
10003ce2:	0011      	movs	r1, r2
10003ce4:	681b      	ldr	r3, [r3, #0]
10003ce6:	4798      	blx	r3
10003ce8:	bd10      	pop	{r4, pc}
10003cea:	46c0      	nop			; (mov r8, r8)

10003cec <stdio_out_chars_crlf>:
10003cec:	b5f0      	push	{r4, r5, r6, r7, lr}
10003cee:	4646      	mov	r6, r8
10003cf0:	464f      	mov	r7, r9
10003cf2:	46d6      	mov	lr, sl
10003cf4:	b5c0      	push	{r6, r7, lr}
10003cf6:	7c43      	ldrb	r3, [r0, #17]
10003cf8:	4680      	mov	r8, r0
10003cfa:	000e      	movs	r6, r1
10003cfc:	0017      	movs	r7, r2
10003cfe:	2b00      	cmp	r3, #0
10003d00:	d046      	beq.n	10003d90 <stdio_out_chars_crlf+0xa4>
10003d02:	2a00      	cmp	r2, #0
10003d04:	dd3f      	ble.n	10003d86 <stdio_out_chars_crlf+0x9a>
10003d06:	1e4b      	subs	r3, r1, #1
10003d08:	4699      	mov	r9, r3
10003d0a:	4b24      	ldr	r3, [pc, #144]	; (10003d9c <stdio_out_chars_crlf+0xb0>)
10003d0c:	2501      	movs	r5, #1
10003d0e:	2400      	movs	r4, #0
10003d10:	2000      	movs	r0, #0
10003d12:	469a      	mov	sl, r3
10003d14:	e00d      	b.n	10003d32 <stdio_out_chars_crlf+0x46>
10003d16:	464b      	mov	r3, r9
10003d18:	5d1b      	ldrb	r3, [r3, r4]
10003d1a:	3b0d      	subs	r3, #13
10003d1c:	425a      	negs	r2, r3
10003d1e:	4153      	adcs	r3, r2
10003d20:	5d32      	ldrb	r2, [r6, r4]
10003d22:	b2db      	uxtb	r3, r3
10003d24:	2a0a      	cmp	r2, #10
10003d26:	d00b      	beq.n	10003d40 <stdio_out_chars_crlf+0x54>
10003d28:	002b      	movs	r3, r5
10003d2a:	3401      	adds	r4, #1
10003d2c:	3501      	adds	r5, #1
10003d2e:	429f      	cmp	r7, r3
10003d30:	dd1a      	ble.n	10003d68 <stdio_out_chars_crlf+0x7c>
10003d32:	2c00      	cmp	r4, #0
10003d34:	d1ef      	bne.n	10003d16 <stdio_out_chars_crlf+0x2a>
10003d36:	4643      	mov	r3, r8
10003d38:	5d32      	ldrb	r2, [r6, r4]
10003d3a:	7c1b      	ldrb	r3, [r3, #16]
10003d3c:	2a0a      	cmp	r2, #10
10003d3e:	d1f3      	bne.n	10003d28 <stdio_out_chars_crlf+0x3c>
10003d40:	2b00      	cmp	r3, #0
10003d42:	d1f1      	bne.n	10003d28 <stdio_out_chars_crlf+0x3c>
10003d44:	42a0      	cmp	r0, r4
10003d46:	da04      	bge.n	10003d52 <stdio_out_chars_crlf+0x66>
10003d48:	4643      	mov	r3, r8
10003d4a:	1a21      	subs	r1, r4, r0
10003d4c:	681b      	ldr	r3, [r3, #0]
10003d4e:	1830      	adds	r0, r6, r0
10003d50:	4798      	blx	r3
10003d52:	4643      	mov	r3, r8
10003d54:	4650      	mov	r0, sl
10003d56:	681b      	ldr	r3, [r3, #0]
10003d58:	2102      	movs	r1, #2
10003d5a:	4798      	blx	r3
10003d5c:	3401      	adds	r4, #1
10003d5e:	0028      	movs	r0, r5
10003d60:	002b      	movs	r3, r5
10003d62:	3501      	adds	r5, #1
10003d64:	429f      	cmp	r7, r3
10003d66:	dce4      	bgt.n	10003d32 <stdio_out_chars_crlf+0x46>
10003d68:	4287      	cmp	r7, r0
10003d6a:	dd04      	ble.n	10003d76 <stdio_out_chars_crlf+0x8a>
10003d6c:	4643      	mov	r3, r8
10003d6e:	1a39      	subs	r1, r7, r0
10003d70:	681b      	ldr	r3, [r3, #0]
10003d72:	1830      	adds	r0, r6, r0
10003d74:	4798      	blx	r3
10003d76:	19f6      	adds	r6, r6, r7
10003d78:	3e01      	subs	r6, #1
10003d7a:	7833      	ldrb	r3, [r6, #0]
10003d7c:	3b0d      	subs	r3, #13
10003d7e:	425a      	negs	r2, r3
10003d80:	4153      	adcs	r3, r2
10003d82:	4642      	mov	r2, r8
10003d84:	7413      	strb	r3, [r2, #16]
10003d86:	bce0      	pop	{r5, r6, r7}
10003d88:	46ba      	mov	sl, r7
10003d8a:	46b1      	mov	r9, r6
10003d8c:	46a8      	mov	r8, r5
10003d8e:	bdf0      	pop	{r4, r5, r6, r7, pc}
10003d90:	6803      	ldr	r3, [r0, #0]
10003d92:	0011      	movs	r1, r2
10003d94:	0030      	movs	r0, r6
10003d96:	4798      	blx	r3
10003d98:	e7f5      	b.n	10003d86 <stdio_out_chars_crlf+0x9a>
10003d9a:	46c0      	nop			; (mov r8, r8)
10003d9c:	100078f4 	.word	0x100078f4

10003da0 <stdio_buffered_printer>:
10003da0:	b5f0      	push	{r4, r5, r6, r7, lr}
10003da2:	46c6      	mov	lr, r8
10003da4:	000c      	movs	r4, r1
10003da6:	6809      	ldr	r1, [r1, #0]
10003da8:	0006      	movs	r6, r0
10003daa:	b500      	push	{lr}
10003dac:	2980      	cmp	r1, #128	; 0x80
10003dae:	d006      	beq.n	10003dbe <stdio_buffered_printer+0x1e>
10003db0:	1c4b      	adds	r3, r1, #1
10003db2:	6023      	str	r3, [r4, #0]
10003db4:	1864      	adds	r4, r4, r1
10003db6:	7126      	strb	r6, [r4, #4]
10003db8:	bc80      	pop	{r7}
10003dba:	46b8      	mov	r8, r7
10003dbc:	bdf0      	pop	{r4, r5, r6, r7, pc}
10003dbe:	4b0f      	ldr	r3, [pc, #60]	; (10003dfc <stdio_buffered_printer+0x5c>)
10003dc0:	681d      	ldr	r5, [r3, #0]
10003dc2:	2d00      	cmp	r5, #0
10003dc4:	d016      	beq.n	10003df4 <stdio_buffered_printer+0x54>
10003dc6:	1d23      	adds	r3, r4, #4
10003dc8:	4698      	mov	r8, r3
10003dca:	4f0d      	ldr	r7, [pc, #52]	; (10003e00 <stdio_buffered_printer+0x60>)
10003dcc:	e002      	b.n	10003dd4 <stdio_buffered_printer+0x34>
10003dce:	68ed      	ldr	r5, [r5, #12]
10003dd0:	2d00      	cmp	r5, #0
10003dd2:	d00f      	beq.n	10003df4 <stdio_buffered_printer+0x54>
10003dd4:	682b      	ldr	r3, [r5, #0]
10003dd6:	2b00      	cmp	r3, #0
10003dd8:	d0f9      	beq.n	10003dce <stdio_buffered_printer+0x2e>
10003dda:	683b      	ldr	r3, [r7, #0]
10003ddc:	2b00      	cmp	r3, #0
10003dde:	d001      	beq.n	10003de4 <stdio_buffered_printer+0x44>
10003de0:	42ab      	cmp	r3, r5
10003de2:	d1f4      	bne.n	10003dce <stdio_buffered_printer+0x2e>
10003de4:	0028      	movs	r0, r5
10003de6:	4641      	mov	r1, r8
10003de8:	6822      	ldr	r2, [r4, #0]
10003dea:	f7ff ff7f 	bl	10003cec <stdio_out_chars_crlf>
10003dee:	68ed      	ldr	r5, [r5, #12]
10003df0:	2d00      	cmp	r5, #0
10003df2:	d1ef      	bne.n	10003dd4 <stdio_buffered_printer+0x34>
10003df4:	2301      	movs	r3, #1
10003df6:	2100      	movs	r1, #0
10003df8:	e7db      	b.n	10003db2 <stdio_buffered_printer+0x12>
10003dfa:	46c0      	nop			; (mov r8, r8)
10003dfc:	200020e0 	.word	0x200020e0
10003e00:	200020e8 	.word	0x200020e8

10003e04 <stdio_put_string.isra.0>:
10003e04:	b5f0      	push	{r4, r5, r6, r7, lr}
10003e06:	4657      	mov	r7, sl
10003e08:	464e      	mov	r6, r9
10003e0a:	4645      	mov	r5, r8
10003e0c:	46de      	mov	lr, fp
10003e0e:	001c      	movs	r4, r3
10003e10:	23d0      	movs	r3, #208	; 0xd0
10003e12:	b5e0      	push	{r5, r6, r7, lr}
10003e14:	061b      	lsls	r3, r3, #24
10003e16:	681f      	ldr	r7, [r3, #0]
10003e18:	4b34      	ldr	r3, [pc, #208]	; (10003eec <stdio_put_string.isra.0+0xe8>)
10003e1a:	b083      	sub	sp, #12
10003e1c:	0006      	movs	r6, r0
10003e1e:	000d      	movs	r5, r1
10003e20:	0018      	movs	r0, r3
10003e22:	a901      	add	r1, sp, #4
10003e24:	4691      	mov	r9, r2
10003e26:	469a      	mov	sl, r3
10003e28:	f003 fb76 	bl	10007518 <__mutex_try_enter_veneer>
10003e2c:	4680      	mov	r8, r0
10003e2e:	2800      	cmp	r0, #0
10003e30:	d108      	bne.n	10003e44 <stdio_put_string.isra.0+0x40>
10003e32:	9b01      	ldr	r3, [sp, #4]
10003e34:	b27f      	sxtb	r7, r7
10003e36:	429f      	cmp	r7, r3
10003e38:	d004      	beq.n	10003e44 <stdio_put_string.isra.0+0x40>
10003e3a:	4650      	mov	r0, sl
10003e3c:	f003 fb8c 	bl	10007558 <__mutex_enter_blocking_veneer>
10003e40:	2301      	movs	r3, #1
10003e42:	4698      	mov	r8, r3
10003e44:	1c6b      	adds	r3, r5, #1
10003e46:	d103      	bne.n	10003e50 <stdio_put_string.isra.0+0x4c>
10003e48:	0030      	movs	r0, r6
10003e4a:	f003 fb05 	bl	10007458 <strlen>
10003e4e:	0005      	movs	r5, r0
10003e50:	2c00      	cmp	r4, #0
10003e52:	d127      	bne.n	10003ea4 <stdio_put_string.isra.0+0xa0>
10003e54:	4f26      	ldr	r7, [pc, #152]	; (10003ef0 <stdio_put_string.isra.0+0xec>)
10003e56:	4b27      	ldr	r3, [pc, #156]	; (10003ef4 <stdio_put_string.isra.0+0xf0>)
10003e58:	681c      	ldr	r4, [r3, #0]
10003e5a:	2c00      	cmp	r4, #0
10003e5c:	d018      	beq.n	10003e90 <stdio_put_string.isra.0+0x8c>
10003e5e:	464b      	mov	r3, r9
10003e60:	2b00      	cmp	r3, #0
10003e62:	d121      	bne.n	10003ea8 <stdio_put_string.isra.0+0xa4>
10003e64:	4b24      	ldr	r3, [pc, #144]	; (10003ef8 <stdio_put_string.isra.0+0xf4>)
10003e66:	4699      	mov	r9, r3
10003e68:	e002      	b.n	10003e70 <stdio_put_string.isra.0+0x6c>
10003e6a:	68e4      	ldr	r4, [r4, #12]
10003e6c:	2c00      	cmp	r4, #0
10003e6e:	d00f      	beq.n	10003e90 <stdio_put_string.isra.0+0x8c>
10003e70:	6823      	ldr	r3, [r4, #0]
10003e72:	2b00      	cmp	r3, #0
10003e74:	d0f9      	beq.n	10003e6a <stdio_put_string.isra.0+0x66>
10003e76:	464b      	mov	r3, r9
10003e78:	681b      	ldr	r3, [r3, #0]
10003e7a:	2b00      	cmp	r3, #0
10003e7c:	d001      	beq.n	10003e82 <stdio_put_string.isra.0+0x7e>
10003e7e:	42a3      	cmp	r3, r4
10003e80:	d1f3      	bne.n	10003e6a <stdio_put_string.isra.0+0x66>
10003e82:	0020      	movs	r0, r4
10003e84:	002a      	movs	r2, r5
10003e86:	0031      	movs	r1, r6
10003e88:	47b8      	blx	r7
10003e8a:	68e4      	ldr	r4, [r4, #12]
10003e8c:	2c00      	cmp	r4, #0
10003e8e:	d1ef      	bne.n	10003e70 <stdio_put_string.isra.0+0x6c>
10003e90:	4643      	mov	r3, r8
10003e92:	2b00      	cmp	r3, #0
10003e94:	d125      	bne.n	10003ee2 <stdio_put_string.isra.0+0xde>
10003e96:	b003      	add	sp, #12
10003e98:	bcf0      	pop	{r4, r5, r6, r7}
10003e9a:	46bb      	mov	fp, r7
10003e9c:	46b2      	mov	sl, r6
10003e9e:	46a9      	mov	r9, r5
10003ea0:	46a0      	mov	r8, r4
10003ea2:	bdf0      	pop	{r4, r5, r6, r7, pc}
10003ea4:	4f15      	ldr	r7, [pc, #84]	; (10003efc <stdio_put_string.isra.0+0xf8>)
10003ea6:	e7d6      	b.n	10003e56 <stdio_put_string.isra.0+0x52>
10003ea8:	4b13      	ldr	r3, [pc, #76]	; (10003ef8 <stdio_put_string.isra.0+0xf4>)
10003eaa:	4699      	mov	r9, r3
10003eac:	230a      	movs	r3, #10
10003eae:	469b      	mov	fp, r3
10003eb0:	e002      	b.n	10003eb8 <stdio_put_string.isra.0+0xb4>
10003eb2:	68e4      	ldr	r4, [r4, #12]
10003eb4:	2c00      	cmp	r4, #0
10003eb6:	d0eb      	beq.n	10003e90 <stdio_put_string.isra.0+0x8c>
10003eb8:	6823      	ldr	r3, [r4, #0]
10003eba:	2b00      	cmp	r3, #0
10003ebc:	d0f9      	beq.n	10003eb2 <stdio_put_string.isra.0+0xae>
10003ebe:	464b      	mov	r3, r9
10003ec0:	681b      	ldr	r3, [r3, #0]
10003ec2:	2b00      	cmp	r3, #0
10003ec4:	d001      	beq.n	10003eca <stdio_put_string.isra.0+0xc6>
10003ec6:	42a3      	cmp	r3, r4
10003ec8:	d1f3      	bne.n	10003eb2 <stdio_put_string.isra.0+0xae>
10003eca:	002a      	movs	r2, r5
10003ecc:	0031      	movs	r1, r6
10003ece:	0020      	movs	r0, r4
10003ed0:	47b8      	blx	r7
10003ed2:	465a      	mov	r2, fp
10003ed4:	466b      	mov	r3, sp
10003ed6:	0020      	movs	r0, r4
10003ed8:	711a      	strb	r2, [r3, #4]
10003eda:	a901      	add	r1, sp, #4
10003edc:	2201      	movs	r2, #1
10003ede:	47b8      	blx	r7
10003ee0:	e7e7      	b.n	10003eb2 <stdio_put_string.isra.0+0xae>
10003ee2:	4650      	mov	r0, sl
10003ee4:	f003 fb00 	bl	100074e8 <__mutex_exit_veneer>
10003ee8:	e7d5      	b.n	10003e96 <stdio_put_string.isra.0+0x92>
10003eea:	46c0      	nop			; (mov r8, r8)
10003eec:	20001870 	.word	0x20001870
10003ef0:	10003ced 	.word	0x10003ced
10003ef4:	200020e0 	.word	0x200020e0
10003ef8:	200020e8 	.word	0x200020e8
10003efc:	10003cdd 	.word	0x10003cdd

10003f00 <__wrap_putchar>:
10003f00:	b5f0      	push	{r4, r5, r6, r7, lr}
10003f02:	46ce      	mov	lr, r9
10003f04:	4647      	mov	r7, r8
10003f06:	b580      	push	{r7, lr}
10003f08:	b083      	sub	sp, #12
10003f0a:	466b      	mov	r3, sp
10003f0c:	1cde      	adds	r6, r3, #3
10003f0e:	23d0      	movs	r3, #208	; 0xd0
10003f10:	7030      	strb	r0, [r6, #0]
10003f12:	061b      	lsls	r3, r3, #24
10003f14:	681c      	ldr	r4, [r3, #0]
10003f16:	4b1f      	ldr	r3, [pc, #124]	; (10003f94 <__wrap_putchar+0x94>)
10003f18:	4680      	mov	r8, r0
10003f1a:	a901      	add	r1, sp, #4
10003f1c:	0018      	movs	r0, r3
10003f1e:	4699      	mov	r9, r3
10003f20:	f003 fafa 	bl	10007518 <__mutex_try_enter_veneer>
10003f24:	1e07      	subs	r7, r0, #0
10003f26:	d020      	beq.n	10003f6a <__wrap_putchar+0x6a>
10003f28:	4b1b      	ldr	r3, [pc, #108]	; (10003f98 <__wrap_putchar+0x98>)
10003f2a:	681c      	ldr	r4, [r3, #0]
10003f2c:	2c00      	cmp	r4, #0
10003f2e:	d028      	beq.n	10003f82 <__wrap_putchar+0x82>
10003f30:	4d1a      	ldr	r5, [pc, #104]	; (10003f9c <__wrap_putchar+0x9c>)
10003f32:	e002      	b.n	10003f3a <__wrap_putchar+0x3a>
10003f34:	68e4      	ldr	r4, [r4, #12]
10003f36:	2c00      	cmp	r4, #0
10003f38:	d00f      	beq.n	10003f5a <__wrap_putchar+0x5a>
10003f3a:	6823      	ldr	r3, [r4, #0]
10003f3c:	2b00      	cmp	r3, #0
10003f3e:	d0f9      	beq.n	10003f34 <__wrap_putchar+0x34>
10003f40:	682b      	ldr	r3, [r5, #0]
10003f42:	2b00      	cmp	r3, #0
10003f44:	d001      	beq.n	10003f4a <__wrap_putchar+0x4a>
10003f46:	42a3      	cmp	r3, r4
10003f48:	d1f4      	bne.n	10003f34 <__wrap_putchar+0x34>
10003f4a:	0020      	movs	r0, r4
10003f4c:	2201      	movs	r2, #1
10003f4e:	0031      	movs	r1, r6
10003f50:	f7ff fecc 	bl	10003cec <stdio_out_chars_crlf>
10003f54:	68e4      	ldr	r4, [r4, #12]
10003f56:	2c00      	cmp	r4, #0
10003f58:	d1ef      	bne.n	10003f3a <__wrap_putchar+0x3a>
10003f5a:	2f00      	cmp	r7, #0
10003f5c:	d111      	bne.n	10003f82 <__wrap_putchar+0x82>
10003f5e:	4640      	mov	r0, r8
10003f60:	b003      	add	sp, #12
10003f62:	bcc0      	pop	{r6, r7}
10003f64:	46b9      	mov	r9, r7
10003f66:	46b0      	mov	r8, r6
10003f68:	bdf0      	pop	{r4, r5, r6, r7, pc}
10003f6a:	9b01      	ldr	r3, [sp, #4]
10003f6c:	b264      	sxtb	r4, r4
10003f6e:	429c      	cmp	r4, r3
10003f70:	d00b      	beq.n	10003f8a <__wrap_putchar+0x8a>
10003f72:	4648      	mov	r0, r9
10003f74:	f003 faf0 	bl	10007558 <__mutex_enter_blocking_veneer>
10003f78:	4b07      	ldr	r3, [pc, #28]	; (10003f98 <__wrap_putchar+0x98>)
10003f7a:	2701      	movs	r7, #1
10003f7c:	681c      	ldr	r4, [r3, #0]
10003f7e:	2c00      	cmp	r4, #0
10003f80:	d1d6      	bne.n	10003f30 <__wrap_putchar+0x30>
10003f82:	4648      	mov	r0, r9
10003f84:	f003 fab0 	bl	100074e8 <__mutex_exit_veneer>
10003f88:	e7e9      	b.n	10003f5e <__wrap_putchar+0x5e>
10003f8a:	4b03      	ldr	r3, [pc, #12]	; (10003f98 <__wrap_putchar+0x98>)
10003f8c:	681c      	ldr	r4, [r3, #0]
10003f8e:	2c00      	cmp	r4, #0
10003f90:	d1ce      	bne.n	10003f30 <__wrap_putchar+0x30>
10003f92:	e7e4      	b.n	10003f5e <__wrap_putchar+0x5e>
10003f94:	20001870 	.word	0x20001870
10003f98:	200020e0 	.word	0x200020e0
10003f9c:	200020e8 	.word	0x200020e8

10003fa0 <__wrap_puts>:
10003fa0:	b570      	push	{r4, r5, r6, lr}
10003fa2:	0004      	movs	r4, r0
10003fa4:	f003 fa58 	bl	10007458 <strlen>
10003fa8:	2300      	movs	r3, #0
10003faa:	0001      	movs	r1, r0
10003fac:	0005      	movs	r5, r0
10003fae:	2201      	movs	r2, #1
10003fb0:	0020      	movs	r0, r4
10003fb2:	f7ff ff27 	bl	10003e04 <stdio_put_string.isra.0>
10003fb6:	4b08      	ldr	r3, [pc, #32]	; (10003fd8 <__wrap_puts+0x38>)
10003fb8:	681c      	ldr	r4, [r3, #0]
10003fba:	2c00      	cmp	r4, #0
10003fbc:	d006      	beq.n	10003fcc <__wrap_puts+0x2c>
10003fbe:	6863      	ldr	r3, [r4, #4]
10003fc0:	2b00      	cmp	r3, #0
10003fc2:	d005      	beq.n	10003fd0 <__wrap_puts+0x30>
10003fc4:	4798      	blx	r3
10003fc6:	68e4      	ldr	r4, [r4, #12]
10003fc8:	2c00      	cmp	r4, #0
10003fca:	d1f8      	bne.n	10003fbe <__wrap_puts+0x1e>
10003fcc:	0028      	movs	r0, r5
10003fce:	bd70      	pop	{r4, r5, r6, pc}
10003fd0:	68e4      	ldr	r4, [r4, #12]
10003fd2:	2c00      	cmp	r4, #0
10003fd4:	d1f3      	bne.n	10003fbe <__wrap_puts+0x1e>
10003fd6:	e7f9      	b.n	10003fcc <__wrap_puts+0x2c>
10003fd8:	200020e0 	.word	0x200020e0

10003fdc <stdio_set_driver_enabled>:
10003fdc:	4a0a      	ldr	r2, [pc, #40]	; (10004008 <stdio_set_driver_enabled+0x2c>)
10003fde:	6813      	ldr	r3, [r2, #0]
10003fe0:	2b00      	cmp	r3, #0
10003fe2:	d105      	bne.n	10003ff0 <stdio_set_driver_enabled+0x14>
10003fe4:	e00c      	b.n	10004000 <stdio_set_driver_enabled+0x24>
10003fe6:	001a      	movs	r2, r3
10003fe8:	68db      	ldr	r3, [r3, #12]
10003fea:	320c      	adds	r2, #12
10003fec:	2b00      	cmp	r3, #0
10003fee:	d007      	beq.n	10004000 <stdio_set_driver_enabled+0x24>
10003ff0:	4298      	cmp	r0, r3
10003ff2:	d1f8      	bne.n	10003fe6 <stdio_set_driver_enabled+0xa>
10003ff4:	2900      	cmp	r1, #0
10003ff6:	d102      	bne.n	10003ffe <stdio_set_driver_enabled+0x22>
10003ff8:	68c3      	ldr	r3, [r0, #12]
10003ffa:	6013      	str	r3, [r2, #0]
10003ffc:	60c1      	str	r1, [r0, #12]
10003ffe:	4770      	bx	lr
10004000:	2900      	cmp	r1, #0
10004002:	d0fc      	beq.n	10003ffe <stdio_set_driver_enabled+0x22>
10004004:	6010      	str	r0, [r2, #0]
10004006:	e7fa      	b.n	10003ffe <stdio_set_driver_enabled+0x22>
10004008:	200020e0 	.word	0x200020e0

1000400c <__wrap_vprintf>:
1000400c:	b5f0      	push	{r4, r5, r6, r7, lr}
1000400e:	4647      	mov	r7, r8
10004010:	46ce      	mov	lr, r9
10004012:	23d0      	movs	r3, #208	; 0xd0
10004014:	b580      	push	{r7, lr}
10004016:	061b      	lsls	r3, r3, #24
10004018:	681d      	ldr	r5, [r3, #0]
1000401a:	4b2e      	ldr	r3, [pc, #184]	; (100040d4 <__wrap_vprintf+0xc8>)
1000401c:	b0a5      	sub	sp, #148	; 0x94
1000401e:	0007      	movs	r7, r0
10004020:	000c      	movs	r4, r1
10004022:	0018      	movs	r0, r3
10004024:	a903      	add	r1, sp, #12
10004026:	4698      	mov	r8, r3
10004028:	f003 fa76 	bl	10007518 <__mutex_try_enter_veneer>
1000402c:	1e06      	subs	r6, r0, #0
1000402e:	d107      	bne.n	10004040 <__wrap_vprintf+0x34>
10004030:	9b03      	ldr	r3, [sp, #12]
10004032:	b26d      	sxtb	r5, r5
10004034:	429d      	cmp	r5, r3
10004036:	d003      	beq.n	10004040 <__wrap_vprintf+0x34>
10004038:	4640      	mov	r0, r8
1000403a:	f003 fa8d 	bl	10007558 <__mutex_enter_blocking_veneer>
1000403e:	3601      	adds	r6, #1
10004040:	2284      	movs	r2, #132	; 0x84
10004042:	2100      	movs	r1, #0
10004044:	a803      	add	r0, sp, #12
10004046:	f7ff fe3d 	bl	10003cc4 <__wrap_memset>
1000404a:	0023      	movs	r3, r4
1000404c:	003a      	movs	r2, r7
1000404e:	4822      	ldr	r0, [pc, #136]	; (100040d8 <__wrap_vprintf+0xcc>)
10004050:	a903      	add	r1, sp, #12
10004052:	f7ff f9d7 	bl	10003404 <vfctprintf>
10004056:	9b03      	ldr	r3, [sp, #12]
10004058:	0007      	movs	r7, r0
1000405a:	2b00      	cmp	r3, #0
1000405c:	d114      	bne.n	10004088 <__wrap_vprintf+0x7c>
1000405e:	4b1f      	ldr	r3, [pc, #124]	; (100040dc <__wrap_vprintf+0xd0>)
10004060:	681c      	ldr	r4, [r3, #0]
10004062:	2c00      	cmp	r4, #0
10004064:	d006      	beq.n	10004074 <__wrap_vprintf+0x68>
10004066:	6863      	ldr	r3, [r4, #4]
10004068:	2b00      	cmp	r3, #0
1000406a:	d00b      	beq.n	10004084 <__wrap_vprintf+0x78>
1000406c:	4798      	blx	r3
1000406e:	68e4      	ldr	r4, [r4, #12]
10004070:	2c00      	cmp	r4, #0
10004072:	d1f8      	bne.n	10004066 <__wrap_vprintf+0x5a>
10004074:	2e00      	cmp	r6, #0
10004076:	d127      	bne.n	100040c8 <__wrap_vprintf+0xbc>
10004078:	0038      	movs	r0, r7
1000407a:	b025      	add	sp, #148	; 0x94
1000407c:	bcc0      	pop	{r6, r7}
1000407e:	46b9      	mov	r9, r7
10004080:	46b0      	mov	r8, r6
10004082:	bdf0      	pop	{r4, r5, r6, r7, pc}
10004084:	68e4      	ldr	r4, [r4, #12]
10004086:	e7ec      	b.n	10004062 <__wrap_vprintf+0x56>
10004088:	4b14      	ldr	r3, [pc, #80]	; (100040dc <__wrap_vprintf+0xd0>)
1000408a:	681d      	ldr	r5, [r3, #0]
1000408c:	4699      	mov	r9, r3
1000408e:	2d00      	cmp	r5, #0
10004090:	d01e      	beq.n	100040d0 <__wrap_vprintf+0xc4>
10004092:	4c13      	ldr	r4, [pc, #76]	; (100040e0 <__wrap_vprintf+0xd4>)
10004094:	e002      	b.n	1000409c <__wrap_vprintf+0x90>
10004096:	68ed      	ldr	r5, [r5, #12]
10004098:	2d00      	cmp	r5, #0
1000409a:	d011      	beq.n	100040c0 <__wrap_vprintf+0xb4>
1000409c:	682b      	ldr	r3, [r5, #0]
1000409e:	2b00      	cmp	r3, #0
100040a0:	d0f9      	beq.n	10004096 <__wrap_vprintf+0x8a>
100040a2:	6823      	ldr	r3, [r4, #0]
100040a4:	2b00      	cmp	r3, #0
100040a6:	d001      	beq.n	100040ac <__wrap_vprintf+0xa0>
100040a8:	42ab      	cmp	r3, r5
100040aa:	d1f4      	bne.n	10004096 <__wrap_vprintf+0x8a>
100040ac:	9b03      	ldr	r3, [sp, #12]
100040ae:	0028      	movs	r0, r5
100040b0:	001a      	movs	r2, r3
100040b2:	a904      	add	r1, sp, #16
100040b4:	9301      	str	r3, [sp, #4]
100040b6:	f7ff fe19 	bl	10003cec <stdio_out_chars_crlf>
100040ba:	68ed      	ldr	r5, [r5, #12]
100040bc:	2d00      	cmp	r5, #0
100040be:	d1ed      	bne.n	1000409c <__wrap_vprintf+0x90>
100040c0:	464b      	mov	r3, r9
100040c2:	9503      	str	r5, [sp, #12]
100040c4:	681c      	ldr	r4, [r3, #0]
100040c6:	e7cc      	b.n	10004062 <__wrap_vprintf+0x56>
100040c8:	4640      	mov	r0, r8
100040ca:	f003 fa0d 	bl	100074e8 <__mutex_exit_veneer>
100040ce:	e7d3      	b.n	10004078 <__wrap_vprintf+0x6c>
100040d0:	9503      	str	r5, [sp, #12]
100040d2:	e7cf      	b.n	10004074 <__wrap_vprintf+0x68>
100040d4:	20001870 	.word	0x20001870
100040d8:	10003da1 	.word	0x10003da1
100040dc:	200020e0 	.word	0x200020e0
100040e0:	200020e8 	.word	0x200020e8

100040e4 <__wrap_printf>:
100040e4:	b40f      	push	{r0, r1, r2, r3}
100040e6:	b500      	push	{lr}
100040e8:	b083      	sub	sp, #12
100040ea:	a904      	add	r1, sp, #16
100040ec:	c901      	ldmia	r1!, {r0}
100040ee:	9101      	str	r1, [sp, #4]
100040f0:	f7ff ff8c 	bl	1000400c <__wrap_vprintf>
100040f4:	b003      	add	sp, #12
100040f6:	bc08      	pop	{r3}
100040f8:	b004      	add	sp, #16
100040fa:	4718      	bx	r3

100040fc <stdio_init_all>:
100040fc:	b510      	push	{r4, lr}
100040fe:	f000 f93d 	bl	1000437c <stdio_usb_init>
10004102:	bd10      	pop	{r4, pc}

10004104 <resetd_init>:
10004104:	4770      	bx	lr
10004106:	46c0      	nop			; (mov r8, r8)

10004108 <resetd_reset>:
10004108:	2200      	movs	r2, #0
1000410a:	4b01      	ldr	r3, [pc, #4]	; (10004110 <resetd_reset+0x8>)
1000410c:	701a      	strb	r2, [r3, #0]
1000410e:	4770      	bx	lr
10004110:	2000264b 	.word	0x2000264b

10004114 <resetd_open>:
10004114:	794b      	ldrb	r3, [r1, #5]
10004116:	2000      	movs	r0, #0
10004118:	2bff      	cmp	r3, #255	; 0xff
1000411a:	d10b      	bne.n	10004134 <resetd_open+0x20>
1000411c:	798b      	ldrb	r3, [r1, #6]
1000411e:	2b00      	cmp	r3, #0
10004120:	d108      	bne.n	10004134 <resetd_open+0x20>
10004122:	79cb      	ldrb	r3, [r1, #7]
10004124:	2b01      	cmp	r3, #1
10004126:	d105      	bne.n	10004134 <resetd_open+0x20>
10004128:	2a08      	cmp	r2, #8
1000412a:	d903      	bls.n	10004134 <resetd_open+0x20>
1000412c:	788a      	ldrb	r2, [r1, #2]
1000412e:	4b02      	ldr	r3, [pc, #8]	; (10004138 <resetd_open+0x24>)
10004130:	3009      	adds	r0, #9
10004132:	701a      	strb	r2, [r3, #0]
10004134:	4770      	bx	lr
10004136:	46c0      	nop			; (mov r8, r8)
10004138:	2000264b 	.word	0x2000264b

1000413c <resetd_xfer_cb>:
1000413c:	2001      	movs	r0, #1
1000413e:	4770      	bx	lr

10004140 <resetd_control_xfer_cb>:
10004140:	b570      	push	{r4, r5, r6, lr}
10004142:	2900      	cmp	r1, #0
10004144:	d115      	bne.n	10004172 <resetd_control_xfer_cb+0x32>
10004146:	4915      	ldr	r1, [pc, #84]	; (1000419c <resetd_control_xfer_cb+0x5c>)
10004148:	7953      	ldrb	r3, [r2, #5]
1000414a:	7910      	ldrb	r0, [r2, #4]
1000414c:	7809      	ldrb	r1, [r1, #0]
1000414e:	021b      	lsls	r3, r3, #8
10004150:	4303      	orrs	r3, r0
10004152:	2000      	movs	r0, #0
10004154:	4299      	cmp	r1, r3
10004156:	d000      	beq.n	1000415a <resetd_control_xfer_cb+0x1a>
10004158:	bd70      	pop	{r4, r5, r6, pc}
1000415a:	7853      	ldrb	r3, [r2, #1]
1000415c:	2b01      	cmp	r3, #1
1000415e:	d00a      	beq.n	10004176 <resetd_control_xfer_cb+0x36>
10004160:	2b02      	cmp	r3, #2
10004162:	d1f9      	bne.n	10004158 <resetd_control_xfer_cb+0x18>
10004164:	2000      	movs	r0, #0
10004166:	2264      	movs	r2, #100	; 0x64
10004168:	2100      	movs	r1, #0
1000416a:	f7fd fe31 	bl	10001dd0 <watchdog_reboot>
1000416e:	2001      	movs	r0, #1
10004170:	e7f2      	b.n	10004158 <resetd_control_xfer_cb+0x18>
10004172:	2001      	movs	r0, #1
10004174:	e7f0      	b.n	10004158 <resetd_control_xfer_cb+0x18>
10004176:	7894      	ldrb	r4, [r2, #2]
10004178:	78d2      	ldrb	r2, [r2, #3]
1000417a:	0005      	movs	r5, r0
1000417c:	0212      	lsls	r2, r2, #8
1000417e:	4314      	orrs	r4, r2
10004180:	05d2      	lsls	r2, r2, #23
10004182:	d502      	bpl.n	1000418a <resetd_control_xfer_cb+0x4a>
10004184:	0a62      	lsrs	r2, r4, #9
10004186:	4093      	lsls	r3, r2
10004188:	001d      	movs	r5, r3
1000418a:	4805      	ldr	r0, [pc, #20]	; (100041a0 <resetd_control_xfer_cb+0x60>)
1000418c:	f7ff f96a 	bl	10003464 <rom_func_lookup>
10004190:	217f      	movs	r1, #127	; 0x7f
10004192:	0003      	movs	r3, r0
10004194:	4021      	ands	r1, r4
10004196:	0028      	movs	r0, r5
10004198:	4798      	blx	r3
1000419a:	46c0      	nop			; (mov r8, r8)
1000419c:	2000264b 	.word	0x2000264b
100041a0:	00004255 	.word	0x00004255

100041a4 <usbd_app_driver_get_cb>:
100041a4:	2301      	movs	r3, #1
100041a6:	7003      	strb	r3, [r0, #0]
100041a8:	4800      	ldr	r0, [pc, #0]	; (100041ac <usbd_app_driver_get_cb+0x8>)
100041aa:	4770      	bx	lr
100041ac:	100078f8 	.word	0x100078f8

100041b0 <tud_cdc_line_coding_cb>:
100041b0:	7848      	ldrb	r0, [r1, #1]
100041b2:	780b      	ldrb	r3, [r1, #0]
100041b4:	788a      	ldrb	r2, [r1, #2]
100041b6:	0200      	lsls	r0, r0, #8
100041b8:	4318      	orrs	r0, r3
100041ba:	0412      	lsls	r2, r2, #16
100041bc:	4310      	orrs	r0, r2
100041be:	2296      	movs	r2, #150	; 0x96
100041c0:	78cb      	ldrb	r3, [r1, #3]
100041c2:	b510      	push	{r4, lr}
100041c4:	061b      	lsls	r3, r3, #24
100041c6:	4303      	orrs	r3, r0
100041c8:	00d2      	lsls	r2, r2, #3
100041ca:	4293      	cmp	r3, r2
100041cc:	d000      	beq.n	100041d0 <tud_cdc_line_coding_cb+0x20>
100041ce:	bd10      	pop	{r4, pc}
100041d0:	4803      	ldr	r0, [pc, #12]	; (100041e0 <tud_cdc_line_coding_cb+0x30>)
100041d2:	f7ff f947 	bl	10003464 <rom_func_lookup>
100041d6:	2100      	movs	r1, #0
100041d8:	0003      	movs	r3, r0
100041da:	0008      	movs	r0, r1
100041dc:	4798      	blx	r3
100041de:	46c0      	nop			; (mov r8, r8)
100041e0:	00004255 	.word	0x00004255

100041e4 <stdio_usb_in_chars>:
100041e4:	b570      	push	{r4, r5, r6, lr}
100041e6:	4c18      	ldr	r4, [pc, #96]	; (10004248 <stdio_usb_in_chars+0x64>)
100041e8:	b082      	sub	sp, #8
100041ea:	0006      	movs	r6, r0
100041ec:	000d      	movs	r5, r1
100041ee:	0020      	movs	r0, r4
100041f0:	a901      	add	r1, sp, #4
100041f2:	f003 f991 	bl	10007518 <__mutex_try_enter_veneer>
100041f6:	2800      	cmp	r0, #0
100041f8:	d108      	bne.n	1000420c <stdio_usb_in_chars+0x28>
100041fa:	23d0      	movs	r3, #208	; 0xd0
100041fc:	061b      	lsls	r3, r3, #24
100041fe:	681b      	ldr	r3, [r3, #0]
10004200:	9a01      	ldr	r2, [sp, #4]
10004202:	429a      	cmp	r2, r3
10004204:	d01c      	beq.n	10004240 <stdio_usb_in_chars+0x5c>
10004206:	0020      	movs	r0, r4
10004208:	f003 f9a6 	bl	10007558 <__mutex_enter_blocking_veneer>
1000420c:	2000      	movs	r0, #0
1000420e:	f001 fe1f 	bl	10005e50 <tud_cdc_n_connected>
10004212:	2800      	cmp	r0, #0
10004214:	d107      	bne.n	10004226 <stdio_usb_in_chars+0x42>
10004216:	2503      	movs	r5, #3
10004218:	426d      	negs	r5, r5
1000421a:	0020      	movs	r0, r4
1000421c:	f003 f964 	bl	100074e8 <__mutex_exit_veneer>
10004220:	0028      	movs	r0, r5
10004222:	b002      	add	sp, #8
10004224:	bd70      	pop	{r4, r5, r6, pc}
10004226:	2000      	movs	r0, #0
10004228:	f001 fe2a 	bl	10005e80 <tud_cdc_n_available>
1000422c:	2800      	cmp	r0, #0
1000422e:	d0f2      	beq.n	10004216 <stdio_usb_in_chars+0x32>
10004230:	002a      	movs	r2, r5
10004232:	0031      	movs	r1, r6
10004234:	2000      	movs	r0, #0
10004236:	f001 fe2f 	bl	10005e98 <tud_cdc_n_read>
1000423a:	1e05      	subs	r5, r0, #0
1000423c:	d0eb      	beq.n	10004216 <stdio_usb_in_chars+0x32>
1000423e:	e7ec      	b.n	1000421a <stdio_usb_in_chars+0x36>
10004240:	2503      	movs	r5, #3
10004242:	426d      	negs	r5, r5
10004244:	e7ec      	b.n	10004220 <stdio_usb_in_chars+0x3c>
10004246:	46c0      	nop			; (mov r8, r8)
10004248:	20002618 	.word	0x20002618

1000424c <stdio_usb_out_chars>:
1000424c:	b5f0      	push	{r4, r5, r6, r7, lr}
1000424e:	46de      	mov	lr, fp
10004250:	464f      	mov	r7, r9
10004252:	4646      	mov	r6, r8
10004254:	b5c0      	push	{r6, r7, lr}
10004256:	4b33      	ldr	r3, [pc, #204]	; (10004324 <stdio_usb_out_chars+0xd8>)
10004258:	b082      	sub	sp, #8
1000425a:	4681      	mov	r9, r0
1000425c:	000d      	movs	r5, r1
1000425e:	0018      	movs	r0, r3
10004260:	a901      	add	r1, sp, #4
10004262:	469b      	mov	fp, r3
10004264:	f003 f958 	bl	10007518 <__mutex_try_enter_veneer>
10004268:	2800      	cmp	r0, #0
1000426a:	d108      	bne.n	1000427e <stdio_usb_out_chars+0x32>
1000426c:	23d0      	movs	r3, #208	; 0xd0
1000426e:	061b      	lsls	r3, r3, #24
10004270:	681b      	ldr	r3, [r3, #0]
10004272:	9a01      	ldr	r2, [sp, #4]
10004274:	429a      	cmp	r2, r3
10004276:	d04f      	beq.n	10004318 <stdio_usb_out_chars+0xcc>
10004278:	4658      	mov	r0, fp
1000427a:	f003 f96d 	bl	10007558 <__mutex_enter_blocking_veneer>
1000427e:	2000      	movs	r0, #0
10004280:	f001 fde6 	bl	10005e50 <tud_cdc_n_connected>
10004284:	2800      	cmp	r0, #0
10004286:	d03f      	beq.n	10004308 <stdio_usb_out_chars+0xbc>
10004288:	2400      	movs	r4, #0
1000428a:	2d00      	cmp	r5, #0
1000428c:	dd41      	ble.n	10004312 <stdio_usb_out_chars+0xc6>
1000428e:	4e26      	ldr	r6, [pc, #152]	; (10004328 <stdio_usb_out_chars+0xdc>)
10004290:	e011      	b.n	100042b6 <stdio_usb_out_chars+0x6a>
10004292:	464b      	mov	r3, r9
10004294:	2000      	movs	r0, #0
10004296:	1919      	adds	r1, r3, r4
10004298:	f001 fe72 	bl	10005f80 <tud_cdc_n_write>
1000429c:	4680      	mov	r8, r0
1000429e:	f000 fe65 	bl	10004f6c <tud_task>
100042a2:	2000      	movs	r0, #0
100042a4:	f001 fe30 	bl	10005f08 <tud_cdc_n_write_flush>
100042a8:	f7fd f848 	bl	1000133c <time_us_64>
100042ac:	6030      	str	r0, [r6, #0]
100042ae:	6071      	str	r1, [r6, #4]
100042b0:	4444      	add	r4, r8
100042b2:	42ac      	cmp	r4, r5
100042b4:	da2d      	bge.n	10004312 <stdio_usb_out_chars+0xc6>
100042b6:	2000      	movs	r0, #0
100042b8:	f001 fe7c 	bl	10005fb4 <tud_cdc_n_write_available>
100042bc:	1b2f      	subs	r7, r5, r4
100042be:	0002      	movs	r2, r0
100042c0:	42b8      	cmp	r0, r7
100042c2:	dd00      	ble.n	100042c6 <stdio_usb_out_chars+0x7a>
100042c4:	003a      	movs	r2, r7
100042c6:	2a00      	cmp	r2, #0
100042c8:	d1e3      	bne.n	10004292 <stdio_usb_out_chars+0x46>
100042ca:	f000 fe4f 	bl	10004f6c <tud_task>
100042ce:	2000      	movs	r0, #0
100042d0:	f001 fe1a 	bl	10005f08 <tud_cdc_n_write_flush>
100042d4:	2000      	movs	r0, #0
100042d6:	f001 fdbb 	bl	10005e50 <tud_cdc_n_connected>
100042da:	2800      	cmp	r0, #0
100042dc:	d019      	beq.n	10004312 <stdio_usb_out_chars+0xc6>
100042de:	2000      	movs	r0, #0
100042e0:	f001 fe68 	bl	10005fb4 <tud_cdc_n_write_available>
100042e4:	2800      	cmp	r0, #0
100042e6:	d1e4      	bne.n	100042b2 <stdio_usb_out_chars+0x66>
100042e8:	f7fd f828 	bl	1000133c <time_us_64>
100042ec:	6832      	ldr	r2, [r6, #0]
100042ee:	6873      	ldr	r3, [r6, #4]
100042f0:	000f      	movs	r7, r1
100042f2:	2100      	movs	r1, #0
100042f4:	4684      	mov	ip, r0
100042f6:	480d      	ldr	r0, [pc, #52]	; (1000432c <stdio_usb_out_chars+0xe0>)
100042f8:	1812      	adds	r2, r2, r0
100042fa:	414b      	adcs	r3, r1
100042fc:	429f      	cmp	r7, r3
100042fe:	d808      	bhi.n	10004312 <stdio_usb_out_chars+0xc6>
10004300:	d1d7      	bne.n	100042b2 <stdio_usb_out_chars+0x66>
10004302:	4594      	cmp	ip, r2
10004304:	d9d5      	bls.n	100042b2 <stdio_usb_out_chars+0x66>
10004306:	e004      	b.n	10004312 <stdio_usb_out_chars+0xc6>
10004308:	2000      	movs	r0, #0
1000430a:	2100      	movs	r1, #0
1000430c:	4b06      	ldr	r3, [pc, #24]	; (10004328 <stdio_usb_out_chars+0xdc>)
1000430e:	6018      	str	r0, [r3, #0]
10004310:	6059      	str	r1, [r3, #4]
10004312:	4658      	mov	r0, fp
10004314:	f003 f8e8 	bl	100074e8 <__mutex_exit_veneer>
10004318:	b002      	add	sp, #8
1000431a:	bce0      	pop	{r5, r6, r7}
1000431c:	46bb      	mov	fp, r7
1000431e:	46b1      	mov	r9, r6
10004320:	46a8      	mov	r8, r5
10004322:	bdf0      	pop	{r4, r5, r6, r7, pc}
10004324:	20002618 	.word	0x20002618
10004328:	20001998 	.word	0x20001998
1000432c:	0007a120 	.word	0x0007a120

10004330 <timer_task>:
10004330:	b510      	push	{r4, lr}
10004332:	4b04      	ldr	r3, [pc, #16]	; (10004344 <timer_task+0x14>)
10004334:	7818      	ldrb	r0, [r3, #0]
10004336:	f7fc f8f1 	bl	1000051c <irq_set_pending>
1000433a:	20fa      	movs	r0, #250	; 0xfa
1000433c:	2100      	movs	r1, #0
1000433e:	0080      	lsls	r0, r0, #2
10004340:	bd10      	pop	{r4, pc}
10004342:	46c0      	nop			; (mov r8, r8)
10004344:	2000264c 	.word	0x2000264c

10004348 <usb_irq>:
10004348:	b510      	push	{r4, lr}
1000434a:	4b02      	ldr	r3, [pc, #8]	; (10004354 <usb_irq+0xc>)
1000434c:	7818      	ldrb	r0, [r3, #0]
1000434e:	f7fc f8e5 	bl	1000051c <irq_set_pending>
10004352:	bd10      	pop	{r4, pc}
10004354:	2000264c 	.word	0x2000264c

10004358 <low_priority_worker_irq>:
10004358:	b510      	push	{r4, lr}
1000435a:	4c07      	ldr	r4, [pc, #28]	; (10004378 <low_priority_worker_irq+0x20>)
1000435c:	2100      	movs	r1, #0
1000435e:	0020      	movs	r0, r4
10004360:	f003 f8da 	bl	10007518 <__mutex_try_enter_veneer>
10004364:	2800      	cmp	r0, #0
10004366:	d100      	bne.n	1000436a <low_priority_worker_irq+0x12>
10004368:	bd10      	pop	{r4, pc}
1000436a:	f000 fdff 	bl	10004f6c <tud_task>
1000436e:	0020      	movs	r0, r4
10004370:	f003 f8ba 	bl	100074e8 <__mutex_exit_veneer>
10004374:	e7f8      	b.n	10004368 <low_priority_worker_irq+0x10>
10004376:	46c0      	nop			; (mov r8, r8)
10004378:	20002618 	.word	0x20002618

1000437c <stdio_usb_init>:
1000437c:	b5f0      	push	{r4, r5, r6, r7, lr}
1000437e:	4b24      	ldr	r3, [pc, #144]	; (10004410 <stdio_usb_init+0x94>)
10004380:	b085      	sub	sp, #20
10004382:	781b      	ldrb	r3, [r3, #0]
10004384:	f001 fffe 	bl	10006384 <tusb_init>
10004388:	4822      	ldr	r0, [pc, #136]	; (10004414 <stdio_usb_init+0x98>)
1000438a:	f7fd fa97 	bl	100018bc <mutex_init>
1000438e:	2001      	movs	r0, #1
10004390:	f7fc fb4c 	bl	10000a2c <user_irq_claim_unused>
10004394:	23ff      	movs	r3, #255	; 0xff
10004396:	4c20      	ldr	r4, [pc, #128]	; (10004418 <stdio_usb_init+0x9c>)
10004398:	4920      	ldr	r1, [pc, #128]	; (1000441c <stdio_usb_init+0xa0>)
1000439a:	7020      	strb	r0, [r4, #0]
1000439c:	4018      	ands	r0, r3
1000439e:	f7fc f8e3 	bl	10000568 <irq_set_exclusive_handler>
100043a2:	7820      	ldrb	r0, [r4, #0]
100043a4:	2101      	movs	r1, #1
100043a6:	f7fc f8a7 	bl	100004f8 <irq_set_enabled>
100043aa:	2005      	movs	r0, #5
100043ac:	f7fc f8be 	bl	1000052c <irq_has_shared_handler>
100043b0:	1e04      	subs	r4, r0, #0
100043b2:	d00c      	beq.n	100043ce <stdio_usb_init+0x52>
100043b4:	2200      	movs	r2, #0
100043b6:	2005      	movs	r0, #5
100043b8:	4919      	ldr	r1, [pc, #100]	; (10004420 <stdio_usb_init+0xa4>)
100043ba:	f7fc f8ff 	bl	100005bc <irq_add_shared_handler>
100043be:	2101      	movs	r1, #1
100043c0:	4818      	ldr	r0, [pc, #96]	; (10004424 <stdio_usb_init+0xa8>)
100043c2:	f7ff fe0b 	bl	10003fdc <stdio_set_driver_enabled>
100043c6:	2401      	movs	r4, #1
100043c8:	0020      	movs	r0, r4
100043ca:	b005      	add	sp, #20
100043cc:	bdf0      	pop	{r4, r5, r6, r7, pc}
100043ce:	f7fc fda3 	bl	10000f18 <alarm_pool_get_default>
100043d2:	0005      	movs	r5, r0
100043d4:	f7fc ffb2 	bl	1000133c <time_us_64>
100043d8:	22fa      	movs	r2, #250	; 0xfa
100043da:	0006      	movs	r6, r0
100043dc:	000f      	movs	r7, r1
100043de:	2300      	movs	r3, #0
100043e0:	0092      	lsls	r2, r2, #2
100043e2:	1992      	adds	r2, r2, r6
100043e4:	417b      	adcs	r3, r7
100043e6:	4299      	cmp	r1, r3
100043e8:	d80e      	bhi.n	10004408 <stdio_usb_init+0x8c>
100043ea:	d00b      	beq.n	10004404 <stdio_usb_init+0x88>
100043ec:	2101      	movs	r1, #1
100043ee:	9102      	str	r1, [sp, #8]
100043f0:	2100      	movs	r1, #0
100043f2:	9101      	str	r1, [sp, #4]
100043f4:	490c      	ldr	r1, [pc, #48]	; (10004428 <stdio_usb_init+0xac>)
100043f6:	0028      	movs	r0, r5
100043f8:	9100      	str	r1, [sp, #0]
100043fa:	f7fc fd91 	bl	10000f20 <alarm_pool_add_alarm_at>
100043fe:	2800      	cmp	r0, #0
10004400:	d0e2      	beq.n	100043c8 <stdio_usb_init+0x4c>
10004402:	e7dc      	b.n	100043be <stdio_usb_init+0x42>
10004404:	4290      	cmp	r0, r2
10004406:	d9f1      	bls.n	100043ec <stdio_usb_init+0x70>
10004408:	2201      	movs	r2, #1
1000440a:	4252      	negs	r2, r2
1000440c:	17d3      	asrs	r3, r2, #31
1000440e:	e7ed      	b.n	100043ec <stdio_usb_init+0x70>
10004410:	10007cec 	.word	0x10007cec
10004414:	20002618 	.word	0x20002618
10004418:	2000264c 	.word	0x2000264c
1000441c:	10004359 	.word	0x10004359
10004420:	10004349 	.word	0x10004349
10004424:	20001400 	.word	0x20001400
10004428:	10004331 	.word	0x10004331

1000442c <tud_descriptor_device_cb>:
1000442c:	4800      	ldr	r0, [pc, #0]	; (10004430 <tud_descriptor_device_cb+0x4>)
1000442e:	4770      	bx	lr
10004430:	100079b0 	.word	0x100079b0

10004434 <tud_descriptor_configuration_cb>:
10004434:	4800      	ldr	r0, [pc, #0]	; (10004438 <tud_descriptor_configuration_cb+0x4>)
10004436:	4770      	bx	lr
10004438:	1000795c 	.word	0x1000795c

1000443c <tud_descriptor_string_cb>:
1000443c:	b570      	push	{r4, r5, r6, lr}
1000443e:	0004      	movs	r4, r0
10004440:	4817      	ldr	r0, [pc, #92]	; (100044a0 <tud_descriptor_string_cb+0x64>)
10004442:	7803      	ldrb	r3, [r0, #0]
10004444:	2b00      	cmp	r3, #0
10004446:	d021      	beq.n	1000448c <tud_descriptor_string_cb+0x50>
10004448:	2c00      	cmp	r4, #0
1000444a:	d106      	bne.n	1000445a <tud_descriptor_string_cb+0x1e>
1000444c:	24c1      	movs	r4, #193	; 0xc1
1000444e:	4815      	ldr	r0, [pc, #84]	; (100044a4 <tud_descriptor_string_cb+0x68>)
10004450:	4b15      	ldr	r3, [pc, #84]	; (100044a8 <tud_descriptor_string_cb+0x6c>)
10004452:	00a4      	lsls	r4, r4, #2
10004454:	8043      	strh	r3, [r0, #2]
10004456:	8004      	strh	r4, [r0, #0]
10004458:	bd70      	pop	{r4, r5, r6, pc}
1000445a:	2c05      	cmp	r4, #5
1000445c:	d81d      	bhi.n	1000449a <tud_descriptor_string_cb+0x5e>
1000445e:	4b13      	ldr	r3, [pc, #76]	; (100044ac <tud_descriptor_string_cb+0x70>)
10004460:	4810      	ldr	r0, [pc, #64]	; (100044a4 <tud_descriptor_string_cb+0x68>)
10004462:	00a4      	lsls	r4, r4, #2
10004464:	58e5      	ldr	r5, [r4, r3]
10004466:	1c81      	adds	r1, r0, #2
10004468:	2300      	movs	r3, #0
1000446a:	e004      	b.n	10004476 <tud_descriptor_string_cb+0x3a>
1000446c:	3301      	adds	r3, #1
1000446e:	800a      	strh	r2, [r1, #0]
10004470:	3102      	adds	r1, #2
10004472:	2b13      	cmp	r3, #19
10004474:	d00e      	beq.n	10004494 <tud_descriptor_string_cb+0x58>
10004476:	5cea      	ldrb	r2, [r5, r3]
10004478:	b2dc      	uxtb	r4, r3
1000447a:	2a00      	cmp	r2, #0
1000447c:	d1f6      	bne.n	1000446c <tud_descriptor_string_cb+0x30>
1000447e:	23c0      	movs	r3, #192	; 0xc0
10004480:	3401      	adds	r4, #1
10004482:	b2e4      	uxtb	r4, r4
10004484:	0064      	lsls	r4, r4, #1
10004486:	009b      	lsls	r3, r3, #2
10004488:	431c      	orrs	r4, r3
1000448a:	e7e4      	b.n	10004456 <tud_descriptor_string_cb+0x1a>
1000448c:	2111      	movs	r1, #17
1000448e:	f002 fa0f 	bl	100068b0 <pico_get_unique_board_id_string>
10004492:	e7d9      	b.n	10004448 <tud_descriptor_string_cb+0xc>
10004494:	24ca      	movs	r4, #202	; 0xca
10004496:	00a4      	lsls	r4, r4, #2
10004498:	e7dd      	b.n	10004456 <tud_descriptor_string_cb+0x1a>
1000449a:	2000      	movs	r0, #0
1000449c:	e7dc      	b.n	10004458 <tud_descriptor_string_cb+0x1c>
1000449e:	46c0      	nop			; (mov r8, r8)
100044a0:	20002630 	.word	0x20002630
100044a4:	200020b8 	.word	0x200020b8
100044a8:	00000409 	.word	0x00000409
100044ac:	100079c4 	.word	0x100079c4

100044b0 <dcd_rp2040_irq>:
100044b0:	b5f0      	push	{r4, r5, r6, r7, lr}
100044b2:	2398      	movs	r3, #152	; 0x98
100044b4:	4657      	mov	r7, sl
100044b6:	4645      	mov	r5, r8
100044b8:	46de      	mov	lr, fp
100044ba:	464e      	mov	r6, r9
100044bc:	4a6c      	ldr	r2, [pc, #432]	; (10004670 <dcd_rp2040_irq+0x1c0>)
100044be:	b5e0      	push	{r5, r6, r7, lr}
100044c0:	58d7      	ldr	r7, [r2, r3]
100044c2:	2580      	movs	r5, #128	; 0x80
100044c4:	003c      	movs	r4, r7
100044c6:	026d      	lsls	r5, r5, #9
100044c8:	3b88      	subs	r3, #136	; 0x88
100044ca:	469a      	mov	sl, r3
100044cc:	b083      	sub	sp, #12
100044ce:	402c      	ands	r4, r5
100044d0:	422f      	tst	r7, r5
100044d2:	d00f      	beq.n	100044f4 <dcd_rp2040_irq+0x44>
100044d4:	2201      	movs	r2, #1
100044d6:	2123      	movs	r1, #35	; 0x23
100044d8:	4b66      	ldr	r3, [pc, #408]	; (10004674 <dcd_rp2040_irq+0x1c4>)
100044da:	2000      	movs	r0, #0
100044dc:	545a      	strb	r2, [r3, r1]
100044de:	70da      	strb	r2, [r3, #3]
100044e0:	4965      	ldr	r1, [pc, #404]	; (10004678 <dcd_rp2040_irq+0x1c8>)
100044e2:	f001 fa73 	bl	100059cc <dcd_event_setup_received>
100044e6:	2280      	movs	r2, #128	; 0x80
100044e8:	4b64      	ldr	r3, [pc, #400]	; (1000467c <dcd_rp2040_irq+0x1cc>)
100044ea:	0292      	lsls	r2, r2, #10
100044ec:	651a      	str	r2, [r3, #80]	; 0x50
100044ee:	4b64      	ldr	r3, [pc, #400]	; (10004680 <dcd_rp2040_irq+0x1d0>)
100044f0:	002c      	movs	r4, r5
100044f2:	469a      	mov	sl, r3
100044f4:	06fb      	lsls	r3, r7, #27
100044f6:	d417      	bmi.n	10004528 <dcd_rp2040_irq+0x78>
100044f8:	2380      	movs	r3, #128	; 0x80
100044fa:	015b      	lsls	r3, r3, #5
100044fc:	421f      	tst	r7, r3
100044fe:	d145      	bne.n	1000458c <dcd_rp2040_irq+0xdc>
10004500:	2380      	movs	r3, #128	; 0x80
10004502:	01db      	lsls	r3, r3, #7
10004504:	421f      	tst	r7, r3
10004506:	d000      	beq.n	1000450a <dcd_rp2040_irq+0x5a>
10004508:	e088      	b.n	1000461c <dcd_rp2040_irq+0x16c>
1000450a:	2380      	movs	r3, #128	; 0x80
1000450c:	021b      	lsls	r3, r3, #8
1000450e:	421f      	tst	r7, r3
10004510:	d000      	beq.n	10004514 <dcd_rp2040_irq+0x64>
10004512:	e091      	b.n	10004638 <dcd_rp2040_irq+0x188>
10004514:	42bc      	cmp	r4, r7
10004516:	d000      	beq.n	1000451a <dcd_rp2040_irq+0x6a>
10004518:	e0a5      	b.n	10004666 <dcd_rp2040_irq+0x1b6>
1000451a:	b003      	add	sp, #12
1000451c:	bcf0      	pop	{r4, r5, r6, r7}
1000451e:	46bb      	mov	fp, r7
10004520:	46b2      	mov	sl, r6
10004522:	46a9      	mov	r9, r5
10004524:	46a0      	mov	r8, r4
10004526:	bdf0      	pop	{r4, r5, r6, r7, pc}
10004528:	4b51      	ldr	r3, [pc, #324]	; (10004670 <dcd_rp2040_irq+0x1c0>)
1000452a:	6d9b      	ldr	r3, [r3, #88]	; 0x58
1000452c:	4698      	mov	r8, r3
1000452e:	2b00      	cmp	r3, #0
10004530:	d027      	beq.n	10004582 <dcd_rp2040_irq+0xd2>
10004532:	4b52      	ldr	r3, [pc, #328]	; (1000467c <dcd_rp2040_irq+0x1cc>)
10004534:	2400      	movs	r4, #0
10004536:	469b      	mov	fp, r3
10004538:	2301      	movs	r3, #1
1000453a:	4699      	mov	r9, r3
1000453c:	4643      	mov	r3, r8
1000453e:	2601      	movs	r6, #1
10004540:	46b8      	mov	r8, r7
10004542:	001f      	movs	r7, r3
10004544:	e004      	b.n	10004550 <dcd_rp2040_irq+0xa0>
10004546:	3401      	adds	r4, #1
10004548:	0076      	lsls	r6, r6, #1
1000454a:	b2e4      	uxtb	r4, r4
1000454c:	2c20      	cmp	r4, #32
1000454e:	d017      	beq.n	10004580 <dcd_rp2040_irq+0xd0>
10004550:	4237      	tst	r7, r6
10004552:	d0f8      	beq.n	10004546 <dcd_rp2040_irq+0x96>
10004554:	465b      	mov	r3, fp
10004556:	659e      	str	r6, [r3, #88]	; 0x58
10004558:	464b      	mov	r3, r9
1000455a:	0865      	lsrs	r5, r4, #1
1000455c:	43a3      	bics	r3, r4
1000455e:	006d      	lsls	r5, r5, #1
10004560:	18ed      	adds	r5, r5, r3
10004562:	4b44      	ldr	r3, [pc, #272]	; (10004674 <dcd_rp2040_irq+0x1c4>)
10004564:	016d      	lsls	r5, r5, #5
10004566:	469c      	mov	ip, r3
10004568:	4465      	add	r5, ip
1000456a:	0028      	movs	r0, r5
1000456c:	f000 fb8a 	bl	10004c84 <hw_endpoint_xfer_continue>
10004570:	2800      	cmp	r0, #0
10004572:	d16c      	bne.n	1000464e <dcd_rp2040_irq+0x19e>
10004574:	3401      	adds	r4, #1
10004576:	43b7      	bics	r7, r6
10004578:	b2e4      	uxtb	r4, r4
1000457a:	0076      	lsls	r6, r6, #1
1000457c:	2f00      	cmp	r7, #0
1000457e:	d1e5      	bne.n	1000454c <dcd_rp2040_irq+0x9c>
10004580:	4647      	mov	r7, r8
10004582:	2380      	movs	r3, #128	; 0x80
10004584:	015b      	lsls	r3, r3, #5
10004586:	4654      	mov	r4, sl
10004588:	421f      	tst	r7, r3
1000458a:	d0b9      	beq.n	10004500 <dcd_rp2040_irq+0x50>
1000458c:	431c      	orrs	r4, r3
1000458e:	2300      	movs	r3, #0
10004590:	4a37      	ldr	r2, [pc, #220]	; (10004670 <dcd_rp2040_irq+0x1c0>)
10004592:	2100      	movs	r1, #0
10004594:	6013      	str	r3, [r2, #0]
10004596:	4a38      	ldr	r2, [pc, #224]	; (10004678 <dcd_rp2040_irq+0x1c8>)
10004598:	483a      	ldr	r0, [pc, #232]	; (10004684 <dcd_rp2040_irq+0x1d4>)
1000459a:	6093      	str	r3, [r2, #8]
1000459c:	60d3      	str	r3, [r2, #12]
1000459e:	4a3a      	ldr	r2, [pc, #232]	; (10004688 <dcd_rp2040_irq+0x1d8>)
100045a0:	6093      	str	r3, [r2, #8]
100045a2:	60d3      	str	r3, [r2, #12]
100045a4:	4a39      	ldr	r2, [pc, #228]	; (1000468c <dcd_rp2040_irq+0x1dc>)
100045a6:	6093      	str	r3, [r2, #8]
100045a8:	60d3      	str	r3, [r2, #12]
100045aa:	4a39      	ldr	r2, [pc, #228]	; (10004690 <dcd_rp2040_irq+0x1e0>)
100045ac:	6093      	str	r3, [r2, #8]
100045ae:	60d3      	str	r3, [r2, #12]
100045b0:	4a38      	ldr	r2, [pc, #224]	; (10004694 <dcd_rp2040_irq+0x1e4>)
100045b2:	6093      	str	r3, [r2, #8]
100045b4:	60d3      	str	r3, [r2, #12]
100045b6:	4a38      	ldr	r2, [pc, #224]	; (10004698 <dcd_rp2040_irq+0x1e8>)
100045b8:	6093      	str	r3, [r2, #8]
100045ba:	60d3      	str	r3, [r2, #12]
100045bc:	4a37      	ldr	r2, [pc, #220]	; (1000469c <dcd_rp2040_irq+0x1ec>)
100045be:	6093      	str	r3, [r2, #8]
100045c0:	60d3      	str	r3, [r2, #12]
100045c2:	4a37      	ldr	r2, [pc, #220]	; (100046a0 <dcd_rp2040_irq+0x1f0>)
100045c4:	6093      	str	r3, [r2, #8]
100045c6:	60d3      	str	r3, [r2, #12]
100045c8:	4a36      	ldr	r2, [pc, #216]	; (100046a4 <dcd_rp2040_irq+0x1f4>)
100045ca:	6093      	str	r3, [r2, #8]
100045cc:	60d3      	str	r3, [r2, #12]
100045ce:	4a36      	ldr	r2, [pc, #216]	; (100046a8 <dcd_rp2040_irq+0x1f8>)
100045d0:	6093      	str	r3, [r2, #8]
100045d2:	60d3      	str	r3, [r2, #12]
100045d4:	4a35      	ldr	r2, [pc, #212]	; (100046ac <dcd_rp2040_irq+0x1fc>)
100045d6:	6093      	str	r3, [r2, #8]
100045d8:	60d3      	str	r3, [r2, #12]
100045da:	4a35      	ldr	r2, [pc, #212]	; (100046b0 <dcd_rp2040_irq+0x200>)
100045dc:	6093      	str	r3, [r2, #8]
100045de:	60d3      	str	r3, [r2, #12]
100045e0:	4a34      	ldr	r2, [pc, #208]	; (100046b4 <dcd_rp2040_irq+0x204>)
100045e2:	6093      	str	r3, [r2, #8]
100045e4:	60d3      	str	r3, [r2, #12]
100045e6:	4a34      	ldr	r2, [pc, #208]	; (100046b8 <dcd_rp2040_irq+0x208>)
100045e8:	6093      	str	r3, [r2, #8]
100045ea:	60d3      	str	r3, [r2, #12]
100045ec:	4a33      	ldr	r2, [pc, #204]	; (100046bc <dcd_rp2040_irq+0x20c>)
100045ee:	6093      	str	r3, [r2, #8]
100045f0:	60d3      	str	r3, [r2, #12]
100045f2:	22f0      	movs	r2, #240	; 0xf0
100045f4:	0092      	lsls	r2, r2, #2
100045f6:	f7ff fb65 	bl	10003cc4 <__wrap_memset>
100045fa:	4b31      	ldr	r3, [pc, #196]	; (100046c0 <dcd_rp2040_irq+0x210>)
100045fc:	4a31      	ldr	r2, [pc, #196]	; (100046c4 <dcd_rp2040_irq+0x214>)
100045fe:	2100      	movs	r1, #0
10004600:	601a      	str	r2, [r3, #0]
10004602:	2000      	movs	r0, #0
10004604:	2201      	movs	r2, #1
10004606:	f001 f9b7 	bl	10005978 <dcd_event_bus_reset>
1000460a:	2280      	movs	r2, #128	; 0x80
1000460c:	4b1b      	ldr	r3, [pc, #108]	; (1000467c <dcd_rp2040_irq+0x1cc>)
1000460e:	0312      	lsls	r2, r2, #12
10004610:	651a      	str	r2, [r3, #80]	; 0x50
10004612:	2380      	movs	r3, #128	; 0x80
10004614:	01db      	lsls	r3, r3, #7
10004616:	421f      	tst	r7, r3
10004618:	d100      	bne.n	1000461c <dcd_rp2040_irq+0x16c>
1000461a:	e776      	b.n	1000450a <dcd_rp2040_irq+0x5a>
1000461c:	2201      	movs	r2, #1
1000461e:	2104      	movs	r1, #4
10004620:	2000      	movs	r0, #0
10004622:	431c      	orrs	r4, r3
10004624:	f001 f918 	bl	10005858 <dcd_event_bus_signal>
10004628:	2210      	movs	r2, #16
1000462a:	4b14      	ldr	r3, [pc, #80]	; (1000467c <dcd_rp2040_irq+0x1cc>)
1000462c:	651a      	str	r2, [r3, #80]	; 0x50
1000462e:	2380      	movs	r3, #128	; 0x80
10004630:	021b      	lsls	r3, r3, #8
10004632:	421f      	tst	r7, r3
10004634:	d100      	bne.n	10004638 <dcd_rp2040_irq+0x188>
10004636:	e76d      	b.n	10004514 <dcd_rp2040_irq+0x64>
10004638:	2201      	movs	r2, #1
1000463a:	2105      	movs	r1, #5
1000463c:	2000      	movs	r0, #0
1000463e:	431c      	orrs	r4, r3
10004640:	f001 f90a 	bl	10005858 <dcd_event_bus_signal>
10004644:	2280      	movs	r2, #128	; 0x80
10004646:	4b0d      	ldr	r3, [pc, #52]	; (1000467c <dcd_rp2040_irq+0x1cc>)
10004648:	0112      	lsls	r2, r2, #4
1000464a:	651a      	str	r2, [r3, #80]	; 0x50
1000464c:	e762      	b.n	10004514 <dcd_rp2040_irq+0x64>
1000464e:	464b      	mov	r3, r9
10004650:	8aaa      	ldrh	r2, [r5, #20]
10004652:	78a9      	ldrb	r1, [r5, #2]
10004654:	2000      	movs	r0, #0
10004656:	9300      	str	r3, [sp, #0]
10004658:	2300      	movs	r3, #0
1000465a:	f001 f9df 	bl	10005a1c <dcd_event_xfer_complete>
1000465e:	0028      	movs	r0, r5
10004660:	f000 fa4c 	bl	10004afc <hw_endpoint_reset_transfer>
10004664:	e786      	b.n	10004574 <dcd_rp2040_irq+0xc4>
10004666:	0021      	movs	r1, r4
10004668:	4817      	ldr	r0, [pc, #92]	; (100046c8 <dcd_rp2040_irq+0x218>)
1000466a:	4079      	eors	r1, r7
1000466c:	f7fd f9ce 	bl	10001a0c <panic>
10004670:	50110000 	.word	0x50110000
10004674:	200020ec 	.word	0x200020ec
10004678:	50100000 	.word	0x50100000
1000467c:	50113000 	.word	0x50113000
10004680:	00010010 	.word	0x00010010
10004684:	2000212c 	.word	0x2000212c
10004688:	50100008 	.word	0x50100008
1000468c:	50100010 	.word	0x50100010
10004690:	50100018 	.word	0x50100018
10004694:	50100020 	.word	0x50100020
10004698:	50100028 	.word	0x50100028
1000469c:	50100030 	.word	0x50100030
100046a0:	50100038 	.word	0x50100038
100046a4:	50100040 	.word	0x50100040
100046a8:	50100048 	.word	0x50100048
100046ac:	50100050 	.word	0x50100050
100046b0:	50100058 	.word	0x50100058
100046b4:	50100060 	.word	0x50100060
100046b8:	50100068 	.word	0x50100068
100046bc:	50100070 	.word	0x50100070
100046c0:	200024f4 	.word	0x200024f4
100046c4:	50100180 	.word	0x50100180
100046c8:	100079dc 	.word	0x100079dc

100046cc <dcd_int_enable>:
100046cc:	b510      	push	{r4, lr}
100046ce:	2101      	movs	r1, #1
100046d0:	2005      	movs	r0, #5
100046d2:	f7fb ff11 	bl	100004f8 <irq_set_enabled>
100046d6:	bd10      	pop	{r4, pc}

100046d8 <dcd_set_address>:
100046d8:	b510      	push	{r4, lr}
100046da:	2200      	movs	r2, #0
100046dc:	2100      	movs	r1, #0
100046de:	4802      	ldr	r0, [pc, #8]	; (100046e8 <dcd_set_address+0x10>)
100046e0:	f000 fa34 	bl	10004b4c <hw_endpoint_xfer_start>
100046e4:	bd10      	pop	{r4, pc}
100046e6:	46c0      	nop			; (mov r8, r8)
100046e8:	2000210c 	.word	0x2000210c

100046ec <dcd_connect>:
100046ec:	2280      	movs	r2, #128	; 0x80
100046ee:	4b02      	ldr	r3, [pc, #8]	; (100046f8 <dcd_connect+0xc>)
100046f0:	0252      	lsls	r2, r2, #9
100046f2:	64da      	str	r2, [r3, #76]	; 0x4c
100046f4:	4770      	bx	lr
100046f6:	46c0      	nop			; (mov r8, r8)
100046f8:	50112000 	.word	0x50112000

100046fc <dcd_init>:
100046fc:	b5f0      	push	{r4, r5, r6, r7, lr}
100046fe:	46c6      	mov	lr, r8
10004700:	b500      	push	{lr}
10004702:	0006      	movs	r6, r0
10004704:	f000 f9d4 	bl	10004ab0 <rp2040_usb_init>
10004708:	230c      	movs	r3, #12
1000470a:	4d35      	ldr	r5, [pc, #212]	; (100047e0 <dcd_init+0xe4>)
1000470c:	2005      	movs	r0, #5
1000470e:	67ab      	str	r3, [r5, #120]	; 0x78
10004710:	4934      	ldr	r1, [pc, #208]	; (100047e4 <dcd_init+0xe8>)
10004712:	f7fb ff29 	bl	10000568 <irq_set_exclusive_handler>
10004716:	2340      	movs	r3, #64	; 0x40
10004718:	4698      	mov	r8, r3
1000471a:	4c33      	ldr	r4, [pc, #204]	; (100047e8 <dcd_init+0xec>)
1000471c:	2240      	movs	r2, #64	; 0x40
1000471e:	2100      	movs	r1, #0
10004720:	0020      	movs	r0, r4
10004722:	f7ff facf 	bl	10003cc4 <__wrap_memset>
10004726:	4643      	mov	r3, r8
10004728:	2701      	movs	r7, #1
1000472a:	83a3      	strh	r3, [r4, #28]
1000472c:	2121      	movs	r1, #33	; 0x21
1000472e:	2300      	movs	r3, #0
10004730:	4a2e      	ldr	r2, [pc, #184]	; (100047ec <dcd_init+0xf0>)
10004732:	7067      	strb	r7, [r4, #1]
10004734:	60a2      	str	r2, [r4, #8]
10004736:	6013      	str	r3, [r2, #0]
10004738:	5463      	strb	r3, [r4, r1]
1000473a:	315f      	adds	r1, #95	; 0x5f
1000473c:	8461      	strh	r1, [r4, #34]	; 0x22
1000473e:	4641      	mov	r1, r8
10004740:	87a1      	strh	r1, [r4, #60]	; 0x3c
10004742:	3902      	subs	r1, #2
10004744:	5463      	strb	r3, [r4, r1]
10004746:	4a2a      	ldr	r2, [pc, #168]	; (100047f0 <dcd_init+0xf4>)
10004748:	492a      	ldr	r1, [pc, #168]	; (100047f4 <dcd_init+0xf8>)
1000474a:	6063      	str	r3, [r4, #4]
1000474c:	60e2      	str	r2, [r4, #12]
1000474e:	62a1      	str	r1, [r4, #40]	; 0x28
10004750:	600b      	str	r3, [r1, #0]
10004752:	62e2      	str	r2, [r4, #44]	; 0x2c
10004754:	4a28      	ldr	r2, [pc, #160]	; (100047f8 <dcd_init+0xfc>)
10004756:	6263      	str	r3, [r4, #36]	; 0x24
10004758:	6093      	str	r3, [r2, #8]
1000475a:	60d3      	str	r3, [r2, #12]
1000475c:	4a27      	ldr	r2, [pc, #156]	; (100047fc <dcd_init+0x100>)
1000475e:	0020      	movs	r0, r4
10004760:	6093      	str	r3, [r2, #8]
10004762:	60d3      	str	r3, [r2, #12]
10004764:	4a26      	ldr	r2, [pc, #152]	; (10004800 <dcd_init+0x104>)
10004766:	2100      	movs	r1, #0
10004768:	6093      	str	r3, [r2, #8]
1000476a:	60d3      	str	r3, [r2, #12]
1000476c:	4a25      	ldr	r2, [pc, #148]	; (10004804 <dcd_init+0x108>)
1000476e:	3040      	adds	r0, #64	; 0x40
10004770:	6093      	str	r3, [r2, #8]
10004772:	60d3      	str	r3, [r2, #12]
10004774:	4a24      	ldr	r2, [pc, #144]	; (10004808 <dcd_init+0x10c>)
10004776:	6093      	str	r3, [r2, #8]
10004778:	60d3      	str	r3, [r2, #12]
1000477a:	4a24      	ldr	r2, [pc, #144]	; (1000480c <dcd_init+0x110>)
1000477c:	6093      	str	r3, [r2, #8]
1000477e:	60d3      	str	r3, [r2, #12]
10004780:	4a23      	ldr	r2, [pc, #140]	; (10004810 <dcd_init+0x114>)
10004782:	6093      	str	r3, [r2, #8]
10004784:	60d3      	str	r3, [r2, #12]
10004786:	4a23      	ldr	r2, [pc, #140]	; (10004814 <dcd_init+0x118>)
10004788:	6093      	str	r3, [r2, #8]
1000478a:	60d3      	str	r3, [r2, #12]
1000478c:	4a22      	ldr	r2, [pc, #136]	; (10004818 <dcd_init+0x11c>)
1000478e:	6093      	str	r3, [r2, #8]
10004790:	60d3      	str	r3, [r2, #12]
10004792:	4a22      	ldr	r2, [pc, #136]	; (1000481c <dcd_init+0x120>)
10004794:	6093      	str	r3, [r2, #8]
10004796:	60d3      	str	r3, [r2, #12]
10004798:	4a21      	ldr	r2, [pc, #132]	; (10004820 <dcd_init+0x124>)
1000479a:	6093      	str	r3, [r2, #8]
1000479c:	60d3      	str	r3, [r2, #12]
1000479e:	4a21      	ldr	r2, [pc, #132]	; (10004824 <dcd_init+0x128>)
100047a0:	6093      	str	r3, [r2, #8]
100047a2:	60d3      	str	r3, [r2, #12]
100047a4:	4a20      	ldr	r2, [pc, #128]	; (10004828 <dcd_init+0x12c>)
100047a6:	6093      	str	r3, [r2, #8]
100047a8:	60d3      	str	r3, [r2, #12]
100047aa:	4a20      	ldr	r2, [pc, #128]	; (1000482c <dcd_init+0x130>)
100047ac:	6093      	str	r3, [r2, #8]
100047ae:	60d3      	str	r3, [r2, #12]
100047b0:	4a1f      	ldr	r2, [pc, #124]	; (10004830 <dcd_init+0x134>)
100047b2:	6093      	str	r3, [r2, #8]
100047b4:	60d3      	str	r3, [r2, #12]
100047b6:	22f0      	movs	r2, #240	; 0xf0
100047b8:	0092      	lsls	r2, r2, #2
100047ba:	f7ff fa83 	bl	10003cc4 <__wrap_memset>
100047be:	4b1d      	ldr	r3, [pc, #116]	; (10004834 <dcd_init+0x138>)
100047c0:	4a1d      	ldr	r2, [pc, #116]	; (10004838 <dcd_init+0x13c>)
100047c2:	0030      	movs	r0, r6
100047c4:	601a      	str	r2, [r3, #0]
100047c6:	2380      	movs	r3, #128	; 0x80
100047c8:	059b      	lsls	r3, r3, #22
100047ca:	642f      	str	r7, [r5, #64]	; 0x40
100047cc:	64eb      	str	r3, [r5, #76]	; 0x4c
100047ce:	2390      	movs	r3, #144	; 0x90
100047d0:	4a1a      	ldr	r2, [pc, #104]	; (1000483c <dcd_init+0x140>)
100047d2:	50ea      	str	r2, [r5, r3]
100047d4:	f7ff ff8a 	bl	100046ec <dcd_connect>
100047d8:	bc80      	pop	{r7}
100047da:	46b8      	mov	r8, r7
100047dc:	bdf0      	pop	{r4, r5, r6, r7, pc}
100047de:	46c0      	nop			; (mov r8, r8)
100047e0:	50110000 	.word	0x50110000
100047e4:	100044b1 	.word	0x100044b1
100047e8:	200020ec 	.word	0x200020ec
100047ec:	50100084 	.word	0x50100084
100047f0:	50100100 	.word	0x50100100
100047f4:	50100080 	.word	0x50100080
100047f8:	50100000 	.word	0x50100000
100047fc:	50100008 	.word	0x50100008
10004800:	50100010 	.word	0x50100010
10004804:	50100018 	.word	0x50100018
10004808:	50100020 	.word	0x50100020
1000480c:	50100028 	.word	0x50100028
10004810:	50100030 	.word	0x50100030
10004814:	50100038 	.word	0x50100038
10004818:	50100040 	.word	0x50100040
1000481c:	50100048 	.word	0x50100048
10004820:	50100050 	.word	0x50100050
10004824:	50100058 	.word	0x50100058
10004828:	50100060 	.word	0x50100060
1000482c:	50100068 	.word	0x50100068
10004830:	50100070 	.word	0x50100070
10004834:	200024f4 	.word	0x200024f4
10004838:	50100180 	.word	0x50100180
1000483c:	0001d010 	.word	0x0001d010

10004840 <dcd_edpt0_status_complete>:
10004840:	780b      	ldrb	r3, [r1, #0]
10004842:	065b      	lsls	r3, r3, #25
10004844:	d102      	bne.n	1000484c <dcd_edpt0_status_complete+0xc>
10004846:	784b      	ldrb	r3, [r1, #1]
10004848:	2b05      	cmp	r3, #5
1000484a:	d000      	beq.n	1000484e <dcd_edpt0_status_complete+0xe>
1000484c:	4770      	bx	lr
1000484e:	788a      	ldrb	r2, [r1, #2]
10004850:	4b01      	ldr	r3, [pc, #4]	; (10004858 <dcd_edpt0_status_complete+0x18>)
10004852:	601a      	str	r2, [r3, #0]
10004854:	e7fa      	b.n	1000484c <dcd_edpt0_status_complete+0xc>
10004856:	46c0      	nop			; (mov r8, r8)
10004858:	50110000 	.word	0x50110000

1000485c <dcd_edpt_open>:
1000485c:	b5f0      	push	{r4, r5, r6, r7, lr}
1000485e:	46ce      	mov	lr, r9
10004860:	4647      	mov	r7, r8
10004862:	2307      	movs	r3, #7
10004864:	b580      	push	{r7, lr}
10004866:	7948      	ldrb	r0, [r1, #5]
10004868:	788e      	ldrb	r6, [r1, #2]
1000486a:	790a      	ldrb	r2, [r1, #4]
1000486c:	4003      	ands	r3, r0
1000486e:	78c8      	ldrb	r0, [r1, #3]
10004870:	217f      	movs	r1, #127	; 0x7f
10004872:	0780      	lsls	r0, r0, #30
10004874:	4031      	ands	r1, r6
10004876:	021b      	lsls	r3, r3, #8
10004878:	09f4      	lsrs	r4, r6, #7
1000487a:	4313      	orrs	r3, r2
1000487c:	004f      	lsls	r7, r1, #1
1000487e:	0f82      	lsrs	r2, r0, #30
10004880:	4694      	mov	ip, r2
10004882:	4691      	mov	r9, r2
10004884:	4d2a      	ldr	r5, [pc, #168]	; (10004930 <dcd_edpt_open+0xd4>)
10004886:	193a      	adds	r2, r7, r4
10004888:	0152      	lsls	r2, r2, #5
1000488a:	18aa      	adds	r2, r5, r2
1000488c:	7096      	strb	r6, [r2, #2]
1000488e:	2601      	movs	r6, #1
10004890:	4066      	eors	r6, r4
10004892:	7056      	strb	r6, [r2, #1]
10004894:	4660      	mov	r0, ip
10004896:	2600      	movs	r6, #0
10004898:	8393      	strh	r3, [r2, #28]
1000489a:	70d6      	strb	r6, [r2, #3]
1000489c:	7790      	strb	r0, [r2, #30]
1000489e:	00ca      	lsls	r2, r1, #3
100048a0:	2c01      	cmp	r4, #1
100048a2:	d029      	beq.n	100048f8 <dcd_edpt_open+0x9c>
100048a4:	4823      	ldr	r0, [pc, #140]	; (10004934 <dcd_edpt_open+0xd8>)
100048a6:	4684      	mov	ip, r0
100048a8:	0188      	lsls	r0, r1, #6
100048aa:	4462      	add	r2, ip
100048ac:	4684      	mov	ip, r0
100048ae:	44ac      	add	ip, r5
100048b0:	4660      	mov	r0, ip
100048b2:	6082      	str	r2, [r0, #8]
100048b4:	6016      	str	r6, [r2, #0]
100048b6:	2900      	cmp	r1, #0
100048b8:	d029      	beq.n	1000490e <dcd_edpt_open+0xb2>
100048ba:	4a1f      	ldr	r2, [pc, #124]	; (10004938 <dcd_edpt_open+0xdc>)
100048bc:	00c9      	lsls	r1, r1, #3
100048be:	4690      	mov	r8, r2
100048c0:	4441      	add	r1, r8
100048c2:	6041      	str	r1, [r0, #4]
100048c4:	223f      	movs	r2, #63	; 0x3f
100048c6:	333f      	adds	r3, #63	; 0x3f
100048c8:	4393      	bics	r3, r2
100048ca:	464a      	mov	r2, r9
100048cc:	2a02      	cmp	r2, #2
100048ce:	d100      	bne.n	100048d2 <dcd_edpt_open+0x76>
100048d0:	005b      	lsls	r3, r3, #1
100048d2:	491a      	ldr	r1, [pc, #104]	; (1000493c <dcd_edpt_open+0xe0>)
100048d4:	193f      	adds	r7, r7, r4
100048d6:	680a      	ldr	r2, [r1, #0]
100048d8:	017f      	lsls	r7, r7, #5
100048da:	18d3      	adds	r3, r2, r3
100048dc:	600b      	str	r3, [r1, #0]
100048de:	4b18      	ldr	r3, [pc, #96]	; (10004940 <dcd_edpt_open+0xe4>)
100048e0:	19ed      	adds	r5, r5, r7
100048e2:	4053      	eors	r3, r2
100048e4:	60ea      	str	r2, [r5, #12]
100048e6:	464a      	mov	r2, r9
100048e8:	0690      	lsls	r0, r2, #26
100048ea:	4318      	orrs	r0, r3
100048ec:	2380      	movs	r3, #128	; 0x80
100048ee:	061b      	lsls	r3, r3, #24
100048f0:	4318      	orrs	r0, r3
100048f2:	686b      	ldr	r3, [r5, #4]
100048f4:	6018      	str	r0, [r3, #0]
100048f6:	e010      	b.n	1000491a <dcd_edpt_open+0xbe>
100048f8:	4812      	ldr	r0, [pc, #72]	; (10004944 <dcd_edpt_open+0xe8>)
100048fa:	4684      	mov	ip, r0
100048fc:	0188      	lsls	r0, r1, #6
100048fe:	4462      	add	r2, ip
10004900:	4684      	mov	ip, r0
10004902:	44ac      	add	ip, r5
10004904:	4660      	mov	r0, ip
10004906:	6282      	str	r2, [r0, #40]	; 0x28
10004908:	6016      	str	r6, [r2, #0]
1000490a:	2900      	cmp	r1, #0
1000490c:	d10a      	bne.n	10004924 <dcd_edpt_open+0xc8>
1000490e:	2300      	movs	r3, #0
10004910:	0164      	lsls	r4, r4, #5
10004912:	192d      	adds	r5, r5, r4
10004914:	606b      	str	r3, [r5, #4]
10004916:	4b0c      	ldr	r3, [pc, #48]	; (10004948 <dcd_edpt_open+0xec>)
10004918:	60eb      	str	r3, [r5, #12]
1000491a:	2001      	movs	r0, #1
1000491c:	bcc0      	pop	{r6, r7}
1000491e:	46b9      	mov	r9, r7
10004920:	46b0      	mov	r8, r6
10004922:	bdf0      	pop	{r4, r5, r6, r7, pc}
10004924:	4a06      	ldr	r2, [pc, #24]	; (10004940 <dcd_edpt_open+0xe4>)
10004926:	00c9      	lsls	r1, r1, #3
10004928:	4690      	mov	r8, r2
1000492a:	4441      	add	r1, r8
1000492c:	6241      	str	r1, [r0, #36]	; 0x24
1000492e:	e7c9      	b.n	100048c4 <dcd_edpt_open+0x68>
10004930:	200020ec 	.word	0x200020ec
10004934:	50100084 	.word	0x50100084
10004938:	50100004 	.word	0x50100004
1000493c:	200024f4 	.word	0x200024f4
10004940:	50100000 	.word	0x50100000
10004944:	50100080 	.word	0x50100080
10004948:	50100100 	.word	0x50100100

1000494c <dcd_edpt_close_all>:
1000494c:	2300      	movs	r3, #0
1000494e:	4a1c      	ldr	r2, [pc, #112]	; (100049c0 <dcd_edpt_close_all+0x74>)
10004950:	b510      	push	{r4, lr}
10004952:	6093      	str	r3, [r2, #8]
10004954:	60d3      	str	r3, [r2, #12]
10004956:	4a1b      	ldr	r2, [pc, #108]	; (100049c4 <dcd_edpt_close_all+0x78>)
10004958:	2100      	movs	r1, #0
1000495a:	6093      	str	r3, [r2, #8]
1000495c:	60d3      	str	r3, [r2, #12]
1000495e:	4a1a      	ldr	r2, [pc, #104]	; (100049c8 <dcd_edpt_close_all+0x7c>)
10004960:	481a      	ldr	r0, [pc, #104]	; (100049cc <dcd_edpt_close_all+0x80>)
10004962:	6093      	str	r3, [r2, #8]
10004964:	60d3      	str	r3, [r2, #12]
10004966:	4a1a      	ldr	r2, [pc, #104]	; (100049d0 <dcd_edpt_close_all+0x84>)
10004968:	6093      	str	r3, [r2, #8]
1000496a:	60d3      	str	r3, [r2, #12]
1000496c:	4a19      	ldr	r2, [pc, #100]	; (100049d4 <dcd_edpt_close_all+0x88>)
1000496e:	6093      	str	r3, [r2, #8]
10004970:	60d3      	str	r3, [r2, #12]
10004972:	4a19      	ldr	r2, [pc, #100]	; (100049d8 <dcd_edpt_close_all+0x8c>)
10004974:	6093      	str	r3, [r2, #8]
10004976:	60d3      	str	r3, [r2, #12]
10004978:	4a18      	ldr	r2, [pc, #96]	; (100049dc <dcd_edpt_close_all+0x90>)
1000497a:	6093      	str	r3, [r2, #8]
1000497c:	60d3      	str	r3, [r2, #12]
1000497e:	4a18      	ldr	r2, [pc, #96]	; (100049e0 <dcd_edpt_close_all+0x94>)
10004980:	6093      	str	r3, [r2, #8]
10004982:	60d3      	str	r3, [r2, #12]
10004984:	4a17      	ldr	r2, [pc, #92]	; (100049e4 <dcd_edpt_close_all+0x98>)
10004986:	6093      	str	r3, [r2, #8]
10004988:	60d3      	str	r3, [r2, #12]
1000498a:	4a17      	ldr	r2, [pc, #92]	; (100049e8 <dcd_edpt_close_all+0x9c>)
1000498c:	6093      	str	r3, [r2, #8]
1000498e:	60d3      	str	r3, [r2, #12]
10004990:	4a16      	ldr	r2, [pc, #88]	; (100049ec <dcd_edpt_close_all+0xa0>)
10004992:	6093      	str	r3, [r2, #8]
10004994:	60d3      	str	r3, [r2, #12]
10004996:	4a16      	ldr	r2, [pc, #88]	; (100049f0 <dcd_edpt_close_all+0xa4>)
10004998:	6093      	str	r3, [r2, #8]
1000499a:	60d3      	str	r3, [r2, #12]
1000499c:	4a15      	ldr	r2, [pc, #84]	; (100049f4 <dcd_edpt_close_all+0xa8>)
1000499e:	6093      	str	r3, [r2, #8]
100049a0:	60d3      	str	r3, [r2, #12]
100049a2:	4a15      	ldr	r2, [pc, #84]	; (100049f8 <dcd_edpt_close_all+0xac>)
100049a4:	6093      	str	r3, [r2, #8]
100049a6:	60d3      	str	r3, [r2, #12]
100049a8:	4a14      	ldr	r2, [pc, #80]	; (100049fc <dcd_edpt_close_all+0xb0>)
100049aa:	6093      	str	r3, [r2, #8]
100049ac:	60d3      	str	r3, [r2, #12]
100049ae:	22f0      	movs	r2, #240	; 0xf0
100049b0:	0092      	lsls	r2, r2, #2
100049b2:	f7ff f987 	bl	10003cc4 <__wrap_memset>
100049b6:	4b12      	ldr	r3, [pc, #72]	; (10004a00 <dcd_edpt_close_all+0xb4>)
100049b8:	4a12      	ldr	r2, [pc, #72]	; (10004a04 <dcd_edpt_close_all+0xb8>)
100049ba:	601a      	str	r2, [r3, #0]
100049bc:	bd10      	pop	{r4, pc}
100049be:	46c0      	nop			; (mov r8, r8)
100049c0:	50100000 	.word	0x50100000
100049c4:	50100008 	.word	0x50100008
100049c8:	50100010 	.word	0x50100010
100049cc:	2000212c 	.word	0x2000212c
100049d0:	50100018 	.word	0x50100018
100049d4:	50100020 	.word	0x50100020
100049d8:	50100028 	.word	0x50100028
100049dc:	50100030 	.word	0x50100030
100049e0:	50100038 	.word	0x50100038
100049e4:	50100040 	.word	0x50100040
100049e8:	50100048 	.word	0x50100048
100049ec:	50100050 	.word	0x50100050
100049f0:	50100058 	.word	0x50100058
100049f4:	50100060 	.word	0x50100060
100049f8:	50100068 	.word	0x50100068
100049fc:	50100070 	.word	0x50100070
10004a00:	200024f4 	.word	0x200024f4
10004a04:	50100180 	.word	0x50100180

10004a08 <dcd_edpt_xfer>:
10004a08:	b510      	push	{r4, lr}
10004a0a:	207f      	movs	r0, #127	; 0x7f
10004a0c:	000c      	movs	r4, r1
10004a0e:	4020      	ands	r0, r4
10004a10:	0040      	lsls	r0, r0, #1
10004a12:	09e4      	lsrs	r4, r4, #7
10004a14:	0011      	movs	r1, r2
10004a16:	1900      	adds	r0, r0, r4
10004a18:	001a      	movs	r2, r3
10004a1a:	4b03      	ldr	r3, [pc, #12]	; (10004a28 <dcd_edpt_xfer+0x20>)
10004a1c:	0140      	lsls	r0, r0, #5
10004a1e:	18c0      	adds	r0, r0, r3
10004a20:	f000 f894 	bl	10004b4c <hw_endpoint_xfer_start>
10004a24:	2001      	movs	r0, #1
10004a26:	bd10      	pop	{r4, pc}
10004a28:	200020ec 	.word	0x200020ec

10004a2c <dcd_edpt_stall>:
10004a2c:	227f      	movs	r2, #127	; 0x7f
10004a2e:	0013      	movs	r3, r2
10004a30:	b510      	push	{r4, lr}
10004a32:	400b      	ands	r3, r1
10004a34:	420a      	tst	r2, r1
10004a36:	d00b      	beq.n	10004a50 <dcd_edpt_stall+0x24>
10004a38:	09c9      	lsrs	r1, r1, #7
10004a3a:	2280      	movs	r2, #128	; 0x80
10004a3c:	0058      	lsls	r0, r3, #1
10004a3e:	1840      	adds	r0, r0, r1
10004a40:	4906      	ldr	r1, [pc, #24]	; (10004a5c <dcd_edpt_stall+0x30>)
10004a42:	0140      	lsls	r0, r0, #5
10004a44:	1840      	adds	r0, r0, r1
10004a46:	0112      	lsls	r2, r2, #4
10004a48:	2100      	movs	r1, #0
10004a4a:	f000 f85d 	bl	10004b08 <_hw_endpoint_buffer_control_update32>
10004a4e:	bd10      	pop	{r4, pc}
10004a50:	2202      	movs	r2, #2
10004a52:	4803      	ldr	r0, [pc, #12]	; (10004a60 <dcd_edpt_stall+0x34>)
10004a54:	09c9      	lsrs	r1, r1, #7
10004a56:	1a52      	subs	r2, r2, r1
10004a58:	6682      	str	r2, [r0, #104]	; 0x68
10004a5a:	e7ee      	b.n	10004a3a <dcd_edpt_stall+0xe>
10004a5c:	200020ec 	.word	0x200020ec
10004a60:	50112000 	.word	0x50112000

10004a64 <dcd_edpt_clear_stall>:
10004a64:	227f      	movs	r2, #127	; 0x7f
10004a66:	0010      	movs	r0, r2
10004a68:	b510      	push	{r4, lr}
10004a6a:	4008      	ands	r0, r1
10004a6c:	420a      	tst	r2, r1
10004a6e:	d100      	bne.n	10004a72 <dcd_edpt_clear_stall+0xe>
10004a70:	bd10      	pop	{r4, pc}
10004a72:	2300      	movs	r3, #0
10004a74:	09c9      	lsrs	r1, r1, #7
10004a76:	0040      	lsls	r0, r0, #1
10004a78:	1840      	adds	r0, r0, r1
10004a7a:	4904      	ldr	r1, [pc, #16]	; (10004a8c <dcd_edpt_clear_stall+0x28>)
10004a7c:	0140      	lsls	r0, r0, #5
10004a7e:	1808      	adds	r0, r1, r0
10004a80:	2200      	movs	r2, #0
10004a82:	4903      	ldr	r1, [pc, #12]	; (10004a90 <dcd_edpt_clear_stall+0x2c>)
10004a84:	70c3      	strb	r3, [r0, #3]
10004a86:	f000 f83f 	bl	10004b08 <_hw_endpoint_buffer_control_update32>
10004a8a:	e7f1      	b.n	10004a70 <dcd_edpt_clear_stall+0xc>
10004a8c:	200020ec 	.word	0x200020ec
10004a90:	fffff7ff 	.word	0xfffff7ff

10004a94 <_hw_endpoint_buffer_control_update32.part.0.isra.0>:
10004a94:	217f      	movs	r1, #127	; 0x7f
10004a96:	09c3      	lsrs	r3, r0, #7
10004a98:	4a03      	ldr	r2, [pc, #12]	; (10004aa8 <_hw_endpoint_buffer_control_update32.part.0.isra.0+0x14>)
10004a9a:	009b      	lsls	r3, r3, #2
10004a9c:	4001      	ands	r1, r0
10004a9e:	b510      	push	{r4, lr}
10004aa0:	589a      	ldr	r2, [r3, r2]
10004aa2:	4802      	ldr	r0, [pc, #8]	; (10004aac <_hw_endpoint_buffer_control_update32.part.0.isra.0+0x18>)
10004aa4:	f7fc ffb2 	bl	10001a0c <panic>
10004aa8:	20001414 	.word	0x20001414
10004aac:	100079f0 	.word	0x100079f0

10004ab0 <rp2040_usb_init>:
10004ab0:	2280      	movs	r2, #128	; 0x80
10004ab2:	4b0d      	ldr	r3, [pc, #52]	; (10004ae8 <rp2040_usb_init+0x38>)
10004ab4:	0452      	lsls	r2, r2, #17
10004ab6:	b510      	push	{r4, lr}
10004ab8:	601a      	str	r2, [r3, #0]
10004aba:	4b0c      	ldr	r3, [pc, #48]	; (10004aec <rp2040_usb_init+0x3c>)
10004abc:	490c      	ldr	r1, [pc, #48]	; (10004af0 <rp2040_usb_init+0x40>)
10004abe:	601a      	str	r2, [r3, #0]
10004ac0:	0010      	movs	r0, r2
10004ac2:	688b      	ldr	r3, [r1, #8]
10004ac4:	4398      	bics	r0, r3
10004ac6:	d1fb      	bne.n	10004ac0 <rp2040_usb_init+0x10>
10004ac8:	4c0a      	ldr	r4, [pc, #40]	; (10004af4 <rp2040_usb_init+0x44>)
10004aca:	229c      	movs	r2, #156	; 0x9c
10004acc:	2100      	movs	r1, #0
10004ace:	0020      	movs	r0, r4
10004ad0:	f7ff f8f8 	bl	10003cc4 <__wrap_memset>
10004ad4:	2280      	movs	r2, #128	; 0x80
10004ad6:	2100      	movs	r1, #0
10004ad8:	0152      	lsls	r2, r2, #5
10004ada:	4807      	ldr	r0, [pc, #28]	; (10004af8 <rp2040_usb_init+0x48>)
10004adc:	f7ff f8f2 	bl	10003cc4 <__wrap_memset>
10004ae0:	2309      	movs	r3, #9
10004ae2:	6763      	str	r3, [r4, #116]	; 0x74
10004ae4:	bd10      	pop	{r4, pc}
10004ae6:	46c0      	nop			; (mov r8, r8)
10004ae8:	4000e000 	.word	0x4000e000
10004aec:	4000f000 	.word	0x4000f000
10004af0:	4000c000 	.word	0x4000c000
10004af4:	50110000 	.word	0x50110000
10004af8:	50100000 	.word	0x50100000

10004afc <hw_endpoint_reset_transfer>:
10004afc:	2300      	movs	r3, #0
10004afe:	7403      	strb	r3, [r0, #16]
10004b00:	8243      	strh	r3, [r0, #18]
10004b02:	8283      	strh	r3, [r0, #20]
10004b04:	6183      	str	r3, [r0, #24]
10004b06:	4770      	bx	lr

10004b08 <_hw_endpoint_buffer_control_update32>:
10004b08:	b510      	push	{r4, lr}
10004b0a:	6883      	ldr	r3, [r0, #8]
10004b0c:	2900      	cmp	r1, #0
10004b0e:	d001      	beq.n	10004b14 <_hw_endpoint_buffer_control_update32+0xc>
10004b10:	681c      	ldr	r4, [r3, #0]
10004b12:	4021      	ands	r1, r4
10004b14:	2a00      	cmp	r2, #0
10004b16:	d011      	beq.n	10004b3c <_hw_endpoint_buffer_control_update32+0x34>
10004b18:	2480      	movs	r4, #128	; 0x80
10004b1a:	00e4      	lsls	r4, r4, #3
10004b1c:	4311      	orrs	r1, r2
10004b1e:	4222      	tst	r2, r4
10004b20:	d00c      	beq.n	10004b3c <_hw_endpoint_buffer_control_update32+0x34>
10004b22:	681a      	ldr	r2, [r3, #0]
10004b24:	4222      	tst	r2, r4
10004b26:	d10b      	bne.n	10004b40 <_hw_endpoint_buffer_control_update32+0x38>
10004b28:	4a07      	ldr	r2, [pc, #28]	; (10004b48 <_hw_endpoint_buffer_control_update32+0x40>)
10004b2a:	400a      	ands	r2, r1
10004b2c:	601a      	str	r2, [r3, #0]
10004b2e:	e7ff      	b.n	10004b30 <_hw_endpoint_buffer_control_update32+0x28>
10004b30:	e7ff      	b.n	10004b32 <_hw_endpoint_buffer_control_update32+0x2a>
10004b32:	e7ff      	b.n	10004b34 <_hw_endpoint_buffer_control_update32+0x2c>
10004b34:	e7ff      	b.n	10004b36 <_hw_endpoint_buffer_control_update32+0x2e>
10004b36:	e7ff      	b.n	10004b38 <_hw_endpoint_buffer_control_update32+0x30>
10004b38:	e7ff      	b.n	10004b3a <_hw_endpoint_buffer_control_update32+0x32>
10004b3a:	6883      	ldr	r3, [r0, #8]
10004b3c:	6019      	str	r1, [r3, #0]
10004b3e:	bd10      	pop	{r4, pc}
10004b40:	7880      	ldrb	r0, [r0, #2]
10004b42:	f7ff ffa7 	bl	10004a94 <_hw_endpoint_buffer_control_update32.part.0.isra.0>
10004b46:	46c0      	nop			; (mov r8, r8)
10004b48:	fffffbff 	.word	0xfffffbff

10004b4c <hw_endpoint_xfer_start>:
10004b4c:	b5f0      	push	{r4, r5, r6, r7, lr}
10004b4e:	46c6      	mov	lr, r8
10004b50:	2300      	movs	r3, #0
10004b52:	b500      	push	{lr}
10004b54:	8283      	strh	r3, [r0, #20]
10004b56:	3301      	adds	r3, #1
10004b58:	7403      	strb	r3, [r0, #16]
10004b5a:	6843      	ldr	r3, [r0, #4]
10004b5c:	0004      	movs	r4, r0
10004b5e:	681e      	ldr	r6, [r3, #0]
10004b60:	8b83      	ldrh	r3, [r0, #28]
10004b62:	6181      	str	r1, [r0, #24]
10004b64:	1c1f      	adds	r7, r3, #0
10004b66:	4293      	cmp	r3, r2
10004b68:	d900      	bls.n	10004b6c <hw_endpoint_xfer_start+0x20>
10004b6a:	1c17      	adds	r7, r2, #0
10004b6c:	2580      	movs	r5, #128	; 0x80
10004b6e:	b2bf      	uxth	r7, r7
10004b70:	1bd2      	subs	r2, r2, r7
10004b72:	b293      	uxth	r3, r2
10004b74:	78e2      	ldrb	r2, [r4, #3]
10004b76:	00ed      	lsls	r5, r5, #3
10004b78:	8263      	strh	r3, [r4, #18]
10004b7a:	433d      	orrs	r5, r7
10004b7c:	2a00      	cmp	r2, #0
10004b7e:	d002      	beq.n	10004b86 <hw_endpoint_xfer_start+0x3a>
10004b80:	2590      	movs	r5, #144	; 0x90
10004b82:	01ad      	lsls	r5, r5, #6
10004b84:	433d      	orrs	r5, r7
10004b86:	2001      	movs	r0, #1
10004b88:	4042      	eors	r2, r0
10004b8a:	70e2      	strb	r2, [r4, #3]
10004b8c:	7862      	ldrb	r2, [r4, #1]
10004b8e:	2a00      	cmp	r2, #0
10004b90:	d051      	beq.n	10004c36 <hw_endpoint_xfer_start+0xea>
10004b92:	2b00      	cmp	r3, #0
10004b94:	d11d      	bne.n	10004bd2 <hw_endpoint_xfer_start+0x86>
10004b96:	23a0      	movs	r3, #160	; 0xa0
10004b98:	01db      	lsls	r3, r3, #7
10004b9a:	431d      	orrs	r5, r3
10004b9c:	4b35      	ldr	r3, [pc, #212]	; (10004c74 <hw_endpoint_xfer_start+0x128>)
10004b9e:	6c1b      	ldr	r3, [r3, #64]	; 0x40
10004ba0:	4b35      	ldr	r3, [pc, #212]	; (10004c78 <hw_endpoint_xfer_start+0x12c>)
10004ba2:	4033      	ands	r3, r6
10004ba4:	2680      	movs	r6, #128	; 0x80
10004ba6:	05b6      	lsls	r6, r6, #22
10004ba8:	431e      	orrs	r6, r3
10004baa:	6863      	ldr	r3, [r4, #4]
10004bac:	68a2      	ldr	r2, [r4, #8]
10004bae:	601e      	str	r6, [r3, #0]
10004bb0:	6813      	ldr	r3, [r2, #0]
10004bb2:	055b      	lsls	r3, r3, #21
10004bb4:	d45a      	bmi.n	10004c6c <hw_endpoint_xfer_start+0x120>
10004bb6:	4b31      	ldr	r3, [pc, #196]	; (10004c7c <hw_endpoint_xfer_start+0x130>)
10004bb8:	402b      	ands	r3, r5
10004bba:	6013      	str	r3, [r2, #0]
10004bbc:	e7ff      	b.n	10004bbe <hw_endpoint_xfer_start+0x72>
10004bbe:	e7ff      	b.n	10004bc0 <hw_endpoint_xfer_start+0x74>
10004bc0:	e7ff      	b.n	10004bc2 <hw_endpoint_xfer_start+0x76>
10004bc2:	e7ff      	b.n	10004bc4 <hw_endpoint_xfer_start+0x78>
10004bc4:	e7ff      	b.n	10004bc6 <hw_endpoint_xfer_start+0x7a>
10004bc6:	e7ff      	b.n	10004bc8 <hw_endpoint_xfer_start+0x7c>
10004bc8:	68a3      	ldr	r3, [r4, #8]
10004bca:	601d      	str	r5, [r3, #0]
10004bcc:	bc80      	pop	{r7}
10004bce:	46b8      	mov	r8, r7
10004bd0:	bdf0      	pop	{r4, r5, r6, r7, pc}
10004bd2:	2280      	movs	r2, #128	; 0x80
10004bd4:	0152      	lsls	r2, r2, #5
10004bd6:	4315      	orrs	r5, r2
10004bd8:	4a26      	ldr	r2, [pc, #152]	; (10004c74 <hw_endpoint_xfer_start+0x128>)
10004bda:	6c12      	ldr	r2, [r2, #64]	; 0x40
10004bdc:	0792      	lsls	r2, r2, #30
10004bde:	d403      	bmi.n	10004be8 <hw_endpoint_xfer_start+0x9c>
10004be0:	78a2      	ldrb	r2, [r4, #2]
10004be2:	09d2      	lsrs	r2, r2, #7
10004be4:	2a01      	cmp	r2, #1
10004be6:	d1db      	bne.n	10004ba0 <hw_endpoint_xfer_start+0x54>
10004be8:	8ba2      	ldrh	r2, [r4, #28]
10004bea:	1c11      	adds	r1, r2, #0
10004bec:	429a      	cmp	r2, r3
10004bee:	d900      	bls.n	10004bf2 <hw_endpoint_xfer_start+0xa6>
10004bf0:	1c19      	adds	r1, r3, #0
10004bf2:	2780      	movs	r7, #128	; 0x80
10004bf4:	b28a      	uxth	r2, r1
10004bf6:	00ff      	lsls	r7, r7, #3
10004bf8:	1a9b      	subs	r3, r3, r2
10004bfa:	4690      	mov	r8, r2
10004bfc:	4317      	orrs	r7, r2
10004bfe:	78e2      	ldrb	r2, [r4, #3]
10004c00:	b29b      	uxth	r3, r3
10004c02:	8263      	strh	r3, [r4, #18]
10004c04:	2a00      	cmp	r2, #0
10004c06:	d003      	beq.n	10004c10 <hw_endpoint_xfer_start+0xc4>
10004c08:	2790      	movs	r7, #144	; 0x90
10004c0a:	4641      	mov	r1, r8
10004c0c:	01bf      	lsls	r7, r7, #6
10004c0e:	430f      	orrs	r7, r1
10004c10:	2101      	movs	r1, #1
10004c12:	404a      	eors	r2, r1
10004c14:	70e2      	strb	r2, [r4, #3]
10004c16:	7862      	ldrb	r2, [r4, #1]
10004c18:	2a00      	cmp	r2, #0
10004c1a:	d019      	beq.n	10004c50 <hw_endpoint_xfer_start+0x104>
10004c1c:	2b00      	cmp	r3, #0
10004c1e:	d102      	bne.n	10004c26 <hw_endpoint_xfer_start+0xda>
10004c20:	2380      	movs	r3, #128	; 0x80
10004c22:	01db      	lsls	r3, r3, #7
10004c24:	431f      	orrs	r7, r3
10004c26:	4b16      	ldr	r3, [pc, #88]	; (10004c80 <hw_endpoint_xfer_start+0x134>)
10004c28:	043f      	lsls	r7, r7, #16
10004c2a:	4033      	ands	r3, r6
10004c2c:	26a0      	movs	r6, #160	; 0xa0
10004c2e:	05f6      	lsls	r6, r6, #23
10004c30:	433d      	orrs	r5, r7
10004c32:	431e      	orrs	r6, r3
10004c34:	e7b9      	b.n	10004baa <hw_endpoint_xfer_start+0x5e>
10004c36:	003a      	movs	r2, r7
10004c38:	68e0      	ldr	r0, [r4, #12]
10004c3a:	f7ff f849 	bl	10003cd0 <__wrap___aeabi_memcpy>
10004c3e:	69a3      	ldr	r3, [r4, #24]
10004c40:	469c      	mov	ip, r3
10004c42:	2380      	movs	r3, #128	; 0x80
10004c44:	4467      	add	r7, ip
10004c46:	021b      	lsls	r3, r3, #8
10004c48:	431d      	orrs	r5, r3
10004c4a:	61a7      	str	r7, [r4, #24]
10004c4c:	8a63      	ldrh	r3, [r4, #18]
10004c4e:	e7a0      	b.n	10004b92 <hw_endpoint_xfer_start+0x46>
10004c50:	68e0      	ldr	r0, [r4, #12]
10004c52:	4642      	mov	r2, r8
10004c54:	69a1      	ldr	r1, [r4, #24]
10004c56:	3040      	adds	r0, #64	; 0x40
10004c58:	f7ff f83a 	bl	10003cd0 <__wrap___aeabi_memcpy>
10004c5c:	69a3      	ldr	r3, [r4, #24]
10004c5e:	4443      	add	r3, r8
10004c60:	61a3      	str	r3, [r4, #24]
10004c62:	2380      	movs	r3, #128	; 0x80
10004c64:	021b      	lsls	r3, r3, #8
10004c66:	431f      	orrs	r7, r3
10004c68:	8a63      	ldrh	r3, [r4, #18]
10004c6a:	e7d7      	b.n	10004c1c <hw_endpoint_xfer_start+0xd0>
10004c6c:	78a0      	ldrb	r0, [r4, #2]
10004c6e:	f7ff ff11 	bl	10004a94 <_hw_endpoint_buffer_control_update32.part.0.isra.0>
10004c72:	46c0      	nop			; (mov r8, r8)
10004c74:	50110000 	.word	0x50110000
10004c78:	afffffff 	.word	0xafffffff
10004c7c:	fffffbff 	.word	0xfffffbff
10004c80:	dfffffff 	.word	0xdfffffff

10004c84 <hw_endpoint_xfer_continue>:
10004c84:	b5f0      	push	{r4, r5, r6, r7, lr}
10004c86:	46c6      	mov	lr, r8
10004c88:	b500      	push	{lr}
10004c8a:	7c06      	ldrb	r6, [r0, #16]
10004c8c:	0004      	movs	r4, r0
10004c8e:	2e00      	cmp	r6, #0
10004c90:	d100      	bne.n	10004c94 <hw_endpoint_xfer_continue+0x10>
10004c92:	e0d3      	b.n	10004e3c <hw_endpoint_xfer_continue+0x1b8>
10004c94:	6883      	ldr	r3, [r0, #8]
10004c96:	681a      	ldr	r2, [r3, #0]
10004c98:	681d      	ldr	r5, [r3, #0]
10004c9a:	7843      	ldrb	r3, [r0, #1]
10004c9c:	05ad      	lsls	r5, r5, #22
10004c9e:	0dad      	lsrs	r5, r5, #22
10004ca0:	2b00      	cmp	r3, #0
10004ca2:	d151      	bne.n	10004d48 <hw_endpoint_xfer_continue+0xc4>
10004ca4:	8a83      	ldrh	r3, [r0, #20]
10004ca6:	18eb      	adds	r3, r5, r3
10004ca8:	b29b      	uxth	r3, r3
10004caa:	8283      	strh	r3, [r0, #20]
10004cac:	8ba1      	ldrh	r1, [r4, #28]
10004cae:	428d      	cmp	r5, r1
10004cb0:	d207      	bcs.n	10004cc2 <hw_endpoint_xfer_continue+0x3e>
10004cb2:	2300      	movs	r3, #0
10004cb4:	8263      	strh	r3, [r4, #18]
10004cb6:	6863      	ldr	r3, [r4, #4]
10004cb8:	681b      	ldr	r3, [r3, #0]
10004cba:	0030      	movs	r0, r6
10004cbc:	bc80      	pop	{r7}
10004cbe:	46b8      	mov	r8, r7
10004cc0:	bdf0      	pop	{r4, r5, r6, r7, pc}
10004cc2:	6862      	ldr	r2, [r4, #4]
10004cc4:	6812      	ldr	r2, [r2, #0]
10004cc6:	0052      	lsls	r2, r2, #1
10004cc8:	d502      	bpl.n	10004cd0 <hw_endpoint_xfer_continue+0x4c>
10004cca:	428d      	cmp	r5, r1
10004ccc:	d100      	bne.n	10004cd0 <hw_endpoint_xfer_continue+0x4c>
10004cce:	e075      	b.n	10004dbc <hw_endpoint_xfer_continue+0x138>
10004cd0:	8a63      	ldrh	r3, [r4, #18]
10004cd2:	2b00      	cmp	r3, #0
10004cd4:	d0f1      	beq.n	10004cba <hw_endpoint_xfer_continue+0x36>
10004cd6:	6862      	ldr	r2, [r4, #4]
10004cd8:	1c1f      	adds	r7, r3, #0
10004cda:	6816      	ldr	r6, [r2, #0]
10004cdc:	428b      	cmp	r3, r1
10004cde:	d900      	bls.n	10004ce2 <hw_endpoint_xfer_continue+0x5e>
10004ce0:	1c0f      	adds	r7, r1, #0
10004ce2:	2580      	movs	r5, #128	; 0x80
10004ce4:	b2bf      	uxth	r7, r7
10004ce6:	1bdb      	subs	r3, r3, r7
10004ce8:	78e2      	ldrb	r2, [r4, #3]
10004cea:	b29b      	uxth	r3, r3
10004cec:	00ed      	lsls	r5, r5, #3
10004cee:	8263      	strh	r3, [r4, #18]
10004cf0:	433d      	orrs	r5, r7
10004cf2:	2a00      	cmp	r2, #0
10004cf4:	d002      	beq.n	10004cfc <hw_endpoint_xfer_continue+0x78>
10004cf6:	2590      	movs	r5, #144	; 0x90
10004cf8:	01ad      	lsls	r5, r5, #6
10004cfa:	433d      	orrs	r5, r7
10004cfc:	2101      	movs	r1, #1
10004cfe:	404a      	eors	r2, r1
10004d00:	70e2      	strb	r2, [r4, #3]
10004d02:	7862      	ldrb	r2, [r4, #1]
10004d04:	2a00      	cmp	r2, #0
10004d06:	d068      	beq.n	10004dda <hw_endpoint_xfer_continue+0x156>
10004d08:	2b00      	cmp	r3, #0
10004d0a:	d12a      	bne.n	10004d62 <hw_endpoint_xfer_continue+0xde>
10004d0c:	23a0      	movs	r3, #160	; 0xa0
10004d0e:	01db      	lsls	r3, r3, #7
10004d10:	431d      	orrs	r5, r3
10004d12:	4b4f      	ldr	r3, [pc, #316]	; (10004e50 <hw_endpoint_xfer_continue+0x1cc>)
10004d14:	6c1b      	ldr	r3, [r3, #64]	; 0x40
10004d16:	4b4f      	ldr	r3, [pc, #316]	; (10004e54 <hw_endpoint_xfer_continue+0x1d0>)
10004d18:	4033      	ands	r3, r6
10004d1a:	2680      	movs	r6, #128	; 0x80
10004d1c:	05b6      	lsls	r6, r6, #22
10004d1e:	431e      	orrs	r6, r3
10004d20:	6863      	ldr	r3, [r4, #4]
10004d22:	68a2      	ldr	r2, [r4, #8]
10004d24:	601e      	str	r6, [r3, #0]
10004d26:	6813      	ldr	r3, [r2, #0]
10004d28:	055b      	lsls	r3, r3, #21
10004d2a:	d500      	bpl.n	10004d2e <hw_endpoint_xfer_continue+0xaa>
10004d2c:	e08d      	b.n	10004e4a <hw_endpoint_xfer_continue+0x1c6>
10004d2e:	4b4a      	ldr	r3, [pc, #296]	; (10004e58 <hw_endpoint_xfer_continue+0x1d4>)
10004d30:	402b      	ands	r3, r5
10004d32:	6013      	str	r3, [r2, #0]
10004d34:	e7ff      	b.n	10004d36 <hw_endpoint_xfer_continue+0xb2>
10004d36:	e7ff      	b.n	10004d38 <hw_endpoint_xfer_continue+0xb4>
10004d38:	e7ff      	b.n	10004d3a <hw_endpoint_xfer_continue+0xb6>
10004d3a:	e7ff      	b.n	10004d3c <hw_endpoint_xfer_continue+0xb8>
10004d3c:	e7ff      	b.n	10004d3e <hw_endpoint_xfer_continue+0xba>
10004d3e:	e7ff      	b.n	10004d40 <hw_endpoint_xfer_continue+0xbc>
10004d40:	68a3      	ldr	r3, [r4, #8]
10004d42:	2600      	movs	r6, #0
10004d44:	601d      	str	r5, [r3, #0]
10004d46:	e7b8      	b.n	10004cba <hw_endpoint_xfer_continue+0x36>
10004d48:	002a      	movs	r2, r5
10004d4a:	68c1      	ldr	r1, [r0, #12]
10004d4c:	6980      	ldr	r0, [r0, #24]
10004d4e:	f7fe ffbf 	bl	10003cd0 <__wrap___aeabi_memcpy>
10004d52:	8aa3      	ldrh	r3, [r4, #20]
10004d54:	69a2      	ldr	r2, [r4, #24]
10004d56:	18eb      	adds	r3, r5, r3
10004d58:	b29b      	uxth	r3, r3
10004d5a:	1952      	adds	r2, r2, r5
10004d5c:	82a3      	strh	r3, [r4, #20]
10004d5e:	61a2      	str	r2, [r4, #24]
10004d60:	e7a4      	b.n	10004cac <hw_endpoint_xfer_continue+0x28>
10004d62:	2280      	movs	r2, #128	; 0x80
10004d64:	0152      	lsls	r2, r2, #5
10004d66:	4315      	orrs	r5, r2
10004d68:	4a39      	ldr	r2, [pc, #228]	; (10004e50 <hw_endpoint_xfer_continue+0x1cc>)
10004d6a:	6c12      	ldr	r2, [r2, #64]	; 0x40
10004d6c:	0792      	lsls	r2, r2, #30
10004d6e:	d403      	bmi.n	10004d78 <hw_endpoint_xfer_continue+0xf4>
10004d70:	78a2      	ldrb	r2, [r4, #2]
10004d72:	09d2      	lsrs	r2, r2, #7
10004d74:	2a01      	cmp	r2, #1
10004d76:	d1ce      	bne.n	10004d16 <hw_endpoint_xfer_continue+0x92>
10004d78:	8ba2      	ldrh	r2, [r4, #28]
10004d7a:	1c11      	adds	r1, r2, #0
10004d7c:	429a      	cmp	r2, r3
10004d7e:	d83f      	bhi.n	10004e00 <hw_endpoint_xfer_continue+0x17c>
10004d80:	2780      	movs	r7, #128	; 0x80
10004d82:	b28a      	uxth	r2, r1
10004d84:	00ff      	lsls	r7, r7, #3
10004d86:	1a9b      	subs	r3, r3, r2
10004d88:	4690      	mov	r8, r2
10004d8a:	4317      	orrs	r7, r2
10004d8c:	78e2      	ldrb	r2, [r4, #3]
10004d8e:	b29b      	uxth	r3, r3
10004d90:	8263      	strh	r3, [r4, #18]
10004d92:	2a00      	cmp	r2, #0
10004d94:	d12f      	bne.n	10004df6 <hw_endpoint_xfer_continue+0x172>
10004d96:	2101      	movs	r1, #1
10004d98:	404a      	eors	r2, r1
10004d9a:	70e2      	strb	r2, [r4, #3]
10004d9c:	7862      	ldrb	r2, [r4, #1]
10004d9e:	2a00      	cmp	r2, #0
10004da0:	d03e      	beq.n	10004e20 <hw_endpoint_xfer_continue+0x19c>
10004da2:	2b00      	cmp	r3, #0
10004da4:	d102      	bne.n	10004dac <hw_endpoint_xfer_continue+0x128>
10004da6:	2380      	movs	r3, #128	; 0x80
10004da8:	01db      	lsls	r3, r3, #7
10004daa:	431f      	orrs	r7, r3
10004dac:	4b2b      	ldr	r3, [pc, #172]	; (10004e5c <hw_endpoint_xfer_continue+0x1d8>)
10004dae:	043f      	lsls	r7, r7, #16
10004db0:	4033      	ands	r3, r6
10004db2:	26a0      	movs	r6, #160	; 0xa0
10004db4:	05f6      	lsls	r6, r6, #23
10004db6:	433d      	orrs	r5, r7
10004db8:	431e      	orrs	r6, r3
10004dba:	e7b1      	b.n	10004d20 <hw_endpoint_xfer_continue+0x9c>
10004dbc:	68a2      	ldr	r2, [r4, #8]
10004dbe:	6815      	ldr	r5, [r2, #0]
10004dc0:	7862      	ldrb	r2, [r4, #1]
10004dc2:	01ad      	lsls	r5, r5, #6
10004dc4:	0dad      	lsrs	r5, r5, #22
10004dc6:	2a00      	cmp	r2, #0
10004dc8:	d11c      	bne.n	10004e04 <hw_endpoint_xfer_continue+0x180>
10004dca:	18eb      	adds	r3, r5, r3
10004dcc:	82a3      	strh	r3, [r4, #20]
10004dce:	428d      	cmp	r5, r1
10004dd0:	d300      	bcc.n	10004dd4 <hw_endpoint_xfer_continue+0x150>
10004dd2:	e77d      	b.n	10004cd0 <hw_endpoint_xfer_continue+0x4c>
10004dd4:	2300      	movs	r3, #0
10004dd6:	8263      	strh	r3, [r4, #18]
10004dd8:	e76f      	b.n	10004cba <hw_endpoint_xfer_continue+0x36>
10004dda:	003a      	movs	r2, r7
10004ddc:	69a1      	ldr	r1, [r4, #24]
10004dde:	68e0      	ldr	r0, [r4, #12]
10004de0:	f7fe ff76 	bl	10003cd0 <__wrap___aeabi_memcpy>
10004de4:	69a3      	ldr	r3, [r4, #24]
10004de6:	469c      	mov	ip, r3
10004de8:	2380      	movs	r3, #128	; 0x80
10004dea:	4467      	add	r7, ip
10004dec:	021b      	lsls	r3, r3, #8
10004dee:	431d      	orrs	r5, r3
10004df0:	61a7      	str	r7, [r4, #24]
10004df2:	8a63      	ldrh	r3, [r4, #18]
10004df4:	e788      	b.n	10004d08 <hw_endpoint_xfer_continue+0x84>
10004df6:	2790      	movs	r7, #144	; 0x90
10004df8:	4641      	mov	r1, r8
10004dfa:	01bf      	lsls	r7, r7, #6
10004dfc:	430f      	orrs	r7, r1
10004dfe:	e7ca      	b.n	10004d96 <hw_endpoint_xfer_continue+0x112>
10004e00:	1c19      	adds	r1, r3, #0
10004e02:	e7bd      	b.n	10004d80 <hw_endpoint_xfer_continue+0xfc>
10004e04:	68e1      	ldr	r1, [r4, #12]
10004e06:	002a      	movs	r2, r5
10004e08:	3140      	adds	r1, #64	; 0x40
10004e0a:	69a0      	ldr	r0, [r4, #24]
10004e0c:	f7fe ff60 	bl	10003cd0 <__wrap___aeabi_memcpy>
10004e10:	8aa3      	ldrh	r3, [r4, #20]
10004e12:	8ba1      	ldrh	r1, [r4, #28]
10004e14:	18eb      	adds	r3, r5, r3
10004e16:	82a3      	strh	r3, [r4, #20]
10004e18:	69a3      	ldr	r3, [r4, #24]
10004e1a:	195b      	adds	r3, r3, r5
10004e1c:	61a3      	str	r3, [r4, #24]
10004e1e:	e7d6      	b.n	10004dce <hw_endpoint_xfer_continue+0x14a>
10004e20:	68e0      	ldr	r0, [r4, #12]
10004e22:	4642      	mov	r2, r8
10004e24:	69a1      	ldr	r1, [r4, #24]
10004e26:	3040      	adds	r0, #64	; 0x40
10004e28:	f7fe ff52 	bl	10003cd0 <__wrap___aeabi_memcpy>
10004e2c:	69a3      	ldr	r3, [r4, #24]
10004e2e:	4443      	add	r3, r8
10004e30:	61a3      	str	r3, [r4, #24]
10004e32:	2380      	movs	r3, #128	; 0x80
10004e34:	021b      	lsls	r3, r3, #8
10004e36:	431f      	orrs	r7, r3
10004e38:	8a63      	ldrh	r3, [r4, #18]
10004e3a:	e7b2      	b.n	10004da2 <hw_endpoint_xfer_continue+0x11e>
10004e3c:	237f      	movs	r3, #127	; 0x7f
10004e3e:	7881      	ldrb	r1, [r0, #2]
10004e40:	4a07      	ldr	r2, [pc, #28]	; (10004e60 <hw_endpoint_xfer_continue+0x1dc>)
10004e42:	4808      	ldr	r0, [pc, #32]	; (10004e64 <hw_endpoint_xfer_continue+0x1e0>)
10004e44:	4019      	ands	r1, r3
10004e46:	f7fc fde1 	bl	10001a0c <panic>
10004e4a:	78a0      	ldrb	r0, [r4, #2]
10004e4c:	f7ff fe22 	bl	10004a94 <_hw_endpoint_buffer_control_update32.part.0.isra.0>
10004e50:	50110000 	.word	0x50110000
10004e54:	afffffff 	.word	0xafffffff
10004e58:	fffffbff 	.word	0xfffffbff
10004e5c:	dfffffff 	.word	0xdfffffff
10004e60:	20001414 	.word	0x20001414
10004e64:	10007a10 	.word	0x10007a10

10004e68 <tud_mounted>:
10004e68:	4b02      	ldr	r3, [pc, #8]	; (10004e74 <tud_mounted+0xc>)
10004e6a:	7858      	ldrb	r0, [r3, #1]
10004e6c:	1e43      	subs	r3, r0, #1
10004e6e:	4198      	sbcs	r0, r3
10004e70:	b2c0      	uxtb	r0, r0
10004e72:	4770      	bx	lr
10004e74:	20001e20 	.word	0x20001e20

10004e78 <tud_suspended>:
10004e78:	4b02      	ldr	r3, [pc, #8]	; (10004e84 <tud_suspended+0xc>)
10004e7a:	7818      	ldrb	r0, [r3, #0]
10004e7c:	0740      	lsls	r0, r0, #29
10004e7e:	0fc0      	lsrs	r0, r0, #31
10004e80:	4770      	bx	lr
10004e82:	46c0      	nop			; (mov r8, r8)
10004e84:	20001e20 	.word	0x20001e20

10004e88 <tud_inited>:
10004e88:	4b01      	ldr	r3, [pc, #4]	; (10004e90 <tud_inited+0x8>)
10004e8a:	7818      	ldrb	r0, [r3, #0]
10004e8c:	4770      	bx	lr
10004e8e:	46c0      	nop			; (mov r8, r8)
10004e90:	20002647 	.word	0x20002647

10004e94 <tud_init>:
10004e94:	b5f8      	push	{r3, r4, r5, r6, r7, lr}
10004e96:	4647      	mov	r7, r8
10004e98:	46ce      	mov	lr, r9
10004e9a:	b580      	push	{r7, lr}
10004e9c:	4f29      	ldr	r7, [pc, #164]	; (10004f44 <tud_init+0xb0>)
10004e9e:	0005      	movs	r5, r0
10004ea0:	783b      	ldrb	r3, [r7, #0]
10004ea2:	2b00      	cmp	r3, #0
10004ea4:	d004      	beq.n	10004eb0 <tud_init+0x1c>
10004ea6:	2001      	movs	r0, #1
10004ea8:	bcc0      	pop	{r6, r7}
10004eaa:	46b9      	mov	r9, r7
10004eac:	46b0      	mov	r8, r6
10004eae:	bdf8      	pop	{r3, r4, r5, r6, r7, pc}
10004eb0:	2253      	movs	r2, #83	; 0x53
10004eb2:	2100      	movs	r1, #0
10004eb4:	4824      	ldr	r0, [pc, #144]	; (10004f48 <tud_init+0xb4>)
10004eb6:	f7fe ff05 	bl	10003cc4 <__wrap_memset>
10004eba:	4c24      	ldr	r4, [pc, #144]	; (10004f4c <tud_init+0xb8>)
10004ebc:	0020      	movs	r0, r4
10004ebe:	f7fc fcfd 	bl	100018bc <mutex_init>
10004ec2:	4b23      	ldr	r3, [pc, #140]	; (10004f50 <tud_init+0xbc>)
10004ec4:	601c      	str	r4, [r3, #0]
10004ec6:	4c23      	ldr	r4, [pc, #140]	; (10004f54 <tud_init+0xc0>)
10004ec8:	0020      	movs	r0, r4
10004eca:	301c      	adds	r0, #28
10004ecc:	f7fc fd12 	bl	100018f4 <critical_section_init>
10004ed0:	0020      	movs	r0, r4
10004ed2:	f001 fca1 	bl	10006818 <tu_fifo_clear>
10004ed6:	4b20      	ldr	r3, [pc, #128]	; (10004f58 <tud_init+0xc4>)
10004ed8:	4e20      	ldr	r6, [pc, #128]	; (10004f5c <tud_init+0xc8>)
10004eda:	601c      	str	r4, [r3, #0]
10004edc:	4b20      	ldr	r3, [pc, #128]	; (10004f60 <tud_init+0xcc>)
10004ede:	4698      	mov	r8, r3
10004ee0:	2b00      	cmp	r3, #0
10004ee2:	d004      	beq.n	10004eee <tud_init+0x5a>
10004ee4:	0030      	movs	r0, r6
10004ee6:	f7ff f95d 	bl	100041a4 <usbd_app_driver_get_cb>
10004eea:	4b1e      	ldr	r3, [pc, #120]	; (10004f64 <tud_init+0xd0>)
10004eec:	6018      	str	r0, [r3, #0]
10004eee:	4642      	mov	r2, r8
10004ef0:	2400      	movs	r4, #0
10004ef2:	7833      	ldrb	r3, [r6, #0]
10004ef4:	2a00      	cmp	r2, #0
10004ef6:	d01d      	beq.n	10004f34 <tud_init+0xa0>
10004ef8:	4a1b      	ldr	r2, [pc, #108]	; (10004f68 <tud_init+0xd4>)
10004efa:	4690      	mov	r8, r2
10004efc:	4a19      	ldr	r2, [pc, #100]	; (10004f64 <tud_init+0xd0>)
10004efe:	4691      	mov	r9, r2
10004f00:	429c      	cmp	r4, r3
10004f02:	d310      	bcc.n	10004f26 <tud_init+0x92>
10004f04:	d11b      	bne.n	10004f3e <tud_init+0xaa>
10004f06:	4643      	mov	r3, r8
10004f08:	4798      	blx	r3
10004f0a:	3401      	adds	r4, #1
10004f0c:	7833      	ldrb	r3, [r6, #0]
10004f0e:	b2e4      	uxtb	r4, r4
10004f10:	42a3      	cmp	r3, r4
10004f12:	d2f5      	bcs.n	10004f00 <tud_init+0x6c>
10004f14:	0028      	movs	r0, r5
10004f16:	f7ff fbf1 	bl	100046fc <dcd_init>
10004f1a:	0028      	movs	r0, r5
10004f1c:	f7ff fbd6 	bl	100046cc <dcd_int_enable>
10004f20:	2301      	movs	r3, #1
10004f22:	703b      	strb	r3, [r7, #0]
10004f24:	e7bf      	b.n	10004ea6 <tud_init+0x12>
10004f26:	464a      	mov	r2, r9
10004f28:	0063      	lsls	r3, r4, #1
10004f2a:	6812      	ldr	r2, [r2, #0]
10004f2c:	191b      	adds	r3, r3, r4
10004f2e:	00db      	lsls	r3, r3, #3
10004f30:	589b      	ldr	r3, [r3, r2]
10004f32:	e7e9      	b.n	10004f08 <tud_init+0x74>
10004f34:	f001 f84a 	bl	10005fcc <cdcd_init>
10004f38:	7833      	ldrb	r3, [r6, #0]
10004f3a:	2b00      	cmp	r3, #0
10004f3c:	d0ea      	beq.n	10004f14 <tud_init+0x80>
10004f3e:	2300      	movs	r3, #0
10004f40:	681b      	ldr	r3, [r3, #0]
10004f42:	deff      	udf	#255	; 0xff
10004f44:	20002647 	.word	0x20002647
10004f48:	20001e20 	.word	0x20001e20
10004f4c:	20001dd8 	.word	0x20001dd8
10004f50:	20001e74 	.word	0x20001e74
10004f54:	2000141c 	.word	0x2000141c
10004f58:	20001e78 	.word	0x20001e78
10004f5c:	20002646 	.word	0x20002646
10004f60:	100041a5 	.word	0x100041a5
10004f64:	20001ae8 	.word	0x20001ae8
10004f68:	10005fcd 	.word	0x10005fcd

10004f6c <tud_task>:
10004f6c:	b5f0      	push	{r4, r5, r6, r7, lr}
10004f6e:	46de      	mov	lr, fp
10004f70:	4657      	mov	r7, sl
10004f72:	464e      	mov	r6, r9
10004f74:	4645      	mov	r5, r8
10004f76:	b5e0      	push	{r5, r6, r7, lr}
10004f78:	b08b      	sub	sp, #44	; 0x2c
10004f7a:	f001 fa09 	bl	10006390 <tusb_inited>
10004f7e:	2800      	cmp	r0, #0
10004f80:	d100      	bne.n	10004f84 <tud_task+0x18>
10004f82:	e144      	b.n	1000520e <tud_task+0x2a2>
10004f84:	4bc2      	ldr	r3, [pc, #776]	; (10005290 <tud_task+0x324>)
10004f86:	4ec3      	ldr	r6, [pc, #780]	; (10005294 <tud_task+0x328>)
10004f88:	469b      	mov	fp, r3
10004f8a:	ac07      	add	r4, sp, #28
10004f8c:	6835      	ldr	r5, [r6, #0]
10004f8e:	69ea      	ldr	r2, [r5, #28]
10004f90:	f3ef 8110 	mrs	r1, PRIMASK
10004f94:	b672      	cpsid	i
10004f96:	6813      	ldr	r3, [r2, #0]
10004f98:	2b00      	cmp	r3, #0
10004f9a:	d0fc      	beq.n	10004f96 <tud_task+0x2a>
10004f9c:	f3bf 8f5f 	dmb	sy
10004fa0:	6229      	str	r1, [r5, #32]
10004fa2:	0028      	movs	r0, r5
10004fa4:	0021      	movs	r1, r4
10004fa6:	f001 faab 	bl	10006500 <tu_fifo_read>
10004faa:	69ea      	ldr	r2, [r5, #28]
10004fac:	6a2b      	ldr	r3, [r5, #32]
10004fae:	f3bf 8f5f 	dmb	sy
10004fb2:	2100      	movs	r1, #0
10004fb4:	6011      	str	r1, [r2, #0]
10004fb6:	f383 8810 	msr	PRIMASK, r3
10004fba:	2800      	cmp	r0, #0
10004fbc:	d100      	bne.n	10004fc0 <tud_task+0x54>
10004fbe:	e126      	b.n	1000520e <tud_task+0x2a2>
10004fc0:	7863      	ldrb	r3, [r4, #1]
10004fc2:	2b08      	cmp	r3, #8
10004fc4:	d8e2      	bhi.n	10004f8c <tud_task+0x20>
10004fc6:	465a      	mov	r2, fp
10004fc8:	009b      	lsls	r3, r3, #2
10004fca:	58d3      	ldr	r3, [r2, r3]
10004fcc:	469f      	mov	pc, r3
10004fce:	6863      	ldr	r3, [r4, #4]
10004fd0:	2b00      	cmp	r3, #0
10004fd2:	d0db      	beq.n	10004f8c <tud_task+0x20>
10004fd4:	68a0      	ldr	r0, [r4, #8]
10004fd6:	4798      	blx	r3
10004fd8:	e7d8      	b.n	10004f8c <tud_task+0x20>
10004fda:	227f      	movs	r2, #127	; 0x7f
10004fdc:	7921      	ldrb	r1, [r4, #4]
10004fde:	4bae      	ldr	r3, [pc, #696]	; (10005298 <tud_task+0x32c>)
10004fe0:	400a      	ands	r2, r1
10004fe2:	0055      	lsls	r5, r2, #1
10004fe4:	09c8      	lsrs	r0, r1, #7
10004fe6:	195b      	adds	r3, r3, r5
10004fe8:	181b      	adds	r3, r3, r0
10004fea:	0018      	movs	r0, r3
10004fec:	2701      	movs	r7, #1
10004fee:	3030      	adds	r0, #48	; 0x30
10004ff0:	78c5      	ldrb	r5, [r0, #3]
10004ff2:	43bd      	bics	r5, r7
10004ff4:	70c5      	strb	r5, [r0, #3]
10004ff6:	78c5      	ldrb	r5, [r0, #3]
10004ff8:	3703      	adds	r7, #3
10004ffa:	43bd      	bics	r5, r7
10004ffc:	70c5      	strb	r5, [r0, #3]
10004ffe:	2a00      	cmp	r2, #0
10005000:	d100      	bne.n	10005004 <tud_task+0x98>
10005002:	e10b      	b.n	1000521c <tud_task+0x2b0>
10005004:	4aa5      	ldr	r2, [pc, #660]	; (1000529c <tud_task+0x330>)
10005006:	7cdb      	ldrb	r3, [r3, #19]
10005008:	2a00      	cmp	r2, #0
1000500a:	d006      	beq.n	1000501a <tud_task+0xae>
1000500c:	4aa4      	ldr	r2, [pc, #656]	; (100052a0 <tud_task+0x334>)
1000500e:	7812      	ldrb	r2, [r2, #0]
10005010:	4293      	cmp	r3, r2
10005012:	d200      	bcs.n	10005016 <tud_task+0xaa>
10005014:	e191      	b.n	1000533a <tud_task+0x3ce>
10005016:	1a9b      	subs	r3, r3, r2
10005018:	b2db      	uxtb	r3, r3
1000501a:	2b00      	cmp	r3, #0
1000501c:	d000      	beq.n	10005020 <tud_task+0xb4>
1000501e:	e0f6      	b.n	1000520e <tud_task+0x2a2>
10005020:	4da0      	ldr	r5, [pc, #640]	; (100052a4 <tud_task+0x338>)
10005022:	7962      	ldrb	r2, [r4, #5]
10005024:	7820      	ldrb	r0, [r4, #0]
10005026:	68a3      	ldr	r3, [r4, #8]
10005028:	47a8      	blx	r5
1000502a:	e7af      	b.n	10004f8c <tud_task+0x20>
1000502c:	2201      	movs	r2, #1
1000502e:	4f9a      	ldr	r7, [pc, #616]	; (10005298 <tud_task+0x32c>)
10005030:	2101      	movs	r1, #1
10005032:	783b      	ldrb	r3, [r7, #0]
10005034:	2004      	movs	r0, #4
10005036:	4313      	orrs	r3, r2
10005038:	703b      	strb	r3, [r7, #0]
1000503a:	2333      	movs	r3, #51	; 0x33
1000503c:	5cfa      	ldrb	r2, [r7, r3]
1000503e:	438a      	bics	r2, r1
10005040:	54fa      	strb	r2, [r7, r3]
10005042:	5cfa      	ldrb	r2, [r7, r3]
10005044:	4382      	bics	r2, r0
10005046:	54fa      	strb	r2, [r7, r3]
10005048:	3301      	adds	r3, #1
1000504a:	5cfa      	ldrb	r2, [r7, r3]
1000504c:	438a      	bics	r2, r1
1000504e:	54fa      	strb	r2, [r7, r3]
10005050:	5cfa      	ldrb	r2, [r7, r3]
10005052:	4382      	bics	r2, r0
10005054:	54fa      	strb	r2, [r7, r3]
10005056:	7823      	ldrb	r3, [r4, #0]
10005058:	2000      	movs	r0, #0
1000505a:	469a      	mov	sl, r3
1000505c:	f000 fe66 	bl	10005d2c <usbd_control_set_complete_callback>
10005060:	2260      	movs	r2, #96	; 0x60
10005062:	7923      	ldrb	r3, [r4, #4]
10005064:	401a      	ands	r2, r3
10005066:	2a60      	cmp	r2, #96	; 0x60
10005068:	d00d      	beq.n	10005086 <tud_task+0x11a>
1000506a:	2a40      	cmp	r2, #64	; 0x40
1000506c:	d100      	bne.n	10005070 <tud_task+0x104>
1000506e:	e0f2      	b.n	10005256 <tud_task+0x2ea>
10005070:	06db      	lsls	r3, r3, #27
10005072:	0edb      	lsrs	r3, r3, #27
10005074:	2b01      	cmp	r3, #1
10005076:	d100      	bne.n	1000507a <tud_task+0x10e>
10005078:	e16a      	b.n	10005350 <tud_task+0x3e4>
1000507a:	2b02      	cmp	r3, #2
1000507c:	d100      	bne.n	10005080 <tud_task+0x114>
1000507e:	e121      	b.n	100052c4 <tud_task+0x358>
10005080:	2b00      	cmp	r3, #0
10005082:	d100      	bne.n	10005086 <tud_task+0x11a>
10005084:	e0f6      	b.n	10005274 <tud_task+0x308>
10005086:	7820      	ldrb	r0, [r4, #0]
10005088:	2100      	movs	r1, #0
1000508a:	f7ff fccf 	bl	10004a2c <dcd_edpt_stall>
1000508e:	2180      	movs	r1, #128	; 0x80
10005090:	7820      	ldrb	r0, [r4, #0]
10005092:	f7ff fccb 	bl	10004a2c <dcd_edpt_stall>
10005096:	e779      	b.n	10004f8c <tud_task+0x20>
10005098:	4b7f      	ldr	r3, [pc, #508]	; (10005298 <tud_task+0x32c>)
1000509a:	781b      	ldrb	r3, [r3, #0]
1000509c:	07db      	lsls	r3, r3, #31
1000509e:	d400      	bmi.n	100050a2 <tud_task+0x136>
100050a0:	e774      	b.n	10004f8c <tud_task+0x20>
100050a2:	4b81      	ldr	r3, [pc, #516]	; (100052a8 <tud_task+0x33c>)
100050a4:	2b00      	cmp	r3, #0
100050a6:	d100      	bne.n	100050aa <tud_task+0x13e>
100050a8:	e770      	b.n	10004f8c <tud_task+0x20>
100050aa:	e000      	b.n	100050ae <tud_task+0x142>
100050ac:	bf00      	nop
100050ae:	e76d      	b.n	10004f8c <tud_task+0x20>
100050b0:	4b79      	ldr	r3, [pc, #484]	; (10005298 <tud_task+0x32c>)
100050b2:	781a      	ldrb	r2, [r3, #0]
100050b4:	07d2      	lsls	r2, r2, #31
100050b6:	d400      	bmi.n	100050ba <tud_task+0x14e>
100050b8:	e768      	b.n	10004f8c <tud_task+0x20>
100050ba:	4a7c      	ldr	r2, [pc, #496]	; (100052ac <tud_task+0x340>)
100050bc:	2a00      	cmp	r2, #0
100050be:	d100      	bne.n	100050c2 <tud_task+0x156>
100050c0:	e764      	b.n	10004f8c <tud_task+0x20>
100050c2:	7818      	ldrb	r0, [r3, #0]
100050c4:	0700      	lsls	r0, r0, #28
100050c6:	0fc0      	lsrs	r0, r0, #31
100050c8:	e000      	b.n	100050cc <tud_task+0x160>
100050ca:	bf00      	nop
100050cc:	e75e      	b.n	10004f8c <tud_task+0x20>
100050ce:	4d74      	ldr	r5, [pc, #464]	; (100052a0 <tud_task+0x334>)
100050d0:	4a72      	ldr	r2, [pc, #456]	; (1000529c <tud_task+0x330>)
100050d2:	2700      	movs	r7, #0
100050d4:	782b      	ldrb	r3, [r5, #0]
100050d6:	2a00      	cmp	r2, #0
100050d8:	d100      	bne.n	100050dc <tud_task+0x170>
100050da:	e0b6      	b.n	1000524a <tud_task+0x2de>
100050dc:	4a74      	ldr	r2, [pc, #464]	; (100052b0 <tud_task+0x344>)
100050de:	4690      	mov	r8, r2
100050e0:	429f      	cmp	r7, r3
100050e2:	d308      	bcc.n	100050f6 <tud_task+0x18a>
100050e4:	429f      	cmp	r7, r3
100050e6:	d000      	beq.n	100050ea <tud_task+0x17e>
100050e8:	e0b2      	b.n	10005250 <tud_task+0x2e4>
100050ea:	3701      	adds	r7, #1
100050ec:	b2ff      	uxtb	r7, r7
100050ee:	429f      	cmp	r7, r3
100050f0:	d900      	bls.n	100050f4 <tud_task+0x188>
100050f2:	e74b      	b.n	10004f8c <tud_task+0x20>
100050f4:	d2f6      	bcs.n	100050e4 <tud_task+0x178>
100050f6:	4641      	mov	r1, r8
100050f8:	6809      	ldr	r1, [r1, #0]
100050fa:	007a      	lsls	r2, r7, #1
100050fc:	468c      	mov	ip, r1
100050fe:	19d2      	adds	r2, r2, r7
10005100:	00d2      	lsls	r2, r2, #3
10005102:	4462      	add	r2, ip
10005104:	6952      	ldr	r2, [r2, #20]
10005106:	2a00      	cmp	r2, #0
10005108:	d0ef      	beq.n	100050ea <tud_task+0x17e>
1000510a:	7820      	ldrb	r0, [r4, #0]
1000510c:	4790      	blx	r2
1000510e:	3701      	adds	r7, #1
10005110:	782b      	ldrb	r3, [r5, #0]
10005112:	b2ff      	uxtb	r7, r7
10005114:	429f      	cmp	r7, r3
10005116:	d9e3      	bls.n	100050e0 <tud_task+0x174>
10005118:	e738      	b.n	10004f8c <tud_task+0x20>
1000511a:	7823      	ldrb	r3, [r4, #0]
1000511c:	4d60      	ldr	r5, [pc, #384]	; (100052a0 <tud_task+0x334>)
1000511e:	4a5f      	ldr	r2, [pc, #380]	; (1000529c <tud_task+0x330>)
10005120:	4698      	mov	r8, r3
10005122:	2700      	movs	r7, #0
10005124:	782b      	ldrb	r3, [r5, #0]
10005126:	2a00      	cmp	r2, #0
10005128:	d100      	bne.n	1000512c <tud_task+0x1c0>
1000512a:	e086      	b.n	1000523a <tud_task+0x2ce>
1000512c:	4a61      	ldr	r2, [pc, #388]	; (100052b4 <tud_task+0x348>)
1000512e:	4691      	mov	r9, r2
10005130:	4a5f      	ldr	r2, [pc, #380]	; (100052b0 <tud_task+0x344>)
10005132:	4692      	mov	sl, r2
10005134:	002a      	movs	r2, r5
10005136:	4645      	mov	r5, r8
10005138:	4690      	mov	r8, r2
1000513a:	42bb      	cmp	r3, r7
1000513c:	d85e      	bhi.n	100051fc <tud_task+0x290>
1000513e:	d000      	beq.n	10005142 <tud_task+0x1d6>
10005140:	e078      	b.n	10005234 <tud_task+0x2c8>
10005142:	464b      	mov	r3, r9
10005144:	0028      	movs	r0, r5
10005146:	4798      	blx	r3
10005148:	4643      	mov	r3, r8
1000514a:	3701      	adds	r7, #1
1000514c:	781b      	ldrb	r3, [r3, #0]
1000514e:	b2ff      	uxtb	r7, r7
10005150:	42bb      	cmp	r3, r7
10005152:	d2f2      	bcs.n	1000513a <tud_task+0x1ce>
10005154:	4d50      	ldr	r5, [pc, #320]	; (10005298 <tud_task+0x32c>)
10005156:	2253      	movs	r2, #83	; 0x53
10005158:	2100      	movs	r1, #0
1000515a:	0028      	movs	r0, r5
1000515c:	f7fe fdb2 	bl	10003cc4 <__wrap_memset>
10005160:	2210      	movs	r2, #16
10005162:	21ff      	movs	r1, #255	; 0xff
10005164:	1ce8      	adds	r0, r5, #3
10005166:	f7fe fdad 	bl	10003cc4 <__wrap_memset>
1000516a:	0028      	movs	r0, r5
1000516c:	2220      	movs	r2, #32
1000516e:	21ff      	movs	r1, #255	; 0xff
10005170:	3013      	adds	r0, #19
10005172:	f7fe fda7 	bl	10003cc4 <__wrap_memset>
10005176:	f000 fdcf 	bl	10005d18 <usbd_control_reset>
1000517a:	4b4f      	ldr	r3, [pc, #316]	; (100052b8 <tud_task+0x34c>)
1000517c:	2b00      	cmp	r3, #0
1000517e:	d100      	bne.n	10005182 <tud_task+0x216>
10005180:	e704      	b.n	10004f8c <tud_task+0x20>
10005182:	e000      	b.n	10005186 <tud_task+0x21a>
10005184:	bf00      	nop
10005186:	e701      	b.n	10004f8c <tud_task+0x20>
10005188:	7823      	ldrb	r3, [r4, #0]
1000518a:	4d45      	ldr	r5, [pc, #276]	; (100052a0 <tud_task+0x334>)
1000518c:	4a43      	ldr	r2, [pc, #268]	; (1000529c <tud_task+0x330>)
1000518e:	4698      	mov	r8, r3
10005190:	2700      	movs	r7, #0
10005192:	782b      	ldrb	r3, [r5, #0]
10005194:	2a00      	cmp	r2, #0
10005196:	d047      	beq.n	10005228 <tud_task+0x2bc>
10005198:	4a46      	ldr	r2, [pc, #280]	; (100052b4 <tud_task+0x348>)
1000519a:	4691      	mov	r9, r2
1000519c:	4a44      	ldr	r2, [pc, #272]	; (100052b0 <tud_task+0x344>)
1000519e:	4692      	mov	sl, r2
100051a0:	002a      	movs	r2, r5
100051a2:	4645      	mov	r5, r8
100051a4:	4690      	mov	r8, r2
100051a6:	429f      	cmp	r7, r3
100051a8:	d31f      	bcc.n	100051ea <tud_task+0x27e>
100051aa:	d143      	bne.n	10005234 <tud_task+0x2c8>
100051ac:	464b      	mov	r3, r9
100051ae:	0028      	movs	r0, r5
100051b0:	4798      	blx	r3
100051b2:	4643      	mov	r3, r8
100051b4:	3701      	adds	r7, #1
100051b6:	781b      	ldrb	r3, [r3, #0]
100051b8:	b2ff      	uxtb	r7, r7
100051ba:	42bb      	cmp	r3, r7
100051bc:	d2f3      	bcs.n	100051a6 <tud_task+0x23a>
100051be:	4d36      	ldr	r5, [pc, #216]	; (10005298 <tud_task+0x32c>)
100051c0:	2253      	movs	r2, #83	; 0x53
100051c2:	2100      	movs	r1, #0
100051c4:	0028      	movs	r0, r5
100051c6:	f7fe fd7d 	bl	10003cc4 <__wrap_memset>
100051ca:	2210      	movs	r2, #16
100051cc:	21ff      	movs	r1, #255	; 0xff
100051ce:	1ce8      	adds	r0, r5, #3
100051d0:	f7fe fd78 	bl	10003cc4 <__wrap_memset>
100051d4:	0028      	movs	r0, r5
100051d6:	2220      	movs	r2, #32
100051d8:	21ff      	movs	r1, #255	; 0xff
100051da:	3013      	adds	r0, #19
100051dc:	f7fe fd72 	bl	10003cc4 <__wrap_memset>
100051e0:	f000 fd9a 	bl	10005d18 <usbd_control_reset>
100051e4:	7923      	ldrb	r3, [r4, #4]
100051e6:	70ab      	strb	r3, [r5, #2]
100051e8:	e6d0      	b.n	10004f8c <tud_task+0x20>
100051ea:	4652      	mov	r2, sl
100051ec:	6812      	ldr	r2, [r2, #0]
100051ee:	007b      	lsls	r3, r7, #1
100051f0:	4694      	mov	ip, r2
100051f2:	19db      	adds	r3, r3, r7
100051f4:	00db      	lsls	r3, r3, #3
100051f6:	4463      	add	r3, ip
100051f8:	685b      	ldr	r3, [r3, #4]
100051fa:	e7d8      	b.n	100051ae <tud_task+0x242>
100051fc:	4652      	mov	r2, sl
100051fe:	6812      	ldr	r2, [r2, #0]
10005200:	007b      	lsls	r3, r7, #1
10005202:	4694      	mov	ip, r2
10005204:	19db      	adds	r3, r3, r7
10005206:	00db      	lsls	r3, r3, #3
10005208:	4463      	add	r3, ip
1000520a:	685b      	ldr	r3, [r3, #4]
1000520c:	e79a      	b.n	10005144 <tud_task+0x1d8>
1000520e:	b00b      	add	sp, #44	; 0x2c
10005210:	bcf0      	pop	{r4, r5, r6, r7}
10005212:	46bb      	mov	fp, r7
10005214:	46b2      	mov	sl, r6
10005216:	46a9      	mov	r9, r5
10005218:	46a0      	mov	r8, r4
1000521a:	bdf0      	pop	{r4, r5, r6, r7, pc}
1000521c:	7962      	ldrb	r2, [r4, #5]
1000521e:	7820      	ldrb	r0, [r4, #0]
10005220:	68a3      	ldr	r3, [r4, #8]
10005222:	f000 fd97 	bl	10005d54 <usbd_control_xfer_cb>
10005226:	e6b1      	b.n	10004f8c <tud_task+0x20>
10005228:	4640      	mov	r0, r8
1000522a:	f000 ff0d 	bl	10006048 <cdcd_reset>
1000522e:	782b      	ldrb	r3, [r5, #0]
10005230:	2b00      	cmp	r3, #0
10005232:	d0c4      	beq.n	100051be <tud_task+0x252>
10005234:	2300      	movs	r3, #0
10005236:	685b      	ldr	r3, [r3, #4]
10005238:	deff      	udf	#255	; 0xff
1000523a:	4640      	mov	r0, r8
1000523c:	f000 ff04 	bl	10006048 <cdcd_reset>
10005240:	782b      	ldrb	r3, [r5, #0]
10005242:	2b00      	cmp	r3, #0
10005244:	d100      	bne.n	10005248 <tud_task+0x2dc>
10005246:	e785      	b.n	10005154 <tud_task+0x1e8>
10005248:	e7f4      	b.n	10005234 <tud_task+0x2c8>
1000524a:	2b00      	cmp	r3, #0
1000524c:	d100      	bne.n	10005250 <tud_task+0x2e4>
1000524e:	e69d      	b.n	10004f8c <tud_task+0x20>
10005250:	2300      	movs	r3, #0
10005252:	695b      	ldr	r3, [r3, #20]
10005254:	deff      	udf	#255	; 0xff
10005256:	4819      	ldr	r0, [pc, #100]	; (100052bc <tud_task+0x350>)
10005258:	2800      	cmp	r0, #0
1000525a:	d100      	bne.n	1000525e <tud_task+0x2f2>
1000525c:	e713      	b.n	10005086 <tud_task+0x11a>
1000525e:	f000 fd65 	bl	10005d2c <usbd_control_set_complete_callback>
10005262:	2100      	movs	r1, #0
10005264:	4650      	mov	r0, sl
10005266:	aa08      	add	r2, sp, #32
10005268:	e000      	b.n	1000526c <tud_task+0x300>
1000526a:	bf00      	nop
1000526c:	2800      	cmp	r0, #0
1000526e:	d000      	beq.n	10005272 <tud_task+0x306>
10005270:	e68c      	b.n	10004f8c <tud_task+0x20>
10005272:	e708      	b.n	10005086 <tud_task+0x11a>
10005274:	2a20      	cmp	r2, #32
10005276:	d100      	bne.n	1000527a <tud_task+0x30e>
10005278:	e09f      	b.n	100053ba <tud_task+0x44e>
1000527a:	2a00      	cmp	r2, #0
1000527c:	d000      	beq.n	10005280 <tud_task+0x314>
1000527e:	e702      	b.n	10005086 <tud_task+0x11a>
10005280:	7963      	ldrb	r3, [r4, #5]
10005282:	2b09      	cmp	r3, #9
10005284:	d900      	bls.n	10005288 <tud_task+0x31c>
10005286:	e6fe      	b.n	10005086 <tud_task+0x11a>
10005288:	4a0d      	ldr	r2, [pc, #52]	; (100052c0 <tud_task+0x354>)
1000528a:	009b      	lsls	r3, r3, #2
1000528c:	58d3      	ldr	r3, [r2, r3]
1000528e:	469f      	mov	pc, r3
10005290:	10007a44 	.word	0x10007a44
10005294:	20001e78 	.word	0x20001e78
10005298:	20001e20 	.word	0x20001e20
1000529c:	100041a5 	.word	0x100041a5
100052a0:	20002646 	.word	0x20002646
100052a4:	1000623d 	.word	0x1000623d
	...
100052b0:	20001ae8 	.word	0x20001ae8
100052b4:	10006049 	.word	0x10006049
	...
100052c0:	10007a68 	.word	0x10007a68
100052c4:	2370      	movs	r3, #112	; 0x70
100052c6:	7a21      	ldrb	r1, [r4, #8]
100052c8:	420b      	tst	r3, r1
100052ca:	d000      	beq.n	100052ce <tud_task+0x362>
100052cc:	e6db      	b.n	10005086 <tud_task+0x11a>
100052ce:	330f      	adds	r3, #15
100052d0:	400b      	ands	r3, r1
100052d2:	005b      	lsls	r3, r3, #1
100052d4:	18f8      	adds	r0, r7, r3
100052d6:	09cd      	lsrs	r5, r1, #7
100052d8:	9300      	str	r3, [sp, #0]
100052da:	4bc1      	ldr	r3, [pc, #772]	; (100055e0 <tud_task+0x674>)
100052dc:	1940      	adds	r0, r0, r5
100052de:	7cc0      	ldrb	r0, [r0, #19]
100052e0:	2b00      	cmp	r3, #0
100052e2:	d006      	beq.n	100052f2 <tud_task+0x386>
100052e4:	4bbf      	ldr	r3, [pc, #764]	; (100055e4 <tud_task+0x678>)
100052e6:	781b      	ldrb	r3, [r3, #0]
100052e8:	4298      	cmp	r0, r3
100052ea:	d200      	bcs.n	100052ee <tud_task+0x382>
100052ec:	e088      	b.n	10005400 <tud_task+0x494>
100052ee:	1ac0      	subs	r0, r0, r3
100052f0:	b2c0      	uxtb	r0, r0
100052f2:	2800      	cmp	r0, #0
100052f4:	d17e      	bne.n	100053f4 <tud_task+0x488>
100052f6:	2a00      	cmp	r2, #0
100052f8:	d000      	beq.n	100052fc <tud_task+0x390>
100052fa:	e115      	b.n	10005528 <tud_task+0x5bc>
100052fc:	4bba      	ldr	r3, [pc, #744]	; (100055e8 <tud_task+0x67c>)
100052fe:	9301      	str	r3, [sp, #4]
10005300:	7963      	ldrb	r3, [r4, #5]
10005302:	4698      	mov	r8, r3
10005304:	2302      	movs	r3, #2
10005306:	4642      	mov	r2, r8
10005308:	4699      	mov	r9, r3
1000530a:	439a      	bics	r2, r3
1000530c:	2a01      	cmp	r2, #1
1000530e:	d100      	bne.n	10005312 <tud_task+0x3a6>
10005310:	e10e      	b.n	10005530 <tud_task+0x5c4>
10005312:	4643      	mov	r3, r8
10005314:	2b00      	cmp	r3, #0
10005316:	d000      	beq.n	1000531a <tud_task+0x3ae>
10005318:	e6b5      	b.n	10005086 <tud_task+0x11a>
1000531a:	9b00      	ldr	r3, [sp, #0]
1000531c:	aa06      	add	r2, sp, #24
1000531e:	18fb      	adds	r3, r7, r3
10005320:	195d      	adds	r5, r3, r5
10005322:	3530      	adds	r5, #48	; 0x30
10005324:	78eb      	ldrb	r3, [r5, #3]
10005326:	3202      	adds	r2, #2
10005328:	079b      	lsls	r3, r3, #30
1000532a:	0fdb      	lsrs	r3, r3, #31
1000532c:	8013      	strh	r3, [r2, #0]
1000532e:	4650      	mov	r0, sl
10005330:	2302      	movs	r3, #2
10005332:	a908      	add	r1, sp, #32
10005334:	f000 fc92 	bl	10005c5c <tud_control_xfer>
10005338:	e628      	b.n	10004f8c <tud_task+0x20>
1000533a:	005a      	lsls	r2, r3, #1
1000533c:	18d3      	adds	r3, r2, r3
1000533e:	4aab      	ldr	r2, [pc, #684]	; (100055ec <tud_task+0x680>)
10005340:	00db      	lsls	r3, r3, #3
10005342:	6812      	ldr	r2, [r2, #0]
10005344:	18d3      	adds	r3, r2, r3
10005346:	2b00      	cmp	r3, #0
10005348:	d100      	bne.n	1000534c <tud_task+0x3e0>
1000534a:	e760      	b.n	1000520e <tud_task+0x2a2>
1000534c:	691d      	ldr	r5, [r3, #16]
1000534e:	e668      	b.n	10005022 <tud_task+0xb6>
10005350:	7a23      	ldrb	r3, [r4, #8]
10005352:	2b0f      	cmp	r3, #15
10005354:	d900      	bls.n	10005358 <tud_task+0x3ec>
10005356:	e696      	b.n	10005086 <tud_task+0x11a>
10005358:	4aa1      	ldr	r2, [pc, #644]	; (100055e0 <tud_task+0x674>)
1000535a:	18fb      	adds	r3, r7, r3
1000535c:	78db      	ldrb	r3, [r3, #3]
1000535e:	2a00      	cmp	r2, #0
10005360:	d005      	beq.n	1000536e <tud_task+0x402>
10005362:	4aa0      	ldr	r2, [pc, #640]	; (100055e4 <tud_task+0x678>)
10005364:	7812      	ldrb	r2, [r2, #0]
10005366:	4293      	cmp	r3, r2
10005368:	d364      	bcc.n	10005434 <tud_task+0x4c8>
1000536a:	1a9b      	subs	r3, r3, r2
1000536c:	b2db      	uxtb	r3, r3
1000536e:	2b00      	cmp	r3, #0
10005370:	d000      	beq.n	10005374 <tud_task+0x408>
10005372:	e688      	b.n	10005086 <tud_task+0x11a>
10005374:	489e      	ldr	r0, [pc, #632]	; (100055f0 <tud_task+0x684>)
10005376:	4d9c      	ldr	r5, [pc, #624]	; (100055e8 <tud_task+0x67c>)
10005378:	f000 fcd8 	bl	10005d2c <usbd_control_set_complete_callback>
1000537c:	2100      	movs	r1, #0
1000537e:	4650      	mov	r0, sl
10005380:	68eb      	ldr	r3, [r5, #12]
10005382:	aa08      	add	r2, sp, #32
10005384:	4798      	blx	r3
10005386:	2800      	cmp	r0, #0
10005388:	d000      	beq.n	1000538c <tud_task+0x420>
1000538a:	e5ff      	b.n	10004f8c <tud_task+0x20>
1000538c:	2260      	movs	r2, #96	; 0x60
1000538e:	0015      	movs	r5, r2
10005390:	7923      	ldrb	r3, [r4, #4]
10005392:	401d      	ands	r5, r3
10005394:	421a      	tst	r2, r3
10005396:	d000      	beq.n	1000539a <tud_task+0x42e>
10005398:	e675      	b.n	10005086 <tud_task+0x11a>
1000539a:	7963      	ldrb	r3, [r4, #5]
1000539c:	3b0a      	subs	r3, #10
1000539e:	2b01      	cmp	r3, #1
100053a0:	d900      	bls.n	100053a4 <tud_task+0x438>
100053a2:	e670      	b.n	10005086 <tud_task+0x11a>
100053a4:	f000 fcc2 	bl	10005d2c <usbd_control_set_complete_callback>
100053a8:	7963      	ldrb	r3, [r4, #5]
100053aa:	2b0a      	cmp	r3, #10
100053ac:	d100      	bne.n	100053b0 <tud_task+0x444>
100053ae:	e0ee      	b.n	1000558e <tud_task+0x622>
100053b0:	4650      	mov	r0, sl
100053b2:	a908      	add	r1, sp, #32
100053b4:	f000 fc3a 	bl	10005c2c <tud_control_status>
100053b8:	e5e8      	b.n	10004f8c <tud_task+0x20>
100053ba:	7a23      	ldrb	r3, [r4, #8]
100053bc:	2b0f      	cmp	r3, #15
100053be:	d900      	bls.n	100053c2 <tud_task+0x456>
100053c0:	e661      	b.n	10005086 <tud_task+0x11a>
100053c2:	4a87      	ldr	r2, [pc, #540]	; (100055e0 <tud_task+0x674>)
100053c4:	18fb      	adds	r3, r7, r3
100053c6:	78db      	ldrb	r3, [r3, #3]
100053c8:	2a00      	cmp	r2, #0
100053ca:	d006      	beq.n	100053da <tud_task+0x46e>
100053cc:	4a85      	ldr	r2, [pc, #532]	; (100055e4 <tud_task+0x678>)
100053ce:	7812      	ldrb	r2, [r2, #0]
100053d0:	4293      	cmp	r3, r2
100053d2:	d200      	bcs.n	100053d6 <tud_task+0x46a>
100053d4:	e0d0      	b.n	10005578 <tud_task+0x60c>
100053d6:	1a9b      	subs	r3, r3, r2
100053d8:	b2db      	uxtb	r3, r3
100053da:	2b00      	cmp	r3, #0
100053dc:	d000      	beq.n	100053e0 <tud_task+0x474>
100053de:	e652      	b.n	10005086 <tud_task+0x11a>
100053e0:	4883      	ldr	r0, [pc, #524]	; (100055f0 <tud_task+0x684>)
100053e2:	4d81      	ldr	r5, [pc, #516]	; (100055e8 <tud_task+0x67c>)
100053e4:	f000 fca2 	bl	10005d2c <usbd_control_set_complete_callback>
100053e8:	2100      	movs	r1, #0
100053ea:	4650      	mov	r0, sl
100053ec:	68eb      	ldr	r3, [r5, #12]
100053ee:	aa08      	add	r2, sp, #32
100053f0:	4798      	blx	r3
100053f2:	e73b      	b.n	1000526c <tud_task+0x300>
100053f4:	2a00      	cmp	r2, #0
100053f6:	d000      	beq.n	100053fa <tud_task+0x48e>
100053f8:	e645      	b.n	10005086 <tud_task+0x11a>
100053fa:	2300      	movs	r3, #0
100053fc:	9301      	str	r3, [sp, #4]
100053fe:	e77f      	b.n	10005300 <tud_task+0x394>
10005400:	0043      	lsls	r3, r0, #1
10005402:	469c      	mov	ip, r3
10005404:	4b79      	ldr	r3, [pc, #484]	; (100055ec <tud_task+0x680>)
10005406:	4460      	add	r0, ip
10005408:	681b      	ldr	r3, [r3, #0]
1000540a:	00c0      	lsls	r0, r0, #3
1000540c:	469c      	mov	ip, r3
1000540e:	0003      	movs	r3, r0
10005410:	4463      	add	r3, ip
10005412:	9301      	str	r3, [sp, #4]
10005414:	2a00      	cmp	r2, #0
10005416:	d100      	bne.n	1000541a <tud_task+0x4ae>
10005418:	e772      	b.n	10005300 <tud_task+0x394>
1000541a:	2b00      	cmp	r3, #0
1000541c:	d100      	bne.n	10005420 <tud_task+0x4b4>
1000541e:	e632      	b.n	10005086 <tud_task+0x11a>
10005420:	68d8      	ldr	r0, [r3, #12]
10005422:	f000 fc83 	bl	10005d2c <usbd_control_set_complete_callback>
10005426:	9b01      	ldr	r3, [sp, #4]
10005428:	2100      	movs	r1, #0
1000542a:	4650      	mov	r0, sl
1000542c:	68db      	ldr	r3, [r3, #12]
1000542e:	aa08      	add	r2, sp, #32
10005430:	4798      	blx	r3
10005432:	e71b      	b.n	1000526c <tud_task+0x300>
10005434:	4a6d      	ldr	r2, [pc, #436]	; (100055ec <tud_task+0x680>)
10005436:	005d      	lsls	r5, r3, #1
10005438:	18eb      	adds	r3, r5, r3
1000543a:	6815      	ldr	r5, [r2, #0]
1000543c:	00db      	lsls	r3, r3, #3
1000543e:	18ed      	adds	r5, r5, r3
10005440:	2d00      	cmp	r5, #0
10005442:	d100      	bne.n	10005446 <tud_task+0x4da>
10005444:	e61f      	b.n	10005086 <tud_task+0x11a>
10005446:	68e8      	ldr	r0, [r5, #12]
10005448:	e796      	b.n	10005378 <tud_task+0x40c>
1000544a:	88e3      	ldrh	r3, [r4, #6]
1000544c:	2b01      	cmp	r3, #1
1000544e:	d000      	beq.n	10005452 <tud_task+0x4e6>
10005450:	e619      	b.n	10005086 <tud_task+0x11a>
10005452:	2208      	movs	r2, #8
10005454:	783b      	ldrb	r3, [r7, #0]
10005456:	4650      	mov	r0, sl
10005458:	4393      	bics	r3, r2
1000545a:	a908      	add	r1, sp, #32
1000545c:	703b      	strb	r3, [r7, #0]
1000545e:	f000 fbe5 	bl	10005c2c <tud_control_status>
10005462:	e593      	b.n	10004f8c <tud_task+0x20>
10005464:	2002      	movs	r0, #2
10005466:	7839      	ldrb	r1, [r7, #0]
10005468:	ab06      	add	r3, sp, #24
1000546a:	1c9a      	adds	r2, r3, #2
1000546c:	068b      	lsls	r3, r1, #26
1000546e:	0889      	lsrs	r1, r1, #2
10005470:	0fdb      	lsrs	r3, r3, #31
10005472:	4001      	ands	r1, r0
10005474:	430b      	orrs	r3, r1
10005476:	e759      	b.n	1000532c <tud_task+0x3c0>
10005478:	79a3      	ldrb	r3, [r4, #6]
1000547a:	9301      	str	r3, [sp, #4]
1000547c:	001a      	movs	r2, r3
1000547e:	787b      	ldrb	r3, [r7, #1]
10005480:	429a      	cmp	r2, r3
10005482:	d007      	beq.n	10005494 <tud_task+0x528>
10005484:	787b      	ldrb	r3, [r7, #1]
10005486:	2b00      	cmp	r3, #0
10005488:	d000      	beq.n	1000548c <tud_task+0x520>
1000548a:	e11e      	b.n	100056ca <tud_task+0x75e>
1000548c:	9b01      	ldr	r3, [sp, #4]
1000548e:	2b00      	cmp	r3, #0
10005490:	d000      	beq.n	10005494 <tud_task+0x528>
10005492:	e0b3      	b.n	100055fc <tud_task+0x690>
10005494:	9b01      	ldr	r3, [sp, #4]
10005496:	4650      	mov	r0, sl
10005498:	a908      	add	r1, sp, #32
1000549a:	707b      	strb	r3, [r7, #1]
1000549c:	f000 fbc6 	bl	10005c2c <tud_control_status>
100054a0:	e574      	b.n	10004f8c <tud_task+0x20>
100054a2:	787b      	ldrb	r3, [r7, #1]
100054a4:	aa06      	add	r2, sp, #24
100054a6:	3202      	adds	r2, #2
100054a8:	7013      	strb	r3, [r2, #0]
100054aa:	4650      	mov	r0, sl
100054ac:	2301      	movs	r3, #1
100054ae:	a908      	add	r1, sp, #32
100054b0:	f000 fbd4 	bl	10005c5c <tud_control_xfer>
100054b4:	e56a      	b.n	10004f8c <tud_task+0x20>
100054b6:	88e0      	ldrh	r0, [r4, #6]
100054b8:	0a03      	lsrs	r3, r0, #8
100054ba:	b2c0      	uxtb	r0, r0
100054bc:	2b0f      	cmp	r3, #15
100054be:	d900      	bls.n	100054c2 <tud_task+0x556>
100054c0:	e5e1      	b.n	10005086 <tud_task+0x11a>
100054c2:	494c      	ldr	r1, [pc, #304]	; (100055f4 <tud_task+0x688>)
100054c4:	009a      	lsls	r2, r3, #2
100054c6:	588a      	ldr	r2, [r1, r2]
100054c8:	4697      	mov	pc, r2
100054ca:	a808      	add	r0, sp, #32
100054cc:	f000 fc34 	bl	10005d38 <usbd_control_set_request>
100054d0:	4650      	mov	r0, sl
100054d2:	79a1      	ldrb	r1, [r4, #6]
100054d4:	f7ff f900 	bl	100046d8 <dcd_set_address>
100054d8:	2202      	movs	r2, #2
100054da:	783b      	ldrb	r3, [r7, #0]
100054dc:	4313      	orrs	r3, r2
100054de:	703b      	strb	r3, [r7, #0]
100054e0:	e554      	b.n	10004f8c <tud_task+0x20>
100054e2:	88e3      	ldrh	r3, [r4, #6]
100054e4:	2b01      	cmp	r3, #1
100054e6:	d000      	beq.n	100054ea <tud_task+0x57e>
100054e8:	e5cd      	b.n	10005086 <tud_task+0x11a>
100054ea:	2208      	movs	r2, #8
100054ec:	783b      	ldrb	r3, [r7, #0]
100054ee:	4650      	mov	r0, sl
100054f0:	4313      	orrs	r3, r2
100054f2:	a908      	add	r1, sp, #32
100054f4:	703b      	strb	r3, [r7, #0]
100054f6:	f000 fb99 	bl	10005c2c <tud_control_status>
100054fa:	e547      	b.n	10004f8c <tud_task+0x20>
100054fc:	2b02      	cmp	r3, #2
100054fe:	d100      	bne.n	10005502 <tud_task+0x596>
10005500:	e194      	b.n	1000582c <tud_task+0x8c0>
10005502:	4b3d      	ldr	r3, [pc, #244]	; (100055f8 <tud_task+0x68c>)
10005504:	2b00      	cmp	r3, #0
10005506:	d100      	bne.n	1000550a <tud_task+0x59e>
10005508:	e5bd      	b.n	10005086 <tud_task+0x11a>
1000550a:	e000      	b.n	1000550e <tud_task+0x5a2>
1000550c:	bf00      	nop
1000550e:	0002      	movs	r2, r0
10005510:	2a00      	cmp	r2, #0
10005512:	d100      	bne.n	10005516 <tud_task+0x5aa>
10005514:	e5b7      	b.n	10005086 <tud_task+0x11a>
10005516:	78d3      	ldrb	r3, [r2, #3]
10005518:	7891      	ldrb	r1, [r2, #2]
1000551a:	021b      	lsls	r3, r3, #8
1000551c:	430b      	orrs	r3, r1
1000551e:	4650      	mov	r0, sl
10005520:	a908      	add	r1, sp, #32
10005522:	f000 fb9b 	bl	10005c5c <tud_control_xfer>
10005526:	e6a1      	b.n	1000526c <tud_task+0x300>
10005528:	4b2f      	ldr	r3, [pc, #188]	; (100055e8 <tud_task+0x67c>)
1000552a:	4831      	ldr	r0, [pc, #196]	; (100055f0 <tud_task+0x684>)
1000552c:	9301      	str	r3, [sp, #4]
1000552e:	e778      	b.n	10005422 <tud_task+0x4b6>
10005530:	88e2      	ldrh	r2, [r4, #6]
10005532:	2a00      	cmp	r2, #0
10005534:	d109      	bne.n	1000554a <tud_task+0x5de>
10005536:	4643      	mov	r3, r8
10005538:	2b01      	cmp	r3, #1
1000553a:	d03d      	beq.n	100055b8 <tud_task+0x64c>
1000553c:	9b00      	ldr	r3, [sp, #0]
1000553e:	18fb      	adds	r3, r7, r3
10005540:	195d      	adds	r5, r3, r5
10005542:	3530      	adds	r5, #48	; 0x30
10005544:	78eb      	ldrb	r3, [r5, #3]
10005546:	079b      	lsls	r3, r3, #30
10005548:	d52a      	bpl.n	100055a0 <tud_task+0x634>
1000554a:	9d01      	ldr	r5, [sp, #4]
1000554c:	2d00      	cmp	r5, #0
1000554e:	d100      	bne.n	10005552 <tud_task+0x5e6>
10005550:	e51c      	b.n	10004f8c <tud_task+0x20>
10005552:	68eb      	ldr	r3, [r5, #12]
10005554:	0018      	movs	r0, r3
10005556:	9300      	str	r3, [sp, #0]
10005558:	f000 fbe8 	bl	10005d2c <usbd_control_set_complete_callback>
1000555c:	68eb      	ldr	r3, [r5, #12]
1000555e:	2100      	movs	r1, #0
10005560:	aa08      	add	r2, sp, #32
10005562:	4650      	mov	r0, sl
10005564:	4798      	blx	r3
10005566:	2000      	movs	r0, #0
10005568:	f000 fbe0 	bl	10005d2c <usbd_control_set_complete_callback>
1000556c:	2334      	movs	r3, #52	; 0x34
1000556e:	5cfb      	ldrb	r3, [r7, r3]
10005570:	07db      	lsls	r3, r3, #31
10005572:	d500      	bpl.n	10005576 <tud_task+0x60a>
10005574:	e50a      	b.n	10004f8c <tud_task+0x20>
10005576:	e71b      	b.n	100053b0 <tud_task+0x444>
10005578:	4a1c      	ldr	r2, [pc, #112]	; (100055ec <tud_task+0x680>)
1000557a:	005d      	lsls	r5, r3, #1
1000557c:	18eb      	adds	r3, r5, r3
1000557e:	6815      	ldr	r5, [r2, #0]
10005580:	00db      	lsls	r3, r3, #3
10005582:	18ed      	adds	r5, r5, r3
10005584:	2d00      	cmp	r5, #0
10005586:	d100      	bne.n	1000558a <tud_task+0x61e>
10005588:	e57d      	b.n	10005086 <tud_task+0x11a>
1000558a:	68e8      	ldr	r0, [r5, #12]
1000558c:	e72a      	b.n	100053e4 <tud_task+0x478>
1000558e:	ab06      	add	r3, sp, #24
10005590:	1c9a      	adds	r2, r3, #2
10005592:	4650      	mov	r0, sl
10005594:	2301      	movs	r3, #1
10005596:	a908      	add	r1, sp, #32
10005598:	7015      	strb	r5, [r2, #0]
1000559a:	f000 fb5f 	bl	10005c5c <tud_control_xfer>
1000559e:	e4f5      	b.n	10004f8c <tud_task+0x20>
100055a0:	4650      	mov	r0, sl
100055a2:	f7ff fa43 	bl	10004a2c <dcd_edpt_stall>
100055a6:	2202      	movs	r2, #2
100055a8:	78eb      	ldrb	r3, [r5, #3]
100055aa:	4313      	orrs	r3, r2
100055ac:	2201      	movs	r2, #1
100055ae:	70eb      	strb	r3, [r5, #3]
100055b0:	78eb      	ldrb	r3, [r5, #3]
100055b2:	4313      	orrs	r3, r2
100055b4:	70eb      	strb	r3, [r5, #3]
100055b6:	e7c8      	b.n	1000554a <tud_task+0x5de>
100055b8:	9b00      	ldr	r3, [sp, #0]
100055ba:	18fb      	adds	r3, r7, r3
100055bc:	195d      	adds	r5, r3, r5
100055be:	3530      	adds	r5, #48	; 0x30
100055c0:	78eb      	ldrb	r3, [r5, #3]
100055c2:	079b      	lsls	r3, r3, #30
100055c4:	d5c1      	bpl.n	1000554a <tud_task+0x5de>
100055c6:	4650      	mov	r0, sl
100055c8:	f7ff fa4c 	bl	10004a64 <dcd_edpt_clear_stall>
100055cc:	464a      	mov	r2, r9
100055ce:	78eb      	ldrb	r3, [r5, #3]
100055d0:	4393      	bics	r3, r2
100055d2:	4642      	mov	r2, r8
100055d4:	70eb      	strb	r3, [r5, #3]
100055d6:	78eb      	ldrb	r3, [r5, #3]
100055d8:	4393      	bics	r3, r2
100055da:	70eb      	strb	r3, [r5, #3]
100055dc:	e7b5      	b.n	1000554a <tud_task+0x5de>
100055de:	46c0      	nop			; (mov r8, r8)
100055e0:	100041a5 	.word	0x100041a5
100055e4:	20002646 	.word	0x20002646
100055e8:	10007ad0 	.word	0x10007ad0
100055ec:	20001ae8 	.word	0x20001ae8
100055f0:	10006159 	.word	0x10006159
100055f4:	10007a90 	.word	0x10007a90
100055f8:	00000000 	.word	0x00000000
100055fc:	1e58      	subs	r0, r3, #1
100055fe:	b2c0      	uxtb	r0, r0
10005600:	f7fe ff18 	bl	10004434 <tud_descriptor_configuration_cb>
10005604:	2800      	cmp	r0, #0
10005606:	d100      	bne.n	1000560a <tud_task+0x69e>
10005608:	e53d      	b.n	10005086 <tud_task+0x11a>
1000560a:	7843      	ldrb	r3, [r0, #1]
1000560c:	9304      	str	r3, [sp, #16]
1000560e:	2b02      	cmp	r3, #2
10005610:	d000      	beq.n	10005614 <tud_task+0x6a8>
10005612:	e538      	b.n	10005086 <tud_task+0x11a>
10005614:	2101      	movs	r1, #1
10005616:	79c3      	ldrb	r3, [r0, #7]
10005618:	119a      	asrs	r2, r3, #6
1000561a:	115b      	asrs	r3, r3, #5
1000561c:	400a      	ands	r2, r1
1000561e:	400b      	ands	r3, r1
10005620:	0152      	lsls	r2, r2, #5
10005622:	011b      	lsls	r3, r3, #4
10005624:	4313      	orrs	r3, r2
10005626:	783a      	ldrb	r2, [r7, #0]
10005628:	312f      	adds	r1, #47	; 0x2f
1000562a:	438a      	bics	r2, r1
1000562c:	4313      	orrs	r3, r2
1000562e:	703b      	strb	r3, [r7, #0]
10005630:	2309      	movs	r3, #9
10005632:	4699      	mov	r9, r3
10005634:	78c3      	ldrb	r3, [r0, #3]
10005636:	7882      	ldrb	r2, [r0, #2]
10005638:	021b      	lsls	r3, r3, #8
1000563a:	4313      	orrs	r3, r2
1000563c:	18c3      	adds	r3, r0, r3
1000563e:	4481      	add	r9, r0
10005640:	9303      	str	r3, [sp, #12]
10005642:	9b03      	ldr	r3, [sp, #12]
10005644:	454b      	cmp	r3, r9
10005646:	d800      	bhi.n	1000564a <tud_task+0x6de>
10005648:	e0e9      	b.n	1000581e <tud_task+0x8b2>
1000564a:	464b      	mov	r3, r9
1000564c:	2201      	movs	r2, #1
1000564e:	785b      	ldrb	r3, [r3, #1]
10005650:	9200      	str	r2, [sp, #0]
10005652:	2b0b      	cmp	r3, #11
10005654:	d107      	bne.n	10005666 <tud_task+0x6fa>
10005656:	464b      	mov	r3, r9
10005658:	78db      	ldrb	r3, [r3, #3]
1000565a:	9300      	str	r3, [sp, #0]
1000565c:	464b      	mov	r3, r9
1000565e:	781b      	ldrb	r3, [r3, #0]
10005660:	4499      	add	r9, r3
10005662:	464b      	mov	r3, r9
10005664:	785b      	ldrb	r3, [r3, #1]
10005666:	2b04      	cmp	r3, #4
10005668:	d000      	beq.n	1000566c <tud_task+0x700>
1000566a:	e50c      	b.n	10005086 <tud_task+0x11a>
1000566c:	464a      	mov	r2, r9
1000566e:	9b03      	ldr	r3, [sp, #12]
10005670:	2500      	movs	r5, #0
10005672:	1a9b      	subs	r3, r3, r2
10005674:	b29b      	uxth	r3, r3
10005676:	9302      	str	r3, [sp, #8]
10005678:	4a6e      	ldr	r2, [pc, #440]	; (10005834 <tud_task+0x8c8>)
1000567a:	4b6f      	ldr	r3, [pc, #444]	; (10005838 <tud_task+0x8cc>)
1000567c:	781b      	ldrb	r3, [r3, #0]
1000567e:	2a00      	cmp	r2, #0
10005680:	d116      	bne.n	100056b0 <tud_task+0x744>
10005682:	e062      	b.n	1000574a <tud_task+0x7de>
10005684:	42ab      	cmp	r3, r5
10005686:	d171      	bne.n	1000576c <tud_task+0x800>
10005688:	4a6c      	ldr	r2, [pc, #432]	; (1000583c <tud_task+0x8d0>)
1000568a:	4b6d      	ldr	r3, [pc, #436]	; (10005840 <tud_task+0x8d4>)
1000568c:	4690      	mov	r8, r2
1000568e:	4649      	mov	r1, r9
10005690:	4650      	mov	r0, sl
10005692:	9a02      	ldr	r2, [sp, #8]
10005694:	4798      	blx	r3
10005696:	4684      	mov	ip, r0
10005698:	2808      	cmp	r0, #8
1000569a:	d902      	bls.n	100056a2 <tud_task+0x736>
1000569c:	9a02      	ldr	r2, [sp, #8]
1000569e:	4282      	cmp	r2, r0
100056a0:	d269      	bcs.n	10005776 <tud_task+0x80a>
100056a2:	4b65      	ldr	r3, [pc, #404]	; (10005838 <tud_task+0x8cc>)
100056a4:	3501      	adds	r5, #1
100056a6:	781b      	ldrb	r3, [r3, #0]
100056a8:	b2ed      	uxtb	r5, r5
100056aa:	42ab      	cmp	r3, r5
100056ac:	d200      	bcs.n	100056b0 <tud_task+0x744>
100056ae:	e4ea      	b.n	10005086 <tud_task+0x11a>
100056b0:	42ab      	cmp	r3, r5
100056b2:	d9e7      	bls.n	10005684 <tud_task+0x718>
100056b4:	4a63      	ldr	r2, [pc, #396]	; (10005844 <tud_task+0x8d8>)
100056b6:	006b      	lsls	r3, r5, #1
100056b8:	6812      	ldr	r2, [r2, #0]
100056ba:	195b      	adds	r3, r3, r5
100056bc:	4690      	mov	r8, r2
100056be:	00db      	lsls	r3, r3, #3
100056c0:	4498      	add	r8, r3
100056c2:	4643      	mov	r3, r8
100056c4:	9205      	str	r2, [sp, #20]
100056c6:	689b      	ldr	r3, [r3, #8]
100056c8:	e7e1      	b.n	1000568e <tud_task+0x722>
100056ca:	4650      	mov	r0, sl
100056cc:	f7ff f93e 	bl	1000494c <dcd_edpt_close_all>
100056d0:	78bb      	ldrb	r3, [r7, #2]
100056d2:	4d59      	ldr	r5, [pc, #356]	; (10005838 <tud_task+0x8cc>)
100056d4:	4a57      	ldr	r2, [pc, #348]	; (10005834 <tud_task+0x8c8>)
100056d6:	9300      	str	r3, [sp, #0]
100056d8:	2100      	movs	r1, #0
100056da:	782b      	ldrb	r3, [r5, #0]
100056dc:	2a00      	cmp	r2, #0
100056de:	d02d      	beq.n	1000573c <tud_task+0x7d0>
100056e0:	4a58      	ldr	r2, [pc, #352]	; (10005844 <tud_task+0x8d8>)
100056e2:	4690      	mov	r8, r2
100056e4:	002a      	movs	r2, r5
100056e6:	000d      	movs	r5, r1
100056e8:	4691      	mov	r9, r2
100056ea:	429d      	cmp	r5, r3
100056ec:	d31d      	bcc.n	1000572a <tud_task+0x7be>
100056ee:	d000      	beq.n	100056f2 <tud_task+0x786>
100056f0:	e5a0      	b.n	10005234 <tud_task+0x2c8>
100056f2:	4b55      	ldr	r3, [pc, #340]	; (10005848 <tud_task+0x8dc>)
100056f4:	4650      	mov	r0, sl
100056f6:	4798      	blx	r3
100056f8:	464b      	mov	r3, r9
100056fa:	3501      	adds	r5, #1
100056fc:	781b      	ldrb	r3, [r3, #0]
100056fe:	b2ed      	uxtb	r5, r5
10005700:	42ab      	cmp	r3, r5
10005702:	d2f2      	bcs.n	100056ea <tud_task+0x77e>
10005704:	2253      	movs	r2, #83	; 0x53
10005706:	2100      	movs	r1, #0
10005708:	0038      	movs	r0, r7
1000570a:	f7fe fadb 	bl	10003cc4 <__wrap_memset>
1000570e:	2210      	movs	r2, #16
10005710:	21ff      	movs	r1, #255	; 0xff
10005712:	1cf8      	adds	r0, r7, #3
10005714:	f7fe fad6 	bl	10003cc4 <__wrap_memset>
10005718:	0038      	movs	r0, r7
1000571a:	2220      	movs	r2, #32
1000571c:	21ff      	movs	r1, #255	; 0xff
1000571e:	3013      	adds	r0, #19
10005720:	f7fe fad0 	bl	10003cc4 <__wrap_memset>
10005724:	9b00      	ldr	r3, [sp, #0]
10005726:	70bb      	strb	r3, [r7, #2]
10005728:	e6b0      	b.n	1000548c <tud_task+0x520>
1000572a:	4642      	mov	r2, r8
1000572c:	6812      	ldr	r2, [r2, #0]
1000572e:	006b      	lsls	r3, r5, #1
10005730:	4694      	mov	ip, r2
10005732:	195b      	adds	r3, r3, r5
10005734:	00db      	lsls	r3, r3, #3
10005736:	4463      	add	r3, ip
10005738:	685b      	ldr	r3, [r3, #4]
1000573a:	e7db      	b.n	100056f4 <tud_task+0x788>
1000573c:	4650      	mov	r0, sl
1000573e:	f000 fc83 	bl	10006048 <cdcd_reset>
10005742:	782b      	ldrb	r3, [r5, #0]
10005744:	2b00      	cmp	r3, #0
10005746:	d0dd      	beq.n	10005704 <tud_task+0x798>
10005748:	e574      	b.n	10005234 <tud_task+0x2c8>
1000574a:	9b02      	ldr	r3, [sp, #8]
1000574c:	4649      	mov	r1, r9
1000574e:	001a      	movs	r2, r3
10005750:	4650      	mov	r0, sl
10005752:	4698      	mov	r8, r3
10005754:	f000 fc8e 	bl	10006074 <cdcd_open>
10005758:	4684      	mov	ip, r0
1000575a:	2808      	cmp	r0, #8
1000575c:	d901      	bls.n	10005762 <tud_task+0x7f6>
1000575e:	4540      	cmp	r0, r8
10005760:	d907      	bls.n	10005772 <tud_task+0x806>
10005762:	4b35      	ldr	r3, [pc, #212]	; (10005838 <tud_task+0x8cc>)
10005764:	781b      	ldrb	r3, [r3, #0]
10005766:	2b00      	cmp	r3, #0
10005768:	d100      	bne.n	1000576c <tud_task+0x800>
1000576a:	e48c      	b.n	10005086 <tud_task+0x11a>
1000576c:	2300      	movs	r3, #0
1000576e:	689b      	ldr	r3, [r3, #8]
10005770:	deff      	udf	#255	; 0xff
10005772:	4b32      	ldr	r3, [pc, #200]	; (1000583c <tud_task+0x8d0>)
10005774:	4698      	mov	r8, r3
10005776:	9b00      	ldr	r3, [sp, #0]
10005778:	2b01      	cmp	r3, #1
1000577a:	d048      	beq.n	1000580e <tud_task+0x8a2>
1000577c:	9b00      	ldr	r3, [sp, #0]
1000577e:	2b00      	cmp	r3, #0
10005780:	d010      	beq.n	100057a4 <tud_task+0x838>
10005782:	464b      	mov	r3, r9
10005784:	7899      	ldrb	r1, [r3, #2]
10005786:	2300      	movs	r3, #0
10005788:	e005      	b.n	10005796 <tud_task+0x82a>
1000578a:	70d5      	strb	r5, [r2, #3]
1000578c:	3301      	adds	r3, #1
1000578e:	9a00      	ldr	r2, [sp, #0]
10005790:	b2db      	uxtb	r3, r3
10005792:	4293      	cmp	r3, r2
10005794:	d206      	bcs.n	100057a4 <tud_task+0x838>
10005796:	18ca      	adds	r2, r1, r3
10005798:	b2d2      	uxtb	r2, r2
1000579a:	18ba      	adds	r2, r7, r2
1000579c:	78d0      	ldrb	r0, [r2, #3]
1000579e:	28ff      	cmp	r0, #255	; 0xff
100057a0:	d0f3      	beq.n	1000578a <tud_task+0x81e>
100057a2:	e470      	b.n	10005086 <tud_task+0x11a>
100057a4:	0038      	movs	r0, r7
100057a6:	46e0      	mov	r8, ip
100057a8:	002b      	movs	r3, r5
100057aa:	4649      	mov	r1, r9
100057ac:	4662      	mov	r2, ip
100057ae:	3013      	adds	r0, #19
100057b0:	f000 fe2e 	bl	10006410 <tu_edpt_bind_driver>
100057b4:	4b20      	ldr	r3, [pc, #128]	; (10005838 <tud_task+0x8cc>)
100057b6:	44c1      	add	r9, r8
100057b8:	781b      	ldrb	r3, [r3, #0]
100057ba:	42ab      	cmp	r3, r5
100057bc:	d300      	bcc.n	100057c0 <tud_task+0x854>
100057be:	e740      	b.n	10005642 <tud_task+0x6d6>
100057c0:	e461      	b.n	10005086 <tud_task+0x11a>
100057c2:	4b22      	ldr	r3, [pc, #136]	; (1000584c <tud_task+0x8e0>)
100057c4:	2b00      	cmp	r3, #0
100057c6:	d100      	bne.n	100057ca <tud_task+0x85e>
100057c8:	e45d      	b.n	10005086 <tud_task+0x11a>
100057ca:	e000      	b.n	100057ce <tud_task+0x862>
100057cc:	bf00      	nop
100057ce:	0002      	movs	r2, r0
100057d0:	e6a1      	b.n	10005516 <tud_task+0x5aa>
100057d2:	f7fe fe2b 	bl	1000442c <tud_descriptor_device_cb>
100057d6:	2312      	movs	r3, #18
100057d8:	0002      	movs	r2, r0
100057da:	a908      	add	r1, sp, #32
100057dc:	4650      	mov	r0, sl
100057de:	f000 fa3d 	bl	10005c5c <tud_control_xfer>
100057e2:	e543      	b.n	1000526c <tud_task+0x300>
100057e4:	4b1a      	ldr	r3, [pc, #104]	; (10005850 <tud_task+0x8e4>)
100057e6:	2b00      	cmp	r3, #0
100057e8:	d100      	bne.n	100057ec <tud_task+0x880>
100057ea:	e44c      	b.n	10005086 <tud_task+0x11a>
100057ec:	e000      	b.n	100057f0 <tud_task+0x884>
100057ee:	bf00      	nop
100057f0:	1e02      	subs	r2, r0, #0
100057f2:	d100      	bne.n	100057f6 <tud_task+0x88a>
100057f4:	e447      	b.n	10005086 <tud_task+0x11a>
100057f6:	4650      	mov	r0, sl
100057f8:	7813      	ldrb	r3, [r2, #0]
100057fa:	a908      	add	r1, sp, #32
100057fc:	f000 fa2e 	bl	10005c5c <tud_control_xfer>
10005800:	e534      	b.n	1000526c <tud_task+0x300>
10005802:	8921      	ldrh	r1, [r4, #8]
10005804:	f7fe fe1a 	bl	1000443c <tud_descriptor_string_cb>
10005808:	1e02      	subs	r2, r0, #0
1000580a:	d1f4      	bne.n	100057f6 <tud_task+0x88a>
1000580c:	e43b      	b.n	10005086 <tud_task+0x11a>
1000580e:	4642      	mov	r2, r8
10005810:	4b0b      	ldr	r3, [pc, #44]	; (10005840 <tud_task+0x8d4>)
10005812:	6892      	ldr	r2, [r2, #8]
10005814:	429a      	cmp	r2, r3
10005816:	d1b4      	bne.n	10005782 <tud_task+0x816>
10005818:	9b04      	ldr	r3, [sp, #16]
1000581a:	9300      	str	r3, [sp, #0]
1000581c:	e7b1      	b.n	10005782 <tud_task+0x816>
1000581e:	4b0d      	ldr	r3, [pc, #52]	; (10005854 <tud_task+0x8e8>)
10005820:	2b00      	cmp	r3, #0
10005822:	d100      	bne.n	10005826 <tud_task+0x8ba>
10005824:	e636      	b.n	10005494 <tud_task+0x528>
10005826:	e000      	b.n	1000582a <tud_task+0x8be>
10005828:	bf00      	nop
1000582a:	e633      	b.n	10005494 <tud_task+0x528>
1000582c:	f7fe fe02 	bl	10004434 <tud_descriptor_configuration_cb>
10005830:	0002      	movs	r2, r0
10005832:	e66d      	b.n	10005510 <tud_task+0x5a4>
10005834:	100041a5 	.word	0x100041a5
10005838:	20002646 	.word	0x20002646
1000583c:	10007ad0 	.word	0x10007ad0
10005840:	10006075 	.word	0x10006075
10005844:	20001ae8 	.word	0x20001ae8
10005848:	10006049 	.word	0x10006049
	...

10005858 <dcd_event_bus_signal>:
10005858:	b530      	push	{r4, r5, lr}
1000585a:	b087      	sub	sp, #28
1000585c:	0005      	movs	r5, r0
1000585e:	000c      	movs	r4, r1
10005860:	220c      	movs	r2, #12
10005862:	2100      	movs	r1, #0
10005864:	4668      	mov	r0, sp
10005866:	f7fe fa2d 	bl	10003cc4 <__wrap_memset>
1000586a:	466b      	mov	r3, sp
1000586c:	701d      	strb	r5, [r3, #0]
1000586e:	705c      	strb	r4, [r3, #1]
10005870:	2c04      	cmp	r4, #4
10005872:	d04f      	beq.n	10005914 <dcd_event_bus_signal+0xbc>
10005874:	d809      	bhi.n	1000588a <dcd_event_bus_signal+0x32>
10005876:	2c02      	cmp	r4, #2
10005878:	d034      	beq.n	100058e4 <dcd_event_bus_signal+0x8c>
1000587a:	2c03      	cmp	r4, #3
1000587c:	d119      	bne.n	100058b2 <dcd_event_bus_signal+0x5a>
1000587e:	4b3c      	ldr	r3, [pc, #240]	; (10005970 <dcd_event_bus_signal+0x118>)
10005880:	781a      	ldrb	r2, [r3, #0]
10005882:	0752      	lsls	r2, r2, #29
10005884:	d458      	bmi.n	10005938 <dcd_event_bus_signal+0xe0>
10005886:	b007      	add	sp, #28
10005888:	bd30      	pop	{r4, r5, pc}
1000588a:	2c05      	cmp	r4, #5
1000588c:	d111      	bne.n	100058b2 <dcd_event_bus_signal+0x5a>
1000588e:	4b38      	ldr	r3, [pc, #224]	; (10005970 <dcd_event_bus_signal+0x118>)
10005890:	781a      	ldrb	r2, [r3, #0]
10005892:	07d2      	lsls	r2, r2, #31
10005894:	d5f7      	bpl.n	10005886 <dcd_event_bus_signal+0x2e>
10005896:	2104      	movs	r1, #4
10005898:	781a      	ldrb	r2, [r3, #0]
1000589a:	438a      	bics	r2, r1
1000589c:	701a      	strb	r2, [r3, #0]
1000589e:	4b35      	ldr	r3, [pc, #212]	; (10005974 <dcd_event_bus_signal+0x11c>)
100058a0:	681c      	ldr	r4, [r3, #0]
100058a2:	69e2      	ldr	r2, [r4, #28]
100058a4:	f3ef 8110 	mrs	r1, PRIMASK
100058a8:	b672      	cpsid	i
100058aa:	6813      	ldr	r3, [r2, #0]
100058ac:	2b00      	cmp	r3, #0
100058ae:	d109      	bne.n	100058c4 <dcd_event_bus_signal+0x6c>
100058b0:	e7fb      	b.n	100058aa <dcd_event_bus_signal+0x52>
100058b2:	4b30      	ldr	r3, [pc, #192]	; (10005974 <dcd_event_bus_signal+0x11c>)
100058b4:	681c      	ldr	r4, [r3, #0]
100058b6:	69e2      	ldr	r2, [r4, #28]
100058b8:	f3ef 8110 	mrs	r1, PRIMASK
100058bc:	b672      	cpsid	i
100058be:	6813      	ldr	r3, [r2, #0]
100058c0:	2b00      	cmp	r3, #0
100058c2:	d0fc      	beq.n	100058be <dcd_event_bus_signal+0x66>
100058c4:	f3bf 8f5f 	dmb	sy
100058c8:	6221      	str	r1, [r4, #32]
100058ca:	4669      	mov	r1, sp
100058cc:	0020      	movs	r0, r4
100058ce:	f000 fee5 	bl	1000669c <tu_fifo_write>
100058d2:	69e2      	ldr	r2, [r4, #28]
100058d4:	6a23      	ldr	r3, [r4, #32]
100058d6:	f3bf 8f5f 	dmb	sy
100058da:	2100      	movs	r1, #0
100058dc:	6011      	str	r1, [r2, #0]
100058de:	f383 8810 	msr	PRIMASK, r3
100058e2:	e7d0      	b.n	10005886 <dcd_event_bus_signal+0x2e>
100058e4:	2101      	movs	r1, #1
100058e6:	4b22      	ldr	r3, [pc, #136]	; (10005970 <dcd_event_bus_signal+0x118>)
100058e8:	781a      	ldrb	r2, [r3, #0]
100058ea:	438a      	bics	r2, r1
100058ec:	701a      	strb	r2, [r3, #0]
100058ee:	781a      	ldrb	r2, [r3, #0]
100058f0:	3103      	adds	r1, #3
100058f2:	43a2      	bics	r2, r4
100058f4:	701a      	strb	r2, [r3, #0]
100058f6:	2200      	movs	r2, #0
100058f8:	705a      	strb	r2, [r3, #1]
100058fa:	781a      	ldrb	r2, [r3, #0]
100058fc:	438a      	bics	r2, r1
100058fe:	701a      	strb	r2, [r3, #0]
10005900:	4b1c      	ldr	r3, [pc, #112]	; (10005974 <dcd_event_bus_signal+0x11c>)
10005902:	681c      	ldr	r4, [r3, #0]
10005904:	69e2      	ldr	r2, [r4, #28]
10005906:	f3ef 8110 	mrs	r1, PRIMASK
1000590a:	b672      	cpsid	i
1000590c:	6813      	ldr	r3, [r2, #0]
1000590e:	2b00      	cmp	r3, #0
10005910:	d1d8      	bne.n	100058c4 <dcd_event_bus_signal+0x6c>
10005912:	e7fb      	b.n	1000590c <dcd_event_bus_signal+0xb4>
10005914:	4b16      	ldr	r3, [pc, #88]	; (10005970 <dcd_event_bus_signal+0x118>)
10005916:	781a      	ldrb	r2, [r3, #0]
10005918:	07d2      	lsls	r2, r2, #31
1000591a:	d5b4      	bpl.n	10005886 <dcd_event_bus_signal+0x2e>
1000591c:	2104      	movs	r1, #4
1000591e:	781a      	ldrb	r2, [r3, #0]
10005920:	430a      	orrs	r2, r1
10005922:	701a      	strb	r2, [r3, #0]
10005924:	4b13      	ldr	r3, [pc, #76]	; (10005974 <dcd_event_bus_signal+0x11c>)
10005926:	681c      	ldr	r4, [r3, #0]
10005928:	69e2      	ldr	r2, [r4, #28]
1000592a:	f3ef 8110 	mrs	r1, PRIMASK
1000592e:	b672      	cpsid	i
10005930:	6813      	ldr	r3, [r2, #0]
10005932:	2b00      	cmp	r3, #0
10005934:	d1c6      	bne.n	100058c4 <dcd_event_bus_signal+0x6c>
10005936:	e7fb      	b.n	10005930 <dcd_event_bus_signal+0xd8>
10005938:	2104      	movs	r1, #4
1000593a:	781a      	ldrb	r2, [r3, #0]
1000593c:	a803      	add	r0, sp, #12
1000593e:	438a      	bics	r2, r1
10005940:	701a      	strb	r2, [r3, #0]
10005942:	2100      	movs	r1, #0
10005944:	220c      	movs	r2, #12
10005946:	f7fe f9bd 	bl	10003cc4 <__wrap_memset>
1000594a:	466b      	mov	r3, sp
1000594c:	466a      	mov	r2, sp
1000594e:	731d      	strb	r5, [r3, #12]
10005950:	2305      	movs	r3, #5
10005952:	7353      	strb	r3, [r2, #13]
10005954:	4b07      	ldr	r3, [pc, #28]	; (10005974 <dcd_event_bus_signal+0x11c>)
10005956:	681c      	ldr	r4, [r3, #0]
10005958:	69e2      	ldr	r2, [r4, #28]
1000595a:	f3ef 8110 	mrs	r1, PRIMASK
1000595e:	b672      	cpsid	i
10005960:	6813      	ldr	r3, [r2, #0]
10005962:	2b00      	cmp	r3, #0
10005964:	d0fc      	beq.n	10005960 <dcd_event_bus_signal+0x108>
10005966:	f3bf 8f5f 	dmb	sy
1000596a:	6221      	str	r1, [r4, #32]
1000596c:	a903      	add	r1, sp, #12
1000596e:	e7ad      	b.n	100058cc <dcd_event_bus_signal+0x74>
10005970:	20001e20 	.word	0x20001e20
10005974:	20001e78 	.word	0x20001e78

10005978 <dcd_event_bus_reset>:
10005978:	b570      	push	{r4, r5, r6, lr}
1000597a:	b084      	sub	sp, #16
1000597c:	ac01      	add	r4, sp, #4
1000597e:	0006      	movs	r6, r0
10005980:	000d      	movs	r5, r1
10005982:	220c      	movs	r2, #12
10005984:	2100      	movs	r1, #0
10005986:	0020      	movs	r0, r4
10005988:	f7fe f99c 	bl	10003cc4 <__wrap_memset>
1000598c:	2301      	movs	r3, #1
1000598e:	7063      	strb	r3, [r4, #1]
10005990:	4b0d      	ldr	r3, [pc, #52]	; (100059c8 <dcd_event_bus_reset+0x50>)
10005992:	7125      	strb	r5, [r4, #4]
10005994:	681d      	ldr	r5, [r3, #0]
10005996:	7026      	strb	r6, [r4, #0]
10005998:	69ea      	ldr	r2, [r5, #28]
1000599a:	f3ef 8310 	mrs	r3, PRIMASK
1000599e:	b672      	cpsid	i
100059a0:	6811      	ldr	r1, [r2, #0]
100059a2:	2900      	cmp	r1, #0
100059a4:	d0fc      	beq.n	100059a0 <dcd_event_bus_reset+0x28>
100059a6:	f3bf 8f5f 	dmb	sy
100059aa:	622b      	str	r3, [r5, #32]
100059ac:	0021      	movs	r1, r4
100059ae:	0028      	movs	r0, r5
100059b0:	f000 fe74 	bl	1000669c <tu_fifo_write>
100059b4:	69ea      	ldr	r2, [r5, #28]
100059b6:	6a2b      	ldr	r3, [r5, #32]
100059b8:	f3bf 8f5f 	dmb	sy
100059bc:	2100      	movs	r1, #0
100059be:	6011      	str	r1, [r2, #0]
100059c0:	f383 8810 	msr	PRIMASK, r3
100059c4:	b004      	add	sp, #16
100059c6:	bd70      	pop	{r4, r5, r6, pc}
100059c8:	20001e78 	.word	0x20001e78

100059cc <dcd_event_setup_received>:
100059cc:	2300      	movs	r3, #0
100059ce:	b530      	push	{r4, r5, lr}
100059d0:	b085      	sub	sp, #20
100059d2:	ad01      	add	r5, sp, #4
100059d4:	806b      	strh	r3, [r5, #2]
100059d6:	7028      	strb	r0, [r5, #0]
100059d8:	3306      	adds	r3, #6
100059da:	2208      	movs	r2, #8
100059dc:	a802      	add	r0, sp, #8
100059de:	706b      	strb	r3, [r5, #1]
100059e0:	f7fe f976 	bl	10003cd0 <__wrap___aeabi_memcpy>
100059e4:	4b0c      	ldr	r3, [pc, #48]	; (10005a18 <dcd_event_setup_received+0x4c>)
100059e6:	681c      	ldr	r4, [r3, #0]
100059e8:	69e2      	ldr	r2, [r4, #28]
100059ea:	f3ef 8310 	mrs	r3, PRIMASK
100059ee:	b672      	cpsid	i
100059f0:	6811      	ldr	r1, [r2, #0]
100059f2:	2900      	cmp	r1, #0
100059f4:	d0fc      	beq.n	100059f0 <dcd_event_setup_received+0x24>
100059f6:	f3bf 8f5f 	dmb	sy
100059fa:	6223      	str	r3, [r4, #32]
100059fc:	0029      	movs	r1, r5
100059fe:	0020      	movs	r0, r4
10005a00:	f000 fe4c 	bl	1000669c <tu_fifo_write>
10005a04:	69e2      	ldr	r2, [r4, #28]
10005a06:	6a23      	ldr	r3, [r4, #32]
10005a08:	f3bf 8f5f 	dmb	sy
10005a0c:	2100      	movs	r1, #0
10005a0e:	6011      	str	r1, [r2, #0]
10005a10:	f383 8810 	msr	PRIMASK, r3
10005a14:	b005      	add	sp, #20
10005a16:	bd30      	pop	{r4, r5, pc}
10005a18:	20001e78 	.word	0x20001e78

10005a1c <dcd_event_xfer_complete>:
10005a1c:	b5f0      	push	{r4, r5, r6, r7, lr}
10005a1e:	46c6      	mov	lr, r8
10005a20:	4680      	mov	r8, r0
10005a22:	b500      	push	{lr}
10005a24:	b084      	sub	sp, #16
10005a26:	ac01      	add	r4, sp, #4
10005a28:	000f      	movs	r7, r1
10005a2a:	0016      	movs	r6, r2
10005a2c:	2100      	movs	r1, #0
10005a2e:	2208      	movs	r2, #8
10005a30:	0020      	movs	r0, r4
10005a32:	001d      	movs	r5, r3
10005a34:	f7fe f946 	bl	10003cc4 <__wrap_memset>
10005a38:	4643      	mov	r3, r8
10005a3a:	7023      	strb	r3, [r4, #0]
10005a3c:	2307      	movs	r3, #7
10005a3e:	7063      	strb	r3, [r4, #1]
10005a40:	4b0f      	ldr	r3, [pc, #60]	; (10005a80 <dcd_event_xfer_complete+0x64>)
10005a42:	7165      	strb	r5, [r4, #5]
10005a44:	681d      	ldr	r5, [r3, #0]
10005a46:	7127      	strb	r7, [r4, #4]
10005a48:	60a6      	str	r6, [r4, #8]
10005a4a:	69ea      	ldr	r2, [r5, #28]
10005a4c:	f3ef 8310 	mrs	r3, PRIMASK
10005a50:	b672      	cpsid	i
10005a52:	6811      	ldr	r1, [r2, #0]
10005a54:	2900      	cmp	r1, #0
10005a56:	d0fc      	beq.n	10005a52 <dcd_event_xfer_complete+0x36>
10005a58:	f3bf 8f5f 	dmb	sy
10005a5c:	622b      	str	r3, [r5, #32]
10005a5e:	0021      	movs	r1, r4
10005a60:	0028      	movs	r0, r5
10005a62:	f000 fe1b 	bl	1000669c <tu_fifo_write>
10005a66:	69ea      	ldr	r2, [r5, #28]
10005a68:	6a2b      	ldr	r3, [r5, #32]
10005a6a:	f3bf 8f5f 	dmb	sy
10005a6e:	2100      	movs	r1, #0
10005a70:	6011      	str	r1, [r2, #0]
10005a72:	f383 8810 	msr	PRIMASK, r3
10005a76:	b004      	add	sp, #16
10005a78:	bc80      	pop	{r7}
10005a7a:	46b8      	mov	r8, r7
10005a7c:	bdf0      	pop	{r4, r5, r6, r7, pc}
10005a7e:	46c0      	nop			; (mov r8, r8)
10005a80:	20001e78 	.word	0x20001e78

10005a84 <usbd_open_edpt_pair>:
10005a84:	b5f0      	push	{r4, r5, r6, r7, lr}
10005a86:	4646      	mov	r6, r8
10005a88:	46d6      	mov	lr, sl
10005a8a:	464f      	mov	r7, r9
10005a8c:	4680      	mov	r8, r0
10005a8e:	b5c0      	push	{r6, r7, lr}
10005a90:	000c      	movs	r4, r1
10005a92:	0015      	movs	r5, r2
10005a94:	001e      	movs	r6, r3
10005a96:	2a00      	cmp	r2, #0
10005a98:	d02e      	beq.n	10005af8 <usbd_open_edpt_pair+0x74>
10005a9a:	2370      	movs	r3, #112	; 0x70
10005a9c:	4699      	mov	r9, r3
10005a9e:	4b18      	ldr	r3, [pc, #96]	; (10005b00 <usbd_open_edpt_pair+0x7c>)
10005aa0:	2700      	movs	r7, #0
10005aa2:	469a      	mov	sl, r3
10005aa4:	7863      	ldrb	r3, [r4, #1]
10005aa6:	2b05      	cmp	r3, #5
10005aa8:	d10f      	bne.n	10005aca <usbd_open_edpt_pair+0x46>
10005aaa:	78e1      	ldrb	r1, [r4, #3]
10005aac:	0789      	lsls	r1, r1, #30
10005aae:	0f89      	lsrs	r1, r1, #30
10005ab0:	42b1      	cmp	r1, r6
10005ab2:	d10a      	bne.n	10005aca <usbd_open_edpt_pair+0x46>
10005ab4:	464a      	mov	r2, r9
10005ab6:	78a3      	ldrb	r3, [r4, #2]
10005ab8:	421a      	tst	r2, r3
10005aba:	d106      	bne.n	10005aca <usbd_open_edpt_pair+0x46>
10005abc:	4653      	mov	r3, sl
10005abe:	0020      	movs	r0, r4
10005ac0:	7899      	ldrb	r1, [r3, #2]
10005ac2:	f000 fc69 	bl	10006398 <tu_edpt_validate>
10005ac6:	2800      	cmp	r0, #0
10005ac8:	d105      	bne.n	10005ad6 <usbd_open_edpt_pair+0x52>
10005aca:	2000      	movs	r0, #0
10005acc:	bce0      	pop	{r5, r6, r7}
10005ace:	46ba      	mov	sl, r7
10005ad0:	46b1      	mov	r9, r6
10005ad2:	46a8      	mov	r8, r5
10005ad4:	bdf0      	pop	{r4, r5, r6, r7, pc}
10005ad6:	0021      	movs	r1, r4
10005ad8:	4640      	mov	r0, r8
10005ada:	f7fe febf 	bl	1000485c <dcd_edpt_open>
10005ade:	2800      	cmp	r0, #0
10005ae0:	d0f3      	beq.n	10005aca <usbd_open_edpt_pair+0x46>
10005ae2:	78a3      	ldrb	r3, [r4, #2]
10005ae4:	09da      	lsrs	r2, r3, #7
10005ae6:	2a01      	cmp	r2, #1
10005ae8:	d008      	beq.n	10005afc <usbd_open_edpt_pair+0x78>
10005aea:	9a08      	ldr	r2, [sp, #32]
10005aec:	7013      	strb	r3, [r2, #0]
10005aee:	7823      	ldrb	r3, [r4, #0]
10005af0:	3701      	adds	r7, #1
10005af2:	18e4      	adds	r4, r4, r3
10005af4:	42af      	cmp	r7, r5
10005af6:	dbd5      	blt.n	10005aa4 <usbd_open_edpt_pair+0x20>
10005af8:	2001      	movs	r0, #1
10005afa:	e7e7      	b.n	10005acc <usbd_open_edpt_pair+0x48>
10005afc:	9a09      	ldr	r2, [sp, #36]	; 0x24
10005afe:	e7f5      	b.n	10005aec <usbd_open_edpt_pair+0x68>
10005b00:	20001e20 	.word	0x20001e20

10005b04 <usbd_edpt_open>:
10005b04:	2270      	movs	r2, #112	; 0x70
10005b06:	b570      	push	{r4, r5, r6, lr}
10005b08:	788b      	ldrb	r3, [r1, #2]
10005b0a:	0005      	movs	r5, r0
10005b0c:	000c      	movs	r4, r1
10005b0e:	421a      	tst	r2, r3
10005b10:	d001      	beq.n	10005b16 <usbd_edpt_open+0x12>
10005b12:	2000      	movs	r0, #0
10005b14:	bd70      	pop	{r4, r5, r6, pc}
10005b16:	4b06      	ldr	r3, [pc, #24]	; (10005b30 <usbd_edpt_open+0x2c>)
10005b18:	0020      	movs	r0, r4
10005b1a:	7899      	ldrb	r1, [r3, #2]
10005b1c:	f000 fc3c 	bl	10006398 <tu_edpt_validate>
10005b20:	2800      	cmp	r0, #0
10005b22:	d0f6      	beq.n	10005b12 <usbd_edpt_open+0xe>
10005b24:	0021      	movs	r1, r4
10005b26:	0028      	movs	r0, r5
10005b28:	f7fe fe98 	bl	1000485c <dcd_edpt_open>
10005b2c:	e7f2      	b.n	10005b14 <usbd_edpt_open+0x10>
10005b2e:	46c0      	nop			; (mov r8, r8)
10005b30:	20001e20 	.word	0x20001e20

10005b34 <usbd_edpt_claim>:
10005b34:	b570      	push	{r4, r5, r6, lr}
10005b36:	247f      	movs	r4, #127	; 0x7f
10005b38:	400c      	ands	r4, r1
10005b3a:	0063      	lsls	r3, r4, #1
10005b3c:	4c14      	ldr	r4, [pc, #80]	; (10005b90 <usbd_edpt_claim+0x5c>)
10005b3e:	09c9      	lsrs	r1, r1, #7
10005b40:	18e4      	adds	r4, r4, r3
10005b42:	1864      	adds	r4, r4, r1
10005b44:	3430      	adds	r4, #48	; 0x30
10005b46:	78e3      	ldrb	r3, [r4, #3]
10005b48:	07db      	lsls	r3, r3, #31
10005b4a:	0fdd      	lsrs	r5, r3, #31
10005b4c:	2b00      	cmp	r3, #0
10005b4e:	d118      	bne.n	10005b82 <usbd_edpt_claim+0x4e>
10005b50:	78e3      	ldrb	r3, [r4, #3]
10005b52:	075b      	lsls	r3, r3, #29
10005b54:	d501      	bpl.n	10005b5a <usbd_edpt_claim+0x26>
10005b56:	0028      	movs	r0, r5
10005b58:	bd70      	pop	{r4, r5, r6, pc}
10005b5a:	2101      	movs	r1, #1
10005b5c:	4e0d      	ldr	r6, [pc, #52]	; (10005b94 <usbd_edpt_claim+0x60>)
10005b5e:	4249      	negs	r1, r1
10005b60:	6830      	ldr	r0, [r6, #0]
10005b62:	f001 fce1 	bl	10007528 <__mutex_enter_timeout_ms_veneer>
10005b66:	78e3      	ldrb	r3, [r4, #3]
10005b68:	07db      	lsls	r3, r3, #31
10005b6a:	0fdd      	lsrs	r5, r3, #31
10005b6c:	2b00      	cmp	r3, #0
10005b6e:	d10a      	bne.n	10005b86 <usbd_edpt_claim+0x52>
10005b70:	78e3      	ldrb	r3, [r4, #3]
10005b72:	075b      	lsls	r3, r3, #29
10005b74:	d408      	bmi.n	10005b88 <usbd_edpt_claim+0x54>
10005b76:	2204      	movs	r2, #4
10005b78:	78e3      	ldrb	r3, [r4, #3]
10005b7a:	2501      	movs	r5, #1
10005b7c:	4313      	orrs	r3, r2
10005b7e:	70e3      	strb	r3, [r4, #3]
10005b80:	e002      	b.n	10005b88 <usbd_edpt_claim+0x54>
10005b82:	2500      	movs	r5, #0
10005b84:	e7e7      	b.n	10005b56 <usbd_edpt_claim+0x22>
10005b86:	2500      	movs	r5, #0
10005b88:	6830      	ldr	r0, [r6, #0]
10005b8a:	f001 fcad 	bl	100074e8 <__mutex_exit_veneer>
10005b8e:	e7e2      	b.n	10005b56 <usbd_edpt_claim+0x22>
10005b90:	20001e20 	.word	0x20001e20
10005b94:	20001e74 	.word	0x20001e74

10005b98 <usbd_edpt_release>:
10005b98:	b570      	push	{r4, r5, r6, lr}
10005b9a:	000c      	movs	r4, r1
10005b9c:	2101      	movs	r1, #1
10005b9e:	4d0f      	ldr	r5, [pc, #60]	; (10005bdc <usbd_edpt_release+0x44>)
10005ba0:	4249      	negs	r1, r1
10005ba2:	6828      	ldr	r0, [r5, #0]
10005ba4:	f001 fcc0 	bl	10007528 <__mutex_enter_timeout_ms_veneer>
10005ba8:	217f      	movs	r1, #127	; 0x7f
10005baa:	4021      	ands	r1, r4
10005bac:	004b      	lsls	r3, r1, #1
10005bae:	490c      	ldr	r1, [pc, #48]	; (10005be0 <usbd_edpt_release+0x48>)
10005bb0:	09e4      	lsrs	r4, r4, #7
10005bb2:	18c9      	adds	r1, r1, r3
10005bb4:	1909      	adds	r1, r1, r4
10005bb6:	3130      	adds	r1, #48	; 0x30
10005bb8:	78cb      	ldrb	r3, [r1, #3]
10005bba:	2400      	movs	r4, #0
10005bbc:	07db      	lsls	r3, r3, #31
10005bbe:	d408      	bmi.n	10005bd2 <usbd_edpt_release+0x3a>
10005bc0:	78cb      	ldrb	r3, [r1, #3]
10005bc2:	075b      	lsls	r3, r3, #29
10005bc4:	0fdc      	lsrs	r4, r3, #31
10005bc6:	2b00      	cmp	r3, #0
10005bc8:	da03      	bge.n	10005bd2 <usbd_edpt_release+0x3a>
10005bca:	2204      	movs	r2, #4
10005bcc:	78cb      	ldrb	r3, [r1, #3]
10005bce:	4393      	bics	r3, r2
10005bd0:	70cb      	strb	r3, [r1, #3]
10005bd2:	6828      	ldr	r0, [r5, #0]
10005bd4:	f001 fc88 	bl	100074e8 <__mutex_exit_veneer>
10005bd8:	0020      	movs	r0, r4
10005bda:	bd70      	pop	{r4, r5, r6, pc}
10005bdc:	20001e74 	.word	0x20001e74
10005be0:	20001e20 	.word	0x20001e20

10005be4 <usbd_edpt_xfer>:
10005be4:	b570      	push	{r4, r5, r6, lr}
10005be6:	257f      	movs	r5, #127	; 0x7f
10005be8:	4c0f      	ldr	r4, [pc, #60]	; (10005c28 <usbd_edpt_xfer+0x44>)
10005bea:	400d      	ands	r5, r1
10005bec:	006d      	lsls	r5, r5, #1
10005bee:	1964      	adds	r4, r4, r5
10005bf0:	0006      	movs	r6, r0
10005bf2:	09c8      	lsrs	r0, r1, #7
10005bf4:	1824      	adds	r4, r4, r0
10005bf6:	3430      	adds	r4, #48	; 0x30
10005bf8:	78e5      	ldrb	r5, [r4, #3]
10005bfa:	2000      	movs	r0, #0
10005bfc:	07ed      	lsls	r5, r5, #31
10005bfe:	d500      	bpl.n	10005c02 <usbd_edpt_xfer+0x1e>
10005c00:	bd70      	pop	{r4, r5, r6, pc}
10005c02:	2501      	movs	r5, #1
10005c04:	78e0      	ldrb	r0, [r4, #3]
10005c06:	4328      	orrs	r0, r5
10005c08:	70e0      	strb	r0, [r4, #3]
10005c0a:	0030      	movs	r0, r6
10005c0c:	f7fe fefc 	bl	10004a08 <dcd_edpt_xfer>
10005c10:	2800      	cmp	r0, #0
10005c12:	d1f5      	bne.n	10005c00 <usbd_edpt_xfer+0x1c>
10005c14:	2201      	movs	r2, #1
10005c16:	78e3      	ldrb	r3, [r4, #3]
10005c18:	4393      	bics	r3, r2
10005c1a:	70e3      	strb	r3, [r4, #3]
10005c1c:	78e3      	ldrb	r3, [r4, #3]
10005c1e:	3203      	adds	r2, #3
10005c20:	4393      	bics	r3, r2
10005c22:	70e3      	strb	r3, [r4, #3]
10005c24:	e7ec      	b.n	10005c00 <usbd_edpt_xfer+0x1c>
10005c26:	46c0      	nop			; (mov r8, r8)
10005c28:	20001e20 	.word	0x20001e20

10005c2c <tud_control_status>:
10005c2c:	b570      	push	{r4, r5, r6, lr}
10005c2e:	4e0a      	ldr	r6, [pc, #40]	; (10005c58 <tud_control_status+0x2c>)
10005c30:	0005      	movs	r5, r0
10005c32:	0030      	movs	r0, r6
10005c34:	2208      	movs	r2, #8
10005c36:	000c      	movs	r4, r1
10005c38:	f7fe f84a 	bl	10003cd0 <__wrap___aeabi_memcpy>
10005c3c:	2300      	movs	r3, #0
10005c3e:	217f      	movs	r1, #127	; 0x7f
10005c40:	60f3      	str	r3, [r6, #12]
10005c42:	7822      	ldrb	r2, [r4, #0]
10005c44:	60b3      	str	r3, [r6, #8]
10005c46:	4291      	cmp	r1, r2
10005c48:	415b      	adcs	r3, r3
10005c4a:	0028      	movs	r0, r5
10005c4c:	01d9      	lsls	r1, r3, #7
10005c4e:	2200      	movs	r2, #0
10005c50:	2300      	movs	r3, #0
10005c52:	f7ff ffc7 	bl	10005be4 <usbd_edpt_xfer>
10005c56:	bd70      	pop	{r4, r5, r6, pc}
10005c58:	20001dc4 	.word	0x20001dc4

10005c5c <tud_control_xfer>:
10005c5c:	b5f8      	push	{r3, r4, r5, r6, r7, lr}
10005c5e:	46ce      	mov	lr, r9
10005c60:	4647      	mov	r7, r8
10005c62:	4691      	mov	r9, r2
10005c64:	4e2a      	ldr	r6, [pc, #168]	; (10005d10 <tud_control_xfer+0xb4>)
10005c66:	b580      	push	{r7, lr}
10005c68:	2208      	movs	r2, #8
10005c6a:	0007      	movs	r7, r0
10005c6c:	0030      	movs	r0, r6
10005c6e:	000d      	movs	r5, r1
10005c70:	4698      	mov	r8, r3
10005c72:	f7fe f82d 	bl	10003cd0 <__wrap___aeabi_memcpy>
10005c76:	464b      	mov	r3, r9
10005c78:	60b3      	str	r3, [r6, #8]
10005c7a:	2300      	movs	r3, #0
10005c7c:	81f3      	strh	r3, [r6, #14]
10005c7e:	79ec      	ldrb	r4, [r5, #7]
10005c80:	79a9      	ldrb	r1, [r5, #6]
10005c82:	0224      	lsls	r4, r4, #8
10005c84:	430c      	orrs	r4, r1
10005c86:	1c23      	adds	r3, r4, #0
10005c88:	4544      	cmp	r4, r8
10005c8a:	d900      	bls.n	10005c8e <tud_control_xfer+0x32>
10005c8c:	4643      	mov	r3, r8
10005c8e:	b29a      	uxth	r2, r3
10005c90:	4690      	mov	r8, r2
10005c92:	81b3      	strh	r3, [r6, #12]
10005c94:	2c00      	cmp	r4, #0
10005c96:	d013      	beq.n	10005cc0 <tud_control_xfer+0x64>
10005c98:	2a00      	cmp	r2, #0
10005c9a:	d01f      	beq.n	10005cdc <tud_control_xfer+0x80>
10005c9c:	464b      	mov	r3, r9
10005c9e:	2b00      	cmp	r3, #0
10005ca0:	d034      	beq.n	10005d0c <tud_control_xfer+0xb0>
10005ca2:	1c13      	adds	r3, r2, #0
10005ca4:	2a40      	cmp	r2, #64	; 0x40
10005ca6:	d81f      	bhi.n	10005ce8 <tud_control_xfer+0x8c>
10005ca8:	b29b      	uxth	r3, r3
10005caa:	4698      	mov	r8, r3
10005cac:	7833      	ldrb	r3, [r6, #0]
10005cae:	2b7f      	cmp	r3, #127	; 0x7f
10005cb0:	d820      	bhi.n	10005cf4 <tud_control_xfer+0x98>
10005cb2:	2100      	movs	r1, #0
10005cb4:	4a17      	ldr	r2, [pc, #92]	; (10005d14 <tud_control_xfer+0xb8>)
10005cb6:	4643      	mov	r3, r8
10005cb8:	0038      	movs	r0, r7
10005cba:	f7ff ff93 	bl	10005be4 <usbd_edpt_xfer>
10005cbe:	e009      	b.n	10005cd4 <tud_control_xfer+0x78>
10005cc0:	227f      	movs	r2, #127	; 0x7f
10005cc2:	782b      	ldrb	r3, [r5, #0]
10005cc4:	0038      	movs	r0, r7
10005cc6:	429a      	cmp	r2, r3
10005cc8:	4164      	adcs	r4, r4
10005cca:	2300      	movs	r3, #0
10005ccc:	2200      	movs	r2, #0
10005cce:	01e1      	lsls	r1, r4, #7
10005cd0:	f7ff ff88 	bl	10005be4 <usbd_edpt_xfer>
10005cd4:	bcc0      	pop	{r6, r7}
10005cd6:	46b9      	mov	r9, r7
10005cd8:	46b0      	mov	r8, r6
10005cda:	bdf8      	pop	{r3, r4, r5, r6, r7, pc}
10005cdc:	7833      	ldrb	r3, [r6, #0]
10005cde:	2b7f      	cmp	r3, #127	; 0x7f
10005ce0:	d911      	bls.n	10005d06 <tud_control_xfer+0xaa>
10005ce2:	2180      	movs	r1, #128	; 0x80
10005ce4:	2200      	movs	r2, #0
10005ce6:	e7e6      	b.n	10005cb6 <tud_control_xfer+0x5a>
10005ce8:	2340      	movs	r3, #64	; 0x40
10005cea:	b29b      	uxth	r3, r3
10005cec:	4698      	mov	r8, r3
10005cee:	7833      	ldrb	r3, [r6, #0]
10005cf0:	2b7f      	cmp	r3, #127	; 0x7f
10005cf2:	d9de      	bls.n	10005cb2 <tud_control_xfer+0x56>
10005cf4:	4c07      	ldr	r4, [pc, #28]	; (10005d14 <tud_control_xfer+0xb8>)
10005cf6:	4642      	mov	r2, r8
10005cf8:	4649      	mov	r1, r9
10005cfa:	0020      	movs	r0, r4
10005cfc:	f7fd ffe8 	bl	10003cd0 <__wrap___aeabi_memcpy>
10005d00:	2180      	movs	r1, #128	; 0x80
10005d02:	0022      	movs	r2, r4
10005d04:	e7d7      	b.n	10005cb6 <tud_control_xfer+0x5a>
10005d06:	2100      	movs	r1, #0
10005d08:	2200      	movs	r2, #0
10005d0a:	e7d4      	b.n	10005cb6 <tud_control_xfer+0x5a>
10005d0c:	2000      	movs	r0, #0
10005d0e:	e7e1      	b.n	10005cd4 <tud_control_xfer+0x78>
10005d10:	20001dc4 	.word	0x20001dc4
10005d14:	20001de0 	.word	0x20001de0

10005d18 <usbd_control_reset>:
10005d18:	b510      	push	{r4, lr}
10005d1a:	2214      	movs	r2, #20
10005d1c:	2100      	movs	r1, #0
10005d1e:	4802      	ldr	r0, [pc, #8]	; (10005d28 <usbd_control_reset+0x10>)
10005d20:	f7fd ffd0 	bl	10003cc4 <__wrap_memset>
10005d24:	bd10      	pop	{r4, pc}
10005d26:	46c0      	nop			; (mov r8, r8)
10005d28:	20001dc4 	.word	0x20001dc4

10005d2c <usbd_control_set_complete_callback>:
10005d2c:	4b01      	ldr	r3, [pc, #4]	; (10005d34 <usbd_control_set_complete_callback+0x8>)
10005d2e:	6118      	str	r0, [r3, #16]
10005d30:	4770      	bx	lr
10005d32:	46c0      	nop			; (mov r8, r8)
10005d34:	20001dc4 	.word	0x20001dc4

10005d38 <usbd_control_set_request>:
10005d38:	b510      	push	{r4, lr}
10005d3a:	4c05      	ldr	r4, [pc, #20]	; (10005d50 <usbd_control_set_request+0x18>)
10005d3c:	0001      	movs	r1, r0
10005d3e:	2208      	movs	r2, #8
10005d40:	0020      	movs	r0, r4
10005d42:	f7fd ffc5 	bl	10003cd0 <__wrap___aeabi_memcpy>
10005d46:	2300      	movs	r3, #0
10005d48:	60a3      	str	r3, [r4, #8]
10005d4a:	60e3      	str	r3, [r4, #12]
10005d4c:	bd10      	pop	{r4, pc}
10005d4e:	46c0      	nop			; (mov r8, r8)
10005d50:	20001dc4 	.word	0x20001dc4

10005d54 <usbd_control_xfer_cb>:
10005d54:	b5f8      	push	{r3, r4, r5, r6, r7, lr}
10005d56:	4c3b      	ldr	r4, [pc, #236]	; (10005e44 <usbd_control_xfer_cb+0xf0>)
10005d58:	001d      	movs	r5, r3
10005d5a:	7823      	ldrb	r3, [r4, #0]
10005d5c:	0006      	movs	r6, r0
10005d5e:	09da      	lsrs	r2, r3, #7
10005d60:	09c9      	lsrs	r1, r1, #7
10005d62:	428a      	cmp	r2, r1
10005d64:	d013      	beq.n	10005d8e <usbd_control_xfer_cb+0x3a>
10005d66:	2000      	movs	r0, #0
10005d68:	2d00      	cmp	r5, #0
10005d6a:	d000      	beq.n	10005d6e <usbd_control_xfer_cb+0x1a>
10005d6c:	bdf8      	pop	{r3, r4, r5, r6, r7, pc}
10005d6e:	4b36      	ldr	r3, [pc, #216]	; (10005e48 <usbd_control_xfer_cb+0xf4>)
10005d70:	2b00      	cmp	r3, #0
10005d72:	d003      	beq.n	10005d7c <usbd_control_xfer_cb+0x28>
10005d74:	0021      	movs	r1, r4
10005d76:	0030      	movs	r0, r6
10005d78:	f7fe fd62 	bl	10004840 <dcd_edpt0_status_complete>
10005d7c:	6923      	ldr	r3, [r4, #16]
10005d7e:	2b00      	cmp	r3, #0
10005d80:	d044      	beq.n	10005e0c <usbd_control_xfer_cb+0xb8>
10005d82:	0022      	movs	r2, r4
10005d84:	2102      	movs	r1, #2
10005d86:	0030      	movs	r0, r6
10005d88:	4798      	blx	r3
10005d8a:	2001      	movs	r0, #1
10005d8c:	e7ee      	b.n	10005d6c <usbd_control_xfer_cb+0x18>
10005d8e:	2b7f      	cmp	r3, #127	; 0x7f
10005d90:	d806      	bhi.n	10005da0 <usbd_control_xfer_cb+0x4c>
10005d92:	68a0      	ldr	r0, [r4, #8]
10005d94:	2800      	cmp	r0, #0
10005d96:	d037      	beq.n	10005e08 <usbd_control_xfer_cb+0xb4>
10005d98:	002a      	movs	r2, r5
10005d9a:	492c      	ldr	r1, [pc, #176]	; (10005e4c <usbd_control_xfer_cb+0xf8>)
10005d9c:	f7fd ff98 	bl	10003cd0 <__wrap___aeabi_memcpy>
10005da0:	68a3      	ldr	r3, [r4, #8]
10005da2:	89e2      	ldrh	r2, [r4, #14]
10005da4:	1959      	adds	r1, r3, r5
10005da6:	1952      	adds	r2, r2, r5
10005da8:	88e3      	ldrh	r3, [r4, #6]
10005daa:	b292      	uxth	r2, r2
10005dac:	81e2      	strh	r2, [r4, #14]
10005dae:	60a1      	str	r1, [r4, #8]
10005db0:	4293      	cmp	r3, r2
10005db2:	d014      	beq.n	10005dde <usbd_control_xfer_cb+0x8a>
10005db4:	2d3f      	cmp	r5, #63	; 0x3f
10005db6:	d912      	bls.n	10005dde <usbd_control_xfer_cb+0x8a>
10005db8:	89a5      	ldrh	r5, [r4, #12]
10005dba:	1aa8      	subs	r0, r5, r2
10005dbc:	1c07      	adds	r7, r0, #0
10005dbe:	b280      	uxth	r0, r0
10005dc0:	2840      	cmp	r0, #64	; 0x40
10005dc2:	d82f      	bhi.n	10005e24 <usbd_control_xfer_cb+0xd0>
10005dc4:	7823      	ldrb	r3, [r4, #0]
10005dc6:	b2bf      	uxth	r7, r7
10005dc8:	2b7f      	cmp	r3, #127	; 0x7f
10005dca:	d82d      	bhi.n	10005e28 <usbd_control_xfer_cb+0xd4>
10005dcc:	2100      	movs	r1, #0
10005dce:	42aa      	cmp	r2, r5
10005dd0:	d035      	beq.n	10005e3e <usbd_control_xfer_cb+0xea>
10005dd2:	4a1e      	ldr	r2, [pc, #120]	; (10005e4c <usbd_control_xfer_cb+0xf8>)
10005dd4:	003b      	movs	r3, r7
10005dd6:	0030      	movs	r0, r6
10005dd8:	f7ff ff04 	bl	10005be4 <usbd_edpt_xfer>
10005ddc:	e7c6      	b.n	10005d6c <usbd_control_xfer_cb+0x18>
10005dde:	6923      	ldr	r3, [r4, #16]
10005de0:	2b00      	cmp	r3, #0
10005de2:	d005      	beq.n	10005df0 <usbd_control_xfer_cb+0x9c>
10005de4:	0022      	movs	r2, r4
10005de6:	2101      	movs	r1, #1
10005de8:	0030      	movs	r0, r6
10005dea:	4798      	blx	r3
10005dec:	2800      	cmp	r0, #0
10005dee:	d00f      	beq.n	10005e10 <usbd_control_xfer_cb+0xbc>
10005df0:	227f      	movs	r2, #127	; 0x7f
10005df2:	2100      	movs	r1, #0
10005df4:	7823      	ldrb	r3, [r4, #0]
10005df6:	0030      	movs	r0, r6
10005df8:	429a      	cmp	r2, r3
10005dfa:	4149      	adcs	r1, r1
10005dfc:	2300      	movs	r3, #0
10005dfe:	2200      	movs	r2, #0
10005e00:	01c9      	lsls	r1, r1, #7
10005e02:	f7ff feef 	bl	10005be4 <usbd_edpt_xfer>
10005e06:	e7b1      	b.n	10005d6c <usbd_control_xfer_cb+0x18>
10005e08:	2000      	movs	r0, #0
10005e0a:	e7af      	b.n	10005d6c <usbd_control_xfer_cb+0x18>
10005e0c:	2001      	movs	r0, #1
10005e0e:	e7ad      	b.n	10005d6c <usbd_control_xfer_cb+0x18>
10005e10:	2100      	movs	r1, #0
10005e12:	0030      	movs	r0, r6
10005e14:	f7fe fe0a 	bl	10004a2c <dcd_edpt_stall>
10005e18:	0030      	movs	r0, r6
10005e1a:	2180      	movs	r1, #128	; 0x80
10005e1c:	f7fe fe06 	bl	10004a2c <dcd_edpt_stall>
10005e20:	2001      	movs	r0, #1
10005e22:	e7a3      	b.n	10005d6c <usbd_control_xfer_cb+0x18>
10005e24:	2740      	movs	r7, #64	; 0x40
10005e26:	e7cd      	b.n	10005dc4 <usbd_control_xfer_cb+0x70>
10005e28:	42aa      	cmp	r2, r5
10005e2a:	d007      	beq.n	10005e3c <usbd_control_xfer_cb+0xe8>
10005e2c:	4c07      	ldr	r4, [pc, #28]	; (10005e4c <usbd_control_xfer_cb+0xf8>)
10005e2e:	003a      	movs	r2, r7
10005e30:	0020      	movs	r0, r4
10005e32:	f7fd ff4d 	bl	10003cd0 <__wrap___aeabi_memcpy>
10005e36:	2180      	movs	r1, #128	; 0x80
10005e38:	0022      	movs	r2, r4
10005e3a:	e7cb      	b.n	10005dd4 <usbd_control_xfer_cb+0x80>
10005e3c:	2180      	movs	r1, #128	; 0x80
10005e3e:	2200      	movs	r2, #0
10005e40:	e7c8      	b.n	10005dd4 <usbd_control_xfer_cb+0x80>
10005e42:	46c0      	nop			; (mov r8, r8)
10005e44:	20001dc4 	.word	0x20001dc4
10005e48:	10004841 	.word	0x10004841
10005e4c:	20001de0 	.word	0x20001de0

10005e50 <tud_cdc_n_connected>:
10005e50:	b510      	push	{r4, lr}
10005e52:	0004      	movs	r4, r0
10005e54:	f7ff f808 	bl	10004e68 <tud_mounted>
10005e58:	2800      	cmp	r0, #0
10005e5a:	d101      	bne.n	10005e60 <tud_cdc_n_connected+0x10>
10005e5c:	2000      	movs	r0, #0
10005e5e:	bd10      	pop	{r4, pc}
10005e60:	f7ff f80a 	bl	10004e78 <tud_suspended>
10005e64:	2800      	cmp	r0, #0
10005e66:	d1f9      	bne.n	10005e5c <tud_cdc_n_connected+0xc>
10005e68:	20b6      	movs	r0, #182	; 0xb6
10005e6a:	0080      	lsls	r0, r0, #2
10005e6c:	4344      	muls	r4, r0
10005e6e:	4803      	ldr	r0, [pc, #12]	; (10005e7c <tud_cdc_n_connected+0x2c>)
10005e70:	1900      	adds	r0, r0, r4
10005e72:	7903      	ldrb	r3, [r0, #4]
10005e74:	2001      	movs	r0, #1
10005e76:	4018      	ands	r0, r3
10005e78:	e7f1      	b.n	10005e5e <tud_cdc_n_connected+0xe>
10005e7a:	46c0      	nop			; (mov r8, r8)
10005e7c:	20001aec 	.word	0x20001aec

10005e80 <tud_cdc_n_available>:
10005e80:	23b6      	movs	r3, #182	; 0xb6
10005e82:	009b      	lsls	r3, r3, #2
10005e84:	4358      	muls	r0, r3
10005e86:	b510      	push	{r4, lr}
10005e88:	4b02      	ldr	r3, [pc, #8]	; (10005e94 <tud_cdc_n_available+0x14>)
10005e8a:	3010      	adds	r0, #16
10005e8c:	18c0      	adds	r0, r0, r3
10005e8e:	f000 fb11 	bl	100064b4 <tu_fifo_count>
10005e92:	bd10      	pop	{r4, pc}
10005e94:	20001aec 	.word	0x20001aec

10005e98 <tud_cdc_n_read>:
10005e98:	b5f0      	push	{r4, r5, r6, r7, lr}
10005e9a:	25b6      	movs	r5, #182	; 0xb6
10005e9c:	00ad      	lsls	r5, r5, #2
10005e9e:	4345      	muls	r5, r0
10005ea0:	002c      	movs	r4, r5
10005ea2:	46c6      	mov	lr, r8
10005ea4:	4f17      	ldr	r7, [pc, #92]	; (10005f04 <tud_cdc_n_read+0x6c>)
10005ea6:	3410      	adds	r4, #16
10005ea8:	19e4      	adds	r4, r4, r7
10005eaa:	b500      	push	{lr}
10005eac:	0020      	movs	r0, r4
10005eae:	b292      	uxth	r2, r2
10005eb0:	f000 fb74 	bl	1000659c <tu_fifo_read_n>
10005eb4:	0006      	movs	r6, r0
10005eb6:	0020      	movs	r0, r4
10005eb8:	f000 fb14 	bl	100064e4 <tu_fifo_remaining>
10005ebc:	283f      	cmp	r0, #63	; 0x3f
10005ebe:	d803      	bhi.n	10005ec8 <tud_cdc_n_read+0x30>
10005ec0:	0030      	movs	r0, r6
10005ec2:	bc80      	pop	{r7}
10005ec4:	46b8      	mov	r8, r7
10005ec6:	bdf0      	pop	{r4, r5, r6, r7, pc}
10005ec8:	197b      	adds	r3, r7, r5
10005eca:	2000      	movs	r0, #0
10005ecc:	78d9      	ldrb	r1, [r3, #3]
10005ece:	4698      	mov	r8, r3
10005ed0:	f7ff fe30 	bl	10005b34 <usbd_edpt_claim>
10005ed4:	2800      	cmp	r0, #0
10005ed6:	d0f3      	beq.n	10005ec0 <tud_cdc_n_read+0x28>
10005ed8:	0020      	movs	r0, r4
10005eda:	f000 fb03 	bl	100064e4 <tu_fifo_remaining>
10005ede:	283f      	cmp	r0, #63	; 0x3f
10005ee0:	d90a      	bls.n	10005ef8 <tud_cdc_n_read+0x60>
10005ee2:	2396      	movs	r3, #150	; 0x96
10005ee4:	009b      	lsls	r3, r3, #2
10005ee6:	18ea      	adds	r2, r5, r3
10005ee8:	4643      	mov	r3, r8
10005eea:	19d2      	adds	r2, r2, r7
10005eec:	78d9      	ldrb	r1, [r3, #3]
10005eee:	2000      	movs	r0, #0
10005ef0:	2340      	movs	r3, #64	; 0x40
10005ef2:	f7ff fe77 	bl	10005be4 <usbd_edpt_xfer>
10005ef6:	e7e3      	b.n	10005ec0 <tud_cdc_n_read+0x28>
10005ef8:	4643      	mov	r3, r8
10005efa:	2000      	movs	r0, #0
10005efc:	78d9      	ldrb	r1, [r3, #3]
10005efe:	f7ff fe4b 	bl	10005b98 <usbd_edpt_release>
10005f02:	e7dd      	b.n	10005ec0 <tud_cdc_n_read+0x28>
10005f04:	20001aec 	.word	0x20001aec

10005f08 <tud_cdc_n_write_flush>:
10005f08:	b5f8      	push	{r3, r4, r5, r6, r7, lr}
10005f0a:	0004      	movs	r4, r0
10005f0c:	f7fe ffac 	bl	10004e68 <tud_mounted>
10005f10:	2800      	cmp	r0, #0
10005f12:	d101      	bne.n	10005f18 <tud_cdc_n_write_flush+0x10>
10005f14:	2000      	movs	r0, #0
10005f16:	bdf8      	pop	{r3, r4, r5, r6, r7, pc}
10005f18:	f7fe ffae 	bl	10004e78 <tud_suspended>
10005f1c:	2800      	cmp	r0, #0
10005f1e:	d1f9      	bne.n	10005f14 <tud_cdc_n_write_flush+0xc>
10005f20:	20b6      	movs	r0, #182	; 0xb6
10005f22:	0080      	lsls	r0, r0, #2
10005f24:	4344      	muls	r4, r0
10005f26:	0025      	movs	r5, r4
10005f28:	4e14      	ldr	r6, [pc, #80]	; (10005f7c <tud_cdc_n_write_flush+0x74>)
10005f2a:	352c      	adds	r5, #44	; 0x2c
10005f2c:	19ad      	adds	r5, r5, r6
10005f2e:	0028      	movs	r0, r5
10005f30:	f000 fac0 	bl	100064b4 <tu_fifo_count>
10005f34:	2800      	cmp	r0, #0
10005f36:	d0ed      	beq.n	10005f14 <tud_cdc_n_write_flush+0xc>
10005f38:	1937      	adds	r7, r6, r4
10005f3a:	2000      	movs	r0, #0
10005f3c:	78b9      	ldrb	r1, [r7, #2]
10005f3e:	f7ff fdf9 	bl	10005b34 <usbd_edpt_claim>
10005f42:	2800      	cmp	r0, #0
10005f44:	d0e6      	beq.n	10005f14 <tud_cdc_n_write_flush+0xc>
10005f46:	23a6      	movs	r3, #166	; 0xa6
10005f48:	009b      	lsls	r3, r3, #2
10005f4a:	469c      	mov	ip, r3
10005f4c:	4464      	add	r4, ip
10005f4e:	19a4      	adds	r4, r4, r6
10005f50:	0021      	movs	r1, r4
10005f52:	0028      	movs	r0, r5
10005f54:	2240      	movs	r2, #64	; 0x40
10005f56:	f000 fb21 	bl	1000659c <tu_fifo_read_n>
10005f5a:	78b9      	ldrb	r1, [r7, #2]
10005f5c:	1e05      	subs	r5, r0, #0
10005f5e:	d008      	beq.n	10005f72 <tud_cdc_n_write_flush+0x6a>
10005f60:	0003      	movs	r3, r0
10005f62:	0022      	movs	r2, r4
10005f64:	2000      	movs	r0, #0
10005f66:	f7ff fe3d 	bl	10005be4 <usbd_edpt_xfer>
10005f6a:	2800      	cmp	r0, #0
10005f6c:	d0d2      	beq.n	10005f14 <tud_cdc_n_write_flush+0xc>
10005f6e:	0028      	movs	r0, r5
10005f70:	e7d1      	b.n	10005f16 <tud_cdc_n_write_flush+0xe>
10005f72:	2000      	movs	r0, #0
10005f74:	f7ff fe10 	bl	10005b98 <usbd_edpt_release>
10005f78:	e7cc      	b.n	10005f14 <tud_cdc_n_write_flush+0xc>
10005f7a:	46c0      	nop			; (mov r8, r8)
10005f7c:	20001aec 	.word	0x20001aec

10005f80 <tud_cdc_n_write>:
10005f80:	b570      	push	{r4, r5, r6, lr}
10005f82:	24b6      	movs	r4, #182	; 0xb6
10005f84:	00a4      	lsls	r4, r4, #2
10005f86:	4344      	muls	r4, r0
10005f88:	4b09      	ldr	r3, [pc, #36]	; (10005fb0 <tud_cdc_n_write+0x30>)
10005f8a:	342c      	adds	r4, #44	; 0x2c
10005f8c:	18e4      	adds	r4, r4, r3
10005f8e:	0005      	movs	r5, r0
10005f90:	b292      	uxth	r2, r2
10005f92:	0020      	movs	r0, r4
10005f94:	f000 fbc0 	bl	10006718 <tu_fifo_write_n>
10005f98:	0006      	movs	r6, r0
10005f9a:	0020      	movs	r0, r4
10005f9c:	f000 fa8a 	bl	100064b4 <tu_fifo_count>
10005fa0:	283f      	cmp	r0, #63	; 0x3f
10005fa2:	d801      	bhi.n	10005fa8 <tud_cdc_n_write+0x28>
10005fa4:	0030      	movs	r0, r6
10005fa6:	bd70      	pop	{r4, r5, r6, pc}
10005fa8:	0028      	movs	r0, r5
10005faa:	f7ff ffad 	bl	10005f08 <tud_cdc_n_write_flush>
10005fae:	e7f9      	b.n	10005fa4 <tud_cdc_n_write+0x24>
10005fb0:	20001aec 	.word	0x20001aec

10005fb4 <tud_cdc_n_write_available>:
10005fb4:	23b6      	movs	r3, #182	; 0xb6
10005fb6:	009b      	lsls	r3, r3, #2
10005fb8:	4358      	muls	r0, r3
10005fba:	b510      	push	{r4, lr}
10005fbc:	4b02      	ldr	r3, [pc, #8]	; (10005fc8 <tud_cdc_n_write_available+0x14>)
10005fbe:	302c      	adds	r0, #44	; 0x2c
10005fc0:	18c0      	adds	r0, r0, r3
10005fc2:	f000 fa8f 	bl	100064e4 <tu_fifo_remaining>
10005fc6:	bd10      	pop	{r4, pc}
10005fc8:	20001aec 	.word	0x20001aec

10005fcc <cdcd_init>:
10005fcc:	22b6      	movs	r2, #182	; 0xb6
10005fce:	b5f0      	push	{r4, r5, r6, r7, lr}
10005fd0:	4c1b      	ldr	r4, [pc, #108]	; (10006040 <cdcd_init+0x74>)
10005fd2:	b083      	sub	sp, #12
10005fd4:	2100      	movs	r1, #0
10005fd6:	0020      	movs	r0, r4
10005fd8:	0092      	lsls	r2, r2, #2
10005fda:	f7fd fe73 	bl	10003cc4 <__wrap_memset>
10005fde:	23ff      	movs	r3, #255	; 0xff
10005fe0:	7163      	strb	r3, [r4, #5]
10005fe2:	4b18      	ldr	r3, [pc, #96]	; (10006044 <cdcd_init+0x78>)
10005fe4:	2680      	movs	r6, #128	; 0x80
10005fe6:	2500      	movs	r5, #0
10005fe8:	80e3      	strh	r3, [r4, #6]
10005fea:	2701      	movs	r7, #1
10005fec:	2308      	movs	r3, #8
10005fee:	0021      	movs	r1, r4
10005ff0:	0020      	movs	r0, r4
10005ff2:	0076      	lsls	r6, r6, #1
10005ff4:	7323      	strb	r3, [r4, #12]
10005ff6:	0032      	movs	r2, r6
10005ff8:	8127      	strh	r7, [r4, #8]
10005ffa:	3148      	adds	r1, #72	; 0x48
10005ffc:	9500      	str	r5, [sp, #0]
10005ffe:	3b07      	subs	r3, #7
10006000:	3010      	adds	r0, #16
10006002:	f000 fa1b 	bl	1000643c <tu_fifo_config>
10006006:	0021      	movs	r1, r4
10006008:	0020      	movs	r0, r4
1000600a:	3149      	adds	r1, #73	; 0x49
1000600c:	0032      	movs	r2, r6
1000600e:	31ff      	adds	r1, #255	; 0xff
10006010:	2301      	movs	r3, #1
10006012:	9700      	str	r7, [sp, #0]
10006014:	302c      	adds	r0, #44	; 0x2c
10006016:	f000 fa11 	bl	1000643c <tu_fifo_config>
1000601a:	2392      	movs	r3, #146	; 0x92
1000601c:	009b      	lsls	r3, r3, #2
1000601e:	18e6      	adds	r6, r4, r3
10006020:	0030      	movs	r0, r6
10006022:	f7fb fc4b 	bl	100018bc <mutex_init>
10006026:	2394      	movs	r3, #148	; 0x94
10006028:	009b      	lsls	r3, r3, #2
1000602a:	62a6      	str	r6, [r4, #40]	; 0x28
1000602c:	18e6      	adds	r6, r4, r3
1000602e:	0030      	movs	r0, r6
10006030:	6265      	str	r5, [r4, #36]	; 0x24
10006032:	f7fb fc43 	bl	100018bc <mutex_init>
10006036:	6426      	str	r6, [r4, #64]	; 0x40
10006038:	6465      	str	r5, [r4, #68]	; 0x44
1000603a:	b003      	add	sp, #12
1000603c:	bdf0      	pop	{r4, r5, r6, r7, pc}
1000603e:	46c0      	nop			; (mov r8, r8)
10006040:	20001aec 	.word	0x20001aec
10006044:	ffffc200 	.word	0xffffc200

10006048 <cdcd_reset>:
10006048:	b510      	push	{r4, lr}
1000604a:	4c09      	ldr	r4, [pc, #36]	; (10006070 <cdcd_reset+0x28>)
1000604c:	2205      	movs	r2, #5
1000604e:	2100      	movs	r1, #0
10006050:	0020      	movs	r0, r4
10006052:	f7fd fe37 	bl	10003cc4 <__wrap_memset>
10006056:	0020      	movs	r0, r4
10006058:	342c      	adds	r4, #44	; 0x2c
1000605a:	3010      	adds	r0, #16
1000605c:	f000 fbdc 	bl	10006818 <tu_fifo_clear>
10006060:	0020      	movs	r0, r4
10006062:	f000 fbd9 	bl	10006818 <tu_fifo_clear>
10006066:	2101      	movs	r1, #1
10006068:	0020      	movs	r0, r4
1000606a:	f000 fbfb 	bl	10006864 <tu_fifo_set_overwritable>
1000606e:	bd10      	pop	{r4, pc}
10006070:	20001aec 	.word	0x20001aec

10006074 <cdcd_open>:
10006074:	b5f0      	push	{r4, r5, r6, r7, lr}
10006076:	794b      	ldrb	r3, [r1, #5]
10006078:	0006      	movs	r6, r0
1000607a:	b083      	sub	sp, #12
1000607c:	2b02      	cmp	r3, #2
1000607e:	d102      	bne.n	10006086 <cdcd_open+0x12>
10006080:	798b      	ldrb	r3, [r1, #6]
10006082:	2b02      	cmp	r3, #2
10006084:	d003      	beq.n	1000608e <cdcd_open+0x1a>
10006086:	2500      	movs	r5, #0
10006088:	0028      	movs	r0, r5
1000608a:	b003      	add	sp, #12
1000608c:	bdf0      	pop	{r4, r5, r6, r7, pc}
1000608e:	4f2f      	ldr	r7, [pc, #188]	; (1000614c <cdcd_open+0xd8>)
10006090:	78bb      	ldrb	r3, [r7, #2]
10006092:	2b00      	cmp	r3, #0
10006094:	d1f7      	bne.n	10006086 <cdcd_open+0x12>
10006096:	788b      	ldrb	r3, [r1, #2]
10006098:	2509      	movs	r5, #9
1000609a:	703b      	strb	r3, [r7, #0]
1000609c:	780c      	ldrb	r4, [r1, #0]
1000609e:	190c      	adds	r4, r1, r4
100060a0:	7863      	ldrb	r3, [r4, #1]
100060a2:	2b24      	cmp	r3, #36	; 0x24
100060a4:	d10b      	bne.n	100060be <cdcd_open+0x4a>
100060a6:	2a08      	cmp	r2, #8
100060a8:	d802      	bhi.n	100060b0 <cdcd_open+0x3c>
100060aa:	e00f      	b.n	100060cc <cdcd_open+0x58>
100060ac:	42aa      	cmp	r2, r5
100060ae:	d30d      	bcc.n	100060cc <cdcd_open+0x58>
100060b0:	7823      	ldrb	r3, [r4, #0]
100060b2:	18e4      	adds	r4, r4, r3
100060b4:	18ed      	adds	r5, r5, r3
100060b6:	7863      	ldrb	r3, [r4, #1]
100060b8:	b2ad      	uxth	r5, r5
100060ba:	2b24      	cmp	r3, #36	; 0x24
100060bc:	d0f6      	beq.n	100060ac <cdcd_open+0x38>
100060be:	2b05      	cmp	r3, #5
100060c0:	d020      	beq.n	10006104 <cdcd_open+0x90>
100060c2:	2b04      	cmp	r3, #4
100060c4:	d102      	bne.n	100060cc <cdcd_open+0x58>
100060c6:	7963      	ldrb	r3, [r4, #5]
100060c8:	2b0a      	cmp	r3, #10
100060ca:	d02e      	beq.n	1000612a <cdcd_open+0xb6>
100060cc:	4c20      	ldr	r4, [pc, #128]	; (10006150 <cdcd_open+0xdc>)
100060ce:	0020      	movs	r0, r4
100060d0:	f000 fa08 	bl	100064e4 <tu_fifo_remaining>
100060d4:	283f      	cmp	r0, #63	; 0x3f
100060d6:	d9d7      	bls.n	10006088 <cdcd_open+0x14>
100060d8:	0026      	movs	r6, r4
100060da:	3e10      	subs	r6, #16
100060dc:	2000      	movs	r0, #0
100060de:	78f1      	ldrb	r1, [r6, #3]
100060e0:	f7ff fd28 	bl	10005b34 <usbd_edpt_claim>
100060e4:	2800      	cmp	r0, #0
100060e6:	d0cf      	beq.n	10006088 <cdcd_open+0x14>
100060e8:	0020      	movs	r0, r4
100060ea:	f000 f9fb 	bl	100064e4 <tu_fifo_remaining>
100060ee:	283f      	cmp	r0, #63	; 0x3f
100060f0:	d916      	bls.n	10006120 <cdcd_open+0xac>
100060f2:	2392      	movs	r3, #146	; 0x92
100060f4:	009b      	lsls	r3, r3, #2
100060f6:	18e2      	adds	r2, r4, r3
100060f8:	78f1      	ldrb	r1, [r6, #3]
100060fa:	2340      	movs	r3, #64	; 0x40
100060fc:	2000      	movs	r0, #0
100060fe:	f7ff fd71 	bl	10005be4 <usbd_edpt_xfer>
10006102:	e7c1      	b.n	10006088 <cdcd_open+0x14>
10006104:	0021      	movs	r1, r4
10006106:	0030      	movs	r0, r6
10006108:	f7ff fcfc 	bl	10005b04 <usbd_edpt_open>
1000610c:	2800      	cmp	r0, #0
1000610e:	d0ba      	beq.n	10006086 <cdcd_open+0x12>
10006110:	78a3      	ldrb	r3, [r4, #2]
10006112:	707b      	strb	r3, [r7, #1]
10006114:	7823      	ldrb	r3, [r4, #0]
10006116:	18ed      	adds	r5, r5, r3
10006118:	18e4      	adds	r4, r4, r3
1000611a:	7863      	ldrb	r3, [r4, #1]
1000611c:	b2ad      	uxth	r5, r5
1000611e:	e7d0      	b.n	100060c2 <cdcd_open+0x4e>
10006120:	78f1      	ldrb	r1, [r6, #3]
10006122:	2000      	movs	r0, #0
10006124:	f7ff fd38 	bl	10005b98 <usbd_edpt_release>
10006128:	e7ae      	b.n	10006088 <cdcd_open+0x14>
1000612a:	4b0a      	ldr	r3, [pc, #40]	; (10006154 <cdcd_open+0xe0>)
1000612c:	7827      	ldrb	r7, [r4, #0]
1000612e:	9301      	str	r3, [sp, #4]
10006130:	3301      	adds	r3, #1
10006132:	9300      	str	r3, [sp, #0]
10006134:	2202      	movs	r2, #2
10006136:	2302      	movs	r3, #2
10006138:	0030      	movs	r0, r6
1000613a:	19e1      	adds	r1, r4, r7
1000613c:	f7ff fca2 	bl	10005a84 <usbd_open_edpt_pair>
10006140:	2800      	cmp	r0, #0
10006142:	d0a0      	beq.n	10006086 <cdcd_open+0x12>
10006144:	350e      	adds	r5, #14
10006146:	19ed      	adds	r5, r5, r7
10006148:	b2ad      	uxth	r5, r5
1000614a:	e7bf      	b.n	100060cc <cdcd_open+0x58>
1000614c:	20001aec 	.word	0x20001aec
10006150:	20001afc 	.word	0x20001afc
10006154:	20001aee 	.word	0x20001aee

10006158 <cdcd_control_xfer_cb>:
10006158:	b5f8      	push	{r3, r4, r5, r6, r7, lr}
1000615a:	2360      	movs	r3, #96	; 0x60
1000615c:	0014      	movs	r4, r2
1000615e:	7812      	ldrb	r2, [r2, #0]
10006160:	0005      	movs	r5, r0
10006162:	4013      	ands	r3, r2
10006164:	2000      	movs	r0, #0
10006166:	2b20      	cmp	r3, #32
10006168:	d112      	bne.n	10006190 <cdcd_control_xfer_cb+0x38>
1000616a:	4a2f      	ldr	r2, [pc, #188]	; (10006228 <cdcd_control_xfer_cb+0xd0>)
1000616c:	7963      	ldrb	r3, [r4, #5]
1000616e:	7927      	ldrb	r7, [r4, #4]
10006170:	7816      	ldrb	r6, [r2, #0]
10006172:	021b      	lsls	r3, r3, #8
10006174:	433b      	orrs	r3, r7
10006176:	429e      	cmp	r6, r3
10006178:	d10a      	bne.n	10006190 <cdcd_control_xfer_cb+0x38>
1000617a:	7863      	ldrb	r3, [r4, #1]
1000617c:	2b22      	cmp	r3, #34	; 0x22
1000617e:	d027      	beq.n	100061d0 <cdcd_control_xfer_cb+0x78>
10006180:	d807      	bhi.n	10006192 <cdcd_control_xfer_cb+0x3a>
10006182:	2b20      	cmp	r3, #32
10006184:	d017      	beq.n	100061b6 <cdcd_control_xfer_cb+0x5e>
10006186:	2b21      	cmp	r3, #33	; 0x21
10006188:	d102      	bne.n	10006190 <cdcd_control_xfer_cb+0x38>
1000618a:	2900      	cmp	r1, #0
1000618c:	d03d      	beq.n	1000620a <cdcd_control_xfer_cb+0xb2>
1000618e:	2001      	movs	r0, #1
10006190:	bdf8      	pop	{r3, r4, r5, r6, r7, pc}
10006192:	2b23      	cmp	r3, #35	; 0x23
10006194:	d1fc      	bne.n	10006190 <cdcd_control_xfer_cb+0x38>
10006196:	2900      	cmp	r1, #0
10006198:	d03f      	beq.n	1000621a <cdcd_control_xfer_cb+0xc2>
1000619a:	2902      	cmp	r1, #2
1000619c:	d1f7      	bne.n	1000618e <cdcd_control_xfer_cb+0x36>
1000619e:	4b23      	ldr	r3, [pc, #140]	; (1000622c <cdcd_control_xfer_cb+0xd4>)
100061a0:	2b00      	cmp	r3, #0
100061a2:	d0f4      	beq.n	1000618e <cdcd_control_xfer_cb+0x36>
100061a4:	78e1      	ldrb	r1, [r4, #3]
100061a6:	78a3      	ldrb	r3, [r4, #2]
100061a8:	0209      	lsls	r1, r1, #8
100061aa:	2000      	movs	r0, #0
100061ac:	4319      	orrs	r1, r3
100061ae:	e000      	b.n	100061b2 <cdcd_control_xfer_cb+0x5a>
100061b0:	bf00      	nop
100061b2:	2001      	movs	r0, #1
100061b4:	e7ec      	b.n	10006190 <cdcd_control_xfer_cb+0x38>
100061b6:	2900      	cmp	r1, #0
100061b8:	d027      	beq.n	1000620a <cdcd_control_xfer_cb+0xb2>
100061ba:	2902      	cmp	r1, #2
100061bc:	d1e7      	bne.n	1000618e <cdcd_control_xfer_cb+0x36>
100061be:	4b1c      	ldr	r3, [pc, #112]	; (10006230 <cdcd_control_xfer_cb+0xd8>)
100061c0:	2b00      	cmp	r3, #0
100061c2:	d0e4      	beq.n	1000618e <cdcd_control_xfer_cb+0x36>
100061c4:	2000      	movs	r0, #0
100061c6:	1d91      	adds	r1, r2, #6
100061c8:	f7fd fff2 	bl	100041b0 <tud_cdc_line_coding_cb>
100061cc:	2001      	movs	r0, #1
100061ce:	e7df      	b.n	10006190 <cdcd_control_xfer_cb+0x38>
100061d0:	2900      	cmp	r1, #0
100061d2:	d022      	beq.n	1000621a <cdcd_control_xfer_cb+0xc2>
100061d4:	2902      	cmp	r1, #2
100061d6:	d1da      	bne.n	1000618e <cdcd_control_xfer_cb+0x36>
100061d8:	2501      	movs	r5, #1
100061da:	002e      	movs	r6, r5
100061dc:	78a3      	ldrb	r3, [r4, #2]
100061de:	78e4      	ldrb	r4, [r4, #3]
100061e0:	3901      	subs	r1, #1
100061e2:	0224      	lsls	r4, r4, #8
100061e4:	431c      	orrs	r4, r3
100061e6:	7114      	strb	r4, [r2, #4]
100061e8:	4026      	ands	r6, r4
100061ea:	322c      	adds	r2, #44	; 0x2c
100061ec:	0010      	movs	r0, r2
100061ee:	4071      	eors	r1, r6
100061f0:	f000 fb38 	bl	10006864 <tu_fifo_set_overwritable>
100061f4:	4b0f      	ldr	r3, [pc, #60]	; (10006234 <cdcd_control_xfer_cb+0xdc>)
100061f6:	2b00      	cmp	r3, #0
100061f8:	d0c9      	beq.n	1000618e <cdcd_control_xfer_cb+0x36>
100061fa:	0862      	lsrs	r2, r4, #1
100061fc:	2000      	movs	r0, #0
100061fe:	0031      	movs	r1, r6
10006200:	402a      	ands	r2, r5
10006202:	e000      	b.n	10006206 <cdcd_control_xfer_cb+0xae>
10006204:	bf00      	nop
10006206:	2001      	movs	r0, #1
10006208:	e7c2      	b.n	10006190 <cdcd_control_xfer_cb+0x38>
1000620a:	2307      	movs	r3, #7
1000620c:	0021      	movs	r1, r4
1000620e:	0028      	movs	r0, r5
10006210:	4a09      	ldr	r2, [pc, #36]	; (10006238 <cdcd_control_xfer_cb+0xe0>)
10006212:	f7ff fd23 	bl	10005c5c <tud_control_xfer>
10006216:	2001      	movs	r0, #1
10006218:	e7ba      	b.n	10006190 <cdcd_control_xfer_cb+0x38>
1000621a:	0021      	movs	r1, r4
1000621c:	0028      	movs	r0, r5
1000621e:	f7ff fd05 	bl	10005c2c <tud_control_status>
10006222:	2001      	movs	r0, #1
10006224:	e7b4      	b.n	10006190 <cdcd_control_xfer_cb+0x38>
10006226:	46c0      	nop			; (mov r8, r8)
10006228:	20001aec 	.word	0x20001aec
1000622c:	00000000 	.word	0x00000000
10006230:	100041b1 	.word	0x100041b1
10006234:	00000000 	.word	0x00000000
10006238:	20001af2 	.word	0x20001af2

1000623c <cdcd_xfer_cb>:
1000623c:	b5f8      	push	{r3, r4, r5, r6, r7, lr}
1000623e:	4657      	mov	r7, sl
10006240:	464e      	mov	r6, r9
10006242:	4645      	mov	r5, r8
10006244:	46de      	mov	lr, fp
10006246:	b5e0      	push	{r5, r6, r7, lr}
10006248:	4f49      	ldr	r7, [pc, #292]	; (10006370 <cdcd_xfer_cb+0x134>)
1000624a:	4680      	mov	r8, r0
1000624c:	78fa      	ldrb	r2, [r7, #3]
1000624e:	000c      	movs	r4, r1
10006250:	001e      	movs	r6, r3
10006252:	428a      	cmp	r2, r1
10006254:	d164      	bne.n	10006320 <cdcd_xfer_cb+0xe4>
10006256:	b29a      	uxth	r2, r3
10006258:	2396      	movs	r3, #150	; 0x96
1000625a:	009b      	lsls	r3, r3, #2
1000625c:	18fd      	adds	r5, r7, r3
1000625e:	2310      	movs	r3, #16
10006260:	469b      	mov	fp, r3
10006262:	44bb      	add	fp, r7
10006264:	0029      	movs	r1, r5
10006266:	4658      	mov	r0, fp
10006268:	f000 fa56 	bl	10006718 <tu_fifo_write_n>
1000626c:	4b41      	ldr	r3, [pc, #260]	; (10006374 <cdcd_xfer_cb+0x138>)
1000626e:	46d9      	mov	r9, fp
10006270:	2b00      	cmp	r3, #0
10006272:	d018      	beq.n	100062a6 <cdcd_xfer_cb+0x6a>
10006274:	797b      	ldrb	r3, [r7, #5]
10006276:	46d9      	mov	r9, fp
10006278:	2bff      	cmp	r3, #255	; 0xff
1000627a:	d014      	beq.n	100062a6 <cdcd_xfer_cb+0x6a>
1000627c:	2e00      	cmp	r6, #0
1000627e:	d012      	beq.n	100062a6 <cdcd_xfer_cb+0x6a>
10006280:	19aa      	adds	r2, r5, r6
10006282:	4692      	mov	sl, r2
10006284:	e003      	b.n	1000628e <cdcd_xfer_cb+0x52>
10006286:	3501      	adds	r5, #1
10006288:	4555      	cmp	r5, sl
1000628a:	d00c      	beq.n	100062a6 <cdcd_xfer_cb+0x6a>
1000628c:	797b      	ldrb	r3, [r7, #5]
1000628e:	782a      	ldrb	r2, [r5, #0]
10006290:	429a      	cmp	r2, r3
10006292:	d1f8      	bne.n	10006286 <cdcd_xfer_cb+0x4a>
10006294:	4648      	mov	r0, r9
10006296:	f000 f91d 	bl	100064d4 <tu_fifo_empty>
1000629a:	2800      	cmp	r0, #0
1000629c:	d1f3      	bne.n	10006286 <cdcd_xfer_cb+0x4a>
1000629e:	7979      	ldrb	r1, [r7, #5]
100062a0:	e000      	b.n	100062a4 <cdcd_xfer_cb+0x68>
100062a2:	bf00      	nop
100062a4:	e7ef      	b.n	10006286 <cdcd_xfer_cb+0x4a>
100062a6:	4b34      	ldr	r3, [pc, #208]	; (10006378 <cdcd_xfer_cb+0x13c>)
100062a8:	2b00      	cmp	r3, #0
100062aa:	d004      	beq.n	100062b6 <cdcd_xfer_cb+0x7a>
100062ac:	4648      	mov	r0, r9
100062ae:	f000 f911 	bl	100064d4 <tu_fifo_empty>
100062b2:	2800      	cmp	r0, #0
100062b4:	d052      	beq.n	1000635c <cdcd_xfer_cb+0x120>
100062b6:	4648      	mov	r0, r9
100062b8:	f000 f914 	bl	100064e4 <tu_fifo_remaining>
100062bc:	283f      	cmp	r0, #63	; 0x3f
100062be:	d834      	bhi.n	1000632a <cdcd_xfer_cb+0xee>
100062c0:	464a      	mov	r2, r9
100062c2:	3a10      	subs	r2, #16
100062c4:	7893      	ldrb	r3, [r2, #2]
100062c6:	42a3      	cmp	r3, r4
100062c8:	d007      	beq.n	100062da <cdcd_xfer_cb+0x9e>
100062ca:	2401      	movs	r4, #1
100062cc:	0020      	movs	r0, r4
100062ce:	bcf0      	pop	{r4, r5, r6, r7}
100062d0:	46bb      	mov	fp, r7
100062d2:	46b2      	mov	sl, r6
100062d4:	46a9      	mov	r9, r5
100062d6:	46a0      	mov	r8, r4
100062d8:	bdf8      	pop	{r3, r4, r5, r6, r7, pc}
100062da:	4b28      	ldr	r3, [pc, #160]	; (1000637c <cdcd_xfer_cb+0x140>)
100062dc:	2b00      	cmp	r3, #0
100062de:	d002      	beq.n	100062e6 <cdcd_xfer_cb+0xaa>
100062e0:	2000      	movs	r0, #0
100062e2:	e000      	b.n	100062e6 <cdcd_xfer_cb+0xaa>
100062e4:	bf00      	nop
100062e6:	2000      	movs	r0, #0
100062e8:	f7ff fe0e 	bl	10005f08 <tud_cdc_n_write_flush>
100062ec:	2800      	cmp	r0, #0
100062ee:	d1ec      	bne.n	100062ca <cdcd_xfer_cb+0x8e>
100062f0:	4d23      	ldr	r5, [pc, #140]	; (10006380 <cdcd_xfer_cb+0x144>)
100062f2:	0028      	movs	r0, r5
100062f4:	f000 f8de 	bl	100064b4 <tu_fifo_count>
100062f8:	2800      	cmp	r0, #0
100062fa:	d1e6      	bne.n	100062ca <cdcd_xfer_cb+0x8e>
100062fc:	2e00      	cmp	r6, #0
100062fe:	d0e4      	beq.n	100062ca <cdcd_xfer_cb+0x8e>
10006300:	06b3      	lsls	r3, r6, #26
10006302:	d1e2      	bne.n	100062ca <cdcd_xfer_cb+0x8e>
10006304:	3d2c      	subs	r5, #44	; 0x2c
10006306:	4640      	mov	r0, r8
10006308:	78a9      	ldrb	r1, [r5, #2]
1000630a:	f7ff fc13 	bl	10005b34 <usbd_edpt_claim>
1000630e:	1e04      	subs	r4, r0, #0
10006310:	d0db      	beq.n	100062ca <cdcd_xfer_cb+0x8e>
10006312:	2300      	movs	r3, #0
10006314:	2200      	movs	r2, #0
10006316:	4640      	mov	r0, r8
10006318:	78a9      	ldrb	r1, [r5, #2]
1000631a:	f7ff fc63 	bl	10005be4 <usbd_edpt_xfer>
1000631e:	e7d5      	b.n	100062cc <cdcd_xfer_cb+0x90>
10006320:	78bb      	ldrb	r3, [r7, #2]
10006322:	428b      	cmp	r3, r1
10006324:	d0d9      	beq.n	100062da <cdcd_xfer_cb+0x9e>
10006326:	2400      	movs	r4, #0
10006328:	e7d0      	b.n	100062cc <cdcd_xfer_cb+0x90>
1000632a:	464d      	mov	r5, r9
1000632c:	3d10      	subs	r5, #16
1000632e:	2000      	movs	r0, #0
10006330:	78e9      	ldrb	r1, [r5, #3]
10006332:	f7ff fbff 	bl	10005b34 <usbd_edpt_claim>
10006336:	2800      	cmp	r0, #0
10006338:	d101      	bne.n	1000633e <cdcd_xfer_cb+0x102>
1000633a:	78ab      	ldrb	r3, [r5, #2]
1000633c:	e7c3      	b.n	100062c6 <cdcd_xfer_cb+0x8a>
1000633e:	4648      	mov	r0, r9
10006340:	f000 f8d0 	bl	100064e4 <tu_fifo_remaining>
10006344:	283f      	cmp	r0, #63	; 0x3f
10006346:	d90c      	bls.n	10006362 <cdcd_xfer_cb+0x126>
10006348:	2292      	movs	r2, #146	; 0x92
1000634a:	0092      	lsls	r2, r2, #2
1000634c:	2340      	movs	r3, #64	; 0x40
1000634e:	2000      	movs	r0, #0
10006350:	78e9      	ldrb	r1, [r5, #3]
10006352:	444a      	add	r2, r9
10006354:	f7ff fc46 	bl	10005be4 <usbd_edpt_xfer>
10006358:	78ab      	ldrb	r3, [r5, #2]
1000635a:	e7b4      	b.n	100062c6 <cdcd_xfer_cb+0x8a>
1000635c:	e000      	b.n	10006360 <cdcd_xfer_cb+0x124>
1000635e:	bf00      	nop
10006360:	e7a9      	b.n	100062b6 <cdcd_xfer_cb+0x7a>
10006362:	2000      	movs	r0, #0
10006364:	78e9      	ldrb	r1, [r5, #3]
10006366:	f7ff fc17 	bl	10005b98 <usbd_edpt_release>
1000636a:	78ab      	ldrb	r3, [r5, #2]
1000636c:	e7ab      	b.n	100062c6 <cdcd_xfer_cb+0x8a>
1000636e:	46c0      	nop			; (mov r8, r8)
10006370:	20001aec 	.word	0x20001aec
	...
10006380:	20001b18 	.word	0x20001b18

10006384 <tusb_init>:
10006384:	b510      	push	{r4, lr}
10006386:	2000      	movs	r0, #0
10006388:	f7fe fd84 	bl	10004e94 <tud_init>
1000638c:	bd10      	pop	{r4, pc}
1000638e:	46c0      	nop			; (mov r8, r8)

10006390 <tusb_inited>:
10006390:	b510      	push	{r4, lr}
10006392:	f7fe fd79 	bl	10004e88 <tud_inited>
10006396:	bd10      	pop	{r4, pc}

10006398 <tu_edpt_validate>:
10006398:	2207      	movs	r2, #7
1000639a:	b510      	push	{r4, lr}
1000639c:	7944      	ldrb	r4, [r0, #5]
1000639e:	7903      	ldrb	r3, [r0, #4]
100063a0:	4022      	ands	r2, r4
100063a2:	0212      	lsls	r2, r2, #8
100063a4:	431a      	orrs	r2, r3
100063a6:	78c3      	ldrb	r3, [r0, #3]
100063a8:	079b      	lsls	r3, r3, #30
100063aa:	0f9b      	lsrs	r3, r3, #30
100063ac:	2b02      	cmp	r3, #2
100063ae:	d005      	beq.n	100063bc <tu_edpt_validate+0x24>
100063b0:	2b03      	cmp	r3, #3
100063b2:	d015      	beq.n	100063e0 <tu_edpt_validate+0x48>
100063b4:	2000      	movs	r0, #0
100063b6:	2b01      	cmp	r3, #1
100063b8:	d008      	beq.n	100063cc <tu_edpt_validate+0x34>
100063ba:	bd10      	pop	{r4, pc}
100063bc:	2902      	cmp	r1, #2
100063be:	d01c      	beq.n	100063fa <tu_edpt_validate+0x62>
100063c0:	2000      	movs	r0, #0
100063c2:	2340      	movs	r3, #64	; 0x40
100063c4:	4293      	cmp	r3, r2
100063c6:	4140      	adcs	r0, r0
100063c8:	b2c0      	uxtb	r0, r0
100063ca:	e7f6      	b.n	100063ba <tu_edpt_validate+0x22>
100063cc:	3902      	subs	r1, #2
100063ce:	424b      	negs	r3, r1
100063d0:	4159      	adcs	r1, r3
100063d2:	4b0d      	ldr	r3, [pc, #52]	; (10006408 <tu_edpt_validate+0x70>)
100063d4:	469c      	mov	ip, r3
100063d6:	4461      	add	r1, ip
100063d8:	4291      	cmp	r1, r2
100063da:	4140      	adcs	r0, r0
100063dc:	b2c0      	uxtb	r0, r0
100063de:	e7ec      	b.n	100063ba <tu_edpt_validate+0x22>
100063e0:	3902      	subs	r1, #2
100063e2:	424b      	negs	r3, r1
100063e4:	4159      	adcs	r1, r3
100063e6:	23f0      	movs	r3, #240	; 0xf0
100063e8:	2000      	movs	r0, #0
100063ea:	4249      	negs	r1, r1
100063ec:	009b      	lsls	r3, r3, #2
100063ee:	4019      	ands	r1, r3
100063f0:	3140      	adds	r1, #64	; 0x40
100063f2:	4291      	cmp	r1, r2
100063f4:	4140      	adcs	r0, r0
100063f6:	b2c0      	uxtb	r0, r0
100063f8:	e7df      	b.n	100063ba <tu_edpt_validate+0x22>
100063fa:	4b04      	ldr	r3, [pc, #16]	; (1000640c <tu_edpt_validate+0x74>)
100063fc:	469c      	mov	ip, r3
100063fe:	4462      	add	r2, ip
10006400:	4253      	negs	r3, r2
10006402:	415a      	adcs	r2, r3
10006404:	b2d0      	uxtb	r0, r2
10006406:	e7d8      	b.n	100063ba <tu_edpt_validate+0x22>
10006408:	000003ff 	.word	0x000003ff
1000640c:	fffffe00 	.word	0xfffffe00

10006410 <tu_edpt_bind_driver>:
10006410:	b5f0      	push	{r4, r5, r6, r7, lr}
10006412:	2a00      	cmp	r2, #0
10006414:	d011      	beq.n	1000643a <tu_edpt_bind_driver+0x2a>
10006416:	2400      	movs	r4, #0
10006418:	277f      	movs	r7, #127	; 0x7f
1000641a:	784d      	ldrb	r5, [r1, #1]
1000641c:	2d05      	cmp	r5, #5
1000641e:	d106      	bne.n	1000642e <tu_edpt_bind_driver+0x1e>
10006420:	003d      	movs	r5, r7
10006422:	788e      	ldrb	r6, [r1, #2]
10006424:	4035      	ands	r5, r6
10006426:	006d      	lsls	r5, r5, #1
10006428:	09f6      	lsrs	r6, r6, #7
1000642a:	1945      	adds	r5, r0, r5
1000642c:	55ab      	strb	r3, [r5, r6]
1000642e:	780d      	ldrb	r5, [r1, #0]
10006430:	1964      	adds	r4, r4, r5
10006432:	b2a4      	uxth	r4, r4
10006434:	1949      	adds	r1, r1, r5
10006436:	42a2      	cmp	r2, r4
10006438:	d8ef      	bhi.n	1000641a <tu_edpt_bind_driver+0xa>
1000643a:	bdf0      	pop	{r4, r5, r6, r7, pc}

1000643c <tu_fifo_config>:
1000643c:	b5f0      	push	{r4, r5, r6, r7, lr}
1000643e:	46c6      	mov	lr, r8
10006440:	b500      	push	{lr}
10006442:	0015      	movs	r5, r2
10006444:	aa06      	add	r2, sp, #24
10006446:	001e      	movs	r6, r3
10006448:	7813      	ldrb	r3, [r2, #0]
1000644a:	2280      	movs	r2, #128	; 0x80
1000644c:	0004      	movs	r4, r0
1000644e:	000f      	movs	r7, r1
10006450:	4698      	mov	r8, r3
10006452:	0212      	lsls	r2, r2, #8
10006454:	4295      	cmp	r5, r2
10006456:	d82a      	bhi.n	100064ae <tu_fifo_config+0x72>
10006458:	6940      	ldr	r0, [r0, #20]
1000645a:	2800      	cmp	r0, #0
1000645c:	d003      	beq.n	10006466 <tu_fifo_config+0x2a>
1000645e:	2101      	movs	r1, #1
10006460:	4249      	negs	r1, r1
10006462:	f001 f861 	bl	10007528 <__mutex_enter_timeout_ms_veneer>
10006466:	69a0      	ldr	r0, [r4, #24]
10006468:	2800      	cmp	r0, #0
1000646a:	d003      	beq.n	10006474 <tu_fifo_config+0x38>
1000646c:	2101      	movs	r1, #1
1000646e:	4249      	negs	r1, r1
10006470:	f001 f85a 	bl	10007528 <__mutex_enter_timeout_ms_veneer>
10006474:	4643      	mov	r3, r8
10006476:	80a5      	strh	r5, [r4, #4]
10006478:	006d      	lsls	r5, r5, #1
1000647a:	b2ad      	uxth	r5, r5
1000647c:	7223      	strb	r3, [r4, #8]
1000647e:	1e6b      	subs	r3, r5, #1
10006480:	81a3      	strh	r3, [r4, #12]
10006482:	2300      	movs	r3, #0
10006484:	6960      	ldr	r0, [r4, #20]
10006486:	426d      	negs	r5, r5
10006488:	81e3      	strh	r3, [r4, #14]
1000648a:	6027      	str	r7, [r4, #0]
1000648c:	80e6      	strh	r6, [r4, #6]
1000648e:	8165      	strh	r5, [r4, #10]
10006490:	8223      	strh	r3, [r4, #16]
10006492:	2800      	cmp	r0, #0
10006494:	d001      	beq.n	1000649a <tu_fifo_config+0x5e>
10006496:	f001 f827 	bl	100074e8 <__mutex_exit_veneer>
1000649a:	69a0      	ldr	r0, [r4, #24]
1000649c:	2401      	movs	r4, #1
1000649e:	2800      	cmp	r0, #0
100064a0:	d001      	beq.n	100064a6 <tu_fifo_config+0x6a>
100064a2:	f001 f821 	bl	100074e8 <__mutex_exit_veneer>
100064a6:	0020      	movs	r0, r4
100064a8:	bc80      	pop	{r7}
100064aa:	46b8      	mov	r8, r7
100064ac:	bdf0      	pop	{r4, r5, r6, r7, pc}
100064ae:	2400      	movs	r4, #0
100064b0:	e7f9      	b.n	100064a6 <tu_fifo_config+0x6a>
100064b2:	46c0      	nop			; (mov r8, r8)

100064b4 <tu_fifo_count>:
100064b4:	89c1      	ldrh	r1, [r0, #14]
100064b6:	8a02      	ldrh	r2, [r0, #16]
100064b8:	1a8b      	subs	r3, r1, r2
100064ba:	b29b      	uxth	r3, r3
100064bc:	4291      	cmp	r1, r2
100064be:	d202      	bcs.n	100064c6 <tu_fifo_count+0x12>
100064c0:	8942      	ldrh	r2, [r0, #10]
100064c2:	1a9b      	subs	r3, r3, r2
100064c4:	b29b      	uxth	r3, r3
100064c6:	8882      	ldrh	r2, [r0, #4]
100064c8:	1c10      	adds	r0, r2, #0
100064ca:	429a      	cmp	r2, r3
100064cc:	d900      	bls.n	100064d0 <tu_fifo_count+0x1c>
100064ce:	1c18      	adds	r0, r3, #0
100064d0:	b280      	uxth	r0, r0
100064d2:	4770      	bx	lr

100064d4 <tu_fifo_empty>:
100064d4:	0003      	movs	r3, r0
100064d6:	89c0      	ldrh	r0, [r0, #14]
100064d8:	8a1b      	ldrh	r3, [r3, #16]
100064da:	1ac0      	subs	r0, r0, r3
100064dc:	4243      	negs	r3, r0
100064de:	4158      	adcs	r0, r3
100064e0:	b2c0      	uxtb	r0, r0
100064e2:	4770      	bx	lr

100064e4 <tu_fifo_remaining>:
100064e4:	b510      	push	{r4, lr}
100064e6:	89c4      	ldrh	r4, [r0, #14]
100064e8:	8a01      	ldrh	r1, [r0, #16]
100064ea:	8883      	ldrh	r3, [r0, #4]
100064ec:	1a62      	subs	r2, r4, r1
100064ee:	b292      	uxth	r2, r2
100064f0:	428c      	cmp	r4, r1
100064f2:	d202      	bcs.n	100064fa <tu_fifo_remaining+0x16>
100064f4:	8940      	ldrh	r0, [r0, #10]
100064f6:	1a12      	subs	r2, r2, r0
100064f8:	b292      	uxth	r2, r2
100064fa:	1a98      	subs	r0, r3, r2
100064fc:	b280      	uxth	r0, r0
100064fe:	bd10      	pop	{r4, pc}

10006500 <tu_fifo_read>:
10006500:	b570      	push	{r4, r5, r6, lr}
10006502:	0004      	movs	r4, r0
10006504:	6980      	ldr	r0, [r0, #24]
10006506:	000e      	movs	r6, r1
10006508:	2800      	cmp	r0, #0
1000650a:	d003      	beq.n	10006514 <tu_fifo_read+0x14>
1000650c:	2101      	movs	r1, #1
1000650e:	4249      	negs	r1, r1
10006510:	f001 f80a 	bl	10007528 <__mutex_enter_timeout_ms_veneer>
10006514:	89e1      	ldrh	r1, [r4, #14]
10006516:	8a22      	ldrh	r2, [r4, #16]
10006518:	b288      	uxth	r0, r1
1000651a:	1a8d      	subs	r5, r1, r2
1000651c:	b293      	uxth	r3, r2
1000651e:	b2ad      	uxth	r5, r5
10006520:	4291      	cmp	r1, r2
10006522:	d202      	bcs.n	1000652a <tu_fifo_read+0x2a>
10006524:	8962      	ldrh	r2, [r4, #10]
10006526:	1aad      	subs	r5, r5, r2
10006528:	b2ad      	uxth	r5, r5
1000652a:	88a2      	ldrh	r2, [r4, #4]
1000652c:	42aa      	cmp	r2, r5
1000652e:	d207      	bcs.n	10006540 <tu_fifo_read+0x40>
10006530:	4290      	cmp	r0, r2
10006532:	d225      	bcs.n	10006580 <tu_fifo_read+0x80>
10006534:	8961      	ldrh	r1, [r4, #10]
10006536:	1851      	adds	r1, r2, r1
10006538:	1a41      	subs	r1, r0, r1
1000653a:	b289      	uxth	r1, r1
1000653c:	0015      	movs	r5, r2
1000653e:	8221      	strh	r1, [r4, #16]
10006540:	2d00      	cmp	r5, #0
10006542:	d102      	bne.n	1000654a <tu_fifo_read+0x4a>
10006544:	e022      	b.n	1000658c <tu_fifo_read+0x8c>
10006546:	1a9b      	subs	r3, r3, r2
10006548:	b29b      	uxth	r3, r3
1000654a:	429a      	cmp	r2, r3
1000654c:	d9fb      	bls.n	10006546 <tu_fifo_read+0x46>
1000654e:	88e2      	ldrh	r2, [r4, #6]
10006550:	6821      	ldr	r1, [r4, #0]
10006552:	4353      	muls	r3, r2
10006554:	0030      	movs	r0, r6
10006556:	18c9      	adds	r1, r1, r3
10006558:	f7fd fbba 	bl	10003cd0 <__wrap___aeabi_memcpy>
1000655c:	8a22      	ldrh	r2, [r4, #16]
1000655e:	2501      	movs	r5, #1
10006560:	1c53      	adds	r3, r2, #1
10006562:	b29b      	uxth	r3, r3
10006564:	429a      	cmp	r2, r3
10006566:	d914      	bls.n	10006592 <tu_fifo_read+0x92>
10006568:	2300      	movs	r3, #0
1000656a:	8962      	ldrh	r2, [r4, #10]
1000656c:	189b      	adds	r3, r3, r2
1000656e:	b29b      	uxth	r3, r3
10006570:	69a0      	ldr	r0, [r4, #24]
10006572:	8223      	strh	r3, [r4, #16]
10006574:	2800      	cmp	r0, #0
10006576:	d001      	beq.n	1000657c <tu_fifo_read+0x7c>
10006578:	f000 ffb6 	bl	100074e8 <__mutex_exit_veneer>
1000657c:	0028      	movs	r0, r5
1000657e:	bd70      	pop	{r4, r5, r6, pc}
10006580:	1a81      	subs	r1, r0, r2
10006582:	89a5      	ldrh	r5, [r4, #12]
10006584:	b289      	uxth	r1, r1
10006586:	428d      	cmp	r5, r1
10006588:	d2d8      	bcs.n	1000653c <tu_fifo_read+0x3c>
1000658a:	e7d3      	b.n	10006534 <tu_fifo_read+0x34>
1000658c:	2500      	movs	r5, #0
1000658e:	8a23      	ldrh	r3, [r4, #16]
10006590:	b29b      	uxth	r3, r3
10006592:	89a2      	ldrh	r2, [r4, #12]
10006594:	429a      	cmp	r2, r3
10006596:	d2eb      	bcs.n	10006570 <tu_fifo_read+0x70>
10006598:	e7e7      	b.n	1000656a <tu_fifo_read+0x6a>
1000659a:	46c0      	nop			; (mov r8, r8)

1000659c <tu_fifo_read_n>:
1000659c:	b5f0      	push	{r4, r5, r6, r7, lr}
1000659e:	464f      	mov	r7, r9
100065a0:	4646      	mov	r6, r8
100065a2:	46d6      	mov	lr, sl
100065a4:	0005      	movs	r5, r0
100065a6:	6980      	ldr	r0, [r0, #24]
100065a8:	4688      	mov	r8, r1
100065aa:	4691      	mov	r9, r2
100065ac:	b5c0      	push	{r6, r7, lr}
100065ae:	2800      	cmp	r0, #0
100065b0:	d003      	beq.n	100065ba <tu_fifo_read_n+0x1e>
100065b2:	2101      	movs	r1, #1
100065b4:	4249      	negs	r1, r1
100065b6:	f000 ffb7 	bl	10007528 <__mutex_enter_timeout_ms_veneer>
100065ba:	89ea      	ldrh	r2, [r5, #14]
100065bc:	8a2b      	ldrh	r3, [r5, #16]
100065be:	b291      	uxth	r1, r2
100065c0:	1ad6      	subs	r6, r2, r3
100065c2:	b29c      	uxth	r4, r3
100065c4:	b2b6      	uxth	r6, r6
100065c6:	429a      	cmp	r2, r3
100065c8:	d202      	bcs.n	100065d0 <tu_fifo_read_n+0x34>
100065ca:	896b      	ldrh	r3, [r5, #10]
100065cc:	1af6      	subs	r6, r6, r3
100065ce:	b2b6      	uxth	r6, r6
100065d0:	88af      	ldrh	r7, [r5, #4]
100065d2:	42b7      	cmp	r7, r6
100065d4:	d209      	bcs.n	100065ea <tu_fifo_read_n+0x4e>
100065d6:	42b9      	cmp	r1, r7
100065d8:	d254      	bcs.n	10006684 <tu_fifo_read_n+0xe8>
100065da:	896b      	ldrh	r3, [r5, #10]
100065dc:	18fb      	adds	r3, r7, r3
100065de:	1acb      	subs	r3, r1, r3
100065e0:	b29b      	uxth	r3, r3
100065e2:	003e      	movs	r6, r7
100065e4:	822b      	strh	r3, [r5, #16]
100065e6:	8a2c      	ldrh	r4, [r5, #16]
100065e8:	b2a4      	uxth	r4, r4
100065ea:	2e00      	cmp	r6, #0
100065ec:	d050      	beq.n	10006690 <tu_fifo_read_n+0xf4>
100065ee:	464b      	mov	r3, r9
100065f0:	45b1      	cmp	r9, r6
100065f2:	d845      	bhi.n	10006680 <tu_fifo_read_n+0xe4>
100065f4:	b29e      	uxth	r6, r3
100065f6:	42a7      	cmp	r7, r4
100065f8:	d803      	bhi.n	10006602 <tu_fifo_read_n+0x66>
100065fa:	1be4      	subs	r4, r4, r7
100065fc:	b2a4      	uxth	r4, r4
100065fe:	42a7      	cmp	r7, r4
10006600:	d9fb      	bls.n	100065fa <tu_fifo_read_n+0x5e>
10006602:	88eb      	ldrh	r3, [r5, #6]
10006604:	1b38      	subs	r0, r7, r4
10006606:	0019      	movs	r1, r3
10006608:	4699      	mov	r9, r3
1000660a:	682b      	ldr	r3, [r5, #0]
1000660c:	4361      	muls	r1, r4
1000660e:	469c      	mov	ip, r3
10006610:	b280      	uxth	r0, r0
10006612:	4461      	add	r1, ip
10006614:	4286      	cmp	r6, r0
10006616:	d925      	bls.n	10006664 <tu_fifo_read_n+0xc8>
10006618:	464b      	mov	r3, r9
1000661a:	4358      	muls	r0, r3
1000661c:	b283      	uxth	r3, r0
1000661e:	001a      	movs	r2, r3
10006620:	4640      	mov	r0, r8
10006622:	469a      	mov	sl, r3
10006624:	f7fd fb54 	bl	10003cd0 <__wrap___aeabi_memcpy>
10006628:	464b      	mov	r3, r9
1000662a:	4640      	mov	r0, r8
1000662c:	1bf7      	subs	r7, r6, r7
1000662e:	19e4      	adds	r4, r4, r7
10006630:	435c      	muls	r4, r3
10006632:	6829      	ldr	r1, [r5, #0]
10006634:	b2a2      	uxth	r2, r4
10006636:	4450      	add	r0, sl
10006638:	f7fd fb4a 	bl	10003cd0 <__wrap___aeabi_memcpy>
1000663c:	8a2a      	ldrh	r2, [r5, #16]
1000663e:	1993      	adds	r3, r2, r6
10006640:	b29b      	uxth	r3, r3
10006642:	429a      	cmp	r2, r3
10006644:	d918      	bls.n	10006678 <tu_fifo_read_n+0xdc>
10006646:	896a      	ldrh	r2, [r5, #10]
10006648:	189b      	adds	r3, r3, r2
1000664a:	b29b      	uxth	r3, r3
1000664c:	69a8      	ldr	r0, [r5, #24]
1000664e:	822b      	strh	r3, [r5, #16]
10006650:	2800      	cmp	r0, #0
10006652:	d001      	beq.n	10006658 <tu_fifo_read_n+0xbc>
10006654:	f000 ff48 	bl	100074e8 <__mutex_exit_veneer>
10006658:	0030      	movs	r0, r6
1000665a:	bce0      	pop	{r5, r6, r7}
1000665c:	46ba      	mov	sl, r7
1000665e:	46b1      	mov	r9, r6
10006660:	46a8      	mov	r8, r5
10006662:	bdf0      	pop	{r4, r5, r6, r7, pc}
10006664:	464a      	mov	r2, r9
10006666:	4640      	mov	r0, r8
10006668:	4372      	muls	r2, r6
1000666a:	f7fd fb31 	bl	10003cd0 <__wrap___aeabi_memcpy>
1000666e:	8a2a      	ldrh	r2, [r5, #16]
10006670:	1993      	adds	r3, r2, r6
10006672:	b29b      	uxth	r3, r3
10006674:	429a      	cmp	r2, r3
10006676:	d8e6      	bhi.n	10006646 <tu_fifo_read_n+0xaa>
10006678:	89aa      	ldrh	r2, [r5, #12]
1000667a:	429a      	cmp	r2, r3
1000667c:	d2e6      	bcs.n	1000664c <tu_fifo_read_n+0xb0>
1000667e:	e7e2      	b.n	10006646 <tu_fifo_read_n+0xaa>
10006680:	1c33      	adds	r3, r6, #0
10006682:	e7b7      	b.n	100065f4 <tu_fifo_read_n+0x58>
10006684:	1bcb      	subs	r3, r1, r7
10006686:	89aa      	ldrh	r2, [r5, #12]
10006688:	b29b      	uxth	r3, r3
1000668a:	429a      	cmp	r2, r3
1000668c:	d2a9      	bcs.n	100065e2 <tu_fifo_read_n+0x46>
1000668e:	e7a4      	b.n	100065da <tu_fifo_read_n+0x3e>
10006690:	8a2b      	ldrh	r3, [r5, #16]
10006692:	89aa      	ldrh	r2, [r5, #12]
10006694:	b29b      	uxth	r3, r3
10006696:	429a      	cmp	r2, r3
10006698:	d2d8      	bcs.n	1000664c <tu_fifo_read_n+0xb0>
1000669a:	e7d4      	b.n	10006646 <tu_fifo_read_n+0xaa>

1000669c <tu_fifo_write>:
1000669c:	b5f8      	push	{r3, r4, r5, r6, r7, lr}
1000669e:	0004      	movs	r4, r0
100066a0:	6940      	ldr	r0, [r0, #20]
100066a2:	000e      	movs	r6, r1
100066a4:	2800      	cmp	r0, #0
100066a6:	d003      	beq.n	100066b0 <tu_fifo_write+0x14>
100066a8:	2101      	movs	r1, #1
100066aa:	4249      	negs	r1, r1
100066ac:	f000 ff3c 	bl	10007528 <__mutex_enter_timeout_ms_veneer>
100066b0:	89e2      	ldrh	r2, [r4, #14]
100066b2:	8a21      	ldrh	r1, [r4, #16]
100066b4:	b295      	uxth	r5, r2
100066b6:	1a53      	subs	r3, r2, r1
100066b8:	b29b      	uxth	r3, r3
100066ba:	4291      	cmp	r1, r2
100066bc:	d902      	bls.n	100066c4 <tu_fifo_write+0x28>
100066be:	8962      	ldrh	r2, [r4, #10]
100066c0:	1a9b      	subs	r3, r3, r2
100066c2:	b29b      	uxth	r3, r3
100066c4:	88a2      	ldrh	r2, [r4, #4]
100066c6:	429a      	cmp	r2, r3
100066c8:	d021      	beq.n	1000670e <tu_fifo_write+0x72>
100066ca:	002b      	movs	r3, r5
100066cc:	4295      	cmp	r5, r2
100066ce:	d303      	bcc.n	100066d8 <tu_fifo_write+0x3c>
100066d0:	1a9b      	subs	r3, r3, r2
100066d2:	b29b      	uxth	r3, r3
100066d4:	429a      	cmp	r2, r3
100066d6:	d9fb      	bls.n	100066d0 <tu_fifo_write+0x34>
100066d8:	88e2      	ldrh	r2, [r4, #6]
100066da:	6821      	ldr	r1, [r4, #0]
100066dc:	4353      	muls	r3, r2
100066de:	18c8      	adds	r0, r1, r3
100066e0:	0031      	movs	r1, r6
100066e2:	f7fd faf5 	bl	10003cd0 <__wrap___aeabi_memcpy>
100066e6:	1c6b      	adds	r3, r5, #1
100066e8:	b29b      	uxth	r3, r3
100066ea:	429d      	cmp	r5, r3
100066ec:	d90b      	bls.n	10006706 <tu_fifo_write+0x6a>
100066ee:	8962      	ldrh	r2, [r4, #10]
100066f0:	189b      	adds	r3, r3, r2
100066f2:	b29b      	uxth	r3, r3
100066f4:	6960      	ldr	r0, [r4, #20]
100066f6:	2701      	movs	r7, #1
100066f8:	81e3      	strh	r3, [r4, #14]
100066fa:	2800      	cmp	r0, #0
100066fc:	d001      	beq.n	10006702 <tu_fifo_write+0x66>
100066fe:	f000 fef3 	bl	100074e8 <__mutex_exit_veneer>
10006702:	0038      	movs	r0, r7
10006704:	bdf8      	pop	{r3, r4, r5, r6, r7, pc}
10006706:	89a2      	ldrh	r2, [r4, #12]
10006708:	429a      	cmp	r2, r3
1000670a:	d2f3      	bcs.n	100066f4 <tu_fifo_write+0x58>
1000670c:	e7ef      	b.n	100066ee <tu_fifo_write+0x52>
1000670e:	7a27      	ldrb	r7, [r4, #8]
10006710:	2f00      	cmp	r7, #0
10006712:	d1da      	bne.n	100066ca <tu_fifo_write+0x2e>
10006714:	e7f5      	b.n	10006702 <tu_fifo_write+0x66>
10006716:	46c0      	nop			; (mov r8, r8)

10006718 <tu_fifo_write_n>:
10006718:	b5f8      	push	{r3, r4, r5, r6, r7, lr}
1000671a:	4645      	mov	r5, r8
1000671c:	464e      	mov	r6, r9
1000671e:	46de      	mov	lr, fp
10006720:	4657      	mov	r7, sl
10006722:	4688      	mov	r8, r1
10006724:	b5e0      	push	{r5, r6, r7, lr}
10006726:	0005      	movs	r5, r0
10006728:	1e16      	subs	r6, r2, #0
1000672a:	d05a      	beq.n	100067e2 <tu_fifo_write_n+0xca>
1000672c:	6940      	ldr	r0, [r0, #20]
1000672e:	2800      	cmp	r0, #0
10006730:	d003      	beq.n	1000673a <tu_fifo_write_n+0x22>
10006732:	2101      	movs	r1, #1
10006734:	4249      	negs	r1, r1
10006736:	f000 fef7 	bl	10007528 <__mutex_enter_timeout_ms_veneer>
1000673a:	89ef      	ldrh	r7, [r5, #14]
1000673c:	7a2b      	ldrb	r3, [r5, #8]
1000673e:	8a29      	ldrh	r1, [r5, #16]
10006740:	b2bf      	uxth	r7, r7
10006742:	b289      	uxth	r1, r1
10006744:	2b00      	cmp	r3, #0
10006746:	d13b      	bne.n	100067c0 <tu_fifo_write_n+0xa8>
10006748:	1a7a      	subs	r2, r7, r1
1000674a:	88ab      	ldrh	r3, [r5, #4]
1000674c:	b292      	uxth	r2, r2
1000674e:	428f      	cmp	r7, r1
10006750:	d202      	bcs.n	10006758 <tu_fifo_write_n+0x40>
10006752:	8969      	ldrh	r1, [r5, #10]
10006754:	1a52      	subs	r2, r2, r1
10006756:	b292      	uxth	r2, r2
10006758:	1a9a      	subs	r2, r3, r2
1000675a:	1c11      	adds	r1, r2, #0
1000675c:	b292      	uxth	r2, r2
1000675e:	42b2      	cmp	r2, r6
10006760:	d853      	bhi.n	1000680a <tu_fifo_write_n+0xf2>
10006762:	88ea      	ldrh	r2, [r5, #6]
10006764:	b28e      	uxth	r6, r1
10006766:	4692      	mov	sl, r2
10006768:	1af2      	subs	r2, r6, r3
1000676a:	b292      	uxth	r2, r2
1000676c:	4691      	mov	r9, r2
1000676e:	003c      	movs	r4, r7
10006770:	429f      	cmp	r7, r3
10006772:	d303      	bcc.n	1000677c <tu_fifo_write_n+0x64>
10006774:	1ae4      	subs	r4, r4, r3
10006776:	b2a4      	uxth	r4, r4
10006778:	429c      	cmp	r4, r3
1000677a:	d2fb      	bcs.n	10006774 <tu_fifo_write_n+0x5c>
1000677c:	4650      	mov	r0, sl
1000677e:	682a      	ldr	r2, [r5, #0]
10006780:	4360      	muls	r0, r4
10006782:	4694      	mov	ip, r2
10006784:	1b1b      	subs	r3, r3, r4
10006786:	b29b      	uxth	r3, r3
10006788:	4652      	mov	r2, sl
1000678a:	4460      	add	r0, ip
1000678c:	429e      	cmp	r6, r3
1000678e:	d82a      	bhi.n	100067e6 <tu_fifo_write_n+0xce>
10006790:	4641      	mov	r1, r8
10006792:	4372      	muls	r2, r6
10006794:	f7fd fa9c 	bl	10003cd0 <__wrap___aeabi_memcpy>
10006798:	19f3      	adds	r3, r6, r7
1000679a:	b29b      	uxth	r3, r3
1000679c:	429f      	cmp	r7, r3
1000679e:	d81c      	bhi.n	100067da <tu_fifo_write_n+0xc2>
100067a0:	89aa      	ldrh	r2, [r5, #12]
100067a2:	429a      	cmp	r2, r3
100067a4:	d319      	bcc.n	100067da <tu_fifo_write_n+0xc2>
100067a6:	6968      	ldr	r0, [r5, #20]
100067a8:	81eb      	strh	r3, [r5, #14]
100067aa:	2800      	cmp	r0, #0
100067ac:	d001      	beq.n	100067b2 <tu_fifo_write_n+0x9a>
100067ae:	f000 fe9b 	bl	100074e8 <__mutex_exit_veneer>
100067b2:	0030      	movs	r0, r6
100067b4:	bcf0      	pop	{r4, r5, r6, r7}
100067b6:	46bb      	mov	fp, r7
100067b8:	46b2      	mov	sl, r6
100067ba:	46a9      	mov	r9, r5
100067bc:	46a0      	mov	r8, r4
100067be:	bdf8      	pop	{r3, r4, r5, r6, r7, pc}
100067c0:	88ea      	ldrh	r2, [r5, #6]
100067c2:	88ab      	ldrh	r3, [r5, #4]
100067c4:	4692      	mov	sl, r2
100067c6:	429e      	cmp	r6, r3
100067c8:	d321      	bcc.n	1000680e <tu_fifo_write_n+0xf6>
100067ca:	1af6      	subs	r6, r6, r3
100067cc:	4356      	muls	r6, r2
100067ce:	2200      	movs	r2, #0
100067d0:	44b0      	add	r8, r6
100067d2:	000f      	movs	r7, r1
100067d4:	001e      	movs	r6, r3
100067d6:	4691      	mov	r9, r2
100067d8:	e7c9      	b.n	1000676e <tu_fifo_write_n+0x56>
100067da:	896a      	ldrh	r2, [r5, #10]
100067dc:	189b      	adds	r3, r3, r2
100067de:	b29b      	uxth	r3, r3
100067e0:	e7e1      	b.n	100067a6 <tu_fifo_write_n+0x8e>
100067e2:	2600      	movs	r6, #0
100067e4:	e7e5      	b.n	100067b2 <tu_fifo_write_n+0x9a>
100067e6:	4353      	muls	r3, r2
100067e8:	b29b      	uxth	r3, r3
100067ea:	001a      	movs	r2, r3
100067ec:	4641      	mov	r1, r8
100067ee:	469b      	mov	fp, r3
100067f0:	f7fd fa6e 	bl	10003cd0 <__wrap___aeabi_memcpy>
100067f4:	0022      	movs	r2, r4
100067f6:	4653      	mov	r3, sl
100067f8:	4641      	mov	r1, r8
100067fa:	444a      	add	r2, r9
100067fc:	435a      	muls	r2, r3
100067fe:	6828      	ldr	r0, [r5, #0]
10006800:	b292      	uxth	r2, r2
10006802:	4459      	add	r1, fp
10006804:	f7fd fa64 	bl	10003cd0 <__wrap___aeabi_memcpy>
10006808:	e7c6      	b.n	10006798 <tu_fifo_write_n+0x80>
1000680a:	1c31      	adds	r1, r6, #0
1000680c:	e7a9      	b.n	10006762 <tu_fifo_write_n+0x4a>
1000680e:	1af2      	subs	r2, r6, r3
10006810:	b292      	uxth	r2, r2
10006812:	4691      	mov	r9, r2
10006814:	e7ab      	b.n	1000676e <tu_fifo_write_n+0x56>
10006816:	46c0      	nop			; (mov r8, r8)

10006818 <tu_fifo_clear>:
10006818:	b510      	push	{r4, lr}
1000681a:	0004      	movs	r4, r0
1000681c:	6940      	ldr	r0, [r0, #20]
1000681e:	2800      	cmp	r0, #0
10006820:	d003      	beq.n	1000682a <tu_fifo_clear+0x12>
10006822:	2101      	movs	r1, #1
10006824:	4249      	negs	r1, r1
10006826:	f000 fe7f 	bl	10007528 <__mutex_enter_timeout_ms_veneer>
1000682a:	69a0      	ldr	r0, [r4, #24]
1000682c:	2800      	cmp	r0, #0
1000682e:	d003      	beq.n	10006838 <tu_fifo_clear+0x20>
10006830:	2101      	movs	r1, #1
10006832:	4249      	negs	r1, r1
10006834:	f000 fe78 	bl	10007528 <__mutex_enter_timeout_ms_veneer>
10006838:	2300      	movs	r3, #0
1000683a:	81e3      	strh	r3, [r4, #14]
1000683c:	8223      	strh	r3, [r4, #16]
1000683e:	88a3      	ldrh	r3, [r4, #4]
10006840:	6960      	ldr	r0, [r4, #20]
10006842:	005b      	lsls	r3, r3, #1
10006844:	b29b      	uxth	r3, r3
10006846:	1e5a      	subs	r2, r3, #1
10006848:	425b      	negs	r3, r3
1000684a:	81a2      	strh	r2, [r4, #12]
1000684c:	8163      	strh	r3, [r4, #10]
1000684e:	2800      	cmp	r0, #0
10006850:	d001      	beq.n	10006856 <tu_fifo_clear+0x3e>
10006852:	f000 fe49 	bl	100074e8 <__mutex_exit_veneer>
10006856:	69a0      	ldr	r0, [r4, #24]
10006858:	2800      	cmp	r0, #0
1000685a:	d001      	beq.n	10006860 <tu_fifo_clear+0x48>
1000685c:	f000 fe44 	bl	100074e8 <__mutex_exit_veneer>
10006860:	2001      	movs	r0, #1
10006862:	bd10      	pop	{r4, pc}

10006864 <tu_fifo_set_overwritable>:
10006864:	b570      	push	{r4, r5, r6, lr}
10006866:	0004      	movs	r4, r0
10006868:	6940      	ldr	r0, [r0, #20]
1000686a:	000d      	movs	r5, r1
1000686c:	2800      	cmp	r0, #0
1000686e:	d003      	beq.n	10006878 <tu_fifo_set_overwritable+0x14>
10006870:	2101      	movs	r1, #1
10006872:	4249      	negs	r1, r1
10006874:	f000 fe58 	bl	10007528 <__mutex_enter_timeout_ms_veneer>
10006878:	69a0      	ldr	r0, [r4, #24]
1000687a:	2800      	cmp	r0, #0
1000687c:	d003      	beq.n	10006886 <tu_fifo_set_overwritable+0x22>
1000687e:	2101      	movs	r1, #1
10006880:	4249      	negs	r1, r1
10006882:	f000 fe51 	bl	10007528 <__mutex_enter_timeout_ms_veneer>
10006886:	6960      	ldr	r0, [r4, #20]
10006888:	7225      	strb	r5, [r4, #8]
1000688a:	2800      	cmp	r0, #0
1000688c:	d001      	beq.n	10006892 <tu_fifo_set_overwritable+0x2e>
1000688e:	f000 fe2b 	bl	100074e8 <__mutex_exit_veneer>
10006892:	69a0      	ldr	r0, [r4, #24]
10006894:	2800      	cmp	r0, #0
10006896:	d001      	beq.n	1000689c <tu_fifo_set_overwritable+0x38>
10006898:	f000 fe26 	bl	100074e8 <__mutex_exit_veneer>
1000689c:	2001      	movs	r0, #1
1000689e:	bd70      	pop	{r4, r5, r6, pc}

100068a0 <_retrieve_unique_id_on_boot>:
100068a0:	b510      	push	{r4, lr}
100068a2:	4802      	ldr	r0, [pc, #8]	; (100068ac <_retrieve_unique_id_on_boot+0xc>)
100068a4:	f000 f8d8 	bl	10006a58 <flash_get_unique_id>
100068a8:	bd10      	pop	{r4, pc}
100068aa:	46c0      	nop			; (mov r8, r8)
100068ac:	20002508 	.word	0x20002508

100068b0 <pico_get_unique_board_id_string>:
100068b0:	b530      	push	{r4, r5, lr}
100068b2:	1e4b      	subs	r3, r1, #1
100068b4:	2901      	cmp	r1, #1
100068b6:	d100      	bne.n	100068ba <pico_get_unique_board_id_string+0xa>
100068b8:	e0a7      	b.n	10006a0a <pico_get_unique_board_id_string+0x15a>
100068ba:	4a66      	ldr	r2, [pc, #408]	; (10006a54 <pico_get_unique_board_id_string+0x1a4>)
100068bc:	7811      	ldrb	r1, [r2, #0]
100068be:	110d      	asrs	r5, r1, #4
100068c0:	002c      	movs	r4, r5
100068c2:	3430      	adds	r4, #48	; 0x30
100068c4:	299f      	cmp	r1, #159	; 0x9f
100068c6:	d900      	bls.n	100068ca <pico_get_unique_board_id_string+0x1a>
100068c8:	e0a2      	b.n	10006a10 <pico_get_unique_board_id_string+0x160>
100068ca:	7004      	strb	r4, [r0, #0]
100068cc:	2b01      	cmp	r3, #1
100068ce:	d100      	bne.n	100068d2 <pico_get_unique_board_id_string+0x22>
100068d0:	e0be      	b.n	10006a50 <pico_get_unique_board_id_string+0x1a0>
100068d2:	210f      	movs	r1, #15
100068d4:	7814      	ldrb	r4, [r2, #0]
100068d6:	4021      	ands	r1, r4
100068d8:	000c      	movs	r4, r1
100068da:	3430      	adds	r4, #48	; 0x30
100068dc:	2909      	cmp	r1, #9
100068de:	dd00      	ble.n	100068e2 <pico_get_unique_board_id_string+0x32>
100068e0:	e098      	b.n	10006a14 <pico_get_unique_board_id_string+0x164>
100068e2:	7044      	strb	r4, [r0, #1]
100068e4:	2b02      	cmp	r3, #2
100068e6:	d100      	bne.n	100068ea <pico_get_unique_board_id_string+0x3a>
100068e8:	e0b2      	b.n	10006a50 <pico_get_unique_board_id_string+0x1a0>
100068ea:	7854      	ldrb	r4, [r2, #1]
100068ec:	1125      	asrs	r5, r4, #4
100068ee:	0029      	movs	r1, r5
100068f0:	3130      	adds	r1, #48	; 0x30
100068f2:	2c9f      	cmp	r4, #159	; 0x9f
100068f4:	d900      	bls.n	100068f8 <pico_get_unique_board_id_string+0x48>
100068f6:	e090      	b.n	10006a1a <pico_get_unique_board_id_string+0x16a>
100068f8:	7081      	strb	r1, [r0, #2]
100068fa:	2b03      	cmp	r3, #3
100068fc:	d100      	bne.n	10006900 <pico_get_unique_board_id_string+0x50>
100068fe:	e0a7      	b.n	10006a50 <pico_get_unique_board_id_string+0x1a0>
10006900:	210f      	movs	r1, #15
10006902:	4021      	ands	r1, r4
10006904:	000c      	movs	r4, r1
10006906:	3430      	adds	r4, #48	; 0x30
10006908:	2909      	cmp	r1, #9
1000690a:	dd00      	ble.n	1000690e <pico_get_unique_board_id_string+0x5e>
1000690c:	e087      	b.n	10006a1e <pico_get_unique_board_id_string+0x16e>
1000690e:	70c4      	strb	r4, [r0, #3]
10006910:	2b04      	cmp	r3, #4
10006912:	d100      	bne.n	10006916 <pico_get_unique_board_id_string+0x66>
10006914:	e09c      	b.n	10006a50 <pico_get_unique_board_id_string+0x1a0>
10006916:	7894      	ldrb	r4, [r2, #2]
10006918:	1125      	asrs	r5, r4, #4
1000691a:	0029      	movs	r1, r5
1000691c:	3130      	adds	r1, #48	; 0x30
1000691e:	2c9f      	cmp	r4, #159	; 0x9f
10006920:	d900      	bls.n	10006924 <pico_get_unique_board_id_string+0x74>
10006922:	e07f      	b.n	10006a24 <pico_get_unique_board_id_string+0x174>
10006924:	7101      	strb	r1, [r0, #4]
10006926:	2b05      	cmp	r3, #5
10006928:	d100      	bne.n	1000692c <pico_get_unique_board_id_string+0x7c>
1000692a:	e091      	b.n	10006a50 <pico_get_unique_board_id_string+0x1a0>
1000692c:	210f      	movs	r1, #15
1000692e:	4021      	ands	r1, r4
10006930:	000c      	movs	r4, r1
10006932:	3430      	adds	r4, #48	; 0x30
10006934:	2909      	cmp	r1, #9
10006936:	dd00      	ble.n	1000693a <pico_get_unique_board_id_string+0x8a>
10006938:	e076      	b.n	10006a28 <pico_get_unique_board_id_string+0x178>
1000693a:	7144      	strb	r4, [r0, #5]
1000693c:	2b06      	cmp	r3, #6
1000693e:	d100      	bne.n	10006942 <pico_get_unique_board_id_string+0x92>
10006940:	e086      	b.n	10006a50 <pico_get_unique_board_id_string+0x1a0>
10006942:	78d4      	ldrb	r4, [r2, #3]
10006944:	1125      	asrs	r5, r4, #4
10006946:	0029      	movs	r1, r5
10006948:	3130      	adds	r1, #48	; 0x30
1000694a:	2c9f      	cmp	r4, #159	; 0x9f
1000694c:	d900      	bls.n	10006950 <pico_get_unique_board_id_string+0xa0>
1000694e:	e06e      	b.n	10006a2e <pico_get_unique_board_id_string+0x17e>
10006950:	7181      	strb	r1, [r0, #6]
10006952:	2b07      	cmp	r3, #7
10006954:	d100      	bne.n	10006958 <pico_get_unique_board_id_string+0xa8>
10006956:	e07b      	b.n	10006a50 <pico_get_unique_board_id_string+0x1a0>
10006958:	210f      	movs	r1, #15
1000695a:	4021      	ands	r1, r4
1000695c:	000c      	movs	r4, r1
1000695e:	3430      	adds	r4, #48	; 0x30
10006960:	2909      	cmp	r1, #9
10006962:	dc66      	bgt.n	10006a32 <pico_get_unique_board_id_string+0x182>
10006964:	71c4      	strb	r4, [r0, #7]
10006966:	2b08      	cmp	r3, #8
10006968:	d100      	bne.n	1000696c <pico_get_unique_board_id_string+0xbc>
1000696a:	e071      	b.n	10006a50 <pico_get_unique_board_id_string+0x1a0>
1000696c:	7914      	ldrb	r4, [r2, #4]
1000696e:	1125      	asrs	r5, r4, #4
10006970:	0029      	movs	r1, r5
10006972:	3130      	adds	r1, #48	; 0x30
10006974:	2c9f      	cmp	r4, #159	; 0x9f
10006976:	d85f      	bhi.n	10006a38 <pico_get_unique_board_id_string+0x188>
10006978:	7201      	strb	r1, [r0, #8]
1000697a:	2b09      	cmp	r3, #9
1000697c:	d068      	beq.n	10006a50 <pico_get_unique_board_id_string+0x1a0>
1000697e:	210f      	movs	r1, #15
10006980:	4021      	ands	r1, r4
10006982:	000c      	movs	r4, r1
10006984:	3430      	adds	r4, #48	; 0x30
10006986:	2909      	cmp	r1, #9
10006988:	dc58      	bgt.n	10006a3c <pico_get_unique_board_id_string+0x18c>
1000698a:	7244      	strb	r4, [r0, #9]
1000698c:	2b0a      	cmp	r3, #10
1000698e:	d05f      	beq.n	10006a50 <pico_get_unique_board_id_string+0x1a0>
10006990:	7954      	ldrb	r4, [r2, #5]
10006992:	1125      	asrs	r5, r4, #4
10006994:	0029      	movs	r1, r5
10006996:	3130      	adds	r1, #48	; 0x30
10006998:	2c9f      	cmp	r4, #159	; 0x9f
1000699a:	d852      	bhi.n	10006a42 <pico_get_unique_board_id_string+0x192>
1000699c:	7281      	strb	r1, [r0, #10]
1000699e:	2b0b      	cmp	r3, #11
100069a0:	d056      	beq.n	10006a50 <pico_get_unique_board_id_string+0x1a0>
100069a2:	210f      	movs	r1, #15
100069a4:	4021      	ands	r1, r4
100069a6:	000c      	movs	r4, r1
100069a8:	3430      	adds	r4, #48	; 0x30
100069aa:	2909      	cmp	r1, #9
100069ac:	dc4b      	bgt.n	10006a46 <pico_get_unique_board_id_string+0x196>
100069ae:	72c4      	strb	r4, [r0, #11]
100069b0:	2b0c      	cmp	r3, #12
100069b2:	d04d      	beq.n	10006a50 <pico_get_unique_board_id_string+0x1a0>
100069b4:	7994      	ldrb	r4, [r2, #6]
100069b6:	1125      	asrs	r5, r4, #4
100069b8:	0029      	movs	r1, r5
100069ba:	3130      	adds	r1, #48	; 0x30
100069bc:	2c9f      	cmp	r4, #159	; 0x9f
100069be:	d900      	bls.n	100069c2 <pico_get_unique_board_id_string+0x112>
100069c0:	3107      	adds	r1, #7
100069c2:	7301      	strb	r1, [r0, #12]
100069c4:	2b0d      	cmp	r3, #13
100069c6:	d043      	beq.n	10006a50 <pico_get_unique_board_id_string+0x1a0>
100069c8:	210f      	movs	r1, #15
100069ca:	4021      	ands	r1, r4
100069cc:	000c      	movs	r4, r1
100069ce:	3430      	adds	r4, #48	; 0x30
100069d0:	2909      	cmp	r1, #9
100069d2:	dd01      	ble.n	100069d8 <pico_get_unique_board_id_string+0x128>
100069d4:	3137      	adds	r1, #55	; 0x37
100069d6:	000c      	movs	r4, r1
100069d8:	7344      	strb	r4, [r0, #13]
100069da:	2b0e      	cmp	r3, #14
100069dc:	d038      	beq.n	10006a50 <pico_get_unique_board_id_string+0x1a0>
100069de:	79d1      	ldrb	r1, [r2, #7]
100069e0:	110c      	asrs	r4, r1, #4
100069e2:	0022      	movs	r2, r4
100069e4:	3230      	adds	r2, #48	; 0x30
100069e6:	299f      	cmp	r1, #159	; 0x9f
100069e8:	d900      	bls.n	100069ec <pico_get_unique_board_id_string+0x13c>
100069ea:	3207      	adds	r2, #7
100069ec:	7382      	strb	r2, [r0, #14]
100069ee:	2b0f      	cmp	r3, #15
100069f0:	d02e      	beq.n	10006a50 <pico_get_unique_board_id_string+0x1a0>
100069f2:	220f      	movs	r2, #15
100069f4:	400a      	ands	r2, r1
100069f6:	0011      	movs	r1, r2
100069f8:	3137      	adds	r1, #55	; 0x37
100069fa:	2a09      	cmp	r2, #9
100069fc:	dc01      	bgt.n	10006a02 <pico_get_unique_board_id_string+0x152>
100069fe:	3230      	adds	r2, #48	; 0x30
10006a00:	0011      	movs	r1, r2
10006a02:	73c1      	strb	r1, [r0, #15]
10006a04:	2b10      	cmp	r3, #16
10006a06:	d023      	beq.n	10006a50 <pico_get_unique_board_id_string+0x1a0>
10006a08:	3010      	adds	r0, #16
10006a0a:	2300      	movs	r3, #0
10006a0c:	7003      	strb	r3, [r0, #0]
10006a0e:	bd30      	pop	{r4, r5, pc}
10006a10:	3407      	adds	r4, #7
10006a12:	e75a      	b.n	100068ca <pico_get_unique_board_id_string+0x1a>
10006a14:	3137      	adds	r1, #55	; 0x37
10006a16:	000c      	movs	r4, r1
10006a18:	e763      	b.n	100068e2 <pico_get_unique_board_id_string+0x32>
10006a1a:	3107      	adds	r1, #7
10006a1c:	e76c      	b.n	100068f8 <pico_get_unique_board_id_string+0x48>
10006a1e:	3137      	adds	r1, #55	; 0x37
10006a20:	000c      	movs	r4, r1
10006a22:	e774      	b.n	1000690e <pico_get_unique_board_id_string+0x5e>
10006a24:	3107      	adds	r1, #7
10006a26:	e77d      	b.n	10006924 <pico_get_unique_board_id_string+0x74>
10006a28:	3137      	adds	r1, #55	; 0x37
10006a2a:	000c      	movs	r4, r1
10006a2c:	e785      	b.n	1000693a <pico_get_unique_board_id_string+0x8a>
10006a2e:	3107      	adds	r1, #7
10006a30:	e78e      	b.n	10006950 <pico_get_unique_board_id_string+0xa0>
10006a32:	3137      	adds	r1, #55	; 0x37
10006a34:	000c      	movs	r4, r1
10006a36:	e795      	b.n	10006964 <pico_get_unique_board_id_string+0xb4>
10006a38:	3107      	adds	r1, #7
10006a3a:	e79d      	b.n	10006978 <pico_get_unique_board_id_string+0xc8>
10006a3c:	3137      	adds	r1, #55	; 0x37
10006a3e:	000c      	movs	r4, r1
10006a40:	e7a3      	b.n	1000698a <pico_get_unique_board_id_string+0xda>
10006a42:	3107      	adds	r1, #7
10006a44:	e7aa      	b.n	1000699c <pico_get_unique_board_id_string+0xec>
10006a46:	3137      	adds	r1, #55	; 0x37
10006a48:	000c      	movs	r4, r1
10006a4a:	72c4      	strb	r4, [r0, #11]
10006a4c:	2b0c      	cmp	r3, #12
10006a4e:	d1b1      	bne.n	100069b4 <pico_get_unique_board_id_string+0x104>
10006a50:	18c0      	adds	r0, r0, r3
10006a52:	e7da      	b.n	10006a0a <pico_get_unique_board_id_string+0x15a>
10006a54:	20002508 	.word	0x20002508

10006a58 <flash_get_unique_id>:
10006a58:	b530      	push	{r4, r5, lr}
10006a5a:	2500      	movs	r5, #0
10006a5c:	b089      	sub	sp, #36	; 0x24
10006a5e:	0004      	movs	r4, r0
10006a60:	2209      	movs	r2, #9
10006a62:	2100      	movs	r1, #0
10006a64:	a801      	add	r0, sp, #4
10006a66:	9500      	str	r5, [sp, #0]
10006a68:	f7fd f92c 	bl	10003cc4 <__wrap_memset>
10006a6c:	2209      	movs	r2, #9
10006a6e:	2100      	movs	r1, #0
10006a70:	a805      	add	r0, sp, #20
10006a72:	9504      	str	r5, [sp, #16]
10006a74:	f7fd f926 	bl	10003cc4 <__wrap_memset>
10006a78:	234b      	movs	r3, #75	; 0x4b
10006a7a:	466a      	mov	r2, sp
10006a7c:	4668      	mov	r0, sp
10006a7e:	7013      	strb	r3, [r2, #0]
10006a80:	a904      	add	r1, sp, #16
10006a82:	220d      	movs	r2, #13
10006a84:	f000 fd28 	bl	100074d8 <__flash_do_cmd_veneer>
10006a88:	2115      	movs	r1, #21
10006a8a:	2208      	movs	r2, #8
10006a8c:	0020      	movs	r0, r4
10006a8e:	4469      	add	r1, sp
10006a90:	f7fd f91e 	bl	10003cd0 <__wrap___aeabi_memcpy>
10006a94:	b009      	add	sp, #36	; 0x24
10006a96:	bd30      	pop	{r4, r5, pc}

10006a98 <spi_init>:
10006a98:	b5f8      	push	{r3, r4, r5, r6, r7, lr}
10006a9a:	4657      	mov	r7, sl
10006a9c:	4682      	mov	sl, r0
10006a9e:	4b38      	ldr	r3, [pc, #224]	; (10006b80 <spi_init+0xe8>)
10006aa0:	4645      	mov	r5, r8
10006aa2:	4453      	add	r3, sl
10006aa4:	425a      	negs	r2, r3
10006aa6:	4153      	adcs	r3, r2
10006aa8:	2280      	movs	r2, #128	; 0x80
10006aaa:	0292      	lsls	r2, r2, #10
10006aac:	4694      	mov	ip, r2
10006aae:	46de      	mov	lr, fp
10006ab0:	464e      	mov	r6, r9
10006ab2:	425b      	negs	r3, r3
10006ab4:	0c1b      	lsrs	r3, r3, #16
10006ab6:	4a33      	ldr	r2, [pc, #204]	; (10006b84 <spi_init+0xec>)
10006ab8:	041b      	lsls	r3, r3, #16
10006aba:	4463      	add	r3, ip
10006abc:	b5e0      	push	{r5, r6, r7, lr}
10006abe:	6013      	str	r3, [r2, #0]
10006ac0:	4a31      	ldr	r2, [pc, #196]	; (10006b88 <spi_init+0xf0>)
10006ac2:	000d      	movs	r5, r1
10006ac4:	4931      	ldr	r1, [pc, #196]	; (10006b8c <spi_init+0xf4>)
10006ac6:	6013      	str	r3, [r2, #0]
10006ac8:	0018      	movs	r0, r3
10006aca:	688a      	ldr	r2, [r1, #8]
10006acc:	4390      	bics	r0, r2
10006ace:	4681      	mov	r9, r0
10006ad0:	d1fa      	bne.n	10006ac8 <spi_init+0x30>
10006ad2:	2006      	movs	r0, #6
10006ad4:	f7fb f916 	bl	10001d04 <clock_get_hz>
10006ad8:	4680      	mov	r8, r0
10006ada:	2080      	movs	r0, #128	; 0x80
10006adc:	2102      	movs	r1, #2
10006ade:	0def      	lsrs	r7, r5, #23
10006ae0:	026e      	lsls	r6, r5, #9
10006ae2:	0dab      	lsrs	r3, r5, #22
10006ae4:	02aa      	lsls	r2, r5, #10
10006ae6:	0040      	lsls	r0, r0, #1
10006ae8:	e005      	b.n	10006af6 <spi_init+0x5e>
10006aea:	4590      	cmp	r8, r2
10006aec:	d307      	bcc.n	10006afe <spi_init+0x66>
10006aee:	1992      	adds	r2, r2, r6
10006af0:	417b      	adcs	r3, r7
10006af2:	4281      	cmp	r1, r0
10006af4:	d03f      	beq.n	10006b76 <spi_init+0xde>
10006af6:	000c      	movs	r4, r1
10006af8:	3102      	adds	r1, #2
10006afa:	2b00      	cmp	r3, #0
10006afc:	d0f5      	beq.n	10006aea <spi_init+0x52>
10006afe:	2680      	movs	r6, #128	; 0x80
10006b00:	0227      	lsls	r7, r4, #8
10006b02:	1b3f      	subs	r7, r7, r4
10006b04:	0076      	lsls	r6, r6, #1
10006b06:	e002      	b.n	10006b0e <spi_init+0x76>
10006b08:	1b3f      	subs	r7, r7, r4
10006b0a:	2e01      	cmp	r6, #1
10006b0c:	d035      	beq.n	10006b7a <spi_init+0xe2>
10006b0e:	0039      	movs	r1, r7
10006b10:	4640      	mov	r0, r8
10006b12:	46b3      	mov	fp, r6
10006b14:	3e01      	subs	r6, #1
10006b16:	f7fc fcff 	bl	10003518 <__wrap___aeabi_uidiv>
10006b1a:	4285      	cmp	r5, r0
10006b1c:	d2f4      	bcs.n	10006b08 <spi_init+0x70>
10006b1e:	4659      	mov	r1, fp
10006b20:	0233      	lsls	r3, r6, #8
10006b22:	4699      	mov	r9, r3
10006b24:	4361      	muls	r1, r4
10006b26:	4653      	mov	r3, sl
10006b28:	464a      	mov	r2, r9
10006b2a:	611c      	str	r4, [r3, #16]
10006b2c:	681b      	ldr	r3, [r3, #0]
10006b2e:	4650      	mov	r0, sl
10006b30:	4053      	eors	r3, r2
10006b32:	22ff      	movs	r2, #255	; 0xff
10006b34:	0212      	lsls	r2, r2, #8
10006b36:	4013      	ands	r3, r2
10006b38:	2280      	movs	r2, #128	; 0x80
10006b3a:	0152      	lsls	r2, r2, #5
10006b3c:	4302      	orrs	r2, r0
10006b3e:	6013      	str	r3, [r2, #0]
10006b40:	6803      	ldr	r3, [r0, #0]
10006b42:	2007      	movs	r0, #7
10006b44:	4058      	eors	r0, r3
10006b46:	23cf      	movs	r3, #207	; 0xcf
10006b48:	4003      	ands	r3, r0
10006b4a:	6013      	str	r3, [r2, #0]
10006b4c:	4652      	mov	r2, sl
10006b4e:	2380      	movs	r3, #128	; 0x80
10006b50:	2003      	movs	r0, #3
10006b52:	019b      	lsls	r3, r3, #6
10006b54:	3224      	adds	r2, #36	; 0x24
10006b56:	431a      	orrs	r2, r3
10006b58:	6010      	str	r0, [r2, #0]
10006b5a:	4652      	mov	r2, sl
10006b5c:	1d10      	adds	r0, r2, #4
10006b5e:	4318      	orrs	r0, r3
10006b60:	2302      	movs	r3, #2
10006b62:	6003      	str	r3, [r0, #0]
10006b64:	4640      	mov	r0, r8
10006b66:	f7fc fcd7 	bl	10003518 <__wrap___aeabi_uidiv>
10006b6a:	bcf0      	pop	{r4, r5, r6, r7}
10006b6c:	46bb      	mov	fp, r7
10006b6e:	46b2      	mov	sl, r6
10006b70:	46a9      	mov	r9, r5
10006b72:	46a0      	mov	r8, r4
10006b74:	bdf8      	pop	{r3, r4, r5, r6, r7, pc}
10006b76:	000c      	movs	r4, r1
10006b78:	e7c1      	b.n	10006afe <spi_init+0x66>
10006b7a:	0021      	movs	r1, r4
10006b7c:	e7d3      	b.n	10006b26 <spi_init+0x8e>
10006b7e:	46c0      	nop			; (mov r8, r8)
10006b80:	bffc4000 	.word	0xbffc4000
10006b84:	4000e000 	.word	0x4000e000
10006b88:	4000f000 	.word	0x4000f000
10006b8c:	4000c000 	.word	0x4000c000

10006b90 <_ZN5Print17availableForWriteEv>:
10006b90:	2000      	movs	r0, #0
10006b92:	4770      	bx	lr

10006b94 <_ZN9LoRaClass5flushEv>:
10006b94:	4770      	bx	lr
10006b96:	46c0      	nop			; (mov r8, r8)

10006b98 <_ZN9LoRaClass9availableEv>:
10006b98:	b5f0      	push	{r4, r5, r6, r7, lr}
10006b9a:	46ce      	mov	lr, r9
10006b9c:	4647      	mov	r7, r8
10006b9e:	b580      	push	{r7, lr}
10006ba0:	b083      	sub	sp, #12
10006ba2:	466b      	mov	r3, sp
10006ba4:	1d59      	adds	r1, r3, #5
10006ba6:	2313      	movs	r3, #19
10006ba8:	700b      	strb	r3, [r1, #0]
10006baa:	3b0d      	subs	r3, #13
10006bac:	446b      	add	r3, sp
10006bae:	4699      	mov	r9, r3
10006bb0:	2501      	movs	r5, #1
10006bb2:	464a      	mov	r2, r9
10006bb4:	2300      	movs	r3, #0
10006bb6:	7013      	strb	r3, [r2, #0]
10006bb8:	002b      	movs	r3, r5
10006bba:	68c2      	ldr	r2, [r0, #12]
10006bbc:	27d0      	movs	r7, #208	; 0xd0
10006bbe:	4093      	lsls	r3, r2
10006bc0:	063f      	lsls	r7, r7, #24
10006bc2:	61bb      	str	r3, [r7, #24]
10006bc4:	4b0c      	ldr	r3, [pc, #48]	; (10006bf8 <_ZN9LoRaClass9availableEv+0x60>)
10006bc6:	0004      	movs	r4, r0
10006bc8:	2201      	movs	r2, #1
10006bca:	0018      	movs	r0, r3
10006bcc:	4698      	mov	r8, r3
10006bce:	f000 fcb3 	bl	10007538 <__spi_write_blocking_veneer>
10006bd2:	466b      	mov	r3, sp
10006bd4:	1dde      	adds	r6, r3, #7
10006bd6:	0032      	movs	r2, r6
10006bd8:	2301      	movs	r3, #1
10006bda:	4649      	mov	r1, r9
10006bdc:	4640      	mov	r0, r8
10006bde:	f000 fcb3 	bl	10007548 <__spi_write_read_blocking_veneer>
10006be2:	68e3      	ldr	r3, [r4, #12]
10006be4:	409d      	lsls	r5, r3
10006be6:	617d      	str	r5, [r7, #20]
10006be8:	7830      	ldrb	r0, [r6, #0]
10006bea:	69e3      	ldr	r3, [r4, #28]
10006bec:	1ac0      	subs	r0, r0, r3
10006bee:	b003      	add	sp, #12
10006bf0:	bcc0      	pop	{r6, r7}
10006bf2:	46b9      	mov	r9, r7
10006bf4:	46b0      	mov	r8, r6
10006bf6:	bdf0      	pop	{r4, r5, r6, r7, pc}
10006bf8:	4003c000 	.word	0x4003c000

10006bfc <_ZN9LoRaClass4readEv>:
10006bfc:	b5f0      	push	{r4, r5, r6, r7, lr}
10006bfe:	46c6      	mov	lr, r8
10006c00:	b500      	push	{lr}
10006c02:	6803      	ldr	r3, [r0, #0]
10006c04:	4a2a      	ldr	r2, [pc, #168]	; (10006cb0 <_ZN9LoRaClass4readEv+0xb4>)
10006c06:	691b      	ldr	r3, [r3, #16]
10006c08:	0004      	movs	r4, r0
10006c0a:	b082      	sub	sp, #8
10006c0c:	4293      	cmp	r3, r2
10006c0e:	d14a      	bne.n	10006ca6 <_ZN9LoRaClass4readEv+0xaa>
10006c10:	466b      	mov	r3, sp
10006c12:	1d59      	adds	r1, r3, #5
10006c14:	2313      	movs	r3, #19
10006c16:	700b      	strb	r3, [r1, #0]
10006c18:	3b0d      	subs	r3, #13
10006c1a:	446b      	add	r3, sp
10006c1c:	4698      	mov	r8, r3
10006c1e:	2501      	movs	r5, #1
10006c20:	2300      	movs	r3, #0
10006c22:	4642      	mov	r2, r8
10006c24:	7013      	strb	r3, [r2, #0]
10006c26:	002b      	movs	r3, r5
10006c28:	68c2      	ldr	r2, [r0, #12]
10006c2a:	27d0      	movs	r7, #208	; 0xd0
10006c2c:	4093      	lsls	r3, r2
10006c2e:	063f      	lsls	r7, r7, #24
10006c30:	2201      	movs	r2, #1
10006c32:	61bb      	str	r3, [r7, #24]
10006c34:	481f      	ldr	r0, [pc, #124]	; (10006cb4 <_ZN9LoRaClass4readEv+0xb8>)
10006c36:	f000 fc7f 	bl	10007538 <__spi_write_blocking_veneer>
10006c3a:	466b      	mov	r3, sp
10006c3c:	1dde      	adds	r6, r3, #7
10006c3e:	0032      	movs	r2, r6
10006c40:	2301      	movs	r3, #1
10006c42:	4641      	mov	r1, r8
10006c44:	481b      	ldr	r0, [pc, #108]	; (10006cb4 <_ZN9LoRaClass4readEv+0xb8>)
10006c46:	f000 fc7f 	bl	10007548 <__spi_write_read_blocking_veneer>
10006c4a:	68e3      	ldr	r3, [r4, #12]
10006c4c:	409d      	lsls	r5, r3
10006c4e:	617d      	str	r5, [r7, #20]
10006c50:	7830      	ldrb	r0, [r6, #0]
10006c52:	69e3      	ldr	r3, [r4, #28]
10006c54:	1ac0      	subs	r0, r0, r3
10006c56:	2800      	cmp	r0, #0
10006c58:	d027      	beq.n	10006caa <_ZN9LoRaClass4readEv+0xae>
10006c5a:	69e3      	ldr	r3, [r4, #28]
10006c5c:	2206      	movs	r2, #6
10006c5e:	3301      	adds	r3, #1
10006c60:	61e3      	str	r3, [r4, #28]
10006c62:	466b      	mov	r3, sp
10006c64:	2501      	movs	r5, #1
10006c66:	1d59      	adds	r1, r3, #5
10006c68:	2300      	movs	r3, #0
10006c6a:	446a      	add	r2, sp
10006c6c:	700b      	strb	r3, [r1, #0]
10006c6e:	7013      	strb	r3, [r2, #0]
10006c70:	002b      	movs	r3, r5
10006c72:	4690      	mov	r8, r2
10006c74:	68e2      	ldr	r2, [r4, #12]
10006c76:	27d0      	movs	r7, #208	; 0xd0
10006c78:	4093      	lsls	r3, r2
10006c7a:	063f      	lsls	r7, r7, #24
10006c7c:	2201      	movs	r2, #1
10006c7e:	61bb      	str	r3, [r7, #24]
10006c80:	480c      	ldr	r0, [pc, #48]	; (10006cb4 <_ZN9LoRaClass4readEv+0xb8>)
10006c82:	f000 fc59 	bl	10007538 <__spi_write_blocking_veneer>
10006c86:	466b      	mov	r3, sp
10006c88:	1dde      	adds	r6, r3, #7
10006c8a:	0032      	movs	r2, r6
10006c8c:	2301      	movs	r3, #1
10006c8e:	4641      	mov	r1, r8
10006c90:	4808      	ldr	r0, [pc, #32]	; (10006cb4 <_ZN9LoRaClass4readEv+0xb8>)
10006c92:	f000 fc59 	bl	10007548 <__spi_write_read_blocking_veneer>
10006c96:	68e3      	ldr	r3, [r4, #12]
10006c98:	409d      	lsls	r5, r3
10006c9a:	617d      	str	r5, [r7, #20]
10006c9c:	7830      	ldrb	r0, [r6, #0]
10006c9e:	b002      	add	sp, #8
10006ca0:	bc80      	pop	{r7}
10006ca2:	46b8      	mov	r8, r7
10006ca4:	bdf0      	pop	{r4, r5, r6, r7, pc}
10006ca6:	4798      	blx	r3
10006ca8:	e7d5      	b.n	10006c56 <_ZN9LoRaClass4readEv+0x5a>
10006caa:	2001      	movs	r0, #1
10006cac:	4240      	negs	r0, r0
10006cae:	e7f6      	b.n	10006c9e <_ZN9LoRaClass4readEv+0xa2>
10006cb0:	10006b99 	.word	0x10006b99
10006cb4:	4003c000 	.word	0x4003c000

10006cb8 <_ZN9LoRaClass5writeEPKhj>:
10006cb8:	b5f0      	push	{r4, r5, r6, r7, lr}
10006cba:	46de      	mov	lr, fp
10006cbc:	4657      	mov	r7, sl
10006cbe:	464e      	mov	r6, r9
10006cc0:	4645      	mov	r5, r8
10006cc2:	b5e0      	push	{r5, r6, r7, lr}
10006cc4:	b085      	sub	sp, #20
10006cc6:	ab02      	add	r3, sp, #8
10006cc8:	1d5f      	adds	r7, r3, #5
10006cca:	2322      	movs	r3, #34	; 0x22
10006ccc:	703b      	strb	r3, [r7, #0]
10006cce:	ab02      	add	r3, sp, #8
10006cd0:	1d9e      	adds	r6, r3, #6
10006cd2:	2501      	movs	r5, #1
10006cd4:	2300      	movs	r3, #0
10006cd6:	7033      	strb	r3, [r6, #0]
10006cd8:	002b      	movs	r3, r5
10006cda:	000c      	movs	r4, r1
10006cdc:	68c1      	ldr	r1, [r0, #12]
10006cde:	9200      	str	r2, [sp, #0]
10006ce0:	408b      	lsls	r3, r1
10006ce2:	21d0      	movs	r1, #208	; 0xd0
10006ce4:	0609      	lsls	r1, r1, #24
10006ce6:	618b      	str	r3, [r1, #24]
10006ce8:	4681      	mov	r9, r0
10006cea:	4693      	mov	fp, r2
10006cec:	4688      	mov	r8, r1
10006cee:	2201      	movs	r2, #1
10006cf0:	0039      	movs	r1, r7
10006cf2:	4831      	ldr	r0, [pc, #196]	; (10006db8 <_ZN9LoRaClass5writeEPKhj+0x100>)
10006cf4:	f000 fc20 	bl	10007538 <__spi_write_blocking_veneer>
10006cf8:	aa02      	add	r2, sp, #8
10006cfa:	4694      	mov	ip, r2
10006cfc:	2307      	movs	r3, #7
10006cfe:	4463      	add	r3, ip
10006d00:	469a      	mov	sl, r3
10006d02:	0031      	movs	r1, r6
10006d04:	2301      	movs	r3, #1
10006d06:	4652      	mov	r2, sl
10006d08:	482b      	ldr	r0, [pc, #172]	; (10006db8 <_ZN9LoRaClass5writeEPKhj+0x100>)
10006d0a:	f000 fc1d 	bl	10007548 <__spi_write_read_blocking_veneer>
10006d0e:	464b      	mov	r3, r9
10006d10:	68db      	ldr	r3, [r3, #12]
10006d12:	4641      	mov	r1, r8
10006d14:	409d      	lsls	r5, r3
10006d16:	614d      	str	r5, [r1, #20]
10006d18:	4651      	mov	r1, sl
10006d1a:	46dc      	mov	ip, fp
10006d1c:	7809      	ldrb	r1, [r1, #0]
10006d1e:	002a      	movs	r2, r5
10006d20:	448c      	add	ip, r1
10006d22:	4660      	mov	r0, ip
10006d24:	9001      	str	r0, [sp, #4]
10006d26:	28ff      	cmp	r0, #255	; 0xff
10006d28:	d903      	bls.n	10006d32 <_ZN9LoRaClass5writeEPKhj+0x7a>
10006d2a:	20ff      	movs	r0, #255	; 0xff
10006d2c:	1a41      	subs	r1, r0, r1
10006d2e:	9100      	str	r1, [sp, #0]
10006d30:	9001      	str	r0, [sp, #4]
10006d32:	9900      	ldr	r1, [sp, #0]
10006d34:	2900      	cmp	r1, #0
10006d36:	d01f      	beq.n	10006d78 <_ZN9LoRaClass5writeEPKhj+0xc0>
10006d38:	2201      	movs	r2, #1
10006d3a:	468b      	mov	fp, r1
10006d3c:	4690      	mov	r8, r2
10006d3e:	44a3      	add	fp, r4
10006d40:	7822      	ldrb	r2, [r4, #0]
10006d42:	25d0      	movs	r5, #208	; 0xd0
10006d44:	7032      	strb	r2, [r6, #0]
10006d46:	4642      	mov	r2, r8
10006d48:	2180      	movs	r1, #128	; 0x80
10006d4a:	409a      	lsls	r2, r3
10006d4c:	062d      	lsls	r5, r5, #24
10006d4e:	7039      	strb	r1, [r7, #0]
10006d50:	4819      	ldr	r0, [pc, #100]	; (10006db8 <_ZN9LoRaClass5writeEPKhj+0x100>)
10006d52:	0039      	movs	r1, r7
10006d54:	61aa      	str	r2, [r5, #24]
10006d56:	2201      	movs	r2, #1
10006d58:	f000 fbee 	bl	10007538 <__spi_write_blocking_veneer>
10006d5c:	2301      	movs	r3, #1
10006d5e:	4652      	mov	r2, sl
10006d60:	0031      	movs	r1, r6
10006d62:	4815      	ldr	r0, [pc, #84]	; (10006db8 <_ZN9LoRaClass5writeEPKhj+0x100>)
10006d64:	f000 fbf0 	bl	10007548 <__spi_write_read_blocking_veneer>
10006d68:	464b      	mov	r3, r9
10006d6a:	4642      	mov	r2, r8
10006d6c:	68db      	ldr	r3, [r3, #12]
10006d6e:	3401      	adds	r4, #1
10006d70:	409a      	lsls	r2, r3
10006d72:	616a      	str	r2, [r5, #20]
10006d74:	455c      	cmp	r4, fp
10006d76:	d1e3      	bne.n	10006d40 <_ZN9LoRaClass5writeEPKhj+0x88>
10006d78:	23a2      	movs	r3, #162	; 0xa2
10006d7a:	24d0      	movs	r4, #208	; 0xd0
10006d7c:	703b      	strb	r3, [r7, #0]
10006d7e:	9b01      	ldr	r3, [sp, #4]
10006d80:	0624      	lsls	r4, r4, #24
10006d82:	7033      	strb	r3, [r6, #0]
10006d84:	0039      	movs	r1, r7
10006d86:	61a2      	str	r2, [r4, #24]
10006d88:	480b      	ldr	r0, [pc, #44]	; (10006db8 <_ZN9LoRaClass5writeEPKhj+0x100>)
10006d8a:	2201      	movs	r2, #1
10006d8c:	f000 fbd4 	bl	10007538 <__spi_write_blocking_veneer>
10006d90:	4652      	mov	r2, sl
10006d92:	2301      	movs	r3, #1
10006d94:	0031      	movs	r1, r6
10006d96:	4808      	ldr	r0, [pc, #32]	; (10006db8 <_ZN9LoRaClass5writeEPKhj+0x100>)
10006d98:	f000 fbd6 	bl	10007548 <__spi_write_read_blocking_veneer>
10006d9c:	464b      	mov	r3, r9
10006d9e:	68da      	ldr	r2, [r3, #12]
10006da0:	2301      	movs	r3, #1
10006da2:	4093      	lsls	r3, r2
10006da4:	9800      	ldr	r0, [sp, #0]
10006da6:	6163      	str	r3, [r4, #20]
10006da8:	b005      	add	sp, #20
10006daa:	bcf0      	pop	{r4, r5, r6, r7}
10006dac:	46bb      	mov	fp, r7
10006dae:	46b2      	mov	sl, r6
10006db0:	46a9      	mov	r9, r5
10006db2:	46a0      	mov	r8, r4
10006db4:	bdf0      	pop	{r4, r5, r6, r7, pc}
10006db6:	46c0      	nop			; (mov r8, r8)
10006db8:	4003c000 	.word	0x4003c000

10006dbc <_ZN9LoRaClass4peekEv>:
10006dbc:	b5f0      	push	{r4, r5, r6, r7, lr}
10006dbe:	46c6      	mov	lr, r8
10006dc0:	b500      	push	{lr}
10006dc2:	6803      	ldr	r3, [r0, #0]
10006dc4:	4a43      	ldr	r2, [pc, #268]	; (10006ed4 <_ZN9LoRaClass4peekEv+0x118>)
10006dc6:	691b      	ldr	r3, [r3, #16]
10006dc8:	0004      	movs	r4, r0
10006dca:	b082      	sub	sp, #8
10006dcc:	4293      	cmp	r3, r2
10006dce:	d000      	beq.n	10006dd2 <_ZN9LoRaClass4peekEv+0x16>
10006dd0:	e07a      	b.n	10006ec8 <_ZN9LoRaClass4peekEv+0x10c>
10006dd2:	466b      	mov	r3, sp
10006dd4:	1d59      	adds	r1, r3, #5
10006dd6:	2313      	movs	r3, #19
10006dd8:	700b      	strb	r3, [r1, #0]
10006dda:	3b0d      	subs	r3, #13
10006ddc:	446b      	add	r3, sp
10006dde:	4698      	mov	r8, r3
10006de0:	2501      	movs	r5, #1
10006de2:	2300      	movs	r3, #0
10006de4:	4642      	mov	r2, r8
10006de6:	7013      	strb	r3, [r2, #0]
10006de8:	002b      	movs	r3, r5
10006dea:	68c2      	ldr	r2, [r0, #12]
10006dec:	27d0      	movs	r7, #208	; 0xd0
10006dee:	4093      	lsls	r3, r2
10006df0:	063f      	lsls	r7, r7, #24
10006df2:	2201      	movs	r2, #1
10006df4:	61bb      	str	r3, [r7, #24]
10006df6:	4838      	ldr	r0, [pc, #224]	; (10006ed8 <_ZN9LoRaClass4peekEv+0x11c>)
10006df8:	f000 fb9e 	bl	10007538 <__spi_write_blocking_veneer>
10006dfc:	466b      	mov	r3, sp
10006dfe:	1dde      	adds	r6, r3, #7
10006e00:	0032      	movs	r2, r6
10006e02:	2301      	movs	r3, #1
10006e04:	4641      	mov	r1, r8
10006e06:	4834      	ldr	r0, [pc, #208]	; (10006ed8 <_ZN9LoRaClass4peekEv+0x11c>)
10006e08:	f000 fb9e 	bl	10007548 <__spi_write_read_blocking_veneer>
10006e0c:	68e3      	ldr	r3, [r4, #12]
10006e0e:	409d      	lsls	r5, r3
10006e10:	617d      	str	r5, [r7, #20]
10006e12:	7830      	ldrb	r0, [r6, #0]
10006e14:	69e3      	ldr	r3, [r4, #28]
10006e16:	1ac0      	subs	r0, r0, r3
10006e18:	2800      	cmp	r0, #0
10006e1a:	d057      	beq.n	10006ecc <_ZN9LoRaClass4peekEv+0x110>
10006e1c:	2601      	movs	r6, #1
10006e1e:	466a      	mov	r2, sp
10006e20:	230d      	movs	r3, #13
10006e22:	2700      	movs	r7, #0
10006e24:	7153      	strb	r3, [r2, #5]
10006e26:	0033      	movs	r3, r6
10006e28:	7197      	strb	r7, [r2, #6]
10006e2a:	68e2      	ldr	r2, [r4, #12]
10006e2c:	25d0      	movs	r5, #208	; 0xd0
10006e2e:	4093      	lsls	r3, r2
10006e30:	062d      	lsls	r5, r5, #24
10006e32:	61ab      	str	r3, [r5, #24]
10006e34:	466b      	mov	r3, sp
10006e36:	2201      	movs	r2, #1
10006e38:	1d59      	adds	r1, r3, #5
10006e3a:	4827      	ldr	r0, [pc, #156]	; (10006ed8 <_ZN9LoRaClass4peekEv+0x11c>)
10006e3c:	f000 fb7c 	bl	10007538 <__spi_write_blocking_veneer>
10006e40:	466a      	mov	r2, sp
10006e42:	4669      	mov	r1, sp
10006e44:	2301      	movs	r3, #1
10006e46:	3207      	adds	r2, #7
10006e48:	3106      	adds	r1, #6
10006e4a:	4823      	ldr	r0, [pc, #140]	; (10006ed8 <_ZN9LoRaClass4peekEv+0x11c>)
10006e4c:	f000 fb7c 	bl	10007548 <__spi_write_read_blocking_veneer>
10006e50:	0033      	movs	r3, r6
10006e52:	68e2      	ldr	r2, [r4, #12]
10006e54:	4820      	ldr	r0, [pc, #128]	; (10006ed8 <_ZN9LoRaClass4peekEv+0x11c>)
10006e56:	4093      	lsls	r3, r2
10006e58:	466a      	mov	r2, sp
10006e5a:	616b      	str	r3, [r5, #20]
10006e5c:	79d2      	ldrb	r2, [r2, #7]
10006e5e:	4690      	mov	r8, r2
10006e60:	466a      	mov	r2, sp
10006e62:	7157      	strb	r7, [r2, #5]
10006e64:	7197      	strb	r7, [r2, #6]
10006e66:	61ab      	str	r3, [r5, #24]
10006e68:	466b      	mov	r3, sp
10006e6a:	2201      	movs	r2, #1
10006e6c:	1d59      	adds	r1, r3, #5
10006e6e:	f000 fb63 	bl	10007538 <__spi_write_blocking_veneer>
10006e72:	466a      	mov	r2, sp
10006e74:	4669      	mov	r1, sp
10006e76:	2301      	movs	r3, #1
10006e78:	3207      	adds	r2, #7
10006e7a:	3106      	adds	r1, #6
10006e7c:	4816      	ldr	r0, [pc, #88]	; (10006ed8 <_ZN9LoRaClass4peekEv+0x11c>)
10006e7e:	f000 fb63 	bl	10007548 <__spi_write_read_blocking_veneer>
10006e82:	0033      	movs	r3, r6
10006e84:	68e2      	ldr	r2, [r4, #12]
10006e86:	4669      	mov	r1, sp
10006e88:	4093      	lsls	r3, r2
10006e8a:	466a      	mov	r2, sp
10006e8c:	616b      	str	r3, [r5, #20]
10006e8e:	79d7      	ldrb	r7, [r2, #7]
10006e90:	228d      	movs	r2, #141	; 0x8d
10006e92:	714a      	strb	r2, [r1, #5]
10006e94:	466a      	mov	r2, sp
10006e96:	4641      	mov	r1, r8
10006e98:	7191      	strb	r1, [r2, #6]
10006e9a:	61ab      	str	r3, [r5, #24]
10006e9c:	466b      	mov	r3, sp
10006e9e:	2201      	movs	r2, #1
10006ea0:	1d59      	adds	r1, r3, #5
10006ea2:	480d      	ldr	r0, [pc, #52]	; (10006ed8 <_ZN9LoRaClass4peekEv+0x11c>)
10006ea4:	f000 fb48 	bl	10007538 <__spi_write_blocking_veneer>
10006ea8:	466a      	mov	r2, sp
10006eaa:	4669      	mov	r1, sp
10006eac:	2301      	movs	r3, #1
10006eae:	480a      	ldr	r0, [pc, #40]	; (10006ed8 <_ZN9LoRaClass4peekEv+0x11c>)
10006eb0:	3207      	adds	r2, #7
10006eb2:	3106      	adds	r1, #6
10006eb4:	f000 fb48 	bl	10007548 <__spi_write_read_blocking_veneer>
10006eb8:	68e3      	ldr	r3, [r4, #12]
10006eba:	0038      	movs	r0, r7
10006ebc:	409e      	lsls	r6, r3
10006ebe:	616e      	str	r6, [r5, #20]
10006ec0:	b002      	add	sp, #8
10006ec2:	bc80      	pop	{r7}
10006ec4:	46b8      	mov	r8, r7
10006ec6:	bdf0      	pop	{r4, r5, r6, r7, pc}
10006ec8:	4798      	blx	r3
10006eca:	e7a5      	b.n	10006e18 <_ZN9LoRaClass4peekEv+0x5c>
10006ecc:	2001      	movs	r0, #1
10006ece:	4240      	negs	r0, r0
10006ed0:	e7f6      	b.n	10006ec0 <_ZN9LoRaClass4peekEv+0x104>
10006ed2:	46c0      	nop			; (mov r8, r8)
10006ed4:	10006b99 	.word	0x10006b99
10006ed8:	4003c000 	.word	0x4003c000

10006edc <_ZN9LoRaClass5writeEh>:
10006edc:	b5f0      	push	{r4, r5, r6, r7, lr}
10006ede:	46ce      	mov	lr, r9
10006ee0:	4647      	mov	r7, r8
10006ee2:	b580      	push	{r7, lr}
10006ee4:	b085      	sub	sp, #20
10006ee6:	466b      	mov	r3, sp
10006ee8:	71d9      	strb	r1, [r3, #7]
10006eea:	6803      	ldr	r3, [r0, #0]
10006eec:	4a37      	ldr	r2, [pc, #220]	; (10006fcc <_ZN9LoRaClass5writeEh+0xf0>)
10006eee:	685b      	ldr	r3, [r3, #4]
10006ef0:	0004      	movs	r4, r0
10006ef2:	4293      	cmp	r3, r2
10006ef4:	d163      	bne.n	10006fbe <_ZN9LoRaClass5writeEh+0xe2>
10006ef6:	466a      	mov	r2, sp
10006ef8:	2322      	movs	r3, #34	; 0x22
10006efa:	7353      	strb	r3, [r2, #13]
10006efc:	2300      	movs	r3, #0
10006efe:	7393      	strb	r3, [r2, #14]
10006f00:	68c2      	ldr	r2, [r0, #12]
10006f02:	3301      	adds	r3, #1
10006f04:	4699      	mov	r9, r3
10006f06:	4093      	lsls	r3, r2
10006f08:	22d0      	movs	r2, #208	; 0xd0
10006f0a:	0612      	lsls	r2, r2, #24
10006f0c:	6193      	str	r3, [r2, #24]
10006f0e:	230d      	movs	r3, #13
10006f10:	446b      	add	r3, sp
10006f12:	0019      	movs	r1, r3
10006f14:	4690      	mov	r8, r2
10006f16:	270f      	movs	r7, #15
10006f18:	2201      	movs	r2, #1
10006f1a:	482d      	ldr	r0, [pc, #180]	; (10006fd0 <_ZN9LoRaClass5writeEh+0xf4>)
10006f1c:	f000 fb0c 	bl	10007538 <__spi_write_blocking_veneer>
10006f20:	210e      	movs	r1, #14
10006f22:	446f      	add	r7, sp
10006f24:	2301      	movs	r3, #1
10006f26:	003a      	movs	r2, r7
10006f28:	4829      	ldr	r0, [pc, #164]	; (10006fd0 <_ZN9LoRaClass5writeEh+0xf4>)
10006f2a:	4469      	add	r1, sp
10006f2c:	f000 fb0c 	bl	10007548 <__spi_write_read_blocking_veneer>
10006f30:	464b      	mov	r3, r9
10006f32:	68e2      	ldr	r2, [r4, #12]
10006f34:	2600      	movs	r6, #0
10006f36:	4093      	lsls	r3, r2
10006f38:	4642      	mov	r2, r8
10006f3a:	6153      	str	r3, [r2, #20]
10006f3c:	783d      	ldrb	r5, [r7, #0]
10006f3e:	2dff      	cmp	r5, #255	; 0xff
10006f40:	d11e      	bne.n	10006f80 <_ZN9LoRaClass5writeEh+0xa4>
10006f42:	4669      	mov	r1, sp
10006f44:	738d      	strb	r5, [r1, #14]
10006f46:	25d0      	movs	r5, #208	; 0xd0
10006f48:	22a2      	movs	r2, #162	; 0xa2
10006f4a:	062d      	lsls	r5, r5, #24
10006f4c:	734a      	strb	r2, [r1, #13]
10006f4e:	61ab      	str	r3, [r5, #24]
10006f50:	230d      	movs	r3, #13
10006f52:	446b      	add	r3, sp
10006f54:	0019      	movs	r1, r3
10006f56:	2201      	movs	r2, #1
10006f58:	481d      	ldr	r0, [pc, #116]	; (10006fd0 <_ZN9LoRaClass5writeEh+0xf4>)
10006f5a:	f000 faed 	bl	10007538 <__spi_write_blocking_veneer>
10006f5e:	210e      	movs	r1, #14
10006f60:	2301      	movs	r3, #1
10006f62:	003a      	movs	r2, r7
10006f64:	481a      	ldr	r0, [pc, #104]	; (10006fd0 <_ZN9LoRaClass5writeEh+0xf4>)
10006f66:	4469      	add	r1, sp
10006f68:	f000 faee 	bl	10007548 <__spi_write_read_blocking_veneer>
10006f6c:	2301      	movs	r3, #1
10006f6e:	68e2      	ldr	r2, [r4, #12]
10006f70:	4093      	lsls	r3, r2
10006f72:	616b      	str	r3, [r5, #20]
10006f74:	0030      	movs	r0, r6
10006f76:	b005      	add	sp, #20
10006f78:	bcc0      	pop	{r6, r7}
10006f7a:	46b9      	mov	r9, r7
10006f7c:	46b0      	mov	r8, r6
10006f7e:	bdf0      	pop	{r4, r5, r6, r7, pc}
10006f80:	466a      	mov	r2, sp
10006f82:	4668      	mov	r0, sp
10006f84:	79d2      	ldrb	r2, [r2, #7]
10006f86:	2180      	movs	r1, #128	; 0x80
10006f88:	7382      	strb	r2, [r0, #14]
10006f8a:	4642      	mov	r2, r8
10006f8c:	7341      	strb	r1, [r0, #13]
10006f8e:	6193      	str	r3, [r2, #24]
10006f90:	230d      	movs	r3, #13
10006f92:	446b      	add	r3, sp
10006f94:	0019      	movs	r1, r3
10006f96:	2201      	movs	r2, #1
10006f98:	480d      	ldr	r0, [pc, #52]	; (10006fd0 <_ZN9LoRaClass5writeEh+0xf4>)
10006f9a:	f000 facd 	bl	10007538 <__spi_write_blocking_veneer>
10006f9e:	210e      	movs	r1, #14
10006fa0:	2301      	movs	r3, #1
10006fa2:	003a      	movs	r2, r7
10006fa4:	480a      	ldr	r0, [pc, #40]	; (10006fd0 <_ZN9LoRaClass5writeEh+0xf4>)
10006fa6:	4469      	add	r1, sp
10006fa8:	f000 face 	bl	10007548 <__spi_write_read_blocking_veneer>
10006fac:	464b      	mov	r3, r9
10006fae:	68e2      	ldr	r2, [r4, #12]
10006fb0:	3501      	adds	r5, #1
10006fb2:	4093      	lsls	r3, r2
10006fb4:	4642      	mov	r2, r8
10006fb6:	464e      	mov	r6, r9
10006fb8:	6153      	str	r3, [r2, #20]
10006fba:	b2ed      	uxtb	r5, r5
10006fbc:	e7c1      	b.n	10006f42 <_ZN9LoRaClass5writeEh+0x66>
10006fbe:	4669      	mov	r1, sp
10006fc0:	2201      	movs	r2, #1
10006fc2:	3107      	adds	r1, #7
10006fc4:	4798      	blx	r3
10006fc6:	0006      	movs	r6, r0
10006fc8:	e7d4      	b.n	10006f74 <_ZN9LoRaClass5writeEh+0x98>
10006fca:	46c0      	nop			; (mov r8, r8)
10006fcc:	10006cb9 	.word	0x10006cb9
10006fd0:	4003c000 	.word	0x4003c000

10006fd4 <_ZN9LoRaClass5beginEl>:
10006fd4:	b5f0      	push	{r4, r5, r6, r7, lr}
10006fd6:	464e      	mov	r6, r9
10006fd8:	46de      	mov	lr, fp
10006fda:	4645      	mov	r5, r8
10006fdc:	4657      	mov	r7, sl
10006fde:	b5e0      	push	{r5, r6, r7, lr}
10006fe0:	2601      	movs	r6, #1
10006fe2:	0004      	movs	r4, r0
10006fe4:	b085      	sub	sp, #20
10006fe6:	68c0      	ldr	r0, [r0, #12]
10006fe8:	4689      	mov	r9, r1
10006fea:	f7f9 f9c5 	bl	10000378 <gpio_init>
10006fee:	0033      	movs	r3, r6
10006ff0:	68e2      	ldr	r2, [r4, #12]
10006ff2:	25d0      	movs	r5, #208	; 0xd0
10006ff4:	4093      	lsls	r3, r2
10006ff6:	6920      	ldr	r0, [r4, #16]
10006ff8:	062d      	lsls	r5, r5, #24
10006ffa:	626b      	str	r3, [r5, #36]	; 0x24
10006ffc:	616b      	str	r3, [r5, #20]
10006ffe:	1c43      	adds	r3, r0, #1
10007000:	d00f      	beq.n	10007022 <_ZN9LoRaClass5beginEl+0x4e>
10007002:	f7f9 f9b9 	bl	10000378 <gpio_init>
10007006:	0033      	movs	r3, r6
10007008:	6922      	ldr	r2, [r4, #16]
1000700a:	200a      	movs	r0, #10
1000700c:	4093      	lsls	r3, r2
1000700e:	626b      	str	r3, [r5, #36]	; 0x24
10007010:	61ab      	str	r3, [r5, #24]
10007012:	f7fa f8a5 	bl	10001160 <sleep_ms>
10007016:	6923      	ldr	r3, [r4, #16]
10007018:	200a      	movs	r0, #10
1000701a:	409e      	lsls	r6, r3
1000701c:	616e      	str	r6, [r5, #20]
1000701e:	f7fa f89f 	bl	10001160 <sleep_ms>
10007022:	49b5      	ldr	r1, [pc, #724]	; (100072f8 <_ZN9LoRaClass5beginEl+0x324>)
10007024:	48b5      	ldr	r0, [pc, #724]	; (100072fc <_ZN9LoRaClass5beginEl+0x328>)
10007026:	f7ff fd37 	bl	10006a98 <spi_init>
1000702a:	2101      	movs	r1, #1
1000702c:	2010      	movs	r0, #16
1000702e:	f7f9 f98b 	bl	10000348 <gpio_set_function>
10007032:	2101      	movs	r1, #1
10007034:	2012      	movs	r0, #18
10007036:	f7f9 f987 	bl	10000348 <gpio_set_function>
1000703a:	2101      	movs	r1, #1
1000703c:	2013      	movs	r0, #19
1000703e:	f7f9 f983 	bl	10000348 <gpio_set_function>
10007042:	2008      	movs	r0, #8
10007044:	f7f9 f998 	bl	10000378 <gpio_init>
10007048:	25d0      	movs	r5, #208	; 0xd0
1000704a:	2380      	movs	r3, #128	; 0x80
1000704c:	062d      	lsls	r5, r5, #24
1000704e:	005b      	lsls	r3, r3, #1
10007050:	626b      	str	r3, [r5, #36]	; 0x24
10007052:	616b      	str	r3, [r5, #20]
10007054:	ab02      	add	r3, sp, #8
10007056:	1d5f      	adds	r7, r3, #5
10007058:	2342      	movs	r3, #66	; 0x42
1000705a:	703b      	strb	r3, [r7, #0]
1000705c:	ab02      	add	r3, sp, #8
1000705e:	1d9e      	adds	r6, r3, #6
10007060:	2300      	movs	r3, #0
10007062:	68e2      	ldr	r2, [r4, #12]
10007064:	7033      	strb	r3, [r6, #0]
10007066:	3301      	adds	r3, #1
10007068:	4698      	mov	r8, r3
1000706a:	4093      	lsls	r3, r2
1000706c:	0039      	movs	r1, r7
1000706e:	2201      	movs	r2, #1
10007070:	61ab      	str	r3, [r5, #24]
10007072:	48a2      	ldr	r0, [pc, #648]	; (100072fc <_ZN9LoRaClass5beginEl+0x328>)
10007074:	f000 fa60 	bl	10007538 <__spi_write_blocking_veneer>
10007078:	aa02      	add	r2, sp, #8
1000707a:	2301      	movs	r3, #1
1000707c:	0031      	movs	r1, r6
1000707e:	3207      	adds	r2, #7
10007080:	489e      	ldr	r0, [pc, #632]	; (100072fc <_ZN9LoRaClass5beginEl+0x328>)
10007082:	f000 fa61 	bl	10007548 <__spi_write_read_blocking_veneer>
10007086:	4643      	mov	r3, r8
10007088:	68e2      	ldr	r2, [r4, #12]
1000708a:	2100      	movs	r1, #0
1000708c:	4093      	lsls	r3, r2
1000708e:	aa02      	add	r2, sp, #8
10007090:	616b      	str	r3, [r5, #20]
10007092:	79d2      	ldrb	r2, [r2, #7]
10007094:	468a      	mov	sl, r1
10007096:	2a12      	cmp	r2, #18
10007098:	d007      	beq.n	100070aa <_ZN9LoRaClass5beginEl+0xd6>
1000709a:	4650      	mov	r0, sl
1000709c:	b005      	add	sp, #20
1000709e:	bcf0      	pop	{r4, r5, r6, r7}
100070a0:	46bb      	mov	fp, r7
100070a2:	46b2      	mov	sl, r6
100070a4:	46a9      	mov	r9, r5
100070a6:	46a0      	mov	r8, r4
100070a8:	bdf0      	pop	{r4, r5, r6, r7, pc}
100070aa:	326f      	adds	r2, #111	; 0x6f
100070ac:	703a      	strb	r2, [r7, #0]
100070ae:	4693      	mov	fp, r2
100070b0:	3a01      	subs	r2, #1
100070b2:	7032      	strb	r2, [r6, #0]
100070b4:	0039      	movs	r1, r7
100070b6:	61ab      	str	r3, [r5, #24]
100070b8:	3a7f      	subs	r2, #127	; 0x7f
100070ba:	4890      	ldr	r0, [pc, #576]	; (100072fc <_ZN9LoRaClass5beginEl+0x328>)
100070bc:	f000 fa3c 	bl	10007538 <__spi_write_blocking_veneer>
100070c0:	aa02      	add	r2, sp, #8
100070c2:	2301      	movs	r3, #1
100070c4:	0031      	movs	r1, r6
100070c6:	3207      	adds	r2, #7
100070c8:	488c      	ldr	r0, [pc, #560]	; (100072fc <_ZN9LoRaClass5beginEl+0x328>)
100070ca:	f000 fa3d 	bl	10007548 <__spi_write_read_blocking_veneer>
100070ce:	4643      	mov	r3, r8
100070d0:	68e2      	ldr	r2, [r4, #12]
100070d2:	4093      	lsls	r3, r2
100070d4:	464a      	mov	r2, r9
100070d6:	17d1      	asrs	r1, r2, #31
100070d8:	9301      	str	r3, [sp, #4]
100070da:	04c9      	lsls	r1, r1, #19
100070dc:	616b      	str	r3, [r5, #20]
100070de:	0b53      	lsrs	r3, r2, #13
100070e0:	61a2      	str	r2, [r4, #24]
100070e2:	4319      	orrs	r1, r3
100070e4:	04d0      	lsls	r0, r2, #19
100070e6:	2300      	movs	r3, #0
100070e8:	4a85      	ldr	r2, [pc, #532]	; (10007300 <_ZN9LoRaClass5beginEl+0x32c>)
100070ea:	f7fc fa57 	bl	1000359c <__wrap___aeabi_uldivmod>
100070ee:	2386      	movs	r3, #134	; 0x86
100070f0:	703b      	strb	r3, [r7, #0]
100070f2:	0c03      	lsrs	r3, r0, #16
100070f4:	7033      	strb	r3, [r6, #0]
100070f6:	9b01      	ldr	r3, [sp, #4]
100070f8:	4681      	mov	r9, r0
100070fa:	2201      	movs	r2, #1
100070fc:	0039      	movs	r1, r7
100070fe:	61ab      	str	r3, [r5, #24]
10007100:	487e      	ldr	r0, [pc, #504]	; (100072fc <_ZN9LoRaClass5beginEl+0x328>)
10007102:	f000 fa19 	bl	10007538 <__spi_write_blocking_veneer>
10007106:	aa02      	add	r2, sp, #8
10007108:	2301      	movs	r3, #1
1000710a:	0031      	movs	r1, r6
1000710c:	3207      	adds	r2, #7
1000710e:	487b      	ldr	r0, [pc, #492]	; (100072fc <_ZN9LoRaClass5beginEl+0x328>)
10007110:	f000 fa1a 	bl	10007548 <__spi_write_read_blocking_veneer>
10007114:	4643      	mov	r3, r8
10007116:	68e2      	ldr	r2, [r4, #12]
10007118:	0039      	movs	r1, r7
1000711a:	4093      	lsls	r3, r2
1000711c:	2287      	movs	r2, #135	; 0x87
1000711e:	616b      	str	r3, [r5, #20]
10007120:	703a      	strb	r2, [r7, #0]
10007122:	464a      	mov	r2, r9
10007124:	0a12      	lsrs	r2, r2, #8
10007126:	7032      	strb	r2, [r6, #0]
10007128:	4874      	ldr	r0, [pc, #464]	; (100072fc <_ZN9LoRaClass5beginEl+0x328>)
1000712a:	2201      	movs	r2, #1
1000712c:	61ab      	str	r3, [r5, #24]
1000712e:	f000 fa03 	bl	10007538 <__spi_write_blocking_veneer>
10007132:	aa02      	add	r2, sp, #8
10007134:	2301      	movs	r3, #1
10007136:	0031      	movs	r1, r6
10007138:	3207      	adds	r2, #7
1000713a:	4870      	ldr	r0, [pc, #448]	; (100072fc <_ZN9LoRaClass5beginEl+0x328>)
1000713c:	f000 fa04 	bl	10007548 <__spi_write_read_blocking_veneer>
10007140:	4643      	mov	r3, r8
10007142:	68e2      	ldr	r2, [r4, #12]
10007144:	0039      	movs	r1, r7
10007146:	4093      	lsls	r3, r2
10007148:	2288      	movs	r2, #136	; 0x88
1000714a:	616b      	str	r3, [r5, #20]
1000714c:	703a      	strb	r2, [r7, #0]
1000714e:	464a      	mov	r2, r9
10007150:	486a      	ldr	r0, [pc, #424]	; (100072fc <_ZN9LoRaClass5beginEl+0x328>)
10007152:	7032      	strb	r2, [r6, #0]
10007154:	2201      	movs	r2, #1
10007156:	61ab      	str	r3, [r5, #24]
10007158:	f000 f9ee 	bl	10007538 <__spi_write_blocking_veneer>
1000715c:	aa02      	add	r2, sp, #8
1000715e:	2301      	movs	r3, #1
10007160:	0031      	movs	r1, r6
10007162:	3207      	adds	r2, #7
10007164:	4865      	ldr	r0, [pc, #404]	; (100072fc <_ZN9LoRaClass5beginEl+0x328>)
10007166:	f000 f9ef 	bl	10007548 <__spi_write_read_blocking_veneer>
1000716a:	4643      	mov	r3, r8
1000716c:	68e2      	ldr	r2, [r4, #12]
1000716e:	0039      	movs	r1, r7
10007170:	4093      	lsls	r3, r2
10007172:	228e      	movs	r2, #142	; 0x8e
10007174:	616b      	str	r3, [r5, #20]
10007176:	703a      	strb	r2, [r7, #0]
10007178:	4652      	mov	r2, sl
1000717a:	4860      	ldr	r0, [pc, #384]	; (100072fc <_ZN9LoRaClass5beginEl+0x328>)
1000717c:	7032      	strb	r2, [r6, #0]
1000717e:	4642      	mov	r2, r8
10007180:	61ab      	str	r3, [r5, #24]
10007182:	f000 f9d9 	bl	10007538 <__spi_write_blocking_veneer>
10007186:	aa02      	add	r2, sp, #8
10007188:	2301      	movs	r3, #1
1000718a:	0031      	movs	r1, r6
1000718c:	3207      	adds	r2, #7
1000718e:	485b      	ldr	r0, [pc, #364]	; (100072fc <_ZN9LoRaClass5beginEl+0x328>)
10007190:	f000 f9da 	bl	10007548 <__spi_write_read_blocking_veneer>
10007194:	4643      	mov	r3, r8
10007196:	68e2      	ldr	r2, [r4, #12]
10007198:	0039      	movs	r1, r7
1000719a:	4093      	lsls	r3, r2
1000719c:	228f      	movs	r2, #143	; 0x8f
1000719e:	616b      	str	r3, [r5, #20]
100071a0:	4691      	mov	r9, r2
100071a2:	703a      	strb	r2, [r7, #0]
100071a4:	4652      	mov	r2, sl
100071a6:	4855      	ldr	r0, [pc, #340]	; (100072fc <_ZN9LoRaClass5beginEl+0x328>)
100071a8:	7032      	strb	r2, [r6, #0]
100071aa:	4642      	mov	r2, r8
100071ac:	61ab      	str	r3, [r5, #24]
100071ae:	f000 f9c3 	bl	10007538 <__spi_write_blocking_veneer>
100071b2:	aa02      	add	r2, sp, #8
100071b4:	2301      	movs	r3, #1
100071b6:	0031      	movs	r1, r6
100071b8:	3207      	adds	r2, #7
100071ba:	4850      	ldr	r0, [pc, #320]	; (100072fc <_ZN9LoRaClass5beginEl+0x328>)
100071bc:	f000 f9c4 	bl	10007548 <__spi_write_read_blocking_veneer>
100071c0:	4643      	mov	r3, r8
100071c2:	68e2      	ldr	r2, [r4, #12]
100071c4:	0039      	movs	r1, r7
100071c6:	4093      	lsls	r3, r2
100071c8:	220c      	movs	r2, #12
100071ca:	616b      	str	r3, [r5, #20]
100071cc:	703a      	strb	r2, [r7, #0]
100071ce:	4652      	mov	r2, sl
100071d0:	484a      	ldr	r0, [pc, #296]	; (100072fc <_ZN9LoRaClass5beginEl+0x328>)
100071d2:	7032      	strb	r2, [r6, #0]
100071d4:	4642      	mov	r2, r8
100071d6:	61ab      	str	r3, [r5, #24]
100071d8:	f000 f9ae 	bl	10007538 <__spi_write_blocking_veneer>
100071dc:	aa02      	add	r2, sp, #8
100071de:	2301      	movs	r3, #1
100071e0:	0031      	movs	r1, r6
100071e2:	3207      	adds	r2, #7
100071e4:	4845      	ldr	r0, [pc, #276]	; (100072fc <_ZN9LoRaClass5beginEl+0x328>)
100071e6:	f000 f9af 	bl	10007548 <__spi_write_read_blocking_veneer>
100071ea:	4642      	mov	r2, r8
100071ec:	68e3      	ldr	r3, [r4, #12]
100071ee:	218c      	movs	r1, #140	; 0x8c
100071f0:	409a      	lsls	r2, r3
100071f2:	616a      	str	r2, [r5, #20]
100071f4:	7039      	strb	r1, [r7, #0]
100071f6:	2103      	movs	r1, #3
100071f8:	ab02      	add	r3, sp, #8
100071fa:	79db      	ldrb	r3, [r3, #7]
100071fc:	483f      	ldr	r0, [pc, #252]	; (100072fc <_ZN9LoRaClass5beginEl+0x328>)
100071fe:	430b      	orrs	r3, r1
10007200:	7033      	strb	r3, [r6, #0]
10007202:	0039      	movs	r1, r7
10007204:	61aa      	str	r2, [r5, #24]
10007206:	2201      	movs	r2, #1
10007208:	f000 f996 	bl	10007538 <__spi_write_blocking_veneer>
1000720c:	aa02      	add	r2, sp, #8
1000720e:	2301      	movs	r3, #1
10007210:	0031      	movs	r1, r6
10007212:	3207      	adds	r2, #7
10007214:	4839      	ldr	r0, [pc, #228]	; (100072fc <_ZN9LoRaClass5beginEl+0x328>)
10007216:	f000 f997 	bl	10007548 <__spi_write_read_blocking_veneer>
1000721a:	4643      	mov	r3, r8
1000721c:	68e2      	ldr	r2, [r4, #12]
1000721e:	0039      	movs	r1, r7
10007220:	4093      	lsls	r3, r2
10007222:	22a6      	movs	r2, #166	; 0xa6
10007224:	616b      	str	r3, [r5, #20]
10007226:	703a      	strb	r2, [r7, #0]
10007228:	3aa2      	subs	r2, #162	; 0xa2
1000722a:	7032      	strb	r2, [r6, #0]
1000722c:	4833      	ldr	r0, [pc, #204]	; (100072fc <_ZN9LoRaClass5beginEl+0x328>)
1000722e:	61ab      	str	r3, [r5, #24]
10007230:	3a03      	subs	r2, #3
10007232:	f000 f981 	bl	10007538 <__spi_write_blocking_veneer>
10007236:	aa02      	add	r2, sp, #8
10007238:	2301      	movs	r3, #1
1000723a:	0031      	movs	r1, r6
1000723c:	3207      	adds	r2, #7
1000723e:	482f      	ldr	r0, [pc, #188]	; (100072fc <_ZN9LoRaClass5beginEl+0x328>)
10007240:	f000 f982 	bl	10007548 <__spi_write_read_blocking_veneer>
10007244:	4643      	mov	r3, r8
10007246:	68e2      	ldr	r2, [r4, #12]
10007248:	0039      	movs	r1, r7
1000724a:	4093      	lsls	r3, r2
1000724c:	22cd      	movs	r2, #205	; 0xcd
1000724e:	616b      	str	r3, [r5, #20]
10007250:	703a      	strb	r2, [r7, #0]
10007252:	3a49      	subs	r2, #73	; 0x49
10007254:	7032      	strb	r2, [r6, #0]
10007256:	4829      	ldr	r0, [pc, #164]	; (100072fc <_ZN9LoRaClass5beginEl+0x328>)
10007258:	61ab      	str	r3, [r5, #24]
1000725a:	3a83      	subs	r2, #131	; 0x83
1000725c:	f000 f96c 	bl	10007538 <__spi_write_blocking_veneer>
10007260:	aa02      	add	r2, sp, #8
10007262:	2301      	movs	r3, #1
10007264:	0031      	movs	r1, r6
10007266:	3207      	adds	r2, #7
10007268:	4824      	ldr	r0, [pc, #144]	; (100072fc <_ZN9LoRaClass5beginEl+0x328>)
1000726a:	f000 f96d 	bl	10007548 <__spi_write_read_blocking_veneer>
1000726e:	4643      	mov	r3, r8
10007270:	68e2      	ldr	r2, [r4, #12]
10007272:	0039      	movs	r1, r7
10007274:	4093      	lsls	r3, r2
10007276:	228b      	movs	r2, #139	; 0x8b
10007278:	616b      	str	r3, [r5, #20]
1000727a:	703a      	strb	r2, [r7, #0]
1000727c:	3a60      	subs	r2, #96	; 0x60
1000727e:	7032      	strb	r2, [r6, #0]
10007280:	481e      	ldr	r0, [pc, #120]	; (100072fc <_ZN9LoRaClass5beginEl+0x328>)
10007282:	61ab      	str	r3, [r5, #24]
10007284:	3a2a      	subs	r2, #42	; 0x2a
10007286:	f000 f957 	bl	10007538 <__spi_write_blocking_veneer>
1000728a:	aa02      	add	r2, sp, #8
1000728c:	2301      	movs	r3, #1
1000728e:	0031      	movs	r1, r6
10007290:	3207      	adds	r2, #7
10007292:	481a      	ldr	r0, [pc, #104]	; (100072fc <_ZN9LoRaClass5beginEl+0x328>)
10007294:	f000 f958 	bl	10007548 <__spi_write_read_blocking_veneer>
10007298:	4643      	mov	r3, r8
1000729a:	68e2      	ldr	r2, [r4, #12]
1000729c:	0039      	movs	r1, r7
1000729e:	4093      	lsls	r3, r2
100072a0:	2289      	movs	r2, #137	; 0x89
100072a2:	616b      	str	r3, [r5, #20]
100072a4:	703a      	strb	r2, [r7, #0]
100072a6:	464a      	mov	r2, r9
100072a8:	4814      	ldr	r0, [pc, #80]	; (100072fc <_ZN9LoRaClass5beginEl+0x328>)
100072aa:	7032      	strb	r2, [r6, #0]
100072ac:	61ab      	str	r3, [r5, #24]
100072ae:	3a8e      	subs	r2, #142	; 0x8e
100072b0:	f000 f942 	bl	10007538 <__spi_write_blocking_veneer>
100072b4:	aa02      	add	r2, sp, #8
100072b6:	2301      	movs	r3, #1
100072b8:	0031      	movs	r1, r6
100072ba:	3207      	adds	r2, #7
100072bc:	480f      	ldr	r0, [pc, #60]	; (100072fc <_ZN9LoRaClass5beginEl+0x328>)
100072be:	f000 f943 	bl	10007548 <__spi_write_read_blocking_veneer>
100072c2:	4643      	mov	r3, r8
100072c4:	68e2      	ldr	r2, [r4, #12]
100072c6:	0039      	movs	r1, r7
100072c8:	4093      	lsls	r3, r2
100072ca:	465a      	mov	r2, fp
100072cc:	616b      	str	r3, [r5, #20]
100072ce:	480b      	ldr	r0, [pc, #44]	; (100072fc <_ZN9LoRaClass5beginEl+0x328>)
100072d0:	703a      	strb	r2, [r7, #0]
100072d2:	7032      	strb	r2, [r6, #0]
100072d4:	61ab      	str	r3, [r5, #24]
100072d6:	3a80      	subs	r2, #128	; 0x80
100072d8:	f000 f92e 	bl	10007538 <__spi_write_blocking_veneer>
100072dc:	aa02      	add	r2, sp, #8
100072de:	2301      	movs	r3, #1
100072e0:	3207      	adds	r2, #7
100072e2:	0031      	movs	r1, r6
100072e4:	4805      	ldr	r0, [pc, #20]	; (100072fc <_ZN9LoRaClass5beginEl+0x328>)
100072e6:	f000 f92f 	bl	10007548 <__spi_write_read_blocking_veneer>
100072ea:	4642      	mov	r2, r8
100072ec:	68e3      	ldr	r3, [r4, #12]
100072ee:	409a      	lsls	r2, r3
100072f0:	2301      	movs	r3, #1
100072f2:	616a      	str	r2, [r5, #20]
100072f4:	469a      	mov	sl, r3
100072f6:	e6d0      	b.n	1000709a <_ZN9LoRaClass5beginEl+0xc6>
100072f8:	000030d4 	.word	0x000030d4
100072fc:	4003c000 	.word	0x4003c000
10007300:	01e84800 	.word	0x01e84800

10007304 <_ZN9LoRaClass13dumpRegistersEv>:
10007304:	b5f0      	push	{r4, r5, r6, r7, lr}
10007306:	4657      	mov	r7, sl
10007308:	464e      	mov	r6, r9
1000730a:	46de      	mov	lr, fp
1000730c:	4645      	mov	r5, r8
1000730e:	b5e0      	push	{r5, r6, r7, lr}
10007310:	b083      	sub	sp, #12
10007312:	466b      	mov	r3, sp
10007314:	1d5f      	adds	r7, r3, #5
10007316:	1d9e      	adds	r6, r3, #6
10007318:	1ddd      	adds	r5, r3, #7
1000731a:	4b18      	ldr	r3, [pc, #96]	; (1000737c <_ZN9LoRaClass13dumpRegistersEv+0x78>)
1000731c:	4681      	mov	r9, r0
1000731e:	469b      	mov	fp, r3
10007320:	2301      	movs	r3, #1
10007322:	2400      	movs	r4, #0
10007324:	469a      	mov	sl, r3
10007326:	2300      	movs	r3, #0
10007328:	464a      	mov	r2, r9
1000732a:	7033      	strb	r3, [r6, #0]
1000732c:	4653      	mov	r3, sl
1000732e:	68d2      	ldr	r2, [r2, #12]
10007330:	703c      	strb	r4, [r7, #0]
10007332:	4093      	lsls	r3, r2
10007334:	22d0      	movs	r2, #208	; 0xd0
10007336:	0612      	lsls	r2, r2, #24
10007338:	6193      	str	r3, [r2, #24]
1000733a:	4690      	mov	r8, r2
1000733c:	0039      	movs	r1, r7
1000733e:	2201      	movs	r2, #1
10007340:	480f      	ldr	r0, [pc, #60]	; (10007380 <_ZN9LoRaClass13dumpRegistersEv+0x7c>)
10007342:	f000 f8f9 	bl	10007538 <__spi_write_blocking_veneer>
10007346:	2301      	movs	r3, #1
10007348:	002a      	movs	r2, r5
1000734a:	0031      	movs	r1, r6
1000734c:	480c      	ldr	r0, [pc, #48]	; (10007380 <_ZN9LoRaClass13dumpRegistersEv+0x7c>)
1000734e:	f000 f8fb 	bl	10007548 <__spi_write_read_blocking_veneer>
10007352:	464a      	mov	r2, r9
10007354:	4653      	mov	r3, sl
10007356:	68d2      	ldr	r2, [r2, #12]
10007358:	0021      	movs	r1, r4
1000735a:	4093      	lsls	r3, r2
1000735c:	4642      	mov	r2, r8
1000735e:	6153      	str	r3, [r2, #20]
10007360:	4658      	mov	r0, fp
10007362:	782a      	ldrb	r2, [r5, #0]
10007364:	3401      	adds	r4, #1
10007366:	f7fc febd 	bl	100040e4 <__wrap_printf>
1000736a:	2c80      	cmp	r4, #128	; 0x80
1000736c:	d1db      	bne.n	10007326 <_ZN9LoRaClass13dumpRegistersEv+0x22>
1000736e:	b003      	add	sp, #12
10007370:	bcf0      	pop	{r4, r5, r6, r7}
10007372:	46bb      	mov	fp, r7
10007374:	46b2      	mov	sl, r6
10007376:	46a9      	mov	r9, r5
10007378:	46a0      	mov	r8, r4
1000737a:	bdf0      	pop	{r4, r5, r6, r7, pc}
1000737c:	10007ae8 	.word	0x10007ae8
10007380:	4003c000 	.word	0x4003c000

10007384 <_GLOBAL__sub_I__ZN9LoRaClassC2Ev>:
10007384:	4909      	ldr	r1, [pc, #36]	; (100073ac <_GLOBAL__sub_I__ZN9LoRaClassC2Ev+0x28>)
10007386:	4b0a      	ldr	r3, [pc, #40]	; (100073b0 <_GLOBAL__sub_I__ZN9LoRaClassC2Ev+0x2c>)
10007388:	3108      	adds	r1, #8
1000738a:	6019      	str	r1, [r3, #0]
1000738c:	4909      	ldr	r1, [pc, #36]	; (100073b4 <_GLOBAL__sub_I__ZN9LoRaClassC2Ev+0x30>)
1000738e:	2200      	movs	r2, #0
10007390:	6099      	str	r1, [r3, #8]
10007392:	2108      	movs	r1, #8
10007394:	60d9      	str	r1, [r3, #12]
10007396:	3101      	adds	r1, #1
10007398:	6119      	str	r1, [r3, #16]
1000739a:	3902      	subs	r1, #2
1000739c:	605a      	str	r2, [r3, #4]
1000739e:	6159      	str	r1, [r3, #20]
100073a0:	619a      	str	r2, [r3, #24]
100073a2:	61da      	str	r2, [r3, #28]
100073a4:	621a      	str	r2, [r3, #32]
100073a6:	625a      	str	r2, [r3, #36]	; 0x24
100073a8:	629a      	str	r2, [r3, #40]	; 0x28
100073aa:	4770      	bx	lr
100073ac:	10007afc 	.word	0x10007afc
100073b0:	20001abc 	.word	0x20001abc
100073b4:	4003c000 	.word	0x4003c000

100073b8 <abort>:
100073b8:	2006      	movs	r0, #6
100073ba:	b510      	push	{r4, lr}
100073bc:	f000 f804 	bl	100073c8 <raise>
100073c0:	2001      	movs	r0, #1
100073c2:	f7fa fb1f 	bl	10001a04 <_exit>
100073c6:	46c0      	nop			; (mov r8, r8)

100073c8 <raise>:
100073c8:	4b16      	ldr	r3, [pc, #88]	; (10007424 <raise+0x5c>)
100073ca:	b570      	push	{r4, r5, r6, lr}
100073cc:	0004      	movs	r4, r0
100073ce:	681d      	ldr	r5, [r3, #0]
100073d0:	281f      	cmp	r0, #31
100073d2:	d821      	bhi.n	10007418 <raise+0x50>
100073d4:	23b7      	movs	r3, #183	; 0xb7
100073d6:	009b      	lsls	r3, r3, #2
100073d8:	58eb      	ldr	r3, [r5, r3]
100073da:	2b00      	cmp	r3, #0
100073dc:	d00d      	beq.n	100073fa <raise+0x32>
100073de:	0082      	lsls	r2, r0, #2
100073e0:	189b      	adds	r3, r3, r2
100073e2:	681a      	ldr	r2, [r3, #0]
100073e4:	2a00      	cmp	r2, #0
100073e6:	d008      	beq.n	100073fa <raise+0x32>
100073e8:	2a01      	cmp	r2, #1
100073ea:	d013      	beq.n	10007414 <raise+0x4c>
100073ec:	1c51      	adds	r1, r2, #1
100073ee:	d00d      	beq.n	1000740c <raise+0x44>
100073f0:	2100      	movs	r1, #0
100073f2:	6019      	str	r1, [r3, #0]
100073f4:	4790      	blx	r2
100073f6:	2000      	movs	r0, #0
100073f8:	bd70      	pop	{r4, r5, r6, pc}
100073fa:	0028      	movs	r0, r5
100073fc:	f000 f828 	bl	10007450 <_getpid_r>
10007400:	0022      	movs	r2, r4
10007402:	0001      	movs	r1, r0
10007404:	0028      	movs	r0, r5
10007406:	f000 f80f 	bl	10007428 <_kill_r>
1000740a:	e7f5      	b.n	100073f8 <raise+0x30>
1000740c:	2316      	movs	r3, #22
1000740e:	2001      	movs	r0, #1
10007410:	602b      	str	r3, [r5, #0]
10007412:	e7f1      	b.n	100073f8 <raise+0x30>
10007414:	2000      	movs	r0, #0
10007416:	e7ef      	b.n	100073f8 <raise+0x30>
10007418:	2316      	movs	r3, #22
1000741a:	2001      	movs	r0, #1
1000741c:	602b      	str	r3, [r5, #0]
1000741e:	4240      	negs	r0, r0
10007420:	e7ea      	b.n	100073f8 <raise+0x30>
10007422:	46c0      	nop			; (mov r8, r8)
10007424:	20001440 	.word	0x20001440

10007428 <_kill_r>:
10007428:	2300      	movs	r3, #0
1000742a:	b570      	push	{r4, r5, r6, lr}
1000742c:	4d07      	ldr	r5, [pc, #28]	; (1000744c <_kill_r+0x24>)
1000742e:	0004      	movs	r4, r0
10007430:	0008      	movs	r0, r1
10007432:	0011      	movs	r1, r2
10007434:	602b      	str	r3, [r5, #0]
10007436:	f000 f845 	bl	100074c4 <_kill>
1000743a:	1c43      	adds	r3, r0, #1
1000743c:	d000      	beq.n	10007440 <_kill_r+0x18>
1000743e:	bd70      	pop	{r4, r5, r6, pc}
10007440:	682b      	ldr	r3, [r5, #0]
10007442:	2b00      	cmp	r3, #0
10007444:	d0fb      	beq.n	1000743e <_kill_r+0x16>
10007446:	6023      	str	r3, [r4, #0]
10007448:	e7f9      	b.n	1000743e <_kill_r+0x16>
1000744a:	46c0      	nop			; (mov r8, r8)
1000744c:	200020e4 	.word	0x200020e4

10007450 <_getpid_r>:
10007450:	b510      	push	{r4, lr}
10007452:	f000 f82f 	bl	100074b4 <_getpid>
10007456:	bd10      	pop	{r4, pc}

10007458 <strlen>:
10007458:	b510      	push	{r4, lr}
1000745a:	0783      	lsls	r3, r0, #30
1000745c:	d00a      	beq.n	10007474 <strlen+0x1c>
1000745e:	0003      	movs	r3, r0
10007460:	2103      	movs	r1, #3
10007462:	e002      	b.n	1000746a <strlen+0x12>
10007464:	3301      	adds	r3, #1
10007466:	420b      	tst	r3, r1
10007468:	d005      	beq.n	10007476 <strlen+0x1e>
1000746a:	781a      	ldrb	r2, [r3, #0]
1000746c:	2a00      	cmp	r2, #0
1000746e:	d1f9      	bne.n	10007464 <strlen+0xc>
10007470:	1a18      	subs	r0, r3, r0
10007472:	bd10      	pop	{r4, pc}
10007474:	0003      	movs	r3, r0
10007476:	6819      	ldr	r1, [r3, #0]
10007478:	4a0c      	ldr	r2, [pc, #48]	; (100074ac <strlen+0x54>)
1000747a:	4c0d      	ldr	r4, [pc, #52]	; (100074b0 <strlen+0x58>)
1000747c:	188a      	adds	r2, r1, r2
1000747e:	438a      	bics	r2, r1
10007480:	4222      	tst	r2, r4
10007482:	d10f      	bne.n	100074a4 <strlen+0x4c>
10007484:	6859      	ldr	r1, [r3, #4]
10007486:	4a09      	ldr	r2, [pc, #36]	; (100074ac <strlen+0x54>)
10007488:	3304      	adds	r3, #4
1000748a:	188a      	adds	r2, r1, r2
1000748c:	438a      	bics	r2, r1
1000748e:	4222      	tst	r2, r4
10007490:	d108      	bne.n	100074a4 <strlen+0x4c>
10007492:	6859      	ldr	r1, [r3, #4]
10007494:	4a05      	ldr	r2, [pc, #20]	; (100074ac <strlen+0x54>)
10007496:	3304      	adds	r3, #4
10007498:	188a      	adds	r2, r1, r2
1000749a:	438a      	bics	r2, r1
1000749c:	4222      	tst	r2, r4
1000749e:	d0f1      	beq.n	10007484 <strlen+0x2c>
100074a0:	e000      	b.n	100074a4 <strlen+0x4c>
100074a2:	3301      	adds	r3, #1
100074a4:	781a      	ldrb	r2, [r3, #0]
100074a6:	2a00      	cmp	r2, #0
100074a8:	d1fb      	bne.n	100074a2 <strlen+0x4a>
100074aa:	e7e1      	b.n	10007470 <strlen+0x18>
100074ac:	fefefeff 	.word	0xfefefeff
100074b0:	80808080 	.word	0x80808080

100074b4 <_getpid>:
100074b4:	2258      	movs	r2, #88	; 0x58
100074b6:	2001      	movs	r0, #1
100074b8:	4b01      	ldr	r3, [pc, #4]	; (100074c0 <_getpid+0xc>)
100074ba:	4240      	negs	r0, r0
100074bc:	601a      	str	r2, [r3, #0]
100074be:	4770      	bx	lr
100074c0:	200020e4 	.word	0x200020e4

100074c4 <_kill>:
100074c4:	2258      	movs	r2, #88	; 0x58
100074c6:	2001      	movs	r0, #1
100074c8:	4b01      	ldr	r3, [pc, #4]	; (100074d0 <_kill+0xc>)
100074ca:	4240      	negs	r0, r0
100074cc:	601a      	str	r2, [r3, #0]
100074ce:	4770      	bx	lr
100074d0:	200020e4 	.word	0x200020e4

100074d4 <_fini>:
100074d4:	b5f8      	push	{r3, r4, r5, r6, r7, lr}
100074d6:	46c0      	nop			; (mov r8, r8)

100074d8 <__flash_do_cmd_veneer>:
100074d8:	b401      	push	{r0}
100074da:	4802      	ldr	r0, [pc, #8]	; (100074e4 <__flash_do_cmd_veneer+0xc>)
100074dc:	4684      	mov	ip, r0
100074de:	bc01      	pop	{r0}
100074e0:	4760      	bx	ip
100074e2:	bf00      	nop
100074e4:	2000028d 	.word	0x2000028d

100074e8 <__mutex_exit_veneer>:
100074e8:	b401      	push	{r0}
100074ea:	4802      	ldr	r0, [pc, #8]	; (100074f4 <__mutex_exit_veneer+0xc>)
100074ec:	4684      	mov	ip, r0
100074ee:	bc01      	pop	{r0}
100074f0:	4760      	bx	ip
100074f2:	bf00      	nop
100074f4:	200001ed 	.word	0x200001ed

100074f8 <____aeabi_ldiv0_veneer>:
100074f8:	b401      	push	{r0}
100074fa:	4802      	ldr	r0, [pc, #8]	; (10007504 <____aeabi_ldiv0_veneer+0xc>)
100074fc:	4684      	mov	ip, r0
100074fe:	bc01      	pop	{r0}
10007500:	4760      	bx	ip
10007502:	bf00      	nop
10007504:	20000411 	.word	0x20000411

10007508 <____aeabi_idiv0_veneer>:
10007508:	b401      	push	{r0}
1000750a:	4802      	ldr	r0, [pc, #8]	; (10007514 <____aeabi_idiv0_veneer+0xc>)
1000750c:	4684      	mov	ip, r0
1000750e:	bc01      	pop	{r0}
10007510:	4760      	bx	ip
10007512:	bf00      	nop
10007514:	20000411 	.word	0x20000411

10007518 <__mutex_try_enter_veneer>:
10007518:	b401      	push	{r0}
1000751a:	4802      	ldr	r0, [pc, #8]	; (10007524 <__mutex_try_enter_veneer+0xc>)
1000751c:	4684      	mov	ip, r0
1000751e:	bc01      	pop	{r0}
10007520:	4760      	bx	ip
10007522:	bf00      	nop
10007524:	20000109 	.word	0x20000109

10007528 <__mutex_enter_timeout_ms_veneer>:
10007528:	b401      	push	{r0}
1000752a:	4802      	ldr	r0, [pc, #8]	; (10007534 <__mutex_enter_timeout_ms_veneer+0xc>)
1000752c:	4684      	mov	ip, r0
1000752e:	bc01      	pop	{r0}
10007530:	4760      	bx	ip
10007532:	bf00      	nop
10007534:	2000014d 	.word	0x2000014d

10007538 <__spi_write_blocking_veneer>:
10007538:	b401      	push	{r0}
1000753a:	4802      	ldr	r0, [pc, #8]	; (10007544 <__spi_write_blocking_veneer+0xc>)
1000753c:	4684      	mov	ip, r0
1000753e:	bc01      	pop	{r0}
10007540:	4760      	bx	ip
10007542:	bf00      	nop
10007544:	200003c5 	.word	0x200003c5

10007548 <__spi_write_read_blocking_veneer>:
10007548:	b401      	push	{r0}
1000754a:	4802      	ldr	r0, [pc, #8]	; (10007554 <__spi_write_read_blocking_veneer+0xc>)
1000754c:	4684      	mov	ip, r0
1000754e:	bc01      	pop	{r0}
10007550:	4760      	bx	ip
10007552:	bf00      	nop
10007554:	20000351 	.word	0x20000351

10007558 <__mutex_enter_blocking_veneer>:
10007558:	b401      	push	{r0}
1000755a:	4802      	ldr	r0, [pc, #8]	; (10007564 <__mutex_enter_blocking_veneer+0xc>)
1000755c:	4684      	mov	ip, r0
1000755e:	bc01      	pop	{r0}
10007560:	4760      	bx	ip
10007562:	bf00      	nop
10007564:	200000c1 	.word	0x200000c1

Disassembly of section .data:

200000c0 <mutex_enter_blocking>:
200000c0:	23d0      	movs	r3, #208	; 0xd0
200000c2:	b530      	push	{r4, r5, lr}
200000c4:	2500      	movs	r5, #0
200000c6:	061b      	lsls	r3, r3, #24
200000c8:	2400      	movs	r4, #0
200000ca:	575d      	ldrsb	r5, [r3, r5]
200000cc:	e006      	b.n	200000dc <mutex_enter_blocking+0x1c>
200000ce:	6803      	ldr	r3, [r0, #0]
200000d0:	f3bf 8f5f 	dmb	sy
200000d4:	601c      	str	r4, [r3, #0]
200000d6:	f381 8810 	msr	PRIMASK, r1
200000da:	bf20      	wfe
200000dc:	6802      	ldr	r2, [r0, #0]
200000de:	f3ef 8110 	mrs	r1, PRIMASK
200000e2:	b672      	cpsid	i
200000e4:	6813      	ldr	r3, [r2, #0]
200000e6:	2b00      	cmp	r3, #0
200000e8:	d0fc      	beq.n	200000e4 <mutex_enter_blocking+0x24>
200000ea:	f3bf 8f5f 	dmb	sy
200000ee:	7903      	ldrb	r3, [r0, #4]
200000f0:	2b7f      	cmp	r3, #127	; 0x7f
200000f2:	d9ec      	bls.n	200000ce <mutex_enter_blocking+0xe>
200000f4:	7105      	strb	r5, [r0, #4]
200000f6:	6803      	ldr	r3, [r0, #0]
200000f8:	f3bf 8f5f 	dmb	sy
200000fc:	2200      	movs	r2, #0
200000fe:	601a      	str	r2, [r3, #0]
20000100:	f381 8810 	msr	PRIMASK, r1
20000104:	bd30      	pop	{r4, r5, pc}
20000106:	46c0      	nop			; (mov r8, r8)

20000108 <mutex_try_enter>:
20000108:	0003      	movs	r3, r0
2000010a:	6800      	ldr	r0, [r0, #0]
2000010c:	f3ef 8c10 	mrs	ip, PRIMASK
20000110:	b672      	cpsid	i
20000112:	6802      	ldr	r2, [r0, #0]
20000114:	2a00      	cmp	r2, #0
20000116:	d0fc      	beq.n	20000112 <mutex_try_enter+0xa>
20000118:	f3bf 8f5f 	dmb	sy
2000011c:	2204      	movs	r2, #4
2000011e:	569a      	ldrsb	r2, [r3, r2]
20000120:	2a00      	cmp	r2, #0
20000122:	db0b      	blt.n	2000013c <mutex_try_enter+0x34>
20000124:	2900      	cmp	r1, #0
20000126:	d00f      	beq.n	20000148 <mutex_try_enter+0x40>
20000128:	2000      	movs	r0, #0
2000012a:	600a      	str	r2, [r1, #0]
2000012c:	681b      	ldr	r3, [r3, #0]
2000012e:	f3bf 8f5f 	dmb	sy
20000132:	2200      	movs	r2, #0
20000134:	601a      	str	r2, [r3, #0]
20000136:	f38c 8810 	msr	PRIMASK, ip
2000013a:	4770      	bx	lr
2000013c:	22d0      	movs	r2, #208	; 0xd0
2000013e:	0612      	lsls	r2, r2, #24
20000140:	6812      	ldr	r2, [r2, #0]
20000142:	2001      	movs	r0, #1
20000144:	711a      	strb	r2, [r3, #4]
20000146:	e7f1      	b.n	2000012c <mutex_try_enter+0x24>
20000148:	2000      	movs	r0, #0
2000014a:	e7ef      	b.n	2000012c <mutex_try_enter+0x24>

2000014c <mutex_enter_timeout_ms>:
2000014c:	b5f0      	push	{r4, r5, r6, r7, lr}
2000014e:	46c6      	mov	lr, r8
20000150:	b500      	push	{lr}
20000152:	b082      	sub	sp, #8
20000154:	000c      	movs	r4, r1
20000156:	0007      	movs	r7, r0
20000158:	f001 f8ee 	bl	20001338 <__time_us_64_veneer>
2000015c:	22fa      	movs	r2, #250	; 0xfa
2000015e:	2300      	movs	r3, #0
20000160:	9000      	str	r0, [sp, #0]
20000162:	9101      	str	r1, [sp, #4]
20000164:	0020      	movs	r0, r4
20000166:	0092      	lsls	r2, r2, #2
20000168:	2100      	movs	r1, #0
2000016a:	f001 f8d5 	bl	20001318 <____wrap___aeabi_lmul_veneer>
2000016e:	9a00      	ldr	r2, [sp, #0]
20000170:	9b01      	ldr	r3, [sp, #4]
20000172:	0014      	movs	r4, r2
20000174:	001d      	movs	r5, r3
20000176:	1824      	adds	r4, r4, r0
20000178:	414d      	adcs	r5, r1
2000017a:	42ab      	cmp	r3, r5
2000017c:	d82f      	bhi.n	200001de <mutex_enter_timeout_ms+0x92>
2000017e:	d02b      	beq.n	200001d8 <mutex_enter_timeout_ms+0x8c>
20000180:	23d0      	movs	r3, #208	; 0xd0
20000182:	061b      	lsls	r3, r3, #24
20000184:	681b      	ldr	r3, [r3, #0]
20000186:	2600      	movs	r6, #0
20000188:	4698      	mov	r8, r3
2000018a:	e00b      	b.n	200001a4 <mutex_enter_timeout_ms+0x58>
2000018c:	683b      	ldr	r3, [r7, #0]
2000018e:	f3bf 8f5f 	dmb	sy
20000192:	601e      	str	r6, [r3, #0]
20000194:	f381 8810 	msr	PRIMASK, r1
20000198:	0020      	movs	r0, r4
2000019a:	0029      	movs	r1, r5
2000019c:	f001 f8dc 	bl	20001358 <__best_effort_wfe_or_timeout_veneer>
200001a0:	2800      	cmp	r0, #0
200001a2:	d120      	bne.n	200001e6 <mutex_enter_timeout_ms+0x9a>
200001a4:	683a      	ldr	r2, [r7, #0]
200001a6:	f3ef 8110 	mrs	r1, PRIMASK
200001aa:	b672      	cpsid	i
200001ac:	6813      	ldr	r3, [r2, #0]
200001ae:	2b00      	cmp	r3, #0
200001b0:	d0fc      	beq.n	200001ac <mutex_enter_timeout_ms+0x60>
200001b2:	f3bf 8f5f 	dmb	sy
200001b6:	793b      	ldrb	r3, [r7, #4]
200001b8:	2b7f      	cmp	r3, #127	; 0x7f
200001ba:	d9e7      	bls.n	2000018c <mutex_enter_timeout_ms+0x40>
200001bc:	4643      	mov	r3, r8
200001be:	713b      	strb	r3, [r7, #4]
200001c0:	683b      	ldr	r3, [r7, #0]
200001c2:	f3bf 8f5f 	dmb	sy
200001c6:	2200      	movs	r2, #0
200001c8:	601a      	str	r2, [r3, #0]
200001ca:	f381 8810 	msr	PRIMASK, r1
200001ce:	2001      	movs	r0, #1
200001d0:	b002      	add	sp, #8
200001d2:	bc80      	pop	{r7}
200001d4:	46b8      	mov	r8, r7
200001d6:	bdf0      	pop	{r4, r5, r6, r7, pc}
200001d8:	9b00      	ldr	r3, [sp, #0]
200001da:	42a3      	cmp	r3, r4
200001dc:	d9d0      	bls.n	20000180 <mutex_enter_timeout_ms+0x34>
200001de:	2401      	movs	r4, #1
200001e0:	4264      	negs	r4, r4
200001e2:	17e5      	asrs	r5, r4, #31
200001e4:	e7cc      	b.n	20000180 <mutex_enter_timeout_ms+0x34>
200001e6:	2000      	movs	r0, #0
200001e8:	e7f2      	b.n	200001d0 <mutex_enter_timeout_ms+0x84>
200001ea:	46c0      	nop			; (mov r8, r8)

200001ec <mutex_exit>:
200001ec:	6802      	ldr	r2, [r0, #0]
200001ee:	f3ef 8110 	mrs	r1, PRIMASK
200001f2:	b672      	cpsid	i
200001f4:	6813      	ldr	r3, [r2, #0]
200001f6:	2b00      	cmp	r3, #0
200001f8:	d0fc      	beq.n	200001f4 <mutex_exit+0x8>
200001fa:	f3bf 8f5f 	dmb	sy
200001fe:	23ff      	movs	r3, #255	; 0xff
20000200:	7103      	strb	r3, [r0, #4]
20000202:	6803      	ldr	r3, [r0, #0]
20000204:	f3bf 8f5f 	dmb	sy
20000208:	2200      	movs	r2, #0
2000020a:	601a      	str	r2, [r3, #0]
2000020c:	f381 8810 	msr	PRIMASK, r1
20000210:	bf40      	sev
20000212:	4770      	bx	lr

20000214 <flash_init_boot2_copyout>:
20000214:	4808      	ldr	r0, [pc, #32]	; (20000238 <flash_init_boot2_copyout+0x24>)
20000216:	b510      	push	{r4, lr}
20000218:	7803      	ldrb	r3, [r0, #0]
2000021a:	2b00      	cmp	r3, #0
2000021c:	d10a      	bne.n	20000234 <flash_init_boot2_copyout+0x20>
2000021e:	2380      	movs	r3, #128	; 0x80
20000220:	4906      	ldr	r1, [pc, #24]	; (2000023c <flash_init_boot2_copyout+0x28>)
20000222:	4a07      	ldr	r2, [pc, #28]	; (20000240 <flash_init_boot2_copyout+0x2c>)
20000224:	055b      	lsls	r3, r3, #21
20000226:	681c      	ldr	r4, [r3, #0]
20000228:	50cc      	str	r4, [r1, r3]
2000022a:	3304      	adds	r3, #4
2000022c:	4293      	cmp	r3, r2
2000022e:	d1fa      	bne.n	20000226 <flash_init_boot2_copyout+0x12>
20000230:	2301      	movs	r3, #1
20000232:	7003      	strb	r3, [r0, #0]
20000234:	bd10      	pop	{r4, pc}
20000236:	46c0      	nop			; (mov r8, r8)
20000238:	20002648 	.word	0x20002648
2000023c:	10001f4c 	.word	0x10001f4c
20000240:	10000100 	.word	0x10000100

20000244 <flash_enable_xip_via_boot2>:
20000244:	b510      	push	{r4, lr}
20000246:	4b02      	ldr	r3, [pc, #8]	; (20000250 <flash_enable_xip_via_boot2+0xc>)
20000248:	3301      	adds	r3, #1
2000024a:	4798      	blx	r3
2000024c:	bd10      	pop	{r4, pc}
2000024e:	46c0      	nop			; (mov r8, r8)
20000250:	20001f4c 	.word	0x20001f4c

20000254 <flash_cs_force.constprop.0>:
20000254:	4b03      	ldr	r3, [pc, #12]	; (20000264 <flash_cs_force.constprop.0+0x10>)
20000256:	681a      	ldr	r2, [r3, #0]
20000258:	23c0      	movs	r3, #192	; 0xc0
2000025a:	009b      	lsls	r3, r3, #2
2000025c:	4393      	bics	r3, r2
2000025e:	4a02      	ldr	r2, [pc, #8]	; (20000268 <flash_cs_force.constprop.0+0x14>)
20000260:	6013      	str	r3, [r2, #0]
20000262:	4770      	bx	lr
20000264:	4001800c 	.word	0x4001800c
20000268:	4001900c 	.word	0x4001900c

2000026c <flash_cs_force.constprop.1>:
2000026c:	4b05      	ldr	r3, [pc, #20]	; (20000284 <flash_cs_force.constprop.1+0x18>)
2000026e:	681a      	ldr	r2, [r3, #0]
20000270:	2380      	movs	r3, #128	; 0x80
20000272:	009b      	lsls	r3, r3, #2
20000274:	4053      	eors	r3, r2
20000276:	22c0      	movs	r2, #192	; 0xc0
20000278:	0092      	lsls	r2, r2, #2
2000027a:	4013      	ands	r3, r2
2000027c:	4a02      	ldr	r2, [pc, #8]	; (20000288 <flash_cs_force.constprop.1+0x1c>)
2000027e:	6013      	str	r3, [r2, #0]
20000280:	4770      	bx	lr
20000282:	46c0      	nop			; (mov r8, r8)
20000284:	4001800c 	.word	0x4001800c
20000288:	4001900c 	.word	0x4001900c

2000028c <flash_do_cmd>:
2000028c:	2314      	movs	r3, #20
2000028e:	b5f0      	push	{r4, r5, r6, r7, lr}
20000290:	46d6      	mov	lr, sl
20000292:	464f      	mov	r7, r9
20000294:	4646      	mov	r6, r8
20000296:	469a      	mov	sl, r3
20000298:	4681      	mov	r9, r0
2000029a:	8818      	ldrh	r0, [r3, #0]
2000029c:	3304      	adds	r3, #4
2000029e:	b5c0      	push	{r6, r7, lr}
200002a0:	4698      	mov	r8, r3
200002a2:	000e      	movs	r6, r1
200002a4:	881b      	ldrh	r3, [r3, #0]
200002a6:	4927      	ldr	r1, [pc, #156]	; (20000344 <flash_do_cmd+0xb8>)
200002a8:	0014      	movs	r4, r2
200002aa:	4798      	blx	r3
200002ac:	4653      	mov	r3, sl
200002ae:	0007      	movs	r7, r0
200002b0:	8818      	ldrh	r0, [r3, #0]
200002b2:	4643      	mov	r3, r8
200002b4:	4924      	ldr	r1, [pc, #144]	; (20000348 <flash_do_cmd+0xbc>)
200002b6:	881b      	ldrh	r3, [r3, #0]
200002b8:	4798      	blx	r3
200002ba:	4653      	mov	r3, sl
200002bc:	0005      	movs	r5, r0
200002be:	8818      	ldrh	r0, [r3, #0]
200002c0:	4643      	mov	r3, r8
200002c2:	4922      	ldr	r1, [pc, #136]	; (2000034c <flash_do_cmd+0xc0>)
200002c4:	881b      	ldrh	r3, [r3, #0]
200002c6:	4798      	blx	r3
200002c8:	4680      	mov	r8, r0
200002ca:	f7ff ffa3 	bl	20000214 <flash_init_boot2_copyout>
200002ce:	47b8      	blx	r7
200002d0:	47a8      	blx	r5
200002d2:	f7ff ffcb 	bl	2000026c <flash_cs_force.constprop.1>
200002d6:	2c00      	cmp	r4, #0
200002d8:	d01b      	beq.n	20000312 <flash_do_cmd+0x86>
200002da:	21c0      	movs	r1, #192	; 0xc0
200002dc:	0022      	movs	r2, r4
200002de:	2708      	movs	r7, #8
200002e0:	2002      	movs	r0, #2
200002e2:	0549      	lsls	r1, r1, #21
200002e4:	003d      	movs	r5, r7
200002e6:	6a8b      	ldr	r3, [r1, #40]	; 0x28
200002e8:	401d      	ands	r5, r3
200002ea:	4218      	tst	r0, r3
200002ec:	d00b      	beq.n	20000306 <flash_do_cmd+0x7a>
200002ee:	2c00      	cmp	r4, #0
200002f0:	d009      	beq.n	20000306 <flash_do_cmd+0x7a>
200002f2:	1b13      	subs	r3, r2, r4
200002f4:	2b0d      	cmp	r3, #13
200002f6:	d81f      	bhi.n	20000338 <flash_do_cmd+0xac>
200002f8:	464b      	mov	r3, r9
200002fa:	781b      	ldrb	r3, [r3, #0]
200002fc:	3c01      	subs	r4, #1
200002fe:	660b      	str	r3, [r1, #96]	; 0x60
20000300:	2301      	movs	r3, #1
20000302:	469c      	mov	ip, r3
20000304:	44e1      	add	r9, ip
20000306:	0023      	movs	r3, r4
20000308:	2d00      	cmp	r5, #0
2000030a:	d10c      	bne.n	20000326 <flash_do_cmd+0x9a>
2000030c:	4313      	orrs	r3, r2
2000030e:	2b00      	cmp	r3, #0
20000310:	d1e8      	bne.n	200002e4 <flash_do_cmd+0x58>
20000312:	f7ff ff9f 	bl	20000254 <flash_cs_force.constprop.0>
20000316:	47c0      	blx	r8
20000318:	f7ff ff94 	bl	20000244 <flash_enable_xip_via_boot2>
2000031c:	bce0      	pop	{r5, r6, r7}
2000031e:	46ba      	mov	sl, r7
20000320:	46b1      	mov	r9, r6
20000322:	46a8      	mov	r8, r5
20000324:	bdf0      	pop	{r4, r5, r6, r7, pc}
20000326:	2a00      	cmp	r2, #0
20000328:	d0f1      	beq.n	2000030e <flash_do_cmd+0x82>
2000032a:	6e0b      	ldr	r3, [r1, #96]	; 0x60
2000032c:	3a01      	subs	r2, #1
2000032e:	7033      	strb	r3, [r6, #0]
20000330:	0013      	movs	r3, r2
20000332:	3601      	adds	r6, #1
20000334:	4323      	orrs	r3, r4
20000336:	e7ea      	b.n	2000030e <flash_do_cmd+0x82>
20000338:	2d00      	cmp	r5, #0
2000033a:	d0d3      	beq.n	200002e4 <flash_do_cmd+0x58>
2000033c:	2a00      	cmp	r2, #0
2000033e:	d0d1      	beq.n	200002e4 <flash_do_cmd+0x58>
20000340:	e7f3      	b.n	2000032a <flash_do_cmd+0x9e>
20000342:	46c0      	nop			; (mov r8, r8)
20000344:	00004649 	.word	0x00004649
20000348:	00005845 	.word	0x00005845
2000034c:	00004346 	.word	0x00004346

20000350 <spi_write_read_blocking>:
20000350:	b5f0      	push	{r4, r5, r6, r7, lr}
20000352:	464f      	mov	r7, r9
20000354:	4646      	mov	r6, r8
20000356:	46d6      	mov	lr, sl
20000358:	4689      	mov	r9, r1
2000035a:	b5c0      	push	{r6, r7, lr}
2000035c:	0006      	movs	r6, r0
2000035e:	1e18      	subs	r0, r3, #0
20000360:	d01b      	beq.n	2000039a <spi_write_read_blocking+0x4a>
20000362:	001d      	movs	r5, r3
20000364:	001c      	movs	r4, r3
20000366:	2302      	movs	r3, #2
20000368:	4698      	mov	r8, r3
2000036a:	3302      	adds	r3, #2
2000036c:	469c      	mov	ip, r3
2000036e:	2d00      	cmp	r5, #0
20000370:	d018      	beq.n	200003a4 <spi_write_read_blocking+0x54>
20000372:	002b      	movs	r3, r5
20000374:	3308      	adds	r3, #8
20000376:	4641      	mov	r1, r8
20000378:	68f7      	ldr	r7, [r6, #12]
2000037a:	4239      	tst	r1, r7
2000037c:	d01f      	beq.n	200003be <spi_write_read_blocking+0x6e>
2000037e:	42a3      	cmp	r3, r4
20000380:	d91d      	bls.n	200003be <spi_write_read_blocking+0x6e>
20000382:	2101      	movs	r1, #1
20000384:	464b      	mov	r3, r9
20000386:	468a      	mov	sl, r1
20000388:	781b      	ldrb	r3, [r3, #0]
2000038a:	3d01      	subs	r5, #1
2000038c:	60b3      	str	r3, [r6, #8]
2000038e:	44d1      	add	r9, sl
20000390:	002b      	movs	r3, r5
20000392:	2c00      	cmp	r4, #0
20000394:	d108      	bne.n	200003a8 <spi_write_read_blocking+0x58>
20000396:	2b00      	cmp	r3, #0
20000398:	d1e9      	bne.n	2000036e <spi_write_read_blocking+0x1e>
2000039a:	bce0      	pop	{r5, r6, r7}
2000039c:	46ba      	mov	sl, r7
2000039e:	46b1      	mov	r9, r6
200003a0:	46a8      	mov	r8, r5
200003a2:	bdf0      	pop	{r4, r5, r6, r7, pc}
200003a4:	2c00      	cmp	r4, #0
200003a6:	d0f8      	beq.n	2000039a <spi_write_read_blocking+0x4a>
200003a8:	4663      	mov	r3, ip
200003aa:	68f7      	ldr	r7, [r6, #12]
200003ac:	423b      	tst	r3, r7
200003ae:	d0de      	beq.n	2000036e <spi_write_read_blocking+0x1e>
200003b0:	68b3      	ldr	r3, [r6, #8]
200003b2:	3c01      	subs	r4, #1
200003b4:	7013      	strb	r3, [r2, #0]
200003b6:	0023      	movs	r3, r4
200003b8:	3201      	adds	r2, #1
200003ba:	432b      	orrs	r3, r5
200003bc:	e7eb      	b.n	20000396 <spi_write_read_blocking+0x46>
200003be:	2c00      	cmp	r4, #0
200003c0:	d1f2      	bne.n	200003a8 <spi_write_read_blocking+0x58>
200003c2:	e7d8      	b.n	20000376 <spi_write_read_blocking+0x26>

200003c4 <spi_write_blocking>:
200003c4:	b530      	push	{r4, r5, lr}
200003c6:	0004      	movs	r4, r0
200003c8:	1e10      	subs	r0, r2, #0
200003ca:	d00a      	beq.n	200003e2 <spi_write_blocking+0x1e>
200003cc:	000a      	movs	r2, r1
200003ce:	180d      	adds	r5, r1, r0
200003d0:	2102      	movs	r1, #2
200003d2:	68e3      	ldr	r3, [r4, #12]
200003d4:	4219      	tst	r1, r3
200003d6:	d0fc      	beq.n	200003d2 <spi_write_blocking+0xe>
200003d8:	7813      	ldrb	r3, [r2, #0]
200003da:	3201      	adds	r2, #1
200003dc:	60a3      	str	r3, [r4, #8]
200003de:	4295      	cmp	r5, r2
200003e0:	d1f7      	bne.n	200003d2 <spi_write_blocking+0xe>
200003e2:	68e3      	ldr	r3, [r4, #12]
200003e4:	075b      	lsls	r3, r3, #29
200003e6:	d504      	bpl.n	200003f2 <spi_write_blocking+0x2e>
200003e8:	2104      	movs	r1, #4
200003ea:	68a3      	ldr	r3, [r4, #8]
200003ec:	68e3      	ldr	r3, [r4, #12]
200003ee:	4219      	tst	r1, r3
200003f0:	d1fb      	bne.n	200003ea <spi_write_blocking+0x26>
200003f2:	2110      	movs	r1, #16
200003f4:	68e3      	ldr	r3, [r4, #12]
200003f6:	4219      	tst	r1, r3
200003f8:	d1fc      	bne.n	200003f4 <spi_write_blocking+0x30>
200003fa:	68e3      	ldr	r3, [r4, #12]
200003fc:	075b      	lsls	r3, r3, #29
200003fe:	d504      	bpl.n	2000040a <spi_write_blocking+0x46>
20000400:	2104      	movs	r1, #4
20000402:	68a3      	ldr	r3, [r4, #8]
20000404:	68e3      	ldr	r3, [r4, #12]
20000406:	4219      	tst	r1, r3
20000408:	d1fb      	bne.n	20000402 <spi_write_blocking+0x3e>
2000040a:	2301      	movs	r3, #1
2000040c:	6223      	str	r3, [r4, #32]
2000040e:	bd30      	pop	{r4, r5, pc}

20000410 <__aeabi_idiv0>:
20000410:	4770      	bx	lr
20000412:	46c0      	nop			; (mov r8, r8)

20000414 <selfrel_offset31>:
20000414:	6803      	ldr	r3, [r0, #0]
20000416:	005a      	lsls	r2, r3, #1
20000418:	d504      	bpl.n	20000424 <selfrel_offset31+0x10>
2000041a:	2280      	movs	r2, #128	; 0x80
2000041c:	0612      	lsls	r2, r2, #24
2000041e:	4313      	orrs	r3, r2
20000420:	18c0      	adds	r0, r0, r3
20000422:	4770      	bx	lr
20000424:	005b      	lsls	r3, r3, #1
20000426:	085b      	lsrs	r3, r3, #1
20000428:	e7fa      	b.n	20000420 <selfrel_offset31+0xc>
2000042a:	46c0      	nop			; (mov r8, r8)

2000042c <search_EIT_table>:
2000042c:	b5f8      	push	{r3, r4, r5, r6, r7, lr}
2000042e:	4657      	mov	r7, sl
20000430:	4645      	mov	r5, r8
20000432:	46de      	mov	lr, fp
20000434:	464e      	mov	r6, r9
20000436:	4690      	mov	r8, r2
20000438:	b5e0      	push	{r5, r6, r7, lr}
2000043a:	0007      	movs	r7, r0
2000043c:	2900      	cmp	r1, #0
2000043e:	d024      	beq.n	2000048a <search_EIT_table+0x5e>
20000440:	1e4b      	subs	r3, r1, #1
20000442:	469a      	mov	sl, r3
20000444:	4699      	mov	r9, r3
20000446:	2300      	movs	r3, #0
20000448:	469b      	mov	fp, r3
2000044a:	465b      	mov	r3, fp
2000044c:	444b      	add	r3, r9
2000044e:	0fdc      	lsrs	r4, r3, #31
20000450:	18e4      	adds	r4, r4, r3
20000452:	1064      	asrs	r4, r4, #1
20000454:	00e5      	lsls	r5, r4, #3
20000456:	197e      	adds	r6, r7, r5
20000458:	0030      	movs	r0, r6
2000045a:	f7ff ffdb 	bl	20000414 <selfrel_offset31>
2000045e:	45a2      	cmp	sl, r4
20000460:	d00c      	beq.n	2000047c <search_EIT_table+0x50>
20000462:	4540      	cmp	r0, r8
20000464:	d80c      	bhi.n	20000480 <search_EIT_table+0x54>
20000466:	0028      	movs	r0, r5
20000468:	3008      	adds	r0, #8
2000046a:	1838      	adds	r0, r7, r0
2000046c:	f7ff ffd2 	bl	20000414 <selfrel_offset31>
20000470:	3801      	subs	r0, #1
20000472:	4540      	cmp	r0, r8
20000474:	d20a      	bcs.n	2000048c <search_EIT_table+0x60>
20000476:	1c63      	adds	r3, r4, #1
20000478:	469b      	mov	fp, r3
2000047a:	e7e6      	b.n	2000044a <search_EIT_table+0x1e>
2000047c:	4540      	cmp	r0, r8
2000047e:	d905      	bls.n	2000048c <search_EIT_table+0x60>
20000480:	45a3      	cmp	fp, r4
20000482:	d002      	beq.n	2000048a <search_EIT_table+0x5e>
20000484:	1e63      	subs	r3, r4, #1
20000486:	4699      	mov	r9, r3
20000488:	e7df      	b.n	2000044a <search_EIT_table+0x1e>
2000048a:	2600      	movs	r6, #0
2000048c:	0030      	movs	r0, r6
2000048e:	bcf0      	pop	{r4, r5, r6, r7}
20000490:	46bb      	mov	fp, r7
20000492:	46b2      	mov	sl, r6
20000494:	46a9      	mov	r9, r5
20000496:	46a0      	mov	r8, r4
20000498:	bdf8      	pop	{r3, r4, r5, r6, r7, pc}
2000049a:	46c0      	nop			; (mov r8, r8)

2000049c <__gnu_unwind_get_pr_addr>:
2000049c:	0003      	movs	r3, r0
2000049e:	2801      	cmp	r0, #1
200004a0:	d005      	beq.n	200004ae <__gnu_unwind_get_pr_addr+0x12>
200004a2:	2802      	cmp	r0, #2
200004a4:	d007      	beq.n	200004b6 <__gnu_unwind_get_pr_addr+0x1a>
200004a6:	2000      	movs	r0, #0
200004a8:	2b00      	cmp	r3, #0
200004aa:	d002      	beq.n	200004b2 <__gnu_unwind_get_pr_addr+0x16>
200004ac:	4770      	bx	lr
200004ae:	4803      	ldr	r0, [pc, #12]	; (200004bc <__gnu_unwind_get_pr_addr+0x20>)
200004b0:	e7fc      	b.n	200004ac <__gnu_unwind_get_pr_addr+0x10>
200004b2:	4803      	ldr	r0, [pc, #12]	; (200004c0 <__gnu_unwind_get_pr_addr+0x24>)
200004b4:	e7fa      	b.n	200004ac <__gnu_unwind_get_pr_addr+0x10>
200004b6:	4803      	ldr	r0, [pc, #12]	; (200004c4 <__gnu_unwind_get_pr_addr+0x28>)
200004b8:	e7f8      	b.n	200004ac <__gnu_unwind_get_pr_addr+0x10>
200004ba:	46c0      	nop			; (mov r8, r8)
200004bc:	20000bc5 	.word	0x20000bc5
200004c0:	20000bb9 	.word	0x20000bb9
200004c4:	20000bd1 	.word	0x20000bd1

200004c8 <get_eit_entry>:
200004c8:	b530      	push	{r4, r5, lr}
200004ca:	4b23      	ldr	r3, [pc, #140]	; (20000558 <get_eit_entry+0x90>)
200004cc:	0005      	movs	r5, r0
200004ce:	b083      	sub	sp, #12
200004d0:	1e8c      	subs	r4, r1, #2
200004d2:	2b00      	cmp	r3, #0
200004d4:	d026      	beq.n	20000524 <get_eit_entry+0x5c>
200004d6:	0020      	movs	r0, r4
200004d8:	a901      	add	r1, sp, #4
200004da:	e000      	b.n	200004de <get_eit_entry+0x16>
200004dc:	bf00      	nop
200004de:	2800      	cmp	r0, #0
200004e0:	d01c      	beq.n	2000051c <get_eit_entry+0x54>
200004e2:	9901      	ldr	r1, [sp, #4]
200004e4:	0022      	movs	r2, r4
200004e6:	f7ff ffa1 	bl	2000042c <search_EIT_table>
200004ea:	1e04      	subs	r4, r0, #0
200004ec:	d016      	beq.n	2000051c <get_eit_entry+0x54>
200004ee:	f7ff ff91 	bl	20000414 <selfrel_offset31>
200004f2:	6863      	ldr	r3, [r4, #4]
200004f4:	64a8      	str	r0, [r5, #72]	; 0x48
200004f6:	2b01      	cmp	r3, #1
200004f8:	d02a      	beq.n	20000550 <get_eit_entry+0x88>
200004fa:	1d20      	adds	r0, r4, #4
200004fc:	2b00      	cmp	r3, #0
200004fe:	db23      	blt.n	20000548 <get_eit_entry+0x80>
20000500:	f7ff ff88 	bl	20000414 <selfrel_offset31>
20000504:	2300      	movs	r3, #0
20000506:	64e8      	str	r0, [r5, #76]	; 0x4c
20000508:	652b      	str	r3, [r5, #80]	; 0x50
2000050a:	6803      	ldr	r3, [r0, #0]
2000050c:	2b00      	cmp	r3, #0
2000050e:	db0f      	blt.n	20000530 <get_eit_entry+0x68>
20000510:	f7ff ff80 	bl	20000414 <selfrel_offset31>
20000514:	6128      	str	r0, [r5, #16]
20000516:	2000      	movs	r0, #0
20000518:	b003      	add	sp, #12
2000051a:	bd30      	pop	{r4, r5, pc}
2000051c:	2300      	movs	r3, #0
2000051e:	2009      	movs	r0, #9
20000520:	612b      	str	r3, [r5, #16]
20000522:	e7f9      	b.n	20000518 <get_eit_entry+0x50>
20000524:	480d      	ldr	r0, [pc, #52]	; (2000055c <get_eit_entry+0x94>)
20000526:	490e      	ldr	r1, [pc, #56]	; (20000560 <get_eit_entry+0x98>)
20000528:	1a09      	subs	r1, r1, r0
2000052a:	10c9      	asrs	r1, r1, #3
2000052c:	9101      	str	r1, [sp, #4]
2000052e:	e7d9      	b.n	200004e4 <get_eit_entry+0x1c>
20000530:	0118      	lsls	r0, r3, #4
20000532:	0f00      	lsrs	r0, r0, #28
20000534:	f7ff ffb2 	bl	2000049c <__gnu_unwind_get_pr_addr>
20000538:	6128      	str	r0, [r5, #16]
2000053a:	1e43      	subs	r3, r0, #1
2000053c:	4198      	sbcs	r0, r3
2000053e:	2308      	movs	r3, #8
20000540:	4240      	negs	r0, r0
20000542:	4398      	bics	r0, r3
20000544:	3009      	adds	r0, #9
20000546:	e7e7      	b.n	20000518 <get_eit_entry+0x50>
20000548:	2301      	movs	r3, #1
2000054a:	64e8      	str	r0, [r5, #76]	; 0x4c
2000054c:	652b      	str	r3, [r5, #80]	; 0x50
2000054e:	e7dc      	b.n	2000050a <get_eit_entry+0x42>
20000550:	2300      	movs	r3, #0
20000552:	2005      	movs	r0, #5
20000554:	612b      	str	r3, [r5, #16]
20000556:	e7df      	b.n	20000518 <get_eit_entry+0x50>
20000558:	00000000 	.word	0x00000000
2000055c:	10007bb8 	.word	0x10007bb8
20000560:	10007cc8 	.word	0x10007cc8

20000564 <restore_non_core_regs>:
20000564:	6803      	ldr	r3, [r0, #0]
20000566:	b510      	push	{r4, lr}
20000568:	0004      	movs	r4, r0
2000056a:	07da      	lsls	r2, r3, #31
2000056c:	d405      	bmi.n	2000057a <restore_non_core_regs+0x16>
2000056e:	079b      	lsls	r3, r3, #30
20000570:	d50a      	bpl.n	20000588 <restore_non_core_regs+0x24>
20000572:	3048      	adds	r0, #72	; 0x48
20000574:	f000 fc80 	bl	20000e78 <__gnu_Unwind_Restore_VFP_D>
20000578:	6823      	ldr	r3, [r4, #0]
2000057a:	075a      	lsls	r2, r3, #29
2000057c:	d50a      	bpl.n	20000594 <restore_non_core_regs+0x30>
2000057e:	071a      	lsls	r2, r3, #28
20000580:	d50f      	bpl.n	200005a2 <restore_non_core_regs+0x3e>
20000582:	06db      	lsls	r3, r3, #27
20000584:	d515      	bpl.n	200005b2 <restore_non_core_regs+0x4e>
20000586:	bd10      	pop	{r4, pc}
20000588:	3048      	adds	r0, #72	; 0x48
2000058a:	f000 fc71 	bl	20000e70 <__gnu_Unwind_Restore_VFP>
2000058e:	6823      	ldr	r3, [r4, #0]
20000590:	075a      	lsls	r2, r3, #29
20000592:	d4f4      	bmi.n	2000057e <restore_non_core_regs+0x1a>
20000594:	0020      	movs	r0, r4
20000596:	30d0      	adds	r0, #208	; 0xd0
20000598:	f000 fc72 	bl	20000e80 <__gnu_Unwind_Restore_VFP_D_16_to_31>
2000059c:	6823      	ldr	r3, [r4, #0]
2000059e:	071a      	lsls	r2, r3, #28
200005a0:	d4ef      	bmi.n	20000582 <restore_non_core_regs+0x1e>
200005a2:	0020      	movs	r0, r4
200005a4:	3051      	adds	r0, #81	; 0x51
200005a6:	30ff      	adds	r0, #255	; 0xff
200005a8:	f000 fc6e 	bl	20000e88 <__gnu_Unwind_Restore_WMMXD>
200005ac:	6823      	ldr	r3, [r4, #0]
200005ae:	06db      	lsls	r3, r3, #27
200005b0:	d4e9      	bmi.n	20000586 <restore_non_core_regs+0x22>
200005b2:	0020      	movs	r0, r4
200005b4:	30d1      	adds	r0, #209	; 0xd1
200005b6:	30ff      	adds	r0, #255	; 0xff
200005b8:	f000 fc6a 	bl	20000e90 <__gnu_Unwind_Restore_WMMXC>
200005bc:	e7e3      	b.n	20000586 <restore_non_core_regs+0x22>
200005be:	46c0      	nop			; (mov r8, r8)

200005c0 <__gnu_unwind_24bit.constprop.0>:
200005c0:	2009      	movs	r0, #9
200005c2:	4770      	bx	lr

200005c4 <_Unwind_decode_typeinfo_ptr.constprop.0>:
200005c4:	0003      	movs	r3, r0
200005c6:	6800      	ldr	r0, [r0, #0]
200005c8:	2800      	cmp	r0, #0
200005ca:	d000      	beq.n	200005ce <_Unwind_decode_typeinfo_ptr.constprop.0+0xa>
200005cc:	18c0      	adds	r0, r0, r3
200005ce:	4770      	bx	lr

200005d0 <_Unwind_DebugHook>:
200005d0:	4770      	bx	lr
200005d2:	46c0      	nop			; (mov r8, r8)

200005d4 <unwind_phase2>:
200005d4:	b570      	push	{r4, r5, r6, lr}
200005d6:	0004      	movs	r4, r0
200005d8:	000d      	movs	r5, r1
200005da:	0020      	movs	r0, r4
200005dc:	6c29      	ldr	r1, [r5, #64]	; 0x40
200005de:	f7ff ff73 	bl	200004c8 <get_eit_entry>
200005e2:	2800      	cmp	r0, #0
200005e4:	d111      	bne.n	2000060a <unwind_phase2+0x36>
200005e6:	6c2b      	ldr	r3, [r5, #64]	; 0x40
200005e8:	002a      	movs	r2, r5
200005ea:	6163      	str	r3, [r4, #20]
200005ec:	0021      	movs	r1, r4
200005ee:	2001      	movs	r0, #1
200005f0:	6923      	ldr	r3, [r4, #16]
200005f2:	4798      	blx	r3
200005f4:	2808      	cmp	r0, #8
200005f6:	d0f0      	beq.n	200005da <unwind_phase2+0x6>
200005f8:	2807      	cmp	r0, #7
200005fa:	d106      	bne.n	2000060a <unwind_phase2+0x36>
200005fc:	2000      	movs	r0, #0
200005fe:	6c29      	ldr	r1, [r5, #64]	; 0x40
20000600:	f7ff ffe6 	bl	200005d0 <_Unwind_DebugHook>
20000604:	1d28      	adds	r0, r5, #4
20000606:	f000 fc1d 	bl	20000e44 <__restore_core_regs>
2000060a:	f000 fe8d 	bl	20001328 <__abort_veneer>
2000060e:	46c0      	nop			; (mov r8, r8)

20000610 <unwind_phase2_forced>:
20000610:	b5f0      	push	{r4, r5, r6, r7, lr}
20000612:	46ce      	mov	lr, r9
20000614:	4647      	mov	r7, r8
20000616:	b580      	push	{r7, lr}
20000618:	68c3      	ldr	r3, [r0, #12]
2000061a:	4c30      	ldr	r4, [pc, #192]	; (200006dc <unwind_phase2_forced+0xcc>)
2000061c:	4698      	mov	r8, r3
2000061e:	44a5      	add	sp, r4
20000620:	6983      	ldr	r3, [r0, #24]
20000622:	0004      	movs	r4, r0
20000624:	0016      	movs	r6, r2
20000626:	3104      	adds	r1, #4
20000628:	2240      	movs	r2, #64	; 0x40
2000062a:	a805      	add	r0, sp, #20
2000062c:	4699      	mov	r9, r3
2000062e:	f000 fe8b 	bl	20001348 <____wrap_memcpy_veneer>
20000632:	2300      	movs	r3, #0
20000634:	9304      	str	r3, [sp, #16]
20000636:	e025      	b.n	20000684 <unwind_phase2_forced+0x74>
20000638:	22f0      	movs	r2, #240	; 0xf0
2000063a:	9b14      	ldr	r3, [sp, #80]	; 0x50
2000063c:	0052      	lsls	r2, r2, #1
2000063e:	6163      	str	r3, [r4, #20]
20000640:	a904      	add	r1, sp, #16
20000642:	a87c      	add	r0, sp, #496	; 0x1f0
20000644:	9303      	str	r3, [sp, #12]
20000646:	f000 fe7f 	bl	20001348 <____wrap_memcpy_veneer>
2000064a:	0021      	movs	r1, r4
2000064c:	0028      	movs	r0, r5
2000064e:	6923      	ldr	r3, [r4, #16]
20000650:	aa7c      	add	r2, sp, #496	; 0x1f0
20000652:	4798      	blx	r3
20000654:	9b8a      	ldr	r3, [sp, #552]	; 0x228
20000656:	0005      	movs	r5, r0
20000658:	9303      	str	r3, [sp, #12]
2000065a:	9315      	str	r3, [sp, #84]	; 0x54
2000065c:	464b      	mov	r3, r9
2000065e:	9301      	str	r3, [sp, #4]
20000660:	ab04      	add	r3, sp, #16
20000662:	9300      	str	r3, [sp, #0]
20000664:	0022      	movs	r2, r4
20000666:	0023      	movs	r3, r4
20000668:	0031      	movs	r1, r6
2000066a:	2001      	movs	r0, #1
2000066c:	47c0      	blx	r8
2000066e:	2800      	cmp	r0, #0
20000670:	d122      	bne.n	200006b8 <unwind_phase2_forced+0xa8>
20000672:	22f0      	movs	r2, #240	; 0xf0
20000674:	a97c      	add	r1, sp, #496	; 0x1f0
20000676:	0052      	lsls	r2, r2, #1
20000678:	a804      	add	r0, sp, #16
2000067a:	f000 fe65 	bl	20001348 <____wrap_memcpy_veneer>
2000067e:	2600      	movs	r6, #0
20000680:	2d08      	cmp	r5, #8
20000682:	d122      	bne.n	200006ca <unwind_phase2_forced+0xba>
20000684:	9b14      	ldr	r3, [sp, #80]	; 0x50
20000686:	0020      	movs	r0, r4
20000688:	0019      	movs	r1, r3
2000068a:	9303      	str	r3, [sp, #12]
2000068c:	f7ff ff1c 	bl	200004c8 <get_eit_entry>
20000690:	3609      	adds	r6, #9
20000692:	0007      	movs	r7, r0
20000694:	b2f5      	uxtb	r5, r6
20000696:	2800      	cmp	r0, #0
20000698:	d0ce      	beq.n	20000638 <unwind_phase2_forced+0x28>
2000069a:	9b12      	ldr	r3, [sp, #72]	; 0x48
2000069c:	2110      	movs	r1, #16
2000069e:	9303      	str	r3, [sp, #12]
200006a0:	9315      	str	r3, [sp, #84]	; 0x54
200006a2:	464b      	mov	r3, r9
200006a4:	9301      	str	r3, [sp, #4]
200006a6:	ab04      	add	r3, sp, #16
200006a8:	9300      	str	r3, [sp, #0]
200006aa:	0022      	movs	r2, r4
200006ac:	0023      	movs	r3, r4
200006ae:	2001      	movs	r0, #1
200006b0:	4329      	orrs	r1, r5
200006b2:	47c0      	blx	r8
200006b4:	2800      	cmp	r0, #0
200006b6:	d000      	beq.n	200006ba <unwind_phase2_forced+0xaa>
200006b8:	2709      	movs	r7, #9
200006ba:	0038      	movs	r0, r7
200006bc:	23f5      	movs	r3, #245	; 0xf5
200006be:	009b      	lsls	r3, r3, #2
200006c0:	449d      	add	sp, r3
200006c2:	bcc0      	pop	{r6, r7}
200006c4:	46b9      	mov	r9, r7
200006c6:	46b0      	mov	r8, r6
200006c8:	bdf0      	pop	{r4, r5, r6, r7, pc}
200006ca:	2d07      	cmp	r5, #7
200006cc:	d1f4      	bne.n	200006b8 <unwind_phase2_forced+0xa8>
200006ce:	0030      	movs	r0, r6
200006d0:	9914      	ldr	r1, [sp, #80]	; 0x50
200006d2:	f7ff ff7d 	bl	200005d0 <_Unwind_DebugHook>
200006d6:	a805      	add	r0, sp, #20
200006d8:	f000 fbb4 	bl	20000e44 <__restore_core_regs>
200006dc:	fffffc2c 	.word	0xfffffc2c

200006e0 <_Unwind_GetCFA>:
200006e0:	6c40      	ldr	r0, [r0, #68]	; 0x44
200006e2:	4770      	bx	lr

200006e4 <__gnu_Unwind_RaiseException>:
200006e4:	b570      	push	{r4, r5, r6, lr}
200006e6:	6bcb      	ldr	r3, [r1, #60]	; 0x3c
200006e8:	b0fa      	sub	sp, #488	; 0x1e8
200006ea:	640b      	str	r3, [r1, #64]	; 0x40
200006ec:	0005      	movs	r5, r0
200006ee:	000e      	movs	r6, r1
200006f0:	2240      	movs	r2, #64	; 0x40
200006f2:	3104      	adds	r1, #4
200006f4:	a803      	add	r0, sp, #12
200006f6:	f000 fe27 	bl	20001348 <____wrap_memcpy_veneer>
200006fa:	2301      	movs	r3, #1
200006fc:	425b      	negs	r3, r3
200006fe:	9302      	str	r3, [sp, #8]
20000700:	e006      	b.n	20000710 <__gnu_Unwind_RaiseException+0x2c>
20000702:	0029      	movs	r1, r5
20000704:	692b      	ldr	r3, [r5, #16]
20000706:	aa02      	add	r2, sp, #8
20000708:	4798      	blx	r3
2000070a:	0004      	movs	r4, r0
2000070c:	2808      	cmp	r0, #8
2000070e:	d10a      	bne.n	20000726 <__gnu_Unwind_RaiseException+0x42>
20000710:	9b12      	ldr	r3, [sp, #72]	; 0x48
20000712:	0028      	movs	r0, r5
20000714:	0019      	movs	r1, r3
20000716:	9301      	str	r3, [sp, #4]
20000718:	f7ff fed6 	bl	200004c8 <get_eit_entry>
2000071c:	2800      	cmp	r0, #0
2000071e:	d0f0      	beq.n	20000702 <__gnu_Unwind_RaiseException+0x1e>
20000720:	2009      	movs	r0, #9
20000722:	b07a      	add	sp, #488	; 0x1e8
20000724:	bd70      	pop	{r4, r5, r6, pc}
20000726:	a802      	add	r0, sp, #8
20000728:	f7ff ff1c 	bl	20000564 <restore_non_core_regs>
2000072c:	2c06      	cmp	r4, #6
2000072e:	d1f7      	bne.n	20000720 <__gnu_Unwind_RaiseException+0x3c>
20000730:	0031      	movs	r1, r6
20000732:	0028      	movs	r0, r5
20000734:	f7ff ff4e 	bl	200005d4 <unwind_phase2>

20000738 <__gnu_Unwind_ForcedUnwind>:
20000738:	b510      	push	{r4, lr}
2000073a:	6182      	str	r2, [r0, #24]
2000073c:	6bda      	ldr	r2, [r3, #60]	; 0x3c
2000073e:	60c1      	str	r1, [r0, #12]
20000740:	641a      	str	r2, [r3, #64]	; 0x40
20000742:	0019      	movs	r1, r3
20000744:	2200      	movs	r2, #0
20000746:	f7ff ff63 	bl	20000610 <unwind_phase2_forced>
2000074a:	bd10      	pop	{r4, pc}

2000074c <__gnu_Unwind_Resume>:
2000074c:	6943      	ldr	r3, [r0, #20]
2000074e:	b570      	push	{r4, r5, r6, lr}
20000750:	640b      	str	r3, [r1, #64]	; 0x40
20000752:	68c3      	ldr	r3, [r0, #12]
20000754:	0004      	movs	r4, r0
20000756:	000d      	movs	r5, r1
20000758:	2b00      	cmp	r3, #0
2000075a:	d113      	bne.n	20000784 <__gnu_Unwind_Resume+0x38>
2000075c:	000a      	movs	r2, r1
2000075e:	6923      	ldr	r3, [r4, #16]
20000760:	0001      	movs	r1, r0
20000762:	2002      	movs	r0, #2
20000764:	4798      	blx	r3
20000766:	2807      	cmp	r0, #7
20000768:	d005      	beq.n	20000776 <__gnu_Unwind_Resume+0x2a>
2000076a:	2808      	cmp	r0, #8
2000076c:	d10f      	bne.n	2000078e <__gnu_Unwind_Resume+0x42>
2000076e:	0029      	movs	r1, r5
20000770:	0020      	movs	r0, r4
20000772:	f7ff ff2f 	bl	200005d4 <unwind_phase2>
20000776:	2000      	movs	r0, #0
20000778:	6c29      	ldr	r1, [r5, #64]	; 0x40
2000077a:	f7ff ff29 	bl	200005d0 <_Unwind_DebugHook>
2000077e:	1d28      	adds	r0, r5, #4
20000780:	f000 fb60 	bl	20000e44 <__restore_core_regs>
20000784:	2201      	movs	r2, #1
20000786:	f7ff ff43 	bl	20000610 <unwind_phase2_forced>
2000078a:	f000 fdcd 	bl	20001328 <__abort_veneer>
2000078e:	f000 fdcb 	bl	20001328 <__abort_veneer>
20000792:	46c0      	nop			; (mov r8, r8)

20000794 <__gnu_Unwind_Resume_or_Rethrow>:
20000794:	68c3      	ldr	r3, [r0, #12]
20000796:	b510      	push	{r4, lr}
20000798:	2b00      	cmp	r3, #0
2000079a:	d005      	beq.n	200007a8 <__gnu_Unwind_Resume_or_Rethrow+0x14>
2000079c:	6bcb      	ldr	r3, [r1, #60]	; 0x3c
2000079e:	2200      	movs	r2, #0
200007a0:	640b      	str	r3, [r1, #64]	; 0x40
200007a2:	f7ff ff35 	bl	20000610 <unwind_phase2_forced>
200007a6:	bd10      	pop	{r4, pc}
200007a8:	f7ff ff9c 	bl	200006e4 <__gnu_Unwind_RaiseException>
200007ac:	e7fb      	b.n	200007a6 <__gnu_Unwind_Resume_or_Rethrow+0x12>
200007ae:	46c0      	nop			; (mov r8, r8)

200007b0 <_Unwind_Complete>:
200007b0:	4770      	bx	lr
200007b2:	46c0      	nop			; (mov r8, r8)

200007b4 <_Unwind_DeleteException>:
200007b4:	6883      	ldr	r3, [r0, #8]
200007b6:	0001      	movs	r1, r0
200007b8:	b510      	push	{r4, lr}
200007ba:	2b00      	cmp	r3, #0
200007bc:	d001      	beq.n	200007c2 <_Unwind_DeleteException+0xe>
200007be:	2001      	movs	r0, #1
200007c0:	4798      	blx	r3
200007c2:	bd10      	pop	{r4, pc}

200007c4 <_Unwind_VRS_Get>:
200007c4:	2901      	cmp	r1, #1
200007c6:	d015      	beq.n	200007f4 <_Unwind_VRS_Get+0x30>
200007c8:	d80a      	bhi.n	200007e0 <_Unwind_VRS_Get+0x1c>
200007ca:	2b00      	cmp	r3, #0
200007cc:	d110      	bne.n	200007f0 <_Unwind_VRS_Get+0x2c>
200007ce:	2a0f      	cmp	r2, #15
200007d0:	d80e      	bhi.n	200007f0 <_Unwind_VRS_Get+0x2c>
200007d2:	0092      	lsls	r2, r2, #2
200007d4:	1882      	adds	r2, r0, r2
200007d6:	6852      	ldr	r2, [r2, #4]
200007d8:	9b00      	ldr	r3, [sp, #0]
200007da:	2000      	movs	r0, #0
200007dc:	601a      	str	r2, [r3, #0]
200007de:	e006      	b.n	200007ee <_Unwind_VRS_Get+0x2a>
200007e0:	2001      	movs	r0, #1
200007e2:	3903      	subs	r1, #3
200007e4:	b2c9      	uxtb	r1, r1
200007e6:	4288      	cmp	r0, r1
200007e8:	4180      	sbcs	r0, r0
200007ea:	4240      	negs	r0, r0
200007ec:	3001      	adds	r0, #1
200007ee:	4770      	bx	lr
200007f0:	2002      	movs	r0, #2
200007f2:	e7fc      	b.n	200007ee <_Unwind_VRS_Get+0x2a>
200007f4:	2001      	movs	r0, #1
200007f6:	e7fa      	b.n	200007ee <_Unwind_VRS_Get+0x2a>

200007f8 <_Unwind_GetGR>:
200007f8:	b500      	push	{lr}
200007fa:	b085      	sub	sp, #20
200007fc:	ab03      	add	r3, sp, #12
200007fe:	000a      	movs	r2, r1
20000800:	9300      	str	r3, [sp, #0]
20000802:	2100      	movs	r1, #0
20000804:	2300      	movs	r3, #0
20000806:	f7ff ffdd 	bl	200007c4 <_Unwind_VRS_Get>
2000080a:	9803      	ldr	r0, [sp, #12]
2000080c:	b005      	add	sp, #20
2000080e:	bd00      	pop	{pc}

20000810 <_Unwind_VRS_Set>:
20000810:	2901      	cmp	r1, #1
20000812:	d015      	beq.n	20000840 <_Unwind_VRS_Set+0x30>
20000814:	d80a      	bhi.n	2000082c <_Unwind_VRS_Set+0x1c>
20000816:	2b00      	cmp	r3, #0
20000818:	d110      	bne.n	2000083c <_Unwind_VRS_Set+0x2c>
2000081a:	2a0f      	cmp	r2, #15
2000081c:	d80e      	bhi.n	2000083c <_Unwind_VRS_Set+0x2c>
2000081e:	9b00      	ldr	r3, [sp, #0]
20000820:	0092      	lsls	r2, r2, #2
20000822:	681b      	ldr	r3, [r3, #0]
20000824:	1882      	adds	r2, r0, r2
20000826:	6053      	str	r3, [r2, #4]
20000828:	2000      	movs	r0, #0
2000082a:	e006      	b.n	2000083a <_Unwind_VRS_Set+0x2a>
2000082c:	2001      	movs	r0, #1
2000082e:	3903      	subs	r1, #3
20000830:	b2c9      	uxtb	r1, r1
20000832:	4288      	cmp	r0, r1
20000834:	4180      	sbcs	r0, r0
20000836:	4240      	negs	r0, r0
20000838:	3001      	adds	r0, #1
2000083a:	4770      	bx	lr
2000083c:	2002      	movs	r0, #2
2000083e:	e7fc      	b.n	2000083a <_Unwind_VRS_Set+0x2a>
20000840:	2001      	movs	r0, #1
20000842:	e7fa      	b.n	2000083a <_Unwind_VRS_Set+0x2a>

20000844 <_Unwind_SetGR>:
20000844:	b500      	push	{lr}
20000846:	b085      	sub	sp, #20
20000848:	ab03      	add	r3, sp, #12
2000084a:	9203      	str	r2, [sp, #12]
2000084c:	9300      	str	r3, [sp, #0]
2000084e:	000a      	movs	r2, r1
20000850:	2300      	movs	r3, #0
20000852:	2100      	movs	r1, #0
20000854:	f7ff ffdc 	bl	20000810 <_Unwind_VRS_Set>
20000858:	b005      	add	sp, #20
2000085a:	bd00      	pop	{pc}

2000085c <__gnu_Unwind_Backtrace>:
2000085c:	b570      	push	{r4, r5, r6, lr}
2000085e:	4c1a      	ldr	r4, [pc, #104]	; (200008c8 <__gnu_Unwind_Backtrace+0x6c>)
20000860:	6bd3      	ldr	r3, [r2, #60]	; 0x3c
20000862:	44a5      	add	sp, r4
20000864:	6413      	str	r3, [r2, #64]	; 0x40
20000866:	0005      	movs	r5, r0
20000868:	000c      	movs	r4, r1
2000086a:	a819      	add	r0, sp, #100	; 0x64
2000086c:	1d11      	adds	r1, r2, #4
2000086e:	2240      	movs	r2, #64	; 0x40
20000870:	f000 fd6a 	bl	20001348 <____wrap_memcpy_veneer>
20000874:	2301      	movs	r3, #1
20000876:	425b      	negs	r3, r3
20000878:	9318      	str	r3, [sp, #96]	; 0x60
2000087a:	e014      	b.n	200008a6 <__gnu_Unwind_Backtrace+0x4a>
2000087c:	210c      	movs	r1, #12
2000087e:	a818      	add	r0, sp, #96	; 0x60
20000880:	aa02      	add	r2, sp, #8
20000882:	f7ff ffdf 	bl	20000844 <_Unwind_SetGR>
20000886:	0021      	movs	r1, r4
20000888:	a818      	add	r0, sp, #96	; 0x60
2000088a:	47a8      	blx	r5
2000088c:	2800      	cmp	r0, #0
2000088e:	d112      	bne.n	200008b6 <__gnu_Unwind_Backtrace+0x5a>
20000890:	9b06      	ldr	r3, [sp, #24]
20000892:	aa18      	add	r2, sp, #96	; 0x60
20000894:	a902      	add	r1, sp, #8
20000896:	3008      	adds	r0, #8
20000898:	9301      	str	r3, [sp, #4]
2000089a:	4798      	blx	r3
2000089c:	0006      	movs	r6, r0
2000089e:	2805      	cmp	r0, #5
200008a0:	d00a      	beq.n	200008b8 <__gnu_Unwind_Backtrace+0x5c>
200008a2:	2809      	cmp	r0, #9
200008a4:	d007      	beq.n	200008b6 <__gnu_Unwind_Backtrace+0x5a>
200008a6:	9b28      	ldr	r3, [sp, #160]	; 0xa0
200008a8:	a802      	add	r0, sp, #8
200008aa:	0019      	movs	r1, r3
200008ac:	9301      	str	r3, [sp, #4]
200008ae:	f7ff fe0b 	bl	200004c8 <get_eit_entry>
200008b2:	2800      	cmp	r0, #0
200008b4:	d0e2      	beq.n	2000087c <__gnu_Unwind_Backtrace+0x20>
200008b6:	2609      	movs	r6, #9
200008b8:	a818      	add	r0, sp, #96	; 0x60
200008ba:	f7ff fe53 	bl	20000564 <restore_non_core_regs>
200008be:	0030      	movs	r0, r6
200008c0:	2390      	movs	r3, #144	; 0x90
200008c2:	009b      	lsls	r3, r3, #2
200008c4:	449d      	add	sp, r3
200008c6:	bd70      	pop	{r4, r5, r6, pc}
200008c8:	fffffdc0 	.word	0xfffffdc0

200008cc <__gnu_unwind_pr_common>:
200008cc:	b5f0      	push	{r4, r5, r6, r7, lr}
200008ce:	4657      	mov	r7, sl
200008d0:	4692      	mov	sl, r2
200008d2:	2203      	movs	r2, #3
200008d4:	4645      	mov	r5, r8
200008d6:	464e      	mov	r6, r9
200008d8:	46de      	mov	lr, fp
200008da:	4699      	mov	r9, r3
200008dc:	0013      	movs	r3, r2
200008de:	b5e0      	push	{r5, r6, r7, lr}
200008e0:	4688      	mov	r8, r1
200008e2:	6ccd      	ldr	r5, [r1, #76]	; 0x4c
200008e4:	4649      	mov	r1, r9
200008e6:	b089      	sub	sp, #36	; 0x24
200008e8:	4003      	ands	r3, r0
200008ea:	9300      	str	r3, [sp, #0]
200008ec:	cd08      	ldmia	r5!, {r3}
200008ee:	9506      	str	r5, [sp, #24]
200008f0:	2900      	cmp	r1, #0
200008f2:	d100      	bne.n	200008f6 <__gnu_unwind_pr_common+0x2a>
200008f4:	e080      	b.n	200009f8 <__gnu_unwind_pr_common+0x12c>
200008f6:	0c1a      	lsrs	r2, r3, #16
200008f8:	041b      	lsls	r3, r3, #16
200008fa:	9305      	str	r3, [sp, #20]
200008fc:	2302      	movs	r3, #2
200008fe:	a904      	add	r1, sp, #16
20000900:	730b      	strb	r3, [r1, #12]
20000902:	33fd      	adds	r3, #253	; 0xfd
20000904:	4013      	ands	r3, r2
20000906:	009b      	lsls	r3, r3, #2
20000908:	734a      	strb	r2, [r1, #13]
2000090a:	18ed      	adds	r5, r5, r3
2000090c:	9b00      	ldr	r3, [sp, #0]
2000090e:	2b02      	cmp	r3, #2
20000910:	d101      	bne.n	20000916 <__gnu_unwind_pr_common+0x4a>
20000912:	4643      	mov	r3, r8
20000914:	6b9d      	ldr	r5, [r3, #56]	; 0x38
20000916:	4643      	mov	r3, r8
20000918:	6d1b      	ldr	r3, [r3, #80]	; 0x50
2000091a:	07db      	lsls	r3, r3, #31
2000091c:	d50f      	bpl.n	2000093e <__gnu_unwind_pr_common+0x72>
2000091e:	4650      	mov	r0, sl
20000920:	a905      	add	r1, sp, #20
20000922:	f000 fb5b 	bl	20000fdc <__gnu_unwind_execute>
20000926:	2800      	cmp	r0, #0
20000928:	d101      	bne.n	2000092e <__gnu_unwind_pr_common+0x62>
2000092a:	2008      	movs	r0, #8
2000092c:	e000      	b.n	20000930 <__gnu_unwind_pr_common+0x64>
2000092e:	2009      	movs	r0, #9
20000930:	b009      	add	sp, #36	; 0x24
20000932:	bcf0      	pop	{r4, r5, r6, r7}
20000934:	46bb      	mov	fp, r7
20000936:	46b2      	mov	sl, r6
20000938:	46a9      	mov	r9, r5
2000093a:	46a0      	mov	r8, r4
2000093c:	bdf0      	pop	{r4, r5, r6, r7, pc}
2000093e:	682f      	ldr	r7, [r5, #0]
20000940:	2f00      	cmp	r7, #0
20000942:	d0ec      	beq.n	2000091e <__gnu_unwind_pr_common+0x52>
20000944:	2308      	movs	r3, #8
20000946:	4003      	ands	r3, r0
20000948:	9302      	str	r3, [sp, #8]
2000094a:	2300      	movs	r3, #0
2000094c:	9301      	str	r3, [sp, #4]
2000094e:	3301      	adds	r3, #1
20000950:	4654      	mov	r4, sl
20000952:	469b      	mov	fp, r3
20000954:	4646      	mov	r6, r8
20000956:	46ba      	mov	sl, r7
20000958:	464b      	mov	r3, r9
2000095a:	2b02      	cmp	r3, #2
2000095c:	d049      	beq.n	200009f2 <__gnu_unwind_pr_common+0x126>
2000095e:	882b      	ldrh	r3, [r5, #0]
20000960:	886f      	ldrh	r7, [r5, #2]
20000962:	469a      	mov	sl, r3
20000964:	3504      	adds	r5, #4
20000966:	465a      	mov	r2, fp
20000968:	003b      	movs	r3, r7
2000096a:	4393      	bics	r3, r2
2000096c:	6cb2      	ldr	r2, [r6, #72]	; 0x48
2000096e:	210f      	movs	r1, #15
20000970:	4690      	mov	r8, r2
20000972:	0020      	movs	r0, r4
20000974:	4498      	add	r8, r3
20000976:	f7ff ff3f 	bl	200007f8 <_Unwind_GetGR>
2000097a:	2300      	movs	r3, #0
2000097c:	4580      	cmp	r8, r0
2000097e:	d806      	bhi.n	2000098e <__gnu_unwind_pr_common+0xc2>
20000980:	4653      	mov	r3, sl
20000982:	465a      	mov	r2, fp
20000984:	4393      	bics	r3, r2
20000986:	4443      	add	r3, r8
20000988:	4298      	cmp	r0, r3
2000098a:	419b      	sbcs	r3, r3
2000098c:	425b      	negs	r3, r3
2000098e:	2202      	movs	r2, #2
20000990:	007f      	lsls	r7, r7, #1
20000992:	4017      	ands	r7, r2
20000994:	4659      	mov	r1, fp
20000996:	4652      	mov	r2, sl
20000998:	400a      	ands	r2, r1
2000099a:	4317      	orrs	r7, r2
2000099c:	2f01      	cmp	r7, #1
2000099e:	d030      	beq.n	20000a02 <__gnu_unwind_pr_common+0x136>
200009a0:	2f02      	cmp	r7, #2
200009a2:	d04c      	beq.n	20000a3e <__gnu_unwind_pr_common+0x172>
200009a4:	2f00      	cmp	r7, #0
200009a6:	d1c2      	bne.n	2000092e <__gnu_unwind_pr_common+0x62>
200009a8:	9a00      	ldr	r2, [sp, #0]
200009aa:	2a00      	cmp	r2, #0
200009ac:	d002      	beq.n	200009b4 <__gnu_unwind_pr_common+0xe8>
200009ae:	2b00      	cmp	r3, #0
200009b0:	d000      	beq.n	200009b4 <__gnu_unwind_pr_common+0xe8>
200009b2:	e09b      	b.n	20000aec <__gnu_unwind_pr_common+0x220>
200009b4:	3504      	adds	r5, #4
200009b6:	682b      	ldr	r3, [r5, #0]
200009b8:	469a      	mov	sl, r3
200009ba:	2b00      	cmp	r3, #0
200009bc:	d1cc      	bne.n	20000958 <__gnu_unwind_pr_common+0x8c>
200009be:	0020      	movs	r0, r4
200009c0:	a905      	add	r1, sp, #20
200009c2:	46a2      	mov	sl, r4
200009c4:	f000 fb0a 	bl	20000fdc <__gnu_unwind_execute>
200009c8:	2800      	cmp	r0, #0
200009ca:	d1b0      	bne.n	2000092e <__gnu_unwind_pr_common+0x62>
200009cc:	9b01      	ldr	r3, [sp, #4]
200009ce:	2b00      	cmp	r3, #0
200009d0:	d0ab      	beq.n	2000092a <__gnu_unwind_pr_common+0x5e>
200009d2:	210f      	movs	r1, #15
200009d4:	4650      	mov	r0, sl
200009d6:	f7ff ff0f 	bl	200007f8 <_Unwind_GetGR>
200009da:	210e      	movs	r1, #14
200009dc:	0002      	movs	r2, r0
200009de:	4650      	mov	r0, sl
200009e0:	f7ff ff30 	bl	20000844 <_Unwind_SetGR>
200009e4:	4650      	mov	r0, sl
200009e6:	210f      	movs	r1, #15
200009e8:	4a72      	ldr	r2, [pc, #456]	; (20000bb4 <__gnu_unwind_pr_common+0x2e8>)
200009ea:	f7ff ff2b 	bl	20000844 <_Unwind_SetGR>
200009ee:	2007      	movs	r0, #7
200009f0:	e79e      	b.n	20000930 <__gnu_unwind_pr_common+0x64>
200009f2:	686f      	ldr	r7, [r5, #4]
200009f4:	3508      	adds	r5, #8
200009f6:	e7b6      	b.n	20000966 <__gnu_unwind_pr_common+0x9a>
200009f8:	021b      	lsls	r3, r3, #8
200009fa:	9305      	str	r3, [sp, #20]
200009fc:	ab04      	add	r3, sp, #16
200009fe:	819a      	strh	r2, [r3, #12]
20000a00:	e784      	b.n	2000090c <__gnu_unwind_pr_common+0x40>
20000a02:	9a00      	ldr	r2, [sp, #0]
20000a04:	2a00      	cmp	r2, #0
20000a06:	d149      	bne.n	20000a9c <__gnu_unwind_pr_common+0x1d0>
20000a08:	2b00      	cmp	r3, #0
20000a0a:	d016      	beq.n	20000a3a <__gnu_unwind_pr_common+0x16e>
20000a0c:	682b      	ldr	r3, [r5, #0]
20000a0e:	0fdf      	lsrs	r7, r3, #31
20000a10:	686b      	ldr	r3, [r5, #4]
20000a12:	1c9a      	adds	r2, r3, #2
20000a14:	d100      	bne.n	20000a18 <__gnu_unwind_pr_common+0x14c>
20000a16:	e78a      	b.n	2000092e <__gnu_unwind_pr_common+0x62>
20000a18:	0032      	movs	r2, r6
20000a1a:	3258      	adds	r2, #88	; 0x58
20000a1c:	9204      	str	r2, [sp, #16]
20000a1e:	3301      	adds	r3, #1
20000a20:	d100      	bne.n	20000a24 <__gnu_unwind_pr_common+0x158>
20000a22:	e0b6      	b.n	20000b92 <__gnu_unwind_pr_common+0x2c6>
20000a24:	1d28      	adds	r0, r5, #4
20000a26:	f7ff fdcd 	bl	200005c4 <_Unwind_decode_typeinfo_ptr.constprop.0>
20000a2a:	003a      	movs	r2, r7
20000a2c:	0001      	movs	r1, r0
20000a2e:	ab04      	add	r3, sp, #16
20000a30:	0030      	movs	r0, r6
20000a32:	e000      	b.n	20000a36 <__gnu_unwind_pr_common+0x16a>
20000a34:	bf00      	nop
20000a36:	2800      	cmp	r0, #0
20000a38:	d16c      	bne.n	20000b14 <__gnu_unwind_pr_common+0x248>
20000a3a:	3508      	adds	r5, #8
20000a3c:	e7bb      	b.n	200009b6 <__gnu_unwind_pr_common+0xea>
20000a3e:	682a      	ldr	r2, [r5, #0]
20000a40:	9900      	ldr	r1, [sp, #0]
20000a42:	0057      	lsls	r7, r2, #1
20000a44:	087f      	lsrs	r7, r7, #1
20000a46:	2900      	cmp	r1, #0
20000a48:	d10d      	bne.n	20000a66 <__gnu_unwind_pr_common+0x19a>
20000a4a:	2b00      	cmp	r3, #0
20000a4c:	d004      	beq.n	20000a58 <__gnu_unwind_pr_common+0x18c>
20000a4e:	9b02      	ldr	r3, [sp, #8]
20000a50:	2b00      	cmp	r3, #0
20000a52:	d072      	beq.n	20000b3a <__gnu_unwind_pr_common+0x26e>
20000a54:	2f00      	cmp	r7, #0
20000a56:	d03c      	beq.n	20000ad2 <__gnu_unwind_pr_common+0x206>
20000a58:	2a00      	cmp	r2, #0
20000a5a:	da00      	bge.n	20000a5e <__gnu_unwind_pr_common+0x192>
20000a5c:	3504      	adds	r5, #4
20000a5e:	3701      	adds	r7, #1
20000a60:	00bf      	lsls	r7, r7, #2
20000a62:	19ed      	adds	r5, r5, r7
20000a64:	e7a7      	b.n	200009b6 <__gnu_unwind_pr_common+0xea>
20000a66:	6a33      	ldr	r3, [r6, #32]
20000a68:	210d      	movs	r1, #13
20000a6a:	0020      	movs	r0, r4
20000a6c:	4698      	mov	r8, r3
20000a6e:	f7ff fec3 	bl	200007f8 <_Unwind_GetGR>
20000a72:	4580      	cmp	r8, r0
20000a74:	d001      	beq.n	20000a7a <__gnu_unwind_pr_common+0x1ae>
20000a76:	682a      	ldr	r2, [r5, #0]
20000a78:	e7ee      	b.n	20000a58 <__gnu_unwind_pr_common+0x18c>
20000a7a:	6ab3      	ldr	r3, [r6, #40]	; 0x28
20000a7c:	429d      	cmp	r5, r3
20000a7e:	d1fa      	bne.n	20000a76 <__gnu_unwind_pr_common+0x1aa>
20000a80:	2300      	movs	r3, #0
20000a82:	62f3      	str	r3, [r6, #44]	; 0x2c
20000a84:	3304      	adds	r3, #4
20000a86:	6333      	str	r3, [r6, #48]	; 0x30
20000a88:	1d2b      	adds	r3, r5, #4
20000a8a:	62b7      	str	r7, [r6, #40]	; 0x28
20000a8c:	6373      	str	r3, [r6, #52]	; 0x34
20000a8e:	682b      	ldr	r3, [r5, #0]
20000a90:	2b00      	cmp	r3, #0
20000a92:	da00      	bge.n	20000a96 <__gnu_unwind_pr_common+0x1ca>
20000a94:	e087      	b.n	20000ba6 <__gnu_unwind_pr_common+0x2da>
20000a96:	2301      	movs	r3, #1
20000a98:	9301      	str	r3, [sp, #4]
20000a9a:	e7e0      	b.n	20000a5e <__gnu_unwind_pr_common+0x192>
20000a9c:	210d      	movs	r1, #13
20000a9e:	0020      	movs	r0, r4
20000aa0:	6a37      	ldr	r7, [r6, #32]
20000aa2:	f7ff fea9 	bl	200007f8 <_Unwind_GetGR>
20000aa6:	4287      	cmp	r7, r0
20000aa8:	d1c7      	bne.n	20000a3a <__gnu_unwind_pr_common+0x16e>
20000aaa:	6ab3      	ldr	r3, [r6, #40]	; 0x28
20000aac:	429d      	cmp	r5, r3
20000aae:	d1c4      	bne.n	20000a3a <__gnu_unwind_pr_common+0x16e>
20000ab0:	46b0      	mov	r8, r6
20000ab2:	46a2      	mov	sl, r4
20000ab4:	0028      	movs	r0, r5
20000ab6:	f7ff fcad 	bl	20000414 <selfrel_offset31>
20000aba:	210f      	movs	r1, #15
20000abc:	0002      	movs	r2, r0
20000abe:	4650      	mov	r0, sl
20000ac0:	f7ff fec0 	bl	20000844 <_Unwind_SetGR>
20000ac4:	4650      	mov	r0, sl
20000ac6:	4642      	mov	r2, r8
20000ac8:	2100      	movs	r1, #0
20000aca:	f7ff febb 	bl	20000844 <_Unwind_SetGR>
20000ace:	2007      	movs	r0, #7
20000ad0:	e72e      	b.n	20000930 <__gnu_unwind_pr_common+0x64>
20000ad2:	46b0      	mov	r8, r6
20000ad4:	46a2      	mov	sl, r4
20000ad6:	210d      	movs	r1, #13
20000ad8:	4650      	mov	r0, sl
20000ada:	f7ff fe8d 	bl	200007f8 <_Unwind_GetGR>
20000ade:	4643      	mov	r3, r8
20000ae0:	9a04      	ldr	r2, [sp, #16]
20000ae2:	6218      	str	r0, [r3, #32]
20000ae4:	625a      	str	r2, [r3, #36]	; 0x24
20000ae6:	2006      	movs	r0, #6
20000ae8:	629d      	str	r5, [r3, #40]	; 0x28
20000aea:	e721      	b.n	20000930 <__gnu_unwind_pr_common+0x64>
20000aec:	0028      	movs	r0, r5
20000aee:	f7ff fc91 	bl	20000414 <selfrel_offset31>
20000af2:	3504      	adds	r5, #4
20000af4:	46a2      	mov	sl, r4
20000af6:	63b5      	str	r5, [r6, #56]	; 0x38
20000af8:	0004      	movs	r4, r0
20000afa:	0030      	movs	r0, r6
20000afc:	e000      	b.n	20000b00 <__gnu_unwind_pr_common+0x234>
20000afe:	bf00      	nop
20000b00:	2800      	cmp	r0, #0
20000b02:	d100      	bne.n	20000b06 <__gnu_unwind_pr_common+0x23a>
20000b04:	e713      	b.n	2000092e <__gnu_unwind_pr_common+0x62>
20000b06:	4650      	mov	r0, sl
20000b08:	0022      	movs	r2, r4
20000b0a:	210f      	movs	r1, #15
20000b0c:	f7ff fe9a 	bl	20000844 <_Unwind_SetGR>
20000b10:	2007      	movs	r0, #7
20000b12:	e70d      	b.n	20000930 <__gnu_unwind_pr_common+0x64>
20000b14:	46a2      	mov	sl, r4
20000b16:	210d      	movs	r1, #13
20000b18:	0004      	movs	r4, r0
20000b1a:	4650      	mov	r0, sl
20000b1c:	f7ff fe6c 	bl	200007f8 <_Unwind_GetGR>
20000b20:	46b0      	mov	r8, r6
20000b22:	0033      	movs	r3, r6
20000b24:	6230      	str	r0, [r6, #32]
20000b26:	2c02      	cmp	r4, #2
20000b28:	d139      	bne.n	20000b9e <__gnu_unwind_pr_common+0x2d2>
20000b2a:	9a04      	ldr	r2, [sp, #16]
20000b2c:	332c      	adds	r3, #44	; 0x2c
20000b2e:	62f2      	str	r2, [r6, #44]	; 0x2c
20000b30:	6273      	str	r3, [r6, #36]	; 0x24
20000b32:	4643      	mov	r3, r8
20000b34:	2006      	movs	r0, #6
20000b36:	629d      	str	r5, [r3, #40]	; 0x28
20000b38:	e6fa      	b.n	20000930 <__gnu_unwind_pr_common+0x64>
20000b3a:	1d2b      	adds	r3, r5, #4
20000b3c:	469a      	mov	sl, r3
20000b3e:	2300      	movs	r3, #0
20000b40:	4698      	mov	r8, r3
20000b42:	3358      	adds	r3, #88	; 0x58
20000b44:	469c      	mov	ip, r3
20000b46:	0021      	movs	r1, r4
20000b48:	464a      	mov	r2, r9
20000b4a:	44b4      	add	ip, r6
20000b4c:	4654      	mov	r4, sl
20000b4e:	46a9      	mov	r9, r5
20000b50:	468a      	mov	sl, r1
20000b52:	003d      	movs	r5, r7
20000b54:	9203      	str	r2, [sp, #12]
20000b56:	4647      	mov	r7, r8
20000b58:	46e0      	mov	r8, ip
20000b5a:	e00e      	b.n	20000b7a <__gnu_unwind_pr_common+0x2ae>
20000b5c:	4643      	mov	r3, r8
20000b5e:	0020      	movs	r0, r4
20000b60:	9304      	str	r3, [sp, #16]
20000b62:	f7ff fd2f 	bl	200005c4 <_Unwind_decode_typeinfo_ptr.constprop.0>
20000b66:	2200      	movs	r2, #0
20000b68:	0001      	movs	r1, r0
20000b6a:	ab04      	add	r3, sp, #16
20000b6c:	0030      	movs	r0, r6
20000b6e:	e000      	b.n	20000b72 <__gnu_unwind_pr_common+0x2a6>
20000b70:	bf00      	nop
20000b72:	3701      	adds	r7, #1
20000b74:	3404      	adds	r4, #4
20000b76:	2800      	cmp	r0, #0
20000b78:	d104      	bne.n	20000b84 <__gnu_unwind_pr_common+0x2b8>
20000b7a:	42af      	cmp	r7, r5
20000b7c:	d1ee      	bne.n	20000b5c <__gnu_unwind_pr_common+0x290>
20000b7e:	464d      	mov	r5, r9
20000b80:	46b0      	mov	r8, r6
20000b82:	e7a8      	b.n	20000ad6 <__gnu_unwind_pr_common+0x20a>
20000b84:	002f      	movs	r7, r5
20000b86:	464d      	mov	r5, r9
20000b88:	9b03      	ldr	r3, [sp, #12]
20000b8a:	4654      	mov	r4, sl
20000b8c:	4699      	mov	r9, r3
20000b8e:	682a      	ldr	r2, [r5, #0]
20000b90:	e762      	b.n	20000a58 <__gnu_unwind_pr_common+0x18c>
20000b92:	210d      	movs	r1, #13
20000b94:	0020      	movs	r0, r4
20000b96:	f7ff fe2f 	bl	200007f8 <_Unwind_GetGR>
20000b9a:	46b0      	mov	r8, r6
20000b9c:	6230      	str	r0, [r6, #32]
20000b9e:	4643      	mov	r3, r8
20000ba0:	9a04      	ldr	r2, [sp, #16]
20000ba2:	625a      	str	r2, [r3, #36]	; 0x24
20000ba4:	e7c5      	b.n	20000b32 <__gnu_unwind_pr_common+0x266>
20000ba6:	1c78      	adds	r0, r7, #1
20000ba8:	0080      	lsls	r0, r0, #2
20000baa:	46b0      	mov	r8, r6
20000bac:	46a2      	mov	sl, r4
20000bae:	1828      	adds	r0, r5, r0
20000bb0:	e781      	b.n	20000ab6 <__gnu_unwind_pr_common+0x1ea>
20000bb2:	46c0      	nop			; (mov r8, r8)
20000bb4:	00000000 	.word	0x00000000

20000bb8 <__aeabi_unwind_cpp_pr0>:
20000bb8:	b510      	push	{r4, lr}
20000bba:	2300      	movs	r3, #0
20000bbc:	f7ff fe86 	bl	200008cc <__gnu_unwind_pr_common>
20000bc0:	bd10      	pop	{r4, pc}
20000bc2:	46c0      	nop			; (mov r8, r8)

20000bc4 <__aeabi_unwind_cpp_pr1>:
20000bc4:	b510      	push	{r4, lr}
20000bc6:	2301      	movs	r3, #1
20000bc8:	f7ff fe80 	bl	200008cc <__gnu_unwind_pr_common>
20000bcc:	bd10      	pop	{r4, pc}
20000bce:	46c0      	nop			; (mov r8, r8)

20000bd0 <__aeabi_unwind_cpp_pr2>:
20000bd0:	b510      	push	{r4, lr}
20000bd2:	2302      	movs	r3, #2
20000bd4:	f7ff fe7a 	bl	200008cc <__gnu_unwind_pr_common>
20000bd8:	bd10      	pop	{r4, pc}
20000bda:	46c0      	nop			; (mov r8, r8)

20000bdc <_Unwind_VRS_Pop>:
20000bdc:	b5f0      	push	{r4, r5, r6, r7, lr}
20000bde:	46ce      	mov	lr, r9
20000be0:	4647      	mov	r7, r8
20000be2:	b580      	push	{r7, lr}
20000be4:	0005      	movs	r5, r0
20000be6:	0014      	movs	r4, r2
20000be8:	001e      	movs	r6, r3
20000bea:	b0c3      	sub	sp, #268	; 0x10c
20000bec:	2903      	cmp	r1, #3
20000bee:	d044      	beq.n	20000c7a <_Unwind_VRS_Pop+0x9e>
20000bf0:	d820      	bhi.n	20000c34 <_Unwind_VRS_Pop+0x58>
20000bf2:	2900      	cmp	r1, #0
20000bf4:	d049      	beq.n	20000c8a <_Unwind_VRS_Pop+0xae>
20000bf6:	2901      	cmp	r1, #1
20000bf8:	d141      	bne.n	20000c7e <_Unwind_VRS_Pop+0xa2>
20000bfa:	0c13      	lsrs	r3, r2, #16
20000bfc:	0414      	lsls	r4, r2, #16
20000bfe:	4698      	mov	r8, r3
20000c00:	0c23      	lsrs	r3, r4, #16
20000c02:	4699      	mov	r9, r3
20000c04:	2e01      	cmp	r6, #1
20000c06:	d100      	bne.n	20000c0a <_Unwind_VRS_Pop+0x2e>
20000c08:	e07a      	b.n	20000d00 <_Unwind_VRS_Pop+0x124>
20000c0a:	2e05      	cmp	r6, #5
20000c0c:	d137      	bne.n	20000c7e <_Unwind_VRS_Pop+0xa2>
20000c0e:	4644      	mov	r4, r8
20000c10:	444c      	add	r4, r9
20000c12:	2c20      	cmp	r4, #32
20000c14:	d833      	bhi.n	20000c7e <_Unwind_VRS_Pop+0xa2>
20000c16:	4643      	mov	r3, r8
20000c18:	2b0f      	cmp	r3, #15
20000c1a:	d800      	bhi.n	20000c1e <_Unwind_VRS_Pop+0x42>
20000c1c:	e0b5      	b.n	20000d8a <_Unwind_VRS_Pop+0x1ae>
20000c1e:	464c      	mov	r4, r9
20000c20:	2c00      	cmp	r4, #0
20000c22:	d000      	beq.n	20000c26 <_Unwind_VRS_Pop+0x4a>
20000c24:	e0c2      	b.n	20000dac <_Unwind_VRS_Pop+0x1d0>
20000c26:	464a      	mov	r2, r9
20000c28:	6ba9      	ldr	r1, [r5, #56]	; 0x38
20000c2a:	af20      	add	r7, sp, #128	; 0x80
20000c2c:	2a00      	cmp	r2, #0
20000c2e:	d022      	beq.n	20000c76 <_Unwind_VRS_Pop+0x9a>
20000c30:	2400      	movs	r4, #0
20000c32:	e07f      	b.n	20000d34 <_Unwind_VRS_Pop+0x158>
20000c34:	2904      	cmp	r1, #4
20000c36:	d122      	bne.n	20000c7e <_Unwind_VRS_Pop+0xa2>
20000c38:	2b00      	cmp	r3, #0
20000c3a:	d120      	bne.n	20000c7e <_Unwind_VRS_Pop+0xa2>
20000c3c:	2a10      	cmp	r2, #16
20000c3e:	d81e      	bhi.n	20000c7e <_Unwind_VRS_Pop+0xa2>
20000c40:	2210      	movs	r2, #16
20000c42:	6803      	ldr	r3, [r0, #0]
20000c44:	421a      	tst	r2, r3
20000c46:	d000      	beq.n	20000c4a <_Unwind_VRS_Pop+0x6e>
20000c48:	e0c7      	b.n	20000dda <_Unwind_VRS_Pop+0x1fe>
20000c4a:	af20      	add	r7, sp, #128	; 0x80
20000c4c:	0038      	movs	r0, r7
20000c4e:	f000 f921 	bl	20000e94 <__gnu_Unwind_Save_WMMXC>
20000c52:	2601      	movs	r6, #1
20000c54:	0039      	movs	r1, r7
20000c56:	2300      	movs	r3, #0
20000c58:	6baa      	ldr	r2, [r5, #56]	; 0x38
20000c5a:	0030      	movs	r0, r6
20000c5c:	4098      	lsls	r0, r3
20000c5e:	4204      	tst	r4, r0
20000c60:	d001      	beq.n	20000c66 <_Unwind_VRS_Pop+0x8a>
20000c62:	ca01      	ldmia	r2!, {r0}
20000c64:	6008      	str	r0, [r1, #0]
20000c66:	3301      	adds	r3, #1
20000c68:	3104      	adds	r1, #4
20000c6a:	2b04      	cmp	r3, #4
20000c6c:	d1f5      	bne.n	20000c5a <_Unwind_VRS_Pop+0x7e>
20000c6e:	0038      	movs	r0, r7
20000c70:	63aa      	str	r2, [r5, #56]	; 0x38
20000c72:	f000 f90d 	bl	20000e90 <__gnu_Unwind_Restore_WMMXC>
20000c76:	2000      	movs	r0, #0
20000c78:	e002      	b.n	20000c80 <_Unwind_VRS_Pop+0xa4>
20000c7a:	2b03      	cmp	r3, #3
20000c7c:	d01c      	beq.n	20000cb8 <_Unwind_VRS_Pop+0xdc>
20000c7e:	2002      	movs	r0, #2
20000c80:	b043      	add	sp, #268	; 0x10c
20000c82:	bcc0      	pop	{r6, r7}
20000c84:	46b9      	mov	r9, r7
20000c86:	46b0      	mov	r8, r6
20000c88:	bdf0      	pop	{r4, r5, r6, r7, pc}
20000c8a:	2b00      	cmp	r3, #0
20000c8c:	d1f7      	bne.n	20000c7e <_Unwind_VRS_Pop+0xa2>
20000c8e:	2300      	movs	r3, #0
20000c90:	2701      	movs	r7, #1
20000c92:	0416      	lsls	r6, r2, #16
20000c94:	6b82      	ldr	r2, [r0, #56]	; 0x38
20000c96:	0c36      	lsrs	r6, r6, #16
20000c98:	1d01      	adds	r1, r0, #4
20000c9a:	0038      	movs	r0, r7
20000c9c:	4098      	lsls	r0, r3
20000c9e:	4206      	tst	r6, r0
20000ca0:	d001      	beq.n	20000ca6 <_Unwind_VRS_Pop+0xca>
20000ca2:	ca01      	ldmia	r2!, {r0}
20000ca4:	6008      	str	r0, [r1, #0]
20000ca6:	3301      	adds	r3, #1
20000ca8:	3104      	adds	r1, #4
20000caa:	2b10      	cmp	r3, #16
20000cac:	d1f5      	bne.n	20000c9a <_Unwind_VRS_Pop+0xbe>
20000cae:	2000      	movs	r0, #0
20000cb0:	04a3      	lsls	r3, r4, #18
20000cb2:	d4e5      	bmi.n	20000c80 <_Unwind_VRS_Pop+0xa4>
20000cb4:	63aa      	str	r2, [r5, #56]	; 0x38
20000cb6:	e7e3      	b.n	20000c80 <_Unwind_VRS_Pop+0xa4>
20000cb8:	0414      	lsls	r4, r2, #16
20000cba:	0c16      	lsrs	r6, r2, #16
20000cbc:	0c24      	lsrs	r4, r4, #16
20000cbe:	1933      	adds	r3, r6, r4
20000cc0:	2b10      	cmp	r3, #16
20000cc2:	d8dc      	bhi.n	20000c7e <_Unwind_VRS_Pop+0xa2>
20000cc4:	2208      	movs	r2, #8
20000cc6:	6803      	ldr	r3, [r0, #0]
20000cc8:	421a      	tst	r2, r3
20000cca:	d000      	beq.n	20000cce <_Unwind_VRS_Pop+0xf2>
20000ccc:	e08c      	b.n	20000de8 <_Unwind_VRS_Pop+0x20c>
20000cce:	af20      	add	r7, sp, #128	; 0x80
20000cd0:	0038      	movs	r0, r7
20000cd2:	f000 f8db 	bl	20000e8c <__gnu_Unwind_Save_WMMXD>
20000cd6:	00f6      	lsls	r6, r6, #3
20000cd8:	6bab      	ldr	r3, [r5, #56]	; 0x38
20000cda:	2c00      	cmp	r4, #0
20000cdc:	d00a      	beq.n	20000cf4 <_Unwind_VRS_Pop+0x118>
20000cde:	1af6      	subs	r6, r6, r3
20000ce0:	00e4      	lsls	r4, r4, #3
20000ce2:	1f32      	subs	r2, r6, #4
20000ce4:	191c      	adds	r4, r3, r4
20000ce6:	18ba      	adds	r2, r7, r2
20000ce8:	0019      	movs	r1, r3
20000cea:	6809      	ldr	r1, [r1, #0]
20000cec:	3304      	adds	r3, #4
20000cee:	5099      	str	r1, [r3, r2]
20000cf0:	42a3      	cmp	r3, r4
20000cf2:	d1f9      	bne.n	20000ce8 <_Unwind_VRS_Pop+0x10c>
20000cf4:	0038      	movs	r0, r7
20000cf6:	63ab      	str	r3, [r5, #56]	; 0x38
20000cf8:	f000 f8c6 	bl	20000e88 <__gnu_Unwind_Restore_WMMXD>
20000cfc:	2000      	movs	r0, #0
20000cfe:	e7bf      	b.n	20000c80 <_Unwind_VRS_Pop+0xa4>
20000d00:	4643      	mov	r3, r8
20000d02:	444b      	add	r3, r9
20000d04:	2b10      	cmp	r3, #16
20000d06:	d8ba      	bhi.n	20000c7e <_Unwind_VRS_Pop+0xa2>
20000d08:	4643      	mov	r3, r8
20000d0a:	2b0f      	cmp	r3, #15
20000d0c:	d8b7      	bhi.n	20000c7e <_Unwind_VRS_Pop+0xa2>
20000d0e:	682b      	ldr	r3, [r5, #0]
20000d10:	421e      	tst	r6, r3
20000d12:	d006      	beq.n	20000d22 <_Unwind_VRS_Pop+0x146>
20000d14:	2203      	movs	r2, #3
20000d16:	0028      	movs	r0, r5
20000d18:	4393      	bics	r3, r2
20000d1a:	602b      	str	r3, [r5, #0]
20000d1c:	3048      	adds	r0, #72	; 0x48
20000d1e:	f000 f8a9 	bl	20000e74 <__gnu_Unwind_Save_VFP>
20000d22:	af20      	add	r7, sp, #128	; 0x80
20000d24:	0038      	movs	r0, r7
20000d26:	f000 f8a5 	bl	20000e74 <__gnu_Unwind_Save_VFP>
20000d2a:	464a      	mov	r2, r9
20000d2c:	2400      	movs	r4, #0
20000d2e:	6ba9      	ldr	r1, [r5, #56]	; 0x38
20000d30:	2a00      	cmp	r2, #0
20000d32:	d061      	beq.n	20000df8 <_Unwind_VRS_Pop+0x21c>
20000d34:	4643      	mov	r3, r8
20000d36:	00db      	lsls	r3, r3, #3
20000d38:	18ff      	adds	r7, r7, r3
20000d3a:	2300      	movs	r3, #0
20000d3c:	00d2      	lsls	r2, r2, #3
20000d3e:	58c8      	ldr	r0, [r1, r3]
20000d40:	50f8      	str	r0, [r7, r3]
20000d42:	3304      	adds	r3, #4
20000d44:	429a      	cmp	r2, r3
20000d46:	d1fa      	bne.n	20000d3e <_Unwind_VRS_Pop+0x162>
20000d48:	1889      	adds	r1, r1, r2
20000d4a:	2c00      	cmp	r4, #0
20000d4c:	d00f      	beq.n	20000d6e <_Unwind_VRS_Pop+0x192>
20000d4e:	466f      	mov	r7, sp
20000d50:	4640      	mov	r0, r8
20000d52:	2810      	cmp	r0, #16
20000d54:	d200      	bcs.n	20000d58 <_Unwind_VRS_Pop+0x17c>
20000d56:	2010      	movs	r0, #16
20000d58:	2300      	movs	r3, #0
20000d5a:	3810      	subs	r0, #16
20000d5c:	00c0      	lsls	r0, r0, #3
20000d5e:	1838      	adds	r0, r7, r0
20000d60:	00e2      	lsls	r2, r4, #3
20000d62:	58cf      	ldr	r7, [r1, r3]
20000d64:	50c7      	str	r7, [r0, r3]
20000d66:	3304      	adds	r3, #4
20000d68:	4293      	cmp	r3, r2
20000d6a:	d1fa      	bne.n	20000d62 <_Unwind_VRS_Pop+0x186>
20000d6c:	18c9      	adds	r1, r1, r3
20000d6e:	2e01      	cmp	r6, #1
20000d70:	d041      	beq.n	20000df6 <_Unwind_VRS_Pop+0x21a>
20000d72:	4643      	mov	r3, r8
20000d74:	63a9      	str	r1, [r5, #56]	; 0x38
20000d76:	2b0f      	cmp	r3, #15
20000d78:	d945      	bls.n	20000e06 <_Unwind_VRS_Pop+0x22a>
20000d7a:	2c00      	cmp	r4, #0
20000d7c:	d100      	bne.n	20000d80 <_Unwind_VRS_Pop+0x1a4>
20000d7e:	e77a      	b.n	20000c76 <_Unwind_VRS_Pop+0x9a>
20000d80:	4668      	mov	r0, sp
20000d82:	f000 f87d 	bl	20000e80 <__gnu_Unwind_Restore_VFP_D_16_to_31>
20000d86:	2000      	movs	r0, #0
20000d88:	e77a      	b.n	20000c80 <_Unwind_VRS_Pop+0xa4>
20000d8a:	2c10      	cmp	r4, #16
20000d8c:	d946      	bls.n	20000e1c <_Unwind_VRS_Pop+0x240>
20000d8e:	3c10      	subs	r4, #16
20000d90:	2201      	movs	r2, #1
20000d92:	682b      	ldr	r3, [r5, #0]
20000d94:	421a      	tst	r2, r3
20000d96:	d007      	beq.n	20000da8 <_Unwind_VRS_Pop+0x1cc>
20000d98:	4393      	bics	r3, r2
20000d9a:	2202      	movs	r2, #2
20000d9c:	0028      	movs	r0, r5
20000d9e:	4313      	orrs	r3, r2
20000da0:	602b      	str	r3, [r5, #0]
20000da2:	3048      	adds	r0, #72	; 0x48
20000da4:	f000 f86a 	bl	20000e7c <__gnu_Unwind_Save_VFP_D>
20000da8:	2c00      	cmp	r4, #0
20000daa:	d039      	beq.n	20000e20 <_Unwind_VRS_Pop+0x244>
20000dac:	2204      	movs	r2, #4
20000dae:	682b      	ldr	r3, [r5, #0]
20000db0:	421a      	tst	r2, r3
20000db2:	d12c      	bne.n	20000e0e <_Unwind_VRS_Pop+0x232>
20000db4:	4643      	mov	r3, r8
20000db6:	2b0f      	cmp	r3, #15
20000db8:	d803      	bhi.n	20000dc2 <_Unwind_VRS_Pop+0x1e6>
20000dba:	af20      	add	r7, sp, #128	; 0x80
20000dbc:	0038      	movs	r0, r7
20000dbe:	f000 f85d 	bl	20000e7c <__gnu_Unwind_Save_VFP_D>
20000dc2:	466f      	mov	r7, sp
20000dc4:	0038      	movs	r0, r7
20000dc6:	f000 f85d 	bl	20000e84 <__gnu_Unwind_Save_VFP_D_16_to_31>
20000dca:	2210      	movs	r2, #16
20000dcc:	4643      	mov	r3, r8
20000dce:	6ba9      	ldr	r1, [r5, #56]	; 0x38
20000dd0:	1ad2      	subs	r2, r2, r3
20000dd2:	2a00      	cmp	r2, #0
20000dd4:	ddbc      	ble.n	20000d50 <_Unwind_VRS_Pop+0x174>
20000dd6:	af20      	add	r7, sp, #128	; 0x80
20000dd8:	e7ac      	b.n	20000d34 <_Unwind_VRS_Pop+0x158>
20000dda:	4393      	bics	r3, r2
20000ddc:	6003      	str	r3, [r0, #0]
20000dde:	30d1      	adds	r0, #209	; 0xd1
20000de0:	30ff      	adds	r0, #255	; 0xff
20000de2:	f000 f857 	bl	20000e94 <__gnu_Unwind_Save_WMMXC>
20000de6:	e730      	b.n	20000c4a <_Unwind_VRS_Pop+0x6e>
20000de8:	4393      	bics	r3, r2
20000dea:	6003      	str	r3, [r0, #0]
20000dec:	3051      	adds	r0, #81	; 0x51
20000dee:	30ff      	adds	r0, #255	; 0xff
20000df0:	f000 f84c 	bl	20000e8c <__gnu_Unwind_Save_WMMXD>
20000df4:	e76b      	b.n	20000cce <_Unwind_VRS_Pop+0xf2>
20000df6:	af20      	add	r7, sp, #128	; 0x80
20000df8:	3104      	adds	r1, #4
20000dfa:	0038      	movs	r0, r7
20000dfc:	63a9      	str	r1, [r5, #56]	; 0x38
20000dfe:	f000 f837 	bl	20000e70 <__gnu_Unwind_Restore_VFP>
20000e02:	2000      	movs	r0, #0
20000e04:	e73c      	b.n	20000c80 <_Unwind_VRS_Pop+0xa4>
20000e06:	a820      	add	r0, sp, #128	; 0x80
20000e08:	f000 f836 	bl	20000e78 <__gnu_Unwind_Restore_VFP_D>
20000e0c:	e7b5      	b.n	20000d7a <_Unwind_VRS_Pop+0x19e>
20000e0e:	0028      	movs	r0, r5
20000e10:	4393      	bics	r3, r2
20000e12:	602b      	str	r3, [r5, #0]
20000e14:	30d0      	adds	r0, #208	; 0xd0
20000e16:	f000 f835 	bl	20000e84 <__gnu_Unwind_Save_VFP_D_16_to_31>
20000e1a:	e7cb      	b.n	20000db4 <_Unwind_VRS_Pop+0x1d8>
20000e1c:	2400      	movs	r4, #0
20000e1e:	e7b7      	b.n	20000d90 <_Unwind_VRS_Pop+0x1b4>
20000e20:	4643      	mov	r3, r8
20000e22:	2b0f      	cmp	r3, #15
20000e24:	d900      	bls.n	20000e28 <_Unwind_VRS_Pop+0x24c>
20000e26:	e6fe      	b.n	20000c26 <_Unwind_VRS_Pop+0x4a>
20000e28:	af20      	add	r7, sp, #128	; 0x80
20000e2a:	0038      	movs	r0, r7
20000e2c:	f000 f826 	bl	20000e7c <__gnu_Unwind_Save_VFP_D>
20000e30:	464a      	mov	r2, r9
20000e32:	6ba9      	ldr	r1, [r5, #56]	; 0x38
20000e34:	2a00      	cmp	r2, #0
20000e36:	d000      	beq.n	20000e3a <_Unwind_VRS_Pop+0x25e>
20000e38:	e6fa      	b.n	20000c30 <_Unwind_VRS_Pop+0x54>
20000e3a:	0038      	movs	r0, r7
20000e3c:	f000 f81c 	bl	20000e78 <__gnu_Unwind_Restore_VFP_D>
20000e40:	2000      	movs	r0, #0
20000e42:	e71d      	b.n	20000c80 <_Unwind_VRS_Pop+0xa4>

20000e44 <__restore_core_regs>:
20000e44:	0001      	movs	r1, r0
20000e46:	3134      	adds	r1, #52	; 0x34
20000e48:	c938      	ldmia	r1!, {r3, r4, r5}
20000e4a:	3b04      	subs	r3, #4
20000e4c:	469c      	mov	ip, r3
20000e4e:	601d      	str	r5, [r3, #0]
20000e50:	46a6      	mov	lr, r4
20000e52:	0001      	movs	r1, r0
20000e54:	3120      	adds	r1, #32
20000e56:	c93c      	ldmia	r1!, {r2, r3, r4, r5}
20000e58:	4690      	mov	r8, r2
20000e5a:	4699      	mov	r9, r3
20000e5c:	46a2      	mov	sl, r4
20000e5e:	46ab      	mov	fp, r5
20000e60:	0001      	movs	r1, r0
20000e62:	3108      	adds	r1, #8
20000e64:	c9fc      	ldmia	r1!, {r2, r3, r4, r5, r6, r7}
20000e66:	6841      	ldr	r1, [r0, #4]
20000e68:	6800      	ldr	r0, [r0, #0]
20000e6a:	46e5      	mov	sp, ip
20000e6c:	bd00      	pop	{pc}
20000e6e:	46c0      	nop			; (mov r8, r8)

20000e70 <__gnu_Unwind_Restore_VFP>:
20000e70:	4770      	bx	lr
20000e72:	46c0      	nop			; (mov r8, r8)

20000e74 <__gnu_Unwind_Save_VFP>:
20000e74:	4770      	bx	lr
20000e76:	46c0      	nop			; (mov r8, r8)

20000e78 <__gnu_Unwind_Restore_VFP_D>:
20000e78:	4770      	bx	lr
20000e7a:	46c0      	nop			; (mov r8, r8)

20000e7c <__gnu_Unwind_Save_VFP_D>:
20000e7c:	4770      	bx	lr
20000e7e:	46c0      	nop			; (mov r8, r8)

20000e80 <__gnu_Unwind_Restore_VFP_D_16_to_31>:
20000e80:	4770      	bx	lr
20000e82:	46c0      	nop			; (mov r8, r8)

20000e84 <__gnu_Unwind_Save_VFP_D_16_to_31>:
20000e84:	4770      	bx	lr
20000e86:	46c0      	nop			; (mov r8, r8)

20000e88 <__gnu_Unwind_Restore_WMMXD>:
20000e88:	4770      	bx	lr
20000e8a:	46c0      	nop			; (mov r8, r8)

20000e8c <__gnu_Unwind_Save_WMMXD>:
20000e8c:	4770      	bx	lr
20000e8e:	46c0      	nop			; (mov r8, r8)

20000e90 <__gnu_Unwind_Restore_WMMXC>:
20000e90:	4770      	bx	lr
20000e92:	46c0      	nop			; (mov r8, r8)

20000e94 <__gnu_Unwind_Save_WMMXC>:
20000e94:	4770      	bx	lr
20000e96:	46c0      	nop			; (mov r8, r8)

20000e98 <_Unwind_RaiseException>:
20000e98:	b401      	push	{r0}
20000e9a:	a801      	add	r0, sp, #4
20000e9c:	b501      	push	{r0, lr}
20000e9e:	b085      	sub	sp, #20
20000ea0:	b4ff      	push	{r0, r1, r2, r3, r4, r5, r6, r7}
20000ea2:	a808      	add	r0, sp, #32
20000ea4:	4641      	mov	r1, r8
20000ea6:	464a      	mov	r2, r9
20000ea8:	4653      	mov	r3, sl
20000eaa:	465c      	mov	r4, fp
20000eac:	4665      	mov	r5, ip
20000eae:	c03e      	stmia	r0!, {r1, r2, r3, r4, r5}
20000eb0:	a801      	add	r0, sp, #4
20000eb2:	c83e      	ldmia	r0!, {r1, r2, r3, r4, r5}
20000eb4:	980f      	ldr	r0, [sp, #60]	; 0x3c
20000eb6:	9000      	str	r0, [sp, #0]
20000eb8:	2300      	movs	r3, #0
20000eba:	b40c      	push	{r2, r3}
20000ebc:	a901      	add	r1, sp, #4
20000ebe:	f7ff fc11 	bl	200006e4 <__gnu_Unwind_RaiseException>
20000ec2:	9b10      	ldr	r3, [sp, #64]	; 0x40
20000ec4:	b012      	add	sp, #72	; 0x48
20000ec6:	4718      	bx	r3

20000ec8 <_Unwind_Resume>:
20000ec8:	b401      	push	{r0}
20000eca:	a801      	add	r0, sp, #4
20000ecc:	b501      	push	{r0, lr}
20000ece:	b085      	sub	sp, #20
20000ed0:	b4ff      	push	{r0, r1, r2, r3, r4, r5, r6, r7}
20000ed2:	a808      	add	r0, sp, #32
20000ed4:	4641      	mov	r1, r8
20000ed6:	464a      	mov	r2, r9
20000ed8:	4653      	mov	r3, sl
20000eda:	465c      	mov	r4, fp
20000edc:	4665      	mov	r5, ip
20000ede:	c03e      	stmia	r0!, {r1, r2, r3, r4, r5}
20000ee0:	a801      	add	r0, sp, #4
20000ee2:	c83e      	ldmia	r0!, {r1, r2, r3, r4, r5}
20000ee4:	980f      	ldr	r0, [sp, #60]	; 0x3c
20000ee6:	9000      	str	r0, [sp, #0]
20000ee8:	2300      	movs	r3, #0
20000eea:	b40c      	push	{r2, r3}
20000eec:	a901      	add	r1, sp, #4
20000eee:	f7ff fc2d 	bl	2000074c <__gnu_Unwind_Resume>
20000ef2:	9b10      	ldr	r3, [sp, #64]	; 0x40
20000ef4:	b012      	add	sp, #72	; 0x48
20000ef6:	4718      	bx	r3

20000ef8 <_Unwind_Resume_or_Rethrow>:
20000ef8:	b401      	push	{r0}
20000efa:	a801      	add	r0, sp, #4
20000efc:	b501      	push	{r0, lr}
20000efe:	b085      	sub	sp, #20
20000f00:	b4ff      	push	{r0, r1, r2, r3, r4, r5, r6, r7}
20000f02:	a808      	add	r0, sp, #32
20000f04:	4641      	mov	r1, r8
20000f06:	464a      	mov	r2, r9
20000f08:	4653      	mov	r3, sl
20000f0a:	465c      	mov	r4, fp
20000f0c:	4665      	mov	r5, ip
20000f0e:	c03e      	stmia	r0!, {r1, r2, r3, r4, r5}
20000f10:	a801      	add	r0, sp, #4
20000f12:	c83e      	ldmia	r0!, {r1, r2, r3, r4, r5}
20000f14:	980f      	ldr	r0, [sp, #60]	; 0x3c
20000f16:	9000      	str	r0, [sp, #0]
20000f18:	2300      	movs	r3, #0
20000f1a:	b40c      	push	{r2, r3}
20000f1c:	a901      	add	r1, sp, #4
20000f1e:	f7ff fc39 	bl	20000794 <__gnu_Unwind_Resume_or_Rethrow>
20000f22:	9b10      	ldr	r3, [sp, #64]	; 0x40
20000f24:	b012      	add	sp, #72	; 0x48
20000f26:	4718      	bx	r3

20000f28 <_Unwind_ForcedUnwind>:
20000f28:	b401      	push	{r0}
20000f2a:	a801      	add	r0, sp, #4
20000f2c:	b501      	push	{r0, lr}
20000f2e:	b085      	sub	sp, #20
20000f30:	b4ff      	push	{r0, r1, r2, r3, r4, r5, r6, r7}
20000f32:	a808      	add	r0, sp, #32
20000f34:	4641      	mov	r1, r8
20000f36:	464a      	mov	r2, r9
20000f38:	4653      	mov	r3, sl
20000f3a:	465c      	mov	r4, fp
20000f3c:	4665      	mov	r5, ip
20000f3e:	c03e      	stmia	r0!, {r1, r2, r3, r4, r5}
20000f40:	a801      	add	r0, sp, #4
20000f42:	c83e      	ldmia	r0!, {r1, r2, r3, r4, r5}
20000f44:	980f      	ldr	r0, [sp, #60]	; 0x3c
20000f46:	9000      	str	r0, [sp, #0]
20000f48:	2300      	movs	r3, #0
20000f4a:	b40c      	push	{r2, r3}
20000f4c:	ab01      	add	r3, sp, #4
20000f4e:	f7ff fbf3 	bl	20000738 <__gnu_Unwind_ForcedUnwind>
20000f52:	9b10      	ldr	r3, [sp, #64]	; 0x40
20000f54:	b012      	add	sp, #72	; 0x48
20000f56:	4718      	bx	r3

20000f58 <_Unwind_Backtrace>:
20000f58:	b401      	push	{r0}
20000f5a:	a801      	add	r0, sp, #4
20000f5c:	b501      	push	{r0, lr}
20000f5e:	b085      	sub	sp, #20
20000f60:	b4ff      	push	{r0, r1, r2, r3, r4, r5, r6, r7}
20000f62:	a808      	add	r0, sp, #32
20000f64:	4641      	mov	r1, r8
20000f66:	464a      	mov	r2, r9
20000f68:	4653      	mov	r3, sl
20000f6a:	465c      	mov	r4, fp
20000f6c:	4665      	mov	r5, ip
20000f6e:	c03e      	stmia	r0!, {r1, r2, r3, r4, r5}
20000f70:	a801      	add	r0, sp, #4
20000f72:	c83e      	ldmia	r0!, {r1, r2, r3, r4, r5}
20000f74:	980f      	ldr	r0, [sp, #60]	; 0x3c
20000f76:	9000      	str	r0, [sp, #0]
20000f78:	2300      	movs	r3, #0
20000f7a:	b40c      	push	{r2, r3}
20000f7c:	aa01      	add	r2, sp, #4
20000f7e:	f7ff fc6d 	bl	2000085c <__gnu_Unwind_Backtrace>
20000f82:	9b10      	ldr	r3, [sp, #64]	; 0x40
20000f84:	b012      	add	sp, #72	; 0x48
20000f86:	4718      	bx	r3

20000f88 <next_unwind_byte>:
20000f88:	7a02      	ldrb	r2, [r0, #8]
20000f8a:	0003      	movs	r3, r0
20000f8c:	2a00      	cmp	r2, #0
20000f8e:	d10b      	bne.n	20000fa8 <next_unwind_byte+0x20>
20000f90:	7a42      	ldrb	r2, [r0, #9]
20000f92:	2a00      	cmp	r2, #0
20000f94:	d00f      	beq.n	20000fb6 <next_unwind_byte+0x2e>
20000f96:	3a01      	subs	r2, #1
20000f98:	7242      	strb	r2, [r0, #9]
20000f9a:	6842      	ldr	r2, [r0, #4]
20000f9c:	1d11      	adds	r1, r2, #4
20000f9e:	6041      	str	r1, [r0, #4]
20000fa0:	2103      	movs	r1, #3
20000fa2:	6812      	ldr	r2, [r2, #0]
20000fa4:	7201      	strb	r1, [r0, #8]
20000fa6:	e002      	b.n	20000fae <next_unwind_byte+0x26>
20000fa8:	3a01      	subs	r2, #1
20000faa:	7202      	strb	r2, [r0, #8]
20000fac:	6802      	ldr	r2, [r0, #0]
20000fae:	0e10      	lsrs	r0, r2, #24
20000fb0:	0212      	lsls	r2, r2, #8
20000fb2:	601a      	str	r2, [r3, #0]
20000fb4:	4770      	bx	lr
20000fb6:	20b0      	movs	r0, #176	; 0xb0
20000fb8:	e7fc      	b.n	20000fb4 <next_unwind_byte+0x2c>
20000fba:	46c0      	nop			; (mov r8, r8)

20000fbc <_Unwind_GetGR.constprop.0>:
20000fbc:	b500      	push	{lr}
20000fbe:	b085      	sub	sp, #20
20000fc0:	ab03      	add	r3, sp, #12
20000fc2:	9300      	str	r3, [sp, #0]
20000fc4:	220c      	movs	r2, #12
20000fc6:	2300      	movs	r3, #0
20000fc8:	2100      	movs	r1, #0
20000fca:	f7ff fbfb 	bl	200007c4 <_Unwind_VRS_Get>
20000fce:	9803      	ldr	r0, [sp, #12]
20000fd0:	b005      	add	sp, #20
20000fd2:	bd00      	pop	{pc}

20000fd4 <unwind_UCB_from_context>:
20000fd4:	b510      	push	{r4, lr}
20000fd6:	f7ff fff1 	bl	20000fbc <_Unwind_GetGR.constprop.0>
20000fda:	bd10      	pop	{r4, pc}

20000fdc <__gnu_unwind_execute>:
20000fdc:	b5f0      	push	{r4, r5, r6, r7, lr}
20000fde:	464e      	mov	r6, r9
20000fe0:	4645      	mov	r5, r8
20000fe2:	4657      	mov	r7, sl
20000fe4:	46de      	mov	lr, fp
20000fe6:	2300      	movs	r3, #0
20000fe8:	b5e0      	push	{r5, r6, r7, lr}
20000fea:	b087      	sub	sp, #28
20000fec:	9303      	str	r3, [sp, #12]
20000fee:	330f      	adds	r3, #15
20000ff0:	4698      	mov	r8, r3
20000ff2:	3b08      	subs	r3, #8
20000ff4:	4699      	mov	r9, r3
20000ff6:	2380      	movs	r3, #128	; 0x80
20000ff8:	031b      	lsls	r3, r3, #12
20000ffa:	0005      	movs	r5, r0
20000ffc:	000e      	movs	r6, r1
20000ffe:	469a      	mov	sl, r3
20001000:	0030      	movs	r0, r6
20001002:	f7ff ffc1 	bl	20000f88 <next_unwind_byte>
20001006:	0004      	movs	r4, r0
20001008:	28b0      	cmp	r0, #176	; 0xb0
2000100a:	d100      	bne.n	2000100e <__gnu_unwind_execute+0x32>
2000100c:	e0c1      	b.n	20001192 <__gnu_unwind_execute+0x1b6>
2000100e:	0603      	lsls	r3, r0, #24
20001010:	d529      	bpl.n	20001066 <__gnu_unwind_execute+0x8a>
20001012:	0003      	movs	r3, r0
20001014:	4642      	mov	r2, r8
20001016:	4393      	bics	r3, r2
20001018:	b2db      	uxtb	r3, r3
2000101a:	2b80      	cmp	r3, #128	; 0x80
2000101c:	d053      	beq.n	200010c6 <__gnu_unwind_execute+0xea>
2000101e:	2b90      	cmp	r3, #144	; 0x90
20001020:	d03d      	beq.n	2000109e <__gnu_unwind_execute+0xc2>
20001022:	2ba0      	cmp	r3, #160	; 0xa0
20001024:	d06b      	beq.n	200010fe <__gnu_unwind_execute+0x122>
20001026:	2bb0      	cmp	r3, #176	; 0xb0
20001028:	d100      	bne.n	2000102c <__gnu_unwind_execute+0x50>
2000102a:	e07e      	b.n	2000112a <__gnu_unwind_execute+0x14e>
2000102c:	2bc0      	cmp	r3, #192	; 0xc0
2000102e:	d100      	bne.n	20001032 <__gnu_unwind_execute+0x56>
20001030:	e095      	b.n	2000115e <__gnu_unwind_execute+0x182>
20001032:	0003      	movs	r3, r0
20001034:	464a      	mov	r2, r9
20001036:	4393      	bics	r3, r2
20001038:	b2db      	uxtb	r3, r3
2000103a:	2bd0      	cmp	r3, #208	; 0xd0
2000103c:	d10a      	bne.n	20001054 <__gnu_unwind_execute+0x78>
2000103e:	4653      	mov	r3, sl
20001040:	4002      	ands	r2, r0
20001042:	3201      	adds	r2, #1
20001044:	431a      	orrs	r2, r3
20001046:	2305      	movs	r3, #5
20001048:	2101      	movs	r1, #1
2000104a:	0028      	movs	r0, r5
2000104c:	f7ff fdc6 	bl	20000bdc <_Unwind_VRS_Pop>
20001050:	2800      	cmp	r0, #0
20001052:	d0d5      	beq.n	20001000 <__gnu_unwind_execute+0x24>
20001054:	2409      	movs	r4, #9
20001056:	0020      	movs	r0, r4
20001058:	b007      	add	sp, #28
2000105a:	bcf0      	pop	{r4, r5, r6, r7}
2000105c:	46bb      	mov	fp, r7
2000105e:	46b2      	mov	sl, r6
20001060:	46a9      	mov	r9, r5
20001062:	46a0      	mov	r8, r4
20001064:	bdf0      	pop	{r4, r5, r6, r7, pc}
20001066:	23ff      	movs	r3, #255	; 0xff
20001068:	0082      	lsls	r2, r0, #2
2000106a:	4013      	ands	r3, r2
2000106c:	1d1f      	adds	r7, r3, #4
2000106e:	ab05      	add	r3, sp, #20
20001070:	469b      	mov	fp, r3
20001072:	9300      	str	r3, [sp, #0]
20001074:	220d      	movs	r2, #13
20001076:	2300      	movs	r3, #0
20001078:	2100      	movs	r1, #0
2000107a:	0028      	movs	r0, r5
2000107c:	f7ff fba2 	bl	200007c4 <_Unwind_VRS_Get>
20001080:	0663      	lsls	r3, r4, #25
20001082:	d439      	bmi.n	200010f8 <__gnu_unwind_execute+0x11c>
20001084:	9b05      	ldr	r3, [sp, #20]
20001086:	469c      	mov	ip, r3
20001088:	4467      	add	r7, ip
2000108a:	465b      	mov	r3, fp
2000108c:	9705      	str	r7, [sp, #20]
2000108e:	9300      	str	r3, [sp, #0]
20001090:	2300      	movs	r3, #0
20001092:	220d      	movs	r2, #13
20001094:	2100      	movs	r1, #0
20001096:	0028      	movs	r0, r5
20001098:	f7ff fbba 	bl	20000810 <_Unwind_VRS_Set>
2000109c:	e7b0      	b.n	20001000 <__gnu_unwind_execute+0x24>
2000109e:	3b83      	subs	r3, #131	; 0x83
200010a0:	4003      	ands	r3, r0
200010a2:	2b0d      	cmp	r3, #13
200010a4:	d0d6      	beq.n	20001054 <__gnu_unwind_execute+0x78>
200010a6:	af05      	add	r7, sp, #20
200010a8:	4002      	ands	r2, r0
200010aa:	2300      	movs	r3, #0
200010ac:	2100      	movs	r1, #0
200010ae:	0028      	movs	r0, r5
200010b0:	9700      	str	r7, [sp, #0]
200010b2:	f7ff fb87 	bl	200007c4 <_Unwind_VRS_Get>
200010b6:	2300      	movs	r3, #0
200010b8:	220d      	movs	r2, #13
200010ba:	2100      	movs	r1, #0
200010bc:	0028      	movs	r0, r5
200010be:	9700      	str	r7, [sp, #0]
200010c0:	f7ff fba6 	bl	20000810 <_Unwind_VRS_Set>
200010c4:	e79c      	b.n	20001000 <__gnu_unwind_execute+0x24>
200010c6:	0204      	lsls	r4, r0, #8
200010c8:	0030      	movs	r0, r6
200010ca:	f7ff ff5d 	bl	20000f88 <next_unwind_byte>
200010ce:	2780      	movs	r7, #128	; 0x80
200010d0:	4320      	orrs	r0, r4
200010d2:	023f      	lsls	r7, r7, #8
200010d4:	42b8      	cmp	r0, r7
200010d6:	d0bd      	beq.n	20001054 <__gnu_unwind_execute+0x78>
200010d8:	0104      	lsls	r4, r0, #4
200010da:	0500      	lsls	r0, r0, #20
200010dc:	0c02      	lsrs	r2, r0, #16
200010de:	2300      	movs	r3, #0
200010e0:	2100      	movs	r1, #0
200010e2:	0028      	movs	r0, r5
200010e4:	f7ff fd7a 	bl	20000bdc <_Unwind_VRS_Pop>
200010e8:	2800      	cmp	r0, #0
200010ea:	d1b3      	bne.n	20001054 <__gnu_unwind_execute+0x78>
200010ec:	423c      	tst	r4, r7
200010ee:	d100      	bne.n	200010f2 <__gnu_unwind_execute+0x116>
200010f0:	e786      	b.n	20001000 <__gnu_unwind_execute+0x24>
200010f2:	2301      	movs	r3, #1
200010f4:	9303      	str	r3, [sp, #12]
200010f6:	e783      	b.n	20001000 <__gnu_unwind_execute+0x24>
200010f8:	9b05      	ldr	r3, [sp, #20]
200010fa:	1bdf      	subs	r7, r3, r7
200010fc:	e7c5      	b.n	2000108a <__gnu_unwind_execute+0xae>
200010fe:	23ff      	movs	r3, #255	; 0xff
20001100:	464a      	mov	r2, r9
20001102:	011b      	lsls	r3, r3, #4
20001104:	0019      	movs	r1, r3
20001106:	4382      	bics	r2, r0
20001108:	4111      	asrs	r1, r2
2000110a:	000a      	movs	r2, r1
2000110c:	401a      	ands	r2, r3
2000110e:	0703      	lsls	r3, r0, #28
20001110:	d502      	bpl.n	20001118 <__gnu_unwind_execute+0x13c>
20001112:	2380      	movs	r3, #128	; 0x80
20001114:	01db      	lsls	r3, r3, #7
20001116:	431a      	orrs	r2, r3
20001118:	2300      	movs	r3, #0
2000111a:	2100      	movs	r1, #0
2000111c:	0028      	movs	r0, r5
2000111e:	f7ff fd5d 	bl	20000bdc <_Unwind_VRS_Pop>
20001122:	2800      	cmp	r0, #0
20001124:	d100      	bne.n	20001128 <__gnu_unwind_execute+0x14c>
20001126:	e76b      	b.n	20001000 <__gnu_unwind_execute+0x24>
20001128:	e794      	b.n	20001054 <__gnu_unwind_execute+0x78>
2000112a:	28b1      	cmp	r0, #177	; 0xb1
2000112c:	d045      	beq.n	200011ba <__gnu_unwind_execute+0x1de>
2000112e:	28b2      	cmp	r0, #178	; 0xb2
20001130:	d100      	bne.n	20001134 <__gnu_unwind_execute+0x158>
20001132:	e09f      	b.n	20001274 <__gnu_unwind_execute+0x298>
20001134:	28b3      	cmp	r0, #179	; 0xb3
20001136:	d055      	beq.n	200011e4 <__gnu_unwind_execute+0x208>
20001138:	23fc      	movs	r3, #252	; 0xfc
2000113a:	4003      	ands	r3, r0
2000113c:	2bb4      	cmp	r3, #180	; 0xb4
2000113e:	d100      	bne.n	20001142 <__gnu_unwind_execute+0x166>
20001140:	e788      	b.n	20001054 <__gnu_unwind_execute+0x78>
20001142:	464a      	mov	r2, r9
20001144:	4653      	mov	r3, sl
20001146:	4002      	ands	r2, r0
20001148:	3201      	adds	r2, #1
2000114a:	431a      	orrs	r2, r3
2000114c:	2101      	movs	r1, #1
2000114e:	2301      	movs	r3, #1
20001150:	0028      	movs	r0, r5
20001152:	f7ff fd43 	bl	20000bdc <_Unwind_VRS_Pop>
20001156:	2800      	cmp	r0, #0
20001158:	d100      	bne.n	2000115c <__gnu_unwind_execute+0x180>
2000115a:	e751      	b.n	20001000 <__gnu_unwind_execute+0x24>
2000115c:	e77a      	b.n	20001054 <__gnu_unwind_execute+0x78>
2000115e:	28c6      	cmp	r0, #198	; 0xc6
20001160:	d04b      	beq.n	200011fa <__gnu_unwind_execute+0x21e>
20001162:	28c7      	cmp	r0, #199	; 0xc7
20001164:	d05d      	beq.n	20001222 <__gnu_unwind_execute+0x246>
20001166:	0003      	movs	r3, r0
20001168:	464a      	mov	r2, r9
2000116a:	4393      	bics	r3, r2
2000116c:	b2db      	uxtb	r3, r3
2000116e:	2bc0      	cmp	r3, #192	; 0xc0
20001170:	d06c      	beq.n	2000124c <__gnu_unwind_execute+0x270>
20001172:	28c8      	cmp	r0, #200	; 0xc8
20001174:	d071      	beq.n	2000125a <__gnu_unwind_execute+0x27e>
20001176:	28c9      	cmp	r0, #201	; 0xc9
20001178:	d000      	beq.n	2000117c <__gnu_unwind_execute+0x1a0>
2000117a:	e76b      	b.n	20001054 <__gnu_unwind_execute+0x78>
2000117c:	0030      	movs	r0, r6
2000117e:	f7ff ff03 	bl	20000f88 <next_unwind_byte>
20001182:	23f0      	movs	r3, #240	; 0xf0
20001184:	0302      	lsls	r2, r0, #12
20001186:	031b      	lsls	r3, r3, #12
20001188:	4013      	ands	r3, r2
2000118a:	4642      	mov	r2, r8
2000118c:	4002      	ands	r2, r0
2000118e:	3201      	adds	r2, #1
20001190:	e758      	b.n	20001044 <__gnu_unwind_execute+0x68>
20001192:	9b03      	ldr	r3, [sp, #12]
20001194:	2400      	movs	r4, #0
20001196:	2b00      	cmp	r3, #0
20001198:	d000      	beq.n	2000119c <__gnu_unwind_execute+0x1c0>
2000119a:	e75c      	b.n	20001056 <__gnu_unwind_execute+0x7a>
2000119c:	ae05      	add	r6, sp, #20
2000119e:	220e      	movs	r2, #14
200011a0:	2100      	movs	r1, #0
200011a2:	0028      	movs	r0, r5
200011a4:	9600      	str	r6, [sp, #0]
200011a6:	f7ff fb0d 	bl	200007c4 <_Unwind_VRS_Get>
200011aa:	2300      	movs	r3, #0
200011ac:	220f      	movs	r2, #15
200011ae:	2100      	movs	r1, #0
200011b0:	0028      	movs	r0, r5
200011b2:	9600      	str	r6, [sp, #0]
200011b4:	f7ff fb2c 	bl	20000810 <_Unwind_VRS_Set>
200011b8:	e74d      	b.n	20001056 <__gnu_unwind_execute+0x7a>
200011ba:	0030      	movs	r0, r6
200011bc:	f7ff fee4 	bl	20000f88 <next_unwind_byte>
200011c0:	1e02      	subs	r2, r0, #0
200011c2:	d100      	bne.n	200011c6 <__gnu_unwind_execute+0x1ea>
200011c4:	e746      	b.n	20001054 <__gnu_unwind_execute+0x78>
200011c6:	0003      	movs	r3, r0
200011c8:	4641      	mov	r1, r8
200011ca:	438b      	bics	r3, r1
200011cc:	b2db      	uxtb	r3, r3
200011ce:	2b00      	cmp	r3, #0
200011d0:	d000      	beq.n	200011d4 <__gnu_unwind_execute+0x1f8>
200011d2:	e73f      	b.n	20001054 <__gnu_unwind_execute+0x78>
200011d4:	2100      	movs	r1, #0
200011d6:	0028      	movs	r0, r5
200011d8:	f7ff fd00 	bl	20000bdc <_Unwind_VRS_Pop>
200011dc:	2800      	cmp	r0, #0
200011de:	d100      	bne.n	200011e2 <__gnu_unwind_execute+0x206>
200011e0:	e70e      	b.n	20001000 <__gnu_unwind_execute+0x24>
200011e2:	e737      	b.n	20001054 <__gnu_unwind_execute+0x78>
200011e4:	0030      	movs	r0, r6
200011e6:	f7ff fecf 	bl	20000f88 <next_unwind_byte>
200011ea:	23f0      	movs	r3, #240	; 0xf0
200011ec:	0302      	lsls	r2, r0, #12
200011ee:	031b      	lsls	r3, r3, #12
200011f0:	4013      	ands	r3, r2
200011f2:	4642      	mov	r2, r8
200011f4:	4002      	ands	r2, r0
200011f6:	3201      	adds	r2, #1
200011f8:	e7a7      	b.n	2000114a <__gnu_unwind_execute+0x16e>
200011fa:	0030      	movs	r0, r6
200011fc:	f7ff fec4 	bl	20000f88 <next_unwind_byte>
20001200:	23f0      	movs	r3, #240	; 0xf0
20001202:	0302      	lsls	r2, r0, #12
20001204:	031b      	lsls	r3, r3, #12
20001206:	4013      	ands	r3, r2
20001208:	4642      	mov	r2, r8
2000120a:	4002      	ands	r2, r0
2000120c:	3201      	adds	r2, #1
2000120e:	431a      	orrs	r2, r3
20001210:	2303      	movs	r3, #3
20001212:	2103      	movs	r1, #3
20001214:	0028      	movs	r0, r5
20001216:	f7ff fce1 	bl	20000bdc <_Unwind_VRS_Pop>
2000121a:	2800      	cmp	r0, #0
2000121c:	d100      	bne.n	20001220 <__gnu_unwind_execute+0x244>
2000121e:	e6ef      	b.n	20001000 <__gnu_unwind_execute+0x24>
20001220:	e718      	b.n	20001054 <__gnu_unwind_execute+0x78>
20001222:	0030      	movs	r0, r6
20001224:	f7ff feb0 	bl	20000f88 <next_unwind_byte>
20001228:	1e02      	subs	r2, r0, #0
2000122a:	d100      	bne.n	2000122e <__gnu_unwind_execute+0x252>
2000122c:	e712      	b.n	20001054 <__gnu_unwind_execute+0x78>
2000122e:	0003      	movs	r3, r0
20001230:	4641      	mov	r1, r8
20001232:	438b      	bics	r3, r1
20001234:	b2db      	uxtb	r3, r3
20001236:	2b00      	cmp	r3, #0
20001238:	d000      	beq.n	2000123c <__gnu_unwind_execute+0x260>
2000123a:	e70b      	b.n	20001054 <__gnu_unwind_execute+0x78>
2000123c:	2104      	movs	r1, #4
2000123e:	0028      	movs	r0, r5
20001240:	f7ff fccc 	bl	20000bdc <_Unwind_VRS_Pop>
20001244:	2800      	cmp	r0, #0
20001246:	d100      	bne.n	2000124a <__gnu_unwind_execute+0x26e>
20001248:	e6da      	b.n	20001000 <__gnu_unwind_execute+0x24>
2000124a:	e703      	b.n	20001054 <__gnu_unwind_execute+0x78>
2000124c:	4643      	mov	r3, r8
2000124e:	22a0      	movs	r2, #160	; 0xa0
20001250:	401c      	ands	r4, r3
20001252:	3401      	adds	r4, #1
20001254:	0312      	lsls	r2, r2, #12
20001256:	4322      	orrs	r2, r4
20001258:	e7da      	b.n	20001210 <__gnu_unwind_execute+0x234>
2000125a:	0030      	movs	r0, r6
2000125c:	f7ff fe94 	bl	20000f88 <next_unwind_byte>
20001260:	4643      	mov	r3, r8
20001262:	0002      	movs	r2, r0
20001264:	439a      	bics	r2, r3
20001266:	b2d2      	uxtb	r2, r2
20001268:	3210      	adds	r2, #16
2000126a:	4018      	ands	r0, r3
2000126c:	0312      	lsls	r2, r2, #12
2000126e:	3001      	adds	r0, #1
20001270:	4302      	orrs	r2, r0
20001272:	e6e8      	b.n	20001046 <__gnu_unwind_execute+0x6a>
20001274:	ab05      	add	r3, sp, #20
20001276:	9300      	str	r3, [sp, #0]
20001278:	469b      	mov	fp, r3
2000127a:	220d      	movs	r2, #13
2000127c:	2300      	movs	r3, #0
2000127e:	2100      	movs	r1, #0
20001280:	0028      	movs	r0, r5
20001282:	f7ff fa9f 	bl	200007c4 <_Unwind_VRS_Get>
20001286:	0030      	movs	r0, r6
20001288:	f7ff fe7e 	bl	20000f88 <next_unwind_byte>
2000128c:	0603      	lsls	r3, r0, #24
2000128e:	d51a      	bpl.n	200012c6 <__gnu_unwind_execute+0x2ea>
20001290:	277f      	movs	r7, #127	; 0x7f
20001292:	3cb0      	subs	r4, #176	; 0xb0
20001294:	9b05      	ldr	r3, [sp, #20]
20001296:	4038      	ands	r0, r7
20001298:	40a0      	lsls	r0, r4
2000129a:	469c      	mov	ip, r3
2000129c:	4460      	add	r0, ip
2000129e:	9005      	str	r0, [sp, #20]
200012a0:	0030      	movs	r0, r6
200012a2:	3407      	adds	r4, #7
200012a4:	f7ff fe70 	bl	20000f88 <next_unwind_byte>
200012a8:	0603      	lsls	r3, r0, #24
200012aa:	d4f3      	bmi.n	20001294 <__gnu_unwind_execute+0x2b8>
200012ac:	2181      	movs	r1, #129	; 0x81
200012ae:	237f      	movs	r3, #127	; 0x7f
200012b0:	0089      	lsls	r1, r1, #2
200012b2:	468c      	mov	ip, r1
200012b4:	4003      	ands	r3, r0
200012b6:	40a3      	lsls	r3, r4
200012b8:	9a05      	ldr	r2, [sp, #20]
200012ba:	4462      	add	r2, ip
200012bc:	189b      	adds	r3, r3, r2
200012be:	9305      	str	r3, [sp, #20]
200012c0:	465b      	mov	r3, fp
200012c2:	9300      	str	r3, [sp, #0]
200012c4:	e6e4      	b.n	20001090 <__gnu_unwind_execute+0xb4>
200012c6:	2402      	movs	r4, #2
200012c8:	e7f0      	b.n	200012ac <__gnu_unwind_execute+0x2d0>
200012ca:	46c0      	nop			; (mov r8, r8)

200012cc <__gnu_unwind_frame>:
200012cc:	0003      	movs	r3, r0
200012ce:	b500      	push	{lr}
200012d0:	6cda      	ldr	r2, [r3, #76]	; 0x4c
200012d2:	b085      	sub	sp, #20
200012d4:	6853      	ldr	r3, [r2, #4]
200012d6:	0008      	movs	r0, r1
200012d8:	3208      	adds	r2, #8
200012da:	0219      	lsls	r1, r3, #8
200012dc:	9101      	str	r1, [sp, #4]
200012de:	9202      	str	r2, [sp, #8]
200012e0:	4669      	mov	r1, sp
200012e2:	2203      	movs	r2, #3
200012e4:	0e1b      	lsrs	r3, r3, #24
200012e6:	730a      	strb	r2, [r1, #12]
200012e8:	734b      	strb	r3, [r1, #13]
200012ea:	a901      	add	r1, sp, #4
200012ec:	f7ff fe76 	bl	20000fdc <__gnu_unwind_execute>
200012f0:	b005      	add	sp, #20
200012f2:	bd00      	pop	{pc}

200012f4 <_Unwind_GetRegionStart>:
200012f4:	b510      	push	{r4, lr}
200012f6:	f7ff fe6d 	bl	20000fd4 <unwind_UCB_from_context>
200012fa:	6c80      	ldr	r0, [r0, #72]	; 0x48
200012fc:	bd10      	pop	{r4, pc}
200012fe:	46c0      	nop			; (mov r8, r8)

20001300 <_Unwind_GetLanguageSpecificData>:
20001300:	b510      	push	{r4, lr}
20001302:	f7ff fe67 	bl	20000fd4 <unwind_UCB_from_context>
20001306:	6cc2      	ldr	r2, [r0, #76]	; 0x4c
20001308:	79d0      	ldrb	r0, [r2, #7]
2000130a:	3002      	adds	r0, #2
2000130c:	0080      	lsls	r0, r0, #2
2000130e:	1810      	adds	r0, r2, r0
20001310:	bd10      	pop	{r4, pc}
20001312:	46c0      	nop			; (mov r8, r8)
20001314:	0000      	movs	r0, r0
	...

20001318 <____wrap___aeabi_lmul_veneer>:
20001318:	b401      	push	{r0}
2000131a:	4802      	ldr	r0, [pc, #8]	; (20001324 <____wrap___aeabi_lmul_veneer+0xc>)
2000131c:	4684      	mov	ip, r0
2000131e:	bc01      	pop	{r0}
20001320:	4760      	bx	ip
20001322:	bf00      	nop
20001324:	10003c19 	.word	0x10003c19

20001328 <__abort_veneer>:
20001328:	b401      	push	{r0}
2000132a:	4802      	ldr	r0, [pc, #8]	; (20001334 <__abort_veneer+0xc>)
2000132c:	4684      	mov	ip, r0
2000132e:	bc01      	pop	{r0}
20001330:	4760      	bx	ip
20001332:	bf00      	nop
20001334:	100073b9 	.word	0x100073b9

20001338 <__time_us_64_veneer>:
20001338:	b401      	push	{r0}
2000133a:	4802      	ldr	r0, [pc, #8]	; (20001344 <__time_us_64_veneer+0xc>)
2000133c:	4684      	mov	ip, r0
2000133e:	bc01      	pop	{r0}
20001340:	4760      	bx	ip
20001342:	bf00      	nop
20001344:	1000133d 	.word	0x1000133d

20001348 <____wrap_memcpy_veneer>:
20001348:	b401      	push	{r0}
2000134a:	4802      	ldr	r0, [pc, #8]	; (20001354 <____wrap_memcpy_veneer+0xc>)
2000134c:	4684      	mov	ip, r0
2000134e:	bc01      	pop	{r0}
20001350:	4760      	bx	ip
20001352:	bf00      	nop
20001354:	10003cd1 	.word	0x10003cd1

20001358 <__best_effort_wfe_or_timeout_veneer>:
20001358:	b401      	push	{r0}
2000135a:	4802      	ldr	r0, [pc, #8]	; (20001364 <__best_effort_wfe_or_timeout_veneer+0xc>)
2000135c:	4684      	mov	ip, r0
2000135e:	bc01      	pop	{r0}
20001360:	4760      	bx	ip
20001362:	bf00      	nop
20001364:	10001199 	.word	0x10001199

20001368 <striped_spin_lock_num>:
20001368:	00000010                                ....

2000136c <irq_handler_chain_slots>:
2000136c:	00000000 	.word	0x00000000
20001370:	00010000 	.word	0x00010000
	...
2000137c:	00020000 	.word	0x00020000
	...
20001388:	00030000 	.word	0x00030000
	...
20001394:	00ff0000 	.word	0x00ff0000
20001398:	00000000 	.word	0x00000000

2000139c <irq_handler_chain_first_slot>:
2000139c:	b500      	push	{lr}
2000139e:	6848      	ldr	r0, [r1, #4]
200013a0:	3101      	adds	r1, #1
200013a2:	468e      	mov	lr, r1
200013a4:	4700      	bx	r0

200013a6 <irq_handler_chain_remove_tail>:
200013a6:	4670      	mov	r0, lr
200013a8:	3809      	subs	r0, #9
200013aa:	4901      	ldr	r1, [pc, #4]	; (200013b0 <irq_handler_chain_remove_tail+0xa>)
200013ac:	4788      	blx	r1
200013ae:	bd00      	pop	{pc}
200013b0:	10000955 	.word	0x10000955

200013b4 <default_alarm_pool>:
200013b4:	200013cc 00000000 20001898 20002078     ... ....... x . 
	...

200013cc <default_alarm_pool_heap>:
200013cc:	20002088 00000000 00000000 00000010     . . ............
200013dc:	00000000                                ....

200013e0 <aeabi_bits_funcs>:
200013e0:	00003350 	.word	0x00003350
200013e4:	0000334c 	.word	0x0000334c
200013e8:	00003354 	.word	0x00003354
200013ec:	00003352 	.word	0x00003352

200013f0 <aeabi_bits_funcs_end>:
200013f0:	0000534d 	.word	0x0000534d
200013f4:	0000434d 	.word	0x0000434d
200013f8:	00003453 	.word	0x00003453
200013fc:	00003443 	.word	0x00003443

20001400 <stdio_usb>:
20001400:	1000424d 00000000 100041e5 00000000     MB.......A......
20001410:	00000100                                ....

20001414 <ep_dir_string>:
20001414:	10007a3c 10007a40                       <z..@z..

2000141c <_usbd_qdef>:
2000141c:	20001e7c 000c0010 ffe00000 0000001f     |.. ............
	...

20001440 <_impure_ptr>:
20001440:	20001448 00000000                       H.. ....

20001448 <impure_data>:
20001448:	00000000 20001734 2000179c 20001804     ....4.. ... ... 
	...
200014f0:	00000001 00000000 abcd330e e66d1234     .........3..4.m.
20001500:	0005deec 0000000b 00000000 00000000     ................
	...

20001870 <print_mutex>:
	...

20001878 <__mutex_array_end>:
20001878:	10003cb5 	.word	0x10003cb5
2000187c:	10003455 	.word	0x10003455
20001880:	10003b55 	.word	0x10003b55
20001884:	10003c59 	.word	0x10003c59

20001888 <__frame_dummy_init_array_entry>:
20001888:	100002ed 100068a1 10007385              .....h...s..
