:020000041000EA
:1000000000B5324B212058609868022188439860DF
:10001000D860186158612E4B002199600221596106
:100020000121F02299502B49196001219960352056
:1000300000F044F80222904214D00621196600F024
:1000400034F8196E01211966002018661A6600F04E
:100050002CF8196E196E196E052000F02FF8012189
:100060000842F9D1002199601B49196000215960AB
:100070001A491B48016001219960EB211966A021F2
:10008000196600F012F800219960164914480160C1
:100090000121996001BC002800D000471248134993
:1000A000086003C880F30888084703B5996A0420EC
:1000B0000142FBD001200142F8D103BD02B5186610
:1000C0001866FFF7F2FF186E186E02BD00000240BE
:1000D000000000180000070000035F00212200005C
:1000E000F4000018222000A00001001008ED00E03C
:1000F00000000000000000000000000074B24E7A12
:1001000000200420F7010010C3010010C5010010F9
:10011000C1010010C1010010C1010010C101001097
:10012000C1010010C1010010C1010010C701001081
:10013000C1010010C1010010C9010010CB01001065
:10014000CD010010CD010010CD010010CD01001037
:10015000CD010010CD010010CD010010CD01001027
:10016000CD010010CD010010CD010010CD01001017
:10017000CD010010CD010010CD010010CD01001007
:10018000CD010010CD010010CD010010CD010010F7
:10019000CD010010CD010010CD010010CD010010E7
:1001A000CD010010CD010010CD010010CD010010D7
:1001B000CD010010CD010010CD010010CD010010C7
:1001C00000BE00BE00BE00BE00BE00BE00F04BF888
:1001D000103800BEF2EB8871C87C0010F07C001073
:1001E0003402001090A31AE700202149086006C8D5
:1001F00081F3088810471F48006800282FD10DA4FC
:100200000ECC002902D000F012F8F9E71A491B4A77
:10021000002000E001C19142FCD1194988471949E9
:1002200088471949884700BEFDE701C901C29A42C3
:10023000FBD37047F07C0010C00000209418002011
:10024000C49400100000042000000420C494001096
:1002500000100420001004200000000070470B482C
:1002600003F000F90047EFF30580C0B270470000CB
:1002700008ED00E0000000D0981800205026002073
:10028000151900100D030010091A00105756000030
:1002900006005250ABB36053A078001006005250D5
:1002A000861C0302B0780010060052505422A29D12
:1002B000C478001005005250DE65F468C494001044
:1002C000F8B5C04610B5064C2378002B07D1054B76
:1002D000002B02D0044800E000BF0123237010BDB2
:1002E000A01A00200000000068750010044B10B533
:1002F000002B03D00349044800E000BF10BDC046F6
:1003000000000000A41A00206875001010B503F06A
:10031000F5FE094803F044FE084C0949200006F0A8
:1003200059FE002803D1074803F0DCFEFEE7200059
:1003300006F0E8FF002010BD68750010BC1A002010
:10034000C0CA89367C750010094A83009446402251
:10035000634410B51C68C0006240C0241440802271
:10036000520113431C60034B9C466044416010BD26
:1003700004C00140004001400123D0228340120606
:1003800093629361094A830094464022634419684A
:10039000C0004A40C021114080225201134319601D
:1003A000034B9C46052360444360704704C00140F2
:1003B0000040014070B5EFF3108C72B60D4D2B6804
:1003C000002BFCD0BFF35F8F0724CB08C618C05C9E
:1003D00001230C40A3401C000440034207D1034307
:1003E0003370BFF35F8F2C608CF3108870BD1000EA
:1003F00001F00CFB2C0100D0F8B54746CE468846EC
:1004000080B5EFF3108C72B6214D2C68002CFCD017
:10041000BFF35F8F9A422CD8D4080727055D0619D1
:1004200001241740BC402C421FD0072101278946D8
:1004300009E0D408055D06194C4639001440A14076
:100440000C00294211D001329342F2D201204042E5
:10045000BFF35F8F00220E4B1A608CF310880028C8
:100460000FDBC0BCB946B046F8BD2C431000347059
:10047000EEE7BFF35F8F00232B608CF31088012021
:1004800040424346002BECD0089801F0BFFAC0462A
:100490002C0100D0024B18688007C00F7047C0467F
:1004A00000C006400021044B044ABFF35F8F02C323
:1004B0009342FAD17047C046000100D0800100D0BD
:1004C000044A1078431CDBB2172B00D91023137099
:1004D0007047C0466813002000B5054B83B001008B
:1004E000009318221F230348FFF786FF03B000BDC7
:1004F000A87500104C20002001238340002904D05F
:10050000034A1360034A13607047034A1360FBE712
:1005100080E200E000E100E080E100E001238340B0
:10052000014A13607047C04600E200E0084B1030FB
:100530009B688000C358002B07D0064A00209B1AF6
:100540002F229A424041C0B270470020FCE7C046CB
:1005500000ED00E06C130020024B10309B6880001F
:10056000C058704700ED00E070B50D00EFF3108645
:1005700072B60F4A1368002BFCD0BFF35F8F0D4B90
:1005800010309B6884001B590B4A934203D09D4254
:1005900001D001F053FA074B9B681D51BFF35F8FE9
:1005A000BFF35F8F0022024B1A6086F3108870BD84
:1005B000240100D000ED00E0CD010010F0B5574659
:1005C0004E46DE464546E0B585B00600029117006E
:1005D000EFF3108B72B6674A1368002BFCD0BFF3A1
:1005E0005F8F0025644B5D579A46002D00DAA5E029
:1005F0006B00624C03935B199B009846A146C14473
:100600004B4652469B79103613705D4BB2009B6887
:10061000019299580B1B2F2B34D95A4B994200D079
:10062000A5E0039B584A9C46584B6544AD00635374
:10063000434602336519E418554B0121043B1B1B4B
:100640001B055B0D13436B80524BEF71AB80FF2397
:10065000AB71029BAB604B460B431900484B019AB0
:100660009B689950BFF35F8FBFF35F8F0022414BB0
:100670001A608BF3108805B0F0BCBB46B246A946A1
:10068000A046F0BD01200A008243D379BB422FD897
:1006900045464E46130040491B1B5B415943090D1B
:1006A0003A4B63533A4B02356519043B5B1B1B0500
:1006B000354D5B0D2B4373800426B446E04444441F
:1006C000131F1B1B4C46A17102991B05A1604946D3
:1006D0005B0D2B43A380314BE77101431360BDE7F2
:1006E0005800C01880002018C679BE422CD90200DC
:1006F0000623D356002BF3DA101D8246BD200002DC
:10070000804604267642B446E14450464E46361AA8
:100710003005400D824656461B489571064396802B
:10072000039A944665441D4AAD006419226042460E
:10073000A371029BA280E771A3608FE701F07EF9AD
:10074000002553465D5753E7101D824690884005AB
:10075000001584464046D444664604302018301ABA
:10076000E0260005400D360230438046C9E701F01F
:1007700065F956E7240100D04A2600206C130020BA
:1007800000ED00E0CD01001000E0FFFF00A1FFFF41
:100790009C13002000BDFFFFAAAA0000014880476B
:1007A000F0B5DE4657464E464546E0B50C0083B0F0
:1007B000EFF3108A72B65A4A1368002BFCD0BFF3CD
:1007C0005F8F1022914681444A46564B96009B68A3
:1007D0009D59554B98469D4205D0A54216D0534F82
:1007E000EB1B2F2B14D94F4B9B689D51BFF35F8F91
:1007F000BFF35F8F00224A4B1A608AF3108803B060
:10080000F0BCBB46B246A946A046F0BD1D00EAE7D3
:10081000012383409B465A46454B1B681A40009271
:100820005A46444B1A60BFF35F8FFFF71CFD0190DF
:10083000002803D0814501D001F000F901232A00EE
:100840009A4393689C4208D15FE04B005B189B0081
:10085000FB189968A14211D01A00062151560029AF
:10086000F3DA009B002B05D05A46334B1A60304B0D
:100870001A60B8E75A462F4B1A60B4E7062159565A
:10088000002921DB4A00501880003C188046A068EF
:100890009860E079D871062020569871002824DBF2
:1008A000A488F81A6405241544440019E0240005BE
:1008B000400D2402204398805218204B9200BF180C
:1008C0001A781970BA71CCE70199002910D1FF315B
:1008D00091711B49918019490A789A71194ADB1B59
:1008E0005B415A43120D0A70BBE7BD200002E2E7EC
:1008F000154A1649D21A083A5002400D0143998010
:10090000134952080A43DA80ABE706215156130017
:100910000029B7DA019A002AEAD14546DBE7C0464A
:10092000240100D000ED00E0CD0100106C13002088
:1009300000E100E080E100E080E200E04A260020E3
:1009400000BDFFFFAAAA0000A613002000F0FFFFD1
:1009500000F8FFFFF8B5012504000543FFF783FC0D
:10096000EFF3108C72B6214A1368002BFCD0BFF352
:100970005F8F1F4E2100B7681E4A1F4B891A4941DD
:100980004B431B0D59B28300F858A8421CD00623D4
:10099000D3568B421CD01223D3568B4222D01E2317
:1009A000D3568B4220D02A23D35603208B4210D01B
:1009B000124B1A781970A271BFF35F8F00220B4B94
:1009C0001A608CF31088F8BDB2680D48D050EFE77C
:1009D000002043001B189B00D218FF239371094B82
:1009E0009380E5E70120F4E70220F2E7240100D03C
:1009F00000ED00E06C130020AAAA00004A260020A7
:100A0000CD01001000BDFFFF054B064A1360064AEA
:100A1000136053609360D3601361536193617047B7
:100A20008080808000E400E004E400E0D02300B592
:100A30001B061B680100074883B0C018064B002244
:100A400000930523FFF7D8FC002801DB1F23181AA9
:100A500003B000BD44260020C4750010024B9C4624
:100A600061448900016070474000003483680B488E
:100A700010B5844661446244090112019A1859185C
:100A800054684B6801209C4201D802D00020C0B2BB
:100A900010BD12680B689A42F9D8F7E7FFFFFF0F05
:100AA0000A4B1968EFF3108072B60A68002AFCD06E
:100AB000BFF35F8F1B68BFF35F8F00221A6080F364
:100AC000108840BF002000217047C0461426002037
:100AD000F8B557464E464546DE46E0B599460CAB5E
:100AE0001C780DAB1B78060090469A460768002CD0
:100AF00011D1BC7B002C42D065003B682D19033D11
:100B000059194B78BB73002B00D1FB7300238B70FA
:100B10004B700B7004E065003B682D19033D5919BB
:100B2000B2682A4B94464246E3181B0163441A609C
:100B30004A465A600A9A9A600B9ADA6000238B70D0
:100B40004B700B707B7B9B46002B2BD022005946B1
:100B5000B8687B6898473A68002816D05B465846C4
:100B60005B005B445519033BA870D118D35C002B84
:100B700000D06B705B460C707B73A34513D0F0BC48
:100B8000BB46B246A946A046F8BD5B465B005B4447
:100B9000033BD3189C705119525D002A00D05A7043
:100BA0005B460B707C7342464B46307D00F026FC62
:100BB000051E06D05346002B03D12100306800F0FB
:100BC0003FFE0E9B002BDAD01D70D8E7FFFFFF0F12
:100BD000F0B5DE464E46574645460023E0B58DB09B
:100BE0000A936B4B8200D3580B90994600239B4687
:100BF0004B46079300F0A2FB079C06000F006268BB
:100C0000EFF3108572B61368002BFCD02200079416
:100C1000BFF35F8F2468637B9946002B67D092688F
:100C20005C4B90464B441B01984443461A685B68F2
:100C300010001900801BB94100295FDD0B9800F0FE
:100C4000DDFB00230026984600279A46079C636830
:100C5000BFF35F8F5A461A6085F310885346002B06
:100C600008D10028C6D10DB0F0BCBB46B246A9469B
:100C7000A046F0BD0A9B414618024B461843D04798
:100C8000089009916268EFF3108572B61368002B23
:100C9000FCD00794BFF35F8F0899099A002A48DBBC
:100CA000114303D0079B1B69002B5DD1079B1B6879
:100CB000D97B002907D04A00521819688C4649464A
:100CC0006244033A51704A46DA734B46079A013B35
:100CD000D168CA5C0132CA545B46079A13615368F3
:100CE000BFF35F8F5A461A6085F3108882E70023AE
:100CF0000026984600279A460020A7E7002901D140
:100D000000289BD10021200000F01CFD43461E68F6
:100D10005F689B68079A9A464346DB689846D368A3
:100D20004B44013B1B780A931B02034313610020D1
:100D30008CE72369002BB9D033003C005B1A944147
:100D40001A002300A74219D89F421BD0594604918C
:100D5000012103914946029141460191514607986C
:100D60000091FFF7B5FEB7E700F0E8FA089A099B93
:100D700006000F0092197B419942E5D901225242A7
:100D8000D317E3E79642E1D901225242D317DDE7B8
:100D9000F8240020FFFFFF0FF8B557464E464546A2
:100DA000DE46E0B5404D81468A466A68EFF310881A
:100DB00072B61368002BFCD0BFF35F8F2E68B47B34
:100DC000002C39D0670033683F19033FDB195A788C
:100DD000B273002A00D1F273A968344A8C4649469E
:100DE000A21812016244116051465160304991606D
:100DF0000021D160997059701970737B9B46002B4C
:100E000035D022001900B06873689847326800280E
:100E100020D05B4658465B005B44D719033BB87053
:100E2000D118D35C002B00D07B705B460C707373C1
:100E30005C451DD0002626E06B68BFF35F8F1C6009
:100E400088F3108801204042F0BCBB46B246A94658
:100E5000A046F8BD5B465B005B44033BD3189C7027
:100E6000D119D25D002A00D05A705B460B707473A2
:100E70004A465346287D00F0C1FA061EDAD021000A
:100E8000286800F0DDFCEB681B19013B19786B68E2
:100E9000BFF35F8F00221A6088F310880020002EB5
:100EA000D2D108022043CFE7B4130020FFFFFF0F89
:100EB000A10A001010B5124C6368002B04D00A215F
:100EC0001048FFF7CBFD10BD23000F4A102120680A
:100ED00000F056FB032000F025FA032000F0FEFA94
:100EE00003200A4900F044FAFFF7EAFA084B9C464F
:100EF000032360442375074B80006060DC60DEE7FD
:100F0000B4130020142600206D0A0010D10B00102D
:100F100040000034F824002000487047B41300203B
:100F2000F0B557464E464546DE46E0B585B00193DE
:100F300010AB1B780600039300239A469846009254
:100F40007268EFF3108972B61368002BFCD0BFF300
:100F50005F8F3568AC7B002C49D067002B683F1948
:100F6000033FDB195A78AA73002A00D1EA73B168EB
:100F70004F4A8C4600980199A218120162441060F1
:100F800051600E9991600F99D16042469A705A70E3
:100F90001A706B7B9B46002B45D022001900A86875
:100FA0006B6898472A68002830D05B4658465B003B
:100FB0005B44D719033BB870D118D35C002B00D029
:100FC0007B705B460C706B735C452DD0F3681B190E
:100FD000013B18787368BFF35F8F42461A6089F34C
:100FE00010885346002B2CD10002204307E0736881
:100FF000BFF35F8F1C6089F310880120404205B069
:10100000F0BCBB46B246A946A046F0BD5B465B00BD
:101010005B44033BD3189C70D119D25D002A00D0E9
:101020005A705B460B706C73307D009A019B00F028
:10103000E5F982460028C9D02100306800F000FCA4
:10104000C4E7039B002B30D00E9B00200F999847DC
:10105000030004000D000B4327D000290DDA00988F
:10106000019902000B00121BAB41994213D818D012
:1010700000920193039B9A4662E700F05FF9020039
:101080000B00A4185D4100940195A94203D8F1D149
:1010900000998A42EED901235B42DC170093019448
:1010A000E8E700999142E3D9F5E70020A7E7C046B9
:1010B000FFFFFF0FF0B504000D0006267642F7177C
:1010C000C64636196F4100B58F4213D810D000F0D4
:1010D00035F932003B00121A8B41002B14DC002B37
:1010E00037D02900200000F033F980BCB846F0BDAD
:1010F0008642ECD90026002700F020F932003B00A0
:10110000121A8B41002BEADD30003900FFF744FE54
:101110000028E6DB00239846BC460F4A0F4F7B6A47
:101120009C4504D8B96A8E42DBD99C45D9D1116857
:10113000EFF3108072B60B68002BFCD0BFF35F8F0B
:101140001368BFF35F8F4146196080F3108820BF9A
:10115000E5E7002AC5D0D7E7142600200040054067
:1011600070B5060000F0EAF8FA2204000D00002332
:1011700030000021920002F04FFD001969418D42BC
:1011800005D802D0FFF796FF70BD8442FAD901203E
:101190004042C117F6E7C046F8B5CE46474680B58F
:1011A00006000C00FFF7F8FD00280CDC2D4B00209A
:1011B000596A8C4203D89B6A0130B34245D3C0BC04
:1011C000B946B046F8BD20BF274D6A68EFF31087D7
:1011D00072B61368002BFCD0BFF35F8F2B68C1B2CF
:1011E0009C465B7B8B4235D0FF2303405A009146DF
:1011F00062461268994490464A464244033A9278BD
:10120000002A1DD0EA68000A90464344013B1B783F
:10121000C0B2834221D06B68BFF35F8F00221A6097
:1012200087F310880F4A0020536A9C42C7D8926AFD
:101230000130B242C3D2E01A421E9041C0B2BEE7B2
:101240002B699842E7D12A61E5E7601A431E98416D
:10125000C0B2B4E7FF230340D4E7604600F0F0FAE1
:10126000D9E7C04600400540B4130020F0B5D6468B
:101270004F464646C0B5EFF305833F2213401800A2
:101280001038EFF3108C72B6204D2A68002AFCD07B
:10129000BFF35F8F0122110081401D4C88466163BE
:1012A0001C4917000E788A463100C1400F400A429F
:1012B00009D1BFF35F8F2F608CF31088E0BCBA4672
:1012C000B146A846F0BD14498200646A51588C4268
:1012D0000FD3124BD25843469E4353461E70BFF362
:1012E0005F8F00232B608CF31088002AE6D0904794
:1012F000E4E70B4A9B00904643441A681A60BFF328
:101300005F8F00232B608CF31088D7E7280100D073
:10131000004005404D260020202600203C1F0020D4
:10132000D03F054010B50100024A0348FFF742F8DC
:1013300010BDC046E075001049260020034B596AD5
:101340000A00986A596A8A42FAD1704700400540FB
:10135000064A536A9942FCD807D1044B02E05A6A04
:10136000914202D19A6A8242F9D370470040054007
:1013700070B504000D00EFF3108672B61A4A1368B8
:10138000002BFCD0BFF35F8F002D1BD02000FFF798
:10139000E3F8164981420AD02000FFF7E5F8012161
:1013A0002000FFF7A9F80123A340114A1360114B55
:1013B000A400E550BFF35F8F00220B4B1A6086F349
:1013C000108870BD0B4BA200D5500122A2400A49E3
:1013D00020000B7893430B700449FFF7E1F90021DB
:1013E0002000FFF789F8E5E7280100D06D12001012
:1013F000386005403C1F00204D260020F0B54F46C8
:10140000D6464646C0B507002F4C616A0D00A66A55
:10141000616AA942FAD18B4208D805D00120E0BC0C
:10142000BA46B146A846F0BDB242F7D9EFF3108AEA
:1014300072B6264801680029FCD0BFF35F8F0125F2
:10144000BD402349204C8846097889462943C9B2C2
:101450008C46414660460870391D1E488900656308
:101460000A51B9000B50216A0020294219D0616A43
:101470000800A66A616A8142FAD18B4219D801D16B
:10148000B24216D8CC451DD00F4B1F201D625D63A4
:1014900001230740BB40104A1E38136043464A46AA
:1014A0001A70BFF35F8F0022084B1A608AF310880E
:1014B000B5E70020BFF35F8F0022044B1A608AF368
:1014C0001088ACE70120ECE700400540280100D07F
:1014D0004D2600202026002080E200E0EFF3108C53
:1014E00072B60A490B68002BFCD0BFF35F8F012353
:1014F0008340074A0748136202789A430270BFF399
:101500005F8F00230B608CF310887047280100D098
:10151000004005404D26002070B50500140016005F
:10152000002915D00C00002A12D080686B689847FB
:10153000296800280ED073009B196200033B121922
:10154000CB18033A9C7088188A5C002A15D1067063
:10155000200070BD63001B197200033B9219CB1869
:10156000033A9E7088188A5C002A02D10470340005
:10157000EEE75A7004703400EAE75A700670E7E745
:1015800030B583600023CCB24373013304734260EF
:101590008373C4730D000068012C06D9421C01330B
:1015A000DBB2137003329C42F9D1FF2129404B007A
:1015B0005918002340180338437030BDF8B5CE46A3
:1015C000474606000C0080B5002907D04D0003688F
:1015D0006D18033D5A195778002F04D12000C0BC64
:1015E000B946B046F8BD7900C91903398846434465
:1015F0005978894600215970517073683A0021006A
:10160000806898473368002814D042469A1894702E
:1016100059195B5D002B00D053700F7027004946AD
:101620003000FFF7CBFF390002003000FFF774FFF6
:101630000400D3E7424641465D19AF709A185B5CDF
:10164000002B00D06B701470E9E7C046F0B5574628
:101650004546DE464E46E0B50D006B0001685B195D
:10166000DF1E0400C85D83B00192CA1900284CD067
:1016700043001B18033BCB185E78B446002E16D1EE
:10168000019E002E3ED0E67B002E04D073009B19F5
:10169000CB18033B5D70E57300282FD100235370F6
:1016A00003B0F0BCBB46B246A946A046F0BD7200EE
:1016B0006244033A89184A78904600224A7091465B
:1016C0005A70010032002000FFF726FF4346824691
:1016D000002B07D05B0021684344033BCB185A78AA
:1016E000002A16D1424651462000FFF715FF216817
:1016F000019BCA19002BC6D10028CFD043001B186C
:10170000033BCB1800219970C8E7019B002BBAD18D
:10171000C4E75000801803380918487883464846C3
:101720004870587041462000FFF7F6FE5946804643
:101730002000FFF743FF414602002000FFF7ECFEC8
:101740008046CFE7F0B557464546DE464E46E0B503
:1017500083B00191457B04006B0000685B19DF1EBC
:10176000C15DC21900294ED04B005B18033BC31862
:101770005E78B446002E18D1019E002E40D0E67B44
:10178000002E04D073009B19C318033B5D70E573F2
:10179000002931D1002328005370617303B0F0BCDD
:1017A000BB46B246A946A046F0BD72006244033A69
:1017B0008018427890460022427091465A7020006C
:1017C0003200FFF7A9FE43468246002B07D05B009C
:1017D00021684344033BCB185A78002A17D142466C
:1017E00051462000FFF798FE019B01002068C219B6
:1017F000002BC4D10029CDD04B005B18033BC3188C
:1018000000209870C6E7019B002BB8D1C2E75000BA
:10181000801803380918487883464846487058703D
:1018200041462000FFF778FE594680462000FFF72A
:10183000C5FE414602002000FFF76EFE8046CEE75F
:1018400070B5040000292CD0437B8B422ED0056854
:1018500048004018033828188278002A21D0530005
:101860009B18033BEA5CEE188A4202D11BE0002A77
:1018700008D053009B18033BEB185A788A42F6D1E4
:1018800042785A7000230122837043702000FFF7D2
:10189000DDFE617B02002000FFF73EFE6073012049
:1018A00000E0002070BD43783370EBE7012219009F
:1018B000FFF7CCFE60730120F4E7C04610B50400CA
:1018C000FEF7FEFD01002000FFF7C8F8FF2323719B
:1018D000BFF35F8F10BDC04610B50400FEF7F0FDEA
:1018E00001002000FFF7BAF8FF23A380BFF35F8F4A
:1018F00010BDC04610B504000120FEF7EDFD044BFD
:101900009C46604480002060BFF35F8F10BDC046DE
:10191000400000342C4B2D4A70B51A602C4A2D4BD8
:101920002D491A6014008B689C43FBD12B4D2C4E23
:10193000B54208D2013E761BB60808CD9847230071
:101940000134B342F9D100F07FF8264A214B1A60E6
:10195000214A9368DB43DB01DD09002BF9D14022EA
:10196000214B224C224E9A675A671A67DA66B442B4
:1019700008D223682000002B20D00834FFF7ACFFEA
:10198000B442F6D31B4E1C4CC022A168300002F0BA
:101990009FF9A660FEF786FDFFF736F8FFF78AFA93
:1019A000164C174EB44208D2013E361BB60808CC7E
:1019B00098472B0001359E42F9D170BD0834FFF7DE
:1019C0007DFFB442D5D3DDE700E00040BFCDFBFE94
:1019D000FE7F3C0000F0004000C00040781800206E
:1019E00088180020FFFFFF0100F001407018002060
:1019F000781800200000002000ED00E0881800208A
:101A00009418002000BEFDE700BEFDE70FB400B54E
:101A1000084883B002F0C4FA049B002B07D005A944
:101A20001800019101F0FEFC034802F0B9FA00BE73
:101A3000FDE7C046047600101476001010B501488A
:101A4000FFF7E4FF1876001030B50C2083B000F0EB
:101A5000B7F9FEF71FFD00280ED0944B944A1A6088
:101A60005A609A60DA601A615A619A61DA611A62A0
:101A7000904A5A6203B030BD8F4CA06700F0F4F971
:101A800001228E4B1A60636C012BFCD103228C4B1C
:101A90001A60894A936B012BFCD101330121894AD9
:101AA00089480093043300F033F90523874A0093F3
:101AB0000121874800F02CF9864B5A68FF2A02D88A
:101AC000802252005A608022784C7D4B216912019D
:101AD000804D1A60002905D0606901F01DFD0130BC
:101AE0000138FDD1E0217B4B02201A681140802291
:101AF00052012A43116019684840032101401160D6
:101B000004219A681142FCD08022802192012A434C
:101B100009011160802252005A606F4B23616F4BA4
:101B20005968FF2900D85A600321644A6B4B116041
:101B300002399A681142FCD0E0201A6810408022D5
:101B400052011A43106018684840032101400220E6
:101B5000116062498A681042FCD0802292011343CE
:101B6000802212011A6080225D4B52004A6063613C
:101B70005C4B5968FF2900D85A6080225A4BE169B2
:101B80001201584D1A60002905D0606901F0C4FCAB
:101B900001300138FDD1E02252490B681A40802300
:101BA0005B012B431A60802380229B012B4312018F
:101BB0001A6080223E4B52004A60E3614B4B5968E9
:101BC000FF2900D85A608022494B216A1201474DF3
:101BD0001A60002905D0606901F09EFC01300138CF
:101BE000FDD1E02241490B681A4080235B012B4361
:101BF0001A60802380229B012B4312011A608023EC
:101C000080225B004B602A4BD2022362394B596819
:101C1000914200D25A608022374B616A1201354DE1
:101C20001A60002905D0606901F076FC01300138A6
:101C3000FDD1E0222F490B681A4080235B012B4322
:101C40001A60802380229B012B4312011A6080239B
:101C5000DB024B60174B6362284B5A68FF2A02D89D
:101C6000802252005A608022254BA1691201234D27
:101C70001A60002905D0606901F04EFC013001387E
:101C8000FDD1E0221D490B681A4080235B012B43E4
:101C90001A60802380229B012B4312011A6080234B
:101CA0005B004B600E4BA361E4E6C0465020002071
:101CB000006CDC021BB70000008000403CB000401C
:101CC00030B00040002F685900800240008C8647E9
:101CD00000C0024030800040001BB7003C80004044
:101CE000405973075480004054B000406080004069
:101CF00060B000406C8000406CB000404880004004
:101D000048B00040014B8000C05870475020002070
:101D1000F0B5C646040000B50C2090461F000E002A
:101D200001F0FAFB4101091A8D01691AC90009186D
:101D30008901404601F0F0FB069B3F041A0323682B
:101D40001743002B22DB1A4B1A4DE21853425A411B
:101D500080235B019C461203174B62441A60174BA9
:101D60001A601100AB689943FBD1C022231D920178
:101D70001A4321232660A06013602368002BFCDA3D
:101D80000823E760136080BCB846F0BD3F2322689B
:101D90001340B342D7D1A3681B051B0D8342D2D198
:101DA000EE22E368D2021340BB42CCD1EBE7C0463F
:101DB0000040FDBF00C0004000E0004000F00040D7
:101DC0008023024A9B000343D36270470080054092
:101DD00010B5140080221B4BD2051A6000281AD0BF
:101DE0000123194A1843194BDA61194A42401A6211
:101DF000596298628022134BD2051A601549164A1F
:101E00001160E022D2041A60002C07D18022134B0B
:101E100012061A6010BD0D4BD861EBE763011B1B66
:101E20009A008023121912015B049A4200D30C4AD3
:101E30000C4B1A60054B5A608022084BD2051A6081
:101E4000E8E7C04600B00540D3C007B000800540B9
:101E50002D3FF84FFCFF01000820014000A0054085
:101E6000FFFFFF00F0240020AA23064A1B01136095
:101E70002F230549D360054B19605368002BFCDA0A
:101E80007047C0460040024000B0FA0000600240C7
:101E90007047C046F8B557464E464546DE46E0B563
:101EA00099460A9B07009A460D9B88469346150063
:101EB0000B9E9B0710D10C9B9E420DD29D1B1400C4
:101EC0000E005D4422004B46013431002020B8470B
:101ED000A542F7D1B0460B9E002E27D04446751977
:101EE0005346AA1B013E985D21004B46B847002E81
:101EF000F6D123002C0098460D9B9B070FD55B461F
:101F0000E51A0C9BAB420AD94646984622004B463E
:101F1000310020200135B8470134A845F6D820000B
:101F2000F0BCBB46B246A946A046F8BD2C00E3E78C
:101F3000F0B54F464646D646C0B584B098460EAB7F
:101F40001B78129F994694460D9C109B119EBA07D0
:101F500025D4002E4BD19C4200D3BFE001223A4051
:101F600092461F2C00D9B8E00C9A551E302201E091
:101F7000202C03D001342A55A342F9D85246002A16
:101F80000DD0A6420BD9202C44D00C9A551E3022DD
:101F900001E0202C3ED001342A55B442F9D1FA0692
:101FA0004DD57A053FD4002C39D10F9B102B00D191
:101FB00079E00F9B022B00D18AE030230C9A012498
:101FC00013704B46002B3FD02D230C9A1355013430
:101FD0000C9B624600930397434602960194FFF7D9
:101FE00059FF04B0E0BCBA46B146A846F0BD012294
:101FF00015003D40AA463A422FD04A46002A02D157
:102000000C323A4200D0013E9C42BAD21F2CABD9CE
:10201000202E27D92024FA06DAD57A0503D4A34244
:102020002DD0A6422BD00F9B102B32D0022B20D0CC
:10203000202CCDD030220C9B1B191A700134202C7F
:10204000C6D04B46002BBFD17B070DD43B07BFD575
:1020500020230C9A13550134BAE79C429FD21F2CBF
:1020600000D881E720249AE72B230C9A13550134DA
:10207000AEE7202CACD00C9B1B1901343AE0631E58
:10208000012C92D00F9A102A2AD0022A2FD01C009D
:10209000D0E7BB060ED4202C9AD00C9B1A19013421
:1020A00078231370C4E7BB060DD478230C9A01245F
:1020B0001370BFE7202C00D18AE758220C9B1B1914
:1020C0001A700134B4E758230C9A01241370B1E755
:1020D0000C9A603301241370ACE7202400265EE7DD
:1020E000023CBA06E9D40C9A12191C00D8E70C9AE3
:1020F0009246534462221A709AE7C04610B50028EF
:1021000000D110BD01F0FCFEFBE7C0460B0010B58E
:10211000002802D049681B68984710BDF0B5DE461C
:1021200057464E464546E0B59BB09B46249B8946A4
:102130009846259B0B900C924046424619009A46C1
:1021400001F0ABFC002800D0D8E001224046514607
:10215000774B524201F09CFC002800D0CEE00122D7
:1021600040465146734B524201F07CFC002800D09F
:10217000C4E0002200234046514601F073FC0028D1
:1021800000D0B9E1424653460A9209938023289A27
:10219000DB001A400E92289A1A4201D10623269398
:1021A0000A9A099B1600134300D0C7E0289B00251C
:1021B00000261B0500D49BE100230D93269A0D9B5E
:1021C0009A4200DC9FE1D01A431E26938023289A6E
:1021D000DB001A430023002728920D93279B00243D
:1021E000BB4200D9DC1B0223289A1A400E92289A7F
:1021F000134203D07B427B415B421C400D9B002B72
:1022000007D00A9809992A00330001F0D2FB0A90FE
:102210000991002200234046514601F023FC00288A
:1022200005D0802000068446099961440991289AC6
:10223000414B0B9D13400493269B0A9A0293099BE2
:1022400003940092019349465B4628000C9A00F0E3
:102250008BF90400002F62D0289B220098061F23D0
:10226000C0179843631C984649465B466530A847AB
:102270000D9B0025DA179C18DB0F9A465440013F4E
:1022800001E0202D13D00AAA94461F2320006344A6
:102290000A2101355E1901F03FF93031317020001B
:1022A0000A2101F039F926000400092EE9D8052396
:1022B0000693002304930A330393534605970B9F19
:1022C000029312AB009342465B46494638000195A3
:1022D000FFF72EFE0E9B0400002B20D00C9BC51A8E
:1022E000279BAB421BD91E0022005B46494620209B
:1022F0000135B8470134AE42F6D810E0289B42467B
:102300000493279B49460393269B0B9802935346BD
:10231000009201935B460C9A00F026F9040020001D
:102320001BB0F0BCBB46B246A946A046F0BDC046B5
:10233000FFFFEF7FFFFFEFFFFFF7FFFF734B099FEB
:102340009C467800400D604401F0BAFB704A714B26
:1023500001F049FB704A714B01F026FB3B03704AC8
:102360001B0B1A4304000D00300011006D4B0022BE
:1023700001F015FB6C4A6D4B01F035FB02000B00C0
:102380002000290001F010FB01F0B2FB0D9001F0DC
:1023900097FB674A674B04000D0001F024FB002205
:1023A000654B01F001FB01F0A3FB644A0600644B9E
:1023B0002000290001F017FB040030000D000F96EB
:1023C00001F07EFB5F4A604B01F00DFB02000B0049
:1023D0002000290001F0E3FA02000B0006000F00C4
:1023E00001F001FB320004000D003B003000390019
:1023F00001F0DAFA002210901191544B20002900CC
:1024000001F0D7FA0022524B01F0CEFA02000B0085
:102410002000290001F0CDFA00224E4B01F0C4FA51
:1024200002000B002000290001F0C3FA0D008021FA
:10243000040032003B000020C90501F0B0FA0200A0
:102440000B002000290001F0AFFA02000B001098E9
:10245000119901F0AEFA0022314B01F0A5FA3E4B82
:102460000F9C9C4664440022230501F0BCFA050041
:102470000E0002000B000A98099901F0F3FA0028F7
:102480000AD00D9B2800013B31000D930022304BF8
:1024900001F08FFA05000E00C6270D992B0063315D
:1024A0008F42BF4128997F420437090500D495E641
:1024B000334300D182E6099C284A2100284B0A9820
:1024C00001F0DEFA002808D000222100254B0A98EE
:1024D00001F0C8FA002800D070E6269B002B00D13E
:1024E0007CE60E9B5A1E9341269AD31A269375E6D4
:1024F000002304270D9371E643460A9380231B06AD
:102500005344099342E6002326935FE601FCFFFF54
:10251000FB799F501344D33FB3C8608B288AC63FD2
:102520000000F03F0000F83F61436F63A787D23F90
:1025300071A379094F930A400000E03F1655B5BBDF
:10254000B16B0240EF39FAFE422EE63F00002C400C
:102550000000244000001840FF0300002D431CEB46
:10256000E2361A3F80842E41F0B54E46DE4657468D
:102570004546E0B597B09946209E219F229B834611
:10258000984607910C923B0032003000390001F070
:1025900084FA002800D0A9E1012230003900CA4B9A
:1025A000524201F05FFA002800D0E1E00122300041
:1025B0003900C64B524201F06BFA002800D0B7E058
:1025C000002230003900C24B01F062FA002800D02E
:1025D00099E0002230003900BE4B01F043FA002898
:1025E00000D090E0002200233000390001F03AFAD8
:1025F000002800D0B1E000230D93249B5B0501D49B
:102600000623984608AB9C461722002430234146F7
:10261000624404E0013413550139202C01D009290A
:10262000F8D888463000390001F062FA4346DA00F3
:10263000A94B05009B181A685B680892099301F082
:102640003FFA02000B003000390001F0A8F9089AA7
:10265000099B01F0C8F90A900B9101F06DFA8246CE
:1026600001F02AFA02000B000A980B9901F097F981
:1026700000229A4B0A900B9101F00AFA002800D12F
:10268000C0E001239C46E244504601F015FA0200E6
:102690000B000898099901F0EBF9002802D00023FB
:1026A0009A4601354346002B6AD008AB17269C4654
:1026B00008956644554614E001235B4243440A21D1
:1026C00028009A4600F028FF01343031371939705C
:1026D00028000A2100F020FF092D00D8D0E0D046C4
:1026E0000500202CE8D10EAB98460323249A134012
:1026F000012B00D196E02023249A01930392239A80
:10270000434602921EE0249B58460493239B009666
:102710000197039343460C9A029307994B46FFF7A0
:10272000FDFC17B0F0BCBB46B246A946A046F0BDC2
:10273000249B5B070ED40322694B249901920391D9
:1027400023990291009358464B460C9A0799FFF73C
:10275000A1FBE6E70422634BEFE73B0032000020D9
:10276000002101F01CF9012306000F000D9344E73E
:10277000249B0393239B0293042301935A4BE1E789
:10278000280001F09DF902000B003000390001F033
:1027900006F9524B002206000F0001F063F90EAB60
:1027A000984600280AD10022300039004B4B01F036
:1027B0006FF9002802D1EB0700D50135202C94D009
:1027C00008AA94461723280063440A2101341E19DD
:1027D00000F07AFE3031280031700A2100F074FEDA
:1027E000051EEBD10323249A1340012B1BD0202C70
:1027F00000D180E70D9B002B35D02D224146631C74
:102800000A5579E700220A980B99344B01F02AF90E
:10281000002800D046E75346002B51D101239C46A7
:10282000E2443FE72024239B002BE0D00D9B002BAC
:1028300003D1249A0C33134202D0239B013B2393F0
:10284000239BA342D3D908AB9C4617223023624472
:10285000202C00D14FE72399013413558C42C6D068
:10286000202CF8D147E7249B5B0724D4249A23002B
:10287000120700D440E72022414601330A553BE7C6
:102880005746089D202C00D12DE7220030214046DC
:10289000002F09D00132B154202A00D123E7D343BD
:1028A0001B191B18002BF5D10EAB98462E23414661
:1028B000541C8B5482E72B224146631C0A551BE7AC
:1028C000DB0700D4EEE6A9E7FFFFEFFFFFFFEF7F96
:1028D00065CDCD4165CDCDC1207800100000E03F31
:1028E000247600102876001034760010249B039381
:1028F000239B029303230193004B23E730760010C0
:10290000F0B5DE464E4657464546E0B59FB01C0042
:10291000289B91460993C94AC94B8B4608901A6077
:10292000002900D118E2002320789A46002800D11F
:102930001AE226001D005C460AE02A006F1C4B4686
:10294000089D2100A8473D0001363078002870D04E
:102950002528F2D110239B46083B9A46043B984613
:10296000023B00219C46721C107816000300203B9D
:10297000DBB2102B03D8B34F9B00FB589F460300DC
:10298000303B092B32D900230A932A2868D0002330
:1029900098462E283ED00300683BDBB2122B1CD891
:1029A000A94A9B00D3589F46012301321943DBE714
:1029B000634601321943D7E7434601321943D3E74F
:1029C0005B4601321943CFE7534601321943CBE747
:1029D00080235B007078194301360300253BDBB28E
:1029E000532BAAD8994A9B00D3589F46002703002F
:1029F000B800C01901364000C018337830381A00CA
:102A0000303A0700092AF3D90A90180000239846A3
:102A10002E28C0D180237078DB0019430300303B9F
:102A2000721C092B00D8A1E12A2800D1B2E11600BE
:102A3000B1E7A346AA462C00D14503D801235B4247
:102A40004B449A464B46524659460020089DA8479B
:102A500020001FB0F0BCBB46B246A946A046F0BD60
:102A6000099B40CB0A96002E03DB50780993561C35
:102A70008DE72838014370420A9009935078561C1C
:102A800085E7782800D1DFE1582800D14CE26F2893
:102A900000D14FE3622801D100F030FC10230A007E
:102AA0009A430B92692801D000F0A9FC0A230C93E9
:102AB0004B0500D5D0E10B9A802311009B001940F3
:102AC0008B461A4200D0A1E2802311005B0019401E
:102AD0008A461A4200D0B6E313005B0600D5EDE249
:102AE000130009991B0601D400F076FC08C91BB23B
:102AF000D8171A18424092B209919346DA0F1292EF
:102B0000002B09D1802310220B99DB000B4091434D
:102B10000B91002B00D0E4E20B9A6123920600D5C2
:102B200041230EA91F228C46DBB262440A3B5F465A
:102B30001395A34655460C9CB2460D9316000AE029
:102B40003033DBB201357355A74200D2EDE2202DC0
:102B500000D1EAE207002100380000F0DDFCCBB232
:102B60000929EDD90D9A94466344DBB2EAE7802344
:102B70009B007078194301362FE77078682800D1E0
:102B8000CDE180230136194327E770786C2800D106
:102B9000BFE180235B00194301361EE7462800D1C0
:102BA0009BE10722099B0491073393430A9A19007A
:102BB0000392424602920CC908980092019309912F
:102BC0002A004B462100FFF7CFFC01360500BCE68A
:102BD0002A006F1C4B46089D21002520A84701367E
:102BE0003D00B2E68B0700D4ADE1099B2A009A466E
:102BF0006B1C9846534601CB21009A46089F4B46D2
:102C0000C0B2B8470A9B9C466544012B00D886E2B7
:102C1000089B4746B04626004C4699463A0023009A
:102C2000013731002020C847AF42F7D1A1465346B3
:102C3000340046460993013687E6C0460129001054
:102C4000EC2400203C76001080760010CC7600103A
:102C5000099B04CB9B4643460992002B00D1C6E05A
:102C600013789C46002B00D1BDE34346013B099AF3
:102C70000133D0180A9F130001E0834203D05A7831
:102C80000133002AF9D1099A0A979B1A0B938023E2
:102C90000A00DB001A400C92194204D00B9B4345FA
:102CA00001D943460B9302231A000A400D920B42AE
:102CB00000D187E16046002800D168E10C9B002B21
:102CC00000D10DE1A844C246099B57465B1B9846BC
:102CD000089BB2462A0026004C46994609E023008C
:102CE0003100551CC8474346585D002800D126E1F5
:102CF0002A009742F3D1A1463D00340056460D9B71
:102D0000002B00D043E15B46013609931DE6099B89
:102D10001A0008CA9246002B48D0212211438B4644
:102D20000EA884461F216144099500220F27A4465E
:102D30000D0002E0202A0CD00B003C001C402000BB
:102D40003730092C00D807380132A85419090F2B45
:102D5000F0D86446099D32E0DC4B207808930023CC
:102D60009A46002800D0E4E5002465E643460600C4
:102D70000A9F9800C018013240008019167803009D
:102D800030003038303B0928F3D93000984616001F
:102D90000A9700E6099B023604CB9046D243404690
:102DA000D2171040804609933078F4E510220800CD
:102DB000904311321043834600224905B0D55B464B
:102DC000069308230593434604931023039300239B
:102DD000029316AB019200932A004B4621000898FB
:102DE000FFF7A6F85346050001360993ADE51378C1
:102DF0009C46002B00D1F7E202235B4237E72023F9
:102E000002009A43472A04D180231B01194302235D
:102E10009843452801D1202319430722099B049197
:102E2000073393430A9A19000392424602920CC94F
:102E300008980092019309912A004B462100FFF760
:102E40006DF90136050080E510230C930C230A0070
:102E50009A430B924B0503D501230B9A9A430B928D
:102E6000692800D127E6642800D124E60B9A802344
:102E700011009B0019408B461A4200D066E1802366
:102E800011005B0019408A461A4200D039E2130053
:102E90005B0600D53CE113001B0600D4A6E2099BAB
:102EA00004CB1204120C934609935B46002B00D00E
:102EB0009AE10B9A1033110099430B91520500D4FB
:102EC00092E100239A460B9B06930A9B0593434687
:102ED00004930C9B039300230CE12023194360E629
:102EE000099B0A9A5B1B98464B4691461F00B246C7
:102EF0002600089C2A003B003100A04743460135CC
:102F0000585D0028F6D14A463400B94656460A9222
:102F1000F5E6C0239B00B078194302365DE5C02377
:102F2000B0781943023658E50C230A009A4314334B
:102F30001A43103B0B920C934B058DD496E7A14698
:102F400034005646DBE60A9A012A00D853E26B1E8B
:102F50009F18089BB04626004C4699462A0023003D
:102F6000013531002020C847BD42F7D1A1463400C9
:102F70004646099B3A0001CB210098467D1C4B46F2
:102F8000089FC0B2B847434601360993DDE40B9B66
:102F90000A9AA8469A4200D8B5E694466544ED1AC6
:102FA000089B4746B04626004C4699463A00230007
:102FB000013731002020C847AF42F7D1A146340085
:102FC0004646A0E60B9A0A99531C914200D814E297
:102FD0004B199B1A1F00089BB24626004C46994687
:102FE0002A002300013531002020C847BD42F7D117
:102FF0000A9BA14601330B93099B34001B7856466C
:103000009C466046002800D058E67CE60722099BD3
:1030100007339343013294469C4462465F680992A9
:103020001A68FB17109311931098119903005340DD
:103030000E930B007B400F9394460E9A0F9B121A2F
:103040008B410E920F93FB0F6246129300233A437B
:103050009B463DD00B9A6123920600D54123002266
:10306000DBB20EA90A3B8C4692460D9343461F32B3
:1030700062441395159655460E9E0F9FA2469046A4
:103080000C9C14930CE03032D2B2434601355A55B1
:10309000BB4500D18AE1202D00D18AE106000F0056
:1030A000220000233000390000F078FAD2B2092A59
:1030B000E9D90D9B9C466244D2B2E6E7FF23099909
:1030C00004C913401A00099117E5C046911E00106B
:1030D0000B9A1033110099430B915205BAD5002376
:1030E0009A460B9B06930A9B0593434604930C9BBD
:1030F0000393129B02935346019316AB2A0000934D
:1031000021004B460898FEF713FF013605001CE42A
:10311000FF22099B02CB11408B460993C5E653461B
:10312000454609930136FFF710FC56465C46AA4611
:10313000139DD6E708230C930B910B99642800D0BC
:1031400084E60B9B5B0500D586E6B4E40722099B69
:1031500007339343013294469C44624609921A68AD
:103160005B6810009B4613005A46134307D10B9A25
:103170001033110099430B91520500D5A1E60B9A2B
:103180006123920600D541230022DBB20EA90A3B3F
:103190008C4692460D9343461F3262445F46129519
:1031A000A34655460400B24690460C9E13930DE08C
:1031B0003032D2B2434601355A550023BB4200D1CA
:1031C00000E1202D00D100E104000F0032000023B7
:1031D0002000390000F0E2F9D2B2092AE8D90D9BAB
:1031E0009C466244D2B2E5E70B9A6123920600D571
:1031F0004123DBB20EA90A3B1F228C460D9323000C
:1032000062445C461295170055469B46B2460C9E9A
:1032100008E03033DBB201357B55B4420ED3202DAC
:103220000CD004003100200000F076F9CBB209295F
:10323000EFD90D9A94466344DBB2ECE756465C4600
:10324000AA46129D3FE6099B1A0008CAD917139295
:103250005A184A409246DA0F1292002B08D1802366
:1032600010220B99DB000B4091430B91002B2BD1CB
:103270000B9A6123920600D541230EAA1F2794467C
:10328000DBB20A3B0D9567445D460993A34654465D
:10329000B2460C9E08E03033DBB201357B55B442B8
:1032A0000ED3202D0CD004003100200000F034F9A2
:1032B000CBB20929EFD9099A94466344DBB2ECE713
:1032C00056465C46AB460D9D0B9B2A0006930A9B17
:1032D00021000593434604930C9B08980393129B8B
:1032E000013602935B46019316AB00934B46FEF703
:1032F0001FFE139B05000993FFF727FB02230C9386
:103300001AE7099B04CB92461293002A08D1802326
:1033100010220B99DB000B4091430B91002B2BD11A
:103320000B9A6123920600D541230EAA1F279446CB
:10333000DBB20A3B0D9567445D460993A3465446AC
:10334000B2460C9E08E03033DBB201357B55B44207
:103350000ED3202D0CD004003100200000F0DCF84A
:10336000CBB20929EFD9099A94466344DBB2ECE762
:1033700056465C46AB460D9D0B9B2A0006930A9B66
:1033800021000593434604930C9B08980393002364
:1033900002935B46019316AB00934B46FEF7C8FDC4
:1033A000129B050009930136FFF7CFFAB44200D80B
:1033B00071E6149B54460E960F97AA469846159EA2
:1033C000139D8EE6A64200D8FBE6139B5646984610
:1033D000AA465C46129D76E508C9D8171A184240DD
:1033E0000991FFF78AFB00230B9350E4099B04CB60
:1033F0009346099359E52F00BBE50B9301E6063B85
:103400000C939AE600B585B00391012102900093D8
:10341000034813004A4202A9FFF772FA05B000BD43
:103420000D21001010B5094A0300146884B0002C67
:1034300008D0012200910648524203A9A04701206A
:1034400004B010BD00F0ACFD0020F9E7EC24002032
:10345000FD20001001480421014B1847E013002013
:1034600085340010142310B50100188804331B881C
:10347000984710BD162310B50100188802331B8829
:10348000984710BDF8B54746CE4680B50F1E19D0F7
:1034900014239946043304000025012698464B4620
:1034A0001888434621681B88984701C4431E9841E9
:1034B000013540420640AF42F1D13000C0BCB946B0
:1034C000B046F8BD0126F8E7124A936F9B0815D263
:1034D0009066D166002905D0FFE7FFE7FFE7516F4F
:1034E000106F704704B580210906C21751400028AB
:1034F00000D0C84304F008F8002104BDF0B5146EF4
:10350000556E576F166FFFF7E3FF146655665767E2
:103510001667F0BD000000D0114A936F9B0813D2CC
:1035200010665166002905D0FFE7FFE7FFE7516FFE
:10353000106F704704B5002801D00020C04303F08D
:10354000E3FF002104BDC046F0B5146E556E576F01
:10355000166FFFF7E5FF1466556657671667F0BDEF
:10356000000000D094464E4A926F9208624601D203
:1035700030E0C046F0B54A4EB56F6D08FCD3346EEE
:10358000756E776F366F00F025F89446444A1466DE
:103590005566576716676246F0BDC0469446404A76
:1035A000926F9208624601D258E0C046F0B53C4E98
:1035B000B56F6D08FCD3346E756E776F366F00F0A3
:1035C0004DF89446364A1466556657671667624644
:1035D000F0BDC046002B24DB11D000293EDA00B537
:1035E000C943404200D1013100F038F8C94340429C
:1035F00000D10131DB43524200D1013300BD002A2A
:10360000EBD1002801D1002905D00020C90FC9073E
:1036100001D1C043410800B503F06EFF0022002332
:1036200000BD00B500290ADBDB43524200D1013363
:1036300000F014F8C943404200D1013100BDC94334
:10364000404200D10131DB43524200D1013300F04E
:1036500005F8DB43524200D1013300BD002923D1DC
:10366000002B18D1002A0CD0BC460D4F38667A6664
:1036700000210023FFE7FFE7FFE77A6F386F674617
:103680007047002801D00748010000B503F034FF5F
:103690000022002300BD02000B0000200021704723
:1036A000000000D0FFFFFFFF002B00D0BFE0130C95
:1036B00028D1002AE7D080B4114F39667A66FFE737
:1036C000FFE730B4040C7B6F396F1B0423433B6668
:1036D0007A66FFE7FFE7FFE7C04684B27B6F3D6F86
:1036E0001B0423433B667A66FFE7FFE7C0460023DF
:1036F0002C042D0C7A6F386F00196941B0BC7047EB
:10370000000000D0F0B594460025140E01D112023D
:103710000835140F01D112010435940F01D1920024
:103720000235D40F01D152000135D40B0134254F9D
:103730007C66254C3C660E0C93B2FFE7FFE7FFE783
:103740003C6F6643360C7703BE467343DF0B5B0466
:10375000C01AB941130C7343DB18C91ACE0866436B
:10376000360CB64493B273431F0F1B01C01AB94104
:10377000130C73431F0B1B05C01AB941860D8F0232
:103780003E436643360C092D24DB520A7243801AED
:103790007703460A6643360C16235B1BDE40DF4088
:1037A000BF1964466643821B704604350633010028
:1037B000D940A840C01900D30131A24206D200234B
:1037C000F0BD0000000000D0FFFFFFFF121B013022
:1037D000F3D3F1E709277F1BFE406446A2B2724390
:1037E000801A00D20139220C7243130C1204821A7F
:1037F00099410B007046043513370100F940A84089
:10380000801900D30131002B02D1A2420AD2F0BDAF
:10381000013000D30131121BFAD2013BF8D1A24290
:1038200000D2F0BD013000D30131121BF7E7F0B533
:103830001C0C00D080E00CB400251C0A04D11B0233
:10384000160E3343120208351C0B04D11B01160F50
:103850003343120104359C0B04D19B00960F334374
:1038600092000235DC0B02D192185B4101351C003D
:10387000971864410134464F7C66464C3C660E0CFA
:10388000FFE7FFE7FFE7C0463C6F6643360C770370
:10389000BE4697B27743C01B00D20139C01B00D28D
:1038A00001399FB27743C91BC91B170C77437E04AC
:1038B000FF0B801BB941CE086643360C0C2D33DB61
:1038C000B644120B1F053A431B0B97B27743C01B3C
:1038D00000D201399FB27743C91B170C77433E04CE
:1038E0003F0C801BB941860D8F023E43664329275A
:1038F0007F1BFE400C3D7746AF40BF1930BCA2B2E3
:10390000ABB272437343801A9941220C7243130C79
:103910001204801A994102000B000137001BA941D3
:10392000F9D2781E0021F0BD0C277F1BFE407746A0
:103930007F0BAF40FF19E0E700245D1C07D0144F58
:103940007D663966FFE7FFE7FFE7FFE73C6F95B26B
:103950009EB265436643401BB141150C1E0C654386
:10396000664336042F0C3E432D04401BB14199425F
:1039700004D202000B0020000021F0BD01D19042D2
:10398000F7D3801A994101349942F2D3F6E7000047
:10399000000000D0FFFFFFFF48404140484018B4FE
:1039A000134B5B68019308BD18B4114B1B6801935E
:1039B00008BD94460F4A926F920805D2624618B429
:1039C0000B4BDB68019308BD0A4AF0B5146E556EC7
:1039D000576F166F6246FFF7F2FF064A1466556688
:1039E00057671667F0BD18B4014B9B68019308BD7B
:1039F000A0190020000000D0FFB5504042405040C8
:103A000059404B40594000E0FFB5154F4C00640D44
:103A100003D0BC4204D10C0314D80020090D0905C1
:103A20005C00640D03D0BC4204D11C030AD8002200
:103A30001B0D1B0501264B4009D44B4003D58B427F
:103A400000D18242FFBD9942FCD19042FFBD0B43A1
:103A5000DB1803431343F5D0C9434918FFBD0000E9
:103A6000FF07000000B5FFF7CFFF804100BDC04653
:103A700000B5FFF7C9FF01D9002000BD012000BD3E
:103A800000B5FFF7B9FF01D9002000BD012000BD3E
:103A900000B5FFF7B1FF804100BD012040054A009D
:103AA000121804D85A00121801D8002070470120BB
:103AB00070470020704700000021002805D17047A2
:103AC000C1174840401AFAD0C90713B5064B1B6806
:103AD00098470CBC441CA2401005120B0349091B5B
:103AE00009051943114310BD102500201F040000D3
:103AF00010B54C00620D8023D218DB00D21A5B0592
:103B00007E2A10DD9E3A13DACC17090349081943BF
:103B10005242D140640001341532202A05DAD040E7
:103B20000843604310BD002010BD0846604310BD2F
:103B3000C80FC018013810BD18B4024B5B6A01935E
:103B400008BD0000A019002010B50148FDF75EFF78
:103B500070780010132370B51D78012D11D035DD5C
:103B60001C48FFF787FC1C4C01008022200000F05D
:103B7000AFF8022D27D01948FFF774FC184B1860D6
:103B800070BD184B144C23606360A360E360236135
:103B90006361A361E36123626362A362E3622363FF
:103BA0006363A363E36323646364A364E3642365DF
:103BB0006365A365E36523666366A366E3662367BF
:103BC0006367A367E367084BA364D4E7024C064B23
:103BD000A364D0E753440000A01900204C33000038
:103BE00010250020493B0010ED3B001007B5604652
:103BF00001880A0A0230DF2AFAD1C9B2820804D346
:103C0000028840880004104300E00068014A5050D8
:103C1000039007BDA019002051434343C9188C46A7
:103C2000110C83B24B4310B4040C614392B280B2C6
:103C3000504362431C041B0C001910BC594113046F
:103C4000120CC018514161447047000010B5014882
:103C5000FDF7DCFE2C760010132310B510481C78FD
:103C6000FFF708FC0100012C0AD003DD80220D487B
:103C700000F02EF80C48FFF7F5FB0C4B186010BD58
:103C8000084C5422200000F023F82300084A803317
:103C90002168002900D122600434A342F8D1E9E769
:103CA00053460000142500204C330000102500204E
:103CB0004D3C001001480421014B1847F01300202F
:103CC00085340010014B1B6818470000F0130020DA
:103CD000014B5B6818470000F0130020030010B58B
:103CE000080011001B68984710BDC046F0B5464655
:103CF0004F46D646C0B5437C80460E001700002BC9
:103D000046D0002A3FDD4B1E9946244B0125002456
:103D100000209A460DE04B461B5D0D3B5A42534135
:103D2000325DDBB20A2A0BD02B00013401359F42F1
:103D30001ADD002CEFD14346325D1B7C0A2AF3D1F9
:103D4000002BF1D1A04204DA4346211A1B68301837
:103D50009847434650461B68022198470134280083
:103D60002B0001359F42E4DC874204DD4346391ACB
:103D70001B6830189847F619013E33780D3B5A42BC
:103D8000534142461374E0BCBA46B146A846F0BD62
:103D90000368110030009847F5E7C046F47800103A
:103DA000F0B5C6460C000968060000B5802906D0AB
:103DB0004B1C23606418267180BCB846F0BD0F4BC5
:103DC0001D68002D16D0231D98460D4F02E0ED68AA
:103DD000002D0FD02B68002BF9D03B68002B01D0B1
:103DE000AB42F4D1280041462268FFF77FFFED681F
:103DF000002DEFD101230021DBE7C046E0200020A9
:103E0000E8200020F0B557464E464546DE461C00E9
:103E1000D023E0B51B061F68344B83B006000D00AD
:103E2000180001A991469A4603F076FB80460028C7
:103E300008D1019B7FB29F4204D0504603F08CFB17
:103E4000012398466B1C03D1300003F005FB0500ED
:103E5000002C27D1264F274B1C68002C18D04B462E
:103E6000002B21D1244B994602E0E468002C0FD0AE
:103E70002368002BF9D04B461B68002B01D0A342CE
:103E8000F3D120002A003100B847E468002CEFD1BC
:103E90004346002B25D103B0F0BCBB46B246A94631
:103EA000A046F0BD154FD6E7134B99460A239B4613
:103EB00002E0E468002CEBD02368002BF9D04B46DD
:103EC0001B68002B01D0A342F3D12A00310020004F
:103ED000B8475A466B4620001A7101A90122B8471B
:103EE000E7E7504603F000FBD5E7C0467018002016
:103EF000ED3C0010E0200020E8200020DD3C001018
:103F0000F0B5CE46474680B583B06B46DE1CD02365
:103F100030701B061C681F4B804601A9180099468B
:103F200003F0FAFA071E20D01B4B1C68002C28D087
:103F30001A4D02E0E468002C0FD02368002BF9D062
:103F40002B68002B01D0A342F4D1200001223100C4
:103F5000FFF7CCFEE468002CEFD1002F11D14046D2
:103F600003B0C0BCB946B046F0BD019B64B29C42F0
:103F70000BD0484603F0F0FA074B01271C68002CD1
:103F8000D6D1484603F0B0FAE9E7034B1C68002C91
:103F9000CED1E4E770180020E0200020E8200020C7
:103FA00070B5040003F058FA002301000500012257
:103FB0002000FFF727FF084B1C68002C06D0636821
:103FC000002B05D09847E468002CF8D1280070BD7C
:103FD000E468002CF3D1F9E7E02000200A4A1368D6
:103FE000002B05D10CE01A00DB680C32002B07D047
:103FF0009842F8D1002902D1C3681360C1607047AC
:104000000029FCD01060FAE7E0200020F0B5474618
:10401000CE46D02380B51B061D682E4BA5B00700E9
:104020000C00180003A9984603F076FA061E07D183
:10403000039B6DB29D4203D0404603F08DFA0136DA
:104040008422002103A8FFF73DFE23003A00224806
:1040500003A9FFF7D7F9039B0700002B14D11F4BCF
:104060001C68002C06D06368002B0BD09847E468CE
:10407000002CF8D1002E27D1380025B0C0BCB9469D
:10408000B046F0BDE468ECE7144B1D689946002D7E
:104090001ED0134C02E0ED68002D11D02B68002BD0
:1040A000F9D02368002B01D0AB42F4D1039B280048
:1040B0001A0004A90193FFF719FEED68002DEDD158
:1040C0004B4603951C68CCE7404603F00DFAD3E756
:1040D0000395CFE770180020A13D0010E0200020DC
:1040E000E82000200FB400B583B004A901C90191F4
:1040F000FFF78CFF03B008BC04B0184710B500F000
:104100003DF910BD7047C0460022014B1A70704740
:104110004B2600204B790020FF2B0BD18B79002BF5
:1041200008D1CB79012B05D1082A03D98A78024B13
:1041300009301A707047C0464B2600200120704796
:1041400070B5002915D115495379107909781B02EA
:1041500003430020994200D070BD5378012B0AD050
:10416000022BF9D1002064220021FDF731FE01204D
:10417000F2E70120F0E79478D278050012021443A8
:10418000D20502D5620A93401D000548FFF76AF97F
:104190007F210300214028009847C0464B2600207D
:1041A000554200000123037000487047F878001062
:1041B00048780B788A78000218431204104396223C
:1041C000CB7810B51B060343D200934200D010BD3C
:1041D0000348FFF747F90021030008009847C0464D
:1041E0005542000070B5184C82B006000D0020004A
:1041F00001A903F091F9002808D1D0231B061B6800
:10420000019A9A421CD0200003F0A6F9002001F088
:104210001FFE002807D103256D42200003F064F93A
:10422000280002B070BD002001F02AFE0028F2D064
:104230002A003100002001F02FFE051EEBD0ECE734
:1042400003256D42ECE7C04618260020F0B5DE4697
:104250004F464646C0B5334B82B081460D0018002C
:1042600001A99B4603F058F9002808D1D0231B066A
:104270001B68019A9A424FD0584603F06DF900200E
:1042800001F0E6FD00283FD00024002D41DD264E40
:1042900011E04B460020191901F072FE804600F033
:1042A00065FE002001F030FEFDF748F830607160D7
:1042B0004444AC422DDA002001F07CFE2F1B0200AA
:1042C000B84200DD3A00002AE3D100F04FFE0020A2
:1042D00001F01AFE002001F0BBFD002819D00020DB
:1042E00001F068FE0028E4D1FDF728F83268736811
:1042F0000F00002184460D4812184B419F4208D8F8
:10430000D7D19445D5D904E000200021064B186090
:104310005960584603F0E8F802B0E0BCBB46B1462D
:10432000A846F0BD182600209819002020A10700FB
:1043300010B5044B1878FCF7F1F8FA200021800042
:1043400010BDC0464C26002010B5024B1878FCF773
:10435000E5F810BD4C26002010B5074C00212000C8
:1043600003F0DAF8002800D110BD00F0FFFD2000B6
:1043700003F0BAF8F8E7C04618260020F0B5244B41
:1043800085B01B7801F0FEFF2248FDF797FA012067
:10439000FCF74CFBFF23204C204920701840FCF711
:1043A000E3F820780121FCF7A7F80520FCF7BEF818
:1043B000041E0CD0002205201949FCF7FFF801214A
:1043C0001848FFF70BFE0124200005B0F0BDFCF7F4
:1043D000A3FD0500FCF7B2FFFA2206000F00002340
:1043E000920092197B4199420ED80BD00121029183
:1043F000002101910C4928000091FCF791FD002853
:10440000E2D0DCE79042F1D901225242D317EDE726
:10441000EC7C0010182600204C2600205943001088
:104420004943001000140020314300100048704739
:10443000B0790010004870475C79001070B5040036
:1044400017480378002B21D0002C06D1C124154831
:10445000154BA4004380048070BD052C1DD8134B60
:104460001048A400E558811C002304E001330A80B1
:104470000231132B0ED0EA5CDCB2002AF6D1C02345
:104480000134E4B264009B001C43E4E7112102F014
:104490000FFAD9E7CA24A400DDE70020DCE7C04614
:1044A00030260020B820002009040000C479001044
:1044B000F0B5982357464546DE464E466C4AE0B571
:1044C000D75880253C006D02883B9A4683B02C402B
:1044D0002F420FD001222321664B00205A54DA705C
:1044E000654901F073FA8022644B92021A65644BAD
:1044F0002C009A46FB0617D480235B011F4245D14E
:104500008023DB011F4200D088E080231B021F4272
:1045100000D091E0BC4200D0A5E003B0F0BCBB46A7
:10452000B246A946A046F0BD514B9B6D9846002B64
:1045300027D0524B00249B4601239946434601262F
:10454000B8461F0004E001347600E4B2202C17D0F6
:104550003742F8D05B469E654B466508A3436D0025
:10456000ED18444B6D019C466544280000F08AFB21
:1045700000286CD10134B743E4B27600002FE5D1B6
:10458000474680235B0154461F42B9D01C43002399
:10459000374A00211360384A3A489360D3603A4A58
:1045A0009360D360394A9360D360394A9360D36093
:1045B000384A9360D360384A9360D360374A936037
:1045C000D360374A9360D360364A9360D360364AEB
:1045D0009360D360354A9360D360354A9360D3606B
:1045E000344A9360D360344A9360D360334A936013
:1045F000D360F0229200FFF765FB314B314A002176
:104600001A600020012201F0B7F980221B4B12032F
:104610001A658023DB011F4200D176E701220421C5
:1046200000201C4301F018F91022144B1A65802356
:104630001B021F4200D16DE70122052100201C430F
:1046400001F00AF980220D4B12011A6562E74B4610
:10465000AA8AA97800200093002301F0DFF928003E
:1046600000F04CFA86E7210017487940FDF7CEF9B3
:1046700000001150EC2000200000105000301150BC
:10468000100001002C2100200800105010001050D4
:10469000180010502000105028001050300010500A
:1046A000380010504000105048001050500010507A
:1046B00058001050600010506800105070001050EA
:1046C000F424002080011050DC79001010B5012185
:1046D0000520FBF711FF10BD10B500220021024894
:1046E00000F034FA10BDC0460C2100208022024B9D
:1046F0005202DA647047C04600201150F0B5C64639
:1047000000B5060000F0D4F90C23354D0520AB6749
:104710003449FBF729FF40239846334C40220021BF
:104720002000FFF7CFFA43460127A383212100236E
:104730002E4A6770A260136063545F316184414602
:10474000A187023963542A4A2A496360E260A16260
:104750000B60E262284A63629360D360274A2000BC
:104760009360D360264A00219360D360254A40308D
:104770009360D360244A9360D360244A9360D360EB
:10478000234A9360D360234A9360D360224A9360A4
:10479000D360224A9360D360214A9360D360214A58
:1047A0009360D360204A9360D360204A9360D360C3
:1047B0001F4A9360D360F0229200FFF783FA1D4BEB
:1047C0001D4A30001A6080239B052F64EB64902300
:1047D0001A4AEA50FFF78AFF80BCB846F0BDC046CF
:1047E00000001150B1440010EC2000208400105053
:1047F00000011050800010500000105008001050B0
:1048000010001050180010502000105028001050B8
:104810003000105038001050400010504800105028
:104820005000105058001050600010506800105098
:1048300070001050F42400208001105010D00100AE
:104840000B785B0602D14B78052B00D070478A7835
:10485000014B1A60FAE7C04600001150F0B5CE4691
:104860004746072380B548798E780A790340C8788F
:104870007F21800731401B02F40913434F00820F50
:10488000944691462A4D3A195201AA18967001266B
:1048900066405670604600269383D6709077CA00B3
:1048A000012C29D023488446880162448446AC44C4
:1048B000604682601660002929D01F4AC9009046D0
:1048C000414441603F223F3393434A46022A00D18C
:1048D0005B001A493F190A687F01D3180B60184B17
:1048E000ED195340EA604A469006184380231B06A0
:1048F00018436B68186010E01248844688016244CF
:104900008446AC4460468262166000290AD10023C6
:1049100064012D196B600C4BEB600120C0BCB946E3
:10492000B046F0BD064AC900904641444162C9E71D
:10493000EC2000208400105004001050F4240020CB
:1049400000001050800010500001105000231C4A3D
:1049500010B59360D3601B4A00219360D3601A4A5C
:104960001A489360D3601A4A9360D360194A9360DF
:10497000D360194A9360D360184A9360D360184A91
:104980009360D360174A9360D360174A9360D360F3
:10499000164A9360D360164A9360D360154A9360B9
:1049A000D360154A9360D360144A9360D360F022B9
:1049B0009200FFF787F9124B124A1A6010BDC046E9
:1049C0000000105008001050100010502C21002042
:1049D00018001050200010502800105030001050C7
:1049E0003800105040001050480010505000105037
:1049F00058001050600010506800105070001050A7
:104A0000F42400208001105010B57F200C002040BD
:104A10004000E409110000191A00034B4001C018BE
:104A200000F094F8012010BDEC2000207F2213003C
:104A300010B50B400A420BD0C9098022580040181B
:104A40000649400140181201002100F05DF810BD38
:104A500002220348C909521A8266EEE7EC200020C0
:104A6000002011507F22100010B508400A4200D1EA
:104A700010BD0023C909400040180449400108182E
:104A800000220349C37000F03FF8F1E7EC2000205A
:104A9000FFF7FFFF7F21C309034A9B00014010B5C8
:104AA0009A580248FCF7B2FF14140020F079001065
:104AB00080220D4B520410B51A600C4B0C491A6041
:104AC00010008B689843FBD10A4C9C2200212000E7
:104AD000FFF7F8F88022002152010748FFF7F2F8AB
:104AE0000923636710BDC04600E0004000F00040AD
:104AF00000C000400000115000001050002303745B
:104B0000438283828361704710B58368002901D096
:104B10001C682140002A11D08024E4001143224265
:104B20000CD01A6822420BD1074A0A401A60FFE7EC
:104B3000FFE7FFE7FFE7FFE7FFE78368196010BDC6
:104B40008078FFF7A7FFC046FFFBFFFFF0B5C64622
:104B5000002300B5838201330374436804001E6898
:104B6000838B81611F1C934200D9171C8025BFB223
:104B7000D21B93B2E278ED0063823D43002A02D05B
:104B80009025AD013D4301204240E2706278002A49
:104B900051D0002B1DD1A023DB011D43354B1B6CD5
:104BA000354B33408026B6051E436368A2681E60FD
:104BB00013685B055AD4314B2B401360FFE7FFE7C6
:104BC000FFE7FFE7FFE7FFE7A3681D6080BCB8468B
:104BD000F0BD802252011543264A126C920703D47D
:104BE000A278D209012ADBD1A28B111C9A4200D9EA
:104BF000191C80278AB2FF009B1A90461743E2785F
:104C00009BB26382002A03D090274146BF010F4325
:104C100001214A40E2706278002A19D0002B02D1AB
:104C20008023DB011F43164B3F043340A026F605CB
:104C30003D431E43B9E73A00E068FFF749F8A3692E
:104C40009C46802367441B021D43A761638AA0E73B
:104C5000E0684246A1694030FFF73AF8A36943444F
:104C6000A36180231B021F43638AD7E7A078FFF765
:104C700011FFC04600001150FFFFFFAFFFFBFFFF19
:104C8000FFFFFFDFF0B5C64600B5067C0400002E2E
:104C900000D1D3E083681A681D684378AD05AD0D77
:104CA000002B51D1838AEB189BB28382A18B8D425A
:104CB00007D20023638263681B68300080BCB8465B
:104CC000F0BD62681268520002D58D4200D175E0D5
:104CD000638A002BF1D062681F1C16688B4200D9D2
:104CE0000F1C8025BFB2DB1BE2789BB2ED00638214
:104CF0003D43002A02D09025AD013D4301214A40A9
:104D0000E2706278002A68D0002B2AD1A023DB0150
:104D10001D434F4B1B6C4F4B33408026B6051E4343
:104D20006368A2681E6013685B0500D58DE04A4B7E
:104D30002B401360FFE7FFE7FFE7FFE7FFE7FFE731
:104D4000A36800261D60B8E72A00C1688069FEF7E5
:104D5000BFFFA38AA269EB189BB25219A382A2617A
:104D6000A4E7802252011543394A126C920703D4FA
:104D7000A278D209012ACED1A28B111C9A423FD827
:104D800080278AB2FF009B1A90461743E2789BB2B5
:104D90006382002A2FD101214A40E2706278002A02
:104DA0003ED0002B02D18023DB011F432B4B3F045D
:104DB0003340A026F6053D431E43B1E7A2681568BF
:104DC0006278AD01AD0D002A1CD1EB18A3828D4293
:104DD00000D37DE7002363826FE73A00A169E068B2
:104DE000FEF776FFA3699C46802367441B021D43A0
:104DF000A761638A88E790274146BF010F43CAE74E
:104E0000191CBDE7E1682A004031A069FEF760FF88
:104E1000A38AA18BEB18A382A3695B19A361D6E7D0
:104E2000E0684246A1694030FEF752FFA36943445F
:104E3000A36180231B021F43638AB2E77F2381782B
:104E4000074A08481940FCF7E1FDA078FFF722FE69
:104E500000001150FFFFFFAFFFFBFFFFFFFFFFDF71
:104E600014140020107A0010024B5878431E984109
:104E7000C0B27047201E0020024B18784007C00FB8
:104E80007047C046201E0020014B18787047C0466E
:104E900047260020F8B54746CE4680B5294F050085
:104EA0003B78002B04D00120C0BCB946B046F8BD09
:104EB000532200212448FEF705FF244C2000FCF774
:104EC000FDFC234B1C60234C20001C30FCF712FD22
:104ED000200001F0A1FC204B204E1C60204B984686
:104EE000002B04D03000FFF75DF91E4B18604246DE
:104EF00000243378002A1DD01B4A9046194A914657
:104F00009C4210D31BD14346984701343378E4B216
:104F1000A342F5D22800FFF7F1FB2800FFF7D6FBEC
:104F200001233B70BFE74A46630012681B19DB0090
:104F30009B58E9E701F04AF83378002BEAD00023C8
:104F40001B68FFDE47260020201E0020D81D002001
:104F5000741E00201C140020781E0020462600200D
:104F6000A5410010E81A0020CD5F0010F0B5DE4624
:104F700057464E464546E0B58BB001F009FA002889
:104F800000D144E1C24BC34E9B4607AC3568EA6989
:104F9000EFF3108172B61368002BFCD0BFF35F8F64
:104FA00029622800210001F0ABFAEA692B6ABFF3FD
:104FB0005F8F0021116083F31088002800D126E163
:104FC0006378082BE2D85A469B00D3589F46636803
:104FD000002BDBD0A0689847D8E77F222179AE4B21
:104FE0000A405500C8095B191B181800012730300A
:104FF000C578BD43C570C5780337BD43C570002A69
:1050000000D10BE1A54ADB7C002A06D0A44A127825
:10501000934200D291E19B1ADBB2002B00D0F6E064
:10502000A04D62792078A368A847AFE701229A4F84
:1050300001213B78042013433B703323FA5C8A43FD
:10504000FA54FA5C8243FA540133FA5C8A43FA5404
:10505000FA5C8243FA54237800209A4600F066FEF8
:10506000602223791A40602A0DD0402A00D1F2E054
:10507000DB06DB0E012B00D16AE1022B00D121E11E
:10508000002B00D1F6E020780021FFF7CFFC802133
:105090002078FFF7CBFC79E77F4B1B78DB0700D448
:1050A00074E7814B002B00D170E700E000BF6DE793
:1050B000794B1A78D20700D468E77C4A002A00D1DD
:1050C00064E718780007C00F00E000BF5EE7744D8A
:1050D000724A00272B78002A00D1B6E0744A904625
:1050E0009F4208D39F4200D0B2E00137FFB29F42F7
:1050F00000D94BE7F6D2414609687A008C46D219AE
:10510000D20062445269002AEFD0207890470137DC
:105110002B78FFB29F42E3D938E72378604D5F4A8E
:10512000984600272B78002A00D186E0614A9146F4
:105130005F4A92462A0045469046BB425ED800D060
:1051400078E04B4628009847434601371B78FFB26A
:10515000BB42F2D2504D532200212800FEF7B2FD8F
:105160001022FF21E81CFEF7ADFD28002022FF21C0
:105170001330FEF7A7FD00F0CFFD4F4B002B00D101
:1051800004E700E000BF01E72378454D434A984615
:1051900000272B78002A47D0464A9146444A924637
:1051A0002A00454690469F421FD343D14B462800D4
:1051B0009847434601371B78FFB2BB42F3D2364DC6
:1051C000532200212800FEF77DFD1022FF21E81C5C
:1051D000FEF778FD28002022FF211330FEF772FD34
:1051E00000F09AFD2379AB70D0E6524612687B003E
:1051F0009446DB19DB0063445B68D8E752461268CB
:105200007B009446DB19DB0063445B689AE70BB0D4
:10521000F0BCBB46B246A946A046F0BD62792078F4
:10522000A36800F097FDB1E6404600F00DFF2B7833
:10523000002BC4D000235B68FFDE404600F004FF73
:105240002B78002B00D185E7F4E7002B00D19DE6F9
:1052500000235B69FFDE1948002800D113E700F046
:1052600065FD0021504608AA00E000BF002800D0DC
:105270008CE608E7202A00D19FE0002A00D002E750
:105280006379092B00D9FEE60D4A9B00D3589F464F
:10529000447A0010781E0020201E0020A541001036
:1052A000462600203D6200100000000000000000C3
:1052B000E81A002049600010000000000000000013
:1052C000687A00107023217A0B4200D0DBE60F339E
:1052D0000B405B00F818CD090093C14B4019C07C0E
:1052E000002B06D0BF4B1B78984200D288E0C01A32
:1052F000C0B200287ED1002A00D015E1BA4B01933C
:10530000637998460223424699469A43012A00D17E
:105310000EE14346002B00D0B5E6009B06AAFB1821
:105320005D193035EB7802329B07DB0F1380504656
:10533000022308A900F092FC28E65A00D318AB4AD1
:10534000DB001268D318002B00D160E71D6968E606
:10535000237A0F2B00D996E6A14AFB18DB78002AA6
:1053600005D0A04A1278934264D39B1ADBB2002B7B
:1053700000D088E69E489C4D00F0D8FC00215046A5
:10538000EB6808AA9847002800D0FFE560221500C6
:1053900023791D401A4200D075E663790A3B012B40
:1053A00000D970E600F0C2FC63790A2B00D1EEE070
:1053B000504608A900F03AFCE8E5237A0F2B00D903
:1053C00061E6874AFB18DB78002A06D0854A127806
:1053D000934200D2D0E09B1ADBB2002B00D052E601
:1053E0008348814D00F0A2FC00215046EB6808AADA
:1053F00098473BE7002A00D045E6002301937FE76A
:1054000043009C46794B60441B68C0009C460300E7
:1054100063440193002A00D172E7002B00D132E6E9
:10542000D86800F083FC019B00215046DB6808AA85
:1054300098471BE76D4A5D00EB181568DB00ED1817
:10544000002D00D11FE6E86896E7E388012B00D025
:1054500019E608223B785046934308A93B7000F0B8
:10546000E5FB93E50220397806AB9A1C8B06890888
:10547000DB0F01400B4359E7A37901931A007B78B6
:105480009A4207D07B78002B00D01EE1019B002BB5
:1054900000D0B3E0019B504608A97B7000F0C6FB2A
:1054A00074E57B7806AA023213705046012308A9DE
:1054B00000F0D4FB6AE5E088030AC0B20F2B00D9E4
:1054C000E1E54C499A008A58974608A800F034FC58
:1054D0005046A179FFF700F902223B7813433B7055
:1054E00054E5E388012B00D0CDE508223B785046F7
:1054F000134308A93B7000F099FB47E5022B00D14C
:1055000094E13D4B002B00D1BDE500E000BF02005F
:10551000002A00D1B7E5D37891781B020B4350469F
:1055200008A900F09BFBA1E62F4B3148019378E7D7
:10553000E288002A09D14346012B3DD0009BFB188D
:105540005D193035EB789B072AD5019D002D00D1E0
:105550001CE5EB681800009300F0E8FBEB68002105
:1055600008AA50469847002000F0E0FB3423FB5C7B
:10557000DB0700D50AE51BE71C4A5D00EB18156840
:10558000DB00ED18002D00D17DE5E8682AE706ABC9
:105590009A1C5046012308A9157000F05FFBF5E442
:1055A0005046FFF743FA0222EB7813430122EB70D7
:1055B000EB781343EB70C8E7009BFB185D1930359F
:1055C000EB789B07C1D55046FFF74CFA4A46EB787B
:1055D00093434246EB70EB789343EB70B5E7C046DC
:1055E000A541001046260020D07A0010E81A0020BD
:1055F00059610010907A001000000000581EC0B2DF
:10560000FEF718FF002800D13DE543780493022BF4
:1056100000D038E50121C3799A115B110A400B4093
:1056200052011B0113433A782F318A4313433B70D5
:1056300009239946C37882781B021343C318814417
:105640000393039B4B4500D8E9E04B4601225B786E
:1056500000920B2B07D14B46DB7800934B461B780F
:1056600099444B465B78042B00D00CE54A46039BDB
:1056700000259B1A9BB202936E4A6F4B1B78002A3F
:1056800016D162E0AB4271D16C4A6D4B90464946EF
:105690005046029A98478446082802D9029A8242C4
:1056A00069D2654B01351B78EDB2AB4200D2EAE41A
:1056B000AB42E7D9634A6B0012685B199046DB0086
:1056C0009844434605929B68E1E75046FFF73EF950
:1056D000BB78594D574A009300212B78002A2DD0D2
:1056E000584A90462A000D0091469D421DD300D095
:1056F000A0E5554B504698474B4601351B78EDB217
:10570000AB42F2D2532200213800FEF7DBFA10221E
:10571000FF21F81CFEF7D6FA38002022FF211330B3
:10572000FEF7D0FA009BBB70B0E6424612686B00F1
:1057300094465B19DB0063445B68DBE7504600F08E
:1057400083FC2B78002BDDD074E5029B49461A00C0
:105750005046984600F08EFC8446082801D9404502
:1057600007D9354B1B78002B00D18CE400239B68B4
:10577000FFDE324B9846009B012B48D0009B002B4C
:1057800010D04B469978002305E0D5700133009A7C
:10579000DBB2934206D2CA18D2B2BA18D078FF2828
:1057A000F3D070E43800E0462B00494662461330DF
:1057B00000F02EFE204BC1441B78AB4200D340E7E3
:1057C00061E4224B002B00D15DE400E000BF020049
:1057D000A1E6FEF72BFE1223020008A9504600F0B6
:1057E0003DFA43E51A4B002B00D14CE400E000BF2A
:1057F000021E00D147E45046137808A900F02EFAA3
:1058000034E52189FEF71AFE021EF4D13BE442463C
:105810000B4B92689A42B4D1049B0093B1E70D4BB5
:10582000002B00D136E600E000BF33E6FEF702FEB3
:1058300002006DE6A541001046260020D07A001037
:1058400075600010E81A0020496000100000000098
:10585000000000000000000030B587B005000C001B
:105860000C2200216846FEF72DFA6B461D705C7015
:10587000042C4FD009D8022C34D0032C19D13C4B26
:105880001A78520758D407B030BD052C11D1384BC7
:105890001A78D207F7D504211A788A431A70354B43
:1058A0001C68E269EFF3108172B61368002B09D10E
:1058B000FBE7304B1C68E269EFF3108172B61368A6
:1058C000002BFCD0BFF35F8F21626946200000F0FF
:1058D000E5FEE269236ABFF35F8F0021116083F365
:1058E0001088D0E70121224B1A788A431A701A785F
:1058F0000331A2431A7000225A701A788A431A7030
:105900001C4B1C68E269EFF3108172B61368002B20
:10591000D8D1FBE7164B1A78D207B4D504211A78F0
:105920000A431A70134B1C68E269EFF3108172B6D8
:105930001368002BC6D1FBE704211A7803A88A4319
:105940001A7000210C22FEF7BDF96B466A461D73E2
:1059500005235373074B1C68E269EFF3108172B69D
:105960001368002BFCD0BFF35F8F216203A9ADE762
:10597000201E0020781E002070B584B001AC060007
:105980000D000C2200212000FEF79CF9012363701A
:105990000D4B25711D682670EA69EFF3108372B60E
:1059A00011680029FCD0BFF35F8F2B622100280013
:1059B00000F074FEEA692B6ABFF35F8F002111606B
:1059C00083F3108804B070BD781E0020002330B52A
:1059D00085B001AD6B8028700633082202A86B7079
:1059E000FEF776F90C4B1C68E269EFF3108372B690
:1059F00011680029FCD0BFF35F8F236229002000CB
:105A000000F04CFEE269236ABFF35F8F0021116052
:105A100083F3108805B030BD781E0020F0B5C6466F
:105A2000804600B584B001AC0F00160000210822AA
:105A300020001D00FEF746F94346237007236370DC
:105A40000F4B65711D682771A660EA69EFF310833B
:105A500072B611680029FCD0BFF35F8F2B62210062
:105A6000280000F01BFEEA692B6ABFF35F8F00215C
:105A7000116083F3108804B080BCB846F0BDC04606
:105A8000781E0020F0B54646D6464F468046C0B543
:105A90000C0015001E00002A2ED070239946184BCA
:105AA00000279A466378052B0FD1E1788907890F83
:105AB000B1420AD14A46A3781A4206D15346200081
:105AC000997800F069FC002805D10020E0BCBA46B6
:105AD000B146A846F0BD21004046FEF7BFFE0028B3
:105AE000F3D0A378DA09012A08D0089A1370237832
:105AF0000137E418AF42D5DB0120E7E7099AF5E763
:105B0000201E0020702270B58B7805000C001A4210
:105B100001D0002070BD064B2000997800F03CFCBD
:105B20000028F6D021002800FEF798FEF2E7C046D4
:105B3000201E002070B57F240C406300144CC9095E
:105B4000E41864183034E378DB07DD0F002B18D13C
:105B5000E3785B0701D5280070BD01210D4E494255
:105B6000306801F0E1FCE378DB07DD0F002B0AD1A0
:105B7000E3785B0708D40422E37801251343E3703C
:105B800002E00025E7E70025306801F0ADFCE2E720
:105B9000201E0020741E002070B50C0001210F4D46
:105BA0004942286801F0C0FC7F2121404B000C498C
:105BB000E409C91809193031CB780024DB0708D46F
:105BC000CB785B07DC0F002B03DA0422CB789343FE
:105BD000CB70286801F088FC200070BD741E002086
:105BE000201E002070B57F250F4C0D406D006419FC
:105BF0000600C80924183034E5780020ED0700D5E8
:105C000070BD0125E0782843E0703000FEF7FCFE0F
:105C10000028F5D10122E3789343E370E37803325F
:105C20009343E370ECE7C046201E002070B50A4E97
:105C30000500300008220C00FEF74AF800237F21FF
:105C4000F3602278B36091425B412800D9010022C1
:105C50000023FFF7C7FF70BDC41D0020F8B5CE4676
:105C6000474691462A4E80B50822070030000D00B5
:105C70009846FEF72DF84B46B3600023F381EC798C
:105C8000A97924020C43231C444500D943469AB207
:105C90009046B381002C13D0002A1FD04B46002B16
:105CA00034D0131C402A1FD89BB2984633787F2BE0
:105CB00020D80021174A43463800FFF793FF09E038
:105CC0007F222B7838009A42644100230022E101B0
:105CD000FFF788FFC0BCB946B046F8BD33787F2BCC
:105CE00011D980210022E6E740239BB29846337801
:105CF0007F2BDED9074C424649462000FDF7E8FFDE
:105D000080212200D7E700210022D4E70020E1E72C
:105D1000C41D0020E01D002010B5142200210248FF
:105D2000FDF7D0FF10BDC046C41D0020014B186117
:105D30007047C046C41D002010B5054C0100082264
:105D40002000FDF7C5FF0023A360E36010BDC0463F
:105D5000C41D0020F8B53B4C1D0023780600DA096D
:105D6000C9098A4213D00020002D00D0F8BD364B5F
:105D7000002B03D021003000FEF762FD2369002BC9
:105D800044D022000221300098470120EEE77F2B0B
:105D900006D8A068002837D02A002C49FDF798FFC4
:105DA000A368E28959195219E38892B2E281A1608D
:105DB000934214D03F2D12D9A589A81A071C80B28E
:105DC00040282FD82378BFB27F2B2DD80021AA429C
:105DD00035D01E4A3B003000FFF704FFC6E72369B9
:105DE000002B05D0220001213000984700280FD059
:105DF0007F220021237830009A424941002300226B
:105E0000C901FFF7EFFEB1E70020AFE70120ADE7E2
:105E100000213000FEF70AFE30008021FEF706FE6A
:105E20000120A3E74027CDE7AA4207D0074C3A005C
:105E30002000FDF74DFF80212200CBE780210022CA
:105E4000C8E7C046C41D002041480010E01D0020E6
:105E500010B50400FFF708F8002801D1002010BD9C
:105E6000FFF70AF80028F9D1B62080004443034820
:105E70000019037901201840F1E7C046EC1A002010
:105E8000B6239B00584310B5024B1030C01800F0E9
:105E900011FB10BDEC1A0020F0B5B625AD0045434E
:105EA0002C00C646174F1034E41900B5200092B2FA
:105EB00000F074FB0600200000F014FB3F2803D81C
:105EC000300080BCB846F0BD7B190020D9789846D8
:105ED000FFF730FE0028F3D0200000F003FB3F283E
:105EE0000AD996239B00EA184346D219D978002094
:105EF0004023FFF777FEE3E743460020D978FFF71A
:105F00004BFEDDE7EC1A0020F8B50400FEF7ACFF0D
:105F1000002801D10020F8BDFEF7AEFF0028F9D11E
:105F2000B620800044432500144E2C35AD192800BE
:105F300000F0C0FA0028EDD037190020B978FFF73B
:105F4000F9FD0028E6D0A6239B009C466444A419D2
:105F500021002800402200F021FBB978051E08D05E
:105F6000030022000020FFF73DFE0028D2D02800C9
:105F7000D1E70020FFF710FECCE7C046EC1A002066
:105F800070B5B624A4004443094B2C34E418050032
:105F900092B2200000F0C0FB0600200000F08AFA58
:105FA0003F2801D8300070BD2800FFF7ADFFF9E7AA
:105FB000EC1A0020B6239B00584310B5024B2C303E
:105FC000C01800F08FFA10BDEC1A0020B622F0B510
:105FD0001B4C83B0002120009200FDF773FEFF23CD
:105FE0006371184B80260025E380012708232100D8
:105FF0002000760023733200278148310095073B4B
:10600000103000F01BFA2100200049313200FF312E
:10601000012300972C3000F011FA92239B00E61820
:106020003000FBF74BFC94239B00A662E61830007F
:106030006562FBF743FC2664656403B0F0BDC046AF
:10604000EC1A002000C2FFFF10B5094C0522002108
:106050002000FDF737FE20002C34103000F0DCFB70
:10606000200000F0D9FB0121200000F0FBFB10BD57
:10607000EC1A0020F0B54B79060083B0022B02D158
:106080008B79022B03D00025280003B0F0BD2F4FE1
:10609000BB78002BF7D18B7809253B700C780C1955
:1060A0006378242B0BD1082A02D80FE0AA420DD323
:1060B0002378E418ED186378ADB2242BF6D0052BC5
:1060C00020D0042B02D163790A2B2ED0204C200043
:1060D00000F008FA3F28D7D92600103E0020F178BA
:1060E000FFF728FD0028CFD0200000F0FBF93F2863
:1060F00016D992239B00E218F17840230020FFF785
:1061000071FDC1E721003000FFF7FCFC0028BAD088
:10611000A3787B702378ED18E4186378ADB2D0E7EC
:10612000F1780020FFF738FDAEE70A4B277801939E
:1061300001330093022202233000E119FFF7A2FC91
:106140000028A0D00E35ED19ADB2BFE7EC1A002043
:10615000FC1A0020EE1A0020F8B560231400127813
:10616000050013400020202B12D12F4A6379277994
:1061700016781B023B439E420AD16378222B27D01C
:1061800007D8202B17D0212B02D100293DD0012088
:10619000F8BD232BFCD100293FD00229F7D1234B96
:1061A000002BF4D0E178A37809020020194300E025
:1061B00000BF0120ECE7002927D00229E7D11C4BC2
:1061C000002BE4D00020911DFDF7F2FF0120DFE756
:1061D000002922D00229DAD101252E00A378E47803
:1061E000013924021C43147126402C3210007140E6
:1061F00000F038FB0F4B002BC9D0620800203100A3
:106200002A4000E000BF0120C2E707232100280048
:10621000094AFFF723FD0120BAE721002800FFF714
:1062200005FD0120B4E7C046EC1A00200000000084
:10623000B141001000000000F21A0020F8B55746E6
:106240004E464546DE46E0B5494F8046FA780C009A
:106250001E008A4264D19AB296239B00FD18102337
:106260009B46BB442900584600F056FA414BD9469C
:10627000002B18D07B79D946FF2B14D0002E12D0DA
:10628000AA19924603E0013555450CD07B792A784E
:106290009A42F8D1484600F01DF90028F3D17979E7
:1062A00000E000BFEFE7344B002B04D0484600F07D
:1062B00011F9002852D0484600F014F93F2834D88C
:1062C0004A46103A9378A34207D001242000F0BC3C
:1062D000BB46B246A946A046F8BD284B002B02D0CB
:1062E000002000E000BF0020FFF70EFE0028ECD1E8
:1062F000234D280000F0DEF80028E6D1002EE4D07F
:10630000B306E2D12C3D4046A978FFF713FC041EEA
:10631000DBD0002300224046A978FFF763FCD5E7D5
:10632000BB788B42D9D00024D0E74D46103D0020E9
:10633000E978FFF7FFFB002801D1AB78C3E74846B7
:1063400000F0D0F83F280CD9922292004023002080
:10635000E9784A44FFF746FCAB78B4E700E000BFB9
:10636000A9E70020E978FFF717FCAB78ABE7C04658
:10637000EC1A0020000000000000000000000000F7
:10638000181B002010B50020FEF784FD10BDC0468C
:1063900010B5FEF779FD10BD072210B544790379D9
:1063A000224012021A43C3789B079B0F022B05D091
:1063B000032B15D00020012B08D010BD02291CD0C2
:1063C0000020402393424041C0B2F6E702394B42DD
:1063D00059410D4B9C46614491424041C0B2ECE7AB
:1063E00002394B425941F023002049429B00194099
:1063F000403191424041C0B2DFE7044B9C466244C9
:1064000053425A41D0B2D8E7FF03000000FEFFFF1D
:10641000F0B5002A11D000247F274D78052D06D134
:106420003D008E7835406D00F6094519AB550D7865
:106430006419A4B24919A242EFD8F0BDF0B5C6461E
:1064400000B5150006AA1E001378802204000F0074
:106450009846120295422AD84069002803D00121AB
:10646000494201F061F8A069002803D001214942A6
:1064700001F05AF84346A5806D00ADB223726B1E41
:10648000A381002360696D42E3812760E680658116
:106490002382002801D001F027F8A06901240028F8
:1064A00001D001F021F8200080BCB846F0BD0024E6
:1064B000F9E7C046C189028A8B1A9BB2914202D287
:1064C00042899B1A9BB28288101C9A4200D9181CE0
:1064D00080B270470300C0891B8AC01A43425841EA
:1064E000C0B2704710B5C489018A8388621A92B21B
:1064F0008C4202D24089121A92B2981A80B210BD10
:1065000070B5040080690E00002803D001214942C3
:1065100001F00AF8E189228A88B28D1A93B2ADB2ED
:10652000914202D26289AD1AADB2A288AA4207D2C4
:10653000904225D261895118411A89B215002182F1
:10654000002D02D122E09B1A9BB29A42FBD9E2882D
:10655000216853433000C918FDF7BAFB228A012590
:10656000531C9BB29A4214D9002362899B189BB298
:10657000A0692382002801D000F0B6FF280070BD7A
:10658000811AA58989B28D42D8D2D3E70025238A02
:106590009BB2A2899A42EBD2E7E7C046F0B54F46DC
:1065A0004646D6460500806988469146C0B5002813
:1065B00003D00121494200F0B7FFEA892B8A91B24A
:1065C000D61A9CB2B6B29A4202D26B89F61AB6B209
:1065D000AF88B74209D2B94254D26B89FB18CB1AA3
:1065E0009BB23E002B822C8AA4B2002E50D04B4688
:1065F000B14545D89EB2A74203D8E41BA4B2A74236
:10660000FBD9EB88381B190099462B6861439C46DF
:1066100080B26144864225D94B46584383B21A0062
:1066200040469A46FDF754FB4B464046F71BE4199B
:106630005C432968A2B25044FDF74AFB2A8A9319A9
:106640009BB29A4218D96A899B189BB2A8692B827F
:10665000002801D000F048FF3000E0BCBA46B14647
:10666000A846F0BD4A4640467243FDF731FB2A8AF0
:1066700093199BB29A42E6D8AA899A42E6D2E2E7F7
:10668000331CB7E7CB1BAA899BB29A42A9D2A4E7D5
:106690002B8AAA899BB29A42D8D2D4E7F8B50400D3
:1066A00040690E00002803D00121494200F03CFF60
:1066B000E289218A95B2531A9BB2914202D962892A
:1066C0009B1A9BB2A2889A4221D02B00954203D3F9
:1066D0009B1A9BB29A42FBD9E28821685343C8189F
:1066E0003100FDF7F5FA6B1C9BB29D420BD9628914
:1066F0009B189BB260690127E381002801D000F05C
:10670000F3FE3800F8BDA2899A42F3D2EFE7277A68
:10671000002FDAD1F5E7C046F8B545464E46DE46CD
:1067200057468846E0B50500161E5AD04069002835
:1067300003D00121494200F0F7FEEF892B7A298A24
:10674000BFB289B2002B3BD17A1AAB8892B28F428A
:1067500002D26989521A92B29A1A111C92B2B242AA
:1067600053D8EA888EB29246F21A92B291463C0011
:106770009F4203D3E41AA4B29C42FBD250462A683B
:10678000604394461B1B9BB2524660449E422AD8EB
:1067900041467243FDF79CFAF3199BB29F421CD805
:1067A000AA899A4219D36869EB81002801D000F0C8
:1067B0009BFE3000F0BCBB46B246A946A046F8BDE1
:1067C000EA88AB8892469E4221D3F61A56430022AD
:1067D000B0440F001E009146C9E76A899B189BB21E
:1067E000E1E70026E5E753439BB21A0041469B468A
:1067F000FDF76EFA2200534641464A445A43286840
:1068000092B25944FDF764FAC6E7311CA9E7F21ABF
:1068100092B29146ABE7C04610B50400406900282B
:1068200003D00121494200F07FFEA069002803D077
:106830000121494200F078FE0023E3812382A388EE
:1068400060695B009BB25A1E5B42A2816381002893
:1068500001D000F049FEA069002801D000F044FEFC
:10686000012010BD70B5040040690D00002803D060
:106870000121494200F058FEA069002803D00121FF
:10688000494200F051FE60692572002801D000F0F5
:106890002BFEA069002801D000F026FE012070BD6B
:1068A00010B5024800F0D8F810BDC04608250020F9
:1068B00030B54B1E012900D1A7E0664A11780D11B1
:1068C0002C0030349F2900D9A2E00470012B00D1A4
:1068D000BEE00F21147821400C003034092900DD7E
:1068E00098E04470022B00D1B2E0547825112900C1
:1068F00030319F2C00D990E08170032B00D1A7E0AC
:106900000F2121400C003034092900DD87E0C470DC
:10691000042B00D19CE094782511290030319F2C64
:1069200000D97FE00171052B00D191E00F212140BA
:106930000C003034092900DD76E04471062B00D1CB
:1069400086E0D4782511290030319F2C00D96EE0E3
:106950008171072B00D17BE00F2121400C003034E6
:10696000092966DCC471082B00D171E01479251166
:10697000290030319F2C5FD80172092B68D00F217C
:1069800021400C003034092958DC44720A2B5FD0B6
:1069900054792511290030319F2C52D881720B2B4C
:1069A00056D00F2121400C00303409294BDCC47231
:1069B0000C2B4DD094792511290030319F2C00D912
:1069C000073101730D2B43D00F2121400C003034CF
:1069D000092901DD37310C0044730E2B38D0D179F1
:1069E0000C11220030329F2900D9073282730F2BFD
:1069F0002ED00F220A4011003731092A01DC303233
:106A00001100C173102B23D010300023037030BD50
:106A100007345AE737310C0063E707316CE7373149
:106A20000C0074E707317DE737310C0085E707314B
:106A30008EE737310C0095E707319DE737310C00C1
:106A4000A3E70731AAE737310C00C4720C2BB1D190
:106A5000C018DAE70825002030B5002589B0040009
:106A60000922002101A80095FDF72CF90922002137
:106A700005A80495FDF726F94B236A46684613706E
:106A800004A90D2200F028FD1521082220006944E8
:106A9000FDF71EF909B030BDF8B557468246384BB0
:106AA000454653445A425341802292029446DE4660
:106AB0004E465B421B0C334A1B046344E0B5136033
:106AC000314A0D003149136018008A6890438146AD
:106AD000FAD10620FBF716F9804680200221EF0D3F
:106AE0006E02AB0DAA02400005E0904507D3921953
:106AF0007B4181423FD00C000231002BF5D0802633
:106B000027023F1B760002E03F1B012E35D03900E3
:106B10004046B346013EFCF7FFFC8542F4D259469D
:106B200033029946614353464A461C611B685046EE
:106B30005340FF221202134080225201024313608D
:106B4000036807205840CF23034013605246802338
:106B500003209B0124321A4310605246101D184333
:106B6000022303604046FCF7D7FCF0BCBB46B246AC
:106B7000A946A046F8BD0C00C1E72100D3E7C046F6
:106B80000040FCBF00E0004000F0004000C00040BA
:106B9000002070477047C046F0B5CE46474680B5E6
:106BA00083B06B46591D13230B700D3B6B44994604
:106BB00001254A46002313702B00C268D02793405A
:106BC0003F06BB610C4B040001221800984600F000
:106BD000B3FC6B46DE1D320001234946404600F0FF
:106BE000B3FCE3689D407D613078E369C01A03B06F
:106BF000C0BCB946B046F0BD00C00340F0B5C646C3
:106C000000B503682A4A1B69040082B093424AD146
:106C10006B46591D13230B700D3B6B4498460125A1
:106C20000023424613702B00C268D02793403F06D2
:106C30000122BB611F4800F07FFC6B46DE1D320065
:106C4000012341461B4800F07FFCE3689D407D61C5
:106C50003078E369C01A002827D0E369062201339F
:106C6000E3616B460125591D00236A440B701370C4
:106C70002B009046E268D02793403F060122BB617B
:106C80000C4800F059FC6B46DE1D320001234146E2
:106C9000084800F059FCE3689D407D61307802B0FF
:106CA00080BCB846F0BD9847D5E701204042F6E7E2
:106CB000996B001000C00340F0B5DE4657464E46C3
:106CC0004546E0B585B002AB5F1D22233B7002ABA9
:106CD0009E1D0125002333702B000C00C16800921B
:106CE0008B40D02109068B6181469346884601225C
:106CF0003900314800F020FC02AA9446072363447F
:106D00009A463100012352462B4800F01DFC4B46A9
:106D1000DB6841469D404D615146DC4609782A00BA
:106D20008C4460460190FF2803D9FF20411A00914E
:106D30000190009900291FD001228B469046A34460
:106D40002278D0253270424680219A402D06397033
:106D500019483900AA61012200F0EEFB01235246D6
:106D60003100154800F0F0FB4B464246DB68013429
:106D70009A406A615C45E3D1A223D0243B70019B19
:106D8000240633703900A2610B48012200F0D4FBC5
:106D9000524601233100084800F0D6FB4B46DA6822
:106DA000012393400098636105B0F0BCBB46B24636
:106DB000A946A046F0BDC04600C00340F0B5C64697
:106DC00000B50368434A1B69040082B0934200D0B7
:106DD0007AE06B46591D13230B700D3B6B449846AC
:106DE00001250023424613702B00C268D027934030
:106DF0003F060122BB61384800F09EFB6B46DE1D5A
:106E0000320001234146344800F09EFBE3689D4078
:106E10007D613078E369C01A002857D001266A46A0
:106E20000D230027537133009771E268D0259340FA
:106E30002D06AB616B460122591D274800F07CFBF3
:106E40006A466946012307320631234800F07CFB7D
:106E50003300E268204893406A466B61D2799046DD
:106E60006A4657719771AB616B460122591D00F05C
:106E700063FB6A466946012307320631164800F073
:106E800063FB3300E268694693406A466B61D779D9
:106E90008D224A716A4641469171AB616B4601226F
:106EA000591D0D4800F048FB6A46694601230A480F
:106EB0000732063100F048FBE36838009E406E61FF
:106EC00002B080BCB846F0BD9847A5E7012040421B
:106ED000F6E7C046996B001000C00340F0B5CE46FF
:106EE000474680B585B06B46D9710368374A5B6801
:106EF0000400934263D16A462223537300239373A1
:106F0000C268013399469340D022120693610D2343
:106F10006B44190090460F2701222D4800F00CFB0E
:106F20000E216F4401233A002948694400F00CFB0C
:106F30004B46E26800269340424653613D78FF2D60
:106F40001ED169468D73D025A2222D064A73AB61EE
:106F50000D236B44190001221D4800F0EDFA0E21AB
:106F600001233A001A48694400F0EEFA0123E2686E
:106F700093406B61300005B0C0BCB946B046F0BD6F
:106F80006A466846D2798021827342464173936192
:106F90000D236B44190001220D4800F0CDFA0E219B
:106FA00001233A000A48694400F0CEFA4B46E268F1
:106FB0000135934042464E465361EDB2C1E7694602
:106FC0000122073198470600D4E7C046B96C00108B
:106FD00000C00340F0B54E46DE4645465746E0B594
:106FE0000126040085B0C0688946F9F7C5F9330069
:106FF000E268D025934020692D066B626B61431CCB
:107000000FD0F9F7B9F9330022690A2093406B6277
:10701000AB61FAF7A5F823690A209E406E61FAF782
:107020009FF8B549B548FFF737FD01211020F9F762
:107030008BF901211220F9F787F901211320F9F7C3
:1070400083F90820F9F798F9D02580232D065B00F5
:107050006B626B6102AB5F1D42233B7002AB9E1DF6
:107060000023E268337001339846934039000122CF
:10707000AB61A24800F060FA02AA01233100073296
:107080009E4800F061FA4346E2680021934002AA5C
:107090006B61D2798A46122A07D0504605B0F0BCFF
:1070A000BB46B246A946A046F0BD6F323A70934641
:1070B000013A32703900AB617F3A904800F03CFAF7
:1070C00002AA0123310007328C4800F03DFA434602
:1070D000E26893404A46D1170193C9046B61530B90
:1070E000A2611943D0040023854AFCF757FA86238E
:1070F0003B70030C3370019B814601223900AB6168
:107100007E4800F019FA02AA0123310007327B48B9
:1071100000F01AFA4346E2683900934087226B6117
:107120003A704A46120A327074480122AB6100F08C
:1071300003FA02AA012331000732704800F004FA72
:107140004346E2683900934088226B613A704A46B0
:107150006A4832700122AB6100F0EEF902AA012305
:1071600031000732654800F0EFF94346E268390024
:1071700093408E226B613A705246604832704246AC
:10718000AB6100F0D9F902AA0123310007325B4854
:1071900000F0DAF94346E268390093408F226B61D0
:1071A00091463A705246554832704246AB6100F003
:1071B000C3F902AA012331000732504800F0C4F994
:1071C0004346E268390093400C226B613A705246A4
:1071D0004A4832704246AB6100F0AEF902AA012380
:1071E00031000732454800F0AFF94246E3688C2190
:1071F0009A406A613970032102ABDB793F480B4347
:1072000033703900AA61012200F096F902AA012325
:1072100031000732394800F097F94346E2683900F7
:107220009340A6226B613A70A23A32703348AB6148
:10723000033A00F081F902AA0123310007322F48F6
:1072400000F082F94346E26839009340CD226B6139
:107250003A70493A32702948AB61833A00F06CF9D0
:1072600002AA012331000732244800F06DF9434699
:10727000E268390093408B226B613A70603A327059
:107280001E48AB612A3A00F057F902AA01233100E7
:1072900007321A4800F058F94346E2683900934033
:1072A00089226B613A704A4614483270AB618E3A5B
:1072B00000F042F902AA0123310007320F4800F022
:1072C00043F94346E268390093405A466B610B48E4
:1072D0003A703270AB61803A00F02EF902AA0123B5
:1072E00007323100054800F02FF94246E3689A4022
:1072F00001236A619A46D0E6D430000000C0034002
:107300000048E801F0B557464E46DE464546E0B532
:1073100083B06B465F1D9E1DDD1D184B81469B464D
:10732000012300249A4600234A4633705346D2680C
:107330003C709340D022120693619046390001229E
:107340000F4800F0F9F801232A0031000C4800F042
:10735000FBF84A465346D2682100934042465361A7
:1073600058462A780134FCF7BDFE802CDBD103B0EF
:10737000F0BCBB46B246A946A046F0BDE87A001074
:1073800000C0034009490A4B08311960094900222D
:1073900099600821D9600131196102395A60596137
:1073A0009A61DA611A625A629A627047FC7A001036
:1073B000BC1A002000C00340062010B500F004F8FD
:1073C0000120FAF71FFBC046164B70B504001D687C
:1073D0001F2821D8B7239B00EB58002B0DD082002B
:1073E0009B181A68002A08D0012A13D0511C0DD00E
:1073F000002119609047002070BD280000F028F897
:1074000022000100280000F00FF8F5E71623012004
:107410002B60F1E70020EFE7162301202B604042AC
:10742000EAE7C04640140020002370B5074D040071
:10743000080011002B6000F045F8431C00D070BD1F
:107440002B68002BFBD02360F9E7C046E420002026
:1074500010B500F02FF810BD10B583070AD0030057
:10746000032102E001330B4205D01A78002AF9D13A
:10747000181A10BD030019680C4A0D4C8A188A436B
:1074800022420FD15968094A04338A188A4322429A
:1074900008D15968054A04338A188A432242F1D038
:1074A00000E001331A78002AFBD1E1E7FFFEFEFE7F
:1074B0008080808058220120014B40421A60704732
:1074C000E420002058220120014B40421A607047FE
:1074D000E4200020F8B5C04601B40248844601BC4F
:1074E000604700BF8D02002001B40248844601BC01
:1074F000604700BFED01002001B40248844601BC92
:10750000604700BF1104002001B40248844601BC5A
:10751000604700BF1104002001B40248844601BC4A
:10752000604700BF0901002001B40248844601BC45
:10753000604700BF4D01002001B40248844601BCF1
:10754000604700BFC503002001B40248844601BC67
:10755000604700BF5103002001B40248844601BCCB
:08756000604700BFC1000020DC
:107568004C6F52612044756D702052656769737461
:10757800657273004C6F526120696E697420666190
:10758800696C65642E20436865636B20796F75723A
:1075980020636F6E6E656374696F6E732E000000F2
:1075A8004E6F207370696E6C6F636B7320617265C8
:1075B80020617661696C61626C6500004E6F2075B0
:1075C800736572204952517320617265206176613A
:1075D800696C61626C65000048617264776172650C
:1075E80020616C61726D20256420616C7265616434
:1075F8007920636C61696D65640000000A2A2A2A93
:107608002050414E4943202A2A2A0A000A00000035
:10761800486172642061737365727400666E6900F4
:10762800666E692B000000006E616E00666E692D43
:1076380000000000C82900107E2900107E290010D3
:10764800C02900107E2900107E2900107E29001014
:107658007E2900107E2900107E2900107E29001046
:10766800B82900107E290010B02900107E290010CA
:107678007E290010A82900107A2B0010DA290010A2
:107688006E2B0010DA2900108A2B0010DA2900105E
:10769800DA290010DA290010DA290010DA29001096
:1076A800DA290010DA290010D0290010DA29001090
:1076B800DA290010DA290010DA290010DA29001076
:1076C800D0290010D02B00103A2900103A290010B8
:1076D8003A2900103A2900103A2900103A290010D6
:1076E8003A2900103A2900103A2900103A290010C6
:1076F8003A2900103A2900103A2900103A290010B6
:107708003A2900103A2900103A2900103A290010A5
:107718003A2900103A2900103A2900103A29001095
:107728003A2900103A2900103A2900103A29001085
:107738003A2900103A2900103A2900103A29001075
:107748003A290010FE2D00109C2B0010FE2D001071
:107758003A2900103A2900103A2900103A29001055
:107768003A2900103A2900103A2900103A29001045
:107778003A2900103A2900103A2900103A29001035
:107788003A2900103A2900103A2900103A29001025
:10779800822A00103A2900103A2900103A290010CC
:1077A8003A2900103A2900103A2900103A29001005
:1077B8003A2900103A290010822A0010E42B001000
:1077C800822A0010FE2D00109C2B0010FE2D0010A8
:1077D8003A290010822A00103A2900103A2900108C
:1077E8003A2900103A2900103A290010822A00107C
:1077F8000E2D00103A2900103A290010502C0010C4
:107808003A290010822A00103A2900103A2900105B
:10781800822A001000000000000000000000F03F75
:107828000000000000002440000000000000594053
:107838000000000000408F40000000000088C340A6
:1078480000000000006AF8400000000080842E411B
:1078580000000000D01263410000000084D7974167
:107868000000000065CDCD416D697373696E6720B6
:10787800646F75626C652066756E6374696F6E00FF
:1078880052656C6561736500626F6F74325F773241
:107898003571303830000000312E342E30000000B1
:1078A8007069636F5F7700004C6F526144756D704B
:1078B80052656769737465727300000041707220C5
:1078C800203120323032330006005250BBFF3CB624
:1078D800A878001006005250E182887F9078001046
:1078E80006005250D3F07542887800100D0A000047
:1078F80005410010094100101541001041410010D8
:107908003D41001000000000555342207374646923
:107918006E202F207374646F757400000600525037
:1079280053B4F4A1107900105261737062657272D9
:1079380079205069000000005069636F0000000062
:10794800426F6172642043444300000052657365CE
:107958007400000009025400030100807D080B0038
:1079680002020200000904000001020200040524CA
:107978000020010524010001042402020524060058
:10798800010705810308001009040100020A00002C
:1079980000070502024000000705820240000009B6
:1079A80004020000FF00010512010002EF0201407D
:1079B8008A2E0A00000101020301000000000000F5
:1079C80030790010407900103026002048790010E6
:1079D80054790010556E68616E646C656420495274
:1079E8005120307825780A00657020256420257399
:1079F8002077617320616C726561647920617661BA
:107A0800696C61626C65000043616E277420636F66
:107A18006E74696E75652078666572206F6E206970
:107A28006E6163746976652065702025642025730E
:107A3800000000006F757400696E00008C4F001024
:107A4800885100101A510010CE500010B05000108C
:107A5800985000102C500010DA4F0010CE4F001034
:107A6800645400104A54001086500010E25400106C
:107A780086500010CA540010B654001086500010EA
:107A8800A25400107854001086500010D2570010ED
:107A9800FC54001002580010865000108650001048
:107AA800E4570010FC540010865000108650001057
:107AB8008650001086500010865000108650001026
:107AC80086500010C2570010CD5F001049600010AA
:107AD80075600010596100103D6200100000000040
:107AE800307825783A20307825780A005350492094
:107AF800435300000000000000000000DD6E00108D
:107B0800B96C0010916B0010956B0010996B001008
:107B1800FD6B0010BD6D0010080052500A38A50416
:0C7B28000900525000010000F47A001027
:107B340080020181B0B0AB300000000080010181FF
:107B4400B0B0AB100000000080040181B0B0ABF015
:107B54000000000080010181B0B0AB100000000003
:107B640080040181B0B0AB300000000080040181CA
:107B7400B0B0ABF00000000080020181B0B0ABF007
:107B84000000000074B20181B0AB3080000000003E
:107B940080080181B0B0ABF0000000003F02018119
:107BA400B0AB30800000000080060181B0B0ABF0C3
:047BB40000000000CD
:107BB8005487FF7FB0B0A8808887FF7F010000004E
:107BC800D0EFFF7F68FFFF7F2CF0FF7F6CFFFF7F08
:107BD800E0F0FF7F70FFFF7FDCF1FF7F74FFFF7F26
:107BE800F4F2FF7F78FFFF7FE4F3FF7F7CFFFF7FE6
:107BF8000CF7FF7F80FFFF7F84F7FF7F0100000005
:107C0800C088FF0FB0A902805489FF0FB0B0A880C8
:107C1800A889FF0F01000000B489FF0FB0B0AA8047
:107C2800E889FF0F5CFFFF7FB08AFF0F01000000AB
:107C3800AC8AFF0FAA3F3980F88AFF0FB0B0A8803E
:107C4800048BFF0FB0B0AA80448BFF0FB0B0A880A0
:107C5800588BFF0F01000000548BFF0FB0B0A880B5
:107C68005C8BFF0F01000000EC8BFF0FAA0FB280A6
:107C7800548CFF0F18FFFF7F388FFF0FB0B0A8801C
:107C8800548FFF0F14FFFF7FB491FF0F0100000016
:107C98002493FF0F008404803493FF0FB0B0A880B2
:107CA8003493FF0F00FFFF7F1C96FF0F00840480B2
:107CB8003C96FF0FB0B0A8805496FF0F010000005B
:107CC800B4020010A80200109C020010D078001026
:107CD80090020010DC780010E8780010207B00107B
:087CE800287B00102479001034
:107CF000D02330B500251B0600245D5706E003683D
:107D0000BFF35F8F1C6081F3108820BF0268EFF320
:107D1000108172B61368002BFCD0BFF35F8F03791C
:107D20007F2BECD905710368BFF35F8F00221A60C7
:107D300081F3108830BDC04603000068EFF3108C5B
:107D400072B60268002AFCD0BFF35F8F04229A56F5
:107D5000002A0BDB00290FD000200A601B68BFF34C
:107D60005F8F00221A608CF310887047D0221206B1
:107D7000126801201A71F1E70020EFE7F0B5C6465E
:107D800000B582B00C00070001F0EEF8FA220023E3
:107D90000090019120009200002101F0D5F8009A96
:107DA000019B14001D0024184D41AB422FD82BD04D
:107DB000D0231B061B68002698460BE03B68BFF3E8
:107DC0005F8F1E6081F310882000290001F0DCF82D
:107DD000002820D13A68EFF3108172B61368002BA7
:107DE000FCD0BFF35F8F3B797F2BE7D943463B71D4
:107DF0003B68BFF35F8F00221A6081F31088012077
:107E000002B080BCB846F0BD009BA342D0D901248B
:107E10006442E517CCE70020F2E7C0460268EFF3C2
:107E2000108172B61368002BFCD0BFF35F8FFF2365
:107E300003710368BFF35F8F00221A6081F310881B
:107E400040BF7047084810B50378002B0AD1802343
:107E50000649074A5B051C68CC5004339342FAD1AB
:107E60000123037010BDC046482600204C1F00109F
:107E70000001001010B5024B0133984710BDC046F9
:107E80004C1F0020034B1A68C0239B009343024AF7
:107E9000136070470C8001400C900140054B1A683C
:107EA00080239B005340C02292001340024A13607B
:107EB0007047C0460C8001400C9001401423F0B57F
:107EC000D6464F4646469A46814618880433C0B582
:107ED00098460E001B882749140098475346070010
:107EE0001888434624491B8898475346050018883C
:107EF000434622491B8898478046FFF7A3FFB847AF
:107F0000A847FFF7CBFF002C1BD0C0212200082779
:107F1000022049053D008B6A1D4018420BD0002C01
:107F200009D0131B0D2B1FD84B461B78013C0B6649
:107F300001239C46E1442300002D0CD11343002B68
:107F4000E8D1FFF79FFFC047FFF794FFE0BCBA46B8
:107F5000B146A846F0BD002AF1D00B6E013A33704D
:107F6000130001362343EAE7002DD3D0002AD1D0F5
:107F7000F3E7C0464946000045580000464300006C
:107F8000F0B54F464646D6468946C0B50600181E8F
:107F90001BD01D001C000223984602339C46002D76
:107FA00018D02B0008334146F76839421FD0A3424E
:107FB0001DD901214B468A461B78013DB360D1444F
:107FC0002B00002C08D1002BE9D1E0BCBA46B14609
:107FD000A846F0BD002CF8D06346F7683B42DED0DF
:107FE000B368013C1370230001322B43EBE7002CF4
:107FF000F2D1D8E730B50400101E0AD00A000D18DF
:108000000221E3681942FCD013780132A360954243
:10801000F7D1E3685B0704D50421A368E36819423C
:10802000FBD11021E3681942FCD1E3685B0704D55A
:108030000421A368E3681942FBD10123236230BD08
:108040007047C04603685A0004D5802212061343C5
:10805000C01870475B005B08FAE7C046F8B55746A2
:108060004546DE464E469046E0B50700002924D03E
:108070004B1E9A46994600239B465B464B44DC0FB9
:10808000E4186410E5007E193000FFF7DBFFA2451D
:108090000CD040450CD8280008303818FFF7D2FF24
:1080A000013840450AD2631C9B46E6E7404505D9A6
:1080B000A34502D0631E9946DFE700263000F0BCDE
:1080C000BB46B246A946A046F8BDC04603000128FB
:1080D00005D0022807D00020002B02D070470348AB
:1080E000FCE70348FAE70348F8E7C046C50B002061
:1080F000B90B0020D10B002030B5234B050083B015
:108100008C1E002B26D0200001A900E000BF002813
:108110001CD001992200FFF7A1FF041E16D0FFF723
:1081200091FF6368A864012B2AD0201D002B23DB5C
:10813000FFF788FF0023E8642B650368002B0FDB43
:10814000FFF780FF2861002003B030BD0023092025
:108150002B61F9E70D480E49091AC9100191D9E7B9
:108160001801000FFFF7B2FF2861431E9841082352
:10817000404298430930E7E70123E8642B65DCE7D8
:10818000002305202B61DFE700000000B87B001012
:10819000C87C0010036810B50400DA0705D49B07FB
:1081A0000AD5483000F080FC23685A070AD51A0720
:1081B0000FD5DB0615D510BD483000F071FC2368E3
:1081C0005A07F4D42000D03000F072FC23681A075C
:1081D000EFD420005130FF3000F06EFC2368DB0646
:1081E000E9D42000D130FF3000F06AFCE3E7C0465C
:1081F0000920704703000068002800D0C0187047AD
:108200007047C04670B504000D002000296CFFF7D0
:1082100073FF002811D12B6C2A006361210001201B
:10822000236998470828F0D0072806D10020296C38
:10823000FFF7E6FF281D00F01DFC00F08DFEC04694
:10824000F0B5CE46474680B5C368304C9846A54445
:108250008369040016000431402205A8994600F005
:108260008BFE0023049325E0F022149B52006361EF
:1082700004A97CA8039300F07FFE21002800236955
:108280007CAA98478A9B0500039315934B4601935C
:1082900004AB00932200230031000120C0470028D6
:1082A00022D1F0227CA9520004A800F065FE00262D
:1082B000082D22D1149B200019000393FFF71CFF07
:1082C00009360700F5B20028CED0129B1021039387
:1082D00015934B46019304AB009322002300012029
:1082E0002943C047002800D009273800F5239B0008
:1082F0009D44C0BCB946B046F0BD072DF4D1300056
:108300001499FFF77DFF05A800F0B4FB2CFCFFFFDC
:10831000406C704770B5CB6BFAB00B6405000E0073
:108320004022043103A800F027FE01235B420293A0
:1083300006E029002B6902AA9847040008280AD100
:10834000129B280019000193FFF7D6FE0028F0D0F9
:1083500009207AB070BD02A8FFF71CFF062CF7D1E8
:1083600031002800FFF74EFF10B58261DA6BC16063
:108370001A6419000022FFF763FF10BD436970B54E
:108380000B64C36804000D00002B13D10A0023699D
:10839000010002209847072805D008280FD129009E
:1083A0002000FFF72FFF0020296CFFF729FF281D71
:1083B00000F060FB0122FFF743FF00F0CDFD00F06D
:1083C000CBFDC046C36810B5002B05D0CB6B002297
:1083D0000B64FFF735FF10BDFFF79CFFFBE7C046BE
:1083E0007047C0468368010010B5002B01D0012002
:1083F000984710BD012915D00AD8002B10D10F2A9B
:108400000ED8920082185268009B00201A6006E085
:1084100001200339C9B2884280414042013070478F
:108420000220FCE70120FAE700B585B003AB0A00A3
:10843000009300210023FFF7DDFF039805B000BD86
:10844000012915D00AD8002B10D10F2A0ED8009B75
:1084500092001B6882185360002006E00120033957
:10846000C9B2884280414042013070470220FCE797
:108470000120FAE700B585B003AB039200930A0030
:1084800000230021FFF7DCFF05B000BD70B51A4CDA
:10849000D36BA544136405000C0019A8111D4022DC
:1084A00000F06AFD01235B42189314E00C2118A828
:1084B00002AAFFF7DFFF210018A8A847002812D161
:1084C000069B18AA02A908300193984706000528C0
:1084D0000AD0092807D0289B02A819000193FFF7AA
:1084E0000BFE0028E2D0092618A8FFF753FE300043
:1084F00090239B009D4470BDC0FDFFFFF0B5574623
:108500009246032245464E46DE4699461300E0B5A4
:108510008846CD6C494689B00340009308CD069546
:10852000002900D180E01A0C1B040593022304A942
:108530000B73FD3313409B004A73ED18009B022B15
:1085400001D143469D6B43461B6DDB070FD550465B
:1085500005A900F05BFB002801D1082000E00920FC
:1085600009B0F0BCBB46B246A946A046F0BD2F6894
:10857000002FECD008230340029300230193013322
:1085800054469B464646BA464B46022B49D02B885A
:108590006F889A4604355A463B009343B26C0F21CC
:1085A000904620009844FFF73FFF0023804506D8FF
:1085B00053465A469343434498429B415B420222AE
:1085C0007F001740594652460A401743012F30D0CA
:1085D000022F4CD0002FC2D1009A002A02D0002BCB
:1085E00000D09BE004352B689A46002BCCD12000AC
:1085F00005A9A24600F00AFB0028B0D1019B002B80
:10860000ABD00F215046FFF70FFF0E21020050465E
:10861000FFF730FF50460F21724AFFF72BFF07206C
:108620009EE76F680835B6E71B02059304AB9A8195
:1086300084E7009A002A49D1002B16D02B68DF0F5F
:108640006B689A1C00D18AE73200583204920133D9
:1086500000D1B6E0281DFFF7CDFD3A00010004ABC4
:10866000300000E000BF00286CD10835BBE72A6865
:10867000009957007F0800290DD1002B04D0029BE0
:10868000002B72D0002F3CD0002A00DA04350137CD
:10869000BF00ED19A7E7336A0D2120009846FFF7C8
:1086A000C3FE804501D02A68EEE7B36A9D42FAD145
:1086B0000023F362043333632B1DB76273632B68AB
:1086C000002B00DA87E001230193E0E70D21200071
:1086D000376AFFF7A9FE8742C7D1B36A9D42C4D16A
:1086E000B046A2462800FFF7ADFC0F21020050461D
:1086F000FFF7C0FE504642460021FFF7BBFE0720B1
:108700002EE7B046A2460D215046FFF78DFE4346A8
:10871000049A18625A6206209D6221E72800FFF73A
:1087200091FC0435A246B5630400300000E000BFB0
:10873000002800D113E7504622000F21FFF79AFED0
:1087400007200DE7A2460D2104005046FFF76CFEFE
:10875000B04633003062022C39D1049A2C33F262D5
:108760007362434606209D62FAE62B1D9A4600235B
:10877000984658339C4621004A46B4445446A9467C
:108780008A463D0003924746E0460EE043462000FD
:108790000493FFF72FFD0022010004AB300000E03E
:1087A00000BF01370434002804D1AF42EED14D465A
:1087B000B046A8E72F004D46039B544699462A68C9
:1087C00062E70D212000FFF72FFEB04630624346DE
:1087D000049A5A62C5E7781C8000B046A246281861
:1087E00081E7C0460000000010B50023FFF786FEB9
:1087F00010BDC04610B50123FFF780FE10BDC04676
:1088000010B50223FFF77AFE10BDC046F0B5CE4684
:10881000474680B5050014001E00C3B0032944D0AC
:1088200020D8002949D0012941D1130C14049846BD
:10883000230C9946012E00D17AE0052E37D144460B
:108840004C44202C33D843460F2B00D8B5E04C467F
:10885000002C00D0C2E04A46A96B20AF002A22D0EB
:1088600000247FE0042922D1002B20D1102A1ED819
:10887000102203681A4200D0C7E020AF380000F091
:1088800021F9012639000023AA6B300098400442E8
:1088900001D001CA086001330431042BF5D138003E
:1088A000AA6300F00DF9002002E0032B1CD0022087
:1088B00043B0C0BCB946B046F0BD002BF7D1002391
:1088C00001271604826B360C011D380098400642C1
:1088D00001D001CA086001330431102BF5D100200A
:1088E000A304E5D4AA63E3E71404160C240C33199B
:1088F000102BDCD8082203681A4200D08CE020AF8D
:10890000380000F0DBF8F600AB6B002C0AD0F61A4A
:10891000E400321F1C19BA18190009680433995071
:10892000A342F9D13800AB6300F0C6F80020BFE7DE
:1089300043464B44102BBAD843460F2BB7D82B686D
:108940001E4206D00322280093432B60483000F0DB
:10895000A9F820AF380000F0A5F84A460024A96B1A
:10896000002A61D04346DB00FF180023D200C8581C
:10897000F85004339A42FAD18918002C0FD06F4670
:108980004046102800D2102000231038C0003818AC
:10899000E200CF58C75004339342FAD1C918012ED0
:1089A00041D04346A9630F2B45D9002C00D17AE76B
:1089B000684600F07DF800207AE7102C46D9103C7C
:1089C00001222B681A4207D0934302222800134346
:1089D0002B60483000F06AF8002C39D004222B6854
:1089E0001A422CD143460F2B03D820AF380000F099
:1089F0005DF86F46380000F05DF810224346A96B21
:108A0000D21A002ABCDD20AFACE793430360D1301B
:108A1000FF3000F057F830E7934303605130FF30E8
:108A200000F04CF86BE720AF04313800A96300F088
:108A300037F800203CE720A800F036F8B5E728001A
:108A400093432B60D03000F035F8CBE70024B7E734
:108A500043460F2B00D9FEE620AF380000F026F881
:108A60004A46A96B002A00D0FAE6380000F01CF84C
:108A700000201DE70100343138C9043B9C461D60CD
:108A8000A646010020313CC990469946A246AB4615
:108A900001000831FCC941680068E54600BDC046D8
:108AA0007047C0467047C0467047C0467047C046D2
:108AB0007047C0467047C0467047C0467047C046C2
:108AC0007047C0467047C04601B401A801B585B0E3
:108AD000FFB408A841464A4653465C4665463EC038
:108AE00001A83EC80F98009000230CB401A9FFF71D
:108AF00011FC109B12B0184701B401A801B585B054
:108B0000FFB408A841464A4653465C4665463EC007
:108B100001A83EC80F98009000230CB401A9FFF7EC
:108B20002DFC109B12B0184701B401A801B585B007
:108B3000FFB408A841464A4653465C4665463EC0D7
:108B400001A83EC80F98009000230CB401A9FFF7BC
:108B500039FC109B12B0184701B401A801B585B0CB
:108B6000FFB408A841464A4653465C4665463EC0A7
:108B700001A83EC80F98009000230CB401ABFFF78A
:108B8000F3FB109B12B0184701B401A801B585B0E2
:108B9000FFB408A841464A4653465C4665463EC077
:108BA00001A83EC80F98009000230CB401AAFFF75B
:108BB0006DFC109B12B01847027A0300002A0BD1FB
:108BC000427A002A0FD0013A42724268111D416078
:108BD00003211268017202E0013A02720268100E6B
:108BE00012021A607047B020FCE7C04600B585B09D
:108BF00003AB00930C2200230021FFF7FBFB03983B
:108C000005B000BD10B5FFF7F1FF10BDF0B54E4641
:108C100045465746DE460023E0B587B003930F3341
:108C20009846083B994680231B0305000E009A4690
:108C30003000FFF7C1FF0400B02800D1C1E00306F7
:108C400029D5030042469343DBB2802B53D0902BAF
:108C50003DD0A02B6BD0B02B00D17EE0C02B00D13B
:108C600095E003004A469343DBB2D02B0AD153462A
:108C7000024001321A43052301212800FFF7C6FDF7
:108C80000028D5D00924200007B0F0BCBB46B2466E
:108C9000A946A046F0BDFF23820013401F1D05AB6F
:108CA0009B4600930D22002300212800FFF7A2FB22
:108CB000630639D4059B9C4667445B460597009341
:108CC00000230D2200212800FFF7BAFBB0E7833B09
:108CD00003400D2BD6D005AF024000230021280011
:108CE0000097FFF787FB00230D2200212800009743
:108CF000FFF7A6FB9CE704023000FFF75DFF80272B
:108D000020433F02B842BDD004010005020C0023FD
:108D100000212800FFF77AFD0028B3D13C4200D1A2
:108D200086E70123039383E7059BDF1BC5E7FF234A
:108D30004A461B011900824311410A001A400307E9
:108D400002D58023DB011A43002300212800FFF70E
:108D50005DFD002800D16BE794E7B12845D0B2282B
:108D600000D19FE0B32855D0FC230340B42B00D1A1
:108D700088E74A465346024001321A430121012343
:108D80002800FFF743FD002800D151E77AE7C62805
:108D90004BD0C7285DD003004A469343DBB2C02BBB
:108DA0006CD0C82871D0C92800D06BE73000FFF71D
:108DB00003FFF02302031B0313404246024001322B
:108DC00058E7039B0024002B00D05CE705AE0E2281
:108DD000002128000096FFF70DFB00230F22002141
:108DE00028000096FFF72CFB4DE73000FFF7E4FE6C
:108DF000021E00D146E7030041468B43DBB2002B45
:108E000000D03FE700212800FFF700FD002800D137
:108E10000EE737E73000FFF7CFFEF02302031B0316
:108E20001340424602400132A7E73000FFF7C4FE7C
:108E3000F02302031B0313404246024001321A434F
:108E4000032303212800FFF7E1FC002800D1EFE60F
:108E500018E73000FFF7B0FE021E00D112E7030052
:108E600041468B43DBB2002B00D00BE704212800E6
:108E7000FFF7CCFC002800D1DAE603E74346A02246
:108E80001C40013412032243DAE73000FFF794FE5E
:108E9000434602009A43D2B2103218401203013006
:108EA0000243E8E605AB00939B460D220023002118
:108EB0002800FFF79FFA3000FFF77EFE03061AD561
:108EC0007F27B03C059B3840A0409C4660440590FD
:108ED00030000734FFF770FE0306F3D481217F23AF
:108EE00089008C460340A340059A62449B18059371
:108EF0005B460093E4E60224F0E7C046030000B5B9
:108F0000DA6C85B0536808000832190201910292A8
:108F1000694603221B0E0A734B7301A9FFF776FE05
:108F200005B000BD10B5FFF76DFE806C10BDC046EA
:108F300010B5FFF767FEC26CD079023080001018C0
:108F400010BDC0460000000001B40248844601BCC8
:108F5000604700BF193C001001B40248844601BCC0
:108F6000604700BFB973001001B40248844601BCD9
:108F7000604700BF3D13001001B40248844601BCA5
:108F8000604700BFD13C001001B40248844601BCD8
:108F9000604700BF991100101000000000000000A1
:108FA00000000100000000000000000000000200BE
:108FB00000000000000000000000030000000000AE
:108FC000000000000000FF000000000000B548683D
:108FD00001318E460047704609380149884700BD77
:108FE00055090010CC130020000000009818002044
:108FF00078200020000000000000000088200020F1
:109000000000000000000000100000000000000050
:10901000503300004C330000543300005233000042
:109020004D5300004D430000533400004334000012
:109030004D42001000000000E5410010000000005B
:10904000000100003C7A0010407A00107C1E0020D5
:1090500010000C000000E0FF1F00000000000000F6
:109060000000000000000000000000000000000000
:109070004814002000000000000000003417002009
:109080009C170020041800200000000000000000D1
:1090900000000000000000000000000000000000D0
:1090A00000000000000000000000000000000000C0
:1090B00000000000000000000000000000000000B0
:1090C00000000000000000000000000000000000A0
:1090D0000000000000000000000000000000000090
:1090E0000000000000000000000000000000000080
:1090F0000000000000000000000000000000000070
:10910000000000000000000000000000000000005F
:10911000000000000000000000000000000000004F
:1091200001000000000000000E33CDAB34126DE6EC
:10913000ECDE05000B000000000000000000000055
:10914000000000000000000000000000000000001F
:10915000000000000000000000000000000000000F
:1091600000000000000000000000000000000000FF
:1091700000000000000000000000000000000000EF
:1091800000000000000000000000000000000000DF
:1091900000000000000000000000000000000000CF
:1091A00000000000000000000000000000000000BF
:1091B00000000000000000000000000000000000AF
:1091C000000000000000000000000000000000009F
:1091D000000000000000000000000000000000008F
:1091E000000000000000000000000000000000007F
:1091F000000000000000000000000000000000006F
:10920000000000000000000000000000000000005E
:10921000000000000000000000000000000000004E
:10922000000000000000000000000000000000003E
:10923000000000000000000000000000000000002E
:10924000000000000000000000000000000000001E
:10925000000000000000000000000000000000000E
:1092600000000000000000000000000000000000FE
:1092700000000000000000000000000000000000EE
:1092800000000000000000000000000000000000DE
:1092900000000000000000000000000000000000CE
:1092A00000000000000000000000000000000000BE
:1092B00000000000000000000000000000000000AE
:1092C000000000000000000000000000000000009E
:1092D000000000000000000000000000000000008E
:1092E000000000000000000000000000000000007E
:1092F000000000000000000000000000000000006E
:10930000000000000000000000000000000000005D
:10931000000000000000000000000000000000004D
:10932000000000000000000000000000000000003D
:10933000000000000000000000000000000000002D
:10934000000000000000000000000000000000001D
:10935000000000000000000000000000000000000D
:1093600000000000000000000000000000000000FD
:1093700000000000000000000000000000000000ED
:1093800000000000000000000000000000000000DD
:1093900000000000000000000000000000000000CD
:1093A00000000000000000000000000000000000BD
:1093B00000000000000000000000000000000000AD
:1093C000000000000000000000000000000000009D
:1093D000000000000000000000000000000000008D
:1093E000000000000000000000000000000000007D
:1093F000000000000000000000000000000000006D
:10940000000000000000000000000000000000005C
:10941000000000000000000000000000000000004C
:10942000000000000000000000000000000000003C
:10943000000000000000000000000000000000002C
:10944000000000000000000000000000000000001C
:10945000000000000000000000000000000000000C
:1094600000000000000000000000000000000000FC
:1094700000000000000000000000000000000000EC
:1094800000000000000000000000000000000000DC
:1094900000000000000000000000000000000000CC
:1094A0000000000000000000B53C00105534001022
:1094B000553B0010593C0010ED020010A16800104F
:0494C00085730010A0
:04000005100001E9FD
:00000001FF
