:020000041000EA
:1000000000B5324B212058609868022188439860DF
:10001000D860186158612E4B002199600221596106
:100020000121F02299502B49196001219960352056
:1000300000F044F80222904214D00621196600F024
:1000400034F8196E01211966002018661A6600F04E
:100050002CF8196E196E196E052000F02FF8012189
:100060000842F9D1002199601B49196000215960AB
:100070001A491B48016001219960EB211966A021F2
:10008000196600F012F800219960164914480160C1
:100090000121996001BC002800D000471248134993
:1000A000086003C880F30888084703B5996A0420EC
:1000B0000142FBD001200142F8D103BD02B5186610
:1000C0001866FFF7F2FF186E186E02BD00000240BE
:1000D000000000180000070000035F00212200005C
:1000E000F4000018222000A00001001008ED00E03C
:1000F00000000000000000000000000074B24E7A12
:1001000000200420F7010010C3010010C5010010F9
:10011000C1010010C1010010C1010010C101001097
:10012000C1010010C1010010C1010010C701001081
:10013000C1010010C1010010C9010010CB01001065
:10014000CD010010CD010010CD010010CD01001037
:10015000CD010010CD010010CD010010CD01001027
:10016000CD010010CD010010CD010010CD01001017
:10017000CD010010CD010010CD010010CD01001007
:10018000CD010010CD010010CD010010CD010010F7
:10019000CD010010CD010010CD010010CD010010E7
:1001A000CD010010CD010010CD010010CD010010D7
:1001B000CD010010CD010010CD010010CD010010C7
:1001C00000BE00BE00BE00BE00BE00BE00F04BF888
:1001D000103800BEF2EB88711084001038840010D3
:1001E0003402001090A31AE700202149086006C8D5
:1001F00081F3088810471F48006800282FD10DA4FC
:100200000ECC002902D000F012F8F9E71A491B4A77
:10021000002000E001C19142FCD1194988471949E9
:1002200088471949884700BEFDE701C901C29A42C3
:10023000FBD3704738840010C000002094180020C1
:100240000C9C001000000420000004200C9C0010F6
:1002500000100420001004200000000070470B482C
:1002600003F0EEFA0047EFF30580C0B270470000DC
:1002700008ED00E0000000D0981800206026002063
:10028000F11C00100D030010E51D00105756000072
:1002900006005250ABB36053B07F001006005250BE
:1002A000861C0302C07F0010060052505422A29DFB
:1002B000D87F001005005250DE65F4680C9C0010D9
:1002C000F8B5C04610B5064C2378002B07D1054B76
:1002D000002B02D0044800E000BF0123237010BDB2
:1002E000A01A002000000000607C0010044B10B534
:1002F000002B03D00349044800E000BF10BDC046F6
:1003000000000000A41A0020607C001010B504F06A
:10031000E3F80C4804F0D4F80B4C0C49200007F02B
:1003200047F8002803D10A4804F028F8FEE7200027
:10033000084907F00BFA2000002107F019FA002005
:1003400010BDC046607C0010BC1A0020C0CA8936AF
:10035000787C001059030010F0B5C646050000B5C2
:10036000114804F0ADF8002D1CDD104B0024984618
:10037000FF270F4E300006F02FFE010001344046EB
:10038000394004F09DF8A542F4D10A4804F098F8E9
:10039000300007F0A5F90100074804F091F880BC8F
:1003A000B846F0BD024EF0E7907C0010A47C00102F
:1003B000BC1A0020A87C0010B87C0010D0231B06BB
:1003C0001B68F0B59A00454690464146894ADE468C
:1003D0005258574693465A1E934130224E465B422E
:1003E0001A401300844AE0B5944683B063440193F5
:1003F000824B08269A463500083DEA081300019909
:1004000008339B005C58002C23D05B46002B2AD07D
:1004100001230F27994639002140274213D04B462C
:1004200052464046AB4012581A420CD107220800EF
:100430002A40920090400200EB0871483C339B0038
:100440001A502800D84724090135002C01D0B542A4
:10045000E1D30836282ECED103B0F0BCBB46B2465D
:10046000A946A046F0BD0F2319002140234207D022
:1004700047460E3BAB406148C059184200D18DE061
:100480002309F11F002BE4D00F22100018401A425C
:100490000FD0012345468B40584A52591A4208D181
:1004A0000722CB08114089008840554A3C339B0005
:1004B0009850230AB11F002BCBD00F2210001840F8
:1004C0001A420FD0012345468B404C4A52591A42DA
:1004D00008D10722CB08114089008840484A3C33A4
:1004E0009B009850230B711F002BB2D00F221000DD
:1004F00018401A4241D1230C311F002BA9D00F22E2
:10050000100018401A4252D1230DF11E002BA0D02A
:100510000F22100018401A425AD1230EB11E002B90
:1005200097D00F22100018401A420FD001234546E1
:100530008B40324A52591A4208D10722CB08114047
:10054000890088402E4A3C339B009850240F721E2D
:10055000002C00D17DE701235146404693400958C5
:10056000194200D075E70721D3080A409200944051
:100570003C33234A9B009C506BE7012345468B404C
:100580001E4A52591A42B6D10722CB08114089009F
:1005900088401B4A3C339B009850ACE707231D4022
:1005A000AD00A940164B3C329200D15068E70123C0
:1005B00045468B40114A52591A42A5D10722CB0811
:1005C0001140890088400E4A3C339B0098509BE7BD
:1005D000012345468B40094A52591A429DD10722B0
:1005E000CB08114089008840054A3C339B00985055
:1005F00093E7C0464C200020004101401025002018
:1006000000400140094A830094464022634410B5EB
:100610001C68C0006240C024144080225201134371
:100620001C60034B9C466044416010BD04C0014007
:1006300000400140D0231B061B6830B50500581E42
:1006400083410F485C4284460720302328402340E2
:100650008000EC08814020000A4D3C30634480005B
:10066000A40041511B19002A04D080229201134397
:10067000196030BDC022920113431960F9E7C046EA
:100680000041014000400140F8B51E00D0231B0688
:100690001C680700631E9C41302364421C40224BAF
:1006A00015009C46C30807201A003840800081408E
:1006B0003C321E48644492009B001150E418002D07
:1006C00011D080239B011C43D02321601B061C6892
:1006D000174FA4003B59002B11D0002E1ED03E51C5
:1006E000002D16D1F8BDC0239B011C43D0232160EF
:1006F0001B061C680E4FA4003B59002BEDD1002EA9
:10070000EED000220D200B493E5100F045F9002D9E
:10071000E8D001210D2000F0DDF8E3E70D200549C8
:1007200000F02CFADBE7C0460041014000400140E8
:100730004C200020BD0300100200C3080720104019
:1007400080008140024A3C339B0099507047C0466C
:10075000004001400123D02283401206936293613E
:10076000094A83009446402263441968C0004A4005
:10077000C02111408022520113431960034B9C4653
:10078000052360444360704704C0014000400140BD
:1007900070B5EFF3108C72B60D4D2B68002BFCD0AA
:1007A000BFF35F8F0724CB08C618C05C01230C4041
:1007B000A3401C000440034207D103433370BFF33E
:1007C0005F8F2C608CF3108870BD100001F00CFB63
:1007D0002C0100D0F8B54746CE46884680B5EFF3E9
:1007E000108C72B6214D2C68002CFCD0BFF35F8FAB
:1007F0009A422CD8D4080727055D06190124174012
:10080000BC402C421FD007210127894609E0D408AB
:10081000055D06194C4639001440A1400C002942E0
:1008200011D001329342F2D201204042BFF35F8FD8
:1008300000220E4B1A608CF3108800280FDBC0BC1E
:10084000B946B046F8BD2C4310003470EEE7BFF354
:100850005F8F00232B608CF31088012040424346B9
:10086000002BECD0089801F0BFFAC0462C0100D054
:10087000024B18688007C00F7047C04600C0064092
:100880000021044B044ABFF35F8F02C39342FAD1A5
:100890007047C046000100D0800100D0044A1078A3
:1008A000431CDBB2172B00D9102313707047C046CE
:1008B0006813002000B5054B83B001000093182297
:1008C0001F230348FFF786FF03B000BDBC7C001068
:1008D0005420002001238340002904D0034A1360E0
:1008E000034A13607047034A1360FBE780E200E0AD
:1008F00000E100E080E100E001238340014A136051
:100900007047C04600E200E0084B10309B68800052
:10091000C358002B07D0064A00209B1A2F229A4268
:100920004041C0B270470020FCE7C04600ED00E047
:100930006C130020024B10309B688000C058704739
:1009400000ED00E070B50D00EFF3108672B60F4AAF
:100950001368002BFCD0BFF35F8F0D4B10309B68EA
:1009600084001B590B4A934203D09D4201D001F0F1
:1009700053FA074B9B681D51BFF35F8FBFF35F8F27
:100980000022024B1A6086F3108870BD240100D04B
:1009900000ED00E0CD010010F0B557464E46DE46B2
:1009A0004546E0B585B0060002911700EFF3108BC5
:1009B00072B6674A1368002BFCD0BFF35F8F002527
:1009C000644B5D579A46002D00DAA5E06B00624C3F
:1009D00003935B199B009846A146C1444B4652467F
:1009E0009B79103613705D4BB2009B680192995849
:1009F0000B1B2F2B34D95A4B994200D0A5E0039BF7
:100A0000584A9C46584B6544AD00635343460233F5
:100A10006519E418554B0121043B1B1B1B055B0D9D
:100A200013436B80524BEF71AB80FF23AB71029B82
:100A3000AB604B460B431900484B019A9B68995099
:100A4000BFF35F8FBFF35F8F0022414B1A608BF3C0
:100A5000108805B0F0BCBB46B246A946A046F0BD22
:100A600001200A008243D379BB422FD845464E4627
:100A7000130040491B1B5B415943090D3A4B63531B
:100A80003A4B02356519043B5B1B1B05354D5B0D6D
:100A90002B4373800426B446E0444444131F1B1BBD
:100AA0004C46A17102991B05A16049465B0D2B4381
:100AB000A380314BE77101431360BDE75800C018B4
:100AC00080002018C679BE422CD902000623D356D6
:100AD000002BF3DA101D8246BD200002804604265A
:100AE0007642B446E14450464E46361A3005400D33
:100AF000824656461B48957106439680039A944653
:100B000065441D4AAD00641922604246A371029BF0
:100B1000A280E771A3608FE701F07EF900255346BC
:100B20005D5753E7101D82469088400500158446A6
:100B30004046D444664604302018301AE0260005AA
:100B4000400D360230438046C9E701F065F956E7AB
:100B5000240100D05A2600206C13002000ED00E094
:100B6000CD01001000E0FFFF00A1FFFF9C1300205B
:100B700000BDFFFFAAAA000001488047F0B5DE468D
:100B800057464E464546E0B50C0083B0EFF3108A59
:100B900072B65A4A1368002BFCD0BFF35F8F102245
:100BA000914681444A46564B96009B689D59554B49
:100BB00098469D4205D0A54216D0534FEB1B2F2BD4
:100BC00014D94F4B9B689D51BFF35F8FBFF35F8F6D
:100BD00000224A4B1A608AF3108803B0F0BCBB466F
:100BE000B246A946A046F0BD1D00EAE701238340B6
:100BF0009B465A46454B1B681A4000925A46444B46
:100C00001A60BFF35F8FFFF72EFB0190002803D01F
:100C1000814501D001F000F901232A009A4393682D
:100C20009C4208D15FE04B005B189B00FB18996861
:100C3000A14211D01A00062151560029F3DA009B77
:100C4000002B05D05A46334B1A60304B1A60B8E778
:100C50005A462F4B1A60B4E706215956002921DB6A
:100C60004A00501880003C188046A0689860E079DF
:100C7000D871062020569871002824DBA488F81A21
:100C80006405241544440019E0240005400D2402A5
:100C9000204398805218204B9200BF181A78197080
:100CA000BA71CCE70199002910D1FF3191711B492C
:100CB000918019490A789A71194ADB1B5B415A43A2
:100CC000120D0A70BBE7BD200002E2E7154A164983
:100CD000D21A083A5002400D014399801349520834
:100CE0000A43DA80ABE70621515613000029B7DA30
:100CF000019A002AEAD14546DBE7C046240100D02C
:100D000000ED00E0CD0100106C13002000E100E0D8
:100D100080E100E080E200E05A26002000BDFFFFF5
:100D2000AAAA0000A613002000F0FFFF00F8FFFFB2
:100D3000F8B5012504000543FFF795FAEFF3108C91
:100D400072B6214A1368002BFCD0BFF35F8F1F4E91
:100D50002100B7681E4A1F4B891A49414B431B0D9E
:100D600059B28300F858A8421CD00623D3568B42B0
:100D70001CD01223D3568B4222D01E23D3568B4233
:100D800020D02A23D35603208B4210D0124B1A783E
:100D90001970A271BFF35F8F00220B4B1A608CF3A6
:100DA0001088F8BDB2680D48D050EFE7002043002E
:100DB0001B189B00D218FF239371094B9380E5E722
:100DC0000120F4E70220F2E7240100D000ED00E06A
:100DD0006C130020AAAA00005A260020CD010010A2
:100DE00000BDFFFF054B064A1360064A13605360BF
:100DF0009360D360136153619361704780808080FA
:100E000000E400E004E400E0D02300B51B061B680A
:100E10000100074883B0C018064B00220093052349
:100E2000FFF7D8FC002801DB1F23181A03B000BD10
:100E300054260020D87C0010024B9C466144890057
:100E4000016070474000003483680B4810B5844649
:100E500061446244090112019A18591854684B6898
:100E600001209C4201D802D00020C0B210BD1268FF
:100E70000B689A42F9D8F7E7FFFFFF0F0A4B196892
:100E8000EFF3108072B60A68002AFCD0BFF35F8FC0
:100E90001B68BFF35F8F00221A6080F3108840BF89
:100EA000002000217047C04624260020F8B5574690
:100EB0004E464546DE46E0B599460CAB1C780DAB78
:100EC0001B78060090469A460768002C11D1BC7B1F
:100ED000002C42D065003B682D19033D59194B7811
:100EE000BB73002B00D1FB7300238B704B700B7016
:100EF00004E065003B682D19033D5919B2682A4B7F
:100F000094464246E3181B0163441A604A465A60FD
:100F10000A9A9A600B9ADA6000238B704B700B7000
:100F20007B7B9B46002B2BD022005946B8687B6800
:100F300098473A68002816D05B4658465B005B44E9
:100F40005519033BA870D118D35C002B00D06B70EF
:100F50005B460C707B73A34513D0F0BCBB46B24616
:100F6000A946A046F8BD5B465B005B44033BD31833
:100F70009C705119525D002A00D05A705B460B706C
:100F80007C7342464B46307D00F026FC051E06D0A1
:100F90005346002B03D12100306800F03FFE0E9B2A
:100FA000002BDAD01D70D8E7FFFFFF0FF0B5DE464B
:100FB0004E46574645460023E0B58DB00A936B4B2D
:100FC0008200D3580B90994600239B464B460793CB
:100FD00000F0A2FB079C06000F006268EFF310858B
:100FE00072B61368002BFCD022000794BFF35F8F0A
:100FF0002468637B9946002B67D092685C4B9046CF
:101000004B441B01984443461A685B681000190062
:10101000801BB94100295FDD0B9800F0DDFB002348
:101020000026984600279A46079C6368BFF35F8FA7
:101030005A461A6085F310885346002B08D10028C1
:10104000C6D10DB0F0BCBB46B246A946A046F0BD25
:101050000A9B414618024B461843D0470890099115
:101060006268EFF3108572B61368002BFCD007940A
:10107000BFF35F8F0899099A002A48DB114303D018
:10108000079B1B69002B5DD1079B1B68D97B00293F
:1010900007D04A00521819688C4649466244033A00
:1010A00051704A46DA734B46079A013BD168CA5CD5
:1010B0000132CA545B46079A13615368BFF35F8FCE
:1010C0005A461A6085F3108882E700230026984666
:1010D00000279A460020A7E7002901D100289BD1CC
:1010E0000021200000F01CFD43461E685F689B68DD
:1010F000079A9A464346DB689846D3684B44013BBF
:101100001B780A931B020343136100208CE72369B9
:10111000002BB9D033003C005B1A94411A00230025
:10112000A74219D89F421BD059460491012103912F
:101130004946029141460191514607980091FFF7B7
:10114000B5FEB7E700F0E8FA089A099B06000F0021
:1011500092197B419942E5D901225242D317E3E724
:101160009642E1D901225242D317DDE70025002043
:10117000FFFFFF0FF8B557464E464546DE46E0B541
:10118000404D81468A466A68EFF3108872B613684C
:10119000002BFCD0BFF35F8F2E68B47B002C39D0BE
:1011A000670033683F19033FDB195A78B273002A8E
:1011B00000D1F273A968344A8C464946A21812013C
:1011C0006244116051465160304991600021D16004
:1011D000997059701970737B9B46002B35D0220093
:1011E0001900B068736898473268002820D05B46C1
:1011F00058465B005B44D719033BB870D118D35CE9
:10120000002B00D07B705B460C7073735C451DD067
:10121000002626E06B68BFF35F8F1C6088F31088A0
:1012200001204042F0BCBB46B246A946A046F8BDEC
:101230005B465B005B44033BD3189C70D119D25DC5
:10124000002A00D05A705B460B7074734A465346AE
:10125000287D00F0C1FA061EDAD02100286800F0CF
:10126000DDFCEB681B19013B19786B68BFF35F8FDE
:1012700000221A6088F310880020002ED2D10802C4
:101280002043CFE7B4130020FFFFFF0F7D0E0010B7
:1012900010B5124C6368002B04D00A211048FFF7E8
:1012A000CBFD10BD23000F4A1021206800F056FB33
:1012B000032000F025FA032000F0FEFA03200A497B
:1012C00000F044FAFFF7EAFA084B9C460323604417
:1012D0002375074B80006060DC60DEE7B4130020FC
:1012E00024260020490E0010AD0F001040000034ED
:1012F0000025002000487047B4130020F0B5574681
:101300004E464546DE46E0B585B0019310AB1B78EE
:101310000600039300239A46984600927268EFF302
:10132000108972B61368002BFCD0BFF35F8F35684D
:10133000AC7B002C49D067002B683F19033FDB19B9
:101340005A78AA73002A00D1EA73B1684F4A8C46D2
:1013500000980199A21812016244106051600E9920
:1013600091600F99D16042469A705A701A706B7BE7
:101370009B46002B45D022001900A8686B6898474F
:101380002A68002830D05B4658465B005B44D7197A
:10139000033BB870D118D35C002B00D07B705B4648
:1013A0000C706B735C452DD0F3681B19013B1878EA
:1013B0007368BFF35F8F42461A6089F31088534603
:1013C000002B2CD10002204307E07368BFF35F8F2E
:1013D0001C6089F310880120404205B0F0BCBB4678
:1013E000B246A946A046F0BD5B465B005B44033BAA
:1013F000D3189C70D119D25D002A00D05A705B4678
:101400000B706C73307D009A019B00F0E5F9824609
:101410000028C9D02100306800F000FCC4E7039B1D
:10142000002B30D00E9B00200F999847030004003A
:101430000D000B4327D000290DDA00980199020016
:101440000B00121BAB41994213D818D000920193A4
:10145000039B9A4662E700F05FF902000B00A418B4
:101460005D4100940195A94203D8F1D100998A42C7
:10147000EED901235B42DC1700930194E8E7009961
:101480009142E3D9F5E70020A7E7C046FFFFFF0F31
:10149000F0B504000D0006267642F717C646361949
:1014A0006F4100B58F4213D810D000F035F93200EB
:1014B0003B00121A8B41002B14DC002B37D0290083
:1014C000200000F033F980BCB846F0BD8642ECD96C
:1014D0000026002700F020F932003B00121A8B4151
:1014E000002BEADD30003900FFF744FE0028E6DB80
:1014F00000239846BC460F4A0F4F7B6A9C4504D890
:10150000B96A8E42DBD99C45D9D11168EFF31080BE
:1015100072B60B68002BFCD0BFF35F8F1368BFF36C
:101520005F8F4146196080F3108820BFE5E7002AED
:10153000C5D0D7E7242600200040054070B506003E
:1015400000F0EAF8FA2204000D0000233000002128
:10155000920002F04FFD001969418D4205D802D07A
:10156000FFF796FF70BD8442FAD901204042C117AF
:10157000F6E7C046F8B5CE46474680B506000C00F3
:10158000FFF7F8FD00280CDC2D4B0020596A8C4237
:1015900003D89B6A0130B34245D3C0BCB946B046BC
:1015A000F8BD20BF274D6A68EFF3108772B6136845
:1015B000002BFCD0BFF35F8F2B68C1B29C465B7BD6
:1015C0008B4235D0FF2303405A0091466246126891
:1015D000994490464A464244033A9278002A1DD0E4
:1015E000EA68000A90464344013B1B78C0B283423C
:1015F00021D06B68BFF35F8F00221A6087F31088D9
:101600000F4A0020536A9C42C7D8926A0130B24206
:10161000C3D2E01A421E9041C0B2BEE72B69984285
:10162000E7D12A61E5E7601A431E9841C0B2B4E7EA
:10163000FF230340D4E7604600F0F0FAD9E7C04644
:1016400000400540B4130020F0B5D6464F4646464C
:10165000C0B5EFF305833F22134018001038EFF3B5
:10166000108C72B6204D2A68002AFCD0BFF35F8F21
:101670000122110081401D4C884661631C491700FE
:101680000E788A463100C1400F400A4209D1BFF3AB
:101690005F8F2F608CF31088E0BCBA46B146A84635
:1016A000F0BD14498200646A51588C420FD3124B2A
:1016B000D25843469E4353461E70BFF35F8F0023AC
:1016C0002B608CF31088002AE6D09047E4E70B4AA1
:1016D0009B00904643441A681A60BFF35F8F002353
:1016E0002B608CF31088D7E7280100D0004005401C
:1016F0005D260020302600203C1F0020D03F054002
:1017000010B50100024A0348FFF742F810BDC04679
:10171000F47C001059260020034B596A0A00986A8D
:10172000596A8A42FAD1704700400540064A536A16
:101730009942FCD807D1044B02E05A6A914202D187
:101740009A6A8242F9D370470040054070B50400A0
:101750000D00EFF3108672B61A4A1368002BFCD006
:10176000BFF35F8F002D1BD02000FFF7E3F8164971
:1017700081420AD02000FFF7E5F801212000FFF7A1
:10178000A9F80123A340114A1360114BA400E550AE
:10179000BFF35F8F00220B4B1A6086F3108870BD79
:1017A0000B4BA200D5500122A2400A4920000B7821
:1017B00093430B700449FFF7E1F900212000FFF784
:1017C00089F8E5E7280100D0491600103860054087
:1017D0003C1F00205D260020F0B54F46D646464609
:1017E000C0B507002F4C616A0D00A66A616AA94264
:1017F000FAD18B4208D805D00120E0BCBA46B146E8
:10180000A846F0BDB242F7D9EFF3108A72B6264867
:1018100001680029FCD0BFF35F8F0125BD4023493B
:10182000204C8846097889462943C9B28C464146EE
:1018300060460870391D1E48890065630A51B90069
:101840000B50216A0020294219D0616A0800A66A5B
:10185000616A8142FAD18B4219D801D1B24216D8BD
:10186000CC451DD00F4B1F201D625D630123074037
:10187000BB40104A1E38136043464A461A70BFF3F5
:101880005F8F0022084B1A608AF31088B5E70020AA
:10189000BFF35F8F0022044B1A608AF31088ACE715
:1018A0000120ECE700400540280100D05D26002023
:1018B0003026002080E200E0EFF3108C72B60A4977
:1018C0000B68002BFCD0BFF35F8F01238340074AD6
:1018D0000748136202789A430270BFF35F8F0023B8
:1018E0000B608CF310887047280100D00040054041
:1018F0005D26002070B5050014001600002915D0E3
:101900000C00002A12D080686B689847296800286C
:101910000ED073009B196200033B1219CB18033AD7
:101920009C7088188A5C002A15D10670200070BD52
:1019300063001B197200033B9219CB18033A9E7087
:1019400088188A5C002A02D104703400EEE75A70CD
:1019500004703400EAE75A700670E7E730B5836038
:101960000023CCB243730133047342608373C473A6
:101970000D000068012C06D9421C0133DBB2137044
:1019800003329C42F9D1FF2129404B005918002312
:1019900040180338437030BDF8B5CE4647460600C0
:1019A0000C0080B5002907D04D0003686D18033D79
:1019B0005A195778002F04D12000C0BCB946B04650
:1019C000F8BD7900C91903398846434459788946D6
:1019D00000215970517073683A002100806898475F
:1019E0003368002814D042469A18947059195B5DE8
:1019F000002B00D053700F70270049463000FFF7CE
:101A0000CBFF390002003000FFF774FF0400D3E77A
:101A1000424641465D19AF709A185B5C002B00D0BE
:101A20006B701470E9E7C046F0B557464546DE4690
:101A30004E46E0B50D006B0001685B19DF1E040027
:101A4000C85D83B00192CA1900284CD043001B180E
:101A5000033BCB185E78B446002E16D1019E002EB3
:101A60003ED0E67B002E04D073009B19CB18033BBD
:101A70005D70E57300282FD10023537003B0F0BCD4
:101A8000BB46B246A946A046F0BD72006244033A86
:101A900089184A78904600224A7091465A7001008F
:101AA00032002000FFF726FF43468246002B07D076
:101AB0005B0021684344033BCB185A78002A16D1B7
:101AC000424651462000FFF715FF2168019BCA19C5
:101AD000002BC6D10028CFD043001B18033BCB18E6
:101AE00000219970C8E7019B002BBAD1C4E75000D0
:101AF000801803380918487883464846487058705B
:101B000041462000FFF7F6FE594680462000FFF7C9
:101B100043FF414602002000FFF7ECFE8046CFE77E
:101B2000F0B557464546DE464E46E0B583B00191D6
:101B3000457B04006B0000685B19DF1EC15DC219A4
:101B400000294ED04B005B18033BC3185E78B446A7
:101B5000002E18D1019E002E40D0E67B002E04D02E
:101B600073009B19C318033B5D70E573002931D1E5
:101B7000002328005370617303B0F0BCBB46B2462B
:101B8000A946A046F0BD72006244033A801842782C
:101B900090460022427091465A7020003200FFF7B2
:101BA000A9FE43468246002B07D05B0021684344D0
:101BB000033BCB185A78002A17D1424651462000E1
:101BC000FFF798FE019B01002068C219002BC4D1C9
:101BD0000029CDD04B005B18033BC3180020987040
:101BE000C6E7019B002BB8D1C2E75000801803382C
:101BF0000918487883464846487058704146200086
:101C0000FFF778FE594680462000FFF7C5FE4146A3
:101C100002002000FFF76EFE8046CEE770B504009C
:101C200000292CD0437B8B422ED0056848004018F9
:101C3000033828188278002A21D053009B18033BD0
:101C4000EA5CEE188A4202D11BE0002A08D0530059
:101C50009B18033BEB185A788A42F6D142785A70A7
:101C600000230122837043702000FFF7DDFE617BBB
:101C700002002000FFF73EFE6073012000E000201C
:101C800070BD43783370EBE701221900FFF7CCFEFB
:101C900060730120F4E7C04610B50400FEF7FEFDB6
:101CA00001002000FFF7C8F8FF232371BFF35F8F07
:101CB00010BDC04610B50400FEF7F0FD0100200085
:101CC000FFF7BAF8FF23A380BFF35F8F10BDC046B4
:101CD00010B504000120FEF7EDFD044B9C46604466
:101CE00080002060BFF35F8F10BDC046400000340D
:101CF0002C4B2D4A70B51A602C4A2D4B2D491A6079
:101D000014008B689C43FBD12B4D2C4EB54208D25E
:101D1000013E761BB60808CD984723000134B34234
:101D2000F9D100F07FF8264A214B1A60214A9368C6
:101D3000DB43DB01DD09002BF9D14022214B224C92
:101D4000224E9A675A671A67DA66B44208D2236845
:101D50002000002B20D00834FFF7ACFFB442F6D3AC
:101D60001B4E1C4CC022A168300002F09FF9A660F7
:101D7000FEF786FDFFF736F8FFF78AFA164C174E86
:101D8000B44208D2013E361BB60808CC98472B0057
:101D900001359E42F9D170BD0834FFF77DFFB44292
:101DA000D5D3DDE700E00040BFCDFBFEFE7F3C0069
:101DB00000F0004000C00040781800208818002083
:101DC000FFFFFF0100F0014070180020781800208C
:101DD0000000002000ED00E088180020941800208A
:101DE00000BEFDE700BEFDE70FB400B5084883B0B4
:101DF00002F0C4FA049B002B07D005A9180001913A
:101E000001F0FEFC034802F0B9FA00BEFDE7C0464F
:101E1000187D0010287D001010B50148FFF7E4FF81
:101E20002C7D001030B50C2083B000F0B7F9FEF720
:101E30001FFD00280ED0944B944A1A605A609A6095
:101E4000DA601A615A619A61DA611A62904A5A62DA
:101E500003B030BD8F4CA06700F0F4F901228E4B27
:101E60001A60636C012BFCD103228C4B1A60894AE7
:101E7000936B012BFCD101330121894A89480093DE
:101E8000043300F033F90523874A00930121874882
:101E900000F02CF9864B5A68FF2A02D880225200A3
:101EA0005A608022784C7D4B21691201804D1A6066
:101EB000002905D0606901F01DFD01300138FDD118
:101EC000E0217B4B02201A681140802252012A43F4
:101ED00011601968484003210140116004219A688B
:101EE0001142FCD08022802192012A430901116015
:101EF000802252005A606F4B23616F4B5968FF2953
:101F000000D85A600321644A6B4B116002399A6809
:101F10001142FCD0E0201A681040802252011A437E
:101F20001060186848400321014002201160624996
:101F30008A681042FCD08022920113438022120151
:101F40001A6080225D4B52004A6063615C4B5968A5
:101F5000FF2900D85A6080225A4BE1691201584D7E
:101F60001A60002905D0606901F0C4FC0130013815
:101F7000FDD1E02252490B681A4080235B012B43BC
:101F80001A60802380229B012B4312011A60802259
:101F90003E4B52004A60E3614B4B5968FF2900D821
:101FA0005A608022494B216A1201474D1A6000296C
:101FB00005D0606901F09EFC01300138FDD1E022BE
:101FC00041490B681A4080235B012B431A60802330
:101FD00080229B012B4312011A60802380225B0028
:101FE0004B602A4BD2022362394B5968914200D28E
:101FF0005A608022374B616A1201354D1A60002900
:1020000005D0606901F076FC01300138FDD1E02295
:102010002F490B681A4080235B012B431A608023F1
:1020200080229B012B4312011A608023DB024B604C
:10203000174B6362284B5A68FF2A02D8802252004D
:102040005A608022254BA1691201234D1A60002994
:1020500005D0606901F04EFC01300138FDD1E0226D
:102060001D490B681A4080235B012B431A608023B3
:1020700080229B012B4312011A6080235B004B607E
:102080000E4BA361E4E6C04658200020006CDC0241
:102090001BB70000008000403CB0004030B0004062
:1020A000002F685900800240008C864700C0024023
:1020B00030800040001BB7003C800040405973074F
:1020C0005480004054B000406080004060B0004048
:1020D0006C8000406CB000404880004048B0004038
:1020E000014B8000C058704758200020F0B5C6460C
:1020F000040000B50C2090461F000E0001F0FAFB12
:102100004101091A8D01691AC9000918890140465F
:1021100001F0F0FB069B3F041A0323681743002BD2
:1021200022DB1A4B1A4DE21853425A4180235B01BD
:102130009C461203174B62441A60174B1A60110039
:10214000AB689943FBD1C022231D92011A4321237E
:102150002660A06013602368002BFCDA0823E76088
:10216000136080BCB846F0BD3F2322681340B342E1
:10217000D7D1A3681B051B0D8342D2D1EE22E368A1
:10218000D2021340BB42CCD1EBE7C0460040FDBFBA
:1021900000C0004000E0004000F000408023024A00
:1021A0009B000343D36270470080054010B51400C4
:1021B00080221B4BD2051A6000281AD00123194A2D
:1021C0001843194BDA61194A42401A6259629862FF
:1021D0008022134BD2051A601549164A1160E0227D
:1021E000D2041A60002C07D18022134B12061A6009
:1021F00010BD0D4BD861EBE763011B1B9A008023D8
:10220000121912015B049A4200D30C4A0C4B1A605B
:10221000054B5A608022084BD2051A60E8E7C04699
:1022200000B00540D3C007B0008005402D3FF84FF7
:10223000FCFF01000820014000A00540FFFFFF0057
:10224000F8240020AA23064A1B0113602F23054906
:10225000D360054B19605368002BFCDA7047C04609
:102260000040024000B0FA00006002407047C046E3
:10227000F8B557464E464546DE46E0B599460A9BB8
:1022800007009A460D9B8846934615000B9E9B07B8
:1022900010D10C9B9E420DD29D1B14000E005D447C
:1022A00022004B46013431002020B847A542F7D127
:1022B000B0460B9E002E27D0444675195346AA1BE4
:1022C000013E985D21004B46B847002EF6D1230011
:1022D0002C0098460D9B9B070FD55B46E51A0C9B7F
:1022E000AB420AD94646984622004B463100202090
:1022F0000135B8470134A845F6D82000F0BCBB46EC
:10230000B246A946A046F8BD2C00E3E7F0B54F461B
:102310004646D646C0B584B098460EAB1B78129F91
:10232000994694460D9C109B119EBA0725D4002E09
:102330004BD19C4200D3BFE001223A4092461F2C71
:1023400000D9B8E00C9A551E302201E0202C03D0B1
:1023500001342A55A342F9D85246002A0DD0A6428C
:102360000BD9202C44D00C9A551E302201E0202C91
:102370003ED001342A55B442F9D1FA064DD57A053A
:102380003FD4002C39D10F9B102B00D179E00F9B4B
:10239000022B00D18AE030230C9A012413704B46A3
:1023A000002B3FD02D230C9A135501340C9B624611
:1023B00000930397434602960194FFF759FF04B038
:1023C000E0BCBA46B146A846F0BD012215003D402A
:1023D000AA463A422FD04A46002A02D10C323A424B
:1023E00000D0013E9C42BAD21F2CABD9202E27D957
:1023F0002024FA06DAD57A0503D4A3422DD0A642CA
:102400002BD00F9B102B32D0022B20D0202CCDD0E4
:1024100030220C9B1B191A700134202CC6D04B465D
:10242000002BBFD17B070DD43B07BFD520230C9ACF
:1024300013550134BAE79C429FD21F2C00D881E784
:1024400020249AE72B230C9A13550134AEE7202C55
:10245000ACD00C9B1B1901343AE0631E012C92D0C6
:102460000F9A102A2AD0022A2FD01C00D0E7BB06D0
:102470000ED4202C9AD00C9B1A1901347823137097
:10248000C4E7BB060DD478230C9A01241370BFE770
:10249000202C00D18AE758220C9B1B191A7001349A
:1024A000B4E758230C9A01241370B1E70C9A6033F7
:1024B00001241370ACE7202400265EE7023CBA0634
:1024C000E9D40C9A12191C00D8E70C9A924653448E
:1024D00062221A709AE7C04610B5002800D110BDDC
:1024E00001F0FCFEFBE7C0460B0010B5002802D04F
:1024F00049681B68984710BDF0B5DE4657464E4602
:102500004546E0B59BB09B46249B89469846259B53
:102510000B900C924046424619009A4601F0ABFCE3
:10252000002800D0D8E0012240465146774B524265
:1025300001F09CFC002800D0CEE00122404651462C
:10254000734B524201F07CFC002800D0C4E0002212
:1025500000234046514601F073FC002800D0B9E149
:10256000424653460A9209938023289ADB001A4078
:102570000E92289A1A4201D1062326930A9A099BA1
:102580001600134300D0C7E0289B002500261B053A
:1025900000D49BE100230D93269A0D9B9A4200DC08
:1025A0009FE1D01A431E26938023289ADB001A430A
:1025B0000023002728920D93279B0024BB4200D9BB
:1025C000DC1B0223289A1A400E92289A134203D049
:1025D0007B427B415B421C400D9B002B07D00A983D
:1025E00009992A00330001F0D2FB0A9009910022D8
:1025F00000234046514601F023FC002805D08020EE
:1026000000068446099961440991289A414B0B9D23
:1026100013400493269B0A9A0293099B0394009209
:10262000019349465B4628000C9A00F08BF90400A0
:10263000002F62D0289B220098061F23C0179843C2
:10264000631C984649465B466530A8470D9B0025AC
:10265000DA179C18DB0F9A465440013F01E0202D09
:1026600013D00AAA94461F23200063440A2101358F
:102670005E1901F03FF93031317020000A2101F07C
:1026800039F926000400092EE9D805230693002312
:1026900004930A330393534605970B9F029312AB9F
:1026A000009342465B46494638000195FFF72EFEEF
:1026B0000E9B0400002B20D00C9BC51A279BAB421D
:1026C0001BD91E0022005B46494620200135B84731
:1026D0000134AE42F6D810E0289B42460493279B73
:1026E00049460393269B0B9802935346009201930D
:1026F0005B460C9A00F026F9040020001BB0F0BCE9
:10270000BB46B246A946A046F0BDC046FFFFEF7FDC
:10271000FFFFEFFFFFF7FFFF734B099F9C46780019
:10272000400D604401F0BAFB704A714B01F049FB67
:10273000704A714B01F026FB3B03704A1B0B1A4396
:1027400004000D00300011006D4B002201F015FB5C
:102750006C4A6D4B01F035FB02000B002000290094
:1027600001F010FB01F0B2FB0D9001F097FB674AFE
:10277000674B04000D0001F024FB0022654B01F0C3
:1027800001FB01F0A3FB644A0600644B2000290012
:1027900001F017FB040030000D000F9601F07EFBE6
:1027A0005F4A604B01F00DFB02000B002000290086
:1027B00001F0E3FA02000B0006000F0001F001FB3C
:1027C000320004000D003B003000390001F0DAFA5D
:1027D000002210901191544B2000290001F0D7FAEB
:1027E0000022524B01F0CEFA02000B00200029001B
:1027F00001F0CDFA00224E4B01F0C4FA02000B00AA
:102800002000290001F0C3FA0D00802104003200ED
:102810003B000020C90501F0B0FA02000B002000C7
:10282000290001F0AFFA02000B001098119901F095
:10283000AEFA0022314B01F0A5FA3E4B0F9C9C46AC
:1028400064440022230501F0BCFA05000E000200DA
:102850000B000A98099901F0F3FA00280AD00D9BA1
:102860002800013B31000D930022304B01F08FFA1C
:1028700005000E00C6270D992B0063318F42BF4122
:1028800028997F420437090500D495E6334300D1E7
:1028900082E6099C284A2100284B0A9801F0DEFABA
:1028A000002808D000222100254B0A9801F0C8FA20
:1028B000002800D070E6269B002B00D17CE60E9B02
:1028C0005A1E9341269AD31A269375E600230427AD
:1028D0000D9371E643460A9380231B0653440993E4
:1028E00042E6002326935FE601FCFFFFFB799F5041
:1028F0001344D33FB3C8608B288AC63F0000F03F23
:102900000000F83F61436F63A787D23F71A3790945
:102910004F930A400000E03F1655B5BBB16B024033
:10292000EF39FAFE422EE63F00002C400000244022
:1029300000001840FF0300002D431CEBE2361A3F55
:1029400080842E41F0B54E46DE4657464546E0B5FA
:1029500097B09946209E219F229B834698460791D7
:102960000C923B0032003000390001F084FA00285C
:1029700000D0A9E1012230003900CA4B524201F0D7
:102980005FFA002800D0E1E0012230003900C64B98
:10299000524201F06BFA002800D0B7E0002230006C
:1029A0003900C24B01F062FA002800D099E0002201
:1029B00030003900BE4B01F043FA002800D090E00F
:1029C000002200233000390001F03AFA002800D03C
:1029D000B1E000230D93249B5B0501D406239846A8
:1029E00008AB9C461722002430234146624404E091
:1029F000013413550139202C01D00929F8D8884613
:102A00003000390001F062FA4346DA00A94B0500B4
:102A10009B181A685B680892099301F03FFA02005C
:102A20000B003000390001F0A8F9089A099B01F069
:102A3000C8F90A900B9101F06DFA824601F02AFA6A
:102A400002000B000A980B9901F097F900229A4BAB
:102A50000A900B9101F00AFA002800D1C0E001238E
:102A60009C46E244504601F015FA02000B0008981B
:102A7000099901F0EBF9002802D000239A460135AC
:102A80004346002B6AD008AB17269C46089566443F
:102A9000554614E001235B4243440A2128009A462C
:102AA00000F028FF013430313719397028000A212D
:102AB00000F020FF092D00D8D0E0D0460500202CE2
:102AC000E8D10EAB98460323249A1340012B00D182
:102AD00096E02023249A01930392239A434602927C
:102AE0001EE0249B58460493239B00960197039372
:102AF00043460C9A029307994B46FFF7FDFC17B02B
:102B0000F0BCBB46B246A946A046F0BD249B5B077D
:102B10000ED40322694B24990192039123990291C7
:102B2000009358464B460C9A0799FFF7A1FBE6E73E
:102B30000422634BEFE73B0032000020002101F04C
:102B40001CF9012306000F000D9344E7249B039317
:102B5000239B0293042301935A4BE1E7280001F0E1
:102B60009DF902000B003000390001F006F9524BCC
:102B7000002206000F0001F063F90EAB9846002812
:102B80000AD10022300039004B4B01F06FF90028C8
:102B900002D1EB0700D50135202C94D008AA944629
:102BA0001723280063440A2101341E1900F07AFE1D
:102BB0003031280031700A2100F074FE051EEBD17F
:102BC0000323249A1340012B1BD0202C00D180E733
:102BD0000D9B002B35D02D224146631C0A5579E709
:102BE00000220A980B99344B01F02AF9002800D0F2
:102BF00046E75346002B51D101239C46E2443FE770
:102C00002024239B002BE0D00D9B002B03D1249A82
:102C10000C33134202D0239B013B2393239BA342FB
:102C2000D3D908AB9C46172230236244202C00D114
:102C30004FE72399013413558C42C6D0202CF8D18C
:102C400047E7249B5B0724D4249A2300120700D46F
:102C500040E72022414601330A553BE75746089D8D
:102C6000202C00D12DE7220030214046002F09D032
:102C70000132B154202A00D123E7D3431B191B187A
:102C8000002BF5D10EAB98462E234146541C8B5495
:102C900082E72B224146631C0A551BE7DB0700D461
:102CA000EEE6A9E7FFFFEFFFFFFFEF7F65CDCD4128
:102CB00065CDCDC1307F00100000E03F387D0010B1
:102CC0003C7D0010487D0010249B0393239B0293BE
:102CD00003230193004B23E7447D0010F0B5DE464B
:102CE0004E4657464546E0B59FB01C00289B91468E
:102CF0000993C94AC94B8B4608901A60002900D134
:102D000018E2002320789A46002800D11AE2260013
:102D10001D005C460AE02A006F1C4B46089D2100FE
:102D2000A8473D0001363078002870D02528F2D120
:102D300010239B46083B9A46043B9846023B0021E1
:102D40009C46721C107816000300203BDBB2102B4F
:102D500003D8B34F9B00FB589F460300303B092B21
:102D600032D900230A932A2868D0002398462E28B7
:102D70003ED00300683BDBB2122B1CD8A94A9B0053
:102D8000D3589F46012301321943DBE763460132E2
:102D90001943D7E7434601321943D3E75B46013273
:102DA0001943CFE7534601321943CBE780235B0039
:102DB0007078194301360300253BDBB2532BAAD8A8
:102DC000994A9B00D3589F4600270300B800C019BA
:102DD00001364000C018337830381A00303A070006
:102DE000092AF3D90A901800002398462E28C0D14A
:102DF00080237078DB0019430300303B721C092BE1
:102E000000D8A1E12A2800D1B2E11600B1E7A3461B
:102E1000AA462C00D14503D801235B424B449A4675
:102E20004B46524659460020089DA84720001FB037
:102E3000F0BCBB46B246A946A046F0BD099B40CBBC
:102E40000A96002E03DB50780993561C8DE728382C
:102E5000014370420A9009935078561C85E7782800
:102E600000D1DFE1582800D14CE26F2800D14FE3B8
:102E7000622801D100F030FC10230A009A430B9223
:102E8000692801D000F0A9FC0A230C934B0500D55A
:102E9000D0E10B9A802311009B0019408B461A4207
:102EA00000D0A1E2802311005B0019408A461A423B
:102EB00000D0B6E313005B0600D5EDE213000999DC
:102EC0001B0601D400F076FC08C91BB2D8171A18EB
:102ED000424092B209919346DA0F1292002B09D127
:102EE000802310220B99DB000B4091430B91002BA8
:102EF00000D0E4E20B9A6123920600D541230EA98B
:102F00001F228C46DBB262440A3B5F461395A34600
:102F100055460C9CB2460D9316000AE03033DBB2E6
:102F200001357355A74200D2EDE2202D00D1EAE22F
:102F300007002100380000F0DDFCCBB20929EDD9F3
:102F40000D9A94466344DBB2EAE780239B007078D5
:102F5000194301362FE77078682800D1CDE180232E
:102F60000136194327E770786C2800D1BFE1802330
:102F70005B00194301361EE7462800D19BE107227A
:102F8000099B0491073393430A9A1900039242461E
:102F900002920CC908980092019309912A004B46AD
:102FA0002100FFF7CFFC01360500BCE62A006F1CAC
:102FB0004B46089D21002520A84701363D00B2E67A
:102FC0008B0700D4ADE1099B2A009A466B1C9846FA
:102FD000534601CB21009A46089F4B46C0B2B847E2
:102FE0000A9B9C466544012B00D886E2089B474615
:102FF000B04626004C4699463A002300013731007E
:103000002020C847AF42F7D1A14653463400464678
:103010000993013687E6C046DD2C0010F424002019
:10302000507D0010947D0010E07D0010099B04CBC2
:103030009B4643460992002B00D1C6E013789C467C
:10304000002B00D1BDE34346013B099A0133D01860
:103050000A9F130001E0834203D05A780133002A0B
:10306000F9D1099A0A979B1A0B9380230A00DB0077
:103070001A400C92194204D00B9B434501D9434698
:103080000B9302231A000A400D920B4200D187E1F4
:103090006046002800D168E10C9B002B00D10DE1B7
:1030A000A844C246099B57465B1B9846089BB246FC
:1030B0002A0026004C46994609E023003100551CA1
:1030C000C8474346585D002800D126E12A009742B0
:1030D000F3D1A1463D00340056460D9B002B00D095
:1030E00043E15B46013609931DE6099B1A0008CAB5
:1030F0009246002B48D0212211438B460EA88446CD
:103100001F216144099500220F27A4460D0002E00B
:10311000202A0CD00B003C001C4020003730092C2A
:1031200000D807380132A85419090F2BF0D864468B
:10313000099D32E0DC4B2078089300239A46002852
:1031400000D0E4E5002465E6434606000A9F9800A7
:10315000C018013240008019167803003000303862
:10316000303B0928F3D93000984616000A9700E64C
:10317000099B023604CB9046D2434046D2171040FA
:10318000804609933078F4E510220800904311320C
:103190001043834600224905B0D55B4606930823B9
:1031A000059343460493102303930023029316AB25
:1031B000019200932A004B4621000898FFF7A6F8D9
:1031C0005346050001360993ADE513789C46002B64
:1031D00000D1F7E202235B4237E7202302009A4343
:1031E000472A04D180231B01194302239843452811
:1031F00001D1202319430722099B049107339343EC
:103200000A9A19000392424602920CC90898009249
:10321000019309912A004B462100FFF76DF9013611
:10322000050080E510230C930C230A009A430B92AF
:103230004B0503D501230B9A9A430B92692800D1C1
:1032400027E6642800D124E60B9A802311009B0016
:1032500019408B461A4200D066E1802311005B00C2
:1032600019408A461A4200D039E213005B0600D5A5
:103270003CE113001B0600D4A6E2099B04CB120418
:10328000120C934609935B46002B00D09AE10B9AEF
:103290001033110099430B91520500D492E10023A1
:1032A0009A460B9B06930A9B0593434604930C9BFB
:1032B000039300230CE12023194360E6099B0A9A3B
:1032C0005B1B98464B4691461F00B2462600089C61
:1032D0002A003B003100A04743460135585D0028D5
:1032E000F6D14A463400B94656460A92F5E6C0235E
:1032F0009B00B078194302365DE5C023B0781943CE
:10330000023658E50C230A009A4314331A43103B43
:103310000B920C934B058DD496E7A146340056468C
:10332000DBE60A9A012A00D853E26B1E9F18089B1D
:10333000B04626004C4699462A002300013531004C
:103340002020C847BD42F7D1A14634004646099B1C
:103350003A0001CB210098467D1C4B46089FC0B225
:10336000B847434601360993DDE40B9B0A9AA84609
:103370009A4200D8B5E694466544ED1A089B474644
:10338000B04626004C4699463A00230001373100EA
:103390002020C847AF42F7D1A14634004646A0E6F8
:1033A0000B9A0A99531C914200D814E24B199B1AAC
:1033B0001F00089BB24626004C4699462A0023006F
:1033C000013531002020C847BD42F7D10A9BA146F4
:1033D00001330B93099B34001B7856469C4660468C
:1033E000002800D058E67CE60722099B0733934368
:1033F000013294469C4462465F6809921A68FB1742
:103400001093119310981199030053400E930B00E1
:103410007B400F9394460E9A0F9B121A8B410E928B
:103420000F93FB0F6246129300233A439B463DD015
:103430000B9A6123920600D541230022DBB20EA92C
:103440000A3B8C4692460D9343461F3262441395C5
:10345000159655460E9E0F9FA24690460C9C1493BF
:103460000CE03032D2B2434601355A55BB4500D14B
:103470008AE1202D00D18AE106000F0022000023FE
:103480003000390000F078FAD2B2092AE9D90D9B50
:103490009C466244D2B2E6E7FF23099904C913406F
:1034A0001A00099117E5C0466D2200100B9A1033DF
:1034B000110099430B915205BAD500239A460B9BF4
:1034C00006930A9B0593434604930C9B0393129B1C
:1034D00002935346019316AB2A00009321004B46FA
:1034E0000898FEF713FF013605001CE4FF22099B34
:1034F00002CB11408B460993C5E6534645460993D6
:103500000136FFF710FC56465C46AA46139DD6E7E7
:1035100008230C930B910B99642800D084E60B9B35
:103520005B0500D586E6B4E40722099B0733934385
:10353000013294469C44624609921A685B68100006
:103540009B4613005A46134307D10B9A10331100C0
:1035500099430B91520500D5A1E60B9A612392067F
:1035600000D541230022DBB20EA90A3B8C469246CD
:103570000D9343461F3262445F461295A34655465B
:103580000400B24690460C9E13930DE03032D2B246
:10359000434601355A550023BB4200D100E1202D9E
:1035A00000D100E104000F003200002320003900A8
:1035B00000F0E2F9D2B2092AE8D90D9B9C46624498
:1035C000D2B2E5E70B9A6123920600D54123DBB224
:1035D0000EA90A3B1F228C460D93230062445C46D1
:1035E0001295170055469B46B2460C9E08E03033B4
:1035F000DBB201357B55B4420ED3202D0CD0040034
:103600003100200000F076F9CBB20929EFD90D9AEC
:1036100094466344DBB2ECE756465C46AA46129DEC
:103620003FE6099B1A0008CAD91713925A184A4054
:103630009246DA0F1292002B08D1802310220B99A8
:10364000DB000B4091430B91002B2BD10B9A612394
:10365000920600D541230EAA1F279446DBB20A3BEF
:103660000D9567445D460993A3465446B2460C9EA9
:1036700008E03033DBB201357B55B4420ED3202D48
:103680000CD004003100200000F034F9CBB209293D
:10369000EFD9099A94466344DBB2ECE756465C46A0
:1036A000AB460D9D0B9B2A0006930A9B21000593B8
:1036B000434604930C9B08980393129B0136029394
:1036C0005B46019316AB00934B46FEF71FFE139B20
:1036D00005000993FFF727FB02230C931AE7099BC8
:1036E00004CB92461293002A08D1802310220B9912
:1036F000DB000B4091430B91002B2BD10B9A6123E4
:10370000920600D541230EAA1F279446DBB20A3B3E
:103710000D9567445D460993A3465446B2460C9EF8
:1037200008E03033DBB201357B55B4420ED3202D97
:103730000CD004003100200000F0DCF8CBB20929E5
:10374000EFD9099A94466344DBB2ECE756465C46EF
:10375000AB460D9D0B9B2A0006930A9B2100059307
:10376000434604930C9B08980393002302935B4603
:10377000019316AB00934B46FEF7C8FD129B050064
:1037800009930136FFF7CFFAB44200D871E6149BD3
:1037900054460E960F97AA469846159E139D8EE6A0
:1037A000A64200D8FBE6139B56469846AA465C46BE
:1037B000129D76E508C9D8171A1842400991FFF7FB
:1037C0008AFB00230B9350E4099B04CB9346099397
:1037D00059E52F00BBE50B9301E6063B0C939AE6F7
:1037E00000B585B0039101210290009303481300B6
:1037F0004A4202A9FFF772FA05B000BDE9240010A1
:1038000010B5094A0300146884B0002C08D00122C6
:1038100000910648524203A9A047012004B010BD00
:1038200000F0ACFD0020F9E7F4240020D9240010BA
:1038300001480421014B1847E013002061380010B3
:10384000142310B50100188804331B88984710BD55
:10385000162310B50100188802331B88984710BD45
:10386000F8B54746CE4680B50F1E19D014239946A9
:10387000043304000025012698464B461888434629
:1038800021681B88984701C4431E98410135404276
:103890000640AF42F1D13000C0BCB946B046F8BDD9
:1038A0000126F8E7124A936F9B0815D29066D166FD
:1038B000002905D0FFE7FFE7FFE7516F106F704762
:1038C00004B580210906C2175140002800D0C84322
:1038D00004F096F9002104BDF0B5146E556E576FD3
:1038E000166FFFF7E3FF1466556657671667F0BD5E
:1038F000000000D0114A936F9B0813D210665166E6
:10390000002905D0FFE7FFE7FFE7516F106F704711
:1039100004B5002801D00020C04304F071F9002153
:1039200004BDC046F0B5146E556E576F166FFFF7A5
:10393000E5FF1466556657671667F0BD000000D0B6
:1039400094464E4A926F9208624601D230E0C046D9
:10395000F0B54A4EB56F6D08FCD3346E756E776F57
:10396000366F00F025F89446444A1466556657674A
:1039700016676246F0BDC0469446404A926F920870
:10398000624601D258E0C046F0B53C4EB56F6D08B6
:10399000FCD3346E756E776F366F00F04DF8944639
:1039A000364A14665566576716676246F0BDC046CC
:1039B000002B24DB11D000293EDA00B5C943404278
:1039C00000D1013100F038F8C943404200D1013143
:1039D000DB43524200D1013300BD002AEBD1002865
:1039E00001D1002905D00020C90FC90701D1C0436A
:1039F000410800B504F0FCF80022002300BD00B52A
:103A000000290ADBDB43524200D1013300F014F8F5
:103A1000C943404200D1013100BDC943404200D1F9
:103A20000131DB43524200D1013300F005F8DB43A2
:103A3000524200D1013300BD002923D1002B18D1FF
:103A4000002A0CD0BC460D4F38667A660021002350
:103A5000FFE7FFE7FFE77A6F386F67467047002898
:103A600001D00748010000B504F0C2F8002200238D
:103A700000BD02000B00002000217047000000D0B4
:103A8000FFFFFFFF002B00D0BFE0130C28D1002A5E
:103A9000E7D080B4114F39667A66FFE7FFE730B4AC
:103AA000040C7B6F396F1B0423433B667A66FFE788
:103AB000FFE7FFE7C04684B27B6F3D6F1B042343E3
:103AC0003B667A66FFE7FFE7C04600232C042D0C17
:103AD0007A6F386F00196941B0BC7047000000D0A0
:103AE000F0B594460025140E01D112020835140FCA
:103AF00001D112010435940F01D192000235D40F87
:103B000001D152000135D40B0134254F7C66254C80
:103B10003C660E0C93B2FFE7FFE7FFE73C6F66439E
:103B2000360C7703BE467343DF0B5B04C01AB94102
:103B3000130C7343DB18C91ACE086643360CB6441F
:103B400093B273431F0F1B01C01AB941130C734387
:103B50001F0B1B05C01AB941860D8F023E436643F9
:103B6000360C092D24DB520A7243801A7703460A69
:103B70006643360C16235B1BDE40DF40BF196446EC
:103B80006643821B7046043506330100D940A840C5
:103B9000C01900D30131A24206D20023F0BD0000BB
:103BA000000000D0FFFFFFFF121B0130F3D3F1E74D
:103BB00009277F1BFE406446A2B27243801A00D2DE
:103BC0000139220C7243130C1204821A99410B0022
:103BD0007046043513370100F940A840801900D31E
:103BE0000131002B02D1A2420AD2F0BD013000D334
:103BF0000131121BFAD2013BF8D1A24200D2F0BD32
:103C0000013000D30131121BF7E7F0B51C0C00D0D6
:103C100080E00CB400251C0A04D11B02160E3343AD
:103C2000120208351C0B04D11B01160F334312017D
:103C300004359C0B04D19B00960F33439200023550
:103C4000DC0B02D192185B4101351C0097186441CE
:103C50000134464F7C66464C3C660E0CFFE7FFE79E
:103C6000FFE7C0463C6F6643360C7703BE4697B20B
:103C70007743C01B00D20139C01B00D201399FB26B
:103C80007743C91BC91B170C77437E04FF0B801BAE
:103C9000B941CE086643360C0C2D33DBB644120B0B
:103CA0001F053A431B0B97B27743C01B00D2013963
:103CB0009FB27743C91B170C77433E043F0C801B10
:103CC000B941860D8F023E43664329277F1BFE4084
:103CD0000C3D7746AF40BF1930BCA2B2ABB27243C5
:103CE0007343801A9941220C7243130C1204801AF8
:103CF000994102000B000137001BA941F9D2781E3F
:103D00000021F0BD0C277F1BFE4077467F0BAF40A4
:103D1000FF19E0E700245D1C07D0144F7D6639666B
:103D2000FFE7FFE7FFE7FFE73C6F95B29EB2654311
:103D30006643401BB141150C1E0C654366433604B7
:103D40002F0C3E432D04401BB141994204D2020086
:103D50000B0020000021F0BD01D19042F7D3801A62
:103D6000994101349942F2D3F6E70000000000D0F7
:103D7000FFFFFFFF48404140484018B4134B5B68C9
:103D8000019308BD18B4114B1B68019308BD9446FC
:103D90000F4A926F920805D2624618B40B4BDB684B
:103DA000019308BD0A4AF0B5146E556E576F166F31
:103DB0006246FFF7F2FF064A1466556657671667B4
:103DC000F0BD18B4014B9B68019308BDA0190020F9
:103DD000000000D0FFB550404240504059404B4099
:103DE000594000E0FFB5154F4C00640D03D0BC42B4
:103DF00004D10C0314D80020090D09055C00640DE2
:103E000003D0BC4204D11C030AD800221B0D1B05A1
:103E100001264B4009D44B4003D58B4200D182424E
:103E2000FFBD9942FCD19042FFBD0B43DB18034319
:103E30001343F5D0C9434918FFBD0000FF07000038
:103E400000B5FFF7CFFF804100BDC04600B5FFF7CA
:103E5000C9FF01D9002000BD012000BD00B5FFF75A
:103E6000B9FF01D9002000BD012000BD00B5FFF75A
:103E7000B1FF804100BD012040054A00121804D85E
:103E80005A00121801D80020704701207047002006
:103E9000704700000021002805D17047C117484035
:103EA000401AFAD0C90713B5064B1B6898470CBCDB
:103EB000441CA2401005120B0349091B09051943B4
:103EC000114310BD202500201F04000010B54C0038
:103ED000620D8023D218DB00D21A5B057E2A10DD2A
:103EE0009E3A13DACC170903490819435242D140CC
:103EF000640001341532202A05DAD04008436043BB
:103F000010BD002010BD0846604310BDC80FC0188A
:103F1000013810BD18B4024B5B6A019308BD000064
:103F2000A019002010B50148FDF75EFF807F00104A
:103F3000132370B51D78012D11D035DD1C48FFF716
:103F400087FC1C4C01008022200000F0AFF8022DFD
:103F500027D01948FFF774FC184B186070BD184B38
:103F6000144C23606360A360E36023616361A36119
:103F7000E36123626362A362E36223636363A36317
:103F8000E36323646364A364E36423656365A365F7
:103F9000E36523666366A366E36623676367A367D7
:103FA000E367084BA364D4E7024C064BA364D0E755
:103FB00053440000A01900204C33000020250020AD
:103FC000253F0010C93F001007B5604601880A0A66
:103FD0000230DF2AFAD1C9B2820804D302884088AD
:103FE0000004104300E00068014A5050039007BDF0
:103FF000A019002051434343C9188C46110C83B2C9
:104000004B4310B4040C614392B280B250436243FC
:104010001C041B0C001910BC59411304120CC018CD
:10402000514161447047000010B50148FDF7DCFEC6
:10403000B47C0010132310B510481C78FFF708FC5F
:104040000100012C0AD003DD80220D4800F02EF87B
:104050000C48FFF7F5FB0C4B186010BD084C5422C0
:10406000200000F023F82300084A8033216800294B
:1040700000D122600434A342F8D1E9E7534600009E
:10408000242500204C33000020250020294000106A
:1040900001480421014B1847F0130020613800103B
:1040A000014B1B6818470000F0130020014B5B68B0
:1040B00018470000F0130020030010B5080011009D
:1040C0001B68984710BDC046F0B546464F46D646D9
:1040D000C0B5437C80460E001700002B46D0002A56
:1040E0003FDD4B1E9946244B0125002400209A46B3
:1040F0000DE04B461B5D0D3B5A425341325DDBB236
:104100000A2A0BD02B00013401359F421ADD002C06
:10411000EFD14346325D1B7C0A2AF3D1002BF1D14B
:10412000A04204DA4346211A1B68301898474346D8
:1041300050461B6802219847013428002B000135A6
:104140009F42E4DC874204DD4346391A1B6830187D
:104150009847F619013E33780D3B5A425341424687
:104160001374E0BCBA46B146A846F0BD036811001E
:1041700030009847F5E7C04608800010F0B5C64605
:104180000C000968060000B5802906D04B1C23608E
:104190006418267180BCB846F0BD0F4B1D68002D19
:1041A00016D0231D98460D4F02E0ED68002D0FD06C
:1041B0002B68002BF9D03B68002B01D0AB42F4D127
:1041C000280041462268FFF77FFFED68002DEFD100
:1041D00001230021DBE7C046E8200020F02000207A
:1041E000F0B557464E464546DE461C00D023E0B5A6
:1041F0001B061F68344B83B006000D00180001A990
:1042000091469A4603F004FD8046002808D1019BA0
:104210007FB29F4204D0504603F01AFD0123984616
:104220006B1C03D1300003F093FC0500002C27D158
:10423000264F274B1C68002C18D04B46002B21D151
:10424000244B994602E0E468002C0FD02368002B31
:10425000F9D04B461B68002B01D0A342F3D12000BC
:104260002A003100B847E468002CEFD14346002B08
:1042700025D103B0F0BCBB46B246A946A046F0BD6E
:10428000154FD6E7134B99460A239B4602E0E46894
:10429000002CEBD02368002BF9D04B461B68002B79
:1042A00001D0A342F3D12A0031002000B8475A467A
:1042B0006B4620001A7101A90122B847E7E7504672
:1042C00003F08EFCD5E7C04670180020C9400010EE
:1042D000E8200020F0200020B9400010F0B5CE46C4
:1042E000474680B583B06B46DE1CD02330701B067A
:1042F0001C681F4B804601A91800994603F088FCF2
:10430000071E20D01B4B1C68002C28D01A4D02E041
:10431000E468002C0FD02368002BF9D02B68002B09
:1043200001D0A342F4D1200001223100FFF7CCFEDE
:10433000E468002CEFD1002F11D1404603B0C0BC7F
:10434000B946B046F0BD019B64B29C420BD04846D2
:1043500003F07EFC074B01271C68002CD6D1484691
:1043600003F03EFCE9E7034B1C68002CCED1E4E7E8
:1043700070180020E8200020F020002070B5040014
:1043800003F0E6FB00230100050001222000FFF7F7
:1043900027FF084B1C68002C06D06368002B05D053
:1043A0009847E468002CF8D1280070BDE468002C20
:1043B000F3D1F9E7E82000200A4A1368002B05D161
:1043C0000CE01A00DB680C32002B07D09842F8D1C1
:1043D000002902D1C3681360C16070470029FCD076
:1043E0001060FAE7E8200020F0B54746CE46D0231B
:1043F00080B51B061D682E4BA5B007000C001800E9
:1044000003A9984603F004FC061E07D1039B6DB276
:104410009D4203D0404603F01BFC0136842200215C
:1044200003A8FFF73DFE23003A00224803A9FFF747
:10443000D7F9039B0700002B14D11F4B1C68002CDD
:1044400006D06368002B0BD09847E468002CF8D1A5
:10445000002E27D1380025B0C0BCB946B046F0BD0B
:10446000E468ECE7144B1D689946002D1ED0134CF0
:1044700002E0ED68002D11D02B68002BF9D02368E5
:10448000002B01D0AB42F4D1039B28001A0004A9F1
:104490000193FFF719FEED68002DEDD14B46039512
:1044A0001C68CCE7404603F09BFBD3E70395CFE7BE
:1044B000701800207D410010E8200020F02000202E
:1044C0000FB400B583B004A901C90191FFF78CFFB7
:1044D00003B008BC04B0184710B500F03DF910BD9A
:1044E0007047C0460022014B1A7070475B260020BF
:1044F0004B790020FF2B0BD18B79002B08D1CB7986
:10450000012B05D1082A03D98A78024B09301A7089
:104510007047C0465B2600200120704770B5002917
:1045200015D115495379107909781B0203430020EE
:10453000994200D070BD5378012B0AD0022BF9D1DB
:10454000002064220021FDF731FE0120F2E7012066
:10455000F0E79478D278050012021443D20502D510
:10456000620A93401D000548FFF76AF97F210300A6
:10457000214028009847C0465B2600205542000095
:1045800001230370004870470C80001048780B78B6
:104590008A7800021843120410439622CB7810B593
:1045A0001B060343D200934200D010BD0348FFF71F
:1045B00047F90021030008009847C0465542000013
:1045C00070B5184C82B006000D00200001A903F060
:1045D0001FFB002808D1D0231B061B68019A9A42B2
:1045E0001CD0200003F034FB002001F01FFE002847
:1045F00007D103256D42200003F0F2FA280002B033
:1046000070BD002001F02AFE0028F2D02A003100FF
:10461000002001F02FFE051EEBD0ECE703256D42D4
:10462000ECE7C04628260020F0B5DE464F46464659
:10463000C0B5334B82B081460D00180001A99B46DE
:1046400003F0E6FA002808D1D0231B061B68019A64
:104650009A424FD0584603F0FBFA002001F0E6FDE5
:1046600000283FD00024002D41DD264E11E04B46AE
:104670000020191901F072FE804600F065FE00204E
:1046800001F030FEFDF748F8306071604444AC4200
:104690002DDA002001F07CFE2F1B0200B84200DD65
:1046A0003A00002AE3D100F04FFE002001F01AFE8C
:1046B000002001F0BBFD002819D0002001F068FEA9
:1046C0000028E4D1FDF728F8326873680F00002154
:1046D00084460D4812184B419F4208D8D7D19445C3
:1046E000D5D904E000200021064B186059605846D7
:1046F00003F076FA02B0E0BCBB46B146A846F0BD76
:10470000282600209819002020A1070010B5044B8E
:104710001878FCF7F1F8FA200021800010BDC0469F
:104720005C26002010B5024B1878FCF7E5F810BDA8
:104730005C26002010B5074C0021200003F068FA29
:10474000002800D110BD00F0FFFD200003F048FA62
:10475000F8E7C04628260020F0B5244B85B01B782A
:1047600001F0FEFF2248FDF797FA0120FCF74CFB11
:10477000FF23204C204920701840FCF7E3F82078F4
:104780000121FCF7A7F80520FCF7BEF8041E0CD0A9
:10479000002205201949FCF7FFF801211848FFF70E
:1047A0000BFE0124200005B0F0BDFCF7A3FD0500C1
:1047B000FCF7B2FFFA2206000F00002392009219C4
:1047C0007B4199420ED80BD0012102910021019129
:1047D0000C4928000091FCF791FD0028E2D0DCE7AD
:1047E0009042F1D901225242D317EDE734840010F0
:1047F000282600205C2600203547001025470010A1
:10480000001400200D47001000487047C4800010BD
:10481000004870477080001070B504001748037896
:10482000002B21D0002C06D1C1241548154BA40023
:104830004380048070BD052C1DD8134B1048A40084
:10484000E558811C002304E001330A800231132B58
:104850000ED0EA5CDCB2002AF6D1C0230134E4B207
:1048600064009B001C43E4E7112102F00FFAD9E732
:10487000CA24A400DDE70020DCE7C0464026002073
:10488000C020002009040000D8800010F0B5982353
:1048900057464546DE464E466C4AE0B5D758802519
:1048A0003C006D02883B9A4683B02C402F420FD0CB
:1048B00001222321664B00205A54DA70654901F029
:1048C00073FA8022644B92021A65644B2C009A465C
:1048D000FB0617D480235B011F4245D18023DB01F7
:1048E0001F4200D088E080231B021F4200D091E0CD
:1048F000BC4200D0A5E003B0F0BCBB46B246A9461E
:10490000A046F0BD514B9B6D9846002B27D0524BD3
:1049100000249B460123994643460126B8461F00C2
:1049200004E001347600E4B2202C17D03742F8D0EE
:104930005B469E654B466508A3436D00ED18444BEE
:104940006D019C466544280000F08AFB00286CD16C
:104950000134B743E4B27600002FE5D14746802307
:104960005B0154461F42B9D01C430023374A002143
:104970001360384A3A489360D3603A4A9360D360F0
:10498000394A9360D360394A9360D360384A936060
:10499000D360384A9360D360374A9360D360374A14
:1049A0009360D360364A9360D360364A9360D36095
:1049B000354A9360D360354A9360D360344A93603C
:1049C000D360344A9360D360334A9360D360F0225B
:1049D0009200FFF765FB314B314A00211A6000203D
:1049E000012201F0B7F980221B4B12031A658023C4
:1049F000DB011F4200D176E70122042100201C4385
:104A000001F018F91022144B1A6580231B021F4273
:104A100000D16DE70122052100201C4301F00AF9B5
:104A200080220D4B12011A6562E74B46AA8AA978CB
:104A300000200093002301F0DFF9280000F04CFA79
:104A400086E7210017487940FDF7CEF900001150A4
:104A5000F420002000001050003011501000010020
:104A60003421002008001050100010501800105081
:104A70002000105028001050300010503800105006
:104A80004000105048001050500010505800105076
:104A9000600010506800105070001050FC2400207E
:104AA00080011050F080001010B501210520FBF7A7
:104AB00011FF10BD10B500220021024800F034FAA9
:104AC00010BDC046142100208022024B5202DA643D
:104AD0007047C04600201150F0B5C64600B506002C
:104AE00000F0D4F90C23354D0520AB673449FBF7B2
:104AF00029FF40239846334C402200212000FFF735
:104B0000CFFA43460127A383212100232E4A677051
:104B1000A260136063545F3161844146A18702390A
:104B200063542A4A2A496360E260A1620B60E26230
:104B3000284A63629360D360274A20009360D36061
:104B4000264A00219360D360254A40309360D360A9
:104B5000244A9360D360244A9360D360234A9360CD
:104B6000D360234A9360D360224A9360D360224A81
:104B70009360D360214A9360D360214A9360D360ED
:104B8000204A9360D360204A9360D3601F4A9360A9
:104B9000D360F0229200FFF783FA1D4B1D4A3000CC
:104BA0001A6080239B052F64EB6490231A4AEA5015
:104BB000FFF78AFF80BCB846F0BDC0460000115028
:104BC0008D480010F4200020840010500001105087
:104BD00080001050000010500800105010001050BD
:104BE00018001050200010502800105030001050B5
:104BF0003800105040001050480010505000105025
:104C00005800105060001050680010507000105094
:104C1000FC2400208001105010D001000B785B06AE
:104C200002D14B78052B00D070478A78014B1A606F
:104C3000FAE7C04600001150F0B5CE4647460723BC
:104C400080B548798E780A790340C8787F2180073B
:104C500031401B02F40913434F00820F94469146E2
:104C60002A4D3A195201AA189670012666405670CC
:104C7000604600269383D6709077CA00012C29D015
:104C800023488446880162448446AC44604682607E
:104C90001660002929D01F4AC9009046414441604E
:104CA0003F223F3393434A46022A00D15B001A4910
:104CB0003F190A687F01D3180B60184BED19534058
:104CC000EA604A469006184380231B0618436B6827
:104CD000186010E012488446880162448446AC445F
:104CE00060468262166000290AD1002364012D19F2
:104CF0006B600C4BEB600120C0BCB946B046F0BD08
:104D0000064AC900904641444162C9E7F4200020A8
:104D10008400105004001050FC24002000001050AB
:104D2000800010500001105000231C4A10B5936001
:104D3000D3601B4A00219360D3601A4A1A489360DB
:104D4000D3601A4A9360D360194A9360D360194ABA
:104D50009360D360184A9360D360184A9360D3601D
:104D6000174A9360D360174A9360D360164A9360E2
:104D7000D360164A9360D360154A9360D360154A96
:104D80009360D360144A9360D360F0229200FFF7DF
:104D900087F9124B124A1A6010BDC046000010502D
:104DA000080010501000105034210020180010503E
:104DB00020001050280010503000105038001050C3
:104DC0004000105048001050500010505800105033
:104DD000600010506800105070001050FC2400203B
:104DE0008001105010B57F200C0020404000E409E5
:104DF000110000191A00034B4001C01800F094F88C
:104E0000012010BDF42000207F22130010B50B40BC
:104E10000A420BD0C90980225800401806494001B7
:104E200040181201002100F05DF810BD0222034875
:104E3000C909521A8266EEE7F420002000201150C2
:104E40007F22100010B508400A4200D110BD002397
:104E5000C9094000401804494001081800220349CC
:104E6000C37000F03FF8F1E7F4200020FFF7FFFFE8
:104E70007F21C309034A9B00014010B59A5802489C
:104E8000FCF7B2FF141400200481001080220D4BA7
:104E9000520410B51A600C4B0C491A6010008B6854
:104EA0009843FBD10A4C9C2200212000FFF7F8F820
:104EB0008022002152010748FFF7F2F809236367B7
:104EC00010BDC04600E0004000F0004000C00040BF
:104ED00000001150000010500023037443828382AD
:104EE0008361704710B58368002901D01C68214098
:104EF000002A11D08024E400114322420CD01A6809
:104F000022420BD1074A0A401A60FFE7FFE7FFE79A
:104F1000FFE7FFE7FFE78368196010BD8078FFF7C0
:104F2000A7FFC046FFFBFFFFF0B5C646002300B554
:104F3000838201330374436804001E68838B81619C
:104F40001F1C934200D9171C8025BFB2D21B93B2FD
:104F5000E278ED0063823D43002A02D09025AD0146
:104F60003D4301204240E2706278002A51D0002B7C
:104F70001DD1A023DB011D43354B1B6C354B33404A
:104F80008026B6051E436368A2681E6013685B0531
:104F90005AD4314B2B401360FFE7FFE7FFE7FFE7F1
:104FA000FFE7FFE7A3681D6080BCB846F0BD802224
:104FB00052011543264A126C920703D4A278D209F3
:104FC000012ADBD1A28B111C9A4200D9191C80271F
:104FD0008AB2FF009B1A90461743E2789BB2638225
:104FE000002A03D090274146BF010F4301214A40C8
:104FF000E2706278002A19D0002B02D18023DB01F5
:105000001F43164B3F043340A026F6053D431E4385
:10501000B9E73A00E068FFF749F8A3699C468023A6
:1050200067441B021D43A761638AA0E7E06842460C
:10503000A1694030FFF73AF8A3694344A361802394
:105040001B021F43638AD7E7A078FFF711FFC04612
:1050500000001150FFFFFFAFFFFBFFFFFFFFFFDF6F
:10506000F0B5C64600B5067C0400002E00D1D3E0A2
:1050700083681A681D684378AD05AD0D002B51D1CA
:10508000838AEB189BB28382A18B8D4207D20023C7
:10509000638263681B68300080BCB846F0BD6268FC
:1050A0001268520002D58D4200D175E0638A002B50
:1050B000F1D062681F1C16688B4200D90F1C802536
:1050C000BFB2DB1BE2789BB2ED0063823D43002A56
:1050D00002D09025AD013D4301214A40E270627843
:1050E000002A68D0002B2AD1A023DB011D434F4B9F
:1050F0001B6C4F4B33408026B6051E436368A26885
:105100001E6013685B0500D58DE04A4B2B40136091
:10511000FFE7FFE7FFE7FFE7FFE7FFE7A3680026FA
:105120001D60B8E72A00C1688069FEF7BFFFA38A47
:10513000A269EB189BB25219A382A261A4E7802254
:1051400052011543394A126C920703D4A278D2094E
:10515000012ACED1A28B111C9A423FD880278AB255
:10516000FF009B1A90461743E2789BB26382002AA5
:105170002FD101214A40E2706278002A3ED0002BF4
:1051800002D18023DB011F432B4B3F043340A02679
:10519000F6053D431E43B1E7A26815686278AD018C
:1051A000AD0D002A1CD1EB18A3828D4200D37DE700
:1051B000002363826FE73A00A169E068FEF776FF9B
:1051C000A3699C46802367441B021D43A761638A31
:1051D00088E790274146BF010F43CAE7191CBDE786
:1051E000E1682A004031A069FEF760FFA38AA18B25
:1051F000EB18A382A3695B19A361D6E7E068424676
:10520000A1694030FEF752FFA3694344A3618023A4
:105210001B021F43638AB2E77F238178074A08484D
:105220001940FCF7E1FDA078FFF722FE00001150C5
:10523000FFFFFFAFFFFBFFFFFFFFFFDF14140020A6
:1052400024810010024B5878431E9841C0B2704729
:10525000201E0020024B18784007C00F7047C04640
:10526000201E0020014B18787047C04657260020AA
:10527000F8B54746CE4680B5294F05003B78002B50
:1052800004D00120C0BCB946B046F8BD532200216D
:105290002448FEF705FF244C2000FCF7FDFC234BBF
:1052A0001C60234C20001C30FCF712FD200001F094
:1052B000A1FC204B204E1C60204B9846002B04D0B4
:1052C0003000FFF75DF91E4B18604246002433782A
:1052D000002A1DD01B4A9046194A91469C4210D381
:1052E0001BD14346984701343378E4B2A342F5D248
:1052F0002800FFF7F1FB2800FFF7D6FB01233B70E6
:10530000BFE74A46630012681B19DB009B58E9E7B8
:1053100001F04AF83378002BEAD000231B68FFDE47
:1053200057260020201E0020D81D0020741E0020BB
:105330001C140020781E00205626002081450010F5
:10534000E81A0020A9630010F0B5DE4657464E4625
:105350004546E0B58BB001F009FA002800D144E1E0
:10536000C24BC34E9B4607AC3568EA69EFF3108128
:1053700072B61368002BFCD0BFF35F8F2962280040
:10538000210001F0ABFAEA692B6ABFF35F8F0021BD
:10539000116083F31088002800D126E16378082B80
:1053A000E2D85A469B00D3589F466368002BDBD057
:1053B000A0689847D8E77F222179AE4B0A40550074
:1053C000C8095B191B18180001273030C578BD4388
:1053D000C570C5780337BD43C570002A00D10BE105
:1053E000A54ADB7C002A06D0A44A1278934200D258
:1053F00091E19B1ADBB2002B00D0F6E0A04D627960
:105400002078A368A847AFE701229A4F01213B7893
:10541000042013433B703323FA5C8A43FA54FA5C4A
:105420008243FA540133FA5C8A43FA54FA5C8243A9
:10543000FA54237800209A4600F066FE6022237911
:105440001A40602A0DD0402A00D1F2E0DB06DB0EC4
:10545000012B00D16AE1022B00D121E1002B00D108
:10546000F6E020780021FFF7CFFC80212078FFF7BD
:10547000CBFC79E77F4B1B78DB0700D474E7814BCB
:10548000002B00D170E700E000BF6DE7794B1A7880
:10549000D20700D468E77C4A002A00D164E7187874
:1054A0000007C00F00E000BF5EE7744D724A00279E
:1054B0002B78002A00D1B6E0744A90469F4208D368
:1054C0009F4200D0B2E00137FFB29F4200D94BE7C4
:1054D000F6D2414609687A008C46D219D20062445D
:1054E0005269002AEFD02078904701372B78FFB21D
:1054F0009F42E3D938E72378604D5F4A98460027FA
:105500002B78002A00D186E0614A91465F4A924694
:105510002A0045469046BB425ED800D078E04B4614
:1055200028009847434601371B78FFB2BB42F2D2AE
:10553000504D532200212800FEF7B2FD1022FF211A
:10554000E81CFEF7ADFD28002022FF211330FEF7F6
:10555000A7FD00F0CFFD4F4B002B00D104E700E08A
:1055600000BF01E72378454D434A984600272B7832
:10557000002A47D0464A9146444A92462A00454668
:1055800090469F421FD343D14B462800984743463D
:1055900001371B78FFB2BB42F3D2364D53220021B4
:1055A0002800FEF77DFD1022FF21E81CFEF778FDA4
:1055B00028002022FF211330FEF772FD00F09AFD33
:1055C0002379AB70D0E6524612687B009446DB1913
:1055D000DB0063445B68D8E7524612687B00944660
:1055E000DB19DB0063445B689AE70BB0F0BCBB4699
:1055F000B246A946A046F0BD62792078A36800F0C3
:1056000097FDB1E6404600F00DFF2B78002BC4D08B
:1056100000235B68FFDE404600F004FF2B78002B80
:1056200000D185E7F4E7002B00D19DE600235B69FC
:10563000FFDE1948002800D113E700F065FD0021C6
:10564000504608AA00E000BF002800D08CE608E71A
:10565000202A00D19FE0002A00D002E76379092BBD
:1056600000D9FEE60D4A9B00D3589F465881001092
:10567000781E0020201E00208145001056260020A4
:10568000196600100000000000000000E81A002069
:105690002564001000000000000000007C81001064
:1056A0007023217A0B4200D0DBE60F330B405B0006
:1056B000F818CD090093C14B4019C07C002B06D0CF
:1056C000BF4B1B78984200D288E0C01AC0B20028B5
:1056D0007ED1002A00D015E1BA4B01936379984638
:1056E0000223424699469A43012A00D10EE14346DD
:1056F000002B00D0B5E6009B06AAFB185D193035DB
:10570000EB7802329B07DB0F13805046022308A977
:1057100000F092FC28E65A00D318AB4ADB0012686E
:10572000D318002B00D160E71D6968E6237A0F2BA0
:1057300000D996E6A14AFB18DB78002A05D0A04ADA
:105740001278934264D39B1ADBB2002B00D088E618
:105750009E489C4D00F0D8FC00215046EB6808AAFA
:105760009847002800D0FFE56022150023791D40EE
:105770001A4200D075E663790A3B012B00D970E626
:1057800000F0C2FC63790A2B00D1EEE0504608A974
:1057900000F03AFCE8E5237A0F2B00D961E6874A4E
:1057A000FB18DB78002A06D0854A1278934200D293
:1057B000D0E09B1ADBB2002B00D052E68348814D2B
:1057C00000F0A2FC00215046EB6808AA98473BE78E
:1057D000002A00D045E6002301937FE743009C4662
:1057E000794B60441B68C0009C46030063440193EE
:1057F000002A00D172E7002B00D132E6D86800F011
:1058000083FC019B00215046DB6808AA98471BE7F0
:105810006D4A5D00EB181568DB00ED18002D00D116
:105820001FE6E86896E7E388012B00D019E6082216
:105830003B785046934308A93B7000F0E5FB93E5A5
:105840000220397806AB9A1C8B068908DB0F0140D1
:105850000B4359E7A37901931A007B789A4207D04A
:105860007B78002B00D01EE1019B002B00D0B3E021
:10587000019B504608A97B7000F0C6FB74E57B785D
:1058800006AA023213705046012308A900F0D4FB87
:105890006AE5E088030AC0B20F2B00D9E1E54C4964
:1058A0009A008A58974608A800F034FC5046A1791F
:1058B000FFF700F902223B7813433B7054E5E3887D
:1058C000012B00D0CDE508223B785046134308A9B0
:1058D0003B7000F099FB47E5022B00D194E13D4B72
:1058E000002B00D1BDE500E000BF0200002A00D17E
:1058F000B7E5D37891781B020B43504608A900F016
:105900009BFBA1E62F4B3148019378E7E288002A00
:1059100009D14346012B3DD0009BFB185D19303562
:10592000EB789B072AD5019D002D00D11CE5EB6883
:105930001800009300F0E8FBEB68002108AA50462D
:105940009847002000F0E0FB3423FB5CDB0700D528
:105950000AE51BE71C4A5D00EB181568DB00ED1833
:10596000002D00D17DE5E8682AE706AB9A1C504679
:10597000012308A9157000F05FFBF5E45046FFF71E
:1059800043FA0222EB7813430122EB70EB781343C6
:10599000EB70C8E7009BFB185D193035EB789B076F
:1059A000C1D55046FFF74CFA4A46EB78934342463E
:1059B000EB70EB789343EB70B5E7C0468145001080
:1059C00056260020E4810010E81A002035650010FA
:1059D000A481001000000000581EC0B2FEF718FF9E
:1059E000002800D13DE543780493022B00D038E530
:1059F0000121C3799A115B110A400B4052011B012E
:105A000013433A782F318A4313433B700923994655
:105A1000C37882781B021343C31881440393039B0A
:105A20004B4500D8E9E04B4601225B7800920B2BF6
:105A300007D14B46DB7800934B461B7899444B4685
:105A40005B78042B00D00CE54A46039B00259B1A8B
:105A50009BB202936E4A6F4B1B78002A16D162E00C
:105A6000AB4271D16C4A6D4B904649465046029A02
:105A700098478446082802D9029A824269D2654B27
:105A800001351B78EDB2AB4200D2EAE4AB42E7D974
:105A9000634A6B0012685B199046DB0098444346EA
:105AA00005929B68E1E75046FFF73EF9BB78594DF8
:105AB000574A009300212B78002A2DD0584A90464F
:105AC0002A000D0091469D421DD300D0A0E5554B04
:105AD000504698474B4601351B78EDB2AB42F2D2A7
:105AE000532200213800FEF7DBFA1022FF21F81CB8
:105AF000FEF7D6FA38002022FF211330FEF7D0FA45
:105B0000009BBB70B0E6424612686B0094465B197E
:105B1000DB0063445B68DBE7504600F083FC2B78D6
:105B2000002BDDD074E5029B49461A00504698468A
:105B300000F08EFC8446082801D9404507D9354B32
:105B40001B78002B00D18CE400239B68FFDE324BD6
:105B50009846009B012B48D0009B002B10D04B4651
:105B60009978002305E0D5700133009ADBB29342A7
:105B700006D2CA18D2B2BA18D078FF28F3D070E48F
:105B80003800E0462B0049466246133000F02EFEF6
:105B9000204BC1441B78AB4200D340E761E4224B69
:105BA000002B00D15DE400E000BF0200A1E6FEF79B
:105BB0002BFE1223020008A9504600F03DFA43E5EF
:105BC0001A4B002B00D14CE400E000BF021E00D1B4
:105BD00047E45046137808A900F02EFA34E52189ED
:105BE000FEF71AFE021EF4D13BE442460B4B9268CC
:105BF0009A42B4D1049B0093B1E70D4B002B00D126
:105C000036E600E000BF33E6FEF702FE02006DE676
:105C10008145001056260020E481001051640010D8
:105C2000E81A0020256400100000000000000000B9
:105C30000000000030B587B005000C000C220021E8
:105C40006846FEF72DFA6B461D705C70042C4FD031
:105C500009D8022C34D0032C19D13C4B1A785207A6
:105C600058D407B030BD052C11D1384B1A78D20763
:105C7000F7D504211A788A431A70354B1C68E269FB
:105C8000EFF3108172B61368002B09D1FBE7304B9C
:105C90001C68E269EFF3108172B61368002BFCD028
:105CA000BFF35F8F21626946200000F0E5FEE269E4
:105CB000236ABFF35F8F0021116083F31088D0E760
:105CC0000121224B1A788A431A701A780331A243B1
:105CD0001A7000225A701A788A431A701C4B1C687A
:105CE000E269EFF3108172B61368002BD8D1FBE79D
:105CF000164B1A78D207B4D504211A780A431A70C1
:105D0000134B1C68E269EFF3108172B61368002B25
:105D1000C6D1FBE704211A7803A88A431A70002130
:105D20000C22FEF7BDF96B466A461D7305235373BB
:105D3000074B1C68E269EFF3108172B61368002B01
:105D4000FCD0BFF35F8F216203A9ADE7201E0020C6
:105D5000781E002070B584B001AC06000D000C2246
:105D600000212000FEF79CF9012363700D4B257183
:105D70001D682670EA69EFF3108372B61168002976
:105D8000FCD0BFF35F8F2B622100280000F074FE6F
:105D9000EA692B6ABFF35F8F0021116083F31088DB
:105DA00004B070BD781E0020002330B585B001AD71
:105DB0006B8028700633082202A86B70FEF776F914
:105DC0000C4B1C68E269EFF3108372B6116800296E
:105DD000FCD0BFF35F8F23622900200000F04CFE4F
:105DE000E269236ABFF35F8F0021116083F310889B
:105DF00005B030BD781E0020F0B5C646804600B51F
:105E000084B001AC0F0016000021082220001D0004
:105E1000FEF746F943462370072363700F4B657105
:105E20001D682771A660EA69EFF3108372B61168E6
:105E30000029FCD0BFF35F8F2B622100280000F007
:105E40001BFEEA692B6ABFF35F8F0021116083F3A9
:105E5000108804B080BCB846F0BDC046781E002053
:105E6000F0B54646D6464F468046C0B50C001500F4
:105E70001E00002A2ED070239946184B00279A4600
:105E80006378052B0FD1E1788907890FB1420AD1D8
:105E90004A46A3781A4206D153462000997800F06A
:105EA00069FC002805D10020E0BCBA46B146A846EE
:105EB000F0BD21004046FEF7BFFE0028F3D0A378D6
:105EC000DA09012A08D0089A137023780137E418F8
:105ED000AF42D5DB0120E7E7099AF5E7201E002055
:105EE000702270B58B7805000C001A4201D000209A
:105EF00070BD064B2000997800F03CFC0028F6D0DD
:105F000021002800FEF798FEF2E7C046201E002080
:105F100070B57F240C406300144CC909E418641860
:105F20003034E378DB07DD0F002B18D1E3785B0713
:105F300001D5280070BD01210D4E4942306801F0A5
:105F40006FFEE378DB07DD0F002B0AD1E3785B07F8
:105F500008D40422E37801251343E37002E000250E
:105F6000E7E70025306801F03BFEE2E7201E002055
:105F7000741E002070B50C0001210F4D49422868A5
:105F800001F04EFE7F2121404B000C49E409C91865
:105F900009193031CB780024DB0708D4CB785B07B4
:105FA000DC0F002B03DA0422CB789343CB702868F4
:105FB00001F016FE200070BD741E0020201E00207F
:105FC00070B57F250F4C0D406D0064190600C8099F
:105FD00024183034E5780020ED0700D570BD012588
:105FE000E0782843E0703000FEF7FCFE0028F5D191
:105FF0000122E3789343E370E37803329343E37041
:10600000ECE7C046201E002070B50A4E05003000A7
:1060100008220C00FEF74AF800237F21F360227863
:10602000B36091425B412800D90100220023FFF7B1
:10603000C7FF70BDC41D0020F8B5CE464746914647
:106040002A4E80B50822070030000D009846FEF762
:106050002DF84B46B3600023F381EC79A979240233
:106060000C43231C444500D943469AB29046B38161
:10607000002C13D0002A1FD04B46002B34D0131C09
:10608000402A1FD89BB2984633787F2B20D8002116
:10609000174A43463800FFF793FF09E07F222B7829
:1060A00038009A42644100230022E101FFF788FF93
:1060B000C0BCB946B046F8BD33787F2B11D98021DA
:1060C0000022E6E740239BB2984633787F2BDED947
:1060D000074C424649462000FDF7E8FF8021220098
:1060E000D7E700210022D4E70020E1E7C41D00200B
:1060F000E01D002010B5142200210248FDF7D0FF5A
:1061000010BDC046C41D0020014B18617047C04639
:10611000C41D002010B5054C010008222000FDF729
:10612000C5FF0023A360E36010BDC046C41D00206E
:10613000F8B53B4C1D0023780600DA09C9098A42EC
:1061400013D00020002D00D0F8BD364B002B03D01B
:1061500021003000FEF762FD2369002B44D02200AD
:106160000221300098470120EEE77F2B06D8A06877
:10617000002837D02A002C49FDF798FFA368E28950
:1061800059195219E38892B2E281A160934214D066
:106190003F2D12D9A589A81A071C80B240282FD8F4
:1061A0002378BFB27F2B2DD80021AA4235D01E4ABA
:1061B0003B003000FFF704FFC6E72369002B05D042
:1061C000220001213000984700280FD07F220021B3
:1061D000237830009A42494100230022C901FFF789
:1061E000EFFEB1E70020AFE70120ADE7002130006E
:1061F000FEF70AFE30008021FEF706FE0120A3E72D
:106200004027CDE7AA4207D0074C3A002000FDF70F
:106210004DFF80212200CBE780210022C8E7C04645
:10622000C41D00201D4C0010E01D002010B504000E
:10623000FFF708F8002801D1002010BDFFF70AF889
:106240000028F9D1B620800044430348001903799F
:1062500001201840F1E7C046EC1A0020B6239B004D
:10626000584310B5024B1030C01800F011FB10BDA0
:10627000EC1A0020F0B5B625AD0045432C00C6460B
:10628000174F1034E41900B5200092B200F074FBEF
:106290000600200000F014FB3F2803D8300080BC2B
:1062A000B846F0BD7B190020D9789846FFF730FE3C
:1062B0000028F3D0200000F003FB3F280AD99623E2
:1062C0009B00EA184346D219D97800204023FFF7F3
:1062D00077FEE3E743460020D978FFF74BFEDDE782
:1062E000EC1A0020F8B50400FEF7ACFF002801D13D
:1062F0000020F8BDFEF7AEFF0028F9D1B6208000DF
:1063000044432500144E2C35AD19280000F0C0FA86
:106310000028EDD037190020B978FFF7F9FD0028E3
:10632000E6D0A6239B009C466444A41921002800C3
:10633000402200F021FBB978051E08D0030022009E
:106340000020FFF73DFE0028D2D02800D1E7002032
:10635000FFF710FECCE7C046EC1A002070B5B6245B
:10636000A4004443094B2C34E418050092B22000E9
:1063700000F0C0FB0600200000F08AFA3F2801D898
:10638000300070BD2800FFF7ADFFF9E7EC1A0020E0
:10639000B6239B00584310B5024B2C30C01800F0B8
:1063A0008FFA10BDEC1A0020B622F0B51B4C83B05A
:1063B000002120009200FDF773FEFF236371184B4C
:1063C00080260025E3800127082321002000760095
:1063D00023733200278148310095073B103000F0CD
:1063E0001BFA2100200049313200FF3101230097C0
:1063F0002C3000F011FA92239B00E6183000FBF7D6
:106400004BFC94239B00A662E61830006562FBF704
:1064100043FC2664656403B0F0BDC046EC1A00205E
:1064200000C2FFFF10B5094C052200212000FDF736
:1064300037FE20002C34103000F0DCFB200000F090
:10644000D9FB0121200000F0FBFB10BDEC1A00205D
:10645000F0B54B79060083B0022B02D18B79022B69
:1064600003D00025280003B0F0BD2F4FBB78002BD0
:10647000F7D18B7809253B700C780C196378242BA5
:106480000BD1082A02D80FE0AA420DD32378E418D2
:10649000ED186378ADB2242BF6D0052B20D0042B59
:1064A00002D163790A2B2ED0204C200000F008FA8C
:1064B0003F28D7D92600103E0020F178FFF728FDAD
:1064C0000028CFD0200000F0FBF93F2816D99223F6
:1064D0009B00E218F17840230020FFF771FDC1E72F
:1064E00021003000FFF7FCFC0028BAD0A3787B70B5
:1064F0002378ED18E4186378ADB2D0E7F178002086
:10650000FFF738FDAEE70A4B27780193013300937C
:10651000022202233000E119FFF7A2FC0028A0D0DC
:106520000E35ED19ADB2BFE7EC1A0020FC1A0020C1
:10653000EE1A0020F8B5602314001278050013400D
:106540000020202B12D12F4A6379277916781B025D
:106550003B439E420AD16378222B27D007D8202BB9
:1065600017D0212B02D100293DD00120F8BD232BCB
:10657000FCD100293FD00229F7D1234B002BF4D0C6
:10658000E178A37809020020194300E000BF012050
:10659000ECE7002927D00229E7D11C4B002BE4D0DF
:1065A0000020911DFDF7F2FF0120DFE7002922D036
:1065B0000229DAD101252E00A378E47801392402DA
:1065C0001C43147126402C321000714000F038FB3F
:1065D0000F4B002BC9D06208002031002A4000E098
:1065E00000BF0120C2E7072321002800094AFFF766
:1065F00023FD0120BAE721002800FFF705FD012057
:10660000B4E7C046EC1A0020000000008D450010E1
:1066100000000000F21A0020F8B557464E464546E5
:10662000DE46E0B5494F8046FA780C001E008A42EB
:1066300064D19AB296239B00FD1810239B46BB445D
:106640002900584600F056FA414BD946002B18D085
:106650007B79D946FF2B14D0002E12D0AA1992466E
:1066600003E0013555450CD07B792A789A42F8D160
:10667000484600F01DF90028F3D1797900E000BF09
:10668000EFE7344B002B04D0484600F011F9002806
:1066900052D0484600F014F93F2834D84A46103A00
:1066A0009378A34207D001242000F0BCBB46B24639
:1066B000A946A046F8BD284B002B02D0002000E0E0
:1066C00000BF0020FFF70EFE0028ECD1234D28006C
:1066D00000F0DEF80028E6D1002EE4D0B306E2D1C7
:1066E0002C3D4046A978FFF713FC041EDBD00023A5
:1066F00000224046A978FFF763FCD5E7BB788B42C0
:10670000D9D00024D0E74D46103D0020E978FFF7AE
:10671000FFFB002801D1AB78C3E7484600F0D0F872
:106720003F280CD99222920040230020E9784A4465
:10673000FFF746FCAB78B4E700E000BFA9E7002014
:10674000E978FFF717FCAB78ABE7C046EC1A0020FE
:10675000000000000000000000000000181B0020E6
:1067600010B50020FEF784FD10BDC04610B5FEF741
:1067700079FD10BD072210B5447903792240120239
:106780001A43C3789B079B0F022B05D0032B15D010
:106790000020012B08D010BD02291CD0002040236E
:1067A00093424041C0B2F6E702394B4259410D4B8A
:1067B0009C46614491424041C0B2ECE702394B42F1
:1067C0005941F023002049429B0019404031914239
:1067D0004041C0B2DFE7044B9C46624453425A41F9
:1067E000D0B2D8E7FF03000000FEFFFFF0B5002A9B
:1067F00011D000247F274D78052D06D13D008E78DD
:1068000035406D00F6094519AB550D786419A4B2F1
:106810004919A242EFD8F0BDF0B5C64600B5150043
:1068200006AA1E001378802204000F009846120268
:1068300095422AD84069002803D00121494201F03D
:10684000EFF9A069002803D00121494201F0E8F9DD
:106850004346A5806D00ADB223726B1EA381002359
:1068600060696D42E3812760E680658123820028AC
:1068700001D001F0B5F9A0690124002801D001F090
:10688000AFF9200080BCB846F0BD0024F9E7C0464F
:10689000C189028A8B1A9BB2914202D242899B1A09
:1068A0009BB28288101C9A4200D9181C80B2704793
:1068B0000300C0891B8AC01A43425841C0B27047C6
:1068C00010B5C489018A8388621A92B28C4202D2BE
:1068D0004089121A92B2981A80B210BD70B50400A5
:1068E00080690E00002803D00121494201F098F987
:1068F000E189228A88B28D1A93B2ADB2914202D256
:106900006289AD1AADB2A288AA4207D2904225D2BE
:1069100061895118411A89B215002182002D02D1D6
:1069200022E09B1A9BB29A42FBD9E288216853432A
:106930003000C918FDF7BAFB228A0125531C9BB20F
:106940009A4214D9002362899B189BB2A0692382C2
:10695000002801D001F044F9280070BD811AA589F2
:1069600089B28D42D8D2D3E70025238A9BB2A2896F
:106970009A42EBD2E7E7C046F0B54F464646D646C8
:106980000500806988469146C0B5002803D00121E2
:10699000494201F045F9EA892B8A91B2D61A9CB294
:1069A000B6B29A4202D26B89F61AB6B2AF88B74233
:1069B00009D2B94254D26B89FB18CB1A9BB23E0064
:1069C0002B822C8AA4B2002E50D04B46B14545D81C
:1069D0009EB2A74203D8E41BA4B2A742FBD9EB881E
:1069E000381B190099462B6861439C4680B261446C
:1069F000864225D94B46584383B21A0040469A46F0
:106A0000FDF754FB4B464046F71BE4195C432968ED
:106A1000A2B25044FDF74AFB2A8A93199BB29A42CC
:106A200018D96A899B189BB2A8692B82002801D0CB
:106A300001F0D6F83000E0BCBA46B146A846F0BD39
:106A40004A4640467243FDF731FB2A8A93199BB2AE
:106A50009A42E6D8AA899A42E6D2E2E7331CB7E71F
:106A6000CB1BAA899BB29A42A9D2A4E72B8AAA89F6
:106A70009BB29A42D8D2D4E7F8B5040040690E0020
:106A8000002803D00121494201F0CAF8E289218A95
:106A900095B2531A9BB2914202D962899B1A9BB25A
:106AA000A2889A4221D02B00954203D39B1A9BB215
:106AB0009A42FBD9E28821685343C8183100FDF798
:106AC000F5FA6B1C9BB29D420BD962899B189BB255
:106AD00060690127E381002801D001F081F83800C6
:106AE000F8BDA2899A42F3D2EFE7277A002FDAD1D4
:106AF000F5E7C046F8B545464E46DE465746884659
:106B0000E0B50500161E5AD04069002803D00121C7
:106B1000494201F085F8EF892B7A298ABFB289B200
:106B2000002B3BD17A1AAB8892B28F4202D269898C
:106B3000521A92B29A1A111C92B2B24253D8EA88EF
:106B40008EB29246F21A92B291463C009F4203D313
:106B5000E41AA4B29C42FBD250462A686043944691
:106B60001B1B9BB2524660449E422AD84146724348
:106B7000FDF79CFAF3199BB29F421CD8AA899A424E
:106B800019D36869EB81002801D001F029F83000A1
:106B9000F0BCBB46B246A946A046F8BDEA88AB8821
:106BA00092469E4221D3F61A56430022B0440F006B
:106BB0001E009146C9E76A899B189BB2E1E700264F
:106BC000E5E753439BB21A0041469B46FDF76EFA38
:106BD0002200534641464A445A43286892B25944D7
:106BE000FDF764FAC6E7311CA9E7F21A92B29146A2
:106BF000ABE7C04610B504004069002803D001216E
:106C0000494201F00DF8A069002803D00121494252
:106C100001F006F80023E3812382A38860695B000A
:106C20009BB25A1E5B42A2816381002801D000F012
:106C3000D7FFA069002801D000F0D2FF012010BDCD
:106C400070B5040040690D00002803D001214942BD
:106C500000F0E6FFA069002803D00121494200F0BE
:106C6000DFFF60692572002801D000F0B9FFA0693C
:106C7000002801D000F0B4FF012070BD10B502481B
:106C800000F0D8F810BDC0461825002030B54B1EC6
:106C9000012900D1A7E0664A11780D112C0030348B
:106CA0009F2900D9A2E00470012B00D1BEE00F2182
:106CB000147821400C003034092900DD98E044703C
:106CC000022B00D1B2E054782511290030319F2CDD
:106CD00000D990E08170032B00D1A7E00F21214063
:106CE0000C003034092900DD87E0C470042B00D18A
:106CF0009CE094782511290030319F2C00D97FE049
:106D00000171052B00D191E00F2121400C0030349E
:106D1000092900DD76E04471062B00D186E0D478A5
:106D20002511290030319F2C00D96EE08171072B8D
:106D300000D17BE00F2121400C003034092966DCB2
:106D4000C471082B00D171E014792511290030316C
:106D50009F2C5FD80172092B68D00F2121400C00B5
:106D60003034092958DC44720A2B5FD0547925113C
:106D7000290030319F2C52D881720B2B56D00F2115
:106D800021400C00303409294BDCC4720C2B4DD04F
:106D900094792511290030319F2C00D907310173D6
:106DA0000D2B43D00F2121400C003034092901DD87
:106DB00037310C0044730E2B38D0D1790C112200DE
:106DC00030329F2900D9073282730F2B2ED00F2229
:106DD0000A4011003731092A01DC30321100C17339
:106DE000102B23D010300023037030BD07345AE736
:106DF00037310C0063E707316CE737310C0074E77B
:106E000007317DE737310C0085E707318EE73731F1
:106E10000C0095E707319DE737310C00A3E70731F8
:106E2000AAE737310C00C4720C2BB1D1C018DAE7D5
:106E30001825002030B5002589B004000922002162
:106E400001A80095FDF72CF90922002105A8049559
:106E5000FDF726F94B236A466846137004A90D22F4
:106E600000F0B6FE1521082220006944FDF71EF946
:106E700009B030BDF8B557468246384B45465344B5
:106E80005A425341802292029446DE464E465B426D
:106E90001B0C334A1B046344E0B51360314A0D00F8
:106EA0003149136018008A6890438146FAD1062060
:106EB000FBF716F9804680200221EF0D6E02AB0D24
:106EC000AA02400005E0904507D392197B41814218
:106ED0003FD00C000231002BF5D0802627023F1B4B
:106EE000760002E03F1B012E35D039004046B34604
:106EF000013EFCF7FFFC8542F4D259463302994625
:106F0000614353464A461C611B6850465340FF226A
:106F100012021340802252010243136003680720CB
:106F20005840CF23034013605246802303209B0127
:106F300024321A4310605246101D18430223036086
:106F40004046FCF7D7FCF0BCBB46B246A946A0467B
:106F5000F8BD0C00C1E72100D3E7C0460040FCBFEC
:106F600000E0004000F0004000C0004000207047FA
:106F70007047C046F0B5CE46474680B583B06B46F5
:106F8000591D13230B700D3B6B44994601254A464E
:106F9000002313702B00C268D02793403F06BB61CB
:106FA0000C4B040001221800984600F041FE6B468D
:106FB000DE1D320001234946404600F041FEE368F1
:106FC0009D407D613078E369C01A03B0C0BCB9460A
:106FD000B046F0BD00C00340F0B5C64600B503683A
:106FE0002A4A1B69040082B093424AD16B46591D5C
:106FF00013230B700D3B6B4498460125002342463A
:1070000013702B00C268D02793403F060122BB615A
:107010001F4800F00DFE6B46DE1D32000123414685
:107020001B4800F00DFEE3689D407D613078E36908
:10703000C01A002827D0E36906220133E3616B46BA
:107040000125591D00236A440B7013702B009046D4
:10705000E268D02793403F060122BB610C4800F054
:10706000E7FD6B46DE1D320001234146084800F073
:10707000E7FDE3689D407D61307802B080BCB84692
:10708000F0BD9847D5E701204042F6E7756F001044
:1070900000C00340F0B5DE4657464E464546E0B5D3
:1070A00085B002AB5F1D22233B7002AB9E1D012504
:1070B000002333702B000C00C16800928B40D0215C
:1070C00009068B6181469346884601223900314882
:1070D00000F0AEFD02AA9446072363449A463100AD
:1070E000012352462B4800F0ABFD4B46DB6841467E
:1070F0009D404D615146DC4609782A008C4460462B
:107100000190FF2803D9FF20411A009101900099B6
:1071100000291FD001228B469046A3442278D02517
:107120003270424680219A402D0639701948390044
:10713000AA61012200F07CFD01235246310015486E
:1071400000F07EFD4B464246DB6801349A406A619E
:107150005C45E3D1A223D0243B70019B240633700D
:107160003900A2610B48012200F062FD5246012362
:107170003100084800F064FD4B46DA680123934073
:107180000098636105B0F0BCBB46B246A946A04674
:10719000F0BDC04600C00340F0B5C64600B5036868
:1071A000434A1B69040082B0934200D07AE06B46E8
:1071B000591D13230B700D3B6B449846012500238A
:1071C000424613702B00C268D02793403F0601222D
:1071D000BB61384800F02CFD6B46DE1D32000123F8
:1071E0004146344800F02CFDE3689D407D613078D5
:1071F000E369C01A002857D001266A460D230027EC
:10720000537133009771E268D02593402D06AB612E
:107210006B460122591D274800F00AFD6A4669465F
:10722000012307320631234800F00AFD3300E268EB
:10723000204893406A466B61D27990466A465771FE
:107240009771AB616B460122591D00F0F1FC6A4653
:107250006946012307320631164800F0F1FC33007D
:10726000E268694693406A466B61D7798D224A711C
:107270006A4641469171AB616B460122591D0D482A
:1072800000F0D6FC6A46694601230A4807320631F7
:1072900000F0D6FCE36838009E406E6102B080BC0E
:1072A000B846F0BD9847A5E701204042F6E7C04642
:1072B000756F001000C00340F0B5CE46474680B55C
:1072C00085B06B46D9710368374A5B680400934206
:1072D00063D16A462223537300239373C268013338
:1072E00099469340D022120693610D236B441900F6
:1072F00090460F2701222D4800F09AFC0E216F4482
:1073000001233A002948694400F09AFC4B46E268A0
:1073100000269340424653613D78FF2D1ED16946B9
:107320008D73D025A2222D064A73AB610D236B44C9
:10733000190001221D4800F07BFC0E2101233A00B8
:107340001A48694400F07CFC0123E26893406B61B9
:10735000300005B0C0BCB946B046F0BD6A466846CC
:10736000D279802182734246417393610D236B442D
:10737000190001220D4800F05BFC0E2101233A00A8
:107380000A48694400F05CFC4B46E26801359340D2
:1073900042464E465361EDB2C1E7694601220731CC
:1073A00098470600D4E7C0469570001000C003401F
:1073B000F0B54E46DE4645465746E0B50126040088
:1073C00085B0C0688946F9F7C5F93300E268D02571
:1073D000934020692D066B626B61431C0FD0F9F757
:1073E000B9F9330022690A2093406B62AB61FAF766
:1073F000A5F823690A209E406E61FAF79FF8B54907
:10740000B548FFF737FD01211020F9F7FBF80121FE
:107410001220F9F7F7F801211320F9F7F3F8082003
:10742000F9F798F9D02580232D065B006B626B611C
:1074300002AB5F1D42233B7002AB9E1D0023E2683E
:10744000337001339846934039000122AB61A24862
:1074500000F0EEFB02AA0123310007329E4800F043
:10746000EFFB4346E2680021934002AA6B61D279A8
:107470008A46122A07D0504605B0F0BCBB46B24639
:10748000A946A046F0BD6F323A709346013A327079
:107490003900AB617F3A904800F0CAFB02AA012391
:1074A000310007328C4800F0CBFB4346E268934042
:1074B0004A46D1170193C9046B61530BA26119436A
:1074C000D0040023854AFCF757FA86233B70030C4F
:1074D0003370019B814601223900AB617E4800F088
:1074E000A7FB02AA0123310007327B4800F0A8FB6A
:1074F0004346E2683900934087226B613A704A46FE
:10750000120A327074480122AB6100F091FB02AAAA
:10751000012331000732704800F092FB4346E268D5
:107520003900934088226B613A704A466A4832704B
:107530000122AB6100F07CFB02AA0123310007327B
:10754000654800F07DFB4346E268390093408E2297
:107550006B613A705246604832704246AB6100F04F
:1075600067FB02AA0123310007325B4800F068FB89
:107570004346E268390093408F226B6191463A702E
:107580005246554832704246AB6100F051FB02AAA8
:10759000012331000732504800F052FB4346E268B5
:1075A000390093400C226B613A7052464A4832705F
:1075B0004246AB6100F03CFB02AA012331000732D6
:1075C000454800F03DFB4246E3688C219A406A61E1
:1075D0003970032102ABDB793F480B43337039002C
:1075E000AA61012200F024FB02AA01233100073224
:1075F000394800F025FB4346E26839009340A62253
:107600006B613A70A23A32703348AB61033A00F0D2
:107610000FFB02AA0123310007322F4800F010FBB4
:107620004346E26839009340CD226B613A70493A93
:1076300032702948AB61833A00F0FAFA02AA0123BA
:1076400031000732244800F0FBFA4346E268390073
:1076500093408B226B613A70603A32701E48AB6186
:107660002A3A00F0E5FA02AA0123310007321A484B
:1076700000F0E6FA4346E2683900934089226B61E4
:107680003A704A4614483270AB618E3A00F0D0FA34
:1076900002AA0123310007320F4800F0D1FA434615
:1076A000E268390093405A466B610B483A70327079
:1076B000AB61803A00F0BCFA02AA01230732310024
:1076C000054800F0BDFA4246E3689A4001236A612A
:1076D0009A46D0E6D430000000C003400048E801DC
:1076E000F0B5C64600B582B06B46591D1A230B7023
:1076F000143B6B44984601250023424613702B002F
:10770000C268D02793403F0604000122BB610D48A8
:1077100000F08EFA6B46DE1D320001234146094817
:1077200000F08EFAE368084A9D407D61A169A423B8
:107730003078914200DD073BC01A02B080BCB846E9
:10774000F0BDC04600C003403FDD4A1F10B5416296
:107750004069002905D001220821044BF8F794FF65
:1077600010BD00220821F8F765FFF9E7697A0010DB
:10777000F0B5DE46454657464E46E0B583B06B460B
:107780005D1DC0232B706B4601279C1D00232370B9
:107790009B463B00C26806009340D02212069361CC
:1077A0008A469046290001224C4800F041FA0723FE
:1077B0006B449946210001234A46484800F040FAAC
:1077C0003B00F2689340424653615246002A63DD13
:1077D0001D222A705A4622704246290037623F48CD
:1077E0009361012200F024FA01234A4621003B481C
:1077F00000F026FA3A00F3689D219A4043465A6108
:107800004B46297001211B7834480B4323704346B3
:1078100029009A61012200F00BFA01234A46210057
:107820002E4800F00DFA3B00F26893404246536147
:10783000A2222A70524622704246936129000122F8
:10784000264800F0F5F94A4621000123234800F0BC
:10785000F7F9F36829009F4043465F6181232B704D
:1078600004332370D0231B069F6101221B489846D6
:1078700000F0DEF94A4601232100184800F0E0F943
:107880000123F26893404246536103B0F0BCBB460B
:10789000B246A946A046F0BD5A4632621D222A7061
:1078A0005A4622704246290093610C48012200F09A
:1078B000BFF901234A462100084800F0C1F93A0007
:1078C000F3689D219A4043465A614B461B782970C4
:1078D000BB43237043469A61B0E7C04600C00340F3
:1078E000F0B5C64600B582B06A4612230126537130
:1078F000002393713300C268D02593402D06AB61FD
:107900006B460400591D0122564800F091F96A4661
:107910006946012307320631524800F091F93300DD
:10792000E268504893406A466B61D779922290464C
:107930006A46414697715171AB616B460122591DF0
:1079400000F076F96A466946012307320631454858
:1079500000F076F93300E268414693406A466B6175
:1079600051719771AB616B460122591D3D4800F082
:107970005FF96A466946012307320631394800F04B
:107980005FF93200E3689A40202319006A613940A8
:107990003B4254D17B0656D5236AE161002B59D175
:1079A00068461321837141716B46AA610122591DFA
:1079B0002C4800F03DF96A4669460123073206313A
:1079C000284800F03DF9E3686A469E406B466E61C8
:1079D000DF79102353710023D02593716B462D0658
:1079E000591D0122AE611F4800F022F96A4669461E
:1079F00001260123073206311A4800F021F933002D
:107A0000E268684693406A468D216B61D279417184
:107A10008271411D0122AB61124800F009F96A46EA
:107A2000694601230F480732063100F009F9E3687F
:107A30009E40636A6E61002B01D03800984702B007
:107A400080BCB846F0BD3B07F9D5A36A002BF6D041
:107A50009847F4E722236846437181716B46AA6117
:107A60000122A4E700C0034010B5F8F765FE024804
:107A7000FFF736FF10BDC046BC1A002009490A4B6B
:107A8000083119600949002299600821D960013143
:107A9000196102395A6059619A61DA611A625A624F
:107AA0009A62704704820010BC1A002000C0034094
:107AB000062010B500F004F80120FAF791F9C0464D
:107AC000164B70B504001D681F2821D8B7239B00F2
:107AD000EB58002B0DD082009B181A68002A08D0A2
:107AE000012A13D0511C0DD00021196090470020AD
:107AF00070BD280000F028F822000100280000F0E6
:107B00000FF8F5E7162301202B60F1E70020EFE7DF
:107B1000162301202B604042EAE7C04640140020B3
:107B2000002370B5074D0400080011002B6000F021
:107B300045F8431C00D070BD2B68002BFBD02360A0
:107B4000F9E7C046EC20002010B500F02FF810BD7A
:107B500010B583070AD00300032102E001330B4272
:107B600005D01A78002AF9D1181A10BD0300196837
:107B70000C4A0D4C8A188A4322420FD15968094A8F
:107B800004338A188A43224208D15968054A0433CB
:107B90008A188A432242F1D000E001331A78002A81
:107BA000FBD1E1E7FFFEFEFE8080808058220120AD
:107BB000014B40421A607047EC20002058220120FF
:107BC000014B40421A607047EC200020F8B5C046D7
:107BD00001B40248844601BC604700BF8D0200200A
:107BE00001B40248844601BC604700BFED0100209B
:107BF00001B40248844601BC604700BF1104002064
:107C000001B40248844601BC604700BF1104002053
:107C100001B40248844601BC604700BF090100204E
:107C200001B40248844601BC604700BF4D010020FA
:107C300001B40248844601BC604700BFC503002070
:107C400001B40248844601BC604700BF51030020D4
:107C500001B40248844601BC604700BFC100002057
:107C60004C6F52612052656365697665722043618D
:107C70006C6C6261636B00005374617274696E674F
:107C8000204C6F5261206661696C656421000000C0
:107C90005265636569766564207061636B65742005
:107CA00027000000257300002720776974682052A0
:107CB000535349200000000025640A004E6F2073D2
:107CC00070696E6C6F636B732061726520617661A1
:107CD000696C61626C6500004E6F2075736572207F
:107CE000495251732061726520617661696C6162ED
:107CF0006C650000486172647761726520616C6137
:107D0000726D20256420616C726561647920636CFA
:107D100061696D65640000000A2A2A2A2050414EDC
:107D20004943202A2A2A0A000A0000004861726496
:107D30002061737365727400666E6900666E692BEC
:107D4000000000006E616E00666E692D000000008C
:107D5000A42D00105A2D00105A2D00109C2D00103B
:107D60005A2D00105A2D00105A2D00105A2D0010B7
:107D70005A2D00105A2D00105A2D0010942D00106D
:107D80005A2D00108C2D00105A2D00105A2D001065
:107D9000842D0010562F0010B62D00104A2F001011
:107DA000B62D0010662F0010B62D0010B62D001055
:107DB000B62D0010B62D0010B62D0010B62D0010F7
:107DC000B62D0010AC2D0010B62D0010B62D0010F1
:107DD000B62D0010B62D0010B62D0010AC2D0010E1
:107DE000AC2F0010162D0010162D0010162D0010AF
:107DF000162D0010162D0010162D0010162D001037
:107E0000162D0010162D0010162D0010162D001026
:107E1000162D0010162D0010162D0010162D001016
:107E2000162D0010162D0010162D0010162D001006
:107E3000162D0010162D0010162D0010162D0010F6
:107E4000162D0010162D0010162D0010162D0010E6
:107E5000162D0010162D0010162D0010162D0010D6
:107E6000DA310010782F0010DA310010162D0010D2
:107E7000162D0010162D0010162D0010162D0010B6
:107E8000162D0010162D0010162D0010162D0010A6
:107E9000162D0010162D0010162D0010162D001096
:107EA000162D0010162D0010162D00105E2E00103D
:107EB000162D0010162D0010162D0010162D001076
:107EC000162D0010162D0010162D0010162D001066
:107ED000162D00105E2E0010C02F00105E2E001018
:107EE000DA310010782F0010DA310010162D001052
:107EF0005E2E0010162D0010162D0010162D0010ED
:107F0000162D0010162D00105E2E0010EA30001005
:107F1000162D0010162D00102C300010162D0010FC
:107F20005E2E0010162D0010162D00105E2E001073
:107F3000000000000000F03F0000000000002440AE
:107F400000000000000059400000000000408F4089
:107F5000000000000088C34000000000006AF840F4
:107F60000000000080842E4100000000D012634118
:107F70000000000084D797410000000065CDCD418E
:107F80006D697373696E6720646F75626C652066D6
:107F9000756E6374696F6E0052656C656173650020
:107FA000626F6F74325F77323571303830000000A5
:107FB000312E342E300000007069636F5F7700004F
:107FC0004C6F5261526563656976657243616C6C92
:107FD0006261636B0000000041707220203120322A
:107FE0003032330006005250BBFF3CB6B87F001061
:107FF00006005250E182887FA07F00100600525098
:10800000D3F07542987F00100D0A0000E144001083
:10801000E5440010F14400101D4500101945001002
:108020000000000055534220737464696E202F20B5
:108030007374646F757400000600525053B4F4A159
:1080400024800010526173706265727279205069E9
:10805000000000005069636F00000000426F617211
:1080600064204344430000005265736574000000BF
:1080700009025400030100807D080B000202020087
:10808000000904000001020200040524002001058B
:1080900024010001042402020524060001070581D1
:1080A0000308001009040100020A0000000705028D
:1080B000024000000705820240000009040200009F
:1080C000FF00010512010002EF0201408A2E0A00A2
:1080D00000010102030100000000000044800010C4
:1080E00054800010402600205C8000106880001042
:1080F000556E68616E646C65642049525120307819
:1081000025780A0065702025642025732077617327
:1081100020616C726561647920617661696C61626D
:108120006C65000043616E277420636F6E74696E26
:1081300075652078666572206F6E20696E61637464
:108140006976652065702025642025730000000095
:108150006F757400696E000068530010645500105C
:10816000F6540010AA5400108C54001074540010DF
:1081700008540010B6530010AA53001040580010C5
:108180002658001062540010BE58001062540010AF
:10819000A658001092580010625400107E5800102B
:1081A0005458001062540010AE5B0010D8580010F4
:1081B000DE5B00106254001062540010C05B0010BF
:1081C000D85800106254001062540010625400101D
:1081D0006254001062540010625400106254001087
:1081E0009E5B0010A963001025640010516400100C
:1081F000356500101966001000000000535049203A
:10820000435300000000000000000000B97200109D
:10821000957000106D6F0010716F0010756F001079
:10822000D96F001099710010080052500A38A50447
:0C8230000900525000010000FC81001009
:10823C0080020181B0B0AB300000000080010181F0
:10824C00B0B0AB100000000080040181B0B0ABF006
:10825C000000000080010181B0B0AB1000000000F4
:10826C0080040181B0B0AB300000000080040181BB
:10827C00B0B0ABF00000000080010181B0B0AB10D9
:10828C000000000080020181B0B0ABF000000000E3
:10829C0080010181B0B0AB100000000074B201810C
:1082AC00B0AB30800000000080080181B0B0ABF0B2
:1082BC00000000003F020181B0AB308000000000E4
:0C82CC0080060181B0B0ABF000000000A3
:1082D8003480FF7FB0B0A8807880FF7FAB108080AB
:1082E800D480FF7F0100000084ECFF7F48FFFF7F00
:1082F800E0ECFF7F4CFFFF7F94EDFF7F50FFFF7F97
:1083080090EEFF7F54FFFF7FA8EFFF7F58FFFF7FAE
:1083180098F0FF7F5CFFFF7FC0F3FF7F60FFFF7F68
:1083280024F4FF7FB0B0A88040F4FF7F5CFFFF7F9C
:10833800A8F5FF7F60FFFF7F28F7FF7FB0B0A88018
:1083480034F7FF7F010000007881FF0FB0A9028099
:108358000C82FF0FB0B0A8806082FF0F0100000000
:108368006C82FF0FB0B0AA80A082FF0F34FFFF7F9E
:108378006883FF0F010000006483FF0FAA3F398064
:10838800B083FF0FB0B0A880BC83FF0FB0B0AA8045
:10839800FC83FF0FB0B0A8801084FF0F010000001D
:1083A8000C84FF0FB0B0A8801484FF0F01000000F8
:1083B800A484FF0FAA0FB2800C85FF0FF0FEFF7F89
:1083C800F087FF0FB0B0A8800C88FF0FECFEFF7F8E
:1083D8006C8AFF0F01000000DC8BFF0F0084048013
:1083E800EC8BFF0FB0B0A880EC8BFF0FD8FEFF7F9F
:1083F800D48EFF0F00840480F48EFF0FB0B0A880E5
:088408000C8FFF0F01000000C2
:10841000B4020010A80200109C020010E47F0010BB
:1084200090020010F07F0010FC7F001028820010E6
:088430003082001038800010BA
:10843800D02330B500251B0600245D5706E00368ED
:10844800BFF35F8F1C6081F3108820BF0268EFF3D1
:10845800108172B61368002BFCD0BFF35F8F0379CD
:108468007F2BECD905710368BFF35F8F00221A6078
:1084780081F3108830BDC04603000068EFF3108C0C
:1084880072B60268002AFCD0BFF35F8F04229A56A6
:10849800002A0BDB00290FD000200A601B68BFF3FD
:1084A8005F8F00221A608CF310887047D022120662
:1084B800126801201A71F1E70020EFE7F0B5C6460F
:1084C80000B582B00C00070001F0DEF8FA220023A4
:1084D8000090019120009200002101F0DDF8009A3F
:1084E800019B14001D0024184D41AB422FD82BD0FE
:1084F800D0231B061B68002698460BE03B68BFF399
:108508005F8F1E6081F310882000290001F0CCF8ED
:10851800002820D13A68EFF3108172B61368002B57
:10852800FCD0BFF35F8F3B797F2BE7D943463B7184
:108538003B68BFF35F8F00221A6081F31088012027
:1085480002B080BCB846F0BD009BA342D0D901243C
:108558006442E517CCE70020F2E7C0460268EFF373
:10856800108172B61368002BFCD0BFF35F8FFF2316
:1085780003710368BFF35F8F00221A6081F31088CC
:1085880040BF7047084810B50378002B0AD18023F4
:108598000649074A5B051C68CC5004339342FAD15C
:1085A8000123037010BDC046582600204C1F001040
:1085B8000001001010B5024B0133984710BDC046AA
:1085C8004C1F0020034B1A68C0239B009343024AA8
:1085D800136070470C8001400C900140054B1A68ED
:1085E80080239B005340C02292001340024A13602C
:1085F8007047C0460C8001400C9001401423F0B530
:10860800D6464F4646469A46814618880433C0B532
:1086180098460E001B8827491400984753460700C0
:108628001888434624491B889847534605001888EC
:10863800434622491B8898478046FFF7A3FFB8475F
:10864800A847FFF7CBFF002C1BD0C021220008272A
:10865800022049053D008B6A1D4018420BD0002CB2
:1086680009D0131B0D2B1FD84B461B78013C0B66FA
:1086780001239C46E1442300002D0CD11343002B19
:10868800E8D1FFF79FFFC047FFF794FFE0BCBA4669
:10869800B146A846F0BD002AF1D00B6E013A3370FE
:1086A800130001362343EAE7002DD3D0002AD1D0A6
:1086B800F3E7C0464946000045580000464300001D
:1086C800F0B54F464646D6468946C0B50600181E40
:1086D8001BD01D001C000223984602339C46002D27
:1086E80018D02B0008334146F76839421FD0A342FF
:1086F8001DD901214B468A461B78013DB360D14400
:108708002B00002C08D1002BE9D1E0BCBA46B146B9
:10871800A846F0BD002CF8D06346F7683B42DED08F
:10872800B368013C1370230001322B43EBE7002CA4
:10873800F2D1D8E730B50400101E0AD00A000D188F
:108748000221E3681942FCD013780132A3609542F4
:10875800F7D1E3685B0704D50421A368E3681942ED
:10876800FBD11021E3681942FCD1E3685B0704D50B
:108778000421A368E3681942FBD10123236230BDB9
:108788007047C04603685A0004D580221206134376
:10879800C01870475B005B08FAE7C046F8B5574653
:1087A8004546DE464E469046E0B50700002924D0EF
:1087B8004B1E9A46994600239B465B464B44DC0F6A
:1087C800E4186410E5007E193000FFF7DBFFA245CE
:1087D8000CD040450CD8280008303818FFF7D2FFD5
:1087E800013840450AD2631C9B46E6E7404505D957
:1087F800A34502D0631E9946DFE700263000F0BC8F
:10880800BB46B246A946A046F8BDC04603000128AB
:1088180005D0022807D00020002B02D0704703485B
:10882800FCE70348FAE70348F8E7C046C50B002011
:10883800B90B0020D10B002030B5234B050083B0C5
:108848008C1E002B26D0200001A900E000BF0028C4
:108858001CD001992200FFF7A1FF041E16D0FFF7D4
:1088680091FF6368A864012B2AD0201D002B23DB0D
:10887800FFF788FF0023E8642B650368002B0FDBF4
:10888800FFF780FF2861002003B030BD00230920D6
:108898002B61F9E70D480E49091AC9100191D9E76A
:1088A8001801000FFFF7B2FF2861431E9841082303
:1088B800404298430930E7E70123E8642B65DCE789
:1088C800002305202B61DFE700000000D88200109C
:1088D80010840010036810B50400DA0705D49B075C
:1088E8000AD5483000F080FC23685A070AD51A07D1
:1088F8000FD5DB0615D510BD483000F071FC236894
:108908005A07F4D42000D03000F072FC23681A070C
:10891800EFD420005130FF3000F06EFC2368DB06F6
:10892800E9D42000D130FF3000F06AFCE3E7C0460C
:108938000920704703000068002800D0C01870475D
:108948007047C04670B504000D002000296CFFF781
:1089580073FF002811D12B6C2A00636121000120CC
:10896800236998470828F0D0072806D10020296CE9
:10897800FFF7E6FF281D00F01DFC00F0A5FEC0462D
:10898800F0B5CE46474680B5C368304C9846A544F6
:108998008369040016000431402205A8994600F0B6
:1089A8008BFE0023049325E0F022149B52006361A0
:1089B80004A97CA8039300F07FFE21002800236906
:1089C8007CAA98478A9B0500039315934B4601930D
:1089D80004AB00932200230031000120C047002887
:1089E80022D1F0227CA9520004A800F065FE0026DE
:1089F800082D22D1149B200019000393FFF71CFFB8
:108A080009360700F5B20028CED0129B1021039337
:108A180015934B46019304AB0093220023000120D9
:108A28002943C047002800D009273800F5239B00B8
:108A38009D44C0BCB946B046F0BD072DF4D1300006
:108A48001499FFF77DFF05A800F0B4FB2CFCFFFF8D
:108A5800406C704770B5CB6BFAB00B6405000E0024
:108A68004022043103A800F027FE01235B42029351
:108A780006E029002B6902AA9847040008280AD1B1
:108A8800129B280019000193FFF7D6FE0028F0D0AA
:108A980009207AB070BD02A8FFF71CFF062CF7D199
:108AA80031002800FFF74EFF10B58261DA6BC16014
:108AB8001A6419000022FFF763FF10BD436970B5FF
:108AC8000B64C36804000D00002B13D10A0023694E
:108AD800010002209847072805D008280FD129004F
:108AE8002000FFF72FFF0020296CFFF729FF281D22
:108AF80000F060FB0122FFF743FF00F0E5FD00F006
:108B0800E3FDC046C36810B5002B05D0CB6B00222F
:108B18000B64FFF735FF10BDFFF79CFFFBE7C0466E
:108B28007047C0468368010010B5002B01D00120B2
:108B3800984710BD012915D00AD8002B10D10F2A4B
:108B48000ED8920082185268009B00201A6006E036
:108B580001200339C9B28842804140420130704740
:108B68000220FCE70120FAE700B585B003AB0A0054
:108B7800009300210023FFF7DDFF039805B000BD37
:108B8800012915D00AD8002B10D10F2A0ED8009B26
:108B980092001B6882185360002006E00120033908
:108BA800C9B2884280414042013070470220FCE748
:108BB8000120FAE700B585B003AB039200930A00E1
:108BC80000230021FFF7DCFF05B000BD70B51A4C8B
:108BD800D36BA544136405000C0019A8111D40228D
:108BE80000F06AFD01235B42189314E00C2118A8D9
:108BF80002AAFFF7DFFF210018A8A847002812D112
:108C0800069B18AA02A90830019398470600052870
:108C18000AD0092807D0289B02A819000193FFF75A
:108C28000BFE0028E2D0092618A8FFF753FE3000F3
:108C380090239B009D4470BDC0FDFFFFF0B55746D3
:108C48009246032245464E46DE4699461300E0B555
:108C58008846CD6C494689B00340009308CD0695F7
:108C6800002900D180E01A0C1B040593022304A9F3
:108C78000B73FD3313409B004A73ED18009B022BC6
:108C880001D143469D6B43461B6DDB070FD550460C
:108C980005A900F05BFB002801D1082000E00920AD
:108CA80009B0F0BCBB46B246A946A046F0BD2F6845
:108CB800002FECD0082303400293002301930133D3
:108CC80054469B464646BA464B46022B49D02B880B
:108CD8006F889A4604355A463B009343B26C0F217D
:108CE800904620009844FFF73FFF0023804506D8B0
:108CF80053465A469343434498429B415B4202225F
:108D08007F001740594652460A401743012F30D07A
:108D1800022F4CD0002FC2D1009A002A02D0002B7B
:108D280000D09BE004352B689A46002BCCD120005C
:108D380005A9A24600F00AFB0028B0D1019B002B30
:108D4800ABD00F215046FFF70FFF0E21020050460F
:108D5800FFF730FF50460F21724AFFF72BFF07201D
:108D68009EE76F680835B6E71B02059304AB9A8146
:108D780084E7009A002A49D1002B16D02B68DF0F10
:108D88006B689A1C00D18AE732005832049201338A
:108D980000D1B6E0281DFFF7CDFD3A00010004AB75
:108DA800300000E000BF00286CD10835BBE72A6816
:108DB800009957007F0800290DD1002B04D0029B91
:108DC800002B72D0002F3CD0002A00DA043501377E
:108DD800BF00ED19A7E7336A0D2120009846FFF779
:108DE800C3FE804501D02A68EEE7B36A9D42FAD1F6
:108DF8000023F362043333632B1DB76273632B685C
:108E0800002B00DA87E001230193E0E70D21200021
:108E1800376AFFF7A9FE8742C7D1B36A9D42C4D11A
:108E2800B046A2462800FFF7ADFC0F2102005046CD
:108E3800FFF7C0FE504642460021FFF7BBFE072061
:108E48002EE7B046A2460D215046FFF78DFE434659
:108E5800049A18625A6206209D6221E72800FFF7EB
:108E680091FC0435A246B5630400300000E000BF61
:108E7800002800D113E7504622000F21FFF79AFE81
:108E880007200DE7A2460D2104005046FFF76CFEAF
:108E9800B04633003062022C39D1049A2C33F26286
:108EA8007362434606209D62FAE62B1D9A4600230C
:108EB800984658339C4621004A46B4445446A9462D
:108EC8008A463D0003924746E0460EE043462000AE
:108ED8000493FFF72FFD0022010004AB300000E0EF
:108EE80000BF01370434002804D1AF42EED14D460B
:108EF800B046A8E72F004D46039B544699462A687A
:108F080062E70D212000FFF72FFEB046306243468E
:108F1800049A5A62C5E7781C8000B046A246281811
:108F280081E7C0460000000010B50023FFF786FE69
:108F380010BDC04610B50123FFF780FE10BDC04626
:108F480010B50223FFF77AFE10BDC046F0B5CE4635
:108F5800474680B5050014001E00C3B0032944D05D
:108F680020D8002949D0012941D1130C140498466E
:108F7800230C9946012E00D17AE0052E37D14446BC
:108F88004C44202C33D843460F2B00D8B5E04C4630
:108F9800002C00D0C2E04A46A96B20AF002A22D09C
:108FA80000247FE0042922D1002B20D1102A1ED8CA
:108FB800102203681A4200D0C7E020AF380000F042
:108FC80021F9012639000023AA6B30009840044299
:108FD80001D001CA086001330431042BF5D13800EF
:108FE800AA6300F00DF9002002E0032B1CD0022038
:108FF80043B0C0BCB946B046F0BD002BF7D1002342
:1090080001271604826B360C011D38009840064271
:1090180001D001CA086001330431102BF5D10020BA
:10902800A304E5D4AA63E3E71404160C240C33194B
:10903800102BDCD8082203681A4200D08CE020AF3D
:10904800380000F0DBF8F600AB6B002C0AD0F61AFB
:10905800E400321F1C19BA18190009680433995022
:10906800A342F9D13800AB6300F0C6F80020BFE78F
:1090780043464B44102BBAD843460F2BB7D82B681E
:109088001E4206D00322280093432B60483000F08C
:10909800A9F820AF380000F0A5F84A460024A96BCB
:1090A800002A61D04346DB00FF180023D200C858CD
:1090B800F85004339A42FAD18918002C0FD06F4621
:1090C8004046102800D2102000231038C00038185D
:1090D800E200CF58C75004339342FAD1C918012E81
:1090E80041D04346A9630F2B45D9002C00D17AE71C
:1090F800684600F07DF800207AE7102C46D9103C2D
:1091080001222B681A4207D09343022228001343F6
:109118002B60483000F06AF8002C39D004222B6804
:109128001A422CD143460F2B03D820AF380000F049
:109138005DF86F46380000F05DF810224346A96BD1
:10914800D21A002ABCDD20AFACE793430360D130CC
:10915800FF3000F057F830E7934303605130FF3099
:1091680000F04CF86BE720AF04313800A96300F039
:1091780037F800203CE720A800F036F8B5E72800CB
:1091880093432B60D03000F035F8CBE70024B7E7E5
:1091980043460F2B00D9FEE620AF380000F026F832
:1091A8004A46A96B002A00D0FAE6380000F01CF8FD
:1091B80000201DE70100343138C9043B9C461D607E
:1091C800A646010020313CC990469946A246AB46C6
:1091D80001000831FCC941680068E54600BDC04689
:1091E8007047C0467047C0467047C0467047C04683
:1091F8007047C0467047C0467047C0467047C04673
:109208007047C0467047C04601B401A801B585B093
:10921800FFB408A841464A4653465C4665463EC0E8
:1092280001A83EC80F98009000230CB401A9FFF7CD
:1092380011FC109B12B0184701B401A801B585B004
:10924800FFB408A841464A4653465C4665463EC0B8
:1092580001A83EC80F98009000230CB401A9FFF79D
:109268002DFC109B12B0184701B401A801B585B0B8
:10927800FFB408A841464A4653465C4665463EC088
:1092880001A83EC80F98009000230CB401A9FFF76D
:1092980039FC109B12B0184701B401A801B585B07C
:1092A800FFB408A841464A4653465C4665463EC058
:1092B80001A83EC80F98009000230CB401ABFFF73B
:1092C800F3FB109B12B0184701B401A801B585B093
:1092D800FFB408A841464A4653465C4665463EC028
:1092E80001A83EC80F98009000230CB401AAFFF70C
:1092F8006DFC109B12B01847027A0300002A0BD1AC
:10930800427A002A0FD0013A42724268111D416028
:1093180003211268017202E0013A02720268100E1B
:1093280012021A607047B020FCE7C04600B585B04D
:1093380003AB00930C2200230021FFF7FBFB0398EB
:1093480005B000BD10B5FFF7F1FF10BDF0B54E46F2
:1093580045465746DE460023E0B587B003930F33F2
:109368009846083B994680231B0305000E009A4641
:109378003000FFF7C1FF0400B02800D1C1E00306A8
:1093880029D5030042469343DBB2802B53D0902B60
:109398003DD0A02B6BD0B02B00D17EE0C02B00D1EC
:1093A80095E003004A469343DBB2D02B0AD15346DB
:1093B800024001321A43052301212800FFF7C6FDA8
:1093C8000028D5D00924200007B0F0BCBB46B2461F
:1093D800A946A046F0BDFF23820013401F1D05AB20
:1093E8009B4600930D22002300212800FFF7A2FBD3
:1093F800630639D4059B9C4667445B4605970093F2
:1094080000230D2200212800FFF7BAFBB0E7833BB9
:1094180003400D2BD6D005AF0240002300212800C1
:109428000097FFF787FB00230D22002128000097F3
:10943800FFF7A6FB9CE704023000FFF75DFF8027DB
:1094480020433F02B842BDD004010005020C0023AE
:1094580000212800FFF77AFD0028B3D13C4200D153
:1094680086E70123039383E7059BDF1BC5E7FF23FB
:109478004A461B011900824311410A001A4003079A
:1094880002D58023DB011A43002300212800FFF7BF
:109498005DFD002800D16BE794E7B12845D0B228DC
:1094A80000D19FE0B32855D0FC230340B42B00D152
:1094B80088E74A465346024001321A4301210123F4
:1094C8002800FFF743FD002800D151E77AE7C628B6
:1094D8004BD0C7285DD003004A469343DBB2C02B6C
:1094E8006CD0C82871D0C92800D06BE73000FFF7CE
:1094F80003FFF02302031B031340424602400132DC
:1095080058E7039B0024002B00D05CE705AE0E2231
:10951800002128000096FFF70DFB00230F220021F1
:1095280028000096FFF72CFB4DE73000FFF7E4FE1C
:10953800021E00D146E7030041468B43DBB2002BF5
:1095480000D03FE700212800FFF700FD002800D1E8
:109558000EE737E73000FFF7CFFEF02302031B03C7
:109568001340424602400132A7E73000FFF7C4FE2D
:10957800F02302031B0313404246024001321A4300
:10958800032303212800FFF7E1FC002800D1EFE6C0
:1095980018E73000FFF7B0FE021E00D112E7030003
:1095A80041468B43DBB2002B00D00BE70421280097
:1095B800FFF7CCFC002800D1DAE603E74346A022F7
:1095C8001C40013412032243DAE73000FFF794FE0F
:1095D800434602009A43D2B21032184012030130B7
:1095E8000243E8E605AB00939B460D2200230021C9
:1095F8002800FFF79FFA3000FFF77EFE03061AD512
:109608007F27B03C059B3840A0409C4660440590AD
:1096180030000734FFF770FE0306F3D481217F235F
:1096280089008C460340A340059A62449B18059321
:109638005B460093E4E60224F0E7C046030000B569
:10964800DA6C85B053680800083219020191029259
:10965800694603221B0E0A734B7301A9FFF776FEB6
:1096680005B000BD10B5FFF76DFE806C10BDC0469B
:1096780010B5FFF767FEC26CD07902308000101871
:1096880010BDC0460000000001B40248844601BC79
:10969800604700BF1917001001B40248844601BC96
:1096A800604700BFF53F001001B40248844601BC82
:1096B800604700BF7515001001B40248844601BC1C
:1096C800604700BFAD40001001B40248844601BCA9
:1096D800604700BFB17A00101000000000000000D1
:1096E800000001000000000000000000000002006F
:1096F800000000000000000000000300000000005F
:10970800000000000000FF000000000000B54868ED
:1097180001318E460047704609380149884700BD27
:10972800310D0010CC130020000000009818002014
:109738008020002000000000000000009020002091
:109748000000000000000000100000000000000001
:10975800503300004C3300005433000052330000F3
:109768004D5300004D4300005334000043340000C3
:109778002946001000000000C1450010000000004C
:109788000001000050810010548100107C1E002050
:1097980010000C000000E0FF1F00000000000000A7
:1097A80000000000000000000000000000000000B1
:1097B80048140020000000000000000034170020BA
:1097C8009C17002004180020000000000000000082
:1097D8000000000000000000000000000000000081
:1097E8000000000000000000000000000000000071
:1097F8000000000000000000000000000000000061
:109808000000000000000000000000000000000050
:109818000000000000000000000000000000000040
:109828000000000000000000000000000000000030
:109838000000000000000000000000000000000020
:109848000000000000000000000000000000000010
:109858000000000000000000000000000000000000
:1098680001000000000000000E33CDAB34126DE69D
:10987800ECDE05000B000000000000000000000006
:1098880000000000000000000000000000000000D0
:1098980000000000000000000000000000000000C0
:1098A80000000000000000000000000000000000B0
:1098B80000000000000000000000000000000000A0
:1098C8000000000000000000000000000000000090
:1098D8000000000000000000000000000000000080
:1098E8000000000000000000000000000000000070
:1098F8000000000000000000000000000000000060
:10990800000000000000000000000000000000004F
:10991800000000000000000000000000000000003F
:10992800000000000000000000000000000000002F
:10993800000000000000000000000000000000001F
:10994800000000000000000000000000000000000F
:1099580000000000000000000000000000000000FF
:1099680000000000000000000000000000000000EF
:1099780000000000000000000000000000000000DF
:1099880000000000000000000000000000000000CF
:1099980000000000000000000000000000000000BF
:1099A80000000000000000000000000000000000AF
:1099B800000000000000000000000000000000009F
:1099C800000000000000000000000000000000008F
:1099D800000000000000000000000000000000007F
:1099E800000000000000000000000000000000006F
:1099F800000000000000000000000000000000005F
:109A0800000000000000000000000000000000004E
:109A1800000000000000000000000000000000003E
:109A2800000000000000000000000000000000002E
:109A3800000000000000000000000000000000001E
:109A4800000000000000000000000000000000000E
:109A580000000000000000000000000000000000FE
:109A680000000000000000000000000000000000EE
:109A780000000000000000000000000000000000DE
:109A880000000000000000000000000000000000CE
:109A980000000000000000000000000000000000BE
:109AA80000000000000000000000000000000000AE
:109AB800000000000000000000000000000000009E
:109AC800000000000000000000000000000000008E
:109AD800000000000000000000000000000000007E
:109AE800000000000000000000000000000000006E
:109AF800000000000000000000000000000000005E
:109B0800000000000000000000000000000000004D
:109B1800000000000000000000000000000000003D
:109B2800000000000000000000000000000000002D
:109B3800000000000000000000000000000000001D
:109B4800000000000000000000000000000000000D
:109B580000000000000000000000000000000000FD
:109B680000000000000000000000000000000000ED
:109B780000000000000000000000000000000000DD
:109B880000000000000000000000000000000000CD
:109B980000000000000000000000000000000000BD
:109BA80000000000000000000000000000000000AD
:109BB800000000000000000000000000000000009D
:109BC800000000000000000000000000000000008D
:109BD800000000000000000000000000000000007D
:109BE8000000000000000000914000103138001013
:109BF800313F001035400010ED0200107D6C001060
:049C08007D7A001051
:04000005100001E9FD
:00000001FF
