
/home/leon/pico/gateway/build/LoRa_pico_lib/examples/LoRaReceiverCallback/LoRaReceiverCallback.elf:     file format elf32-littlearm

Sections:
Idx Name          Size      VMA       LMA       File off  Algn
  0 .boot2        00000100  10000000  10000000  00001000  2**0
                  CONTENTS, ALLOC, LOAD, READONLY, CODE
  1 .text         00007b60  10000100  10000100  00001100  2**3
                  CONTENTS, ALLOC, LOAD, READONLY, CODE
  2 .rodata       000005dc  10007c60  10007c60  00008c60  2**3
                  CONTENTS, ALLOC, LOAD, READONLY, DATA
  3 .ARM.extab    0000009c  1000823c  1000823c  0000923c  2**2
                  CONTENTS, ALLOC, LOAD, READONLY, DATA
  4 .ARM.exidx    00000138  100082d8  100082d8  000092d8  2**2
                  CONTENTS, ALLOC, LOAD, READONLY, DATA
  5 .binary_info  00000028  10008410  10008410  00009410  2**2
                  CONTENTS, ALLOC, LOAD, DATA
  6 .ram_vector_table 000000c0  20000000  20000000  0000b894  2**2
                  CONTENTS
  7 .data         000017d4  200000c0  10008438  0000a0c0  2**4
                  CONTENTS, ALLOC, LOAD, READONLY, CODE
  8 .uninitialized_data 00000000  20001894  20001894  0000b954  2**0
                  CONTENTS
  9 .scratch_x    00000000  20040000  20040000  0000b954  2**0
                  CONTENTS
 10 .scratch_y    00000000  20041000  20041000  0000b954  2**0
                  CONTENTS
 11 .bss          00000dc8  20001898  20001898  0000b898  2**3
                  ALLOC
 12 .heap         00000800  20002660  20002660  0000b954  2**2
                  CONTENTS, READONLY
 13 .stack_dummy  00000800  20041000  20041000  0000c160  2**5
                  CONTENTS, READONLY
 14 .ARM.attributes 00000028  00000000  00000000  0000c960  2**0
                  CONTENTS, READONLY
 15 .comment      00000049  00000000  00000000  0000c988  2**0
                  CONTENTS, READONLY
 16 .debug_frame  000005c8  00000000  00000000  0000c9d4  2**2
                  CONTENTS, READONLY, DEBUGGING, OCTETS
 17 .stab         0000003c  00000000  00000000  0000cf9c  2**2
                  CONTENTS, READONLY, DEBUGGING
 18 .stabstr      00000076  00000000  00000000  0000cfd8  2**0
                  CONTENTS, READONLY, DEBUGGING

/home/leon/pico/gateway/build/LoRa_pico_lib/examples/LoRaReceiverCallback/LoRaReceiverCallback.elf:     file format elf32-littlearm


Disassembly of section .boot2:

10000000 <__boot2_start__>:
10000000:	4b32b500 	.word	0x4b32b500
10000004:	60582021 	.word	0x60582021
10000008:	21026898 	.word	0x21026898
1000000c:	60984388 	.word	0x60984388
10000010:	611860d8 	.word	0x611860d8
10000014:	4b2e6158 	.word	0x4b2e6158
10000018:	60992100 	.word	0x60992100
1000001c:	61592102 	.word	0x61592102
10000020:	22f02101 	.word	0x22f02101
10000024:	492b5099 	.word	0x492b5099
10000028:	21016019 	.word	0x21016019
1000002c:	20356099 	.word	0x20356099
10000030:	f844f000 	.word	0xf844f000
10000034:	42902202 	.word	0x42902202
10000038:	2106d014 	.word	0x2106d014
1000003c:	f0006619 	.word	0xf0006619
10000040:	6e19f834 	.word	0x6e19f834
10000044:	66192101 	.word	0x66192101
10000048:	66182000 	.word	0x66182000
1000004c:	f000661a 	.word	0xf000661a
10000050:	6e19f82c 	.word	0x6e19f82c
10000054:	6e196e19 	.word	0x6e196e19
10000058:	f0002005 	.word	0xf0002005
1000005c:	2101f82f 	.word	0x2101f82f
10000060:	d1f94208 	.word	0xd1f94208
10000064:	60992100 	.word	0x60992100
10000068:	6019491b 	.word	0x6019491b
1000006c:	60592100 	.word	0x60592100
10000070:	481b491a 	.word	0x481b491a
10000074:	21016001 	.word	0x21016001
10000078:	21eb6099 	.word	0x21eb6099
1000007c:	21a06619 	.word	0x21a06619
10000080:	f0006619 	.word	0xf0006619
10000084:	2100f812 	.word	0x2100f812
10000088:	49166099 	.word	0x49166099
1000008c:	60014814 	.word	0x60014814
10000090:	60992101 	.word	0x60992101
10000094:	2800bc01 	.word	0x2800bc01
10000098:	4700d000 	.word	0x4700d000
1000009c:	49134812 	.word	0x49134812
100000a0:	c8036008 	.word	0xc8036008
100000a4:	8808f380 	.word	0x8808f380
100000a8:	b5034708 	.word	0xb5034708
100000ac:	20046a99 	.word	0x20046a99
100000b0:	d0fb4201 	.word	0xd0fb4201
100000b4:	42012001 	.word	0x42012001
100000b8:	bd03d1f8 	.word	0xbd03d1f8
100000bc:	6618b502 	.word	0x6618b502
100000c0:	f7ff6618 	.word	0xf7ff6618
100000c4:	6e18fff2 	.word	0x6e18fff2
100000c8:	bd026e18 	.word	0xbd026e18
100000cc:	40020000 	.word	0x40020000
100000d0:	18000000 	.word	0x18000000
100000d4:	00070000 	.word	0x00070000
100000d8:	005f0300 	.word	0x005f0300
100000dc:	00002221 	.word	0x00002221
100000e0:	180000f4 	.word	0x180000f4
100000e4:	a0002022 	.word	0xa0002022
100000e8:	10000100 	.word	0x10000100
100000ec:	e000ed08 	.word	0xe000ed08
	...
100000fc:	7a4eb274 	.word	0x7a4eb274

Disassembly of section .text:

10000100 <__VECTOR_TABLE>:
10000100:	20042000 	.word	0x20042000
10000104:	100001f7 	.word	0x100001f7
10000108:	100001c3 	.word	0x100001c3
1000010c:	100001c5 	.word	0x100001c5
10000110:	100001c1 	.word	0x100001c1
10000114:	100001c1 	.word	0x100001c1
10000118:	100001c1 	.word	0x100001c1
1000011c:	100001c1 	.word	0x100001c1
10000120:	100001c1 	.word	0x100001c1
10000124:	100001c1 	.word	0x100001c1
10000128:	100001c1 	.word	0x100001c1
1000012c:	100001c7 	.word	0x100001c7
10000130:	100001c1 	.word	0x100001c1
10000134:	100001c1 	.word	0x100001c1
10000138:	100001c9 	.word	0x100001c9
1000013c:	100001cb 	.word	0x100001cb
10000140:	100001cd 	.word	0x100001cd
10000144:	100001cd 	.word	0x100001cd
10000148:	100001cd 	.word	0x100001cd
1000014c:	100001cd 	.word	0x100001cd
10000150:	100001cd 	.word	0x100001cd
10000154:	100001cd 	.word	0x100001cd
10000158:	100001cd 	.word	0x100001cd
1000015c:	100001cd 	.word	0x100001cd
10000160:	100001cd 	.word	0x100001cd
10000164:	100001cd 	.word	0x100001cd
10000168:	100001cd 	.word	0x100001cd
1000016c:	100001cd 	.word	0x100001cd
10000170:	100001cd 	.word	0x100001cd
10000174:	100001cd 	.word	0x100001cd
10000178:	100001cd 	.word	0x100001cd
1000017c:	100001cd 	.word	0x100001cd
10000180:	100001cd 	.word	0x100001cd
10000184:	100001cd 	.word	0x100001cd
10000188:	100001cd 	.word	0x100001cd
1000018c:	100001cd 	.word	0x100001cd
10000190:	100001cd 	.word	0x100001cd
10000194:	100001cd 	.word	0x100001cd
10000198:	100001cd 	.word	0x100001cd
1000019c:	100001cd 	.word	0x100001cd
100001a0:	100001cd 	.word	0x100001cd
100001a4:	100001cd 	.word	0x100001cd
100001a8:	100001cd 	.word	0x100001cd
100001ac:	100001cd 	.word	0x100001cd
100001b0:	100001cd 	.word	0x100001cd
100001b4:	100001cd 	.word	0x100001cd
100001b8:	100001cd 	.word	0x100001cd
100001bc:	100001cd 	.word	0x100001cd

100001c0 <isr_invalid>:
100001c0:	be00      	bkpt	0x0000

100001c2 <isr_nmi>:
100001c2:	be00      	bkpt	0x0000

100001c4 <isr_hardfault>:
100001c4:	be00      	bkpt	0x0000

100001c6 <isr_svcall>:
100001c6:	be00      	bkpt	0x0000

100001c8 <isr_pendsv>:
100001c8:	be00      	bkpt	0x0000

100001ca <isr_systick>:
100001ca:	be00      	bkpt	0x0000

100001cc <__unhandled_user_irq>:
100001cc:	f000 f84b 	bl	10000266 <__get_current_exception>
100001d0:	3810      	subs	r0, #16

100001d2 <unhandled_user_irq_num_in_r0>:
100001d2:	be00      	bkpt	0x0000

100001d4 <binary_info_header>:
100001d4:	7188ebf2 	.word	0x7188ebf2
100001d8:	10008410 	.word	0x10008410
100001dc:	10008438 	.word	0x10008438
100001e0:	10000234 	.word	0x10000234
100001e4:	e71aa390 	.word	0xe71aa390

100001e8 <_entry_point>:
100001e8:	2000      	movs	r0, #0
100001ea:	4921      	ldr	r1, [pc, #132]	; (10000270 <__get_current_exception+0xa>)
100001ec:	6008      	str	r0, [r1, #0]
100001ee:	c806      	ldmia	r0!, {r1, r2}
100001f0:	f381 8808 	msr	MSP, r1
100001f4:	4710      	bx	r2

100001f6 <_reset_handler>:
100001f6:	481f      	ldr	r0, [pc, #124]	; (10000274 <__get_current_exception+0xe>)
100001f8:	6800      	ldr	r0, [r0, #0]
100001fa:	2800      	cmp	r0, #0
100001fc:	d12f      	bne.n	1000025e <hold_non_core0_in_bootrom>
100001fe:	a40d      	add	r4, pc, #52	; (adr r4, 10000234 <data_cpy_table>)
10000200:	cc0e      	ldmia	r4!, {r1, r2, r3}
10000202:	2900      	cmp	r1, #0
10000204:	d002      	beq.n	1000020c <_reset_handler+0x16>
10000206:	f000 f812 	bl	1000022e <data_cpy>
1000020a:	e7f9      	b.n	10000200 <_reset_handler+0xa>
1000020c:	491a      	ldr	r1, [pc, #104]	; (10000278 <__get_current_exception+0x12>)
1000020e:	4a1b      	ldr	r2, [pc, #108]	; (1000027c <__get_current_exception+0x16>)
10000210:	2000      	movs	r0, #0
10000212:	e000      	b.n	10000216 <bss_fill_test>

10000214 <bss_fill_loop>:
10000214:	c101      	stmia	r1!, {r0}

10000216 <bss_fill_test>:
10000216:	4291      	cmp	r1, r2
10000218:	d1fc      	bne.n	10000214 <bss_fill_loop>

1000021a <platform_entry>:
1000021a:	4919      	ldr	r1, [pc, #100]	; (10000280 <__get_current_exception+0x1a>)
1000021c:	4788      	blx	r1
1000021e:	4919      	ldr	r1, [pc, #100]	; (10000284 <__get_current_exception+0x1e>)
10000220:	4788      	blx	r1
10000222:	4919      	ldr	r1, [pc, #100]	; (10000288 <__get_current_exception+0x22>)
10000224:	4788      	blx	r1
10000226:	be00      	bkpt	0x0000
10000228:	e7fd      	b.n	10000226 <platform_entry+0xc>

1000022a <data_cpy_loop>:
1000022a:	c901      	ldmia	r1!, {r0}
1000022c:	c201      	stmia	r2!, {r0}

1000022e <data_cpy>:
1000022e:	429a      	cmp	r2, r3
10000230:	d3fb      	bcc.n	1000022a <data_cpy_loop>
10000232:	4770      	bx	lr

10000234 <data_cpy_table>:
10000234:	10008438 	.word	0x10008438
10000238:	200000c0 	.word	0x200000c0
1000023c:	20001894 	.word	0x20001894
10000240:	10009c0c 	.word	0x10009c0c
10000244:	20040000 	.word	0x20040000
10000248:	20040000 	.word	0x20040000
1000024c:	10009c0c 	.word	0x10009c0c
10000250:	20041000 	.word	0x20041000
10000254:	20041000 	.word	0x20041000
10000258:	00000000 	.word	0x00000000
1000025c:	4770      	bx	lr

1000025e <hold_non_core0_in_bootrom>:
1000025e:	480b      	ldr	r0, [pc, #44]	; (1000028c <__get_current_exception+0x26>)
10000260:	f003 faee 	bl	10003840 <rom_func_lookup>
10000264:	4700      	bx	r0

10000266 <__get_current_exception>:
10000266:	f3ef 8005 	mrs	r0, IPSR
1000026a:	b2c0      	uxtb	r0, r0
1000026c:	4770      	bx	lr
1000026e:	0000      	.short	0x0000
10000270:	e000ed08 	.word	0xe000ed08
10000274:	d0000000 	.word	0xd0000000
10000278:	20001898 	.word	0x20001898
1000027c:	20002660 	.word	0x20002660
10000280:	10001cf1 	.word	0x10001cf1
10000284:	1000030d 	.word	0x1000030d
10000288:	10001de5 	.word	0x10001de5
1000028c:	00005657 	.word	0x00005657

10000290 <__bi_50>:
10000290:	50520006 5360b3ab 10007fb0              ..RP..`S....

1000029c <__bi_38>:
1000029c:	50520006 02031c86 10007fc0              ..RP........

100002a8 <__bi_30>:
100002a8:	50520006 9da22254 10007fd8              ..RPT"......

100002b4 <__bi_22>:
100002b4:	50520005 68f465de 10009c0c              ..RP.e.h....

100002c0 <_init>:
100002c0:	b5f8      	push	{r3, r4, r5, r6, r7, lr}
100002c2:	46c0      	nop			; (mov r8, r8)

100002c4 <__do_global_dtors_aux>:
100002c4:	b510      	push	{r4, lr}
100002c6:	4c06      	ldr	r4, [pc, #24]	; (100002e0 <__do_global_dtors_aux+0x1c>)
100002c8:	7823      	ldrb	r3, [r4, #0]
100002ca:	2b00      	cmp	r3, #0
100002cc:	d107      	bne.n	100002de <__do_global_dtors_aux+0x1a>
100002ce:	4b05      	ldr	r3, [pc, #20]	; (100002e4 <__do_global_dtors_aux+0x20>)
100002d0:	2b00      	cmp	r3, #0
100002d2:	d002      	beq.n	100002da <__do_global_dtors_aux+0x16>
100002d4:	4804      	ldr	r0, [pc, #16]	; (100002e8 <__do_global_dtors_aux+0x24>)
100002d6:	e000      	b.n	100002da <__do_global_dtors_aux+0x16>
100002d8:	bf00      	nop
100002da:	2301      	movs	r3, #1
100002dc:	7023      	strb	r3, [r4, #0]
100002de:	bd10      	pop	{r4, pc}
100002e0:	20001aa0 	.word	0x20001aa0
100002e4:	00000000 	.word	0x00000000
100002e8:	10007c60 	.word	0x10007c60

100002ec <frame_dummy>:
100002ec:	4b04      	ldr	r3, [pc, #16]	; (10000300 <frame_dummy+0x14>)
100002ee:	b510      	push	{r4, lr}
100002f0:	2b00      	cmp	r3, #0
100002f2:	d003      	beq.n	100002fc <frame_dummy+0x10>
100002f4:	4903      	ldr	r1, [pc, #12]	; (10000304 <frame_dummy+0x18>)
100002f6:	4804      	ldr	r0, [pc, #16]	; (10000308 <frame_dummy+0x1c>)
100002f8:	e000      	b.n	100002fc <frame_dummy+0x10>
100002fa:	bf00      	nop
100002fc:	bd10      	pop	{r4, pc}
100002fe:	46c0      	nop			; (mov r8, r8)
10000300:	00000000 	.word	0x00000000
10000304:	20001aa4 	.word	0x20001aa4
10000308:	10007c60 	.word	0x10007c60

1000030c <main>:
1000030c:	b510      	push	{r4, lr}
1000030e:	f004 f8e3 	bl	100044d8 <stdio_init_all>
10000312:	480c      	ldr	r0, [pc, #48]	; (10000344 <main+0x38>)
10000314:	f004 f8d4 	bl	100044c0 <__wrap_printf>
10000318:	4c0b      	ldr	r4, [pc, #44]	; (10000348 <main+0x3c>)
1000031a:	490c      	ldr	r1, [pc, #48]	; (1000034c <main+0x40>)
1000031c:	0020      	movs	r0, r4
1000031e:	f007 f847 	bl	100073b0 <_ZN9LoRaClass5beginEl>
10000322:	2800      	cmp	r0, #0
10000324:	d103      	bne.n	1000032e <main+0x22>
10000326:	480a      	ldr	r0, [pc, #40]	; (10000350 <main+0x44>)
10000328:	f004 f828 	bl	1000437c <__wrap_puts>
1000032c:	e7fe      	b.n	1000032c <main+0x20>
1000032e:	0020      	movs	r0, r4
10000330:	4908      	ldr	r1, [pc, #32]	; (10000354 <main+0x48>)
10000332:	f007 fa0b 	bl	1000774c <_ZN9LoRaClass9onReceiveEPFviE>
10000336:	0020      	movs	r0, r4
10000338:	2100      	movs	r1, #0
1000033a:	f007 fa19 	bl	10007770 <_ZN9LoRaClass7receiveEi>
1000033e:	2000      	movs	r0, #0
10000340:	bd10      	pop	{r4, pc}
10000342:	46c0      	nop			; (mov r8, r8)
10000344:	10007c60 	.word	0x10007c60
10000348:	20001abc 	.word	0x20001abc
1000034c:	3689cac0 	.word	0x3689cac0
10000350:	10007c78 	.word	0x10007c78
10000354:	10000359 	.word	0x10000359

10000358 <_Z9onReceivei>:
10000358:	b5f0      	push	{r4, r5, r6, r7, lr}
1000035a:	46c6      	mov	lr, r8
1000035c:	0005      	movs	r5, r0
1000035e:	b500      	push	{lr}
10000360:	4811      	ldr	r0, [pc, #68]	; (100003a8 <_Z9onReceivei+0x50>)
10000362:	f004 f8ad 	bl	100044c0 <__wrap_printf>
10000366:	2d00      	cmp	r5, #0
10000368:	dd1c      	ble.n	100003a4 <_Z9onReceivei+0x4c>
1000036a:	4b10      	ldr	r3, [pc, #64]	; (100003ac <_Z9onReceivei+0x54>)
1000036c:	2400      	movs	r4, #0
1000036e:	4698      	mov	r8, r3
10000370:	27ff      	movs	r7, #255	; 0xff
10000372:	4e0f      	ldr	r6, [pc, #60]	; (100003b0 <_Z9onReceivei+0x58>)
10000374:	0030      	movs	r0, r6
10000376:	f006 fe2f 	bl	10006fd8 <_ZN9LoRaClass4readEv>
1000037a:	0001      	movs	r1, r0
1000037c:	3401      	adds	r4, #1
1000037e:	4640      	mov	r0, r8
10000380:	4039      	ands	r1, r7
10000382:	f004 f89d 	bl	100044c0 <__wrap_printf>
10000386:	42a5      	cmp	r5, r4
10000388:	d1f4      	bne.n	10000374 <_Z9onReceivei+0x1c>
1000038a:	480a      	ldr	r0, [pc, #40]	; (100003b4 <_Z9onReceivei+0x5c>)
1000038c:	f004 f898 	bl	100044c0 <__wrap_printf>
10000390:	0030      	movs	r0, r6
10000392:	f007 f9a5 	bl	100076e0 <_ZN9LoRaClass10packetRssiEv>
10000396:	0001      	movs	r1, r0
10000398:	4807      	ldr	r0, [pc, #28]	; (100003b8 <_Z9onReceivei+0x60>)
1000039a:	f004 f891 	bl	100044c0 <__wrap_printf>
1000039e:	bc80      	pop	{r7}
100003a0:	46b8      	mov	r8, r7
100003a2:	bdf0      	pop	{r4, r5, r6, r7, pc}
100003a4:	4e02      	ldr	r6, [pc, #8]	; (100003b0 <_Z9onReceivei+0x58>)
100003a6:	e7f0      	b.n	1000038a <_Z9onReceivei+0x32>
100003a8:	10007c90 	.word	0x10007c90
100003ac:	10007ca4 	.word	0x10007ca4
100003b0:	20001abc 	.word	0x20001abc
100003b4:	10007ca8 	.word	0x10007ca8
100003b8:	10007cb8 	.word	0x10007cb8

100003bc <gpio_default_irq_handler>:
100003bc:	23d0      	movs	r3, #208	; 0xd0
100003be:	061b      	lsls	r3, r3, #24
100003c0:	681b      	ldr	r3, [r3, #0]
100003c2:	b5f0      	push	{r4, r5, r6, r7, lr}
100003c4:	009a      	lsls	r2, r3, #2
100003c6:	4645      	mov	r5, r8
100003c8:	4690      	mov	r8, r2
100003ca:	4641      	mov	r1, r8
100003cc:	4a89      	ldr	r2, [pc, #548]	; (100005f4 <gpio_default_irq_handler+0x238>)
100003ce:	46de      	mov	lr, fp
100003d0:	5852      	ldr	r2, [r2, r1]
100003d2:	4657      	mov	r7, sl
100003d4:	4693      	mov	fp, r2
100003d6:	1e5a      	subs	r2, r3, #1
100003d8:	4193      	sbcs	r3, r2
100003da:	2230      	movs	r2, #48	; 0x30
100003dc:	464e      	mov	r6, r9
100003de:	425b      	negs	r3, r3
100003e0:	401a      	ands	r2, r3
100003e2:	0013      	movs	r3, r2
100003e4:	4a84      	ldr	r2, [pc, #528]	; (100005f8 <gpio_default_irq_handler+0x23c>)
100003e6:	b5e0      	push	{r5, r6, r7, lr}
100003e8:	4694      	mov	ip, r2
100003ea:	b083      	sub	sp, #12
100003ec:	4463      	add	r3, ip
100003ee:	9301      	str	r3, [sp, #4]
100003f0:	4b82      	ldr	r3, [pc, #520]	; (100005fc <gpio_default_irq_handler+0x240>)
100003f2:	2608      	movs	r6, #8
100003f4:	469a      	mov	sl, r3
100003f6:	0035      	movs	r5, r6
100003f8:	3d08      	subs	r5, #8
100003fa:	08ea      	lsrs	r2, r5, #3
100003fc:	0013      	movs	r3, r2
100003fe:	9901      	ldr	r1, [sp, #4]
10000400:	3308      	adds	r3, #8
10000402:	009b      	lsls	r3, r3, #2
10000404:	585c      	ldr	r4, [r3, r1]
10000406:	2c00      	cmp	r4, #0
10000408:	d023      	beq.n	10000452 <gpio_default_irq_handler+0x96>
1000040a:	465b      	mov	r3, fp
1000040c:	2b00      	cmp	r3, #0
1000040e:	d02a      	beq.n	10000466 <gpio_default_irq_handler+0xaa>
10000410:	2301      	movs	r3, #1
10000412:	270f      	movs	r7, #15
10000414:	4699      	mov	r9, r3
10000416:	0039      	movs	r1, r7
10000418:	4021      	ands	r1, r4
1000041a:	4227      	tst	r7, r4
1000041c:	d013      	beq.n	10000446 <gpio_default_irq_handler+0x8a>
1000041e:	464b      	mov	r3, r9
10000420:	4652      	mov	r2, sl
10000422:	4640      	mov	r0, r8
10000424:	40ab      	lsls	r3, r5
10000426:	5812      	ldr	r2, [r2, r0]
10000428:	421a      	tst	r2, r3
1000042a:	d10c      	bne.n	10000446 <gpio_default_irq_handler+0x8a>
1000042c:	2207      	movs	r2, #7
1000042e:	0008      	movs	r0, r1
10000430:	402a      	ands	r2, r5
10000432:	0092      	lsls	r2, r2, #2
10000434:	4090      	lsls	r0, r2
10000436:	0002      	movs	r2, r0
10000438:	08eb      	lsrs	r3, r5, #3
1000043a:	4871      	ldr	r0, [pc, #452]	; (10000600 <gpio_default_irq_handler+0x244>)
1000043c:	333c      	adds	r3, #60	; 0x3c
1000043e:	009b      	lsls	r3, r3, #2
10000440:	501a      	str	r2, [r3, r0]
10000442:	0028      	movs	r0, r5
10000444:	47d8      	blx	fp
10000446:	0924      	lsrs	r4, r4, #4
10000448:	3501      	adds	r5, #1
1000044a:	2c00      	cmp	r4, #0
1000044c:	d001      	beq.n	10000452 <gpio_default_irq_handler+0x96>
1000044e:	42b5      	cmp	r5, r6
10000450:	d3e1      	bcc.n	10000416 <gpio_default_irq_handler+0x5a>
10000452:	3608      	adds	r6, #8
10000454:	2e28      	cmp	r6, #40	; 0x28
10000456:	d1ce      	bne.n	100003f6 <gpio_default_irq_handler+0x3a>
10000458:	b003      	add	sp, #12
1000045a:	bcf0      	pop	{r4, r5, r6, r7}
1000045c:	46bb      	mov	fp, r7
1000045e:	46b2      	mov	sl, r6
10000460:	46a9      	mov	r9, r5
10000462:	46a0      	mov	r8, r4
10000464:	bdf0      	pop	{r4, r5, r6, r7, pc}
10000466:	230f      	movs	r3, #15
10000468:	0019      	movs	r1, r3
1000046a:	4021      	ands	r1, r4
1000046c:	4223      	tst	r3, r4
1000046e:	d007      	beq.n	10000480 <gpio_default_irq_handler+0xc4>
10000470:	4647      	mov	r7, r8
10000472:	3b0e      	subs	r3, #14
10000474:	40ab      	lsls	r3, r5
10000476:	4861      	ldr	r0, [pc, #388]	; (100005fc <gpio_default_irq_handler+0x240>)
10000478:	59c0      	ldr	r0, [r0, r7]
1000047a:	4218      	tst	r0, r3
1000047c:	d100      	bne.n	10000480 <gpio_default_irq_handler+0xc4>
1000047e:	e08d      	b.n	1000059c <gpio_default_irq_handler+0x1e0>
10000480:	0923      	lsrs	r3, r4, #4
10000482:	1ff1      	subs	r1, r6, #7
10000484:	2b00      	cmp	r3, #0
10000486:	d0e4      	beq.n	10000452 <gpio_default_irq_handler+0x96>
10000488:	220f      	movs	r2, #15
1000048a:	0010      	movs	r0, r2
1000048c:	4018      	ands	r0, r3
1000048e:	421a      	tst	r2, r3
10000490:	d00f      	beq.n	100004b2 <gpio_default_irq_handler+0xf6>
10000492:	2301      	movs	r3, #1
10000494:	4645      	mov	r5, r8
10000496:	408b      	lsls	r3, r1
10000498:	4a58      	ldr	r2, [pc, #352]	; (100005fc <gpio_default_irq_handler+0x240>)
1000049a:	5952      	ldr	r2, [r2, r5]
1000049c:	421a      	tst	r2, r3
1000049e:	d108      	bne.n	100004b2 <gpio_default_irq_handler+0xf6>
100004a0:	2207      	movs	r2, #7
100004a2:	08cb      	lsrs	r3, r1, #3
100004a4:	4011      	ands	r1, r2
100004a6:	0089      	lsls	r1, r1, #2
100004a8:	4088      	lsls	r0, r1
100004aa:	4a55      	ldr	r2, [pc, #340]	; (10000600 <gpio_default_irq_handler+0x244>)
100004ac:	333c      	adds	r3, #60	; 0x3c
100004ae:	009b      	lsls	r3, r3, #2
100004b0:	5098      	str	r0, [r3, r2]
100004b2:	0a23      	lsrs	r3, r4, #8
100004b4:	1fb1      	subs	r1, r6, #6
100004b6:	2b00      	cmp	r3, #0
100004b8:	d0cb      	beq.n	10000452 <gpio_default_irq_handler+0x96>
100004ba:	220f      	movs	r2, #15
100004bc:	0010      	movs	r0, r2
100004be:	4018      	ands	r0, r3
100004c0:	421a      	tst	r2, r3
100004c2:	d00f      	beq.n	100004e4 <gpio_default_irq_handler+0x128>
100004c4:	2301      	movs	r3, #1
100004c6:	4645      	mov	r5, r8
100004c8:	408b      	lsls	r3, r1
100004ca:	4a4c      	ldr	r2, [pc, #304]	; (100005fc <gpio_default_irq_handler+0x240>)
100004cc:	5952      	ldr	r2, [r2, r5]
100004ce:	421a      	tst	r2, r3
100004d0:	d108      	bne.n	100004e4 <gpio_default_irq_handler+0x128>
100004d2:	2207      	movs	r2, #7
100004d4:	08cb      	lsrs	r3, r1, #3
100004d6:	4011      	ands	r1, r2
100004d8:	0089      	lsls	r1, r1, #2
100004da:	4088      	lsls	r0, r1
100004dc:	4a48      	ldr	r2, [pc, #288]	; (10000600 <gpio_default_irq_handler+0x244>)
100004de:	333c      	adds	r3, #60	; 0x3c
100004e0:	009b      	lsls	r3, r3, #2
100004e2:	5098      	str	r0, [r3, r2]
100004e4:	0b23      	lsrs	r3, r4, #12
100004e6:	1f71      	subs	r1, r6, #5
100004e8:	2b00      	cmp	r3, #0
100004ea:	d0b2      	beq.n	10000452 <gpio_default_irq_handler+0x96>
100004ec:	220f      	movs	r2, #15
100004ee:	0010      	movs	r0, r2
100004f0:	4018      	ands	r0, r3
100004f2:	421a      	tst	r2, r3
100004f4:	d141      	bne.n	1000057a <gpio_default_irq_handler+0x1be>
100004f6:	0c23      	lsrs	r3, r4, #16
100004f8:	1f31      	subs	r1, r6, #4
100004fa:	2b00      	cmp	r3, #0
100004fc:	d0a9      	beq.n	10000452 <gpio_default_irq_handler+0x96>
100004fe:	220f      	movs	r2, #15
10000500:	0010      	movs	r0, r2
10000502:	4018      	ands	r0, r3
10000504:	421a      	tst	r2, r3
10000506:	d152      	bne.n	100005ae <gpio_default_irq_handler+0x1f2>
10000508:	0d23      	lsrs	r3, r4, #20
1000050a:	1ef1      	subs	r1, r6, #3
1000050c:	2b00      	cmp	r3, #0
1000050e:	d0a0      	beq.n	10000452 <gpio_default_irq_handler+0x96>
10000510:	220f      	movs	r2, #15
10000512:	0010      	movs	r0, r2
10000514:	4018      	ands	r0, r3
10000516:	421a      	tst	r2, r3
10000518:	d15a      	bne.n	100005d0 <gpio_default_irq_handler+0x214>
1000051a:	0e23      	lsrs	r3, r4, #24
1000051c:	1eb1      	subs	r1, r6, #2
1000051e:	2b00      	cmp	r3, #0
10000520:	d097      	beq.n	10000452 <gpio_default_irq_handler+0x96>
10000522:	220f      	movs	r2, #15
10000524:	0010      	movs	r0, r2
10000526:	4018      	ands	r0, r3
10000528:	421a      	tst	r2, r3
1000052a:	d00f      	beq.n	1000054c <gpio_default_irq_handler+0x190>
1000052c:	2301      	movs	r3, #1
1000052e:	4645      	mov	r5, r8
10000530:	408b      	lsls	r3, r1
10000532:	4a32      	ldr	r2, [pc, #200]	; (100005fc <gpio_default_irq_handler+0x240>)
10000534:	5952      	ldr	r2, [r2, r5]
10000536:	421a      	tst	r2, r3
10000538:	d108      	bne.n	1000054c <gpio_default_irq_handler+0x190>
1000053a:	2207      	movs	r2, #7
1000053c:	08cb      	lsrs	r3, r1, #3
1000053e:	4011      	ands	r1, r2
10000540:	0089      	lsls	r1, r1, #2
10000542:	4088      	lsls	r0, r1
10000544:	4a2e      	ldr	r2, [pc, #184]	; (10000600 <gpio_default_irq_handler+0x244>)
10000546:	333c      	adds	r3, #60	; 0x3c
10000548:	009b      	lsls	r3, r3, #2
1000054a:	5098      	str	r0, [r3, r2]
1000054c:	0f24      	lsrs	r4, r4, #28
1000054e:	1e72      	subs	r2, r6, #1
10000550:	2c00      	cmp	r4, #0
10000552:	d100      	bne.n	10000556 <gpio_default_irq_handler+0x19a>
10000554:	e77d      	b.n	10000452 <gpio_default_irq_handler+0x96>
10000556:	2301      	movs	r3, #1
10000558:	4651      	mov	r1, sl
1000055a:	4640      	mov	r0, r8
1000055c:	4093      	lsls	r3, r2
1000055e:	5809      	ldr	r1, [r1, r0]
10000560:	4219      	tst	r1, r3
10000562:	d000      	beq.n	10000566 <gpio_default_irq_handler+0x1aa>
10000564:	e775      	b.n	10000452 <gpio_default_irq_handler+0x96>
10000566:	2107      	movs	r1, #7
10000568:	08d3      	lsrs	r3, r2, #3
1000056a:	400a      	ands	r2, r1
1000056c:	0092      	lsls	r2, r2, #2
1000056e:	4094      	lsls	r4, r2
10000570:	333c      	adds	r3, #60	; 0x3c
10000572:	4a23      	ldr	r2, [pc, #140]	; (10000600 <gpio_default_irq_handler+0x244>)
10000574:	009b      	lsls	r3, r3, #2
10000576:	509c      	str	r4, [r3, r2]
10000578:	e76b      	b.n	10000452 <gpio_default_irq_handler+0x96>
1000057a:	2301      	movs	r3, #1
1000057c:	4645      	mov	r5, r8
1000057e:	408b      	lsls	r3, r1
10000580:	4a1e      	ldr	r2, [pc, #120]	; (100005fc <gpio_default_irq_handler+0x240>)
10000582:	5952      	ldr	r2, [r2, r5]
10000584:	421a      	tst	r2, r3
10000586:	d1b6      	bne.n	100004f6 <gpio_default_irq_handler+0x13a>
10000588:	2207      	movs	r2, #7
1000058a:	08cb      	lsrs	r3, r1, #3
1000058c:	4011      	ands	r1, r2
1000058e:	0089      	lsls	r1, r1, #2
10000590:	4088      	lsls	r0, r1
10000592:	4a1b      	ldr	r2, [pc, #108]	; (10000600 <gpio_default_irq_handler+0x244>)
10000594:	333c      	adds	r3, #60	; 0x3c
10000596:	009b      	lsls	r3, r3, #2
10000598:	5098      	str	r0, [r3, r2]
1000059a:	e7ac      	b.n	100004f6 <gpio_default_irq_handler+0x13a>
1000059c:	2307      	movs	r3, #7
1000059e:	401d      	ands	r5, r3
100005a0:	00ad      	lsls	r5, r5, #2
100005a2:	40a9      	lsls	r1, r5
100005a4:	4b16      	ldr	r3, [pc, #88]	; (10000600 <gpio_default_irq_handler+0x244>)
100005a6:	323c      	adds	r2, #60	; 0x3c
100005a8:	0092      	lsls	r2, r2, #2
100005aa:	50d1      	str	r1, [r2, r3]
100005ac:	e768      	b.n	10000480 <gpio_default_irq_handler+0xc4>
100005ae:	2301      	movs	r3, #1
100005b0:	4645      	mov	r5, r8
100005b2:	408b      	lsls	r3, r1
100005b4:	4a11      	ldr	r2, [pc, #68]	; (100005fc <gpio_default_irq_handler+0x240>)
100005b6:	5952      	ldr	r2, [r2, r5]
100005b8:	421a      	tst	r2, r3
100005ba:	d1a5      	bne.n	10000508 <gpio_default_irq_handler+0x14c>
100005bc:	2207      	movs	r2, #7
100005be:	08cb      	lsrs	r3, r1, #3
100005c0:	4011      	ands	r1, r2
100005c2:	0089      	lsls	r1, r1, #2
100005c4:	4088      	lsls	r0, r1
100005c6:	4a0e      	ldr	r2, [pc, #56]	; (10000600 <gpio_default_irq_handler+0x244>)
100005c8:	333c      	adds	r3, #60	; 0x3c
100005ca:	009b      	lsls	r3, r3, #2
100005cc:	5098      	str	r0, [r3, r2]
100005ce:	e79b      	b.n	10000508 <gpio_default_irq_handler+0x14c>
100005d0:	2301      	movs	r3, #1
100005d2:	4645      	mov	r5, r8
100005d4:	408b      	lsls	r3, r1
100005d6:	4a09      	ldr	r2, [pc, #36]	; (100005fc <gpio_default_irq_handler+0x240>)
100005d8:	5952      	ldr	r2, [r2, r5]
100005da:	421a      	tst	r2, r3
100005dc:	d19d      	bne.n	1000051a <gpio_default_irq_handler+0x15e>
100005de:	2207      	movs	r2, #7
100005e0:	08cb      	lsrs	r3, r1, #3
100005e2:	4011      	ands	r1, r2
100005e4:	0089      	lsls	r1, r1, #2
100005e6:	4088      	lsls	r0, r1
100005e8:	4a05      	ldr	r2, [pc, #20]	; (10000600 <gpio_default_irq_handler+0x244>)
100005ea:	333c      	adds	r3, #60	; 0x3c
100005ec:	009b      	lsls	r3, r3, #2
100005ee:	5098      	str	r0, [r3, r2]
100005f0:	e793      	b.n	1000051a <gpio_default_irq_handler+0x15e>
100005f2:	46c0      	nop			; (mov r8, r8)
100005f4:	2000204c 	.word	0x2000204c
100005f8:	40014100 	.word	0x40014100
100005fc:	20002510 	.word	0x20002510
10000600:	40014000 	.word	0x40014000

10000604 <gpio_set_function>:
10000604:	4a09      	ldr	r2, [pc, #36]	; (1000062c <gpio_set_function+0x28>)
10000606:	0083      	lsls	r3, r0, #2
10000608:	4694      	mov	ip, r2
1000060a:	2240      	movs	r2, #64	; 0x40
1000060c:	4463      	add	r3, ip
1000060e:	b510      	push	{r4, lr}
10000610:	681c      	ldr	r4, [r3, #0]
10000612:	00c0      	lsls	r0, r0, #3
10000614:	4062      	eors	r2, r4
10000616:	24c0      	movs	r4, #192	; 0xc0
10000618:	4014      	ands	r4, r2
1000061a:	2280      	movs	r2, #128	; 0x80
1000061c:	0152      	lsls	r2, r2, #5
1000061e:	4313      	orrs	r3, r2
10000620:	601c      	str	r4, [r3, #0]
10000622:	4b03      	ldr	r3, [pc, #12]	; (10000630 <gpio_set_function+0x2c>)
10000624:	469c      	mov	ip, r3
10000626:	4460      	add	r0, ip
10000628:	6041      	str	r1, [r0, #4]
1000062a:	bd10      	pop	{r4, pc}
1000062c:	4001c004 	.word	0x4001c004
10000630:	40014000 	.word	0x40014000

10000634 <gpio_set_irq_enabled>:
10000634:	23d0      	movs	r3, #208	; 0xd0
10000636:	061b      	lsls	r3, r3, #24
10000638:	681b      	ldr	r3, [r3, #0]
1000063a:	b530      	push	{r4, r5, lr}
1000063c:	0005      	movs	r5, r0
1000063e:	1e58      	subs	r0, r3, #1
10000640:	4183      	sbcs	r3, r0
10000642:	480f      	ldr	r0, [pc, #60]	; (10000680 <gpio_set_irq_enabled+0x4c>)
10000644:	425c      	negs	r4, r3
10000646:	4684      	mov	ip, r0
10000648:	2007      	movs	r0, #7
1000064a:	2330      	movs	r3, #48	; 0x30
1000064c:	4028      	ands	r0, r5
1000064e:	4023      	ands	r3, r4
10000650:	0080      	lsls	r0, r0, #2
10000652:	08ec      	lsrs	r4, r5, #3
10000654:	4081      	lsls	r1, r0
10000656:	0020      	movs	r0, r4
10000658:	4d0a      	ldr	r5, [pc, #40]	; (10000684 <gpio_set_irq_enabled+0x50>)
1000065a:	303c      	adds	r0, #60	; 0x3c
1000065c:	4463      	add	r3, ip
1000065e:	0080      	lsls	r0, r0, #2
10000660:	00a4      	lsls	r4, r4, #2
10000662:	5141      	str	r1, [r0, r5]
10000664:	191b      	adds	r3, r3, r4
10000666:	2a00      	cmp	r2, #0
10000668:	d004      	beq.n	10000674 <gpio_set_irq_enabled+0x40>
1000066a:	2280      	movs	r2, #128	; 0x80
1000066c:	0192      	lsls	r2, r2, #6
1000066e:	4313      	orrs	r3, r2
10000670:	6019      	str	r1, [r3, #0]
10000672:	bd30      	pop	{r4, r5, pc}
10000674:	22c0      	movs	r2, #192	; 0xc0
10000676:	0192      	lsls	r2, r2, #6
10000678:	4313      	orrs	r3, r2
1000067a:	6019      	str	r1, [r3, #0]
1000067c:	e7f9      	b.n	10000672 <gpio_set_irq_enabled+0x3e>
1000067e:	46c0      	nop			; (mov r8, r8)
10000680:	40014100 	.word	0x40014100
10000684:	40014000 	.word	0x40014000

10000688 <gpio_set_irq_enabled_with_callback>:
10000688:	b5f8      	push	{r3, r4, r5, r6, r7, lr}
1000068a:	001e      	movs	r6, r3
1000068c:	23d0      	movs	r3, #208	; 0xd0
1000068e:	061b      	lsls	r3, r3, #24
10000690:	681c      	ldr	r4, [r3, #0]
10000692:	0007      	movs	r7, r0
10000694:	1e63      	subs	r3, r4, #1
10000696:	419c      	sbcs	r4, r3
10000698:	2330      	movs	r3, #48	; 0x30
1000069a:	4264      	negs	r4, r4
1000069c:	401c      	ands	r4, r3
1000069e:	4b22      	ldr	r3, [pc, #136]	; (10000728 <gpio_set_irq_enabled_with_callback+0xa0>)
100006a0:	0015      	movs	r5, r2
100006a2:	469c      	mov	ip, r3
100006a4:	08c3      	lsrs	r3, r0, #3
100006a6:	2007      	movs	r0, #7
100006a8:	001a      	movs	r2, r3
100006aa:	4038      	ands	r0, r7
100006ac:	0080      	lsls	r0, r0, #2
100006ae:	4081      	lsls	r1, r0
100006b0:	323c      	adds	r2, #60	; 0x3c
100006b2:	481e      	ldr	r0, [pc, #120]	; (1000072c <gpio_set_irq_enabled_with_callback+0xa4>)
100006b4:	4464      	add	r4, ip
100006b6:	0092      	lsls	r2, r2, #2
100006b8:	009b      	lsls	r3, r3, #2
100006ba:	5011      	str	r1, [r2, r0]
100006bc:	18e4      	adds	r4, r4, r3
100006be:	2d00      	cmp	r5, #0
100006c0:	d011      	beq.n	100006e6 <gpio_set_irq_enabled_with_callback+0x5e>
100006c2:	2380      	movs	r3, #128	; 0x80
100006c4:	019b      	lsls	r3, r3, #6
100006c6:	431c      	orrs	r4, r3
100006c8:	23d0      	movs	r3, #208	; 0xd0
100006ca:	6021      	str	r1, [r4, #0]
100006cc:	061b      	lsls	r3, r3, #24
100006ce:	681c      	ldr	r4, [r3, #0]
100006d0:	4f17      	ldr	r7, [pc, #92]	; (10000730 <gpio_set_irq_enabled_with_callback+0xa8>)
100006d2:	00a4      	lsls	r4, r4, #2
100006d4:	593b      	ldr	r3, [r7, r4]
100006d6:	2b00      	cmp	r3, #0
100006d8:	d011      	beq.n	100006fe <gpio_set_irq_enabled_with_callback+0x76>
100006da:	2e00      	cmp	r6, #0
100006dc:	d01e      	beq.n	1000071c <gpio_set_irq_enabled_with_callback+0x94>
100006de:	513e      	str	r6, [r7, r4]
100006e0:	2d00      	cmp	r5, #0
100006e2:	d116      	bne.n	10000712 <gpio_set_irq_enabled_with_callback+0x8a>
100006e4:	bdf8      	pop	{r3, r4, r5, r6, r7, pc}
100006e6:	23c0      	movs	r3, #192	; 0xc0
100006e8:	019b      	lsls	r3, r3, #6
100006ea:	431c      	orrs	r4, r3
100006ec:	23d0      	movs	r3, #208	; 0xd0
100006ee:	6021      	str	r1, [r4, #0]
100006f0:	061b      	lsls	r3, r3, #24
100006f2:	681c      	ldr	r4, [r3, #0]
100006f4:	4f0e      	ldr	r7, [pc, #56]	; (10000730 <gpio_set_irq_enabled_with_callback+0xa8>)
100006f6:	00a4      	lsls	r4, r4, #2
100006f8:	593b      	ldr	r3, [r7, r4]
100006fa:	2b00      	cmp	r3, #0
100006fc:	d1ed      	bne.n	100006da <gpio_set_irq_enabled_with_callback+0x52>
100006fe:	2e00      	cmp	r6, #0
10000700:	d0ee      	beq.n	100006e0 <gpio_set_irq_enabled_with_callback+0x58>
10000702:	2200      	movs	r2, #0
10000704:	200d      	movs	r0, #13
10000706:	490b      	ldr	r1, [pc, #44]	; (10000734 <gpio_set_irq_enabled_with_callback+0xac>)
10000708:	513e      	str	r6, [r7, r4]
1000070a:	f000 f945 	bl	10000998 <irq_add_shared_handler>
1000070e:	2d00      	cmp	r5, #0
10000710:	d0e8      	beq.n	100006e4 <gpio_set_irq_enabled_with_callback+0x5c>
10000712:	2101      	movs	r1, #1
10000714:	200d      	movs	r0, #13
10000716:	f000 f8dd 	bl	100008d4 <irq_set_enabled>
1000071a:	e7e3      	b.n	100006e4 <gpio_set_irq_enabled_with_callback+0x5c>
1000071c:	200d      	movs	r0, #13
1000071e:	4905      	ldr	r1, [pc, #20]	; (10000734 <gpio_set_irq_enabled_with_callback+0xac>)
10000720:	f000 fa2c 	bl	10000b7c <irq_remove_handler>
10000724:	e7db      	b.n	100006de <gpio_set_irq_enabled_with_callback+0x56>
10000726:	46c0      	nop			; (mov r8, r8)
10000728:	40014100 	.word	0x40014100
1000072c:	40014000 	.word	0x40014000
10000730:	2000204c 	.word	0x2000204c
10000734:	100003bd 	.word	0x100003bd

10000738 <gpio_acknowledge_irq>:
10000738:	0002      	movs	r2, r0
1000073a:	08c3      	lsrs	r3, r0, #3
1000073c:	2007      	movs	r0, #7
1000073e:	4010      	ands	r0, r2
10000740:	0080      	lsls	r0, r0, #2
10000742:	4081      	lsls	r1, r0
10000744:	4a02      	ldr	r2, [pc, #8]	; (10000750 <gpio_acknowledge_irq+0x18>)
10000746:	333c      	adds	r3, #60	; 0x3c
10000748:	009b      	lsls	r3, r3, #2
1000074a:	5099      	str	r1, [r3, r2]
1000074c:	4770      	bx	lr
1000074e:	46c0      	nop			; (mov r8, r8)
10000750:	40014000 	.word	0x40014000

10000754 <gpio_init>:
10000754:	2301      	movs	r3, #1
10000756:	22d0      	movs	r2, #208	; 0xd0
10000758:	4083      	lsls	r3, r0
1000075a:	0612      	lsls	r2, r2, #24
1000075c:	6293      	str	r3, [r2, #40]	; 0x28
1000075e:	6193      	str	r3, [r2, #24]
10000760:	4a09      	ldr	r2, [pc, #36]	; (10000788 <gpio_init+0x34>)
10000762:	0083      	lsls	r3, r0, #2
10000764:	4694      	mov	ip, r2
10000766:	2240      	movs	r2, #64	; 0x40
10000768:	4463      	add	r3, ip
1000076a:	6819      	ldr	r1, [r3, #0]
1000076c:	00c0      	lsls	r0, r0, #3
1000076e:	404a      	eors	r2, r1
10000770:	21c0      	movs	r1, #192	; 0xc0
10000772:	4011      	ands	r1, r2
10000774:	2280      	movs	r2, #128	; 0x80
10000776:	0152      	lsls	r2, r2, #5
10000778:	4313      	orrs	r3, r2
1000077a:	6019      	str	r1, [r3, #0]
1000077c:	4b03      	ldr	r3, [pc, #12]	; (1000078c <gpio_init+0x38>)
1000077e:	469c      	mov	ip, r3
10000780:	2305      	movs	r3, #5
10000782:	4460      	add	r0, ip
10000784:	6043      	str	r3, [r0, #4]
10000786:	4770      	bx	lr
10000788:	4001c004 	.word	0x4001c004
1000078c:	40014000 	.word	0x40014000

10000790 <hw_claim_or_assert>:
10000790:	b570      	push	{r4, r5, r6, lr}
10000792:	f3ef 8c10 	mrs	ip, PRIMASK
10000796:	b672      	cpsid	i
10000798:	4d0d      	ldr	r5, [pc, #52]	; (100007d0 <hw_claim_or_assert+0x40>)
1000079a:	682b      	ldr	r3, [r5, #0]
1000079c:	2b00      	cmp	r3, #0
1000079e:	d0fc      	beq.n	1000079a <hw_claim_or_assert+0xa>
100007a0:	f3bf 8f5f 	dmb	sy
100007a4:	2407      	movs	r4, #7
100007a6:	08cb      	lsrs	r3, r1, #3
100007a8:	18c6      	adds	r6, r0, r3
100007aa:	5cc0      	ldrb	r0, [r0, r3]
100007ac:	2301      	movs	r3, #1
100007ae:	400c      	ands	r4, r1
100007b0:	40a3      	lsls	r3, r4
100007b2:	001c      	movs	r4, r3
100007b4:	4004      	ands	r4, r0
100007b6:	4203      	tst	r3, r0
100007b8:	d107      	bne.n	100007ca <hw_claim_or_assert+0x3a>
100007ba:	4303      	orrs	r3, r0
100007bc:	7033      	strb	r3, [r6, #0]
100007be:	f3bf 8f5f 	dmb	sy
100007c2:	602c      	str	r4, [r5, #0]
100007c4:	f38c 8810 	msr	PRIMASK, ip
100007c8:	bd70      	pop	{r4, r5, r6, pc}
100007ca:	0010      	movs	r0, r2
100007cc:	f001 fb0c 	bl	10001de8 <panic>
100007d0:	d000012c 	.word	0xd000012c

100007d4 <hw_claim_unused_from_range>:
100007d4:	b5f8      	push	{r3, r4, r5, r6, r7, lr}
100007d6:	4647      	mov	r7, r8
100007d8:	46ce      	mov	lr, r9
100007da:	4688      	mov	r8, r1
100007dc:	b580      	push	{r7, lr}
100007de:	f3ef 8c10 	mrs	ip, PRIMASK
100007e2:	b672      	cpsid	i
100007e4:	4d21      	ldr	r5, [pc, #132]	; (1000086c <hw_claim_unused_from_range+0x98>)
100007e6:	682c      	ldr	r4, [r5, #0]
100007e8:	2c00      	cmp	r4, #0
100007ea:	d0fc      	beq.n	100007e6 <hw_claim_unused_from_range+0x12>
100007ec:	f3bf 8f5f 	dmb	sy
100007f0:	429a      	cmp	r2, r3
100007f2:	d82c      	bhi.n	1000084e <hw_claim_unused_from_range+0x7a>
100007f4:	08d4      	lsrs	r4, r2, #3
100007f6:	2707      	movs	r7, #7
100007f8:	5d05      	ldrb	r5, [r0, r4]
100007fa:	1906      	adds	r6, r0, r4
100007fc:	2401      	movs	r4, #1
100007fe:	4017      	ands	r7, r2
10000800:	40bc      	lsls	r4, r7
10000802:	422c      	tst	r4, r5
10000804:	d01f      	beq.n	10000846 <hw_claim_unused_from_range+0x72>
10000806:	2107      	movs	r1, #7
10000808:	2701      	movs	r7, #1
1000080a:	4689      	mov	r9, r1
1000080c:	e009      	b.n	10000822 <hw_claim_unused_from_range+0x4e>
1000080e:	08d4      	lsrs	r4, r2, #3
10000810:	5d05      	ldrb	r5, [r0, r4]
10000812:	1906      	adds	r6, r0, r4
10000814:	464c      	mov	r4, r9
10000816:	0039      	movs	r1, r7
10000818:	4014      	ands	r4, r2
1000081a:	40a1      	lsls	r1, r4
1000081c:	000c      	movs	r4, r1
1000081e:	4229      	tst	r1, r5
10000820:	d011      	beq.n	10000846 <hw_claim_unused_from_range+0x72>
10000822:	3201      	adds	r2, #1
10000824:	4293      	cmp	r3, r2
10000826:	d2f2      	bcs.n	1000080e <hw_claim_unused_from_range+0x3a>
10000828:	2001      	movs	r0, #1
1000082a:	4240      	negs	r0, r0
1000082c:	f3bf 8f5f 	dmb	sy
10000830:	2200      	movs	r2, #0
10000832:	4b0e      	ldr	r3, [pc, #56]	; (1000086c <hw_claim_unused_from_range+0x98>)
10000834:	601a      	str	r2, [r3, #0]
10000836:	f38c 8810 	msr	PRIMASK, ip
1000083a:	2800      	cmp	r0, #0
1000083c:	db0f      	blt.n	1000085e <hw_claim_unused_from_range+0x8a>
1000083e:	bcc0      	pop	{r6, r7}
10000840:	46b9      	mov	r9, r7
10000842:	46b0      	mov	r8, r6
10000844:	bdf8      	pop	{r3, r4, r5, r6, r7, pc}
10000846:	432c      	orrs	r4, r5
10000848:	0010      	movs	r0, r2
1000084a:	7034      	strb	r4, [r6, #0]
1000084c:	e7ee      	b.n	1000082c <hw_claim_unused_from_range+0x58>
1000084e:	f3bf 8f5f 	dmb	sy
10000852:	2300      	movs	r3, #0
10000854:	602b      	str	r3, [r5, #0]
10000856:	f38c 8810 	msr	PRIMASK, ip
1000085a:	2001      	movs	r0, #1
1000085c:	4240      	negs	r0, r0
1000085e:	4643      	mov	r3, r8
10000860:	2b00      	cmp	r3, #0
10000862:	d0ec      	beq.n	1000083e <hw_claim_unused_from_range+0x6a>
10000864:	9808      	ldr	r0, [sp, #32]
10000866:	f001 fabf 	bl	10001de8 <panic>
1000086a:	46c0      	nop			; (mov r8, r8)
1000086c:	d000012c 	.word	0xd000012c

10000870 <running_on_fpga>:
10000870:	4b02      	ldr	r3, [pc, #8]	; (1000087c <running_on_fpga+0xc>)
10000872:	6818      	ldr	r0, [r3, #0]
10000874:	0780      	lsls	r0, r0, #30
10000876:	0fc0      	lsrs	r0, r0, #31
10000878:	4770      	bx	lr
1000087a:	46c0      	nop			; (mov r8, r8)
1000087c:	4006c000 	.word	0x4006c000

10000880 <spin_locks_reset>:
10000880:	2100      	movs	r1, #0
10000882:	4b04      	ldr	r3, [pc, #16]	; (10000894 <spin_locks_reset+0x14>)
10000884:	4a04      	ldr	r2, [pc, #16]	; (10000898 <spin_locks_reset+0x18>)
10000886:	f3bf 8f5f 	dmb	sy
1000088a:	c302      	stmia	r3!, {r1}
1000088c:	4293      	cmp	r3, r2
1000088e:	d1fa      	bne.n	10000886 <spin_locks_reset+0x6>
10000890:	4770      	bx	lr
10000892:	46c0      	nop			; (mov r8, r8)
10000894:	d0000100 	.word	0xd0000100
10000898:	d0000180 	.word	0xd0000180

1000089c <next_striped_spin_lock_num>:
1000089c:	4a04      	ldr	r2, [pc, #16]	; (100008b0 <next_striped_spin_lock_num+0x14>)
1000089e:	7810      	ldrb	r0, [r2, #0]
100008a0:	1c43      	adds	r3, r0, #1
100008a2:	b2db      	uxtb	r3, r3
100008a4:	2b17      	cmp	r3, #23
100008a6:	d900      	bls.n	100008aa <next_striped_spin_lock_num+0xe>
100008a8:	2310      	movs	r3, #16
100008aa:	7013      	strb	r3, [r2, #0]
100008ac:	4770      	bx	lr
100008ae:	46c0      	nop			; (mov r8, r8)
100008b0:	20001368 	.word	0x20001368

100008b4 <spin_lock_claim_unused>:
100008b4:	b500      	push	{lr}
100008b6:	4b05      	ldr	r3, [pc, #20]	; (100008cc <spin_lock_claim_unused+0x18>)
100008b8:	b083      	sub	sp, #12
100008ba:	0001      	movs	r1, r0
100008bc:	9300      	str	r3, [sp, #0]
100008be:	2218      	movs	r2, #24
100008c0:	231f      	movs	r3, #31
100008c2:	4803      	ldr	r0, [pc, #12]	; (100008d0 <spin_lock_claim_unused+0x1c>)
100008c4:	f7ff ff86 	bl	100007d4 <hw_claim_unused_from_range>
100008c8:	b003      	add	sp, #12
100008ca:	bd00      	pop	{pc}
100008cc:	10007cbc 	.word	0x10007cbc
100008d0:	20002054 	.word	0x20002054

100008d4 <irq_set_enabled>:
100008d4:	2301      	movs	r3, #1
100008d6:	4083      	lsls	r3, r0
100008d8:	2900      	cmp	r1, #0
100008da:	d004      	beq.n	100008e6 <irq_set_enabled+0x12>
100008dc:	4a03      	ldr	r2, [pc, #12]	; (100008ec <irq_set_enabled+0x18>)
100008de:	6013      	str	r3, [r2, #0]
100008e0:	4a03      	ldr	r2, [pc, #12]	; (100008f0 <irq_set_enabled+0x1c>)
100008e2:	6013      	str	r3, [r2, #0]
100008e4:	4770      	bx	lr
100008e6:	4a03      	ldr	r2, [pc, #12]	; (100008f4 <irq_set_enabled+0x20>)
100008e8:	6013      	str	r3, [r2, #0]
100008ea:	e7fb      	b.n	100008e4 <irq_set_enabled+0x10>
100008ec:	e000e280 	.word	0xe000e280
100008f0:	e000e100 	.word	0xe000e100
100008f4:	e000e180 	.word	0xe000e180

100008f8 <irq_set_pending>:
100008f8:	2301      	movs	r3, #1
100008fa:	4083      	lsls	r3, r0
100008fc:	4a01      	ldr	r2, [pc, #4]	; (10000904 <irq_set_pending+0xc>)
100008fe:	6013      	str	r3, [r2, #0]
10000900:	4770      	bx	lr
10000902:	46c0      	nop			; (mov r8, r8)
10000904:	e000e200 	.word	0xe000e200

10000908 <irq_has_shared_handler>:
10000908:	4b08      	ldr	r3, [pc, #32]	; (1000092c <irq_has_shared_handler+0x24>)
1000090a:	3010      	adds	r0, #16
1000090c:	689b      	ldr	r3, [r3, #8]
1000090e:	0080      	lsls	r0, r0, #2
10000910:	58c3      	ldr	r3, [r0, r3]
10000912:	2b00      	cmp	r3, #0
10000914:	d007      	beq.n	10000926 <irq_has_shared_handler+0x1e>
10000916:	4a06      	ldr	r2, [pc, #24]	; (10000930 <irq_has_shared_handler+0x28>)
10000918:	2000      	movs	r0, #0
1000091a:	1a9b      	subs	r3, r3, r2
1000091c:	222f      	movs	r2, #47	; 0x2f
1000091e:	429a      	cmp	r2, r3
10000920:	4140      	adcs	r0, r0
10000922:	b2c0      	uxtb	r0, r0
10000924:	4770      	bx	lr
10000926:	2000      	movs	r0, #0
10000928:	e7fc      	b.n	10000924 <irq_has_shared_handler+0x1c>
1000092a:	46c0      	nop			; (mov r8, r8)
1000092c:	e000ed00 	.word	0xe000ed00
10000930:	2000136c 	.word	0x2000136c

10000934 <irq_get_vtable_handler>:
10000934:	4b02      	ldr	r3, [pc, #8]	; (10000940 <irq_get_vtable_handler+0xc>)
10000936:	3010      	adds	r0, #16
10000938:	689b      	ldr	r3, [r3, #8]
1000093a:	0080      	lsls	r0, r0, #2
1000093c:	58c0      	ldr	r0, [r0, r3]
1000093e:	4770      	bx	lr
10000940:	e000ed00 	.word	0xe000ed00

10000944 <irq_set_exclusive_handler>:
10000944:	b570      	push	{r4, r5, r6, lr}
10000946:	000d      	movs	r5, r1
10000948:	f3ef 8610 	mrs	r6, PRIMASK
1000094c:	b672      	cpsid	i
1000094e:	4a0f      	ldr	r2, [pc, #60]	; (1000098c <irq_set_exclusive_handler+0x48>)
10000950:	6813      	ldr	r3, [r2, #0]
10000952:	2b00      	cmp	r3, #0
10000954:	d0fc      	beq.n	10000950 <irq_set_exclusive_handler+0xc>
10000956:	f3bf 8f5f 	dmb	sy
1000095a:	4b0d      	ldr	r3, [pc, #52]	; (10000990 <irq_set_exclusive_handler+0x4c>)
1000095c:	3010      	adds	r0, #16
1000095e:	689b      	ldr	r3, [r3, #8]
10000960:	0084      	lsls	r4, r0, #2
10000962:	591b      	ldr	r3, [r3, r4]
10000964:	4a0b      	ldr	r2, [pc, #44]	; (10000994 <irq_set_exclusive_handler+0x50>)
10000966:	4293      	cmp	r3, r2
10000968:	d003      	beq.n	10000972 <irq_set_exclusive_handler+0x2e>
1000096a:	429d      	cmp	r5, r3
1000096c:	d001      	beq.n	10000972 <irq_set_exclusive_handler+0x2e>
1000096e:	f001 fa53 	bl	10001e18 <hard_assertion_failure>
10000972:	4b07      	ldr	r3, [pc, #28]	; (10000990 <irq_set_exclusive_handler+0x4c>)
10000974:	689b      	ldr	r3, [r3, #8]
10000976:	511d      	str	r5, [r3, r4]
10000978:	f3bf 8f5f 	dmb	sy
1000097c:	f3bf 8f5f 	dmb	sy
10000980:	2200      	movs	r2, #0
10000982:	4b02      	ldr	r3, [pc, #8]	; (1000098c <irq_set_exclusive_handler+0x48>)
10000984:	601a      	str	r2, [r3, #0]
10000986:	f386 8810 	msr	PRIMASK, r6
1000098a:	bd70      	pop	{r4, r5, r6, pc}
1000098c:	d0000124 	.word	0xd0000124
10000990:	e000ed00 	.word	0xe000ed00
10000994:	100001cd 	.word	0x100001cd

10000998 <irq_add_shared_handler>:
10000998:	b5f0      	push	{r4, r5, r6, r7, lr}
1000099a:	4657      	mov	r7, sl
1000099c:	464e      	mov	r6, r9
1000099e:	46de      	mov	lr, fp
100009a0:	4645      	mov	r5, r8
100009a2:	b5e0      	push	{r5, r6, r7, lr}
100009a4:	b085      	sub	sp, #20
100009a6:	0006      	movs	r6, r0
100009a8:	9102      	str	r1, [sp, #8]
100009aa:	0017      	movs	r7, r2
100009ac:	f3ef 8b10 	mrs	fp, PRIMASK
100009b0:	b672      	cpsid	i
100009b2:	4a67      	ldr	r2, [pc, #412]	; (10000b50 <irq_add_shared_handler+0x1b8>)
100009b4:	6813      	ldr	r3, [r2, #0]
100009b6:	2b00      	cmp	r3, #0
100009b8:	d0fc      	beq.n	100009b4 <irq_add_shared_handler+0x1c>
100009ba:	f3bf 8f5f 	dmb	sy
100009be:	2500      	movs	r5, #0
100009c0:	4b64      	ldr	r3, [pc, #400]	; (10000b54 <irq_add_shared_handler+0x1bc>)
100009c2:	575d      	ldrsb	r5, [r3, r5]
100009c4:	469a      	mov	sl, r3
100009c6:	2d00      	cmp	r5, #0
100009c8:	da00      	bge.n	100009cc <irq_add_shared_handler+0x34>
100009ca:	e0a5      	b.n	10000b18 <irq_add_shared_handler+0x180>
100009cc:	006b      	lsls	r3, r5, #1
100009ce:	4c62      	ldr	r4, [pc, #392]	; (10000b58 <irq_add_shared_handler+0x1c0>)
100009d0:	9303      	str	r3, [sp, #12]
100009d2:	195b      	adds	r3, r3, r5
100009d4:	009b      	lsls	r3, r3, #2
100009d6:	4698      	mov	r8, r3
100009d8:	46a1      	mov	r9, r4
100009da:	44c1      	add	r9, r8
100009dc:	464b      	mov	r3, r9
100009de:	4652      	mov	r2, sl
100009e0:	799b      	ldrb	r3, [r3, #6]
100009e2:	3610      	adds	r6, #16
100009e4:	7013      	strb	r3, [r2, #0]
100009e6:	4b5d      	ldr	r3, [pc, #372]	; (10000b5c <irq_add_shared_handler+0x1c4>)
100009e8:	00b2      	lsls	r2, r6, #2
100009ea:	689b      	ldr	r3, [r3, #8]
100009ec:	9201      	str	r2, [sp, #4]
100009ee:	5899      	ldr	r1, [r3, r2]
100009f0:	1b0b      	subs	r3, r1, r4
100009f2:	2b2f      	cmp	r3, #47	; 0x2f
100009f4:	d934      	bls.n	10000a60 <irq_add_shared_handler+0xc8>
100009f6:	4b5a      	ldr	r3, [pc, #360]	; (10000b60 <irq_add_shared_handler+0x1c8>)
100009f8:	4299      	cmp	r1, r3
100009fa:	d000      	beq.n	100009fe <irq_add_shared_handler+0x66>
100009fc:	e0a5      	b.n	10000b4a <irq_add_shared_handler+0x1b2>
100009fe:	9b03      	ldr	r3, [sp, #12]
10000a00:	4a58      	ldr	r2, [pc, #352]	; (10000b64 <irq_add_shared_handler+0x1cc>)
10000a02:	469c      	mov	ip, r3
10000a04:	4b58      	ldr	r3, [pc, #352]	; (10000b68 <irq_add_shared_handler+0x1d0>)
10000a06:	4465      	add	r5, ip
10000a08:	00ad      	lsls	r5, r5, #2
10000a0a:	5363      	strh	r3, [r4, r5]
10000a0c:	4643      	mov	r3, r8
10000a0e:	3302      	adds	r3, #2
10000a10:	1965      	adds	r5, r4, r5
10000a12:	18e4      	adds	r4, r4, r3
10000a14:	4b55      	ldr	r3, [pc, #340]	; (10000b6c <irq_add_shared_handler+0x1d4>)
10000a16:	2101      	movs	r1, #1
10000a18:	3b04      	subs	r3, #4
10000a1a:	1b1b      	subs	r3, r3, r4
10000a1c:	051b      	lsls	r3, r3, #20
10000a1e:	0d5b      	lsrs	r3, r3, #21
10000a20:	4313      	orrs	r3, r2
10000a22:	806b      	strh	r3, [r5, #2]
10000a24:	4b52      	ldr	r3, [pc, #328]	; (10000b70 <irq_add_shared_handler+0x1d8>)
10000a26:	71ef      	strb	r7, [r5, #7]
10000a28:	80ab      	strh	r3, [r5, #4]
10000a2a:	23ff      	movs	r3, #255	; 0xff
10000a2c:	71ab      	strb	r3, [r5, #6]
10000a2e:	9b02      	ldr	r3, [sp, #8]
10000a30:	60ab      	str	r3, [r5, #8]
10000a32:	464b      	mov	r3, r9
10000a34:	430b      	orrs	r3, r1
10000a36:	0019      	movs	r1, r3
10000a38:	4b48      	ldr	r3, [pc, #288]	; (10000b5c <irq_add_shared_handler+0x1c4>)
10000a3a:	9a01      	ldr	r2, [sp, #4]
10000a3c:	689b      	ldr	r3, [r3, #8]
10000a3e:	5099      	str	r1, [r3, r2]
10000a40:	f3bf 8f5f 	dmb	sy
10000a44:	f3bf 8f5f 	dmb	sy
10000a48:	2200      	movs	r2, #0
10000a4a:	4b41      	ldr	r3, [pc, #260]	; (10000b50 <irq_add_shared_handler+0x1b8>)
10000a4c:	601a      	str	r2, [r3, #0]
10000a4e:	f38b 8810 	msr	PRIMASK, fp
10000a52:	b005      	add	sp, #20
10000a54:	bcf0      	pop	{r4, r5, r6, r7}
10000a56:	46bb      	mov	fp, r7
10000a58:	46b2      	mov	sl, r6
10000a5a:	46a9      	mov	r9, r5
10000a5c:	46a0      	mov	r8, r4
10000a5e:	bdf0      	pop	{r4, r5, r6, r7, pc}
10000a60:	2001      	movs	r0, #1
10000a62:	000a      	movs	r2, r1
10000a64:	4382      	bics	r2, r0
10000a66:	79d3      	ldrb	r3, [r2, #7]
10000a68:	42bb      	cmp	r3, r7
10000a6a:	d82f      	bhi.n	10000acc <irq_add_shared_handler+0x134>
10000a6c:	4645      	mov	r5, r8
10000a6e:	464e      	mov	r6, r9
10000a70:	0013      	movs	r3, r2
10000a72:	4940      	ldr	r1, [pc, #256]	; (10000b74 <irq_add_shared_handler+0x1dc>)
10000a74:	1b1b      	subs	r3, r3, r4
10000a76:	415b      	adcs	r3, r3
10000a78:	4359      	muls	r1, r3
10000a7a:	0d09      	lsrs	r1, r1, #20
10000a7c:	4b3a      	ldr	r3, [pc, #232]	; (10000b68 <irq_add_shared_handler+0x1d0>)
10000a7e:	5363      	strh	r3, [r4, r5]
10000a80:	4b3a      	ldr	r3, [pc, #232]	; (10000b6c <irq_add_shared_handler+0x1d4>)
10000a82:	3502      	adds	r5, #2
10000a84:	1965      	adds	r5, r4, r5
10000a86:	3b04      	subs	r3, #4
10000a88:	1b5b      	subs	r3, r3, r5
10000a8a:	051b      	lsls	r3, r3, #20
10000a8c:	4d35      	ldr	r5, [pc, #212]	; (10000b64 <irq_add_shared_handler+0x1cc>)
10000a8e:	0d5b      	lsrs	r3, r3, #21
10000a90:	432b      	orrs	r3, r5
10000a92:	8073      	strh	r3, [r6, #2]
10000a94:	2604      	movs	r6, #4
10000a96:	46b4      	mov	ip, r6
10000a98:	44e0      	add	r8, ip
10000a9a:	4444      	add	r4, r8
10000a9c:	1f13      	subs	r3, r2, #4
10000a9e:	1b1b      	subs	r3, r3, r4
10000aa0:	464c      	mov	r4, r9
10000aa2:	71a1      	strb	r1, [r4, #6]
10000aa4:	9902      	ldr	r1, [sp, #8]
10000aa6:	051b      	lsls	r3, r3, #20
10000aa8:	60a1      	str	r1, [r4, #8]
10000aaa:	4649      	mov	r1, r9
10000aac:	0d5b      	lsrs	r3, r3, #21
10000aae:	432b      	orrs	r3, r5
10000ab0:	80a3      	strh	r3, [r4, #4]
10000ab2:	4b31      	ldr	r3, [pc, #196]	; (10000b78 <irq_add_shared_handler+0x1e0>)
10000ab4:	71e7      	strb	r7, [r4, #7]
10000ab6:	4301      	orrs	r1, r0
10000ab8:	6013      	str	r3, [r2, #0]
10000aba:	e7bd      	b.n	10000a38 <irq_add_shared_handler+0xa0>
10000abc:	0058      	lsls	r0, r3, #1
10000abe:	18c0      	adds	r0, r0, r3
10000ac0:	0080      	lsls	r0, r0, #2
10000ac2:	1820      	adds	r0, r4, r0
10000ac4:	79c6      	ldrb	r6, [r0, #7]
10000ac6:	42be      	cmp	r6, r7
10000ac8:	d92c      	bls.n	10000b24 <irq_add_shared_handler+0x18c>
10000aca:	0002      	movs	r2, r0
10000acc:	2306      	movs	r3, #6
10000ace:	56d3      	ldrsb	r3, [r2, r3]
10000ad0:	2b00      	cmp	r3, #0
10000ad2:	daf3      	bge.n	10000abc <irq_add_shared_handler+0x124>
10000ad4:	1d10      	adds	r0, r2, #4
10000ad6:	4682      	mov	sl, r0
10000ad8:	20bd      	movs	r0, #189	; 0xbd
10000ada:	0200      	lsls	r0, r0, #8
10000adc:	4680      	mov	r8, r0
10000ade:	2604      	movs	r6, #4
10000ae0:	4276      	negs	r6, r6
10000ae2:	46b4      	mov	ip, r6
10000ae4:	44e1      	add	r9, ip
10000ae6:	4650      	mov	r0, sl
10000ae8:	464e      	mov	r6, r9
10000aea:	1a36      	subs	r6, r6, r0
10000aec:	0530      	lsls	r0, r6, #20
10000aee:	0d40      	lsrs	r0, r0, #21
10000af0:	4682      	mov	sl, r0
10000af2:	4656      	mov	r6, sl
10000af4:	481b      	ldr	r0, [pc, #108]	; (10000b64 <irq_add_shared_handler+0x1cc>)
10000af6:	7195      	strb	r5, [r2, #6]
10000af8:	4306      	orrs	r6, r0
10000afa:	8096      	strh	r6, [r2, #4]
10000afc:	9a03      	ldr	r2, [sp, #12]
10000afe:	4694      	mov	ip, r2
10000b00:	4465      	add	r5, ip
10000b02:	4a1d      	ldr	r2, [pc, #116]	; (10000b78 <irq_add_shared_handler+0x1e0>)
10000b04:	00ad      	lsls	r5, r5, #2
10000b06:	1964      	adds	r4, r4, r5
10000b08:	6022      	str	r2, [r4, #0]
10000b0a:	4642      	mov	r2, r8
10000b0c:	71a3      	strb	r3, [r4, #6]
10000b0e:	9b02      	ldr	r3, [sp, #8]
10000b10:	80a2      	strh	r2, [r4, #4]
10000b12:	71e7      	strb	r7, [r4, #7]
10000b14:	60a3      	str	r3, [r4, #8]
10000b16:	e78f      	b.n	10000a38 <irq_add_shared_handler+0xa0>
10000b18:	f001 f97e 	bl	10001e18 <hard_assertion_failure>
10000b1c:	2500      	movs	r5, #0
10000b1e:	4653      	mov	r3, sl
10000b20:	575d      	ldrsb	r5, [r3, r5]
10000b22:	e753      	b.n	100009cc <irq_add_shared_handler+0x34>
10000b24:	1d10      	adds	r0, r2, #4
10000b26:	4682      	mov	sl, r0
10000b28:	8890      	ldrh	r0, [r2, #4]
10000b2a:	0540      	lsls	r0, r0, #21
10000b2c:	1500      	asrs	r0, r0, #20
10000b2e:	4684      	mov	ip, r0
10000b30:	4640      	mov	r0, r8
10000b32:	44d4      	add	ip, sl
10000b34:	4666      	mov	r6, ip
10000b36:	3004      	adds	r0, #4
10000b38:	1820      	adds	r0, r4, r0
10000b3a:	1a30      	subs	r0, r6, r0
10000b3c:	26e0      	movs	r6, #224	; 0xe0
10000b3e:	0500      	lsls	r0, r0, #20
10000b40:	0d40      	lsrs	r0, r0, #21
10000b42:	0236      	lsls	r6, r6, #8
10000b44:	4330      	orrs	r0, r6
10000b46:	4680      	mov	r8, r0
10000b48:	e7c9      	b.n	10000ade <irq_add_shared_handler+0x146>
10000b4a:	f001 f965 	bl	10001e18 <hard_assertion_failure>
10000b4e:	e756      	b.n	100009fe <irq_add_shared_handler+0x66>
10000b50:	d0000124 	.word	0xd0000124
10000b54:	2000265a 	.word	0x2000265a
10000b58:	2000136c 	.word	0x2000136c
10000b5c:	e000ed00 	.word	0xe000ed00
10000b60:	100001cd 	.word	0x100001cd
10000b64:	ffffe000 	.word	0xffffe000
10000b68:	ffffa100 	.word	0xffffa100
10000b6c:	2000139c 	.word	0x2000139c
10000b70:	ffffbd00 	.word	0xffffbd00
10000b74:	0000aaaa 	.word	0x0000aaaa
10000b78:	47804801 	.word	0x47804801

10000b7c <irq_remove_handler>:
10000b7c:	b5f0      	push	{r4, r5, r6, r7, lr}
10000b7e:	46de      	mov	lr, fp
10000b80:	4657      	mov	r7, sl
10000b82:	464e      	mov	r6, r9
10000b84:	4645      	mov	r5, r8
10000b86:	b5e0      	push	{r5, r6, r7, lr}
10000b88:	000c      	movs	r4, r1
10000b8a:	b083      	sub	sp, #12
10000b8c:	f3ef 8a10 	mrs	sl, PRIMASK
10000b90:	b672      	cpsid	i
10000b92:	4a5a      	ldr	r2, [pc, #360]	; (10000cfc <irq_remove_handler+0x180>)
10000b94:	6813      	ldr	r3, [r2, #0]
10000b96:	2b00      	cmp	r3, #0
10000b98:	d0fc      	beq.n	10000b94 <irq_remove_handler+0x18>
10000b9a:	f3bf 8f5f 	dmb	sy
10000b9e:	2210      	movs	r2, #16
10000ba0:	4691      	mov	r9, r2
10000ba2:	4481      	add	r9, r0
10000ba4:	464a      	mov	r2, r9
10000ba6:	4b56      	ldr	r3, [pc, #344]	; (10000d00 <irq_remove_handler+0x184>)
10000ba8:	0096      	lsls	r6, r2, #2
10000baa:	689b      	ldr	r3, [r3, #8]
10000bac:	599d      	ldr	r5, [r3, r6]
10000bae:	4b55      	ldr	r3, [pc, #340]	; (10000d04 <irq_remove_handler+0x188>)
10000bb0:	4698      	mov	r8, r3
10000bb2:	429d      	cmp	r5, r3
10000bb4:	d005      	beq.n	10000bc2 <irq_remove_handler+0x46>
10000bb6:	42a5      	cmp	r5, r4
10000bb8:	d016      	beq.n	10000be8 <irq_remove_handler+0x6c>
10000bba:	4f53      	ldr	r7, [pc, #332]	; (10000d08 <irq_remove_handler+0x18c>)
10000bbc:	1beb      	subs	r3, r5, r7
10000bbe:	2b2f      	cmp	r3, #47	; 0x2f
10000bc0:	d914      	bls.n	10000bec <irq_remove_handler+0x70>
10000bc2:	4b4f      	ldr	r3, [pc, #316]	; (10000d00 <irq_remove_handler+0x184>)
10000bc4:	689b      	ldr	r3, [r3, #8]
10000bc6:	519d      	str	r5, [r3, r6]
10000bc8:	f3bf 8f5f 	dmb	sy
10000bcc:	f3bf 8f5f 	dmb	sy
10000bd0:	2200      	movs	r2, #0
10000bd2:	4b4a      	ldr	r3, [pc, #296]	; (10000cfc <irq_remove_handler+0x180>)
10000bd4:	601a      	str	r2, [r3, #0]
10000bd6:	f38a 8810 	msr	PRIMASK, sl
10000bda:	b003      	add	sp, #12
10000bdc:	bcf0      	pop	{r4, r5, r6, r7}
10000bde:	46bb      	mov	fp, r7
10000be0:	46b2      	mov	sl, r6
10000be2:	46a9      	mov	r9, r5
10000be4:	46a0      	mov	r8, r4
10000be6:	bdf0      	pop	{r4, r5, r6, r7, pc}
10000be8:	001d      	movs	r5, r3
10000bea:	e7ea      	b.n	10000bc2 <irq_remove_handler+0x46>
10000bec:	2301      	movs	r3, #1
10000bee:	4083      	lsls	r3, r0
10000bf0:	469b      	mov	fp, r3
10000bf2:	465a      	mov	r2, fp
10000bf4:	4b45      	ldr	r3, [pc, #276]	; (10000d0c <irq_remove_handler+0x190>)
10000bf6:	681b      	ldr	r3, [r3, #0]
10000bf8:	401a      	ands	r2, r3
10000bfa:	9200      	str	r2, [sp, #0]
10000bfc:	465a      	mov	r2, fp
10000bfe:	4b44      	ldr	r3, [pc, #272]	; (10000d10 <irq_remove_handler+0x194>)
10000c00:	601a      	str	r2, [r3, #0]
10000c02:	f3bf 8f5f 	dmb	sy
10000c06:	f7ff fb2e 	bl	10000266 <__get_current_exception>
10000c0a:	9001      	str	r0, [sp, #4]
10000c0c:	2800      	cmp	r0, #0
10000c0e:	d003      	beq.n	10000c18 <irq_remove_handler+0x9c>
10000c10:	4581      	cmp	r9, r0
10000c12:	d001      	beq.n	10000c18 <irq_remove_handler+0x9c>
10000c14:	f001 f900 	bl	10001e18 <hard_assertion_failure>
10000c18:	2301      	movs	r3, #1
10000c1a:	002a      	movs	r2, r5
10000c1c:	439a      	bics	r2, r3
10000c1e:	6893      	ldr	r3, [r2, #8]
10000c20:	429c      	cmp	r4, r3
10000c22:	d108      	bne.n	10000c36 <irq_remove_handler+0xba>
10000c24:	e05f      	b.n	10000ce6 <irq_remove_handler+0x16a>
10000c26:	004b      	lsls	r3, r1, #1
10000c28:	185b      	adds	r3, r3, r1
10000c2a:	009b      	lsls	r3, r3, #2
10000c2c:	18fb      	adds	r3, r7, r3
10000c2e:	6899      	ldr	r1, [r3, #8]
10000c30:	42a1      	cmp	r1, r4
10000c32:	d011      	beq.n	10000c58 <irq_remove_handler+0xdc>
10000c34:	001a      	movs	r2, r3
10000c36:	2106      	movs	r1, #6
10000c38:	5651      	ldrsb	r1, [r2, r1]
10000c3a:	2900      	cmp	r1, #0
10000c3c:	daf3      	bge.n	10000c26 <irq_remove_handler+0xaa>
10000c3e:	9b00      	ldr	r3, [sp, #0]
10000c40:	2b00      	cmp	r3, #0
10000c42:	d005      	beq.n	10000c50 <irq_remove_handler+0xd4>
10000c44:	465a      	mov	r2, fp
10000c46:	4b33      	ldr	r3, [pc, #204]	; (10000d14 <irq_remove_handler+0x198>)
10000c48:	601a      	str	r2, [r3, #0]
10000c4a:	4b30      	ldr	r3, [pc, #192]	; (10000d0c <irq_remove_handler+0x190>)
10000c4c:	601a      	str	r2, [r3, #0]
10000c4e:	e7b8      	b.n	10000bc2 <irq_remove_handler+0x46>
10000c50:	465a      	mov	r2, fp
10000c52:	4b2f      	ldr	r3, [pc, #188]	; (10000d10 <irq_remove_handler+0x194>)
10000c54:	601a      	str	r2, [r3, #0]
10000c56:	e7b4      	b.n	10000bc2 <irq_remove_handler+0x46>
10000c58:	2106      	movs	r1, #6
10000c5a:	5659      	ldrsb	r1, [r3, r1]
10000c5c:	2900      	cmp	r1, #0
10000c5e:	db21      	blt.n	10000ca4 <irq_remove_handler+0x128>
10000c60:	004a      	lsls	r2, r1, #1
10000c62:	1850      	adds	r0, r2, r1
10000c64:	0080      	lsls	r0, r0, #2
10000c66:	183c      	adds	r4, r7, r0
10000c68:	4680      	mov	r8, r0
10000c6a:	68a0      	ldr	r0, [r4, #8]
10000c6c:	6098      	str	r0, [r3, #8]
10000c6e:	79e0      	ldrb	r0, [r4, #7]
10000c70:	71d8      	strb	r0, [r3, #7]
10000c72:	2006      	movs	r0, #6
10000c74:	5620      	ldrsb	r0, [r4, r0]
10000c76:	7198      	strb	r0, [r3, #6]
10000c78:	2800      	cmp	r0, #0
10000c7a:	db24      	blt.n	10000cc6 <irq_remove_handler+0x14a>
10000c7c:	88a4      	ldrh	r4, [r4, #4]
10000c7e:	1af8      	subs	r0, r7, r3
10000c80:	0564      	lsls	r4, r4, #21
10000c82:	1524      	asrs	r4, r4, #20
10000c84:	4444      	add	r4, r8
10000c86:	1900      	adds	r0, r0, r4
10000c88:	24e0      	movs	r4, #224	; 0xe0
10000c8a:	0500      	lsls	r0, r0, #20
10000c8c:	0d40      	lsrs	r0, r0, #21
10000c8e:	0224      	lsls	r4, r4, #8
10000c90:	4320      	orrs	r0, r4
10000c92:	8098      	strh	r0, [r3, #4]
10000c94:	1852      	adds	r2, r2, r1
10000c96:	4b20      	ldr	r3, [pc, #128]	; (10000d18 <irq_remove_handler+0x19c>)
10000c98:	0092      	lsls	r2, r2, #2
10000c9a:	18bf      	adds	r7, r7, r2
10000c9c:	781a      	ldrb	r2, [r3, #0]
10000c9e:	7019      	strb	r1, [r3, #0]
10000ca0:	71ba      	strb	r2, [r7, #6]
10000ca2:	e7cc      	b.n	10000c3e <irq_remove_handler+0xc2>
10000ca4:	9901      	ldr	r1, [sp, #4]
10000ca6:	2900      	cmp	r1, #0
10000ca8:	d110      	bne.n	10000ccc <irq_remove_handler+0x150>
10000caa:	31ff      	adds	r1, #255	; 0xff
10000cac:	7191      	strb	r1, [r2, #6]
10000cae:	491b      	ldr	r1, [pc, #108]	; (10000d1c <irq_remove_handler+0x1a0>)
10000cb0:	8091      	strh	r1, [r2, #4]
10000cb2:	4919      	ldr	r1, [pc, #100]	; (10000d18 <irq_remove_handler+0x19c>)
10000cb4:	780a      	ldrb	r2, [r1, #0]
10000cb6:	719a      	strb	r2, [r3, #6]
10000cb8:	4a19      	ldr	r2, [pc, #100]	; (10000d20 <irq_remove_handler+0x1a4>)
10000cba:	1bdb      	subs	r3, r3, r7
10000cbc:	415b      	adcs	r3, r3
10000cbe:	435a      	muls	r2, r3
10000cc0:	0d12      	lsrs	r2, r2, #20
10000cc2:	700a      	strb	r2, [r1, #0]
10000cc4:	e7bb      	b.n	10000c3e <irq_remove_handler+0xc2>
10000cc6:	20bd      	movs	r0, #189	; 0xbd
10000cc8:	0200      	lsls	r0, r0, #8
10000cca:	e7e2      	b.n	10000c92 <irq_remove_handler+0x116>
10000ccc:	4a15      	ldr	r2, [pc, #84]	; (10000d24 <irq_remove_handler+0x1a8>)
10000cce:	4916      	ldr	r1, [pc, #88]	; (10000d28 <irq_remove_handler+0x1ac>)
10000cd0:	1ad2      	subs	r2, r2, r3
10000cd2:	3a08      	subs	r2, #8
10000cd4:	0250      	lsls	r0, r2, #9
10000cd6:	0d40      	lsrs	r0, r0, #21
10000cd8:	4301      	orrs	r1, r0
10000cda:	8099      	strh	r1, [r3, #4]
10000cdc:	4913      	ldr	r1, [pc, #76]	; (10000d2c <irq_remove_handler+0x1b0>)
10000cde:	0852      	lsrs	r2, r2, #1
10000ce0:	430a      	orrs	r2, r1
10000ce2:	80da      	strh	r2, [r3, #6]
10000ce4:	e7ab      	b.n	10000c3e <irq_remove_handler+0xc2>
10000ce6:	2106      	movs	r1, #6
10000ce8:	5651      	ldrsb	r1, [r2, r1]
10000cea:	0013      	movs	r3, r2
10000cec:	2900      	cmp	r1, #0
10000cee:	dab7      	bge.n	10000c60 <irq_remove_handler+0xe4>
10000cf0:	9a01      	ldr	r2, [sp, #4]
10000cf2:	2a00      	cmp	r2, #0
10000cf4:	d1ea      	bne.n	10000ccc <irq_remove_handler+0x150>
10000cf6:	4645      	mov	r5, r8
10000cf8:	e7db      	b.n	10000cb2 <irq_remove_handler+0x136>
10000cfa:	46c0      	nop			; (mov r8, r8)
10000cfc:	d0000124 	.word	0xd0000124
10000d00:	e000ed00 	.word	0xe000ed00
10000d04:	100001cd 	.word	0x100001cd
10000d08:	2000136c 	.word	0x2000136c
10000d0c:	e000e100 	.word	0xe000e100
10000d10:	e000e180 	.word	0xe000e180
10000d14:	e000e280 	.word	0xe000e280
10000d18:	2000265a 	.word	0x2000265a
10000d1c:	ffffbd00 	.word	0xffffbd00
10000d20:	0000aaaa 	.word	0x0000aaaa
10000d24:	200013a6 	.word	0x200013a6
10000d28:	fffff000 	.word	0xfffff000
10000d2c:	fffff800 	.word	0xfffff800

10000d30 <irq_add_tail_to_free_list>:
10000d30:	b5f8      	push	{r3, r4, r5, r6, r7, lr}
10000d32:	2501      	movs	r5, #1
10000d34:	0004      	movs	r4, r0
10000d36:	4305      	orrs	r5, r0
10000d38:	f7ff fa95 	bl	10000266 <__get_current_exception>
10000d3c:	f3ef 8c10 	mrs	ip, PRIMASK
10000d40:	b672      	cpsid	i
10000d42:	4a21      	ldr	r2, [pc, #132]	; (10000dc8 <irq_add_tail_to_free_list+0x98>)
10000d44:	6813      	ldr	r3, [r2, #0]
10000d46:	2b00      	cmp	r3, #0
10000d48:	d0fc      	beq.n	10000d44 <irq_add_tail_to_free_list+0x14>
10000d4a:	f3bf 8f5f 	dmb	sy
10000d4e:	4e1f      	ldr	r6, [pc, #124]	; (10000dcc <irq_add_tail_to_free_list+0x9c>)
10000d50:	0021      	movs	r1, r4
10000d52:	68b7      	ldr	r7, [r6, #8]
10000d54:	4a1e      	ldr	r2, [pc, #120]	; (10000dd0 <irq_add_tail_to_free_list+0xa0>)
10000d56:	4b1f      	ldr	r3, [pc, #124]	; (10000dd4 <irq_add_tail_to_free_list+0xa4>)
10000d58:	1a89      	subs	r1, r1, r2
10000d5a:	4149      	adcs	r1, r1
10000d5c:	434b      	muls	r3, r1
10000d5e:	0d1b      	lsrs	r3, r3, #20
10000d60:	b259      	sxtb	r1, r3
10000d62:	0083      	lsls	r3, r0, #2
10000d64:	58f8      	ldr	r0, [r7, r3]
10000d66:	42a8      	cmp	r0, r5
10000d68:	d01c      	beq.n	10000da4 <irq_add_tail_to_free_list+0x74>
10000d6a:	2306      	movs	r3, #6
10000d6c:	56d3      	ldrsb	r3, [r2, r3]
10000d6e:	428b      	cmp	r3, r1
10000d70:	d01c      	beq.n	10000dac <irq_add_tail_to_free_list+0x7c>
10000d72:	2312      	movs	r3, #18
10000d74:	56d3      	ldrsb	r3, [r2, r3]
10000d76:	428b      	cmp	r3, r1
10000d78:	d022      	beq.n	10000dc0 <irq_add_tail_to_free_list+0x90>
10000d7a:	231e      	movs	r3, #30
10000d7c:	56d3      	ldrsb	r3, [r2, r3]
10000d7e:	428b      	cmp	r3, r1
10000d80:	d020      	beq.n	10000dc4 <irq_add_tail_to_free_list+0x94>
10000d82:	232a      	movs	r3, #42	; 0x2a
10000d84:	56d3      	ldrsb	r3, [r2, r3]
10000d86:	2003      	movs	r0, #3
10000d88:	428b      	cmp	r3, r1
10000d8a:	d010      	beq.n	10000dae <irq_add_tail_to_free_list+0x7e>
10000d8c:	4b12      	ldr	r3, [pc, #72]	; (10000dd8 <irq_add_tail_to_free_list+0xa8>)
10000d8e:	781a      	ldrb	r2, [r3, #0]
10000d90:	7019      	strb	r1, [r3, #0]
10000d92:	71a2      	strb	r2, [r4, #6]
10000d94:	f3bf 8f5f 	dmb	sy
10000d98:	2200      	movs	r2, #0
10000d9a:	4b0b      	ldr	r3, [pc, #44]	; (10000dc8 <irq_add_tail_to_free_list+0x98>)
10000d9c:	601a      	str	r2, [r3, #0]
10000d9e:	f38c 8810 	msr	PRIMASK, ip
10000da2:	bdf8      	pop	{r3, r4, r5, r6, r7, pc}
10000da4:	68b2      	ldr	r2, [r6, #8]
10000da6:	480d      	ldr	r0, [pc, #52]	; (10000ddc <irq_add_tail_to_free_list+0xac>)
10000da8:	50d0      	str	r0, [r2, r3]
10000daa:	e7ef      	b.n	10000d8c <irq_add_tail_to_free_list+0x5c>
10000dac:	2000      	movs	r0, #0
10000dae:	0043      	lsls	r3, r0, #1
10000db0:	181b      	adds	r3, r3, r0
10000db2:	009b      	lsls	r3, r3, #2
10000db4:	18d2      	adds	r2, r2, r3
10000db6:	23ff      	movs	r3, #255	; 0xff
10000db8:	7193      	strb	r3, [r2, #6]
10000dba:	4b09      	ldr	r3, [pc, #36]	; (10000de0 <irq_add_tail_to_free_list+0xb0>)
10000dbc:	8093      	strh	r3, [r2, #4]
10000dbe:	e7e5      	b.n	10000d8c <irq_add_tail_to_free_list+0x5c>
10000dc0:	2001      	movs	r0, #1
10000dc2:	e7f4      	b.n	10000dae <irq_add_tail_to_free_list+0x7e>
10000dc4:	2002      	movs	r0, #2
10000dc6:	e7f2      	b.n	10000dae <irq_add_tail_to_free_list+0x7e>
10000dc8:	d0000124 	.word	0xd0000124
10000dcc:	e000ed00 	.word	0xe000ed00
10000dd0:	2000136c 	.word	0x2000136c
10000dd4:	0000aaaa 	.word	0x0000aaaa
10000dd8:	2000265a 	.word	0x2000265a
10000ddc:	100001cd 	.word	0x100001cd
10000de0:	ffffbd00 	.word	0xffffbd00

10000de4 <irq_init_priorities>:
10000de4:	4b05      	ldr	r3, [pc, #20]	; (10000dfc <irq_init_priorities+0x18>)
10000de6:	4a06      	ldr	r2, [pc, #24]	; (10000e00 <irq_init_priorities+0x1c>)
10000de8:	6013      	str	r3, [r2, #0]
10000dea:	4a06      	ldr	r2, [pc, #24]	; (10000e04 <irq_init_priorities+0x20>)
10000dec:	6013      	str	r3, [r2, #0]
10000dee:	6053      	str	r3, [r2, #4]
10000df0:	6093      	str	r3, [r2, #8]
10000df2:	60d3      	str	r3, [r2, #12]
10000df4:	6113      	str	r3, [r2, #16]
10000df6:	6153      	str	r3, [r2, #20]
10000df8:	6193      	str	r3, [r2, #24]
10000dfa:	4770      	bx	lr
10000dfc:	80808080 	.word	0x80808080
10000e00:	e000e400 	.word	0xe000e400
10000e04:	e000e404 	.word	0xe000e404

10000e08 <user_irq_claim_unused>:
10000e08:	23d0      	movs	r3, #208	; 0xd0
10000e0a:	b500      	push	{lr}
10000e0c:	061b      	lsls	r3, r3, #24
10000e0e:	681b      	ldr	r3, [r3, #0]
10000e10:	0001      	movs	r1, r0
10000e12:	4807      	ldr	r0, [pc, #28]	; (10000e30 <user_irq_claim_unused+0x28>)
10000e14:	b083      	sub	sp, #12
10000e16:	18c0      	adds	r0, r0, r3
10000e18:	4b06      	ldr	r3, [pc, #24]	; (10000e34 <user_irq_claim_unused+0x2c>)
10000e1a:	2200      	movs	r2, #0
10000e1c:	9300      	str	r3, [sp, #0]
10000e1e:	2305      	movs	r3, #5
10000e20:	f7ff fcd8 	bl	100007d4 <hw_claim_unused_from_range>
10000e24:	2800      	cmp	r0, #0
10000e26:	db01      	blt.n	10000e2c <user_irq_claim_unused+0x24>
10000e28:	231f      	movs	r3, #31
10000e2a:	1a18      	subs	r0, r3, r0
10000e2c:	b003      	add	sp, #12
10000e2e:	bd00      	pop	{pc}
10000e30:	20002654 	.word	0x20002654
10000e34:	10007cd8 	.word	0x10007cd8

10000e38 <lock_init>:
10000e38:	4b02      	ldr	r3, [pc, #8]	; (10000e44 <lock_init+0xc>)
10000e3a:	469c      	mov	ip, r3
10000e3c:	4461      	add	r1, ip
10000e3e:	0089      	lsls	r1, r1, #2
10000e40:	6001      	str	r1, [r0, #0]
10000e42:	4770      	bx	lr
10000e44:	34000040 	.word	0x34000040

10000e48 <timer_pool_entry_comparator>:
10000e48:	6883      	ldr	r3, [r0, #8]
10000e4a:	480b      	ldr	r0, [pc, #44]	; (10000e78 <timer_pool_entry_comparator+0x30>)
10000e4c:	b510      	push	{r4, lr}
10000e4e:	4684      	mov	ip, r0
10000e50:	4461      	add	r1, ip
10000e52:	4462      	add	r2, ip
10000e54:	0109      	lsls	r1, r1, #4
10000e56:	0112      	lsls	r2, r2, #4
10000e58:	189a      	adds	r2, r3, r2
10000e5a:	1859      	adds	r1, r3, r1
10000e5c:	6854      	ldr	r4, [r2, #4]
10000e5e:	684b      	ldr	r3, [r1, #4]
10000e60:	2001      	movs	r0, #1
10000e62:	429c      	cmp	r4, r3
10000e64:	d801      	bhi.n	10000e6a <timer_pool_entry_comparator+0x22>
10000e66:	d002      	beq.n	10000e6e <timer_pool_entry_comparator+0x26>
10000e68:	2000      	movs	r0, #0
10000e6a:	b2c0      	uxtb	r0, r0
10000e6c:	bd10      	pop	{r4, pc}
10000e6e:	6812      	ldr	r2, [r2, #0]
10000e70:	680b      	ldr	r3, [r1, #0]
10000e72:	429a      	cmp	r2, r3
10000e74:	d8f9      	bhi.n	10000e6a <timer_pool_entry_comparator+0x22>
10000e76:	e7f7      	b.n	10000e68 <timer_pool_entry_comparator+0x20>
10000e78:	0fffffff 	.word	0x0fffffff

10000e7c <sleep_until_callback>:
10000e7c:	4b0a      	ldr	r3, [pc, #40]	; (10000ea8 <sleep_until_callback+0x2c>)
10000e7e:	6819      	ldr	r1, [r3, #0]
10000e80:	f3ef 8010 	mrs	r0, PRIMASK
10000e84:	b672      	cpsid	i
10000e86:	680a      	ldr	r2, [r1, #0]
10000e88:	2a00      	cmp	r2, #0
10000e8a:	d0fc      	beq.n	10000e86 <sleep_until_callback+0xa>
10000e8c:	f3bf 8f5f 	dmb	sy
10000e90:	681b      	ldr	r3, [r3, #0]
10000e92:	f3bf 8f5f 	dmb	sy
10000e96:	2200      	movs	r2, #0
10000e98:	601a      	str	r2, [r3, #0]
10000e9a:	f380 8810 	msr	PRIMASK, r0
10000e9e:	bf40      	sev
10000ea0:	2000      	movs	r0, #0
10000ea2:	2100      	movs	r1, #0
10000ea4:	4770      	bx	lr
10000ea6:	46c0      	nop			; (mov r8, r8)
10000ea8:	20002624 	.word	0x20002624

10000eac <add_alarm_under_lock.isra.0>:
10000eac:	b5f8      	push	{r3, r4, r5, r6, r7, lr}
10000eae:	4657      	mov	r7, sl
10000eb0:	464e      	mov	r6, r9
10000eb2:	4645      	mov	r5, r8
10000eb4:	46de      	mov	lr, fp
10000eb6:	b5e0      	push	{r5, r6, r7, lr}
10000eb8:	4699      	mov	r9, r3
10000eba:	ab0c      	add	r3, sp, #48	; 0x30
10000ebc:	781c      	ldrb	r4, [r3, #0]
10000ebe:	ab0d      	add	r3, sp, #52	; 0x34
10000ec0:	781b      	ldrb	r3, [r3, #0]
10000ec2:	0006      	movs	r6, r0
10000ec4:	4690      	mov	r8, r2
10000ec6:	469a      	mov	sl, r3
10000ec8:	6807      	ldr	r7, [r0, #0]
10000eca:	2c00      	cmp	r4, #0
10000ecc:	d111      	bne.n	10000ef2 <add_alarm_under_lock.isra.0+0x46>
10000ece:	7bbc      	ldrb	r4, [r7, #14]
10000ed0:	2c00      	cmp	r4, #0
10000ed2:	d042      	beq.n	10000f5a <add_alarm_under_lock.isra.0+0xae>
10000ed4:	0065      	lsls	r5, r4, #1
10000ed6:	683b      	ldr	r3, [r7, #0]
10000ed8:	192d      	adds	r5, r5, r4
10000eda:	3d03      	subs	r5, #3
10000edc:	1959      	adds	r1, r3, r5
10000ede:	784b      	ldrb	r3, [r1, #1]
10000ee0:	73bb      	strb	r3, [r7, #14]
10000ee2:	2b00      	cmp	r3, #0
10000ee4:	d100      	bne.n	10000ee8 <add_alarm_under_lock.isra.0+0x3c>
10000ee6:	73fb      	strb	r3, [r7, #15]
10000ee8:	2300      	movs	r3, #0
10000eea:	708b      	strb	r3, [r1, #2]
10000eec:	704b      	strb	r3, [r1, #1]
10000eee:	700b      	strb	r3, [r1, #0]
10000ef0:	e004      	b.n	10000efc <add_alarm_under_lock.isra.0+0x50>
10000ef2:	0065      	lsls	r5, r4, #1
10000ef4:	683b      	ldr	r3, [r7, #0]
10000ef6:	192d      	adds	r5, r5, r4
10000ef8:	3d03      	subs	r5, #3
10000efa:	1959      	adds	r1, r3, r5
10000efc:	68b2      	ldr	r2, [r6, #8]
10000efe:	4b2a      	ldr	r3, [pc, #168]	; (10000fa8 <add_alarm_under_lock.isra.0+0xfc>)
10000f00:	4694      	mov	ip, r2
10000f02:	4642      	mov	r2, r8
10000f04:	18e3      	adds	r3, r4, r3
10000f06:	011b      	lsls	r3, r3, #4
10000f08:	4463      	add	r3, ip
10000f0a:	601a      	str	r2, [r3, #0]
10000f0c:	464a      	mov	r2, r9
10000f0e:	605a      	str	r2, [r3, #4]
10000f10:	9a0a      	ldr	r2, [sp, #40]	; 0x28
10000f12:	609a      	str	r2, [r3, #8]
10000f14:	9a0b      	ldr	r2, [sp, #44]	; 0x2c
10000f16:	60da      	str	r2, [r3, #12]
10000f18:	2300      	movs	r3, #0
10000f1a:	708b      	strb	r3, [r1, #2]
10000f1c:	704b      	strb	r3, [r1, #1]
10000f1e:	700b      	strb	r3, [r1, #0]
10000f20:	7b7b      	ldrb	r3, [r7, #13]
10000f22:	469b      	mov	fp, r3
10000f24:	2b00      	cmp	r3, #0
10000f26:	d02b      	beq.n	10000f80 <add_alarm_under_lock.isra.0+0xd4>
10000f28:	0022      	movs	r2, r4
10000f2a:	4659      	mov	r1, fp
10000f2c:	68b8      	ldr	r0, [r7, #8]
10000f2e:	687b      	ldr	r3, [r7, #4]
10000f30:	4798      	blx	r3
10000f32:	683a      	ldr	r2, [r7, #0]
10000f34:	2800      	cmp	r0, #0
10000f36:	d016      	beq.n	10000f66 <add_alarm_under_lock.isra.0+0xba>
10000f38:	465b      	mov	r3, fp
10000f3a:	4658      	mov	r0, fp
10000f3c:	005b      	lsls	r3, r3, #1
10000f3e:	445b      	add	r3, fp
10000f40:	1955      	adds	r5, r2, r5
10000f42:	3b03      	subs	r3, #3
10000f44:	70a8      	strb	r0, [r5, #2]
10000f46:	18d1      	adds	r1, r2, r3
10000f48:	5cd3      	ldrb	r3, [r2, r3]
10000f4a:	2b00      	cmp	r3, #0
10000f4c:	d000      	beq.n	10000f50 <add_alarm_under_lock.isra.0+0xa4>
10000f4e:	706b      	strb	r3, [r5, #1]
10000f50:	465b      	mov	r3, fp
10000f52:	700c      	strb	r4, [r1, #0]
10000f54:	737b      	strb	r3, [r7, #13]
10000f56:	45a3      	cmp	fp, r4
10000f58:	d013      	beq.n	10000f82 <add_alarm_under_lock.isra.0+0xd6>
10000f5a:	bcf0      	pop	{r4, r5, r6, r7}
10000f5c:	46bb      	mov	fp, r7
10000f5e:	46b2      	mov	sl, r6
10000f60:	46a9      	mov	r9, r5
10000f62:	46a0      	mov	r8, r4
10000f64:	bdf8      	pop	{r3, r4, r5, r6, r7, pc}
10000f66:	465b      	mov	r3, fp
10000f68:	005b      	lsls	r3, r3, #1
10000f6a:	445b      	add	r3, fp
10000f6c:	3b03      	subs	r3, #3
10000f6e:	18d3      	adds	r3, r2, r3
10000f70:	709c      	strb	r4, [r3, #2]
10000f72:	1951      	adds	r1, r2, r5
10000f74:	5d52      	ldrb	r2, [r2, r5]
10000f76:	2a00      	cmp	r2, #0
10000f78:	d000      	beq.n	10000f7c <add_alarm_under_lock.isra.0+0xd0>
10000f7a:	705a      	strb	r2, [r3, #1]
10000f7c:	465b      	mov	r3, fp
10000f7e:	700b      	strb	r3, [r1, #0]
10000f80:	737c      	strb	r4, [r7, #13]
10000f82:	4642      	mov	r2, r8
10000f84:	464b      	mov	r3, r9
10000f86:	7d30      	ldrb	r0, [r6, #20]
10000f88:	f000 fc26 	bl	100017d8 <hardware_alarm_set_target>
10000f8c:	1e05      	subs	r5, r0, #0
10000f8e:	d006      	beq.n	10000f9e <add_alarm_under_lock.isra.0+0xf2>
10000f90:	4653      	mov	r3, sl
10000f92:	2b00      	cmp	r3, #0
10000f94:	d103      	bne.n	10000f9e <add_alarm_under_lock.isra.0+0xf2>
10000f96:	0021      	movs	r1, r4
10000f98:	6830      	ldr	r0, [r6, #0]
10000f9a:	f000 fe3f 	bl	10001c1c <ph_remove_and_free_node>
10000f9e:	9b0e      	ldr	r3, [sp, #56]	; 0x38
10000fa0:	2b00      	cmp	r3, #0
10000fa2:	d0da      	beq.n	10000f5a <add_alarm_under_lock.isra.0+0xae>
10000fa4:	701d      	strb	r5, [r3, #0]
10000fa6:	e7d8      	b.n	10000f5a <add_alarm_under_lock.isra.0+0xae>
10000fa8:	0fffffff 	.word	0x0fffffff

10000fac <alarm_pool_alarm_callback>:
10000fac:	b5f0      	push	{r4, r5, r6, r7, lr}
10000fae:	46de      	mov	lr, fp
10000fb0:	464e      	mov	r6, r9
10000fb2:	4657      	mov	r7, sl
10000fb4:	4645      	mov	r5, r8
10000fb6:	2300      	movs	r3, #0
10000fb8:	b5e0      	push	{r5, r6, r7, lr}
10000fba:	b08d      	sub	sp, #52	; 0x34
10000fbc:	930a      	str	r3, [sp, #40]	; 0x28
10000fbe:	4b6b      	ldr	r3, [pc, #428]	; (1000116c <alarm_pool_alarm_callback+0x1c0>)
10000fc0:	0082      	lsls	r2, r0, #2
10000fc2:	58d3      	ldr	r3, [r2, r3]
10000fc4:	900b      	str	r0, [sp, #44]	; 0x2c
10000fc6:	4699      	mov	r9, r3
10000fc8:	2300      	movs	r3, #0
10000fca:	469b      	mov	fp, r3
10000fcc:	464b      	mov	r3, r9
10000fce:	9307      	str	r3, [sp, #28]
10000fd0:	f000 fba2 	bl	10001718 <time_us_64>
10000fd4:	9c07      	ldr	r4, [sp, #28]
10000fd6:	0006      	movs	r6, r0
10000fd8:	000f      	movs	r7, r1
10000fda:	6862      	ldr	r2, [r4, #4]
10000fdc:	f3ef 8510 	mrs	r5, PRIMASK
10000fe0:	b672      	cpsid	i
10000fe2:	6813      	ldr	r3, [r2, #0]
10000fe4:	2b00      	cmp	r3, #0
10000fe6:	d0fc      	beq.n	10000fe2 <alarm_pool_alarm_callback+0x36>
10000fe8:	0022      	movs	r2, r4
10000fea:	9407      	str	r4, [sp, #28]
10000fec:	f3bf 8f5f 	dmb	sy
10000ff0:	6824      	ldr	r4, [r4, #0]
10000ff2:	7b63      	ldrb	r3, [r4, #13]
10000ff4:	4699      	mov	r9, r3
10000ff6:	2b00      	cmp	r3, #0
10000ff8:	d067      	beq.n	100010ca <alarm_pool_alarm_callback+0x11e>
10000ffa:	6892      	ldr	r2, [r2, #8]
10000ffc:	4b5c      	ldr	r3, [pc, #368]	; (10001170 <alarm_pool_alarm_callback+0x1c4>)
10000ffe:	4690      	mov	r8, r2
10001000:	444b      	add	r3, r9
10001002:	011b      	lsls	r3, r3, #4
10001004:	4498      	add	r8, r3
10001006:	4643      	mov	r3, r8
10001008:	681a      	ldr	r2, [r3, #0]
1000100a:	685b      	ldr	r3, [r3, #4]
1000100c:	0010      	movs	r0, r2
1000100e:	0019      	movs	r1, r3
10001010:	1b80      	subs	r0, r0, r6
10001012:	41b9      	sbcs	r1, r7
10001014:	2900      	cmp	r1, #0
10001016:	dd5f      	ble.n	100010d8 <alarm_pool_alarm_callback+0x12c>
10001018:	980b      	ldr	r0, [sp, #44]	; 0x2c
1000101a:	f000 fbdd 	bl	100017d8 <hardware_alarm_set_target>
1000101e:	2300      	movs	r3, #0
10001020:	2600      	movs	r6, #0
10001022:	4698      	mov	r8, r3
10001024:	2700      	movs	r7, #0
10001026:	469a      	mov	sl, r3
10001028:	9c07      	ldr	r4, [sp, #28]
1000102a:	6863      	ldr	r3, [r4, #4]
1000102c:	f3bf 8f5f 	dmb	sy
10001030:	465a      	mov	r2, fp
10001032:	601a      	str	r2, [r3, #0]
10001034:	f385 8810 	msr	PRIMASK, r5
10001038:	4653      	mov	r3, sl
1000103a:	2b00      	cmp	r3, #0
1000103c:	d108      	bne.n	10001050 <alarm_pool_alarm_callback+0xa4>
1000103e:	2800      	cmp	r0, #0
10001040:	d1c6      	bne.n	10000fd0 <alarm_pool_alarm_callback+0x24>
10001042:	b00d      	add	sp, #52	; 0x34
10001044:	bcf0      	pop	{r4, r5, r6, r7}
10001046:	46bb      	mov	fp, r7
10001048:	46b2      	mov	sl, r6
1000104a:	46a9      	mov	r9, r5
1000104c:	46a0      	mov	r8, r4
1000104e:	bdf0      	pop	{r4, r5, r6, r7, pc}
10001050:	9b0a      	ldr	r3, [sp, #40]	; 0x28
10001052:	4641      	mov	r1, r8
10001054:	0218      	lsls	r0, r3, #8
10001056:	464b      	mov	r3, r9
10001058:	4318      	orrs	r0, r3
1000105a:	47d0      	blx	sl
1000105c:	9008      	str	r0, [sp, #32]
1000105e:	9109      	str	r1, [sp, #36]	; 0x24
10001060:	6862      	ldr	r2, [r4, #4]
10001062:	f3ef 8510 	mrs	r5, PRIMASK
10001066:	b672      	cpsid	i
10001068:	6813      	ldr	r3, [r2, #0]
1000106a:	2b00      	cmp	r3, #0
1000106c:	d0fc      	beq.n	10001068 <alarm_pool_alarm_callback+0xbc>
1000106e:	9407      	str	r4, [sp, #28]
10001070:	f3bf 8f5f 	dmb	sy
10001074:	9908      	ldr	r1, [sp, #32]
10001076:	9a09      	ldr	r2, [sp, #36]	; 0x24
10001078:	2a00      	cmp	r2, #0
1000107a:	db48      	blt.n	1000110e <alarm_pool_alarm_callback+0x162>
1000107c:	4311      	orrs	r1, r2
1000107e:	d003      	beq.n	10001088 <alarm_pool_alarm_callback+0xdc>
10001080:	9b07      	ldr	r3, [sp, #28]
10001082:	691b      	ldr	r3, [r3, #16]
10001084:	2b00      	cmp	r3, #0
10001086:	d15d      	bne.n	10001144 <alarm_pool_alarm_callback+0x198>
10001088:	9b07      	ldr	r3, [sp, #28]
1000108a:	681b      	ldr	r3, [r3, #0]
1000108c:	7bd9      	ldrb	r1, [r3, #15]
1000108e:	2900      	cmp	r1, #0
10001090:	d007      	beq.n	100010a2 <alarm_pool_alarm_callback+0xf6>
10001092:	004a      	lsls	r2, r1, #1
10001094:	1852      	adds	r2, r2, r1
10001096:	6819      	ldr	r1, [r3, #0]
10001098:	468c      	mov	ip, r1
1000109a:	4649      	mov	r1, r9
1000109c:	4462      	add	r2, ip
1000109e:	3a03      	subs	r2, #3
100010a0:	7051      	strb	r1, [r2, #1]
100010a2:	464a      	mov	r2, r9
100010a4:	73da      	strb	r2, [r3, #15]
100010a6:	464b      	mov	r3, r9
100010a8:	9a07      	ldr	r2, [sp, #28]
100010aa:	3b01      	subs	r3, #1
100010ac:	68d1      	ldr	r1, [r2, #12]
100010ae:	5cca      	ldrb	r2, [r1, r3]
100010b0:	3201      	adds	r2, #1
100010b2:	54ca      	strb	r2, [r1, r3]
100010b4:	465b      	mov	r3, fp
100010b6:	9a07      	ldr	r2, [sp, #28]
100010b8:	6113      	str	r3, [r2, #16]
100010ba:	6853      	ldr	r3, [r2, #4]
100010bc:	f3bf 8f5f 	dmb	sy
100010c0:	465a      	mov	r2, fp
100010c2:	601a      	str	r2, [r3, #0]
100010c4:	f385 8810 	msr	PRIMASK, r5
100010c8:	e782      	b.n	10000fd0 <alarm_pool_alarm_callback+0x24>
100010ca:	2300      	movs	r3, #0
100010cc:	2600      	movs	r6, #0
100010ce:	4698      	mov	r8, r3
100010d0:	2700      	movs	r7, #0
100010d2:	469a      	mov	sl, r3
100010d4:	2000      	movs	r0, #0
100010d6:	e7a7      	b.n	10001028 <alarm_pool_alarm_callback+0x7c>
100010d8:	2900      	cmp	r1, #0
100010da:	d101      	bne.n	100010e0 <alarm_pool_alarm_callback+0x134>
100010dc:	2800      	cmp	r0, #0
100010de:	d19b      	bne.n	10001018 <alarm_pool_alarm_callback+0x6c>
100010e0:	2100      	movs	r1, #0
100010e2:	0020      	movs	r0, r4
100010e4:	f000 fd1c 	bl	10001b20 <ph_remove_head>
100010e8:	4643      	mov	r3, r8
100010ea:	681e      	ldr	r6, [r3, #0]
100010ec:	685f      	ldr	r7, [r3, #4]
100010ee:	689b      	ldr	r3, [r3, #8]
100010f0:	9a07      	ldr	r2, [sp, #28]
100010f2:	469a      	mov	sl, r3
100010f4:	4643      	mov	r3, r8
100010f6:	68db      	ldr	r3, [r3, #12]
100010f8:	4698      	mov	r8, r3
100010fa:	68d3      	ldr	r3, [r2, #12]
100010fc:	444b      	add	r3, r9
100010fe:	3b01      	subs	r3, #1
10001100:	781b      	ldrb	r3, [r3, #0]
10001102:	930a      	str	r3, [sp, #40]	; 0x28
10001104:	021b      	lsls	r3, r3, #8
10001106:	4303      	orrs	r3, r0
10001108:	6113      	str	r3, [r2, #16]
1000110a:	2000      	movs	r0, #0
1000110c:	e78c      	b.n	10001028 <alarm_pool_alarm_callback+0x7c>
1000110e:	6923      	ldr	r3, [r4, #16]
10001110:	2b00      	cmp	r3, #0
10001112:	d0b9      	beq.n	10001088 <alarm_pool_alarm_callback+0xdc>
10001114:	0033      	movs	r3, r6
10001116:	003c      	movs	r4, r7
10001118:	1a5b      	subs	r3, r3, r1
1000111a:	4194      	sbcs	r4, r2
1000111c:	001a      	movs	r2, r3
1000111e:	0023      	movs	r3, r4
10001120:	42a7      	cmp	r7, r4
10001122:	d819      	bhi.n	10001158 <alarm_pool_alarm_callback+0x1ac>
10001124:	429f      	cmp	r7, r3
10001126:	d01b      	beq.n	10001160 <alarm_pool_alarm_callback+0x1b4>
10001128:	4659      	mov	r1, fp
1000112a:	9104      	str	r1, [sp, #16]
1000112c:	2101      	movs	r1, #1
1000112e:	9103      	str	r1, [sp, #12]
10001130:	4649      	mov	r1, r9
10001132:	9102      	str	r1, [sp, #8]
10001134:	4641      	mov	r1, r8
10001136:	9101      	str	r1, [sp, #4]
10001138:	4651      	mov	r1, sl
1000113a:	9807      	ldr	r0, [sp, #28]
1000113c:	9100      	str	r1, [sp, #0]
1000113e:	f7ff feb5 	bl	10000eac <add_alarm_under_lock.isra.0>
10001142:	e7b7      	b.n	100010b4 <alarm_pool_alarm_callback+0x108>
10001144:	f000 fae8 	bl	10001718 <time_us_64>
10001148:	9a08      	ldr	r2, [sp, #32]
1000114a:	9b09      	ldr	r3, [sp, #36]	; 0x24
1000114c:	0006      	movs	r6, r0
1000114e:	000f      	movs	r7, r1
10001150:	1992      	adds	r2, r2, r6
10001152:	417b      	adcs	r3, r7
10001154:	4299      	cmp	r1, r3
10001156:	d9e5      	bls.n	10001124 <alarm_pool_alarm_callback+0x178>
10001158:	2201      	movs	r2, #1
1000115a:	4252      	negs	r2, r2
1000115c:	17d3      	asrs	r3, r2, #31
1000115e:	e7e3      	b.n	10001128 <alarm_pool_alarm_callback+0x17c>
10001160:	4296      	cmp	r6, r2
10001162:	d9e1      	bls.n	10001128 <alarm_pool_alarm_callback+0x17c>
10001164:	2201      	movs	r2, #1
10001166:	4252      	negs	r2, r2
10001168:	17d3      	asrs	r3, r2, #31
1000116a:	e7dd      	b.n	10001128 <alarm_pool_alarm_callback+0x17c>
1000116c:	20002500 	.word	0x20002500
10001170:	0fffffff 	.word	0x0fffffff

10001174 <alarm_pool_add_alarm_at.constprop.0>:
10001174:	b5f8      	push	{r3, r4, r5, r6, r7, lr}
10001176:	4657      	mov	r7, sl
10001178:	464e      	mov	r6, r9
1000117a:	4645      	mov	r5, r8
1000117c:	46de      	mov	lr, fp
1000117e:	b5e0      	push	{r5, r6, r7, lr}
10001180:	4d40      	ldr	r5, [pc, #256]	; (10001284 <alarm_pool_add_alarm_at.constprop.0+0x110>)
10001182:	4681      	mov	r9, r0
10001184:	468a      	mov	sl, r1
10001186:	686a      	ldr	r2, [r5, #4]
10001188:	f3ef 8810 	mrs	r8, PRIMASK
1000118c:	b672      	cpsid	i
1000118e:	6813      	ldr	r3, [r2, #0]
10001190:	2b00      	cmp	r3, #0
10001192:	d0fc      	beq.n	1000118e <alarm_pool_add_alarm_at.constprop.0+0x1a>
10001194:	f3bf 8f5f 	dmb	sy
10001198:	682e      	ldr	r6, [r5, #0]
1000119a:	7bb4      	ldrb	r4, [r6, #14]
1000119c:	2c00      	cmp	r4, #0
1000119e:	d039      	beq.n	10001214 <alarm_pool_add_alarm_at.constprop.0+0xa0>
100011a0:	0067      	lsls	r7, r4, #1
100011a2:	6833      	ldr	r3, [r6, #0]
100011a4:	193f      	adds	r7, r7, r4
100011a6:	3f03      	subs	r7, #3
100011a8:	19db      	adds	r3, r3, r7
100011aa:	785a      	ldrb	r2, [r3, #1]
100011ac:	73b2      	strb	r2, [r6, #14]
100011ae:	2a00      	cmp	r2, #0
100011b0:	d100      	bne.n	100011b4 <alarm_pool_add_alarm_at.constprop.0+0x40>
100011b2:	73f2      	strb	r2, [r6, #15]
100011b4:	68a9      	ldr	r1, [r5, #8]
100011b6:	4a34      	ldr	r2, [pc, #208]	; (10001288 <alarm_pool_add_alarm_at.constprop.0+0x114>)
100011b8:	468c      	mov	ip, r1
100011ba:	4649      	mov	r1, r9
100011bc:	18a2      	adds	r2, r4, r2
100011be:	0112      	lsls	r2, r2, #4
100011c0:	4462      	add	r2, ip
100011c2:	6011      	str	r1, [r2, #0]
100011c4:	4651      	mov	r1, sl
100011c6:	6051      	str	r1, [r2, #4]
100011c8:	4930      	ldr	r1, [pc, #192]	; (1000128c <alarm_pool_add_alarm_at.constprop.0+0x118>)
100011ca:	6091      	str	r1, [r2, #8]
100011cc:	2100      	movs	r1, #0
100011ce:	60d1      	str	r1, [r2, #12]
100011d0:	7099      	strb	r1, [r3, #2]
100011d2:	7059      	strb	r1, [r3, #1]
100011d4:	7019      	strb	r1, [r3, #0]
100011d6:	7b73      	ldrb	r3, [r6, #13]
100011d8:	469b      	mov	fp, r3
100011da:	2b00      	cmp	r3, #0
100011dc:	d035      	beq.n	1000124a <alarm_pool_add_alarm_at.constprop.0+0xd6>
100011de:	0022      	movs	r2, r4
100011e0:	0019      	movs	r1, r3
100011e2:	68b0      	ldr	r0, [r6, #8]
100011e4:	6873      	ldr	r3, [r6, #4]
100011e6:	4798      	blx	r3
100011e8:	6832      	ldr	r2, [r6, #0]
100011ea:	2800      	cmp	r0, #0
100011ec:	d020      	beq.n	10001230 <alarm_pool_add_alarm_at.constprop.0+0xbc>
100011ee:	465b      	mov	r3, fp
100011f0:	4658      	mov	r0, fp
100011f2:	005b      	lsls	r3, r3, #1
100011f4:	445b      	add	r3, fp
100011f6:	19d7      	adds	r7, r2, r7
100011f8:	3b03      	subs	r3, #3
100011fa:	70b8      	strb	r0, [r7, #2]
100011fc:	18d1      	adds	r1, r2, r3
100011fe:	5cd3      	ldrb	r3, [r2, r3]
10001200:	2b00      	cmp	r3, #0
10001202:	d000      	beq.n	10001206 <alarm_pool_add_alarm_at.constprop.0+0x92>
10001204:	707b      	strb	r3, [r7, #1]
10001206:	465b      	mov	r3, fp
10001208:	700c      	strb	r4, [r1, #0]
1000120a:	7373      	strb	r3, [r6, #13]
1000120c:	455c      	cmp	r4, fp
1000120e:	d01d      	beq.n	1000124c <alarm_pool_add_alarm_at.constprop.0+0xd8>
10001210:	2600      	movs	r6, #0
10001212:	e026      	b.n	10001262 <alarm_pool_add_alarm_at.constprop.0+0xee>
10001214:	686b      	ldr	r3, [r5, #4]
10001216:	f3bf 8f5f 	dmb	sy
1000121a:	601c      	str	r4, [r3, #0]
1000121c:	f388 8810 	msr	PRIMASK, r8
10001220:	2001      	movs	r0, #1
10001222:	4240      	negs	r0, r0
10001224:	bcf0      	pop	{r4, r5, r6, r7}
10001226:	46bb      	mov	fp, r7
10001228:	46b2      	mov	sl, r6
1000122a:	46a9      	mov	r9, r5
1000122c:	46a0      	mov	r8, r4
1000122e:	bdf8      	pop	{r3, r4, r5, r6, r7, pc}
10001230:	465b      	mov	r3, fp
10001232:	005b      	lsls	r3, r3, #1
10001234:	445b      	add	r3, fp
10001236:	3b03      	subs	r3, #3
10001238:	18d3      	adds	r3, r2, r3
1000123a:	709c      	strb	r4, [r3, #2]
1000123c:	19d1      	adds	r1, r2, r7
1000123e:	5dd2      	ldrb	r2, [r2, r7]
10001240:	2a00      	cmp	r2, #0
10001242:	d000      	beq.n	10001246 <alarm_pool_add_alarm_at.constprop.0+0xd2>
10001244:	705a      	strb	r2, [r3, #1]
10001246:	465b      	mov	r3, fp
10001248:	700b      	strb	r3, [r1, #0]
1000124a:	7374      	strb	r4, [r6, #13]
1000124c:	464a      	mov	r2, r9
1000124e:	4653      	mov	r3, sl
10001250:	7d28      	ldrb	r0, [r5, #20]
10001252:	f000 fac1 	bl	100017d8 <hardware_alarm_set_target>
10001256:	1e06      	subs	r6, r0, #0
10001258:	d0da      	beq.n	10001210 <alarm_pool_add_alarm_at.constprop.0+0x9c>
1000125a:	0021      	movs	r1, r4
1000125c:	6828      	ldr	r0, [r5, #0]
1000125e:	f000 fcdd 	bl	10001c1c <ph_remove_and_free_node>
10001262:	68eb      	ldr	r3, [r5, #12]
10001264:	191b      	adds	r3, r3, r4
10001266:	3b01      	subs	r3, #1
10001268:	7819      	ldrb	r1, [r3, #0]
1000126a:	686b      	ldr	r3, [r5, #4]
1000126c:	f3bf 8f5f 	dmb	sy
10001270:	2200      	movs	r2, #0
10001272:	601a      	str	r2, [r3, #0]
10001274:	f388 8810 	msr	PRIMASK, r8
10001278:	2000      	movs	r0, #0
1000127a:	2e00      	cmp	r6, #0
1000127c:	d1d2      	bne.n	10001224 <alarm_pool_add_alarm_at.constprop.0+0xb0>
1000127e:	0208      	lsls	r0, r1, #8
10001280:	4320      	orrs	r0, r4
10001282:	e7cf      	b.n	10001224 <alarm_pool_add_alarm_at.constprop.0+0xb0>
10001284:	200013b4 	.word	0x200013b4
10001288:	0fffffff 	.word	0x0fffffff
1000128c:	10000e7d 	.word	0x10000e7d

10001290 <alarm_pool_init_default>:
10001290:	b510      	push	{r4, lr}
10001292:	4c12      	ldr	r4, [pc, #72]	; (100012dc <alarm_pool_init_default+0x4c>)
10001294:	6863      	ldr	r3, [r4, #4]
10001296:	2b00      	cmp	r3, #0
10001298:	d004      	beq.n	100012a4 <alarm_pool_init_default+0x14>
1000129a:	210a      	movs	r1, #10
1000129c:	4810      	ldr	r0, [pc, #64]	; (100012e0 <alarm_pool_init_default+0x50>)
1000129e:	f7ff fdcb 	bl	10000e38 <lock_init>
100012a2:	bd10      	pop	{r4, pc}
100012a4:	0023      	movs	r3, r4
100012a6:	4a0f      	ldr	r2, [pc, #60]	; (100012e4 <alarm_pool_init_default+0x54>)
100012a8:	2110      	movs	r1, #16
100012aa:	6820      	ldr	r0, [r4, #0]
100012ac:	f000 fb56 	bl	1000195c <ph_post_alloc_init>
100012b0:	2003      	movs	r0, #3
100012b2:	f000 fa25 	bl	10001700 <hardware_alarm_claim>
100012b6:	2003      	movs	r0, #3
100012b8:	f000 fafe 	bl	100018b8 <hardware_alarm_cancel>
100012bc:	2003      	movs	r0, #3
100012be:	490a      	ldr	r1, [pc, #40]	; (100012e8 <alarm_pool_init_default+0x58>)
100012c0:	f000 fa44 	bl	1000174c <hardware_alarm_set_callback>
100012c4:	f7ff faea 	bl	1000089c <next_striped_spin_lock_num>
100012c8:	4b08      	ldr	r3, [pc, #32]	; (100012ec <alarm_pool_init_default+0x5c>)
100012ca:	469c      	mov	ip, r3
100012cc:	2303      	movs	r3, #3
100012ce:	4460      	add	r0, ip
100012d0:	7523      	strb	r3, [r4, #20]
100012d2:	4b07      	ldr	r3, [pc, #28]	; (100012f0 <alarm_pool_init_default+0x60>)
100012d4:	0080      	lsls	r0, r0, #2
100012d6:	6060      	str	r0, [r4, #4]
100012d8:	60dc      	str	r4, [r3, #12]
100012da:	e7de      	b.n	1000129a <alarm_pool_init_default+0xa>
100012dc:	200013b4 	.word	0x200013b4
100012e0:	20002624 	.word	0x20002624
100012e4:	10000e49 	.word	0x10000e49
100012e8:	10000fad 	.word	0x10000fad
100012ec:	34000040 	.word	0x34000040
100012f0:	20002500 	.word	0x20002500

100012f4 <alarm_pool_get_default>:
100012f4:	4800      	ldr	r0, [pc, #0]	; (100012f8 <alarm_pool_get_default+0x4>)
100012f6:	4770      	bx	lr
100012f8:	200013b4 	.word	0x200013b4

100012fc <alarm_pool_add_alarm_at>:
100012fc:	b5f0      	push	{r4, r5, r6, r7, lr}
100012fe:	4657      	mov	r7, sl
10001300:	464e      	mov	r6, r9
10001302:	4645      	mov	r5, r8
10001304:	46de      	mov	lr, fp
10001306:	b5e0      	push	{r5, r6, r7, lr}
10001308:	b085      	sub	sp, #20
1000130a:	9301      	str	r3, [sp, #4]
1000130c:	ab10      	add	r3, sp, #64	; 0x40
1000130e:	781b      	ldrb	r3, [r3, #0]
10001310:	0006      	movs	r6, r0
10001312:	9303      	str	r3, [sp, #12]
10001314:	2300      	movs	r3, #0
10001316:	469a      	mov	sl, r3
10001318:	4698      	mov	r8, r3
1000131a:	9200      	str	r2, [sp, #0]
1000131c:	6872      	ldr	r2, [r6, #4]
1000131e:	f3ef 8910 	mrs	r9, PRIMASK
10001322:	b672      	cpsid	i
10001324:	6813      	ldr	r3, [r2, #0]
10001326:	2b00      	cmp	r3, #0
10001328:	d0fc      	beq.n	10001324 <alarm_pool_add_alarm_at+0x28>
1000132a:	f3bf 8f5f 	dmb	sy
1000132e:	6835      	ldr	r5, [r6, #0]
10001330:	7bac      	ldrb	r4, [r5, #14]
10001332:	2c00      	cmp	r4, #0
10001334:	d049      	beq.n	100013ca <alarm_pool_add_alarm_at+0xce>
10001336:	0067      	lsls	r7, r4, #1
10001338:	682b      	ldr	r3, [r5, #0]
1000133a:	193f      	adds	r7, r7, r4
1000133c:	3f03      	subs	r7, #3
1000133e:	19db      	adds	r3, r3, r7
10001340:	785a      	ldrb	r2, [r3, #1]
10001342:	73aa      	strb	r2, [r5, #14]
10001344:	2a00      	cmp	r2, #0
10001346:	d100      	bne.n	1000134a <alarm_pool_add_alarm_at+0x4e>
10001348:	73ea      	strb	r2, [r5, #15]
1000134a:	68b1      	ldr	r1, [r6, #8]
1000134c:	4a4f      	ldr	r2, [pc, #316]	; (1000148c <alarm_pool_add_alarm_at+0x190>)
1000134e:	468c      	mov	ip, r1
10001350:	9800      	ldr	r0, [sp, #0]
10001352:	9901      	ldr	r1, [sp, #4]
10001354:	18a2      	adds	r2, r4, r2
10001356:	0112      	lsls	r2, r2, #4
10001358:	4462      	add	r2, ip
1000135a:	6010      	str	r0, [r2, #0]
1000135c:	6051      	str	r1, [r2, #4]
1000135e:	990e      	ldr	r1, [sp, #56]	; 0x38
10001360:	6091      	str	r1, [r2, #8]
10001362:	990f      	ldr	r1, [sp, #60]	; 0x3c
10001364:	60d1      	str	r1, [r2, #12]
10001366:	4642      	mov	r2, r8
10001368:	709a      	strb	r2, [r3, #2]
1000136a:	705a      	strb	r2, [r3, #1]
1000136c:	701a      	strb	r2, [r3, #0]
1000136e:	7b6b      	ldrb	r3, [r5, #13]
10001370:	469b      	mov	fp, r3
10001372:	2b00      	cmp	r3, #0
10001374:	d045      	beq.n	10001402 <alarm_pool_add_alarm_at+0x106>
10001376:	0022      	movs	r2, r4
10001378:	0019      	movs	r1, r3
1000137a:	68a8      	ldr	r0, [r5, #8]
1000137c:	686b      	ldr	r3, [r5, #4]
1000137e:	4798      	blx	r3
10001380:	682a      	ldr	r2, [r5, #0]
10001382:	2800      	cmp	r0, #0
10001384:	d030      	beq.n	100013e8 <alarm_pool_add_alarm_at+0xec>
10001386:	465b      	mov	r3, fp
10001388:	4658      	mov	r0, fp
1000138a:	005b      	lsls	r3, r3, #1
1000138c:	445b      	add	r3, fp
1000138e:	19d7      	adds	r7, r2, r7
10001390:	3b03      	subs	r3, #3
10001392:	70b8      	strb	r0, [r7, #2]
10001394:	18d1      	adds	r1, r2, r3
10001396:	5cd3      	ldrb	r3, [r2, r3]
10001398:	2b00      	cmp	r3, #0
1000139a:	d000      	beq.n	1000139e <alarm_pool_add_alarm_at+0xa2>
1000139c:	707b      	strb	r3, [r7, #1]
1000139e:	465b      	mov	r3, fp
100013a0:	700c      	strb	r4, [r1, #0]
100013a2:	736b      	strb	r3, [r5, #13]
100013a4:	455c      	cmp	r4, fp
100013a6:	d02d      	beq.n	10001404 <alarm_pool_add_alarm_at+0x108>
100013a8:	68f3      	ldr	r3, [r6, #12]
100013aa:	191b      	adds	r3, r3, r4
100013ac:	3b01      	subs	r3, #1
100013ae:	7818      	ldrb	r0, [r3, #0]
100013b0:	6873      	ldr	r3, [r6, #4]
100013b2:	f3bf 8f5f 	dmb	sy
100013b6:	4642      	mov	r2, r8
100013b8:	601a      	str	r2, [r3, #0]
100013ba:	f389 8810 	msr	PRIMASK, r9
100013be:	4653      	mov	r3, sl
100013c0:	2b00      	cmp	r3, #0
100013c2:	d12c      	bne.n	1000141e <alarm_pool_add_alarm_at+0x122>
100013c4:	0200      	lsls	r0, r0, #8
100013c6:	4320      	orrs	r0, r4
100013c8:	e007      	b.n	100013da <alarm_pool_add_alarm_at+0xde>
100013ca:	6873      	ldr	r3, [r6, #4]
100013cc:	f3bf 8f5f 	dmb	sy
100013d0:	601c      	str	r4, [r3, #0]
100013d2:	f389 8810 	msr	PRIMASK, r9
100013d6:	2001      	movs	r0, #1
100013d8:	4240      	negs	r0, r0
100013da:	b005      	add	sp, #20
100013dc:	bcf0      	pop	{r4, r5, r6, r7}
100013de:	46bb      	mov	fp, r7
100013e0:	46b2      	mov	sl, r6
100013e2:	46a9      	mov	r9, r5
100013e4:	46a0      	mov	r8, r4
100013e6:	bdf0      	pop	{r4, r5, r6, r7, pc}
100013e8:	465b      	mov	r3, fp
100013ea:	005b      	lsls	r3, r3, #1
100013ec:	445b      	add	r3, fp
100013ee:	3b03      	subs	r3, #3
100013f0:	18d3      	adds	r3, r2, r3
100013f2:	709c      	strb	r4, [r3, #2]
100013f4:	19d1      	adds	r1, r2, r7
100013f6:	5dd2      	ldrb	r2, [r2, r7]
100013f8:	2a00      	cmp	r2, #0
100013fa:	d000      	beq.n	100013fe <alarm_pool_add_alarm_at+0x102>
100013fc:	705a      	strb	r2, [r3, #1]
100013fe:	465b      	mov	r3, fp
10001400:	700b      	strb	r3, [r1, #0]
10001402:	736c      	strb	r4, [r5, #13]
10001404:	7d30      	ldrb	r0, [r6, #20]
10001406:	9a00      	ldr	r2, [sp, #0]
10001408:	9b01      	ldr	r3, [sp, #4]
1000140a:	f000 f9e5 	bl	100017d8 <hardware_alarm_set_target>
1000140e:	4682      	mov	sl, r0
10001410:	2800      	cmp	r0, #0
10001412:	d0c9      	beq.n	100013a8 <alarm_pool_add_alarm_at+0xac>
10001414:	0021      	movs	r1, r4
10001416:	6830      	ldr	r0, [r6, #0]
10001418:	f000 fc00 	bl	10001c1c <ph_remove_and_free_node>
1000141c:	e7c4      	b.n	100013a8 <alarm_pool_add_alarm_at+0xac>
1000141e:	9b03      	ldr	r3, [sp, #12]
10001420:	2b00      	cmp	r3, #0
10001422:	d030      	beq.n	10001486 <alarm_pool_add_alarm_at+0x18a>
10001424:	9b0e      	ldr	r3, [sp, #56]	; 0x38
10001426:	2000      	movs	r0, #0
10001428:	990f      	ldr	r1, [sp, #60]	; 0x3c
1000142a:	4798      	blx	r3
1000142c:	0003      	movs	r3, r0
1000142e:	0004      	movs	r4, r0
10001430:	000d      	movs	r5, r1
10001432:	430b      	orrs	r3, r1
10001434:	d027      	beq.n	10001486 <alarm_pool_add_alarm_at+0x18a>
10001436:	2900      	cmp	r1, #0
10001438:	da0d      	bge.n	10001456 <alarm_pool_add_alarm_at+0x15a>
1000143a:	9800      	ldr	r0, [sp, #0]
1000143c:	9901      	ldr	r1, [sp, #4]
1000143e:	0002      	movs	r2, r0
10001440:	000b      	movs	r3, r1
10001442:	1b12      	subs	r2, r2, r4
10001444:	41ab      	sbcs	r3, r5
10001446:	4299      	cmp	r1, r3
10001448:	d813      	bhi.n	10001472 <alarm_pool_add_alarm_at+0x176>
1000144a:	d018      	beq.n	1000147e <alarm_pool_add_alarm_at+0x182>
1000144c:	9200      	str	r2, [sp, #0]
1000144e:	9301      	str	r3, [sp, #4]
10001450:	9b03      	ldr	r3, [sp, #12]
10001452:	469a      	mov	sl, r3
10001454:	e762      	b.n	1000131c <alarm_pool_add_alarm_at+0x20>
10001456:	f000 f95f 	bl	10001718 <time_us_64>
1000145a:	0002      	movs	r2, r0
1000145c:	000b      	movs	r3, r1
1000145e:	18a4      	adds	r4, r4, r2
10001460:	415d      	adcs	r5, r3
10001462:	9400      	str	r4, [sp, #0]
10001464:	9501      	str	r5, [sp, #4]
10001466:	42a9      	cmp	r1, r5
10001468:	d803      	bhi.n	10001472 <alarm_pool_add_alarm_at+0x176>
1000146a:	d1f1      	bne.n	10001450 <alarm_pool_add_alarm_at+0x154>
1000146c:	9900      	ldr	r1, [sp, #0]
1000146e:	428a      	cmp	r2, r1
10001470:	d9ee      	bls.n	10001450 <alarm_pool_add_alarm_at+0x154>
10001472:	2301      	movs	r3, #1
10001474:	425b      	negs	r3, r3
10001476:	17dc      	asrs	r4, r3, #31
10001478:	9300      	str	r3, [sp, #0]
1000147a:	9401      	str	r4, [sp, #4]
1000147c:	e7e8      	b.n	10001450 <alarm_pool_add_alarm_at+0x154>
1000147e:	9900      	ldr	r1, [sp, #0]
10001480:	4291      	cmp	r1, r2
10001482:	d9e3      	bls.n	1000144c <alarm_pool_add_alarm_at+0x150>
10001484:	e7f5      	b.n	10001472 <alarm_pool_add_alarm_at+0x176>
10001486:	2000      	movs	r0, #0
10001488:	e7a7      	b.n	100013da <alarm_pool_add_alarm_at+0xde>
1000148a:	46c0      	nop			; (mov r8, r8)
1000148c:	0fffffff 	.word	0x0fffffff

10001490 <sleep_until>:
10001490:	b5f0      	push	{r4, r5, r6, r7, lr}
10001492:	0004      	movs	r4, r0
10001494:	000d      	movs	r5, r1
10001496:	2606      	movs	r6, #6
10001498:	4276      	negs	r6, r6
1000149a:	17f7      	asrs	r7, r6, #31
1000149c:	46c6      	mov	lr, r8
1000149e:	1936      	adds	r6, r6, r4
100014a0:	416f      	adcs	r7, r5
100014a2:	b500      	push	{lr}
100014a4:	428f      	cmp	r7, r1
100014a6:	d813      	bhi.n	100014d0 <sleep_until+0x40>
100014a8:	d010      	beq.n	100014cc <sleep_until+0x3c>
100014aa:	f000 f935 	bl	10001718 <time_us_64>
100014ae:	0032      	movs	r2, r6
100014b0:	003b      	movs	r3, r7
100014b2:	1a12      	subs	r2, r2, r0
100014b4:	418b      	sbcs	r3, r1
100014b6:	2b00      	cmp	r3, #0
100014b8:	dc14      	bgt.n	100014e4 <sleep_until+0x54>
100014ba:	2b00      	cmp	r3, #0
100014bc:	d037      	beq.n	1000152e <sleep_until+0x9e>
100014be:	0029      	movs	r1, r5
100014c0:	0020      	movs	r0, r4
100014c2:	f000 f933 	bl	1000172c <busy_wait_until>
100014c6:	bc80      	pop	{r7}
100014c8:	46b8      	mov	r8, r7
100014ca:	bdf0      	pop	{r4, r5, r6, r7, pc}
100014cc:	4286      	cmp	r6, r0
100014ce:	d9ec      	bls.n	100014aa <sleep_until+0x1a>
100014d0:	2600      	movs	r6, #0
100014d2:	2700      	movs	r7, #0
100014d4:	f000 f920 	bl	10001718 <time_us_64>
100014d8:	0032      	movs	r2, r6
100014da:	003b      	movs	r3, r7
100014dc:	1a12      	subs	r2, r2, r0
100014de:	418b      	sbcs	r3, r1
100014e0:	2b00      	cmp	r3, #0
100014e2:	ddea      	ble.n	100014ba <sleep_until+0x2a>
100014e4:	0030      	movs	r0, r6
100014e6:	0039      	movs	r1, r7
100014e8:	f7ff fe44 	bl	10001174 <alarm_pool_add_alarm_at.constprop.0>
100014ec:	2800      	cmp	r0, #0
100014ee:	dbe6      	blt.n	100014be <sleep_until+0x2e>
100014f0:	2300      	movs	r3, #0
100014f2:	4698      	mov	r8, r3
100014f4:	46bc      	mov	ip, r7
100014f6:	4a0f      	ldr	r2, [pc, #60]	; (10001534 <sleep_until+0xa4>)
100014f8:	4f0f      	ldr	r7, [pc, #60]	; (10001538 <sleep_until+0xa8>)
100014fa:	6a7b      	ldr	r3, [r7, #36]	; 0x24
100014fc:	459c      	cmp	ip, r3
100014fe:	d804      	bhi.n	1000150a <sleep_until+0x7a>
10001500:	6ab9      	ldr	r1, [r7, #40]	; 0x28
10001502:	428e      	cmp	r6, r1
10001504:	d9db      	bls.n	100014be <sleep_until+0x2e>
10001506:	459c      	cmp	ip, r3
10001508:	d1d9      	bne.n	100014be <sleep_until+0x2e>
1000150a:	6811      	ldr	r1, [r2, #0]
1000150c:	f3ef 8010 	mrs	r0, PRIMASK
10001510:	b672      	cpsid	i
10001512:	680b      	ldr	r3, [r1, #0]
10001514:	2b00      	cmp	r3, #0
10001516:	d0fc      	beq.n	10001512 <sleep_until+0x82>
10001518:	f3bf 8f5f 	dmb	sy
1000151c:	6813      	ldr	r3, [r2, #0]
1000151e:	f3bf 8f5f 	dmb	sy
10001522:	4641      	mov	r1, r8
10001524:	6019      	str	r1, [r3, #0]
10001526:	f380 8810 	msr	PRIMASK, r0
1000152a:	bf20      	wfe
1000152c:	e7e5      	b.n	100014fa <sleep_until+0x6a>
1000152e:	2a00      	cmp	r2, #0
10001530:	d0c5      	beq.n	100014be <sleep_until+0x2e>
10001532:	e7d7      	b.n	100014e4 <sleep_until+0x54>
10001534:	20002624 	.word	0x20002624
10001538:	40054000 	.word	0x40054000

1000153c <sleep_ms>:
1000153c:	b570      	push	{r4, r5, r6, lr}
1000153e:	0006      	movs	r6, r0
10001540:	f000 f8ea 	bl	10001718 <time_us_64>
10001544:	22fa      	movs	r2, #250	; 0xfa
10001546:	0004      	movs	r4, r0
10001548:	000d      	movs	r5, r1
1000154a:	2300      	movs	r3, #0
1000154c:	0030      	movs	r0, r6
1000154e:	2100      	movs	r1, #0
10001550:	0092      	lsls	r2, r2, #2
10001552:	f002 fd4f 	bl	10003ff4 <__wrap___aeabi_lmul>
10001556:	1900      	adds	r0, r0, r4
10001558:	4169      	adcs	r1, r5
1000155a:	428d      	cmp	r5, r1
1000155c:	d805      	bhi.n	1000156a <sleep_ms+0x2e>
1000155e:	d002      	beq.n	10001566 <sleep_ms+0x2a>
10001560:	f7ff ff96 	bl	10001490 <sleep_until>
10001564:	bd70      	pop	{r4, r5, r6, pc}
10001566:	4284      	cmp	r4, r0
10001568:	d9fa      	bls.n	10001560 <sleep_ms+0x24>
1000156a:	2001      	movs	r0, #1
1000156c:	4240      	negs	r0, r0
1000156e:	17c1      	asrs	r1, r0, #31
10001570:	e7f6      	b.n	10001560 <sleep_ms+0x24>
10001572:	46c0      	nop			; (mov r8, r8)

10001574 <best_effort_wfe_or_timeout>:
10001574:	b5f8      	push	{r3, r4, r5, r6, r7, lr}
10001576:	46ce      	mov	lr, r9
10001578:	4647      	mov	r7, r8
1000157a:	b580      	push	{r7, lr}
1000157c:	0006      	movs	r6, r0
1000157e:	000c      	movs	r4, r1
10001580:	f7ff fdf8 	bl	10001174 <alarm_pool_add_alarm_at.constprop.0>
10001584:	2800      	cmp	r0, #0
10001586:	dc0c      	bgt.n	100015a2 <best_effort_wfe_or_timeout+0x2e>
10001588:	4b2d      	ldr	r3, [pc, #180]	; (10001640 <best_effort_wfe_or_timeout+0xcc>)
1000158a:	2000      	movs	r0, #0
1000158c:	6a59      	ldr	r1, [r3, #36]	; 0x24
1000158e:	428c      	cmp	r4, r1
10001590:	d803      	bhi.n	1000159a <best_effort_wfe_or_timeout+0x26>
10001592:	6a9b      	ldr	r3, [r3, #40]	; 0x28
10001594:	3001      	adds	r0, #1
10001596:	42b3      	cmp	r3, r6
10001598:	d345      	bcc.n	10001626 <best_effort_wfe_or_timeout+0xb2>
1000159a:	bcc0      	pop	{r6, r7}
1000159c:	46b9      	mov	r9, r7
1000159e:	46b0      	mov	r8, r6
100015a0:	bdf8      	pop	{r3, r4, r5, r6, r7, pc}
100015a2:	bf20      	wfe
100015a4:	4d27      	ldr	r5, [pc, #156]	; (10001644 <best_effort_wfe_or_timeout+0xd0>)
100015a6:	686a      	ldr	r2, [r5, #4]
100015a8:	f3ef 8710 	mrs	r7, PRIMASK
100015ac:	b672      	cpsid	i
100015ae:	6813      	ldr	r3, [r2, #0]
100015b0:	2b00      	cmp	r3, #0
100015b2:	d0fc      	beq.n	100015ae <best_effort_wfe_or_timeout+0x3a>
100015b4:	f3bf 8f5f 	dmb	sy
100015b8:	682b      	ldr	r3, [r5, #0]
100015ba:	b2c1      	uxtb	r1, r0
100015bc:	469c      	mov	ip, r3
100015be:	7b5b      	ldrb	r3, [r3, #13]
100015c0:	428b      	cmp	r3, r1
100015c2:	d035      	beq.n	10001630 <best_effort_wfe_or_timeout+0xbc>
100015c4:	23ff      	movs	r3, #255	; 0xff
100015c6:	4003      	ands	r3, r0
100015c8:	005a      	lsls	r2, r3, #1
100015ca:	4691      	mov	r9, r2
100015cc:	4662      	mov	r2, ip
100015ce:	6812      	ldr	r2, [r2, #0]
100015d0:	4499      	add	r9, r3
100015d2:	4690      	mov	r8, r2
100015d4:	464a      	mov	r2, r9
100015d6:	4442      	add	r2, r8
100015d8:	3a03      	subs	r2, #3
100015da:	7892      	ldrb	r2, [r2, #2]
100015dc:	2a00      	cmp	r2, #0
100015de:	d01d      	beq.n	1000161c <best_effort_wfe_or_timeout+0xa8>
100015e0:	68ea      	ldr	r2, [r5, #12]
100015e2:	0a00      	lsrs	r0, r0, #8
100015e4:	4690      	mov	r8, r2
100015e6:	4443      	add	r3, r8
100015e8:	3b01      	subs	r3, #1
100015ea:	781b      	ldrb	r3, [r3, #0]
100015ec:	b2c0      	uxtb	r0, r0
100015ee:	4283      	cmp	r3, r0
100015f0:	d021      	beq.n	10001636 <best_effort_wfe_or_timeout+0xc2>
100015f2:	686b      	ldr	r3, [r5, #4]
100015f4:	f3bf 8f5f 	dmb	sy
100015f8:	2200      	movs	r2, #0
100015fa:	601a      	str	r2, [r3, #0]
100015fc:	f387 8810 	msr	PRIMASK, r7
10001600:	4a0f      	ldr	r2, [pc, #60]	; (10001640 <best_effort_wfe_or_timeout+0xcc>)
10001602:	2000      	movs	r0, #0
10001604:	6a53      	ldr	r3, [r2, #36]	; 0x24
10001606:	429c      	cmp	r4, r3
10001608:	d8c7      	bhi.n	1000159a <best_effort_wfe_or_timeout+0x26>
1000160a:	6a92      	ldr	r2, [r2, #40]	; 0x28
1000160c:	3001      	adds	r0, #1
1000160e:	42b2      	cmp	r2, r6
10001610:	d2c3      	bcs.n	1000159a <best_effort_wfe_or_timeout+0x26>
10001612:	1ae0      	subs	r0, r4, r3
10001614:	1e42      	subs	r2, r0, #1
10001616:	4190      	sbcs	r0, r2
10001618:	b2c0      	uxtb	r0, r0
1000161a:	e7be      	b.n	1000159a <best_effort_wfe_or_timeout+0x26>
1000161c:	692b      	ldr	r3, [r5, #16]
1000161e:	4298      	cmp	r0, r3
10001620:	d1e7      	bne.n	100015f2 <best_effort_wfe_or_timeout+0x7e>
10001622:	612a      	str	r2, [r5, #16]
10001624:	e7e5      	b.n	100015f2 <best_effort_wfe_or_timeout+0x7e>
10001626:	1a60      	subs	r0, r4, r1
10001628:	1e43      	subs	r3, r0, #1
1000162a:	4198      	sbcs	r0, r3
1000162c:	b2c0      	uxtb	r0, r0
1000162e:	e7b4      	b.n	1000159a <best_effort_wfe_or_timeout+0x26>
10001630:	23ff      	movs	r3, #255	; 0xff
10001632:	4003      	ands	r3, r0
10001634:	e7d4      	b.n	100015e0 <best_effort_wfe_or_timeout+0x6c>
10001636:	4660      	mov	r0, ip
10001638:	f000 faf0 	bl	10001c1c <ph_remove_and_free_node>
1000163c:	e7d9      	b.n	100015f2 <best_effort_wfe_or_timeout+0x7e>
1000163e:	46c0      	nop			; (mov r8, r8)
10001640:	40054000 	.word	0x40054000
10001644:	200013b4 	.word	0x200013b4

10001648 <hardware_alarm_irq_handler>:
10001648:	b5f0      	push	{r4, r5, r6, r7, lr}
1000164a:	46d6      	mov	lr, sl
1000164c:	464f      	mov	r7, r9
1000164e:	4646      	mov	r6, r8
10001650:	b5c0      	push	{r6, r7, lr}
10001652:	f3ef 8305 	mrs	r3, IPSR
10001656:	223f      	movs	r2, #63	; 0x3f
10001658:	4013      	ands	r3, r2
1000165a:	0018      	movs	r0, r3
1000165c:	3810      	subs	r0, #16
1000165e:	f3ef 8c10 	mrs	ip, PRIMASK
10001662:	b672      	cpsid	i
10001664:	4d20      	ldr	r5, [pc, #128]	; (100016e8 <hardware_alarm_irq_handler+0xa0>)
10001666:	682a      	ldr	r2, [r5, #0]
10001668:	2a00      	cmp	r2, #0
1000166a:	d0fc      	beq.n	10001666 <hardware_alarm_irq_handler+0x1e>
1000166c:	f3bf 8f5f 	dmb	sy
10001670:	2201      	movs	r2, #1
10001672:	0011      	movs	r1, r2
10001674:	4081      	lsls	r1, r0
10001676:	4c1d      	ldr	r4, [pc, #116]	; (100016ec <hardware_alarm_irq_handler+0xa4>)
10001678:	4688      	mov	r8, r1
1000167a:	6361      	str	r1, [r4, #52]	; 0x34
1000167c:	491c      	ldr	r1, [pc, #112]	; (100016f0 <hardware_alarm_irq_handler+0xa8>)
1000167e:	0017      	movs	r7, r2
10001680:	780e      	ldrb	r6, [r1, #0]
10001682:	468a      	mov	sl, r1
10001684:	0031      	movs	r1, r6
10001686:	40c1      	lsrs	r1, r0
10001688:	400f      	ands	r7, r1
1000168a:	420a      	tst	r2, r1
1000168c:	d109      	bne.n	100016a2 <hardware_alarm_irq_handler+0x5a>
1000168e:	f3bf 8f5f 	dmb	sy
10001692:	602f      	str	r7, [r5, #0]
10001694:	f38c 8810 	msr	PRIMASK, ip
10001698:	bce0      	pop	{r5, r6, r7}
1000169a:	46ba      	mov	sl, r7
1000169c:	46b1      	mov	r9, r6
1000169e:	46a8      	mov	r8, r5
100016a0:	bdf0      	pop	{r4, r5, r6, r7, pc}
100016a2:	4914      	ldr	r1, [pc, #80]	; (100016f4 <hardware_alarm_irq_handler+0xac>)
100016a4:	0082      	lsls	r2, r0, #2
100016a6:	6a64      	ldr	r4, [r4, #36]	; 0x24
100016a8:	5851      	ldr	r1, [r2, r1]
100016aa:	428c      	cmp	r4, r1
100016ac:	d30f      	bcc.n	100016ce <hardware_alarm_irq_handler+0x86>
100016ae:	4b12      	ldr	r3, [pc, #72]	; (100016f8 <hardware_alarm_irq_handler+0xb0>)
100016b0:	58d2      	ldr	r2, [r2, r3]
100016b2:	4643      	mov	r3, r8
100016b4:	439e      	bics	r6, r3
100016b6:	4653      	mov	r3, sl
100016b8:	701e      	strb	r6, [r3, #0]
100016ba:	f3bf 8f5f 	dmb	sy
100016be:	2300      	movs	r3, #0
100016c0:	602b      	str	r3, [r5, #0]
100016c2:	f38c 8810 	msr	PRIMASK, ip
100016c6:	2a00      	cmp	r2, #0
100016c8:	d0e6      	beq.n	10001698 <hardware_alarm_irq_handler+0x50>
100016ca:	4790      	blx	r2
100016cc:	e7e4      	b.n	10001698 <hardware_alarm_irq_handler+0x50>
100016ce:	4a0b      	ldr	r2, [pc, #44]	; (100016fc <hardware_alarm_irq_handler+0xb4>)
100016d0:	009b      	lsls	r3, r3, #2
100016d2:	4690      	mov	r8, r2
100016d4:	4443      	add	r3, r8
100016d6:	681a      	ldr	r2, [r3, #0]
100016d8:	601a      	str	r2, [r3, #0]
100016da:	f3bf 8f5f 	dmb	sy
100016de:	2300      	movs	r3, #0
100016e0:	602b      	str	r3, [r5, #0]
100016e2:	f38c 8810 	msr	PRIMASK, ip
100016e6:	e7d7      	b.n	10001698 <hardware_alarm_irq_handler+0x50>
100016e8:	d0000128 	.word	0xd0000128
100016ec:	40054000 	.word	0x40054000
100016f0:	2000265d 	.word	0x2000265d
100016f4:	20002630 	.word	0x20002630
100016f8:	20001f3c 	.word	0x20001f3c
100016fc:	40053fd0 	.word	0x40053fd0

10001700 <hardware_alarm_claim>:
10001700:	b510      	push	{r4, lr}
10001702:	0001      	movs	r1, r0
10001704:	4a02      	ldr	r2, [pc, #8]	; (10001710 <hardware_alarm_claim+0x10>)
10001706:	4803      	ldr	r0, [pc, #12]	; (10001714 <hardware_alarm_claim+0x14>)
10001708:	f7ff f842 	bl	10000790 <hw_claim_or_assert>
1000170c:	bd10      	pop	{r4, pc}
1000170e:	46c0      	nop			; (mov r8, r8)
10001710:	10007cf4 	.word	0x10007cf4
10001714:	20002659 	.word	0x20002659

10001718 <time_us_64>:
10001718:	4b03      	ldr	r3, [pc, #12]	; (10001728 <time_us_64+0x10>)
1000171a:	6a59      	ldr	r1, [r3, #36]	; 0x24
1000171c:	000a      	movs	r2, r1
1000171e:	6a98      	ldr	r0, [r3, #40]	; 0x28
10001720:	6a59      	ldr	r1, [r3, #36]	; 0x24
10001722:	428a      	cmp	r2, r1
10001724:	d1fa      	bne.n	1000171c <time_us_64+0x4>
10001726:	4770      	bx	lr
10001728:	40054000 	.word	0x40054000

1000172c <busy_wait_until>:
1000172c:	4a06      	ldr	r2, [pc, #24]	; (10001748 <busy_wait_until+0x1c>)
1000172e:	6a53      	ldr	r3, [r2, #36]	; 0x24
10001730:	4299      	cmp	r1, r3
10001732:	d8fc      	bhi.n	1000172e <busy_wait_until+0x2>
10001734:	d107      	bne.n	10001746 <busy_wait_until+0x1a>
10001736:	4b04      	ldr	r3, [pc, #16]	; (10001748 <busy_wait_until+0x1c>)
10001738:	e002      	b.n	10001740 <busy_wait_until+0x14>
1000173a:	6a5a      	ldr	r2, [r3, #36]	; 0x24
1000173c:	4291      	cmp	r1, r2
1000173e:	d102      	bne.n	10001746 <busy_wait_until+0x1a>
10001740:	6a9a      	ldr	r2, [r3, #40]	; 0x28
10001742:	4282      	cmp	r2, r0
10001744:	d3f9      	bcc.n	1000173a <busy_wait_until+0xe>
10001746:	4770      	bx	lr
10001748:	40054000 	.word	0x40054000

1000174c <hardware_alarm_set_callback>:
1000174c:	b570      	push	{r4, r5, r6, lr}
1000174e:	0004      	movs	r4, r0
10001750:	000d      	movs	r5, r1
10001752:	f3ef 8610 	mrs	r6, PRIMASK
10001756:	b672      	cpsid	i
10001758:	4a1a      	ldr	r2, [pc, #104]	; (100017c4 <hardware_alarm_set_callback+0x78>)
1000175a:	6813      	ldr	r3, [r2, #0]
1000175c:	2b00      	cmp	r3, #0
1000175e:	d0fc      	beq.n	1000175a <hardware_alarm_set_callback+0xe>
10001760:	f3bf 8f5f 	dmb	sy
10001764:	2d00      	cmp	r5, #0
10001766:	d01b      	beq.n	100017a0 <hardware_alarm_set_callback+0x54>
10001768:	0020      	movs	r0, r4
1000176a:	f7ff f8e3 	bl	10000934 <irq_get_vtable_handler>
1000176e:	4916      	ldr	r1, [pc, #88]	; (100017c8 <hardware_alarm_set_callback+0x7c>)
10001770:	4281      	cmp	r1, r0
10001772:	d00a      	beq.n	1000178a <hardware_alarm_set_callback+0x3e>
10001774:	0020      	movs	r0, r4
10001776:	f7ff f8e5 	bl	10000944 <irq_set_exclusive_handler>
1000177a:	2101      	movs	r1, #1
1000177c:	0020      	movs	r0, r4
1000177e:	f7ff f8a9 	bl	100008d4 <irq_set_enabled>
10001782:	2301      	movs	r3, #1
10001784:	40a3      	lsls	r3, r4
10001786:	4a11      	ldr	r2, [pc, #68]	; (100017cc <hardware_alarm_set_callback+0x80>)
10001788:	6013      	str	r3, [r2, #0]
1000178a:	4b11      	ldr	r3, [pc, #68]	; (100017d0 <hardware_alarm_set_callback+0x84>)
1000178c:	00a4      	lsls	r4, r4, #2
1000178e:	50e5      	str	r5, [r4, r3]
10001790:	f3bf 8f5f 	dmb	sy
10001794:	2200      	movs	r2, #0
10001796:	4b0b      	ldr	r3, [pc, #44]	; (100017c4 <hardware_alarm_set_callback+0x78>)
10001798:	601a      	str	r2, [r3, #0]
1000179a:	f386 8810 	msr	PRIMASK, r6
1000179e:	bd70      	pop	{r4, r5, r6, pc}
100017a0:	4b0b      	ldr	r3, [pc, #44]	; (100017d0 <hardware_alarm_set_callback+0x84>)
100017a2:	00a2      	lsls	r2, r4, #2
100017a4:	50d5      	str	r5, [r2, r3]
100017a6:	2201      	movs	r2, #1
100017a8:	40a2      	lsls	r2, r4
100017aa:	490a      	ldr	r1, [pc, #40]	; (100017d4 <hardware_alarm_set_callback+0x88>)
100017ac:	0020      	movs	r0, r4
100017ae:	780b      	ldrb	r3, [r1, #0]
100017b0:	4393      	bics	r3, r2
100017b2:	700b      	strb	r3, [r1, #0]
100017b4:	4904      	ldr	r1, [pc, #16]	; (100017c8 <hardware_alarm_set_callback+0x7c>)
100017b6:	f7ff f9e1 	bl	10000b7c <irq_remove_handler>
100017ba:	2100      	movs	r1, #0
100017bc:	0020      	movs	r0, r4
100017be:	f7ff f889 	bl	100008d4 <irq_set_enabled>
100017c2:	e7e5      	b.n	10001790 <hardware_alarm_set_callback+0x44>
100017c4:	d0000128 	.word	0xd0000128
100017c8:	10001649 	.word	0x10001649
100017cc:	40056038 	.word	0x40056038
100017d0:	20001f3c 	.word	0x20001f3c
100017d4:	2000265d 	.word	0x2000265d

100017d8 <hardware_alarm_set_target>:
100017d8:	b5f0      	push	{r4, r5, r6, r7, lr}
100017da:	464f      	mov	r7, r9
100017dc:	46d6      	mov	lr, sl
100017de:	4646      	mov	r6, r8
100017e0:	b5c0      	push	{r6, r7, lr}
100017e2:	0007      	movs	r7, r0
100017e4:	4c2f      	ldr	r4, [pc, #188]	; (100018a4 <hardware_alarm_set_target+0xcc>)
100017e6:	6a61      	ldr	r1, [r4, #36]	; 0x24
100017e8:	000d      	movs	r5, r1
100017ea:	6aa6      	ldr	r6, [r4, #40]	; 0x28
100017ec:	6a61      	ldr	r1, [r4, #36]	; 0x24
100017ee:	42a9      	cmp	r1, r5
100017f0:	d1fa      	bne.n	100017e8 <hardware_alarm_set_target+0x10>
100017f2:	428b      	cmp	r3, r1
100017f4:	d808      	bhi.n	10001808 <hardware_alarm_set_target+0x30>
100017f6:	d005      	beq.n	10001804 <hardware_alarm_set_target+0x2c>
100017f8:	2001      	movs	r0, #1
100017fa:	bce0      	pop	{r5, r6, r7}
100017fc:	46ba      	mov	sl, r7
100017fe:	46b1      	mov	r9, r6
10001800:	46a8      	mov	r8, r5
10001802:	bdf0      	pop	{r4, r5, r6, r7, pc}
10001804:	42b2      	cmp	r2, r6
10001806:	d9f7      	bls.n	100017f8 <hardware_alarm_set_target+0x20>
10001808:	f3ef 8a10 	mrs	sl, PRIMASK
1000180c:	b672      	cpsid	i
1000180e:	4826      	ldr	r0, [pc, #152]	; (100018a8 <hardware_alarm_set_target+0xd0>)
10001810:	6801      	ldr	r1, [r0, #0]
10001812:	2900      	cmp	r1, #0
10001814:	d0fc      	beq.n	10001810 <hardware_alarm_set_target+0x38>
10001816:	f3bf 8f5f 	dmb	sy
1000181a:	2501      	movs	r5, #1
1000181c:	40bd      	lsls	r5, r7
1000181e:	4923      	ldr	r1, [pc, #140]	; (100018ac <hardware_alarm_set_target+0xd4>)
10001820:	4c20      	ldr	r4, [pc, #128]	; (100018a4 <hardware_alarm_set_target+0xcc>)
10001822:	4688      	mov	r8, r1
10001824:	7809      	ldrb	r1, [r1, #0]
10001826:	4689      	mov	r9, r1
10001828:	4329      	orrs	r1, r5
1000182a:	b2c9      	uxtb	r1, r1
1000182c:	468c      	mov	ip, r1
1000182e:	4641      	mov	r1, r8
10001830:	4660      	mov	r0, ip
10001832:	7008      	strb	r0, [r1, #0]
10001834:	1d39      	adds	r1, r7, #4
10001836:	481e      	ldr	r0, [pc, #120]	; (100018b0 <hardware_alarm_set_target+0xd8>)
10001838:	0089      	lsls	r1, r1, #2
1000183a:	6365      	str	r5, [r4, #52]	; 0x34
1000183c:	510a      	str	r2, [r1, r4]
1000183e:	00b9      	lsls	r1, r7, #2
10001840:	500b      	str	r3, [r1, r0]
10001842:	6a21      	ldr	r1, [r4, #32]
10001844:	2000      	movs	r0, #0
10001846:	4229      	tst	r1, r5
10001848:	d019      	beq.n	1000187e <hardware_alarm_set_target+0xa6>
1000184a:	6a61      	ldr	r1, [r4, #36]	; 0x24
1000184c:	0008      	movs	r0, r1
1000184e:	6aa6      	ldr	r6, [r4, #40]	; 0x28
10001850:	6a61      	ldr	r1, [r4, #36]	; 0x24
10001852:	4281      	cmp	r1, r0
10001854:	d1fa      	bne.n	1000184c <hardware_alarm_set_target+0x74>
10001856:	428b      	cmp	r3, r1
10001858:	d819      	bhi.n	1000188e <hardware_alarm_set_target+0xb6>
1000185a:	d101      	bne.n	10001860 <hardware_alarm_set_target+0x88>
1000185c:	42b2      	cmp	r2, r6
1000185e:	d816      	bhi.n	1000188e <hardware_alarm_set_target+0xb6>
10001860:	45cc      	cmp	ip, r9
10001862:	d01d      	beq.n	100018a0 <hardware_alarm_set_target+0xc8>
10001864:	4b0f      	ldr	r3, [pc, #60]	; (100018a4 <hardware_alarm_set_target+0xcc>)
10001866:	201f      	movs	r0, #31
10001868:	621d      	str	r5, [r3, #32]
1000186a:	635d      	str	r5, [r3, #52]	; 0x34
1000186c:	2301      	movs	r3, #1
1000186e:	4007      	ands	r7, r0
10001870:	40bb      	lsls	r3, r7
10001872:	4a10      	ldr	r2, [pc, #64]	; (100018b4 <hardware_alarm_set_target+0xdc>)
10001874:	381e      	subs	r0, #30
10001876:	6013      	str	r3, [r2, #0]
10001878:	4643      	mov	r3, r8
1000187a:	464a      	mov	r2, r9
1000187c:	701a      	strb	r2, [r3, #0]
1000187e:	f3bf 8f5f 	dmb	sy
10001882:	2200      	movs	r2, #0
10001884:	4b08      	ldr	r3, [pc, #32]	; (100018a8 <hardware_alarm_set_target+0xd0>)
10001886:	601a      	str	r2, [r3, #0]
10001888:	f38a 8810 	msr	PRIMASK, sl
1000188c:	e7b5      	b.n	100017fa <hardware_alarm_set_target+0x22>
1000188e:	2000      	movs	r0, #0
10001890:	f3bf 8f5f 	dmb	sy
10001894:	2200      	movs	r2, #0
10001896:	4b04      	ldr	r3, [pc, #16]	; (100018a8 <hardware_alarm_set_target+0xd0>)
10001898:	601a      	str	r2, [r3, #0]
1000189a:	f38a 8810 	msr	PRIMASK, sl
1000189e:	e7ac      	b.n	100017fa <hardware_alarm_set_target+0x22>
100018a0:	2001      	movs	r0, #1
100018a2:	e7ec      	b.n	1000187e <hardware_alarm_set_target+0xa6>
100018a4:	40054000 	.word	0x40054000
100018a8:	d0000128 	.word	0xd0000128
100018ac:	2000265d 	.word	0x2000265d
100018b0:	20002630 	.word	0x20002630
100018b4:	e000e280 	.word	0xe000e280

100018b8 <hardware_alarm_cancel>:
100018b8:	f3ef 8c10 	mrs	ip, PRIMASK
100018bc:	b672      	cpsid	i
100018be:	490a      	ldr	r1, [pc, #40]	; (100018e8 <hardware_alarm_cancel+0x30>)
100018c0:	680b      	ldr	r3, [r1, #0]
100018c2:	2b00      	cmp	r3, #0
100018c4:	d0fc      	beq.n	100018c0 <hardware_alarm_cancel+0x8>
100018c6:	f3bf 8f5f 	dmb	sy
100018ca:	2301      	movs	r3, #1
100018cc:	4083      	lsls	r3, r0
100018ce:	4a07      	ldr	r2, [pc, #28]	; (100018ec <hardware_alarm_cancel+0x34>)
100018d0:	4807      	ldr	r0, [pc, #28]	; (100018f0 <hardware_alarm_cancel+0x38>)
100018d2:	6213      	str	r3, [r2, #32]
100018d4:	7802      	ldrb	r2, [r0, #0]
100018d6:	439a      	bics	r2, r3
100018d8:	7002      	strb	r2, [r0, #0]
100018da:	f3bf 8f5f 	dmb	sy
100018de:	2300      	movs	r3, #0
100018e0:	600b      	str	r3, [r1, #0]
100018e2:	f38c 8810 	msr	PRIMASK, ip
100018e6:	4770      	bx	lr
100018e8:	d0000128 	.word	0xd0000128
100018ec:	40054000 	.word	0x40054000
100018f0:	2000265d 	.word	0x2000265d

100018f4 <ph_merge_nodes>:
100018f4:	b570      	push	{r4, r5, r6, lr}
100018f6:	0005      	movs	r5, r0
100018f8:	0014      	movs	r4, r2
100018fa:	0016      	movs	r6, r2
100018fc:	2900      	cmp	r1, #0
100018fe:	d015      	beq.n	1000192c <ph_merge_nodes+0x38>
10001900:	000c      	movs	r4, r1
10001902:	2a00      	cmp	r2, #0
10001904:	d012      	beq.n	1000192c <ph_merge_nodes+0x38>
10001906:	6880      	ldr	r0, [r0, #8]
10001908:	686b      	ldr	r3, [r5, #4]
1000190a:	4798      	blx	r3
1000190c:	6829      	ldr	r1, [r5, #0]
1000190e:	2800      	cmp	r0, #0
10001910:	d00e      	beq.n	10001930 <ph_merge_nodes+0x3c>
10001912:	0073      	lsls	r3, r6, #1
10001914:	199b      	adds	r3, r3, r6
10001916:	0062      	lsls	r2, r4, #1
10001918:	3b03      	subs	r3, #3
1000191a:	1912      	adds	r2, r2, r4
1000191c:	18cb      	adds	r3, r1, r3
1000191e:	3a03      	subs	r2, #3
10001920:	709c      	strb	r4, [r3, #2]
10001922:	1888      	adds	r0, r1, r2
10001924:	5c8a      	ldrb	r2, [r1, r2]
10001926:	2a00      	cmp	r2, #0
10001928:	d115      	bne.n	10001956 <ph_merge_nodes+0x62>
1000192a:	7006      	strb	r6, [r0, #0]
1000192c:	0020      	movs	r0, r4
1000192e:	bd70      	pop	{r4, r5, r6, pc}
10001930:	0063      	lsls	r3, r4, #1
10001932:	191b      	adds	r3, r3, r4
10001934:	0072      	lsls	r2, r6, #1
10001936:	3b03      	subs	r3, #3
10001938:	1992      	adds	r2, r2, r6
1000193a:	18cb      	adds	r3, r1, r3
1000193c:	3a03      	subs	r2, #3
1000193e:	709e      	strb	r6, [r3, #2]
10001940:	1888      	adds	r0, r1, r2
10001942:	5c8a      	ldrb	r2, [r1, r2]
10001944:	2a00      	cmp	r2, #0
10001946:	d102      	bne.n	1000194e <ph_merge_nodes+0x5a>
10001948:	7004      	strb	r4, [r0, #0]
1000194a:	0034      	movs	r4, r6
1000194c:	e7ee      	b.n	1000192c <ph_merge_nodes+0x38>
1000194e:	705a      	strb	r2, [r3, #1]
10001950:	7004      	strb	r4, [r0, #0]
10001952:	0034      	movs	r4, r6
10001954:	e7ea      	b.n	1000192c <ph_merge_nodes+0x38>
10001956:	705a      	strb	r2, [r3, #1]
10001958:	7006      	strb	r6, [r0, #0]
1000195a:	e7e7      	b.n	1000192c <ph_merge_nodes+0x38>

1000195c <ph_post_alloc_init>:
1000195c:	b530      	push	{r4, r5, lr}
1000195e:	6083      	str	r3, [r0, #8]
10001960:	2300      	movs	r3, #0
10001962:	b2cc      	uxtb	r4, r1
10001964:	7343      	strb	r3, [r0, #13]
10001966:	3301      	adds	r3, #1
10001968:	7304      	strb	r4, [r0, #12]
1000196a:	6042      	str	r2, [r0, #4]
1000196c:	7383      	strb	r3, [r0, #14]
1000196e:	73c4      	strb	r4, [r0, #15]
10001970:	000d      	movs	r5, r1
10001972:	6800      	ldr	r0, [r0, #0]
10001974:	2c01      	cmp	r4, #1
10001976:	d906      	bls.n	10001986 <ph_post_alloc_init+0x2a>
10001978:	1c42      	adds	r2, r0, #1
1000197a:	3301      	adds	r3, #1
1000197c:	b2db      	uxtb	r3, r3
1000197e:	7013      	strb	r3, [r2, #0]
10001980:	3203      	adds	r2, #3
10001982:	429c      	cmp	r4, r3
10001984:	d1f9      	bne.n	1000197a <ph_post_alloc_init+0x1e>
10001986:	21ff      	movs	r1, #255	; 0xff
10001988:	4029      	ands	r1, r5
1000198a:	004b      	lsls	r3, r1, #1
1000198c:	1859      	adds	r1, r3, r1
1000198e:	2300      	movs	r3, #0
10001990:	1840      	adds	r0, r0, r1
10001992:	3803      	subs	r0, #3
10001994:	7043      	strb	r3, [r0, #1]
10001996:	bd30      	pop	{r4, r5, pc}

10001998 <ph_merge_two_pass>:
10001998:	b5f8      	push	{r3, r4, r5, r6, r7, lr}
1000199a:	46ce      	mov	lr, r9
1000199c:	4647      	mov	r7, r8
1000199e:	0006      	movs	r6, r0
100019a0:	000c      	movs	r4, r1
100019a2:	b580      	push	{r7, lr}
100019a4:	2900      	cmp	r1, #0
100019a6:	d007      	beq.n	100019b8 <ph_merge_two_pass+0x20>
100019a8:	004d      	lsls	r5, r1, #1
100019aa:	6803      	ldr	r3, [r0, #0]
100019ac:	186d      	adds	r5, r5, r1
100019ae:	3d03      	subs	r5, #3
100019b0:	195a      	adds	r2, r3, r5
100019b2:	7857      	ldrb	r7, [r2, #1]
100019b4:	2f00      	cmp	r7, #0
100019b6:	d104      	bne.n	100019c2 <ph_merge_two_pass+0x2a>
100019b8:	0020      	movs	r0, r4
100019ba:	bcc0      	pop	{r6, r7}
100019bc:	46b9      	mov	r9, r7
100019be:	46b0      	mov	r8, r6
100019c0:	bdf8      	pop	{r3, r4, r5, r6, r7, pc}
100019c2:	0079      	lsls	r1, r7, #1
100019c4:	19c9      	adds	r1, r1, r7
100019c6:	3903      	subs	r1, #3
100019c8:	4688      	mov	r8, r1
100019ca:	4443      	add	r3, r8
100019cc:	7859      	ldrb	r1, [r3, #1]
100019ce:	4689      	mov	r9, r1
100019d0:	2100      	movs	r1, #0
100019d2:	7059      	strb	r1, [r3, #1]
100019d4:	7051      	strb	r1, [r2, #1]
100019d6:	6873      	ldr	r3, [r6, #4]
100019d8:	003a      	movs	r2, r7
100019da:	0021      	movs	r1, r4
100019dc:	6880      	ldr	r0, [r0, #8]
100019de:	4798      	blx	r3
100019e0:	6833      	ldr	r3, [r6, #0]
100019e2:	2800      	cmp	r0, #0
100019e4:	d014      	beq.n	10001a10 <ph_merge_two_pass+0x78>
100019e6:	4642      	mov	r2, r8
100019e8:	189a      	adds	r2, r3, r2
100019ea:	7094      	strb	r4, [r2, #2]
100019ec:	1959      	adds	r1, r3, r5
100019ee:	5d5b      	ldrb	r3, [r3, r5]
100019f0:	2b00      	cmp	r3, #0
100019f2:	d000      	beq.n	100019f6 <ph_merge_two_pass+0x5e>
100019f4:	7053      	strb	r3, [r2, #1]
100019f6:	700f      	strb	r7, [r1, #0]
100019f8:	0027      	movs	r7, r4
100019fa:	4649      	mov	r1, r9
100019fc:	0030      	movs	r0, r6
100019fe:	f7ff ffcb 	bl	10001998 <ph_merge_two_pass>
10001a02:	0039      	movs	r1, r7
10001a04:	0002      	movs	r2, r0
10001a06:	0030      	movs	r0, r6
10001a08:	f7ff ff74 	bl	100018f4 <ph_merge_nodes>
10001a0c:	0004      	movs	r4, r0
10001a0e:	e7d3      	b.n	100019b8 <ph_merge_two_pass+0x20>
10001a10:	4642      	mov	r2, r8
10001a12:	4641      	mov	r1, r8
10001a14:	195d      	adds	r5, r3, r5
10001a16:	70af      	strb	r7, [r5, #2]
10001a18:	189a      	adds	r2, r3, r2
10001a1a:	5c5b      	ldrb	r3, [r3, r1]
10001a1c:	2b00      	cmp	r3, #0
10001a1e:	d000      	beq.n	10001a22 <ph_merge_two_pass+0x8a>
10001a20:	706b      	strb	r3, [r5, #1]
10001a22:	7014      	strb	r4, [r2, #0]
10001a24:	e7e9      	b.n	100019fa <ph_merge_two_pass+0x62>
10001a26:	46c0      	nop			; (mov r8, r8)

10001a28 <ph_remove_any_head>:
10001a28:	b5f0      	push	{r4, r5, r6, r7, lr}
10001a2a:	4657      	mov	r7, sl
10001a2c:	4645      	mov	r5, r8
10001a2e:	46de      	mov	lr, fp
10001a30:	464e      	mov	r6, r9
10001a32:	b5e0      	push	{r5, r6, r7, lr}
10001a34:	000d      	movs	r5, r1
10001a36:	006b      	lsls	r3, r5, #1
10001a38:	6801      	ldr	r1, [r0, #0]
10001a3a:	195b      	adds	r3, r3, r5
10001a3c:	1edf      	subs	r7, r3, #3
10001a3e:	0004      	movs	r4, r0
10001a40:	5dc8      	ldrb	r0, [r1, r7]
10001a42:	b083      	sub	sp, #12
10001a44:	9201      	str	r2, [sp, #4]
10001a46:	19ca      	adds	r2, r1, r7
10001a48:	2800      	cmp	r0, #0
10001a4a:	d04c      	beq.n	10001ae6 <ph_remove_any_head+0xbe>
10001a4c:	0043      	lsls	r3, r0, #1
10001a4e:	181b      	adds	r3, r3, r0
10001a50:	3b03      	subs	r3, #3
10001a52:	18cb      	adds	r3, r1, r3
10001a54:	785e      	ldrb	r6, [r3, #1]
10001a56:	46b4      	mov	ip, r6
10001a58:	2e00      	cmp	r6, #0
10001a5a:	d116      	bne.n	10001a8a <ph_remove_any_head+0x62>
10001a5c:	9e01      	ldr	r6, [sp, #4]
10001a5e:	2e00      	cmp	r6, #0
10001a60:	d03e      	beq.n	10001ae0 <ph_remove_any_head+0xb8>
10001a62:	7be6      	ldrb	r6, [r4, #15]
10001a64:	2e00      	cmp	r6, #0
10001a66:	d004      	beq.n	10001a72 <ph_remove_any_head+0x4a>
10001a68:	0073      	lsls	r3, r6, #1
10001a6a:	199b      	adds	r3, r3, r6
10001a6c:	18cb      	adds	r3, r1, r3
10001a6e:	3b03      	subs	r3, #3
10001a70:	705d      	strb	r5, [r3, #1]
10001a72:	73e5      	strb	r5, [r4, #15]
10001a74:	2800      	cmp	r0, #0
10001a76:	d12f      	bne.n	10001ad8 <ph_remove_any_head+0xb0>
10001a78:	2300      	movs	r3, #0
10001a7a:	7053      	strb	r3, [r2, #1]
10001a7c:	b003      	add	sp, #12
10001a7e:	bcf0      	pop	{r4, r5, r6, r7}
10001a80:	46bb      	mov	fp, r7
10001a82:	46b2      	mov	sl, r6
10001a84:	46a9      	mov	r9, r5
10001a86:	46a0      	mov	r8, r4
10001a88:	bdf0      	pop	{r4, r5, r6, r7, pc}
10001a8a:	0072      	lsls	r2, r6, #1
10001a8c:	4462      	add	r2, ip
10001a8e:	3a03      	subs	r2, #3
10001a90:	1889      	adds	r1, r1, r2
10001a92:	784a      	ldrb	r2, [r1, #1]
10001a94:	4690      	mov	r8, r2
10001a96:	2200      	movs	r2, #0
10001a98:	704a      	strb	r2, [r1, #1]
10001a9a:	4691      	mov	r9, r2
10001a9c:	705a      	strb	r2, [r3, #1]
10001a9e:	0001      	movs	r1, r0
10001aa0:	0032      	movs	r2, r6
10001aa2:	0020      	movs	r0, r4
10001aa4:	f7ff ff26 	bl	100018f4 <ph_merge_nodes>
10001aa8:	4643      	mov	r3, r8
10001aaa:	4682      	mov	sl, r0
10001aac:	2b00      	cmp	r3, #0
10001aae:	d007      	beq.n	10001ac0 <ph_remove_any_head+0x98>
10001ab0:	005b      	lsls	r3, r3, #1
10001ab2:	6821      	ldr	r1, [r4, #0]
10001ab4:	4443      	add	r3, r8
10001ab6:	3b03      	subs	r3, #3
10001ab8:	18cb      	adds	r3, r1, r3
10001aba:	785a      	ldrb	r2, [r3, #1]
10001abc:	2a00      	cmp	r2, #0
10001abe:	d116      	bne.n	10001aee <ph_remove_any_head+0xc6>
10001ac0:	4642      	mov	r2, r8
10001ac2:	4651      	mov	r1, sl
10001ac4:	0020      	movs	r0, r4
10001ac6:	f7ff ff15 	bl	100018f4 <ph_merge_nodes>
10001aca:	6821      	ldr	r1, [r4, #0]
10001acc:	9b01      	ldr	r3, [sp, #4]
10001ace:	19ca      	adds	r2, r1, r7
10001ad0:	2b00      	cmp	r3, #0
10001ad2:	d1c6      	bne.n	10001a62 <ph_remove_any_head+0x3a>
10001ad4:	2800      	cmp	r0, #0
10001ad6:	d0cf      	beq.n	10001a78 <ph_remove_any_head+0x50>
10001ad8:	0043      	lsls	r3, r0, #1
10001ada:	181b      	adds	r3, r3, r0
10001adc:	3b03      	subs	r3, #3
10001ade:	18cb      	adds	r3, r1, r3
10001ae0:	2100      	movs	r1, #0
10001ae2:	7099      	strb	r1, [r3, #2]
10001ae4:	e7c8      	b.n	10001a78 <ph_remove_any_head+0x50>
10001ae6:	9b01      	ldr	r3, [sp, #4]
10001ae8:	2b00      	cmp	r3, #0
10001aea:	d1ba      	bne.n	10001a62 <ph_remove_any_head+0x3a>
10001aec:	e7c4      	b.n	10001a78 <ph_remove_any_head+0x50>
10001aee:	0050      	lsls	r0, r2, #1
10001af0:	1880      	adds	r0, r0, r2
10001af2:	3803      	subs	r0, #3
10001af4:	1809      	adds	r1, r1, r0
10001af6:	7848      	ldrb	r0, [r1, #1]
10001af8:	4683      	mov	fp, r0
10001afa:	4648      	mov	r0, r9
10001afc:	7048      	strb	r0, [r1, #1]
10001afe:	7058      	strb	r0, [r3, #1]
10001b00:	4641      	mov	r1, r8
10001b02:	0020      	movs	r0, r4
10001b04:	f7ff fef6 	bl	100018f4 <ph_merge_nodes>
10001b08:	4659      	mov	r1, fp
10001b0a:	4680      	mov	r8, r0
10001b0c:	0020      	movs	r0, r4
10001b0e:	f7ff ff43 	bl	10001998 <ph_merge_two_pass>
10001b12:	4641      	mov	r1, r8
10001b14:	0002      	movs	r2, r0
10001b16:	0020      	movs	r0, r4
10001b18:	f7ff feec 	bl	100018f4 <ph_merge_nodes>
10001b1c:	4680      	mov	r8, r0
10001b1e:	e7cf      	b.n	10001ac0 <ph_remove_any_head+0x98>

10001b20 <ph_remove_head>:
10001b20:	b5f0      	push	{r4, r5, r6, r7, lr}
10001b22:	4657      	mov	r7, sl
10001b24:	4645      	mov	r5, r8
10001b26:	46de      	mov	lr, fp
10001b28:	464e      	mov	r6, r9
10001b2a:	b5e0      	push	{r5, r6, r7, lr}
10001b2c:	b083      	sub	sp, #12
10001b2e:	9101      	str	r1, [sp, #4]
10001b30:	7b45      	ldrb	r5, [r0, #13]
10001b32:	0004      	movs	r4, r0
10001b34:	006b      	lsls	r3, r5, #1
10001b36:	6800      	ldr	r0, [r0, #0]
10001b38:	195b      	adds	r3, r3, r5
10001b3a:	1edf      	subs	r7, r3, #3
10001b3c:	5dc1      	ldrb	r1, [r0, r7]
10001b3e:	19c2      	adds	r2, r0, r7
10001b40:	2900      	cmp	r1, #0
10001b42:	d04e      	beq.n	10001be2 <ph_remove_head+0xc2>
10001b44:	004b      	lsls	r3, r1, #1
10001b46:	185b      	adds	r3, r3, r1
10001b48:	3b03      	subs	r3, #3
10001b4a:	18c3      	adds	r3, r0, r3
10001b4c:	785e      	ldrb	r6, [r3, #1]
10001b4e:	46b4      	mov	ip, r6
10001b50:	2e00      	cmp	r6, #0
10001b52:	d118      	bne.n	10001b86 <ph_remove_head+0x66>
10001b54:	9e01      	ldr	r6, [sp, #4]
10001b56:	2e00      	cmp	r6, #0
10001b58:	d040      	beq.n	10001bdc <ph_remove_head+0xbc>
10001b5a:	7be6      	ldrb	r6, [r4, #15]
10001b5c:	2e00      	cmp	r6, #0
10001b5e:	d004      	beq.n	10001b6a <ph_remove_head+0x4a>
10001b60:	0073      	lsls	r3, r6, #1
10001b62:	199b      	adds	r3, r3, r6
10001b64:	18c3      	adds	r3, r0, r3
10001b66:	3b03      	subs	r3, #3
10001b68:	705d      	strb	r5, [r3, #1]
10001b6a:	73e5      	strb	r5, [r4, #15]
10001b6c:	2900      	cmp	r1, #0
10001b6e:	d131      	bne.n	10001bd4 <ph_remove_head+0xb4>
10001b70:	2300      	movs	r3, #0
10001b72:	0028      	movs	r0, r5
10001b74:	7053      	strb	r3, [r2, #1]
10001b76:	7361      	strb	r1, [r4, #13]
10001b78:	b003      	add	sp, #12
10001b7a:	bcf0      	pop	{r4, r5, r6, r7}
10001b7c:	46bb      	mov	fp, r7
10001b7e:	46b2      	mov	sl, r6
10001b80:	46a9      	mov	r9, r5
10001b82:	46a0      	mov	r8, r4
10001b84:	bdf0      	pop	{r4, r5, r6, r7, pc}
10001b86:	0072      	lsls	r2, r6, #1
10001b88:	4462      	add	r2, ip
10001b8a:	3a03      	subs	r2, #3
10001b8c:	1880      	adds	r0, r0, r2
10001b8e:	7842      	ldrb	r2, [r0, #1]
10001b90:	4690      	mov	r8, r2
10001b92:	2200      	movs	r2, #0
10001b94:	7042      	strb	r2, [r0, #1]
10001b96:	4691      	mov	r9, r2
10001b98:	705a      	strb	r2, [r3, #1]
10001b9a:	0020      	movs	r0, r4
10001b9c:	0032      	movs	r2, r6
10001b9e:	f7ff fea9 	bl	100018f4 <ph_merge_nodes>
10001ba2:	4643      	mov	r3, r8
10001ba4:	4682      	mov	sl, r0
10001ba6:	2b00      	cmp	r3, #0
10001ba8:	d007      	beq.n	10001bba <ph_remove_head+0x9a>
10001baa:	005b      	lsls	r3, r3, #1
10001bac:	6821      	ldr	r1, [r4, #0]
10001bae:	4443      	add	r3, r8
10001bb0:	3b03      	subs	r3, #3
10001bb2:	18cb      	adds	r3, r1, r3
10001bb4:	785a      	ldrb	r2, [r3, #1]
10001bb6:	2a00      	cmp	r2, #0
10001bb8:	d117      	bne.n	10001bea <ph_remove_head+0xca>
10001bba:	4642      	mov	r2, r8
10001bbc:	4651      	mov	r1, sl
10001bbe:	0020      	movs	r0, r4
10001bc0:	f7ff fe98 	bl	100018f4 <ph_merge_nodes>
10001bc4:	9b01      	ldr	r3, [sp, #4]
10001bc6:	0001      	movs	r1, r0
10001bc8:	6820      	ldr	r0, [r4, #0]
10001bca:	19c2      	adds	r2, r0, r7
10001bcc:	2b00      	cmp	r3, #0
10001bce:	d1c4      	bne.n	10001b5a <ph_remove_head+0x3a>
10001bd0:	2900      	cmp	r1, #0
10001bd2:	d0cd      	beq.n	10001b70 <ph_remove_head+0x50>
10001bd4:	004b      	lsls	r3, r1, #1
10001bd6:	185b      	adds	r3, r3, r1
10001bd8:	3b03      	subs	r3, #3
10001bda:	18c3      	adds	r3, r0, r3
10001bdc:	2000      	movs	r0, #0
10001bde:	7098      	strb	r0, [r3, #2]
10001be0:	e7c6      	b.n	10001b70 <ph_remove_head+0x50>
10001be2:	9b01      	ldr	r3, [sp, #4]
10001be4:	2b00      	cmp	r3, #0
10001be6:	d1b8      	bne.n	10001b5a <ph_remove_head+0x3a>
10001be8:	e7c2      	b.n	10001b70 <ph_remove_head+0x50>
10001bea:	0050      	lsls	r0, r2, #1
10001bec:	1880      	adds	r0, r0, r2
10001bee:	3803      	subs	r0, #3
10001bf0:	1809      	adds	r1, r1, r0
10001bf2:	7848      	ldrb	r0, [r1, #1]
10001bf4:	4683      	mov	fp, r0
10001bf6:	4648      	mov	r0, r9
10001bf8:	7048      	strb	r0, [r1, #1]
10001bfa:	7058      	strb	r0, [r3, #1]
10001bfc:	4641      	mov	r1, r8
10001bfe:	0020      	movs	r0, r4
10001c00:	f7ff fe78 	bl	100018f4 <ph_merge_nodes>
10001c04:	4659      	mov	r1, fp
10001c06:	4680      	mov	r8, r0
10001c08:	0020      	movs	r0, r4
10001c0a:	f7ff fec5 	bl	10001998 <ph_merge_two_pass>
10001c0e:	4641      	mov	r1, r8
10001c10:	0002      	movs	r2, r0
10001c12:	0020      	movs	r0, r4
10001c14:	f7ff fe6e 	bl	100018f4 <ph_merge_nodes>
10001c18:	4680      	mov	r8, r0
10001c1a:	e7ce      	b.n	10001bba <ph_remove_head+0x9a>

10001c1c <ph_remove_and_free_node>:
10001c1c:	b570      	push	{r4, r5, r6, lr}
10001c1e:	0004      	movs	r4, r0
10001c20:	2900      	cmp	r1, #0
10001c22:	d02c      	beq.n	10001c7e <ph_remove_and_free_node+0x62>
10001c24:	7b43      	ldrb	r3, [r0, #13]
10001c26:	428b      	cmp	r3, r1
10001c28:	d02e      	beq.n	10001c88 <ph_remove_and_free_node+0x6c>
10001c2a:	6805      	ldr	r5, [r0, #0]
10001c2c:	0048      	lsls	r0, r1, #1
10001c2e:	1840      	adds	r0, r0, r1
10001c30:	3803      	subs	r0, #3
10001c32:	1828      	adds	r0, r5, r0
10001c34:	7882      	ldrb	r2, [r0, #2]
10001c36:	2a00      	cmp	r2, #0
10001c38:	d021      	beq.n	10001c7e <ph_remove_and_free_node+0x62>
10001c3a:	0053      	lsls	r3, r2, #1
10001c3c:	189b      	adds	r3, r3, r2
10001c3e:	3b03      	subs	r3, #3
10001c40:	5cea      	ldrb	r2, [r5, r3]
10001c42:	18ee      	adds	r6, r5, r3
10001c44:	428a      	cmp	r2, r1
10001c46:	d102      	bne.n	10001c4e <ph_remove_and_free_node+0x32>
10001c48:	e01b      	b.n	10001c82 <ph_remove_and_free_node+0x66>
10001c4a:	2a00      	cmp	r2, #0
10001c4c:	d008      	beq.n	10001c60 <ph_remove_and_free_node+0x44>
10001c4e:	0053      	lsls	r3, r2, #1
10001c50:	189b      	adds	r3, r3, r2
10001c52:	3b03      	subs	r3, #3
10001c54:	18eb      	adds	r3, r5, r3
10001c56:	785a      	ldrb	r2, [r3, #1]
10001c58:	428a      	cmp	r2, r1
10001c5a:	d1f6      	bne.n	10001c4a <ph_remove_and_free_node+0x2e>
10001c5c:	7842      	ldrb	r2, [r0, #1]
10001c5e:	705a      	strb	r2, [r3, #1]
10001c60:	2300      	movs	r3, #0
10001c62:	2201      	movs	r2, #1
10001c64:	7083      	strb	r3, [r0, #2]
10001c66:	7043      	strb	r3, [r0, #1]
10001c68:	0020      	movs	r0, r4
10001c6a:	f7ff fedd 	bl	10001a28 <ph_remove_any_head>
10001c6e:	7b61      	ldrb	r1, [r4, #13]
10001c70:	0002      	movs	r2, r0
10001c72:	0020      	movs	r0, r4
10001c74:	f7ff fe3e 	bl	100018f4 <ph_merge_nodes>
10001c78:	7360      	strb	r0, [r4, #13]
10001c7a:	2001      	movs	r0, #1
10001c7c:	e000      	b.n	10001c80 <ph_remove_and_free_node+0x64>
10001c7e:	2000      	movs	r0, #0
10001c80:	bd70      	pop	{r4, r5, r6, pc}
10001c82:	7843      	ldrb	r3, [r0, #1]
10001c84:	7033      	strb	r3, [r6, #0]
10001c86:	e7eb      	b.n	10001c60 <ph_remove_and_free_node+0x44>
10001c88:	2201      	movs	r2, #1
10001c8a:	0019      	movs	r1, r3
10001c8c:	f7ff fecc 	bl	10001a28 <ph_remove_any_head>
10001c90:	7360      	strb	r0, [r4, #13]
10001c92:	2001      	movs	r0, #1
10001c94:	e7f4      	b.n	10001c80 <ph_remove_and_free_node+0x64>
10001c96:	46c0      	nop			; (mov r8, r8)

10001c98 <mutex_init>:
10001c98:	b510      	push	{r4, lr}
10001c9a:	0004      	movs	r4, r0
10001c9c:	f7fe fdfe 	bl	1000089c <next_striped_spin_lock_num>
10001ca0:	0001      	movs	r1, r0
10001ca2:	0020      	movs	r0, r4
10001ca4:	f7ff f8c8 	bl	10000e38 <lock_init>
10001ca8:	23ff      	movs	r3, #255	; 0xff
10001caa:	7123      	strb	r3, [r4, #4]
10001cac:	f3bf 8f5f 	dmb	sy
10001cb0:	bd10      	pop	{r4, pc}
10001cb2:	46c0      	nop			; (mov r8, r8)

10001cb4 <recursive_mutex_init>:
10001cb4:	b510      	push	{r4, lr}
10001cb6:	0004      	movs	r4, r0
10001cb8:	f7fe fdf0 	bl	1000089c <next_striped_spin_lock_num>
10001cbc:	0001      	movs	r1, r0
10001cbe:	0020      	movs	r0, r4
10001cc0:	f7ff f8ba 	bl	10000e38 <lock_init>
10001cc4:	23ff      	movs	r3, #255	; 0xff
10001cc6:	80a3      	strh	r3, [r4, #4]
10001cc8:	f3bf 8f5f 	dmb	sy
10001ccc:	bd10      	pop	{r4, pc}
10001cce:	46c0      	nop			; (mov r8, r8)

10001cd0 <critical_section_init>:
10001cd0:	b510      	push	{r4, lr}
10001cd2:	0004      	movs	r4, r0
10001cd4:	2001      	movs	r0, #1
10001cd6:	f7fe fded 	bl	100008b4 <spin_lock_claim_unused>
10001cda:	4b04      	ldr	r3, [pc, #16]	; (10001cec <critical_section_init+0x1c>)
10001cdc:	469c      	mov	ip, r3
10001cde:	4460      	add	r0, ip
10001ce0:	0080      	lsls	r0, r0, #2
10001ce2:	6020      	str	r0, [r4, #0]
10001ce4:	f3bf 8f5f 	dmb	sy
10001ce8:	bd10      	pop	{r4, pc}
10001cea:	46c0      	nop			; (mov r8, r8)
10001cec:	34000040 	.word	0x34000040

10001cf0 <runtime_init>:
10001cf0:	4b2c      	ldr	r3, [pc, #176]	; (10001da4 <runtime_init+0xb4>)
10001cf2:	4a2d      	ldr	r2, [pc, #180]	; (10001da8 <runtime_init+0xb8>)
10001cf4:	b570      	push	{r4, r5, r6, lr}
10001cf6:	601a      	str	r2, [r3, #0]
10001cf8:	4a2c      	ldr	r2, [pc, #176]	; (10001dac <runtime_init+0xbc>)
10001cfa:	4b2d      	ldr	r3, [pc, #180]	; (10001db0 <runtime_init+0xc0>)
10001cfc:	492d      	ldr	r1, [pc, #180]	; (10001db4 <runtime_init+0xc4>)
10001cfe:	601a      	str	r2, [r3, #0]
10001d00:	0014      	movs	r4, r2
10001d02:	688b      	ldr	r3, [r1, #8]
10001d04:	439c      	bics	r4, r3
10001d06:	d1fb      	bne.n	10001d00 <runtime_init+0x10>
10001d08:	4d2b      	ldr	r5, [pc, #172]	; (10001db8 <runtime_init+0xc8>)
10001d0a:	4e2c      	ldr	r6, [pc, #176]	; (10001dbc <runtime_init+0xcc>)
10001d0c:	42b5      	cmp	r5, r6
10001d0e:	d208      	bcs.n	10001d22 <runtime_init+0x32>
10001d10:	3e01      	subs	r6, #1
10001d12:	1b76      	subs	r6, r6, r5
10001d14:	08b6      	lsrs	r6, r6, #2
10001d16:	cd08      	ldmia	r5!, {r3}
10001d18:	4798      	blx	r3
10001d1a:	0023      	movs	r3, r4
10001d1c:	3401      	adds	r4, #1
10001d1e:	42b3      	cmp	r3, r6
10001d20:	d1f9      	bne.n	10001d16 <runtime_init+0x26>
10001d22:	f000 f87f 	bl	10001e24 <clocks_init>
10001d26:	4a26      	ldr	r2, [pc, #152]	; (10001dc0 <runtime_init+0xd0>)
10001d28:	4b21      	ldr	r3, [pc, #132]	; (10001db0 <runtime_init+0xc0>)
10001d2a:	601a      	str	r2, [r3, #0]
10001d2c:	4a21      	ldr	r2, [pc, #132]	; (10001db4 <runtime_init+0xc4>)
10001d2e:	6893      	ldr	r3, [r2, #8]
10001d30:	43db      	mvns	r3, r3
10001d32:	01db      	lsls	r3, r3, #7
10001d34:	09dd      	lsrs	r5, r3, #7
10001d36:	2b00      	cmp	r3, #0
10001d38:	d1f9      	bne.n	10001d2e <runtime_init+0x3e>
10001d3a:	2240      	movs	r2, #64	; 0x40
10001d3c:	4b21      	ldr	r3, [pc, #132]	; (10001dc4 <runtime_init+0xd4>)
10001d3e:	4c22      	ldr	r4, [pc, #136]	; (10001dc8 <runtime_init+0xd8>)
10001d40:	4e22      	ldr	r6, [pc, #136]	; (10001dcc <runtime_init+0xdc>)
10001d42:	679a      	str	r2, [r3, #120]	; 0x78
10001d44:	675a      	str	r2, [r3, #116]	; 0x74
10001d46:	671a      	str	r2, [r3, #112]	; 0x70
10001d48:	66da      	str	r2, [r3, #108]	; 0x6c
10001d4a:	42b4      	cmp	r4, r6
10001d4c:	d208      	bcs.n	10001d60 <runtime_init+0x70>
10001d4e:	6823      	ldr	r3, [r4, #0]
10001d50:	0020      	movs	r0, r4
10001d52:	2b00      	cmp	r3, #0
10001d54:	d020      	beq.n	10001d98 <runtime_init+0xa8>
10001d56:	3408      	adds	r4, #8
10001d58:	f7ff ffac 	bl	10001cb4 <recursive_mutex_init>
10001d5c:	42b4      	cmp	r4, r6
10001d5e:	d3f6      	bcc.n	10001d4e <runtime_init+0x5e>
10001d60:	4e1b      	ldr	r6, [pc, #108]	; (10001dd0 <runtime_init+0xe0>)
10001d62:	4c1c      	ldr	r4, [pc, #112]	; (10001dd4 <runtime_init+0xe4>)
10001d64:	22c0      	movs	r2, #192	; 0xc0
10001d66:	68a1      	ldr	r1, [r4, #8]
10001d68:	0030      	movs	r0, r6
10001d6a:	f002 f99f 	bl	100040ac <__wrap___aeabi_memcpy>
10001d6e:	60a6      	str	r6, [r4, #8]
10001d70:	f7fe fd86 	bl	10000880 <spin_locks_reset>
10001d74:	f7ff f836 	bl	10000de4 <irq_init_priorities>
10001d78:	f7ff fa8a 	bl	10001290 <alarm_pool_init_default>
10001d7c:	4c16      	ldr	r4, [pc, #88]	; (10001dd8 <runtime_init+0xe8>)
10001d7e:	4e17      	ldr	r6, [pc, #92]	; (10001ddc <runtime_init+0xec>)
10001d80:	42b4      	cmp	r4, r6
10001d82:	d208      	bcs.n	10001d96 <runtime_init+0xa6>
10001d84:	3e01      	subs	r6, #1
10001d86:	1b36      	subs	r6, r6, r4
10001d88:	08b6      	lsrs	r6, r6, #2
10001d8a:	cc08      	ldmia	r4!, {r3}
10001d8c:	4798      	blx	r3
10001d8e:	002b      	movs	r3, r5
10001d90:	3501      	adds	r5, #1
10001d92:	429e      	cmp	r6, r3
10001d94:	d1f9      	bne.n	10001d8a <runtime_init+0x9a>
10001d96:	bd70      	pop	{r4, r5, r6, pc}
10001d98:	3408      	adds	r4, #8
10001d9a:	f7ff ff7d 	bl	10001c98 <mutex_init>
10001d9e:	42b4      	cmp	r4, r6
10001da0:	d3d5      	bcc.n	10001d4e <runtime_init+0x5e>
10001da2:	e7dd      	b.n	10001d60 <runtime_init+0x70>
10001da4:	4000e000 	.word	0x4000e000
10001da8:	fefbcdbf 	.word	0xfefbcdbf
10001dac:	003c7ffe 	.word	0x003c7ffe
10001db0:	4000f000 	.word	0x4000f000
10001db4:	4000c000 	.word	0x4000c000
10001db8:	20001878 	.word	0x20001878
10001dbc:	20001888 	.word	0x20001888
10001dc0:	01ffffff 	.word	0x01ffffff
10001dc4:	4001f000 	.word	0x4001f000
10001dc8:	20001870 	.word	0x20001870
10001dcc:	20001878 	.word	0x20001878
10001dd0:	20000000 	.word	0x20000000
10001dd4:	e000ed00 	.word	0xe000ed00
10001dd8:	20001888 	.word	0x20001888
10001ddc:	20001894 	.word	0x20001894

10001de0 <_exit>:
10001de0:	be00      	bkpt	0x0000
10001de2:	e7fd      	b.n	10001de0 <_exit>

10001de4 <exit>:
10001de4:	be00      	bkpt	0x0000
10001de6:	e7fd      	b.n	10001de4 <exit>

10001de8 <panic>:
10001de8:	b40f      	push	{r0, r1, r2, r3}
10001dea:	b500      	push	{lr}
10001dec:	4808      	ldr	r0, [pc, #32]	; (10001e10 <panic+0x28>)
10001dee:	b083      	sub	sp, #12
10001df0:	f002 fac4 	bl	1000437c <__wrap_puts>
10001df4:	9b04      	ldr	r3, [sp, #16]
10001df6:	2b00      	cmp	r3, #0
10001df8:	d007      	beq.n	10001e0a <panic+0x22>
10001dfa:	a905      	add	r1, sp, #20
10001dfc:	0018      	movs	r0, r3
10001dfe:	9101      	str	r1, [sp, #4]
10001e00:	f001 fcfe 	bl	10003800 <weak_raw_vprintf>
10001e04:	4803      	ldr	r0, [pc, #12]	; (10001e14 <panic+0x2c>)
10001e06:	f002 fab9 	bl	1000437c <__wrap_puts>
10001e0a:	be00      	bkpt	0x0000
10001e0c:	e7fd      	b.n	10001e0a <panic+0x22>
10001e0e:	46c0      	nop			; (mov r8, r8)
10001e10:	10007d18 	.word	0x10007d18
10001e14:	10007d28 	.word	0x10007d28

10001e18 <hard_assertion_failure>:
10001e18:	b510      	push	{r4, lr}
10001e1a:	4801      	ldr	r0, [pc, #4]	; (10001e20 <hard_assertion_failure+0x8>)
10001e1c:	f7ff ffe4 	bl	10001de8 <panic>
10001e20:	10007d2c 	.word	0x10007d2c

10001e24 <clocks_init>:
10001e24:	b530      	push	{r4, r5, lr}
10001e26:	200c      	movs	r0, #12
10001e28:	b083      	sub	sp, #12
10001e2a:	f000 f9b7 	bl	1000219c <watchdog_start_tick>
10001e2e:	f7fe fd1f 	bl	10000870 <running_on_fpga>
10001e32:	2800      	cmp	r0, #0
10001e34:	d00e      	beq.n	10001e54 <clocks_init+0x30>
10001e36:	4b94      	ldr	r3, [pc, #592]	; (10002088 <clocks_init+0x264>)
10001e38:	4a94      	ldr	r2, [pc, #592]	; (1000208c <clocks_init+0x268>)
10001e3a:	601a      	str	r2, [r3, #0]
10001e3c:	605a      	str	r2, [r3, #4]
10001e3e:	609a      	str	r2, [r3, #8]
10001e40:	60da      	str	r2, [r3, #12]
10001e42:	611a      	str	r2, [r3, #16]
10001e44:	615a      	str	r2, [r3, #20]
10001e46:	619a      	str	r2, [r3, #24]
10001e48:	61da      	str	r2, [r3, #28]
10001e4a:	621a      	str	r2, [r3, #32]
10001e4c:	4a90      	ldr	r2, [pc, #576]	; (10002090 <clocks_init+0x26c>)
10001e4e:	625a      	str	r2, [r3, #36]	; 0x24
10001e50:	b003      	add	sp, #12
10001e52:	bd30      	pop	{r4, r5, pc}
10001e54:	4c8f      	ldr	r4, [pc, #572]	; (10002094 <clocks_init+0x270>)
10001e56:	67a0      	str	r0, [r4, #120]	; 0x78
10001e58:	f000 f9f4 	bl	10002244 <xosc_init>
10001e5c:	2201      	movs	r2, #1
10001e5e:	4b8e      	ldr	r3, [pc, #568]	; (10002098 <clocks_init+0x274>)
10001e60:	601a      	str	r2, [r3, #0]
10001e62:	6c63      	ldr	r3, [r4, #68]	; 0x44
10001e64:	2b01      	cmp	r3, #1
10001e66:	d1fc      	bne.n	10001e62 <clocks_init+0x3e>
10001e68:	2203      	movs	r2, #3
10001e6a:	4b8c      	ldr	r3, [pc, #560]	; (1000209c <clocks_init+0x278>)
10001e6c:	601a      	str	r2, [r3, #0]
10001e6e:	4a89      	ldr	r2, [pc, #548]	; (10002094 <clocks_init+0x270>)
10001e70:	6b93      	ldr	r3, [r2, #56]	; 0x38
10001e72:	2b01      	cmp	r3, #1
10001e74:	d1fc      	bne.n	10001e70 <clocks_init+0x4c>
10001e76:	3301      	adds	r3, #1
10001e78:	2101      	movs	r1, #1
10001e7a:	4a89      	ldr	r2, [pc, #548]	; (100020a0 <clocks_init+0x27c>)
10001e7c:	4889      	ldr	r0, [pc, #548]	; (100020a4 <clocks_init+0x280>)
10001e7e:	9300      	str	r3, [sp, #0]
10001e80:	3304      	adds	r3, #4
10001e82:	f000 f933 	bl	100020ec <pll_init>
10001e86:	2305      	movs	r3, #5
10001e88:	4a87      	ldr	r2, [pc, #540]	; (100020a8 <clocks_init+0x284>)
10001e8a:	9300      	str	r3, [sp, #0]
10001e8c:	2101      	movs	r1, #1
10001e8e:	4887      	ldr	r0, [pc, #540]	; (100020ac <clocks_init+0x288>)
10001e90:	f000 f92c 	bl	100020ec <pll_init>
10001e94:	4b86      	ldr	r3, [pc, #536]	; (100020b0 <clocks_init+0x28c>)
10001e96:	685a      	ldr	r2, [r3, #4]
10001e98:	2aff      	cmp	r2, #255	; 0xff
10001e9a:	d802      	bhi.n	10001ea2 <clocks_init+0x7e>
10001e9c:	2280      	movs	r2, #128	; 0x80
10001e9e:	0052      	lsls	r2, r2, #1
10001ea0:	605a      	str	r2, [r3, #4]
10001ea2:	2280      	movs	r2, #128	; 0x80
10001ea4:	4c78      	ldr	r4, [pc, #480]	; (10002088 <clocks_init+0x264>)
10001ea6:	4b7d      	ldr	r3, [pc, #500]	; (1000209c <clocks_init+0x278>)
10001ea8:	6921      	ldr	r1, [r4, #16]
10001eaa:	0112      	lsls	r2, r2, #4
10001eac:	4d80      	ldr	r5, [pc, #512]	; (100020b0 <clocks_init+0x28c>)
10001eae:	601a      	str	r2, [r3, #0]
10001eb0:	2900      	cmp	r1, #0
10001eb2:	d005      	beq.n	10001ec0 <clocks_init+0x9c>
10001eb4:	6960      	ldr	r0, [r4, #20]
10001eb6:	f001 fd1d 	bl	100038f4 <__wrap___aeabi_uidiv>
10001eba:	3001      	adds	r0, #1
10001ebc:	3801      	subs	r0, #1
10001ebe:	d1fd      	bne.n	10001ebc <clocks_init+0x98>
10001ec0:	21e0      	movs	r1, #224	; 0xe0
10001ec2:	4b7b      	ldr	r3, [pc, #492]	; (100020b0 <clocks_init+0x28c>)
10001ec4:	2002      	movs	r0, #2
10001ec6:	681a      	ldr	r2, [r3, #0]
10001ec8:	4011      	ands	r1, r2
10001eca:	2280      	movs	r2, #128	; 0x80
10001ecc:	0152      	lsls	r2, r2, #5
10001ece:	432a      	orrs	r2, r5
10001ed0:	6011      	str	r1, [r2, #0]
10001ed2:	6819      	ldr	r1, [r3, #0]
10001ed4:	4048      	eors	r0, r1
10001ed6:	2103      	movs	r1, #3
10001ed8:	4001      	ands	r1, r0
10001eda:	6011      	str	r1, [r2, #0]
10001edc:	2104      	movs	r1, #4
10001ede:	689a      	ldr	r2, [r3, #8]
10001ee0:	4211      	tst	r1, r2
10001ee2:	d0fc      	beq.n	10001ede <clocks_init+0xba>
10001ee4:	2280      	movs	r2, #128	; 0x80
10001ee6:	2180      	movs	r1, #128	; 0x80
10001ee8:	0192      	lsls	r2, r2, #6
10001eea:	432a      	orrs	r2, r5
10001eec:	0109      	lsls	r1, r1, #4
10001eee:	6011      	str	r1, [r2, #0]
10001ef0:	2280      	movs	r2, #128	; 0x80
10001ef2:	0052      	lsls	r2, r2, #1
10001ef4:	605a      	str	r2, [r3, #4]
10001ef6:	4b6f      	ldr	r3, [pc, #444]	; (100020b4 <clocks_init+0x290>)
10001ef8:	6123      	str	r3, [r4, #16]
10001efa:	4b6f      	ldr	r3, [pc, #444]	; (100020b8 <clocks_init+0x294>)
10001efc:	6859      	ldr	r1, [r3, #4]
10001efe:	29ff      	cmp	r1, #255	; 0xff
10001f00:	d800      	bhi.n	10001f04 <clocks_init+0xe0>
10001f02:	605a      	str	r2, [r3, #4]
10001f04:	2103      	movs	r1, #3
10001f06:	4a64      	ldr	r2, [pc, #400]	; (10002098 <clocks_init+0x274>)
10001f08:	4b6b      	ldr	r3, [pc, #428]	; (100020b8 <clocks_init+0x294>)
10001f0a:	6011      	str	r1, [r2, #0]
10001f0c:	3902      	subs	r1, #2
10001f0e:	689a      	ldr	r2, [r3, #8]
10001f10:	4211      	tst	r1, r2
10001f12:	d0fc      	beq.n	10001f0e <clocks_init+0xea>
10001f14:	20e0      	movs	r0, #224	; 0xe0
10001f16:	681a      	ldr	r2, [r3, #0]
10001f18:	4010      	ands	r0, r2
10001f1a:	2280      	movs	r2, #128	; 0x80
10001f1c:	0152      	lsls	r2, r2, #5
10001f1e:	431a      	orrs	r2, r3
10001f20:	6010      	str	r0, [r2, #0]
10001f22:	6818      	ldr	r0, [r3, #0]
10001f24:	4048      	eors	r0, r1
10001f26:	2103      	movs	r1, #3
10001f28:	4001      	ands	r1, r0
10001f2a:	2002      	movs	r0, #2
10001f2c:	6011      	str	r1, [r2, #0]
10001f2e:	4962      	ldr	r1, [pc, #392]	; (100020b8 <clocks_init+0x294>)
10001f30:	688a      	ldr	r2, [r1, #8]
10001f32:	4210      	tst	r0, r2
10001f34:	d0fc      	beq.n	10001f30 <clocks_init+0x10c>
10001f36:	2280      	movs	r2, #128	; 0x80
10001f38:	0192      	lsls	r2, r2, #6
10001f3a:	4313      	orrs	r3, r2
10001f3c:	2280      	movs	r2, #128	; 0x80
10001f3e:	0112      	lsls	r2, r2, #4
10001f40:	601a      	str	r2, [r3, #0]
10001f42:	2280      	movs	r2, #128	; 0x80
10001f44:	4b5d      	ldr	r3, [pc, #372]	; (100020bc <clocks_init+0x298>)
10001f46:	0052      	lsls	r2, r2, #1
10001f48:	604a      	str	r2, [r1, #4]
10001f4a:	6163      	str	r3, [r4, #20]
10001f4c:	4b5c      	ldr	r3, [pc, #368]	; (100020c0 <clocks_init+0x29c>)
10001f4e:	6859      	ldr	r1, [r3, #4]
10001f50:	29ff      	cmp	r1, #255	; 0xff
10001f52:	d800      	bhi.n	10001f56 <clocks_init+0x132>
10001f54:	605a      	str	r2, [r3, #4]
10001f56:	2280      	movs	r2, #128	; 0x80
10001f58:	4b5a      	ldr	r3, [pc, #360]	; (100020c4 <clocks_init+0x2a0>)
10001f5a:	69e1      	ldr	r1, [r4, #28]
10001f5c:	0112      	lsls	r2, r2, #4
10001f5e:	4d58      	ldr	r5, [pc, #352]	; (100020c0 <clocks_init+0x29c>)
10001f60:	601a      	str	r2, [r3, #0]
10001f62:	2900      	cmp	r1, #0
10001f64:	d005      	beq.n	10001f72 <clocks_init+0x14e>
10001f66:	6960      	ldr	r0, [r4, #20]
10001f68:	f001 fcc4 	bl	100038f4 <__wrap___aeabi_uidiv>
10001f6c:	3001      	adds	r0, #1
10001f6e:	3801      	subs	r0, #1
10001f70:	d1fd      	bne.n	10001f6e <clocks_init+0x14a>
10001f72:	22e0      	movs	r2, #224	; 0xe0
10001f74:	4952      	ldr	r1, [pc, #328]	; (100020c0 <clocks_init+0x29c>)
10001f76:	680b      	ldr	r3, [r1, #0]
10001f78:	401a      	ands	r2, r3
10001f7a:	2380      	movs	r3, #128	; 0x80
10001f7c:	015b      	lsls	r3, r3, #5
10001f7e:	432b      	orrs	r3, r5
10001f80:	601a      	str	r2, [r3, #0]
10001f82:	2380      	movs	r3, #128	; 0x80
10001f84:	2280      	movs	r2, #128	; 0x80
10001f86:	019b      	lsls	r3, r3, #6
10001f88:	432b      	orrs	r3, r5
10001f8a:	0112      	lsls	r2, r2, #4
10001f8c:	601a      	str	r2, [r3, #0]
10001f8e:	2280      	movs	r2, #128	; 0x80
10001f90:	4b3e      	ldr	r3, [pc, #248]	; (1000208c <clocks_init+0x268>)
10001f92:	0052      	lsls	r2, r2, #1
10001f94:	604a      	str	r2, [r1, #4]
10001f96:	61e3      	str	r3, [r4, #28]
10001f98:	4b4b      	ldr	r3, [pc, #300]	; (100020c8 <clocks_init+0x2a4>)
10001f9a:	6859      	ldr	r1, [r3, #4]
10001f9c:	29ff      	cmp	r1, #255	; 0xff
10001f9e:	d800      	bhi.n	10001fa2 <clocks_init+0x17e>
10001fa0:	605a      	str	r2, [r3, #4]
10001fa2:	2280      	movs	r2, #128	; 0x80
10001fa4:	4b49      	ldr	r3, [pc, #292]	; (100020cc <clocks_init+0x2a8>)
10001fa6:	6a21      	ldr	r1, [r4, #32]
10001fa8:	0112      	lsls	r2, r2, #4
10001faa:	4d47      	ldr	r5, [pc, #284]	; (100020c8 <clocks_init+0x2a4>)
10001fac:	601a      	str	r2, [r3, #0]
10001fae:	2900      	cmp	r1, #0
10001fb0:	d005      	beq.n	10001fbe <clocks_init+0x19a>
10001fb2:	6960      	ldr	r0, [r4, #20]
10001fb4:	f001 fc9e 	bl	100038f4 <__wrap___aeabi_uidiv>
10001fb8:	3001      	adds	r0, #1
10001fba:	3801      	subs	r0, #1
10001fbc:	d1fd      	bne.n	10001fba <clocks_init+0x196>
10001fbe:	22e0      	movs	r2, #224	; 0xe0
10001fc0:	4941      	ldr	r1, [pc, #260]	; (100020c8 <clocks_init+0x2a4>)
10001fc2:	680b      	ldr	r3, [r1, #0]
10001fc4:	401a      	ands	r2, r3
10001fc6:	2380      	movs	r3, #128	; 0x80
10001fc8:	015b      	lsls	r3, r3, #5
10001fca:	432b      	orrs	r3, r5
10001fcc:	601a      	str	r2, [r3, #0]
10001fce:	2380      	movs	r3, #128	; 0x80
10001fd0:	2280      	movs	r2, #128	; 0x80
10001fd2:	019b      	lsls	r3, r3, #6
10001fd4:	432b      	orrs	r3, r5
10001fd6:	0112      	lsls	r2, r2, #4
10001fd8:	601a      	str	r2, [r3, #0]
10001fda:	2380      	movs	r3, #128	; 0x80
10001fdc:	2280      	movs	r2, #128	; 0x80
10001fde:	005b      	lsls	r3, r3, #1
10001fe0:	604b      	str	r3, [r1, #4]
10001fe2:	4b2a      	ldr	r3, [pc, #168]	; (1000208c <clocks_init+0x268>)
10001fe4:	02d2      	lsls	r2, r2, #11
10001fe6:	6223      	str	r3, [r4, #32]
10001fe8:	4b39      	ldr	r3, [pc, #228]	; (100020d0 <clocks_init+0x2ac>)
10001fea:	6859      	ldr	r1, [r3, #4]
10001fec:	4291      	cmp	r1, r2
10001fee:	d200      	bcs.n	10001ff2 <clocks_init+0x1ce>
10001ff0:	605a      	str	r2, [r3, #4]
10001ff2:	2280      	movs	r2, #128	; 0x80
10001ff4:	4b37      	ldr	r3, [pc, #220]	; (100020d4 <clocks_init+0x2b0>)
10001ff6:	6a61      	ldr	r1, [r4, #36]	; 0x24
10001ff8:	0112      	lsls	r2, r2, #4
10001ffa:	4d35      	ldr	r5, [pc, #212]	; (100020d0 <clocks_init+0x2ac>)
10001ffc:	601a      	str	r2, [r3, #0]
10001ffe:	2900      	cmp	r1, #0
10002000:	d005      	beq.n	1000200e <clocks_init+0x1ea>
10002002:	6960      	ldr	r0, [r4, #20]
10002004:	f001 fc76 	bl	100038f4 <__wrap___aeabi_uidiv>
10002008:	3001      	adds	r0, #1
1000200a:	3801      	subs	r0, #1
1000200c:	d1fd      	bne.n	1000200a <clocks_init+0x1e6>
1000200e:	22e0      	movs	r2, #224	; 0xe0
10002010:	492f      	ldr	r1, [pc, #188]	; (100020d0 <clocks_init+0x2ac>)
10002012:	680b      	ldr	r3, [r1, #0]
10002014:	401a      	ands	r2, r3
10002016:	2380      	movs	r3, #128	; 0x80
10002018:	015b      	lsls	r3, r3, #5
1000201a:	432b      	orrs	r3, r5
1000201c:	601a      	str	r2, [r3, #0]
1000201e:	2380      	movs	r3, #128	; 0x80
10002020:	2280      	movs	r2, #128	; 0x80
10002022:	019b      	lsls	r3, r3, #6
10002024:	432b      	orrs	r3, r5
10002026:	0112      	lsls	r2, r2, #4
10002028:	601a      	str	r2, [r3, #0]
1000202a:	2380      	movs	r3, #128	; 0x80
1000202c:	02db      	lsls	r3, r3, #11
1000202e:	604b      	str	r3, [r1, #4]
10002030:	4b17      	ldr	r3, [pc, #92]	; (10002090 <clocks_init+0x26c>)
10002032:	6263      	str	r3, [r4, #36]	; 0x24
10002034:	4b28      	ldr	r3, [pc, #160]	; (100020d8 <clocks_init+0x2b4>)
10002036:	685a      	ldr	r2, [r3, #4]
10002038:	2aff      	cmp	r2, #255	; 0xff
1000203a:	d802      	bhi.n	10002042 <clocks_init+0x21e>
1000203c:	2280      	movs	r2, #128	; 0x80
1000203e:	0052      	lsls	r2, r2, #1
10002040:	605a      	str	r2, [r3, #4]
10002042:	2280      	movs	r2, #128	; 0x80
10002044:	4b25      	ldr	r3, [pc, #148]	; (100020dc <clocks_init+0x2b8>)
10002046:	69a1      	ldr	r1, [r4, #24]
10002048:	0112      	lsls	r2, r2, #4
1000204a:	4d23      	ldr	r5, [pc, #140]	; (100020d8 <clocks_init+0x2b4>)
1000204c:	601a      	str	r2, [r3, #0]
1000204e:	2900      	cmp	r1, #0
10002050:	d005      	beq.n	1000205e <clocks_init+0x23a>
10002052:	6960      	ldr	r0, [r4, #20]
10002054:	f001 fc4e 	bl	100038f4 <__wrap___aeabi_uidiv>
10002058:	3001      	adds	r0, #1
1000205a:	3801      	subs	r0, #1
1000205c:	d1fd      	bne.n	1000205a <clocks_init+0x236>
1000205e:	22e0      	movs	r2, #224	; 0xe0
10002060:	491d      	ldr	r1, [pc, #116]	; (100020d8 <clocks_init+0x2b4>)
10002062:	680b      	ldr	r3, [r1, #0]
10002064:	401a      	ands	r2, r3
10002066:	2380      	movs	r3, #128	; 0x80
10002068:	015b      	lsls	r3, r3, #5
1000206a:	432b      	orrs	r3, r5
1000206c:	601a      	str	r2, [r3, #0]
1000206e:	2380      	movs	r3, #128	; 0x80
10002070:	2280      	movs	r2, #128	; 0x80
10002072:	019b      	lsls	r3, r3, #6
10002074:	432b      	orrs	r3, r5
10002076:	0112      	lsls	r2, r2, #4
10002078:	601a      	str	r2, [r3, #0]
1000207a:	2380      	movs	r3, #128	; 0x80
1000207c:	005b      	lsls	r3, r3, #1
1000207e:	604b      	str	r3, [r1, #4]
10002080:	4b0e      	ldr	r3, [pc, #56]	; (100020bc <clocks_init+0x298>)
10002082:	61a3      	str	r3, [r4, #24]
10002084:	e6e4      	b.n	10001e50 <clocks_init+0x2c>
10002086:	46c0      	nop			; (mov r8, r8)
10002088:	20002058 	.word	0x20002058
1000208c:	02dc6c00 	.word	0x02dc6c00
10002090:	0000b71b 	.word	0x0000b71b
10002094:	40008000 	.word	0x40008000
10002098:	4000b03c 	.word	0x4000b03c
1000209c:	4000b030 	.word	0x4000b030
100020a0:	59682f00 	.word	0x59682f00
100020a4:	40028000 	.word	0x40028000
100020a8:	47868c00 	.word	0x47868c00
100020ac:	4002c000 	.word	0x4002c000
100020b0:	40008030 	.word	0x40008030
100020b4:	00b71b00 	.word	0x00b71b00
100020b8:	4000803c 	.word	0x4000803c
100020bc:	07735940 	.word	0x07735940
100020c0:	40008054 	.word	0x40008054
100020c4:	4000b054 	.word	0x4000b054
100020c8:	40008060 	.word	0x40008060
100020cc:	4000b060 	.word	0x4000b060
100020d0:	4000806c 	.word	0x4000806c
100020d4:	4000b06c 	.word	0x4000b06c
100020d8:	40008048 	.word	0x40008048
100020dc:	4000b048 	.word	0x4000b048

100020e0 <clock_get_hz>:
100020e0:	4b01      	ldr	r3, [pc, #4]	; (100020e8 <clock_get_hz+0x8>)
100020e2:	0080      	lsls	r0, r0, #2
100020e4:	58c0      	ldr	r0, [r0, r3]
100020e6:	4770      	bx	lr
100020e8:	20002058 	.word	0x20002058

100020ec <pll_init>:
100020ec:	b5f0      	push	{r4, r5, r6, r7, lr}
100020ee:	46c6      	mov	lr, r8
100020f0:	0004      	movs	r4, r0
100020f2:	b500      	push	{lr}
100020f4:	200c      	movs	r0, #12
100020f6:	4690      	mov	r8, r2
100020f8:	001f      	movs	r7, r3
100020fa:	000e      	movs	r6, r1
100020fc:	f001 fbfa 	bl	100038f4 <__wrap___aeabi_uidiv>
10002100:	0141      	lsls	r1, r0, #5
10002102:	1a09      	subs	r1, r1, r0
10002104:	018d      	lsls	r5, r1, #6
10002106:	1a69      	subs	r1, r5, r1
10002108:	00c9      	lsls	r1, r1, #3
1000210a:	1809      	adds	r1, r1, r0
1000210c:	0189      	lsls	r1, r1, #6
1000210e:	4640      	mov	r0, r8
10002110:	f001 fbf0 	bl	100038f4 <__wrap___aeabi_uidiv>
10002114:	9b06      	ldr	r3, [sp, #24]
10002116:	043f      	lsls	r7, r7, #16
10002118:	031a      	lsls	r2, r3, #12
1000211a:	6823      	ldr	r3, [r4, #0]
1000211c:	4317      	orrs	r7, r2
1000211e:	2b00      	cmp	r3, #0
10002120:	db22      	blt.n	10002168 <pll_init+0x7c>
10002122:	4b1a      	ldr	r3, [pc, #104]	; (1000218c <pll_init+0xa0>)
10002124:	4d1a      	ldr	r5, [pc, #104]	; (10002190 <pll_init+0xa4>)
10002126:	18e2      	adds	r2, r4, r3
10002128:	4253      	negs	r3, r2
1000212a:	415a      	adcs	r2, r3
1000212c:	2380      	movs	r3, #128	; 0x80
1000212e:	015b      	lsls	r3, r3, #5
10002130:	469c      	mov	ip, r3
10002132:	0312      	lsls	r2, r2, #12
10002134:	4b17      	ldr	r3, [pc, #92]	; (10002194 <pll_init+0xa8>)
10002136:	4462      	add	r2, ip
10002138:	601a      	str	r2, [r3, #0]
1000213a:	4b17      	ldr	r3, [pc, #92]	; (10002198 <pll_init+0xac>)
1000213c:	601a      	str	r2, [r3, #0]
1000213e:	0011      	movs	r1, r2
10002140:	68ab      	ldr	r3, [r5, #8]
10002142:	4399      	bics	r1, r3
10002144:	d1fb      	bne.n	1000213e <pll_init+0x52>
10002146:	22c0      	movs	r2, #192	; 0xc0
10002148:	1d23      	adds	r3, r4, #4
1000214a:	0192      	lsls	r2, r2, #6
1000214c:	431a      	orrs	r2, r3
1000214e:	2321      	movs	r3, #33	; 0x21
10002150:	6026      	str	r6, [r4, #0]
10002152:	60a0      	str	r0, [r4, #8]
10002154:	6013      	str	r3, [r2, #0]
10002156:	6823      	ldr	r3, [r4, #0]
10002158:	2b00      	cmp	r3, #0
1000215a:	dafc      	bge.n	10002156 <pll_init+0x6a>
1000215c:	2308      	movs	r3, #8
1000215e:	60e7      	str	r7, [r4, #12]
10002160:	6013      	str	r3, [r2, #0]
10002162:	bc80      	pop	{r7}
10002164:	46b8      	mov	r8, r7
10002166:	bdf0      	pop	{r4, r5, r6, r7, pc}
10002168:	233f      	movs	r3, #63	; 0x3f
1000216a:	6822      	ldr	r2, [r4, #0]
1000216c:	4013      	ands	r3, r2
1000216e:	42b3      	cmp	r3, r6
10002170:	d1d7      	bne.n	10002122 <pll_init+0x36>
10002172:	68a3      	ldr	r3, [r4, #8]
10002174:	051b      	lsls	r3, r3, #20
10002176:	0d1b      	lsrs	r3, r3, #20
10002178:	4283      	cmp	r3, r0
1000217a:	d1d2      	bne.n	10002122 <pll_init+0x36>
1000217c:	22ee      	movs	r2, #238	; 0xee
1000217e:	68e3      	ldr	r3, [r4, #12]
10002180:	02d2      	lsls	r2, r2, #11
10002182:	4013      	ands	r3, r2
10002184:	42bb      	cmp	r3, r7
10002186:	d1cc      	bne.n	10002122 <pll_init+0x36>
10002188:	e7eb      	b.n	10002162 <pll_init+0x76>
1000218a:	46c0      	nop			; (mov r8, r8)
1000218c:	bffd4000 	.word	0xbffd4000
10002190:	4000c000 	.word	0x4000c000
10002194:	4000e000 	.word	0x4000e000
10002198:	4000f000 	.word	0x4000f000

1000219c <watchdog_start_tick>:
1000219c:	2380      	movs	r3, #128	; 0x80
1000219e:	4a02      	ldr	r2, [pc, #8]	; (100021a8 <watchdog_start_tick+0xc>)
100021a0:	009b      	lsls	r3, r3, #2
100021a2:	4303      	orrs	r3, r0
100021a4:	62d3      	str	r3, [r2, #44]	; 0x2c
100021a6:	4770      	bx	lr
100021a8:	40058000 	.word	0x40058000

100021ac <watchdog_reboot>:
100021ac:	b510      	push	{r4, lr}
100021ae:	0014      	movs	r4, r2
100021b0:	2280      	movs	r2, #128	; 0x80
100021b2:	4b1b      	ldr	r3, [pc, #108]	; (10002220 <watchdog_reboot+0x74>)
100021b4:	05d2      	lsls	r2, r2, #23
100021b6:	601a      	str	r2, [r3, #0]
100021b8:	2800      	cmp	r0, #0
100021ba:	d01a      	beq.n	100021f2 <watchdog_reboot+0x46>
100021bc:	2301      	movs	r3, #1
100021be:	4a19      	ldr	r2, [pc, #100]	; (10002224 <watchdog_reboot+0x78>)
100021c0:	4318      	orrs	r0, r3
100021c2:	4b19      	ldr	r3, [pc, #100]	; (10002228 <watchdog_reboot+0x7c>)
100021c4:	61da      	str	r2, [r3, #28]
100021c6:	4a19      	ldr	r2, [pc, #100]	; (1000222c <watchdog_reboot+0x80>)
100021c8:	4042      	eors	r2, r0
100021ca:	621a      	str	r2, [r3, #32]
100021cc:	6259      	str	r1, [r3, #36]	; 0x24
100021ce:	6298      	str	r0, [r3, #40]	; 0x28
100021d0:	2280      	movs	r2, #128	; 0x80
100021d2:	4b13      	ldr	r3, [pc, #76]	; (10002220 <watchdog_reboot+0x74>)
100021d4:	05d2      	lsls	r2, r2, #23
100021d6:	601a      	str	r2, [r3, #0]
100021d8:	4915      	ldr	r1, [pc, #84]	; (10002230 <watchdog_reboot+0x84>)
100021da:	4a16      	ldr	r2, [pc, #88]	; (10002234 <watchdog_reboot+0x88>)
100021dc:	6011      	str	r1, [r2, #0]
100021de:	22e0      	movs	r2, #224	; 0xe0
100021e0:	04d2      	lsls	r2, r2, #19
100021e2:	601a      	str	r2, [r3, #0]
100021e4:	2c00      	cmp	r4, #0
100021e6:	d107      	bne.n	100021f8 <watchdog_reboot+0x4c>
100021e8:	2280      	movs	r2, #128	; 0x80
100021ea:	4b13      	ldr	r3, [pc, #76]	; (10002238 <watchdog_reboot+0x8c>)
100021ec:	0612      	lsls	r2, r2, #24
100021ee:	601a      	str	r2, [r3, #0]
100021f0:	bd10      	pop	{r4, pc}
100021f2:	4b0d      	ldr	r3, [pc, #52]	; (10002228 <watchdog_reboot+0x7c>)
100021f4:	61d8      	str	r0, [r3, #28]
100021f6:	e7eb      	b.n	100021d0 <watchdog_reboot+0x24>
100021f8:	0163      	lsls	r3, r4, #5
100021fa:	1b1b      	subs	r3, r3, r4
100021fc:	009a      	lsls	r2, r3, #2
100021fe:	2380      	movs	r3, #128	; 0x80
10002200:	1912      	adds	r2, r2, r4
10002202:	0112      	lsls	r2, r2, #4
10002204:	045b      	lsls	r3, r3, #17
10002206:	429a      	cmp	r2, r3
10002208:	d300      	bcc.n	1000220c <watchdog_reboot+0x60>
1000220a:	4a0c      	ldr	r2, [pc, #48]	; (1000223c <watchdog_reboot+0x90>)
1000220c:	4b0c      	ldr	r3, [pc, #48]	; (10002240 <watchdog_reboot+0x94>)
1000220e:	601a      	str	r2, [r3, #0]
10002210:	4b05      	ldr	r3, [pc, #20]	; (10002228 <watchdog_reboot+0x7c>)
10002212:	605a      	str	r2, [r3, #4]
10002214:	2280      	movs	r2, #128	; 0x80
10002216:	4b08      	ldr	r3, [pc, #32]	; (10002238 <watchdog_reboot+0x8c>)
10002218:	05d2      	lsls	r2, r2, #23
1000221a:	601a      	str	r2, [r3, #0]
1000221c:	e7e8      	b.n	100021f0 <watchdog_reboot+0x44>
1000221e:	46c0      	nop			; (mov r8, r8)
10002220:	4005b000 	.word	0x4005b000
10002224:	b007c0d3 	.word	0xb007c0d3
10002228:	40058000 	.word	0x40058000
1000222c:	4ff83f2d 	.word	0x4ff83f2d
10002230:	0001fffc 	.word	0x0001fffc
10002234:	40012008 	.word	0x40012008
10002238:	4005a000 	.word	0x4005a000
1000223c:	00ffffff 	.word	0x00ffffff
10002240:	200024f8 	.word	0x200024f8

10002244 <xosc_init>:
10002244:	23aa      	movs	r3, #170	; 0xaa
10002246:	4a06      	ldr	r2, [pc, #24]	; (10002260 <xosc_init+0x1c>)
10002248:	011b      	lsls	r3, r3, #4
1000224a:	6013      	str	r3, [r2, #0]
1000224c:	232f      	movs	r3, #47	; 0x2f
1000224e:	4905      	ldr	r1, [pc, #20]	; (10002264 <xosc_init+0x20>)
10002250:	60d3      	str	r3, [r2, #12]
10002252:	4b05      	ldr	r3, [pc, #20]	; (10002268 <xosc_init+0x24>)
10002254:	6019      	str	r1, [r3, #0]
10002256:	6853      	ldr	r3, [r2, #4]
10002258:	2b00      	cmp	r3, #0
1000225a:	dafc      	bge.n	10002256 <xosc_init+0x12>
1000225c:	4770      	bx	lr
1000225e:	46c0      	nop			; (mov r8, r8)
10002260:	40024000 	.word	0x40024000
10002264:	00fab000 	.word	0x00fab000
10002268:	40026000 	.word	0x40026000

1000226c <_out_null>:
1000226c:	4770      	bx	lr
1000226e:	46c0      	nop			; (mov r8, r8)

10002270 <_out_rev>:
10002270:	b5f8      	push	{r3, r4, r5, r6, r7, lr}
10002272:	4657      	mov	r7, sl
10002274:	464e      	mov	r6, r9
10002276:	4645      	mov	r5, r8
10002278:	46de      	mov	lr, fp
1000227a:	b5e0      	push	{r5, r6, r7, lr}
1000227c:	4699      	mov	r9, r3
1000227e:	9b0a      	ldr	r3, [sp, #40]	; 0x28
10002280:	0007      	movs	r7, r0
10002282:	469a      	mov	sl, r3
10002284:	9b0d      	ldr	r3, [sp, #52]	; 0x34
10002286:	4688      	mov	r8, r1
10002288:	4693      	mov	fp, r2
1000228a:	0015      	movs	r5, r2
1000228c:	9e0b      	ldr	r6, [sp, #44]	; 0x2c
1000228e:	079b      	lsls	r3, r3, #30
10002290:	d110      	bne.n	100022b4 <_out_rev+0x44>
10002292:	9b0c      	ldr	r3, [sp, #48]	; 0x30
10002294:	429e      	cmp	r6, r3
10002296:	d20d      	bcs.n	100022b4 <_out_rev+0x44>
10002298:	1b9d      	subs	r5, r3, r6
1000229a:	0014      	movs	r4, r2
1000229c:	000e      	movs	r6, r1
1000229e:	445d      	add	r5, fp
100022a0:	0022      	movs	r2, r4
100022a2:	464b      	mov	r3, r9
100022a4:	3401      	adds	r4, #1
100022a6:	0031      	movs	r1, r6
100022a8:	2020      	movs	r0, #32
100022aa:	47b8      	blx	r7
100022ac:	42a5      	cmp	r5, r4
100022ae:	d1f7      	bne.n	100022a0 <_out_rev+0x30>
100022b0:	46b0      	mov	r8, r6
100022b2:	9e0b      	ldr	r6, [sp, #44]	; 0x2c
100022b4:	2e00      	cmp	r6, #0
100022b6:	d027      	beq.n	10002308 <_out_rev+0x98>
100022b8:	4644      	mov	r4, r8
100022ba:	1975      	adds	r5, r6, r5
100022bc:	4653      	mov	r3, sl
100022be:	1baa      	subs	r2, r5, r6
100022c0:	3e01      	subs	r6, #1
100022c2:	5d98      	ldrb	r0, [r3, r6]
100022c4:	0021      	movs	r1, r4
100022c6:	464b      	mov	r3, r9
100022c8:	47b8      	blx	r7
100022ca:	2e00      	cmp	r6, #0
100022cc:	d1f6      	bne.n	100022bc <_out_rev+0x4c>
100022ce:	0023      	movs	r3, r4
100022d0:	002c      	movs	r4, r5
100022d2:	4698      	mov	r8, r3
100022d4:	9b0d      	ldr	r3, [sp, #52]	; 0x34
100022d6:	079b      	lsls	r3, r3, #30
100022d8:	d50f      	bpl.n	100022fa <_out_rev+0x8a>
100022da:	465b      	mov	r3, fp
100022dc:	1ae5      	subs	r5, r4, r3
100022de:	9b0c      	ldr	r3, [sp, #48]	; 0x30
100022e0:	42ab      	cmp	r3, r5
100022e2:	d90a      	bls.n	100022fa <_out_rev+0x8a>
100022e4:	4646      	mov	r6, r8
100022e6:	4698      	mov	r8, r3
100022e8:	0022      	movs	r2, r4
100022ea:	464b      	mov	r3, r9
100022ec:	0031      	movs	r1, r6
100022ee:	2020      	movs	r0, #32
100022f0:	3501      	adds	r5, #1
100022f2:	47b8      	blx	r7
100022f4:	3401      	adds	r4, #1
100022f6:	45a8      	cmp	r8, r5
100022f8:	d8f6      	bhi.n	100022e8 <_out_rev+0x78>
100022fa:	0020      	movs	r0, r4
100022fc:	bcf0      	pop	{r4, r5, r6, r7}
100022fe:	46bb      	mov	fp, r7
10002300:	46b2      	mov	sl, r6
10002302:	46a9      	mov	r9, r5
10002304:	46a0      	mov	r8, r4
10002306:	bdf8      	pop	{r3, r4, r5, r6, r7, pc}
10002308:	002c      	movs	r4, r5
1000230a:	e7e3      	b.n	100022d4 <_out_rev+0x64>

1000230c <_ntoa_format>:
1000230c:	b5f0      	push	{r4, r5, r6, r7, lr}
1000230e:	464f      	mov	r7, r9
10002310:	4646      	mov	r6, r8
10002312:	46d6      	mov	lr, sl
10002314:	b5c0      	push	{r6, r7, lr}
10002316:	b084      	sub	sp, #16
10002318:	4698      	mov	r8, r3
1000231a:	ab0e      	add	r3, sp, #56	; 0x38
1000231c:	781b      	ldrb	r3, [r3, #0]
1000231e:	9f12      	ldr	r7, [sp, #72]	; 0x48
10002320:	4699      	mov	r9, r3
10002322:	4694      	mov	ip, r2
10002324:	9c0d      	ldr	r4, [sp, #52]	; 0x34
10002326:	9b10      	ldr	r3, [sp, #64]	; 0x40
10002328:	9e11      	ldr	r6, [sp, #68]	; 0x44
1000232a:	07ba      	lsls	r2, r7, #30
1000232c:	d425      	bmi.n	1000237a <_ntoa_format+0x6e>
1000232e:	2e00      	cmp	r6, #0
10002330:	d14b      	bne.n	100023ca <_ntoa_format+0xbe>
10002332:	429c      	cmp	r4, r3
10002334:	d300      	bcc.n	10002338 <_ntoa_format+0x2c>
10002336:	e0bf      	b.n	100024b8 <_ntoa_format+0x1ac>
10002338:	2201      	movs	r2, #1
1000233a:	403a      	ands	r2, r7
1000233c:	4692      	mov	sl, r2
1000233e:	2c1f      	cmp	r4, #31
10002340:	d900      	bls.n	10002344 <_ntoa_format+0x38>
10002342:	e0b8      	b.n	100024b6 <_ntoa_format+0x1aa>
10002344:	9a0c      	ldr	r2, [sp, #48]	; 0x30
10002346:	1e55      	subs	r5, r2, #1
10002348:	2230      	movs	r2, #48	; 0x30
1000234a:	e001      	b.n	10002350 <_ntoa_format+0x44>
1000234c:	2c20      	cmp	r4, #32
1000234e:	d003      	beq.n	10002358 <_ntoa_format+0x4c>
10002350:	3401      	adds	r4, #1
10002352:	552a      	strb	r2, [r5, r4]
10002354:	42a3      	cmp	r3, r4
10002356:	d8f9      	bhi.n	1000234c <_ntoa_format+0x40>
10002358:	4652      	mov	r2, sl
1000235a:	2a00      	cmp	r2, #0
1000235c:	d00d      	beq.n	1000237a <_ntoa_format+0x6e>
1000235e:	42a6      	cmp	r6, r4
10002360:	d90b      	bls.n	1000237a <_ntoa_format+0x6e>
10002362:	2c20      	cmp	r4, #32
10002364:	d044      	beq.n	100023f0 <_ntoa_format+0xe4>
10002366:	9a0c      	ldr	r2, [sp, #48]	; 0x30
10002368:	1e55      	subs	r5, r2, #1
1000236a:	2230      	movs	r2, #48	; 0x30
1000236c:	e001      	b.n	10002372 <_ntoa_format+0x66>
1000236e:	2c20      	cmp	r4, #32
10002370:	d03e      	beq.n	100023f0 <_ntoa_format+0xe4>
10002372:	3401      	adds	r4, #1
10002374:	552a      	strb	r2, [r5, r4]
10002376:	42b4      	cmp	r4, r6
10002378:	d1f9      	bne.n	1000236e <_ntoa_format+0x62>
1000237a:	06fa      	lsls	r2, r7, #27
1000237c:	d54d      	bpl.n	1000241a <_ntoa_format+0x10e>
1000237e:	057a      	lsls	r2, r7, #21
10002380:	d43f      	bmi.n	10002402 <_ntoa_format+0xf6>
10002382:	2c00      	cmp	r4, #0
10002384:	d139      	bne.n	100023fa <_ntoa_format+0xee>
10002386:	9b0f      	ldr	r3, [sp, #60]	; 0x3c
10002388:	2b10      	cmp	r3, #16
1000238a:	d100      	bne.n	1000238e <_ntoa_format+0x82>
1000238c:	e079      	b.n	10002482 <_ntoa_format+0x176>
1000238e:	9b0f      	ldr	r3, [sp, #60]	; 0x3c
10002390:	2b02      	cmp	r3, #2
10002392:	d100      	bne.n	10002396 <_ntoa_format+0x8a>
10002394:	e08a      	b.n	100024ac <_ntoa_format+0x1a0>
10002396:	2330      	movs	r3, #48	; 0x30
10002398:	9a0c      	ldr	r2, [sp, #48]	; 0x30
1000239a:	2401      	movs	r4, #1
1000239c:	7013      	strb	r3, [r2, #0]
1000239e:	464b      	mov	r3, r9
100023a0:	2b00      	cmp	r3, #0
100023a2:	d03f      	beq.n	10002424 <_ntoa_format+0x118>
100023a4:	232d      	movs	r3, #45	; 0x2d
100023a6:	9a0c      	ldr	r2, [sp, #48]	; 0x30
100023a8:	5513      	strb	r3, [r2, r4]
100023aa:	3401      	adds	r4, #1
100023ac:	9b0c      	ldr	r3, [sp, #48]	; 0x30
100023ae:	4662      	mov	r2, ip
100023b0:	9300      	str	r3, [sp, #0]
100023b2:	9703      	str	r7, [sp, #12]
100023b4:	4643      	mov	r3, r8
100023b6:	9602      	str	r6, [sp, #8]
100023b8:	9401      	str	r4, [sp, #4]
100023ba:	f7ff ff59 	bl	10002270 <_out_rev>
100023be:	b004      	add	sp, #16
100023c0:	bce0      	pop	{r5, r6, r7}
100023c2:	46ba      	mov	sl, r7
100023c4:	46b1      	mov	r9, r6
100023c6:	46a8      	mov	r8, r5
100023c8:	bdf0      	pop	{r4, r5, r6, r7, pc}
100023ca:	2201      	movs	r2, #1
100023cc:	0015      	movs	r5, r2
100023ce:	403d      	ands	r5, r7
100023d0:	46aa      	mov	sl, r5
100023d2:	423a      	tst	r2, r7
100023d4:	d02f      	beq.n	10002436 <_ntoa_format+0x12a>
100023d6:	464a      	mov	r2, r9
100023d8:	2a00      	cmp	r2, #0
100023da:	d102      	bne.n	100023e2 <_ntoa_format+0xd6>
100023dc:	320c      	adds	r2, #12
100023de:	423a      	tst	r2, r7
100023e0:	d000      	beq.n	100023e4 <_ntoa_format+0xd8>
100023e2:	3e01      	subs	r6, #1
100023e4:	429c      	cmp	r4, r3
100023e6:	d2ba      	bcs.n	1000235e <_ntoa_format+0x52>
100023e8:	2c1f      	cmp	r4, #31
100023ea:	d9ab      	bls.n	10002344 <_ntoa_format+0x38>
100023ec:	2e20      	cmp	r6, #32
100023ee:	d927      	bls.n	10002440 <_ntoa_format+0x134>
100023f0:	2420      	movs	r4, #32
100023f2:	06fa      	lsls	r2, r7, #27
100023f4:	d5da      	bpl.n	100023ac <_ntoa_format+0xa0>
100023f6:	057a      	lsls	r2, r7, #21
100023f8:	d403      	bmi.n	10002402 <_ntoa_format+0xf6>
100023fa:	42a3      	cmp	r3, r4
100023fc:	d02d      	beq.n	1000245a <_ntoa_format+0x14e>
100023fe:	42a6      	cmp	r6, r4
10002400:	d02b      	beq.n	1000245a <_ntoa_format+0x14e>
10002402:	9b0f      	ldr	r3, [sp, #60]	; 0x3c
10002404:	2b10      	cmp	r3, #16
10002406:	d032      	beq.n	1000246e <_ntoa_format+0x162>
10002408:	2b02      	cmp	r3, #2
1000240a:	d020      	beq.n	1000244e <_ntoa_format+0x142>
1000240c:	2c20      	cmp	r4, #32
1000240e:	d0cd      	beq.n	100023ac <_ntoa_format+0xa0>
10002410:	2230      	movs	r2, #48	; 0x30
10002412:	9b0c      	ldr	r3, [sp, #48]	; 0x30
10002414:	191b      	adds	r3, r3, r4
10002416:	701a      	strb	r2, [r3, #0]
10002418:	3401      	adds	r4, #1
1000241a:	2c20      	cmp	r4, #32
1000241c:	d0c6      	beq.n	100023ac <_ntoa_format+0xa0>
1000241e:	464b      	mov	r3, r9
10002420:	2b00      	cmp	r3, #0
10002422:	d1bf      	bne.n	100023a4 <_ntoa_format+0x98>
10002424:	077b      	lsls	r3, r7, #29
10002426:	d40d      	bmi.n	10002444 <_ntoa_format+0x138>
10002428:	073b      	lsls	r3, r7, #28
1000242a:	d5bf      	bpl.n	100023ac <_ntoa_format+0xa0>
1000242c:	2320      	movs	r3, #32
1000242e:	9a0c      	ldr	r2, [sp, #48]	; 0x30
10002430:	5513      	strb	r3, [r2, r4]
10002432:	3401      	adds	r4, #1
10002434:	e7ba      	b.n	100023ac <_ntoa_format+0xa0>
10002436:	429c      	cmp	r4, r3
10002438:	d29f      	bcs.n	1000237a <_ntoa_format+0x6e>
1000243a:	2c1f      	cmp	r4, #31
1000243c:	d800      	bhi.n	10002440 <_ntoa_format+0x134>
1000243e:	e781      	b.n	10002344 <_ntoa_format+0x38>
10002440:	2420      	movs	r4, #32
10002442:	e79a      	b.n	1000237a <_ntoa_format+0x6e>
10002444:	232b      	movs	r3, #43	; 0x2b
10002446:	9a0c      	ldr	r2, [sp, #48]	; 0x30
10002448:	5513      	strb	r3, [r2, r4]
1000244a:	3401      	adds	r4, #1
1000244c:	e7ae      	b.n	100023ac <_ntoa_format+0xa0>
1000244e:	2c20      	cmp	r4, #32
10002450:	d0ac      	beq.n	100023ac <_ntoa_format+0xa0>
10002452:	9b0c      	ldr	r3, [sp, #48]	; 0x30
10002454:	191b      	adds	r3, r3, r4
10002456:	3401      	adds	r4, #1
10002458:	e03a      	b.n	100024d0 <_ntoa_format+0x1c4>
1000245a:	1e63      	subs	r3, r4, #1
1000245c:	2c01      	cmp	r4, #1
1000245e:	d092      	beq.n	10002386 <_ntoa_format+0x7a>
10002460:	9a0f      	ldr	r2, [sp, #60]	; 0x3c
10002462:	2a10      	cmp	r2, #16
10002464:	d02a      	beq.n	100024bc <_ntoa_format+0x1b0>
10002466:	2a02      	cmp	r2, #2
10002468:	d02f      	beq.n	100024ca <_ntoa_format+0x1be>
1000246a:	001c      	movs	r4, r3
1000246c:	e7d0      	b.n	10002410 <_ntoa_format+0x104>
1000246e:	06bb      	lsls	r3, r7, #26
10002470:	d40e      	bmi.n	10002490 <_ntoa_format+0x184>
10002472:	2c20      	cmp	r4, #32
10002474:	d09a      	beq.n	100023ac <_ntoa_format+0xa0>
10002476:	9b0c      	ldr	r3, [sp, #48]	; 0x30
10002478:	191a      	adds	r2, r3, r4
1000247a:	3401      	adds	r4, #1
1000247c:	2378      	movs	r3, #120	; 0x78
1000247e:	7013      	strb	r3, [r2, #0]
10002480:	e7c4      	b.n	1000240c <_ntoa_format+0x100>
10002482:	06bb      	lsls	r3, r7, #26
10002484:	d40d      	bmi.n	100024a2 <_ntoa_format+0x196>
10002486:	2378      	movs	r3, #120	; 0x78
10002488:	9a0c      	ldr	r2, [sp, #48]	; 0x30
1000248a:	2401      	movs	r4, #1
1000248c:	7013      	strb	r3, [r2, #0]
1000248e:	e7bf      	b.n	10002410 <_ntoa_format+0x104>
10002490:	2c20      	cmp	r4, #32
10002492:	d100      	bne.n	10002496 <_ntoa_format+0x18a>
10002494:	e78a      	b.n	100023ac <_ntoa_format+0xa0>
10002496:	2258      	movs	r2, #88	; 0x58
10002498:	9b0c      	ldr	r3, [sp, #48]	; 0x30
1000249a:	191b      	adds	r3, r3, r4
1000249c:	701a      	strb	r2, [r3, #0]
1000249e:	3401      	adds	r4, #1
100024a0:	e7b4      	b.n	1000240c <_ntoa_format+0x100>
100024a2:	2358      	movs	r3, #88	; 0x58
100024a4:	9a0c      	ldr	r2, [sp, #48]	; 0x30
100024a6:	2401      	movs	r4, #1
100024a8:	7013      	strb	r3, [r2, #0]
100024aa:	e7b1      	b.n	10002410 <_ntoa_format+0x104>
100024ac:	9a0c      	ldr	r2, [sp, #48]	; 0x30
100024ae:	3360      	adds	r3, #96	; 0x60
100024b0:	2401      	movs	r4, #1
100024b2:	7013      	strb	r3, [r2, #0]
100024b4:	e7ac      	b.n	10002410 <_ntoa_format+0x104>
100024b6:	2420      	movs	r4, #32
100024b8:	2600      	movs	r6, #0
100024ba:	e75e      	b.n	1000237a <_ntoa_format+0x6e>
100024bc:	3c02      	subs	r4, #2
100024be:	06ba      	lsls	r2, r7, #26
100024c0:	d4e9      	bmi.n	10002496 <_ntoa_format+0x18a>
100024c2:	9a0c      	ldr	r2, [sp, #48]	; 0x30
100024c4:	1912      	adds	r2, r2, r4
100024c6:	001c      	movs	r4, r3
100024c8:	e7d8      	b.n	1000247c <_ntoa_format+0x170>
100024ca:	9a0c      	ldr	r2, [sp, #48]	; 0x30
100024cc:	4692      	mov	sl, r2
100024ce:	4453      	add	r3, sl
100024d0:	2262      	movs	r2, #98	; 0x62
100024d2:	701a      	strb	r2, [r3, #0]
100024d4:	e79a      	b.n	1000240c <_ntoa_format+0x100>
100024d6:	46c0      	nop			; (mov r8, r8)

100024d8 <_out_char>:
100024d8:	b510      	push	{r4, lr}
100024da:	2800      	cmp	r0, #0
100024dc:	d100      	bne.n	100024e0 <_out_char+0x8>
100024de:	bd10      	pop	{r4, pc}
100024e0:	f001 fefc 	bl	100042dc <__wrap_putchar>
100024e4:	e7fb      	b.n	100024de <_out_char+0x6>
100024e6:	46c0      	nop			; (mov r8, r8)

100024e8 <_out_fct>:
100024e8:	000b      	movs	r3, r1
100024ea:	b510      	push	{r4, lr}
100024ec:	2800      	cmp	r0, #0
100024ee:	d002      	beq.n	100024f6 <_out_fct+0xe>
100024f0:	6849      	ldr	r1, [r1, #4]
100024f2:	681b      	ldr	r3, [r3, #0]
100024f4:	4798      	blx	r3
100024f6:	bd10      	pop	{r4, pc}

100024f8 <_etoa>:
100024f8:	b5f0      	push	{r4, r5, r6, r7, lr}
100024fa:	46de      	mov	lr, fp
100024fc:	4657      	mov	r7, sl
100024fe:	464e      	mov	r6, r9
10002500:	4645      	mov	r5, r8
10002502:	b5e0      	push	{r5, r6, r7, lr}
10002504:	b09b      	sub	sp, #108	; 0x6c
10002506:	469b      	mov	fp, r3
10002508:	9b24      	ldr	r3, [sp, #144]	; 0x90
1000250a:	4689      	mov	r9, r1
1000250c:	4698      	mov	r8, r3
1000250e:	9b25      	ldr	r3, [sp, #148]	; 0x94
10002510:	900b      	str	r0, [sp, #44]	; 0x2c
10002512:	920c      	str	r2, [sp, #48]	; 0x30
10002514:	4640      	mov	r0, r8
10002516:	4642      	mov	r2, r8
10002518:	0019      	movs	r1, r3
1000251a:	469a      	mov	sl, r3
1000251c:	f001 fcab 	bl	10003e76 <__wrap___aeabi_dcmpun>
10002520:	2800      	cmp	r0, #0
10002522:	d000      	beq.n	10002526 <_etoa+0x2e>
10002524:	e0d8      	b.n	100026d8 <_etoa+0x1e0>
10002526:	2201      	movs	r2, #1
10002528:	4640      	mov	r0, r8
1000252a:	4651      	mov	r1, sl
1000252c:	4b77      	ldr	r3, [pc, #476]	; (1000270c <_etoa+0x214>)
1000252e:	4252      	negs	r2, r2
10002530:	f001 fc9c 	bl	10003e6c <__wrap___aeabi_dcmpgt>
10002534:	2800      	cmp	r0, #0
10002536:	d000      	beq.n	1000253a <_etoa+0x42>
10002538:	e0ce      	b.n	100026d8 <_etoa+0x1e0>
1000253a:	2201      	movs	r2, #1
1000253c:	4640      	mov	r0, r8
1000253e:	4651      	mov	r1, sl
10002540:	4b73      	ldr	r3, [pc, #460]	; (10002710 <_etoa+0x218>)
10002542:	4252      	negs	r2, r2
10002544:	f001 fc7c 	bl	10003e40 <__wrap___aeabi_dcmplt>
10002548:	2800      	cmp	r0, #0
1000254a:	d000      	beq.n	1000254e <_etoa+0x56>
1000254c:	e0c4      	b.n	100026d8 <_etoa+0x1e0>
1000254e:	2200      	movs	r2, #0
10002550:	2300      	movs	r3, #0
10002552:	4640      	mov	r0, r8
10002554:	4651      	mov	r1, sl
10002556:	f001 fc73 	bl	10003e40 <__wrap___aeabi_dcmplt>
1000255a:	2800      	cmp	r0, #0
1000255c:	d000      	beq.n	10002560 <_etoa+0x68>
1000255e:	e1b9      	b.n	100028d4 <_etoa+0x3dc>
10002560:	4642      	mov	r2, r8
10002562:	4653      	mov	r3, sl
10002564:	920a      	str	r2, [sp, #40]	; 0x28
10002566:	9309      	str	r3, [sp, #36]	; 0x24
10002568:	2380      	movs	r3, #128	; 0x80
1000256a:	9a28      	ldr	r2, [sp, #160]	; 0xa0
1000256c:	00db      	lsls	r3, r3, #3
1000256e:	401a      	ands	r2, r3
10002570:	920e      	str	r2, [sp, #56]	; 0x38
10002572:	9a28      	ldr	r2, [sp, #160]	; 0xa0
10002574:	421a      	tst	r2, r3
10002576:	d101      	bne.n	1000257c <_etoa+0x84>
10002578:	2306      	movs	r3, #6
1000257a:	9326      	str	r3, [sp, #152]	; 0x98
1000257c:	9a0a      	ldr	r2, [sp, #40]	; 0x28
1000257e:	9b09      	ldr	r3, [sp, #36]	; 0x24
10002580:	0016      	movs	r6, r2
10002582:	4313      	orrs	r3, r2
10002584:	d000      	beq.n	10002588 <_etoa+0x90>
10002586:	e0c7      	b.n	10002718 <_etoa+0x220>
10002588:	9b28      	ldr	r3, [sp, #160]	; 0xa0
1000258a:	2500      	movs	r5, #0
1000258c:	2600      	movs	r6, #0
1000258e:	051b      	lsls	r3, r3, #20
10002590:	d400      	bmi.n	10002594 <_etoa+0x9c>
10002592:	e19b      	b.n	100028cc <_etoa+0x3d4>
10002594:	2300      	movs	r3, #0
10002596:	930d      	str	r3, [sp, #52]	; 0x34
10002598:	9a26      	ldr	r2, [sp, #152]	; 0x98
1000259a:	9b0d      	ldr	r3, [sp, #52]	; 0x34
1000259c:	429a      	cmp	r2, r3
1000259e:	dc00      	bgt.n	100025a2 <_etoa+0xaa>
100025a0:	e19f      	b.n	100028e2 <_etoa+0x3ea>
100025a2:	1ad0      	subs	r0, r2, r3
100025a4:	1e43      	subs	r3, r0, #1
100025a6:	9326      	str	r3, [sp, #152]	; 0x98
100025a8:	2380      	movs	r3, #128	; 0x80
100025aa:	9a28      	ldr	r2, [sp, #160]	; 0xa0
100025ac:	00db      	lsls	r3, r3, #3
100025ae:	431a      	orrs	r2, r3
100025b0:	2300      	movs	r3, #0
100025b2:	2700      	movs	r7, #0
100025b4:	9228      	str	r2, [sp, #160]	; 0xa0
100025b6:	930d      	str	r3, [sp, #52]	; 0x34
100025b8:	9b27      	ldr	r3, [sp, #156]	; 0x9c
100025ba:	2400      	movs	r4, #0
100025bc:	42bb      	cmp	r3, r7
100025be:	d900      	bls.n	100025c2 <_etoa+0xca>
100025c0:	1bdc      	subs	r4, r3, r7
100025c2:	2302      	movs	r3, #2
100025c4:	9a28      	ldr	r2, [sp, #160]	; 0xa0
100025c6:	401a      	ands	r2, r3
100025c8:	920e      	str	r2, [sp, #56]	; 0x38
100025ca:	9a28      	ldr	r2, [sp, #160]	; 0xa0
100025cc:	4213      	tst	r3, r2
100025ce:	d003      	beq.n	100025d8 <_etoa+0xe0>
100025d0:	427b      	negs	r3, r7
100025d2:	417b      	adcs	r3, r7
100025d4:	425b      	negs	r3, r3
100025d6:	401c      	ands	r4, r3
100025d8:	9b0d      	ldr	r3, [sp, #52]	; 0x34
100025da:	2b00      	cmp	r3, #0
100025dc:	d007      	beq.n	100025ee <_etoa+0xf6>
100025de:	980a      	ldr	r0, [sp, #40]	; 0x28
100025e0:	9909      	ldr	r1, [sp, #36]	; 0x24
100025e2:	002a      	movs	r2, r5
100025e4:	0033      	movs	r3, r6
100025e6:	f001 fbd2 	bl	10003d8e <__wrap___aeabi_ddiv>
100025ea:	900a      	str	r0, [sp, #40]	; 0x28
100025ec:	9109      	str	r1, [sp, #36]	; 0x24
100025ee:	2200      	movs	r2, #0
100025f0:	2300      	movs	r3, #0
100025f2:	4640      	mov	r0, r8
100025f4:	4651      	mov	r1, sl
100025f6:	f001 fc23 	bl	10003e40 <__wrap___aeabi_dcmplt>
100025fa:	2800      	cmp	r0, #0
100025fc:	d005      	beq.n	1000260a <_etoa+0x112>
100025fe:	2080      	movs	r0, #128	; 0x80
10002600:	0600      	lsls	r0, r0, #24
10002602:	4684      	mov	ip, r0
10002604:	9909      	ldr	r1, [sp, #36]	; 0x24
10002606:	4461      	add	r1, ip
10002608:	9109      	str	r1, [sp, #36]	; 0x24
1000260a:	9a28      	ldr	r2, [sp, #160]	; 0xa0
1000260c:	4b41      	ldr	r3, [pc, #260]	; (10002714 <_etoa+0x21c>)
1000260e:	9d0b      	ldr	r5, [sp, #44]	; 0x2c
10002610:	4013      	ands	r3, r2
10002612:	9304      	str	r3, [sp, #16]
10002614:	9b26      	ldr	r3, [sp, #152]	; 0x98
10002616:	9a0a      	ldr	r2, [sp, #40]	; 0x28
10002618:	9302      	str	r3, [sp, #8]
1000261a:	9b09      	ldr	r3, [sp, #36]	; 0x24
1000261c:	9403      	str	r4, [sp, #12]
1000261e:	9200      	str	r2, [sp, #0]
10002620:	9301      	str	r3, [sp, #4]
10002622:	4649      	mov	r1, r9
10002624:	465b      	mov	r3, fp
10002626:	0028      	movs	r0, r5
10002628:	9a0c      	ldr	r2, [sp, #48]	; 0x30
1000262a:	f000 f98b 	bl	10002944 <_ftoa>
1000262e:	0004      	movs	r4, r0
10002630:	2f00      	cmp	r7, #0
10002632:	d062      	beq.n	100026fa <_etoa+0x202>
10002634:	9b28      	ldr	r3, [sp, #160]	; 0xa0
10002636:	0022      	movs	r2, r4
10002638:	0698      	lsls	r0, r3, #26
1000263a:	231f      	movs	r3, #31
1000263c:	17c0      	asrs	r0, r0, #31
1000263e:	4398      	bics	r0, r3
10002640:	1c63      	adds	r3, r4, #1
10002642:	4698      	mov	r8, r3
10002644:	4649      	mov	r1, r9
10002646:	465b      	mov	r3, fp
10002648:	3065      	adds	r0, #101	; 0x65
1000264a:	47a8      	blx	r5
1000264c:	9b0d      	ldr	r3, [sp, #52]	; 0x34
1000264e:	2500      	movs	r5, #0
10002650:	17da      	asrs	r2, r3, #31
10002652:	189c      	adds	r4, r3, r2
10002654:	0fdb      	lsrs	r3, r3, #31
10002656:	469a      	mov	sl, r3
10002658:	4054      	eors	r4, r2
1000265a:	3f01      	subs	r7, #1
1000265c:	e001      	b.n	10002662 <_etoa+0x16a>
1000265e:	2d20      	cmp	r5, #32
10002660:	d013      	beq.n	1000268a <_etoa+0x192>
10002662:	aa0a      	add	r2, sp, #40	; 0x28
10002664:	4694      	mov	ip, r2
10002666:	231f      	movs	r3, #31
10002668:	0020      	movs	r0, r4
1000266a:	4463      	add	r3, ip
1000266c:	210a      	movs	r1, #10
1000266e:	3501      	adds	r5, #1
10002670:	195e      	adds	r6, r3, r5
10002672:	f001 f93f 	bl	100038f4 <__wrap___aeabi_uidiv>
10002676:	3130      	adds	r1, #48	; 0x30
10002678:	7031      	strb	r1, [r6, #0]
1000267a:	0020      	movs	r0, r4
1000267c:	210a      	movs	r1, #10
1000267e:	f001 f939 	bl	100038f4 <__wrap___aeabi_uidiv>
10002682:	0026      	movs	r6, r4
10002684:	0004      	movs	r4, r0
10002686:	2e09      	cmp	r6, #9
10002688:	d8e9      	bhi.n	1000265e <_etoa+0x166>
1000268a:	2305      	movs	r3, #5
1000268c:	9306      	str	r3, [sp, #24]
1000268e:	2300      	movs	r3, #0
10002690:	9304      	str	r3, [sp, #16]
10002692:	330a      	adds	r3, #10
10002694:	9303      	str	r3, [sp, #12]
10002696:	4653      	mov	r3, sl
10002698:	9705      	str	r7, [sp, #20]
1000269a:	9f0b      	ldr	r7, [sp, #44]	; 0x2c
1000269c:	9302      	str	r3, [sp, #8]
1000269e:	ab12      	add	r3, sp, #72	; 0x48
100026a0:	9300      	str	r3, [sp, #0]
100026a2:	4642      	mov	r2, r8
100026a4:	465b      	mov	r3, fp
100026a6:	4649      	mov	r1, r9
100026a8:	0038      	movs	r0, r7
100026aa:	9501      	str	r5, [sp, #4]
100026ac:	f7ff fe2e 	bl	1000230c <_ntoa_format>
100026b0:	9b0e      	ldr	r3, [sp, #56]	; 0x38
100026b2:	0004      	movs	r4, r0
100026b4:	2b00      	cmp	r3, #0
100026b6:	d020      	beq.n	100026fa <_etoa+0x202>
100026b8:	9b0c      	ldr	r3, [sp, #48]	; 0x30
100026ba:	1ac5      	subs	r5, r0, r3
100026bc:	9b27      	ldr	r3, [sp, #156]	; 0x9c
100026be:	42ab      	cmp	r3, r5
100026c0:	d91b      	bls.n	100026fa <_etoa+0x202>
100026c2:	001e      	movs	r6, r3
100026c4:	0022      	movs	r2, r4
100026c6:	465b      	mov	r3, fp
100026c8:	4649      	mov	r1, r9
100026ca:	2020      	movs	r0, #32
100026cc:	3501      	adds	r5, #1
100026ce:	47b8      	blx	r7
100026d0:	3401      	adds	r4, #1
100026d2:	42ae      	cmp	r6, r5
100026d4:	d8f6      	bhi.n	100026c4 <_etoa+0x1cc>
100026d6:	e010      	b.n	100026fa <_etoa+0x202>
100026d8:	9b28      	ldr	r3, [sp, #160]	; 0xa0
100026da:	4642      	mov	r2, r8
100026dc:	9304      	str	r3, [sp, #16]
100026de:	9b27      	ldr	r3, [sp, #156]	; 0x9c
100026e0:	4649      	mov	r1, r9
100026e2:	9303      	str	r3, [sp, #12]
100026e4:	9b26      	ldr	r3, [sp, #152]	; 0x98
100026e6:	980b      	ldr	r0, [sp, #44]	; 0x2c
100026e8:	9302      	str	r3, [sp, #8]
100026ea:	4653      	mov	r3, sl
100026ec:	9200      	str	r2, [sp, #0]
100026ee:	9301      	str	r3, [sp, #4]
100026f0:	465b      	mov	r3, fp
100026f2:	9a0c      	ldr	r2, [sp, #48]	; 0x30
100026f4:	f000 f926 	bl	10002944 <_ftoa>
100026f8:	0004      	movs	r4, r0
100026fa:	0020      	movs	r0, r4
100026fc:	b01b      	add	sp, #108	; 0x6c
100026fe:	bcf0      	pop	{r4, r5, r6, r7}
10002700:	46bb      	mov	fp, r7
10002702:	46b2      	mov	sl, r6
10002704:	46a9      	mov	r9, r5
10002706:	46a0      	mov	r8, r4
10002708:	bdf0      	pop	{r4, r5, r6, r7, pc}
1000270a:	46c0      	nop			; (mov r8, r8)
1000270c:	7fefffff 	.word	0x7fefffff
10002710:	ffefffff 	.word	0xffefffff
10002714:	fffff7ff 	.word	0xfffff7ff
10002718:	4b73      	ldr	r3, [pc, #460]	; (100028e8 <_etoa+0x3f0>)
1000271a:	9f09      	ldr	r7, [sp, #36]	; 0x24
1000271c:	469c      	mov	ip, r3
1000271e:	0078      	lsls	r0, r7, #1
10002720:	0d40      	lsrs	r0, r0, #21
10002722:	4460      	add	r0, ip
10002724:	f001 fbba 	bl	10003e9c <__wrap___aeabi_i2d>
10002728:	4a70      	ldr	r2, [pc, #448]	; (100028ec <_etoa+0x3f4>)
1000272a:	4b71      	ldr	r3, [pc, #452]	; (100028f0 <_etoa+0x3f8>)
1000272c:	f001 fb49 	bl	10003dc2 <__wrap___aeabi_dmul>
10002730:	4a70      	ldr	r2, [pc, #448]	; (100028f4 <_etoa+0x3fc>)
10002732:	4b71      	ldr	r3, [pc, #452]	; (100028f8 <_etoa+0x400>)
10002734:	f001 fb26 	bl	10003d84 <__wrap___aeabi_dadd>
10002738:	033b      	lsls	r3, r7, #12
1000273a:	4a70      	ldr	r2, [pc, #448]	; (100028fc <_etoa+0x404>)
1000273c:	0b1b      	lsrs	r3, r3, #12
1000273e:	431a      	orrs	r2, r3
10002740:	0004      	movs	r4, r0
10002742:	000d      	movs	r5, r1
10002744:	0030      	movs	r0, r6
10002746:	0011      	movs	r1, r2
10002748:	4b6d      	ldr	r3, [pc, #436]	; (10002900 <_etoa+0x408>)
1000274a:	2200      	movs	r2, #0
1000274c:	f001 fb15 	bl	10003d7a <__wrap___aeabi_dsub>
10002750:	4a6c      	ldr	r2, [pc, #432]	; (10002904 <_etoa+0x40c>)
10002752:	4b6d      	ldr	r3, [pc, #436]	; (10002908 <_etoa+0x410>)
10002754:	f001 fb35 	bl	10003dc2 <__wrap___aeabi_dmul>
10002758:	0002      	movs	r2, r0
1000275a:	000b      	movs	r3, r1
1000275c:	0020      	movs	r0, r4
1000275e:	0029      	movs	r1, r5
10002760:	f001 fb10 	bl	10003d84 <__wrap___aeabi_dadd>
10002764:	f001 fbb2 	bl	10003ecc <__wrap___aeabi_d2iz>
10002768:	900d      	str	r0, [sp, #52]	; 0x34
1000276a:	f001 fb97 	bl	10003e9c <__wrap___aeabi_i2d>
1000276e:	4a67      	ldr	r2, [pc, #412]	; (1000290c <_etoa+0x414>)
10002770:	4b67      	ldr	r3, [pc, #412]	; (10002910 <_etoa+0x418>)
10002772:	0004      	movs	r4, r0
10002774:	000d      	movs	r5, r1
10002776:	f001 fb24 	bl	10003dc2 <__wrap___aeabi_dmul>
1000277a:	2200      	movs	r2, #0
1000277c:	4b65      	ldr	r3, [pc, #404]	; (10002914 <_etoa+0x41c>)
1000277e:	f001 fb01 	bl	10003d84 <__wrap___aeabi_dadd>
10002782:	f001 fba3 	bl	10003ecc <__wrap___aeabi_d2iz>
10002786:	4a64      	ldr	r2, [pc, #400]	; (10002918 <_etoa+0x420>)
10002788:	0006      	movs	r6, r0
1000278a:	4b64      	ldr	r3, [pc, #400]	; (1000291c <_etoa+0x424>)
1000278c:	0020      	movs	r0, r4
1000278e:	0029      	movs	r1, r5
10002790:	f001 fb17 	bl	10003dc2 <__wrap___aeabi_dmul>
10002794:	0004      	movs	r4, r0
10002796:	0030      	movs	r0, r6
10002798:	000d      	movs	r5, r1
1000279a:	960f      	str	r6, [sp, #60]	; 0x3c
1000279c:	f001 fb7e 	bl	10003e9c <__wrap___aeabi_i2d>
100027a0:	4a5f      	ldr	r2, [pc, #380]	; (10002920 <_etoa+0x428>)
100027a2:	4b60      	ldr	r3, [pc, #384]	; (10002924 <_etoa+0x42c>)
100027a4:	f001 fb0d 	bl	10003dc2 <__wrap___aeabi_dmul>
100027a8:	0002      	movs	r2, r0
100027aa:	000b      	movs	r3, r1
100027ac:	0020      	movs	r0, r4
100027ae:	0029      	movs	r1, r5
100027b0:	f001 fae3 	bl	10003d7a <__wrap___aeabi_dsub>
100027b4:	0002      	movs	r2, r0
100027b6:	000b      	movs	r3, r1
100027b8:	0006      	movs	r6, r0
100027ba:	000f      	movs	r7, r1
100027bc:	f001 fb01 	bl	10003dc2 <__wrap___aeabi_dmul>
100027c0:	0032      	movs	r2, r6
100027c2:	0004      	movs	r4, r0
100027c4:	000d      	movs	r5, r1
100027c6:	003b      	movs	r3, r7
100027c8:	0030      	movs	r0, r6
100027ca:	0039      	movs	r1, r7
100027cc:	f001 fada 	bl	10003d84 <__wrap___aeabi_dadd>
100027d0:	2200      	movs	r2, #0
100027d2:	9010      	str	r0, [sp, #64]	; 0x40
100027d4:	9111      	str	r1, [sp, #68]	; 0x44
100027d6:	4b54      	ldr	r3, [pc, #336]	; (10002928 <_etoa+0x430>)
100027d8:	0020      	movs	r0, r4
100027da:	0029      	movs	r1, r5
100027dc:	f001 fad7 	bl	10003d8e <__wrap___aeabi_ddiv>
100027e0:	2200      	movs	r2, #0
100027e2:	4b52      	ldr	r3, [pc, #328]	; (1000292c <_etoa+0x434>)
100027e4:	f001 face 	bl	10003d84 <__wrap___aeabi_dadd>
100027e8:	0002      	movs	r2, r0
100027ea:	000b      	movs	r3, r1
100027ec:	0020      	movs	r0, r4
100027ee:	0029      	movs	r1, r5
100027f0:	f001 facd 	bl	10003d8e <__wrap___aeabi_ddiv>
100027f4:	2200      	movs	r2, #0
100027f6:	4b4e      	ldr	r3, [pc, #312]	; (10002930 <_etoa+0x438>)
100027f8:	f001 fac4 	bl	10003d84 <__wrap___aeabi_dadd>
100027fc:	0002      	movs	r2, r0
100027fe:	000b      	movs	r3, r1
10002800:	0020      	movs	r0, r4
10002802:	0029      	movs	r1, r5
10002804:	f001 fac3 	bl	10003d8e <__wrap___aeabi_ddiv>
10002808:	000d      	movs	r5, r1
1000280a:	2180      	movs	r1, #128	; 0x80
1000280c:	0004      	movs	r4, r0
1000280e:	0032      	movs	r2, r6
10002810:	003b      	movs	r3, r7
10002812:	2000      	movs	r0, #0
10002814:	05c9      	lsls	r1, r1, #23
10002816:	f001 fab0 	bl	10003d7a <__wrap___aeabi_dsub>
1000281a:	0002      	movs	r2, r0
1000281c:	000b      	movs	r3, r1
1000281e:	0020      	movs	r0, r4
10002820:	0029      	movs	r1, r5
10002822:	f001 faaf 	bl	10003d84 <__wrap___aeabi_dadd>
10002826:	0002      	movs	r2, r0
10002828:	000b      	movs	r3, r1
1000282a:	9810      	ldr	r0, [sp, #64]	; 0x40
1000282c:	9911      	ldr	r1, [sp, #68]	; 0x44
1000282e:	f001 faae 	bl	10003d8e <__wrap___aeabi_ddiv>
10002832:	2200      	movs	r2, #0
10002834:	4b31      	ldr	r3, [pc, #196]	; (100028fc <_etoa+0x404>)
10002836:	f001 faa5 	bl	10003d84 <__wrap___aeabi_dadd>
1000283a:	4b3e      	ldr	r3, [pc, #248]	; (10002934 <_etoa+0x43c>)
1000283c:	9c0f      	ldr	r4, [sp, #60]	; 0x3c
1000283e:	469c      	mov	ip, r3
10002840:	4464      	add	r4, ip
10002842:	2200      	movs	r2, #0
10002844:	0523      	lsls	r3, r4, #20
10002846:	f001 fabc 	bl	10003dc2 <__wrap___aeabi_dmul>
1000284a:	0005      	movs	r5, r0
1000284c:	000e      	movs	r6, r1
1000284e:	0002      	movs	r2, r0
10002850:	000b      	movs	r3, r1
10002852:	980a      	ldr	r0, [sp, #40]	; 0x28
10002854:	9909      	ldr	r1, [sp, #36]	; 0x24
10002856:	f001 faf3 	bl	10003e40 <__wrap___aeabi_dcmplt>
1000285a:	2800      	cmp	r0, #0
1000285c:	d00a      	beq.n	10002874 <_etoa+0x37c>
1000285e:	9b0d      	ldr	r3, [sp, #52]	; 0x34
10002860:	0028      	movs	r0, r5
10002862:	3b01      	subs	r3, #1
10002864:	0031      	movs	r1, r6
10002866:	930d      	str	r3, [sp, #52]	; 0x34
10002868:	2200      	movs	r2, #0
1000286a:	4b30      	ldr	r3, [pc, #192]	; (1000292c <_etoa+0x434>)
1000286c:	f001 fa8f 	bl	10003d8e <__wrap___aeabi_ddiv>
10002870:	0005      	movs	r5, r0
10002872:	000e      	movs	r6, r1
10002874:	27c6      	movs	r7, #198	; 0xc6
10002876:	990d      	ldr	r1, [sp, #52]	; 0x34
10002878:	002b      	movs	r3, r5
1000287a:	3163      	adds	r1, #99	; 0x63
1000287c:	428f      	cmp	r7, r1
1000287e:	41bf      	sbcs	r7, r7
10002880:	9928      	ldr	r1, [sp, #160]	; 0xa0
10002882:	427f      	negs	r7, r7
10002884:	3704      	adds	r7, #4
10002886:	0509      	lsls	r1, r1, #20
10002888:	d400      	bmi.n	1000288c <_etoa+0x394>
1000288a:	e695      	b.n	100025b8 <_etoa+0xc0>
1000288c:	4333      	orrs	r3, r6
1000288e:	d100      	bne.n	10002892 <_etoa+0x39a>
10002890:	e682      	b.n	10002598 <_etoa+0xa0>
10002892:	9c09      	ldr	r4, [sp, #36]	; 0x24
10002894:	4a28      	ldr	r2, [pc, #160]	; (10002938 <_etoa+0x440>)
10002896:	0021      	movs	r1, r4
10002898:	4b28      	ldr	r3, [pc, #160]	; (1000293c <_etoa+0x444>)
1000289a:	980a      	ldr	r0, [sp, #40]	; 0x28
1000289c:	f001 fade 	bl	10003e5c <__wrap___aeabi_dcmpge>
100028a0:	2800      	cmp	r0, #0
100028a2:	d008      	beq.n	100028b6 <_etoa+0x3be>
100028a4:	2200      	movs	r2, #0
100028a6:	0021      	movs	r1, r4
100028a8:	4b25      	ldr	r3, [pc, #148]	; (10002940 <_etoa+0x448>)
100028aa:	980a      	ldr	r0, [sp, #40]	; 0x28
100028ac:	f001 fac8 	bl	10003e40 <__wrap___aeabi_dcmplt>
100028b0:	2800      	cmp	r0, #0
100028b2:	d000      	beq.n	100028b6 <_etoa+0x3be>
100028b4:	e670      	b.n	10002598 <_etoa+0xa0>
100028b6:	9b26      	ldr	r3, [sp, #152]	; 0x98
100028b8:	2b00      	cmp	r3, #0
100028ba:	d100      	bne.n	100028be <_etoa+0x3c6>
100028bc:	e67c      	b.n	100025b8 <_etoa+0xc0>
100028be:	9b0e      	ldr	r3, [sp, #56]	; 0x38
100028c0:	1e5a      	subs	r2, r3, #1
100028c2:	4193      	sbcs	r3, r2
100028c4:	9a26      	ldr	r2, [sp, #152]	; 0x98
100028c6:	1ad3      	subs	r3, r2, r3
100028c8:	9326      	str	r3, [sp, #152]	; 0x98
100028ca:	e675      	b.n	100025b8 <_etoa+0xc0>
100028cc:	2300      	movs	r3, #0
100028ce:	2704      	movs	r7, #4
100028d0:	930d      	str	r3, [sp, #52]	; 0x34
100028d2:	e671      	b.n	100025b8 <_etoa+0xc0>
100028d4:	4643      	mov	r3, r8
100028d6:	930a      	str	r3, [sp, #40]	; 0x28
100028d8:	2380      	movs	r3, #128	; 0x80
100028da:	061b      	lsls	r3, r3, #24
100028dc:	4453      	add	r3, sl
100028de:	9309      	str	r3, [sp, #36]	; 0x24
100028e0:	e642      	b.n	10002568 <_etoa+0x70>
100028e2:	2300      	movs	r3, #0
100028e4:	9326      	str	r3, [sp, #152]	; 0x98
100028e6:	e65f      	b.n	100025a8 <_etoa+0xb0>
100028e8:	fffffc01 	.word	0xfffffc01
100028ec:	509f79fb 	.word	0x509f79fb
100028f0:	3fd34413 	.word	0x3fd34413
100028f4:	8b60c8b3 	.word	0x8b60c8b3
100028f8:	3fc68a28 	.word	0x3fc68a28
100028fc:	3ff00000 	.word	0x3ff00000
10002900:	3ff80000 	.word	0x3ff80000
10002904:	636f4361 	.word	0x636f4361
10002908:	3fd287a7 	.word	0x3fd287a7
1000290c:	0979a371 	.word	0x0979a371
10002910:	400a934f 	.word	0x400a934f
10002914:	3fe00000 	.word	0x3fe00000
10002918:	bbb55516 	.word	0xbbb55516
1000291c:	40026bb1 	.word	0x40026bb1
10002920:	fefa39ef 	.word	0xfefa39ef
10002924:	3fe62e42 	.word	0x3fe62e42
10002928:	402c0000 	.word	0x402c0000
1000292c:	40240000 	.word	0x40240000
10002930:	40180000 	.word	0x40180000
10002934:	000003ff 	.word	0x000003ff
10002938:	eb1c432d 	.word	0xeb1c432d
1000293c:	3f1a36e2 	.word	0x3f1a36e2
10002940:	412e8480 	.word	0x412e8480

10002944 <_ftoa>:
10002944:	b5f0      	push	{r4, r5, r6, r7, lr}
10002946:	464e      	mov	r6, r9
10002948:	46de      	mov	lr, fp
1000294a:	4657      	mov	r7, sl
1000294c:	4645      	mov	r5, r8
1000294e:	b5e0      	push	{r5, r6, r7, lr}
10002950:	b097      	sub	sp, #92	; 0x5c
10002952:	4699      	mov	r9, r3
10002954:	9e20      	ldr	r6, [sp, #128]	; 0x80
10002956:	9f21      	ldr	r7, [sp, #132]	; 0x84
10002958:	9b22      	ldr	r3, [sp, #136]	; 0x88
1000295a:	4683      	mov	fp, r0
1000295c:	4698      	mov	r8, r3
1000295e:	9107      	str	r1, [sp, #28]
10002960:	920c      	str	r2, [sp, #48]	; 0x30
10002962:	003b      	movs	r3, r7
10002964:	0032      	movs	r2, r6
10002966:	0030      	movs	r0, r6
10002968:	0039      	movs	r1, r7
1000296a:	f001 fa84 	bl	10003e76 <__wrap___aeabi_dcmpun>
1000296e:	2800      	cmp	r0, #0
10002970:	d000      	beq.n	10002974 <_ftoa+0x30>
10002972:	e1a9      	b.n	10002cc8 <_ftoa+0x384>
10002974:	2201      	movs	r2, #1
10002976:	0030      	movs	r0, r6
10002978:	0039      	movs	r1, r7
1000297a:	4bca      	ldr	r3, [pc, #808]	; (10002ca4 <_ftoa+0x360>)
1000297c:	4252      	negs	r2, r2
1000297e:	f001 fa5f 	bl	10003e40 <__wrap___aeabi_dcmplt>
10002982:	2800      	cmp	r0, #0
10002984:	d000      	beq.n	10002988 <_ftoa+0x44>
10002986:	e0e1      	b.n	10002b4c <_ftoa+0x208>
10002988:	2201      	movs	r2, #1
1000298a:	0030      	movs	r0, r6
1000298c:	0039      	movs	r1, r7
1000298e:	4bc6      	ldr	r3, [pc, #792]	; (10002ca8 <_ftoa+0x364>)
10002990:	4252      	negs	r2, r2
10002992:	f001 fa6b 	bl	10003e6c <__wrap___aeabi_dcmpgt>
10002996:	2800      	cmp	r0, #0
10002998:	d000      	beq.n	1000299c <_ftoa+0x58>
1000299a:	e0b7      	b.n	10002b0c <_ftoa+0x1c8>
1000299c:	2200      	movs	r2, #0
1000299e:	0030      	movs	r0, r6
100029a0:	0039      	movs	r1, r7
100029a2:	4bc2      	ldr	r3, [pc, #776]	; (10002cac <_ftoa+0x368>)
100029a4:	f001 fa62 	bl	10003e6c <__wrap___aeabi_dcmpgt>
100029a8:	2800      	cmp	r0, #0
100029aa:	d000      	beq.n	100029ae <_ftoa+0x6a>
100029ac:	e099      	b.n	10002ae2 <_ftoa+0x19e>
100029ae:	2200      	movs	r2, #0
100029b0:	0030      	movs	r0, r6
100029b2:	0039      	movs	r1, r7
100029b4:	4bbe      	ldr	r3, [pc, #760]	; (10002cb0 <_ftoa+0x36c>)
100029b6:	f001 fa43 	bl	10003e40 <__wrap___aeabi_dcmplt>
100029ba:	2800      	cmp	r0, #0
100029bc:	d000      	beq.n	100029c0 <_ftoa+0x7c>
100029be:	e090      	b.n	10002ae2 <_ftoa+0x19e>
100029c0:	2200      	movs	r2, #0
100029c2:	2300      	movs	r3, #0
100029c4:	0030      	movs	r0, r6
100029c6:	0039      	movs	r1, r7
100029c8:	f001 fa3a 	bl	10003e40 <__wrap___aeabi_dcmplt>
100029cc:	2800      	cmp	r0, #0
100029ce:	d000      	beq.n	100029d2 <_ftoa+0x8e>
100029d0:	e0b1      	b.n	10002b36 <_ftoa+0x1f2>
100029d2:	2300      	movs	r3, #0
100029d4:	930d      	str	r3, [sp, #52]	; 0x34
100029d6:	9b24      	ldr	r3, [sp, #144]	; 0x90
100029d8:	055b      	lsls	r3, r3, #21
100029da:	d401      	bmi.n	100029e0 <_ftoa+0x9c>
100029dc:	2306      	movs	r3, #6
100029de:	4698      	mov	r8, r3
100029e0:	ab08      	add	r3, sp, #32
100029e2:	469c      	mov	ip, r3
100029e4:	2217      	movs	r2, #23
100029e6:	2400      	movs	r4, #0
100029e8:	2330      	movs	r3, #48	; 0x30
100029ea:	4641      	mov	r1, r8
100029ec:	4462      	add	r2, ip
100029ee:	e004      	b.n	100029fa <_ftoa+0xb6>
100029f0:	3401      	adds	r4, #1
100029f2:	5513      	strb	r3, [r2, r4]
100029f4:	3901      	subs	r1, #1
100029f6:	2c20      	cmp	r4, #32
100029f8:	d001      	beq.n	100029fe <_ftoa+0xba>
100029fa:	2909      	cmp	r1, #9
100029fc:	d8f8      	bhi.n	100029f0 <_ftoa+0xac>
100029fe:	4688      	mov	r8, r1
10002a00:	0030      	movs	r0, r6
10002a02:	0039      	movs	r1, r7
10002a04:	f001 fa62 	bl	10003ecc <__wrap___aeabi_d2iz>
10002a08:	4643      	mov	r3, r8
10002a0a:	00da      	lsls	r2, r3, #3
10002a0c:	4ba9      	ldr	r3, [pc, #676]	; (10002cb4 <_ftoa+0x370>)
10002a0e:	0005      	movs	r5, r0
10002a10:	189b      	adds	r3, r3, r2
10002a12:	681a      	ldr	r2, [r3, #0]
10002a14:	685b      	ldr	r3, [r3, #4]
10002a16:	9208      	str	r2, [sp, #32]
10002a18:	9309      	str	r3, [sp, #36]	; 0x24
10002a1a:	f001 fa3f 	bl	10003e9c <__wrap___aeabi_i2d>
10002a1e:	0002      	movs	r2, r0
10002a20:	000b      	movs	r3, r1
10002a22:	0030      	movs	r0, r6
10002a24:	0039      	movs	r1, r7
10002a26:	f001 f9a8 	bl	10003d7a <__wrap___aeabi_dsub>
10002a2a:	9a08      	ldr	r2, [sp, #32]
10002a2c:	9b09      	ldr	r3, [sp, #36]	; 0x24
10002a2e:	f001 f9c8 	bl	10003dc2 <__wrap___aeabi_dmul>
10002a32:	900a      	str	r0, [sp, #40]	; 0x28
10002a34:	910b      	str	r1, [sp, #44]	; 0x2c
10002a36:	f001 fa6d 	bl	10003f14 <__wrap___aeabi_d2uiz>
10002a3a:	4682      	mov	sl, r0
10002a3c:	f001 fa2a 	bl	10003e94 <__wrap___aeabi_ui2d>
10002a40:	0002      	movs	r2, r0
10002a42:	000b      	movs	r3, r1
10002a44:	980a      	ldr	r0, [sp, #40]	; 0x28
10002a46:	990b      	ldr	r1, [sp, #44]	; 0x2c
10002a48:	f001 f997 	bl	10003d7a <__wrap___aeabi_dsub>
10002a4c:	2200      	movs	r2, #0
10002a4e:	4b9a      	ldr	r3, [pc, #616]	; (10002cb8 <_ftoa+0x374>)
10002a50:	900a      	str	r0, [sp, #40]	; 0x28
10002a52:	910b      	str	r1, [sp, #44]	; 0x2c
10002a54:	f001 fa0a 	bl	10003e6c <__wrap___aeabi_dcmpgt>
10002a58:	2800      	cmp	r0, #0
10002a5a:	d100      	bne.n	10002a5e <_ftoa+0x11a>
10002a5c:	e0c0      	b.n	10002be0 <_ftoa+0x29c>
10002a5e:	2301      	movs	r3, #1
10002a60:	469c      	mov	ip, r3
10002a62:	44e2      	add	sl, ip
10002a64:	4650      	mov	r0, sl
10002a66:	f001 fa15 	bl	10003e94 <__wrap___aeabi_ui2d>
10002a6a:	0002      	movs	r2, r0
10002a6c:	000b      	movs	r3, r1
10002a6e:	9808      	ldr	r0, [sp, #32]
10002a70:	9909      	ldr	r1, [sp, #36]	; 0x24
10002a72:	f001 f9eb 	bl	10003e4c <__wrap___aeabi_dcmple>
10002a76:	2800      	cmp	r0, #0
10002a78:	d002      	beq.n	10002a80 <_ftoa+0x13c>
10002a7a:	2300      	movs	r3, #0
10002a7c:	469a      	mov	sl, r3
10002a7e:	3501      	adds	r5, #1
10002a80:	4643      	mov	r3, r8
10002a82:	2b00      	cmp	r3, #0
10002a84:	d06a      	beq.n	10002b5c <_ftoa+0x218>
10002a86:	ab08      	add	r3, sp, #32
10002a88:	2617      	movs	r6, #23
10002a8a:	469c      	mov	ip, r3
10002a8c:	9508      	str	r5, [sp, #32]
10002a8e:	4466      	add	r6, ip
10002a90:	4655      	mov	r5, sl
10002a92:	e014      	b.n	10002abe <_ftoa+0x17a>
10002a94:	2301      	movs	r3, #1
10002a96:	425b      	negs	r3, r3
10002a98:	4443      	add	r3, r8
10002a9a:	210a      	movs	r1, #10
10002a9c:	0028      	movs	r0, r5
10002a9e:	469a      	mov	sl, r3
10002aa0:	f000 ff28 	bl	100038f4 <__wrap___aeabi_uidiv>
10002aa4:	3401      	adds	r4, #1
10002aa6:	3130      	adds	r1, #48	; 0x30
10002aa8:	1937      	adds	r7, r6, r4
10002aaa:	7039      	strb	r1, [r7, #0]
10002aac:	0028      	movs	r0, r5
10002aae:	210a      	movs	r1, #10
10002ab0:	f000 ff20 	bl	100038f4 <__wrap___aeabi_uidiv>
10002ab4:	2d09      	cmp	r5, #9
10002ab6:	d800      	bhi.n	10002aba <_ftoa+0x176>
10002ab8:	e0d0      	b.n	10002c5c <_ftoa+0x318>
10002aba:	46d0      	mov	r8, sl
10002abc:	0005      	movs	r5, r0
10002abe:	2c20      	cmp	r4, #32
10002ac0:	d1e8      	bne.n	10002a94 <_ftoa+0x150>
10002ac2:	ab0e      	add	r3, sp, #56	; 0x38
10002ac4:	4698      	mov	r8, r3
10002ac6:	2303      	movs	r3, #3
10002ac8:	9a24      	ldr	r2, [sp, #144]	; 0x90
10002aca:	4013      	ands	r3, r2
10002acc:	2b01      	cmp	r3, #1
10002ace:	d100      	bne.n	10002ad2 <_ftoa+0x18e>
10002ad0:	e096      	b.n	10002c00 <_ftoa+0x2bc>
10002ad2:	2320      	movs	r3, #32
10002ad4:	9a24      	ldr	r2, [sp, #144]	; 0x90
10002ad6:	9301      	str	r3, [sp, #4]
10002ad8:	9203      	str	r2, [sp, #12]
10002ada:	9a23      	ldr	r2, [sp, #140]	; 0x8c
10002adc:	4643      	mov	r3, r8
10002ade:	9202      	str	r2, [sp, #8]
10002ae0:	e01e      	b.n	10002b20 <_ftoa+0x1dc>
10002ae2:	9b24      	ldr	r3, [sp, #144]	; 0x90
10002ae4:	4658      	mov	r0, fp
10002ae6:	9304      	str	r3, [sp, #16]
10002ae8:	9b23      	ldr	r3, [sp, #140]	; 0x8c
10002aea:	9600      	str	r6, [sp, #0]
10002aec:	9701      	str	r7, [sp, #4]
10002aee:	9303      	str	r3, [sp, #12]
10002af0:	4643      	mov	r3, r8
10002af2:	9a0c      	ldr	r2, [sp, #48]	; 0x30
10002af4:	9302      	str	r3, [sp, #8]
10002af6:	9907      	ldr	r1, [sp, #28]
10002af8:	464b      	mov	r3, r9
10002afa:	f7ff fcfd 	bl	100024f8 <_etoa>
10002afe:	b017      	add	sp, #92	; 0x5c
10002b00:	bcf0      	pop	{r4, r5, r6, r7}
10002b02:	46bb      	mov	fp, r7
10002b04:	46b2      	mov	sl, r6
10002b06:	46a9      	mov	r9, r5
10002b08:	46a0      	mov	r8, r4
10002b0a:	bdf0      	pop	{r4, r5, r6, r7, pc}
10002b0c:	9b24      	ldr	r3, [sp, #144]	; 0x90
10002b0e:	075b      	lsls	r3, r3, #29
10002b10:	d40e      	bmi.n	10002b30 <_ftoa+0x1ec>
10002b12:	2203      	movs	r2, #3
10002b14:	4b69      	ldr	r3, [pc, #420]	; (10002cbc <_ftoa+0x378>)
10002b16:	9924      	ldr	r1, [sp, #144]	; 0x90
10002b18:	9201      	str	r2, [sp, #4]
10002b1a:	9103      	str	r1, [sp, #12]
10002b1c:	9923      	ldr	r1, [sp, #140]	; 0x8c
10002b1e:	9102      	str	r1, [sp, #8]
10002b20:	9300      	str	r3, [sp, #0]
10002b22:	4658      	mov	r0, fp
10002b24:	464b      	mov	r3, r9
10002b26:	9a0c      	ldr	r2, [sp, #48]	; 0x30
10002b28:	9907      	ldr	r1, [sp, #28]
10002b2a:	f7ff fba1 	bl	10002270 <_out_rev>
10002b2e:	e7e6      	b.n	10002afe <_ftoa+0x1ba>
10002b30:	2204      	movs	r2, #4
10002b32:	4b63      	ldr	r3, [pc, #396]	; (10002cc0 <_ftoa+0x37c>)
10002b34:	e7ef      	b.n	10002b16 <_ftoa+0x1d2>
10002b36:	003b      	movs	r3, r7
10002b38:	0032      	movs	r2, r6
10002b3a:	2000      	movs	r0, #0
10002b3c:	2100      	movs	r1, #0
10002b3e:	f001 f91c 	bl	10003d7a <__wrap___aeabi_dsub>
10002b42:	2301      	movs	r3, #1
10002b44:	0006      	movs	r6, r0
10002b46:	000f      	movs	r7, r1
10002b48:	930d      	str	r3, [sp, #52]	; 0x34
10002b4a:	e744      	b.n	100029d6 <_ftoa+0x92>
10002b4c:	9b24      	ldr	r3, [sp, #144]	; 0x90
10002b4e:	9303      	str	r3, [sp, #12]
10002b50:	9b23      	ldr	r3, [sp, #140]	; 0x8c
10002b52:	9302      	str	r3, [sp, #8]
10002b54:	2304      	movs	r3, #4
10002b56:	9301      	str	r3, [sp, #4]
10002b58:	4b5a      	ldr	r3, [pc, #360]	; (10002cc4 <_ftoa+0x380>)
10002b5a:	e7e1      	b.n	10002b20 <_ftoa+0x1dc>
10002b5c:	0028      	movs	r0, r5
10002b5e:	f001 f99d 	bl	10003e9c <__wrap___aeabi_i2d>
10002b62:	0002      	movs	r2, r0
10002b64:	000b      	movs	r3, r1
10002b66:	0030      	movs	r0, r6
10002b68:	0039      	movs	r1, r7
10002b6a:	f001 f906 	bl	10003d7a <__wrap___aeabi_dsub>
10002b6e:	4b52      	ldr	r3, [pc, #328]	; (10002cb8 <_ftoa+0x374>)
10002b70:	2200      	movs	r2, #0
10002b72:	0006      	movs	r6, r0
10002b74:	000f      	movs	r7, r1
10002b76:	f001 f963 	bl	10003e40 <__wrap___aeabi_dcmplt>
10002b7a:	ab0e      	add	r3, sp, #56	; 0x38
10002b7c:	4698      	mov	r8, r3
10002b7e:	2800      	cmp	r0, #0
10002b80:	d10a      	bne.n	10002b98 <_ftoa+0x254>
10002b82:	2200      	movs	r2, #0
10002b84:	0030      	movs	r0, r6
10002b86:	0039      	movs	r1, r7
10002b88:	4b4b      	ldr	r3, [pc, #300]	; (10002cb8 <_ftoa+0x374>)
10002b8a:	f001 f96f 	bl	10003e6c <__wrap___aeabi_dcmpgt>
10002b8e:	2800      	cmp	r0, #0
10002b90:	d102      	bne.n	10002b98 <_ftoa+0x254>
10002b92:	07eb      	lsls	r3, r5, #31
10002b94:	d500      	bpl.n	10002b98 <_ftoa+0x254>
10002b96:	3501      	adds	r5, #1
10002b98:	2c20      	cmp	r4, #32
10002b9a:	d094      	beq.n	10002ac6 <_ftoa+0x182>
10002b9c:	aa08      	add	r2, sp, #32
10002b9e:	4694      	mov	ip, r2
10002ba0:	2317      	movs	r3, #23
10002ba2:	0028      	movs	r0, r5
10002ba4:	4463      	add	r3, ip
10002ba6:	210a      	movs	r1, #10
10002ba8:	3401      	adds	r4, #1
10002baa:	191e      	adds	r6, r3, r4
10002bac:	f000 fe7a 	bl	100038a4 <__wrap___aeabi_idiv>
10002bb0:	3130      	adds	r1, #48	; 0x30
10002bb2:	0028      	movs	r0, r5
10002bb4:	7031      	strb	r1, [r6, #0]
10002bb6:	210a      	movs	r1, #10
10002bb8:	f000 fe74 	bl	100038a4 <__wrap___aeabi_idiv>
10002bbc:	1e05      	subs	r5, r0, #0
10002bbe:	d1eb      	bne.n	10002b98 <_ftoa+0x254>
10002bc0:	2303      	movs	r3, #3
10002bc2:	9a24      	ldr	r2, [sp, #144]	; 0x90
10002bc4:	4013      	ands	r3, r2
10002bc6:	2b01      	cmp	r3, #1
10002bc8:	d01b      	beq.n	10002c02 <_ftoa+0x2be>
10002bca:	2c20      	cmp	r4, #32
10002bcc:	d100      	bne.n	10002bd0 <_ftoa+0x28c>
10002bce:	e780      	b.n	10002ad2 <_ftoa+0x18e>
10002bd0:	9b0d      	ldr	r3, [sp, #52]	; 0x34
10002bd2:	2b00      	cmp	r3, #0
10002bd4:	d035      	beq.n	10002c42 <_ftoa+0x2fe>
10002bd6:	222d      	movs	r2, #45	; 0x2d
10002bd8:	4641      	mov	r1, r8
10002bda:	1c63      	adds	r3, r4, #1
10002bdc:	550a      	strb	r2, [r1, r4]
10002bde:	e779      	b.n	10002ad4 <_ftoa+0x190>
10002be0:	2200      	movs	r2, #0
10002be2:	980a      	ldr	r0, [sp, #40]	; 0x28
10002be4:	990b      	ldr	r1, [sp, #44]	; 0x2c
10002be6:	4b34      	ldr	r3, [pc, #208]	; (10002cb8 <_ftoa+0x374>)
10002be8:	f001 f92a 	bl	10003e40 <__wrap___aeabi_dcmplt>
10002bec:	2800      	cmp	r0, #0
10002bee:	d000      	beq.n	10002bf2 <_ftoa+0x2ae>
10002bf0:	e746      	b.n	10002a80 <_ftoa+0x13c>
10002bf2:	4653      	mov	r3, sl
10002bf4:	2b00      	cmp	r3, #0
10002bf6:	d151      	bne.n	10002c9c <_ftoa+0x358>
10002bf8:	2301      	movs	r3, #1
10002bfa:	469c      	mov	ip, r3
10002bfc:	44e2      	add	sl, ip
10002bfe:	e73f      	b.n	10002a80 <_ftoa+0x13c>
10002c00:	2420      	movs	r4, #32
10002c02:	9b23      	ldr	r3, [sp, #140]	; 0x8c
10002c04:	2b00      	cmp	r3, #0
10002c06:	d0e0      	beq.n	10002bca <_ftoa+0x286>
10002c08:	9b0d      	ldr	r3, [sp, #52]	; 0x34
10002c0a:	2b00      	cmp	r3, #0
10002c0c:	d103      	bne.n	10002c16 <_ftoa+0x2d2>
10002c0e:	9a24      	ldr	r2, [sp, #144]	; 0x90
10002c10:	330c      	adds	r3, #12
10002c12:	4213      	tst	r3, r2
10002c14:	d002      	beq.n	10002c1c <_ftoa+0x2d8>
10002c16:	9b23      	ldr	r3, [sp, #140]	; 0x8c
10002c18:	3b01      	subs	r3, #1
10002c1a:	9323      	str	r3, [sp, #140]	; 0x8c
10002c1c:	9b23      	ldr	r3, [sp, #140]	; 0x8c
10002c1e:	42a3      	cmp	r3, r4
10002c20:	d9d3      	bls.n	10002bca <_ftoa+0x286>
10002c22:	ab08      	add	r3, sp, #32
10002c24:	469c      	mov	ip, r3
10002c26:	2217      	movs	r2, #23
10002c28:	2330      	movs	r3, #48	; 0x30
10002c2a:	4462      	add	r2, ip
10002c2c:	2c20      	cmp	r4, #32
10002c2e:	d100      	bne.n	10002c32 <_ftoa+0x2ee>
10002c30:	e74f      	b.n	10002ad2 <_ftoa+0x18e>
10002c32:	9923      	ldr	r1, [sp, #140]	; 0x8c
10002c34:	3401      	adds	r4, #1
10002c36:	5513      	strb	r3, [r2, r4]
10002c38:	428c      	cmp	r4, r1
10002c3a:	d0c6      	beq.n	10002bca <_ftoa+0x286>
10002c3c:	2c20      	cmp	r4, #32
10002c3e:	d1f8      	bne.n	10002c32 <_ftoa+0x2ee>
10002c40:	e747      	b.n	10002ad2 <_ftoa+0x18e>
10002c42:	9b24      	ldr	r3, [sp, #144]	; 0x90
10002c44:	075b      	lsls	r3, r3, #29
10002c46:	d424      	bmi.n	10002c92 <_ftoa+0x34e>
10002c48:	9a24      	ldr	r2, [sp, #144]	; 0x90
10002c4a:	0023      	movs	r3, r4
10002c4c:	0712      	lsls	r2, r2, #28
10002c4e:	d400      	bmi.n	10002c52 <_ftoa+0x30e>
10002c50:	e740      	b.n	10002ad4 <_ftoa+0x190>
10002c52:	2220      	movs	r2, #32
10002c54:	4641      	mov	r1, r8
10002c56:	3301      	adds	r3, #1
10002c58:	550a      	strb	r2, [r1, r4]
10002c5a:	e73b      	b.n	10002ad4 <_ftoa+0x190>
10002c5c:	4657      	mov	r7, sl
10002c5e:	9d08      	ldr	r5, [sp, #32]
10002c60:	2c20      	cmp	r4, #32
10002c62:	d100      	bne.n	10002c66 <_ftoa+0x322>
10002c64:	e72d      	b.n	10002ac2 <_ftoa+0x17e>
10002c66:	0022      	movs	r2, r4
10002c68:	2130      	movs	r1, #48	; 0x30
10002c6a:	4640      	mov	r0, r8
10002c6c:	2f00      	cmp	r7, #0
10002c6e:	d009      	beq.n	10002c84 <_ftoa+0x340>
10002c70:	3201      	adds	r2, #1
10002c72:	54b1      	strb	r1, [r6, r2]
10002c74:	2a20      	cmp	r2, #32
10002c76:	d100      	bne.n	10002c7a <_ftoa+0x336>
10002c78:	e723      	b.n	10002ac2 <_ftoa+0x17e>
10002c7a:	43d3      	mvns	r3, r2
10002c7c:	191b      	adds	r3, r3, r4
10002c7e:	181b      	adds	r3, r3, r0
10002c80:	2b00      	cmp	r3, #0
10002c82:	d1f5      	bne.n	10002c70 <_ftoa+0x32c>
10002c84:	ab0e      	add	r3, sp, #56	; 0x38
10002c86:	4698      	mov	r8, r3
10002c88:	232e      	movs	r3, #46	; 0x2e
10002c8a:	4641      	mov	r1, r8
10002c8c:	1c54      	adds	r4, r2, #1
10002c8e:	548b      	strb	r3, [r1, r2]
10002c90:	e782      	b.n	10002b98 <_ftoa+0x254>
10002c92:	222b      	movs	r2, #43	; 0x2b
10002c94:	4641      	mov	r1, r8
10002c96:	1c63      	adds	r3, r4, #1
10002c98:	550a      	strb	r2, [r1, r4]
10002c9a:	e71b      	b.n	10002ad4 <_ftoa+0x190>
10002c9c:	07db      	lsls	r3, r3, #31
10002c9e:	d400      	bmi.n	10002ca2 <_ftoa+0x35e>
10002ca0:	e6ee      	b.n	10002a80 <_ftoa+0x13c>
10002ca2:	e7a9      	b.n	10002bf8 <_ftoa+0x2b4>
10002ca4:	ffefffff 	.word	0xffefffff
10002ca8:	7fefffff 	.word	0x7fefffff
10002cac:	41cdcd65 	.word	0x41cdcd65
10002cb0:	c1cdcd65 	.word	0xc1cdcd65
10002cb4:	10007f30 	.word	0x10007f30
10002cb8:	3fe00000 	.word	0x3fe00000
10002cbc:	10007d38 	.word	0x10007d38
10002cc0:	10007d3c 	.word	0x10007d3c
10002cc4:	10007d48 	.word	0x10007d48
10002cc8:	9b24      	ldr	r3, [sp, #144]	; 0x90
10002cca:	9303      	str	r3, [sp, #12]
10002ccc:	9b23      	ldr	r3, [sp, #140]	; 0x8c
10002cce:	9302      	str	r3, [sp, #8]
10002cd0:	2303      	movs	r3, #3
10002cd2:	9301      	str	r3, [sp, #4]
10002cd4:	4b00      	ldr	r3, [pc, #0]	; (10002cd8 <_ftoa+0x394>)
10002cd6:	e723      	b.n	10002b20 <_ftoa+0x1dc>
10002cd8:	10007d44 	.word	0x10007d44

10002cdc <_vsnprintf>:
10002cdc:	b5f0      	push	{r4, r5, r6, r7, lr}
10002cde:	46de      	mov	lr, fp
10002ce0:	464e      	mov	r6, r9
10002ce2:	4657      	mov	r7, sl
10002ce4:	4645      	mov	r5, r8
10002ce6:	b5e0      	push	{r5, r6, r7, lr}
10002ce8:	b09f      	sub	sp, #124	; 0x7c
10002cea:	001c      	movs	r4, r3
10002cec:	9b28      	ldr	r3, [sp, #160]	; 0xa0
10002cee:	4691      	mov	r9, r2
10002cf0:	9309      	str	r3, [sp, #36]	; 0x24
10002cf2:	4ac9      	ldr	r2, [pc, #804]	; (10003018 <_vsnprintf+0x33c>)
10002cf4:	4bc9      	ldr	r3, [pc, #804]	; (1000301c <_vsnprintf+0x340>)
10002cf6:	468b      	mov	fp, r1
10002cf8:	9008      	str	r0, [sp, #32]
10002cfa:	601a      	str	r2, [r3, #0]
10002cfc:	2900      	cmp	r1, #0
10002cfe:	d100      	bne.n	10002d02 <_vsnprintf+0x26>
10002d00:	e218      	b.n	10003134 <_vsnprintf+0x458>
10002d02:	2300      	movs	r3, #0
10002d04:	7820      	ldrb	r0, [r4, #0]
10002d06:	469a      	mov	sl, r3
10002d08:	2800      	cmp	r0, #0
10002d0a:	d100      	bne.n	10002d0e <_vsnprintf+0x32>
10002d0c:	e21a      	b.n	10003144 <_vsnprintf+0x468>
10002d0e:	0026      	movs	r6, r4
10002d10:	001d      	movs	r5, r3
10002d12:	465c      	mov	r4, fp
10002d14:	e00a      	b.n	10002d2c <_vsnprintf+0x50>
10002d16:	002a      	movs	r2, r5
10002d18:	1c6f      	adds	r7, r5, #1
10002d1a:	464b      	mov	r3, r9
10002d1c:	9d08      	ldr	r5, [sp, #32]
10002d1e:	0021      	movs	r1, r4
10002d20:	47a8      	blx	r5
10002d22:	003d      	movs	r5, r7
10002d24:	3601      	adds	r6, #1
10002d26:	7830      	ldrb	r0, [r6, #0]
10002d28:	2800      	cmp	r0, #0
10002d2a:	d070      	beq.n	10002e0e <_vsnprintf+0x132>
10002d2c:	2825      	cmp	r0, #37	; 0x25
10002d2e:	d1f2      	bne.n	10002d16 <_vsnprintf+0x3a>
10002d30:	2310      	movs	r3, #16
10002d32:	469b      	mov	fp, r3
10002d34:	3b08      	subs	r3, #8
10002d36:	469a      	mov	sl, r3
10002d38:	3b04      	subs	r3, #4
10002d3a:	4698      	mov	r8, r3
10002d3c:	3b02      	subs	r3, #2
10002d3e:	2100      	movs	r1, #0
10002d40:	469c      	mov	ip, r3
10002d42:	1c72      	adds	r2, r6, #1
10002d44:	7810      	ldrb	r0, [r2, #0]
10002d46:	0016      	movs	r6, r2
10002d48:	0003      	movs	r3, r0
10002d4a:	3b20      	subs	r3, #32
10002d4c:	b2db      	uxtb	r3, r3
10002d4e:	2b10      	cmp	r3, #16
10002d50:	d803      	bhi.n	10002d5a <_vsnprintf+0x7e>
10002d52:	4fb3      	ldr	r7, [pc, #716]	; (10003020 <_vsnprintf+0x344>)
10002d54:	009b      	lsls	r3, r3, #2
10002d56:	58fb      	ldr	r3, [r7, r3]
10002d58:	469f      	mov	pc, r3
10002d5a:	0003      	movs	r3, r0
10002d5c:	3b30      	subs	r3, #48	; 0x30
10002d5e:	2b09      	cmp	r3, #9
10002d60:	d932      	bls.n	10002dc8 <_vsnprintf+0xec>
10002d62:	2300      	movs	r3, #0
10002d64:	930a      	str	r3, [sp, #40]	; 0x28
10002d66:	282a      	cmp	r0, #42	; 0x2a
10002d68:	d068      	beq.n	10002e3c <_vsnprintf+0x160>
10002d6a:	2300      	movs	r3, #0
10002d6c:	4698      	mov	r8, r3
10002d6e:	282e      	cmp	r0, #46	; 0x2e
10002d70:	d03e      	beq.n	10002df0 <_vsnprintf+0x114>
10002d72:	0003      	movs	r3, r0
10002d74:	3b68      	subs	r3, #104	; 0x68
10002d76:	b2db      	uxtb	r3, r3
10002d78:	2b12      	cmp	r3, #18
10002d7a:	d81c      	bhi.n	10002db6 <_vsnprintf+0xda>
10002d7c:	4aa9      	ldr	r2, [pc, #676]	; (10003024 <_vsnprintf+0x348>)
10002d7e:	009b      	lsls	r3, r3, #2
10002d80:	58d3      	ldr	r3, [r2, r3]
10002d82:	469f      	mov	pc, r3
10002d84:	2301      	movs	r3, #1
10002d86:	3201      	adds	r2, #1
10002d88:	4319      	orrs	r1, r3
10002d8a:	e7db      	b.n	10002d44 <_vsnprintf+0x68>
10002d8c:	4663      	mov	r3, ip
10002d8e:	3201      	adds	r2, #1
10002d90:	4319      	orrs	r1, r3
10002d92:	e7d7      	b.n	10002d44 <_vsnprintf+0x68>
10002d94:	4643      	mov	r3, r8
10002d96:	3201      	adds	r2, #1
10002d98:	4319      	orrs	r1, r3
10002d9a:	e7d3      	b.n	10002d44 <_vsnprintf+0x68>
10002d9c:	465b      	mov	r3, fp
10002d9e:	3201      	adds	r2, #1
10002da0:	4319      	orrs	r1, r3
10002da2:	e7cf      	b.n	10002d44 <_vsnprintf+0x68>
10002da4:	4653      	mov	r3, sl
10002da6:	3201      	adds	r2, #1
10002da8:	4319      	orrs	r1, r3
10002daa:	e7cb      	b.n	10002d44 <_vsnprintf+0x68>
10002dac:	2380      	movs	r3, #128	; 0x80
10002dae:	005b      	lsls	r3, r3, #1
10002db0:	7870      	ldrb	r0, [r6, #1]
10002db2:	4319      	orrs	r1, r3
10002db4:	3601      	adds	r6, #1
10002db6:	0003      	movs	r3, r0
10002db8:	3b25      	subs	r3, #37	; 0x25
10002dba:	b2db      	uxtb	r3, r3
10002dbc:	2b53      	cmp	r3, #83	; 0x53
10002dbe:	d8aa      	bhi.n	10002d16 <_vsnprintf+0x3a>
10002dc0:	4a99      	ldr	r2, [pc, #612]	; (10003028 <_vsnprintf+0x34c>)
10002dc2:	009b      	lsls	r3, r3, #2
10002dc4:	58d3      	ldr	r3, [r2, r3]
10002dc6:	469f      	mov	pc, r3
10002dc8:	2700      	movs	r7, #0
10002dca:	0003      	movs	r3, r0
10002dcc:	00b8      	lsls	r0, r7, #2
10002dce:	19c0      	adds	r0, r0, r7
10002dd0:	3601      	adds	r6, #1
10002dd2:	0040      	lsls	r0, r0, #1
10002dd4:	18c0      	adds	r0, r0, r3
10002dd6:	7833      	ldrb	r3, [r6, #0]
10002dd8:	3830      	subs	r0, #48	; 0x30
10002dda:	001a      	movs	r2, r3
10002ddc:	3a30      	subs	r2, #48	; 0x30
10002dde:	0007      	movs	r7, r0
10002de0:	2a09      	cmp	r2, #9
10002de2:	d9f3      	bls.n	10002dcc <_vsnprintf+0xf0>
10002de4:	900a      	str	r0, [sp, #40]	; 0x28
10002de6:	0018      	movs	r0, r3
10002de8:	2300      	movs	r3, #0
10002dea:	4698      	mov	r8, r3
10002dec:	282e      	cmp	r0, #46	; 0x2e
10002dee:	d1c0      	bne.n	10002d72 <_vsnprintf+0x96>
10002df0:	2380      	movs	r3, #128	; 0x80
10002df2:	7870      	ldrb	r0, [r6, #1]
10002df4:	00db      	lsls	r3, r3, #3
10002df6:	4319      	orrs	r1, r3
10002df8:	0003      	movs	r3, r0
10002dfa:	3b30      	subs	r3, #48	; 0x30
10002dfc:	1c72      	adds	r2, r6, #1
10002dfe:	2b09      	cmp	r3, #9
10002e00:	d800      	bhi.n	10002e04 <_vsnprintf+0x128>
10002e02:	e1a1      	b.n	10003148 <_vsnprintf+0x46c>
10002e04:	282a      	cmp	r0, #42	; 0x2a
10002e06:	d100      	bne.n	10002e0a <_vsnprintf+0x12e>
10002e08:	e1b2      	b.n	10003170 <_vsnprintf+0x494>
10002e0a:	0016      	movs	r6, r2
10002e0c:	e7b1      	b.n	10002d72 <_vsnprintf+0x96>
10002e0e:	46a3      	mov	fp, r4
10002e10:	46aa      	mov	sl, r5
10002e12:	002c      	movs	r4, r5
10002e14:	45d1      	cmp	r9, sl
10002e16:	d803      	bhi.n	10002e20 <_vsnprintf+0x144>
10002e18:	2301      	movs	r3, #1
10002e1a:	425b      	negs	r3, r3
10002e1c:	444b      	add	r3, r9
10002e1e:	469a      	mov	sl, r3
10002e20:	464b      	mov	r3, r9
10002e22:	4652      	mov	r2, sl
10002e24:	4659      	mov	r1, fp
10002e26:	2000      	movs	r0, #0
10002e28:	9d08      	ldr	r5, [sp, #32]
10002e2a:	47a8      	blx	r5
10002e2c:	0020      	movs	r0, r4
10002e2e:	b01f      	add	sp, #124	; 0x7c
10002e30:	bcf0      	pop	{r4, r5, r6, r7}
10002e32:	46bb      	mov	fp, r7
10002e34:	46b2      	mov	sl, r6
10002e36:	46a9      	mov	r9, r5
10002e38:	46a0      	mov	r8, r4
10002e3a:	bdf0      	pop	{r4, r5, r6, r7, pc}
10002e3c:	9b09      	ldr	r3, [sp, #36]	; 0x24
10002e3e:	cb40      	ldmia	r3!, {r6}
10002e40:	960a      	str	r6, [sp, #40]	; 0x28
10002e42:	2e00      	cmp	r6, #0
10002e44:	db03      	blt.n	10002e4e <_vsnprintf+0x172>
10002e46:	7850      	ldrb	r0, [r2, #1]
10002e48:	9309      	str	r3, [sp, #36]	; 0x24
10002e4a:	1c56      	adds	r6, r2, #1
10002e4c:	e78d      	b.n	10002d6a <_vsnprintf+0x8e>
10002e4e:	3828      	subs	r0, #40	; 0x28
10002e50:	4301      	orrs	r1, r0
10002e52:	4270      	negs	r0, r6
10002e54:	900a      	str	r0, [sp, #40]	; 0x28
10002e56:	9309      	str	r3, [sp, #36]	; 0x24
10002e58:	7850      	ldrb	r0, [r2, #1]
10002e5a:	1c56      	adds	r6, r2, #1
10002e5c:	e785      	b.n	10002d6a <_vsnprintf+0x8e>
10002e5e:	2878      	cmp	r0, #120	; 0x78
10002e60:	d100      	bne.n	10002e64 <_vsnprintf+0x188>
10002e62:	e1df      	b.n	10003224 <_vsnprintf+0x548>
10002e64:	2858      	cmp	r0, #88	; 0x58
10002e66:	d100      	bne.n	10002e6a <_vsnprintf+0x18e>
10002e68:	e24c      	b.n	10003304 <_vsnprintf+0x628>
10002e6a:	286f      	cmp	r0, #111	; 0x6f
10002e6c:	d100      	bne.n	10002e70 <_vsnprintf+0x194>
10002e6e:	e34f      	b.n	10003510 <_vsnprintf+0x834>
10002e70:	2862      	cmp	r0, #98	; 0x62
10002e72:	d101      	bne.n	10002e78 <_vsnprintf+0x19c>
10002e74:	f000 fc30 	bl	100036d8 <_vsnprintf+0x9fc>
10002e78:	2310      	movs	r3, #16
10002e7a:	000a      	movs	r2, r1
10002e7c:	439a      	bics	r2, r3
10002e7e:	920b      	str	r2, [sp, #44]	; 0x2c
10002e80:	2869      	cmp	r0, #105	; 0x69
10002e82:	d001      	beq.n	10002e88 <_vsnprintf+0x1ac>
10002e84:	f000 fca9 	bl	100037da <_vsnprintf+0xafe>
10002e88:	230a      	movs	r3, #10
10002e8a:	930c      	str	r3, [sp, #48]	; 0x30
10002e8c:	054b      	lsls	r3, r1, #21
10002e8e:	d500      	bpl.n	10002e92 <_vsnprintf+0x1b6>
10002e90:	e1d0      	b.n	10003234 <_vsnprintf+0x558>
10002e92:	9a0b      	ldr	r2, [sp, #44]	; 0x2c
10002e94:	2380      	movs	r3, #128	; 0x80
10002e96:	0011      	movs	r1, r2
10002e98:	009b      	lsls	r3, r3, #2
10002e9a:	4019      	ands	r1, r3
10002e9c:	468b      	mov	fp, r1
10002e9e:	421a      	tst	r2, r3
10002ea0:	d000      	beq.n	10002ea4 <_vsnprintf+0x1c8>
10002ea2:	e2a1      	b.n	100033e8 <_vsnprintf+0x70c>
10002ea4:	2380      	movs	r3, #128	; 0x80
10002ea6:	0011      	movs	r1, r2
10002ea8:	005b      	lsls	r3, r3, #1
10002eaa:	4019      	ands	r1, r3
10002eac:	468a      	mov	sl, r1
10002eae:	421a      	tst	r2, r3
10002eb0:	d000      	beq.n	10002eb4 <_vsnprintf+0x1d8>
10002eb2:	e3b6      	b.n	10003622 <_vsnprintf+0x946>
10002eb4:	0013      	movs	r3, r2
10002eb6:	065b      	lsls	r3, r3, #25
10002eb8:	d500      	bpl.n	10002ebc <_vsnprintf+0x1e0>
10002eba:	e2ed      	b.n	10003498 <_vsnprintf+0x7bc>
10002ebc:	0013      	movs	r3, r2
10002ebe:	9909      	ldr	r1, [sp, #36]	; 0x24
10002ec0:	061b      	lsls	r3, r3, #24
10002ec2:	d401      	bmi.n	10002ec8 <_vsnprintf+0x1ec>
10002ec4:	f000 fc76 	bl	100037b4 <_vsnprintf+0xad8>
10002ec8:	c908      	ldmia	r1!, {r3}
10002eca:	b21b      	sxth	r3, r3
10002ecc:	17d8      	asrs	r0, r3, #31
10002ece:	181a      	adds	r2, r3, r0
10002ed0:	4042      	eors	r2, r0
10002ed2:	b292      	uxth	r2, r2
10002ed4:	9109      	str	r1, [sp, #36]	; 0x24
10002ed6:	4693      	mov	fp, r2
10002ed8:	0fda      	lsrs	r2, r3, #31
10002eda:	9212      	str	r2, [sp, #72]	; 0x48
10002edc:	2b00      	cmp	r3, #0
10002ede:	d109      	bne.n	10002ef4 <_vsnprintf+0x218>
10002ee0:	2380      	movs	r3, #128	; 0x80
10002ee2:	2210      	movs	r2, #16
10002ee4:	990b      	ldr	r1, [sp, #44]	; 0x2c
10002ee6:	00db      	lsls	r3, r3, #3
10002ee8:	400b      	ands	r3, r1
10002eea:	4391      	bics	r1, r2
10002eec:	910b      	str	r1, [sp, #44]	; 0x2c
10002eee:	2b00      	cmp	r3, #0
10002ef0:	d000      	beq.n	10002ef4 <_vsnprintf+0x218>
10002ef2:	e2e4      	b.n	100034be <_vsnprintf+0x7e2>
10002ef4:	9a0b      	ldr	r2, [sp, #44]	; 0x2c
10002ef6:	2361      	movs	r3, #97	; 0x61
10002ef8:	0692      	lsls	r2, r2, #26
10002efa:	d500      	bpl.n	10002efe <_vsnprintf+0x222>
10002efc:	2341      	movs	r3, #65	; 0x41
10002efe:	a90e      	add	r1, sp, #56	; 0x38
10002f00:	221f      	movs	r2, #31
10002f02:	468c      	mov	ip, r1
10002f04:	b2db      	uxtb	r3, r3
10002f06:	4462      	add	r2, ip
10002f08:	3b0a      	subs	r3, #10
10002f0a:	465f      	mov	r7, fp
10002f0c:	9513      	str	r5, [sp, #76]	; 0x4c
10002f0e:	46a3      	mov	fp, r4
10002f10:	4655      	mov	r5, sl
10002f12:	9c0c      	ldr	r4, [sp, #48]	; 0x30
10002f14:	46b2      	mov	sl, r6
10002f16:	930d      	str	r3, [sp, #52]	; 0x34
10002f18:	0016      	movs	r6, r2
10002f1a:	e00a      	b.n	10002f32 <_vsnprintf+0x256>
10002f1c:	3330      	adds	r3, #48	; 0x30
10002f1e:	b2db      	uxtb	r3, r3
10002f20:	3501      	adds	r5, #1
10002f22:	5573      	strb	r3, [r6, r5]
10002f24:	42a7      	cmp	r7, r4
10002f26:	d200      	bcs.n	10002f2a <_vsnprintf+0x24e>
10002f28:	e2ed      	b.n	10003506 <_vsnprintf+0x82a>
10002f2a:	2d20      	cmp	r5, #32
10002f2c:	d100      	bne.n	10002f30 <_vsnprintf+0x254>
10002f2e:	e2ea      	b.n	10003506 <_vsnprintf+0x82a>
10002f30:	0007      	movs	r7, r0
10002f32:	0021      	movs	r1, r4
10002f34:	0038      	movs	r0, r7
10002f36:	f000 fcdd 	bl	100038f4 <__wrap___aeabi_uidiv>
10002f3a:	b2cb      	uxtb	r3, r1
10002f3c:	2909      	cmp	r1, #9
10002f3e:	d9ed      	bls.n	10002f1c <_vsnprintf+0x240>
10002f40:	9a0d      	ldr	r2, [sp, #52]	; 0x34
10002f42:	4694      	mov	ip, r2
10002f44:	4463      	add	r3, ip
10002f46:	b2db      	uxtb	r3, r3
10002f48:	e7ea      	b.n	10002f20 <_vsnprintf+0x244>
10002f4a:	2380      	movs	r3, #128	; 0x80
10002f4c:	009b      	lsls	r3, r3, #2
10002f4e:	7870      	ldrb	r0, [r6, #1]
10002f50:	4319      	orrs	r1, r3
10002f52:	3601      	adds	r6, #1
10002f54:	e72f      	b.n	10002db6 <_vsnprintf+0xda>
10002f56:	7870      	ldrb	r0, [r6, #1]
10002f58:	2868      	cmp	r0, #104	; 0x68
10002f5a:	d100      	bne.n	10002f5e <_vsnprintf+0x282>
10002f5c:	e1cd      	b.n	100032fa <_vsnprintf+0x61e>
10002f5e:	2380      	movs	r3, #128	; 0x80
10002f60:	3601      	adds	r6, #1
10002f62:	4319      	orrs	r1, r3
10002f64:	e727      	b.n	10002db6 <_vsnprintf+0xda>
10002f66:	7870      	ldrb	r0, [r6, #1]
10002f68:	286c      	cmp	r0, #108	; 0x6c
10002f6a:	d100      	bne.n	10002f6e <_vsnprintf+0x292>
10002f6c:	e1bf      	b.n	100032ee <_vsnprintf+0x612>
10002f6e:	2380      	movs	r3, #128	; 0x80
10002f70:	005b      	lsls	r3, r3, #1
10002f72:	4319      	orrs	r1, r3
10002f74:	3601      	adds	r6, #1
10002f76:	e71e      	b.n	10002db6 <_vsnprintf+0xda>
10002f78:	2846      	cmp	r0, #70	; 0x46
10002f7a:	d100      	bne.n	10002f7e <_vsnprintf+0x2a2>
10002f7c:	e19b      	b.n	100032b6 <_vsnprintf+0x5da>
10002f7e:	2207      	movs	r2, #7
10002f80:	9b09      	ldr	r3, [sp, #36]	; 0x24
10002f82:	9104      	str	r1, [sp, #16]
10002f84:	3307      	adds	r3, #7
10002f86:	4393      	bics	r3, r2
10002f88:	9a0a      	ldr	r2, [sp, #40]	; 0x28
10002f8a:	0019      	movs	r1, r3
10002f8c:	9203      	str	r2, [sp, #12]
10002f8e:	4642      	mov	r2, r8
10002f90:	9202      	str	r2, [sp, #8]
10002f92:	c90c      	ldmia	r1!, {r2, r3}
10002f94:	9808      	ldr	r0, [sp, #32]
10002f96:	9200      	str	r2, [sp, #0]
10002f98:	9301      	str	r3, [sp, #4]
10002f9a:	9109      	str	r1, [sp, #36]	; 0x24
10002f9c:	002a      	movs	r2, r5
10002f9e:	464b      	mov	r3, r9
10002fa0:	0021      	movs	r1, r4
10002fa2:	f7ff fccf 	bl	10002944 <_ftoa>
10002fa6:	3601      	adds	r6, #1
10002fa8:	0005      	movs	r5, r0
10002faa:	e6bc      	b.n	10002d26 <_vsnprintf+0x4a>
10002fac:	002a      	movs	r2, r5
10002fae:	1c6f      	adds	r7, r5, #1
10002fb0:	464b      	mov	r3, r9
10002fb2:	9d08      	ldr	r5, [sp, #32]
10002fb4:	0021      	movs	r1, r4
10002fb6:	2025      	movs	r0, #37	; 0x25
10002fb8:	47a8      	blx	r5
10002fba:	3601      	adds	r6, #1
10002fbc:	003d      	movs	r5, r7
10002fbe:	e6b2      	b.n	10002d26 <_vsnprintf+0x4a>
10002fc0:	078b      	lsls	r3, r1, #30
10002fc2:	d400      	bmi.n	10002fc6 <_vsnprintf+0x2ea>
10002fc4:	e1ad      	b.n	10003322 <_vsnprintf+0x646>
10002fc6:	9b09      	ldr	r3, [sp, #36]	; 0x24
10002fc8:	002a      	movs	r2, r5
10002fca:	469a      	mov	sl, r3
10002fcc:	1c6b      	adds	r3, r5, #1
10002fce:	4698      	mov	r8, r3
10002fd0:	4653      	mov	r3, sl
10002fd2:	cb01      	ldmia	r3!, {r0}
10002fd4:	0021      	movs	r1, r4
10002fd6:	469a      	mov	sl, r3
10002fd8:	9f08      	ldr	r7, [sp, #32]
10002fda:	464b      	mov	r3, r9
10002fdc:	b2c0      	uxtb	r0, r0
10002fde:	47b8      	blx	r7
10002fe0:	9b0a      	ldr	r3, [sp, #40]	; 0x28
10002fe2:	469c      	mov	ip, r3
10002fe4:	4465      	add	r5, ip
10002fe6:	2b01      	cmp	r3, #1
10002fe8:	d800      	bhi.n	10002fec <_vsnprintf+0x310>
10002fea:	e286      	b.n	100034fa <_vsnprintf+0x81e>
10002fec:	9b08      	ldr	r3, [sp, #32]
10002fee:	4647      	mov	r7, r8
10002ff0:	46b0      	mov	r8, r6
10002ff2:	0026      	movs	r6, r4
10002ff4:	464c      	mov	r4, r9
10002ff6:	4699      	mov	r9, r3
10002ff8:	003a      	movs	r2, r7
10002ffa:	0023      	movs	r3, r4
10002ffc:	3701      	adds	r7, #1
10002ffe:	0031      	movs	r1, r6
10003000:	2020      	movs	r0, #32
10003002:	47c8      	blx	r9
10003004:	42af      	cmp	r7, r5
10003006:	d1f7      	bne.n	10002ff8 <_vsnprintf+0x31c>
10003008:	46a1      	mov	r9, r4
1000300a:	4653      	mov	r3, sl
1000300c:	0034      	movs	r4, r6
1000300e:	4646      	mov	r6, r8
10003010:	9309      	str	r3, [sp, #36]	; 0x24
10003012:	3601      	adds	r6, #1
10003014:	e687      	b.n	10002d26 <_vsnprintf+0x4a>
10003016:	46c0      	nop			; (mov r8, r8)
10003018:	10002cdd 	.word	0x10002cdd
1000301c:	200024f4 	.word	0x200024f4
10003020:	10007d50 	.word	0x10007d50
10003024:	10007d94 	.word	0x10007d94
10003028:	10007de0 	.word	0x10007de0
1000302c:	9b09      	ldr	r3, [sp, #36]	; 0x24
1000302e:	cb04      	ldmia	r3!, {r2}
10003030:	469b      	mov	fp, r3
10003032:	4643      	mov	r3, r8
10003034:	9209      	str	r2, [sp, #36]	; 0x24
10003036:	2b00      	cmp	r3, #0
10003038:	d100      	bne.n	1000303c <_vsnprintf+0x360>
1000303a:	e0c6      	b.n	100031ca <_vsnprintf+0x4ee>
1000303c:	7813      	ldrb	r3, [r2, #0]
1000303e:	469c      	mov	ip, r3
10003040:	2b00      	cmp	r3, #0
10003042:	d100      	bne.n	10003046 <_vsnprintf+0x36a>
10003044:	e3bd      	b.n	100037c2 <_vsnprintf+0xae6>
10003046:	4643      	mov	r3, r8
10003048:	3b01      	subs	r3, #1
1000304a:	9a09      	ldr	r2, [sp, #36]	; 0x24
1000304c:	3301      	adds	r3, #1
1000304e:	18d0      	adds	r0, r2, r3
10003050:	9f0a      	ldr	r7, [sp, #40]	; 0x28
10003052:	0013      	movs	r3, r2
10003054:	e001      	b.n	1000305a <_vsnprintf+0x37e>
10003056:	4283      	cmp	r3, r0
10003058:	d003      	beq.n	10003062 <_vsnprintf+0x386>
1000305a:	785a      	ldrb	r2, [r3, #1]
1000305c:	3301      	adds	r3, #1
1000305e:	2a00      	cmp	r2, #0
10003060:	d1f9      	bne.n	10003056 <_vsnprintf+0x37a>
10003062:	9a09      	ldr	r2, [sp, #36]	; 0x24
10003064:	970a      	str	r7, [sp, #40]	; 0x28
10003066:	1a9b      	subs	r3, r3, r2
10003068:	930b      	str	r3, [sp, #44]	; 0x2c
1000306a:	2380      	movs	r3, #128	; 0x80
1000306c:	000a      	movs	r2, r1
1000306e:	00db      	lsls	r3, r3, #3
10003070:	401a      	ands	r2, r3
10003072:	920c      	str	r2, [sp, #48]	; 0x30
10003074:	4219      	tst	r1, r3
10003076:	d004      	beq.n	10003082 <_vsnprintf+0x3a6>
10003078:	9b0b      	ldr	r3, [sp, #44]	; 0x2c
1000307a:	4543      	cmp	r3, r8
1000307c:	d901      	bls.n	10003082 <_vsnprintf+0x3a6>
1000307e:	4643      	mov	r3, r8
10003080:	930b      	str	r3, [sp, #44]	; 0x2c
10003082:	2302      	movs	r3, #2
10003084:	001a      	movs	r2, r3
10003086:	400a      	ands	r2, r1
10003088:	920d      	str	r2, [sp, #52]	; 0x34
1000308a:	420b      	tst	r3, r1
1000308c:	d100      	bne.n	10003090 <_vsnprintf+0x3b4>
1000308e:	e187      	b.n	100033a0 <_vsnprintf+0x6c4>
10003090:	4660      	mov	r0, ip
10003092:	2800      	cmp	r0, #0
10003094:	d100      	bne.n	10003098 <_vsnprintf+0x3bc>
10003096:	e168      	b.n	1000336a <_vsnprintf+0x68e>
10003098:	9b0c      	ldr	r3, [sp, #48]	; 0x30
1000309a:	2b00      	cmp	r3, #0
1000309c:	d100      	bne.n	100030a0 <_vsnprintf+0x3c4>
1000309e:	e10d      	b.n	100032bc <_vsnprintf+0x5e0>
100030a0:	44a8      	add	r8, r5
100030a2:	46c2      	mov	sl, r8
100030a4:	9b09      	ldr	r3, [sp, #36]	; 0x24
100030a6:	4657      	mov	r7, sl
100030a8:	1b5b      	subs	r3, r3, r5
100030aa:	4698      	mov	r8, r3
100030ac:	9b08      	ldr	r3, [sp, #32]
100030ae:	46b2      	mov	sl, r6
100030b0:	002a      	movs	r2, r5
100030b2:	0026      	movs	r6, r4
100030b4:	464c      	mov	r4, r9
100030b6:	4699      	mov	r9, r3
100030b8:	e009      	b.n	100030ce <_vsnprintf+0x3f2>
100030ba:	0023      	movs	r3, r4
100030bc:	0031      	movs	r1, r6
100030be:	1c55      	adds	r5, r2, #1
100030c0:	47c8      	blx	r9
100030c2:	4643      	mov	r3, r8
100030c4:	5d58      	ldrb	r0, [r3, r5]
100030c6:	2800      	cmp	r0, #0
100030c8:	d100      	bne.n	100030cc <_vsnprintf+0x3f0>
100030ca:	e126      	b.n	1000331a <_vsnprintf+0x63e>
100030cc:	002a      	movs	r2, r5
100030ce:	4297      	cmp	r7, r2
100030d0:	d1f3      	bne.n	100030ba <_vsnprintf+0x3de>
100030d2:	46a1      	mov	r9, r4
100030d4:	003d      	movs	r5, r7
100030d6:	0034      	movs	r4, r6
100030d8:	4656      	mov	r6, sl
100030da:	9b0d      	ldr	r3, [sp, #52]	; 0x34
100030dc:	2b00      	cmp	r3, #0
100030de:	d000      	beq.n	100030e2 <_vsnprintf+0x406>
100030e0:	e143      	b.n	1000336a <_vsnprintf+0x68e>
100030e2:	465b      	mov	r3, fp
100030e4:	3601      	adds	r6, #1
100030e6:	9309      	str	r3, [sp, #36]	; 0x24
100030e8:	e61d      	b.n	10002d26 <_vsnprintf+0x4a>
100030ea:	9b09      	ldr	r3, [sp, #36]	; 0x24
100030ec:	001a      	movs	r2, r3
100030ee:	ca08      	ldmia	r2!, {r3}
100030f0:	4692      	mov	sl, r2
100030f2:	2b00      	cmp	r3, #0
100030f4:	d048      	beq.n	10003188 <_vsnprintf+0x4ac>
100030f6:	2221      	movs	r2, #33	; 0x21
100030f8:	4311      	orrs	r1, r2
100030fa:	468b      	mov	fp, r1
100030fc:	a80e      	add	r0, sp, #56	; 0x38
100030fe:	4684      	mov	ip, r0
10003100:	211f      	movs	r1, #31
10003102:	4461      	add	r1, ip
10003104:	9509      	str	r5, [sp, #36]	; 0x24
10003106:	2200      	movs	r2, #0
10003108:	270f      	movs	r7, #15
1000310a:	46a4      	mov	ip, r4
1000310c:	000d      	movs	r5, r1
1000310e:	e002      	b.n	10003116 <_vsnprintf+0x43a>
10003110:	2a20      	cmp	r2, #32
10003112:	d00c      	beq.n	1000312e <_vsnprintf+0x452>
10003114:	000b      	movs	r3, r1
10003116:	003c      	movs	r4, r7
10003118:	401c      	ands	r4, r3
1000311a:	0020      	movs	r0, r4
1000311c:	3037      	adds	r0, #55	; 0x37
1000311e:	2c09      	cmp	r4, #9
10003120:	d800      	bhi.n	10003124 <_vsnprintf+0x448>
10003122:	3807      	subs	r0, #7
10003124:	3201      	adds	r2, #1
10003126:	54a8      	strb	r0, [r5, r2]
10003128:	0919      	lsrs	r1, r3, #4
1000312a:	2b0f      	cmp	r3, #15
1000312c:	d8f0      	bhi.n	10003110 <_vsnprintf+0x434>
1000312e:	4664      	mov	r4, ip
10003130:	9d09      	ldr	r5, [sp, #36]	; 0x24
10003132:	e032      	b.n	1000319a <_vsnprintf+0x4be>
10003134:	4bdc      	ldr	r3, [pc, #880]	; (100034a8 <_vsnprintf+0x7cc>)
10003136:	7820      	ldrb	r0, [r4, #0]
10003138:	9308      	str	r3, [sp, #32]
1000313a:	2300      	movs	r3, #0
1000313c:	469a      	mov	sl, r3
1000313e:	2800      	cmp	r0, #0
10003140:	d000      	beq.n	10003144 <_vsnprintf+0x468>
10003142:	e5e4      	b.n	10002d0e <_vsnprintf+0x32>
10003144:	2400      	movs	r4, #0
10003146:	e665      	b.n	10002e14 <_vsnprintf+0x138>
10003148:	4643      	mov	r3, r8
1000314a:	0006      	movs	r6, r0
1000314c:	9f0a      	ldr	r7, [sp, #40]	; 0x28
1000314e:	0098      	lsls	r0, r3, #2
10003150:	18c0      	adds	r0, r0, r3
10003152:	3201      	adds	r2, #1
10003154:	0040      	lsls	r0, r0, #1
10003156:	1980      	adds	r0, r0, r6
10003158:	7816      	ldrb	r6, [r2, #0]
1000315a:	0003      	movs	r3, r0
1000315c:	0030      	movs	r0, r6
1000315e:	3830      	subs	r0, #48	; 0x30
10003160:	3b30      	subs	r3, #48	; 0x30
10003162:	2809      	cmp	r0, #9
10003164:	d9f3      	bls.n	1000314e <_vsnprintf+0x472>
10003166:	0030      	movs	r0, r6
10003168:	4698      	mov	r8, r3
1000316a:	0016      	movs	r6, r2
1000316c:	970a      	str	r7, [sp, #40]	; 0x28
1000316e:	e600      	b.n	10002d72 <_vsnprintf+0x96>
10003170:	9b09      	ldr	r3, [sp, #36]	; 0x24
10003172:	3602      	adds	r6, #2
10003174:	cb04      	ldmia	r3!, {r2}
10003176:	4690      	mov	r8, r2
10003178:	43d2      	mvns	r2, r2
1000317a:	4640      	mov	r0, r8
1000317c:	17d2      	asrs	r2, r2, #31
1000317e:	4010      	ands	r0, r2
10003180:	4680      	mov	r8, r0
10003182:	9309      	str	r3, [sp, #36]	; 0x24
10003184:	7830      	ldrb	r0, [r6, #0]
10003186:	e5f4      	b.n	10002d72 <_vsnprintf+0x96>
10003188:	2210      	movs	r2, #16
1000318a:	0008      	movs	r0, r1
1000318c:	4390      	bics	r0, r2
1000318e:	3211      	adds	r2, #17
10003190:	4310      	orrs	r0, r2
10003192:	4683      	mov	fp, r0
10003194:	2200      	movs	r2, #0
10003196:	0549      	lsls	r1, r1, #21
10003198:	d5b0      	bpl.n	100030fc <_vsnprintf+0x420>
1000319a:	465b      	mov	r3, fp
1000319c:	9306      	str	r3, [sp, #24]
1000319e:	2308      	movs	r3, #8
100031a0:	9305      	str	r3, [sp, #20]
100031a2:	4643      	mov	r3, r8
100031a4:	9304      	str	r3, [sp, #16]
100031a6:	2310      	movs	r3, #16
100031a8:	9303      	str	r3, [sp, #12]
100031aa:	2300      	movs	r3, #0
100031ac:	9302      	str	r3, [sp, #8]
100031ae:	ab16      	add	r3, sp, #88	; 0x58
100031b0:	9201      	str	r2, [sp, #4]
100031b2:	9300      	str	r3, [sp, #0]
100031b4:	002a      	movs	r2, r5
100031b6:	464b      	mov	r3, r9
100031b8:	0021      	movs	r1, r4
100031ba:	9808      	ldr	r0, [sp, #32]
100031bc:	f7ff f8a6 	bl	1000230c <_ntoa_format>
100031c0:	4653      	mov	r3, sl
100031c2:	0005      	movs	r5, r0
100031c4:	3601      	adds	r6, #1
100031c6:	9309      	str	r3, [sp, #36]	; 0x24
100031c8:	e5ad      	b.n	10002d26 <_vsnprintf+0x4a>
100031ca:	7813      	ldrb	r3, [r2, #0]
100031cc:	469c      	mov	ip, r3
100031ce:	2b00      	cmp	r3, #0
100031d0:	d100      	bne.n	100031d4 <_vsnprintf+0x4f8>
100031d2:	e2f7      	b.n	100037c4 <_vsnprintf+0xae8>
100031d4:	2302      	movs	r3, #2
100031d6:	425b      	negs	r3, r3
100031d8:	e737      	b.n	1000304a <_vsnprintf+0x36e>
100031da:	2320      	movs	r3, #32
100031dc:	0002      	movs	r2, r0
100031de:	439a      	bics	r2, r3
100031e0:	2a47      	cmp	r2, #71	; 0x47
100031e2:	d104      	bne.n	100031ee <_vsnprintf+0x512>
100031e4:	2380      	movs	r3, #128	; 0x80
100031e6:	011b      	lsls	r3, r3, #4
100031e8:	4319      	orrs	r1, r3
100031ea:	2302      	movs	r3, #2
100031ec:	4398      	bics	r0, r3
100031ee:	2845      	cmp	r0, #69	; 0x45
100031f0:	d101      	bne.n	100031f6 <_vsnprintf+0x51a>
100031f2:	2320      	movs	r3, #32
100031f4:	4319      	orrs	r1, r3
100031f6:	2207      	movs	r2, #7
100031f8:	9b09      	ldr	r3, [sp, #36]	; 0x24
100031fa:	9104      	str	r1, [sp, #16]
100031fc:	3307      	adds	r3, #7
100031fe:	4393      	bics	r3, r2
10003200:	9a0a      	ldr	r2, [sp, #40]	; 0x28
10003202:	0019      	movs	r1, r3
10003204:	9203      	str	r2, [sp, #12]
10003206:	4642      	mov	r2, r8
10003208:	9202      	str	r2, [sp, #8]
1000320a:	c90c      	ldmia	r1!, {r2, r3}
1000320c:	9808      	ldr	r0, [sp, #32]
1000320e:	9200      	str	r2, [sp, #0]
10003210:	9301      	str	r3, [sp, #4]
10003212:	9109      	str	r1, [sp, #36]	; 0x24
10003214:	002a      	movs	r2, r5
10003216:	464b      	mov	r3, r9
10003218:	0021      	movs	r1, r4
1000321a:	f7ff f96d 	bl	100024f8 <_etoa>
1000321e:	3601      	adds	r6, #1
10003220:	0005      	movs	r5, r0
10003222:	e580      	b.n	10002d26 <_vsnprintf+0x4a>
10003224:	2310      	movs	r3, #16
10003226:	930c      	str	r3, [sp, #48]	; 0x30
10003228:	230c      	movs	r3, #12
1000322a:	000a      	movs	r2, r1
1000322c:	439a      	bics	r2, r3
1000322e:	920b      	str	r2, [sp, #44]	; 0x2c
10003230:	054b      	lsls	r3, r1, #21
10003232:	d503      	bpl.n	1000323c <_vsnprintf+0x560>
10003234:	2301      	movs	r3, #1
10003236:	9a0b      	ldr	r2, [sp, #44]	; 0x2c
10003238:	439a      	bics	r2, r3
1000323a:	920b      	str	r2, [sp, #44]	; 0x2c
1000323c:	2869      	cmp	r0, #105	; 0x69
1000323e:	d100      	bne.n	10003242 <_vsnprintf+0x566>
10003240:	e627      	b.n	10002e92 <_vsnprintf+0x1b6>
10003242:	2864      	cmp	r0, #100	; 0x64
10003244:	d100      	bne.n	10003248 <_vsnprintf+0x56c>
10003246:	e624      	b.n	10002e92 <_vsnprintf+0x1b6>
10003248:	9a0b      	ldr	r2, [sp, #44]	; 0x2c
1000324a:	2380      	movs	r3, #128	; 0x80
1000324c:	0011      	movs	r1, r2
1000324e:	009b      	lsls	r3, r3, #2
10003250:	4019      	ands	r1, r3
10003252:	468b      	mov	fp, r1
10003254:	421a      	tst	r2, r3
10003256:	d000      	beq.n	1000325a <_vsnprintf+0x57e>
10003258:	e166      	b.n	10003528 <_vsnprintf+0x84c>
1000325a:	2380      	movs	r3, #128	; 0x80
1000325c:	0011      	movs	r1, r2
1000325e:	005b      	lsls	r3, r3, #1
10003260:	4019      	ands	r1, r3
10003262:	468a      	mov	sl, r1
10003264:	421a      	tst	r2, r3
10003266:	d000      	beq.n	1000326a <_vsnprintf+0x58e>
10003268:	e239      	b.n	100036de <_vsnprintf+0xa02>
1000326a:	0013      	movs	r3, r2
1000326c:	065b      	lsls	r3, r3, #25
1000326e:	d500      	bpl.n	10003272 <_vsnprintf+0x596>
10003270:	e13c      	b.n	100034ec <_vsnprintf+0x810>
10003272:	0013      	movs	r3, r2
10003274:	061b      	lsls	r3, r3, #24
10003276:	d400      	bmi.n	1000327a <_vsnprintf+0x59e>
10003278:	e2a6      	b.n	100037c8 <_vsnprintf+0xaec>
1000327a:	9b09      	ldr	r3, [sp, #36]	; 0x24
1000327c:	cb04      	ldmia	r3!, {r2}
1000327e:	0412      	lsls	r2, r2, #16
10003280:	0c12      	lsrs	r2, r2, #16
10003282:	4693      	mov	fp, r2
10003284:	9309      	str	r3, [sp, #36]	; 0x24
10003286:	465b      	mov	r3, fp
10003288:	2b00      	cmp	r3, #0
1000328a:	d000      	beq.n	1000328e <_vsnprintf+0x5b2>
1000328c:	e19a      	b.n	100035c4 <_vsnprintf+0x8e8>
1000328e:	9a0b      	ldr	r2, [sp, #44]	; 0x2c
10003290:	3310      	adds	r3, #16
10003292:	0011      	movs	r1, r2
10003294:	4399      	bics	r1, r3
10003296:	910b      	str	r1, [sp, #44]	; 0x2c
10003298:	0552      	lsls	r2, r2, #21
1000329a:	d400      	bmi.n	1000329e <_vsnprintf+0x5c2>
1000329c:	e192      	b.n	100035c4 <_vsnprintf+0x8e8>
1000329e:	2300      	movs	r3, #0
100032a0:	469a      	mov	sl, r3
100032a2:	9b0b      	ldr	r3, [sp, #44]	; 0x2c
100032a4:	9306      	str	r3, [sp, #24]
100032a6:	9b0a      	ldr	r3, [sp, #40]	; 0x28
100032a8:	9305      	str	r3, [sp, #20]
100032aa:	4643      	mov	r3, r8
100032ac:	9304      	str	r3, [sp, #16]
100032ae:	9b0c      	ldr	r3, [sp, #48]	; 0x30
100032b0:	9303      	str	r3, [sp, #12]
100032b2:	2300      	movs	r3, #0
100032b4:	e10c      	b.n	100034d0 <_vsnprintf+0x7f4>
100032b6:	2320      	movs	r3, #32
100032b8:	4319      	orrs	r1, r3
100032ba:	e660      	b.n	10002f7e <_vsnprintf+0x2a2>
100032bc:	9b09      	ldr	r3, [sp, #36]	; 0x24
100032be:	9a0a      	ldr	r2, [sp, #40]	; 0x28
100032c0:	1b5b      	subs	r3, r3, r5
100032c2:	4698      	mov	r8, r3
100032c4:	464b      	mov	r3, r9
100032c6:	4691      	mov	r9, r2
100032c8:	001f      	movs	r7, r3
100032ca:	46b2      	mov	sl, r6
100032cc:	0026      	movs	r6, r4
100032ce:	9c08      	ldr	r4, [sp, #32]
100032d0:	002a      	movs	r2, r5
100032d2:	003b      	movs	r3, r7
100032d4:	0031      	movs	r1, r6
100032d6:	47a0      	blx	r4
100032d8:	4643      	mov	r3, r8
100032da:	3501      	adds	r5, #1
100032dc:	5d58      	ldrb	r0, [r3, r5]
100032de:	2800      	cmp	r0, #0
100032e0:	d1f6      	bne.n	100032d0 <_vsnprintf+0x5f4>
100032e2:	464a      	mov	r2, r9
100032e4:	0034      	movs	r4, r6
100032e6:	46b9      	mov	r9, r7
100032e8:	4656      	mov	r6, sl
100032ea:	920a      	str	r2, [sp, #40]	; 0x28
100032ec:	e6f5      	b.n	100030da <_vsnprintf+0x3fe>
100032ee:	23c0      	movs	r3, #192	; 0xc0
100032f0:	009b      	lsls	r3, r3, #2
100032f2:	78b0      	ldrb	r0, [r6, #2]
100032f4:	4319      	orrs	r1, r3
100032f6:	3602      	adds	r6, #2
100032f8:	e55d      	b.n	10002db6 <_vsnprintf+0xda>
100032fa:	23c0      	movs	r3, #192	; 0xc0
100032fc:	78b0      	ldrb	r0, [r6, #2]
100032fe:	4319      	orrs	r1, r3
10003300:	3602      	adds	r6, #2
10003302:	e558      	b.n	10002db6 <_vsnprintf+0xda>
10003304:	230c      	movs	r3, #12
10003306:	000a      	movs	r2, r1
10003308:	439a      	bics	r2, r3
1000330a:	3314      	adds	r3, #20
1000330c:	431a      	orrs	r2, r3
1000330e:	3b10      	subs	r3, #16
10003310:	920b      	str	r2, [sp, #44]	; 0x2c
10003312:	930c      	str	r3, [sp, #48]	; 0x30
10003314:	054b      	lsls	r3, r1, #21
10003316:	d48d      	bmi.n	10003234 <_vsnprintf+0x558>
10003318:	e796      	b.n	10003248 <_vsnprintf+0x56c>
1000331a:	46a1      	mov	r9, r4
1000331c:	0034      	movs	r4, r6
1000331e:	4656      	mov	r6, sl
10003320:	e6db      	b.n	100030da <_vsnprintf+0x3fe>
10003322:	9a0a      	ldr	r2, [sp, #40]	; 0x28
10003324:	2a01      	cmp	r2, #1
10003326:	d800      	bhi.n	1000332a <_vsnprintf+0x64e>
10003328:	e253      	b.n	100037d2 <_vsnprintf+0xaf6>
1000332a:	1e6b      	subs	r3, r5, #1
1000332c:	189f      	adds	r7, r3, r2
1000332e:	9b08      	ldr	r3, [sp, #32]
10003330:	46b0      	mov	r8, r6
10003332:	0026      	movs	r6, r4
10003334:	464c      	mov	r4, r9
10003336:	4699      	mov	r9, r3
10003338:	002a      	movs	r2, r5
1000333a:	0023      	movs	r3, r4
1000333c:	3501      	adds	r5, #1
1000333e:	0031      	movs	r1, r6
10003340:	2020      	movs	r0, #32
10003342:	47c8      	blx	r9
10003344:	42bd      	cmp	r5, r7
10003346:	d1f7      	bne.n	10003338 <_vsnprintf+0x65c>
10003348:	46a1      	mov	r9, r4
1000334a:	0034      	movs	r4, r6
1000334c:	4646      	mov	r6, r8
1000334e:	9b09      	ldr	r3, [sp, #36]	; 0x24
10003350:	003a      	movs	r2, r7
10003352:	cb01      	ldmia	r3!, {r0}
10003354:	0021      	movs	r1, r4
10003356:	4698      	mov	r8, r3
10003358:	1c7d      	adds	r5, r7, #1
1000335a:	464b      	mov	r3, r9
1000335c:	9f08      	ldr	r7, [sp, #32]
1000335e:	b2c0      	uxtb	r0, r0
10003360:	47b8      	blx	r7
10003362:	4643      	mov	r3, r8
10003364:	3601      	adds	r6, #1
10003366:	9309      	str	r3, [sp, #36]	; 0x24
10003368:	e4dd      	b.n	10002d26 <_vsnprintf+0x4a>
1000336a:	9b0b      	ldr	r3, [sp, #44]	; 0x2c
1000336c:	9a0a      	ldr	r2, [sp, #40]	; 0x28
1000336e:	46a8      	mov	r8, r5
10003370:	429a      	cmp	r2, r3
10003372:	d800      	bhi.n	10003376 <_vsnprintf+0x69a>
10003374:	e6b5      	b.n	100030e2 <_vsnprintf+0x406>
10003376:	4694      	mov	ip, r2
10003378:	4465      	add	r5, ip
1000337a:	1aed      	subs	r5, r5, r3
1000337c:	9b08      	ldr	r3, [sp, #32]
1000337e:	4647      	mov	r7, r8
10003380:	46b0      	mov	r8, r6
10003382:	0026      	movs	r6, r4
10003384:	464c      	mov	r4, r9
10003386:	4699      	mov	r9, r3
10003388:	003a      	movs	r2, r7
1000338a:	0023      	movs	r3, r4
1000338c:	3701      	adds	r7, #1
1000338e:	0031      	movs	r1, r6
10003390:	2020      	movs	r0, #32
10003392:	47c8      	blx	r9
10003394:	42af      	cmp	r7, r5
10003396:	d1f7      	bne.n	10003388 <_vsnprintf+0x6ac>
10003398:	46a1      	mov	r9, r4
1000339a:	0034      	movs	r4, r6
1000339c:	4646      	mov	r6, r8
1000339e:	e6a0      	b.n	100030e2 <_vsnprintf+0x406>
100033a0:	9a0b      	ldr	r2, [sp, #44]	; 0x2c
100033a2:	990a      	ldr	r1, [sp, #40]	; 0x28
100033a4:	1c53      	adds	r3, r2, #1
100033a6:	4291      	cmp	r1, r2
100033a8:	d800      	bhi.n	100033ac <_vsnprintf+0x6d0>
100033aa:	e214      	b.n	100037d6 <_vsnprintf+0xafa>
100033ac:	194b      	adds	r3, r1, r5
100033ae:	1a9b      	subs	r3, r3, r2
100033b0:	001f      	movs	r7, r3
100033b2:	9b08      	ldr	r3, [sp, #32]
100033b4:	46b2      	mov	sl, r6
100033b6:	0026      	movs	r6, r4
100033b8:	464c      	mov	r4, r9
100033ba:	4699      	mov	r9, r3
100033bc:	002a      	movs	r2, r5
100033be:	0023      	movs	r3, r4
100033c0:	3501      	adds	r5, #1
100033c2:	0031      	movs	r1, r6
100033c4:	2020      	movs	r0, #32
100033c6:	47c8      	blx	r9
100033c8:	42bd      	cmp	r5, r7
100033ca:	d1f7      	bne.n	100033bc <_vsnprintf+0x6e0>
100033cc:	9b0a      	ldr	r3, [sp, #40]	; 0x28
100033ce:	46a1      	mov	r9, r4
100033d0:	3301      	adds	r3, #1
100033d2:	930b      	str	r3, [sp, #44]	; 0x2c
100033d4:	9b09      	ldr	r3, [sp, #36]	; 0x24
100033d6:	0034      	movs	r4, r6
100033d8:	781b      	ldrb	r3, [r3, #0]
100033da:	4656      	mov	r6, sl
100033dc:	469c      	mov	ip, r3
100033de:	4660      	mov	r0, ip
100033e0:	2800      	cmp	r0, #0
100033e2:	d000      	beq.n	100033e6 <_vsnprintf+0x70a>
100033e4:	e658      	b.n	10003098 <_vsnprintf+0x3bc>
100033e6:	e67c      	b.n	100030e2 <_vsnprintf+0x406>
100033e8:	2207      	movs	r2, #7
100033ea:	9b09      	ldr	r3, [sp, #36]	; 0x24
100033ec:	3307      	adds	r3, #7
100033ee:	4393      	bics	r3, r2
100033f0:	3201      	adds	r2, #1
100033f2:	4694      	mov	ip, r2
100033f4:	449c      	add	ip, r3
100033f6:	4662      	mov	r2, ip
100033f8:	685f      	ldr	r7, [r3, #4]
100033fa:	9209      	str	r2, [sp, #36]	; 0x24
100033fc:	681a      	ldr	r2, [r3, #0]
100033fe:	17fb      	asrs	r3, r7, #31
10003400:	9310      	str	r3, [sp, #64]	; 0x40
10003402:	9311      	str	r3, [sp, #68]	; 0x44
10003404:	9810      	ldr	r0, [sp, #64]	; 0x40
10003406:	9911      	ldr	r1, [sp, #68]	; 0x44
10003408:	0003      	movs	r3, r0
1000340a:	4053      	eors	r3, r2
1000340c:	930e      	str	r3, [sp, #56]	; 0x38
1000340e:	000b      	movs	r3, r1
10003410:	407b      	eors	r3, r7
10003412:	930f      	str	r3, [sp, #60]	; 0x3c
10003414:	4694      	mov	ip, r2
10003416:	9a0e      	ldr	r2, [sp, #56]	; 0x38
10003418:	9b0f      	ldr	r3, [sp, #60]	; 0x3c
1000341a:	1a12      	subs	r2, r2, r0
1000341c:	418b      	sbcs	r3, r1
1000341e:	920e      	str	r2, [sp, #56]	; 0x38
10003420:	930f      	str	r3, [sp, #60]	; 0x3c
10003422:	0ffb      	lsrs	r3, r7, #31
10003424:	4662      	mov	r2, ip
10003426:	9312      	str	r3, [sp, #72]	; 0x48
10003428:	2300      	movs	r3, #0
1000342a:	433a      	orrs	r2, r7
1000342c:	469b      	mov	fp, r3
1000342e:	d03d      	beq.n	100034ac <_vsnprintf+0x7d0>
10003430:	9a0b      	ldr	r2, [sp, #44]	; 0x2c
10003432:	2361      	movs	r3, #97	; 0x61
10003434:	0692      	lsls	r2, r2, #26
10003436:	d500      	bpl.n	1000343a <_vsnprintf+0x75e>
10003438:	2341      	movs	r3, #65	; 0x41
1000343a:	2200      	movs	r2, #0
1000343c:	b2db      	uxtb	r3, r3
1000343e:	a90e      	add	r1, sp, #56	; 0x38
10003440:	3b0a      	subs	r3, #10
10003442:	468c      	mov	ip, r1
10003444:	4692      	mov	sl, r2
10003446:	930d      	str	r3, [sp, #52]	; 0x34
10003448:	4643      	mov	r3, r8
1000344a:	321f      	adds	r2, #31
1000344c:	4462      	add	r2, ip
1000344e:	9513      	str	r5, [sp, #76]	; 0x4c
10003450:	9615      	str	r6, [sp, #84]	; 0x54
10003452:	4655      	mov	r5, sl
10003454:	9e0e      	ldr	r6, [sp, #56]	; 0x38
10003456:	9f0f      	ldr	r7, [sp, #60]	; 0x3c
10003458:	46a2      	mov	sl, r4
1000345a:	4690      	mov	r8, r2
1000345c:	9c0c      	ldr	r4, [sp, #48]	; 0x30
1000345e:	9314      	str	r3, [sp, #80]	; 0x50
10003460:	e00c      	b.n	1000347c <_vsnprintf+0x7a0>
10003462:	3230      	adds	r2, #48	; 0x30
10003464:	b2d2      	uxtb	r2, r2
10003466:	4643      	mov	r3, r8
10003468:	3501      	adds	r5, #1
1000346a:	555a      	strb	r2, [r3, r5]
1000346c:	45bb      	cmp	fp, r7
1000346e:	d100      	bne.n	10003472 <_vsnprintf+0x796>
10003470:	e18a      	b.n	10003788 <_vsnprintf+0xaac>
10003472:	2d20      	cmp	r5, #32
10003474:	d100      	bne.n	10003478 <_vsnprintf+0x79c>
10003476:	e18a      	b.n	1000378e <_vsnprintf+0xab2>
10003478:	0006      	movs	r6, r0
1000347a:	000f      	movs	r7, r1
1000347c:	0022      	movs	r2, r4
1000347e:	2300      	movs	r3, #0
10003480:	0030      	movs	r0, r6
10003482:	0039      	movs	r1, r7
10003484:	f000 fa78 	bl	10003978 <__wrap___aeabi_uldivmod>
10003488:	b2d2      	uxtb	r2, r2
1000348a:	2a09      	cmp	r2, #9
1000348c:	d9e9      	bls.n	10003462 <_vsnprintf+0x786>
1000348e:	9b0d      	ldr	r3, [sp, #52]	; 0x34
10003490:	469c      	mov	ip, r3
10003492:	4462      	add	r2, ip
10003494:	b2d2      	uxtb	r2, r2
10003496:	e7e6      	b.n	10003466 <_vsnprintf+0x78a>
10003498:	23ff      	movs	r3, #255	; 0xff
1000349a:	9909      	ldr	r1, [sp, #36]	; 0x24
1000349c:	c904      	ldmia	r1!, {r2}
1000349e:	4013      	ands	r3, r2
100034a0:	001a      	movs	r2, r3
100034a2:	9109      	str	r1, [sp, #36]	; 0x24
100034a4:	e517      	b.n	10002ed6 <_vsnprintf+0x1fa>
100034a6:	46c0      	nop			; (mov r8, r8)
100034a8:	1000226d 	.word	0x1000226d
100034ac:	9a0b      	ldr	r2, [sp, #44]	; 0x2c
100034ae:	3310      	adds	r3, #16
100034b0:	0011      	movs	r1, r2
100034b2:	4399      	bics	r1, r3
100034b4:	910b      	str	r1, [sp, #44]	; 0x2c
100034b6:	0552      	lsls	r2, r2, #21
100034b8:	d5ba      	bpl.n	10003430 <_vsnprintf+0x754>
100034ba:	2300      	movs	r3, #0
100034bc:	469a      	mov	sl, r3
100034be:	9b0b      	ldr	r3, [sp, #44]	; 0x2c
100034c0:	9306      	str	r3, [sp, #24]
100034c2:	9b0a      	ldr	r3, [sp, #40]	; 0x28
100034c4:	9305      	str	r3, [sp, #20]
100034c6:	4643      	mov	r3, r8
100034c8:	9304      	str	r3, [sp, #16]
100034ca:	9b0c      	ldr	r3, [sp, #48]	; 0x30
100034cc:	9303      	str	r3, [sp, #12]
100034ce:	9b12      	ldr	r3, [sp, #72]	; 0x48
100034d0:	9302      	str	r3, [sp, #8]
100034d2:	4653      	mov	r3, sl
100034d4:	9301      	str	r3, [sp, #4]
100034d6:	ab16      	add	r3, sp, #88	; 0x58
100034d8:	002a      	movs	r2, r5
100034da:	9300      	str	r3, [sp, #0]
100034dc:	0021      	movs	r1, r4
100034de:	464b      	mov	r3, r9
100034e0:	9808      	ldr	r0, [sp, #32]
100034e2:	f7fe ff13 	bl	1000230c <_ntoa_format>
100034e6:	3601      	adds	r6, #1
100034e8:	0005      	movs	r5, r0
100034ea:	e41c      	b.n	10002d26 <_vsnprintf+0x4a>
100034ec:	22ff      	movs	r2, #255	; 0xff
100034ee:	9b09      	ldr	r3, [sp, #36]	; 0x24
100034f0:	cb02      	ldmia	r3!, {r1}
100034f2:	4011      	ands	r1, r2
100034f4:	468b      	mov	fp, r1
100034f6:	9309      	str	r3, [sp, #36]	; 0x24
100034f8:	e6c5      	b.n	10003286 <_vsnprintf+0x5aa>
100034fa:	4653      	mov	r3, sl
100034fc:	4645      	mov	r5, r8
100034fe:	9309      	str	r3, [sp, #36]	; 0x24
10003500:	3601      	adds	r6, #1
10003502:	f7ff fc10 	bl	10002d26 <_vsnprintf+0x4a>
10003506:	4656      	mov	r6, sl
10003508:	465c      	mov	r4, fp
1000350a:	46aa      	mov	sl, r5
1000350c:	9d13      	ldr	r5, [sp, #76]	; 0x4c
1000350e:	e7d6      	b.n	100034be <_vsnprintf+0x7e2>
10003510:	2308      	movs	r3, #8
10003512:	930c      	str	r3, [sp, #48]	; 0x30
10003514:	910b      	str	r1, [sp, #44]	; 0x2c
10003516:	990b      	ldr	r1, [sp, #44]	; 0x2c
10003518:	2864      	cmp	r0, #100	; 0x64
1000351a:	d000      	beq.n	1000351e <_vsnprintf+0x842>
1000351c:	e684      	b.n	10003228 <_vsnprintf+0x54c>
1000351e:	9b0b      	ldr	r3, [sp, #44]	; 0x2c
10003520:	055b      	lsls	r3, r3, #21
10003522:	d500      	bpl.n	10003526 <_vsnprintf+0x84a>
10003524:	e686      	b.n	10003234 <_vsnprintf+0x558>
10003526:	e4b4      	b.n	10002e92 <_vsnprintf+0x1b6>
10003528:	2207      	movs	r2, #7
1000352a:	9b09      	ldr	r3, [sp, #36]	; 0x24
1000352c:	3307      	adds	r3, #7
1000352e:	4393      	bics	r3, r2
10003530:	3201      	adds	r2, #1
10003532:	4694      	mov	ip, r2
10003534:	449c      	add	ip, r3
10003536:	4662      	mov	r2, ip
10003538:	9209      	str	r2, [sp, #36]	; 0x24
1000353a:	681a      	ldr	r2, [r3, #0]
1000353c:	685b      	ldr	r3, [r3, #4]
1000353e:	0010      	movs	r0, r2
10003540:	469b      	mov	fp, r3
10003542:	0013      	movs	r3, r2
10003544:	465a      	mov	r2, fp
10003546:	4313      	orrs	r3, r2
10003548:	d107      	bne.n	1000355a <_vsnprintf+0x87e>
1000354a:	9a0b      	ldr	r2, [sp, #44]	; 0x2c
1000354c:	3310      	adds	r3, #16
1000354e:	0011      	movs	r1, r2
10003550:	4399      	bics	r1, r3
10003552:	910b      	str	r1, [sp, #44]	; 0x2c
10003554:	0552      	lsls	r2, r2, #21
10003556:	d500      	bpl.n	1000355a <_vsnprintf+0x87e>
10003558:	e6a1      	b.n	1000329e <_vsnprintf+0x5c2>
1000355a:	9a0b      	ldr	r2, [sp, #44]	; 0x2c
1000355c:	2361      	movs	r3, #97	; 0x61
1000355e:	0692      	lsls	r2, r2, #26
10003560:	d500      	bpl.n	10003564 <_vsnprintf+0x888>
10003562:	2341      	movs	r3, #65	; 0x41
10003564:	2200      	movs	r2, #0
10003566:	b2db      	uxtb	r3, r3
10003568:	a90e      	add	r1, sp, #56	; 0x38
1000356a:	3b0a      	subs	r3, #10
1000356c:	468c      	mov	ip, r1
1000356e:	4692      	mov	sl, r2
10003570:	930d      	str	r3, [sp, #52]	; 0x34
10003572:	4643      	mov	r3, r8
10003574:	321f      	adds	r2, #31
10003576:	4462      	add	r2, ip
10003578:	465f      	mov	r7, fp
1000357a:	9512      	str	r5, [sp, #72]	; 0x48
1000357c:	46a3      	mov	fp, r4
1000357e:	4655      	mov	r5, sl
10003580:	0004      	movs	r4, r0
10003582:	46b2      	mov	sl, r6
10003584:	4690      	mov	r8, r2
10003586:	9e0c      	ldr	r6, [sp, #48]	; 0x30
10003588:	9313      	str	r3, [sp, #76]	; 0x4c
1000358a:	e00d      	b.n	100035a8 <_vsnprintf+0x8cc>
1000358c:	3230      	adds	r2, #48	; 0x30
1000358e:	b2d2      	uxtb	r2, r2
10003590:	4643      	mov	r3, r8
10003592:	3501      	adds	r5, #1
10003594:	555a      	strb	r2, [r3, r5]
10003596:	2300      	movs	r3, #0
10003598:	42bb      	cmp	r3, r7
1000359a:	d100      	bne.n	1000359e <_vsnprintf+0x8c2>
1000359c:	e100      	b.n	100037a0 <_vsnprintf+0xac4>
1000359e:	2d20      	cmp	r5, #32
100035a0:	d100      	bne.n	100035a4 <_vsnprintf+0x8c8>
100035a2:	e100      	b.n	100037a6 <_vsnprintf+0xaca>
100035a4:	0004      	movs	r4, r0
100035a6:	000f      	movs	r7, r1
100035a8:	0032      	movs	r2, r6
100035aa:	2300      	movs	r3, #0
100035ac:	0020      	movs	r0, r4
100035ae:	0039      	movs	r1, r7
100035b0:	f000 f9e2 	bl	10003978 <__wrap___aeabi_uldivmod>
100035b4:	b2d2      	uxtb	r2, r2
100035b6:	2a09      	cmp	r2, #9
100035b8:	d9e8      	bls.n	1000358c <_vsnprintf+0x8b0>
100035ba:	9b0d      	ldr	r3, [sp, #52]	; 0x34
100035bc:	469c      	mov	ip, r3
100035be:	4462      	add	r2, ip
100035c0:	b2d2      	uxtb	r2, r2
100035c2:	e7e5      	b.n	10003590 <_vsnprintf+0x8b4>
100035c4:	9a0b      	ldr	r2, [sp, #44]	; 0x2c
100035c6:	2361      	movs	r3, #97	; 0x61
100035c8:	0692      	lsls	r2, r2, #26
100035ca:	d500      	bpl.n	100035ce <_vsnprintf+0x8f2>
100035cc:	2341      	movs	r3, #65	; 0x41
100035ce:	b2db      	uxtb	r3, r3
100035d0:	a90e      	add	r1, sp, #56	; 0x38
100035d2:	3b0a      	subs	r3, #10
100035d4:	221f      	movs	r2, #31
100035d6:	468c      	mov	ip, r1
100035d8:	930d      	str	r3, [sp, #52]	; 0x34
100035da:	0023      	movs	r3, r4
100035dc:	4462      	add	r2, ip
100035de:	465c      	mov	r4, fp
100035e0:	9512      	str	r5, [sp, #72]	; 0x48
100035e2:	0017      	movs	r7, r2
100035e4:	4655      	mov	r5, sl
100035e6:	469b      	mov	fp, r3
100035e8:	46b2      	mov	sl, r6
100035ea:	9e0c      	ldr	r6, [sp, #48]	; 0x30
100035ec:	e008      	b.n	10003600 <_vsnprintf+0x924>
100035ee:	3330      	adds	r3, #48	; 0x30
100035f0:	b2db      	uxtb	r3, r3
100035f2:	3501      	adds	r5, #1
100035f4:	557b      	strb	r3, [r7, r5]
100035f6:	42b4      	cmp	r4, r6
100035f8:	d30e      	bcc.n	10003618 <_vsnprintf+0x93c>
100035fa:	2d20      	cmp	r5, #32
100035fc:	d00c      	beq.n	10003618 <_vsnprintf+0x93c>
100035fe:	0004      	movs	r4, r0
10003600:	0031      	movs	r1, r6
10003602:	0020      	movs	r0, r4
10003604:	f000 f976 	bl	100038f4 <__wrap___aeabi_uidiv>
10003608:	b2cb      	uxtb	r3, r1
1000360a:	2909      	cmp	r1, #9
1000360c:	d9ef      	bls.n	100035ee <_vsnprintf+0x912>
1000360e:	9a0d      	ldr	r2, [sp, #52]	; 0x34
10003610:	4694      	mov	ip, r2
10003612:	4463      	add	r3, ip
10003614:	b2db      	uxtb	r3, r3
10003616:	e7ec      	b.n	100035f2 <_vsnprintf+0x916>
10003618:	4656      	mov	r6, sl
1000361a:	465c      	mov	r4, fp
1000361c:	46aa      	mov	sl, r5
1000361e:	9d12      	ldr	r5, [sp, #72]	; 0x48
10003620:	e63f      	b.n	100032a2 <_vsnprintf+0x5c6>
10003622:	9b09      	ldr	r3, [sp, #36]	; 0x24
10003624:	001a      	movs	r2, r3
10003626:	ca08      	ldmia	r2!, {r3}
10003628:	17d9      	asrs	r1, r3, #31
1000362a:	9213      	str	r2, [sp, #76]	; 0x4c
1000362c:	185a      	adds	r2, r3, r1
1000362e:	404a      	eors	r2, r1
10003630:	4692      	mov	sl, r2
10003632:	0fda      	lsrs	r2, r3, #31
10003634:	9212      	str	r2, [sp, #72]	; 0x48
10003636:	2b00      	cmp	r3, #0
10003638:	d108      	bne.n	1000364c <_vsnprintf+0x970>
1000363a:	2380      	movs	r3, #128	; 0x80
1000363c:	2210      	movs	r2, #16
1000363e:	990b      	ldr	r1, [sp, #44]	; 0x2c
10003640:	00db      	lsls	r3, r3, #3
10003642:	400b      	ands	r3, r1
10003644:	4391      	bics	r1, r2
10003646:	910b      	str	r1, [sp, #44]	; 0x2c
10003648:	2b00      	cmp	r3, #0
1000364a:	d12b      	bne.n	100036a4 <_vsnprintf+0x9c8>
1000364c:	9a0b      	ldr	r2, [sp, #44]	; 0x2c
1000364e:	2361      	movs	r3, #97	; 0x61
10003650:	0692      	lsls	r2, r2, #26
10003652:	d500      	bpl.n	10003656 <_vsnprintf+0x97a>
10003654:	2341      	movs	r3, #65	; 0x41
10003656:	aa0e      	add	r2, sp, #56	; 0x38
10003658:	271f      	movs	r7, #31
1000365a:	4694      	mov	ip, r2
1000365c:	b2db      	uxtb	r3, r3
1000365e:	3b0a      	subs	r3, #10
10003660:	950d      	str	r5, [sp, #52]	; 0x34
10003662:	4467      	add	r7, ip
10003664:	465d      	mov	r5, fp
10003666:	9309      	str	r3, [sp, #36]	; 0x24
10003668:	46a3      	mov	fp, r4
1000366a:	4654      	mov	r4, sl
1000366c:	46b2      	mov	sl, r6
1000366e:	9e0c      	ldr	r6, [sp, #48]	; 0x30
10003670:	e008      	b.n	10003684 <_vsnprintf+0x9a8>
10003672:	3330      	adds	r3, #48	; 0x30
10003674:	b2db      	uxtb	r3, r3
10003676:	3501      	adds	r5, #1
10003678:	557b      	strb	r3, [r7, r5]
1000367a:	42b4      	cmp	r4, r6
1000367c:	d30e      	bcc.n	1000369c <_vsnprintf+0x9c0>
1000367e:	2d20      	cmp	r5, #32
10003680:	d00c      	beq.n	1000369c <_vsnprintf+0x9c0>
10003682:	0004      	movs	r4, r0
10003684:	0031      	movs	r1, r6
10003686:	0020      	movs	r0, r4
10003688:	f000 f934 	bl	100038f4 <__wrap___aeabi_uidiv>
1000368c:	b2cb      	uxtb	r3, r1
1000368e:	2909      	cmp	r1, #9
10003690:	d9ef      	bls.n	10003672 <_vsnprintf+0x996>
10003692:	9a09      	ldr	r2, [sp, #36]	; 0x24
10003694:	4694      	mov	ip, r2
10003696:	4463      	add	r3, ip
10003698:	b2db      	uxtb	r3, r3
1000369a:	e7ec      	b.n	10003676 <_vsnprintf+0x99a>
1000369c:	4656      	mov	r6, sl
1000369e:	465c      	mov	r4, fp
100036a0:	46ab      	mov	fp, r5
100036a2:	9d0d      	ldr	r5, [sp, #52]	; 0x34
100036a4:	9b0b      	ldr	r3, [sp, #44]	; 0x2c
100036a6:	002a      	movs	r2, r5
100036a8:	9306      	str	r3, [sp, #24]
100036aa:	9b0a      	ldr	r3, [sp, #40]	; 0x28
100036ac:	0021      	movs	r1, r4
100036ae:	9305      	str	r3, [sp, #20]
100036b0:	4643      	mov	r3, r8
100036b2:	9304      	str	r3, [sp, #16]
100036b4:	9b0c      	ldr	r3, [sp, #48]	; 0x30
100036b6:	9808      	ldr	r0, [sp, #32]
100036b8:	9303      	str	r3, [sp, #12]
100036ba:	9b12      	ldr	r3, [sp, #72]	; 0x48
100036bc:	3601      	adds	r6, #1
100036be:	9302      	str	r3, [sp, #8]
100036c0:	465b      	mov	r3, fp
100036c2:	9301      	str	r3, [sp, #4]
100036c4:	ab16      	add	r3, sp, #88	; 0x58
100036c6:	9300      	str	r3, [sp, #0]
100036c8:	464b      	mov	r3, r9
100036ca:	f7fe fe1f 	bl	1000230c <_ntoa_format>
100036ce:	9b13      	ldr	r3, [sp, #76]	; 0x4c
100036d0:	0005      	movs	r5, r0
100036d2:	9309      	str	r3, [sp, #36]	; 0x24
100036d4:	f7ff fb27 	bl	10002d26 <_vsnprintf+0x4a>
100036d8:	2302      	movs	r3, #2
100036da:	930c      	str	r3, [sp, #48]	; 0x30
100036dc:	e71a      	b.n	10003514 <_vsnprintf+0x838>
100036de:	9b09      	ldr	r3, [sp, #36]	; 0x24
100036e0:	cb04      	ldmia	r3!, {r2}
100036e2:	4692      	mov	sl, r2
100036e4:	9312      	str	r3, [sp, #72]	; 0x48
100036e6:	2a00      	cmp	r2, #0
100036e8:	d108      	bne.n	100036fc <_vsnprintf+0xa20>
100036ea:	2380      	movs	r3, #128	; 0x80
100036ec:	2210      	movs	r2, #16
100036ee:	990b      	ldr	r1, [sp, #44]	; 0x2c
100036f0:	00db      	lsls	r3, r3, #3
100036f2:	400b      	ands	r3, r1
100036f4:	4391      	bics	r1, r2
100036f6:	910b      	str	r1, [sp, #44]	; 0x2c
100036f8:	2b00      	cmp	r3, #0
100036fa:	d12b      	bne.n	10003754 <_vsnprintf+0xa78>
100036fc:	9a0b      	ldr	r2, [sp, #44]	; 0x2c
100036fe:	2361      	movs	r3, #97	; 0x61
10003700:	0692      	lsls	r2, r2, #26
10003702:	d500      	bpl.n	10003706 <_vsnprintf+0xa2a>
10003704:	2341      	movs	r3, #65	; 0x41
10003706:	aa0e      	add	r2, sp, #56	; 0x38
10003708:	271f      	movs	r7, #31
1000370a:	4694      	mov	ip, r2
1000370c:	b2db      	uxtb	r3, r3
1000370e:	3b0a      	subs	r3, #10
10003710:	950d      	str	r5, [sp, #52]	; 0x34
10003712:	4467      	add	r7, ip
10003714:	465d      	mov	r5, fp
10003716:	9309      	str	r3, [sp, #36]	; 0x24
10003718:	46a3      	mov	fp, r4
1000371a:	4654      	mov	r4, sl
1000371c:	46b2      	mov	sl, r6
1000371e:	9e0c      	ldr	r6, [sp, #48]	; 0x30
10003720:	e008      	b.n	10003734 <_vsnprintf+0xa58>
10003722:	3330      	adds	r3, #48	; 0x30
10003724:	b2db      	uxtb	r3, r3
10003726:	3501      	adds	r5, #1
10003728:	557b      	strb	r3, [r7, r5]
1000372a:	42b4      	cmp	r4, r6
1000372c:	d30e      	bcc.n	1000374c <_vsnprintf+0xa70>
1000372e:	2d20      	cmp	r5, #32
10003730:	d00c      	beq.n	1000374c <_vsnprintf+0xa70>
10003732:	0004      	movs	r4, r0
10003734:	0031      	movs	r1, r6
10003736:	0020      	movs	r0, r4
10003738:	f000 f8dc 	bl	100038f4 <__wrap___aeabi_uidiv>
1000373c:	b2cb      	uxtb	r3, r1
1000373e:	2909      	cmp	r1, #9
10003740:	d9ef      	bls.n	10003722 <_vsnprintf+0xa46>
10003742:	9a09      	ldr	r2, [sp, #36]	; 0x24
10003744:	4694      	mov	ip, r2
10003746:	4463      	add	r3, ip
10003748:	b2db      	uxtb	r3, r3
1000374a:	e7ec      	b.n	10003726 <_vsnprintf+0xa4a>
1000374c:	4656      	mov	r6, sl
1000374e:	465c      	mov	r4, fp
10003750:	46ab      	mov	fp, r5
10003752:	9d0d      	ldr	r5, [sp, #52]	; 0x34
10003754:	9b0b      	ldr	r3, [sp, #44]	; 0x2c
10003756:	002a      	movs	r2, r5
10003758:	9306      	str	r3, [sp, #24]
1000375a:	9b0a      	ldr	r3, [sp, #40]	; 0x28
1000375c:	0021      	movs	r1, r4
1000375e:	9305      	str	r3, [sp, #20]
10003760:	4643      	mov	r3, r8
10003762:	9304      	str	r3, [sp, #16]
10003764:	9b0c      	ldr	r3, [sp, #48]	; 0x30
10003766:	9808      	ldr	r0, [sp, #32]
10003768:	9303      	str	r3, [sp, #12]
1000376a:	2300      	movs	r3, #0
1000376c:	9302      	str	r3, [sp, #8]
1000376e:	465b      	mov	r3, fp
10003770:	9301      	str	r3, [sp, #4]
10003772:	ab16      	add	r3, sp, #88	; 0x58
10003774:	9300      	str	r3, [sp, #0]
10003776:	464b      	mov	r3, r9
10003778:	f7fe fdc8 	bl	1000230c <_ntoa_format>
1000377c:	9b12      	ldr	r3, [sp, #72]	; 0x48
1000377e:	0005      	movs	r5, r0
10003780:	9309      	str	r3, [sp, #36]	; 0x24
10003782:	3601      	adds	r6, #1
10003784:	f7ff facf 	bl	10002d26 <_vsnprintf+0x4a>
10003788:	42b4      	cmp	r4, r6
1000378a:	d800      	bhi.n	1000378e <_vsnprintf+0xab2>
1000378c:	e671      	b.n	10003472 <_vsnprintf+0x796>
1000378e:	9b14      	ldr	r3, [sp, #80]	; 0x50
10003790:	4654      	mov	r4, sl
10003792:	960e      	str	r6, [sp, #56]	; 0x38
10003794:	970f      	str	r7, [sp, #60]	; 0x3c
10003796:	46aa      	mov	sl, r5
10003798:	4698      	mov	r8, r3
1000379a:	9e15      	ldr	r6, [sp, #84]	; 0x54
1000379c:	9d13      	ldr	r5, [sp, #76]	; 0x4c
1000379e:	e68e      	b.n	100034be <_vsnprintf+0x7e2>
100037a0:	42a6      	cmp	r6, r4
100037a2:	d800      	bhi.n	100037a6 <_vsnprintf+0xaca>
100037a4:	e6fb      	b.n	1000359e <_vsnprintf+0x8c2>
100037a6:	9b13      	ldr	r3, [sp, #76]	; 0x4c
100037a8:	4656      	mov	r6, sl
100037aa:	4698      	mov	r8, r3
100037ac:	46aa      	mov	sl, r5
100037ae:	465c      	mov	r4, fp
100037b0:	9d12      	ldr	r5, [sp, #72]	; 0x48
100037b2:	e576      	b.n	100032a2 <_vsnprintf+0x5c6>
100037b4:	c908      	ldmia	r1!, {r3}
100037b6:	17d8      	asrs	r0, r3, #31
100037b8:	181a      	adds	r2, r3, r0
100037ba:	4042      	eors	r2, r0
100037bc:	9109      	str	r1, [sp, #36]	; 0x24
100037be:	f7ff fb8a 	bl	10002ed6 <_vsnprintf+0x1fa>
100037c2:	2300      	movs	r3, #0
100037c4:	930b      	str	r3, [sp, #44]	; 0x2c
100037c6:	e450      	b.n	1000306a <_vsnprintf+0x38e>
100037c8:	9b09      	ldr	r3, [sp, #36]	; 0x24
100037ca:	cb04      	ldmia	r3!, {r2}
100037cc:	4693      	mov	fp, r2
100037ce:	9309      	str	r3, [sp, #36]	; 0x24
100037d0:	e559      	b.n	10003286 <_vsnprintf+0x5aa>
100037d2:	002f      	movs	r7, r5
100037d4:	e5bb      	b.n	1000334e <_vsnprintf+0x672>
100037d6:	930b      	str	r3, [sp, #44]	; 0x2c
100037d8:	e601      	b.n	100033de <_vsnprintf+0x702>
100037da:	3b06      	subs	r3, #6
100037dc:	930c      	str	r3, [sp, #48]	; 0x30
100037de:	e69a      	b.n	10003516 <_vsnprintf+0x83a>

100037e0 <vfctprintf>:
100037e0:	b500      	push	{lr}
100037e2:	b085      	sub	sp, #20
100037e4:	9103      	str	r1, [sp, #12]
100037e6:	2101      	movs	r1, #1
100037e8:	9002      	str	r0, [sp, #8]
100037ea:	9300      	str	r3, [sp, #0]
100037ec:	4803      	ldr	r0, [pc, #12]	; (100037fc <vfctprintf+0x1c>)
100037ee:	0013      	movs	r3, r2
100037f0:	424a      	negs	r2, r1
100037f2:	a902      	add	r1, sp, #8
100037f4:	f7ff fa72 	bl	10002cdc <_vsnprintf>
100037f8:	b005      	add	sp, #20
100037fa:	bd00      	pop	{pc}
100037fc:	100024e9 	.word	0x100024e9

10003800 <weak_raw_vprintf>:
10003800:	b510      	push	{r4, lr}
10003802:	4a09      	ldr	r2, [pc, #36]	; (10003828 <weak_raw_vprintf+0x28>)
10003804:	0003      	movs	r3, r0
10003806:	6814      	ldr	r4, [r2, #0]
10003808:	b084      	sub	sp, #16
1000380a:	2c00      	cmp	r4, #0
1000380c:	d008      	beq.n	10003820 <weak_raw_vprintf+0x20>
1000380e:	2201      	movs	r2, #1
10003810:	9100      	str	r1, [sp, #0]
10003812:	4806      	ldr	r0, [pc, #24]	; (1000382c <weak_raw_vprintf+0x2c>)
10003814:	4252      	negs	r2, r2
10003816:	a903      	add	r1, sp, #12
10003818:	47a0      	blx	r4
1000381a:	2001      	movs	r0, #1
1000381c:	b004      	add	sp, #16
1000381e:	bd10      	pop	{r4, pc}
10003820:	f000 fdac 	bl	1000437c <__wrap_puts>
10003824:	2000      	movs	r0, #0
10003826:	e7f9      	b.n	1000381c <weak_raw_vprintf+0x1c>
10003828:	200024f4 	.word	0x200024f4
1000382c:	100024d9 	.word	0x100024d9

10003830 <__aeabi_bits_init>:
10003830:	4801      	ldr	r0, [pc, #4]	; (10003838 <__aeabi_bits_init+0x8>)
10003832:	2104      	movs	r1, #4
10003834:	4b01      	ldr	r3, [pc, #4]	; (1000383c <__aeabi_bits_init+0xc>)
10003836:	4718      	bx	r3
10003838:	200013e0 	.word	0x200013e0
1000383c:	10003861 	.word	0x10003861

10003840 <rom_func_lookup>:
10003840:	2314      	movs	r3, #20
10003842:	b510      	push	{r4, lr}
10003844:	0001      	movs	r1, r0
10003846:	8818      	ldrh	r0, [r3, #0]
10003848:	3304      	adds	r3, #4
1000384a:	881b      	ldrh	r3, [r3, #0]
1000384c:	4798      	blx	r3
1000384e:	bd10      	pop	{r4, pc}

10003850 <rom_data_lookup>:
10003850:	2316      	movs	r3, #22
10003852:	b510      	push	{r4, lr}
10003854:	0001      	movs	r1, r0
10003856:	8818      	ldrh	r0, [r3, #0]
10003858:	3302      	adds	r3, #2
1000385a:	881b      	ldrh	r3, [r3, #0]
1000385c:	4798      	blx	r3
1000385e:	bd10      	pop	{r4, pc}

10003860 <rom_funcs_lookup>:
10003860:	b5f8      	push	{r3, r4, r5, r6, r7, lr}
10003862:	4647      	mov	r7, r8
10003864:	46ce      	mov	lr, r9
10003866:	b580      	push	{r7, lr}
10003868:	1e0f      	subs	r7, r1, #0
1000386a:	d019      	beq.n	100038a0 <rom_funcs_lookup+0x40>
1000386c:	2314      	movs	r3, #20
1000386e:	4699      	mov	r9, r3
10003870:	3304      	adds	r3, #4
10003872:	0004      	movs	r4, r0
10003874:	2500      	movs	r5, #0
10003876:	2601      	movs	r6, #1
10003878:	4698      	mov	r8, r3
1000387a:	464b      	mov	r3, r9
1000387c:	8818      	ldrh	r0, [r3, #0]
1000387e:	4643      	mov	r3, r8
10003880:	6821      	ldr	r1, [r4, #0]
10003882:	881b      	ldrh	r3, [r3, #0]
10003884:	4798      	blx	r3
10003886:	c401      	stmia	r4!, {r0}
10003888:	1e43      	subs	r3, r0, #1
1000388a:	4198      	sbcs	r0, r3
1000388c:	3501      	adds	r5, #1
1000388e:	4240      	negs	r0, r0
10003890:	4006      	ands	r6, r0
10003892:	42af      	cmp	r7, r5
10003894:	d1f1      	bne.n	1000387a <rom_funcs_lookup+0x1a>
10003896:	0030      	movs	r0, r6
10003898:	bcc0      	pop	{r6, r7}
1000389a:	46b9      	mov	r9, r7
1000389c:	46b0      	mov	r8, r6
1000389e:	bdf8      	pop	{r3, r4, r5, r6, r7, pc}
100038a0:	2601      	movs	r6, #1
100038a2:	e7f8      	b.n	10003896 <rom_funcs_lookup+0x36>

100038a4 <__wrap___aeabi_idiv>:
100038a4:	4a12      	ldr	r2, [pc, #72]	; (100038f0 <divmod_s32s32_savestate+0x18>)
100038a6:	6f93      	ldr	r3, [r2, #120]	; 0x78
100038a8:	089b      	lsrs	r3, r3, #2
100038aa:	d215      	bcs.n	100038d8 <divmod_s32s32_savestate>

100038ac <divmod_s32s32_unsafe>:
100038ac:	6690      	str	r0, [r2, #104]	; 0x68
100038ae:	66d1      	str	r1, [r2, #108]	; 0x6c
100038b0:	2900      	cmp	r1, #0
100038b2:	d005      	beq.n	100038c0 <divmod_s32s32_unsafe+0x14>
100038b4:	e7ff      	b.n	100038b6 <divmod_s32s32_unsafe+0xa>
100038b6:	e7ff      	b.n	100038b8 <divmod_s32s32_unsafe+0xc>
100038b8:	e7ff      	b.n	100038ba <divmod_s32s32_unsafe+0xe>
100038ba:	6f51      	ldr	r1, [r2, #116]	; 0x74
100038bc:	6f10      	ldr	r0, [r2, #112]	; 0x70
100038be:	4770      	bx	lr
100038c0:	b504      	push	{r2, lr}
100038c2:	2180      	movs	r1, #128	; 0x80
100038c4:	0609      	lsls	r1, r1, #24
100038c6:	17c2      	asrs	r2, r0, #31
100038c8:	4051      	eors	r1, r2
100038ca:	2800      	cmp	r0, #0
100038cc:	d000      	beq.n	100038d0 <divmod_s32s32_unsafe+0x24>
100038ce:	43c8      	mvns	r0, r1
100038d0:	f004 f996 	bl	10007c00 <____aeabi_idiv0_veneer>
100038d4:	2100      	movs	r1, #0
100038d6:	bd04      	pop	{r2, pc}

100038d8 <divmod_s32s32_savestate>:
100038d8:	b5f0      	push	{r4, r5, r6, r7, lr}
100038da:	6e14      	ldr	r4, [r2, #96]	; 0x60
100038dc:	6e55      	ldr	r5, [r2, #100]	; 0x64
100038de:	6f57      	ldr	r7, [r2, #116]	; 0x74
100038e0:	6f16      	ldr	r6, [r2, #112]	; 0x70
100038e2:	f7ff ffe3 	bl	100038ac <divmod_s32s32_unsafe>
100038e6:	6614      	str	r4, [r2, #96]	; 0x60
100038e8:	6655      	str	r5, [r2, #100]	; 0x64
100038ea:	6757      	str	r7, [r2, #116]	; 0x74
100038ec:	6716      	str	r6, [r2, #112]	; 0x70
100038ee:	bdf0      	pop	{r4, r5, r6, r7, pc}
100038f0:	d0000000 	.word	0xd0000000

100038f4 <__wrap___aeabi_uidiv>:
100038f4:	4a11      	ldr	r2, [pc, #68]	; (1000393c <divmod_u32u32_savestate+0x18>)
100038f6:	6f93      	ldr	r3, [r2, #120]	; 0x78
100038f8:	089b      	lsrs	r3, r3, #2
100038fa:	d213      	bcs.n	10003924 <divmod_u32u32_savestate>

100038fc <divmod_u32u32_unsafe>:
100038fc:	6610      	str	r0, [r2, #96]	; 0x60
100038fe:	6651      	str	r1, [r2, #100]	; 0x64
10003900:	2900      	cmp	r1, #0
10003902:	d005      	beq.n	10003910 <divmod_u32u32_unsafe+0x14>
10003904:	e7ff      	b.n	10003906 <divmod_u32u32_unsafe+0xa>
10003906:	e7ff      	b.n	10003908 <divmod_u32u32_unsafe+0xc>
10003908:	e7ff      	b.n	1000390a <divmod_u32u32_unsafe+0xe>
1000390a:	6f51      	ldr	r1, [r2, #116]	; 0x74
1000390c:	6f10      	ldr	r0, [r2, #112]	; 0x70
1000390e:	4770      	bx	lr
10003910:	b504      	push	{r2, lr}
10003912:	2800      	cmp	r0, #0
10003914:	d001      	beq.n	1000391a <divmod_u32u32_unsafe+0x1e>
10003916:	2000      	movs	r0, #0
10003918:	43c0      	mvns	r0, r0
1000391a:	f004 f971 	bl	10007c00 <____aeabi_idiv0_veneer>
1000391e:	2100      	movs	r1, #0
10003920:	bd04      	pop	{r2, pc}
10003922:	46c0      	nop			; (mov r8, r8)

10003924 <divmod_u32u32_savestate>:
10003924:	b5f0      	push	{r4, r5, r6, r7, lr}
10003926:	6e14      	ldr	r4, [r2, #96]	; 0x60
10003928:	6e55      	ldr	r5, [r2, #100]	; 0x64
1000392a:	6f57      	ldr	r7, [r2, #116]	; 0x74
1000392c:	6f16      	ldr	r6, [r2, #112]	; 0x70
1000392e:	f7ff ffe5 	bl	100038fc <divmod_u32u32_unsafe>
10003932:	6614      	str	r4, [r2, #96]	; 0x60
10003934:	6655      	str	r5, [r2, #100]	; 0x64
10003936:	6757      	str	r7, [r2, #116]	; 0x74
10003938:	6716      	str	r6, [r2, #112]	; 0x70
1000393a:	bdf0      	pop	{r4, r5, r6, r7, pc}
1000393c:	d0000000 	.word	0xd0000000

10003940 <__wrap___aeabi_ldivmod>:
10003940:	4694      	mov	ip, r2
10003942:	4a4e      	ldr	r2, [pc, #312]	; (10003a7c <udiv0+0x1a>)
10003944:	6f92      	ldr	r2, [r2, #120]	; 0x78
10003946:	0892      	lsrs	r2, r2, #2
10003948:	4662      	mov	r2, ip
1000394a:	d201      	bcs.n	10003950 <divmod_s64s64_savestate>
1000394c:	e030      	b.n	100039b0 <divmod_s64s64_unsafe>
1000394e:	46c0      	nop			; (mov r8, r8)

10003950 <divmod_s64s64_savestate>:
10003950:	b5f0      	push	{r4, r5, r6, r7, lr}
10003952:	4e4a      	ldr	r6, [pc, #296]	; (10003a7c <udiv0+0x1a>)
10003954:	6fb5      	ldr	r5, [r6, #120]	; 0x78
10003956:	086d      	lsrs	r5, r5, #1
10003958:	d3fc      	bcc.n	10003954 <divmod_s64s64_savestate+0x4>
1000395a:	6e34      	ldr	r4, [r6, #96]	; 0x60
1000395c:	6e75      	ldr	r5, [r6, #100]	; 0x64
1000395e:	6f77      	ldr	r7, [r6, #116]	; 0x74
10003960:	6f36      	ldr	r6, [r6, #112]	; 0x70
10003962:	f000 f825 	bl	100039b0 <divmod_s64s64_unsafe>
10003966:	4694      	mov	ip, r2
10003968:	4a44      	ldr	r2, [pc, #272]	; (10003a7c <udiv0+0x1a>)
1000396a:	6614      	str	r4, [r2, #96]	; 0x60
1000396c:	6655      	str	r5, [r2, #100]	; 0x64
1000396e:	6757      	str	r7, [r2, #116]	; 0x74
10003970:	6716      	str	r6, [r2, #112]	; 0x70
10003972:	4662      	mov	r2, ip
10003974:	bdf0      	pop	{r4, r5, r6, r7, pc}
10003976:	46c0      	nop			; (mov r8, r8)

10003978 <__wrap___aeabi_uldivmod>:
10003978:	4694      	mov	ip, r2
1000397a:	4a40      	ldr	r2, [pc, #256]	; (10003a7c <udiv0+0x1a>)
1000397c:	6f92      	ldr	r2, [r2, #120]	; 0x78
1000397e:	0892      	lsrs	r2, r2, #2
10003980:	4662      	mov	r2, ip
10003982:	d201      	bcs.n	10003988 <divmod_u64u64_savestate>
10003984:	e058      	b.n	10003a38 <divmod_u64u64_unsafe>
10003986:	46c0      	nop			; (mov r8, r8)

10003988 <divmod_u64u64_savestate>:
10003988:	b5f0      	push	{r4, r5, r6, r7, lr}
1000398a:	4e3c      	ldr	r6, [pc, #240]	; (10003a7c <udiv0+0x1a>)
1000398c:	6fb5      	ldr	r5, [r6, #120]	; 0x78
1000398e:	086d      	lsrs	r5, r5, #1
10003990:	d3fc      	bcc.n	1000398c <divmod_u64u64_savestate+0x4>
10003992:	6e34      	ldr	r4, [r6, #96]	; 0x60
10003994:	6e75      	ldr	r5, [r6, #100]	; 0x64
10003996:	6f77      	ldr	r7, [r6, #116]	; 0x74
10003998:	6f36      	ldr	r6, [r6, #112]	; 0x70
1000399a:	f000 f84d 	bl	10003a38 <divmod_u64u64_unsafe>
1000399e:	4694      	mov	ip, r2
100039a0:	4a36      	ldr	r2, [pc, #216]	; (10003a7c <udiv0+0x1a>)
100039a2:	6614      	str	r4, [r2, #96]	; 0x60
100039a4:	6655      	str	r5, [r2, #100]	; 0x64
100039a6:	6757      	str	r7, [r2, #116]	; 0x74
100039a8:	6716      	str	r6, [r2, #112]	; 0x70
100039aa:	4662      	mov	r2, ip
100039ac:	bdf0      	pop	{r4, r5, r6, r7, pc}
100039ae:	46c0      	nop			; (mov r8, r8)

100039b0 <divmod_s64s64_unsafe>:
100039b0:	2b00      	cmp	r3, #0
100039b2:	db24      	blt.n	100039fe <l41_1+0x26>
100039b4:	d011      	beq.n	100039da <l41_1+0x2>
100039b6:	2900      	cmp	r1, #0
100039b8:	da3e      	bge.n	10003a38 <divmod_u64u64_unsafe>
100039ba:	b500      	push	{lr}
100039bc:	43c9      	mvns	r1, r1
100039be:	4240      	negs	r0, r0
100039c0:	d100      	bne.n	100039c4 <l39_1>
100039c2:	3101      	adds	r1, #1

100039c4 <l39_1>:
100039c4:	f000 f838 	bl	10003a38 <divmod_u64u64_unsafe>
100039c8:	43c9      	mvns	r1, r1
100039ca:	4240      	negs	r0, r0
100039cc:	d100      	bne.n	100039d0 <l40_1>
100039ce:	3101      	adds	r1, #1

100039d0 <l40_1>:
100039d0:	43db      	mvns	r3, r3
100039d2:	4252      	negs	r2, r2
100039d4:	d100      	bne.n	100039d8 <l41_1>
100039d6:	3301      	adds	r3, #1

100039d8 <l41_1>:
100039d8:	bd00      	pop	{pc}
100039da:	2a00      	cmp	r2, #0
100039dc:	d1eb      	bne.n	100039b6 <divmod_s64s64_unsafe+0x6>
100039de:	2800      	cmp	r0, #0
100039e0:	d101      	bne.n	100039e6 <l41_1+0xe>
100039e2:	2900      	cmp	r1, #0
100039e4:	d005      	beq.n	100039f2 <l41_1+0x1a>
100039e6:	2000      	movs	r0, #0
100039e8:	0fc9      	lsrs	r1, r1, #31
100039ea:	07c9      	lsls	r1, r1, #31
100039ec:	d101      	bne.n	100039f2 <l41_1+0x1a>
100039ee:	43c0      	mvns	r0, r0
100039f0:	0841      	lsrs	r1, r0, #1
100039f2:	b500      	push	{lr}
100039f4:	f004 f8fc 	bl	10007bf0 <____aeabi_ldiv0_veneer>
100039f8:	2200      	movs	r2, #0
100039fa:	2300      	movs	r3, #0
100039fc:	bd00      	pop	{pc}
100039fe:	b500      	push	{lr}
10003a00:	2900      	cmp	r1, #0
10003a02:	db0a      	blt.n	10003a1a <l43_1+0x2>
10003a04:	43db      	mvns	r3, r3
10003a06:	4252      	negs	r2, r2
10003a08:	d100      	bne.n	10003a0c <l42_1>
10003a0a:	3301      	adds	r3, #1

10003a0c <l42_1>:
10003a0c:	f000 f814 	bl	10003a38 <divmod_u64u64_unsafe>
10003a10:	43c9      	mvns	r1, r1
10003a12:	4240      	negs	r0, r0
10003a14:	d100      	bne.n	10003a18 <l43_1>
10003a16:	3101      	adds	r1, #1

10003a18 <l43_1>:
10003a18:	bd00      	pop	{pc}
10003a1a:	43c9      	mvns	r1, r1
10003a1c:	4240      	negs	r0, r0
10003a1e:	d100      	bne.n	10003a22 <l44_1>
10003a20:	3101      	adds	r1, #1

10003a22 <l44_1>:
10003a22:	43db      	mvns	r3, r3
10003a24:	4252      	negs	r2, r2
10003a26:	d100      	bne.n	10003a2a <l45_1>
10003a28:	3301      	adds	r3, #1

10003a2a <l45_1>:
10003a2a:	f000 f805 	bl	10003a38 <divmod_u64u64_unsafe>
10003a2e:	43db      	mvns	r3, r3
10003a30:	4252      	negs	r2, r2
10003a32:	d100      	bne.n	10003a36 <l46_1>
10003a34:	3301      	adds	r3, #1

10003a36 <l46_1>:
10003a36:	bd00      	pop	{pc}

10003a38 <divmod_u64u64_unsafe>:
10003a38:	2900      	cmp	r1, #0
10003a3a:	d123      	bne.n	10003a84 <y64>
10003a3c:	2b00      	cmp	r3, #0
10003a3e:	d118      	bne.n	10003a72 <udiv0+0x10>
10003a40:	2a00      	cmp	r2, #0
10003a42:	d00c      	beq.n	10003a5e <divmod_u64u64_unsafe+0x26>
10003a44:	46bc      	mov	ip, r7
10003a46:	4f0d      	ldr	r7, [pc, #52]	; (10003a7c <udiv0+0x1a>)
10003a48:	6638      	str	r0, [r7, #96]	; 0x60
10003a4a:	667a      	str	r2, [r7, #100]	; 0x64
10003a4c:	2100      	movs	r1, #0
10003a4e:	2300      	movs	r3, #0
10003a50:	e7ff      	b.n	10003a52 <divmod_u64u64_unsafe+0x1a>
10003a52:	e7ff      	b.n	10003a54 <divmod_u64u64_unsafe+0x1c>
10003a54:	e7ff      	b.n	10003a56 <divmod_u64u64_unsafe+0x1e>
10003a56:	6f7a      	ldr	r2, [r7, #116]	; 0x74
10003a58:	6f38      	ldr	r0, [r7, #112]	; 0x70
10003a5a:	4667      	mov	r7, ip
10003a5c:	4770      	bx	lr
10003a5e:	2800      	cmp	r0, #0
10003a60:	d001      	beq.n	10003a66 <udiv0+0x4>

10003a62 <udiv0>:
10003a62:	4807      	ldr	r0, [pc, #28]	; (10003a80 <udiv0+0x1e>)
10003a64:	0001      	movs	r1, r0
10003a66:	b500      	push	{lr}
10003a68:	f004 f8c2 	bl	10007bf0 <____aeabi_ldiv0_veneer>
10003a6c:	2200      	movs	r2, #0
10003a6e:	2300      	movs	r3, #0
10003a70:	bd00      	pop	{pc}
10003a72:	0002      	movs	r2, r0
10003a74:	000b      	movs	r3, r1
10003a76:	2000      	movs	r0, #0
10003a78:	2100      	movs	r1, #0
10003a7a:	4770      	bx	lr
10003a7c:	d0000000 	.word	0xd0000000
10003a80:	ffffffff 	.word	0xffffffff

10003a84 <y64>:
10003a84:	2b00      	cmp	r3, #0
10003a86:	d000      	beq.n	10003a8a <y64+0x6>
10003a88:	e0bf      	b.n	10003c0a <y64_x48>
10003a8a:	0c13      	lsrs	r3, r2, #16
10003a8c:	d128      	bne.n	10003ae0 <y64_x32>
10003a8e:	2a00      	cmp	r2, #0
10003a90:	d0e7      	beq.n	10003a62 <udiv0>
10003a92:	b480      	push	{r7}
10003a94:	4f11      	ldr	r7, [pc, #68]	; (10003adc <y64+0x58>)
10003a96:	6639      	str	r1, [r7, #96]	; 0x60
10003a98:	667a      	str	r2, [r7, #100]	; 0x64
10003a9a:	e7ff      	b.n	10003a9c <y64+0x18>
10003a9c:	e7ff      	b.n	10003a9e <y64+0x1a>
10003a9e:	b430      	push	{r4, r5}
10003aa0:	0c04      	lsrs	r4, r0, #16
10003aa2:	6f7b      	ldr	r3, [r7, #116]	; 0x74
10003aa4:	6f39      	ldr	r1, [r7, #112]	; 0x70
10003aa6:	041b      	lsls	r3, r3, #16
10003aa8:	4323      	orrs	r3, r4
10003aaa:	663b      	str	r3, [r7, #96]	; 0x60
10003aac:	667a      	str	r2, [r7, #100]	; 0x64
10003aae:	e7ff      	b.n	10003ab0 <y64+0x2c>
10003ab0:	e7ff      	b.n	10003ab2 <y64+0x2e>
10003ab2:	e7ff      	b.n	10003ab4 <y64+0x30>
10003ab4:	46c0      	nop			; (mov r8, r8)
10003ab6:	b284      	uxth	r4, r0
10003ab8:	6f7b      	ldr	r3, [r7, #116]	; 0x74
10003aba:	6f3d      	ldr	r5, [r7, #112]	; 0x70
10003abc:	041b      	lsls	r3, r3, #16
10003abe:	4323      	orrs	r3, r4
10003ac0:	663b      	str	r3, [r7, #96]	; 0x60
10003ac2:	667a      	str	r2, [r7, #100]	; 0x64
10003ac4:	e7ff      	b.n	10003ac6 <y64+0x42>
10003ac6:	e7ff      	b.n	10003ac8 <y64+0x44>
10003ac8:	46c0      	nop			; (mov r8, r8)
10003aca:	2300      	movs	r3, #0
10003acc:	042c      	lsls	r4, r5, #16
10003ace:	0c2d      	lsrs	r5, r5, #16
10003ad0:	6f7a      	ldr	r2, [r7, #116]	; 0x74
10003ad2:	6f38      	ldr	r0, [r7, #112]	; 0x70
10003ad4:	1900      	adds	r0, r0, r4
10003ad6:	4169      	adcs	r1, r5
10003ad8:	bcb0      	pop	{r4, r5, r7}
10003ada:	4770      	bx	lr
10003adc:	d0000000 	.word	0xd0000000

10003ae0 <y64_x32>:
10003ae0:	b5f0      	push	{r4, r5, r6, r7, lr}
10003ae2:	4694      	mov	ip, r2
10003ae4:	2500      	movs	r5, #0
10003ae6:	0e14      	lsrs	r4, r2, #24
10003ae8:	d101      	bne.n	10003aee <y64_x32+0xe>
10003aea:	0212      	lsls	r2, r2, #8
10003aec:	3508      	adds	r5, #8
10003aee:	0f14      	lsrs	r4, r2, #28
10003af0:	d101      	bne.n	10003af6 <y64_x32+0x16>
10003af2:	0112      	lsls	r2, r2, #4
10003af4:	3504      	adds	r5, #4
10003af6:	0f94      	lsrs	r4, r2, #30
10003af8:	d101      	bne.n	10003afe <y64_x32+0x1e>
10003afa:	0092      	lsls	r2, r2, #2
10003afc:	3502      	adds	r5, #2
10003afe:	0fd4      	lsrs	r4, r2, #31
10003b00:	d101      	bne.n	10003b06 <y64_x32+0x26>
10003b02:	0052      	lsls	r2, r2, #1
10003b04:	3501      	adds	r5, #1
10003b06:	0bd4      	lsrs	r4, r2, #15
10003b08:	3401      	adds	r4, #1
10003b0a:	4f25      	ldr	r7, [pc, #148]	; (10003ba0 <y64_x32+0xc0>)
10003b0c:	667c      	str	r4, [r7, #100]	; 0x64
10003b0e:	4c25      	ldr	r4, [pc, #148]	; (10003ba4 <y64_x32+0xc4>)
10003b10:	663c      	str	r4, [r7, #96]	; 0x60
10003b12:	0c0e      	lsrs	r6, r1, #16
10003b14:	b293      	uxth	r3, r2
10003b16:	e7ff      	b.n	10003b18 <y64_x32+0x38>
10003b18:	e7ff      	b.n	10003b1a <y64_x32+0x3a>
10003b1a:	e7ff      	b.n	10003b1c <y64_x32+0x3c>
10003b1c:	6f3c      	ldr	r4, [r7, #112]	; 0x70
10003b1e:	4366      	muls	r6, r4
10003b20:	0c36      	lsrs	r6, r6, #16
10003b22:	0377      	lsls	r7, r6, #13
10003b24:	46be      	mov	lr, r7
10003b26:	4373      	muls	r3, r6
10003b28:	0bdf      	lsrs	r7, r3, #15
10003b2a:	045b      	lsls	r3, r3, #17
10003b2c:	1ac0      	subs	r0, r0, r3
10003b2e:	41b9      	sbcs	r1, r7
10003b30:	0c13      	lsrs	r3, r2, #16
10003b32:	4373      	muls	r3, r6
10003b34:	18db      	adds	r3, r3, r3
10003b36:	1ac9      	subs	r1, r1, r3
10003b38:	08ce      	lsrs	r6, r1, #3
10003b3a:	4366      	muls	r6, r4
10003b3c:	0c36      	lsrs	r6, r6, #16
10003b3e:	44b6      	add	lr, r6
10003b40:	b293      	uxth	r3, r2
10003b42:	4373      	muls	r3, r6
10003b44:	0f1f      	lsrs	r7, r3, #28
10003b46:	011b      	lsls	r3, r3, #4
10003b48:	1ac0      	subs	r0, r0, r3
10003b4a:	41b9      	sbcs	r1, r7
10003b4c:	0c13      	lsrs	r3, r2, #16
10003b4e:	4373      	muls	r3, r6
10003b50:	0b1f      	lsrs	r7, r3, #12
10003b52:	051b      	lsls	r3, r3, #20
10003b54:	1ac0      	subs	r0, r0, r3
10003b56:	41b9      	sbcs	r1, r7
10003b58:	0d86      	lsrs	r6, r0, #22
10003b5a:	028f      	lsls	r7, r1, #10
10003b5c:	433e      	orrs	r6, r7
10003b5e:	4366      	muls	r6, r4
10003b60:	0c36      	lsrs	r6, r6, #16
10003b62:	2d09      	cmp	r5, #9
10003b64:	db24      	blt.n	10003bb0 <last0>
10003b66:	0a52      	lsrs	r2, r2, #9
10003b68:	4372      	muls	r2, r6
10003b6a:	1a80      	subs	r0, r0, r2
10003b6c:	0377      	lsls	r7, r6, #13
10003b6e:	0a46      	lsrs	r6, r0, #9
10003b70:	4366      	muls	r6, r4
10003b72:	0c36      	lsrs	r6, r6, #16
10003b74:	2316      	movs	r3, #22
10003b76:	1b5b      	subs	r3, r3, r5
10003b78:	40de      	lsrs	r6, r3
10003b7a:	40df      	lsrs	r7, r3
10003b7c:	19bf      	adds	r7, r7, r6
10003b7e:	4664      	mov	r4, ip
10003b80:	4366      	muls	r6, r4
10003b82:	1b82      	subs	r2, r0, r6
10003b84:	4670      	mov	r0, lr
10003b86:	3504      	adds	r5, #4
10003b88:	3306      	adds	r3, #6
10003b8a:	0001      	movs	r1, r0
10003b8c:	40d9      	lsrs	r1, r3
10003b8e:	40a8      	lsls	r0, r5
10003b90:	19c0      	adds	r0, r0, r7
10003b92:	d300      	bcc.n	10003b96 <y64_x32+0xb6>
10003b94:	3101      	adds	r1, #1
10003b96:	42a2      	cmp	r2, r4
10003b98:	d206      	bcs.n	10003ba8 <y64_x32+0xc8>
10003b9a:	2300      	movs	r3, #0
10003b9c:	bdf0      	pop	{r4, r5, r6, r7, pc}
10003b9e:	0000      	.short	0x0000
10003ba0:	d0000000 	.word	0xd0000000
10003ba4:	ffffffff 	.word	0xffffffff
10003ba8:	1b12      	subs	r2, r2, r4
10003baa:	3001      	adds	r0, #1
10003bac:	d3f3      	bcc.n	10003b96 <y64_x32+0xb6>
10003bae:	e7f1      	b.n	10003b94 <y64_x32+0xb4>

10003bb0 <last0>:
10003bb0:	2709      	movs	r7, #9
10003bb2:	1b7f      	subs	r7, r7, r5
10003bb4:	40fe      	lsrs	r6, r7
10003bb6:	4664      	mov	r4, ip
10003bb8:	b2a2      	uxth	r2, r4
10003bba:	4372      	muls	r2, r6
10003bbc:	1a80      	subs	r0, r0, r2
10003bbe:	d200      	bcs.n	10003bc2 <last0+0x12>
10003bc0:	3901      	subs	r1, #1
10003bc2:	0c22      	lsrs	r2, r4, #16
10003bc4:	4372      	muls	r2, r6
10003bc6:	0c13      	lsrs	r3, r2, #16
10003bc8:	0412      	lsls	r2, r2, #16
10003bca:	1a82      	subs	r2, r0, r2
10003bcc:	4199      	sbcs	r1, r3
10003bce:	000b      	movs	r3, r1
10003bd0:	4670      	mov	r0, lr
10003bd2:	3504      	adds	r5, #4
10003bd4:	3713      	adds	r7, #19
10003bd6:	0001      	movs	r1, r0
10003bd8:	40f9      	lsrs	r1, r7
10003bda:	40a8      	lsls	r0, r5
10003bdc:	1980      	adds	r0, r0, r6
10003bde:	d300      	bcc.n	10003be2 <last0+0x32>
10003be0:	3101      	adds	r1, #1
10003be2:	2b00      	cmp	r3, #0
10003be4:	d102      	bne.n	10003bec <last0+0x3c>
10003be6:	42a2      	cmp	r2, r4
10003be8:	d20a      	bcs.n	10003c00 <last0+0x50>
10003bea:	bdf0      	pop	{r4, r5, r6, r7, pc}
10003bec:	3001      	adds	r0, #1
10003bee:	d300      	bcc.n	10003bf2 <last0+0x42>
10003bf0:	3101      	adds	r1, #1
10003bf2:	1b12      	subs	r2, r2, r4
10003bf4:	d2fa      	bcs.n	10003bec <last0+0x3c>
10003bf6:	3b01      	subs	r3, #1
10003bf8:	d1f8      	bne.n	10003bec <last0+0x3c>
10003bfa:	42a2      	cmp	r2, r4
10003bfc:	d200      	bcs.n	10003c00 <last0+0x50>
10003bfe:	bdf0      	pop	{r4, r5, r6, r7, pc}
10003c00:	3001      	adds	r0, #1
10003c02:	d300      	bcc.n	10003c06 <last0+0x56>
10003c04:	3101      	adds	r1, #1
10003c06:	1b12      	subs	r2, r2, r4
10003c08:	e7f7      	b.n	10003bfa <last0+0x4a>

10003c0a <y64_x48>:
10003c0a:	b5f0      	push	{r4, r5, r6, r7, lr}
10003c0c:	0c1c      	lsrs	r4, r3, #16
10003c0e:	d000      	beq.n	10003c12 <y64_x48+0x8>
10003c10:	e080      	b.n	10003d14 <y64_x64>
10003c12:	b40c      	push	{r2, r3}
10003c14:	2500      	movs	r5, #0
10003c16:	0a1c      	lsrs	r4, r3, #8
10003c18:	d104      	bne.n	10003c24 <y64_x48+0x1a>
10003c1a:	021b      	lsls	r3, r3, #8
10003c1c:	0e16      	lsrs	r6, r2, #24
10003c1e:	4333      	orrs	r3, r6
10003c20:	0212      	lsls	r2, r2, #8
10003c22:	3508      	adds	r5, #8
10003c24:	0b1c      	lsrs	r4, r3, #12
10003c26:	d104      	bne.n	10003c32 <y64_x48+0x28>
10003c28:	011b      	lsls	r3, r3, #4
10003c2a:	0f16      	lsrs	r6, r2, #28
10003c2c:	4333      	orrs	r3, r6
10003c2e:	0112      	lsls	r2, r2, #4
10003c30:	3504      	adds	r5, #4
10003c32:	0b9c      	lsrs	r4, r3, #14
10003c34:	d104      	bne.n	10003c40 <y64_x48+0x36>
10003c36:	009b      	lsls	r3, r3, #2
10003c38:	0f96      	lsrs	r6, r2, #30
10003c3a:	4333      	orrs	r3, r6
10003c3c:	0092      	lsls	r2, r2, #2
10003c3e:	3502      	adds	r5, #2
10003c40:	0bdc      	lsrs	r4, r3, #15
10003c42:	d102      	bne.n	10003c4a <y64_x48+0x40>
10003c44:	1892      	adds	r2, r2, r2
10003c46:	415b      	adcs	r3, r3
10003c48:	3501      	adds	r5, #1
10003c4a:	001c      	movs	r4, r3
10003c4c:	1897      	adds	r7, r2, r2
10003c4e:	4164      	adcs	r4, r4
10003c50:	3401      	adds	r4, #1
10003c52:	4f46      	ldr	r7, [pc, #280]	; (10003d6c <y64_x64+0x58>)
10003c54:	667c      	str	r4, [r7, #100]	; 0x64
10003c56:	4c46      	ldr	r4, [pc, #280]	; (10003d70 <y64_x64+0x5c>)
10003c58:	663c      	str	r4, [r7, #96]	; 0x60
10003c5a:	0c0e      	lsrs	r6, r1, #16
10003c5c:	e7ff      	b.n	10003c5e <y64_x48+0x54>
10003c5e:	e7ff      	b.n	10003c60 <y64_x48+0x56>
10003c60:	e7ff      	b.n	10003c62 <y64_x48+0x58>
10003c62:	46c0      	nop			; (mov r8, r8)
10003c64:	6f3c      	ldr	r4, [r7, #112]	; 0x70
10003c66:	4366      	muls	r6, r4
10003c68:	0c36      	lsrs	r6, r6, #16
10003c6a:	0377      	lsls	r7, r6, #13
10003c6c:	46be      	mov	lr, r7
10003c6e:	b297      	uxth	r7, r2
10003c70:	4377      	muls	r7, r6
10003c72:	1bc0      	subs	r0, r0, r7
10003c74:	d200      	bcs.n	10003c78 <y64_x48+0x6e>
10003c76:	3901      	subs	r1, #1
10003c78:	1bc0      	subs	r0, r0, r7
10003c7a:	d200      	bcs.n	10003c7e <y64_x48+0x74>
10003c7c:	3901      	subs	r1, #1
10003c7e:	b29f      	uxth	r7, r3
10003c80:	4377      	muls	r7, r6
10003c82:	1bc9      	subs	r1, r1, r7
10003c84:	1bc9      	subs	r1, r1, r7
10003c86:	0c17      	lsrs	r7, r2, #16
10003c88:	4377      	muls	r7, r6
10003c8a:	047e      	lsls	r6, r7, #17
10003c8c:	0bff      	lsrs	r7, r7, #15
10003c8e:	1b80      	subs	r0, r0, r6
10003c90:	41b9      	sbcs	r1, r7
10003c92:	08ce      	lsrs	r6, r1, #3
10003c94:	4366      	muls	r6, r4
10003c96:	0c36      	lsrs	r6, r6, #16
10003c98:	2d0c      	cmp	r5, #12
10003c9a:	db33      	blt.n	10003d04 <last1>
10003c9c:	44b6      	add	lr, r6
10003c9e:	0b12      	lsrs	r2, r2, #12
10003ca0:	051f      	lsls	r7, r3, #20
10003ca2:	433a      	orrs	r2, r7
10003ca4:	0b1b      	lsrs	r3, r3, #12
10003ca6:	b297      	uxth	r7, r2
10003ca8:	4377      	muls	r7, r6
10003caa:	1bc0      	subs	r0, r0, r7
10003cac:	d200      	bcs.n	10003cb0 <y64_x48+0xa6>
10003cae:	3901      	subs	r1, #1
10003cb0:	b29f      	uxth	r7, r3
10003cb2:	4377      	muls	r7, r6
10003cb4:	1bc9      	subs	r1, r1, r7
10003cb6:	0c17      	lsrs	r7, r2, #16
10003cb8:	4377      	muls	r7, r6
10003cba:	043e      	lsls	r6, r7, #16
10003cbc:	0c3f      	lsrs	r7, r7, #16
10003cbe:	1b80      	subs	r0, r0, r6
10003cc0:	41b9      	sbcs	r1, r7
10003cc2:	0d86      	lsrs	r6, r0, #22
10003cc4:	028f      	lsls	r7, r1, #10
10003cc6:	433e      	orrs	r6, r7
10003cc8:	4366      	muls	r6, r4
10003cca:	2729      	movs	r7, #41	; 0x29
10003ccc:	1b7f      	subs	r7, r7, r5
10003cce:	40fe      	lsrs	r6, r7
10003cd0:	3d0c      	subs	r5, #12
10003cd2:	4677      	mov	r7, lr
10003cd4:	40af      	lsls	r7, r5
10003cd6:	19bf      	adds	r7, r7, r6
10003cd8:	bc30      	pop	{r4, r5}
10003cda:	b2a2      	uxth	r2, r4
10003cdc:	b2ab      	uxth	r3, r5
10003cde:	4372      	muls	r2, r6
10003ce0:	4373      	muls	r3, r6
10003ce2:	1a80      	subs	r0, r0, r2
10003ce4:	4199      	sbcs	r1, r3
10003ce6:	0c22      	lsrs	r2, r4, #16
10003ce8:	4372      	muls	r2, r6
10003cea:	0c13      	lsrs	r3, r2, #16
10003cec:	0412      	lsls	r2, r2, #16
10003cee:	1a80      	subs	r0, r0, r2
10003cf0:	4199      	sbcs	r1, r3
10003cf2:	0002      	movs	r2, r0
10003cf4:	000b      	movs	r3, r1
10003cf6:	3701      	adds	r7, #1
10003cf8:	1b00      	subs	r0, r0, r4
10003cfa:	41a9      	sbcs	r1, r5
10003cfc:	d2f9      	bcs.n	10003cf2 <y64_x48+0xe8>
10003cfe:	1e78      	subs	r0, r7, #1
10003d00:	2100      	movs	r1, #0
10003d02:	bdf0      	pop	{r4, r5, r6, r7, pc}

10003d04 <last1>:
10003d04:	270c      	movs	r7, #12
10003d06:	1b7f      	subs	r7, r7, r5
10003d08:	40fe      	lsrs	r6, r7
10003d0a:	4677      	mov	r7, lr
10003d0c:	0b7f      	lsrs	r7, r7, #13
10003d0e:	40af      	lsls	r7, r5
10003d10:	19ff      	adds	r7, r7, r7
10003d12:	e7e0      	b.n	10003cd6 <y64_x48+0xcc>

10003d14 <y64_x64>:
10003d14:	2400      	movs	r4, #0
10003d16:	1c5d      	adds	r5, r3, #1
10003d18:	d007      	beq.n	10003d2a <y64_x64+0x16>
10003d1a:	4f14      	ldr	r7, [pc, #80]	; (10003d6c <y64_x64+0x58>)
10003d1c:	667d      	str	r5, [r7, #100]	; 0x64
10003d1e:	6639      	str	r1, [r7, #96]	; 0x60
10003d20:	e7ff      	b.n	10003d22 <y64_x64+0xe>
10003d22:	e7ff      	b.n	10003d24 <y64_x64+0x10>
10003d24:	e7ff      	b.n	10003d26 <y64_x64+0x12>
10003d26:	e7ff      	b.n	10003d28 <y64_x64+0x14>
10003d28:	6f3c      	ldr	r4, [r7, #112]	; 0x70
10003d2a:	b295      	uxth	r5, r2
10003d2c:	b29e      	uxth	r6, r3
10003d2e:	4365      	muls	r5, r4
10003d30:	4366      	muls	r6, r4
10003d32:	1b40      	subs	r0, r0, r5
10003d34:	41b1      	sbcs	r1, r6
10003d36:	0c15      	lsrs	r5, r2, #16
10003d38:	0c1e      	lsrs	r6, r3, #16
10003d3a:	4365      	muls	r5, r4
10003d3c:	4366      	muls	r6, r4
10003d3e:	0436      	lsls	r6, r6, #16
10003d40:	0c2f      	lsrs	r7, r5, #16
10003d42:	433e      	orrs	r6, r7
10003d44:	042d      	lsls	r5, r5, #16
10003d46:	1b40      	subs	r0, r0, r5
10003d48:	41b1      	sbcs	r1, r6
10003d4a:	4299      	cmp	r1, r3
10003d4c:	d204      	bcs.n	10003d58 <y64_x64+0x44>
10003d4e:	0002      	movs	r2, r0
10003d50:	000b      	movs	r3, r1
10003d52:	0020      	movs	r0, r4
10003d54:	2100      	movs	r1, #0
10003d56:	bdf0      	pop	{r4, r5, r6, r7, pc}
10003d58:	d101      	bne.n	10003d5e <y64_x64+0x4a>
10003d5a:	4290      	cmp	r0, r2
10003d5c:	d3f7      	bcc.n	10003d4e <y64_x64+0x3a>
10003d5e:	1a80      	subs	r0, r0, r2
10003d60:	4199      	sbcs	r1, r3
10003d62:	3401      	adds	r4, #1
10003d64:	4299      	cmp	r1, r3
10003d66:	d3f2      	bcc.n	10003d4e <y64_x64+0x3a>
10003d68:	e7f6      	b.n	10003d58 <y64_x64+0x44>
10003d6a:	0000      	.short	0x0000
10003d6c:	d0000000 	.word	0xd0000000
10003d70:	ffffffff 	.word	0xffffffff

10003d74 <__wrap___aeabi_drsub>:
10003d74:	4048      	eors	r0, r1
10003d76:	4041      	eors	r1, r0
10003d78:	4048      	eors	r0, r1

10003d7a <__wrap___aeabi_dsub>:
10003d7a:	b418      	push	{r3, r4}
10003d7c:	4b13      	ldr	r3, [pc, #76]	; (10003dcc <__wrap___aeabi_dmul+0xa>)
10003d7e:	685b      	ldr	r3, [r3, #4]
10003d80:	9301      	str	r3, [sp, #4]
10003d82:	bd08      	pop	{r3, pc}

10003d84 <__wrap___aeabi_dadd>:
10003d84:	b418      	push	{r3, r4}
10003d86:	4b11      	ldr	r3, [pc, #68]	; (10003dcc <__wrap___aeabi_dmul+0xa>)
10003d88:	681b      	ldr	r3, [r3, #0]
10003d8a:	9301      	str	r3, [sp, #4]
10003d8c:	bd08      	pop	{r3, pc}

10003d8e <__wrap___aeabi_ddiv>:
10003d8e:	4694      	mov	ip, r2
10003d90:	4a0f      	ldr	r2, [pc, #60]	; (10003dd0 <__wrap___aeabi_dmul+0xe>)
10003d92:	6f92      	ldr	r2, [r2, #120]	; 0x78
10003d94:	0892      	lsrs	r2, r2, #2
10003d96:	d205      	bcs.n	10003da4 <ddiv_save_state>
10003d98:	4662      	mov	r2, ip

10003d9a <ddiv_shim_call>:
10003d9a:	b418      	push	{r3, r4}
10003d9c:	4b0b      	ldr	r3, [pc, #44]	; (10003dcc <__wrap___aeabi_dmul+0xa>)
10003d9e:	68db      	ldr	r3, [r3, #12]
10003da0:	9301      	str	r3, [sp, #4]
10003da2:	bd08      	pop	{r3, pc}

10003da4 <ddiv_save_state>:
10003da4:	4a0a      	ldr	r2, [pc, #40]	; (10003dd0 <__wrap___aeabi_dmul+0xe>)
10003da6:	b5f0      	push	{r4, r5, r6, r7, lr}
10003da8:	6e14      	ldr	r4, [r2, #96]	; 0x60
10003daa:	6e55      	ldr	r5, [r2, #100]	; 0x64
10003dac:	6f57      	ldr	r7, [r2, #116]	; 0x74
10003dae:	6f16      	ldr	r6, [r2, #112]	; 0x70
10003db0:	4662      	mov	r2, ip
10003db2:	f7ff fff2 	bl	10003d9a <ddiv_shim_call>
10003db6:	4a06      	ldr	r2, [pc, #24]	; (10003dd0 <__wrap___aeabi_dmul+0xe>)
10003db8:	6614      	str	r4, [r2, #96]	; 0x60
10003dba:	6655      	str	r5, [r2, #100]	; 0x64
10003dbc:	6757      	str	r7, [r2, #116]	; 0x74
10003dbe:	6716      	str	r6, [r2, #112]	; 0x70
10003dc0:	bdf0      	pop	{r4, r5, r6, r7, pc}

10003dc2 <__wrap___aeabi_dmul>:
10003dc2:	b418      	push	{r3, r4}
10003dc4:	4b01      	ldr	r3, [pc, #4]	; (10003dcc <__wrap___aeabi_dmul+0xa>)
10003dc6:	689b      	ldr	r3, [r3, #8]
10003dc8:	9301      	str	r3, [sp, #4]
10003dca:	bd08      	pop	{r3, pc}
10003dcc:	200019a0 	.word	0x200019a0
10003dd0:	d0000000 	.word	0xd0000000

10003dd4 <__wrap___aeabi_cdrcmple>:
10003dd4:	b5ff      	push	{r0, r1, r2, r3, r4, r5, r6, r7, lr}
10003dd6:	4050      	eors	r0, r2
10003dd8:	4042      	eors	r2, r0
10003dda:	4050      	eors	r0, r2
10003ddc:	4059      	eors	r1, r3
10003dde:	404b      	eors	r3, r1
10003de0:	4059      	eors	r1, r3
10003de2:	e000      	b.n	10003de6 <__aeabi_dfcmple_guts>

10003de4 <__wrap___aeabi_cdcmpeq>:
10003de4:	b5ff      	push	{r0, r1, r2, r3, r4, r5, r6, r7, lr}

10003de6 <__aeabi_dfcmple_guts>:
10003de6:	4f15      	ldr	r7, [pc, #84]	; (10003e3c <__aeabi_dfcmple_guts+0x56>)
10003de8:	004c      	lsls	r4, r1, #1
10003dea:	0d64      	lsrs	r4, r4, #21
10003dec:	d003      	beq.n	10003df6 <__aeabi_dfcmple_guts+0x10>
10003dee:	42bc      	cmp	r4, r7
10003df0:	d104      	bne.n	10003dfc <__aeabi_dfcmple_guts+0x16>
10003df2:	030c      	lsls	r4, r1, #12
10003df4:	d814      	bhi.n	10003e20 <__aeabi_dfcmple_guts+0x3a>
10003df6:	2000      	movs	r0, #0
10003df8:	0d09      	lsrs	r1, r1, #20
10003dfa:	0509      	lsls	r1, r1, #20
10003dfc:	005c      	lsls	r4, r3, #1
10003dfe:	0d64      	lsrs	r4, r4, #21
10003e00:	d003      	beq.n	10003e0a <__aeabi_dfcmple_guts+0x24>
10003e02:	42bc      	cmp	r4, r7
10003e04:	d104      	bne.n	10003e10 <__aeabi_dfcmple_guts+0x2a>
10003e06:	031c      	lsls	r4, r3, #12
10003e08:	d80a      	bhi.n	10003e20 <__aeabi_dfcmple_guts+0x3a>
10003e0a:	2200      	movs	r2, #0
10003e0c:	0d1b      	lsrs	r3, r3, #20
10003e0e:	051b      	lsls	r3, r3, #20
10003e10:	2601      	movs	r6, #1
10003e12:	404b      	eors	r3, r1
10003e14:	d409      	bmi.n	10003e2a <__aeabi_dfcmple_guts+0x44>
10003e16:	404b      	eors	r3, r1
10003e18:	d503      	bpl.n	10003e22 <__aeabi_dfcmple_guts+0x3c>
10003e1a:	428b      	cmp	r3, r1
10003e1c:	d100      	bne.n	10003e20 <__aeabi_dfcmple_guts+0x3a>
10003e1e:	4282      	cmp	r2, r0
10003e20:	bdff      	pop	{r0, r1, r2, r3, r4, r5, r6, r7, pc}
10003e22:	4299      	cmp	r1, r3
10003e24:	d1fc      	bne.n	10003e20 <__aeabi_dfcmple_guts+0x3a>
10003e26:	4290      	cmp	r0, r2
10003e28:	bdff      	pop	{r0, r1, r2, r3, r4, r5, r6, r7, pc}
10003e2a:	430b      	orrs	r3, r1
10003e2c:	18db      	adds	r3, r3, r3
10003e2e:	4303      	orrs	r3, r0
10003e30:	4313      	orrs	r3, r2
10003e32:	d0f5      	beq.n	10003e20 <__aeabi_dfcmple_guts+0x3a>
10003e34:	43c9      	mvns	r1, r1
10003e36:	1849      	adds	r1, r1, r1
10003e38:	bdff      	pop	{r0, r1, r2, r3, r4, r5, r6, r7, pc}
10003e3a:	0000      	.short	0x0000
10003e3c:	000007ff 	.word	0x000007ff

10003e40 <__wrap___aeabi_dcmplt>:
10003e40:	b500      	push	{lr}
10003e42:	f7ff ffcf 	bl	10003de4 <__wrap___aeabi_cdcmpeq>
10003e46:	4180      	sbcs	r0, r0
10003e48:	bd00      	pop	{pc}
10003e4a:	46c0      	nop			; (mov r8, r8)

10003e4c <__wrap___aeabi_dcmple>:
10003e4c:	b500      	push	{lr}
10003e4e:	f7ff ffc9 	bl	10003de4 <__wrap___aeabi_cdcmpeq>
10003e52:	d901      	bls.n	10003e58 <__wrap___aeabi_dcmple+0xc>
10003e54:	2000      	movs	r0, #0
10003e56:	bd00      	pop	{pc}
10003e58:	2001      	movs	r0, #1
10003e5a:	bd00      	pop	{pc}

10003e5c <__wrap___aeabi_dcmpge>:
10003e5c:	b500      	push	{lr}
10003e5e:	f7ff ffb9 	bl	10003dd4 <__wrap___aeabi_cdrcmple>
10003e62:	d901      	bls.n	10003e68 <__wrap___aeabi_dcmpge+0xc>
10003e64:	2000      	movs	r0, #0
10003e66:	bd00      	pop	{pc}
10003e68:	2001      	movs	r0, #1
10003e6a:	bd00      	pop	{pc}

10003e6c <__wrap___aeabi_dcmpgt>:
10003e6c:	b500      	push	{lr}
10003e6e:	f7ff ffb1 	bl	10003dd4 <__wrap___aeabi_cdrcmple>
10003e72:	4180      	sbcs	r0, r0
10003e74:	bd00      	pop	{pc}

10003e76 <__wrap___aeabi_dcmpun>:
10003e76:	2001      	movs	r0, #1
10003e78:	0540      	lsls	r0, r0, #21
10003e7a:	004a      	lsls	r2, r1, #1
10003e7c:	1812      	adds	r2, r2, r0
10003e7e:	d804      	bhi.n	10003e8a <__wrap___aeabi_dcmpun+0x14>
10003e80:	005a      	lsls	r2, r3, #1
10003e82:	1812      	adds	r2, r2, r0
10003e84:	d801      	bhi.n	10003e8a <__wrap___aeabi_dcmpun+0x14>
10003e86:	2000      	movs	r0, #0
10003e88:	4770      	bx	lr
10003e8a:	2001      	movs	r0, #1
10003e8c:	4770      	bx	lr
10003e8e:	2000      	movs	r0, #0
10003e90:	4770      	bx	lr
	...

10003e94 <__wrap___aeabi_ui2d>:
10003e94:	2100      	movs	r1, #0
10003e96:	2800      	cmp	r0, #0
10003e98:	d105      	bne.n	10003ea6 <__wrap___aeabi_i2d+0xa>
10003e9a:	4770      	bx	lr

10003e9c <__wrap___aeabi_i2d>:
10003e9c:	17c1      	asrs	r1, r0, #31
10003e9e:	4048      	eors	r0, r1
10003ea0:	1a40      	subs	r0, r0, r1
10003ea2:	d0fa      	beq.n	10003e9a <__wrap___aeabi_ui2d+0x6>
10003ea4:	07c9      	lsls	r1, r1, #31
10003ea6:	b513      	push	{r0, r1, r4, lr}
10003ea8:	4b06      	ldr	r3, [pc, #24]	; (10003ec4 <__wrap___aeabi_i2d+0x28>)
10003eaa:	681b      	ldr	r3, [r3, #0]
10003eac:	4798      	blx	r3
10003eae:	bc0c      	pop	{r2, r3}
10003eb0:	1c44      	adds	r4, r0, #1
10003eb2:	40a2      	lsls	r2, r4
10003eb4:	0510      	lsls	r0, r2, #20
10003eb6:	0b12      	lsrs	r2, r2, #12
10003eb8:	4903      	ldr	r1, [pc, #12]	; (10003ec8 <__wrap___aeabi_i2d+0x2c>)
10003eba:	1b09      	subs	r1, r1, r4
10003ebc:	0509      	lsls	r1, r1, #20
10003ebe:	4319      	orrs	r1, r3
10003ec0:	4311      	orrs	r1, r2
10003ec2:	bd10      	pop	{r4, pc}
10003ec4:	20002520 	.word	0x20002520
10003ec8:	0000041f 	.word	0x0000041f

10003ecc <__wrap___aeabi_d2iz>:
10003ecc:	b510      	push	{r4, lr}
10003ece:	004c      	lsls	r4, r1, #1
10003ed0:	0d62      	lsrs	r2, r4, #21
10003ed2:	2380      	movs	r3, #128	; 0x80
10003ed4:	18d2      	adds	r2, r2, r3
10003ed6:	00db      	lsls	r3, r3, #3
10003ed8:	1ad2      	subs	r2, r2, r3
10003eda:	055b      	lsls	r3, r3, #21
10003edc:	2a7e      	cmp	r2, #126	; 0x7e
10003ede:	dd10      	ble.n	10003f02 <__wrap___aeabi_d2iz+0x36>
10003ee0:	3a9e      	subs	r2, #158	; 0x9e
10003ee2:	da13      	bge.n	10003f0c <__wrap___aeabi_d2iz+0x40>
10003ee4:	17cc      	asrs	r4, r1, #31
10003ee6:	0309      	lsls	r1, r1, #12
10003ee8:	0849      	lsrs	r1, r1, #1
10003eea:	4319      	orrs	r1, r3
10003eec:	4252      	negs	r2, r2
10003eee:	40d1      	lsrs	r1, r2
10003ef0:	0064      	lsls	r4, r4, #1
10003ef2:	3401      	adds	r4, #1
10003ef4:	3215      	adds	r2, #21
10003ef6:	2a20      	cmp	r2, #32
10003ef8:	da05      	bge.n	10003f06 <__wrap___aeabi_d2iz+0x3a>
10003efa:	40d0      	lsrs	r0, r2
10003efc:	4308      	orrs	r0, r1
10003efe:	4360      	muls	r0, r4
10003f00:	bd10      	pop	{r4, pc}
10003f02:	2000      	movs	r0, #0
10003f04:	bd10      	pop	{r4, pc}
10003f06:	4608      	mov	r0, r1
10003f08:	4360      	muls	r0, r4
10003f0a:	bd10      	pop	{r4, pc}
10003f0c:	0fc8      	lsrs	r0, r1, #31
10003f0e:	18c0      	adds	r0, r0, r3
10003f10:	3801      	subs	r0, #1
10003f12:	bd10      	pop	{r4, pc}

10003f14 <__wrap___aeabi_d2uiz>:
10003f14:	b418      	push	{r3, r4}
10003f16:	4b02      	ldr	r3, [pc, #8]	; (10003f20 <__wrap___aeabi_d2uiz+0xc>)
10003f18:	6a5b      	ldr	r3, [r3, #36]	; 0x24
10003f1a:	9301      	str	r3, [sp, #4]
10003f1c:	bd08      	pop	{r3, pc}
10003f1e:	0000      	.short	0x0000
10003f20:	200019a0 	.word	0x200019a0

10003f24 <missing_double_func_shim>:
10003f24:	b510      	push	{r4, lr}
10003f26:	4801      	ldr	r0, [pc, #4]	; (10003f2c <missing_double_func_shim+0x8>)
10003f28:	f7fd ff5e 	bl	10001de8 <panic>
10003f2c:	10007f80 	.word	0x10007f80

10003f30 <__aeabi_double_init>:
10003f30:	2313      	movs	r3, #19
10003f32:	b570      	push	{r4, r5, r6, lr}
10003f34:	781d      	ldrb	r5, [r3, #0]
10003f36:	2d01      	cmp	r5, #1
10003f38:	d011      	beq.n	10003f5e <__aeabi_double_init+0x2e>
10003f3a:	dd35      	ble.n	10003fa8 <__aeabi_double_init+0x78>
10003f3c:	481c      	ldr	r0, [pc, #112]	; (10003fb0 <__aeabi_double_init+0x80>)
10003f3e:	f7ff fc87 	bl	10003850 <rom_data_lookup>
10003f42:	4c1c      	ldr	r4, [pc, #112]	; (10003fb4 <__aeabi_double_init+0x84>)
10003f44:	0001      	movs	r1, r0
10003f46:	2280      	movs	r2, #128	; 0x80
10003f48:	0020      	movs	r0, r4
10003f4a:	f000 f8af 	bl	100040ac <__wrap___aeabi_memcpy>
10003f4e:	2d02      	cmp	r5, #2
10003f50:	d027      	beq.n	10003fa2 <__aeabi_double_init+0x72>
10003f52:	4819      	ldr	r0, [pc, #100]	; (10003fb8 <__aeabi_double_init+0x88>)
10003f54:	f7ff fc74 	bl	10003840 <rom_func_lookup>
10003f58:	4b18      	ldr	r3, [pc, #96]	; (10003fbc <__aeabi_double_init+0x8c>)
10003f5a:	6018      	str	r0, [r3, #0]
10003f5c:	bd70      	pop	{r4, r5, r6, pc}
10003f5e:	4b18      	ldr	r3, [pc, #96]	; (10003fc0 <__aeabi_double_init+0x90>)
10003f60:	4c14      	ldr	r4, [pc, #80]	; (10003fb4 <__aeabi_double_init+0x84>)
10003f62:	6023      	str	r3, [r4, #0]
10003f64:	6063      	str	r3, [r4, #4]
10003f66:	60a3      	str	r3, [r4, #8]
10003f68:	60e3      	str	r3, [r4, #12]
10003f6a:	6123      	str	r3, [r4, #16]
10003f6c:	6163      	str	r3, [r4, #20]
10003f6e:	61a3      	str	r3, [r4, #24]
10003f70:	61e3      	str	r3, [r4, #28]
10003f72:	6223      	str	r3, [r4, #32]
10003f74:	6263      	str	r3, [r4, #36]	; 0x24
10003f76:	62a3      	str	r3, [r4, #40]	; 0x28
10003f78:	62e3      	str	r3, [r4, #44]	; 0x2c
10003f7a:	6323      	str	r3, [r4, #48]	; 0x30
10003f7c:	6363      	str	r3, [r4, #52]	; 0x34
10003f7e:	63a3      	str	r3, [r4, #56]	; 0x38
10003f80:	63e3      	str	r3, [r4, #60]	; 0x3c
10003f82:	6423      	str	r3, [r4, #64]	; 0x40
10003f84:	6463      	str	r3, [r4, #68]	; 0x44
10003f86:	64a3      	str	r3, [r4, #72]	; 0x48
10003f88:	64e3      	str	r3, [r4, #76]	; 0x4c
10003f8a:	6523      	str	r3, [r4, #80]	; 0x50
10003f8c:	6563      	str	r3, [r4, #84]	; 0x54
10003f8e:	65a3      	str	r3, [r4, #88]	; 0x58
10003f90:	65e3      	str	r3, [r4, #92]	; 0x5c
10003f92:	6623      	str	r3, [r4, #96]	; 0x60
10003f94:	6663      	str	r3, [r4, #100]	; 0x64
10003f96:	66a3      	str	r3, [r4, #104]	; 0x68
10003f98:	66e3      	str	r3, [r4, #108]	; 0x6c
10003f9a:	6723      	str	r3, [r4, #112]	; 0x70
10003f9c:	6763      	str	r3, [r4, #116]	; 0x74
10003f9e:	67a3      	str	r3, [r4, #120]	; 0x78
10003fa0:	67e3      	str	r3, [r4, #124]	; 0x7c
10003fa2:	4b08      	ldr	r3, [pc, #32]	; (10003fc4 <__aeabi_double_init+0x94>)
10003fa4:	64a3      	str	r3, [r4, #72]	; 0x48
10003fa6:	e7d4      	b.n	10003f52 <__aeabi_double_init+0x22>
10003fa8:	4c02      	ldr	r4, [pc, #8]	; (10003fb4 <__aeabi_double_init+0x84>)
10003faa:	4b06      	ldr	r3, [pc, #24]	; (10003fc4 <__aeabi_double_init+0x94>)
10003fac:	64a3      	str	r3, [r4, #72]	; 0x48
10003fae:	e7d0      	b.n	10003f52 <__aeabi_double_init+0x22>
10003fb0:	00004453 	.word	0x00004453
10003fb4:	200019a0 	.word	0x200019a0
10003fb8:	0000334c 	.word	0x0000334c
10003fbc:	20002520 	.word	0x20002520
10003fc0:	10003f25 	.word	0x10003f25
10003fc4:	10003fc9 	.word	0x10003fc9

10003fc8 <double_table_shim_on_use_helper>:
10003fc8:	b507      	push	{r0, r1, r2, lr}
10003fca:	4660      	mov	r0, ip
10003fcc:	8801      	ldrh	r1, [r0, #0]
10003fce:	0a0a      	lsrs	r2, r1, #8
10003fd0:	3002      	adds	r0, #2
10003fd2:	2adf      	cmp	r2, #223	; 0xdf
10003fd4:	d1fa      	bne.n	10003fcc <double_table_shim_on_use_helper+0x4>
10003fd6:	b2c9      	uxtb	r1, r1
10003fd8:	0882      	lsrs	r2, r0, #2
10003fda:	d304      	bcc.n	10003fe6 <double_table_shim_on_use_helper+0x1e>
10003fdc:	8802      	ldrh	r2, [r0, #0]
10003fde:	8840      	ldrh	r0, [r0, #2]
10003fe0:	0400      	lsls	r0, r0, #16
10003fe2:	4310      	orrs	r0, r2
10003fe4:	e000      	b.n	10003fe8 <double_table_shim_on_use_helper+0x20>
10003fe6:	6800      	ldr	r0, [r0, #0]
10003fe8:	4a01      	ldr	r2, [pc, #4]	; (10003ff0 <double_table_shim_on_use_helper+0x28>)
10003fea:	5050      	str	r0, [r2, r1]
10003fec:	9003      	str	r0, [sp, #12]
10003fee:	bd07      	pop	{r0, r1, r2, pc}
10003ff0:	200019a0 	.word	0x200019a0

10003ff4 <__wrap___aeabi_lmul>:
10003ff4:	4351      	muls	r1, r2
10003ff6:	4343      	muls	r3, r0
10003ff8:	18c9      	adds	r1, r1, r3
10003ffa:	468c      	mov	ip, r1
10003ffc:	0c11      	lsrs	r1, r2, #16
10003ffe:	b283      	uxth	r3, r0
10004000:	434b      	muls	r3, r1
10004002:	b410      	push	{r4}
10004004:	0c04      	lsrs	r4, r0, #16
10004006:	4361      	muls	r1, r4
10004008:	b292      	uxth	r2, r2
1000400a:	b280      	uxth	r0, r0
1000400c:	4350      	muls	r0, r2
1000400e:	4362      	muls	r2, r4
10004010:	041c      	lsls	r4, r3, #16
10004012:	0c1b      	lsrs	r3, r3, #16
10004014:	1900      	adds	r0, r0, r4
10004016:	bc10      	pop	{r4}
10004018:	4159      	adcs	r1, r3
1000401a:	0413      	lsls	r3, r2, #16
1000401c:	0c12      	lsrs	r2, r2, #16
1000401e:	18c0      	adds	r0, r0, r3
10004020:	4151      	adcs	r1, r2
10004022:	4461      	add	r1, ip
10004024:	4770      	bx	lr
	...

10004028 <missing_float_func_shim>:
10004028:	b510      	push	{r4, lr}
1000402a:	4801      	ldr	r0, [pc, #4]	; (10004030 <missing_float_func_shim+0x8>)
1000402c:	f7fd fedc 	bl	10001de8 <panic>
10004030:	10007cb4 	.word	0x10007cb4

10004034 <__aeabi_float_init>:
10004034:	2313      	movs	r3, #19
10004036:	b510      	push	{r4, lr}
10004038:	4810      	ldr	r0, [pc, #64]	; (1000407c <__aeabi_float_init+0x48>)
1000403a:	781c      	ldrb	r4, [r3, #0]
1000403c:	f7ff fc08 	bl	10003850 <rom_data_lookup>
10004040:	0001      	movs	r1, r0
10004042:	2c01      	cmp	r4, #1
10004044:	d00a      	beq.n	1000405c <__aeabi_float_init+0x28>
10004046:	dd03      	ble.n	10004050 <__aeabi_float_init+0x1c>
10004048:	2280      	movs	r2, #128	; 0x80
1000404a:	480d      	ldr	r0, [pc, #52]	; (10004080 <__aeabi_float_init+0x4c>)
1000404c:	f000 f82e 	bl	100040ac <__wrap___aeabi_memcpy>
10004050:	480c      	ldr	r0, [pc, #48]	; (10004084 <__aeabi_float_init+0x50>)
10004052:	f7ff fbf5 	bl	10003840 <rom_func_lookup>
10004056:	4b0c      	ldr	r3, [pc, #48]	; (10004088 <__aeabi_float_init+0x54>)
10004058:	6018      	str	r0, [r3, #0]
1000405a:	bd10      	pop	{r4, pc}
1000405c:	4c08      	ldr	r4, [pc, #32]	; (10004080 <__aeabi_float_init+0x4c>)
1000405e:	2254      	movs	r2, #84	; 0x54
10004060:	0020      	movs	r0, r4
10004062:	f000 f823 	bl	100040ac <__wrap___aeabi_memcpy>
10004066:	0023      	movs	r3, r4
10004068:	4a08      	ldr	r2, [pc, #32]	; (1000408c <__aeabi_float_init+0x58>)
1000406a:	3380      	adds	r3, #128	; 0x80
1000406c:	6821      	ldr	r1, [r4, #0]
1000406e:	2900      	cmp	r1, #0
10004070:	d100      	bne.n	10004074 <__aeabi_float_init+0x40>
10004072:	6022      	str	r2, [r4, #0]
10004074:	3404      	adds	r4, #4
10004076:	42a3      	cmp	r3, r4
10004078:	d1f8      	bne.n	1000406c <__aeabi_float_init+0x38>
1000407a:	e7e9      	b.n	10004050 <__aeabi_float_init+0x1c>
1000407c:	00004653 	.word	0x00004653
10004080:	20002524 	.word	0x20002524
10004084:	0000334c 	.word	0x0000334c
10004088:	20002520 	.word	0x20002520
1000408c:	10004029 	.word	0x10004029

10004090 <__aeabi_mem_init>:
10004090:	4801      	ldr	r0, [pc, #4]	; (10004098 <__aeabi_mem_init+0x8>)
10004092:	2104      	movs	r1, #4
10004094:	4b01      	ldr	r3, [pc, #4]	; (1000409c <__aeabi_mem_init+0xc>)
10004096:	4718      	bx	r3
10004098:	200013f0 	.word	0x200013f0
1000409c:	10003861 	.word	0x10003861

100040a0 <__wrap_memset>:
100040a0:	4b01      	ldr	r3, [pc, #4]	; (100040a8 <__wrap_memset+0x8>)
100040a2:	681b      	ldr	r3, [r3, #0]
100040a4:	4718      	bx	r3
100040a6:	0000      	.short	0x0000
100040a8:	200013f0 	.word	0x200013f0

100040ac <__wrap___aeabi_memcpy>:
100040ac:	4b01      	ldr	r3, [pc, #4]	; (100040b4 <__wrap___aeabi_memcpy+0x8>)
100040ae:	685b      	ldr	r3, [r3, #4]
100040b0:	4718      	bx	r3
100040b2:	0000      	.short	0x0000
100040b4:	200013f0 	.word	0x200013f0

100040b8 <stdio_out_chars_no_crlf>:
100040b8:	0003      	movs	r3, r0
100040ba:	b510      	push	{r4, lr}
100040bc:	0008      	movs	r0, r1
100040be:	0011      	movs	r1, r2
100040c0:	681b      	ldr	r3, [r3, #0]
100040c2:	4798      	blx	r3
100040c4:	bd10      	pop	{r4, pc}
100040c6:	46c0      	nop			; (mov r8, r8)

100040c8 <stdio_out_chars_crlf>:
100040c8:	b5f0      	push	{r4, r5, r6, r7, lr}
100040ca:	4646      	mov	r6, r8
100040cc:	464f      	mov	r7, r9
100040ce:	46d6      	mov	lr, sl
100040d0:	b5c0      	push	{r6, r7, lr}
100040d2:	7c43      	ldrb	r3, [r0, #17]
100040d4:	4680      	mov	r8, r0
100040d6:	000e      	movs	r6, r1
100040d8:	0017      	movs	r7, r2
100040da:	2b00      	cmp	r3, #0
100040dc:	d046      	beq.n	1000416c <stdio_out_chars_crlf+0xa4>
100040de:	2a00      	cmp	r2, #0
100040e0:	dd3f      	ble.n	10004162 <stdio_out_chars_crlf+0x9a>
100040e2:	1e4b      	subs	r3, r1, #1
100040e4:	4699      	mov	r9, r3
100040e6:	4b24      	ldr	r3, [pc, #144]	; (10004178 <stdio_out_chars_crlf+0xb0>)
100040e8:	2501      	movs	r5, #1
100040ea:	2400      	movs	r4, #0
100040ec:	2000      	movs	r0, #0
100040ee:	469a      	mov	sl, r3
100040f0:	e00d      	b.n	1000410e <stdio_out_chars_crlf+0x46>
100040f2:	464b      	mov	r3, r9
100040f4:	5d1b      	ldrb	r3, [r3, r4]
100040f6:	3b0d      	subs	r3, #13
100040f8:	425a      	negs	r2, r3
100040fa:	4153      	adcs	r3, r2
100040fc:	5d32      	ldrb	r2, [r6, r4]
100040fe:	b2db      	uxtb	r3, r3
10004100:	2a0a      	cmp	r2, #10
10004102:	d00b      	beq.n	1000411c <stdio_out_chars_crlf+0x54>
10004104:	002b      	movs	r3, r5
10004106:	3401      	adds	r4, #1
10004108:	3501      	adds	r5, #1
1000410a:	429f      	cmp	r7, r3
1000410c:	dd1a      	ble.n	10004144 <stdio_out_chars_crlf+0x7c>
1000410e:	2c00      	cmp	r4, #0
10004110:	d1ef      	bne.n	100040f2 <stdio_out_chars_crlf+0x2a>
10004112:	4643      	mov	r3, r8
10004114:	5d32      	ldrb	r2, [r6, r4]
10004116:	7c1b      	ldrb	r3, [r3, #16]
10004118:	2a0a      	cmp	r2, #10
1000411a:	d1f3      	bne.n	10004104 <stdio_out_chars_crlf+0x3c>
1000411c:	2b00      	cmp	r3, #0
1000411e:	d1f1      	bne.n	10004104 <stdio_out_chars_crlf+0x3c>
10004120:	42a0      	cmp	r0, r4
10004122:	da04      	bge.n	1000412e <stdio_out_chars_crlf+0x66>
10004124:	4643      	mov	r3, r8
10004126:	1a21      	subs	r1, r4, r0
10004128:	681b      	ldr	r3, [r3, #0]
1000412a:	1830      	adds	r0, r6, r0
1000412c:	4798      	blx	r3
1000412e:	4643      	mov	r3, r8
10004130:	4650      	mov	r0, sl
10004132:	681b      	ldr	r3, [r3, #0]
10004134:	2102      	movs	r1, #2
10004136:	4798      	blx	r3
10004138:	3401      	adds	r4, #1
1000413a:	0028      	movs	r0, r5
1000413c:	002b      	movs	r3, r5
1000413e:	3501      	adds	r5, #1
10004140:	429f      	cmp	r7, r3
10004142:	dce4      	bgt.n	1000410e <stdio_out_chars_crlf+0x46>
10004144:	4287      	cmp	r7, r0
10004146:	dd04      	ble.n	10004152 <stdio_out_chars_crlf+0x8a>
10004148:	4643      	mov	r3, r8
1000414a:	1a39      	subs	r1, r7, r0
1000414c:	681b      	ldr	r3, [r3, #0]
1000414e:	1830      	adds	r0, r6, r0
10004150:	4798      	blx	r3
10004152:	19f6      	adds	r6, r6, r7
10004154:	3e01      	subs	r6, #1
10004156:	7833      	ldrb	r3, [r6, #0]
10004158:	3b0d      	subs	r3, #13
1000415a:	425a      	negs	r2, r3
1000415c:	4153      	adcs	r3, r2
1000415e:	4642      	mov	r2, r8
10004160:	7413      	strb	r3, [r2, #16]
10004162:	bce0      	pop	{r5, r6, r7}
10004164:	46ba      	mov	sl, r7
10004166:	46b1      	mov	r9, r6
10004168:	46a8      	mov	r8, r5
1000416a:	bdf0      	pop	{r4, r5, r6, r7, pc}
1000416c:	6803      	ldr	r3, [r0, #0]
1000416e:	0011      	movs	r1, r2
10004170:	0030      	movs	r0, r6
10004172:	4798      	blx	r3
10004174:	e7f5      	b.n	10004162 <stdio_out_chars_crlf+0x9a>
10004176:	46c0      	nop			; (mov r8, r8)
10004178:	10008008 	.word	0x10008008

1000417c <stdio_buffered_printer>:
1000417c:	b5f0      	push	{r4, r5, r6, r7, lr}
1000417e:	46c6      	mov	lr, r8
10004180:	000c      	movs	r4, r1
10004182:	6809      	ldr	r1, [r1, #0]
10004184:	0006      	movs	r6, r0
10004186:	b500      	push	{lr}
10004188:	2980      	cmp	r1, #128	; 0x80
1000418a:	d006      	beq.n	1000419a <stdio_buffered_printer+0x1e>
1000418c:	1c4b      	adds	r3, r1, #1
1000418e:	6023      	str	r3, [r4, #0]
10004190:	1864      	adds	r4, r4, r1
10004192:	7126      	strb	r6, [r4, #4]
10004194:	bc80      	pop	{r7}
10004196:	46b8      	mov	r8, r7
10004198:	bdf0      	pop	{r4, r5, r6, r7, pc}
1000419a:	4b0f      	ldr	r3, [pc, #60]	; (100041d8 <stdio_buffered_printer+0x5c>)
1000419c:	681d      	ldr	r5, [r3, #0]
1000419e:	2d00      	cmp	r5, #0
100041a0:	d016      	beq.n	100041d0 <stdio_buffered_printer+0x54>
100041a2:	1d23      	adds	r3, r4, #4
100041a4:	4698      	mov	r8, r3
100041a6:	4f0d      	ldr	r7, [pc, #52]	; (100041dc <stdio_buffered_printer+0x60>)
100041a8:	e002      	b.n	100041b0 <stdio_buffered_printer+0x34>
100041aa:	68ed      	ldr	r5, [r5, #12]
100041ac:	2d00      	cmp	r5, #0
100041ae:	d00f      	beq.n	100041d0 <stdio_buffered_printer+0x54>
100041b0:	682b      	ldr	r3, [r5, #0]
100041b2:	2b00      	cmp	r3, #0
100041b4:	d0f9      	beq.n	100041aa <stdio_buffered_printer+0x2e>
100041b6:	683b      	ldr	r3, [r7, #0]
100041b8:	2b00      	cmp	r3, #0
100041ba:	d001      	beq.n	100041c0 <stdio_buffered_printer+0x44>
100041bc:	42ab      	cmp	r3, r5
100041be:	d1f4      	bne.n	100041aa <stdio_buffered_printer+0x2e>
100041c0:	0028      	movs	r0, r5
100041c2:	4641      	mov	r1, r8
100041c4:	6822      	ldr	r2, [r4, #0]
100041c6:	f7ff ff7f 	bl	100040c8 <stdio_out_chars_crlf>
100041ca:	68ed      	ldr	r5, [r5, #12]
100041cc:	2d00      	cmp	r5, #0
100041ce:	d1ef      	bne.n	100041b0 <stdio_buffered_printer+0x34>
100041d0:	2301      	movs	r3, #1
100041d2:	2100      	movs	r1, #0
100041d4:	e7db      	b.n	1000418e <stdio_buffered_printer+0x12>
100041d6:	46c0      	nop			; (mov r8, r8)
100041d8:	200020e8 	.word	0x200020e8
100041dc:	200020f0 	.word	0x200020f0

100041e0 <stdio_put_string.isra.0>:
100041e0:	b5f0      	push	{r4, r5, r6, r7, lr}
100041e2:	4657      	mov	r7, sl
100041e4:	464e      	mov	r6, r9
100041e6:	4645      	mov	r5, r8
100041e8:	46de      	mov	lr, fp
100041ea:	001c      	movs	r4, r3
100041ec:	23d0      	movs	r3, #208	; 0xd0
100041ee:	b5e0      	push	{r5, r6, r7, lr}
100041f0:	061b      	lsls	r3, r3, #24
100041f2:	681f      	ldr	r7, [r3, #0]
100041f4:	4b34      	ldr	r3, [pc, #208]	; (100042c8 <stdio_put_string.isra.0+0xe8>)
100041f6:	b083      	sub	sp, #12
100041f8:	0006      	movs	r6, r0
100041fa:	000d      	movs	r5, r1
100041fc:	0018      	movs	r0, r3
100041fe:	a901      	add	r1, sp, #4
10004200:	4691      	mov	r9, r2
10004202:	469a      	mov	sl, r3
10004204:	f003 fd04 	bl	10007c10 <__mutex_try_enter_veneer>
10004208:	4680      	mov	r8, r0
1000420a:	2800      	cmp	r0, #0
1000420c:	d108      	bne.n	10004220 <stdio_put_string.isra.0+0x40>
1000420e:	9b01      	ldr	r3, [sp, #4]
10004210:	b27f      	sxtb	r7, r7
10004212:	429f      	cmp	r7, r3
10004214:	d004      	beq.n	10004220 <stdio_put_string.isra.0+0x40>
10004216:	4650      	mov	r0, sl
10004218:	f003 fd1a 	bl	10007c50 <__mutex_enter_blocking_veneer>
1000421c:	2301      	movs	r3, #1
1000421e:	4698      	mov	r8, r3
10004220:	1c6b      	adds	r3, r5, #1
10004222:	d103      	bne.n	1000422c <stdio_put_string.isra.0+0x4c>
10004224:	0030      	movs	r0, r6
10004226:	f003 fc93 	bl	10007b50 <strlen>
1000422a:	0005      	movs	r5, r0
1000422c:	2c00      	cmp	r4, #0
1000422e:	d127      	bne.n	10004280 <stdio_put_string.isra.0+0xa0>
10004230:	4f26      	ldr	r7, [pc, #152]	; (100042cc <stdio_put_string.isra.0+0xec>)
10004232:	4b27      	ldr	r3, [pc, #156]	; (100042d0 <stdio_put_string.isra.0+0xf0>)
10004234:	681c      	ldr	r4, [r3, #0]
10004236:	2c00      	cmp	r4, #0
10004238:	d018      	beq.n	1000426c <stdio_put_string.isra.0+0x8c>
1000423a:	464b      	mov	r3, r9
1000423c:	2b00      	cmp	r3, #0
1000423e:	d121      	bne.n	10004284 <stdio_put_string.isra.0+0xa4>
10004240:	4b24      	ldr	r3, [pc, #144]	; (100042d4 <stdio_put_string.isra.0+0xf4>)
10004242:	4699      	mov	r9, r3
10004244:	e002      	b.n	1000424c <stdio_put_string.isra.0+0x6c>
10004246:	68e4      	ldr	r4, [r4, #12]
10004248:	2c00      	cmp	r4, #0
1000424a:	d00f      	beq.n	1000426c <stdio_put_string.isra.0+0x8c>
1000424c:	6823      	ldr	r3, [r4, #0]
1000424e:	2b00      	cmp	r3, #0
10004250:	d0f9      	beq.n	10004246 <stdio_put_string.isra.0+0x66>
10004252:	464b      	mov	r3, r9
10004254:	681b      	ldr	r3, [r3, #0]
10004256:	2b00      	cmp	r3, #0
10004258:	d001      	beq.n	1000425e <stdio_put_string.isra.0+0x7e>
1000425a:	42a3      	cmp	r3, r4
1000425c:	d1f3      	bne.n	10004246 <stdio_put_string.isra.0+0x66>
1000425e:	0020      	movs	r0, r4
10004260:	002a      	movs	r2, r5
10004262:	0031      	movs	r1, r6
10004264:	47b8      	blx	r7
10004266:	68e4      	ldr	r4, [r4, #12]
10004268:	2c00      	cmp	r4, #0
1000426a:	d1ef      	bne.n	1000424c <stdio_put_string.isra.0+0x6c>
1000426c:	4643      	mov	r3, r8
1000426e:	2b00      	cmp	r3, #0
10004270:	d125      	bne.n	100042be <stdio_put_string.isra.0+0xde>
10004272:	b003      	add	sp, #12
10004274:	bcf0      	pop	{r4, r5, r6, r7}
10004276:	46bb      	mov	fp, r7
10004278:	46b2      	mov	sl, r6
1000427a:	46a9      	mov	r9, r5
1000427c:	46a0      	mov	r8, r4
1000427e:	bdf0      	pop	{r4, r5, r6, r7, pc}
10004280:	4f15      	ldr	r7, [pc, #84]	; (100042d8 <stdio_put_string.isra.0+0xf8>)
10004282:	e7d6      	b.n	10004232 <stdio_put_string.isra.0+0x52>
10004284:	4b13      	ldr	r3, [pc, #76]	; (100042d4 <stdio_put_string.isra.0+0xf4>)
10004286:	4699      	mov	r9, r3
10004288:	230a      	movs	r3, #10
1000428a:	469b      	mov	fp, r3
1000428c:	e002      	b.n	10004294 <stdio_put_string.isra.0+0xb4>
1000428e:	68e4      	ldr	r4, [r4, #12]
10004290:	2c00      	cmp	r4, #0
10004292:	d0eb      	beq.n	1000426c <stdio_put_string.isra.0+0x8c>
10004294:	6823      	ldr	r3, [r4, #0]
10004296:	2b00      	cmp	r3, #0
10004298:	d0f9      	beq.n	1000428e <stdio_put_string.isra.0+0xae>
1000429a:	464b      	mov	r3, r9
1000429c:	681b      	ldr	r3, [r3, #0]
1000429e:	2b00      	cmp	r3, #0
100042a0:	d001      	beq.n	100042a6 <stdio_put_string.isra.0+0xc6>
100042a2:	42a3      	cmp	r3, r4
100042a4:	d1f3      	bne.n	1000428e <stdio_put_string.isra.0+0xae>
100042a6:	002a      	movs	r2, r5
100042a8:	0031      	movs	r1, r6
100042aa:	0020      	movs	r0, r4
100042ac:	47b8      	blx	r7
100042ae:	465a      	mov	r2, fp
100042b0:	466b      	mov	r3, sp
100042b2:	0020      	movs	r0, r4
100042b4:	711a      	strb	r2, [r3, #4]
100042b6:	a901      	add	r1, sp, #4
100042b8:	2201      	movs	r2, #1
100042ba:	47b8      	blx	r7
100042bc:	e7e7      	b.n	1000428e <stdio_put_string.isra.0+0xae>
100042be:	4650      	mov	r0, sl
100042c0:	f003 fc8e 	bl	10007be0 <__mutex_exit_veneer>
100042c4:	e7d5      	b.n	10004272 <stdio_put_string.isra.0+0x92>
100042c6:	46c0      	nop			; (mov r8, r8)
100042c8:	20001870 	.word	0x20001870
100042cc:	100040c9 	.word	0x100040c9
100042d0:	200020e8 	.word	0x200020e8
100042d4:	200020f0 	.word	0x200020f0
100042d8:	100040b9 	.word	0x100040b9

100042dc <__wrap_putchar>:
100042dc:	b5f0      	push	{r4, r5, r6, r7, lr}
100042de:	46ce      	mov	lr, r9
100042e0:	4647      	mov	r7, r8
100042e2:	b580      	push	{r7, lr}
100042e4:	b083      	sub	sp, #12
100042e6:	466b      	mov	r3, sp
100042e8:	1cde      	adds	r6, r3, #3
100042ea:	23d0      	movs	r3, #208	; 0xd0
100042ec:	7030      	strb	r0, [r6, #0]
100042ee:	061b      	lsls	r3, r3, #24
100042f0:	681c      	ldr	r4, [r3, #0]
100042f2:	4b1f      	ldr	r3, [pc, #124]	; (10004370 <__wrap_putchar+0x94>)
100042f4:	4680      	mov	r8, r0
100042f6:	a901      	add	r1, sp, #4
100042f8:	0018      	movs	r0, r3
100042fa:	4699      	mov	r9, r3
100042fc:	f003 fc88 	bl	10007c10 <__mutex_try_enter_veneer>
10004300:	1e07      	subs	r7, r0, #0
10004302:	d020      	beq.n	10004346 <__wrap_putchar+0x6a>
10004304:	4b1b      	ldr	r3, [pc, #108]	; (10004374 <__wrap_putchar+0x98>)
10004306:	681c      	ldr	r4, [r3, #0]
10004308:	2c00      	cmp	r4, #0
1000430a:	d028      	beq.n	1000435e <__wrap_putchar+0x82>
1000430c:	4d1a      	ldr	r5, [pc, #104]	; (10004378 <__wrap_putchar+0x9c>)
1000430e:	e002      	b.n	10004316 <__wrap_putchar+0x3a>
10004310:	68e4      	ldr	r4, [r4, #12]
10004312:	2c00      	cmp	r4, #0
10004314:	d00f      	beq.n	10004336 <__wrap_putchar+0x5a>
10004316:	6823      	ldr	r3, [r4, #0]
10004318:	2b00      	cmp	r3, #0
1000431a:	d0f9      	beq.n	10004310 <__wrap_putchar+0x34>
1000431c:	682b      	ldr	r3, [r5, #0]
1000431e:	2b00      	cmp	r3, #0
10004320:	d001      	beq.n	10004326 <__wrap_putchar+0x4a>
10004322:	42a3      	cmp	r3, r4
10004324:	d1f4      	bne.n	10004310 <__wrap_putchar+0x34>
10004326:	0020      	movs	r0, r4
10004328:	2201      	movs	r2, #1
1000432a:	0031      	movs	r1, r6
1000432c:	f7ff fecc 	bl	100040c8 <stdio_out_chars_crlf>
10004330:	68e4      	ldr	r4, [r4, #12]
10004332:	2c00      	cmp	r4, #0
10004334:	d1ef      	bne.n	10004316 <__wrap_putchar+0x3a>
10004336:	2f00      	cmp	r7, #0
10004338:	d111      	bne.n	1000435e <__wrap_putchar+0x82>
1000433a:	4640      	mov	r0, r8
1000433c:	b003      	add	sp, #12
1000433e:	bcc0      	pop	{r6, r7}
10004340:	46b9      	mov	r9, r7
10004342:	46b0      	mov	r8, r6
10004344:	bdf0      	pop	{r4, r5, r6, r7, pc}
10004346:	9b01      	ldr	r3, [sp, #4]
10004348:	b264      	sxtb	r4, r4
1000434a:	429c      	cmp	r4, r3
1000434c:	d00b      	beq.n	10004366 <__wrap_putchar+0x8a>
1000434e:	4648      	mov	r0, r9
10004350:	f003 fc7e 	bl	10007c50 <__mutex_enter_blocking_veneer>
10004354:	4b07      	ldr	r3, [pc, #28]	; (10004374 <__wrap_putchar+0x98>)
10004356:	2701      	movs	r7, #1
10004358:	681c      	ldr	r4, [r3, #0]
1000435a:	2c00      	cmp	r4, #0
1000435c:	d1d6      	bne.n	1000430c <__wrap_putchar+0x30>
1000435e:	4648      	mov	r0, r9
10004360:	f003 fc3e 	bl	10007be0 <__mutex_exit_veneer>
10004364:	e7e9      	b.n	1000433a <__wrap_putchar+0x5e>
10004366:	4b03      	ldr	r3, [pc, #12]	; (10004374 <__wrap_putchar+0x98>)
10004368:	681c      	ldr	r4, [r3, #0]
1000436a:	2c00      	cmp	r4, #0
1000436c:	d1ce      	bne.n	1000430c <__wrap_putchar+0x30>
1000436e:	e7e4      	b.n	1000433a <__wrap_putchar+0x5e>
10004370:	20001870 	.word	0x20001870
10004374:	200020e8 	.word	0x200020e8
10004378:	200020f0 	.word	0x200020f0

1000437c <__wrap_puts>:
1000437c:	b570      	push	{r4, r5, r6, lr}
1000437e:	0004      	movs	r4, r0
10004380:	f003 fbe6 	bl	10007b50 <strlen>
10004384:	2300      	movs	r3, #0
10004386:	0001      	movs	r1, r0
10004388:	0005      	movs	r5, r0
1000438a:	2201      	movs	r2, #1
1000438c:	0020      	movs	r0, r4
1000438e:	f7ff ff27 	bl	100041e0 <stdio_put_string.isra.0>
10004392:	4b08      	ldr	r3, [pc, #32]	; (100043b4 <__wrap_puts+0x38>)
10004394:	681c      	ldr	r4, [r3, #0]
10004396:	2c00      	cmp	r4, #0
10004398:	d006      	beq.n	100043a8 <__wrap_puts+0x2c>
1000439a:	6863      	ldr	r3, [r4, #4]
1000439c:	2b00      	cmp	r3, #0
1000439e:	d005      	beq.n	100043ac <__wrap_puts+0x30>
100043a0:	4798      	blx	r3
100043a2:	68e4      	ldr	r4, [r4, #12]
100043a4:	2c00      	cmp	r4, #0
100043a6:	d1f8      	bne.n	1000439a <__wrap_puts+0x1e>
100043a8:	0028      	movs	r0, r5
100043aa:	bd70      	pop	{r4, r5, r6, pc}
100043ac:	68e4      	ldr	r4, [r4, #12]
100043ae:	2c00      	cmp	r4, #0
100043b0:	d1f3      	bne.n	1000439a <__wrap_puts+0x1e>
100043b2:	e7f9      	b.n	100043a8 <__wrap_puts+0x2c>
100043b4:	200020e8 	.word	0x200020e8

100043b8 <stdio_set_driver_enabled>:
100043b8:	4a0a      	ldr	r2, [pc, #40]	; (100043e4 <stdio_set_driver_enabled+0x2c>)
100043ba:	6813      	ldr	r3, [r2, #0]
100043bc:	2b00      	cmp	r3, #0
100043be:	d105      	bne.n	100043cc <stdio_set_driver_enabled+0x14>
100043c0:	e00c      	b.n	100043dc <stdio_set_driver_enabled+0x24>
100043c2:	001a      	movs	r2, r3
100043c4:	68db      	ldr	r3, [r3, #12]
100043c6:	320c      	adds	r2, #12
100043c8:	2b00      	cmp	r3, #0
100043ca:	d007      	beq.n	100043dc <stdio_set_driver_enabled+0x24>
100043cc:	4298      	cmp	r0, r3
100043ce:	d1f8      	bne.n	100043c2 <stdio_set_driver_enabled+0xa>
100043d0:	2900      	cmp	r1, #0
100043d2:	d102      	bne.n	100043da <stdio_set_driver_enabled+0x22>
100043d4:	68c3      	ldr	r3, [r0, #12]
100043d6:	6013      	str	r3, [r2, #0]
100043d8:	60c1      	str	r1, [r0, #12]
100043da:	4770      	bx	lr
100043dc:	2900      	cmp	r1, #0
100043de:	d0fc      	beq.n	100043da <stdio_set_driver_enabled+0x22>
100043e0:	6010      	str	r0, [r2, #0]
100043e2:	e7fa      	b.n	100043da <stdio_set_driver_enabled+0x22>
100043e4:	200020e8 	.word	0x200020e8

100043e8 <__wrap_vprintf>:
100043e8:	b5f0      	push	{r4, r5, r6, r7, lr}
100043ea:	4647      	mov	r7, r8
100043ec:	46ce      	mov	lr, r9
100043ee:	23d0      	movs	r3, #208	; 0xd0
100043f0:	b580      	push	{r7, lr}
100043f2:	061b      	lsls	r3, r3, #24
100043f4:	681d      	ldr	r5, [r3, #0]
100043f6:	4b2e      	ldr	r3, [pc, #184]	; (100044b0 <__wrap_vprintf+0xc8>)
100043f8:	b0a5      	sub	sp, #148	; 0x94
100043fa:	0007      	movs	r7, r0
100043fc:	000c      	movs	r4, r1
100043fe:	0018      	movs	r0, r3
10004400:	a903      	add	r1, sp, #12
10004402:	4698      	mov	r8, r3
10004404:	f003 fc04 	bl	10007c10 <__mutex_try_enter_veneer>
10004408:	1e06      	subs	r6, r0, #0
1000440a:	d107      	bne.n	1000441c <__wrap_vprintf+0x34>
1000440c:	9b03      	ldr	r3, [sp, #12]
1000440e:	b26d      	sxtb	r5, r5
10004410:	429d      	cmp	r5, r3
10004412:	d003      	beq.n	1000441c <__wrap_vprintf+0x34>
10004414:	4640      	mov	r0, r8
10004416:	f003 fc1b 	bl	10007c50 <__mutex_enter_blocking_veneer>
1000441a:	3601      	adds	r6, #1
1000441c:	2284      	movs	r2, #132	; 0x84
1000441e:	2100      	movs	r1, #0
10004420:	a803      	add	r0, sp, #12
10004422:	f7ff fe3d 	bl	100040a0 <__wrap_memset>
10004426:	0023      	movs	r3, r4
10004428:	003a      	movs	r2, r7
1000442a:	4822      	ldr	r0, [pc, #136]	; (100044b4 <__wrap_vprintf+0xcc>)
1000442c:	a903      	add	r1, sp, #12
1000442e:	f7ff f9d7 	bl	100037e0 <vfctprintf>
10004432:	9b03      	ldr	r3, [sp, #12]
10004434:	0007      	movs	r7, r0
10004436:	2b00      	cmp	r3, #0
10004438:	d114      	bne.n	10004464 <__wrap_vprintf+0x7c>
1000443a:	4b1f      	ldr	r3, [pc, #124]	; (100044b8 <__wrap_vprintf+0xd0>)
1000443c:	681c      	ldr	r4, [r3, #0]
1000443e:	2c00      	cmp	r4, #0
10004440:	d006      	beq.n	10004450 <__wrap_vprintf+0x68>
10004442:	6863      	ldr	r3, [r4, #4]
10004444:	2b00      	cmp	r3, #0
10004446:	d00b      	beq.n	10004460 <__wrap_vprintf+0x78>
10004448:	4798      	blx	r3
1000444a:	68e4      	ldr	r4, [r4, #12]
1000444c:	2c00      	cmp	r4, #0
1000444e:	d1f8      	bne.n	10004442 <__wrap_vprintf+0x5a>
10004450:	2e00      	cmp	r6, #0
10004452:	d127      	bne.n	100044a4 <__wrap_vprintf+0xbc>
10004454:	0038      	movs	r0, r7
10004456:	b025      	add	sp, #148	; 0x94
10004458:	bcc0      	pop	{r6, r7}
1000445a:	46b9      	mov	r9, r7
1000445c:	46b0      	mov	r8, r6
1000445e:	bdf0      	pop	{r4, r5, r6, r7, pc}
10004460:	68e4      	ldr	r4, [r4, #12]
10004462:	e7ec      	b.n	1000443e <__wrap_vprintf+0x56>
10004464:	4b14      	ldr	r3, [pc, #80]	; (100044b8 <__wrap_vprintf+0xd0>)
10004466:	681d      	ldr	r5, [r3, #0]
10004468:	4699      	mov	r9, r3
1000446a:	2d00      	cmp	r5, #0
1000446c:	d01e      	beq.n	100044ac <__wrap_vprintf+0xc4>
1000446e:	4c13      	ldr	r4, [pc, #76]	; (100044bc <__wrap_vprintf+0xd4>)
10004470:	e002      	b.n	10004478 <__wrap_vprintf+0x90>
10004472:	68ed      	ldr	r5, [r5, #12]
10004474:	2d00      	cmp	r5, #0
10004476:	d011      	beq.n	1000449c <__wrap_vprintf+0xb4>
10004478:	682b      	ldr	r3, [r5, #0]
1000447a:	2b00      	cmp	r3, #0
1000447c:	d0f9      	beq.n	10004472 <__wrap_vprintf+0x8a>
1000447e:	6823      	ldr	r3, [r4, #0]
10004480:	2b00      	cmp	r3, #0
10004482:	d001      	beq.n	10004488 <__wrap_vprintf+0xa0>
10004484:	42ab      	cmp	r3, r5
10004486:	d1f4      	bne.n	10004472 <__wrap_vprintf+0x8a>
10004488:	9b03      	ldr	r3, [sp, #12]
1000448a:	0028      	movs	r0, r5
1000448c:	001a      	movs	r2, r3
1000448e:	a904      	add	r1, sp, #16
10004490:	9301      	str	r3, [sp, #4]
10004492:	f7ff fe19 	bl	100040c8 <stdio_out_chars_crlf>
10004496:	68ed      	ldr	r5, [r5, #12]
10004498:	2d00      	cmp	r5, #0
1000449a:	d1ed      	bne.n	10004478 <__wrap_vprintf+0x90>
1000449c:	464b      	mov	r3, r9
1000449e:	9503      	str	r5, [sp, #12]
100044a0:	681c      	ldr	r4, [r3, #0]
100044a2:	e7cc      	b.n	1000443e <__wrap_vprintf+0x56>
100044a4:	4640      	mov	r0, r8
100044a6:	f003 fb9b 	bl	10007be0 <__mutex_exit_veneer>
100044aa:	e7d3      	b.n	10004454 <__wrap_vprintf+0x6c>
100044ac:	9503      	str	r5, [sp, #12]
100044ae:	e7cf      	b.n	10004450 <__wrap_vprintf+0x68>
100044b0:	20001870 	.word	0x20001870
100044b4:	1000417d 	.word	0x1000417d
100044b8:	200020e8 	.word	0x200020e8
100044bc:	200020f0 	.word	0x200020f0

100044c0 <__wrap_printf>:
100044c0:	b40f      	push	{r0, r1, r2, r3}
100044c2:	b500      	push	{lr}
100044c4:	b083      	sub	sp, #12
100044c6:	a904      	add	r1, sp, #16
100044c8:	c901      	ldmia	r1!, {r0}
100044ca:	9101      	str	r1, [sp, #4]
100044cc:	f7ff ff8c 	bl	100043e8 <__wrap_vprintf>
100044d0:	b003      	add	sp, #12
100044d2:	bc08      	pop	{r3}
100044d4:	b004      	add	sp, #16
100044d6:	4718      	bx	r3

100044d8 <stdio_init_all>:
100044d8:	b510      	push	{r4, lr}
100044da:	f000 f93d 	bl	10004758 <stdio_usb_init>
100044de:	bd10      	pop	{r4, pc}

100044e0 <resetd_init>:
100044e0:	4770      	bx	lr
100044e2:	46c0      	nop			; (mov r8, r8)

100044e4 <resetd_reset>:
100044e4:	2200      	movs	r2, #0
100044e6:	4b01      	ldr	r3, [pc, #4]	; (100044ec <resetd_reset+0x8>)
100044e8:	701a      	strb	r2, [r3, #0]
100044ea:	4770      	bx	lr
100044ec:	2000265b 	.word	0x2000265b

100044f0 <resetd_open>:
100044f0:	794b      	ldrb	r3, [r1, #5]
100044f2:	2000      	movs	r0, #0
100044f4:	2bff      	cmp	r3, #255	; 0xff
100044f6:	d10b      	bne.n	10004510 <resetd_open+0x20>
100044f8:	798b      	ldrb	r3, [r1, #6]
100044fa:	2b00      	cmp	r3, #0
100044fc:	d108      	bne.n	10004510 <resetd_open+0x20>
100044fe:	79cb      	ldrb	r3, [r1, #7]
10004500:	2b01      	cmp	r3, #1
10004502:	d105      	bne.n	10004510 <resetd_open+0x20>
10004504:	2a08      	cmp	r2, #8
10004506:	d903      	bls.n	10004510 <resetd_open+0x20>
10004508:	788a      	ldrb	r2, [r1, #2]
1000450a:	4b02      	ldr	r3, [pc, #8]	; (10004514 <resetd_open+0x24>)
1000450c:	3009      	adds	r0, #9
1000450e:	701a      	strb	r2, [r3, #0]
10004510:	4770      	bx	lr
10004512:	46c0      	nop			; (mov r8, r8)
10004514:	2000265b 	.word	0x2000265b

10004518 <resetd_xfer_cb>:
10004518:	2001      	movs	r0, #1
1000451a:	4770      	bx	lr

1000451c <resetd_control_xfer_cb>:
1000451c:	b570      	push	{r4, r5, r6, lr}
1000451e:	2900      	cmp	r1, #0
10004520:	d115      	bne.n	1000454e <resetd_control_xfer_cb+0x32>
10004522:	4915      	ldr	r1, [pc, #84]	; (10004578 <resetd_control_xfer_cb+0x5c>)
10004524:	7953      	ldrb	r3, [r2, #5]
10004526:	7910      	ldrb	r0, [r2, #4]
10004528:	7809      	ldrb	r1, [r1, #0]
1000452a:	021b      	lsls	r3, r3, #8
1000452c:	4303      	orrs	r3, r0
1000452e:	2000      	movs	r0, #0
10004530:	4299      	cmp	r1, r3
10004532:	d000      	beq.n	10004536 <resetd_control_xfer_cb+0x1a>
10004534:	bd70      	pop	{r4, r5, r6, pc}
10004536:	7853      	ldrb	r3, [r2, #1]
10004538:	2b01      	cmp	r3, #1
1000453a:	d00a      	beq.n	10004552 <resetd_control_xfer_cb+0x36>
1000453c:	2b02      	cmp	r3, #2
1000453e:	d1f9      	bne.n	10004534 <resetd_control_xfer_cb+0x18>
10004540:	2000      	movs	r0, #0
10004542:	2264      	movs	r2, #100	; 0x64
10004544:	2100      	movs	r1, #0
10004546:	f7fd fe31 	bl	100021ac <watchdog_reboot>
1000454a:	2001      	movs	r0, #1
1000454c:	e7f2      	b.n	10004534 <resetd_control_xfer_cb+0x18>
1000454e:	2001      	movs	r0, #1
10004550:	e7f0      	b.n	10004534 <resetd_control_xfer_cb+0x18>
10004552:	7894      	ldrb	r4, [r2, #2]
10004554:	78d2      	ldrb	r2, [r2, #3]
10004556:	0005      	movs	r5, r0
10004558:	0212      	lsls	r2, r2, #8
1000455a:	4314      	orrs	r4, r2
1000455c:	05d2      	lsls	r2, r2, #23
1000455e:	d502      	bpl.n	10004566 <resetd_control_xfer_cb+0x4a>
10004560:	0a62      	lsrs	r2, r4, #9
10004562:	4093      	lsls	r3, r2
10004564:	001d      	movs	r5, r3
10004566:	4805      	ldr	r0, [pc, #20]	; (1000457c <resetd_control_xfer_cb+0x60>)
10004568:	f7ff f96a 	bl	10003840 <rom_func_lookup>
1000456c:	217f      	movs	r1, #127	; 0x7f
1000456e:	0003      	movs	r3, r0
10004570:	4021      	ands	r1, r4
10004572:	0028      	movs	r0, r5
10004574:	4798      	blx	r3
10004576:	46c0      	nop			; (mov r8, r8)
10004578:	2000265b 	.word	0x2000265b
1000457c:	00004255 	.word	0x00004255

10004580 <usbd_app_driver_get_cb>:
10004580:	2301      	movs	r3, #1
10004582:	7003      	strb	r3, [r0, #0]
10004584:	4800      	ldr	r0, [pc, #0]	; (10004588 <usbd_app_driver_get_cb+0x8>)
10004586:	4770      	bx	lr
10004588:	1000800c 	.word	0x1000800c

1000458c <tud_cdc_line_coding_cb>:
1000458c:	7848      	ldrb	r0, [r1, #1]
1000458e:	780b      	ldrb	r3, [r1, #0]
10004590:	788a      	ldrb	r2, [r1, #2]
10004592:	0200      	lsls	r0, r0, #8
10004594:	4318      	orrs	r0, r3
10004596:	0412      	lsls	r2, r2, #16
10004598:	4310      	orrs	r0, r2
1000459a:	2296      	movs	r2, #150	; 0x96
1000459c:	78cb      	ldrb	r3, [r1, #3]
1000459e:	b510      	push	{r4, lr}
100045a0:	061b      	lsls	r3, r3, #24
100045a2:	4303      	orrs	r3, r0
100045a4:	00d2      	lsls	r2, r2, #3
100045a6:	4293      	cmp	r3, r2
100045a8:	d000      	beq.n	100045ac <tud_cdc_line_coding_cb+0x20>
100045aa:	bd10      	pop	{r4, pc}
100045ac:	4803      	ldr	r0, [pc, #12]	; (100045bc <tud_cdc_line_coding_cb+0x30>)
100045ae:	f7ff f947 	bl	10003840 <rom_func_lookup>
100045b2:	2100      	movs	r1, #0
100045b4:	0003      	movs	r3, r0
100045b6:	0008      	movs	r0, r1
100045b8:	4798      	blx	r3
100045ba:	46c0      	nop			; (mov r8, r8)
100045bc:	00004255 	.word	0x00004255

100045c0 <stdio_usb_in_chars>:
100045c0:	b570      	push	{r4, r5, r6, lr}
100045c2:	4c18      	ldr	r4, [pc, #96]	; (10004624 <stdio_usb_in_chars+0x64>)
100045c4:	b082      	sub	sp, #8
100045c6:	0006      	movs	r6, r0
100045c8:	000d      	movs	r5, r1
100045ca:	0020      	movs	r0, r4
100045cc:	a901      	add	r1, sp, #4
100045ce:	f003 fb1f 	bl	10007c10 <__mutex_try_enter_veneer>
100045d2:	2800      	cmp	r0, #0
100045d4:	d108      	bne.n	100045e8 <stdio_usb_in_chars+0x28>
100045d6:	23d0      	movs	r3, #208	; 0xd0
100045d8:	061b      	lsls	r3, r3, #24
100045da:	681b      	ldr	r3, [r3, #0]
100045dc:	9a01      	ldr	r2, [sp, #4]
100045de:	429a      	cmp	r2, r3
100045e0:	d01c      	beq.n	1000461c <stdio_usb_in_chars+0x5c>
100045e2:	0020      	movs	r0, r4
100045e4:	f003 fb34 	bl	10007c50 <__mutex_enter_blocking_veneer>
100045e8:	2000      	movs	r0, #0
100045ea:	f001 fe1f 	bl	1000622c <tud_cdc_n_connected>
100045ee:	2800      	cmp	r0, #0
100045f0:	d107      	bne.n	10004602 <stdio_usb_in_chars+0x42>
100045f2:	2503      	movs	r5, #3
100045f4:	426d      	negs	r5, r5
100045f6:	0020      	movs	r0, r4
100045f8:	f003 faf2 	bl	10007be0 <__mutex_exit_veneer>
100045fc:	0028      	movs	r0, r5
100045fe:	b002      	add	sp, #8
10004600:	bd70      	pop	{r4, r5, r6, pc}
10004602:	2000      	movs	r0, #0
10004604:	f001 fe2a 	bl	1000625c <tud_cdc_n_available>
10004608:	2800      	cmp	r0, #0
1000460a:	d0f2      	beq.n	100045f2 <stdio_usb_in_chars+0x32>
1000460c:	002a      	movs	r2, r5
1000460e:	0031      	movs	r1, r6
10004610:	2000      	movs	r0, #0
10004612:	f001 fe2f 	bl	10006274 <tud_cdc_n_read>
10004616:	1e05      	subs	r5, r0, #0
10004618:	d0eb      	beq.n	100045f2 <stdio_usb_in_chars+0x32>
1000461a:	e7ec      	b.n	100045f6 <stdio_usb_in_chars+0x36>
1000461c:	2503      	movs	r5, #3
1000461e:	426d      	negs	r5, r5
10004620:	e7ec      	b.n	100045fc <stdio_usb_in_chars+0x3c>
10004622:	46c0      	nop			; (mov r8, r8)
10004624:	20002628 	.word	0x20002628

10004628 <stdio_usb_out_chars>:
10004628:	b5f0      	push	{r4, r5, r6, r7, lr}
1000462a:	46de      	mov	lr, fp
1000462c:	464f      	mov	r7, r9
1000462e:	4646      	mov	r6, r8
10004630:	b5c0      	push	{r6, r7, lr}
10004632:	4b33      	ldr	r3, [pc, #204]	; (10004700 <stdio_usb_out_chars+0xd8>)
10004634:	b082      	sub	sp, #8
10004636:	4681      	mov	r9, r0
10004638:	000d      	movs	r5, r1
1000463a:	0018      	movs	r0, r3
1000463c:	a901      	add	r1, sp, #4
1000463e:	469b      	mov	fp, r3
10004640:	f003 fae6 	bl	10007c10 <__mutex_try_enter_veneer>
10004644:	2800      	cmp	r0, #0
10004646:	d108      	bne.n	1000465a <stdio_usb_out_chars+0x32>
10004648:	23d0      	movs	r3, #208	; 0xd0
1000464a:	061b      	lsls	r3, r3, #24
1000464c:	681b      	ldr	r3, [r3, #0]
1000464e:	9a01      	ldr	r2, [sp, #4]
10004650:	429a      	cmp	r2, r3
10004652:	d04f      	beq.n	100046f4 <stdio_usb_out_chars+0xcc>
10004654:	4658      	mov	r0, fp
10004656:	f003 fafb 	bl	10007c50 <__mutex_enter_blocking_veneer>
1000465a:	2000      	movs	r0, #0
1000465c:	f001 fde6 	bl	1000622c <tud_cdc_n_connected>
10004660:	2800      	cmp	r0, #0
10004662:	d03f      	beq.n	100046e4 <stdio_usb_out_chars+0xbc>
10004664:	2400      	movs	r4, #0
10004666:	2d00      	cmp	r5, #0
10004668:	dd41      	ble.n	100046ee <stdio_usb_out_chars+0xc6>
1000466a:	4e26      	ldr	r6, [pc, #152]	; (10004704 <stdio_usb_out_chars+0xdc>)
1000466c:	e011      	b.n	10004692 <stdio_usb_out_chars+0x6a>
1000466e:	464b      	mov	r3, r9
10004670:	2000      	movs	r0, #0
10004672:	1919      	adds	r1, r3, r4
10004674:	f001 fe72 	bl	1000635c <tud_cdc_n_write>
10004678:	4680      	mov	r8, r0
1000467a:	f000 fe65 	bl	10005348 <tud_task>
1000467e:	2000      	movs	r0, #0
10004680:	f001 fe30 	bl	100062e4 <tud_cdc_n_write_flush>
10004684:	f7fd f848 	bl	10001718 <time_us_64>
10004688:	6030      	str	r0, [r6, #0]
1000468a:	6071      	str	r1, [r6, #4]
1000468c:	4444      	add	r4, r8
1000468e:	42ac      	cmp	r4, r5
10004690:	da2d      	bge.n	100046ee <stdio_usb_out_chars+0xc6>
10004692:	2000      	movs	r0, #0
10004694:	f001 fe7c 	bl	10006390 <tud_cdc_n_write_available>
10004698:	1b2f      	subs	r7, r5, r4
1000469a:	0002      	movs	r2, r0
1000469c:	42b8      	cmp	r0, r7
1000469e:	dd00      	ble.n	100046a2 <stdio_usb_out_chars+0x7a>
100046a0:	003a      	movs	r2, r7
100046a2:	2a00      	cmp	r2, #0
100046a4:	d1e3      	bne.n	1000466e <stdio_usb_out_chars+0x46>
100046a6:	f000 fe4f 	bl	10005348 <tud_task>
100046aa:	2000      	movs	r0, #0
100046ac:	f001 fe1a 	bl	100062e4 <tud_cdc_n_write_flush>
100046b0:	2000      	movs	r0, #0
100046b2:	f001 fdbb 	bl	1000622c <tud_cdc_n_connected>
100046b6:	2800      	cmp	r0, #0
100046b8:	d019      	beq.n	100046ee <stdio_usb_out_chars+0xc6>
100046ba:	2000      	movs	r0, #0
100046bc:	f001 fe68 	bl	10006390 <tud_cdc_n_write_available>
100046c0:	2800      	cmp	r0, #0
100046c2:	d1e4      	bne.n	1000468e <stdio_usb_out_chars+0x66>
100046c4:	f7fd f828 	bl	10001718 <time_us_64>
100046c8:	6832      	ldr	r2, [r6, #0]
100046ca:	6873      	ldr	r3, [r6, #4]
100046cc:	000f      	movs	r7, r1
100046ce:	2100      	movs	r1, #0
100046d0:	4684      	mov	ip, r0
100046d2:	480d      	ldr	r0, [pc, #52]	; (10004708 <stdio_usb_out_chars+0xe0>)
100046d4:	1812      	adds	r2, r2, r0
100046d6:	414b      	adcs	r3, r1
100046d8:	429f      	cmp	r7, r3
100046da:	d808      	bhi.n	100046ee <stdio_usb_out_chars+0xc6>
100046dc:	d1d7      	bne.n	1000468e <stdio_usb_out_chars+0x66>
100046de:	4594      	cmp	ip, r2
100046e0:	d9d5      	bls.n	1000468e <stdio_usb_out_chars+0x66>
100046e2:	e004      	b.n	100046ee <stdio_usb_out_chars+0xc6>
100046e4:	2000      	movs	r0, #0
100046e6:	2100      	movs	r1, #0
100046e8:	4b06      	ldr	r3, [pc, #24]	; (10004704 <stdio_usb_out_chars+0xdc>)
100046ea:	6018      	str	r0, [r3, #0]
100046ec:	6059      	str	r1, [r3, #4]
100046ee:	4658      	mov	r0, fp
100046f0:	f003 fa76 	bl	10007be0 <__mutex_exit_veneer>
100046f4:	b002      	add	sp, #8
100046f6:	bce0      	pop	{r5, r6, r7}
100046f8:	46bb      	mov	fp, r7
100046fa:	46b1      	mov	r9, r6
100046fc:	46a8      	mov	r8, r5
100046fe:	bdf0      	pop	{r4, r5, r6, r7, pc}
10004700:	20002628 	.word	0x20002628
10004704:	20001998 	.word	0x20001998
10004708:	0007a120 	.word	0x0007a120

1000470c <timer_task>:
1000470c:	b510      	push	{r4, lr}
1000470e:	4b04      	ldr	r3, [pc, #16]	; (10004720 <timer_task+0x14>)
10004710:	7818      	ldrb	r0, [r3, #0]
10004712:	f7fc f8f1 	bl	100008f8 <irq_set_pending>
10004716:	20fa      	movs	r0, #250	; 0xfa
10004718:	2100      	movs	r1, #0
1000471a:	0080      	lsls	r0, r0, #2
1000471c:	bd10      	pop	{r4, pc}
1000471e:	46c0      	nop			; (mov r8, r8)
10004720:	2000265c 	.word	0x2000265c

10004724 <usb_irq>:
10004724:	b510      	push	{r4, lr}
10004726:	4b02      	ldr	r3, [pc, #8]	; (10004730 <usb_irq+0xc>)
10004728:	7818      	ldrb	r0, [r3, #0]
1000472a:	f7fc f8e5 	bl	100008f8 <irq_set_pending>
1000472e:	bd10      	pop	{r4, pc}
10004730:	2000265c 	.word	0x2000265c

10004734 <low_priority_worker_irq>:
10004734:	b510      	push	{r4, lr}
10004736:	4c07      	ldr	r4, [pc, #28]	; (10004754 <low_priority_worker_irq+0x20>)
10004738:	2100      	movs	r1, #0
1000473a:	0020      	movs	r0, r4
1000473c:	f003 fa68 	bl	10007c10 <__mutex_try_enter_veneer>
10004740:	2800      	cmp	r0, #0
10004742:	d100      	bne.n	10004746 <low_priority_worker_irq+0x12>
10004744:	bd10      	pop	{r4, pc}
10004746:	f000 fdff 	bl	10005348 <tud_task>
1000474a:	0020      	movs	r0, r4
1000474c:	f003 fa48 	bl	10007be0 <__mutex_exit_veneer>
10004750:	e7f8      	b.n	10004744 <low_priority_worker_irq+0x10>
10004752:	46c0      	nop			; (mov r8, r8)
10004754:	20002628 	.word	0x20002628

10004758 <stdio_usb_init>:
10004758:	b5f0      	push	{r4, r5, r6, r7, lr}
1000475a:	4b24      	ldr	r3, [pc, #144]	; (100047ec <stdio_usb_init+0x94>)
1000475c:	b085      	sub	sp, #20
1000475e:	781b      	ldrb	r3, [r3, #0]
10004760:	f001 fffe 	bl	10006760 <tusb_init>
10004764:	4822      	ldr	r0, [pc, #136]	; (100047f0 <stdio_usb_init+0x98>)
10004766:	f7fd fa97 	bl	10001c98 <mutex_init>
1000476a:	2001      	movs	r0, #1
1000476c:	f7fc fb4c 	bl	10000e08 <user_irq_claim_unused>
10004770:	23ff      	movs	r3, #255	; 0xff
10004772:	4c20      	ldr	r4, [pc, #128]	; (100047f4 <stdio_usb_init+0x9c>)
10004774:	4920      	ldr	r1, [pc, #128]	; (100047f8 <stdio_usb_init+0xa0>)
10004776:	7020      	strb	r0, [r4, #0]
10004778:	4018      	ands	r0, r3
1000477a:	f7fc f8e3 	bl	10000944 <irq_set_exclusive_handler>
1000477e:	7820      	ldrb	r0, [r4, #0]
10004780:	2101      	movs	r1, #1
10004782:	f7fc f8a7 	bl	100008d4 <irq_set_enabled>
10004786:	2005      	movs	r0, #5
10004788:	f7fc f8be 	bl	10000908 <irq_has_shared_handler>
1000478c:	1e04      	subs	r4, r0, #0
1000478e:	d00c      	beq.n	100047aa <stdio_usb_init+0x52>
10004790:	2200      	movs	r2, #0
10004792:	2005      	movs	r0, #5
10004794:	4919      	ldr	r1, [pc, #100]	; (100047fc <stdio_usb_init+0xa4>)
10004796:	f7fc f8ff 	bl	10000998 <irq_add_shared_handler>
1000479a:	2101      	movs	r1, #1
1000479c:	4818      	ldr	r0, [pc, #96]	; (10004800 <stdio_usb_init+0xa8>)
1000479e:	f7ff fe0b 	bl	100043b8 <stdio_set_driver_enabled>
100047a2:	2401      	movs	r4, #1
100047a4:	0020      	movs	r0, r4
100047a6:	b005      	add	sp, #20
100047a8:	bdf0      	pop	{r4, r5, r6, r7, pc}
100047aa:	f7fc fda3 	bl	100012f4 <alarm_pool_get_default>
100047ae:	0005      	movs	r5, r0
100047b0:	f7fc ffb2 	bl	10001718 <time_us_64>
100047b4:	22fa      	movs	r2, #250	; 0xfa
100047b6:	0006      	movs	r6, r0
100047b8:	000f      	movs	r7, r1
100047ba:	2300      	movs	r3, #0
100047bc:	0092      	lsls	r2, r2, #2
100047be:	1992      	adds	r2, r2, r6
100047c0:	417b      	adcs	r3, r7
100047c2:	4299      	cmp	r1, r3
100047c4:	d80e      	bhi.n	100047e4 <stdio_usb_init+0x8c>
100047c6:	d00b      	beq.n	100047e0 <stdio_usb_init+0x88>
100047c8:	2101      	movs	r1, #1
100047ca:	9102      	str	r1, [sp, #8]
100047cc:	2100      	movs	r1, #0
100047ce:	9101      	str	r1, [sp, #4]
100047d0:	490c      	ldr	r1, [pc, #48]	; (10004804 <stdio_usb_init+0xac>)
100047d2:	0028      	movs	r0, r5
100047d4:	9100      	str	r1, [sp, #0]
100047d6:	f7fc fd91 	bl	100012fc <alarm_pool_add_alarm_at>
100047da:	2800      	cmp	r0, #0
100047dc:	d0e2      	beq.n	100047a4 <stdio_usb_init+0x4c>
100047de:	e7dc      	b.n	1000479a <stdio_usb_init+0x42>
100047e0:	4290      	cmp	r0, r2
100047e2:	d9f1      	bls.n	100047c8 <stdio_usb_init+0x70>
100047e4:	2201      	movs	r2, #1
100047e6:	4252      	negs	r2, r2
100047e8:	17d3      	asrs	r3, r2, #31
100047ea:	e7ed      	b.n	100047c8 <stdio_usb_init+0x70>
100047ec:	10008434 	.word	0x10008434
100047f0:	20002628 	.word	0x20002628
100047f4:	2000265c 	.word	0x2000265c
100047f8:	10004735 	.word	0x10004735
100047fc:	10004725 	.word	0x10004725
10004800:	20001400 	.word	0x20001400
10004804:	1000470d 	.word	0x1000470d

10004808 <tud_descriptor_device_cb>:
10004808:	4800      	ldr	r0, [pc, #0]	; (1000480c <tud_descriptor_device_cb+0x4>)
1000480a:	4770      	bx	lr
1000480c:	100080c4 	.word	0x100080c4

10004810 <tud_descriptor_configuration_cb>:
10004810:	4800      	ldr	r0, [pc, #0]	; (10004814 <tud_descriptor_configuration_cb+0x4>)
10004812:	4770      	bx	lr
10004814:	10008070 	.word	0x10008070

10004818 <tud_descriptor_string_cb>:
10004818:	b570      	push	{r4, r5, r6, lr}
1000481a:	0004      	movs	r4, r0
1000481c:	4817      	ldr	r0, [pc, #92]	; (1000487c <tud_descriptor_string_cb+0x64>)
1000481e:	7803      	ldrb	r3, [r0, #0]
10004820:	2b00      	cmp	r3, #0
10004822:	d021      	beq.n	10004868 <tud_descriptor_string_cb+0x50>
10004824:	2c00      	cmp	r4, #0
10004826:	d106      	bne.n	10004836 <tud_descriptor_string_cb+0x1e>
10004828:	24c1      	movs	r4, #193	; 0xc1
1000482a:	4815      	ldr	r0, [pc, #84]	; (10004880 <tud_descriptor_string_cb+0x68>)
1000482c:	4b15      	ldr	r3, [pc, #84]	; (10004884 <tud_descriptor_string_cb+0x6c>)
1000482e:	00a4      	lsls	r4, r4, #2
10004830:	8043      	strh	r3, [r0, #2]
10004832:	8004      	strh	r4, [r0, #0]
10004834:	bd70      	pop	{r4, r5, r6, pc}
10004836:	2c05      	cmp	r4, #5
10004838:	d81d      	bhi.n	10004876 <tud_descriptor_string_cb+0x5e>
1000483a:	4b13      	ldr	r3, [pc, #76]	; (10004888 <tud_descriptor_string_cb+0x70>)
1000483c:	4810      	ldr	r0, [pc, #64]	; (10004880 <tud_descriptor_string_cb+0x68>)
1000483e:	00a4      	lsls	r4, r4, #2
10004840:	58e5      	ldr	r5, [r4, r3]
10004842:	1c81      	adds	r1, r0, #2
10004844:	2300      	movs	r3, #0
10004846:	e004      	b.n	10004852 <tud_descriptor_string_cb+0x3a>
10004848:	3301      	adds	r3, #1
1000484a:	800a      	strh	r2, [r1, #0]
1000484c:	3102      	adds	r1, #2
1000484e:	2b13      	cmp	r3, #19
10004850:	d00e      	beq.n	10004870 <tud_descriptor_string_cb+0x58>
10004852:	5cea      	ldrb	r2, [r5, r3]
10004854:	b2dc      	uxtb	r4, r3
10004856:	2a00      	cmp	r2, #0
10004858:	d1f6      	bne.n	10004848 <tud_descriptor_string_cb+0x30>
1000485a:	23c0      	movs	r3, #192	; 0xc0
1000485c:	3401      	adds	r4, #1
1000485e:	b2e4      	uxtb	r4, r4
10004860:	0064      	lsls	r4, r4, #1
10004862:	009b      	lsls	r3, r3, #2
10004864:	431c      	orrs	r4, r3
10004866:	e7e4      	b.n	10004832 <tud_descriptor_string_cb+0x1a>
10004868:	2111      	movs	r1, #17
1000486a:	f002 fa0f 	bl	10006c8c <pico_get_unique_board_id_string>
1000486e:	e7d9      	b.n	10004824 <tud_descriptor_string_cb+0xc>
10004870:	24ca      	movs	r4, #202	; 0xca
10004872:	00a4      	lsls	r4, r4, #2
10004874:	e7dd      	b.n	10004832 <tud_descriptor_string_cb+0x1a>
10004876:	2000      	movs	r0, #0
10004878:	e7dc      	b.n	10004834 <tud_descriptor_string_cb+0x1c>
1000487a:	46c0      	nop			; (mov r8, r8)
1000487c:	20002640 	.word	0x20002640
10004880:	200020c0 	.word	0x200020c0
10004884:	00000409 	.word	0x00000409
10004888:	100080d8 	.word	0x100080d8

1000488c <dcd_rp2040_irq>:
1000488c:	b5f0      	push	{r4, r5, r6, r7, lr}
1000488e:	2398      	movs	r3, #152	; 0x98
10004890:	4657      	mov	r7, sl
10004892:	4645      	mov	r5, r8
10004894:	46de      	mov	lr, fp
10004896:	464e      	mov	r6, r9
10004898:	4a6c      	ldr	r2, [pc, #432]	; (10004a4c <dcd_rp2040_irq+0x1c0>)
1000489a:	b5e0      	push	{r5, r6, r7, lr}
1000489c:	58d7      	ldr	r7, [r2, r3]
1000489e:	2580      	movs	r5, #128	; 0x80
100048a0:	003c      	movs	r4, r7
100048a2:	026d      	lsls	r5, r5, #9
100048a4:	3b88      	subs	r3, #136	; 0x88
100048a6:	469a      	mov	sl, r3
100048a8:	b083      	sub	sp, #12
100048aa:	402c      	ands	r4, r5
100048ac:	422f      	tst	r7, r5
100048ae:	d00f      	beq.n	100048d0 <dcd_rp2040_irq+0x44>
100048b0:	2201      	movs	r2, #1
100048b2:	2123      	movs	r1, #35	; 0x23
100048b4:	4b66      	ldr	r3, [pc, #408]	; (10004a50 <dcd_rp2040_irq+0x1c4>)
100048b6:	2000      	movs	r0, #0
100048b8:	545a      	strb	r2, [r3, r1]
100048ba:	70da      	strb	r2, [r3, #3]
100048bc:	4965      	ldr	r1, [pc, #404]	; (10004a54 <dcd_rp2040_irq+0x1c8>)
100048be:	f001 fa73 	bl	10005da8 <dcd_event_setup_received>
100048c2:	2280      	movs	r2, #128	; 0x80
100048c4:	4b64      	ldr	r3, [pc, #400]	; (10004a58 <dcd_rp2040_irq+0x1cc>)
100048c6:	0292      	lsls	r2, r2, #10
100048c8:	651a      	str	r2, [r3, #80]	; 0x50
100048ca:	4b64      	ldr	r3, [pc, #400]	; (10004a5c <dcd_rp2040_irq+0x1d0>)
100048cc:	002c      	movs	r4, r5
100048ce:	469a      	mov	sl, r3
100048d0:	06fb      	lsls	r3, r7, #27
100048d2:	d417      	bmi.n	10004904 <dcd_rp2040_irq+0x78>
100048d4:	2380      	movs	r3, #128	; 0x80
100048d6:	015b      	lsls	r3, r3, #5
100048d8:	421f      	tst	r7, r3
100048da:	d145      	bne.n	10004968 <dcd_rp2040_irq+0xdc>
100048dc:	2380      	movs	r3, #128	; 0x80
100048de:	01db      	lsls	r3, r3, #7
100048e0:	421f      	tst	r7, r3
100048e2:	d000      	beq.n	100048e6 <dcd_rp2040_irq+0x5a>
100048e4:	e088      	b.n	100049f8 <dcd_rp2040_irq+0x16c>
100048e6:	2380      	movs	r3, #128	; 0x80
100048e8:	021b      	lsls	r3, r3, #8
100048ea:	421f      	tst	r7, r3
100048ec:	d000      	beq.n	100048f0 <dcd_rp2040_irq+0x64>
100048ee:	e091      	b.n	10004a14 <dcd_rp2040_irq+0x188>
100048f0:	42bc      	cmp	r4, r7
100048f2:	d000      	beq.n	100048f6 <dcd_rp2040_irq+0x6a>
100048f4:	e0a5      	b.n	10004a42 <dcd_rp2040_irq+0x1b6>
100048f6:	b003      	add	sp, #12
100048f8:	bcf0      	pop	{r4, r5, r6, r7}
100048fa:	46bb      	mov	fp, r7
100048fc:	46b2      	mov	sl, r6
100048fe:	46a9      	mov	r9, r5
10004900:	46a0      	mov	r8, r4
10004902:	bdf0      	pop	{r4, r5, r6, r7, pc}
10004904:	4b51      	ldr	r3, [pc, #324]	; (10004a4c <dcd_rp2040_irq+0x1c0>)
10004906:	6d9b      	ldr	r3, [r3, #88]	; 0x58
10004908:	4698      	mov	r8, r3
1000490a:	2b00      	cmp	r3, #0
1000490c:	d027      	beq.n	1000495e <dcd_rp2040_irq+0xd2>
1000490e:	4b52      	ldr	r3, [pc, #328]	; (10004a58 <dcd_rp2040_irq+0x1cc>)
10004910:	2400      	movs	r4, #0
10004912:	469b      	mov	fp, r3
10004914:	2301      	movs	r3, #1
10004916:	4699      	mov	r9, r3
10004918:	4643      	mov	r3, r8
1000491a:	2601      	movs	r6, #1
1000491c:	46b8      	mov	r8, r7
1000491e:	001f      	movs	r7, r3
10004920:	e004      	b.n	1000492c <dcd_rp2040_irq+0xa0>
10004922:	3401      	adds	r4, #1
10004924:	0076      	lsls	r6, r6, #1
10004926:	b2e4      	uxtb	r4, r4
10004928:	2c20      	cmp	r4, #32
1000492a:	d017      	beq.n	1000495c <dcd_rp2040_irq+0xd0>
1000492c:	4237      	tst	r7, r6
1000492e:	d0f8      	beq.n	10004922 <dcd_rp2040_irq+0x96>
10004930:	465b      	mov	r3, fp
10004932:	659e      	str	r6, [r3, #88]	; 0x58
10004934:	464b      	mov	r3, r9
10004936:	0865      	lsrs	r5, r4, #1
10004938:	43a3      	bics	r3, r4
1000493a:	006d      	lsls	r5, r5, #1
1000493c:	18ed      	adds	r5, r5, r3
1000493e:	4b44      	ldr	r3, [pc, #272]	; (10004a50 <dcd_rp2040_irq+0x1c4>)
10004940:	016d      	lsls	r5, r5, #5
10004942:	469c      	mov	ip, r3
10004944:	4465      	add	r5, ip
10004946:	0028      	movs	r0, r5
10004948:	f000 fb8a 	bl	10005060 <hw_endpoint_xfer_continue>
1000494c:	2800      	cmp	r0, #0
1000494e:	d16c      	bne.n	10004a2a <dcd_rp2040_irq+0x19e>
10004950:	3401      	adds	r4, #1
10004952:	43b7      	bics	r7, r6
10004954:	b2e4      	uxtb	r4, r4
10004956:	0076      	lsls	r6, r6, #1
10004958:	2f00      	cmp	r7, #0
1000495a:	d1e5      	bne.n	10004928 <dcd_rp2040_irq+0x9c>
1000495c:	4647      	mov	r7, r8
1000495e:	2380      	movs	r3, #128	; 0x80
10004960:	015b      	lsls	r3, r3, #5
10004962:	4654      	mov	r4, sl
10004964:	421f      	tst	r7, r3
10004966:	d0b9      	beq.n	100048dc <dcd_rp2040_irq+0x50>
10004968:	431c      	orrs	r4, r3
1000496a:	2300      	movs	r3, #0
1000496c:	4a37      	ldr	r2, [pc, #220]	; (10004a4c <dcd_rp2040_irq+0x1c0>)
1000496e:	2100      	movs	r1, #0
10004970:	6013      	str	r3, [r2, #0]
10004972:	4a38      	ldr	r2, [pc, #224]	; (10004a54 <dcd_rp2040_irq+0x1c8>)
10004974:	483a      	ldr	r0, [pc, #232]	; (10004a60 <dcd_rp2040_irq+0x1d4>)
10004976:	6093      	str	r3, [r2, #8]
10004978:	60d3      	str	r3, [r2, #12]
1000497a:	4a3a      	ldr	r2, [pc, #232]	; (10004a64 <dcd_rp2040_irq+0x1d8>)
1000497c:	6093      	str	r3, [r2, #8]
1000497e:	60d3      	str	r3, [r2, #12]
10004980:	4a39      	ldr	r2, [pc, #228]	; (10004a68 <dcd_rp2040_irq+0x1dc>)
10004982:	6093      	str	r3, [r2, #8]
10004984:	60d3      	str	r3, [r2, #12]
10004986:	4a39      	ldr	r2, [pc, #228]	; (10004a6c <dcd_rp2040_irq+0x1e0>)
10004988:	6093      	str	r3, [r2, #8]
1000498a:	60d3      	str	r3, [r2, #12]
1000498c:	4a38      	ldr	r2, [pc, #224]	; (10004a70 <dcd_rp2040_irq+0x1e4>)
1000498e:	6093      	str	r3, [r2, #8]
10004990:	60d3      	str	r3, [r2, #12]
10004992:	4a38      	ldr	r2, [pc, #224]	; (10004a74 <dcd_rp2040_irq+0x1e8>)
10004994:	6093      	str	r3, [r2, #8]
10004996:	60d3      	str	r3, [r2, #12]
10004998:	4a37      	ldr	r2, [pc, #220]	; (10004a78 <dcd_rp2040_irq+0x1ec>)
1000499a:	6093      	str	r3, [r2, #8]
1000499c:	60d3      	str	r3, [r2, #12]
1000499e:	4a37      	ldr	r2, [pc, #220]	; (10004a7c <dcd_rp2040_irq+0x1f0>)
100049a0:	6093      	str	r3, [r2, #8]
100049a2:	60d3      	str	r3, [r2, #12]
100049a4:	4a36      	ldr	r2, [pc, #216]	; (10004a80 <dcd_rp2040_irq+0x1f4>)
100049a6:	6093      	str	r3, [r2, #8]
100049a8:	60d3      	str	r3, [r2, #12]
100049aa:	4a36      	ldr	r2, [pc, #216]	; (10004a84 <dcd_rp2040_irq+0x1f8>)
100049ac:	6093      	str	r3, [r2, #8]
100049ae:	60d3      	str	r3, [r2, #12]
100049b0:	4a35      	ldr	r2, [pc, #212]	; (10004a88 <dcd_rp2040_irq+0x1fc>)
100049b2:	6093      	str	r3, [r2, #8]
100049b4:	60d3      	str	r3, [r2, #12]
100049b6:	4a35      	ldr	r2, [pc, #212]	; (10004a8c <dcd_rp2040_irq+0x200>)
100049b8:	6093      	str	r3, [r2, #8]
100049ba:	60d3      	str	r3, [r2, #12]
100049bc:	4a34      	ldr	r2, [pc, #208]	; (10004a90 <dcd_rp2040_irq+0x204>)
100049be:	6093      	str	r3, [r2, #8]
100049c0:	60d3      	str	r3, [r2, #12]
100049c2:	4a34      	ldr	r2, [pc, #208]	; (10004a94 <dcd_rp2040_irq+0x208>)
100049c4:	6093      	str	r3, [r2, #8]
100049c6:	60d3      	str	r3, [r2, #12]
100049c8:	4a33      	ldr	r2, [pc, #204]	; (10004a98 <dcd_rp2040_irq+0x20c>)
100049ca:	6093      	str	r3, [r2, #8]
100049cc:	60d3      	str	r3, [r2, #12]
100049ce:	22f0      	movs	r2, #240	; 0xf0
100049d0:	0092      	lsls	r2, r2, #2
100049d2:	f7ff fb65 	bl	100040a0 <__wrap_memset>
100049d6:	4b31      	ldr	r3, [pc, #196]	; (10004a9c <dcd_rp2040_irq+0x210>)
100049d8:	4a31      	ldr	r2, [pc, #196]	; (10004aa0 <dcd_rp2040_irq+0x214>)
100049da:	2100      	movs	r1, #0
100049dc:	601a      	str	r2, [r3, #0]
100049de:	2000      	movs	r0, #0
100049e0:	2201      	movs	r2, #1
100049e2:	f001 f9b7 	bl	10005d54 <dcd_event_bus_reset>
100049e6:	2280      	movs	r2, #128	; 0x80
100049e8:	4b1b      	ldr	r3, [pc, #108]	; (10004a58 <dcd_rp2040_irq+0x1cc>)
100049ea:	0312      	lsls	r2, r2, #12
100049ec:	651a      	str	r2, [r3, #80]	; 0x50
100049ee:	2380      	movs	r3, #128	; 0x80
100049f0:	01db      	lsls	r3, r3, #7
100049f2:	421f      	tst	r7, r3
100049f4:	d100      	bne.n	100049f8 <dcd_rp2040_irq+0x16c>
100049f6:	e776      	b.n	100048e6 <dcd_rp2040_irq+0x5a>
100049f8:	2201      	movs	r2, #1
100049fa:	2104      	movs	r1, #4
100049fc:	2000      	movs	r0, #0
100049fe:	431c      	orrs	r4, r3
10004a00:	f001 f918 	bl	10005c34 <dcd_event_bus_signal>
10004a04:	2210      	movs	r2, #16
10004a06:	4b14      	ldr	r3, [pc, #80]	; (10004a58 <dcd_rp2040_irq+0x1cc>)
10004a08:	651a      	str	r2, [r3, #80]	; 0x50
10004a0a:	2380      	movs	r3, #128	; 0x80
10004a0c:	021b      	lsls	r3, r3, #8
10004a0e:	421f      	tst	r7, r3
10004a10:	d100      	bne.n	10004a14 <dcd_rp2040_irq+0x188>
10004a12:	e76d      	b.n	100048f0 <dcd_rp2040_irq+0x64>
10004a14:	2201      	movs	r2, #1
10004a16:	2105      	movs	r1, #5
10004a18:	2000      	movs	r0, #0
10004a1a:	431c      	orrs	r4, r3
10004a1c:	f001 f90a 	bl	10005c34 <dcd_event_bus_signal>
10004a20:	2280      	movs	r2, #128	; 0x80
10004a22:	4b0d      	ldr	r3, [pc, #52]	; (10004a58 <dcd_rp2040_irq+0x1cc>)
10004a24:	0112      	lsls	r2, r2, #4
10004a26:	651a      	str	r2, [r3, #80]	; 0x50
10004a28:	e762      	b.n	100048f0 <dcd_rp2040_irq+0x64>
10004a2a:	464b      	mov	r3, r9
10004a2c:	8aaa      	ldrh	r2, [r5, #20]
10004a2e:	78a9      	ldrb	r1, [r5, #2]
10004a30:	2000      	movs	r0, #0
10004a32:	9300      	str	r3, [sp, #0]
10004a34:	2300      	movs	r3, #0
10004a36:	f001 f9df 	bl	10005df8 <dcd_event_xfer_complete>
10004a3a:	0028      	movs	r0, r5
10004a3c:	f000 fa4c 	bl	10004ed8 <hw_endpoint_reset_transfer>
10004a40:	e786      	b.n	10004950 <dcd_rp2040_irq+0xc4>
10004a42:	0021      	movs	r1, r4
10004a44:	4817      	ldr	r0, [pc, #92]	; (10004aa4 <dcd_rp2040_irq+0x218>)
10004a46:	4079      	eors	r1, r7
10004a48:	f7fd f9ce 	bl	10001de8 <panic>
10004a4c:	50110000 	.word	0x50110000
10004a50:	200020f4 	.word	0x200020f4
10004a54:	50100000 	.word	0x50100000
10004a58:	50113000 	.word	0x50113000
10004a5c:	00010010 	.word	0x00010010
10004a60:	20002134 	.word	0x20002134
10004a64:	50100008 	.word	0x50100008
10004a68:	50100010 	.word	0x50100010
10004a6c:	50100018 	.word	0x50100018
10004a70:	50100020 	.word	0x50100020
10004a74:	50100028 	.word	0x50100028
10004a78:	50100030 	.word	0x50100030
10004a7c:	50100038 	.word	0x50100038
10004a80:	50100040 	.word	0x50100040
10004a84:	50100048 	.word	0x50100048
10004a88:	50100050 	.word	0x50100050
10004a8c:	50100058 	.word	0x50100058
10004a90:	50100060 	.word	0x50100060
10004a94:	50100068 	.word	0x50100068
10004a98:	50100070 	.word	0x50100070
10004a9c:	200024fc 	.word	0x200024fc
10004aa0:	50100180 	.word	0x50100180
10004aa4:	100080f0 	.word	0x100080f0

10004aa8 <dcd_int_enable>:
10004aa8:	b510      	push	{r4, lr}
10004aaa:	2101      	movs	r1, #1
10004aac:	2005      	movs	r0, #5
10004aae:	f7fb ff11 	bl	100008d4 <irq_set_enabled>
10004ab2:	bd10      	pop	{r4, pc}

10004ab4 <dcd_set_address>:
10004ab4:	b510      	push	{r4, lr}
10004ab6:	2200      	movs	r2, #0
10004ab8:	2100      	movs	r1, #0
10004aba:	4802      	ldr	r0, [pc, #8]	; (10004ac4 <dcd_set_address+0x10>)
10004abc:	f000 fa34 	bl	10004f28 <hw_endpoint_xfer_start>
10004ac0:	bd10      	pop	{r4, pc}
10004ac2:	46c0      	nop			; (mov r8, r8)
10004ac4:	20002114 	.word	0x20002114

10004ac8 <dcd_connect>:
10004ac8:	2280      	movs	r2, #128	; 0x80
10004aca:	4b02      	ldr	r3, [pc, #8]	; (10004ad4 <dcd_connect+0xc>)
10004acc:	0252      	lsls	r2, r2, #9
10004ace:	64da      	str	r2, [r3, #76]	; 0x4c
10004ad0:	4770      	bx	lr
10004ad2:	46c0      	nop			; (mov r8, r8)
10004ad4:	50112000 	.word	0x50112000

10004ad8 <dcd_init>:
10004ad8:	b5f0      	push	{r4, r5, r6, r7, lr}
10004ada:	46c6      	mov	lr, r8
10004adc:	b500      	push	{lr}
10004ade:	0006      	movs	r6, r0
10004ae0:	f000 f9d4 	bl	10004e8c <rp2040_usb_init>
10004ae4:	230c      	movs	r3, #12
10004ae6:	4d35      	ldr	r5, [pc, #212]	; (10004bbc <dcd_init+0xe4>)
10004ae8:	2005      	movs	r0, #5
10004aea:	67ab      	str	r3, [r5, #120]	; 0x78
10004aec:	4934      	ldr	r1, [pc, #208]	; (10004bc0 <dcd_init+0xe8>)
10004aee:	f7fb ff29 	bl	10000944 <irq_set_exclusive_handler>
10004af2:	2340      	movs	r3, #64	; 0x40
10004af4:	4698      	mov	r8, r3
10004af6:	4c33      	ldr	r4, [pc, #204]	; (10004bc4 <dcd_init+0xec>)
10004af8:	2240      	movs	r2, #64	; 0x40
10004afa:	2100      	movs	r1, #0
10004afc:	0020      	movs	r0, r4
10004afe:	f7ff facf 	bl	100040a0 <__wrap_memset>
10004b02:	4643      	mov	r3, r8
10004b04:	2701      	movs	r7, #1
10004b06:	83a3      	strh	r3, [r4, #28]
10004b08:	2121      	movs	r1, #33	; 0x21
10004b0a:	2300      	movs	r3, #0
10004b0c:	4a2e      	ldr	r2, [pc, #184]	; (10004bc8 <dcd_init+0xf0>)
10004b0e:	7067      	strb	r7, [r4, #1]
10004b10:	60a2      	str	r2, [r4, #8]
10004b12:	6013      	str	r3, [r2, #0]
10004b14:	5463      	strb	r3, [r4, r1]
10004b16:	315f      	adds	r1, #95	; 0x5f
10004b18:	8461      	strh	r1, [r4, #34]	; 0x22
10004b1a:	4641      	mov	r1, r8
10004b1c:	87a1      	strh	r1, [r4, #60]	; 0x3c
10004b1e:	3902      	subs	r1, #2
10004b20:	5463      	strb	r3, [r4, r1]
10004b22:	4a2a      	ldr	r2, [pc, #168]	; (10004bcc <dcd_init+0xf4>)
10004b24:	492a      	ldr	r1, [pc, #168]	; (10004bd0 <dcd_init+0xf8>)
10004b26:	6063      	str	r3, [r4, #4]
10004b28:	60e2      	str	r2, [r4, #12]
10004b2a:	62a1      	str	r1, [r4, #40]	; 0x28
10004b2c:	600b      	str	r3, [r1, #0]
10004b2e:	62e2      	str	r2, [r4, #44]	; 0x2c
10004b30:	4a28      	ldr	r2, [pc, #160]	; (10004bd4 <dcd_init+0xfc>)
10004b32:	6263      	str	r3, [r4, #36]	; 0x24
10004b34:	6093      	str	r3, [r2, #8]
10004b36:	60d3      	str	r3, [r2, #12]
10004b38:	4a27      	ldr	r2, [pc, #156]	; (10004bd8 <dcd_init+0x100>)
10004b3a:	0020      	movs	r0, r4
10004b3c:	6093      	str	r3, [r2, #8]
10004b3e:	60d3      	str	r3, [r2, #12]
10004b40:	4a26      	ldr	r2, [pc, #152]	; (10004bdc <dcd_init+0x104>)
10004b42:	2100      	movs	r1, #0
10004b44:	6093      	str	r3, [r2, #8]
10004b46:	60d3      	str	r3, [r2, #12]
10004b48:	4a25      	ldr	r2, [pc, #148]	; (10004be0 <dcd_init+0x108>)
10004b4a:	3040      	adds	r0, #64	; 0x40
10004b4c:	6093      	str	r3, [r2, #8]
10004b4e:	60d3      	str	r3, [r2, #12]
10004b50:	4a24      	ldr	r2, [pc, #144]	; (10004be4 <dcd_init+0x10c>)
10004b52:	6093      	str	r3, [r2, #8]
10004b54:	60d3      	str	r3, [r2, #12]
10004b56:	4a24      	ldr	r2, [pc, #144]	; (10004be8 <dcd_init+0x110>)
10004b58:	6093      	str	r3, [r2, #8]
10004b5a:	60d3      	str	r3, [r2, #12]
10004b5c:	4a23      	ldr	r2, [pc, #140]	; (10004bec <dcd_init+0x114>)
10004b5e:	6093      	str	r3, [r2, #8]
10004b60:	60d3      	str	r3, [r2, #12]
10004b62:	4a23      	ldr	r2, [pc, #140]	; (10004bf0 <dcd_init+0x118>)
10004b64:	6093      	str	r3, [r2, #8]
10004b66:	60d3      	str	r3, [r2, #12]
10004b68:	4a22      	ldr	r2, [pc, #136]	; (10004bf4 <dcd_init+0x11c>)
10004b6a:	6093      	str	r3, [r2, #8]
10004b6c:	60d3      	str	r3, [r2, #12]
10004b6e:	4a22      	ldr	r2, [pc, #136]	; (10004bf8 <dcd_init+0x120>)
10004b70:	6093      	str	r3, [r2, #8]
10004b72:	60d3      	str	r3, [r2, #12]
10004b74:	4a21      	ldr	r2, [pc, #132]	; (10004bfc <dcd_init+0x124>)
10004b76:	6093      	str	r3, [r2, #8]
10004b78:	60d3      	str	r3, [r2, #12]
10004b7a:	4a21      	ldr	r2, [pc, #132]	; (10004c00 <dcd_init+0x128>)
10004b7c:	6093      	str	r3, [r2, #8]
10004b7e:	60d3      	str	r3, [r2, #12]
10004b80:	4a20      	ldr	r2, [pc, #128]	; (10004c04 <dcd_init+0x12c>)
10004b82:	6093      	str	r3, [r2, #8]
10004b84:	60d3      	str	r3, [r2, #12]
10004b86:	4a20      	ldr	r2, [pc, #128]	; (10004c08 <dcd_init+0x130>)
10004b88:	6093      	str	r3, [r2, #8]
10004b8a:	60d3      	str	r3, [r2, #12]
10004b8c:	4a1f      	ldr	r2, [pc, #124]	; (10004c0c <dcd_init+0x134>)
10004b8e:	6093      	str	r3, [r2, #8]
10004b90:	60d3      	str	r3, [r2, #12]
10004b92:	22f0      	movs	r2, #240	; 0xf0
10004b94:	0092      	lsls	r2, r2, #2
10004b96:	f7ff fa83 	bl	100040a0 <__wrap_memset>
10004b9a:	4b1d      	ldr	r3, [pc, #116]	; (10004c10 <dcd_init+0x138>)
10004b9c:	4a1d      	ldr	r2, [pc, #116]	; (10004c14 <dcd_init+0x13c>)
10004b9e:	0030      	movs	r0, r6
10004ba0:	601a      	str	r2, [r3, #0]
10004ba2:	2380      	movs	r3, #128	; 0x80
10004ba4:	059b      	lsls	r3, r3, #22
10004ba6:	642f      	str	r7, [r5, #64]	; 0x40
10004ba8:	64eb      	str	r3, [r5, #76]	; 0x4c
10004baa:	2390      	movs	r3, #144	; 0x90
10004bac:	4a1a      	ldr	r2, [pc, #104]	; (10004c18 <dcd_init+0x140>)
10004bae:	50ea      	str	r2, [r5, r3]
10004bb0:	f7ff ff8a 	bl	10004ac8 <dcd_connect>
10004bb4:	bc80      	pop	{r7}
10004bb6:	46b8      	mov	r8, r7
10004bb8:	bdf0      	pop	{r4, r5, r6, r7, pc}
10004bba:	46c0      	nop			; (mov r8, r8)
10004bbc:	50110000 	.word	0x50110000
10004bc0:	1000488d 	.word	0x1000488d
10004bc4:	200020f4 	.word	0x200020f4
10004bc8:	50100084 	.word	0x50100084
10004bcc:	50100100 	.word	0x50100100
10004bd0:	50100080 	.word	0x50100080
10004bd4:	50100000 	.word	0x50100000
10004bd8:	50100008 	.word	0x50100008
10004bdc:	50100010 	.word	0x50100010
10004be0:	50100018 	.word	0x50100018
10004be4:	50100020 	.word	0x50100020
10004be8:	50100028 	.word	0x50100028
10004bec:	50100030 	.word	0x50100030
10004bf0:	50100038 	.word	0x50100038
10004bf4:	50100040 	.word	0x50100040
10004bf8:	50100048 	.word	0x50100048
10004bfc:	50100050 	.word	0x50100050
10004c00:	50100058 	.word	0x50100058
10004c04:	50100060 	.word	0x50100060
10004c08:	50100068 	.word	0x50100068
10004c0c:	50100070 	.word	0x50100070
10004c10:	200024fc 	.word	0x200024fc
10004c14:	50100180 	.word	0x50100180
10004c18:	0001d010 	.word	0x0001d010

10004c1c <dcd_edpt0_status_complete>:
10004c1c:	780b      	ldrb	r3, [r1, #0]
10004c1e:	065b      	lsls	r3, r3, #25
10004c20:	d102      	bne.n	10004c28 <dcd_edpt0_status_complete+0xc>
10004c22:	784b      	ldrb	r3, [r1, #1]
10004c24:	2b05      	cmp	r3, #5
10004c26:	d000      	beq.n	10004c2a <dcd_edpt0_status_complete+0xe>
10004c28:	4770      	bx	lr
10004c2a:	788a      	ldrb	r2, [r1, #2]
10004c2c:	4b01      	ldr	r3, [pc, #4]	; (10004c34 <dcd_edpt0_status_complete+0x18>)
10004c2e:	601a      	str	r2, [r3, #0]
10004c30:	e7fa      	b.n	10004c28 <dcd_edpt0_status_complete+0xc>
10004c32:	46c0      	nop			; (mov r8, r8)
10004c34:	50110000 	.word	0x50110000

10004c38 <dcd_edpt_open>:
10004c38:	b5f0      	push	{r4, r5, r6, r7, lr}
10004c3a:	46ce      	mov	lr, r9
10004c3c:	4647      	mov	r7, r8
10004c3e:	2307      	movs	r3, #7
10004c40:	b580      	push	{r7, lr}
10004c42:	7948      	ldrb	r0, [r1, #5]
10004c44:	788e      	ldrb	r6, [r1, #2]
10004c46:	790a      	ldrb	r2, [r1, #4]
10004c48:	4003      	ands	r3, r0
10004c4a:	78c8      	ldrb	r0, [r1, #3]
10004c4c:	217f      	movs	r1, #127	; 0x7f
10004c4e:	0780      	lsls	r0, r0, #30
10004c50:	4031      	ands	r1, r6
10004c52:	021b      	lsls	r3, r3, #8
10004c54:	09f4      	lsrs	r4, r6, #7
10004c56:	4313      	orrs	r3, r2
10004c58:	004f      	lsls	r7, r1, #1
10004c5a:	0f82      	lsrs	r2, r0, #30
10004c5c:	4694      	mov	ip, r2
10004c5e:	4691      	mov	r9, r2
10004c60:	4d2a      	ldr	r5, [pc, #168]	; (10004d0c <dcd_edpt_open+0xd4>)
10004c62:	193a      	adds	r2, r7, r4
10004c64:	0152      	lsls	r2, r2, #5
10004c66:	18aa      	adds	r2, r5, r2
10004c68:	7096      	strb	r6, [r2, #2]
10004c6a:	2601      	movs	r6, #1
10004c6c:	4066      	eors	r6, r4
10004c6e:	7056      	strb	r6, [r2, #1]
10004c70:	4660      	mov	r0, ip
10004c72:	2600      	movs	r6, #0
10004c74:	8393      	strh	r3, [r2, #28]
10004c76:	70d6      	strb	r6, [r2, #3]
10004c78:	7790      	strb	r0, [r2, #30]
10004c7a:	00ca      	lsls	r2, r1, #3
10004c7c:	2c01      	cmp	r4, #1
10004c7e:	d029      	beq.n	10004cd4 <dcd_edpt_open+0x9c>
10004c80:	4823      	ldr	r0, [pc, #140]	; (10004d10 <dcd_edpt_open+0xd8>)
10004c82:	4684      	mov	ip, r0
10004c84:	0188      	lsls	r0, r1, #6
10004c86:	4462      	add	r2, ip
10004c88:	4684      	mov	ip, r0
10004c8a:	44ac      	add	ip, r5
10004c8c:	4660      	mov	r0, ip
10004c8e:	6082      	str	r2, [r0, #8]
10004c90:	6016      	str	r6, [r2, #0]
10004c92:	2900      	cmp	r1, #0
10004c94:	d029      	beq.n	10004cea <dcd_edpt_open+0xb2>
10004c96:	4a1f      	ldr	r2, [pc, #124]	; (10004d14 <dcd_edpt_open+0xdc>)
10004c98:	00c9      	lsls	r1, r1, #3
10004c9a:	4690      	mov	r8, r2
10004c9c:	4441      	add	r1, r8
10004c9e:	6041      	str	r1, [r0, #4]
10004ca0:	223f      	movs	r2, #63	; 0x3f
10004ca2:	333f      	adds	r3, #63	; 0x3f
10004ca4:	4393      	bics	r3, r2
10004ca6:	464a      	mov	r2, r9
10004ca8:	2a02      	cmp	r2, #2
10004caa:	d100      	bne.n	10004cae <dcd_edpt_open+0x76>
10004cac:	005b      	lsls	r3, r3, #1
10004cae:	491a      	ldr	r1, [pc, #104]	; (10004d18 <dcd_edpt_open+0xe0>)
10004cb0:	193f      	adds	r7, r7, r4
10004cb2:	680a      	ldr	r2, [r1, #0]
10004cb4:	017f      	lsls	r7, r7, #5
10004cb6:	18d3      	adds	r3, r2, r3
10004cb8:	600b      	str	r3, [r1, #0]
10004cba:	4b18      	ldr	r3, [pc, #96]	; (10004d1c <dcd_edpt_open+0xe4>)
10004cbc:	19ed      	adds	r5, r5, r7
10004cbe:	4053      	eors	r3, r2
10004cc0:	60ea      	str	r2, [r5, #12]
10004cc2:	464a      	mov	r2, r9
10004cc4:	0690      	lsls	r0, r2, #26
10004cc6:	4318      	orrs	r0, r3
10004cc8:	2380      	movs	r3, #128	; 0x80
10004cca:	061b      	lsls	r3, r3, #24
10004ccc:	4318      	orrs	r0, r3
10004cce:	686b      	ldr	r3, [r5, #4]
10004cd0:	6018      	str	r0, [r3, #0]
10004cd2:	e010      	b.n	10004cf6 <dcd_edpt_open+0xbe>
10004cd4:	4812      	ldr	r0, [pc, #72]	; (10004d20 <dcd_edpt_open+0xe8>)
10004cd6:	4684      	mov	ip, r0
10004cd8:	0188      	lsls	r0, r1, #6
10004cda:	4462      	add	r2, ip
10004cdc:	4684      	mov	ip, r0
10004cde:	44ac      	add	ip, r5
10004ce0:	4660      	mov	r0, ip
10004ce2:	6282      	str	r2, [r0, #40]	; 0x28
10004ce4:	6016      	str	r6, [r2, #0]
10004ce6:	2900      	cmp	r1, #0
10004ce8:	d10a      	bne.n	10004d00 <dcd_edpt_open+0xc8>
10004cea:	2300      	movs	r3, #0
10004cec:	0164      	lsls	r4, r4, #5
10004cee:	192d      	adds	r5, r5, r4
10004cf0:	606b      	str	r3, [r5, #4]
10004cf2:	4b0c      	ldr	r3, [pc, #48]	; (10004d24 <dcd_edpt_open+0xec>)
10004cf4:	60eb      	str	r3, [r5, #12]
10004cf6:	2001      	movs	r0, #1
10004cf8:	bcc0      	pop	{r6, r7}
10004cfa:	46b9      	mov	r9, r7
10004cfc:	46b0      	mov	r8, r6
10004cfe:	bdf0      	pop	{r4, r5, r6, r7, pc}
10004d00:	4a06      	ldr	r2, [pc, #24]	; (10004d1c <dcd_edpt_open+0xe4>)
10004d02:	00c9      	lsls	r1, r1, #3
10004d04:	4690      	mov	r8, r2
10004d06:	4441      	add	r1, r8
10004d08:	6241      	str	r1, [r0, #36]	; 0x24
10004d0a:	e7c9      	b.n	10004ca0 <dcd_edpt_open+0x68>
10004d0c:	200020f4 	.word	0x200020f4
10004d10:	50100084 	.word	0x50100084
10004d14:	50100004 	.word	0x50100004
10004d18:	200024fc 	.word	0x200024fc
10004d1c:	50100000 	.word	0x50100000
10004d20:	50100080 	.word	0x50100080
10004d24:	50100100 	.word	0x50100100

10004d28 <dcd_edpt_close_all>:
10004d28:	2300      	movs	r3, #0
10004d2a:	4a1c      	ldr	r2, [pc, #112]	; (10004d9c <dcd_edpt_close_all+0x74>)
10004d2c:	b510      	push	{r4, lr}
10004d2e:	6093      	str	r3, [r2, #8]
10004d30:	60d3      	str	r3, [r2, #12]
10004d32:	4a1b      	ldr	r2, [pc, #108]	; (10004da0 <dcd_edpt_close_all+0x78>)
10004d34:	2100      	movs	r1, #0
10004d36:	6093      	str	r3, [r2, #8]
10004d38:	60d3      	str	r3, [r2, #12]
10004d3a:	4a1a      	ldr	r2, [pc, #104]	; (10004da4 <dcd_edpt_close_all+0x7c>)
10004d3c:	481a      	ldr	r0, [pc, #104]	; (10004da8 <dcd_edpt_close_all+0x80>)
10004d3e:	6093      	str	r3, [r2, #8]
10004d40:	60d3      	str	r3, [r2, #12]
10004d42:	4a1a      	ldr	r2, [pc, #104]	; (10004dac <dcd_edpt_close_all+0x84>)
10004d44:	6093      	str	r3, [r2, #8]
10004d46:	60d3      	str	r3, [r2, #12]
10004d48:	4a19      	ldr	r2, [pc, #100]	; (10004db0 <dcd_edpt_close_all+0x88>)
10004d4a:	6093      	str	r3, [r2, #8]
10004d4c:	60d3      	str	r3, [r2, #12]
10004d4e:	4a19      	ldr	r2, [pc, #100]	; (10004db4 <dcd_edpt_close_all+0x8c>)
10004d50:	6093      	str	r3, [r2, #8]
10004d52:	60d3      	str	r3, [r2, #12]
10004d54:	4a18      	ldr	r2, [pc, #96]	; (10004db8 <dcd_edpt_close_all+0x90>)
10004d56:	6093      	str	r3, [r2, #8]
10004d58:	60d3      	str	r3, [r2, #12]
10004d5a:	4a18      	ldr	r2, [pc, #96]	; (10004dbc <dcd_edpt_close_all+0x94>)
10004d5c:	6093      	str	r3, [r2, #8]
10004d5e:	60d3      	str	r3, [r2, #12]
10004d60:	4a17      	ldr	r2, [pc, #92]	; (10004dc0 <dcd_edpt_close_all+0x98>)
10004d62:	6093      	str	r3, [r2, #8]
10004d64:	60d3      	str	r3, [r2, #12]
10004d66:	4a17      	ldr	r2, [pc, #92]	; (10004dc4 <dcd_edpt_close_all+0x9c>)
10004d68:	6093      	str	r3, [r2, #8]
10004d6a:	60d3      	str	r3, [r2, #12]
10004d6c:	4a16      	ldr	r2, [pc, #88]	; (10004dc8 <dcd_edpt_close_all+0xa0>)
10004d6e:	6093      	str	r3, [r2, #8]
10004d70:	60d3      	str	r3, [r2, #12]
10004d72:	4a16      	ldr	r2, [pc, #88]	; (10004dcc <dcd_edpt_close_all+0xa4>)
10004d74:	6093      	str	r3, [r2, #8]
10004d76:	60d3      	str	r3, [r2, #12]
10004d78:	4a15      	ldr	r2, [pc, #84]	; (10004dd0 <dcd_edpt_close_all+0xa8>)
10004d7a:	6093      	str	r3, [r2, #8]
10004d7c:	60d3      	str	r3, [r2, #12]
10004d7e:	4a15      	ldr	r2, [pc, #84]	; (10004dd4 <dcd_edpt_close_all+0xac>)
10004d80:	6093      	str	r3, [r2, #8]
10004d82:	60d3      	str	r3, [r2, #12]
10004d84:	4a14      	ldr	r2, [pc, #80]	; (10004dd8 <dcd_edpt_close_all+0xb0>)
10004d86:	6093      	str	r3, [r2, #8]
10004d88:	60d3      	str	r3, [r2, #12]
10004d8a:	22f0      	movs	r2, #240	; 0xf0
10004d8c:	0092      	lsls	r2, r2, #2
10004d8e:	f7ff f987 	bl	100040a0 <__wrap_memset>
10004d92:	4b12      	ldr	r3, [pc, #72]	; (10004ddc <dcd_edpt_close_all+0xb4>)
10004d94:	4a12      	ldr	r2, [pc, #72]	; (10004de0 <dcd_edpt_close_all+0xb8>)
10004d96:	601a      	str	r2, [r3, #0]
10004d98:	bd10      	pop	{r4, pc}
10004d9a:	46c0      	nop			; (mov r8, r8)
10004d9c:	50100000 	.word	0x50100000
10004da0:	50100008 	.word	0x50100008
10004da4:	50100010 	.word	0x50100010
10004da8:	20002134 	.word	0x20002134
10004dac:	50100018 	.word	0x50100018
10004db0:	50100020 	.word	0x50100020
10004db4:	50100028 	.word	0x50100028
10004db8:	50100030 	.word	0x50100030
10004dbc:	50100038 	.word	0x50100038
10004dc0:	50100040 	.word	0x50100040
10004dc4:	50100048 	.word	0x50100048
10004dc8:	50100050 	.word	0x50100050
10004dcc:	50100058 	.word	0x50100058
10004dd0:	50100060 	.word	0x50100060
10004dd4:	50100068 	.word	0x50100068
10004dd8:	50100070 	.word	0x50100070
10004ddc:	200024fc 	.word	0x200024fc
10004de0:	50100180 	.word	0x50100180

10004de4 <dcd_edpt_xfer>:
10004de4:	b510      	push	{r4, lr}
10004de6:	207f      	movs	r0, #127	; 0x7f
10004de8:	000c      	movs	r4, r1
10004dea:	4020      	ands	r0, r4
10004dec:	0040      	lsls	r0, r0, #1
10004dee:	09e4      	lsrs	r4, r4, #7
10004df0:	0011      	movs	r1, r2
10004df2:	1900      	adds	r0, r0, r4
10004df4:	001a      	movs	r2, r3
10004df6:	4b03      	ldr	r3, [pc, #12]	; (10004e04 <dcd_edpt_xfer+0x20>)
10004df8:	0140      	lsls	r0, r0, #5
10004dfa:	18c0      	adds	r0, r0, r3
10004dfc:	f000 f894 	bl	10004f28 <hw_endpoint_xfer_start>
10004e00:	2001      	movs	r0, #1
10004e02:	bd10      	pop	{r4, pc}
10004e04:	200020f4 	.word	0x200020f4

10004e08 <dcd_edpt_stall>:
10004e08:	227f      	movs	r2, #127	; 0x7f
10004e0a:	0013      	movs	r3, r2
10004e0c:	b510      	push	{r4, lr}
10004e0e:	400b      	ands	r3, r1
10004e10:	420a      	tst	r2, r1
10004e12:	d00b      	beq.n	10004e2c <dcd_edpt_stall+0x24>
10004e14:	09c9      	lsrs	r1, r1, #7
10004e16:	2280      	movs	r2, #128	; 0x80
10004e18:	0058      	lsls	r0, r3, #1
10004e1a:	1840      	adds	r0, r0, r1
10004e1c:	4906      	ldr	r1, [pc, #24]	; (10004e38 <dcd_edpt_stall+0x30>)
10004e1e:	0140      	lsls	r0, r0, #5
10004e20:	1840      	adds	r0, r0, r1
10004e22:	0112      	lsls	r2, r2, #4
10004e24:	2100      	movs	r1, #0
10004e26:	f000 f85d 	bl	10004ee4 <_hw_endpoint_buffer_control_update32>
10004e2a:	bd10      	pop	{r4, pc}
10004e2c:	2202      	movs	r2, #2
10004e2e:	4803      	ldr	r0, [pc, #12]	; (10004e3c <dcd_edpt_stall+0x34>)
10004e30:	09c9      	lsrs	r1, r1, #7
10004e32:	1a52      	subs	r2, r2, r1
10004e34:	6682      	str	r2, [r0, #104]	; 0x68
10004e36:	e7ee      	b.n	10004e16 <dcd_edpt_stall+0xe>
10004e38:	200020f4 	.word	0x200020f4
10004e3c:	50112000 	.word	0x50112000

10004e40 <dcd_edpt_clear_stall>:
10004e40:	227f      	movs	r2, #127	; 0x7f
10004e42:	0010      	movs	r0, r2
10004e44:	b510      	push	{r4, lr}
10004e46:	4008      	ands	r0, r1
10004e48:	420a      	tst	r2, r1
10004e4a:	d100      	bne.n	10004e4e <dcd_edpt_clear_stall+0xe>
10004e4c:	bd10      	pop	{r4, pc}
10004e4e:	2300      	movs	r3, #0
10004e50:	09c9      	lsrs	r1, r1, #7
10004e52:	0040      	lsls	r0, r0, #1
10004e54:	1840      	adds	r0, r0, r1
10004e56:	4904      	ldr	r1, [pc, #16]	; (10004e68 <dcd_edpt_clear_stall+0x28>)
10004e58:	0140      	lsls	r0, r0, #5
10004e5a:	1808      	adds	r0, r1, r0
10004e5c:	2200      	movs	r2, #0
10004e5e:	4903      	ldr	r1, [pc, #12]	; (10004e6c <dcd_edpt_clear_stall+0x2c>)
10004e60:	70c3      	strb	r3, [r0, #3]
10004e62:	f000 f83f 	bl	10004ee4 <_hw_endpoint_buffer_control_update32>
10004e66:	e7f1      	b.n	10004e4c <dcd_edpt_clear_stall+0xc>
10004e68:	200020f4 	.word	0x200020f4
10004e6c:	fffff7ff 	.word	0xfffff7ff

10004e70 <_hw_endpoint_buffer_control_update32.part.0.isra.0>:
10004e70:	217f      	movs	r1, #127	; 0x7f
10004e72:	09c3      	lsrs	r3, r0, #7
10004e74:	4a03      	ldr	r2, [pc, #12]	; (10004e84 <_hw_endpoint_buffer_control_update32.part.0.isra.0+0x14>)
10004e76:	009b      	lsls	r3, r3, #2
10004e78:	4001      	ands	r1, r0
10004e7a:	b510      	push	{r4, lr}
10004e7c:	589a      	ldr	r2, [r3, r2]
10004e7e:	4802      	ldr	r0, [pc, #8]	; (10004e88 <_hw_endpoint_buffer_control_update32.part.0.isra.0+0x18>)
10004e80:	f7fc ffb2 	bl	10001de8 <panic>
10004e84:	20001414 	.word	0x20001414
10004e88:	10008104 	.word	0x10008104

10004e8c <rp2040_usb_init>:
10004e8c:	2280      	movs	r2, #128	; 0x80
10004e8e:	4b0d      	ldr	r3, [pc, #52]	; (10004ec4 <rp2040_usb_init+0x38>)
10004e90:	0452      	lsls	r2, r2, #17
10004e92:	b510      	push	{r4, lr}
10004e94:	601a      	str	r2, [r3, #0]
10004e96:	4b0c      	ldr	r3, [pc, #48]	; (10004ec8 <rp2040_usb_init+0x3c>)
10004e98:	490c      	ldr	r1, [pc, #48]	; (10004ecc <rp2040_usb_init+0x40>)
10004e9a:	601a      	str	r2, [r3, #0]
10004e9c:	0010      	movs	r0, r2
10004e9e:	688b      	ldr	r3, [r1, #8]
10004ea0:	4398      	bics	r0, r3
10004ea2:	d1fb      	bne.n	10004e9c <rp2040_usb_init+0x10>
10004ea4:	4c0a      	ldr	r4, [pc, #40]	; (10004ed0 <rp2040_usb_init+0x44>)
10004ea6:	229c      	movs	r2, #156	; 0x9c
10004ea8:	2100      	movs	r1, #0
10004eaa:	0020      	movs	r0, r4
10004eac:	f7ff f8f8 	bl	100040a0 <__wrap_memset>
10004eb0:	2280      	movs	r2, #128	; 0x80
10004eb2:	2100      	movs	r1, #0
10004eb4:	0152      	lsls	r2, r2, #5
10004eb6:	4807      	ldr	r0, [pc, #28]	; (10004ed4 <rp2040_usb_init+0x48>)
10004eb8:	f7ff f8f2 	bl	100040a0 <__wrap_memset>
10004ebc:	2309      	movs	r3, #9
10004ebe:	6763      	str	r3, [r4, #116]	; 0x74
10004ec0:	bd10      	pop	{r4, pc}
10004ec2:	46c0      	nop			; (mov r8, r8)
10004ec4:	4000e000 	.word	0x4000e000
10004ec8:	4000f000 	.word	0x4000f000
10004ecc:	4000c000 	.word	0x4000c000
10004ed0:	50110000 	.word	0x50110000
10004ed4:	50100000 	.word	0x50100000

10004ed8 <hw_endpoint_reset_transfer>:
10004ed8:	2300      	movs	r3, #0
10004eda:	7403      	strb	r3, [r0, #16]
10004edc:	8243      	strh	r3, [r0, #18]
10004ede:	8283      	strh	r3, [r0, #20]
10004ee0:	6183      	str	r3, [r0, #24]
10004ee2:	4770      	bx	lr

10004ee4 <_hw_endpoint_buffer_control_update32>:
10004ee4:	b510      	push	{r4, lr}
10004ee6:	6883      	ldr	r3, [r0, #8]
10004ee8:	2900      	cmp	r1, #0
10004eea:	d001      	beq.n	10004ef0 <_hw_endpoint_buffer_control_update32+0xc>
10004eec:	681c      	ldr	r4, [r3, #0]
10004eee:	4021      	ands	r1, r4
10004ef0:	2a00      	cmp	r2, #0
10004ef2:	d011      	beq.n	10004f18 <_hw_endpoint_buffer_control_update32+0x34>
10004ef4:	2480      	movs	r4, #128	; 0x80
10004ef6:	00e4      	lsls	r4, r4, #3
10004ef8:	4311      	orrs	r1, r2
10004efa:	4222      	tst	r2, r4
10004efc:	d00c      	beq.n	10004f18 <_hw_endpoint_buffer_control_update32+0x34>
10004efe:	681a      	ldr	r2, [r3, #0]
10004f00:	4222      	tst	r2, r4
10004f02:	d10b      	bne.n	10004f1c <_hw_endpoint_buffer_control_update32+0x38>
10004f04:	4a07      	ldr	r2, [pc, #28]	; (10004f24 <_hw_endpoint_buffer_control_update32+0x40>)
10004f06:	400a      	ands	r2, r1
10004f08:	601a      	str	r2, [r3, #0]
10004f0a:	e7ff      	b.n	10004f0c <_hw_endpoint_buffer_control_update32+0x28>
10004f0c:	e7ff      	b.n	10004f0e <_hw_endpoint_buffer_control_update32+0x2a>
10004f0e:	e7ff      	b.n	10004f10 <_hw_endpoint_buffer_control_update32+0x2c>
10004f10:	e7ff      	b.n	10004f12 <_hw_endpoint_buffer_control_update32+0x2e>
10004f12:	e7ff      	b.n	10004f14 <_hw_endpoint_buffer_control_update32+0x30>
10004f14:	e7ff      	b.n	10004f16 <_hw_endpoint_buffer_control_update32+0x32>
10004f16:	6883      	ldr	r3, [r0, #8]
10004f18:	6019      	str	r1, [r3, #0]
10004f1a:	bd10      	pop	{r4, pc}
10004f1c:	7880      	ldrb	r0, [r0, #2]
10004f1e:	f7ff ffa7 	bl	10004e70 <_hw_endpoint_buffer_control_update32.part.0.isra.0>
10004f22:	46c0      	nop			; (mov r8, r8)
10004f24:	fffffbff 	.word	0xfffffbff

10004f28 <hw_endpoint_xfer_start>:
10004f28:	b5f0      	push	{r4, r5, r6, r7, lr}
10004f2a:	46c6      	mov	lr, r8
10004f2c:	2300      	movs	r3, #0
10004f2e:	b500      	push	{lr}
10004f30:	8283      	strh	r3, [r0, #20]
10004f32:	3301      	adds	r3, #1
10004f34:	7403      	strb	r3, [r0, #16]
10004f36:	6843      	ldr	r3, [r0, #4]
10004f38:	0004      	movs	r4, r0
10004f3a:	681e      	ldr	r6, [r3, #0]
10004f3c:	8b83      	ldrh	r3, [r0, #28]
10004f3e:	6181      	str	r1, [r0, #24]
10004f40:	1c1f      	adds	r7, r3, #0
10004f42:	4293      	cmp	r3, r2
10004f44:	d900      	bls.n	10004f48 <hw_endpoint_xfer_start+0x20>
10004f46:	1c17      	adds	r7, r2, #0
10004f48:	2580      	movs	r5, #128	; 0x80
10004f4a:	b2bf      	uxth	r7, r7
10004f4c:	1bd2      	subs	r2, r2, r7
10004f4e:	b293      	uxth	r3, r2
10004f50:	78e2      	ldrb	r2, [r4, #3]
10004f52:	00ed      	lsls	r5, r5, #3
10004f54:	8263      	strh	r3, [r4, #18]
10004f56:	433d      	orrs	r5, r7
10004f58:	2a00      	cmp	r2, #0
10004f5a:	d002      	beq.n	10004f62 <hw_endpoint_xfer_start+0x3a>
10004f5c:	2590      	movs	r5, #144	; 0x90
10004f5e:	01ad      	lsls	r5, r5, #6
10004f60:	433d      	orrs	r5, r7
10004f62:	2001      	movs	r0, #1
10004f64:	4042      	eors	r2, r0
10004f66:	70e2      	strb	r2, [r4, #3]
10004f68:	7862      	ldrb	r2, [r4, #1]
10004f6a:	2a00      	cmp	r2, #0
10004f6c:	d051      	beq.n	10005012 <hw_endpoint_xfer_start+0xea>
10004f6e:	2b00      	cmp	r3, #0
10004f70:	d11d      	bne.n	10004fae <hw_endpoint_xfer_start+0x86>
10004f72:	23a0      	movs	r3, #160	; 0xa0
10004f74:	01db      	lsls	r3, r3, #7
10004f76:	431d      	orrs	r5, r3
10004f78:	4b35      	ldr	r3, [pc, #212]	; (10005050 <hw_endpoint_xfer_start+0x128>)
10004f7a:	6c1b      	ldr	r3, [r3, #64]	; 0x40
10004f7c:	4b35      	ldr	r3, [pc, #212]	; (10005054 <hw_endpoint_xfer_start+0x12c>)
10004f7e:	4033      	ands	r3, r6
10004f80:	2680      	movs	r6, #128	; 0x80
10004f82:	05b6      	lsls	r6, r6, #22
10004f84:	431e      	orrs	r6, r3
10004f86:	6863      	ldr	r3, [r4, #4]
10004f88:	68a2      	ldr	r2, [r4, #8]
10004f8a:	601e      	str	r6, [r3, #0]
10004f8c:	6813      	ldr	r3, [r2, #0]
10004f8e:	055b      	lsls	r3, r3, #21
10004f90:	d45a      	bmi.n	10005048 <hw_endpoint_xfer_start+0x120>
10004f92:	4b31      	ldr	r3, [pc, #196]	; (10005058 <hw_endpoint_xfer_start+0x130>)
10004f94:	402b      	ands	r3, r5
10004f96:	6013      	str	r3, [r2, #0]
10004f98:	e7ff      	b.n	10004f9a <hw_endpoint_xfer_start+0x72>
10004f9a:	e7ff      	b.n	10004f9c <hw_endpoint_xfer_start+0x74>
10004f9c:	e7ff      	b.n	10004f9e <hw_endpoint_xfer_start+0x76>
10004f9e:	e7ff      	b.n	10004fa0 <hw_endpoint_xfer_start+0x78>
10004fa0:	e7ff      	b.n	10004fa2 <hw_endpoint_xfer_start+0x7a>
10004fa2:	e7ff      	b.n	10004fa4 <hw_endpoint_xfer_start+0x7c>
10004fa4:	68a3      	ldr	r3, [r4, #8]
10004fa6:	601d      	str	r5, [r3, #0]
10004fa8:	bc80      	pop	{r7}
10004faa:	46b8      	mov	r8, r7
10004fac:	bdf0      	pop	{r4, r5, r6, r7, pc}
10004fae:	2280      	movs	r2, #128	; 0x80
10004fb0:	0152      	lsls	r2, r2, #5
10004fb2:	4315      	orrs	r5, r2
10004fb4:	4a26      	ldr	r2, [pc, #152]	; (10005050 <hw_endpoint_xfer_start+0x128>)
10004fb6:	6c12      	ldr	r2, [r2, #64]	; 0x40
10004fb8:	0792      	lsls	r2, r2, #30
10004fba:	d403      	bmi.n	10004fc4 <hw_endpoint_xfer_start+0x9c>
10004fbc:	78a2      	ldrb	r2, [r4, #2]
10004fbe:	09d2      	lsrs	r2, r2, #7
10004fc0:	2a01      	cmp	r2, #1
10004fc2:	d1db      	bne.n	10004f7c <hw_endpoint_xfer_start+0x54>
10004fc4:	8ba2      	ldrh	r2, [r4, #28]
10004fc6:	1c11      	adds	r1, r2, #0
10004fc8:	429a      	cmp	r2, r3
10004fca:	d900      	bls.n	10004fce <hw_endpoint_xfer_start+0xa6>
10004fcc:	1c19      	adds	r1, r3, #0
10004fce:	2780      	movs	r7, #128	; 0x80
10004fd0:	b28a      	uxth	r2, r1
10004fd2:	00ff      	lsls	r7, r7, #3
10004fd4:	1a9b      	subs	r3, r3, r2
10004fd6:	4690      	mov	r8, r2
10004fd8:	4317      	orrs	r7, r2
10004fda:	78e2      	ldrb	r2, [r4, #3]
10004fdc:	b29b      	uxth	r3, r3
10004fde:	8263      	strh	r3, [r4, #18]
10004fe0:	2a00      	cmp	r2, #0
10004fe2:	d003      	beq.n	10004fec <hw_endpoint_xfer_start+0xc4>
10004fe4:	2790      	movs	r7, #144	; 0x90
10004fe6:	4641      	mov	r1, r8
10004fe8:	01bf      	lsls	r7, r7, #6
10004fea:	430f      	orrs	r7, r1
10004fec:	2101      	movs	r1, #1
10004fee:	404a      	eors	r2, r1
10004ff0:	70e2      	strb	r2, [r4, #3]
10004ff2:	7862      	ldrb	r2, [r4, #1]
10004ff4:	2a00      	cmp	r2, #0
10004ff6:	d019      	beq.n	1000502c <hw_endpoint_xfer_start+0x104>
10004ff8:	2b00      	cmp	r3, #0
10004ffa:	d102      	bne.n	10005002 <hw_endpoint_xfer_start+0xda>
10004ffc:	2380      	movs	r3, #128	; 0x80
10004ffe:	01db      	lsls	r3, r3, #7
10005000:	431f      	orrs	r7, r3
10005002:	4b16      	ldr	r3, [pc, #88]	; (1000505c <hw_endpoint_xfer_start+0x134>)
10005004:	043f      	lsls	r7, r7, #16
10005006:	4033      	ands	r3, r6
10005008:	26a0      	movs	r6, #160	; 0xa0
1000500a:	05f6      	lsls	r6, r6, #23
1000500c:	433d      	orrs	r5, r7
1000500e:	431e      	orrs	r6, r3
10005010:	e7b9      	b.n	10004f86 <hw_endpoint_xfer_start+0x5e>
10005012:	003a      	movs	r2, r7
10005014:	68e0      	ldr	r0, [r4, #12]
10005016:	f7ff f849 	bl	100040ac <__wrap___aeabi_memcpy>
1000501a:	69a3      	ldr	r3, [r4, #24]
1000501c:	469c      	mov	ip, r3
1000501e:	2380      	movs	r3, #128	; 0x80
10005020:	4467      	add	r7, ip
10005022:	021b      	lsls	r3, r3, #8
10005024:	431d      	orrs	r5, r3
10005026:	61a7      	str	r7, [r4, #24]
10005028:	8a63      	ldrh	r3, [r4, #18]
1000502a:	e7a0      	b.n	10004f6e <hw_endpoint_xfer_start+0x46>
1000502c:	68e0      	ldr	r0, [r4, #12]
1000502e:	4642      	mov	r2, r8
10005030:	69a1      	ldr	r1, [r4, #24]
10005032:	3040      	adds	r0, #64	; 0x40
10005034:	f7ff f83a 	bl	100040ac <__wrap___aeabi_memcpy>
10005038:	69a3      	ldr	r3, [r4, #24]
1000503a:	4443      	add	r3, r8
1000503c:	61a3      	str	r3, [r4, #24]
1000503e:	2380      	movs	r3, #128	; 0x80
10005040:	021b      	lsls	r3, r3, #8
10005042:	431f      	orrs	r7, r3
10005044:	8a63      	ldrh	r3, [r4, #18]
10005046:	e7d7      	b.n	10004ff8 <hw_endpoint_xfer_start+0xd0>
10005048:	78a0      	ldrb	r0, [r4, #2]
1000504a:	f7ff ff11 	bl	10004e70 <_hw_endpoint_buffer_control_update32.part.0.isra.0>
1000504e:	46c0      	nop			; (mov r8, r8)
10005050:	50110000 	.word	0x50110000
10005054:	afffffff 	.word	0xafffffff
10005058:	fffffbff 	.word	0xfffffbff
1000505c:	dfffffff 	.word	0xdfffffff

10005060 <hw_endpoint_xfer_continue>:
10005060:	b5f0      	push	{r4, r5, r6, r7, lr}
10005062:	46c6      	mov	lr, r8
10005064:	b500      	push	{lr}
10005066:	7c06      	ldrb	r6, [r0, #16]
10005068:	0004      	movs	r4, r0
1000506a:	2e00      	cmp	r6, #0
1000506c:	d100      	bne.n	10005070 <hw_endpoint_xfer_continue+0x10>
1000506e:	e0d3      	b.n	10005218 <hw_endpoint_xfer_continue+0x1b8>
10005070:	6883      	ldr	r3, [r0, #8]
10005072:	681a      	ldr	r2, [r3, #0]
10005074:	681d      	ldr	r5, [r3, #0]
10005076:	7843      	ldrb	r3, [r0, #1]
10005078:	05ad      	lsls	r5, r5, #22
1000507a:	0dad      	lsrs	r5, r5, #22
1000507c:	2b00      	cmp	r3, #0
1000507e:	d151      	bne.n	10005124 <hw_endpoint_xfer_continue+0xc4>
10005080:	8a83      	ldrh	r3, [r0, #20]
10005082:	18eb      	adds	r3, r5, r3
10005084:	b29b      	uxth	r3, r3
10005086:	8283      	strh	r3, [r0, #20]
10005088:	8ba1      	ldrh	r1, [r4, #28]
1000508a:	428d      	cmp	r5, r1
1000508c:	d207      	bcs.n	1000509e <hw_endpoint_xfer_continue+0x3e>
1000508e:	2300      	movs	r3, #0
10005090:	8263      	strh	r3, [r4, #18]
10005092:	6863      	ldr	r3, [r4, #4]
10005094:	681b      	ldr	r3, [r3, #0]
10005096:	0030      	movs	r0, r6
10005098:	bc80      	pop	{r7}
1000509a:	46b8      	mov	r8, r7
1000509c:	bdf0      	pop	{r4, r5, r6, r7, pc}
1000509e:	6862      	ldr	r2, [r4, #4]
100050a0:	6812      	ldr	r2, [r2, #0]
100050a2:	0052      	lsls	r2, r2, #1
100050a4:	d502      	bpl.n	100050ac <hw_endpoint_xfer_continue+0x4c>
100050a6:	428d      	cmp	r5, r1
100050a8:	d100      	bne.n	100050ac <hw_endpoint_xfer_continue+0x4c>
100050aa:	e075      	b.n	10005198 <hw_endpoint_xfer_continue+0x138>
100050ac:	8a63      	ldrh	r3, [r4, #18]
100050ae:	2b00      	cmp	r3, #0
100050b0:	d0f1      	beq.n	10005096 <hw_endpoint_xfer_continue+0x36>
100050b2:	6862      	ldr	r2, [r4, #4]
100050b4:	1c1f      	adds	r7, r3, #0
100050b6:	6816      	ldr	r6, [r2, #0]
100050b8:	428b      	cmp	r3, r1
100050ba:	d900      	bls.n	100050be <hw_endpoint_xfer_continue+0x5e>
100050bc:	1c0f      	adds	r7, r1, #0
100050be:	2580      	movs	r5, #128	; 0x80
100050c0:	b2bf      	uxth	r7, r7
100050c2:	1bdb      	subs	r3, r3, r7
100050c4:	78e2      	ldrb	r2, [r4, #3]
100050c6:	b29b      	uxth	r3, r3
100050c8:	00ed      	lsls	r5, r5, #3
100050ca:	8263      	strh	r3, [r4, #18]
100050cc:	433d      	orrs	r5, r7
100050ce:	2a00      	cmp	r2, #0
100050d0:	d002      	beq.n	100050d8 <hw_endpoint_xfer_continue+0x78>
100050d2:	2590      	movs	r5, #144	; 0x90
100050d4:	01ad      	lsls	r5, r5, #6
100050d6:	433d      	orrs	r5, r7
100050d8:	2101      	movs	r1, #1
100050da:	404a      	eors	r2, r1
100050dc:	70e2      	strb	r2, [r4, #3]
100050de:	7862      	ldrb	r2, [r4, #1]
100050e0:	2a00      	cmp	r2, #0
100050e2:	d068      	beq.n	100051b6 <hw_endpoint_xfer_continue+0x156>
100050e4:	2b00      	cmp	r3, #0
100050e6:	d12a      	bne.n	1000513e <hw_endpoint_xfer_continue+0xde>
100050e8:	23a0      	movs	r3, #160	; 0xa0
100050ea:	01db      	lsls	r3, r3, #7
100050ec:	431d      	orrs	r5, r3
100050ee:	4b4f      	ldr	r3, [pc, #316]	; (1000522c <hw_endpoint_xfer_continue+0x1cc>)
100050f0:	6c1b      	ldr	r3, [r3, #64]	; 0x40
100050f2:	4b4f      	ldr	r3, [pc, #316]	; (10005230 <hw_endpoint_xfer_continue+0x1d0>)
100050f4:	4033      	ands	r3, r6
100050f6:	2680      	movs	r6, #128	; 0x80
100050f8:	05b6      	lsls	r6, r6, #22
100050fa:	431e      	orrs	r6, r3
100050fc:	6863      	ldr	r3, [r4, #4]
100050fe:	68a2      	ldr	r2, [r4, #8]
10005100:	601e      	str	r6, [r3, #0]
10005102:	6813      	ldr	r3, [r2, #0]
10005104:	055b      	lsls	r3, r3, #21
10005106:	d500      	bpl.n	1000510a <hw_endpoint_xfer_continue+0xaa>
10005108:	e08d      	b.n	10005226 <hw_endpoint_xfer_continue+0x1c6>
1000510a:	4b4a      	ldr	r3, [pc, #296]	; (10005234 <hw_endpoint_xfer_continue+0x1d4>)
1000510c:	402b      	ands	r3, r5
1000510e:	6013      	str	r3, [r2, #0]
10005110:	e7ff      	b.n	10005112 <hw_endpoint_xfer_continue+0xb2>
10005112:	e7ff      	b.n	10005114 <hw_endpoint_xfer_continue+0xb4>
10005114:	e7ff      	b.n	10005116 <hw_endpoint_xfer_continue+0xb6>
10005116:	e7ff      	b.n	10005118 <hw_endpoint_xfer_continue+0xb8>
10005118:	e7ff      	b.n	1000511a <hw_endpoint_xfer_continue+0xba>
1000511a:	e7ff      	b.n	1000511c <hw_endpoint_xfer_continue+0xbc>
1000511c:	68a3      	ldr	r3, [r4, #8]
1000511e:	2600      	movs	r6, #0
10005120:	601d      	str	r5, [r3, #0]
10005122:	e7b8      	b.n	10005096 <hw_endpoint_xfer_continue+0x36>
10005124:	002a      	movs	r2, r5
10005126:	68c1      	ldr	r1, [r0, #12]
10005128:	6980      	ldr	r0, [r0, #24]
1000512a:	f7fe ffbf 	bl	100040ac <__wrap___aeabi_memcpy>
1000512e:	8aa3      	ldrh	r3, [r4, #20]
10005130:	69a2      	ldr	r2, [r4, #24]
10005132:	18eb      	adds	r3, r5, r3
10005134:	b29b      	uxth	r3, r3
10005136:	1952      	adds	r2, r2, r5
10005138:	82a3      	strh	r3, [r4, #20]
1000513a:	61a2      	str	r2, [r4, #24]
1000513c:	e7a4      	b.n	10005088 <hw_endpoint_xfer_continue+0x28>
1000513e:	2280      	movs	r2, #128	; 0x80
10005140:	0152      	lsls	r2, r2, #5
10005142:	4315      	orrs	r5, r2
10005144:	4a39      	ldr	r2, [pc, #228]	; (1000522c <hw_endpoint_xfer_continue+0x1cc>)
10005146:	6c12      	ldr	r2, [r2, #64]	; 0x40
10005148:	0792      	lsls	r2, r2, #30
1000514a:	d403      	bmi.n	10005154 <hw_endpoint_xfer_continue+0xf4>
1000514c:	78a2      	ldrb	r2, [r4, #2]
1000514e:	09d2      	lsrs	r2, r2, #7
10005150:	2a01      	cmp	r2, #1
10005152:	d1ce      	bne.n	100050f2 <hw_endpoint_xfer_continue+0x92>
10005154:	8ba2      	ldrh	r2, [r4, #28]
10005156:	1c11      	adds	r1, r2, #0
10005158:	429a      	cmp	r2, r3
1000515a:	d83f      	bhi.n	100051dc <hw_endpoint_xfer_continue+0x17c>
1000515c:	2780      	movs	r7, #128	; 0x80
1000515e:	b28a      	uxth	r2, r1
10005160:	00ff      	lsls	r7, r7, #3
10005162:	1a9b      	subs	r3, r3, r2
10005164:	4690      	mov	r8, r2
10005166:	4317      	orrs	r7, r2
10005168:	78e2      	ldrb	r2, [r4, #3]
1000516a:	b29b      	uxth	r3, r3
1000516c:	8263      	strh	r3, [r4, #18]
1000516e:	2a00      	cmp	r2, #0
10005170:	d12f      	bne.n	100051d2 <hw_endpoint_xfer_continue+0x172>
10005172:	2101      	movs	r1, #1
10005174:	404a      	eors	r2, r1
10005176:	70e2      	strb	r2, [r4, #3]
10005178:	7862      	ldrb	r2, [r4, #1]
1000517a:	2a00      	cmp	r2, #0
1000517c:	d03e      	beq.n	100051fc <hw_endpoint_xfer_continue+0x19c>
1000517e:	2b00      	cmp	r3, #0
10005180:	d102      	bne.n	10005188 <hw_endpoint_xfer_continue+0x128>
10005182:	2380      	movs	r3, #128	; 0x80
10005184:	01db      	lsls	r3, r3, #7
10005186:	431f      	orrs	r7, r3
10005188:	4b2b      	ldr	r3, [pc, #172]	; (10005238 <hw_endpoint_xfer_continue+0x1d8>)
1000518a:	043f      	lsls	r7, r7, #16
1000518c:	4033      	ands	r3, r6
1000518e:	26a0      	movs	r6, #160	; 0xa0
10005190:	05f6      	lsls	r6, r6, #23
10005192:	433d      	orrs	r5, r7
10005194:	431e      	orrs	r6, r3
10005196:	e7b1      	b.n	100050fc <hw_endpoint_xfer_continue+0x9c>
10005198:	68a2      	ldr	r2, [r4, #8]
1000519a:	6815      	ldr	r5, [r2, #0]
1000519c:	7862      	ldrb	r2, [r4, #1]
1000519e:	01ad      	lsls	r5, r5, #6
100051a0:	0dad      	lsrs	r5, r5, #22
100051a2:	2a00      	cmp	r2, #0
100051a4:	d11c      	bne.n	100051e0 <hw_endpoint_xfer_continue+0x180>
100051a6:	18eb      	adds	r3, r5, r3
100051a8:	82a3      	strh	r3, [r4, #20]
100051aa:	428d      	cmp	r5, r1
100051ac:	d300      	bcc.n	100051b0 <hw_endpoint_xfer_continue+0x150>
100051ae:	e77d      	b.n	100050ac <hw_endpoint_xfer_continue+0x4c>
100051b0:	2300      	movs	r3, #0
100051b2:	8263      	strh	r3, [r4, #18]
100051b4:	e76f      	b.n	10005096 <hw_endpoint_xfer_continue+0x36>
100051b6:	003a      	movs	r2, r7
100051b8:	69a1      	ldr	r1, [r4, #24]
100051ba:	68e0      	ldr	r0, [r4, #12]
100051bc:	f7fe ff76 	bl	100040ac <__wrap___aeabi_memcpy>
100051c0:	69a3      	ldr	r3, [r4, #24]
100051c2:	469c      	mov	ip, r3
100051c4:	2380      	movs	r3, #128	; 0x80
100051c6:	4467      	add	r7, ip
100051c8:	021b      	lsls	r3, r3, #8
100051ca:	431d      	orrs	r5, r3
100051cc:	61a7      	str	r7, [r4, #24]
100051ce:	8a63      	ldrh	r3, [r4, #18]
100051d0:	e788      	b.n	100050e4 <hw_endpoint_xfer_continue+0x84>
100051d2:	2790      	movs	r7, #144	; 0x90
100051d4:	4641      	mov	r1, r8
100051d6:	01bf      	lsls	r7, r7, #6
100051d8:	430f      	orrs	r7, r1
100051da:	e7ca      	b.n	10005172 <hw_endpoint_xfer_continue+0x112>
100051dc:	1c19      	adds	r1, r3, #0
100051de:	e7bd      	b.n	1000515c <hw_endpoint_xfer_continue+0xfc>
100051e0:	68e1      	ldr	r1, [r4, #12]
100051e2:	002a      	movs	r2, r5
100051e4:	3140      	adds	r1, #64	; 0x40
100051e6:	69a0      	ldr	r0, [r4, #24]
100051e8:	f7fe ff60 	bl	100040ac <__wrap___aeabi_memcpy>
100051ec:	8aa3      	ldrh	r3, [r4, #20]
100051ee:	8ba1      	ldrh	r1, [r4, #28]
100051f0:	18eb      	adds	r3, r5, r3
100051f2:	82a3      	strh	r3, [r4, #20]
100051f4:	69a3      	ldr	r3, [r4, #24]
100051f6:	195b      	adds	r3, r3, r5
100051f8:	61a3      	str	r3, [r4, #24]
100051fa:	e7d6      	b.n	100051aa <hw_endpoint_xfer_continue+0x14a>
100051fc:	68e0      	ldr	r0, [r4, #12]
100051fe:	4642      	mov	r2, r8
10005200:	69a1      	ldr	r1, [r4, #24]
10005202:	3040      	adds	r0, #64	; 0x40
10005204:	f7fe ff52 	bl	100040ac <__wrap___aeabi_memcpy>
10005208:	69a3      	ldr	r3, [r4, #24]
1000520a:	4443      	add	r3, r8
1000520c:	61a3      	str	r3, [r4, #24]
1000520e:	2380      	movs	r3, #128	; 0x80
10005210:	021b      	lsls	r3, r3, #8
10005212:	431f      	orrs	r7, r3
10005214:	8a63      	ldrh	r3, [r4, #18]
10005216:	e7b2      	b.n	1000517e <hw_endpoint_xfer_continue+0x11e>
10005218:	237f      	movs	r3, #127	; 0x7f
1000521a:	7881      	ldrb	r1, [r0, #2]
1000521c:	4a07      	ldr	r2, [pc, #28]	; (1000523c <hw_endpoint_xfer_continue+0x1dc>)
1000521e:	4808      	ldr	r0, [pc, #32]	; (10005240 <hw_endpoint_xfer_continue+0x1e0>)
10005220:	4019      	ands	r1, r3
10005222:	f7fc fde1 	bl	10001de8 <panic>
10005226:	78a0      	ldrb	r0, [r4, #2]
10005228:	f7ff fe22 	bl	10004e70 <_hw_endpoint_buffer_control_update32.part.0.isra.0>
1000522c:	50110000 	.word	0x50110000
10005230:	afffffff 	.word	0xafffffff
10005234:	fffffbff 	.word	0xfffffbff
10005238:	dfffffff 	.word	0xdfffffff
1000523c:	20001414 	.word	0x20001414
10005240:	10008124 	.word	0x10008124

10005244 <tud_mounted>:
10005244:	4b02      	ldr	r3, [pc, #8]	; (10005250 <tud_mounted+0xc>)
10005246:	7858      	ldrb	r0, [r3, #1]
10005248:	1e43      	subs	r3, r0, #1
1000524a:	4198      	sbcs	r0, r3
1000524c:	b2c0      	uxtb	r0, r0
1000524e:	4770      	bx	lr
10005250:	20001e20 	.word	0x20001e20

10005254 <tud_suspended>:
10005254:	4b02      	ldr	r3, [pc, #8]	; (10005260 <tud_suspended+0xc>)
10005256:	7818      	ldrb	r0, [r3, #0]
10005258:	0740      	lsls	r0, r0, #29
1000525a:	0fc0      	lsrs	r0, r0, #31
1000525c:	4770      	bx	lr
1000525e:	46c0      	nop			; (mov r8, r8)
10005260:	20001e20 	.word	0x20001e20

10005264 <tud_inited>:
10005264:	4b01      	ldr	r3, [pc, #4]	; (1000526c <tud_inited+0x8>)
10005266:	7818      	ldrb	r0, [r3, #0]
10005268:	4770      	bx	lr
1000526a:	46c0      	nop			; (mov r8, r8)
1000526c:	20002657 	.word	0x20002657

10005270 <tud_init>:
10005270:	b5f8      	push	{r3, r4, r5, r6, r7, lr}
10005272:	4647      	mov	r7, r8
10005274:	46ce      	mov	lr, r9
10005276:	b580      	push	{r7, lr}
10005278:	4f29      	ldr	r7, [pc, #164]	; (10005320 <tud_init+0xb0>)
1000527a:	0005      	movs	r5, r0
1000527c:	783b      	ldrb	r3, [r7, #0]
1000527e:	2b00      	cmp	r3, #0
10005280:	d004      	beq.n	1000528c <tud_init+0x1c>
10005282:	2001      	movs	r0, #1
10005284:	bcc0      	pop	{r6, r7}
10005286:	46b9      	mov	r9, r7
10005288:	46b0      	mov	r8, r6
1000528a:	bdf8      	pop	{r3, r4, r5, r6, r7, pc}
1000528c:	2253      	movs	r2, #83	; 0x53
1000528e:	2100      	movs	r1, #0
10005290:	4824      	ldr	r0, [pc, #144]	; (10005324 <tud_init+0xb4>)
10005292:	f7fe ff05 	bl	100040a0 <__wrap_memset>
10005296:	4c24      	ldr	r4, [pc, #144]	; (10005328 <tud_init+0xb8>)
10005298:	0020      	movs	r0, r4
1000529a:	f7fc fcfd 	bl	10001c98 <mutex_init>
1000529e:	4b23      	ldr	r3, [pc, #140]	; (1000532c <tud_init+0xbc>)
100052a0:	601c      	str	r4, [r3, #0]
100052a2:	4c23      	ldr	r4, [pc, #140]	; (10005330 <tud_init+0xc0>)
100052a4:	0020      	movs	r0, r4
100052a6:	301c      	adds	r0, #28
100052a8:	f7fc fd12 	bl	10001cd0 <critical_section_init>
100052ac:	0020      	movs	r0, r4
100052ae:	f001 fca1 	bl	10006bf4 <tu_fifo_clear>
100052b2:	4b20      	ldr	r3, [pc, #128]	; (10005334 <tud_init+0xc4>)
100052b4:	4e20      	ldr	r6, [pc, #128]	; (10005338 <tud_init+0xc8>)
100052b6:	601c      	str	r4, [r3, #0]
100052b8:	4b20      	ldr	r3, [pc, #128]	; (1000533c <tud_init+0xcc>)
100052ba:	4698      	mov	r8, r3
100052bc:	2b00      	cmp	r3, #0
100052be:	d004      	beq.n	100052ca <tud_init+0x5a>
100052c0:	0030      	movs	r0, r6
100052c2:	f7ff f95d 	bl	10004580 <usbd_app_driver_get_cb>
100052c6:	4b1e      	ldr	r3, [pc, #120]	; (10005340 <tud_init+0xd0>)
100052c8:	6018      	str	r0, [r3, #0]
100052ca:	4642      	mov	r2, r8
100052cc:	2400      	movs	r4, #0
100052ce:	7833      	ldrb	r3, [r6, #0]
100052d0:	2a00      	cmp	r2, #0
100052d2:	d01d      	beq.n	10005310 <tud_init+0xa0>
100052d4:	4a1b      	ldr	r2, [pc, #108]	; (10005344 <tud_init+0xd4>)
100052d6:	4690      	mov	r8, r2
100052d8:	4a19      	ldr	r2, [pc, #100]	; (10005340 <tud_init+0xd0>)
100052da:	4691      	mov	r9, r2
100052dc:	429c      	cmp	r4, r3
100052de:	d310      	bcc.n	10005302 <tud_init+0x92>
100052e0:	d11b      	bne.n	1000531a <tud_init+0xaa>
100052e2:	4643      	mov	r3, r8
100052e4:	4798      	blx	r3
100052e6:	3401      	adds	r4, #1
100052e8:	7833      	ldrb	r3, [r6, #0]
100052ea:	b2e4      	uxtb	r4, r4
100052ec:	42a3      	cmp	r3, r4
100052ee:	d2f5      	bcs.n	100052dc <tud_init+0x6c>
100052f0:	0028      	movs	r0, r5
100052f2:	f7ff fbf1 	bl	10004ad8 <dcd_init>
100052f6:	0028      	movs	r0, r5
100052f8:	f7ff fbd6 	bl	10004aa8 <dcd_int_enable>
100052fc:	2301      	movs	r3, #1
100052fe:	703b      	strb	r3, [r7, #0]
10005300:	e7bf      	b.n	10005282 <tud_init+0x12>
10005302:	464a      	mov	r2, r9
10005304:	0063      	lsls	r3, r4, #1
10005306:	6812      	ldr	r2, [r2, #0]
10005308:	191b      	adds	r3, r3, r4
1000530a:	00db      	lsls	r3, r3, #3
1000530c:	589b      	ldr	r3, [r3, r2]
1000530e:	e7e9      	b.n	100052e4 <tud_init+0x74>
10005310:	f001 f84a 	bl	100063a8 <cdcd_init>
10005314:	7833      	ldrb	r3, [r6, #0]
10005316:	2b00      	cmp	r3, #0
10005318:	d0ea      	beq.n	100052f0 <tud_init+0x80>
1000531a:	2300      	movs	r3, #0
1000531c:	681b      	ldr	r3, [r3, #0]
1000531e:	deff      	udf	#255	; 0xff
10005320:	20002657 	.word	0x20002657
10005324:	20001e20 	.word	0x20001e20
10005328:	20001dd8 	.word	0x20001dd8
1000532c:	20001e74 	.word	0x20001e74
10005330:	2000141c 	.word	0x2000141c
10005334:	20001e78 	.word	0x20001e78
10005338:	20002656 	.word	0x20002656
1000533c:	10004581 	.word	0x10004581
10005340:	20001ae8 	.word	0x20001ae8
10005344:	100063a9 	.word	0x100063a9

10005348 <tud_task>:
10005348:	b5f0      	push	{r4, r5, r6, r7, lr}
1000534a:	46de      	mov	lr, fp
1000534c:	4657      	mov	r7, sl
1000534e:	464e      	mov	r6, r9
10005350:	4645      	mov	r5, r8
10005352:	b5e0      	push	{r5, r6, r7, lr}
10005354:	b08b      	sub	sp, #44	; 0x2c
10005356:	f001 fa09 	bl	1000676c <tusb_inited>
1000535a:	2800      	cmp	r0, #0
1000535c:	d100      	bne.n	10005360 <tud_task+0x18>
1000535e:	e144      	b.n	100055ea <tud_task+0x2a2>
10005360:	4bc2      	ldr	r3, [pc, #776]	; (1000566c <tud_task+0x324>)
10005362:	4ec3      	ldr	r6, [pc, #780]	; (10005670 <tud_task+0x328>)
10005364:	469b      	mov	fp, r3
10005366:	ac07      	add	r4, sp, #28
10005368:	6835      	ldr	r5, [r6, #0]
1000536a:	69ea      	ldr	r2, [r5, #28]
1000536c:	f3ef 8110 	mrs	r1, PRIMASK
10005370:	b672      	cpsid	i
10005372:	6813      	ldr	r3, [r2, #0]
10005374:	2b00      	cmp	r3, #0
10005376:	d0fc      	beq.n	10005372 <tud_task+0x2a>
10005378:	f3bf 8f5f 	dmb	sy
1000537c:	6229      	str	r1, [r5, #32]
1000537e:	0028      	movs	r0, r5
10005380:	0021      	movs	r1, r4
10005382:	f001 faab 	bl	100068dc <tu_fifo_read>
10005386:	69ea      	ldr	r2, [r5, #28]
10005388:	6a2b      	ldr	r3, [r5, #32]
1000538a:	f3bf 8f5f 	dmb	sy
1000538e:	2100      	movs	r1, #0
10005390:	6011      	str	r1, [r2, #0]
10005392:	f383 8810 	msr	PRIMASK, r3
10005396:	2800      	cmp	r0, #0
10005398:	d100      	bne.n	1000539c <tud_task+0x54>
1000539a:	e126      	b.n	100055ea <tud_task+0x2a2>
1000539c:	7863      	ldrb	r3, [r4, #1]
1000539e:	2b08      	cmp	r3, #8
100053a0:	d8e2      	bhi.n	10005368 <tud_task+0x20>
100053a2:	465a      	mov	r2, fp
100053a4:	009b      	lsls	r3, r3, #2
100053a6:	58d3      	ldr	r3, [r2, r3]
100053a8:	469f      	mov	pc, r3
100053aa:	6863      	ldr	r3, [r4, #4]
100053ac:	2b00      	cmp	r3, #0
100053ae:	d0db      	beq.n	10005368 <tud_task+0x20>
100053b0:	68a0      	ldr	r0, [r4, #8]
100053b2:	4798      	blx	r3
100053b4:	e7d8      	b.n	10005368 <tud_task+0x20>
100053b6:	227f      	movs	r2, #127	; 0x7f
100053b8:	7921      	ldrb	r1, [r4, #4]
100053ba:	4bae      	ldr	r3, [pc, #696]	; (10005674 <tud_task+0x32c>)
100053bc:	400a      	ands	r2, r1
100053be:	0055      	lsls	r5, r2, #1
100053c0:	09c8      	lsrs	r0, r1, #7
100053c2:	195b      	adds	r3, r3, r5
100053c4:	181b      	adds	r3, r3, r0
100053c6:	0018      	movs	r0, r3
100053c8:	2701      	movs	r7, #1
100053ca:	3030      	adds	r0, #48	; 0x30
100053cc:	78c5      	ldrb	r5, [r0, #3]
100053ce:	43bd      	bics	r5, r7
100053d0:	70c5      	strb	r5, [r0, #3]
100053d2:	78c5      	ldrb	r5, [r0, #3]
100053d4:	3703      	adds	r7, #3
100053d6:	43bd      	bics	r5, r7
100053d8:	70c5      	strb	r5, [r0, #3]
100053da:	2a00      	cmp	r2, #0
100053dc:	d100      	bne.n	100053e0 <tud_task+0x98>
100053de:	e10b      	b.n	100055f8 <tud_task+0x2b0>
100053e0:	4aa5      	ldr	r2, [pc, #660]	; (10005678 <tud_task+0x330>)
100053e2:	7cdb      	ldrb	r3, [r3, #19]
100053e4:	2a00      	cmp	r2, #0
100053e6:	d006      	beq.n	100053f6 <tud_task+0xae>
100053e8:	4aa4      	ldr	r2, [pc, #656]	; (1000567c <tud_task+0x334>)
100053ea:	7812      	ldrb	r2, [r2, #0]
100053ec:	4293      	cmp	r3, r2
100053ee:	d200      	bcs.n	100053f2 <tud_task+0xaa>
100053f0:	e191      	b.n	10005716 <tud_task+0x3ce>
100053f2:	1a9b      	subs	r3, r3, r2
100053f4:	b2db      	uxtb	r3, r3
100053f6:	2b00      	cmp	r3, #0
100053f8:	d000      	beq.n	100053fc <tud_task+0xb4>
100053fa:	e0f6      	b.n	100055ea <tud_task+0x2a2>
100053fc:	4da0      	ldr	r5, [pc, #640]	; (10005680 <tud_task+0x338>)
100053fe:	7962      	ldrb	r2, [r4, #5]
10005400:	7820      	ldrb	r0, [r4, #0]
10005402:	68a3      	ldr	r3, [r4, #8]
10005404:	47a8      	blx	r5
10005406:	e7af      	b.n	10005368 <tud_task+0x20>
10005408:	2201      	movs	r2, #1
1000540a:	4f9a      	ldr	r7, [pc, #616]	; (10005674 <tud_task+0x32c>)
1000540c:	2101      	movs	r1, #1
1000540e:	783b      	ldrb	r3, [r7, #0]
10005410:	2004      	movs	r0, #4
10005412:	4313      	orrs	r3, r2
10005414:	703b      	strb	r3, [r7, #0]
10005416:	2333      	movs	r3, #51	; 0x33
10005418:	5cfa      	ldrb	r2, [r7, r3]
1000541a:	438a      	bics	r2, r1
1000541c:	54fa      	strb	r2, [r7, r3]
1000541e:	5cfa      	ldrb	r2, [r7, r3]
10005420:	4382      	bics	r2, r0
10005422:	54fa      	strb	r2, [r7, r3]
10005424:	3301      	adds	r3, #1
10005426:	5cfa      	ldrb	r2, [r7, r3]
10005428:	438a      	bics	r2, r1
1000542a:	54fa      	strb	r2, [r7, r3]
1000542c:	5cfa      	ldrb	r2, [r7, r3]
1000542e:	4382      	bics	r2, r0
10005430:	54fa      	strb	r2, [r7, r3]
10005432:	7823      	ldrb	r3, [r4, #0]
10005434:	2000      	movs	r0, #0
10005436:	469a      	mov	sl, r3
10005438:	f000 fe66 	bl	10006108 <usbd_control_set_complete_callback>
1000543c:	2260      	movs	r2, #96	; 0x60
1000543e:	7923      	ldrb	r3, [r4, #4]
10005440:	401a      	ands	r2, r3
10005442:	2a60      	cmp	r2, #96	; 0x60
10005444:	d00d      	beq.n	10005462 <tud_task+0x11a>
10005446:	2a40      	cmp	r2, #64	; 0x40
10005448:	d100      	bne.n	1000544c <tud_task+0x104>
1000544a:	e0f2      	b.n	10005632 <tud_task+0x2ea>
1000544c:	06db      	lsls	r3, r3, #27
1000544e:	0edb      	lsrs	r3, r3, #27
10005450:	2b01      	cmp	r3, #1
10005452:	d100      	bne.n	10005456 <tud_task+0x10e>
10005454:	e16a      	b.n	1000572c <tud_task+0x3e4>
10005456:	2b02      	cmp	r3, #2
10005458:	d100      	bne.n	1000545c <tud_task+0x114>
1000545a:	e121      	b.n	100056a0 <tud_task+0x358>
1000545c:	2b00      	cmp	r3, #0
1000545e:	d100      	bne.n	10005462 <tud_task+0x11a>
10005460:	e0f6      	b.n	10005650 <tud_task+0x308>
10005462:	7820      	ldrb	r0, [r4, #0]
10005464:	2100      	movs	r1, #0
10005466:	f7ff fccf 	bl	10004e08 <dcd_edpt_stall>
1000546a:	2180      	movs	r1, #128	; 0x80
1000546c:	7820      	ldrb	r0, [r4, #0]
1000546e:	f7ff fccb 	bl	10004e08 <dcd_edpt_stall>
10005472:	e779      	b.n	10005368 <tud_task+0x20>
10005474:	4b7f      	ldr	r3, [pc, #508]	; (10005674 <tud_task+0x32c>)
10005476:	781b      	ldrb	r3, [r3, #0]
10005478:	07db      	lsls	r3, r3, #31
1000547a:	d400      	bmi.n	1000547e <tud_task+0x136>
1000547c:	e774      	b.n	10005368 <tud_task+0x20>
1000547e:	4b81      	ldr	r3, [pc, #516]	; (10005684 <tud_task+0x33c>)
10005480:	2b00      	cmp	r3, #0
10005482:	d100      	bne.n	10005486 <tud_task+0x13e>
10005484:	e770      	b.n	10005368 <tud_task+0x20>
10005486:	e000      	b.n	1000548a <tud_task+0x142>
10005488:	bf00      	nop
1000548a:	e76d      	b.n	10005368 <tud_task+0x20>
1000548c:	4b79      	ldr	r3, [pc, #484]	; (10005674 <tud_task+0x32c>)
1000548e:	781a      	ldrb	r2, [r3, #0]
10005490:	07d2      	lsls	r2, r2, #31
10005492:	d400      	bmi.n	10005496 <tud_task+0x14e>
10005494:	e768      	b.n	10005368 <tud_task+0x20>
10005496:	4a7c      	ldr	r2, [pc, #496]	; (10005688 <tud_task+0x340>)
10005498:	2a00      	cmp	r2, #0
1000549a:	d100      	bne.n	1000549e <tud_task+0x156>
1000549c:	e764      	b.n	10005368 <tud_task+0x20>
1000549e:	7818      	ldrb	r0, [r3, #0]
100054a0:	0700      	lsls	r0, r0, #28
100054a2:	0fc0      	lsrs	r0, r0, #31
100054a4:	e000      	b.n	100054a8 <tud_task+0x160>
100054a6:	bf00      	nop
100054a8:	e75e      	b.n	10005368 <tud_task+0x20>
100054aa:	4d74      	ldr	r5, [pc, #464]	; (1000567c <tud_task+0x334>)
100054ac:	4a72      	ldr	r2, [pc, #456]	; (10005678 <tud_task+0x330>)
100054ae:	2700      	movs	r7, #0
100054b0:	782b      	ldrb	r3, [r5, #0]
100054b2:	2a00      	cmp	r2, #0
100054b4:	d100      	bne.n	100054b8 <tud_task+0x170>
100054b6:	e0b6      	b.n	10005626 <tud_task+0x2de>
100054b8:	4a74      	ldr	r2, [pc, #464]	; (1000568c <tud_task+0x344>)
100054ba:	4690      	mov	r8, r2
100054bc:	429f      	cmp	r7, r3
100054be:	d308      	bcc.n	100054d2 <tud_task+0x18a>
100054c0:	429f      	cmp	r7, r3
100054c2:	d000      	beq.n	100054c6 <tud_task+0x17e>
100054c4:	e0b2      	b.n	1000562c <tud_task+0x2e4>
100054c6:	3701      	adds	r7, #1
100054c8:	b2ff      	uxtb	r7, r7
100054ca:	429f      	cmp	r7, r3
100054cc:	d900      	bls.n	100054d0 <tud_task+0x188>
100054ce:	e74b      	b.n	10005368 <tud_task+0x20>
100054d0:	d2f6      	bcs.n	100054c0 <tud_task+0x178>
100054d2:	4641      	mov	r1, r8
100054d4:	6809      	ldr	r1, [r1, #0]
100054d6:	007a      	lsls	r2, r7, #1
100054d8:	468c      	mov	ip, r1
100054da:	19d2      	adds	r2, r2, r7
100054dc:	00d2      	lsls	r2, r2, #3
100054de:	4462      	add	r2, ip
100054e0:	6952      	ldr	r2, [r2, #20]
100054e2:	2a00      	cmp	r2, #0
100054e4:	d0ef      	beq.n	100054c6 <tud_task+0x17e>
100054e6:	7820      	ldrb	r0, [r4, #0]
100054e8:	4790      	blx	r2
100054ea:	3701      	adds	r7, #1
100054ec:	782b      	ldrb	r3, [r5, #0]
100054ee:	b2ff      	uxtb	r7, r7
100054f0:	429f      	cmp	r7, r3
100054f2:	d9e3      	bls.n	100054bc <tud_task+0x174>
100054f4:	e738      	b.n	10005368 <tud_task+0x20>
100054f6:	7823      	ldrb	r3, [r4, #0]
100054f8:	4d60      	ldr	r5, [pc, #384]	; (1000567c <tud_task+0x334>)
100054fa:	4a5f      	ldr	r2, [pc, #380]	; (10005678 <tud_task+0x330>)
100054fc:	4698      	mov	r8, r3
100054fe:	2700      	movs	r7, #0
10005500:	782b      	ldrb	r3, [r5, #0]
10005502:	2a00      	cmp	r2, #0
10005504:	d100      	bne.n	10005508 <tud_task+0x1c0>
10005506:	e086      	b.n	10005616 <tud_task+0x2ce>
10005508:	4a61      	ldr	r2, [pc, #388]	; (10005690 <tud_task+0x348>)
1000550a:	4691      	mov	r9, r2
1000550c:	4a5f      	ldr	r2, [pc, #380]	; (1000568c <tud_task+0x344>)
1000550e:	4692      	mov	sl, r2
10005510:	002a      	movs	r2, r5
10005512:	4645      	mov	r5, r8
10005514:	4690      	mov	r8, r2
10005516:	42bb      	cmp	r3, r7
10005518:	d85e      	bhi.n	100055d8 <tud_task+0x290>
1000551a:	d000      	beq.n	1000551e <tud_task+0x1d6>
1000551c:	e078      	b.n	10005610 <tud_task+0x2c8>
1000551e:	464b      	mov	r3, r9
10005520:	0028      	movs	r0, r5
10005522:	4798      	blx	r3
10005524:	4643      	mov	r3, r8
10005526:	3701      	adds	r7, #1
10005528:	781b      	ldrb	r3, [r3, #0]
1000552a:	b2ff      	uxtb	r7, r7
1000552c:	42bb      	cmp	r3, r7
1000552e:	d2f2      	bcs.n	10005516 <tud_task+0x1ce>
10005530:	4d50      	ldr	r5, [pc, #320]	; (10005674 <tud_task+0x32c>)
10005532:	2253      	movs	r2, #83	; 0x53
10005534:	2100      	movs	r1, #0
10005536:	0028      	movs	r0, r5
10005538:	f7fe fdb2 	bl	100040a0 <__wrap_memset>
1000553c:	2210      	movs	r2, #16
1000553e:	21ff      	movs	r1, #255	; 0xff
10005540:	1ce8      	adds	r0, r5, #3
10005542:	f7fe fdad 	bl	100040a0 <__wrap_memset>
10005546:	0028      	movs	r0, r5
10005548:	2220      	movs	r2, #32
1000554a:	21ff      	movs	r1, #255	; 0xff
1000554c:	3013      	adds	r0, #19
1000554e:	f7fe fda7 	bl	100040a0 <__wrap_memset>
10005552:	f000 fdcf 	bl	100060f4 <usbd_control_reset>
10005556:	4b4f      	ldr	r3, [pc, #316]	; (10005694 <tud_task+0x34c>)
10005558:	2b00      	cmp	r3, #0
1000555a:	d100      	bne.n	1000555e <tud_task+0x216>
1000555c:	e704      	b.n	10005368 <tud_task+0x20>
1000555e:	e000      	b.n	10005562 <tud_task+0x21a>
10005560:	bf00      	nop
10005562:	e701      	b.n	10005368 <tud_task+0x20>
10005564:	7823      	ldrb	r3, [r4, #0]
10005566:	4d45      	ldr	r5, [pc, #276]	; (1000567c <tud_task+0x334>)
10005568:	4a43      	ldr	r2, [pc, #268]	; (10005678 <tud_task+0x330>)
1000556a:	4698      	mov	r8, r3
1000556c:	2700      	movs	r7, #0
1000556e:	782b      	ldrb	r3, [r5, #0]
10005570:	2a00      	cmp	r2, #0
10005572:	d047      	beq.n	10005604 <tud_task+0x2bc>
10005574:	4a46      	ldr	r2, [pc, #280]	; (10005690 <tud_task+0x348>)
10005576:	4691      	mov	r9, r2
10005578:	4a44      	ldr	r2, [pc, #272]	; (1000568c <tud_task+0x344>)
1000557a:	4692      	mov	sl, r2
1000557c:	002a      	movs	r2, r5
1000557e:	4645      	mov	r5, r8
10005580:	4690      	mov	r8, r2
10005582:	429f      	cmp	r7, r3
10005584:	d31f      	bcc.n	100055c6 <tud_task+0x27e>
10005586:	d143      	bne.n	10005610 <tud_task+0x2c8>
10005588:	464b      	mov	r3, r9
1000558a:	0028      	movs	r0, r5
1000558c:	4798      	blx	r3
1000558e:	4643      	mov	r3, r8
10005590:	3701      	adds	r7, #1
10005592:	781b      	ldrb	r3, [r3, #0]
10005594:	b2ff      	uxtb	r7, r7
10005596:	42bb      	cmp	r3, r7
10005598:	d2f3      	bcs.n	10005582 <tud_task+0x23a>
1000559a:	4d36      	ldr	r5, [pc, #216]	; (10005674 <tud_task+0x32c>)
1000559c:	2253      	movs	r2, #83	; 0x53
1000559e:	2100      	movs	r1, #0
100055a0:	0028      	movs	r0, r5
100055a2:	f7fe fd7d 	bl	100040a0 <__wrap_memset>
100055a6:	2210      	movs	r2, #16
100055a8:	21ff      	movs	r1, #255	; 0xff
100055aa:	1ce8      	adds	r0, r5, #3
100055ac:	f7fe fd78 	bl	100040a0 <__wrap_memset>
100055b0:	0028      	movs	r0, r5
100055b2:	2220      	movs	r2, #32
100055b4:	21ff      	movs	r1, #255	; 0xff
100055b6:	3013      	adds	r0, #19
100055b8:	f7fe fd72 	bl	100040a0 <__wrap_memset>
100055bc:	f000 fd9a 	bl	100060f4 <usbd_control_reset>
100055c0:	7923      	ldrb	r3, [r4, #4]
100055c2:	70ab      	strb	r3, [r5, #2]
100055c4:	e6d0      	b.n	10005368 <tud_task+0x20>
100055c6:	4652      	mov	r2, sl
100055c8:	6812      	ldr	r2, [r2, #0]
100055ca:	007b      	lsls	r3, r7, #1
100055cc:	4694      	mov	ip, r2
100055ce:	19db      	adds	r3, r3, r7
100055d0:	00db      	lsls	r3, r3, #3
100055d2:	4463      	add	r3, ip
100055d4:	685b      	ldr	r3, [r3, #4]
100055d6:	e7d8      	b.n	1000558a <tud_task+0x242>
100055d8:	4652      	mov	r2, sl
100055da:	6812      	ldr	r2, [r2, #0]
100055dc:	007b      	lsls	r3, r7, #1
100055de:	4694      	mov	ip, r2
100055e0:	19db      	adds	r3, r3, r7
100055e2:	00db      	lsls	r3, r3, #3
100055e4:	4463      	add	r3, ip
100055e6:	685b      	ldr	r3, [r3, #4]
100055e8:	e79a      	b.n	10005520 <tud_task+0x1d8>
100055ea:	b00b      	add	sp, #44	; 0x2c
100055ec:	bcf0      	pop	{r4, r5, r6, r7}
100055ee:	46bb      	mov	fp, r7
100055f0:	46b2      	mov	sl, r6
100055f2:	46a9      	mov	r9, r5
100055f4:	46a0      	mov	r8, r4
100055f6:	bdf0      	pop	{r4, r5, r6, r7, pc}
100055f8:	7962      	ldrb	r2, [r4, #5]
100055fa:	7820      	ldrb	r0, [r4, #0]
100055fc:	68a3      	ldr	r3, [r4, #8]
100055fe:	f000 fd97 	bl	10006130 <usbd_control_xfer_cb>
10005602:	e6b1      	b.n	10005368 <tud_task+0x20>
10005604:	4640      	mov	r0, r8
10005606:	f000 ff0d 	bl	10006424 <cdcd_reset>
1000560a:	782b      	ldrb	r3, [r5, #0]
1000560c:	2b00      	cmp	r3, #0
1000560e:	d0c4      	beq.n	1000559a <tud_task+0x252>
10005610:	2300      	movs	r3, #0
10005612:	685b      	ldr	r3, [r3, #4]
10005614:	deff      	udf	#255	; 0xff
10005616:	4640      	mov	r0, r8
10005618:	f000 ff04 	bl	10006424 <cdcd_reset>
1000561c:	782b      	ldrb	r3, [r5, #0]
1000561e:	2b00      	cmp	r3, #0
10005620:	d100      	bne.n	10005624 <tud_task+0x2dc>
10005622:	e785      	b.n	10005530 <tud_task+0x1e8>
10005624:	e7f4      	b.n	10005610 <tud_task+0x2c8>
10005626:	2b00      	cmp	r3, #0
10005628:	d100      	bne.n	1000562c <tud_task+0x2e4>
1000562a:	e69d      	b.n	10005368 <tud_task+0x20>
1000562c:	2300      	movs	r3, #0
1000562e:	695b      	ldr	r3, [r3, #20]
10005630:	deff      	udf	#255	; 0xff
10005632:	4819      	ldr	r0, [pc, #100]	; (10005698 <tud_task+0x350>)
10005634:	2800      	cmp	r0, #0
10005636:	d100      	bne.n	1000563a <tud_task+0x2f2>
10005638:	e713      	b.n	10005462 <tud_task+0x11a>
1000563a:	f000 fd65 	bl	10006108 <usbd_control_set_complete_callback>
1000563e:	2100      	movs	r1, #0
10005640:	4650      	mov	r0, sl
10005642:	aa08      	add	r2, sp, #32
10005644:	e000      	b.n	10005648 <tud_task+0x300>
10005646:	bf00      	nop
10005648:	2800      	cmp	r0, #0
1000564a:	d000      	beq.n	1000564e <tud_task+0x306>
1000564c:	e68c      	b.n	10005368 <tud_task+0x20>
1000564e:	e708      	b.n	10005462 <tud_task+0x11a>
10005650:	2a20      	cmp	r2, #32
10005652:	d100      	bne.n	10005656 <tud_task+0x30e>
10005654:	e09f      	b.n	10005796 <tud_task+0x44e>
10005656:	2a00      	cmp	r2, #0
10005658:	d000      	beq.n	1000565c <tud_task+0x314>
1000565a:	e702      	b.n	10005462 <tud_task+0x11a>
1000565c:	7963      	ldrb	r3, [r4, #5]
1000565e:	2b09      	cmp	r3, #9
10005660:	d900      	bls.n	10005664 <tud_task+0x31c>
10005662:	e6fe      	b.n	10005462 <tud_task+0x11a>
10005664:	4a0d      	ldr	r2, [pc, #52]	; (1000569c <tud_task+0x354>)
10005666:	009b      	lsls	r3, r3, #2
10005668:	58d3      	ldr	r3, [r2, r3]
1000566a:	469f      	mov	pc, r3
1000566c:	10008158 	.word	0x10008158
10005670:	20001e78 	.word	0x20001e78
10005674:	20001e20 	.word	0x20001e20
10005678:	10004581 	.word	0x10004581
1000567c:	20002656 	.word	0x20002656
10005680:	10006619 	.word	0x10006619
	...
1000568c:	20001ae8 	.word	0x20001ae8
10005690:	10006425 	.word	0x10006425
	...
1000569c:	1000817c 	.word	0x1000817c
100056a0:	2370      	movs	r3, #112	; 0x70
100056a2:	7a21      	ldrb	r1, [r4, #8]
100056a4:	420b      	tst	r3, r1
100056a6:	d000      	beq.n	100056aa <tud_task+0x362>
100056a8:	e6db      	b.n	10005462 <tud_task+0x11a>
100056aa:	330f      	adds	r3, #15
100056ac:	400b      	ands	r3, r1
100056ae:	005b      	lsls	r3, r3, #1
100056b0:	18f8      	adds	r0, r7, r3
100056b2:	09cd      	lsrs	r5, r1, #7
100056b4:	9300      	str	r3, [sp, #0]
100056b6:	4bc1      	ldr	r3, [pc, #772]	; (100059bc <tud_task+0x674>)
100056b8:	1940      	adds	r0, r0, r5
100056ba:	7cc0      	ldrb	r0, [r0, #19]
100056bc:	2b00      	cmp	r3, #0
100056be:	d006      	beq.n	100056ce <tud_task+0x386>
100056c0:	4bbf      	ldr	r3, [pc, #764]	; (100059c0 <tud_task+0x678>)
100056c2:	781b      	ldrb	r3, [r3, #0]
100056c4:	4298      	cmp	r0, r3
100056c6:	d200      	bcs.n	100056ca <tud_task+0x382>
100056c8:	e088      	b.n	100057dc <tud_task+0x494>
100056ca:	1ac0      	subs	r0, r0, r3
100056cc:	b2c0      	uxtb	r0, r0
100056ce:	2800      	cmp	r0, #0
100056d0:	d17e      	bne.n	100057d0 <tud_task+0x488>
100056d2:	2a00      	cmp	r2, #0
100056d4:	d000      	beq.n	100056d8 <tud_task+0x390>
100056d6:	e115      	b.n	10005904 <tud_task+0x5bc>
100056d8:	4bba      	ldr	r3, [pc, #744]	; (100059c4 <tud_task+0x67c>)
100056da:	9301      	str	r3, [sp, #4]
100056dc:	7963      	ldrb	r3, [r4, #5]
100056de:	4698      	mov	r8, r3
100056e0:	2302      	movs	r3, #2
100056e2:	4642      	mov	r2, r8
100056e4:	4699      	mov	r9, r3
100056e6:	439a      	bics	r2, r3
100056e8:	2a01      	cmp	r2, #1
100056ea:	d100      	bne.n	100056ee <tud_task+0x3a6>
100056ec:	e10e      	b.n	1000590c <tud_task+0x5c4>
100056ee:	4643      	mov	r3, r8
100056f0:	2b00      	cmp	r3, #0
100056f2:	d000      	beq.n	100056f6 <tud_task+0x3ae>
100056f4:	e6b5      	b.n	10005462 <tud_task+0x11a>
100056f6:	9b00      	ldr	r3, [sp, #0]
100056f8:	aa06      	add	r2, sp, #24
100056fa:	18fb      	adds	r3, r7, r3
100056fc:	195d      	adds	r5, r3, r5
100056fe:	3530      	adds	r5, #48	; 0x30
10005700:	78eb      	ldrb	r3, [r5, #3]
10005702:	3202      	adds	r2, #2
10005704:	079b      	lsls	r3, r3, #30
10005706:	0fdb      	lsrs	r3, r3, #31
10005708:	8013      	strh	r3, [r2, #0]
1000570a:	4650      	mov	r0, sl
1000570c:	2302      	movs	r3, #2
1000570e:	a908      	add	r1, sp, #32
10005710:	f000 fc92 	bl	10006038 <tud_control_xfer>
10005714:	e628      	b.n	10005368 <tud_task+0x20>
10005716:	005a      	lsls	r2, r3, #1
10005718:	18d3      	adds	r3, r2, r3
1000571a:	4aab      	ldr	r2, [pc, #684]	; (100059c8 <tud_task+0x680>)
1000571c:	00db      	lsls	r3, r3, #3
1000571e:	6812      	ldr	r2, [r2, #0]
10005720:	18d3      	adds	r3, r2, r3
10005722:	2b00      	cmp	r3, #0
10005724:	d100      	bne.n	10005728 <tud_task+0x3e0>
10005726:	e760      	b.n	100055ea <tud_task+0x2a2>
10005728:	691d      	ldr	r5, [r3, #16]
1000572a:	e668      	b.n	100053fe <tud_task+0xb6>
1000572c:	7a23      	ldrb	r3, [r4, #8]
1000572e:	2b0f      	cmp	r3, #15
10005730:	d900      	bls.n	10005734 <tud_task+0x3ec>
10005732:	e696      	b.n	10005462 <tud_task+0x11a>
10005734:	4aa1      	ldr	r2, [pc, #644]	; (100059bc <tud_task+0x674>)
10005736:	18fb      	adds	r3, r7, r3
10005738:	78db      	ldrb	r3, [r3, #3]
1000573a:	2a00      	cmp	r2, #0
1000573c:	d005      	beq.n	1000574a <tud_task+0x402>
1000573e:	4aa0      	ldr	r2, [pc, #640]	; (100059c0 <tud_task+0x678>)
10005740:	7812      	ldrb	r2, [r2, #0]
10005742:	4293      	cmp	r3, r2
10005744:	d364      	bcc.n	10005810 <tud_task+0x4c8>
10005746:	1a9b      	subs	r3, r3, r2
10005748:	b2db      	uxtb	r3, r3
1000574a:	2b00      	cmp	r3, #0
1000574c:	d000      	beq.n	10005750 <tud_task+0x408>
1000574e:	e688      	b.n	10005462 <tud_task+0x11a>
10005750:	489e      	ldr	r0, [pc, #632]	; (100059cc <tud_task+0x684>)
10005752:	4d9c      	ldr	r5, [pc, #624]	; (100059c4 <tud_task+0x67c>)
10005754:	f000 fcd8 	bl	10006108 <usbd_control_set_complete_callback>
10005758:	2100      	movs	r1, #0
1000575a:	4650      	mov	r0, sl
1000575c:	68eb      	ldr	r3, [r5, #12]
1000575e:	aa08      	add	r2, sp, #32
10005760:	4798      	blx	r3
10005762:	2800      	cmp	r0, #0
10005764:	d000      	beq.n	10005768 <tud_task+0x420>
10005766:	e5ff      	b.n	10005368 <tud_task+0x20>
10005768:	2260      	movs	r2, #96	; 0x60
1000576a:	0015      	movs	r5, r2
1000576c:	7923      	ldrb	r3, [r4, #4]
1000576e:	401d      	ands	r5, r3
10005770:	421a      	tst	r2, r3
10005772:	d000      	beq.n	10005776 <tud_task+0x42e>
10005774:	e675      	b.n	10005462 <tud_task+0x11a>
10005776:	7963      	ldrb	r3, [r4, #5]
10005778:	3b0a      	subs	r3, #10
1000577a:	2b01      	cmp	r3, #1
1000577c:	d900      	bls.n	10005780 <tud_task+0x438>
1000577e:	e670      	b.n	10005462 <tud_task+0x11a>
10005780:	f000 fcc2 	bl	10006108 <usbd_control_set_complete_callback>
10005784:	7963      	ldrb	r3, [r4, #5]
10005786:	2b0a      	cmp	r3, #10
10005788:	d100      	bne.n	1000578c <tud_task+0x444>
1000578a:	e0ee      	b.n	1000596a <tud_task+0x622>
1000578c:	4650      	mov	r0, sl
1000578e:	a908      	add	r1, sp, #32
10005790:	f000 fc3a 	bl	10006008 <tud_control_status>
10005794:	e5e8      	b.n	10005368 <tud_task+0x20>
10005796:	7a23      	ldrb	r3, [r4, #8]
10005798:	2b0f      	cmp	r3, #15
1000579a:	d900      	bls.n	1000579e <tud_task+0x456>
1000579c:	e661      	b.n	10005462 <tud_task+0x11a>
1000579e:	4a87      	ldr	r2, [pc, #540]	; (100059bc <tud_task+0x674>)
100057a0:	18fb      	adds	r3, r7, r3
100057a2:	78db      	ldrb	r3, [r3, #3]
100057a4:	2a00      	cmp	r2, #0
100057a6:	d006      	beq.n	100057b6 <tud_task+0x46e>
100057a8:	4a85      	ldr	r2, [pc, #532]	; (100059c0 <tud_task+0x678>)
100057aa:	7812      	ldrb	r2, [r2, #0]
100057ac:	4293      	cmp	r3, r2
100057ae:	d200      	bcs.n	100057b2 <tud_task+0x46a>
100057b0:	e0d0      	b.n	10005954 <tud_task+0x60c>
100057b2:	1a9b      	subs	r3, r3, r2
100057b4:	b2db      	uxtb	r3, r3
100057b6:	2b00      	cmp	r3, #0
100057b8:	d000      	beq.n	100057bc <tud_task+0x474>
100057ba:	e652      	b.n	10005462 <tud_task+0x11a>
100057bc:	4883      	ldr	r0, [pc, #524]	; (100059cc <tud_task+0x684>)
100057be:	4d81      	ldr	r5, [pc, #516]	; (100059c4 <tud_task+0x67c>)
100057c0:	f000 fca2 	bl	10006108 <usbd_control_set_complete_callback>
100057c4:	2100      	movs	r1, #0
100057c6:	4650      	mov	r0, sl
100057c8:	68eb      	ldr	r3, [r5, #12]
100057ca:	aa08      	add	r2, sp, #32
100057cc:	4798      	blx	r3
100057ce:	e73b      	b.n	10005648 <tud_task+0x300>
100057d0:	2a00      	cmp	r2, #0
100057d2:	d000      	beq.n	100057d6 <tud_task+0x48e>
100057d4:	e645      	b.n	10005462 <tud_task+0x11a>
100057d6:	2300      	movs	r3, #0
100057d8:	9301      	str	r3, [sp, #4]
100057da:	e77f      	b.n	100056dc <tud_task+0x394>
100057dc:	0043      	lsls	r3, r0, #1
100057de:	469c      	mov	ip, r3
100057e0:	4b79      	ldr	r3, [pc, #484]	; (100059c8 <tud_task+0x680>)
100057e2:	4460      	add	r0, ip
100057e4:	681b      	ldr	r3, [r3, #0]
100057e6:	00c0      	lsls	r0, r0, #3
100057e8:	469c      	mov	ip, r3
100057ea:	0003      	movs	r3, r0
100057ec:	4463      	add	r3, ip
100057ee:	9301      	str	r3, [sp, #4]
100057f0:	2a00      	cmp	r2, #0
100057f2:	d100      	bne.n	100057f6 <tud_task+0x4ae>
100057f4:	e772      	b.n	100056dc <tud_task+0x394>
100057f6:	2b00      	cmp	r3, #0
100057f8:	d100      	bne.n	100057fc <tud_task+0x4b4>
100057fa:	e632      	b.n	10005462 <tud_task+0x11a>
100057fc:	68d8      	ldr	r0, [r3, #12]
100057fe:	f000 fc83 	bl	10006108 <usbd_control_set_complete_callback>
10005802:	9b01      	ldr	r3, [sp, #4]
10005804:	2100      	movs	r1, #0
10005806:	4650      	mov	r0, sl
10005808:	68db      	ldr	r3, [r3, #12]
1000580a:	aa08      	add	r2, sp, #32
1000580c:	4798      	blx	r3
1000580e:	e71b      	b.n	10005648 <tud_task+0x300>
10005810:	4a6d      	ldr	r2, [pc, #436]	; (100059c8 <tud_task+0x680>)
10005812:	005d      	lsls	r5, r3, #1
10005814:	18eb      	adds	r3, r5, r3
10005816:	6815      	ldr	r5, [r2, #0]
10005818:	00db      	lsls	r3, r3, #3
1000581a:	18ed      	adds	r5, r5, r3
1000581c:	2d00      	cmp	r5, #0
1000581e:	d100      	bne.n	10005822 <tud_task+0x4da>
10005820:	e61f      	b.n	10005462 <tud_task+0x11a>
10005822:	68e8      	ldr	r0, [r5, #12]
10005824:	e796      	b.n	10005754 <tud_task+0x40c>
10005826:	88e3      	ldrh	r3, [r4, #6]
10005828:	2b01      	cmp	r3, #1
1000582a:	d000      	beq.n	1000582e <tud_task+0x4e6>
1000582c:	e619      	b.n	10005462 <tud_task+0x11a>
1000582e:	2208      	movs	r2, #8
10005830:	783b      	ldrb	r3, [r7, #0]
10005832:	4650      	mov	r0, sl
10005834:	4393      	bics	r3, r2
10005836:	a908      	add	r1, sp, #32
10005838:	703b      	strb	r3, [r7, #0]
1000583a:	f000 fbe5 	bl	10006008 <tud_control_status>
1000583e:	e593      	b.n	10005368 <tud_task+0x20>
10005840:	2002      	movs	r0, #2
10005842:	7839      	ldrb	r1, [r7, #0]
10005844:	ab06      	add	r3, sp, #24
10005846:	1c9a      	adds	r2, r3, #2
10005848:	068b      	lsls	r3, r1, #26
1000584a:	0889      	lsrs	r1, r1, #2
1000584c:	0fdb      	lsrs	r3, r3, #31
1000584e:	4001      	ands	r1, r0
10005850:	430b      	orrs	r3, r1
10005852:	e759      	b.n	10005708 <tud_task+0x3c0>
10005854:	79a3      	ldrb	r3, [r4, #6]
10005856:	9301      	str	r3, [sp, #4]
10005858:	001a      	movs	r2, r3
1000585a:	787b      	ldrb	r3, [r7, #1]
1000585c:	429a      	cmp	r2, r3
1000585e:	d007      	beq.n	10005870 <tud_task+0x528>
10005860:	787b      	ldrb	r3, [r7, #1]
10005862:	2b00      	cmp	r3, #0
10005864:	d000      	beq.n	10005868 <tud_task+0x520>
10005866:	e11e      	b.n	10005aa6 <tud_task+0x75e>
10005868:	9b01      	ldr	r3, [sp, #4]
1000586a:	2b00      	cmp	r3, #0
1000586c:	d000      	beq.n	10005870 <tud_task+0x528>
1000586e:	e0b3      	b.n	100059d8 <tud_task+0x690>
10005870:	9b01      	ldr	r3, [sp, #4]
10005872:	4650      	mov	r0, sl
10005874:	a908      	add	r1, sp, #32
10005876:	707b      	strb	r3, [r7, #1]
10005878:	f000 fbc6 	bl	10006008 <tud_control_status>
1000587c:	e574      	b.n	10005368 <tud_task+0x20>
1000587e:	787b      	ldrb	r3, [r7, #1]
10005880:	aa06      	add	r2, sp, #24
10005882:	3202      	adds	r2, #2
10005884:	7013      	strb	r3, [r2, #0]
10005886:	4650      	mov	r0, sl
10005888:	2301      	movs	r3, #1
1000588a:	a908      	add	r1, sp, #32
1000588c:	f000 fbd4 	bl	10006038 <tud_control_xfer>
10005890:	e56a      	b.n	10005368 <tud_task+0x20>
10005892:	88e0      	ldrh	r0, [r4, #6]
10005894:	0a03      	lsrs	r3, r0, #8
10005896:	b2c0      	uxtb	r0, r0
10005898:	2b0f      	cmp	r3, #15
1000589a:	d900      	bls.n	1000589e <tud_task+0x556>
1000589c:	e5e1      	b.n	10005462 <tud_task+0x11a>
1000589e:	494c      	ldr	r1, [pc, #304]	; (100059d0 <tud_task+0x688>)
100058a0:	009a      	lsls	r2, r3, #2
100058a2:	588a      	ldr	r2, [r1, r2]
100058a4:	4697      	mov	pc, r2
100058a6:	a808      	add	r0, sp, #32
100058a8:	f000 fc34 	bl	10006114 <usbd_control_set_request>
100058ac:	4650      	mov	r0, sl
100058ae:	79a1      	ldrb	r1, [r4, #6]
100058b0:	f7ff f900 	bl	10004ab4 <dcd_set_address>
100058b4:	2202      	movs	r2, #2
100058b6:	783b      	ldrb	r3, [r7, #0]
100058b8:	4313      	orrs	r3, r2
100058ba:	703b      	strb	r3, [r7, #0]
100058bc:	e554      	b.n	10005368 <tud_task+0x20>
100058be:	88e3      	ldrh	r3, [r4, #6]
100058c0:	2b01      	cmp	r3, #1
100058c2:	d000      	beq.n	100058c6 <tud_task+0x57e>
100058c4:	e5cd      	b.n	10005462 <tud_task+0x11a>
100058c6:	2208      	movs	r2, #8
100058c8:	783b      	ldrb	r3, [r7, #0]
100058ca:	4650      	mov	r0, sl
100058cc:	4313      	orrs	r3, r2
100058ce:	a908      	add	r1, sp, #32
100058d0:	703b      	strb	r3, [r7, #0]
100058d2:	f000 fb99 	bl	10006008 <tud_control_status>
100058d6:	e547      	b.n	10005368 <tud_task+0x20>
100058d8:	2b02      	cmp	r3, #2
100058da:	d100      	bne.n	100058de <tud_task+0x596>
100058dc:	e194      	b.n	10005c08 <tud_task+0x8c0>
100058de:	4b3d      	ldr	r3, [pc, #244]	; (100059d4 <tud_task+0x68c>)
100058e0:	2b00      	cmp	r3, #0
100058e2:	d100      	bne.n	100058e6 <tud_task+0x59e>
100058e4:	e5bd      	b.n	10005462 <tud_task+0x11a>
100058e6:	e000      	b.n	100058ea <tud_task+0x5a2>
100058e8:	bf00      	nop
100058ea:	0002      	movs	r2, r0
100058ec:	2a00      	cmp	r2, #0
100058ee:	d100      	bne.n	100058f2 <tud_task+0x5aa>
100058f0:	e5b7      	b.n	10005462 <tud_task+0x11a>
100058f2:	78d3      	ldrb	r3, [r2, #3]
100058f4:	7891      	ldrb	r1, [r2, #2]
100058f6:	021b      	lsls	r3, r3, #8
100058f8:	430b      	orrs	r3, r1
100058fa:	4650      	mov	r0, sl
100058fc:	a908      	add	r1, sp, #32
100058fe:	f000 fb9b 	bl	10006038 <tud_control_xfer>
10005902:	e6a1      	b.n	10005648 <tud_task+0x300>
10005904:	4b2f      	ldr	r3, [pc, #188]	; (100059c4 <tud_task+0x67c>)
10005906:	4831      	ldr	r0, [pc, #196]	; (100059cc <tud_task+0x684>)
10005908:	9301      	str	r3, [sp, #4]
1000590a:	e778      	b.n	100057fe <tud_task+0x4b6>
1000590c:	88e2      	ldrh	r2, [r4, #6]
1000590e:	2a00      	cmp	r2, #0
10005910:	d109      	bne.n	10005926 <tud_task+0x5de>
10005912:	4643      	mov	r3, r8
10005914:	2b01      	cmp	r3, #1
10005916:	d03d      	beq.n	10005994 <tud_task+0x64c>
10005918:	9b00      	ldr	r3, [sp, #0]
1000591a:	18fb      	adds	r3, r7, r3
1000591c:	195d      	adds	r5, r3, r5
1000591e:	3530      	adds	r5, #48	; 0x30
10005920:	78eb      	ldrb	r3, [r5, #3]
10005922:	079b      	lsls	r3, r3, #30
10005924:	d52a      	bpl.n	1000597c <tud_task+0x634>
10005926:	9d01      	ldr	r5, [sp, #4]
10005928:	2d00      	cmp	r5, #0
1000592a:	d100      	bne.n	1000592e <tud_task+0x5e6>
1000592c:	e51c      	b.n	10005368 <tud_task+0x20>
1000592e:	68eb      	ldr	r3, [r5, #12]
10005930:	0018      	movs	r0, r3
10005932:	9300      	str	r3, [sp, #0]
10005934:	f000 fbe8 	bl	10006108 <usbd_control_set_complete_callback>
10005938:	68eb      	ldr	r3, [r5, #12]
1000593a:	2100      	movs	r1, #0
1000593c:	aa08      	add	r2, sp, #32
1000593e:	4650      	mov	r0, sl
10005940:	4798      	blx	r3
10005942:	2000      	movs	r0, #0
10005944:	f000 fbe0 	bl	10006108 <usbd_control_set_complete_callback>
10005948:	2334      	movs	r3, #52	; 0x34
1000594a:	5cfb      	ldrb	r3, [r7, r3]
1000594c:	07db      	lsls	r3, r3, #31
1000594e:	d500      	bpl.n	10005952 <tud_task+0x60a>
10005950:	e50a      	b.n	10005368 <tud_task+0x20>
10005952:	e71b      	b.n	1000578c <tud_task+0x444>
10005954:	4a1c      	ldr	r2, [pc, #112]	; (100059c8 <tud_task+0x680>)
10005956:	005d      	lsls	r5, r3, #1
10005958:	18eb      	adds	r3, r5, r3
1000595a:	6815      	ldr	r5, [r2, #0]
1000595c:	00db      	lsls	r3, r3, #3
1000595e:	18ed      	adds	r5, r5, r3
10005960:	2d00      	cmp	r5, #0
10005962:	d100      	bne.n	10005966 <tud_task+0x61e>
10005964:	e57d      	b.n	10005462 <tud_task+0x11a>
10005966:	68e8      	ldr	r0, [r5, #12]
10005968:	e72a      	b.n	100057c0 <tud_task+0x478>
1000596a:	ab06      	add	r3, sp, #24
1000596c:	1c9a      	adds	r2, r3, #2
1000596e:	4650      	mov	r0, sl
10005970:	2301      	movs	r3, #1
10005972:	a908      	add	r1, sp, #32
10005974:	7015      	strb	r5, [r2, #0]
10005976:	f000 fb5f 	bl	10006038 <tud_control_xfer>
1000597a:	e4f5      	b.n	10005368 <tud_task+0x20>
1000597c:	4650      	mov	r0, sl
1000597e:	f7ff fa43 	bl	10004e08 <dcd_edpt_stall>
10005982:	2202      	movs	r2, #2
10005984:	78eb      	ldrb	r3, [r5, #3]
10005986:	4313      	orrs	r3, r2
10005988:	2201      	movs	r2, #1
1000598a:	70eb      	strb	r3, [r5, #3]
1000598c:	78eb      	ldrb	r3, [r5, #3]
1000598e:	4313      	orrs	r3, r2
10005990:	70eb      	strb	r3, [r5, #3]
10005992:	e7c8      	b.n	10005926 <tud_task+0x5de>
10005994:	9b00      	ldr	r3, [sp, #0]
10005996:	18fb      	adds	r3, r7, r3
10005998:	195d      	adds	r5, r3, r5
1000599a:	3530      	adds	r5, #48	; 0x30
1000599c:	78eb      	ldrb	r3, [r5, #3]
1000599e:	079b      	lsls	r3, r3, #30
100059a0:	d5c1      	bpl.n	10005926 <tud_task+0x5de>
100059a2:	4650      	mov	r0, sl
100059a4:	f7ff fa4c 	bl	10004e40 <dcd_edpt_clear_stall>
100059a8:	464a      	mov	r2, r9
100059aa:	78eb      	ldrb	r3, [r5, #3]
100059ac:	4393      	bics	r3, r2
100059ae:	4642      	mov	r2, r8
100059b0:	70eb      	strb	r3, [r5, #3]
100059b2:	78eb      	ldrb	r3, [r5, #3]
100059b4:	4393      	bics	r3, r2
100059b6:	70eb      	strb	r3, [r5, #3]
100059b8:	e7b5      	b.n	10005926 <tud_task+0x5de>
100059ba:	46c0      	nop			; (mov r8, r8)
100059bc:	10004581 	.word	0x10004581
100059c0:	20002656 	.word	0x20002656
100059c4:	100081e4 	.word	0x100081e4
100059c8:	20001ae8 	.word	0x20001ae8
100059cc:	10006535 	.word	0x10006535
100059d0:	100081a4 	.word	0x100081a4
100059d4:	00000000 	.word	0x00000000
100059d8:	1e58      	subs	r0, r3, #1
100059da:	b2c0      	uxtb	r0, r0
100059dc:	f7fe ff18 	bl	10004810 <tud_descriptor_configuration_cb>
100059e0:	2800      	cmp	r0, #0
100059e2:	d100      	bne.n	100059e6 <tud_task+0x69e>
100059e4:	e53d      	b.n	10005462 <tud_task+0x11a>
100059e6:	7843      	ldrb	r3, [r0, #1]
100059e8:	9304      	str	r3, [sp, #16]
100059ea:	2b02      	cmp	r3, #2
100059ec:	d000      	beq.n	100059f0 <tud_task+0x6a8>
100059ee:	e538      	b.n	10005462 <tud_task+0x11a>
100059f0:	2101      	movs	r1, #1
100059f2:	79c3      	ldrb	r3, [r0, #7]
100059f4:	119a      	asrs	r2, r3, #6
100059f6:	115b      	asrs	r3, r3, #5
100059f8:	400a      	ands	r2, r1
100059fa:	400b      	ands	r3, r1
100059fc:	0152      	lsls	r2, r2, #5
100059fe:	011b      	lsls	r3, r3, #4
10005a00:	4313      	orrs	r3, r2
10005a02:	783a      	ldrb	r2, [r7, #0]
10005a04:	312f      	adds	r1, #47	; 0x2f
10005a06:	438a      	bics	r2, r1
10005a08:	4313      	orrs	r3, r2
10005a0a:	703b      	strb	r3, [r7, #0]
10005a0c:	2309      	movs	r3, #9
10005a0e:	4699      	mov	r9, r3
10005a10:	78c3      	ldrb	r3, [r0, #3]
10005a12:	7882      	ldrb	r2, [r0, #2]
10005a14:	021b      	lsls	r3, r3, #8
10005a16:	4313      	orrs	r3, r2
10005a18:	18c3      	adds	r3, r0, r3
10005a1a:	4481      	add	r9, r0
10005a1c:	9303      	str	r3, [sp, #12]
10005a1e:	9b03      	ldr	r3, [sp, #12]
10005a20:	454b      	cmp	r3, r9
10005a22:	d800      	bhi.n	10005a26 <tud_task+0x6de>
10005a24:	e0e9      	b.n	10005bfa <tud_task+0x8b2>
10005a26:	464b      	mov	r3, r9
10005a28:	2201      	movs	r2, #1
10005a2a:	785b      	ldrb	r3, [r3, #1]
10005a2c:	9200      	str	r2, [sp, #0]
10005a2e:	2b0b      	cmp	r3, #11
10005a30:	d107      	bne.n	10005a42 <tud_task+0x6fa>
10005a32:	464b      	mov	r3, r9
10005a34:	78db      	ldrb	r3, [r3, #3]
10005a36:	9300      	str	r3, [sp, #0]
10005a38:	464b      	mov	r3, r9
10005a3a:	781b      	ldrb	r3, [r3, #0]
10005a3c:	4499      	add	r9, r3
10005a3e:	464b      	mov	r3, r9
10005a40:	785b      	ldrb	r3, [r3, #1]
10005a42:	2b04      	cmp	r3, #4
10005a44:	d000      	beq.n	10005a48 <tud_task+0x700>
10005a46:	e50c      	b.n	10005462 <tud_task+0x11a>
10005a48:	464a      	mov	r2, r9
10005a4a:	9b03      	ldr	r3, [sp, #12]
10005a4c:	2500      	movs	r5, #0
10005a4e:	1a9b      	subs	r3, r3, r2
10005a50:	b29b      	uxth	r3, r3
10005a52:	9302      	str	r3, [sp, #8]
10005a54:	4a6e      	ldr	r2, [pc, #440]	; (10005c10 <tud_task+0x8c8>)
10005a56:	4b6f      	ldr	r3, [pc, #444]	; (10005c14 <tud_task+0x8cc>)
10005a58:	781b      	ldrb	r3, [r3, #0]
10005a5a:	2a00      	cmp	r2, #0
10005a5c:	d116      	bne.n	10005a8c <tud_task+0x744>
10005a5e:	e062      	b.n	10005b26 <tud_task+0x7de>
10005a60:	42ab      	cmp	r3, r5
10005a62:	d171      	bne.n	10005b48 <tud_task+0x800>
10005a64:	4a6c      	ldr	r2, [pc, #432]	; (10005c18 <tud_task+0x8d0>)
10005a66:	4b6d      	ldr	r3, [pc, #436]	; (10005c1c <tud_task+0x8d4>)
10005a68:	4690      	mov	r8, r2
10005a6a:	4649      	mov	r1, r9
10005a6c:	4650      	mov	r0, sl
10005a6e:	9a02      	ldr	r2, [sp, #8]
10005a70:	4798      	blx	r3
10005a72:	4684      	mov	ip, r0
10005a74:	2808      	cmp	r0, #8
10005a76:	d902      	bls.n	10005a7e <tud_task+0x736>
10005a78:	9a02      	ldr	r2, [sp, #8]
10005a7a:	4282      	cmp	r2, r0
10005a7c:	d269      	bcs.n	10005b52 <tud_task+0x80a>
10005a7e:	4b65      	ldr	r3, [pc, #404]	; (10005c14 <tud_task+0x8cc>)
10005a80:	3501      	adds	r5, #1
10005a82:	781b      	ldrb	r3, [r3, #0]
10005a84:	b2ed      	uxtb	r5, r5
10005a86:	42ab      	cmp	r3, r5
10005a88:	d200      	bcs.n	10005a8c <tud_task+0x744>
10005a8a:	e4ea      	b.n	10005462 <tud_task+0x11a>
10005a8c:	42ab      	cmp	r3, r5
10005a8e:	d9e7      	bls.n	10005a60 <tud_task+0x718>
10005a90:	4a63      	ldr	r2, [pc, #396]	; (10005c20 <tud_task+0x8d8>)
10005a92:	006b      	lsls	r3, r5, #1
10005a94:	6812      	ldr	r2, [r2, #0]
10005a96:	195b      	adds	r3, r3, r5
10005a98:	4690      	mov	r8, r2
10005a9a:	00db      	lsls	r3, r3, #3
10005a9c:	4498      	add	r8, r3
10005a9e:	4643      	mov	r3, r8
10005aa0:	9205      	str	r2, [sp, #20]
10005aa2:	689b      	ldr	r3, [r3, #8]
10005aa4:	e7e1      	b.n	10005a6a <tud_task+0x722>
10005aa6:	4650      	mov	r0, sl
10005aa8:	f7ff f93e 	bl	10004d28 <dcd_edpt_close_all>
10005aac:	78bb      	ldrb	r3, [r7, #2]
10005aae:	4d59      	ldr	r5, [pc, #356]	; (10005c14 <tud_task+0x8cc>)
10005ab0:	4a57      	ldr	r2, [pc, #348]	; (10005c10 <tud_task+0x8c8>)
10005ab2:	9300      	str	r3, [sp, #0]
10005ab4:	2100      	movs	r1, #0
10005ab6:	782b      	ldrb	r3, [r5, #0]
10005ab8:	2a00      	cmp	r2, #0
10005aba:	d02d      	beq.n	10005b18 <tud_task+0x7d0>
10005abc:	4a58      	ldr	r2, [pc, #352]	; (10005c20 <tud_task+0x8d8>)
10005abe:	4690      	mov	r8, r2
10005ac0:	002a      	movs	r2, r5
10005ac2:	000d      	movs	r5, r1
10005ac4:	4691      	mov	r9, r2
10005ac6:	429d      	cmp	r5, r3
10005ac8:	d31d      	bcc.n	10005b06 <tud_task+0x7be>
10005aca:	d000      	beq.n	10005ace <tud_task+0x786>
10005acc:	e5a0      	b.n	10005610 <tud_task+0x2c8>
10005ace:	4b55      	ldr	r3, [pc, #340]	; (10005c24 <tud_task+0x8dc>)
10005ad0:	4650      	mov	r0, sl
10005ad2:	4798      	blx	r3
10005ad4:	464b      	mov	r3, r9
10005ad6:	3501      	adds	r5, #1
10005ad8:	781b      	ldrb	r3, [r3, #0]
10005ada:	b2ed      	uxtb	r5, r5
10005adc:	42ab      	cmp	r3, r5
10005ade:	d2f2      	bcs.n	10005ac6 <tud_task+0x77e>
10005ae0:	2253      	movs	r2, #83	; 0x53
10005ae2:	2100      	movs	r1, #0
10005ae4:	0038      	movs	r0, r7
10005ae6:	f7fe fadb 	bl	100040a0 <__wrap_memset>
10005aea:	2210      	movs	r2, #16
10005aec:	21ff      	movs	r1, #255	; 0xff
10005aee:	1cf8      	adds	r0, r7, #3
10005af0:	f7fe fad6 	bl	100040a0 <__wrap_memset>
10005af4:	0038      	movs	r0, r7
10005af6:	2220      	movs	r2, #32
10005af8:	21ff      	movs	r1, #255	; 0xff
10005afa:	3013      	adds	r0, #19
10005afc:	f7fe fad0 	bl	100040a0 <__wrap_memset>
10005b00:	9b00      	ldr	r3, [sp, #0]
10005b02:	70bb      	strb	r3, [r7, #2]
10005b04:	e6b0      	b.n	10005868 <tud_task+0x520>
10005b06:	4642      	mov	r2, r8
10005b08:	6812      	ldr	r2, [r2, #0]
10005b0a:	006b      	lsls	r3, r5, #1
10005b0c:	4694      	mov	ip, r2
10005b0e:	195b      	adds	r3, r3, r5
10005b10:	00db      	lsls	r3, r3, #3
10005b12:	4463      	add	r3, ip
10005b14:	685b      	ldr	r3, [r3, #4]
10005b16:	e7db      	b.n	10005ad0 <tud_task+0x788>
10005b18:	4650      	mov	r0, sl
10005b1a:	f000 fc83 	bl	10006424 <cdcd_reset>
10005b1e:	782b      	ldrb	r3, [r5, #0]
10005b20:	2b00      	cmp	r3, #0
10005b22:	d0dd      	beq.n	10005ae0 <tud_task+0x798>
10005b24:	e574      	b.n	10005610 <tud_task+0x2c8>
10005b26:	9b02      	ldr	r3, [sp, #8]
10005b28:	4649      	mov	r1, r9
10005b2a:	001a      	movs	r2, r3
10005b2c:	4650      	mov	r0, sl
10005b2e:	4698      	mov	r8, r3
10005b30:	f000 fc8e 	bl	10006450 <cdcd_open>
10005b34:	4684      	mov	ip, r0
10005b36:	2808      	cmp	r0, #8
10005b38:	d901      	bls.n	10005b3e <tud_task+0x7f6>
10005b3a:	4540      	cmp	r0, r8
10005b3c:	d907      	bls.n	10005b4e <tud_task+0x806>
10005b3e:	4b35      	ldr	r3, [pc, #212]	; (10005c14 <tud_task+0x8cc>)
10005b40:	781b      	ldrb	r3, [r3, #0]
10005b42:	2b00      	cmp	r3, #0
10005b44:	d100      	bne.n	10005b48 <tud_task+0x800>
10005b46:	e48c      	b.n	10005462 <tud_task+0x11a>
10005b48:	2300      	movs	r3, #0
10005b4a:	689b      	ldr	r3, [r3, #8]
10005b4c:	deff      	udf	#255	; 0xff
10005b4e:	4b32      	ldr	r3, [pc, #200]	; (10005c18 <tud_task+0x8d0>)
10005b50:	4698      	mov	r8, r3
10005b52:	9b00      	ldr	r3, [sp, #0]
10005b54:	2b01      	cmp	r3, #1
10005b56:	d048      	beq.n	10005bea <tud_task+0x8a2>
10005b58:	9b00      	ldr	r3, [sp, #0]
10005b5a:	2b00      	cmp	r3, #0
10005b5c:	d010      	beq.n	10005b80 <tud_task+0x838>
10005b5e:	464b      	mov	r3, r9
10005b60:	7899      	ldrb	r1, [r3, #2]
10005b62:	2300      	movs	r3, #0
10005b64:	e005      	b.n	10005b72 <tud_task+0x82a>
10005b66:	70d5      	strb	r5, [r2, #3]
10005b68:	3301      	adds	r3, #1
10005b6a:	9a00      	ldr	r2, [sp, #0]
10005b6c:	b2db      	uxtb	r3, r3
10005b6e:	4293      	cmp	r3, r2
10005b70:	d206      	bcs.n	10005b80 <tud_task+0x838>
10005b72:	18ca      	adds	r2, r1, r3
10005b74:	b2d2      	uxtb	r2, r2
10005b76:	18ba      	adds	r2, r7, r2
10005b78:	78d0      	ldrb	r0, [r2, #3]
10005b7a:	28ff      	cmp	r0, #255	; 0xff
10005b7c:	d0f3      	beq.n	10005b66 <tud_task+0x81e>
10005b7e:	e470      	b.n	10005462 <tud_task+0x11a>
10005b80:	0038      	movs	r0, r7
10005b82:	46e0      	mov	r8, ip
10005b84:	002b      	movs	r3, r5
10005b86:	4649      	mov	r1, r9
10005b88:	4662      	mov	r2, ip
10005b8a:	3013      	adds	r0, #19
10005b8c:	f000 fe2e 	bl	100067ec <tu_edpt_bind_driver>
10005b90:	4b20      	ldr	r3, [pc, #128]	; (10005c14 <tud_task+0x8cc>)
10005b92:	44c1      	add	r9, r8
10005b94:	781b      	ldrb	r3, [r3, #0]
10005b96:	42ab      	cmp	r3, r5
10005b98:	d300      	bcc.n	10005b9c <tud_task+0x854>
10005b9a:	e740      	b.n	10005a1e <tud_task+0x6d6>
10005b9c:	e461      	b.n	10005462 <tud_task+0x11a>
10005b9e:	4b22      	ldr	r3, [pc, #136]	; (10005c28 <tud_task+0x8e0>)
10005ba0:	2b00      	cmp	r3, #0
10005ba2:	d100      	bne.n	10005ba6 <tud_task+0x85e>
10005ba4:	e45d      	b.n	10005462 <tud_task+0x11a>
10005ba6:	e000      	b.n	10005baa <tud_task+0x862>
10005ba8:	bf00      	nop
10005baa:	0002      	movs	r2, r0
10005bac:	e6a1      	b.n	100058f2 <tud_task+0x5aa>
10005bae:	f7fe fe2b 	bl	10004808 <tud_descriptor_device_cb>
10005bb2:	2312      	movs	r3, #18
10005bb4:	0002      	movs	r2, r0
10005bb6:	a908      	add	r1, sp, #32
10005bb8:	4650      	mov	r0, sl
10005bba:	f000 fa3d 	bl	10006038 <tud_control_xfer>
10005bbe:	e543      	b.n	10005648 <tud_task+0x300>
10005bc0:	4b1a      	ldr	r3, [pc, #104]	; (10005c2c <tud_task+0x8e4>)
10005bc2:	2b00      	cmp	r3, #0
10005bc4:	d100      	bne.n	10005bc8 <tud_task+0x880>
10005bc6:	e44c      	b.n	10005462 <tud_task+0x11a>
10005bc8:	e000      	b.n	10005bcc <tud_task+0x884>
10005bca:	bf00      	nop
10005bcc:	1e02      	subs	r2, r0, #0
10005bce:	d100      	bne.n	10005bd2 <tud_task+0x88a>
10005bd0:	e447      	b.n	10005462 <tud_task+0x11a>
10005bd2:	4650      	mov	r0, sl
10005bd4:	7813      	ldrb	r3, [r2, #0]
10005bd6:	a908      	add	r1, sp, #32
10005bd8:	f000 fa2e 	bl	10006038 <tud_control_xfer>
10005bdc:	e534      	b.n	10005648 <tud_task+0x300>
10005bde:	8921      	ldrh	r1, [r4, #8]
10005be0:	f7fe fe1a 	bl	10004818 <tud_descriptor_string_cb>
10005be4:	1e02      	subs	r2, r0, #0
10005be6:	d1f4      	bne.n	10005bd2 <tud_task+0x88a>
10005be8:	e43b      	b.n	10005462 <tud_task+0x11a>
10005bea:	4642      	mov	r2, r8
10005bec:	4b0b      	ldr	r3, [pc, #44]	; (10005c1c <tud_task+0x8d4>)
10005bee:	6892      	ldr	r2, [r2, #8]
10005bf0:	429a      	cmp	r2, r3
10005bf2:	d1b4      	bne.n	10005b5e <tud_task+0x816>
10005bf4:	9b04      	ldr	r3, [sp, #16]
10005bf6:	9300      	str	r3, [sp, #0]
10005bf8:	e7b1      	b.n	10005b5e <tud_task+0x816>
10005bfa:	4b0d      	ldr	r3, [pc, #52]	; (10005c30 <tud_task+0x8e8>)
10005bfc:	2b00      	cmp	r3, #0
10005bfe:	d100      	bne.n	10005c02 <tud_task+0x8ba>
10005c00:	e636      	b.n	10005870 <tud_task+0x528>
10005c02:	e000      	b.n	10005c06 <tud_task+0x8be>
10005c04:	bf00      	nop
10005c06:	e633      	b.n	10005870 <tud_task+0x528>
10005c08:	f7fe fe02 	bl	10004810 <tud_descriptor_configuration_cb>
10005c0c:	0002      	movs	r2, r0
10005c0e:	e66d      	b.n	100058ec <tud_task+0x5a4>
10005c10:	10004581 	.word	0x10004581
10005c14:	20002656 	.word	0x20002656
10005c18:	100081e4 	.word	0x100081e4
10005c1c:	10006451 	.word	0x10006451
10005c20:	20001ae8 	.word	0x20001ae8
10005c24:	10006425 	.word	0x10006425
	...

10005c34 <dcd_event_bus_signal>:
10005c34:	b530      	push	{r4, r5, lr}
10005c36:	b087      	sub	sp, #28
10005c38:	0005      	movs	r5, r0
10005c3a:	000c      	movs	r4, r1
10005c3c:	220c      	movs	r2, #12
10005c3e:	2100      	movs	r1, #0
10005c40:	4668      	mov	r0, sp
10005c42:	f7fe fa2d 	bl	100040a0 <__wrap_memset>
10005c46:	466b      	mov	r3, sp
10005c48:	701d      	strb	r5, [r3, #0]
10005c4a:	705c      	strb	r4, [r3, #1]
10005c4c:	2c04      	cmp	r4, #4
10005c4e:	d04f      	beq.n	10005cf0 <dcd_event_bus_signal+0xbc>
10005c50:	d809      	bhi.n	10005c66 <dcd_event_bus_signal+0x32>
10005c52:	2c02      	cmp	r4, #2
10005c54:	d034      	beq.n	10005cc0 <dcd_event_bus_signal+0x8c>
10005c56:	2c03      	cmp	r4, #3
10005c58:	d119      	bne.n	10005c8e <dcd_event_bus_signal+0x5a>
10005c5a:	4b3c      	ldr	r3, [pc, #240]	; (10005d4c <dcd_event_bus_signal+0x118>)
10005c5c:	781a      	ldrb	r2, [r3, #0]
10005c5e:	0752      	lsls	r2, r2, #29
10005c60:	d458      	bmi.n	10005d14 <dcd_event_bus_signal+0xe0>
10005c62:	b007      	add	sp, #28
10005c64:	bd30      	pop	{r4, r5, pc}
10005c66:	2c05      	cmp	r4, #5
10005c68:	d111      	bne.n	10005c8e <dcd_event_bus_signal+0x5a>
10005c6a:	4b38      	ldr	r3, [pc, #224]	; (10005d4c <dcd_event_bus_signal+0x118>)
10005c6c:	781a      	ldrb	r2, [r3, #0]
10005c6e:	07d2      	lsls	r2, r2, #31
10005c70:	d5f7      	bpl.n	10005c62 <dcd_event_bus_signal+0x2e>
10005c72:	2104      	movs	r1, #4
10005c74:	781a      	ldrb	r2, [r3, #0]
10005c76:	438a      	bics	r2, r1
10005c78:	701a      	strb	r2, [r3, #0]
10005c7a:	4b35      	ldr	r3, [pc, #212]	; (10005d50 <dcd_event_bus_signal+0x11c>)
10005c7c:	681c      	ldr	r4, [r3, #0]
10005c7e:	69e2      	ldr	r2, [r4, #28]
10005c80:	f3ef 8110 	mrs	r1, PRIMASK
10005c84:	b672      	cpsid	i
10005c86:	6813      	ldr	r3, [r2, #0]
10005c88:	2b00      	cmp	r3, #0
10005c8a:	d109      	bne.n	10005ca0 <dcd_event_bus_signal+0x6c>
10005c8c:	e7fb      	b.n	10005c86 <dcd_event_bus_signal+0x52>
10005c8e:	4b30      	ldr	r3, [pc, #192]	; (10005d50 <dcd_event_bus_signal+0x11c>)
10005c90:	681c      	ldr	r4, [r3, #0]
10005c92:	69e2      	ldr	r2, [r4, #28]
10005c94:	f3ef 8110 	mrs	r1, PRIMASK
10005c98:	b672      	cpsid	i
10005c9a:	6813      	ldr	r3, [r2, #0]
10005c9c:	2b00      	cmp	r3, #0
10005c9e:	d0fc      	beq.n	10005c9a <dcd_event_bus_signal+0x66>
10005ca0:	f3bf 8f5f 	dmb	sy
10005ca4:	6221      	str	r1, [r4, #32]
10005ca6:	4669      	mov	r1, sp
10005ca8:	0020      	movs	r0, r4
10005caa:	f000 fee5 	bl	10006a78 <tu_fifo_write>
10005cae:	69e2      	ldr	r2, [r4, #28]
10005cb0:	6a23      	ldr	r3, [r4, #32]
10005cb2:	f3bf 8f5f 	dmb	sy
10005cb6:	2100      	movs	r1, #0
10005cb8:	6011      	str	r1, [r2, #0]
10005cba:	f383 8810 	msr	PRIMASK, r3
10005cbe:	e7d0      	b.n	10005c62 <dcd_event_bus_signal+0x2e>
10005cc0:	2101      	movs	r1, #1
10005cc2:	4b22      	ldr	r3, [pc, #136]	; (10005d4c <dcd_event_bus_signal+0x118>)
10005cc4:	781a      	ldrb	r2, [r3, #0]
10005cc6:	438a      	bics	r2, r1
10005cc8:	701a      	strb	r2, [r3, #0]
10005cca:	781a      	ldrb	r2, [r3, #0]
10005ccc:	3103      	adds	r1, #3
10005cce:	43a2      	bics	r2, r4
10005cd0:	701a      	strb	r2, [r3, #0]
10005cd2:	2200      	movs	r2, #0
10005cd4:	705a      	strb	r2, [r3, #1]
10005cd6:	781a      	ldrb	r2, [r3, #0]
10005cd8:	438a      	bics	r2, r1
10005cda:	701a      	strb	r2, [r3, #0]
10005cdc:	4b1c      	ldr	r3, [pc, #112]	; (10005d50 <dcd_event_bus_signal+0x11c>)
10005cde:	681c      	ldr	r4, [r3, #0]
10005ce0:	69e2      	ldr	r2, [r4, #28]
10005ce2:	f3ef 8110 	mrs	r1, PRIMASK
10005ce6:	b672      	cpsid	i
10005ce8:	6813      	ldr	r3, [r2, #0]
10005cea:	2b00      	cmp	r3, #0
10005cec:	d1d8      	bne.n	10005ca0 <dcd_event_bus_signal+0x6c>
10005cee:	e7fb      	b.n	10005ce8 <dcd_event_bus_signal+0xb4>
10005cf0:	4b16      	ldr	r3, [pc, #88]	; (10005d4c <dcd_event_bus_signal+0x118>)
10005cf2:	781a      	ldrb	r2, [r3, #0]
10005cf4:	07d2      	lsls	r2, r2, #31
10005cf6:	d5b4      	bpl.n	10005c62 <dcd_event_bus_signal+0x2e>
10005cf8:	2104      	movs	r1, #4
10005cfa:	781a      	ldrb	r2, [r3, #0]
10005cfc:	430a      	orrs	r2, r1
10005cfe:	701a      	strb	r2, [r3, #0]
10005d00:	4b13      	ldr	r3, [pc, #76]	; (10005d50 <dcd_event_bus_signal+0x11c>)
10005d02:	681c      	ldr	r4, [r3, #0]
10005d04:	69e2      	ldr	r2, [r4, #28]
10005d06:	f3ef 8110 	mrs	r1, PRIMASK
10005d0a:	b672      	cpsid	i
10005d0c:	6813      	ldr	r3, [r2, #0]
10005d0e:	2b00      	cmp	r3, #0
10005d10:	d1c6      	bne.n	10005ca0 <dcd_event_bus_signal+0x6c>
10005d12:	e7fb      	b.n	10005d0c <dcd_event_bus_signal+0xd8>
10005d14:	2104      	movs	r1, #4
10005d16:	781a      	ldrb	r2, [r3, #0]
10005d18:	a803      	add	r0, sp, #12
10005d1a:	438a      	bics	r2, r1
10005d1c:	701a      	strb	r2, [r3, #0]
10005d1e:	2100      	movs	r1, #0
10005d20:	220c      	movs	r2, #12
10005d22:	f7fe f9bd 	bl	100040a0 <__wrap_memset>
10005d26:	466b      	mov	r3, sp
10005d28:	466a      	mov	r2, sp
10005d2a:	731d      	strb	r5, [r3, #12]
10005d2c:	2305      	movs	r3, #5
10005d2e:	7353      	strb	r3, [r2, #13]
10005d30:	4b07      	ldr	r3, [pc, #28]	; (10005d50 <dcd_event_bus_signal+0x11c>)
10005d32:	681c      	ldr	r4, [r3, #0]
10005d34:	69e2      	ldr	r2, [r4, #28]
10005d36:	f3ef 8110 	mrs	r1, PRIMASK
10005d3a:	b672      	cpsid	i
10005d3c:	6813      	ldr	r3, [r2, #0]
10005d3e:	2b00      	cmp	r3, #0
10005d40:	d0fc      	beq.n	10005d3c <dcd_event_bus_signal+0x108>
10005d42:	f3bf 8f5f 	dmb	sy
10005d46:	6221      	str	r1, [r4, #32]
10005d48:	a903      	add	r1, sp, #12
10005d4a:	e7ad      	b.n	10005ca8 <dcd_event_bus_signal+0x74>
10005d4c:	20001e20 	.word	0x20001e20
10005d50:	20001e78 	.word	0x20001e78

10005d54 <dcd_event_bus_reset>:
10005d54:	b570      	push	{r4, r5, r6, lr}
10005d56:	b084      	sub	sp, #16
10005d58:	ac01      	add	r4, sp, #4
10005d5a:	0006      	movs	r6, r0
10005d5c:	000d      	movs	r5, r1
10005d5e:	220c      	movs	r2, #12
10005d60:	2100      	movs	r1, #0
10005d62:	0020      	movs	r0, r4
10005d64:	f7fe f99c 	bl	100040a0 <__wrap_memset>
10005d68:	2301      	movs	r3, #1
10005d6a:	7063      	strb	r3, [r4, #1]
10005d6c:	4b0d      	ldr	r3, [pc, #52]	; (10005da4 <dcd_event_bus_reset+0x50>)
10005d6e:	7125      	strb	r5, [r4, #4]
10005d70:	681d      	ldr	r5, [r3, #0]
10005d72:	7026      	strb	r6, [r4, #0]
10005d74:	69ea      	ldr	r2, [r5, #28]
10005d76:	f3ef 8310 	mrs	r3, PRIMASK
10005d7a:	b672      	cpsid	i
10005d7c:	6811      	ldr	r1, [r2, #0]
10005d7e:	2900      	cmp	r1, #0
10005d80:	d0fc      	beq.n	10005d7c <dcd_event_bus_reset+0x28>
10005d82:	f3bf 8f5f 	dmb	sy
10005d86:	622b      	str	r3, [r5, #32]
10005d88:	0021      	movs	r1, r4
10005d8a:	0028      	movs	r0, r5
10005d8c:	f000 fe74 	bl	10006a78 <tu_fifo_write>
10005d90:	69ea      	ldr	r2, [r5, #28]
10005d92:	6a2b      	ldr	r3, [r5, #32]
10005d94:	f3bf 8f5f 	dmb	sy
10005d98:	2100      	movs	r1, #0
10005d9a:	6011      	str	r1, [r2, #0]
10005d9c:	f383 8810 	msr	PRIMASK, r3
10005da0:	b004      	add	sp, #16
10005da2:	bd70      	pop	{r4, r5, r6, pc}
10005da4:	20001e78 	.word	0x20001e78

10005da8 <dcd_event_setup_received>:
10005da8:	2300      	movs	r3, #0
10005daa:	b530      	push	{r4, r5, lr}
10005dac:	b085      	sub	sp, #20
10005dae:	ad01      	add	r5, sp, #4
10005db0:	806b      	strh	r3, [r5, #2]
10005db2:	7028      	strb	r0, [r5, #0]
10005db4:	3306      	adds	r3, #6
10005db6:	2208      	movs	r2, #8
10005db8:	a802      	add	r0, sp, #8
10005dba:	706b      	strb	r3, [r5, #1]
10005dbc:	f7fe f976 	bl	100040ac <__wrap___aeabi_memcpy>
10005dc0:	4b0c      	ldr	r3, [pc, #48]	; (10005df4 <dcd_event_setup_received+0x4c>)
10005dc2:	681c      	ldr	r4, [r3, #0]
10005dc4:	69e2      	ldr	r2, [r4, #28]
10005dc6:	f3ef 8310 	mrs	r3, PRIMASK
10005dca:	b672      	cpsid	i
10005dcc:	6811      	ldr	r1, [r2, #0]
10005dce:	2900      	cmp	r1, #0
10005dd0:	d0fc      	beq.n	10005dcc <dcd_event_setup_received+0x24>
10005dd2:	f3bf 8f5f 	dmb	sy
10005dd6:	6223      	str	r3, [r4, #32]
10005dd8:	0029      	movs	r1, r5
10005dda:	0020      	movs	r0, r4
10005ddc:	f000 fe4c 	bl	10006a78 <tu_fifo_write>
10005de0:	69e2      	ldr	r2, [r4, #28]
10005de2:	6a23      	ldr	r3, [r4, #32]
10005de4:	f3bf 8f5f 	dmb	sy
10005de8:	2100      	movs	r1, #0
10005dea:	6011      	str	r1, [r2, #0]
10005dec:	f383 8810 	msr	PRIMASK, r3
10005df0:	b005      	add	sp, #20
10005df2:	bd30      	pop	{r4, r5, pc}
10005df4:	20001e78 	.word	0x20001e78

10005df8 <dcd_event_xfer_complete>:
10005df8:	b5f0      	push	{r4, r5, r6, r7, lr}
10005dfa:	46c6      	mov	lr, r8
10005dfc:	4680      	mov	r8, r0
10005dfe:	b500      	push	{lr}
10005e00:	b084      	sub	sp, #16
10005e02:	ac01      	add	r4, sp, #4
10005e04:	000f      	movs	r7, r1
10005e06:	0016      	movs	r6, r2
10005e08:	2100      	movs	r1, #0
10005e0a:	2208      	movs	r2, #8
10005e0c:	0020      	movs	r0, r4
10005e0e:	001d      	movs	r5, r3
10005e10:	f7fe f946 	bl	100040a0 <__wrap_memset>
10005e14:	4643      	mov	r3, r8
10005e16:	7023      	strb	r3, [r4, #0]
10005e18:	2307      	movs	r3, #7
10005e1a:	7063      	strb	r3, [r4, #1]
10005e1c:	4b0f      	ldr	r3, [pc, #60]	; (10005e5c <dcd_event_xfer_complete+0x64>)
10005e1e:	7165      	strb	r5, [r4, #5]
10005e20:	681d      	ldr	r5, [r3, #0]
10005e22:	7127      	strb	r7, [r4, #4]
10005e24:	60a6      	str	r6, [r4, #8]
10005e26:	69ea      	ldr	r2, [r5, #28]
10005e28:	f3ef 8310 	mrs	r3, PRIMASK
10005e2c:	b672      	cpsid	i
10005e2e:	6811      	ldr	r1, [r2, #0]
10005e30:	2900      	cmp	r1, #0
10005e32:	d0fc      	beq.n	10005e2e <dcd_event_xfer_complete+0x36>
10005e34:	f3bf 8f5f 	dmb	sy
10005e38:	622b      	str	r3, [r5, #32]
10005e3a:	0021      	movs	r1, r4
10005e3c:	0028      	movs	r0, r5
10005e3e:	f000 fe1b 	bl	10006a78 <tu_fifo_write>
10005e42:	69ea      	ldr	r2, [r5, #28]
10005e44:	6a2b      	ldr	r3, [r5, #32]
10005e46:	f3bf 8f5f 	dmb	sy
10005e4a:	2100      	movs	r1, #0
10005e4c:	6011      	str	r1, [r2, #0]
10005e4e:	f383 8810 	msr	PRIMASK, r3
10005e52:	b004      	add	sp, #16
10005e54:	bc80      	pop	{r7}
10005e56:	46b8      	mov	r8, r7
10005e58:	bdf0      	pop	{r4, r5, r6, r7, pc}
10005e5a:	46c0      	nop			; (mov r8, r8)
10005e5c:	20001e78 	.word	0x20001e78

10005e60 <usbd_open_edpt_pair>:
10005e60:	b5f0      	push	{r4, r5, r6, r7, lr}
10005e62:	4646      	mov	r6, r8
10005e64:	46d6      	mov	lr, sl
10005e66:	464f      	mov	r7, r9
10005e68:	4680      	mov	r8, r0
10005e6a:	b5c0      	push	{r6, r7, lr}
10005e6c:	000c      	movs	r4, r1
10005e6e:	0015      	movs	r5, r2
10005e70:	001e      	movs	r6, r3
10005e72:	2a00      	cmp	r2, #0
10005e74:	d02e      	beq.n	10005ed4 <usbd_open_edpt_pair+0x74>
10005e76:	2370      	movs	r3, #112	; 0x70
10005e78:	4699      	mov	r9, r3
10005e7a:	4b18      	ldr	r3, [pc, #96]	; (10005edc <usbd_open_edpt_pair+0x7c>)
10005e7c:	2700      	movs	r7, #0
10005e7e:	469a      	mov	sl, r3
10005e80:	7863      	ldrb	r3, [r4, #1]
10005e82:	2b05      	cmp	r3, #5
10005e84:	d10f      	bne.n	10005ea6 <usbd_open_edpt_pair+0x46>
10005e86:	78e1      	ldrb	r1, [r4, #3]
10005e88:	0789      	lsls	r1, r1, #30
10005e8a:	0f89      	lsrs	r1, r1, #30
10005e8c:	42b1      	cmp	r1, r6
10005e8e:	d10a      	bne.n	10005ea6 <usbd_open_edpt_pair+0x46>
10005e90:	464a      	mov	r2, r9
10005e92:	78a3      	ldrb	r3, [r4, #2]
10005e94:	421a      	tst	r2, r3
10005e96:	d106      	bne.n	10005ea6 <usbd_open_edpt_pair+0x46>
10005e98:	4653      	mov	r3, sl
10005e9a:	0020      	movs	r0, r4
10005e9c:	7899      	ldrb	r1, [r3, #2]
10005e9e:	f000 fc69 	bl	10006774 <tu_edpt_validate>
10005ea2:	2800      	cmp	r0, #0
10005ea4:	d105      	bne.n	10005eb2 <usbd_open_edpt_pair+0x52>
10005ea6:	2000      	movs	r0, #0
10005ea8:	bce0      	pop	{r5, r6, r7}
10005eaa:	46ba      	mov	sl, r7
10005eac:	46b1      	mov	r9, r6
10005eae:	46a8      	mov	r8, r5
10005eb0:	bdf0      	pop	{r4, r5, r6, r7, pc}
10005eb2:	0021      	movs	r1, r4
10005eb4:	4640      	mov	r0, r8
10005eb6:	f7fe febf 	bl	10004c38 <dcd_edpt_open>
10005eba:	2800      	cmp	r0, #0
10005ebc:	d0f3      	beq.n	10005ea6 <usbd_open_edpt_pair+0x46>
10005ebe:	78a3      	ldrb	r3, [r4, #2]
10005ec0:	09da      	lsrs	r2, r3, #7
10005ec2:	2a01      	cmp	r2, #1
10005ec4:	d008      	beq.n	10005ed8 <usbd_open_edpt_pair+0x78>
10005ec6:	9a08      	ldr	r2, [sp, #32]
10005ec8:	7013      	strb	r3, [r2, #0]
10005eca:	7823      	ldrb	r3, [r4, #0]
10005ecc:	3701      	adds	r7, #1
10005ece:	18e4      	adds	r4, r4, r3
10005ed0:	42af      	cmp	r7, r5
10005ed2:	dbd5      	blt.n	10005e80 <usbd_open_edpt_pair+0x20>
10005ed4:	2001      	movs	r0, #1
10005ed6:	e7e7      	b.n	10005ea8 <usbd_open_edpt_pair+0x48>
10005ed8:	9a09      	ldr	r2, [sp, #36]	; 0x24
10005eda:	e7f5      	b.n	10005ec8 <usbd_open_edpt_pair+0x68>
10005edc:	20001e20 	.word	0x20001e20

10005ee0 <usbd_edpt_open>:
10005ee0:	2270      	movs	r2, #112	; 0x70
10005ee2:	b570      	push	{r4, r5, r6, lr}
10005ee4:	788b      	ldrb	r3, [r1, #2]
10005ee6:	0005      	movs	r5, r0
10005ee8:	000c      	movs	r4, r1
10005eea:	421a      	tst	r2, r3
10005eec:	d001      	beq.n	10005ef2 <usbd_edpt_open+0x12>
10005eee:	2000      	movs	r0, #0
10005ef0:	bd70      	pop	{r4, r5, r6, pc}
10005ef2:	4b06      	ldr	r3, [pc, #24]	; (10005f0c <usbd_edpt_open+0x2c>)
10005ef4:	0020      	movs	r0, r4
10005ef6:	7899      	ldrb	r1, [r3, #2]
10005ef8:	f000 fc3c 	bl	10006774 <tu_edpt_validate>
10005efc:	2800      	cmp	r0, #0
10005efe:	d0f6      	beq.n	10005eee <usbd_edpt_open+0xe>
10005f00:	0021      	movs	r1, r4
10005f02:	0028      	movs	r0, r5
10005f04:	f7fe fe98 	bl	10004c38 <dcd_edpt_open>
10005f08:	e7f2      	b.n	10005ef0 <usbd_edpt_open+0x10>
10005f0a:	46c0      	nop			; (mov r8, r8)
10005f0c:	20001e20 	.word	0x20001e20

10005f10 <usbd_edpt_claim>:
10005f10:	b570      	push	{r4, r5, r6, lr}
10005f12:	247f      	movs	r4, #127	; 0x7f
10005f14:	400c      	ands	r4, r1
10005f16:	0063      	lsls	r3, r4, #1
10005f18:	4c14      	ldr	r4, [pc, #80]	; (10005f6c <usbd_edpt_claim+0x5c>)
10005f1a:	09c9      	lsrs	r1, r1, #7
10005f1c:	18e4      	adds	r4, r4, r3
10005f1e:	1864      	adds	r4, r4, r1
10005f20:	3430      	adds	r4, #48	; 0x30
10005f22:	78e3      	ldrb	r3, [r4, #3]
10005f24:	07db      	lsls	r3, r3, #31
10005f26:	0fdd      	lsrs	r5, r3, #31
10005f28:	2b00      	cmp	r3, #0
10005f2a:	d118      	bne.n	10005f5e <usbd_edpt_claim+0x4e>
10005f2c:	78e3      	ldrb	r3, [r4, #3]
10005f2e:	075b      	lsls	r3, r3, #29
10005f30:	d501      	bpl.n	10005f36 <usbd_edpt_claim+0x26>
10005f32:	0028      	movs	r0, r5
10005f34:	bd70      	pop	{r4, r5, r6, pc}
10005f36:	2101      	movs	r1, #1
10005f38:	4e0d      	ldr	r6, [pc, #52]	; (10005f70 <usbd_edpt_claim+0x60>)
10005f3a:	4249      	negs	r1, r1
10005f3c:	6830      	ldr	r0, [r6, #0]
10005f3e:	f001 fe6f 	bl	10007c20 <__mutex_enter_timeout_ms_veneer>
10005f42:	78e3      	ldrb	r3, [r4, #3]
10005f44:	07db      	lsls	r3, r3, #31
10005f46:	0fdd      	lsrs	r5, r3, #31
10005f48:	2b00      	cmp	r3, #0
10005f4a:	d10a      	bne.n	10005f62 <usbd_edpt_claim+0x52>
10005f4c:	78e3      	ldrb	r3, [r4, #3]
10005f4e:	075b      	lsls	r3, r3, #29
10005f50:	d408      	bmi.n	10005f64 <usbd_edpt_claim+0x54>
10005f52:	2204      	movs	r2, #4
10005f54:	78e3      	ldrb	r3, [r4, #3]
10005f56:	2501      	movs	r5, #1
10005f58:	4313      	orrs	r3, r2
10005f5a:	70e3      	strb	r3, [r4, #3]
10005f5c:	e002      	b.n	10005f64 <usbd_edpt_claim+0x54>
10005f5e:	2500      	movs	r5, #0
10005f60:	e7e7      	b.n	10005f32 <usbd_edpt_claim+0x22>
10005f62:	2500      	movs	r5, #0
10005f64:	6830      	ldr	r0, [r6, #0]
10005f66:	f001 fe3b 	bl	10007be0 <__mutex_exit_veneer>
10005f6a:	e7e2      	b.n	10005f32 <usbd_edpt_claim+0x22>
10005f6c:	20001e20 	.word	0x20001e20
10005f70:	20001e74 	.word	0x20001e74

10005f74 <usbd_edpt_release>:
10005f74:	b570      	push	{r4, r5, r6, lr}
10005f76:	000c      	movs	r4, r1
10005f78:	2101      	movs	r1, #1
10005f7a:	4d0f      	ldr	r5, [pc, #60]	; (10005fb8 <usbd_edpt_release+0x44>)
10005f7c:	4249      	negs	r1, r1
10005f7e:	6828      	ldr	r0, [r5, #0]
10005f80:	f001 fe4e 	bl	10007c20 <__mutex_enter_timeout_ms_veneer>
10005f84:	217f      	movs	r1, #127	; 0x7f
10005f86:	4021      	ands	r1, r4
10005f88:	004b      	lsls	r3, r1, #1
10005f8a:	490c      	ldr	r1, [pc, #48]	; (10005fbc <usbd_edpt_release+0x48>)
10005f8c:	09e4      	lsrs	r4, r4, #7
10005f8e:	18c9      	adds	r1, r1, r3
10005f90:	1909      	adds	r1, r1, r4
10005f92:	3130      	adds	r1, #48	; 0x30
10005f94:	78cb      	ldrb	r3, [r1, #3]
10005f96:	2400      	movs	r4, #0
10005f98:	07db      	lsls	r3, r3, #31
10005f9a:	d408      	bmi.n	10005fae <usbd_edpt_release+0x3a>
10005f9c:	78cb      	ldrb	r3, [r1, #3]
10005f9e:	075b      	lsls	r3, r3, #29
10005fa0:	0fdc      	lsrs	r4, r3, #31
10005fa2:	2b00      	cmp	r3, #0
10005fa4:	da03      	bge.n	10005fae <usbd_edpt_release+0x3a>
10005fa6:	2204      	movs	r2, #4
10005fa8:	78cb      	ldrb	r3, [r1, #3]
10005faa:	4393      	bics	r3, r2
10005fac:	70cb      	strb	r3, [r1, #3]
10005fae:	6828      	ldr	r0, [r5, #0]
10005fb0:	f001 fe16 	bl	10007be0 <__mutex_exit_veneer>
10005fb4:	0020      	movs	r0, r4
10005fb6:	bd70      	pop	{r4, r5, r6, pc}
10005fb8:	20001e74 	.word	0x20001e74
10005fbc:	20001e20 	.word	0x20001e20

10005fc0 <usbd_edpt_xfer>:
10005fc0:	b570      	push	{r4, r5, r6, lr}
10005fc2:	257f      	movs	r5, #127	; 0x7f
10005fc4:	4c0f      	ldr	r4, [pc, #60]	; (10006004 <usbd_edpt_xfer+0x44>)
10005fc6:	400d      	ands	r5, r1
10005fc8:	006d      	lsls	r5, r5, #1
10005fca:	1964      	adds	r4, r4, r5
10005fcc:	0006      	movs	r6, r0
10005fce:	09c8      	lsrs	r0, r1, #7
10005fd0:	1824      	adds	r4, r4, r0
10005fd2:	3430      	adds	r4, #48	; 0x30
10005fd4:	78e5      	ldrb	r5, [r4, #3]
10005fd6:	2000      	movs	r0, #0
10005fd8:	07ed      	lsls	r5, r5, #31
10005fda:	d500      	bpl.n	10005fde <usbd_edpt_xfer+0x1e>
10005fdc:	bd70      	pop	{r4, r5, r6, pc}
10005fde:	2501      	movs	r5, #1
10005fe0:	78e0      	ldrb	r0, [r4, #3]
10005fe2:	4328      	orrs	r0, r5
10005fe4:	70e0      	strb	r0, [r4, #3]
10005fe6:	0030      	movs	r0, r6
10005fe8:	f7fe fefc 	bl	10004de4 <dcd_edpt_xfer>
10005fec:	2800      	cmp	r0, #0
10005fee:	d1f5      	bne.n	10005fdc <usbd_edpt_xfer+0x1c>
10005ff0:	2201      	movs	r2, #1
10005ff2:	78e3      	ldrb	r3, [r4, #3]
10005ff4:	4393      	bics	r3, r2
10005ff6:	70e3      	strb	r3, [r4, #3]
10005ff8:	78e3      	ldrb	r3, [r4, #3]
10005ffa:	3203      	adds	r2, #3
10005ffc:	4393      	bics	r3, r2
10005ffe:	70e3      	strb	r3, [r4, #3]
10006000:	e7ec      	b.n	10005fdc <usbd_edpt_xfer+0x1c>
10006002:	46c0      	nop			; (mov r8, r8)
10006004:	20001e20 	.word	0x20001e20

10006008 <tud_control_status>:
10006008:	b570      	push	{r4, r5, r6, lr}
1000600a:	4e0a      	ldr	r6, [pc, #40]	; (10006034 <tud_control_status+0x2c>)
1000600c:	0005      	movs	r5, r0
1000600e:	0030      	movs	r0, r6
10006010:	2208      	movs	r2, #8
10006012:	000c      	movs	r4, r1
10006014:	f7fe f84a 	bl	100040ac <__wrap___aeabi_memcpy>
10006018:	2300      	movs	r3, #0
1000601a:	217f      	movs	r1, #127	; 0x7f
1000601c:	60f3      	str	r3, [r6, #12]
1000601e:	7822      	ldrb	r2, [r4, #0]
10006020:	60b3      	str	r3, [r6, #8]
10006022:	4291      	cmp	r1, r2
10006024:	415b      	adcs	r3, r3
10006026:	0028      	movs	r0, r5
10006028:	01d9      	lsls	r1, r3, #7
1000602a:	2200      	movs	r2, #0
1000602c:	2300      	movs	r3, #0
1000602e:	f7ff ffc7 	bl	10005fc0 <usbd_edpt_xfer>
10006032:	bd70      	pop	{r4, r5, r6, pc}
10006034:	20001dc4 	.word	0x20001dc4

10006038 <tud_control_xfer>:
10006038:	b5f8      	push	{r3, r4, r5, r6, r7, lr}
1000603a:	46ce      	mov	lr, r9
1000603c:	4647      	mov	r7, r8
1000603e:	4691      	mov	r9, r2
10006040:	4e2a      	ldr	r6, [pc, #168]	; (100060ec <tud_control_xfer+0xb4>)
10006042:	b580      	push	{r7, lr}
10006044:	2208      	movs	r2, #8
10006046:	0007      	movs	r7, r0
10006048:	0030      	movs	r0, r6
1000604a:	000d      	movs	r5, r1
1000604c:	4698      	mov	r8, r3
1000604e:	f7fe f82d 	bl	100040ac <__wrap___aeabi_memcpy>
10006052:	464b      	mov	r3, r9
10006054:	60b3      	str	r3, [r6, #8]
10006056:	2300      	movs	r3, #0
10006058:	81f3      	strh	r3, [r6, #14]
1000605a:	79ec      	ldrb	r4, [r5, #7]
1000605c:	79a9      	ldrb	r1, [r5, #6]
1000605e:	0224      	lsls	r4, r4, #8
10006060:	430c      	orrs	r4, r1
10006062:	1c23      	adds	r3, r4, #0
10006064:	4544      	cmp	r4, r8
10006066:	d900      	bls.n	1000606a <tud_control_xfer+0x32>
10006068:	4643      	mov	r3, r8
1000606a:	b29a      	uxth	r2, r3
1000606c:	4690      	mov	r8, r2
1000606e:	81b3      	strh	r3, [r6, #12]
10006070:	2c00      	cmp	r4, #0
10006072:	d013      	beq.n	1000609c <tud_control_xfer+0x64>
10006074:	2a00      	cmp	r2, #0
10006076:	d01f      	beq.n	100060b8 <tud_control_xfer+0x80>
10006078:	464b      	mov	r3, r9
1000607a:	2b00      	cmp	r3, #0
1000607c:	d034      	beq.n	100060e8 <tud_control_xfer+0xb0>
1000607e:	1c13      	adds	r3, r2, #0
10006080:	2a40      	cmp	r2, #64	; 0x40
10006082:	d81f      	bhi.n	100060c4 <tud_control_xfer+0x8c>
10006084:	b29b      	uxth	r3, r3
10006086:	4698      	mov	r8, r3
10006088:	7833      	ldrb	r3, [r6, #0]
1000608a:	2b7f      	cmp	r3, #127	; 0x7f
1000608c:	d820      	bhi.n	100060d0 <tud_control_xfer+0x98>
1000608e:	2100      	movs	r1, #0
10006090:	4a17      	ldr	r2, [pc, #92]	; (100060f0 <tud_control_xfer+0xb8>)
10006092:	4643      	mov	r3, r8
10006094:	0038      	movs	r0, r7
10006096:	f7ff ff93 	bl	10005fc0 <usbd_edpt_xfer>
1000609a:	e009      	b.n	100060b0 <tud_control_xfer+0x78>
1000609c:	227f      	movs	r2, #127	; 0x7f
1000609e:	782b      	ldrb	r3, [r5, #0]
100060a0:	0038      	movs	r0, r7
100060a2:	429a      	cmp	r2, r3
100060a4:	4164      	adcs	r4, r4
100060a6:	2300      	movs	r3, #0
100060a8:	2200      	movs	r2, #0
100060aa:	01e1      	lsls	r1, r4, #7
100060ac:	f7ff ff88 	bl	10005fc0 <usbd_edpt_xfer>
100060b0:	bcc0      	pop	{r6, r7}
100060b2:	46b9      	mov	r9, r7
100060b4:	46b0      	mov	r8, r6
100060b6:	bdf8      	pop	{r3, r4, r5, r6, r7, pc}
100060b8:	7833      	ldrb	r3, [r6, #0]
100060ba:	2b7f      	cmp	r3, #127	; 0x7f
100060bc:	d911      	bls.n	100060e2 <tud_control_xfer+0xaa>
100060be:	2180      	movs	r1, #128	; 0x80
100060c0:	2200      	movs	r2, #0
100060c2:	e7e6      	b.n	10006092 <tud_control_xfer+0x5a>
100060c4:	2340      	movs	r3, #64	; 0x40
100060c6:	b29b      	uxth	r3, r3
100060c8:	4698      	mov	r8, r3
100060ca:	7833      	ldrb	r3, [r6, #0]
100060cc:	2b7f      	cmp	r3, #127	; 0x7f
100060ce:	d9de      	bls.n	1000608e <tud_control_xfer+0x56>
100060d0:	4c07      	ldr	r4, [pc, #28]	; (100060f0 <tud_control_xfer+0xb8>)
100060d2:	4642      	mov	r2, r8
100060d4:	4649      	mov	r1, r9
100060d6:	0020      	movs	r0, r4
100060d8:	f7fd ffe8 	bl	100040ac <__wrap___aeabi_memcpy>
100060dc:	2180      	movs	r1, #128	; 0x80
100060de:	0022      	movs	r2, r4
100060e0:	e7d7      	b.n	10006092 <tud_control_xfer+0x5a>
100060e2:	2100      	movs	r1, #0
100060e4:	2200      	movs	r2, #0
100060e6:	e7d4      	b.n	10006092 <tud_control_xfer+0x5a>
100060e8:	2000      	movs	r0, #0
100060ea:	e7e1      	b.n	100060b0 <tud_control_xfer+0x78>
100060ec:	20001dc4 	.word	0x20001dc4
100060f0:	20001de0 	.word	0x20001de0

100060f4 <usbd_control_reset>:
100060f4:	b510      	push	{r4, lr}
100060f6:	2214      	movs	r2, #20
100060f8:	2100      	movs	r1, #0
100060fa:	4802      	ldr	r0, [pc, #8]	; (10006104 <usbd_control_reset+0x10>)
100060fc:	f7fd ffd0 	bl	100040a0 <__wrap_memset>
10006100:	bd10      	pop	{r4, pc}
10006102:	46c0      	nop			; (mov r8, r8)
10006104:	20001dc4 	.word	0x20001dc4

10006108 <usbd_control_set_complete_callback>:
10006108:	4b01      	ldr	r3, [pc, #4]	; (10006110 <usbd_control_set_complete_callback+0x8>)
1000610a:	6118      	str	r0, [r3, #16]
1000610c:	4770      	bx	lr
1000610e:	46c0      	nop			; (mov r8, r8)
10006110:	20001dc4 	.word	0x20001dc4

10006114 <usbd_control_set_request>:
10006114:	b510      	push	{r4, lr}
10006116:	4c05      	ldr	r4, [pc, #20]	; (1000612c <usbd_control_set_request+0x18>)
10006118:	0001      	movs	r1, r0
1000611a:	2208      	movs	r2, #8
1000611c:	0020      	movs	r0, r4
1000611e:	f7fd ffc5 	bl	100040ac <__wrap___aeabi_memcpy>
10006122:	2300      	movs	r3, #0
10006124:	60a3      	str	r3, [r4, #8]
10006126:	60e3      	str	r3, [r4, #12]
10006128:	bd10      	pop	{r4, pc}
1000612a:	46c0      	nop			; (mov r8, r8)
1000612c:	20001dc4 	.word	0x20001dc4

10006130 <usbd_control_xfer_cb>:
10006130:	b5f8      	push	{r3, r4, r5, r6, r7, lr}
10006132:	4c3b      	ldr	r4, [pc, #236]	; (10006220 <usbd_control_xfer_cb+0xf0>)
10006134:	001d      	movs	r5, r3
10006136:	7823      	ldrb	r3, [r4, #0]
10006138:	0006      	movs	r6, r0
1000613a:	09da      	lsrs	r2, r3, #7
1000613c:	09c9      	lsrs	r1, r1, #7
1000613e:	428a      	cmp	r2, r1
10006140:	d013      	beq.n	1000616a <usbd_control_xfer_cb+0x3a>
10006142:	2000      	movs	r0, #0
10006144:	2d00      	cmp	r5, #0
10006146:	d000      	beq.n	1000614a <usbd_control_xfer_cb+0x1a>
10006148:	bdf8      	pop	{r3, r4, r5, r6, r7, pc}
1000614a:	4b36      	ldr	r3, [pc, #216]	; (10006224 <usbd_control_xfer_cb+0xf4>)
1000614c:	2b00      	cmp	r3, #0
1000614e:	d003      	beq.n	10006158 <usbd_control_xfer_cb+0x28>
10006150:	0021      	movs	r1, r4
10006152:	0030      	movs	r0, r6
10006154:	f7fe fd62 	bl	10004c1c <dcd_edpt0_status_complete>
10006158:	6923      	ldr	r3, [r4, #16]
1000615a:	2b00      	cmp	r3, #0
1000615c:	d044      	beq.n	100061e8 <usbd_control_xfer_cb+0xb8>
1000615e:	0022      	movs	r2, r4
10006160:	2102      	movs	r1, #2
10006162:	0030      	movs	r0, r6
10006164:	4798      	blx	r3
10006166:	2001      	movs	r0, #1
10006168:	e7ee      	b.n	10006148 <usbd_control_xfer_cb+0x18>
1000616a:	2b7f      	cmp	r3, #127	; 0x7f
1000616c:	d806      	bhi.n	1000617c <usbd_control_xfer_cb+0x4c>
1000616e:	68a0      	ldr	r0, [r4, #8]
10006170:	2800      	cmp	r0, #0
10006172:	d037      	beq.n	100061e4 <usbd_control_xfer_cb+0xb4>
10006174:	002a      	movs	r2, r5
10006176:	492c      	ldr	r1, [pc, #176]	; (10006228 <usbd_control_xfer_cb+0xf8>)
10006178:	f7fd ff98 	bl	100040ac <__wrap___aeabi_memcpy>
1000617c:	68a3      	ldr	r3, [r4, #8]
1000617e:	89e2      	ldrh	r2, [r4, #14]
10006180:	1959      	adds	r1, r3, r5
10006182:	1952      	adds	r2, r2, r5
10006184:	88e3      	ldrh	r3, [r4, #6]
10006186:	b292      	uxth	r2, r2
10006188:	81e2      	strh	r2, [r4, #14]
1000618a:	60a1      	str	r1, [r4, #8]
1000618c:	4293      	cmp	r3, r2
1000618e:	d014      	beq.n	100061ba <usbd_control_xfer_cb+0x8a>
10006190:	2d3f      	cmp	r5, #63	; 0x3f
10006192:	d912      	bls.n	100061ba <usbd_control_xfer_cb+0x8a>
10006194:	89a5      	ldrh	r5, [r4, #12]
10006196:	1aa8      	subs	r0, r5, r2
10006198:	1c07      	adds	r7, r0, #0
1000619a:	b280      	uxth	r0, r0
1000619c:	2840      	cmp	r0, #64	; 0x40
1000619e:	d82f      	bhi.n	10006200 <usbd_control_xfer_cb+0xd0>
100061a0:	7823      	ldrb	r3, [r4, #0]
100061a2:	b2bf      	uxth	r7, r7
100061a4:	2b7f      	cmp	r3, #127	; 0x7f
100061a6:	d82d      	bhi.n	10006204 <usbd_control_xfer_cb+0xd4>
100061a8:	2100      	movs	r1, #0
100061aa:	42aa      	cmp	r2, r5
100061ac:	d035      	beq.n	1000621a <usbd_control_xfer_cb+0xea>
100061ae:	4a1e      	ldr	r2, [pc, #120]	; (10006228 <usbd_control_xfer_cb+0xf8>)
100061b0:	003b      	movs	r3, r7
100061b2:	0030      	movs	r0, r6
100061b4:	f7ff ff04 	bl	10005fc0 <usbd_edpt_xfer>
100061b8:	e7c6      	b.n	10006148 <usbd_control_xfer_cb+0x18>
100061ba:	6923      	ldr	r3, [r4, #16]
100061bc:	2b00      	cmp	r3, #0
100061be:	d005      	beq.n	100061cc <usbd_control_xfer_cb+0x9c>
100061c0:	0022      	movs	r2, r4
100061c2:	2101      	movs	r1, #1
100061c4:	0030      	movs	r0, r6
100061c6:	4798      	blx	r3
100061c8:	2800      	cmp	r0, #0
100061ca:	d00f      	beq.n	100061ec <usbd_control_xfer_cb+0xbc>
100061cc:	227f      	movs	r2, #127	; 0x7f
100061ce:	2100      	movs	r1, #0
100061d0:	7823      	ldrb	r3, [r4, #0]
100061d2:	0030      	movs	r0, r6
100061d4:	429a      	cmp	r2, r3
100061d6:	4149      	adcs	r1, r1
100061d8:	2300      	movs	r3, #0
100061da:	2200      	movs	r2, #0
100061dc:	01c9      	lsls	r1, r1, #7
100061de:	f7ff feef 	bl	10005fc0 <usbd_edpt_xfer>
100061e2:	e7b1      	b.n	10006148 <usbd_control_xfer_cb+0x18>
100061e4:	2000      	movs	r0, #0
100061e6:	e7af      	b.n	10006148 <usbd_control_xfer_cb+0x18>
100061e8:	2001      	movs	r0, #1
100061ea:	e7ad      	b.n	10006148 <usbd_control_xfer_cb+0x18>
100061ec:	2100      	movs	r1, #0
100061ee:	0030      	movs	r0, r6
100061f0:	f7fe fe0a 	bl	10004e08 <dcd_edpt_stall>
100061f4:	0030      	movs	r0, r6
100061f6:	2180      	movs	r1, #128	; 0x80
100061f8:	f7fe fe06 	bl	10004e08 <dcd_edpt_stall>
100061fc:	2001      	movs	r0, #1
100061fe:	e7a3      	b.n	10006148 <usbd_control_xfer_cb+0x18>
10006200:	2740      	movs	r7, #64	; 0x40
10006202:	e7cd      	b.n	100061a0 <usbd_control_xfer_cb+0x70>
10006204:	42aa      	cmp	r2, r5
10006206:	d007      	beq.n	10006218 <usbd_control_xfer_cb+0xe8>
10006208:	4c07      	ldr	r4, [pc, #28]	; (10006228 <usbd_control_xfer_cb+0xf8>)
1000620a:	003a      	movs	r2, r7
1000620c:	0020      	movs	r0, r4
1000620e:	f7fd ff4d 	bl	100040ac <__wrap___aeabi_memcpy>
10006212:	2180      	movs	r1, #128	; 0x80
10006214:	0022      	movs	r2, r4
10006216:	e7cb      	b.n	100061b0 <usbd_control_xfer_cb+0x80>
10006218:	2180      	movs	r1, #128	; 0x80
1000621a:	2200      	movs	r2, #0
1000621c:	e7c8      	b.n	100061b0 <usbd_control_xfer_cb+0x80>
1000621e:	46c0      	nop			; (mov r8, r8)
10006220:	20001dc4 	.word	0x20001dc4
10006224:	10004c1d 	.word	0x10004c1d
10006228:	20001de0 	.word	0x20001de0

1000622c <tud_cdc_n_connected>:
1000622c:	b510      	push	{r4, lr}
1000622e:	0004      	movs	r4, r0
10006230:	f7ff f808 	bl	10005244 <tud_mounted>
10006234:	2800      	cmp	r0, #0
10006236:	d101      	bne.n	1000623c <tud_cdc_n_connected+0x10>
10006238:	2000      	movs	r0, #0
1000623a:	bd10      	pop	{r4, pc}
1000623c:	f7ff f80a 	bl	10005254 <tud_suspended>
10006240:	2800      	cmp	r0, #0
10006242:	d1f9      	bne.n	10006238 <tud_cdc_n_connected+0xc>
10006244:	20b6      	movs	r0, #182	; 0xb6
10006246:	0080      	lsls	r0, r0, #2
10006248:	4344      	muls	r4, r0
1000624a:	4803      	ldr	r0, [pc, #12]	; (10006258 <tud_cdc_n_connected+0x2c>)
1000624c:	1900      	adds	r0, r0, r4
1000624e:	7903      	ldrb	r3, [r0, #4]
10006250:	2001      	movs	r0, #1
10006252:	4018      	ands	r0, r3
10006254:	e7f1      	b.n	1000623a <tud_cdc_n_connected+0xe>
10006256:	46c0      	nop			; (mov r8, r8)
10006258:	20001aec 	.word	0x20001aec

1000625c <tud_cdc_n_available>:
1000625c:	23b6      	movs	r3, #182	; 0xb6
1000625e:	009b      	lsls	r3, r3, #2
10006260:	4358      	muls	r0, r3
10006262:	b510      	push	{r4, lr}
10006264:	4b02      	ldr	r3, [pc, #8]	; (10006270 <tud_cdc_n_available+0x14>)
10006266:	3010      	adds	r0, #16
10006268:	18c0      	adds	r0, r0, r3
1000626a:	f000 fb11 	bl	10006890 <tu_fifo_count>
1000626e:	bd10      	pop	{r4, pc}
10006270:	20001aec 	.word	0x20001aec

10006274 <tud_cdc_n_read>:
10006274:	b5f0      	push	{r4, r5, r6, r7, lr}
10006276:	25b6      	movs	r5, #182	; 0xb6
10006278:	00ad      	lsls	r5, r5, #2
1000627a:	4345      	muls	r5, r0
1000627c:	002c      	movs	r4, r5
1000627e:	46c6      	mov	lr, r8
10006280:	4f17      	ldr	r7, [pc, #92]	; (100062e0 <tud_cdc_n_read+0x6c>)
10006282:	3410      	adds	r4, #16
10006284:	19e4      	adds	r4, r4, r7
10006286:	b500      	push	{lr}
10006288:	0020      	movs	r0, r4
1000628a:	b292      	uxth	r2, r2
1000628c:	f000 fb74 	bl	10006978 <tu_fifo_read_n>
10006290:	0006      	movs	r6, r0
10006292:	0020      	movs	r0, r4
10006294:	f000 fb14 	bl	100068c0 <tu_fifo_remaining>
10006298:	283f      	cmp	r0, #63	; 0x3f
1000629a:	d803      	bhi.n	100062a4 <tud_cdc_n_read+0x30>
1000629c:	0030      	movs	r0, r6
1000629e:	bc80      	pop	{r7}
100062a0:	46b8      	mov	r8, r7
100062a2:	bdf0      	pop	{r4, r5, r6, r7, pc}
100062a4:	197b      	adds	r3, r7, r5
100062a6:	2000      	movs	r0, #0
100062a8:	78d9      	ldrb	r1, [r3, #3]
100062aa:	4698      	mov	r8, r3
100062ac:	f7ff fe30 	bl	10005f10 <usbd_edpt_claim>
100062b0:	2800      	cmp	r0, #0
100062b2:	d0f3      	beq.n	1000629c <tud_cdc_n_read+0x28>
100062b4:	0020      	movs	r0, r4
100062b6:	f000 fb03 	bl	100068c0 <tu_fifo_remaining>
100062ba:	283f      	cmp	r0, #63	; 0x3f
100062bc:	d90a      	bls.n	100062d4 <tud_cdc_n_read+0x60>
100062be:	2396      	movs	r3, #150	; 0x96
100062c0:	009b      	lsls	r3, r3, #2
100062c2:	18ea      	adds	r2, r5, r3
100062c4:	4643      	mov	r3, r8
100062c6:	19d2      	adds	r2, r2, r7
100062c8:	78d9      	ldrb	r1, [r3, #3]
100062ca:	2000      	movs	r0, #0
100062cc:	2340      	movs	r3, #64	; 0x40
100062ce:	f7ff fe77 	bl	10005fc0 <usbd_edpt_xfer>
100062d2:	e7e3      	b.n	1000629c <tud_cdc_n_read+0x28>
100062d4:	4643      	mov	r3, r8
100062d6:	2000      	movs	r0, #0
100062d8:	78d9      	ldrb	r1, [r3, #3]
100062da:	f7ff fe4b 	bl	10005f74 <usbd_edpt_release>
100062de:	e7dd      	b.n	1000629c <tud_cdc_n_read+0x28>
100062e0:	20001aec 	.word	0x20001aec

100062e4 <tud_cdc_n_write_flush>:
100062e4:	b5f8      	push	{r3, r4, r5, r6, r7, lr}
100062e6:	0004      	movs	r4, r0
100062e8:	f7fe ffac 	bl	10005244 <tud_mounted>
100062ec:	2800      	cmp	r0, #0
100062ee:	d101      	bne.n	100062f4 <tud_cdc_n_write_flush+0x10>
100062f0:	2000      	movs	r0, #0
100062f2:	bdf8      	pop	{r3, r4, r5, r6, r7, pc}
100062f4:	f7fe ffae 	bl	10005254 <tud_suspended>
100062f8:	2800      	cmp	r0, #0
100062fa:	d1f9      	bne.n	100062f0 <tud_cdc_n_write_flush+0xc>
100062fc:	20b6      	movs	r0, #182	; 0xb6
100062fe:	0080      	lsls	r0, r0, #2
10006300:	4344      	muls	r4, r0
10006302:	0025      	movs	r5, r4
10006304:	4e14      	ldr	r6, [pc, #80]	; (10006358 <tud_cdc_n_write_flush+0x74>)
10006306:	352c      	adds	r5, #44	; 0x2c
10006308:	19ad      	adds	r5, r5, r6
1000630a:	0028      	movs	r0, r5
1000630c:	f000 fac0 	bl	10006890 <tu_fifo_count>
10006310:	2800      	cmp	r0, #0
10006312:	d0ed      	beq.n	100062f0 <tud_cdc_n_write_flush+0xc>
10006314:	1937      	adds	r7, r6, r4
10006316:	2000      	movs	r0, #0
10006318:	78b9      	ldrb	r1, [r7, #2]
1000631a:	f7ff fdf9 	bl	10005f10 <usbd_edpt_claim>
1000631e:	2800      	cmp	r0, #0
10006320:	d0e6      	beq.n	100062f0 <tud_cdc_n_write_flush+0xc>
10006322:	23a6      	movs	r3, #166	; 0xa6
10006324:	009b      	lsls	r3, r3, #2
10006326:	469c      	mov	ip, r3
10006328:	4464      	add	r4, ip
1000632a:	19a4      	adds	r4, r4, r6
1000632c:	0021      	movs	r1, r4
1000632e:	0028      	movs	r0, r5
10006330:	2240      	movs	r2, #64	; 0x40
10006332:	f000 fb21 	bl	10006978 <tu_fifo_read_n>
10006336:	78b9      	ldrb	r1, [r7, #2]
10006338:	1e05      	subs	r5, r0, #0
1000633a:	d008      	beq.n	1000634e <tud_cdc_n_write_flush+0x6a>
1000633c:	0003      	movs	r3, r0
1000633e:	0022      	movs	r2, r4
10006340:	2000      	movs	r0, #0
10006342:	f7ff fe3d 	bl	10005fc0 <usbd_edpt_xfer>
10006346:	2800      	cmp	r0, #0
10006348:	d0d2      	beq.n	100062f0 <tud_cdc_n_write_flush+0xc>
1000634a:	0028      	movs	r0, r5
1000634c:	e7d1      	b.n	100062f2 <tud_cdc_n_write_flush+0xe>
1000634e:	2000      	movs	r0, #0
10006350:	f7ff fe10 	bl	10005f74 <usbd_edpt_release>
10006354:	e7cc      	b.n	100062f0 <tud_cdc_n_write_flush+0xc>
10006356:	46c0      	nop			; (mov r8, r8)
10006358:	20001aec 	.word	0x20001aec

1000635c <tud_cdc_n_write>:
1000635c:	b570      	push	{r4, r5, r6, lr}
1000635e:	24b6      	movs	r4, #182	; 0xb6
10006360:	00a4      	lsls	r4, r4, #2
10006362:	4344      	muls	r4, r0
10006364:	4b09      	ldr	r3, [pc, #36]	; (1000638c <tud_cdc_n_write+0x30>)
10006366:	342c      	adds	r4, #44	; 0x2c
10006368:	18e4      	adds	r4, r4, r3
1000636a:	0005      	movs	r5, r0
1000636c:	b292      	uxth	r2, r2
1000636e:	0020      	movs	r0, r4
10006370:	f000 fbc0 	bl	10006af4 <tu_fifo_write_n>
10006374:	0006      	movs	r6, r0
10006376:	0020      	movs	r0, r4
10006378:	f000 fa8a 	bl	10006890 <tu_fifo_count>
1000637c:	283f      	cmp	r0, #63	; 0x3f
1000637e:	d801      	bhi.n	10006384 <tud_cdc_n_write+0x28>
10006380:	0030      	movs	r0, r6
10006382:	bd70      	pop	{r4, r5, r6, pc}
10006384:	0028      	movs	r0, r5
10006386:	f7ff ffad 	bl	100062e4 <tud_cdc_n_write_flush>
1000638a:	e7f9      	b.n	10006380 <tud_cdc_n_write+0x24>
1000638c:	20001aec 	.word	0x20001aec

10006390 <tud_cdc_n_write_available>:
10006390:	23b6      	movs	r3, #182	; 0xb6
10006392:	009b      	lsls	r3, r3, #2
10006394:	4358      	muls	r0, r3
10006396:	b510      	push	{r4, lr}
10006398:	4b02      	ldr	r3, [pc, #8]	; (100063a4 <tud_cdc_n_write_available+0x14>)
1000639a:	302c      	adds	r0, #44	; 0x2c
1000639c:	18c0      	adds	r0, r0, r3
1000639e:	f000 fa8f 	bl	100068c0 <tu_fifo_remaining>
100063a2:	bd10      	pop	{r4, pc}
100063a4:	20001aec 	.word	0x20001aec

100063a8 <cdcd_init>:
100063a8:	22b6      	movs	r2, #182	; 0xb6
100063aa:	b5f0      	push	{r4, r5, r6, r7, lr}
100063ac:	4c1b      	ldr	r4, [pc, #108]	; (1000641c <cdcd_init+0x74>)
100063ae:	b083      	sub	sp, #12
100063b0:	2100      	movs	r1, #0
100063b2:	0020      	movs	r0, r4
100063b4:	0092      	lsls	r2, r2, #2
100063b6:	f7fd fe73 	bl	100040a0 <__wrap_memset>
100063ba:	23ff      	movs	r3, #255	; 0xff
100063bc:	7163      	strb	r3, [r4, #5]
100063be:	4b18      	ldr	r3, [pc, #96]	; (10006420 <cdcd_init+0x78>)
100063c0:	2680      	movs	r6, #128	; 0x80
100063c2:	2500      	movs	r5, #0
100063c4:	80e3      	strh	r3, [r4, #6]
100063c6:	2701      	movs	r7, #1
100063c8:	2308      	movs	r3, #8
100063ca:	0021      	movs	r1, r4
100063cc:	0020      	movs	r0, r4
100063ce:	0076      	lsls	r6, r6, #1
100063d0:	7323      	strb	r3, [r4, #12]
100063d2:	0032      	movs	r2, r6
100063d4:	8127      	strh	r7, [r4, #8]
100063d6:	3148      	adds	r1, #72	; 0x48
100063d8:	9500      	str	r5, [sp, #0]
100063da:	3b07      	subs	r3, #7
100063dc:	3010      	adds	r0, #16
100063de:	f000 fa1b 	bl	10006818 <tu_fifo_config>
100063e2:	0021      	movs	r1, r4
100063e4:	0020      	movs	r0, r4
100063e6:	3149      	adds	r1, #73	; 0x49
100063e8:	0032      	movs	r2, r6
100063ea:	31ff      	adds	r1, #255	; 0xff
100063ec:	2301      	movs	r3, #1
100063ee:	9700      	str	r7, [sp, #0]
100063f0:	302c      	adds	r0, #44	; 0x2c
100063f2:	f000 fa11 	bl	10006818 <tu_fifo_config>
100063f6:	2392      	movs	r3, #146	; 0x92
100063f8:	009b      	lsls	r3, r3, #2
100063fa:	18e6      	adds	r6, r4, r3
100063fc:	0030      	movs	r0, r6
100063fe:	f7fb fc4b 	bl	10001c98 <mutex_init>
10006402:	2394      	movs	r3, #148	; 0x94
10006404:	009b      	lsls	r3, r3, #2
10006406:	62a6      	str	r6, [r4, #40]	; 0x28
10006408:	18e6      	adds	r6, r4, r3
1000640a:	0030      	movs	r0, r6
1000640c:	6265      	str	r5, [r4, #36]	; 0x24
1000640e:	f7fb fc43 	bl	10001c98 <mutex_init>
10006412:	6426      	str	r6, [r4, #64]	; 0x40
10006414:	6465      	str	r5, [r4, #68]	; 0x44
10006416:	b003      	add	sp, #12
10006418:	bdf0      	pop	{r4, r5, r6, r7, pc}
1000641a:	46c0      	nop			; (mov r8, r8)
1000641c:	20001aec 	.word	0x20001aec
10006420:	ffffc200 	.word	0xffffc200

10006424 <cdcd_reset>:
10006424:	b510      	push	{r4, lr}
10006426:	4c09      	ldr	r4, [pc, #36]	; (1000644c <cdcd_reset+0x28>)
10006428:	2205      	movs	r2, #5
1000642a:	2100      	movs	r1, #0
1000642c:	0020      	movs	r0, r4
1000642e:	f7fd fe37 	bl	100040a0 <__wrap_memset>
10006432:	0020      	movs	r0, r4
10006434:	342c      	adds	r4, #44	; 0x2c
10006436:	3010      	adds	r0, #16
10006438:	f000 fbdc 	bl	10006bf4 <tu_fifo_clear>
1000643c:	0020      	movs	r0, r4
1000643e:	f000 fbd9 	bl	10006bf4 <tu_fifo_clear>
10006442:	2101      	movs	r1, #1
10006444:	0020      	movs	r0, r4
10006446:	f000 fbfb 	bl	10006c40 <tu_fifo_set_overwritable>
1000644a:	bd10      	pop	{r4, pc}
1000644c:	20001aec 	.word	0x20001aec

10006450 <cdcd_open>:
10006450:	b5f0      	push	{r4, r5, r6, r7, lr}
10006452:	794b      	ldrb	r3, [r1, #5]
10006454:	0006      	movs	r6, r0
10006456:	b083      	sub	sp, #12
10006458:	2b02      	cmp	r3, #2
1000645a:	d102      	bne.n	10006462 <cdcd_open+0x12>
1000645c:	798b      	ldrb	r3, [r1, #6]
1000645e:	2b02      	cmp	r3, #2
10006460:	d003      	beq.n	1000646a <cdcd_open+0x1a>
10006462:	2500      	movs	r5, #0
10006464:	0028      	movs	r0, r5
10006466:	b003      	add	sp, #12
10006468:	bdf0      	pop	{r4, r5, r6, r7, pc}
1000646a:	4f2f      	ldr	r7, [pc, #188]	; (10006528 <cdcd_open+0xd8>)
1000646c:	78bb      	ldrb	r3, [r7, #2]
1000646e:	2b00      	cmp	r3, #0
10006470:	d1f7      	bne.n	10006462 <cdcd_open+0x12>
10006472:	788b      	ldrb	r3, [r1, #2]
10006474:	2509      	movs	r5, #9
10006476:	703b      	strb	r3, [r7, #0]
10006478:	780c      	ldrb	r4, [r1, #0]
1000647a:	190c      	adds	r4, r1, r4
1000647c:	7863      	ldrb	r3, [r4, #1]
1000647e:	2b24      	cmp	r3, #36	; 0x24
10006480:	d10b      	bne.n	1000649a <cdcd_open+0x4a>
10006482:	2a08      	cmp	r2, #8
10006484:	d802      	bhi.n	1000648c <cdcd_open+0x3c>
10006486:	e00f      	b.n	100064a8 <cdcd_open+0x58>
10006488:	42aa      	cmp	r2, r5
1000648a:	d30d      	bcc.n	100064a8 <cdcd_open+0x58>
1000648c:	7823      	ldrb	r3, [r4, #0]
1000648e:	18e4      	adds	r4, r4, r3
10006490:	18ed      	adds	r5, r5, r3
10006492:	7863      	ldrb	r3, [r4, #1]
10006494:	b2ad      	uxth	r5, r5
10006496:	2b24      	cmp	r3, #36	; 0x24
10006498:	d0f6      	beq.n	10006488 <cdcd_open+0x38>
1000649a:	2b05      	cmp	r3, #5
1000649c:	d020      	beq.n	100064e0 <cdcd_open+0x90>
1000649e:	2b04      	cmp	r3, #4
100064a0:	d102      	bne.n	100064a8 <cdcd_open+0x58>
100064a2:	7963      	ldrb	r3, [r4, #5]
100064a4:	2b0a      	cmp	r3, #10
100064a6:	d02e      	beq.n	10006506 <cdcd_open+0xb6>
100064a8:	4c20      	ldr	r4, [pc, #128]	; (1000652c <cdcd_open+0xdc>)
100064aa:	0020      	movs	r0, r4
100064ac:	f000 fa08 	bl	100068c0 <tu_fifo_remaining>
100064b0:	283f      	cmp	r0, #63	; 0x3f
100064b2:	d9d7      	bls.n	10006464 <cdcd_open+0x14>
100064b4:	0026      	movs	r6, r4
100064b6:	3e10      	subs	r6, #16
100064b8:	2000      	movs	r0, #0
100064ba:	78f1      	ldrb	r1, [r6, #3]
100064bc:	f7ff fd28 	bl	10005f10 <usbd_edpt_claim>
100064c0:	2800      	cmp	r0, #0
100064c2:	d0cf      	beq.n	10006464 <cdcd_open+0x14>
100064c4:	0020      	movs	r0, r4
100064c6:	f000 f9fb 	bl	100068c0 <tu_fifo_remaining>
100064ca:	283f      	cmp	r0, #63	; 0x3f
100064cc:	d916      	bls.n	100064fc <cdcd_open+0xac>
100064ce:	2392      	movs	r3, #146	; 0x92
100064d0:	009b      	lsls	r3, r3, #2
100064d2:	18e2      	adds	r2, r4, r3
100064d4:	78f1      	ldrb	r1, [r6, #3]
100064d6:	2340      	movs	r3, #64	; 0x40
100064d8:	2000      	movs	r0, #0
100064da:	f7ff fd71 	bl	10005fc0 <usbd_edpt_xfer>
100064de:	e7c1      	b.n	10006464 <cdcd_open+0x14>
100064e0:	0021      	movs	r1, r4
100064e2:	0030      	movs	r0, r6
100064e4:	f7ff fcfc 	bl	10005ee0 <usbd_edpt_open>
100064e8:	2800      	cmp	r0, #0
100064ea:	d0ba      	beq.n	10006462 <cdcd_open+0x12>
100064ec:	78a3      	ldrb	r3, [r4, #2]
100064ee:	707b      	strb	r3, [r7, #1]
100064f0:	7823      	ldrb	r3, [r4, #0]
100064f2:	18ed      	adds	r5, r5, r3
100064f4:	18e4      	adds	r4, r4, r3
100064f6:	7863      	ldrb	r3, [r4, #1]
100064f8:	b2ad      	uxth	r5, r5
100064fa:	e7d0      	b.n	1000649e <cdcd_open+0x4e>
100064fc:	78f1      	ldrb	r1, [r6, #3]
100064fe:	2000      	movs	r0, #0
10006500:	f7ff fd38 	bl	10005f74 <usbd_edpt_release>
10006504:	e7ae      	b.n	10006464 <cdcd_open+0x14>
10006506:	4b0a      	ldr	r3, [pc, #40]	; (10006530 <cdcd_open+0xe0>)
10006508:	7827      	ldrb	r7, [r4, #0]
1000650a:	9301      	str	r3, [sp, #4]
1000650c:	3301      	adds	r3, #1
1000650e:	9300      	str	r3, [sp, #0]
10006510:	2202      	movs	r2, #2
10006512:	2302      	movs	r3, #2
10006514:	0030      	movs	r0, r6
10006516:	19e1      	adds	r1, r4, r7
10006518:	f7ff fca2 	bl	10005e60 <usbd_open_edpt_pair>
1000651c:	2800      	cmp	r0, #0
1000651e:	d0a0      	beq.n	10006462 <cdcd_open+0x12>
10006520:	350e      	adds	r5, #14
10006522:	19ed      	adds	r5, r5, r7
10006524:	b2ad      	uxth	r5, r5
10006526:	e7bf      	b.n	100064a8 <cdcd_open+0x58>
10006528:	20001aec 	.word	0x20001aec
1000652c:	20001afc 	.word	0x20001afc
10006530:	20001aee 	.word	0x20001aee

10006534 <cdcd_control_xfer_cb>:
10006534:	b5f8      	push	{r3, r4, r5, r6, r7, lr}
10006536:	2360      	movs	r3, #96	; 0x60
10006538:	0014      	movs	r4, r2
1000653a:	7812      	ldrb	r2, [r2, #0]
1000653c:	0005      	movs	r5, r0
1000653e:	4013      	ands	r3, r2
10006540:	2000      	movs	r0, #0
10006542:	2b20      	cmp	r3, #32
10006544:	d112      	bne.n	1000656c <cdcd_control_xfer_cb+0x38>
10006546:	4a2f      	ldr	r2, [pc, #188]	; (10006604 <cdcd_control_xfer_cb+0xd0>)
10006548:	7963      	ldrb	r3, [r4, #5]
1000654a:	7927      	ldrb	r7, [r4, #4]
1000654c:	7816      	ldrb	r6, [r2, #0]
1000654e:	021b      	lsls	r3, r3, #8
10006550:	433b      	orrs	r3, r7
10006552:	429e      	cmp	r6, r3
10006554:	d10a      	bne.n	1000656c <cdcd_control_xfer_cb+0x38>
10006556:	7863      	ldrb	r3, [r4, #1]
10006558:	2b22      	cmp	r3, #34	; 0x22
1000655a:	d027      	beq.n	100065ac <cdcd_control_xfer_cb+0x78>
1000655c:	d807      	bhi.n	1000656e <cdcd_control_xfer_cb+0x3a>
1000655e:	2b20      	cmp	r3, #32
10006560:	d017      	beq.n	10006592 <cdcd_control_xfer_cb+0x5e>
10006562:	2b21      	cmp	r3, #33	; 0x21
10006564:	d102      	bne.n	1000656c <cdcd_control_xfer_cb+0x38>
10006566:	2900      	cmp	r1, #0
10006568:	d03d      	beq.n	100065e6 <cdcd_control_xfer_cb+0xb2>
1000656a:	2001      	movs	r0, #1
1000656c:	bdf8      	pop	{r3, r4, r5, r6, r7, pc}
1000656e:	2b23      	cmp	r3, #35	; 0x23
10006570:	d1fc      	bne.n	1000656c <cdcd_control_xfer_cb+0x38>
10006572:	2900      	cmp	r1, #0
10006574:	d03f      	beq.n	100065f6 <cdcd_control_xfer_cb+0xc2>
10006576:	2902      	cmp	r1, #2
10006578:	d1f7      	bne.n	1000656a <cdcd_control_xfer_cb+0x36>
1000657a:	4b23      	ldr	r3, [pc, #140]	; (10006608 <cdcd_control_xfer_cb+0xd4>)
1000657c:	2b00      	cmp	r3, #0
1000657e:	d0f4      	beq.n	1000656a <cdcd_control_xfer_cb+0x36>
10006580:	78e1      	ldrb	r1, [r4, #3]
10006582:	78a3      	ldrb	r3, [r4, #2]
10006584:	0209      	lsls	r1, r1, #8
10006586:	2000      	movs	r0, #0
10006588:	4319      	orrs	r1, r3
1000658a:	e000      	b.n	1000658e <cdcd_control_xfer_cb+0x5a>
1000658c:	bf00      	nop
1000658e:	2001      	movs	r0, #1
10006590:	e7ec      	b.n	1000656c <cdcd_control_xfer_cb+0x38>
10006592:	2900      	cmp	r1, #0
10006594:	d027      	beq.n	100065e6 <cdcd_control_xfer_cb+0xb2>
10006596:	2902      	cmp	r1, #2
10006598:	d1e7      	bne.n	1000656a <cdcd_control_xfer_cb+0x36>
1000659a:	4b1c      	ldr	r3, [pc, #112]	; (1000660c <cdcd_control_xfer_cb+0xd8>)
1000659c:	2b00      	cmp	r3, #0
1000659e:	d0e4      	beq.n	1000656a <cdcd_control_xfer_cb+0x36>
100065a0:	2000      	movs	r0, #0
100065a2:	1d91      	adds	r1, r2, #6
100065a4:	f7fd fff2 	bl	1000458c <tud_cdc_line_coding_cb>
100065a8:	2001      	movs	r0, #1
100065aa:	e7df      	b.n	1000656c <cdcd_control_xfer_cb+0x38>
100065ac:	2900      	cmp	r1, #0
100065ae:	d022      	beq.n	100065f6 <cdcd_control_xfer_cb+0xc2>
100065b0:	2902      	cmp	r1, #2
100065b2:	d1da      	bne.n	1000656a <cdcd_control_xfer_cb+0x36>
100065b4:	2501      	movs	r5, #1
100065b6:	002e      	movs	r6, r5
100065b8:	78a3      	ldrb	r3, [r4, #2]
100065ba:	78e4      	ldrb	r4, [r4, #3]
100065bc:	3901      	subs	r1, #1
100065be:	0224      	lsls	r4, r4, #8
100065c0:	431c      	orrs	r4, r3
100065c2:	7114      	strb	r4, [r2, #4]
100065c4:	4026      	ands	r6, r4
100065c6:	322c      	adds	r2, #44	; 0x2c
100065c8:	0010      	movs	r0, r2
100065ca:	4071      	eors	r1, r6
100065cc:	f000 fb38 	bl	10006c40 <tu_fifo_set_overwritable>
100065d0:	4b0f      	ldr	r3, [pc, #60]	; (10006610 <cdcd_control_xfer_cb+0xdc>)
100065d2:	2b00      	cmp	r3, #0
100065d4:	d0c9      	beq.n	1000656a <cdcd_control_xfer_cb+0x36>
100065d6:	0862      	lsrs	r2, r4, #1
100065d8:	2000      	movs	r0, #0
100065da:	0031      	movs	r1, r6
100065dc:	402a      	ands	r2, r5
100065de:	e000      	b.n	100065e2 <cdcd_control_xfer_cb+0xae>
100065e0:	bf00      	nop
100065e2:	2001      	movs	r0, #1
100065e4:	e7c2      	b.n	1000656c <cdcd_control_xfer_cb+0x38>
100065e6:	2307      	movs	r3, #7
100065e8:	0021      	movs	r1, r4
100065ea:	0028      	movs	r0, r5
100065ec:	4a09      	ldr	r2, [pc, #36]	; (10006614 <cdcd_control_xfer_cb+0xe0>)
100065ee:	f7ff fd23 	bl	10006038 <tud_control_xfer>
100065f2:	2001      	movs	r0, #1
100065f4:	e7ba      	b.n	1000656c <cdcd_control_xfer_cb+0x38>
100065f6:	0021      	movs	r1, r4
100065f8:	0028      	movs	r0, r5
100065fa:	f7ff fd05 	bl	10006008 <tud_control_status>
100065fe:	2001      	movs	r0, #1
10006600:	e7b4      	b.n	1000656c <cdcd_control_xfer_cb+0x38>
10006602:	46c0      	nop			; (mov r8, r8)
10006604:	20001aec 	.word	0x20001aec
10006608:	00000000 	.word	0x00000000
1000660c:	1000458d 	.word	0x1000458d
10006610:	00000000 	.word	0x00000000
10006614:	20001af2 	.word	0x20001af2

10006618 <cdcd_xfer_cb>:
10006618:	b5f8      	push	{r3, r4, r5, r6, r7, lr}
1000661a:	4657      	mov	r7, sl
1000661c:	464e      	mov	r6, r9
1000661e:	4645      	mov	r5, r8
10006620:	46de      	mov	lr, fp
10006622:	b5e0      	push	{r5, r6, r7, lr}
10006624:	4f49      	ldr	r7, [pc, #292]	; (1000674c <cdcd_xfer_cb+0x134>)
10006626:	4680      	mov	r8, r0
10006628:	78fa      	ldrb	r2, [r7, #3]
1000662a:	000c      	movs	r4, r1
1000662c:	001e      	movs	r6, r3
1000662e:	428a      	cmp	r2, r1
10006630:	d164      	bne.n	100066fc <cdcd_xfer_cb+0xe4>
10006632:	b29a      	uxth	r2, r3
10006634:	2396      	movs	r3, #150	; 0x96
10006636:	009b      	lsls	r3, r3, #2
10006638:	18fd      	adds	r5, r7, r3
1000663a:	2310      	movs	r3, #16
1000663c:	469b      	mov	fp, r3
1000663e:	44bb      	add	fp, r7
10006640:	0029      	movs	r1, r5
10006642:	4658      	mov	r0, fp
10006644:	f000 fa56 	bl	10006af4 <tu_fifo_write_n>
10006648:	4b41      	ldr	r3, [pc, #260]	; (10006750 <cdcd_xfer_cb+0x138>)
1000664a:	46d9      	mov	r9, fp
1000664c:	2b00      	cmp	r3, #0
1000664e:	d018      	beq.n	10006682 <cdcd_xfer_cb+0x6a>
10006650:	797b      	ldrb	r3, [r7, #5]
10006652:	46d9      	mov	r9, fp
10006654:	2bff      	cmp	r3, #255	; 0xff
10006656:	d014      	beq.n	10006682 <cdcd_xfer_cb+0x6a>
10006658:	2e00      	cmp	r6, #0
1000665a:	d012      	beq.n	10006682 <cdcd_xfer_cb+0x6a>
1000665c:	19aa      	adds	r2, r5, r6
1000665e:	4692      	mov	sl, r2
10006660:	e003      	b.n	1000666a <cdcd_xfer_cb+0x52>
10006662:	3501      	adds	r5, #1
10006664:	4555      	cmp	r5, sl
10006666:	d00c      	beq.n	10006682 <cdcd_xfer_cb+0x6a>
10006668:	797b      	ldrb	r3, [r7, #5]
1000666a:	782a      	ldrb	r2, [r5, #0]
1000666c:	429a      	cmp	r2, r3
1000666e:	d1f8      	bne.n	10006662 <cdcd_xfer_cb+0x4a>
10006670:	4648      	mov	r0, r9
10006672:	f000 f91d 	bl	100068b0 <tu_fifo_empty>
10006676:	2800      	cmp	r0, #0
10006678:	d1f3      	bne.n	10006662 <cdcd_xfer_cb+0x4a>
1000667a:	7979      	ldrb	r1, [r7, #5]
1000667c:	e000      	b.n	10006680 <cdcd_xfer_cb+0x68>
1000667e:	bf00      	nop
10006680:	e7ef      	b.n	10006662 <cdcd_xfer_cb+0x4a>
10006682:	4b34      	ldr	r3, [pc, #208]	; (10006754 <cdcd_xfer_cb+0x13c>)
10006684:	2b00      	cmp	r3, #0
10006686:	d004      	beq.n	10006692 <cdcd_xfer_cb+0x7a>
10006688:	4648      	mov	r0, r9
1000668a:	f000 f911 	bl	100068b0 <tu_fifo_empty>
1000668e:	2800      	cmp	r0, #0
10006690:	d052      	beq.n	10006738 <cdcd_xfer_cb+0x120>
10006692:	4648      	mov	r0, r9
10006694:	f000 f914 	bl	100068c0 <tu_fifo_remaining>
10006698:	283f      	cmp	r0, #63	; 0x3f
1000669a:	d834      	bhi.n	10006706 <cdcd_xfer_cb+0xee>
1000669c:	464a      	mov	r2, r9
1000669e:	3a10      	subs	r2, #16
100066a0:	7893      	ldrb	r3, [r2, #2]
100066a2:	42a3      	cmp	r3, r4
100066a4:	d007      	beq.n	100066b6 <cdcd_xfer_cb+0x9e>
100066a6:	2401      	movs	r4, #1
100066a8:	0020      	movs	r0, r4
100066aa:	bcf0      	pop	{r4, r5, r6, r7}
100066ac:	46bb      	mov	fp, r7
100066ae:	46b2      	mov	sl, r6
100066b0:	46a9      	mov	r9, r5
100066b2:	46a0      	mov	r8, r4
100066b4:	bdf8      	pop	{r3, r4, r5, r6, r7, pc}
100066b6:	4b28      	ldr	r3, [pc, #160]	; (10006758 <cdcd_xfer_cb+0x140>)
100066b8:	2b00      	cmp	r3, #0
100066ba:	d002      	beq.n	100066c2 <cdcd_xfer_cb+0xaa>
100066bc:	2000      	movs	r0, #0
100066be:	e000      	b.n	100066c2 <cdcd_xfer_cb+0xaa>
100066c0:	bf00      	nop
100066c2:	2000      	movs	r0, #0
100066c4:	f7ff fe0e 	bl	100062e4 <tud_cdc_n_write_flush>
100066c8:	2800      	cmp	r0, #0
100066ca:	d1ec      	bne.n	100066a6 <cdcd_xfer_cb+0x8e>
100066cc:	4d23      	ldr	r5, [pc, #140]	; (1000675c <cdcd_xfer_cb+0x144>)
100066ce:	0028      	movs	r0, r5
100066d0:	f000 f8de 	bl	10006890 <tu_fifo_count>
100066d4:	2800      	cmp	r0, #0
100066d6:	d1e6      	bne.n	100066a6 <cdcd_xfer_cb+0x8e>
100066d8:	2e00      	cmp	r6, #0
100066da:	d0e4      	beq.n	100066a6 <cdcd_xfer_cb+0x8e>
100066dc:	06b3      	lsls	r3, r6, #26
100066de:	d1e2      	bne.n	100066a6 <cdcd_xfer_cb+0x8e>
100066e0:	3d2c      	subs	r5, #44	; 0x2c
100066e2:	4640      	mov	r0, r8
100066e4:	78a9      	ldrb	r1, [r5, #2]
100066e6:	f7ff fc13 	bl	10005f10 <usbd_edpt_claim>
100066ea:	1e04      	subs	r4, r0, #0
100066ec:	d0db      	beq.n	100066a6 <cdcd_xfer_cb+0x8e>
100066ee:	2300      	movs	r3, #0
100066f0:	2200      	movs	r2, #0
100066f2:	4640      	mov	r0, r8
100066f4:	78a9      	ldrb	r1, [r5, #2]
100066f6:	f7ff fc63 	bl	10005fc0 <usbd_edpt_xfer>
100066fa:	e7d5      	b.n	100066a8 <cdcd_xfer_cb+0x90>
100066fc:	78bb      	ldrb	r3, [r7, #2]
100066fe:	428b      	cmp	r3, r1
10006700:	d0d9      	beq.n	100066b6 <cdcd_xfer_cb+0x9e>
10006702:	2400      	movs	r4, #0
10006704:	e7d0      	b.n	100066a8 <cdcd_xfer_cb+0x90>
10006706:	464d      	mov	r5, r9
10006708:	3d10      	subs	r5, #16
1000670a:	2000      	movs	r0, #0
1000670c:	78e9      	ldrb	r1, [r5, #3]
1000670e:	f7ff fbff 	bl	10005f10 <usbd_edpt_claim>
10006712:	2800      	cmp	r0, #0
10006714:	d101      	bne.n	1000671a <cdcd_xfer_cb+0x102>
10006716:	78ab      	ldrb	r3, [r5, #2]
10006718:	e7c3      	b.n	100066a2 <cdcd_xfer_cb+0x8a>
1000671a:	4648      	mov	r0, r9
1000671c:	f000 f8d0 	bl	100068c0 <tu_fifo_remaining>
10006720:	283f      	cmp	r0, #63	; 0x3f
10006722:	d90c      	bls.n	1000673e <cdcd_xfer_cb+0x126>
10006724:	2292      	movs	r2, #146	; 0x92
10006726:	0092      	lsls	r2, r2, #2
10006728:	2340      	movs	r3, #64	; 0x40
1000672a:	2000      	movs	r0, #0
1000672c:	78e9      	ldrb	r1, [r5, #3]
1000672e:	444a      	add	r2, r9
10006730:	f7ff fc46 	bl	10005fc0 <usbd_edpt_xfer>
10006734:	78ab      	ldrb	r3, [r5, #2]
10006736:	e7b4      	b.n	100066a2 <cdcd_xfer_cb+0x8a>
10006738:	e000      	b.n	1000673c <cdcd_xfer_cb+0x124>
1000673a:	bf00      	nop
1000673c:	e7a9      	b.n	10006692 <cdcd_xfer_cb+0x7a>
1000673e:	2000      	movs	r0, #0
10006740:	78e9      	ldrb	r1, [r5, #3]
10006742:	f7ff fc17 	bl	10005f74 <usbd_edpt_release>
10006746:	78ab      	ldrb	r3, [r5, #2]
10006748:	e7ab      	b.n	100066a2 <cdcd_xfer_cb+0x8a>
1000674a:	46c0      	nop			; (mov r8, r8)
1000674c:	20001aec 	.word	0x20001aec
	...
1000675c:	20001b18 	.word	0x20001b18

10006760 <tusb_init>:
10006760:	b510      	push	{r4, lr}
10006762:	2000      	movs	r0, #0
10006764:	f7fe fd84 	bl	10005270 <tud_init>
10006768:	bd10      	pop	{r4, pc}
1000676a:	46c0      	nop			; (mov r8, r8)

1000676c <tusb_inited>:
1000676c:	b510      	push	{r4, lr}
1000676e:	f7fe fd79 	bl	10005264 <tud_inited>
10006772:	bd10      	pop	{r4, pc}

10006774 <tu_edpt_validate>:
10006774:	2207      	movs	r2, #7
10006776:	b510      	push	{r4, lr}
10006778:	7944      	ldrb	r4, [r0, #5]
1000677a:	7903      	ldrb	r3, [r0, #4]
1000677c:	4022      	ands	r2, r4
1000677e:	0212      	lsls	r2, r2, #8
10006780:	431a      	orrs	r2, r3
10006782:	78c3      	ldrb	r3, [r0, #3]
10006784:	079b      	lsls	r3, r3, #30
10006786:	0f9b      	lsrs	r3, r3, #30
10006788:	2b02      	cmp	r3, #2
1000678a:	d005      	beq.n	10006798 <tu_edpt_validate+0x24>
1000678c:	2b03      	cmp	r3, #3
1000678e:	d015      	beq.n	100067bc <tu_edpt_validate+0x48>
10006790:	2000      	movs	r0, #0
10006792:	2b01      	cmp	r3, #1
10006794:	d008      	beq.n	100067a8 <tu_edpt_validate+0x34>
10006796:	bd10      	pop	{r4, pc}
10006798:	2902      	cmp	r1, #2
1000679a:	d01c      	beq.n	100067d6 <tu_edpt_validate+0x62>
1000679c:	2000      	movs	r0, #0
1000679e:	2340      	movs	r3, #64	; 0x40
100067a0:	4293      	cmp	r3, r2
100067a2:	4140      	adcs	r0, r0
100067a4:	b2c0      	uxtb	r0, r0
100067a6:	e7f6      	b.n	10006796 <tu_edpt_validate+0x22>
100067a8:	3902      	subs	r1, #2
100067aa:	424b      	negs	r3, r1
100067ac:	4159      	adcs	r1, r3
100067ae:	4b0d      	ldr	r3, [pc, #52]	; (100067e4 <tu_edpt_validate+0x70>)
100067b0:	469c      	mov	ip, r3
100067b2:	4461      	add	r1, ip
100067b4:	4291      	cmp	r1, r2
100067b6:	4140      	adcs	r0, r0
100067b8:	b2c0      	uxtb	r0, r0
100067ba:	e7ec      	b.n	10006796 <tu_edpt_validate+0x22>
100067bc:	3902      	subs	r1, #2
100067be:	424b      	negs	r3, r1
100067c0:	4159      	adcs	r1, r3
100067c2:	23f0      	movs	r3, #240	; 0xf0
100067c4:	2000      	movs	r0, #0
100067c6:	4249      	negs	r1, r1
100067c8:	009b      	lsls	r3, r3, #2
100067ca:	4019      	ands	r1, r3
100067cc:	3140      	adds	r1, #64	; 0x40
100067ce:	4291      	cmp	r1, r2
100067d0:	4140      	adcs	r0, r0
100067d2:	b2c0      	uxtb	r0, r0
100067d4:	e7df      	b.n	10006796 <tu_edpt_validate+0x22>
100067d6:	4b04      	ldr	r3, [pc, #16]	; (100067e8 <tu_edpt_validate+0x74>)
100067d8:	469c      	mov	ip, r3
100067da:	4462      	add	r2, ip
100067dc:	4253      	negs	r3, r2
100067de:	415a      	adcs	r2, r3
100067e0:	b2d0      	uxtb	r0, r2
100067e2:	e7d8      	b.n	10006796 <tu_edpt_validate+0x22>
100067e4:	000003ff 	.word	0x000003ff
100067e8:	fffffe00 	.word	0xfffffe00

100067ec <tu_edpt_bind_driver>:
100067ec:	b5f0      	push	{r4, r5, r6, r7, lr}
100067ee:	2a00      	cmp	r2, #0
100067f0:	d011      	beq.n	10006816 <tu_edpt_bind_driver+0x2a>
100067f2:	2400      	movs	r4, #0
100067f4:	277f      	movs	r7, #127	; 0x7f
100067f6:	784d      	ldrb	r5, [r1, #1]
100067f8:	2d05      	cmp	r5, #5
100067fa:	d106      	bne.n	1000680a <tu_edpt_bind_driver+0x1e>
100067fc:	003d      	movs	r5, r7
100067fe:	788e      	ldrb	r6, [r1, #2]
10006800:	4035      	ands	r5, r6
10006802:	006d      	lsls	r5, r5, #1
10006804:	09f6      	lsrs	r6, r6, #7
10006806:	1945      	adds	r5, r0, r5
10006808:	55ab      	strb	r3, [r5, r6]
1000680a:	780d      	ldrb	r5, [r1, #0]
1000680c:	1964      	adds	r4, r4, r5
1000680e:	b2a4      	uxth	r4, r4
10006810:	1949      	adds	r1, r1, r5
10006812:	42a2      	cmp	r2, r4
10006814:	d8ef      	bhi.n	100067f6 <tu_edpt_bind_driver+0xa>
10006816:	bdf0      	pop	{r4, r5, r6, r7, pc}

10006818 <tu_fifo_config>:
10006818:	b5f0      	push	{r4, r5, r6, r7, lr}
1000681a:	46c6      	mov	lr, r8
1000681c:	b500      	push	{lr}
1000681e:	0015      	movs	r5, r2
10006820:	aa06      	add	r2, sp, #24
10006822:	001e      	movs	r6, r3
10006824:	7813      	ldrb	r3, [r2, #0]
10006826:	2280      	movs	r2, #128	; 0x80
10006828:	0004      	movs	r4, r0
1000682a:	000f      	movs	r7, r1
1000682c:	4698      	mov	r8, r3
1000682e:	0212      	lsls	r2, r2, #8
10006830:	4295      	cmp	r5, r2
10006832:	d82a      	bhi.n	1000688a <tu_fifo_config+0x72>
10006834:	6940      	ldr	r0, [r0, #20]
10006836:	2800      	cmp	r0, #0
10006838:	d003      	beq.n	10006842 <tu_fifo_config+0x2a>
1000683a:	2101      	movs	r1, #1
1000683c:	4249      	negs	r1, r1
1000683e:	f001 f9ef 	bl	10007c20 <__mutex_enter_timeout_ms_veneer>
10006842:	69a0      	ldr	r0, [r4, #24]
10006844:	2800      	cmp	r0, #0
10006846:	d003      	beq.n	10006850 <tu_fifo_config+0x38>
10006848:	2101      	movs	r1, #1
1000684a:	4249      	negs	r1, r1
1000684c:	f001 f9e8 	bl	10007c20 <__mutex_enter_timeout_ms_veneer>
10006850:	4643      	mov	r3, r8
10006852:	80a5      	strh	r5, [r4, #4]
10006854:	006d      	lsls	r5, r5, #1
10006856:	b2ad      	uxth	r5, r5
10006858:	7223      	strb	r3, [r4, #8]
1000685a:	1e6b      	subs	r3, r5, #1
1000685c:	81a3      	strh	r3, [r4, #12]
1000685e:	2300      	movs	r3, #0
10006860:	6960      	ldr	r0, [r4, #20]
10006862:	426d      	negs	r5, r5
10006864:	81e3      	strh	r3, [r4, #14]
10006866:	6027      	str	r7, [r4, #0]
10006868:	80e6      	strh	r6, [r4, #6]
1000686a:	8165      	strh	r5, [r4, #10]
1000686c:	8223      	strh	r3, [r4, #16]
1000686e:	2800      	cmp	r0, #0
10006870:	d001      	beq.n	10006876 <tu_fifo_config+0x5e>
10006872:	f001 f9b5 	bl	10007be0 <__mutex_exit_veneer>
10006876:	69a0      	ldr	r0, [r4, #24]
10006878:	2401      	movs	r4, #1
1000687a:	2800      	cmp	r0, #0
1000687c:	d001      	beq.n	10006882 <tu_fifo_config+0x6a>
1000687e:	f001 f9af 	bl	10007be0 <__mutex_exit_veneer>
10006882:	0020      	movs	r0, r4
10006884:	bc80      	pop	{r7}
10006886:	46b8      	mov	r8, r7
10006888:	bdf0      	pop	{r4, r5, r6, r7, pc}
1000688a:	2400      	movs	r4, #0
1000688c:	e7f9      	b.n	10006882 <tu_fifo_config+0x6a>
1000688e:	46c0      	nop			; (mov r8, r8)

10006890 <tu_fifo_count>:
10006890:	89c1      	ldrh	r1, [r0, #14]
10006892:	8a02      	ldrh	r2, [r0, #16]
10006894:	1a8b      	subs	r3, r1, r2
10006896:	b29b      	uxth	r3, r3
10006898:	4291      	cmp	r1, r2
1000689a:	d202      	bcs.n	100068a2 <tu_fifo_count+0x12>
1000689c:	8942      	ldrh	r2, [r0, #10]
1000689e:	1a9b      	subs	r3, r3, r2
100068a0:	b29b      	uxth	r3, r3
100068a2:	8882      	ldrh	r2, [r0, #4]
100068a4:	1c10      	adds	r0, r2, #0
100068a6:	429a      	cmp	r2, r3
100068a8:	d900      	bls.n	100068ac <tu_fifo_count+0x1c>
100068aa:	1c18      	adds	r0, r3, #0
100068ac:	b280      	uxth	r0, r0
100068ae:	4770      	bx	lr

100068b0 <tu_fifo_empty>:
100068b0:	0003      	movs	r3, r0
100068b2:	89c0      	ldrh	r0, [r0, #14]
100068b4:	8a1b      	ldrh	r3, [r3, #16]
100068b6:	1ac0      	subs	r0, r0, r3
100068b8:	4243      	negs	r3, r0
100068ba:	4158      	adcs	r0, r3
100068bc:	b2c0      	uxtb	r0, r0
100068be:	4770      	bx	lr

100068c0 <tu_fifo_remaining>:
100068c0:	b510      	push	{r4, lr}
100068c2:	89c4      	ldrh	r4, [r0, #14]
100068c4:	8a01      	ldrh	r1, [r0, #16]
100068c6:	8883      	ldrh	r3, [r0, #4]
100068c8:	1a62      	subs	r2, r4, r1
100068ca:	b292      	uxth	r2, r2
100068cc:	428c      	cmp	r4, r1
100068ce:	d202      	bcs.n	100068d6 <tu_fifo_remaining+0x16>
100068d0:	8940      	ldrh	r0, [r0, #10]
100068d2:	1a12      	subs	r2, r2, r0
100068d4:	b292      	uxth	r2, r2
100068d6:	1a98      	subs	r0, r3, r2
100068d8:	b280      	uxth	r0, r0
100068da:	bd10      	pop	{r4, pc}

100068dc <tu_fifo_read>:
100068dc:	b570      	push	{r4, r5, r6, lr}
100068de:	0004      	movs	r4, r0
100068e0:	6980      	ldr	r0, [r0, #24]
100068e2:	000e      	movs	r6, r1
100068e4:	2800      	cmp	r0, #0
100068e6:	d003      	beq.n	100068f0 <tu_fifo_read+0x14>
100068e8:	2101      	movs	r1, #1
100068ea:	4249      	negs	r1, r1
100068ec:	f001 f998 	bl	10007c20 <__mutex_enter_timeout_ms_veneer>
100068f0:	89e1      	ldrh	r1, [r4, #14]
100068f2:	8a22      	ldrh	r2, [r4, #16]
100068f4:	b288      	uxth	r0, r1
100068f6:	1a8d      	subs	r5, r1, r2
100068f8:	b293      	uxth	r3, r2
100068fa:	b2ad      	uxth	r5, r5
100068fc:	4291      	cmp	r1, r2
100068fe:	d202      	bcs.n	10006906 <tu_fifo_read+0x2a>
10006900:	8962      	ldrh	r2, [r4, #10]
10006902:	1aad      	subs	r5, r5, r2
10006904:	b2ad      	uxth	r5, r5
10006906:	88a2      	ldrh	r2, [r4, #4]
10006908:	42aa      	cmp	r2, r5
1000690a:	d207      	bcs.n	1000691c <tu_fifo_read+0x40>
1000690c:	4290      	cmp	r0, r2
1000690e:	d225      	bcs.n	1000695c <tu_fifo_read+0x80>
10006910:	8961      	ldrh	r1, [r4, #10]
10006912:	1851      	adds	r1, r2, r1
10006914:	1a41      	subs	r1, r0, r1
10006916:	b289      	uxth	r1, r1
10006918:	0015      	movs	r5, r2
1000691a:	8221      	strh	r1, [r4, #16]
1000691c:	2d00      	cmp	r5, #0
1000691e:	d102      	bne.n	10006926 <tu_fifo_read+0x4a>
10006920:	e022      	b.n	10006968 <tu_fifo_read+0x8c>
10006922:	1a9b      	subs	r3, r3, r2
10006924:	b29b      	uxth	r3, r3
10006926:	429a      	cmp	r2, r3
10006928:	d9fb      	bls.n	10006922 <tu_fifo_read+0x46>
1000692a:	88e2      	ldrh	r2, [r4, #6]
1000692c:	6821      	ldr	r1, [r4, #0]
1000692e:	4353      	muls	r3, r2
10006930:	0030      	movs	r0, r6
10006932:	18c9      	adds	r1, r1, r3
10006934:	f7fd fbba 	bl	100040ac <__wrap___aeabi_memcpy>
10006938:	8a22      	ldrh	r2, [r4, #16]
1000693a:	2501      	movs	r5, #1
1000693c:	1c53      	adds	r3, r2, #1
1000693e:	b29b      	uxth	r3, r3
10006940:	429a      	cmp	r2, r3
10006942:	d914      	bls.n	1000696e <tu_fifo_read+0x92>
10006944:	2300      	movs	r3, #0
10006946:	8962      	ldrh	r2, [r4, #10]
10006948:	189b      	adds	r3, r3, r2
1000694a:	b29b      	uxth	r3, r3
1000694c:	69a0      	ldr	r0, [r4, #24]
1000694e:	8223      	strh	r3, [r4, #16]
10006950:	2800      	cmp	r0, #0
10006952:	d001      	beq.n	10006958 <tu_fifo_read+0x7c>
10006954:	f001 f944 	bl	10007be0 <__mutex_exit_veneer>
10006958:	0028      	movs	r0, r5
1000695a:	bd70      	pop	{r4, r5, r6, pc}
1000695c:	1a81      	subs	r1, r0, r2
1000695e:	89a5      	ldrh	r5, [r4, #12]
10006960:	b289      	uxth	r1, r1
10006962:	428d      	cmp	r5, r1
10006964:	d2d8      	bcs.n	10006918 <tu_fifo_read+0x3c>
10006966:	e7d3      	b.n	10006910 <tu_fifo_read+0x34>
10006968:	2500      	movs	r5, #0
1000696a:	8a23      	ldrh	r3, [r4, #16]
1000696c:	b29b      	uxth	r3, r3
1000696e:	89a2      	ldrh	r2, [r4, #12]
10006970:	429a      	cmp	r2, r3
10006972:	d2eb      	bcs.n	1000694c <tu_fifo_read+0x70>
10006974:	e7e7      	b.n	10006946 <tu_fifo_read+0x6a>
10006976:	46c0      	nop			; (mov r8, r8)

10006978 <tu_fifo_read_n>:
10006978:	b5f0      	push	{r4, r5, r6, r7, lr}
1000697a:	464f      	mov	r7, r9
1000697c:	4646      	mov	r6, r8
1000697e:	46d6      	mov	lr, sl
10006980:	0005      	movs	r5, r0
10006982:	6980      	ldr	r0, [r0, #24]
10006984:	4688      	mov	r8, r1
10006986:	4691      	mov	r9, r2
10006988:	b5c0      	push	{r6, r7, lr}
1000698a:	2800      	cmp	r0, #0
1000698c:	d003      	beq.n	10006996 <tu_fifo_read_n+0x1e>
1000698e:	2101      	movs	r1, #1
10006990:	4249      	negs	r1, r1
10006992:	f001 f945 	bl	10007c20 <__mutex_enter_timeout_ms_veneer>
10006996:	89ea      	ldrh	r2, [r5, #14]
10006998:	8a2b      	ldrh	r3, [r5, #16]
1000699a:	b291      	uxth	r1, r2
1000699c:	1ad6      	subs	r6, r2, r3
1000699e:	b29c      	uxth	r4, r3
100069a0:	b2b6      	uxth	r6, r6
100069a2:	429a      	cmp	r2, r3
100069a4:	d202      	bcs.n	100069ac <tu_fifo_read_n+0x34>
100069a6:	896b      	ldrh	r3, [r5, #10]
100069a8:	1af6      	subs	r6, r6, r3
100069aa:	b2b6      	uxth	r6, r6
100069ac:	88af      	ldrh	r7, [r5, #4]
100069ae:	42b7      	cmp	r7, r6
100069b0:	d209      	bcs.n	100069c6 <tu_fifo_read_n+0x4e>
100069b2:	42b9      	cmp	r1, r7
100069b4:	d254      	bcs.n	10006a60 <tu_fifo_read_n+0xe8>
100069b6:	896b      	ldrh	r3, [r5, #10]
100069b8:	18fb      	adds	r3, r7, r3
100069ba:	1acb      	subs	r3, r1, r3
100069bc:	b29b      	uxth	r3, r3
100069be:	003e      	movs	r6, r7
100069c0:	822b      	strh	r3, [r5, #16]
100069c2:	8a2c      	ldrh	r4, [r5, #16]
100069c4:	b2a4      	uxth	r4, r4
100069c6:	2e00      	cmp	r6, #0
100069c8:	d050      	beq.n	10006a6c <tu_fifo_read_n+0xf4>
100069ca:	464b      	mov	r3, r9
100069cc:	45b1      	cmp	r9, r6
100069ce:	d845      	bhi.n	10006a5c <tu_fifo_read_n+0xe4>
100069d0:	b29e      	uxth	r6, r3
100069d2:	42a7      	cmp	r7, r4
100069d4:	d803      	bhi.n	100069de <tu_fifo_read_n+0x66>
100069d6:	1be4      	subs	r4, r4, r7
100069d8:	b2a4      	uxth	r4, r4
100069da:	42a7      	cmp	r7, r4
100069dc:	d9fb      	bls.n	100069d6 <tu_fifo_read_n+0x5e>
100069de:	88eb      	ldrh	r3, [r5, #6]
100069e0:	1b38      	subs	r0, r7, r4
100069e2:	0019      	movs	r1, r3
100069e4:	4699      	mov	r9, r3
100069e6:	682b      	ldr	r3, [r5, #0]
100069e8:	4361      	muls	r1, r4
100069ea:	469c      	mov	ip, r3
100069ec:	b280      	uxth	r0, r0
100069ee:	4461      	add	r1, ip
100069f0:	4286      	cmp	r6, r0
100069f2:	d925      	bls.n	10006a40 <tu_fifo_read_n+0xc8>
100069f4:	464b      	mov	r3, r9
100069f6:	4358      	muls	r0, r3
100069f8:	b283      	uxth	r3, r0
100069fa:	001a      	movs	r2, r3
100069fc:	4640      	mov	r0, r8
100069fe:	469a      	mov	sl, r3
10006a00:	f7fd fb54 	bl	100040ac <__wrap___aeabi_memcpy>
10006a04:	464b      	mov	r3, r9
10006a06:	4640      	mov	r0, r8
10006a08:	1bf7      	subs	r7, r6, r7
10006a0a:	19e4      	adds	r4, r4, r7
10006a0c:	435c      	muls	r4, r3
10006a0e:	6829      	ldr	r1, [r5, #0]
10006a10:	b2a2      	uxth	r2, r4
10006a12:	4450      	add	r0, sl
10006a14:	f7fd fb4a 	bl	100040ac <__wrap___aeabi_memcpy>
10006a18:	8a2a      	ldrh	r2, [r5, #16]
10006a1a:	1993      	adds	r3, r2, r6
10006a1c:	b29b      	uxth	r3, r3
10006a1e:	429a      	cmp	r2, r3
10006a20:	d918      	bls.n	10006a54 <tu_fifo_read_n+0xdc>
10006a22:	896a      	ldrh	r2, [r5, #10]
10006a24:	189b      	adds	r3, r3, r2
10006a26:	b29b      	uxth	r3, r3
10006a28:	69a8      	ldr	r0, [r5, #24]
10006a2a:	822b      	strh	r3, [r5, #16]
10006a2c:	2800      	cmp	r0, #0
10006a2e:	d001      	beq.n	10006a34 <tu_fifo_read_n+0xbc>
10006a30:	f001 f8d6 	bl	10007be0 <__mutex_exit_veneer>
10006a34:	0030      	movs	r0, r6
10006a36:	bce0      	pop	{r5, r6, r7}
10006a38:	46ba      	mov	sl, r7
10006a3a:	46b1      	mov	r9, r6
10006a3c:	46a8      	mov	r8, r5
10006a3e:	bdf0      	pop	{r4, r5, r6, r7, pc}
10006a40:	464a      	mov	r2, r9
10006a42:	4640      	mov	r0, r8
10006a44:	4372      	muls	r2, r6
10006a46:	f7fd fb31 	bl	100040ac <__wrap___aeabi_memcpy>
10006a4a:	8a2a      	ldrh	r2, [r5, #16]
10006a4c:	1993      	adds	r3, r2, r6
10006a4e:	b29b      	uxth	r3, r3
10006a50:	429a      	cmp	r2, r3
10006a52:	d8e6      	bhi.n	10006a22 <tu_fifo_read_n+0xaa>
10006a54:	89aa      	ldrh	r2, [r5, #12]
10006a56:	429a      	cmp	r2, r3
10006a58:	d2e6      	bcs.n	10006a28 <tu_fifo_read_n+0xb0>
10006a5a:	e7e2      	b.n	10006a22 <tu_fifo_read_n+0xaa>
10006a5c:	1c33      	adds	r3, r6, #0
10006a5e:	e7b7      	b.n	100069d0 <tu_fifo_read_n+0x58>
10006a60:	1bcb      	subs	r3, r1, r7
10006a62:	89aa      	ldrh	r2, [r5, #12]
10006a64:	b29b      	uxth	r3, r3
10006a66:	429a      	cmp	r2, r3
10006a68:	d2a9      	bcs.n	100069be <tu_fifo_read_n+0x46>
10006a6a:	e7a4      	b.n	100069b6 <tu_fifo_read_n+0x3e>
10006a6c:	8a2b      	ldrh	r3, [r5, #16]
10006a6e:	89aa      	ldrh	r2, [r5, #12]
10006a70:	b29b      	uxth	r3, r3
10006a72:	429a      	cmp	r2, r3
10006a74:	d2d8      	bcs.n	10006a28 <tu_fifo_read_n+0xb0>
10006a76:	e7d4      	b.n	10006a22 <tu_fifo_read_n+0xaa>

10006a78 <tu_fifo_write>:
10006a78:	b5f8      	push	{r3, r4, r5, r6, r7, lr}
10006a7a:	0004      	movs	r4, r0
10006a7c:	6940      	ldr	r0, [r0, #20]
10006a7e:	000e      	movs	r6, r1
10006a80:	2800      	cmp	r0, #0
10006a82:	d003      	beq.n	10006a8c <tu_fifo_write+0x14>
10006a84:	2101      	movs	r1, #1
10006a86:	4249      	negs	r1, r1
10006a88:	f001 f8ca 	bl	10007c20 <__mutex_enter_timeout_ms_veneer>
10006a8c:	89e2      	ldrh	r2, [r4, #14]
10006a8e:	8a21      	ldrh	r1, [r4, #16]
10006a90:	b295      	uxth	r5, r2
10006a92:	1a53      	subs	r3, r2, r1
10006a94:	b29b      	uxth	r3, r3
10006a96:	4291      	cmp	r1, r2
10006a98:	d902      	bls.n	10006aa0 <tu_fifo_write+0x28>
10006a9a:	8962      	ldrh	r2, [r4, #10]
10006a9c:	1a9b      	subs	r3, r3, r2
10006a9e:	b29b      	uxth	r3, r3
10006aa0:	88a2      	ldrh	r2, [r4, #4]
10006aa2:	429a      	cmp	r2, r3
10006aa4:	d021      	beq.n	10006aea <tu_fifo_write+0x72>
10006aa6:	002b      	movs	r3, r5
10006aa8:	4295      	cmp	r5, r2
10006aaa:	d303      	bcc.n	10006ab4 <tu_fifo_write+0x3c>
10006aac:	1a9b      	subs	r3, r3, r2
10006aae:	b29b      	uxth	r3, r3
10006ab0:	429a      	cmp	r2, r3
10006ab2:	d9fb      	bls.n	10006aac <tu_fifo_write+0x34>
10006ab4:	88e2      	ldrh	r2, [r4, #6]
10006ab6:	6821      	ldr	r1, [r4, #0]
10006ab8:	4353      	muls	r3, r2
10006aba:	18c8      	adds	r0, r1, r3
10006abc:	0031      	movs	r1, r6
10006abe:	f7fd faf5 	bl	100040ac <__wrap___aeabi_memcpy>
10006ac2:	1c6b      	adds	r3, r5, #1
10006ac4:	b29b      	uxth	r3, r3
10006ac6:	429d      	cmp	r5, r3
10006ac8:	d90b      	bls.n	10006ae2 <tu_fifo_write+0x6a>
10006aca:	8962      	ldrh	r2, [r4, #10]
10006acc:	189b      	adds	r3, r3, r2
10006ace:	b29b      	uxth	r3, r3
10006ad0:	6960      	ldr	r0, [r4, #20]
10006ad2:	2701      	movs	r7, #1
10006ad4:	81e3      	strh	r3, [r4, #14]
10006ad6:	2800      	cmp	r0, #0
10006ad8:	d001      	beq.n	10006ade <tu_fifo_write+0x66>
10006ada:	f001 f881 	bl	10007be0 <__mutex_exit_veneer>
10006ade:	0038      	movs	r0, r7
10006ae0:	bdf8      	pop	{r3, r4, r5, r6, r7, pc}
10006ae2:	89a2      	ldrh	r2, [r4, #12]
10006ae4:	429a      	cmp	r2, r3
10006ae6:	d2f3      	bcs.n	10006ad0 <tu_fifo_write+0x58>
10006ae8:	e7ef      	b.n	10006aca <tu_fifo_write+0x52>
10006aea:	7a27      	ldrb	r7, [r4, #8]
10006aec:	2f00      	cmp	r7, #0
10006aee:	d1da      	bne.n	10006aa6 <tu_fifo_write+0x2e>
10006af0:	e7f5      	b.n	10006ade <tu_fifo_write+0x66>
10006af2:	46c0      	nop			; (mov r8, r8)

10006af4 <tu_fifo_write_n>:
10006af4:	b5f8      	push	{r3, r4, r5, r6, r7, lr}
10006af6:	4645      	mov	r5, r8
10006af8:	464e      	mov	r6, r9
10006afa:	46de      	mov	lr, fp
10006afc:	4657      	mov	r7, sl
10006afe:	4688      	mov	r8, r1
10006b00:	b5e0      	push	{r5, r6, r7, lr}
10006b02:	0005      	movs	r5, r0
10006b04:	1e16      	subs	r6, r2, #0
10006b06:	d05a      	beq.n	10006bbe <tu_fifo_write_n+0xca>
10006b08:	6940      	ldr	r0, [r0, #20]
10006b0a:	2800      	cmp	r0, #0
10006b0c:	d003      	beq.n	10006b16 <tu_fifo_write_n+0x22>
10006b0e:	2101      	movs	r1, #1
10006b10:	4249      	negs	r1, r1
10006b12:	f001 f885 	bl	10007c20 <__mutex_enter_timeout_ms_veneer>
10006b16:	89ef      	ldrh	r7, [r5, #14]
10006b18:	7a2b      	ldrb	r3, [r5, #8]
10006b1a:	8a29      	ldrh	r1, [r5, #16]
10006b1c:	b2bf      	uxth	r7, r7
10006b1e:	b289      	uxth	r1, r1
10006b20:	2b00      	cmp	r3, #0
10006b22:	d13b      	bne.n	10006b9c <tu_fifo_write_n+0xa8>
10006b24:	1a7a      	subs	r2, r7, r1
10006b26:	88ab      	ldrh	r3, [r5, #4]
10006b28:	b292      	uxth	r2, r2
10006b2a:	428f      	cmp	r7, r1
10006b2c:	d202      	bcs.n	10006b34 <tu_fifo_write_n+0x40>
10006b2e:	8969      	ldrh	r1, [r5, #10]
10006b30:	1a52      	subs	r2, r2, r1
10006b32:	b292      	uxth	r2, r2
10006b34:	1a9a      	subs	r2, r3, r2
10006b36:	1c11      	adds	r1, r2, #0
10006b38:	b292      	uxth	r2, r2
10006b3a:	42b2      	cmp	r2, r6
10006b3c:	d853      	bhi.n	10006be6 <tu_fifo_write_n+0xf2>
10006b3e:	88ea      	ldrh	r2, [r5, #6]
10006b40:	b28e      	uxth	r6, r1
10006b42:	4692      	mov	sl, r2
10006b44:	1af2      	subs	r2, r6, r3
10006b46:	b292      	uxth	r2, r2
10006b48:	4691      	mov	r9, r2
10006b4a:	003c      	movs	r4, r7
10006b4c:	429f      	cmp	r7, r3
10006b4e:	d303      	bcc.n	10006b58 <tu_fifo_write_n+0x64>
10006b50:	1ae4      	subs	r4, r4, r3
10006b52:	b2a4      	uxth	r4, r4
10006b54:	429c      	cmp	r4, r3
10006b56:	d2fb      	bcs.n	10006b50 <tu_fifo_write_n+0x5c>
10006b58:	4650      	mov	r0, sl
10006b5a:	682a      	ldr	r2, [r5, #0]
10006b5c:	4360      	muls	r0, r4
10006b5e:	4694      	mov	ip, r2
10006b60:	1b1b      	subs	r3, r3, r4
10006b62:	b29b      	uxth	r3, r3
10006b64:	4652      	mov	r2, sl
10006b66:	4460      	add	r0, ip
10006b68:	429e      	cmp	r6, r3
10006b6a:	d82a      	bhi.n	10006bc2 <tu_fifo_write_n+0xce>
10006b6c:	4641      	mov	r1, r8
10006b6e:	4372      	muls	r2, r6
10006b70:	f7fd fa9c 	bl	100040ac <__wrap___aeabi_memcpy>
10006b74:	19f3      	adds	r3, r6, r7
10006b76:	b29b      	uxth	r3, r3
10006b78:	429f      	cmp	r7, r3
10006b7a:	d81c      	bhi.n	10006bb6 <tu_fifo_write_n+0xc2>
10006b7c:	89aa      	ldrh	r2, [r5, #12]
10006b7e:	429a      	cmp	r2, r3
10006b80:	d319      	bcc.n	10006bb6 <tu_fifo_write_n+0xc2>
10006b82:	6968      	ldr	r0, [r5, #20]
10006b84:	81eb      	strh	r3, [r5, #14]
10006b86:	2800      	cmp	r0, #0
10006b88:	d001      	beq.n	10006b8e <tu_fifo_write_n+0x9a>
10006b8a:	f001 f829 	bl	10007be0 <__mutex_exit_veneer>
10006b8e:	0030      	movs	r0, r6
10006b90:	bcf0      	pop	{r4, r5, r6, r7}
10006b92:	46bb      	mov	fp, r7
10006b94:	46b2      	mov	sl, r6
10006b96:	46a9      	mov	r9, r5
10006b98:	46a0      	mov	r8, r4
10006b9a:	bdf8      	pop	{r3, r4, r5, r6, r7, pc}
10006b9c:	88ea      	ldrh	r2, [r5, #6]
10006b9e:	88ab      	ldrh	r3, [r5, #4]
10006ba0:	4692      	mov	sl, r2
10006ba2:	429e      	cmp	r6, r3
10006ba4:	d321      	bcc.n	10006bea <tu_fifo_write_n+0xf6>
10006ba6:	1af6      	subs	r6, r6, r3
10006ba8:	4356      	muls	r6, r2
10006baa:	2200      	movs	r2, #0
10006bac:	44b0      	add	r8, r6
10006bae:	000f      	movs	r7, r1
10006bb0:	001e      	movs	r6, r3
10006bb2:	4691      	mov	r9, r2
10006bb4:	e7c9      	b.n	10006b4a <tu_fifo_write_n+0x56>
10006bb6:	896a      	ldrh	r2, [r5, #10]
10006bb8:	189b      	adds	r3, r3, r2
10006bba:	b29b      	uxth	r3, r3
10006bbc:	e7e1      	b.n	10006b82 <tu_fifo_write_n+0x8e>
10006bbe:	2600      	movs	r6, #0
10006bc0:	e7e5      	b.n	10006b8e <tu_fifo_write_n+0x9a>
10006bc2:	4353      	muls	r3, r2
10006bc4:	b29b      	uxth	r3, r3
10006bc6:	001a      	movs	r2, r3
10006bc8:	4641      	mov	r1, r8
10006bca:	469b      	mov	fp, r3
10006bcc:	f7fd fa6e 	bl	100040ac <__wrap___aeabi_memcpy>
10006bd0:	0022      	movs	r2, r4
10006bd2:	4653      	mov	r3, sl
10006bd4:	4641      	mov	r1, r8
10006bd6:	444a      	add	r2, r9
10006bd8:	435a      	muls	r2, r3
10006bda:	6828      	ldr	r0, [r5, #0]
10006bdc:	b292      	uxth	r2, r2
10006bde:	4459      	add	r1, fp
10006be0:	f7fd fa64 	bl	100040ac <__wrap___aeabi_memcpy>
10006be4:	e7c6      	b.n	10006b74 <tu_fifo_write_n+0x80>
10006be6:	1c31      	adds	r1, r6, #0
10006be8:	e7a9      	b.n	10006b3e <tu_fifo_write_n+0x4a>
10006bea:	1af2      	subs	r2, r6, r3
10006bec:	b292      	uxth	r2, r2
10006bee:	4691      	mov	r9, r2
10006bf0:	e7ab      	b.n	10006b4a <tu_fifo_write_n+0x56>
10006bf2:	46c0      	nop			; (mov r8, r8)

10006bf4 <tu_fifo_clear>:
10006bf4:	b510      	push	{r4, lr}
10006bf6:	0004      	movs	r4, r0
10006bf8:	6940      	ldr	r0, [r0, #20]
10006bfa:	2800      	cmp	r0, #0
10006bfc:	d003      	beq.n	10006c06 <tu_fifo_clear+0x12>
10006bfe:	2101      	movs	r1, #1
10006c00:	4249      	negs	r1, r1
10006c02:	f001 f80d 	bl	10007c20 <__mutex_enter_timeout_ms_veneer>
10006c06:	69a0      	ldr	r0, [r4, #24]
10006c08:	2800      	cmp	r0, #0
10006c0a:	d003      	beq.n	10006c14 <tu_fifo_clear+0x20>
10006c0c:	2101      	movs	r1, #1
10006c0e:	4249      	negs	r1, r1
10006c10:	f001 f806 	bl	10007c20 <__mutex_enter_timeout_ms_veneer>
10006c14:	2300      	movs	r3, #0
10006c16:	81e3      	strh	r3, [r4, #14]
10006c18:	8223      	strh	r3, [r4, #16]
10006c1a:	88a3      	ldrh	r3, [r4, #4]
10006c1c:	6960      	ldr	r0, [r4, #20]
10006c1e:	005b      	lsls	r3, r3, #1
10006c20:	b29b      	uxth	r3, r3
10006c22:	1e5a      	subs	r2, r3, #1
10006c24:	425b      	negs	r3, r3
10006c26:	81a2      	strh	r2, [r4, #12]
10006c28:	8163      	strh	r3, [r4, #10]
10006c2a:	2800      	cmp	r0, #0
10006c2c:	d001      	beq.n	10006c32 <tu_fifo_clear+0x3e>
10006c2e:	f000 ffd7 	bl	10007be0 <__mutex_exit_veneer>
10006c32:	69a0      	ldr	r0, [r4, #24]
10006c34:	2800      	cmp	r0, #0
10006c36:	d001      	beq.n	10006c3c <tu_fifo_clear+0x48>
10006c38:	f000 ffd2 	bl	10007be0 <__mutex_exit_veneer>
10006c3c:	2001      	movs	r0, #1
10006c3e:	bd10      	pop	{r4, pc}

10006c40 <tu_fifo_set_overwritable>:
10006c40:	b570      	push	{r4, r5, r6, lr}
10006c42:	0004      	movs	r4, r0
10006c44:	6940      	ldr	r0, [r0, #20]
10006c46:	000d      	movs	r5, r1
10006c48:	2800      	cmp	r0, #0
10006c4a:	d003      	beq.n	10006c54 <tu_fifo_set_overwritable+0x14>
10006c4c:	2101      	movs	r1, #1
10006c4e:	4249      	negs	r1, r1
10006c50:	f000 ffe6 	bl	10007c20 <__mutex_enter_timeout_ms_veneer>
10006c54:	69a0      	ldr	r0, [r4, #24]
10006c56:	2800      	cmp	r0, #0
10006c58:	d003      	beq.n	10006c62 <tu_fifo_set_overwritable+0x22>
10006c5a:	2101      	movs	r1, #1
10006c5c:	4249      	negs	r1, r1
10006c5e:	f000 ffdf 	bl	10007c20 <__mutex_enter_timeout_ms_veneer>
10006c62:	6960      	ldr	r0, [r4, #20]
10006c64:	7225      	strb	r5, [r4, #8]
10006c66:	2800      	cmp	r0, #0
10006c68:	d001      	beq.n	10006c6e <tu_fifo_set_overwritable+0x2e>
10006c6a:	f000 ffb9 	bl	10007be0 <__mutex_exit_veneer>
10006c6e:	69a0      	ldr	r0, [r4, #24]
10006c70:	2800      	cmp	r0, #0
10006c72:	d001      	beq.n	10006c78 <tu_fifo_set_overwritable+0x38>
10006c74:	f000 ffb4 	bl	10007be0 <__mutex_exit_veneer>
10006c78:	2001      	movs	r0, #1
10006c7a:	bd70      	pop	{r4, r5, r6, pc}

10006c7c <_retrieve_unique_id_on_boot>:
10006c7c:	b510      	push	{r4, lr}
10006c7e:	4802      	ldr	r0, [pc, #8]	; (10006c88 <_retrieve_unique_id_on_boot+0xc>)
10006c80:	f000 f8d8 	bl	10006e34 <flash_get_unique_id>
10006c84:	bd10      	pop	{r4, pc}
10006c86:	46c0      	nop			; (mov r8, r8)
10006c88:	20002518 	.word	0x20002518

10006c8c <pico_get_unique_board_id_string>:
10006c8c:	b530      	push	{r4, r5, lr}
10006c8e:	1e4b      	subs	r3, r1, #1
10006c90:	2901      	cmp	r1, #1
10006c92:	d100      	bne.n	10006c96 <pico_get_unique_board_id_string+0xa>
10006c94:	e0a7      	b.n	10006de6 <pico_get_unique_board_id_string+0x15a>
10006c96:	4a66      	ldr	r2, [pc, #408]	; (10006e30 <pico_get_unique_board_id_string+0x1a4>)
10006c98:	7811      	ldrb	r1, [r2, #0]
10006c9a:	110d      	asrs	r5, r1, #4
10006c9c:	002c      	movs	r4, r5
10006c9e:	3430      	adds	r4, #48	; 0x30
10006ca0:	299f      	cmp	r1, #159	; 0x9f
10006ca2:	d900      	bls.n	10006ca6 <pico_get_unique_board_id_string+0x1a>
10006ca4:	e0a2      	b.n	10006dec <pico_get_unique_board_id_string+0x160>
10006ca6:	7004      	strb	r4, [r0, #0]
10006ca8:	2b01      	cmp	r3, #1
10006caa:	d100      	bne.n	10006cae <pico_get_unique_board_id_string+0x22>
10006cac:	e0be      	b.n	10006e2c <pico_get_unique_board_id_string+0x1a0>
10006cae:	210f      	movs	r1, #15
10006cb0:	7814      	ldrb	r4, [r2, #0]
10006cb2:	4021      	ands	r1, r4
10006cb4:	000c      	movs	r4, r1
10006cb6:	3430      	adds	r4, #48	; 0x30
10006cb8:	2909      	cmp	r1, #9
10006cba:	dd00      	ble.n	10006cbe <pico_get_unique_board_id_string+0x32>
10006cbc:	e098      	b.n	10006df0 <pico_get_unique_board_id_string+0x164>
10006cbe:	7044      	strb	r4, [r0, #1]
10006cc0:	2b02      	cmp	r3, #2
10006cc2:	d100      	bne.n	10006cc6 <pico_get_unique_board_id_string+0x3a>
10006cc4:	e0b2      	b.n	10006e2c <pico_get_unique_board_id_string+0x1a0>
10006cc6:	7854      	ldrb	r4, [r2, #1]
10006cc8:	1125      	asrs	r5, r4, #4
10006cca:	0029      	movs	r1, r5
10006ccc:	3130      	adds	r1, #48	; 0x30
10006cce:	2c9f      	cmp	r4, #159	; 0x9f
10006cd0:	d900      	bls.n	10006cd4 <pico_get_unique_board_id_string+0x48>
10006cd2:	e090      	b.n	10006df6 <pico_get_unique_board_id_string+0x16a>
10006cd4:	7081      	strb	r1, [r0, #2]
10006cd6:	2b03      	cmp	r3, #3
10006cd8:	d100      	bne.n	10006cdc <pico_get_unique_board_id_string+0x50>
10006cda:	e0a7      	b.n	10006e2c <pico_get_unique_board_id_string+0x1a0>
10006cdc:	210f      	movs	r1, #15
10006cde:	4021      	ands	r1, r4
10006ce0:	000c      	movs	r4, r1
10006ce2:	3430      	adds	r4, #48	; 0x30
10006ce4:	2909      	cmp	r1, #9
10006ce6:	dd00      	ble.n	10006cea <pico_get_unique_board_id_string+0x5e>
10006ce8:	e087      	b.n	10006dfa <pico_get_unique_board_id_string+0x16e>
10006cea:	70c4      	strb	r4, [r0, #3]
10006cec:	2b04      	cmp	r3, #4
10006cee:	d100      	bne.n	10006cf2 <pico_get_unique_board_id_string+0x66>
10006cf0:	e09c      	b.n	10006e2c <pico_get_unique_board_id_string+0x1a0>
10006cf2:	7894      	ldrb	r4, [r2, #2]
10006cf4:	1125      	asrs	r5, r4, #4
10006cf6:	0029      	movs	r1, r5
10006cf8:	3130      	adds	r1, #48	; 0x30
10006cfa:	2c9f      	cmp	r4, #159	; 0x9f
10006cfc:	d900      	bls.n	10006d00 <pico_get_unique_board_id_string+0x74>
10006cfe:	e07f      	b.n	10006e00 <pico_get_unique_board_id_string+0x174>
10006d00:	7101      	strb	r1, [r0, #4]
10006d02:	2b05      	cmp	r3, #5
10006d04:	d100      	bne.n	10006d08 <pico_get_unique_board_id_string+0x7c>
10006d06:	e091      	b.n	10006e2c <pico_get_unique_board_id_string+0x1a0>
10006d08:	210f      	movs	r1, #15
10006d0a:	4021      	ands	r1, r4
10006d0c:	000c      	movs	r4, r1
10006d0e:	3430      	adds	r4, #48	; 0x30
10006d10:	2909      	cmp	r1, #9
10006d12:	dd00      	ble.n	10006d16 <pico_get_unique_board_id_string+0x8a>
10006d14:	e076      	b.n	10006e04 <pico_get_unique_board_id_string+0x178>
10006d16:	7144      	strb	r4, [r0, #5]
10006d18:	2b06      	cmp	r3, #6
10006d1a:	d100      	bne.n	10006d1e <pico_get_unique_board_id_string+0x92>
10006d1c:	e086      	b.n	10006e2c <pico_get_unique_board_id_string+0x1a0>
10006d1e:	78d4      	ldrb	r4, [r2, #3]
10006d20:	1125      	asrs	r5, r4, #4
10006d22:	0029      	movs	r1, r5
10006d24:	3130      	adds	r1, #48	; 0x30
10006d26:	2c9f      	cmp	r4, #159	; 0x9f
10006d28:	d900      	bls.n	10006d2c <pico_get_unique_board_id_string+0xa0>
10006d2a:	e06e      	b.n	10006e0a <pico_get_unique_board_id_string+0x17e>
10006d2c:	7181      	strb	r1, [r0, #6]
10006d2e:	2b07      	cmp	r3, #7
10006d30:	d100      	bne.n	10006d34 <pico_get_unique_board_id_string+0xa8>
10006d32:	e07b      	b.n	10006e2c <pico_get_unique_board_id_string+0x1a0>
10006d34:	210f      	movs	r1, #15
10006d36:	4021      	ands	r1, r4
10006d38:	000c      	movs	r4, r1
10006d3a:	3430      	adds	r4, #48	; 0x30
10006d3c:	2909      	cmp	r1, #9
10006d3e:	dc66      	bgt.n	10006e0e <pico_get_unique_board_id_string+0x182>
10006d40:	71c4      	strb	r4, [r0, #7]
10006d42:	2b08      	cmp	r3, #8
10006d44:	d100      	bne.n	10006d48 <pico_get_unique_board_id_string+0xbc>
10006d46:	e071      	b.n	10006e2c <pico_get_unique_board_id_string+0x1a0>
10006d48:	7914      	ldrb	r4, [r2, #4]
10006d4a:	1125      	asrs	r5, r4, #4
10006d4c:	0029      	movs	r1, r5
10006d4e:	3130      	adds	r1, #48	; 0x30
10006d50:	2c9f      	cmp	r4, #159	; 0x9f
10006d52:	d85f      	bhi.n	10006e14 <pico_get_unique_board_id_string+0x188>
10006d54:	7201      	strb	r1, [r0, #8]
10006d56:	2b09      	cmp	r3, #9
10006d58:	d068      	beq.n	10006e2c <pico_get_unique_board_id_string+0x1a0>
10006d5a:	210f      	movs	r1, #15
10006d5c:	4021      	ands	r1, r4
10006d5e:	000c      	movs	r4, r1
10006d60:	3430      	adds	r4, #48	; 0x30
10006d62:	2909      	cmp	r1, #9
10006d64:	dc58      	bgt.n	10006e18 <pico_get_unique_board_id_string+0x18c>
10006d66:	7244      	strb	r4, [r0, #9]
10006d68:	2b0a      	cmp	r3, #10
10006d6a:	d05f      	beq.n	10006e2c <pico_get_unique_board_id_string+0x1a0>
10006d6c:	7954      	ldrb	r4, [r2, #5]
10006d6e:	1125      	asrs	r5, r4, #4
10006d70:	0029      	movs	r1, r5
10006d72:	3130      	adds	r1, #48	; 0x30
10006d74:	2c9f      	cmp	r4, #159	; 0x9f
10006d76:	d852      	bhi.n	10006e1e <pico_get_unique_board_id_string+0x192>
10006d78:	7281      	strb	r1, [r0, #10]
10006d7a:	2b0b      	cmp	r3, #11
10006d7c:	d056      	beq.n	10006e2c <pico_get_unique_board_id_string+0x1a0>
10006d7e:	210f      	movs	r1, #15
10006d80:	4021      	ands	r1, r4
10006d82:	000c      	movs	r4, r1
10006d84:	3430      	adds	r4, #48	; 0x30
10006d86:	2909      	cmp	r1, #9
10006d88:	dc4b      	bgt.n	10006e22 <pico_get_unique_board_id_string+0x196>
10006d8a:	72c4      	strb	r4, [r0, #11]
10006d8c:	2b0c      	cmp	r3, #12
10006d8e:	d04d      	beq.n	10006e2c <pico_get_unique_board_id_string+0x1a0>
10006d90:	7994      	ldrb	r4, [r2, #6]
10006d92:	1125      	asrs	r5, r4, #4
10006d94:	0029      	movs	r1, r5
10006d96:	3130      	adds	r1, #48	; 0x30
10006d98:	2c9f      	cmp	r4, #159	; 0x9f
10006d9a:	d900      	bls.n	10006d9e <pico_get_unique_board_id_string+0x112>
10006d9c:	3107      	adds	r1, #7
10006d9e:	7301      	strb	r1, [r0, #12]
10006da0:	2b0d      	cmp	r3, #13
10006da2:	d043      	beq.n	10006e2c <pico_get_unique_board_id_string+0x1a0>
10006da4:	210f      	movs	r1, #15
10006da6:	4021      	ands	r1, r4
10006da8:	000c      	movs	r4, r1
10006daa:	3430      	adds	r4, #48	; 0x30
10006dac:	2909      	cmp	r1, #9
10006dae:	dd01      	ble.n	10006db4 <pico_get_unique_board_id_string+0x128>
10006db0:	3137      	adds	r1, #55	; 0x37
10006db2:	000c      	movs	r4, r1
10006db4:	7344      	strb	r4, [r0, #13]
10006db6:	2b0e      	cmp	r3, #14
10006db8:	d038      	beq.n	10006e2c <pico_get_unique_board_id_string+0x1a0>
10006dba:	79d1      	ldrb	r1, [r2, #7]
10006dbc:	110c      	asrs	r4, r1, #4
10006dbe:	0022      	movs	r2, r4
10006dc0:	3230      	adds	r2, #48	; 0x30
10006dc2:	299f      	cmp	r1, #159	; 0x9f
10006dc4:	d900      	bls.n	10006dc8 <pico_get_unique_board_id_string+0x13c>
10006dc6:	3207      	adds	r2, #7
10006dc8:	7382      	strb	r2, [r0, #14]
10006dca:	2b0f      	cmp	r3, #15
10006dcc:	d02e      	beq.n	10006e2c <pico_get_unique_board_id_string+0x1a0>
10006dce:	220f      	movs	r2, #15
10006dd0:	400a      	ands	r2, r1
10006dd2:	0011      	movs	r1, r2
10006dd4:	3137      	adds	r1, #55	; 0x37
10006dd6:	2a09      	cmp	r2, #9
10006dd8:	dc01      	bgt.n	10006dde <pico_get_unique_board_id_string+0x152>
10006dda:	3230      	adds	r2, #48	; 0x30
10006ddc:	0011      	movs	r1, r2
10006dde:	73c1      	strb	r1, [r0, #15]
10006de0:	2b10      	cmp	r3, #16
10006de2:	d023      	beq.n	10006e2c <pico_get_unique_board_id_string+0x1a0>
10006de4:	3010      	adds	r0, #16
10006de6:	2300      	movs	r3, #0
10006de8:	7003      	strb	r3, [r0, #0]
10006dea:	bd30      	pop	{r4, r5, pc}
10006dec:	3407      	adds	r4, #7
10006dee:	e75a      	b.n	10006ca6 <pico_get_unique_board_id_string+0x1a>
10006df0:	3137      	adds	r1, #55	; 0x37
10006df2:	000c      	movs	r4, r1
10006df4:	e763      	b.n	10006cbe <pico_get_unique_board_id_string+0x32>
10006df6:	3107      	adds	r1, #7
10006df8:	e76c      	b.n	10006cd4 <pico_get_unique_board_id_string+0x48>
10006dfa:	3137      	adds	r1, #55	; 0x37
10006dfc:	000c      	movs	r4, r1
10006dfe:	e774      	b.n	10006cea <pico_get_unique_board_id_string+0x5e>
10006e00:	3107      	adds	r1, #7
10006e02:	e77d      	b.n	10006d00 <pico_get_unique_board_id_string+0x74>
10006e04:	3137      	adds	r1, #55	; 0x37
10006e06:	000c      	movs	r4, r1
10006e08:	e785      	b.n	10006d16 <pico_get_unique_board_id_string+0x8a>
10006e0a:	3107      	adds	r1, #7
10006e0c:	e78e      	b.n	10006d2c <pico_get_unique_board_id_string+0xa0>
10006e0e:	3137      	adds	r1, #55	; 0x37
10006e10:	000c      	movs	r4, r1
10006e12:	e795      	b.n	10006d40 <pico_get_unique_board_id_string+0xb4>
10006e14:	3107      	adds	r1, #7
10006e16:	e79d      	b.n	10006d54 <pico_get_unique_board_id_string+0xc8>
10006e18:	3137      	adds	r1, #55	; 0x37
10006e1a:	000c      	movs	r4, r1
10006e1c:	e7a3      	b.n	10006d66 <pico_get_unique_board_id_string+0xda>
10006e1e:	3107      	adds	r1, #7
10006e20:	e7aa      	b.n	10006d78 <pico_get_unique_board_id_string+0xec>
10006e22:	3137      	adds	r1, #55	; 0x37
10006e24:	000c      	movs	r4, r1
10006e26:	72c4      	strb	r4, [r0, #11]
10006e28:	2b0c      	cmp	r3, #12
10006e2a:	d1b1      	bne.n	10006d90 <pico_get_unique_board_id_string+0x104>
10006e2c:	18c0      	adds	r0, r0, r3
10006e2e:	e7da      	b.n	10006de6 <pico_get_unique_board_id_string+0x15a>
10006e30:	20002518 	.word	0x20002518

10006e34 <flash_get_unique_id>:
10006e34:	b530      	push	{r4, r5, lr}
10006e36:	2500      	movs	r5, #0
10006e38:	b089      	sub	sp, #36	; 0x24
10006e3a:	0004      	movs	r4, r0
10006e3c:	2209      	movs	r2, #9
10006e3e:	2100      	movs	r1, #0
10006e40:	a801      	add	r0, sp, #4
10006e42:	9500      	str	r5, [sp, #0]
10006e44:	f7fd f92c 	bl	100040a0 <__wrap_memset>
10006e48:	2209      	movs	r2, #9
10006e4a:	2100      	movs	r1, #0
10006e4c:	a805      	add	r0, sp, #20
10006e4e:	9504      	str	r5, [sp, #16]
10006e50:	f7fd f926 	bl	100040a0 <__wrap_memset>
10006e54:	234b      	movs	r3, #75	; 0x4b
10006e56:	466a      	mov	r2, sp
10006e58:	4668      	mov	r0, sp
10006e5a:	7013      	strb	r3, [r2, #0]
10006e5c:	a904      	add	r1, sp, #16
10006e5e:	220d      	movs	r2, #13
10006e60:	f000 feb6 	bl	10007bd0 <__flash_do_cmd_veneer>
10006e64:	2115      	movs	r1, #21
10006e66:	2208      	movs	r2, #8
10006e68:	0020      	movs	r0, r4
10006e6a:	4469      	add	r1, sp
10006e6c:	f7fd f91e 	bl	100040ac <__wrap___aeabi_memcpy>
10006e70:	b009      	add	sp, #36	; 0x24
10006e72:	bd30      	pop	{r4, r5, pc}

10006e74 <spi_init>:
10006e74:	b5f8      	push	{r3, r4, r5, r6, r7, lr}
10006e76:	4657      	mov	r7, sl
10006e78:	4682      	mov	sl, r0
10006e7a:	4b38      	ldr	r3, [pc, #224]	; (10006f5c <spi_init+0xe8>)
10006e7c:	4645      	mov	r5, r8
10006e7e:	4453      	add	r3, sl
10006e80:	425a      	negs	r2, r3
10006e82:	4153      	adcs	r3, r2
10006e84:	2280      	movs	r2, #128	; 0x80
10006e86:	0292      	lsls	r2, r2, #10
10006e88:	4694      	mov	ip, r2
10006e8a:	46de      	mov	lr, fp
10006e8c:	464e      	mov	r6, r9
10006e8e:	425b      	negs	r3, r3
10006e90:	0c1b      	lsrs	r3, r3, #16
10006e92:	4a33      	ldr	r2, [pc, #204]	; (10006f60 <spi_init+0xec>)
10006e94:	041b      	lsls	r3, r3, #16
10006e96:	4463      	add	r3, ip
10006e98:	b5e0      	push	{r5, r6, r7, lr}
10006e9a:	6013      	str	r3, [r2, #0]
10006e9c:	4a31      	ldr	r2, [pc, #196]	; (10006f64 <spi_init+0xf0>)
10006e9e:	000d      	movs	r5, r1
10006ea0:	4931      	ldr	r1, [pc, #196]	; (10006f68 <spi_init+0xf4>)
10006ea2:	6013      	str	r3, [r2, #0]
10006ea4:	0018      	movs	r0, r3
10006ea6:	688a      	ldr	r2, [r1, #8]
10006ea8:	4390      	bics	r0, r2
10006eaa:	4681      	mov	r9, r0
10006eac:	d1fa      	bne.n	10006ea4 <spi_init+0x30>
10006eae:	2006      	movs	r0, #6
10006eb0:	f7fb f916 	bl	100020e0 <clock_get_hz>
10006eb4:	4680      	mov	r8, r0
10006eb6:	2080      	movs	r0, #128	; 0x80
10006eb8:	2102      	movs	r1, #2
10006eba:	0def      	lsrs	r7, r5, #23
10006ebc:	026e      	lsls	r6, r5, #9
10006ebe:	0dab      	lsrs	r3, r5, #22
10006ec0:	02aa      	lsls	r2, r5, #10
10006ec2:	0040      	lsls	r0, r0, #1
10006ec4:	e005      	b.n	10006ed2 <spi_init+0x5e>
10006ec6:	4590      	cmp	r8, r2
10006ec8:	d307      	bcc.n	10006eda <spi_init+0x66>
10006eca:	1992      	adds	r2, r2, r6
10006ecc:	417b      	adcs	r3, r7
10006ece:	4281      	cmp	r1, r0
10006ed0:	d03f      	beq.n	10006f52 <spi_init+0xde>
10006ed2:	000c      	movs	r4, r1
10006ed4:	3102      	adds	r1, #2
10006ed6:	2b00      	cmp	r3, #0
10006ed8:	d0f5      	beq.n	10006ec6 <spi_init+0x52>
10006eda:	2680      	movs	r6, #128	; 0x80
10006edc:	0227      	lsls	r7, r4, #8
10006ede:	1b3f      	subs	r7, r7, r4
10006ee0:	0076      	lsls	r6, r6, #1
10006ee2:	e002      	b.n	10006eea <spi_init+0x76>
10006ee4:	1b3f      	subs	r7, r7, r4
10006ee6:	2e01      	cmp	r6, #1
10006ee8:	d035      	beq.n	10006f56 <spi_init+0xe2>
10006eea:	0039      	movs	r1, r7
10006eec:	4640      	mov	r0, r8
10006eee:	46b3      	mov	fp, r6
10006ef0:	3e01      	subs	r6, #1
10006ef2:	f7fc fcff 	bl	100038f4 <__wrap___aeabi_uidiv>
10006ef6:	4285      	cmp	r5, r0
10006ef8:	d2f4      	bcs.n	10006ee4 <spi_init+0x70>
10006efa:	4659      	mov	r1, fp
10006efc:	0233      	lsls	r3, r6, #8
10006efe:	4699      	mov	r9, r3
10006f00:	4361      	muls	r1, r4
10006f02:	4653      	mov	r3, sl
10006f04:	464a      	mov	r2, r9
10006f06:	611c      	str	r4, [r3, #16]
10006f08:	681b      	ldr	r3, [r3, #0]
10006f0a:	4650      	mov	r0, sl
10006f0c:	4053      	eors	r3, r2
10006f0e:	22ff      	movs	r2, #255	; 0xff
10006f10:	0212      	lsls	r2, r2, #8
10006f12:	4013      	ands	r3, r2
10006f14:	2280      	movs	r2, #128	; 0x80
10006f16:	0152      	lsls	r2, r2, #5
10006f18:	4302      	orrs	r2, r0
10006f1a:	6013      	str	r3, [r2, #0]
10006f1c:	6803      	ldr	r3, [r0, #0]
10006f1e:	2007      	movs	r0, #7
10006f20:	4058      	eors	r0, r3
10006f22:	23cf      	movs	r3, #207	; 0xcf
10006f24:	4003      	ands	r3, r0
10006f26:	6013      	str	r3, [r2, #0]
10006f28:	4652      	mov	r2, sl
10006f2a:	2380      	movs	r3, #128	; 0x80
10006f2c:	2003      	movs	r0, #3
10006f2e:	019b      	lsls	r3, r3, #6
10006f30:	3224      	adds	r2, #36	; 0x24
10006f32:	431a      	orrs	r2, r3
10006f34:	6010      	str	r0, [r2, #0]
10006f36:	4652      	mov	r2, sl
10006f38:	1d10      	adds	r0, r2, #4
10006f3a:	4318      	orrs	r0, r3
10006f3c:	2302      	movs	r3, #2
10006f3e:	6003      	str	r3, [r0, #0]
10006f40:	4640      	mov	r0, r8
10006f42:	f7fc fcd7 	bl	100038f4 <__wrap___aeabi_uidiv>
10006f46:	bcf0      	pop	{r4, r5, r6, r7}
10006f48:	46bb      	mov	fp, r7
10006f4a:	46b2      	mov	sl, r6
10006f4c:	46a9      	mov	r9, r5
10006f4e:	46a0      	mov	r8, r4
10006f50:	bdf8      	pop	{r3, r4, r5, r6, r7, pc}
10006f52:	000c      	movs	r4, r1
10006f54:	e7c1      	b.n	10006eda <spi_init+0x66>
10006f56:	0021      	movs	r1, r4
10006f58:	e7d3      	b.n	10006f02 <spi_init+0x8e>
10006f5a:	46c0      	nop			; (mov r8, r8)
10006f5c:	bffc4000 	.word	0xbffc4000
10006f60:	4000e000 	.word	0x4000e000
10006f64:	4000f000 	.word	0x4000f000
10006f68:	4000c000 	.word	0x4000c000

10006f6c <_ZN5Print17availableForWriteEv>:
10006f6c:	2000      	movs	r0, #0
10006f6e:	4770      	bx	lr

10006f70 <_ZN9LoRaClass5flushEv>:
10006f70:	4770      	bx	lr
10006f72:	46c0      	nop			; (mov r8, r8)

10006f74 <_ZN9LoRaClass9availableEv>:
10006f74:	b5f0      	push	{r4, r5, r6, r7, lr}
10006f76:	46ce      	mov	lr, r9
10006f78:	4647      	mov	r7, r8
10006f7a:	b580      	push	{r7, lr}
10006f7c:	b083      	sub	sp, #12
10006f7e:	466b      	mov	r3, sp
10006f80:	1d59      	adds	r1, r3, #5
10006f82:	2313      	movs	r3, #19
10006f84:	700b      	strb	r3, [r1, #0]
10006f86:	3b0d      	subs	r3, #13
10006f88:	446b      	add	r3, sp
10006f8a:	4699      	mov	r9, r3
10006f8c:	2501      	movs	r5, #1
10006f8e:	464a      	mov	r2, r9
10006f90:	2300      	movs	r3, #0
10006f92:	7013      	strb	r3, [r2, #0]
10006f94:	002b      	movs	r3, r5
10006f96:	68c2      	ldr	r2, [r0, #12]
10006f98:	27d0      	movs	r7, #208	; 0xd0
10006f9a:	4093      	lsls	r3, r2
10006f9c:	063f      	lsls	r7, r7, #24
10006f9e:	61bb      	str	r3, [r7, #24]
10006fa0:	4b0c      	ldr	r3, [pc, #48]	; (10006fd4 <_ZN9LoRaClass9availableEv+0x60>)
10006fa2:	0004      	movs	r4, r0
10006fa4:	2201      	movs	r2, #1
10006fa6:	0018      	movs	r0, r3
10006fa8:	4698      	mov	r8, r3
10006faa:	f000 fe41 	bl	10007c30 <__spi_write_blocking_veneer>
10006fae:	466b      	mov	r3, sp
10006fb0:	1dde      	adds	r6, r3, #7
10006fb2:	0032      	movs	r2, r6
10006fb4:	2301      	movs	r3, #1
10006fb6:	4649      	mov	r1, r9
10006fb8:	4640      	mov	r0, r8
10006fba:	f000 fe41 	bl	10007c40 <__spi_write_read_blocking_veneer>
10006fbe:	68e3      	ldr	r3, [r4, #12]
10006fc0:	409d      	lsls	r5, r3
10006fc2:	617d      	str	r5, [r7, #20]
10006fc4:	7830      	ldrb	r0, [r6, #0]
10006fc6:	69e3      	ldr	r3, [r4, #28]
10006fc8:	1ac0      	subs	r0, r0, r3
10006fca:	b003      	add	sp, #12
10006fcc:	bcc0      	pop	{r6, r7}
10006fce:	46b9      	mov	r9, r7
10006fd0:	46b0      	mov	r8, r6
10006fd2:	bdf0      	pop	{r4, r5, r6, r7, pc}
10006fd4:	4003c000 	.word	0x4003c000

10006fd8 <_ZN9LoRaClass4readEv>:
10006fd8:	b5f0      	push	{r4, r5, r6, r7, lr}
10006fda:	46c6      	mov	lr, r8
10006fdc:	b500      	push	{lr}
10006fde:	6803      	ldr	r3, [r0, #0]
10006fe0:	4a2a      	ldr	r2, [pc, #168]	; (1000708c <_ZN9LoRaClass4readEv+0xb4>)
10006fe2:	691b      	ldr	r3, [r3, #16]
10006fe4:	0004      	movs	r4, r0
10006fe6:	b082      	sub	sp, #8
10006fe8:	4293      	cmp	r3, r2
10006fea:	d14a      	bne.n	10007082 <_ZN9LoRaClass4readEv+0xaa>
10006fec:	466b      	mov	r3, sp
10006fee:	1d59      	adds	r1, r3, #5
10006ff0:	2313      	movs	r3, #19
10006ff2:	700b      	strb	r3, [r1, #0]
10006ff4:	3b0d      	subs	r3, #13
10006ff6:	446b      	add	r3, sp
10006ff8:	4698      	mov	r8, r3
10006ffa:	2501      	movs	r5, #1
10006ffc:	2300      	movs	r3, #0
10006ffe:	4642      	mov	r2, r8
10007000:	7013      	strb	r3, [r2, #0]
10007002:	002b      	movs	r3, r5
10007004:	68c2      	ldr	r2, [r0, #12]
10007006:	27d0      	movs	r7, #208	; 0xd0
10007008:	4093      	lsls	r3, r2
1000700a:	063f      	lsls	r7, r7, #24
1000700c:	2201      	movs	r2, #1
1000700e:	61bb      	str	r3, [r7, #24]
10007010:	481f      	ldr	r0, [pc, #124]	; (10007090 <_ZN9LoRaClass4readEv+0xb8>)
10007012:	f000 fe0d 	bl	10007c30 <__spi_write_blocking_veneer>
10007016:	466b      	mov	r3, sp
10007018:	1dde      	adds	r6, r3, #7
1000701a:	0032      	movs	r2, r6
1000701c:	2301      	movs	r3, #1
1000701e:	4641      	mov	r1, r8
10007020:	481b      	ldr	r0, [pc, #108]	; (10007090 <_ZN9LoRaClass4readEv+0xb8>)
10007022:	f000 fe0d 	bl	10007c40 <__spi_write_read_blocking_veneer>
10007026:	68e3      	ldr	r3, [r4, #12]
10007028:	409d      	lsls	r5, r3
1000702a:	617d      	str	r5, [r7, #20]
1000702c:	7830      	ldrb	r0, [r6, #0]
1000702e:	69e3      	ldr	r3, [r4, #28]
10007030:	1ac0      	subs	r0, r0, r3
10007032:	2800      	cmp	r0, #0
10007034:	d027      	beq.n	10007086 <_ZN9LoRaClass4readEv+0xae>
10007036:	69e3      	ldr	r3, [r4, #28]
10007038:	2206      	movs	r2, #6
1000703a:	3301      	adds	r3, #1
1000703c:	61e3      	str	r3, [r4, #28]
1000703e:	466b      	mov	r3, sp
10007040:	2501      	movs	r5, #1
10007042:	1d59      	adds	r1, r3, #5
10007044:	2300      	movs	r3, #0
10007046:	446a      	add	r2, sp
10007048:	700b      	strb	r3, [r1, #0]
1000704a:	7013      	strb	r3, [r2, #0]
1000704c:	002b      	movs	r3, r5
1000704e:	4690      	mov	r8, r2
10007050:	68e2      	ldr	r2, [r4, #12]
10007052:	27d0      	movs	r7, #208	; 0xd0
10007054:	4093      	lsls	r3, r2
10007056:	063f      	lsls	r7, r7, #24
10007058:	2201      	movs	r2, #1
1000705a:	61bb      	str	r3, [r7, #24]
1000705c:	480c      	ldr	r0, [pc, #48]	; (10007090 <_ZN9LoRaClass4readEv+0xb8>)
1000705e:	f000 fde7 	bl	10007c30 <__spi_write_blocking_veneer>
10007062:	466b      	mov	r3, sp
10007064:	1dde      	adds	r6, r3, #7
10007066:	0032      	movs	r2, r6
10007068:	2301      	movs	r3, #1
1000706a:	4641      	mov	r1, r8
1000706c:	4808      	ldr	r0, [pc, #32]	; (10007090 <_ZN9LoRaClass4readEv+0xb8>)
1000706e:	f000 fde7 	bl	10007c40 <__spi_write_read_blocking_veneer>
10007072:	68e3      	ldr	r3, [r4, #12]
10007074:	409d      	lsls	r5, r3
10007076:	617d      	str	r5, [r7, #20]
10007078:	7830      	ldrb	r0, [r6, #0]
1000707a:	b002      	add	sp, #8
1000707c:	bc80      	pop	{r7}
1000707e:	46b8      	mov	r8, r7
10007080:	bdf0      	pop	{r4, r5, r6, r7, pc}
10007082:	4798      	blx	r3
10007084:	e7d5      	b.n	10007032 <_ZN9LoRaClass4readEv+0x5a>
10007086:	2001      	movs	r0, #1
10007088:	4240      	negs	r0, r0
1000708a:	e7f6      	b.n	1000707a <_ZN9LoRaClass4readEv+0xa2>
1000708c:	10006f75 	.word	0x10006f75
10007090:	4003c000 	.word	0x4003c000

10007094 <_ZN9LoRaClass5writeEPKhj>:
10007094:	b5f0      	push	{r4, r5, r6, r7, lr}
10007096:	46de      	mov	lr, fp
10007098:	4657      	mov	r7, sl
1000709a:	464e      	mov	r6, r9
1000709c:	4645      	mov	r5, r8
1000709e:	b5e0      	push	{r5, r6, r7, lr}
100070a0:	b085      	sub	sp, #20
100070a2:	ab02      	add	r3, sp, #8
100070a4:	1d5f      	adds	r7, r3, #5
100070a6:	2322      	movs	r3, #34	; 0x22
100070a8:	703b      	strb	r3, [r7, #0]
100070aa:	ab02      	add	r3, sp, #8
100070ac:	1d9e      	adds	r6, r3, #6
100070ae:	2501      	movs	r5, #1
100070b0:	2300      	movs	r3, #0
100070b2:	7033      	strb	r3, [r6, #0]
100070b4:	002b      	movs	r3, r5
100070b6:	000c      	movs	r4, r1
100070b8:	68c1      	ldr	r1, [r0, #12]
100070ba:	9200      	str	r2, [sp, #0]
100070bc:	408b      	lsls	r3, r1
100070be:	21d0      	movs	r1, #208	; 0xd0
100070c0:	0609      	lsls	r1, r1, #24
100070c2:	618b      	str	r3, [r1, #24]
100070c4:	4681      	mov	r9, r0
100070c6:	4693      	mov	fp, r2
100070c8:	4688      	mov	r8, r1
100070ca:	2201      	movs	r2, #1
100070cc:	0039      	movs	r1, r7
100070ce:	4831      	ldr	r0, [pc, #196]	; (10007194 <_ZN9LoRaClass5writeEPKhj+0x100>)
100070d0:	f000 fdae 	bl	10007c30 <__spi_write_blocking_veneer>
100070d4:	aa02      	add	r2, sp, #8
100070d6:	4694      	mov	ip, r2
100070d8:	2307      	movs	r3, #7
100070da:	4463      	add	r3, ip
100070dc:	469a      	mov	sl, r3
100070de:	0031      	movs	r1, r6
100070e0:	2301      	movs	r3, #1
100070e2:	4652      	mov	r2, sl
100070e4:	482b      	ldr	r0, [pc, #172]	; (10007194 <_ZN9LoRaClass5writeEPKhj+0x100>)
100070e6:	f000 fdab 	bl	10007c40 <__spi_write_read_blocking_veneer>
100070ea:	464b      	mov	r3, r9
100070ec:	68db      	ldr	r3, [r3, #12]
100070ee:	4641      	mov	r1, r8
100070f0:	409d      	lsls	r5, r3
100070f2:	614d      	str	r5, [r1, #20]
100070f4:	4651      	mov	r1, sl
100070f6:	46dc      	mov	ip, fp
100070f8:	7809      	ldrb	r1, [r1, #0]
100070fa:	002a      	movs	r2, r5
100070fc:	448c      	add	ip, r1
100070fe:	4660      	mov	r0, ip
10007100:	9001      	str	r0, [sp, #4]
10007102:	28ff      	cmp	r0, #255	; 0xff
10007104:	d903      	bls.n	1000710e <_ZN9LoRaClass5writeEPKhj+0x7a>
10007106:	20ff      	movs	r0, #255	; 0xff
10007108:	1a41      	subs	r1, r0, r1
1000710a:	9100      	str	r1, [sp, #0]
1000710c:	9001      	str	r0, [sp, #4]
1000710e:	9900      	ldr	r1, [sp, #0]
10007110:	2900      	cmp	r1, #0
10007112:	d01f      	beq.n	10007154 <_ZN9LoRaClass5writeEPKhj+0xc0>
10007114:	2201      	movs	r2, #1
10007116:	468b      	mov	fp, r1
10007118:	4690      	mov	r8, r2
1000711a:	44a3      	add	fp, r4
1000711c:	7822      	ldrb	r2, [r4, #0]
1000711e:	25d0      	movs	r5, #208	; 0xd0
10007120:	7032      	strb	r2, [r6, #0]
10007122:	4642      	mov	r2, r8
10007124:	2180      	movs	r1, #128	; 0x80
10007126:	409a      	lsls	r2, r3
10007128:	062d      	lsls	r5, r5, #24
1000712a:	7039      	strb	r1, [r7, #0]
1000712c:	4819      	ldr	r0, [pc, #100]	; (10007194 <_ZN9LoRaClass5writeEPKhj+0x100>)
1000712e:	0039      	movs	r1, r7
10007130:	61aa      	str	r2, [r5, #24]
10007132:	2201      	movs	r2, #1
10007134:	f000 fd7c 	bl	10007c30 <__spi_write_blocking_veneer>
10007138:	2301      	movs	r3, #1
1000713a:	4652      	mov	r2, sl
1000713c:	0031      	movs	r1, r6
1000713e:	4815      	ldr	r0, [pc, #84]	; (10007194 <_ZN9LoRaClass5writeEPKhj+0x100>)
10007140:	f000 fd7e 	bl	10007c40 <__spi_write_read_blocking_veneer>
10007144:	464b      	mov	r3, r9
10007146:	4642      	mov	r2, r8
10007148:	68db      	ldr	r3, [r3, #12]
1000714a:	3401      	adds	r4, #1
1000714c:	409a      	lsls	r2, r3
1000714e:	616a      	str	r2, [r5, #20]
10007150:	455c      	cmp	r4, fp
10007152:	d1e3      	bne.n	1000711c <_ZN9LoRaClass5writeEPKhj+0x88>
10007154:	23a2      	movs	r3, #162	; 0xa2
10007156:	24d0      	movs	r4, #208	; 0xd0
10007158:	703b      	strb	r3, [r7, #0]
1000715a:	9b01      	ldr	r3, [sp, #4]
1000715c:	0624      	lsls	r4, r4, #24
1000715e:	7033      	strb	r3, [r6, #0]
10007160:	0039      	movs	r1, r7
10007162:	61a2      	str	r2, [r4, #24]
10007164:	480b      	ldr	r0, [pc, #44]	; (10007194 <_ZN9LoRaClass5writeEPKhj+0x100>)
10007166:	2201      	movs	r2, #1
10007168:	f000 fd62 	bl	10007c30 <__spi_write_blocking_veneer>
1000716c:	4652      	mov	r2, sl
1000716e:	2301      	movs	r3, #1
10007170:	0031      	movs	r1, r6
10007172:	4808      	ldr	r0, [pc, #32]	; (10007194 <_ZN9LoRaClass5writeEPKhj+0x100>)
10007174:	f000 fd64 	bl	10007c40 <__spi_write_read_blocking_veneer>
10007178:	464b      	mov	r3, r9
1000717a:	68da      	ldr	r2, [r3, #12]
1000717c:	2301      	movs	r3, #1
1000717e:	4093      	lsls	r3, r2
10007180:	9800      	ldr	r0, [sp, #0]
10007182:	6163      	str	r3, [r4, #20]
10007184:	b005      	add	sp, #20
10007186:	bcf0      	pop	{r4, r5, r6, r7}
10007188:	46bb      	mov	fp, r7
1000718a:	46b2      	mov	sl, r6
1000718c:	46a9      	mov	r9, r5
1000718e:	46a0      	mov	r8, r4
10007190:	bdf0      	pop	{r4, r5, r6, r7, pc}
10007192:	46c0      	nop			; (mov r8, r8)
10007194:	4003c000 	.word	0x4003c000

10007198 <_ZN9LoRaClass4peekEv>:
10007198:	b5f0      	push	{r4, r5, r6, r7, lr}
1000719a:	46c6      	mov	lr, r8
1000719c:	b500      	push	{lr}
1000719e:	6803      	ldr	r3, [r0, #0]
100071a0:	4a43      	ldr	r2, [pc, #268]	; (100072b0 <_ZN9LoRaClass4peekEv+0x118>)
100071a2:	691b      	ldr	r3, [r3, #16]
100071a4:	0004      	movs	r4, r0
100071a6:	b082      	sub	sp, #8
100071a8:	4293      	cmp	r3, r2
100071aa:	d000      	beq.n	100071ae <_ZN9LoRaClass4peekEv+0x16>
100071ac:	e07a      	b.n	100072a4 <_ZN9LoRaClass4peekEv+0x10c>
100071ae:	466b      	mov	r3, sp
100071b0:	1d59      	adds	r1, r3, #5
100071b2:	2313      	movs	r3, #19
100071b4:	700b      	strb	r3, [r1, #0]
100071b6:	3b0d      	subs	r3, #13
100071b8:	446b      	add	r3, sp
100071ba:	4698      	mov	r8, r3
100071bc:	2501      	movs	r5, #1
100071be:	2300      	movs	r3, #0
100071c0:	4642      	mov	r2, r8
100071c2:	7013      	strb	r3, [r2, #0]
100071c4:	002b      	movs	r3, r5
100071c6:	68c2      	ldr	r2, [r0, #12]
100071c8:	27d0      	movs	r7, #208	; 0xd0
100071ca:	4093      	lsls	r3, r2
100071cc:	063f      	lsls	r7, r7, #24
100071ce:	2201      	movs	r2, #1
100071d0:	61bb      	str	r3, [r7, #24]
100071d2:	4838      	ldr	r0, [pc, #224]	; (100072b4 <_ZN9LoRaClass4peekEv+0x11c>)
100071d4:	f000 fd2c 	bl	10007c30 <__spi_write_blocking_veneer>
100071d8:	466b      	mov	r3, sp
100071da:	1dde      	adds	r6, r3, #7
100071dc:	0032      	movs	r2, r6
100071de:	2301      	movs	r3, #1
100071e0:	4641      	mov	r1, r8
100071e2:	4834      	ldr	r0, [pc, #208]	; (100072b4 <_ZN9LoRaClass4peekEv+0x11c>)
100071e4:	f000 fd2c 	bl	10007c40 <__spi_write_read_blocking_veneer>
100071e8:	68e3      	ldr	r3, [r4, #12]
100071ea:	409d      	lsls	r5, r3
100071ec:	617d      	str	r5, [r7, #20]
100071ee:	7830      	ldrb	r0, [r6, #0]
100071f0:	69e3      	ldr	r3, [r4, #28]
100071f2:	1ac0      	subs	r0, r0, r3
100071f4:	2800      	cmp	r0, #0
100071f6:	d057      	beq.n	100072a8 <_ZN9LoRaClass4peekEv+0x110>
100071f8:	2601      	movs	r6, #1
100071fa:	466a      	mov	r2, sp
100071fc:	230d      	movs	r3, #13
100071fe:	2700      	movs	r7, #0
10007200:	7153      	strb	r3, [r2, #5]
10007202:	0033      	movs	r3, r6
10007204:	7197      	strb	r7, [r2, #6]
10007206:	68e2      	ldr	r2, [r4, #12]
10007208:	25d0      	movs	r5, #208	; 0xd0
1000720a:	4093      	lsls	r3, r2
1000720c:	062d      	lsls	r5, r5, #24
1000720e:	61ab      	str	r3, [r5, #24]
10007210:	466b      	mov	r3, sp
10007212:	2201      	movs	r2, #1
10007214:	1d59      	adds	r1, r3, #5
10007216:	4827      	ldr	r0, [pc, #156]	; (100072b4 <_ZN9LoRaClass4peekEv+0x11c>)
10007218:	f000 fd0a 	bl	10007c30 <__spi_write_blocking_veneer>
1000721c:	466a      	mov	r2, sp
1000721e:	4669      	mov	r1, sp
10007220:	2301      	movs	r3, #1
10007222:	3207      	adds	r2, #7
10007224:	3106      	adds	r1, #6
10007226:	4823      	ldr	r0, [pc, #140]	; (100072b4 <_ZN9LoRaClass4peekEv+0x11c>)
10007228:	f000 fd0a 	bl	10007c40 <__spi_write_read_blocking_veneer>
1000722c:	0033      	movs	r3, r6
1000722e:	68e2      	ldr	r2, [r4, #12]
10007230:	4820      	ldr	r0, [pc, #128]	; (100072b4 <_ZN9LoRaClass4peekEv+0x11c>)
10007232:	4093      	lsls	r3, r2
10007234:	466a      	mov	r2, sp
10007236:	616b      	str	r3, [r5, #20]
10007238:	79d2      	ldrb	r2, [r2, #7]
1000723a:	4690      	mov	r8, r2
1000723c:	466a      	mov	r2, sp
1000723e:	7157      	strb	r7, [r2, #5]
10007240:	7197      	strb	r7, [r2, #6]
10007242:	61ab      	str	r3, [r5, #24]
10007244:	466b      	mov	r3, sp
10007246:	2201      	movs	r2, #1
10007248:	1d59      	adds	r1, r3, #5
1000724a:	f000 fcf1 	bl	10007c30 <__spi_write_blocking_veneer>
1000724e:	466a      	mov	r2, sp
10007250:	4669      	mov	r1, sp
10007252:	2301      	movs	r3, #1
10007254:	3207      	adds	r2, #7
10007256:	3106      	adds	r1, #6
10007258:	4816      	ldr	r0, [pc, #88]	; (100072b4 <_ZN9LoRaClass4peekEv+0x11c>)
1000725a:	f000 fcf1 	bl	10007c40 <__spi_write_read_blocking_veneer>
1000725e:	0033      	movs	r3, r6
10007260:	68e2      	ldr	r2, [r4, #12]
10007262:	4669      	mov	r1, sp
10007264:	4093      	lsls	r3, r2
10007266:	466a      	mov	r2, sp
10007268:	616b      	str	r3, [r5, #20]
1000726a:	79d7      	ldrb	r7, [r2, #7]
1000726c:	228d      	movs	r2, #141	; 0x8d
1000726e:	714a      	strb	r2, [r1, #5]
10007270:	466a      	mov	r2, sp
10007272:	4641      	mov	r1, r8
10007274:	7191      	strb	r1, [r2, #6]
10007276:	61ab      	str	r3, [r5, #24]
10007278:	466b      	mov	r3, sp
1000727a:	2201      	movs	r2, #1
1000727c:	1d59      	adds	r1, r3, #5
1000727e:	480d      	ldr	r0, [pc, #52]	; (100072b4 <_ZN9LoRaClass4peekEv+0x11c>)
10007280:	f000 fcd6 	bl	10007c30 <__spi_write_blocking_veneer>
10007284:	466a      	mov	r2, sp
10007286:	4669      	mov	r1, sp
10007288:	2301      	movs	r3, #1
1000728a:	480a      	ldr	r0, [pc, #40]	; (100072b4 <_ZN9LoRaClass4peekEv+0x11c>)
1000728c:	3207      	adds	r2, #7
1000728e:	3106      	adds	r1, #6
10007290:	f000 fcd6 	bl	10007c40 <__spi_write_read_blocking_veneer>
10007294:	68e3      	ldr	r3, [r4, #12]
10007296:	0038      	movs	r0, r7
10007298:	409e      	lsls	r6, r3
1000729a:	616e      	str	r6, [r5, #20]
1000729c:	b002      	add	sp, #8
1000729e:	bc80      	pop	{r7}
100072a0:	46b8      	mov	r8, r7
100072a2:	bdf0      	pop	{r4, r5, r6, r7, pc}
100072a4:	4798      	blx	r3
100072a6:	e7a5      	b.n	100071f4 <_ZN9LoRaClass4peekEv+0x5c>
100072a8:	2001      	movs	r0, #1
100072aa:	4240      	negs	r0, r0
100072ac:	e7f6      	b.n	1000729c <_ZN9LoRaClass4peekEv+0x104>
100072ae:	46c0      	nop			; (mov r8, r8)
100072b0:	10006f75 	.word	0x10006f75
100072b4:	4003c000 	.word	0x4003c000

100072b8 <_ZN9LoRaClass5writeEh>:
100072b8:	b5f0      	push	{r4, r5, r6, r7, lr}
100072ba:	46ce      	mov	lr, r9
100072bc:	4647      	mov	r7, r8
100072be:	b580      	push	{r7, lr}
100072c0:	b085      	sub	sp, #20
100072c2:	466b      	mov	r3, sp
100072c4:	71d9      	strb	r1, [r3, #7]
100072c6:	6803      	ldr	r3, [r0, #0]
100072c8:	4a37      	ldr	r2, [pc, #220]	; (100073a8 <_ZN9LoRaClass5writeEh+0xf0>)
100072ca:	685b      	ldr	r3, [r3, #4]
100072cc:	0004      	movs	r4, r0
100072ce:	4293      	cmp	r3, r2
100072d0:	d163      	bne.n	1000739a <_ZN9LoRaClass5writeEh+0xe2>
100072d2:	466a      	mov	r2, sp
100072d4:	2322      	movs	r3, #34	; 0x22
100072d6:	7353      	strb	r3, [r2, #13]
100072d8:	2300      	movs	r3, #0
100072da:	7393      	strb	r3, [r2, #14]
100072dc:	68c2      	ldr	r2, [r0, #12]
100072de:	3301      	adds	r3, #1
100072e0:	4699      	mov	r9, r3
100072e2:	4093      	lsls	r3, r2
100072e4:	22d0      	movs	r2, #208	; 0xd0
100072e6:	0612      	lsls	r2, r2, #24
100072e8:	6193      	str	r3, [r2, #24]
100072ea:	230d      	movs	r3, #13
100072ec:	446b      	add	r3, sp
100072ee:	0019      	movs	r1, r3
100072f0:	4690      	mov	r8, r2
100072f2:	270f      	movs	r7, #15
100072f4:	2201      	movs	r2, #1
100072f6:	482d      	ldr	r0, [pc, #180]	; (100073ac <_ZN9LoRaClass5writeEh+0xf4>)
100072f8:	f000 fc9a 	bl	10007c30 <__spi_write_blocking_veneer>
100072fc:	210e      	movs	r1, #14
100072fe:	446f      	add	r7, sp
10007300:	2301      	movs	r3, #1
10007302:	003a      	movs	r2, r7
10007304:	4829      	ldr	r0, [pc, #164]	; (100073ac <_ZN9LoRaClass5writeEh+0xf4>)
10007306:	4469      	add	r1, sp
10007308:	f000 fc9a 	bl	10007c40 <__spi_write_read_blocking_veneer>
1000730c:	464b      	mov	r3, r9
1000730e:	68e2      	ldr	r2, [r4, #12]
10007310:	2600      	movs	r6, #0
10007312:	4093      	lsls	r3, r2
10007314:	4642      	mov	r2, r8
10007316:	6153      	str	r3, [r2, #20]
10007318:	783d      	ldrb	r5, [r7, #0]
1000731a:	2dff      	cmp	r5, #255	; 0xff
1000731c:	d11e      	bne.n	1000735c <_ZN9LoRaClass5writeEh+0xa4>
1000731e:	4669      	mov	r1, sp
10007320:	738d      	strb	r5, [r1, #14]
10007322:	25d0      	movs	r5, #208	; 0xd0
10007324:	22a2      	movs	r2, #162	; 0xa2
10007326:	062d      	lsls	r5, r5, #24
10007328:	734a      	strb	r2, [r1, #13]
1000732a:	61ab      	str	r3, [r5, #24]
1000732c:	230d      	movs	r3, #13
1000732e:	446b      	add	r3, sp
10007330:	0019      	movs	r1, r3
10007332:	2201      	movs	r2, #1
10007334:	481d      	ldr	r0, [pc, #116]	; (100073ac <_ZN9LoRaClass5writeEh+0xf4>)
10007336:	f000 fc7b 	bl	10007c30 <__spi_write_blocking_veneer>
1000733a:	210e      	movs	r1, #14
1000733c:	2301      	movs	r3, #1
1000733e:	003a      	movs	r2, r7
10007340:	481a      	ldr	r0, [pc, #104]	; (100073ac <_ZN9LoRaClass5writeEh+0xf4>)
10007342:	4469      	add	r1, sp
10007344:	f000 fc7c 	bl	10007c40 <__spi_write_read_blocking_veneer>
10007348:	2301      	movs	r3, #1
1000734a:	68e2      	ldr	r2, [r4, #12]
1000734c:	4093      	lsls	r3, r2
1000734e:	616b      	str	r3, [r5, #20]
10007350:	0030      	movs	r0, r6
10007352:	b005      	add	sp, #20
10007354:	bcc0      	pop	{r6, r7}
10007356:	46b9      	mov	r9, r7
10007358:	46b0      	mov	r8, r6
1000735a:	bdf0      	pop	{r4, r5, r6, r7, pc}
1000735c:	466a      	mov	r2, sp
1000735e:	4668      	mov	r0, sp
10007360:	79d2      	ldrb	r2, [r2, #7]
10007362:	2180      	movs	r1, #128	; 0x80
10007364:	7382      	strb	r2, [r0, #14]
10007366:	4642      	mov	r2, r8
10007368:	7341      	strb	r1, [r0, #13]
1000736a:	6193      	str	r3, [r2, #24]
1000736c:	230d      	movs	r3, #13
1000736e:	446b      	add	r3, sp
10007370:	0019      	movs	r1, r3
10007372:	2201      	movs	r2, #1
10007374:	480d      	ldr	r0, [pc, #52]	; (100073ac <_ZN9LoRaClass5writeEh+0xf4>)
10007376:	f000 fc5b 	bl	10007c30 <__spi_write_blocking_veneer>
1000737a:	210e      	movs	r1, #14
1000737c:	2301      	movs	r3, #1
1000737e:	003a      	movs	r2, r7
10007380:	480a      	ldr	r0, [pc, #40]	; (100073ac <_ZN9LoRaClass5writeEh+0xf4>)
10007382:	4469      	add	r1, sp
10007384:	f000 fc5c 	bl	10007c40 <__spi_write_read_blocking_veneer>
10007388:	464b      	mov	r3, r9
1000738a:	68e2      	ldr	r2, [r4, #12]
1000738c:	3501      	adds	r5, #1
1000738e:	4093      	lsls	r3, r2
10007390:	4642      	mov	r2, r8
10007392:	464e      	mov	r6, r9
10007394:	6153      	str	r3, [r2, #20]
10007396:	b2ed      	uxtb	r5, r5
10007398:	e7c1      	b.n	1000731e <_ZN9LoRaClass5writeEh+0x66>
1000739a:	4669      	mov	r1, sp
1000739c:	2201      	movs	r2, #1
1000739e:	3107      	adds	r1, #7
100073a0:	4798      	blx	r3
100073a2:	0006      	movs	r6, r0
100073a4:	e7d4      	b.n	10007350 <_ZN9LoRaClass5writeEh+0x98>
100073a6:	46c0      	nop			; (mov r8, r8)
100073a8:	10007095 	.word	0x10007095
100073ac:	4003c000 	.word	0x4003c000

100073b0 <_ZN9LoRaClass5beginEl>:
100073b0:	b5f0      	push	{r4, r5, r6, r7, lr}
100073b2:	464e      	mov	r6, r9
100073b4:	46de      	mov	lr, fp
100073b6:	4645      	mov	r5, r8
100073b8:	4657      	mov	r7, sl
100073ba:	b5e0      	push	{r5, r6, r7, lr}
100073bc:	2601      	movs	r6, #1
100073be:	0004      	movs	r4, r0
100073c0:	b085      	sub	sp, #20
100073c2:	68c0      	ldr	r0, [r0, #12]
100073c4:	4689      	mov	r9, r1
100073c6:	f7f9 f9c5 	bl	10000754 <gpio_init>
100073ca:	0033      	movs	r3, r6
100073cc:	68e2      	ldr	r2, [r4, #12]
100073ce:	25d0      	movs	r5, #208	; 0xd0
100073d0:	4093      	lsls	r3, r2
100073d2:	6920      	ldr	r0, [r4, #16]
100073d4:	062d      	lsls	r5, r5, #24
100073d6:	626b      	str	r3, [r5, #36]	; 0x24
100073d8:	616b      	str	r3, [r5, #20]
100073da:	1c43      	adds	r3, r0, #1
100073dc:	d00f      	beq.n	100073fe <_ZN9LoRaClass5beginEl+0x4e>
100073de:	f7f9 f9b9 	bl	10000754 <gpio_init>
100073e2:	0033      	movs	r3, r6
100073e4:	6922      	ldr	r2, [r4, #16]
100073e6:	200a      	movs	r0, #10
100073e8:	4093      	lsls	r3, r2
100073ea:	626b      	str	r3, [r5, #36]	; 0x24
100073ec:	61ab      	str	r3, [r5, #24]
100073ee:	f7fa f8a5 	bl	1000153c <sleep_ms>
100073f2:	6923      	ldr	r3, [r4, #16]
100073f4:	200a      	movs	r0, #10
100073f6:	409e      	lsls	r6, r3
100073f8:	616e      	str	r6, [r5, #20]
100073fa:	f7fa f89f 	bl	1000153c <sleep_ms>
100073fe:	49b5      	ldr	r1, [pc, #724]	; (100076d4 <_ZN9LoRaClass5beginEl+0x324>)
10007400:	48b5      	ldr	r0, [pc, #724]	; (100076d8 <_ZN9LoRaClass5beginEl+0x328>)
10007402:	f7ff fd37 	bl	10006e74 <spi_init>
10007406:	2101      	movs	r1, #1
10007408:	2010      	movs	r0, #16
1000740a:	f7f9 f8fb 	bl	10000604 <gpio_set_function>
1000740e:	2101      	movs	r1, #1
10007410:	2012      	movs	r0, #18
10007412:	f7f9 f8f7 	bl	10000604 <gpio_set_function>
10007416:	2101      	movs	r1, #1
10007418:	2013      	movs	r0, #19
1000741a:	f7f9 f8f3 	bl	10000604 <gpio_set_function>
1000741e:	2008      	movs	r0, #8
10007420:	f7f9 f998 	bl	10000754 <gpio_init>
10007424:	25d0      	movs	r5, #208	; 0xd0
10007426:	2380      	movs	r3, #128	; 0x80
10007428:	062d      	lsls	r5, r5, #24
1000742a:	005b      	lsls	r3, r3, #1
1000742c:	626b      	str	r3, [r5, #36]	; 0x24
1000742e:	616b      	str	r3, [r5, #20]
10007430:	ab02      	add	r3, sp, #8
10007432:	1d5f      	adds	r7, r3, #5
10007434:	2342      	movs	r3, #66	; 0x42
10007436:	703b      	strb	r3, [r7, #0]
10007438:	ab02      	add	r3, sp, #8
1000743a:	1d9e      	adds	r6, r3, #6
1000743c:	2300      	movs	r3, #0
1000743e:	68e2      	ldr	r2, [r4, #12]
10007440:	7033      	strb	r3, [r6, #0]
10007442:	3301      	adds	r3, #1
10007444:	4698      	mov	r8, r3
10007446:	4093      	lsls	r3, r2
10007448:	0039      	movs	r1, r7
1000744a:	2201      	movs	r2, #1
1000744c:	61ab      	str	r3, [r5, #24]
1000744e:	48a2      	ldr	r0, [pc, #648]	; (100076d8 <_ZN9LoRaClass5beginEl+0x328>)
10007450:	f000 fbee 	bl	10007c30 <__spi_write_blocking_veneer>
10007454:	aa02      	add	r2, sp, #8
10007456:	2301      	movs	r3, #1
10007458:	0031      	movs	r1, r6
1000745a:	3207      	adds	r2, #7
1000745c:	489e      	ldr	r0, [pc, #632]	; (100076d8 <_ZN9LoRaClass5beginEl+0x328>)
1000745e:	f000 fbef 	bl	10007c40 <__spi_write_read_blocking_veneer>
10007462:	4643      	mov	r3, r8
10007464:	68e2      	ldr	r2, [r4, #12]
10007466:	2100      	movs	r1, #0
10007468:	4093      	lsls	r3, r2
1000746a:	aa02      	add	r2, sp, #8
1000746c:	616b      	str	r3, [r5, #20]
1000746e:	79d2      	ldrb	r2, [r2, #7]
10007470:	468a      	mov	sl, r1
10007472:	2a12      	cmp	r2, #18
10007474:	d007      	beq.n	10007486 <_ZN9LoRaClass5beginEl+0xd6>
10007476:	4650      	mov	r0, sl
10007478:	b005      	add	sp, #20
1000747a:	bcf0      	pop	{r4, r5, r6, r7}
1000747c:	46bb      	mov	fp, r7
1000747e:	46b2      	mov	sl, r6
10007480:	46a9      	mov	r9, r5
10007482:	46a0      	mov	r8, r4
10007484:	bdf0      	pop	{r4, r5, r6, r7, pc}
10007486:	326f      	adds	r2, #111	; 0x6f
10007488:	703a      	strb	r2, [r7, #0]
1000748a:	4693      	mov	fp, r2
1000748c:	3a01      	subs	r2, #1
1000748e:	7032      	strb	r2, [r6, #0]
10007490:	0039      	movs	r1, r7
10007492:	61ab      	str	r3, [r5, #24]
10007494:	3a7f      	subs	r2, #127	; 0x7f
10007496:	4890      	ldr	r0, [pc, #576]	; (100076d8 <_ZN9LoRaClass5beginEl+0x328>)
10007498:	f000 fbca 	bl	10007c30 <__spi_write_blocking_veneer>
1000749c:	aa02      	add	r2, sp, #8
1000749e:	2301      	movs	r3, #1
100074a0:	0031      	movs	r1, r6
100074a2:	3207      	adds	r2, #7
100074a4:	488c      	ldr	r0, [pc, #560]	; (100076d8 <_ZN9LoRaClass5beginEl+0x328>)
100074a6:	f000 fbcb 	bl	10007c40 <__spi_write_read_blocking_veneer>
100074aa:	4643      	mov	r3, r8
100074ac:	68e2      	ldr	r2, [r4, #12]
100074ae:	4093      	lsls	r3, r2
100074b0:	464a      	mov	r2, r9
100074b2:	17d1      	asrs	r1, r2, #31
100074b4:	9301      	str	r3, [sp, #4]
100074b6:	04c9      	lsls	r1, r1, #19
100074b8:	616b      	str	r3, [r5, #20]
100074ba:	0b53      	lsrs	r3, r2, #13
100074bc:	61a2      	str	r2, [r4, #24]
100074be:	4319      	orrs	r1, r3
100074c0:	04d0      	lsls	r0, r2, #19
100074c2:	2300      	movs	r3, #0
100074c4:	4a85      	ldr	r2, [pc, #532]	; (100076dc <_ZN9LoRaClass5beginEl+0x32c>)
100074c6:	f7fc fa57 	bl	10003978 <__wrap___aeabi_uldivmod>
100074ca:	2386      	movs	r3, #134	; 0x86
100074cc:	703b      	strb	r3, [r7, #0]
100074ce:	0c03      	lsrs	r3, r0, #16
100074d0:	7033      	strb	r3, [r6, #0]
100074d2:	9b01      	ldr	r3, [sp, #4]
100074d4:	4681      	mov	r9, r0
100074d6:	2201      	movs	r2, #1
100074d8:	0039      	movs	r1, r7
100074da:	61ab      	str	r3, [r5, #24]
100074dc:	487e      	ldr	r0, [pc, #504]	; (100076d8 <_ZN9LoRaClass5beginEl+0x328>)
100074de:	f000 fba7 	bl	10007c30 <__spi_write_blocking_veneer>
100074e2:	aa02      	add	r2, sp, #8
100074e4:	2301      	movs	r3, #1
100074e6:	0031      	movs	r1, r6
100074e8:	3207      	adds	r2, #7
100074ea:	487b      	ldr	r0, [pc, #492]	; (100076d8 <_ZN9LoRaClass5beginEl+0x328>)
100074ec:	f000 fba8 	bl	10007c40 <__spi_write_read_blocking_veneer>
100074f0:	4643      	mov	r3, r8
100074f2:	68e2      	ldr	r2, [r4, #12]
100074f4:	0039      	movs	r1, r7
100074f6:	4093      	lsls	r3, r2
100074f8:	2287      	movs	r2, #135	; 0x87
100074fa:	616b      	str	r3, [r5, #20]
100074fc:	703a      	strb	r2, [r7, #0]
100074fe:	464a      	mov	r2, r9
10007500:	0a12      	lsrs	r2, r2, #8
10007502:	7032      	strb	r2, [r6, #0]
10007504:	4874      	ldr	r0, [pc, #464]	; (100076d8 <_ZN9LoRaClass5beginEl+0x328>)
10007506:	2201      	movs	r2, #1
10007508:	61ab      	str	r3, [r5, #24]
1000750a:	f000 fb91 	bl	10007c30 <__spi_write_blocking_veneer>
1000750e:	aa02      	add	r2, sp, #8
10007510:	2301      	movs	r3, #1
10007512:	0031      	movs	r1, r6
10007514:	3207      	adds	r2, #7
10007516:	4870      	ldr	r0, [pc, #448]	; (100076d8 <_ZN9LoRaClass5beginEl+0x328>)
10007518:	f000 fb92 	bl	10007c40 <__spi_write_read_blocking_veneer>
1000751c:	4643      	mov	r3, r8
1000751e:	68e2      	ldr	r2, [r4, #12]
10007520:	0039      	movs	r1, r7
10007522:	4093      	lsls	r3, r2
10007524:	2288      	movs	r2, #136	; 0x88
10007526:	616b      	str	r3, [r5, #20]
10007528:	703a      	strb	r2, [r7, #0]
1000752a:	464a      	mov	r2, r9
1000752c:	486a      	ldr	r0, [pc, #424]	; (100076d8 <_ZN9LoRaClass5beginEl+0x328>)
1000752e:	7032      	strb	r2, [r6, #0]
10007530:	2201      	movs	r2, #1
10007532:	61ab      	str	r3, [r5, #24]
10007534:	f000 fb7c 	bl	10007c30 <__spi_write_blocking_veneer>
10007538:	aa02      	add	r2, sp, #8
1000753a:	2301      	movs	r3, #1
1000753c:	0031      	movs	r1, r6
1000753e:	3207      	adds	r2, #7
10007540:	4865      	ldr	r0, [pc, #404]	; (100076d8 <_ZN9LoRaClass5beginEl+0x328>)
10007542:	f000 fb7d 	bl	10007c40 <__spi_write_read_blocking_veneer>
10007546:	4643      	mov	r3, r8
10007548:	68e2      	ldr	r2, [r4, #12]
1000754a:	0039      	movs	r1, r7
1000754c:	4093      	lsls	r3, r2
1000754e:	228e      	movs	r2, #142	; 0x8e
10007550:	616b      	str	r3, [r5, #20]
10007552:	703a      	strb	r2, [r7, #0]
10007554:	4652      	mov	r2, sl
10007556:	4860      	ldr	r0, [pc, #384]	; (100076d8 <_ZN9LoRaClass5beginEl+0x328>)
10007558:	7032      	strb	r2, [r6, #0]
1000755a:	4642      	mov	r2, r8
1000755c:	61ab      	str	r3, [r5, #24]
1000755e:	f000 fb67 	bl	10007c30 <__spi_write_blocking_veneer>
10007562:	aa02      	add	r2, sp, #8
10007564:	2301      	movs	r3, #1
10007566:	0031      	movs	r1, r6
10007568:	3207      	adds	r2, #7
1000756a:	485b      	ldr	r0, [pc, #364]	; (100076d8 <_ZN9LoRaClass5beginEl+0x328>)
1000756c:	f000 fb68 	bl	10007c40 <__spi_write_read_blocking_veneer>
10007570:	4643      	mov	r3, r8
10007572:	68e2      	ldr	r2, [r4, #12]
10007574:	0039      	movs	r1, r7
10007576:	4093      	lsls	r3, r2
10007578:	228f      	movs	r2, #143	; 0x8f
1000757a:	616b      	str	r3, [r5, #20]
1000757c:	4691      	mov	r9, r2
1000757e:	703a      	strb	r2, [r7, #0]
10007580:	4652      	mov	r2, sl
10007582:	4855      	ldr	r0, [pc, #340]	; (100076d8 <_ZN9LoRaClass5beginEl+0x328>)
10007584:	7032      	strb	r2, [r6, #0]
10007586:	4642      	mov	r2, r8
10007588:	61ab      	str	r3, [r5, #24]
1000758a:	f000 fb51 	bl	10007c30 <__spi_write_blocking_veneer>
1000758e:	aa02      	add	r2, sp, #8
10007590:	2301      	movs	r3, #1
10007592:	0031      	movs	r1, r6
10007594:	3207      	adds	r2, #7
10007596:	4850      	ldr	r0, [pc, #320]	; (100076d8 <_ZN9LoRaClass5beginEl+0x328>)
10007598:	f000 fb52 	bl	10007c40 <__spi_write_read_blocking_veneer>
1000759c:	4643      	mov	r3, r8
1000759e:	68e2      	ldr	r2, [r4, #12]
100075a0:	0039      	movs	r1, r7
100075a2:	4093      	lsls	r3, r2
100075a4:	220c      	movs	r2, #12
100075a6:	616b      	str	r3, [r5, #20]
100075a8:	703a      	strb	r2, [r7, #0]
100075aa:	4652      	mov	r2, sl
100075ac:	484a      	ldr	r0, [pc, #296]	; (100076d8 <_ZN9LoRaClass5beginEl+0x328>)
100075ae:	7032      	strb	r2, [r6, #0]
100075b0:	4642      	mov	r2, r8
100075b2:	61ab      	str	r3, [r5, #24]
100075b4:	f000 fb3c 	bl	10007c30 <__spi_write_blocking_veneer>
100075b8:	aa02      	add	r2, sp, #8
100075ba:	2301      	movs	r3, #1
100075bc:	0031      	movs	r1, r6
100075be:	3207      	adds	r2, #7
100075c0:	4845      	ldr	r0, [pc, #276]	; (100076d8 <_ZN9LoRaClass5beginEl+0x328>)
100075c2:	f000 fb3d 	bl	10007c40 <__spi_write_read_blocking_veneer>
100075c6:	4642      	mov	r2, r8
100075c8:	68e3      	ldr	r3, [r4, #12]
100075ca:	218c      	movs	r1, #140	; 0x8c
100075cc:	409a      	lsls	r2, r3
100075ce:	616a      	str	r2, [r5, #20]
100075d0:	7039      	strb	r1, [r7, #0]
100075d2:	2103      	movs	r1, #3
100075d4:	ab02      	add	r3, sp, #8
100075d6:	79db      	ldrb	r3, [r3, #7]
100075d8:	483f      	ldr	r0, [pc, #252]	; (100076d8 <_ZN9LoRaClass5beginEl+0x328>)
100075da:	430b      	orrs	r3, r1
100075dc:	7033      	strb	r3, [r6, #0]
100075de:	0039      	movs	r1, r7
100075e0:	61aa      	str	r2, [r5, #24]
100075e2:	2201      	movs	r2, #1
100075e4:	f000 fb24 	bl	10007c30 <__spi_write_blocking_veneer>
100075e8:	aa02      	add	r2, sp, #8
100075ea:	2301      	movs	r3, #1
100075ec:	0031      	movs	r1, r6
100075ee:	3207      	adds	r2, #7
100075f0:	4839      	ldr	r0, [pc, #228]	; (100076d8 <_ZN9LoRaClass5beginEl+0x328>)
100075f2:	f000 fb25 	bl	10007c40 <__spi_write_read_blocking_veneer>
100075f6:	4643      	mov	r3, r8
100075f8:	68e2      	ldr	r2, [r4, #12]
100075fa:	0039      	movs	r1, r7
100075fc:	4093      	lsls	r3, r2
100075fe:	22a6      	movs	r2, #166	; 0xa6
10007600:	616b      	str	r3, [r5, #20]
10007602:	703a      	strb	r2, [r7, #0]
10007604:	3aa2      	subs	r2, #162	; 0xa2
10007606:	7032      	strb	r2, [r6, #0]
10007608:	4833      	ldr	r0, [pc, #204]	; (100076d8 <_ZN9LoRaClass5beginEl+0x328>)
1000760a:	61ab      	str	r3, [r5, #24]
1000760c:	3a03      	subs	r2, #3
1000760e:	f000 fb0f 	bl	10007c30 <__spi_write_blocking_veneer>
10007612:	aa02      	add	r2, sp, #8
10007614:	2301      	movs	r3, #1
10007616:	0031      	movs	r1, r6
10007618:	3207      	adds	r2, #7
1000761a:	482f      	ldr	r0, [pc, #188]	; (100076d8 <_ZN9LoRaClass5beginEl+0x328>)
1000761c:	f000 fb10 	bl	10007c40 <__spi_write_read_blocking_veneer>
10007620:	4643      	mov	r3, r8
10007622:	68e2      	ldr	r2, [r4, #12]
10007624:	0039      	movs	r1, r7
10007626:	4093      	lsls	r3, r2
10007628:	22cd      	movs	r2, #205	; 0xcd
1000762a:	616b      	str	r3, [r5, #20]
1000762c:	703a      	strb	r2, [r7, #0]
1000762e:	3a49      	subs	r2, #73	; 0x49
10007630:	7032      	strb	r2, [r6, #0]
10007632:	4829      	ldr	r0, [pc, #164]	; (100076d8 <_ZN9LoRaClass5beginEl+0x328>)
10007634:	61ab      	str	r3, [r5, #24]
10007636:	3a83      	subs	r2, #131	; 0x83
10007638:	f000 fafa 	bl	10007c30 <__spi_write_blocking_veneer>
1000763c:	aa02      	add	r2, sp, #8
1000763e:	2301      	movs	r3, #1
10007640:	0031      	movs	r1, r6
10007642:	3207      	adds	r2, #7
10007644:	4824      	ldr	r0, [pc, #144]	; (100076d8 <_ZN9LoRaClass5beginEl+0x328>)
10007646:	f000 fafb 	bl	10007c40 <__spi_write_read_blocking_veneer>
1000764a:	4643      	mov	r3, r8
1000764c:	68e2      	ldr	r2, [r4, #12]
1000764e:	0039      	movs	r1, r7
10007650:	4093      	lsls	r3, r2
10007652:	228b      	movs	r2, #139	; 0x8b
10007654:	616b      	str	r3, [r5, #20]
10007656:	703a      	strb	r2, [r7, #0]
10007658:	3a60      	subs	r2, #96	; 0x60
1000765a:	7032      	strb	r2, [r6, #0]
1000765c:	481e      	ldr	r0, [pc, #120]	; (100076d8 <_ZN9LoRaClass5beginEl+0x328>)
1000765e:	61ab      	str	r3, [r5, #24]
10007660:	3a2a      	subs	r2, #42	; 0x2a
10007662:	f000 fae5 	bl	10007c30 <__spi_write_blocking_veneer>
10007666:	aa02      	add	r2, sp, #8
10007668:	2301      	movs	r3, #1
1000766a:	0031      	movs	r1, r6
1000766c:	3207      	adds	r2, #7
1000766e:	481a      	ldr	r0, [pc, #104]	; (100076d8 <_ZN9LoRaClass5beginEl+0x328>)
10007670:	f000 fae6 	bl	10007c40 <__spi_write_read_blocking_veneer>
10007674:	4643      	mov	r3, r8
10007676:	68e2      	ldr	r2, [r4, #12]
10007678:	0039      	movs	r1, r7
1000767a:	4093      	lsls	r3, r2
1000767c:	2289      	movs	r2, #137	; 0x89
1000767e:	616b      	str	r3, [r5, #20]
10007680:	703a      	strb	r2, [r7, #0]
10007682:	464a      	mov	r2, r9
10007684:	4814      	ldr	r0, [pc, #80]	; (100076d8 <_ZN9LoRaClass5beginEl+0x328>)
10007686:	7032      	strb	r2, [r6, #0]
10007688:	61ab      	str	r3, [r5, #24]
1000768a:	3a8e      	subs	r2, #142	; 0x8e
1000768c:	f000 fad0 	bl	10007c30 <__spi_write_blocking_veneer>
10007690:	aa02      	add	r2, sp, #8
10007692:	2301      	movs	r3, #1
10007694:	0031      	movs	r1, r6
10007696:	3207      	adds	r2, #7
10007698:	480f      	ldr	r0, [pc, #60]	; (100076d8 <_ZN9LoRaClass5beginEl+0x328>)
1000769a:	f000 fad1 	bl	10007c40 <__spi_write_read_blocking_veneer>
1000769e:	4643      	mov	r3, r8
100076a0:	68e2      	ldr	r2, [r4, #12]
100076a2:	0039      	movs	r1, r7
100076a4:	4093      	lsls	r3, r2
100076a6:	465a      	mov	r2, fp
100076a8:	616b      	str	r3, [r5, #20]
100076aa:	480b      	ldr	r0, [pc, #44]	; (100076d8 <_ZN9LoRaClass5beginEl+0x328>)
100076ac:	703a      	strb	r2, [r7, #0]
100076ae:	7032      	strb	r2, [r6, #0]
100076b0:	61ab      	str	r3, [r5, #24]
100076b2:	3a80      	subs	r2, #128	; 0x80
100076b4:	f000 fabc 	bl	10007c30 <__spi_write_blocking_veneer>
100076b8:	aa02      	add	r2, sp, #8
100076ba:	2301      	movs	r3, #1
100076bc:	3207      	adds	r2, #7
100076be:	0031      	movs	r1, r6
100076c0:	4805      	ldr	r0, [pc, #20]	; (100076d8 <_ZN9LoRaClass5beginEl+0x328>)
100076c2:	f000 fabd 	bl	10007c40 <__spi_write_read_blocking_veneer>
100076c6:	4642      	mov	r2, r8
100076c8:	68e3      	ldr	r3, [r4, #12]
100076ca:	409a      	lsls	r2, r3
100076cc:	2301      	movs	r3, #1
100076ce:	616a      	str	r2, [r5, #20]
100076d0:	469a      	mov	sl, r3
100076d2:	e6d0      	b.n	10007476 <_ZN9LoRaClass5beginEl+0xc6>
100076d4:	000030d4 	.word	0x000030d4
100076d8:	4003c000 	.word	0x4003c000
100076dc:	01e84800 	.word	0x01e84800

100076e0 <_ZN9LoRaClass10packetRssiEv>:
100076e0:	b5f0      	push	{r4, r5, r6, r7, lr}
100076e2:	46c6      	mov	lr, r8
100076e4:	b500      	push	{lr}
100076e6:	b082      	sub	sp, #8
100076e8:	466b      	mov	r3, sp
100076ea:	1d59      	adds	r1, r3, #5
100076ec:	231a      	movs	r3, #26
100076ee:	700b      	strb	r3, [r1, #0]
100076f0:	3b14      	subs	r3, #20
100076f2:	446b      	add	r3, sp
100076f4:	4698      	mov	r8, r3
100076f6:	2501      	movs	r5, #1
100076f8:	2300      	movs	r3, #0
100076fa:	4642      	mov	r2, r8
100076fc:	7013      	strb	r3, [r2, #0]
100076fe:	002b      	movs	r3, r5
10007700:	68c2      	ldr	r2, [r0, #12]
10007702:	27d0      	movs	r7, #208	; 0xd0
10007704:	4093      	lsls	r3, r2
10007706:	063f      	lsls	r7, r7, #24
10007708:	0004      	movs	r4, r0
1000770a:	2201      	movs	r2, #1
1000770c:	61bb      	str	r3, [r7, #24]
1000770e:	480d      	ldr	r0, [pc, #52]	; (10007744 <_ZN9LoRaClass10packetRssiEv+0x64>)
10007710:	f000 fa8e 	bl	10007c30 <__spi_write_blocking_veneer>
10007714:	466b      	mov	r3, sp
10007716:	1dde      	adds	r6, r3, #7
10007718:	0032      	movs	r2, r6
1000771a:	2301      	movs	r3, #1
1000771c:	4641      	mov	r1, r8
1000771e:	4809      	ldr	r0, [pc, #36]	; (10007744 <_ZN9LoRaClass10packetRssiEv+0x64>)
10007720:	f000 fa8e 	bl	10007c40 <__spi_write_read_blocking_veneer>
10007724:	68e3      	ldr	r3, [r4, #12]
10007726:	4a08      	ldr	r2, [pc, #32]	; (10007748 <_ZN9LoRaClass10packetRssiEv+0x68>)
10007728:	409d      	lsls	r5, r3
1000772a:	617d      	str	r5, [r7, #20]
1000772c:	69a1      	ldr	r1, [r4, #24]
1000772e:	23a4      	movs	r3, #164	; 0xa4
10007730:	7830      	ldrb	r0, [r6, #0]
10007732:	4291      	cmp	r1, r2
10007734:	dd00      	ble.n	10007738 <_ZN9LoRaClass10packetRssiEv+0x58>
10007736:	3b07      	subs	r3, #7
10007738:	1ac0      	subs	r0, r0, r3
1000773a:	b002      	add	sp, #8
1000773c:	bc80      	pop	{r7}
1000773e:	46b8      	mov	r8, r7
10007740:	bdf0      	pop	{r4, r5, r6, r7, pc}
10007742:	46c0      	nop			; (mov r8, r8)
10007744:	4003c000 	.word	0x4003c000
10007748:	1f4add3f 	.word	0x1f4add3f

1000774c <_ZN9LoRaClass9onReceiveEPFviE>:
1000774c:	b510      	push	{r4, lr}
1000774e:	6241      	str	r1, [r0, #36]	; 0x24
10007750:	6940      	ldr	r0, [r0, #20]
10007752:	2900      	cmp	r1, #0
10007754:	d005      	beq.n	10007762 <_ZN9LoRaClass9onReceiveEPFviE+0x16>
10007756:	2201      	movs	r2, #1
10007758:	2108      	movs	r1, #8
1000775a:	4b04      	ldr	r3, [pc, #16]	; (1000776c <_ZN9LoRaClass9onReceiveEPFviE+0x20>)
1000775c:	f7f8 ff94 	bl	10000688 <gpio_set_irq_enabled_with_callback>
10007760:	bd10      	pop	{r4, pc}
10007762:	2200      	movs	r2, #0
10007764:	2108      	movs	r1, #8
10007766:	f7f8 ff65 	bl	10000634 <gpio_set_irq_enabled>
1000776a:	e7f9      	b.n	10007760 <_ZN9LoRaClass9onReceiveEPFviE+0x14>
1000776c:	10007a69 	.word	0x10007a69

10007770 <_ZN9LoRaClass7receiveEi>:
10007770:	b5f0      	push	{r4, r5, r6, r7, lr}
10007772:	46de      	mov	lr, fp
10007774:	4645      	mov	r5, r8
10007776:	4657      	mov	r7, sl
10007778:	464e      	mov	r6, r9
1000777a:	b5e0      	push	{r5, r6, r7, lr}
1000777c:	b083      	sub	sp, #12
1000777e:	466b      	mov	r3, sp
10007780:	1d5d      	adds	r5, r3, #5
10007782:	23c0      	movs	r3, #192	; 0xc0
10007784:	702b      	strb	r3, [r5, #0]
10007786:	466b      	mov	r3, sp
10007788:	2701      	movs	r7, #1
1000778a:	1d9c      	adds	r4, r3, #6
1000778c:	2300      	movs	r3, #0
1000778e:	7023      	strb	r3, [r4, #0]
10007790:	469b      	mov	fp, r3
10007792:	003b      	movs	r3, r7
10007794:	68c2      	ldr	r2, [r0, #12]
10007796:	0006      	movs	r6, r0
10007798:	4093      	lsls	r3, r2
1000779a:	22d0      	movs	r2, #208	; 0xd0
1000779c:	0612      	lsls	r2, r2, #24
1000779e:	6193      	str	r3, [r2, #24]
100077a0:	468a      	mov	sl, r1
100077a2:	4690      	mov	r8, r2
100077a4:	0029      	movs	r1, r5
100077a6:	2201      	movs	r2, #1
100077a8:	484c      	ldr	r0, [pc, #304]	; (100078dc <_ZN9LoRaClass7receiveEi+0x16c>)
100077aa:	f000 fa41 	bl	10007c30 <__spi_write_blocking_veneer>
100077ae:	2307      	movs	r3, #7
100077b0:	446b      	add	r3, sp
100077b2:	4699      	mov	r9, r3
100077b4:	0021      	movs	r1, r4
100077b6:	2301      	movs	r3, #1
100077b8:	464a      	mov	r2, r9
100077ba:	4848      	ldr	r0, [pc, #288]	; (100078dc <_ZN9LoRaClass7receiveEi+0x16c>)
100077bc:	f000 fa40 	bl	10007c40 <__spi_write_read_blocking_veneer>
100077c0:	003b      	movs	r3, r7
100077c2:	68f2      	ldr	r2, [r6, #12]
100077c4:	4093      	lsls	r3, r2
100077c6:	4642      	mov	r2, r8
100077c8:	6153      	str	r3, [r2, #20]
100077ca:	4652      	mov	r2, sl
100077cc:	2a00      	cmp	r2, #0
100077ce:	dd63      	ble.n	10007898 <_ZN9LoRaClass7receiveEi+0x128>
100077d0:	221d      	movs	r2, #29
100077d2:	702a      	strb	r2, [r5, #0]
100077d4:	465a      	mov	r2, fp
100077d6:	7022      	strb	r2, [r4, #0]
100077d8:	4642      	mov	r2, r8
100077da:	0029      	movs	r1, r5
100077dc:	6237      	str	r7, [r6, #32]
100077de:	483f      	ldr	r0, [pc, #252]	; (100078dc <_ZN9LoRaClass7receiveEi+0x16c>)
100077e0:	6193      	str	r3, [r2, #24]
100077e2:	2201      	movs	r2, #1
100077e4:	f000 fa24 	bl	10007c30 <__spi_write_blocking_veneer>
100077e8:	2301      	movs	r3, #1
100077ea:	464a      	mov	r2, r9
100077ec:	0021      	movs	r1, r4
100077ee:	483b      	ldr	r0, [pc, #236]	; (100078dc <_ZN9LoRaClass7receiveEi+0x16c>)
100077f0:	f000 fa26 	bl	10007c40 <__spi_write_read_blocking_veneer>
100077f4:	003a      	movs	r2, r7
100077f6:	68f3      	ldr	r3, [r6, #12]
100077f8:	219d      	movs	r1, #157	; 0x9d
100077fa:	409a      	lsls	r2, r3
100077fc:	4643      	mov	r3, r8
100077fe:	615a      	str	r2, [r3, #20]
10007800:	464b      	mov	r3, r9
10007802:	7029      	strb	r1, [r5, #0]
10007804:	2101      	movs	r1, #1
10007806:	781b      	ldrb	r3, [r3, #0]
10007808:	4834      	ldr	r0, [pc, #208]	; (100078dc <_ZN9LoRaClass7receiveEi+0x16c>)
1000780a:	430b      	orrs	r3, r1
1000780c:	7023      	strb	r3, [r4, #0]
1000780e:	4643      	mov	r3, r8
10007810:	0029      	movs	r1, r5
10007812:	619a      	str	r2, [r3, #24]
10007814:	2201      	movs	r2, #1
10007816:	f000 fa0b 	bl	10007c30 <__spi_write_blocking_veneer>
1000781a:	2301      	movs	r3, #1
1000781c:	464a      	mov	r2, r9
1000781e:	0021      	movs	r1, r4
10007820:	482e      	ldr	r0, [pc, #184]	; (100078dc <_ZN9LoRaClass7receiveEi+0x16c>)
10007822:	f000 fa0d 	bl	10007c40 <__spi_write_read_blocking_veneer>
10007826:	003b      	movs	r3, r7
10007828:	68f2      	ldr	r2, [r6, #12]
1000782a:	4093      	lsls	r3, r2
1000782c:	4642      	mov	r2, r8
1000782e:	6153      	str	r3, [r2, #20]
10007830:	22a2      	movs	r2, #162	; 0xa2
10007832:	702a      	strb	r2, [r5, #0]
10007834:	4652      	mov	r2, sl
10007836:	7022      	strb	r2, [r4, #0]
10007838:	4642      	mov	r2, r8
1000783a:	6193      	str	r3, [r2, #24]
1000783c:	0029      	movs	r1, r5
1000783e:	2201      	movs	r2, #1
10007840:	4826      	ldr	r0, [pc, #152]	; (100078dc <_ZN9LoRaClass7receiveEi+0x16c>)
10007842:	f000 f9f5 	bl	10007c30 <__spi_write_blocking_veneer>
10007846:	464a      	mov	r2, r9
10007848:	0021      	movs	r1, r4
1000784a:	2301      	movs	r3, #1
1000784c:	4823      	ldr	r0, [pc, #140]	; (100078dc <_ZN9LoRaClass7receiveEi+0x16c>)
1000784e:	f000 f9f7 	bl	10007c40 <__spi_write_read_blocking_veneer>
10007852:	68f3      	ldr	r3, [r6, #12]
10007854:	0029      	movs	r1, r5
10007856:	409f      	lsls	r7, r3
10007858:	4643      	mov	r3, r8
1000785a:	615f      	str	r7, [r3, #20]
1000785c:	2381      	movs	r3, #129	; 0x81
1000785e:	702b      	strb	r3, [r5, #0]
10007860:	3304      	adds	r3, #4
10007862:	7023      	strb	r3, [r4, #0]
10007864:	23d0      	movs	r3, #208	; 0xd0
10007866:	061b      	lsls	r3, r3, #24
10007868:	619f      	str	r7, [r3, #24]
1000786a:	2201      	movs	r2, #1
1000786c:	481b      	ldr	r0, [pc, #108]	; (100078dc <_ZN9LoRaClass7receiveEi+0x16c>)
1000786e:	4698      	mov	r8, r3
10007870:	f000 f9de 	bl	10007c30 <__spi_write_blocking_veneer>
10007874:	464a      	mov	r2, r9
10007876:	2301      	movs	r3, #1
10007878:	0021      	movs	r1, r4
1000787a:	4818      	ldr	r0, [pc, #96]	; (100078dc <_ZN9LoRaClass7receiveEi+0x16c>)
1000787c:	f000 f9e0 	bl	10007c40 <__spi_write_read_blocking_veneer>
10007880:	2301      	movs	r3, #1
10007882:	68f2      	ldr	r2, [r6, #12]
10007884:	4093      	lsls	r3, r2
10007886:	4642      	mov	r2, r8
10007888:	6153      	str	r3, [r2, #20]
1000788a:	b003      	add	sp, #12
1000788c:	bcf0      	pop	{r4, r5, r6, r7}
1000788e:	46bb      	mov	fp, r7
10007890:	46b2      	mov	sl, r6
10007892:	46a9      	mov	r9, r5
10007894:	46a0      	mov	r8, r4
10007896:	bdf0      	pop	{r4, r5, r6, r7, pc}
10007898:	465a      	mov	r2, fp
1000789a:	6232      	str	r2, [r6, #32]
1000789c:	221d      	movs	r2, #29
1000789e:	702a      	strb	r2, [r5, #0]
100078a0:	465a      	mov	r2, fp
100078a2:	7022      	strb	r2, [r4, #0]
100078a4:	4642      	mov	r2, r8
100078a6:	0029      	movs	r1, r5
100078a8:	6193      	str	r3, [r2, #24]
100078aa:	480c      	ldr	r0, [pc, #48]	; (100078dc <_ZN9LoRaClass7receiveEi+0x16c>)
100078ac:	2201      	movs	r2, #1
100078ae:	f000 f9bf 	bl	10007c30 <__spi_write_blocking_veneer>
100078b2:	2301      	movs	r3, #1
100078b4:	464a      	mov	r2, r9
100078b6:	0021      	movs	r1, r4
100078b8:	4808      	ldr	r0, [pc, #32]	; (100078dc <_ZN9LoRaClass7receiveEi+0x16c>)
100078ba:	f000 f9c1 	bl	10007c40 <__spi_write_read_blocking_veneer>
100078be:	003a      	movs	r2, r7
100078c0:	68f3      	ldr	r3, [r6, #12]
100078c2:	219d      	movs	r1, #157	; 0x9d
100078c4:	409a      	lsls	r2, r3
100078c6:	4643      	mov	r3, r8
100078c8:	615a      	str	r2, [r3, #20]
100078ca:	464b      	mov	r3, r9
100078cc:	781b      	ldrb	r3, [r3, #0]
100078ce:	7029      	strb	r1, [r5, #0]
100078d0:	43bb      	bics	r3, r7
100078d2:	7023      	strb	r3, [r4, #0]
100078d4:	4643      	mov	r3, r8
100078d6:	619a      	str	r2, [r3, #24]
100078d8:	e7b0      	b.n	1000783c <_ZN9LoRaClass7receiveEi+0xcc>
100078da:	46c0      	nop			; (mov r8, r8)
100078dc:	4003c000 	.word	0x4003c000

100078e0 <_ZN9LoRaClass14handleDio0RiseEv>:
100078e0:	b5f0      	push	{r4, r5, r6, r7, lr}
100078e2:	46c6      	mov	lr, r8
100078e4:	b500      	push	{lr}
100078e6:	b082      	sub	sp, #8
100078e8:	466a      	mov	r2, sp
100078ea:	2312      	movs	r3, #18
100078ec:	2601      	movs	r6, #1
100078ee:	7153      	strb	r3, [r2, #5]
100078f0:	2300      	movs	r3, #0
100078f2:	7193      	strb	r3, [r2, #6]
100078f4:	0033      	movs	r3, r6
100078f6:	68c2      	ldr	r2, [r0, #12]
100078f8:	25d0      	movs	r5, #208	; 0xd0
100078fa:	4093      	lsls	r3, r2
100078fc:	062d      	lsls	r5, r5, #24
100078fe:	61ab      	str	r3, [r5, #24]
10007900:	466b      	mov	r3, sp
10007902:	0004      	movs	r4, r0
10007904:	1d59      	adds	r1, r3, #5
10007906:	2201      	movs	r2, #1
10007908:	4856      	ldr	r0, [pc, #344]	; (10007a64 <_ZN9LoRaClass14handleDio0RiseEv+0x184>)
1000790a:	f000 f991 	bl	10007c30 <__spi_write_blocking_veneer>
1000790e:	466a      	mov	r2, sp
10007910:	4669      	mov	r1, sp
10007912:	2301      	movs	r3, #1
10007914:	3207      	adds	r2, #7
10007916:	3106      	adds	r1, #6
10007918:	4852      	ldr	r0, [pc, #328]	; (10007a64 <_ZN9LoRaClass14handleDio0RiseEv+0x184>)
1000791a:	f000 f991 	bl	10007c40 <__spi_write_read_blocking_veneer>
1000791e:	0033      	movs	r3, r6
10007920:	68e2      	ldr	r2, [r4, #12]
10007922:	4850      	ldr	r0, [pc, #320]	; (10007a64 <_ZN9LoRaClass14handleDio0RiseEv+0x184>)
10007924:	4093      	lsls	r3, r2
10007926:	466a      	mov	r2, sp
10007928:	616b      	str	r3, [r5, #20]
1000792a:	79d7      	ldrb	r7, [r2, #7]
1000792c:	2292      	movs	r2, #146	; 0x92
1000792e:	4690      	mov	r8, r2
10007930:	466a      	mov	r2, sp
10007932:	4641      	mov	r1, r8
10007934:	7197      	strb	r7, [r2, #6]
10007936:	7151      	strb	r1, [r2, #5]
10007938:	61ab      	str	r3, [r5, #24]
1000793a:	466b      	mov	r3, sp
1000793c:	2201      	movs	r2, #1
1000793e:	1d59      	adds	r1, r3, #5
10007940:	f000 f976 	bl	10007c30 <__spi_write_blocking_veneer>
10007944:	466a      	mov	r2, sp
10007946:	4669      	mov	r1, sp
10007948:	2301      	movs	r3, #1
1000794a:	3207      	adds	r2, #7
1000794c:	3106      	adds	r1, #6
1000794e:	4845      	ldr	r0, [pc, #276]	; (10007a64 <_ZN9LoRaClass14handleDio0RiseEv+0x184>)
10007950:	f000 f976 	bl	10007c40 <__spi_write_read_blocking_veneer>
10007954:	0033      	movs	r3, r6
10007956:	68e2      	ldr	r2, [r4, #12]
10007958:	4641      	mov	r1, r8
1000795a:	4093      	lsls	r3, r2
1000795c:	466a      	mov	r2, sp
1000795e:	616b      	str	r3, [r5, #20]
10007960:	7151      	strb	r1, [r2, #5]
10007962:	7197      	strb	r7, [r2, #6]
10007964:	61ab      	str	r3, [r5, #24]
10007966:	466b      	mov	r3, sp
10007968:	2201      	movs	r2, #1
1000796a:	1d59      	adds	r1, r3, #5
1000796c:	483d      	ldr	r0, [pc, #244]	; (10007a64 <_ZN9LoRaClass14handleDio0RiseEv+0x184>)
1000796e:	f000 f95f 	bl	10007c30 <__spi_write_blocking_veneer>
10007972:	466a      	mov	r2, sp
10007974:	4669      	mov	r1, sp
10007976:	2301      	movs	r3, #1
10007978:	3207      	adds	r2, #7
1000797a:	3106      	adds	r1, #6
1000797c:	4839      	ldr	r0, [pc, #228]	; (10007a64 <_ZN9LoRaClass14handleDio0RiseEv+0x184>)
1000797e:	f000 f95f 	bl	10007c40 <__spi_write_read_blocking_veneer>
10007982:	0032      	movs	r2, r6
10007984:	68e3      	ldr	r3, [r4, #12]
10007986:	409a      	lsls	r2, r3
10007988:	2320      	movs	r3, #32
1000798a:	0019      	movs	r1, r3
1000798c:	616a      	str	r2, [r5, #20]
1000798e:	4039      	ands	r1, r7
10007990:	423b      	tst	r3, r7
10007992:	d154      	bne.n	10007a3e <_ZN9LoRaClass14handleDio0RiseEv+0x15e>
10007994:	067b      	lsls	r3, r7, #25
10007996:	d556      	bpl.n	10007a46 <_ZN9LoRaClass14handleDio0RiseEv+0x166>
10007998:	6a23      	ldr	r3, [r4, #32]
1000799a:	61e1      	str	r1, [r4, #28]
1000799c:	2b00      	cmp	r3, #0
1000799e:	d159      	bne.n	10007a54 <_ZN9LoRaClass14handleDio0RiseEv+0x174>
100079a0:	4668      	mov	r0, sp
100079a2:	2113      	movs	r1, #19
100079a4:	7183      	strb	r3, [r0, #6]
100079a6:	7141      	strb	r1, [r0, #5]
100079a8:	466b      	mov	r3, sp
100079aa:	61aa      	str	r2, [r5, #24]
100079ac:	2201      	movs	r2, #1
100079ae:	1d59      	adds	r1, r3, #5
100079b0:	482c      	ldr	r0, [pc, #176]	; (10007a64 <_ZN9LoRaClass14handleDio0RiseEv+0x184>)
100079b2:	f000 f93d 	bl	10007c30 <__spi_write_blocking_veneer>
100079b6:	466a      	mov	r2, sp
100079b8:	4669      	mov	r1, sp
100079ba:	2301      	movs	r3, #1
100079bc:	3207      	adds	r2, #7
100079be:	3106      	adds	r1, #6
100079c0:	4828      	ldr	r0, [pc, #160]	; (10007a64 <_ZN9LoRaClass14handleDio0RiseEv+0x184>)
100079c2:	f000 f93d 	bl	10007c40 <__spi_write_read_blocking_veneer>
100079c6:	68e3      	ldr	r3, [r4, #12]
100079c8:	466a      	mov	r2, sp
100079ca:	409e      	lsls	r6, r3
100079cc:	466b      	mov	r3, sp
100079ce:	616e      	str	r6, [r5, #20]
100079d0:	79df      	ldrb	r7, [r3, #7]
100079d2:	2310      	movs	r3, #16
100079d4:	7153      	strb	r3, [r2, #5]
100079d6:	2300      	movs	r3, #0
100079d8:	25d0      	movs	r5, #208	; 0xd0
100079da:	7193      	strb	r3, [r2, #6]
100079dc:	466b      	mov	r3, sp
100079de:	062d      	lsls	r5, r5, #24
100079e0:	1d59      	adds	r1, r3, #5
100079e2:	2201      	movs	r2, #1
100079e4:	61ae      	str	r6, [r5, #24]
100079e6:	481f      	ldr	r0, [pc, #124]	; (10007a64 <_ZN9LoRaClass14handleDio0RiseEv+0x184>)
100079e8:	f000 f922 	bl	10007c30 <__spi_write_blocking_veneer>
100079ec:	466a      	mov	r2, sp
100079ee:	4669      	mov	r1, sp
100079f0:	2601      	movs	r6, #1
100079f2:	2301      	movs	r3, #1
100079f4:	3207      	adds	r2, #7
100079f6:	3106      	adds	r1, #6
100079f8:	481a      	ldr	r0, [pc, #104]	; (10007a64 <_ZN9LoRaClass14handleDio0RiseEv+0x184>)
100079fa:	f000 f921 	bl	10007c40 <__spi_write_read_blocking_veneer>
100079fe:	0033      	movs	r3, r6
10007a00:	68e2      	ldr	r2, [r4, #12]
10007a02:	4668      	mov	r0, sp
10007a04:	4093      	lsls	r3, r2
10007a06:	466a      	mov	r2, sp
10007a08:	218d      	movs	r1, #141	; 0x8d
10007a0a:	616b      	str	r3, [r5, #20]
10007a0c:	79d2      	ldrb	r2, [r2, #7]
10007a0e:	7141      	strb	r1, [r0, #5]
10007a10:	7182      	strb	r2, [r0, #6]
10007a12:	1d41      	adds	r1, r0, #5
10007a14:	2201      	movs	r2, #1
10007a16:	61ab      	str	r3, [r5, #24]
10007a18:	4812      	ldr	r0, [pc, #72]	; (10007a64 <_ZN9LoRaClass14handleDio0RiseEv+0x184>)
10007a1a:	f000 f909 	bl	10007c30 <__spi_write_blocking_veneer>
10007a1e:	466a      	mov	r2, sp
10007a20:	4669      	mov	r1, sp
10007a22:	2301      	movs	r3, #1
10007a24:	480f      	ldr	r0, [pc, #60]	; (10007a64 <_ZN9LoRaClass14handleDio0RiseEv+0x184>)
10007a26:	3207      	adds	r2, #7
10007a28:	3106      	adds	r1, #6
10007a2a:	f000 f909 	bl	10007c40 <__spi_write_read_blocking_veneer>
10007a2e:	68e3      	ldr	r3, [r4, #12]
10007a30:	409e      	lsls	r6, r3
10007a32:	6a63      	ldr	r3, [r4, #36]	; 0x24
10007a34:	616e      	str	r6, [r5, #20]
10007a36:	2b00      	cmp	r3, #0
10007a38:	d001      	beq.n	10007a3e <_ZN9LoRaClass14handleDio0RiseEv+0x15e>
10007a3a:	0038      	movs	r0, r7
10007a3c:	4798      	blx	r3
10007a3e:	b002      	add	sp, #8
10007a40:	bc80      	pop	{r7}
10007a42:	46b8      	mov	r8, r7
10007a44:	bdf0      	pop	{r4, r5, r6, r7, pc}
10007a46:	073b      	lsls	r3, r7, #28
10007a48:	d5f9      	bpl.n	10007a3e <_ZN9LoRaClass14handleDio0RiseEv+0x15e>
10007a4a:	6aa3      	ldr	r3, [r4, #40]	; 0x28
10007a4c:	2b00      	cmp	r3, #0
10007a4e:	d0f6      	beq.n	10007a3e <_ZN9LoRaClass14handleDio0RiseEv+0x15e>
10007a50:	4798      	blx	r3
10007a52:	e7f4      	b.n	10007a3e <_ZN9LoRaClass14handleDio0RiseEv+0x15e>
10007a54:	2322      	movs	r3, #34	; 0x22
10007a56:	4668      	mov	r0, sp
10007a58:	7143      	strb	r3, [r0, #5]
10007a5a:	7181      	strb	r1, [r0, #6]
10007a5c:	466b      	mov	r3, sp
10007a5e:	61aa      	str	r2, [r5, #24]
10007a60:	2201      	movs	r2, #1
10007a62:	e7a4      	b.n	100079ae <_ZN9LoRaClass14handleDio0RiseEv+0xce>
10007a64:	4003c000 	.word	0x4003c000

10007a68 <_ZN9LoRaClass10onDio0RiseEjm>:
10007a68:	b510      	push	{r4, lr}
10007a6a:	f7f8 fe65 	bl	10000738 <gpio_acknowledge_irq>
10007a6e:	4802      	ldr	r0, [pc, #8]	; (10007a78 <_ZN9LoRaClass10onDio0RiseEjm+0x10>)
10007a70:	f7ff ff36 	bl	100078e0 <_ZN9LoRaClass14handleDio0RiseEv>
10007a74:	bd10      	pop	{r4, pc}
10007a76:	46c0      	nop			; (mov r8, r8)
10007a78:	20001abc 	.word	0x20001abc

10007a7c <_GLOBAL__sub_I__ZN9LoRaClassC2Ev>:
10007a7c:	4909      	ldr	r1, [pc, #36]	; (10007aa4 <_GLOBAL__sub_I__ZN9LoRaClassC2Ev+0x28>)
10007a7e:	4b0a      	ldr	r3, [pc, #40]	; (10007aa8 <_GLOBAL__sub_I__ZN9LoRaClassC2Ev+0x2c>)
10007a80:	3108      	adds	r1, #8
10007a82:	6019      	str	r1, [r3, #0]
10007a84:	4909      	ldr	r1, [pc, #36]	; (10007aac <_GLOBAL__sub_I__ZN9LoRaClassC2Ev+0x30>)
10007a86:	2200      	movs	r2, #0
10007a88:	6099      	str	r1, [r3, #8]
10007a8a:	2108      	movs	r1, #8
10007a8c:	60d9      	str	r1, [r3, #12]
10007a8e:	3101      	adds	r1, #1
10007a90:	6119      	str	r1, [r3, #16]
10007a92:	3902      	subs	r1, #2
10007a94:	605a      	str	r2, [r3, #4]
10007a96:	6159      	str	r1, [r3, #20]
10007a98:	619a      	str	r2, [r3, #24]
10007a9a:	61da      	str	r2, [r3, #28]
10007a9c:	621a      	str	r2, [r3, #32]
10007a9e:	625a      	str	r2, [r3, #36]	; 0x24
10007aa0:	629a      	str	r2, [r3, #40]	; 0x28
10007aa2:	4770      	bx	lr
10007aa4:	10008204 	.word	0x10008204
10007aa8:	20001abc 	.word	0x20001abc
10007aac:	4003c000 	.word	0x4003c000

10007ab0 <abort>:
10007ab0:	2006      	movs	r0, #6
10007ab2:	b510      	push	{r4, lr}
10007ab4:	f000 f804 	bl	10007ac0 <raise>
10007ab8:	2001      	movs	r0, #1
10007aba:	f7fa f991 	bl	10001de0 <_exit>
10007abe:	46c0      	nop			; (mov r8, r8)

10007ac0 <raise>:
10007ac0:	4b16      	ldr	r3, [pc, #88]	; (10007b1c <raise+0x5c>)
10007ac2:	b570      	push	{r4, r5, r6, lr}
10007ac4:	0004      	movs	r4, r0
10007ac6:	681d      	ldr	r5, [r3, #0]
10007ac8:	281f      	cmp	r0, #31
10007aca:	d821      	bhi.n	10007b10 <raise+0x50>
10007acc:	23b7      	movs	r3, #183	; 0xb7
10007ace:	009b      	lsls	r3, r3, #2
10007ad0:	58eb      	ldr	r3, [r5, r3]
10007ad2:	2b00      	cmp	r3, #0
10007ad4:	d00d      	beq.n	10007af2 <raise+0x32>
10007ad6:	0082      	lsls	r2, r0, #2
10007ad8:	189b      	adds	r3, r3, r2
10007ada:	681a      	ldr	r2, [r3, #0]
10007adc:	2a00      	cmp	r2, #0
10007ade:	d008      	beq.n	10007af2 <raise+0x32>
10007ae0:	2a01      	cmp	r2, #1
10007ae2:	d013      	beq.n	10007b0c <raise+0x4c>
10007ae4:	1c51      	adds	r1, r2, #1
10007ae6:	d00d      	beq.n	10007b04 <raise+0x44>
10007ae8:	2100      	movs	r1, #0
10007aea:	6019      	str	r1, [r3, #0]
10007aec:	4790      	blx	r2
10007aee:	2000      	movs	r0, #0
10007af0:	bd70      	pop	{r4, r5, r6, pc}
10007af2:	0028      	movs	r0, r5
10007af4:	f000 f828 	bl	10007b48 <_getpid_r>
10007af8:	0022      	movs	r2, r4
10007afa:	0001      	movs	r1, r0
10007afc:	0028      	movs	r0, r5
10007afe:	f000 f80f 	bl	10007b20 <_kill_r>
10007b02:	e7f5      	b.n	10007af0 <raise+0x30>
10007b04:	2316      	movs	r3, #22
10007b06:	2001      	movs	r0, #1
10007b08:	602b      	str	r3, [r5, #0]
10007b0a:	e7f1      	b.n	10007af0 <raise+0x30>
10007b0c:	2000      	movs	r0, #0
10007b0e:	e7ef      	b.n	10007af0 <raise+0x30>
10007b10:	2316      	movs	r3, #22
10007b12:	2001      	movs	r0, #1
10007b14:	602b      	str	r3, [r5, #0]
10007b16:	4240      	negs	r0, r0
10007b18:	e7ea      	b.n	10007af0 <raise+0x30>
10007b1a:	46c0      	nop			; (mov r8, r8)
10007b1c:	20001440 	.word	0x20001440

10007b20 <_kill_r>:
10007b20:	2300      	movs	r3, #0
10007b22:	b570      	push	{r4, r5, r6, lr}
10007b24:	4d07      	ldr	r5, [pc, #28]	; (10007b44 <_kill_r+0x24>)
10007b26:	0004      	movs	r4, r0
10007b28:	0008      	movs	r0, r1
10007b2a:	0011      	movs	r1, r2
10007b2c:	602b      	str	r3, [r5, #0]
10007b2e:	f000 f845 	bl	10007bbc <_kill>
10007b32:	1c43      	adds	r3, r0, #1
10007b34:	d000      	beq.n	10007b38 <_kill_r+0x18>
10007b36:	bd70      	pop	{r4, r5, r6, pc}
10007b38:	682b      	ldr	r3, [r5, #0]
10007b3a:	2b00      	cmp	r3, #0
10007b3c:	d0fb      	beq.n	10007b36 <_kill_r+0x16>
10007b3e:	6023      	str	r3, [r4, #0]
10007b40:	e7f9      	b.n	10007b36 <_kill_r+0x16>
10007b42:	46c0      	nop			; (mov r8, r8)
10007b44:	200020ec 	.word	0x200020ec

10007b48 <_getpid_r>:
10007b48:	b510      	push	{r4, lr}
10007b4a:	f000 f82f 	bl	10007bac <_getpid>
10007b4e:	bd10      	pop	{r4, pc}

10007b50 <strlen>:
10007b50:	b510      	push	{r4, lr}
10007b52:	0783      	lsls	r3, r0, #30
10007b54:	d00a      	beq.n	10007b6c <strlen+0x1c>
10007b56:	0003      	movs	r3, r0
10007b58:	2103      	movs	r1, #3
10007b5a:	e002      	b.n	10007b62 <strlen+0x12>
10007b5c:	3301      	adds	r3, #1
10007b5e:	420b      	tst	r3, r1
10007b60:	d005      	beq.n	10007b6e <strlen+0x1e>
10007b62:	781a      	ldrb	r2, [r3, #0]
10007b64:	2a00      	cmp	r2, #0
10007b66:	d1f9      	bne.n	10007b5c <strlen+0xc>
10007b68:	1a18      	subs	r0, r3, r0
10007b6a:	bd10      	pop	{r4, pc}
10007b6c:	0003      	movs	r3, r0
10007b6e:	6819      	ldr	r1, [r3, #0]
10007b70:	4a0c      	ldr	r2, [pc, #48]	; (10007ba4 <strlen+0x54>)
10007b72:	4c0d      	ldr	r4, [pc, #52]	; (10007ba8 <strlen+0x58>)
10007b74:	188a      	adds	r2, r1, r2
10007b76:	438a      	bics	r2, r1
10007b78:	4222      	tst	r2, r4
10007b7a:	d10f      	bne.n	10007b9c <strlen+0x4c>
10007b7c:	6859      	ldr	r1, [r3, #4]
10007b7e:	4a09      	ldr	r2, [pc, #36]	; (10007ba4 <strlen+0x54>)
10007b80:	3304      	adds	r3, #4
10007b82:	188a      	adds	r2, r1, r2
10007b84:	438a      	bics	r2, r1
10007b86:	4222      	tst	r2, r4
10007b88:	d108      	bne.n	10007b9c <strlen+0x4c>
10007b8a:	6859      	ldr	r1, [r3, #4]
10007b8c:	4a05      	ldr	r2, [pc, #20]	; (10007ba4 <strlen+0x54>)
10007b8e:	3304      	adds	r3, #4
10007b90:	188a      	adds	r2, r1, r2
10007b92:	438a      	bics	r2, r1
10007b94:	4222      	tst	r2, r4
10007b96:	d0f1      	beq.n	10007b7c <strlen+0x2c>
10007b98:	e000      	b.n	10007b9c <strlen+0x4c>
10007b9a:	3301      	adds	r3, #1
10007b9c:	781a      	ldrb	r2, [r3, #0]
10007b9e:	2a00      	cmp	r2, #0
10007ba0:	d1fb      	bne.n	10007b9a <strlen+0x4a>
10007ba2:	e7e1      	b.n	10007b68 <strlen+0x18>
10007ba4:	fefefeff 	.word	0xfefefeff
10007ba8:	80808080 	.word	0x80808080

10007bac <_getpid>:
10007bac:	2258      	movs	r2, #88	; 0x58
10007bae:	2001      	movs	r0, #1
10007bb0:	4b01      	ldr	r3, [pc, #4]	; (10007bb8 <_getpid+0xc>)
10007bb2:	4240      	negs	r0, r0
10007bb4:	601a      	str	r2, [r3, #0]
10007bb6:	4770      	bx	lr
10007bb8:	200020ec 	.word	0x200020ec

10007bbc <_kill>:
10007bbc:	2258      	movs	r2, #88	; 0x58
10007bbe:	2001      	movs	r0, #1
10007bc0:	4b01      	ldr	r3, [pc, #4]	; (10007bc8 <_kill+0xc>)
10007bc2:	4240      	negs	r0, r0
10007bc4:	601a      	str	r2, [r3, #0]
10007bc6:	4770      	bx	lr
10007bc8:	200020ec 	.word	0x200020ec

10007bcc <_fini>:
10007bcc:	b5f8      	push	{r3, r4, r5, r6, r7, lr}
10007bce:	46c0      	nop			; (mov r8, r8)

10007bd0 <__flash_do_cmd_veneer>:
10007bd0:	b401      	push	{r0}
10007bd2:	4802      	ldr	r0, [pc, #8]	; (10007bdc <__flash_do_cmd_veneer+0xc>)
10007bd4:	4684      	mov	ip, r0
10007bd6:	bc01      	pop	{r0}
10007bd8:	4760      	bx	ip
10007bda:	bf00      	nop
10007bdc:	2000028d 	.word	0x2000028d

10007be0 <__mutex_exit_veneer>:
10007be0:	b401      	push	{r0}
10007be2:	4802      	ldr	r0, [pc, #8]	; (10007bec <__mutex_exit_veneer+0xc>)
10007be4:	4684      	mov	ip, r0
10007be6:	bc01      	pop	{r0}
10007be8:	4760      	bx	ip
10007bea:	bf00      	nop
10007bec:	200001ed 	.word	0x200001ed

10007bf0 <____aeabi_ldiv0_veneer>:
10007bf0:	b401      	push	{r0}
10007bf2:	4802      	ldr	r0, [pc, #8]	; (10007bfc <____aeabi_ldiv0_veneer+0xc>)
10007bf4:	4684      	mov	ip, r0
10007bf6:	bc01      	pop	{r0}
10007bf8:	4760      	bx	ip
10007bfa:	bf00      	nop
10007bfc:	20000411 	.word	0x20000411

10007c00 <____aeabi_idiv0_veneer>:
10007c00:	b401      	push	{r0}
10007c02:	4802      	ldr	r0, [pc, #8]	; (10007c0c <____aeabi_idiv0_veneer+0xc>)
10007c04:	4684      	mov	ip, r0
10007c06:	bc01      	pop	{r0}
10007c08:	4760      	bx	ip
10007c0a:	bf00      	nop
10007c0c:	20000411 	.word	0x20000411

10007c10 <__mutex_try_enter_veneer>:
10007c10:	b401      	push	{r0}
10007c12:	4802      	ldr	r0, [pc, #8]	; (10007c1c <__mutex_try_enter_veneer+0xc>)
10007c14:	4684      	mov	ip, r0
10007c16:	bc01      	pop	{r0}
10007c18:	4760      	bx	ip
10007c1a:	bf00      	nop
10007c1c:	20000109 	.word	0x20000109

10007c20 <__mutex_enter_timeout_ms_veneer>:
10007c20:	b401      	push	{r0}
10007c22:	4802      	ldr	r0, [pc, #8]	; (10007c2c <__mutex_enter_timeout_ms_veneer+0xc>)
10007c24:	4684      	mov	ip, r0
10007c26:	bc01      	pop	{r0}
10007c28:	4760      	bx	ip
10007c2a:	bf00      	nop
10007c2c:	2000014d 	.word	0x2000014d

10007c30 <__spi_write_blocking_veneer>:
10007c30:	b401      	push	{r0}
10007c32:	4802      	ldr	r0, [pc, #8]	; (10007c3c <__spi_write_blocking_veneer+0xc>)
10007c34:	4684      	mov	ip, r0
10007c36:	bc01      	pop	{r0}
10007c38:	4760      	bx	ip
10007c3a:	bf00      	nop
10007c3c:	200003c5 	.word	0x200003c5

10007c40 <__spi_write_read_blocking_veneer>:
10007c40:	b401      	push	{r0}
10007c42:	4802      	ldr	r0, [pc, #8]	; (10007c4c <__spi_write_read_blocking_veneer+0xc>)
10007c44:	4684      	mov	ip, r0
10007c46:	bc01      	pop	{r0}
10007c48:	4760      	bx	ip
10007c4a:	bf00      	nop
10007c4c:	20000351 	.word	0x20000351

10007c50 <__mutex_enter_blocking_veneer>:
10007c50:	b401      	push	{r0}
10007c52:	4802      	ldr	r0, [pc, #8]	; (10007c5c <__mutex_enter_blocking_veneer+0xc>)
10007c54:	4684      	mov	ip, r0
10007c56:	bc01      	pop	{r0}
10007c58:	4760      	bx	ip
10007c5a:	bf00      	nop
10007c5c:	200000c1 	.word	0x200000c1

Disassembly of section .data:

200000c0 <mutex_enter_blocking>:
200000c0:	23d0      	movs	r3, #208	; 0xd0
200000c2:	b530      	push	{r4, r5, lr}
200000c4:	2500      	movs	r5, #0
200000c6:	061b      	lsls	r3, r3, #24
200000c8:	2400      	movs	r4, #0
200000ca:	575d      	ldrsb	r5, [r3, r5]
200000cc:	e006      	b.n	200000dc <mutex_enter_blocking+0x1c>
200000ce:	6803      	ldr	r3, [r0, #0]
200000d0:	f3bf 8f5f 	dmb	sy
200000d4:	601c      	str	r4, [r3, #0]
200000d6:	f381 8810 	msr	PRIMASK, r1
200000da:	bf20      	wfe
200000dc:	6802      	ldr	r2, [r0, #0]
200000de:	f3ef 8110 	mrs	r1, PRIMASK
200000e2:	b672      	cpsid	i
200000e4:	6813      	ldr	r3, [r2, #0]
200000e6:	2b00      	cmp	r3, #0
200000e8:	d0fc      	beq.n	200000e4 <mutex_enter_blocking+0x24>
200000ea:	f3bf 8f5f 	dmb	sy
200000ee:	7903      	ldrb	r3, [r0, #4]
200000f0:	2b7f      	cmp	r3, #127	; 0x7f
200000f2:	d9ec      	bls.n	200000ce <mutex_enter_blocking+0xe>
200000f4:	7105      	strb	r5, [r0, #4]
200000f6:	6803      	ldr	r3, [r0, #0]
200000f8:	f3bf 8f5f 	dmb	sy
200000fc:	2200      	movs	r2, #0
200000fe:	601a      	str	r2, [r3, #0]
20000100:	f381 8810 	msr	PRIMASK, r1
20000104:	bd30      	pop	{r4, r5, pc}
20000106:	46c0      	nop			; (mov r8, r8)

20000108 <mutex_try_enter>:
20000108:	0003      	movs	r3, r0
2000010a:	6800      	ldr	r0, [r0, #0]
2000010c:	f3ef 8c10 	mrs	ip, PRIMASK
20000110:	b672      	cpsid	i
20000112:	6802      	ldr	r2, [r0, #0]
20000114:	2a00      	cmp	r2, #0
20000116:	d0fc      	beq.n	20000112 <mutex_try_enter+0xa>
20000118:	f3bf 8f5f 	dmb	sy
2000011c:	2204      	movs	r2, #4
2000011e:	569a      	ldrsb	r2, [r3, r2]
20000120:	2a00      	cmp	r2, #0
20000122:	db0b      	blt.n	2000013c <mutex_try_enter+0x34>
20000124:	2900      	cmp	r1, #0
20000126:	d00f      	beq.n	20000148 <mutex_try_enter+0x40>
20000128:	2000      	movs	r0, #0
2000012a:	600a      	str	r2, [r1, #0]
2000012c:	681b      	ldr	r3, [r3, #0]
2000012e:	f3bf 8f5f 	dmb	sy
20000132:	2200      	movs	r2, #0
20000134:	601a      	str	r2, [r3, #0]
20000136:	f38c 8810 	msr	PRIMASK, ip
2000013a:	4770      	bx	lr
2000013c:	22d0      	movs	r2, #208	; 0xd0
2000013e:	0612      	lsls	r2, r2, #24
20000140:	6812      	ldr	r2, [r2, #0]
20000142:	2001      	movs	r0, #1
20000144:	711a      	strb	r2, [r3, #4]
20000146:	e7f1      	b.n	2000012c <mutex_try_enter+0x24>
20000148:	2000      	movs	r0, #0
2000014a:	e7ef      	b.n	2000012c <mutex_try_enter+0x24>

2000014c <mutex_enter_timeout_ms>:
2000014c:	b5f0      	push	{r4, r5, r6, r7, lr}
2000014e:	46c6      	mov	lr, r8
20000150:	b500      	push	{lr}
20000152:	b082      	sub	sp, #8
20000154:	000c      	movs	r4, r1
20000156:	0007      	movs	r7, r0
20000158:	f001 f8de 	bl	20001318 <__time_us_64_veneer>
2000015c:	22fa      	movs	r2, #250	; 0xfa
2000015e:	2300      	movs	r3, #0
20000160:	9000      	str	r0, [sp, #0]
20000162:	9101      	str	r1, [sp, #4]
20000164:	0020      	movs	r0, r4
20000166:	0092      	lsls	r2, r2, #2
20000168:	2100      	movs	r1, #0
2000016a:	f001 f8dd 	bl	20001328 <____wrap___aeabi_lmul_veneer>
2000016e:	9a00      	ldr	r2, [sp, #0]
20000170:	9b01      	ldr	r3, [sp, #4]
20000172:	0014      	movs	r4, r2
20000174:	001d      	movs	r5, r3
20000176:	1824      	adds	r4, r4, r0
20000178:	414d      	adcs	r5, r1
2000017a:	42ab      	cmp	r3, r5
2000017c:	d82f      	bhi.n	200001de <mutex_enter_timeout_ms+0x92>
2000017e:	d02b      	beq.n	200001d8 <mutex_enter_timeout_ms+0x8c>
20000180:	23d0      	movs	r3, #208	; 0xd0
20000182:	061b      	lsls	r3, r3, #24
20000184:	681b      	ldr	r3, [r3, #0]
20000186:	2600      	movs	r6, #0
20000188:	4698      	mov	r8, r3
2000018a:	e00b      	b.n	200001a4 <mutex_enter_timeout_ms+0x58>
2000018c:	683b      	ldr	r3, [r7, #0]
2000018e:	f3bf 8f5f 	dmb	sy
20000192:	601e      	str	r6, [r3, #0]
20000194:	f381 8810 	msr	PRIMASK, r1
20000198:	0020      	movs	r0, r4
2000019a:	0029      	movs	r1, r5
2000019c:	f001 f8cc 	bl	20001338 <__best_effort_wfe_or_timeout_veneer>
200001a0:	2800      	cmp	r0, #0
200001a2:	d120      	bne.n	200001e6 <mutex_enter_timeout_ms+0x9a>
200001a4:	683a      	ldr	r2, [r7, #0]
200001a6:	f3ef 8110 	mrs	r1, PRIMASK
200001aa:	b672      	cpsid	i
200001ac:	6813      	ldr	r3, [r2, #0]
200001ae:	2b00      	cmp	r3, #0
200001b0:	d0fc      	beq.n	200001ac <mutex_enter_timeout_ms+0x60>
200001b2:	f3bf 8f5f 	dmb	sy
200001b6:	793b      	ldrb	r3, [r7, #4]
200001b8:	2b7f      	cmp	r3, #127	; 0x7f
200001ba:	d9e7      	bls.n	2000018c <mutex_enter_timeout_ms+0x40>
200001bc:	4643      	mov	r3, r8
200001be:	713b      	strb	r3, [r7, #4]
200001c0:	683b      	ldr	r3, [r7, #0]
200001c2:	f3bf 8f5f 	dmb	sy
200001c6:	2200      	movs	r2, #0
200001c8:	601a      	str	r2, [r3, #0]
200001ca:	f381 8810 	msr	PRIMASK, r1
200001ce:	2001      	movs	r0, #1
200001d0:	b002      	add	sp, #8
200001d2:	bc80      	pop	{r7}
200001d4:	46b8      	mov	r8, r7
200001d6:	bdf0      	pop	{r4, r5, r6, r7, pc}
200001d8:	9b00      	ldr	r3, [sp, #0]
200001da:	42a3      	cmp	r3, r4
200001dc:	d9d0      	bls.n	20000180 <mutex_enter_timeout_ms+0x34>
200001de:	2401      	movs	r4, #1
200001e0:	4264      	negs	r4, r4
200001e2:	17e5      	asrs	r5, r4, #31
200001e4:	e7cc      	b.n	20000180 <mutex_enter_timeout_ms+0x34>
200001e6:	2000      	movs	r0, #0
200001e8:	e7f2      	b.n	200001d0 <mutex_enter_timeout_ms+0x84>
200001ea:	46c0      	nop			; (mov r8, r8)

200001ec <mutex_exit>:
200001ec:	6802      	ldr	r2, [r0, #0]
200001ee:	f3ef 8110 	mrs	r1, PRIMASK
200001f2:	b672      	cpsid	i
200001f4:	6813      	ldr	r3, [r2, #0]
200001f6:	2b00      	cmp	r3, #0
200001f8:	d0fc      	beq.n	200001f4 <mutex_exit+0x8>
200001fa:	f3bf 8f5f 	dmb	sy
200001fe:	23ff      	movs	r3, #255	; 0xff
20000200:	7103      	strb	r3, [r0, #4]
20000202:	6803      	ldr	r3, [r0, #0]
20000204:	f3bf 8f5f 	dmb	sy
20000208:	2200      	movs	r2, #0
2000020a:	601a      	str	r2, [r3, #0]
2000020c:	f381 8810 	msr	PRIMASK, r1
20000210:	bf40      	sev
20000212:	4770      	bx	lr

20000214 <flash_init_boot2_copyout>:
20000214:	4808      	ldr	r0, [pc, #32]	; (20000238 <flash_init_boot2_copyout+0x24>)
20000216:	b510      	push	{r4, lr}
20000218:	7803      	ldrb	r3, [r0, #0]
2000021a:	2b00      	cmp	r3, #0
2000021c:	d10a      	bne.n	20000234 <flash_init_boot2_copyout+0x20>
2000021e:	2380      	movs	r3, #128	; 0x80
20000220:	4906      	ldr	r1, [pc, #24]	; (2000023c <flash_init_boot2_copyout+0x28>)
20000222:	4a07      	ldr	r2, [pc, #28]	; (20000240 <flash_init_boot2_copyout+0x2c>)
20000224:	055b      	lsls	r3, r3, #21
20000226:	681c      	ldr	r4, [r3, #0]
20000228:	50cc      	str	r4, [r1, r3]
2000022a:	3304      	adds	r3, #4
2000022c:	4293      	cmp	r3, r2
2000022e:	d1fa      	bne.n	20000226 <flash_init_boot2_copyout+0x12>
20000230:	2301      	movs	r3, #1
20000232:	7003      	strb	r3, [r0, #0]
20000234:	bd10      	pop	{r4, pc}
20000236:	46c0      	nop			; (mov r8, r8)
20000238:	20002658 	.word	0x20002658
2000023c:	10001f4c 	.word	0x10001f4c
20000240:	10000100 	.word	0x10000100

20000244 <flash_enable_xip_via_boot2>:
20000244:	b510      	push	{r4, lr}
20000246:	4b02      	ldr	r3, [pc, #8]	; (20000250 <flash_enable_xip_via_boot2+0xc>)
20000248:	3301      	adds	r3, #1
2000024a:	4798      	blx	r3
2000024c:	bd10      	pop	{r4, pc}
2000024e:	46c0      	nop			; (mov r8, r8)
20000250:	20001f4c 	.word	0x20001f4c

20000254 <flash_cs_force.constprop.0>:
20000254:	4b03      	ldr	r3, [pc, #12]	; (20000264 <flash_cs_force.constprop.0+0x10>)
20000256:	681a      	ldr	r2, [r3, #0]
20000258:	23c0      	movs	r3, #192	; 0xc0
2000025a:	009b      	lsls	r3, r3, #2
2000025c:	4393      	bics	r3, r2
2000025e:	4a02      	ldr	r2, [pc, #8]	; (20000268 <flash_cs_force.constprop.0+0x14>)
20000260:	6013      	str	r3, [r2, #0]
20000262:	4770      	bx	lr
20000264:	4001800c 	.word	0x4001800c
20000268:	4001900c 	.word	0x4001900c

2000026c <flash_cs_force.constprop.1>:
2000026c:	4b05      	ldr	r3, [pc, #20]	; (20000284 <flash_cs_force.constprop.1+0x18>)
2000026e:	681a      	ldr	r2, [r3, #0]
20000270:	2380      	movs	r3, #128	; 0x80
20000272:	009b      	lsls	r3, r3, #2
20000274:	4053      	eors	r3, r2
20000276:	22c0      	movs	r2, #192	; 0xc0
20000278:	0092      	lsls	r2, r2, #2
2000027a:	4013      	ands	r3, r2
2000027c:	4a02      	ldr	r2, [pc, #8]	; (20000288 <flash_cs_force.constprop.1+0x1c>)
2000027e:	6013      	str	r3, [r2, #0]
20000280:	4770      	bx	lr
20000282:	46c0      	nop			; (mov r8, r8)
20000284:	4001800c 	.word	0x4001800c
20000288:	4001900c 	.word	0x4001900c

2000028c <flash_do_cmd>:
2000028c:	2314      	movs	r3, #20
2000028e:	b5f0      	push	{r4, r5, r6, r7, lr}
20000290:	46d6      	mov	lr, sl
20000292:	464f      	mov	r7, r9
20000294:	4646      	mov	r6, r8
20000296:	469a      	mov	sl, r3
20000298:	4681      	mov	r9, r0
2000029a:	8818      	ldrh	r0, [r3, #0]
2000029c:	3304      	adds	r3, #4
2000029e:	b5c0      	push	{r6, r7, lr}
200002a0:	4698      	mov	r8, r3
200002a2:	000e      	movs	r6, r1
200002a4:	881b      	ldrh	r3, [r3, #0]
200002a6:	4927      	ldr	r1, [pc, #156]	; (20000344 <flash_do_cmd+0xb8>)
200002a8:	0014      	movs	r4, r2
200002aa:	4798      	blx	r3
200002ac:	4653      	mov	r3, sl
200002ae:	0007      	movs	r7, r0
200002b0:	8818      	ldrh	r0, [r3, #0]
200002b2:	4643      	mov	r3, r8
200002b4:	4924      	ldr	r1, [pc, #144]	; (20000348 <flash_do_cmd+0xbc>)
200002b6:	881b      	ldrh	r3, [r3, #0]
200002b8:	4798      	blx	r3
200002ba:	4653      	mov	r3, sl
200002bc:	0005      	movs	r5, r0
200002be:	8818      	ldrh	r0, [r3, #0]
200002c0:	4643      	mov	r3, r8
200002c2:	4922      	ldr	r1, [pc, #136]	; (2000034c <flash_do_cmd+0xc0>)
200002c4:	881b      	ldrh	r3, [r3, #0]
200002c6:	4798      	blx	r3
200002c8:	4680      	mov	r8, r0
200002ca:	f7ff ffa3 	bl	20000214 <flash_init_boot2_copyout>
200002ce:	47b8      	blx	r7
200002d0:	47a8      	blx	r5
200002d2:	f7ff ffcb 	bl	2000026c <flash_cs_force.constprop.1>
200002d6:	2c00      	cmp	r4, #0
200002d8:	d01b      	beq.n	20000312 <flash_do_cmd+0x86>
200002da:	21c0      	movs	r1, #192	; 0xc0
200002dc:	0022      	movs	r2, r4
200002de:	2708      	movs	r7, #8
200002e0:	2002      	movs	r0, #2
200002e2:	0549      	lsls	r1, r1, #21
200002e4:	003d      	movs	r5, r7
200002e6:	6a8b      	ldr	r3, [r1, #40]	; 0x28
200002e8:	401d      	ands	r5, r3
200002ea:	4218      	tst	r0, r3
200002ec:	d00b      	beq.n	20000306 <flash_do_cmd+0x7a>
200002ee:	2c00      	cmp	r4, #0
200002f0:	d009      	beq.n	20000306 <flash_do_cmd+0x7a>
200002f2:	1b13      	subs	r3, r2, r4
200002f4:	2b0d      	cmp	r3, #13
200002f6:	d81f      	bhi.n	20000338 <flash_do_cmd+0xac>
200002f8:	464b      	mov	r3, r9
200002fa:	781b      	ldrb	r3, [r3, #0]
200002fc:	3c01      	subs	r4, #1
200002fe:	660b      	str	r3, [r1, #96]	; 0x60
20000300:	2301      	movs	r3, #1
20000302:	469c      	mov	ip, r3
20000304:	44e1      	add	r9, ip
20000306:	0023      	movs	r3, r4
20000308:	2d00      	cmp	r5, #0
2000030a:	d10c      	bne.n	20000326 <flash_do_cmd+0x9a>
2000030c:	4313      	orrs	r3, r2
2000030e:	2b00      	cmp	r3, #0
20000310:	d1e8      	bne.n	200002e4 <flash_do_cmd+0x58>
20000312:	f7ff ff9f 	bl	20000254 <flash_cs_force.constprop.0>
20000316:	47c0      	blx	r8
20000318:	f7ff ff94 	bl	20000244 <flash_enable_xip_via_boot2>
2000031c:	bce0      	pop	{r5, r6, r7}
2000031e:	46ba      	mov	sl, r7
20000320:	46b1      	mov	r9, r6
20000322:	46a8      	mov	r8, r5
20000324:	bdf0      	pop	{r4, r5, r6, r7, pc}
20000326:	2a00      	cmp	r2, #0
20000328:	d0f1      	beq.n	2000030e <flash_do_cmd+0x82>
2000032a:	6e0b      	ldr	r3, [r1, #96]	; 0x60
2000032c:	3a01      	subs	r2, #1
2000032e:	7033      	strb	r3, [r6, #0]
20000330:	0013      	movs	r3, r2
20000332:	3601      	adds	r6, #1
20000334:	4323      	orrs	r3, r4
20000336:	e7ea      	b.n	2000030e <flash_do_cmd+0x82>
20000338:	2d00      	cmp	r5, #0
2000033a:	d0d3      	beq.n	200002e4 <flash_do_cmd+0x58>
2000033c:	2a00      	cmp	r2, #0
2000033e:	d0d1      	beq.n	200002e4 <flash_do_cmd+0x58>
20000340:	e7f3      	b.n	2000032a <flash_do_cmd+0x9e>
20000342:	46c0      	nop			; (mov r8, r8)
20000344:	00004649 	.word	0x00004649
20000348:	00005845 	.word	0x00005845
2000034c:	00004346 	.word	0x00004346

20000350 <spi_write_read_blocking>:
20000350:	b5f0      	push	{r4, r5, r6, r7, lr}
20000352:	464f      	mov	r7, r9
20000354:	4646      	mov	r6, r8
20000356:	46d6      	mov	lr, sl
20000358:	4689      	mov	r9, r1
2000035a:	b5c0      	push	{r6, r7, lr}
2000035c:	0006      	movs	r6, r0
2000035e:	1e18      	subs	r0, r3, #0
20000360:	d01b      	beq.n	2000039a <spi_write_read_blocking+0x4a>
20000362:	001d      	movs	r5, r3
20000364:	001c      	movs	r4, r3
20000366:	2302      	movs	r3, #2
20000368:	4698      	mov	r8, r3
2000036a:	3302      	adds	r3, #2
2000036c:	469c      	mov	ip, r3
2000036e:	2d00      	cmp	r5, #0
20000370:	d018      	beq.n	200003a4 <spi_write_read_blocking+0x54>
20000372:	002b      	movs	r3, r5
20000374:	3308      	adds	r3, #8
20000376:	4641      	mov	r1, r8
20000378:	68f7      	ldr	r7, [r6, #12]
2000037a:	4239      	tst	r1, r7
2000037c:	d01f      	beq.n	200003be <spi_write_read_blocking+0x6e>
2000037e:	42a3      	cmp	r3, r4
20000380:	d91d      	bls.n	200003be <spi_write_read_blocking+0x6e>
20000382:	2101      	movs	r1, #1
20000384:	464b      	mov	r3, r9
20000386:	468a      	mov	sl, r1
20000388:	781b      	ldrb	r3, [r3, #0]
2000038a:	3d01      	subs	r5, #1
2000038c:	60b3      	str	r3, [r6, #8]
2000038e:	44d1      	add	r9, sl
20000390:	002b      	movs	r3, r5
20000392:	2c00      	cmp	r4, #0
20000394:	d108      	bne.n	200003a8 <spi_write_read_blocking+0x58>
20000396:	2b00      	cmp	r3, #0
20000398:	d1e9      	bne.n	2000036e <spi_write_read_blocking+0x1e>
2000039a:	bce0      	pop	{r5, r6, r7}
2000039c:	46ba      	mov	sl, r7
2000039e:	46b1      	mov	r9, r6
200003a0:	46a8      	mov	r8, r5
200003a2:	bdf0      	pop	{r4, r5, r6, r7, pc}
200003a4:	2c00      	cmp	r4, #0
200003a6:	d0f8      	beq.n	2000039a <spi_write_read_blocking+0x4a>
200003a8:	4663      	mov	r3, ip
200003aa:	68f7      	ldr	r7, [r6, #12]
200003ac:	423b      	tst	r3, r7
200003ae:	d0de      	beq.n	2000036e <spi_write_read_blocking+0x1e>
200003b0:	68b3      	ldr	r3, [r6, #8]
200003b2:	3c01      	subs	r4, #1
200003b4:	7013      	strb	r3, [r2, #0]
200003b6:	0023      	movs	r3, r4
200003b8:	3201      	adds	r2, #1
200003ba:	432b      	orrs	r3, r5
200003bc:	e7eb      	b.n	20000396 <spi_write_read_blocking+0x46>
200003be:	2c00      	cmp	r4, #0
200003c0:	d1f2      	bne.n	200003a8 <spi_write_read_blocking+0x58>
200003c2:	e7d8      	b.n	20000376 <spi_write_read_blocking+0x26>

200003c4 <spi_write_blocking>:
200003c4:	b530      	push	{r4, r5, lr}
200003c6:	0004      	movs	r4, r0
200003c8:	1e10      	subs	r0, r2, #0
200003ca:	d00a      	beq.n	200003e2 <spi_write_blocking+0x1e>
200003cc:	000a      	movs	r2, r1
200003ce:	180d      	adds	r5, r1, r0
200003d0:	2102      	movs	r1, #2
200003d2:	68e3      	ldr	r3, [r4, #12]
200003d4:	4219      	tst	r1, r3
200003d6:	d0fc      	beq.n	200003d2 <spi_write_blocking+0xe>
200003d8:	7813      	ldrb	r3, [r2, #0]
200003da:	3201      	adds	r2, #1
200003dc:	60a3      	str	r3, [r4, #8]
200003de:	4295      	cmp	r5, r2
200003e0:	d1f7      	bne.n	200003d2 <spi_write_blocking+0xe>
200003e2:	68e3      	ldr	r3, [r4, #12]
200003e4:	075b      	lsls	r3, r3, #29
200003e6:	d504      	bpl.n	200003f2 <spi_write_blocking+0x2e>
200003e8:	2104      	movs	r1, #4
200003ea:	68a3      	ldr	r3, [r4, #8]
200003ec:	68e3      	ldr	r3, [r4, #12]
200003ee:	4219      	tst	r1, r3
200003f0:	d1fb      	bne.n	200003ea <spi_write_blocking+0x26>
200003f2:	2110      	movs	r1, #16
200003f4:	68e3      	ldr	r3, [r4, #12]
200003f6:	4219      	tst	r1, r3
200003f8:	d1fc      	bne.n	200003f4 <spi_write_blocking+0x30>
200003fa:	68e3      	ldr	r3, [r4, #12]
200003fc:	075b      	lsls	r3, r3, #29
200003fe:	d504      	bpl.n	2000040a <spi_write_blocking+0x46>
20000400:	2104      	movs	r1, #4
20000402:	68a3      	ldr	r3, [r4, #8]
20000404:	68e3      	ldr	r3, [r4, #12]
20000406:	4219      	tst	r1, r3
20000408:	d1fb      	bne.n	20000402 <spi_write_blocking+0x3e>
2000040a:	2301      	movs	r3, #1
2000040c:	6223      	str	r3, [r4, #32]
2000040e:	bd30      	pop	{r4, r5, pc}

20000410 <__aeabi_idiv0>:
20000410:	4770      	bx	lr
20000412:	46c0      	nop			; (mov r8, r8)

20000414 <selfrel_offset31>:
20000414:	6803      	ldr	r3, [r0, #0]
20000416:	005a      	lsls	r2, r3, #1
20000418:	d504      	bpl.n	20000424 <selfrel_offset31+0x10>
2000041a:	2280      	movs	r2, #128	; 0x80
2000041c:	0612      	lsls	r2, r2, #24
2000041e:	4313      	orrs	r3, r2
20000420:	18c0      	adds	r0, r0, r3
20000422:	4770      	bx	lr
20000424:	005b      	lsls	r3, r3, #1
20000426:	085b      	lsrs	r3, r3, #1
20000428:	e7fa      	b.n	20000420 <selfrel_offset31+0xc>
2000042a:	46c0      	nop			; (mov r8, r8)

2000042c <search_EIT_table>:
2000042c:	b5f8      	push	{r3, r4, r5, r6, r7, lr}
2000042e:	4657      	mov	r7, sl
20000430:	4645      	mov	r5, r8
20000432:	46de      	mov	lr, fp
20000434:	464e      	mov	r6, r9
20000436:	4690      	mov	r8, r2
20000438:	b5e0      	push	{r5, r6, r7, lr}
2000043a:	0007      	movs	r7, r0
2000043c:	2900      	cmp	r1, #0
2000043e:	d024      	beq.n	2000048a <search_EIT_table+0x5e>
20000440:	1e4b      	subs	r3, r1, #1
20000442:	469a      	mov	sl, r3
20000444:	4699      	mov	r9, r3
20000446:	2300      	movs	r3, #0
20000448:	469b      	mov	fp, r3
2000044a:	465b      	mov	r3, fp
2000044c:	444b      	add	r3, r9
2000044e:	0fdc      	lsrs	r4, r3, #31
20000450:	18e4      	adds	r4, r4, r3
20000452:	1064      	asrs	r4, r4, #1
20000454:	00e5      	lsls	r5, r4, #3
20000456:	197e      	adds	r6, r7, r5
20000458:	0030      	movs	r0, r6
2000045a:	f7ff ffdb 	bl	20000414 <selfrel_offset31>
2000045e:	45a2      	cmp	sl, r4
20000460:	d00c      	beq.n	2000047c <search_EIT_table+0x50>
20000462:	4540      	cmp	r0, r8
20000464:	d80c      	bhi.n	20000480 <search_EIT_table+0x54>
20000466:	0028      	movs	r0, r5
20000468:	3008      	adds	r0, #8
2000046a:	1838      	adds	r0, r7, r0
2000046c:	f7ff ffd2 	bl	20000414 <selfrel_offset31>
20000470:	3801      	subs	r0, #1
20000472:	4540      	cmp	r0, r8
20000474:	d20a      	bcs.n	2000048c <search_EIT_table+0x60>
20000476:	1c63      	adds	r3, r4, #1
20000478:	469b      	mov	fp, r3
2000047a:	e7e6      	b.n	2000044a <search_EIT_table+0x1e>
2000047c:	4540      	cmp	r0, r8
2000047e:	d905      	bls.n	2000048c <search_EIT_table+0x60>
20000480:	45a3      	cmp	fp, r4
20000482:	d002      	beq.n	2000048a <search_EIT_table+0x5e>
20000484:	1e63      	subs	r3, r4, #1
20000486:	4699      	mov	r9, r3
20000488:	e7df      	b.n	2000044a <search_EIT_table+0x1e>
2000048a:	2600      	movs	r6, #0
2000048c:	0030      	movs	r0, r6
2000048e:	bcf0      	pop	{r4, r5, r6, r7}
20000490:	46bb      	mov	fp, r7
20000492:	46b2      	mov	sl, r6
20000494:	46a9      	mov	r9, r5
20000496:	46a0      	mov	r8, r4
20000498:	bdf8      	pop	{r3, r4, r5, r6, r7, pc}
2000049a:	46c0      	nop			; (mov r8, r8)

2000049c <__gnu_unwind_get_pr_addr>:
2000049c:	0003      	movs	r3, r0
2000049e:	2801      	cmp	r0, #1
200004a0:	d005      	beq.n	200004ae <__gnu_unwind_get_pr_addr+0x12>
200004a2:	2802      	cmp	r0, #2
200004a4:	d007      	beq.n	200004b6 <__gnu_unwind_get_pr_addr+0x1a>
200004a6:	2000      	movs	r0, #0
200004a8:	2b00      	cmp	r3, #0
200004aa:	d002      	beq.n	200004b2 <__gnu_unwind_get_pr_addr+0x16>
200004ac:	4770      	bx	lr
200004ae:	4803      	ldr	r0, [pc, #12]	; (200004bc <__gnu_unwind_get_pr_addr+0x20>)
200004b0:	e7fc      	b.n	200004ac <__gnu_unwind_get_pr_addr+0x10>
200004b2:	4803      	ldr	r0, [pc, #12]	; (200004c0 <__gnu_unwind_get_pr_addr+0x24>)
200004b4:	e7fa      	b.n	200004ac <__gnu_unwind_get_pr_addr+0x10>
200004b6:	4803      	ldr	r0, [pc, #12]	; (200004c4 <__gnu_unwind_get_pr_addr+0x28>)
200004b8:	e7f8      	b.n	200004ac <__gnu_unwind_get_pr_addr+0x10>
200004ba:	46c0      	nop			; (mov r8, r8)
200004bc:	20000bc5 	.word	0x20000bc5
200004c0:	20000bb9 	.word	0x20000bb9
200004c4:	20000bd1 	.word	0x20000bd1

200004c8 <get_eit_entry>:
200004c8:	b530      	push	{r4, r5, lr}
200004ca:	4b23      	ldr	r3, [pc, #140]	; (20000558 <get_eit_entry+0x90>)
200004cc:	0005      	movs	r5, r0
200004ce:	b083      	sub	sp, #12
200004d0:	1e8c      	subs	r4, r1, #2
200004d2:	2b00      	cmp	r3, #0
200004d4:	d026      	beq.n	20000524 <get_eit_entry+0x5c>
200004d6:	0020      	movs	r0, r4
200004d8:	a901      	add	r1, sp, #4
200004da:	e000      	b.n	200004de <get_eit_entry+0x16>
200004dc:	bf00      	nop
200004de:	2800      	cmp	r0, #0
200004e0:	d01c      	beq.n	2000051c <get_eit_entry+0x54>
200004e2:	9901      	ldr	r1, [sp, #4]
200004e4:	0022      	movs	r2, r4
200004e6:	f7ff ffa1 	bl	2000042c <search_EIT_table>
200004ea:	1e04      	subs	r4, r0, #0
200004ec:	d016      	beq.n	2000051c <get_eit_entry+0x54>
200004ee:	f7ff ff91 	bl	20000414 <selfrel_offset31>
200004f2:	6863      	ldr	r3, [r4, #4]
200004f4:	64a8      	str	r0, [r5, #72]	; 0x48
200004f6:	2b01      	cmp	r3, #1
200004f8:	d02a      	beq.n	20000550 <get_eit_entry+0x88>
200004fa:	1d20      	adds	r0, r4, #4
200004fc:	2b00      	cmp	r3, #0
200004fe:	db23      	blt.n	20000548 <get_eit_entry+0x80>
20000500:	f7ff ff88 	bl	20000414 <selfrel_offset31>
20000504:	2300      	movs	r3, #0
20000506:	64e8      	str	r0, [r5, #76]	; 0x4c
20000508:	652b      	str	r3, [r5, #80]	; 0x50
2000050a:	6803      	ldr	r3, [r0, #0]
2000050c:	2b00      	cmp	r3, #0
2000050e:	db0f      	blt.n	20000530 <get_eit_entry+0x68>
20000510:	f7ff ff80 	bl	20000414 <selfrel_offset31>
20000514:	6128      	str	r0, [r5, #16]
20000516:	2000      	movs	r0, #0
20000518:	b003      	add	sp, #12
2000051a:	bd30      	pop	{r4, r5, pc}
2000051c:	2300      	movs	r3, #0
2000051e:	2009      	movs	r0, #9
20000520:	612b      	str	r3, [r5, #16]
20000522:	e7f9      	b.n	20000518 <get_eit_entry+0x50>
20000524:	480d      	ldr	r0, [pc, #52]	; (2000055c <get_eit_entry+0x94>)
20000526:	490e      	ldr	r1, [pc, #56]	; (20000560 <get_eit_entry+0x98>)
20000528:	1a09      	subs	r1, r1, r0
2000052a:	10c9      	asrs	r1, r1, #3
2000052c:	9101      	str	r1, [sp, #4]
2000052e:	e7d9      	b.n	200004e4 <get_eit_entry+0x1c>
20000530:	0118      	lsls	r0, r3, #4
20000532:	0f00      	lsrs	r0, r0, #28
20000534:	f7ff ffb2 	bl	2000049c <__gnu_unwind_get_pr_addr>
20000538:	6128      	str	r0, [r5, #16]
2000053a:	1e43      	subs	r3, r0, #1
2000053c:	4198      	sbcs	r0, r3
2000053e:	2308      	movs	r3, #8
20000540:	4240      	negs	r0, r0
20000542:	4398      	bics	r0, r3
20000544:	3009      	adds	r0, #9
20000546:	e7e7      	b.n	20000518 <get_eit_entry+0x50>
20000548:	2301      	movs	r3, #1
2000054a:	64e8      	str	r0, [r5, #76]	; 0x4c
2000054c:	652b      	str	r3, [r5, #80]	; 0x50
2000054e:	e7dc      	b.n	2000050a <get_eit_entry+0x42>
20000550:	2300      	movs	r3, #0
20000552:	2005      	movs	r0, #5
20000554:	612b      	str	r3, [r5, #16]
20000556:	e7df      	b.n	20000518 <get_eit_entry+0x50>
20000558:	00000000 	.word	0x00000000
2000055c:	100082d8 	.word	0x100082d8
20000560:	10008410 	.word	0x10008410

20000564 <restore_non_core_regs>:
20000564:	6803      	ldr	r3, [r0, #0]
20000566:	b510      	push	{r4, lr}
20000568:	0004      	movs	r4, r0
2000056a:	07da      	lsls	r2, r3, #31
2000056c:	d405      	bmi.n	2000057a <restore_non_core_regs+0x16>
2000056e:	079b      	lsls	r3, r3, #30
20000570:	d50a      	bpl.n	20000588 <restore_non_core_regs+0x24>
20000572:	3048      	adds	r0, #72	; 0x48
20000574:	f000 fc80 	bl	20000e78 <__gnu_Unwind_Restore_VFP_D>
20000578:	6823      	ldr	r3, [r4, #0]
2000057a:	075a      	lsls	r2, r3, #29
2000057c:	d50a      	bpl.n	20000594 <restore_non_core_regs+0x30>
2000057e:	071a      	lsls	r2, r3, #28
20000580:	d50f      	bpl.n	200005a2 <restore_non_core_regs+0x3e>
20000582:	06db      	lsls	r3, r3, #27
20000584:	d515      	bpl.n	200005b2 <restore_non_core_regs+0x4e>
20000586:	bd10      	pop	{r4, pc}
20000588:	3048      	adds	r0, #72	; 0x48
2000058a:	f000 fc71 	bl	20000e70 <__gnu_Unwind_Restore_VFP>
2000058e:	6823      	ldr	r3, [r4, #0]
20000590:	075a      	lsls	r2, r3, #29
20000592:	d4f4      	bmi.n	2000057e <restore_non_core_regs+0x1a>
20000594:	0020      	movs	r0, r4
20000596:	30d0      	adds	r0, #208	; 0xd0
20000598:	f000 fc72 	bl	20000e80 <__gnu_Unwind_Restore_VFP_D_16_to_31>
2000059c:	6823      	ldr	r3, [r4, #0]
2000059e:	071a      	lsls	r2, r3, #28
200005a0:	d4ef      	bmi.n	20000582 <restore_non_core_regs+0x1e>
200005a2:	0020      	movs	r0, r4
200005a4:	3051      	adds	r0, #81	; 0x51
200005a6:	30ff      	adds	r0, #255	; 0xff
200005a8:	f000 fc6e 	bl	20000e88 <__gnu_Unwind_Restore_WMMXD>
200005ac:	6823      	ldr	r3, [r4, #0]
200005ae:	06db      	lsls	r3, r3, #27
200005b0:	d4e9      	bmi.n	20000586 <restore_non_core_regs+0x22>
200005b2:	0020      	movs	r0, r4
200005b4:	30d1      	adds	r0, #209	; 0xd1
200005b6:	30ff      	adds	r0, #255	; 0xff
200005b8:	f000 fc6a 	bl	20000e90 <__gnu_Unwind_Restore_WMMXC>
200005bc:	e7e3      	b.n	20000586 <restore_non_core_regs+0x22>
200005be:	46c0      	nop			; (mov r8, r8)

200005c0 <__gnu_unwind_24bit.constprop.0>:
200005c0:	2009      	movs	r0, #9
200005c2:	4770      	bx	lr

200005c4 <_Unwind_decode_typeinfo_ptr.constprop.0>:
200005c4:	0003      	movs	r3, r0
200005c6:	6800      	ldr	r0, [r0, #0]
200005c8:	2800      	cmp	r0, #0
200005ca:	d000      	beq.n	200005ce <_Unwind_decode_typeinfo_ptr.constprop.0+0xa>
200005cc:	18c0      	adds	r0, r0, r3
200005ce:	4770      	bx	lr

200005d0 <_Unwind_DebugHook>:
200005d0:	4770      	bx	lr
200005d2:	46c0      	nop			; (mov r8, r8)

200005d4 <unwind_phase2>:
200005d4:	b570      	push	{r4, r5, r6, lr}
200005d6:	0004      	movs	r4, r0
200005d8:	000d      	movs	r5, r1
200005da:	0020      	movs	r0, r4
200005dc:	6c29      	ldr	r1, [r5, #64]	; 0x40
200005de:	f7ff ff73 	bl	200004c8 <get_eit_entry>
200005e2:	2800      	cmp	r0, #0
200005e4:	d111      	bne.n	2000060a <unwind_phase2+0x36>
200005e6:	6c2b      	ldr	r3, [r5, #64]	; 0x40
200005e8:	002a      	movs	r2, r5
200005ea:	6163      	str	r3, [r4, #20]
200005ec:	0021      	movs	r1, r4
200005ee:	2001      	movs	r0, #1
200005f0:	6923      	ldr	r3, [r4, #16]
200005f2:	4798      	blx	r3
200005f4:	2808      	cmp	r0, #8
200005f6:	d0f0      	beq.n	200005da <unwind_phase2+0x6>
200005f8:	2807      	cmp	r0, #7
200005fa:	d106      	bne.n	2000060a <unwind_phase2+0x36>
200005fc:	2000      	movs	r0, #0
200005fe:	6c29      	ldr	r1, [r5, #64]	; 0x40
20000600:	f7ff ffe6 	bl	200005d0 <_Unwind_DebugHook>
20000604:	1d28      	adds	r0, r5, #4
20000606:	f000 fc1d 	bl	20000e44 <__restore_core_regs>
2000060a:	f000 fea5 	bl	20001358 <__abort_veneer>
2000060e:	46c0      	nop			; (mov r8, r8)

20000610 <unwind_phase2_forced>:
20000610:	b5f0      	push	{r4, r5, r6, r7, lr}
20000612:	46ce      	mov	lr, r9
20000614:	4647      	mov	r7, r8
20000616:	b580      	push	{r7, lr}
20000618:	68c3      	ldr	r3, [r0, #12]
2000061a:	4c30      	ldr	r4, [pc, #192]	; (200006dc <unwind_phase2_forced+0xcc>)
2000061c:	4698      	mov	r8, r3
2000061e:	44a5      	add	sp, r4
20000620:	6983      	ldr	r3, [r0, #24]
20000622:	0004      	movs	r4, r0
20000624:	0016      	movs	r6, r2
20000626:	3104      	adds	r1, #4
20000628:	2240      	movs	r2, #64	; 0x40
2000062a:	a805      	add	r0, sp, #20
2000062c:	4699      	mov	r9, r3
2000062e:	f000 fe8b 	bl	20001348 <____wrap_memcpy_veneer>
20000632:	2300      	movs	r3, #0
20000634:	9304      	str	r3, [sp, #16]
20000636:	e025      	b.n	20000684 <unwind_phase2_forced+0x74>
20000638:	22f0      	movs	r2, #240	; 0xf0
2000063a:	9b14      	ldr	r3, [sp, #80]	; 0x50
2000063c:	0052      	lsls	r2, r2, #1
2000063e:	6163      	str	r3, [r4, #20]
20000640:	a904      	add	r1, sp, #16
20000642:	a87c      	add	r0, sp, #496	; 0x1f0
20000644:	9303      	str	r3, [sp, #12]
20000646:	f000 fe7f 	bl	20001348 <____wrap_memcpy_veneer>
2000064a:	0021      	movs	r1, r4
2000064c:	0028      	movs	r0, r5
2000064e:	6923      	ldr	r3, [r4, #16]
20000650:	aa7c      	add	r2, sp, #496	; 0x1f0
20000652:	4798      	blx	r3
20000654:	9b8a      	ldr	r3, [sp, #552]	; 0x228
20000656:	0005      	movs	r5, r0
20000658:	9303      	str	r3, [sp, #12]
2000065a:	9315      	str	r3, [sp, #84]	; 0x54
2000065c:	464b      	mov	r3, r9
2000065e:	9301      	str	r3, [sp, #4]
20000660:	ab04      	add	r3, sp, #16
20000662:	9300      	str	r3, [sp, #0]
20000664:	0022      	movs	r2, r4
20000666:	0023      	movs	r3, r4
20000668:	0031      	movs	r1, r6
2000066a:	2001      	movs	r0, #1
2000066c:	47c0      	blx	r8
2000066e:	2800      	cmp	r0, #0
20000670:	d122      	bne.n	200006b8 <unwind_phase2_forced+0xa8>
20000672:	22f0      	movs	r2, #240	; 0xf0
20000674:	a97c      	add	r1, sp, #496	; 0x1f0
20000676:	0052      	lsls	r2, r2, #1
20000678:	a804      	add	r0, sp, #16
2000067a:	f000 fe65 	bl	20001348 <____wrap_memcpy_veneer>
2000067e:	2600      	movs	r6, #0
20000680:	2d08      	cmp	r5, #8
20000682:	d122      	bne.n	200006ca <unwind_phase2_forced+0xba>
20000684:	9b14      	ldr	r3, [sp, #80]	; 0x50
20000686:	0020      	movs	r0, r4
20000688:	0019      	movs	r1, r3
2000068a:	9303      	str	r3, [sp, #12]
2000068c:	f7ff ff1c 	bl	200004c8 <get_eit_entry>
20000690:	3609      	adds	r6, #9
20000692:	0007      	movs	r7, r0
20000694:	b2f5      	uxtb	r5, r6
20000696:	2800      	cmp	r0, #0
20000698:	d0ce      	beq.n	20000638 <unwind_phase2_forced+0x28>
2000069a:	9b12      	ldr	r3, [sp, #72]	; 0x48
2000069c:	2110      	movs	r1, #16
2000069e:	9303      	str	r3, [sp, #12]
200006a0:	9315      	str	r3, [sp, #84]	; 0x54
200006a2:	464b      	mov	r3, r9
200006a4:	9301      	str	r3, [sp, #4]
200006a6:	ab04      	add	r3, sp, #16
200006a8:	9300      	str	r3, [sp, #0]
200006aa:	0022      	movs	r2, r4
200006ac:	0023      	movs	r3, r4
200006ae:	2001      	movs	r0, #1
200006b0:	4329      	orrs	r1, r5
200006b2:	47c0      	blx	r8
200006b4:	2800      	cmp	r0, #0
200006b6:	d000      	beq.n	200006ba <unwind_phase2_forced+0xaa>
200006b8:	2709      	movs	r7, #9
200006ba:	0038      	movs	r0, r7
200006bc:	23f5      	movs	r3, #245	; 0xf5
200006be:	009b      	lsls	r3, r3, #2
200006c0:	449d      	add	sp, r3
200006c2:	bcc0      	pop	{r6, r7}
200006c4:	46b9      	mov	r9, r7
200006c6:	46b0      	mov	r8, r6
200006c8:	bdf0      	pop	{r4, r5, r6, r7, pc}
200006ca:	2d07      	cmp	r5, #7
200006cc:	d1f4      	bne.n	200006b8 <unwind_phase2_forced+0xa8>
200006ce:	0030      	movs	r0, r6
200006d0:	9914      	ldr	r1, [sp, #80]	; 0x50
200006d2:	f7ff ff7d 	bl	200005d0 <_Unwind_DebugHook>
200006d6:	a805      	add	r0, sp, #20
200006d8:	f000 fbb4 	bl	20000e44 <__restore_core_regs>
200006dc:	fffffc2c 	.word	0xfffffc2c

200006e0 <_Unwind_GetCFA>:
200006e0:	6c40      	ldr	r0, [r0, #68]	; 0x44
200006e2:	4770      	bx	lr

200006e4 <__gnu_Unwind_RaiseException>:
200006e4:	b570      	push	{r4, r5, r6, lr}
200006e6:	6bcb      	ldr	r3, [r1, #60]	; 0x3c
200006e8:	b0fa      	sub	sp, #488	; 0x1e8
200006ea:	640b      	str	r3, [r1, #64]	; 0x40
200006ec:	0005      	movs	r5, r0
200006ee:	000e      	movs	r6, r1
200006f0:	2240      	movs	r2, #64	; 0x40
200006f2:	3104      	adds	r1, #4
200006f4:	a803      	add	r0, sp, #12
200006f6:	f000 fe27 	bl	20001348 <____wrap_memcpy_veneer>
200006fa:	2301      	movs	r3, #1
200006fc:	425b      	negs	r3, r3
200006fe:	9302      	str	r3, [sp, #8]
20000700:	e006      	b.n	20000710 <__gnu_Unwind_RaiseException+0x2c>
20000702:	0029      	movs	r1, r5
20000704:	692b      	ldr	r3, [r5, #16]
20000706:	aa02      	add	r2, sp, #8
20000708:	4798      	blx	r3
2000070a:	0004      	movs	r4, r0
2000070c:	2808      	cmp	r0, #8
2000070e:	d10a      	bne.n	20000726 <__gnu_Unwind_RaiseException+0x42>
20000710:	9b12      	ldr	r3, [sp, #72]	; 0x48
20000712:	0028      	movs	r0, r5
20000714:	0019      	movs	r1, r3
20000716:	9301      	str	r3, [sp, #4]
20000718:	f7ff fed6 	bl	200004c8 <get_eit_entry>
2000071c:	2800      	cmp	r0, #0
2000071e:	d0f0      	beq.n	20000702 <__gnu_Unwind_RaiseException+0x1e>
20000720:	2009      	movs	r0, #9
20000722:	b07a      	add	sp, #488	; 0x1e8
20000724:	bd70      	pop	{r4, r5, r6, pc}
20000726:	a802      	add	r0, sp, #8
20000728:	f7ff ff1c 	bl	20000564 <restore_non_core_regs>
2000072c:	2c06      	cmp	r4, #6
2000072e:	d1f7      	bne.n	20000720 <__gnu_Unwind_RaiseException+0x3c>
20000730:	0031      	movs	r1, r6
20000732:	0028      	movs	r0, r5
20000734:	f7ff ff4e 	bl	200005d4 <unwind_phase2>

20000738 <__gnu_Unwind_ForcedUnwind>:
20000738:	b510      	push	{r4, lr}
2000073a:	6182      	str	r2, [r0, #24]
2000073c:	6bda      	ldr	r2, [r3, #60]	; 0x3c
2000073e:	60c1      	str	r1, [r0, #12]
20000740:	641a      	str	r2, [r3, #64]	; 0x40
20000742:	0019      	movs	r1, r3
20000744:	2200      	movs	r2, #0
20000746:	f7ff ff63 	bl	20000610 <unwind_phase2_forced>
2000074a:	bd10      	pop	{r4, pc}

2000074c <__gnu_Unwind_Resume>:
2000074c:	6943      	ldr	r3, [r0, #20]
2000074e:	b570      	push	{r4, r5, r6, lr}
20000750:	640b      	str	r3, [r1, #64]	; 0x40
20000752:	68c3      	ldr	r3, [r0, #12]
20000754:	0004      	movs	r4, r0
20000756:	000d      	movs	r5, r1
20000758:	2b00      	cmp	r3, #0
2000075a:	d113      	bne.n	20000784 <__gnu_Unwind_Resume+0x38>
2000075c:	000a      	movs	r2, r1
2000075e:	6923      	ldr	r3, [r4, #16]
20000760:	0001      	movs	r1, r0
20000762:	2002      	movs	r0, #2
20000764:	4798      	blx	r3
20000766:	2807      	cmp	r0, #7
20000768:	d005      	beq.n	20000776 <__gnu_Unwind_Resume+0x2a>
2000076a:	2808      	cmp	r0, #8
2000076c:	d10f      	bne.n	2000078e <__gnu_Unwind_Resume+0x42>
2000076e:	0029      	movs	r1, r5
20000770:	0020      	movs	r0, r4
20000772:	f7ff ff2f 	bl	200005d4 <unwind_phase2>
20000776:	2000      	movs	r0, #0
20000778:	6c29      	ldr	r1, [r5, #64]	; 0x40
2000077a:	f7ff ff29 	bl	200005d0 <_Unwind_DebugHook>
2000077e:	1d28      	adds	r0, r5, #4
20000780:	f000 fb60 	bl	20000e44 <__restore_core_regs>
20000784:	2201      	movs	r2, #1
20000786:	f7ff ff43 	bl	20000610 <unwind_phase2_forced>
2000078a:	f000 fde5 	bl	20001358 <__abort_veneer>
2000078e:	f000 fde3 	bl	20001358 <__abort_veneer>
20000792:	46c0      	nop			; (mov r8, r8)

20000794 <__gnu_Unwind_Resume_or_Rethrow>:
20000794:	68c3      	ldr	r3, [r0, #12]
20000796:	b510      	push	{r4, lr}
20000798:	2b00      	cmp	r3, #0
2000079a:	d005      	beq.n	200007a8 <__gnu_Unwind_Resume_or_Rethrow+0x14>
2000079c:	6bcb      	ldr	r3, [r1, #60]	; 0x3c
2000079e:	2200      	movs	r2, #0
200007a0:	640b      	str	r3, [r1, #64]	; 0x40
200007a2:	f7ff ff35 	bl	20000610 <unwind_phase2_forced>
200007a6:	bd10      	pop	{r4, pc}
200007a8:	f7ff ff9c 	bl	200006e4 <__gnu_Unwind_RaiseException>
200007ac:	e7fb      	b.n	200007a6 <__gnu_Unwind_Resume_or_Rethrow+0x12>
200007ae:	46c0      	nop			; (mov r8, r8)

200007b0 <_Unwind_Complete>:
200007b0:	4770      	bx	lr
200007b2:	46c0      	nop			; (mov r8, r8)

200007b4 <_Unwind_DeleteException>:
200007b4:	6883      	ldr	r3, [r0, #8]
200007b6:	0001      	movs	r1, r0
200007b8:	b510      	push	{r4, lr}
200007ba:	2b00      	cmp	r3, #0
200007bc:	d001      	beq.n	200007c2 <_Unwind_DeleteException+0xe>
200007be:	2001      	movs	r0, #1
200007c0:	4798      	blx	r3
200007c2:	bd10      	pop	{r4, pc}

200007c4 <_Unwind_VRS_Get>:
200007c4:	2901      	cmp	r1, #1
200007c6:	d015      	beq.n	200007f4 <_Unwind_VRS_Get+0x30>
200007c8:	d80a      	bhi.n	200007e0 <_Unwind_VRS_Get+0x1c>
200007ca:	2b00      	cmp	r3, #0
200007cc:	d110      	bne.n	200007f0 <_Unwind_VRS_Get+0x2c>
200007ce:	2a0f      	cmp	r2, #15
200007d0:	d80e      	bhi.n	200007f0 <_Unwind_VRS_Get+0x2c>
200007d2:	0092      	lsls	r2, r2, #2
200007d4:	1882      	adds	r2, r0, r2
200007d6:	6852      	ldr	r2, [r2, #4]
200007d8:	9b00      	ldr	r3, [sp, #0]
200007da:	2000      	movs	r0, #0
200007dc:	601a      	str	r2, [r3, #0]
200007de:	e006      	b.n	200007ee <_Unwind_VRS_Get+0x2a>
200007e0:	2001      	movs	r0, #1
200007e2:	3903      	subs	r1, #3
200007e4:	b2c9      	uxtb	r1, r1
200007e6:	4288      	cmp	r0, r1
200007e8:	4180      	sbcs	r0, r0
200007ea:	4240      	negs	r0, r0
200007ec:	3001      	adds	r0, #1
200007ee:	4770      	bx	lr
200007f0:	2002      	movs	r0, #2
200007f2:	e7fc      	b.n	200007ee <_Unwind_VRS_Get+0x2a>
200007f4:	2001      	movs	r0, #1
200007f6:	e7fa      	b.n	200007ee <_Unwind_VRS_Get+0x2a>

200007f8 <_Unwind_GetGR>:
200007f8:	b500      	push	{lr}
200007fa:	b085      	sub	sp, #20
200007fc:	ab03      	add	r3, sp, #12
200007fe:	000a      	movs	r2, r1
20000800:	9300      	str	r3, [sp, #0]
20000802:	2100      	movs	r1, #0
20000804:	2300      	movs	r3, #0
20000806:	f7ff ffdd 	bl	200007c4 <_Unwind_VRS_Get>
2000080a:	9803      	ldr	r0, [sp, #12]
2000080c:	b005      	add	sp, #20
2000080e:	bd00      	pop	{pc}

20000810 <_Unwind_VRS_Set>:
20000810:	2901      	cmp	r1, #1
20000812:	d015      	beq.n	20000840 <_Unwind_VRS_Set+0x30>
20000814:	d80a      	bhi.n	2000082c <_Unwind_VRS_Set+0x1c>
20000816:	2b00      	cmp	r3, #0
20000818:	d110      	bne.n	2000083c <_Unwind_VRS_Set+0x2c>
2000081a:	2a0f      	cmp	r2, #15
2000081c:	d80e      	bhi.n	2000083c <_Unwind_VRS_Set+0x2c>
2000081e:	9b00      	ldr	r3, [sp, #0]
20000820:	0092      	lsls	r2, r2, #2
20000822:	681b      	ldr	r3, [r3, #0]
20000824:	1882      	adds	r2, r0, r2
20000826:	6053      	str	r3, [r2, #4]
20000828:	2000      	movs	r0, #0
2000082a:	e006      	b.n	2000083a <_Unwind_VRS_Set+0x2a>
2000082c:	2001      	movs	r0, #1
2000082e:	3903      	subs	r1, #3
20000830:	b2c9      	uxtb	r1, r1
20000832:	4288      	cmp	r0, r1
20000834:	4180      	sbcs	r0, r0
20000836:	4240      	negs	r0, r0
20000838:	3001      	adds	r0, #1
2000083a:	4770      	bx	lr
2000083c:	2002      	movs	r0, #2
2000083e:	e7fc      	b.n	2000083a <_Unwind_VRS_Set+0x2a>
20000840:	2001      	movs	r0, #1
20000842:	e7fa      	b.n	2000083a <_Unwind_VRS_Set+0x2a>

20000844 <_Unwind_SetGR>:
20000844:	b500      	push	{lr}
20000846:	b085      	sub	sp, #20
20000848:	ab03      	add	r3, sp, #12
2000084a:	9203      	str	r2, [sp, #12]
2000084c:	9300      	str	r3, [sp, #0]
2000084e:	000a      	movs	r2, r1
20000850:	2300      	movs	r3, #0
20000852:	2100      	movs	r1, #0
20000854:	f7ff ffdc 	bl	20000810 <_Unwind_VRS_Set>
20000858:	b005      	add	sp, #20
2000085a:	bd00      	pop	{pc}

2000085c <__gnu_Unwind_Backtrace>:
2000085c:	b570      	push	{r4, r5, r6, lr}
2000085e:	4c1a      	ldr	r4, [pc, #104]	; (200008c8 <__gnu_Unwind_Backtrace+0x6c>)
20000860:	6bd3      	ldr	r3, [r2, #60]	; 0x3c
20000862:	44a5      	add	sp, r4
20000864:	6413      	str	r3, [r2, #64]	; 0x40
20000866:	0005      	movs	r5, r0
20000868:	000c      	movs	r4, r1
2000086a:	a819      	add	r0, sp, #100	; 0x64
2000086c:	1d11      	adds	r1, r2, #4
2000086e:	2240      	movs	r2, #64	; 0x40
20000870:	f000 fd6a 	bl	20001348 <____wrap_memcpy_veneer>
20000874:	2301      	movs	r3, #1
20000876:	425b      	negs	r3, r3
20000878:	9318      	str	r3, [sp, #96]	; 0x60
2000087a:	e014      	b.n	200008a6 <__gnu_Unwind_Backtrace+0x4a>
2000087c:	210c      	movs	r1, #12
2000087e:	a818      	add	r0, sp, #96	; 0x60
20000880:	aa02      	add	r2, sp, #8
20000882:	f7ff ffdf 	bl	20000844 <_Unwind_SetGR>
20000886:	0021      	movs	r1, r4
20000888:	a818      	add	r0, sp, #96	; 0x60
2000088a:	47a8      	blx	r5
2000088c:	2800      	cmp	r0, #0
2000088e:	d112      	bne.n	200008b6 <__gnu_Unwind_Backtrace+0x5a>
20000890:	9b06      	ldr	r3, [sp, #24]
20000892:	aa18      	add	r2, sp, #96	; 0x60
20000894:	a902      	add	r1, sp, #8
20000896:	3008      	adds	r0, #8
20000898:	9301      	str	r3, [sp, #4]
2000089a:	4798      	blx	r3
2000089c:	0006      	movs	r6, r0
2000089e:	2805      	cmp	r0, #5
200008a0:	d00a      	beq.n	200008b8 <__gnu_Unwind_Backtrace+0x5c>
200008a2:	2809      	cmp	r0, #9
200008a4:	d007      	beq.n	200008b6 <__gnu_Unwind_Backtrace+0x5a>
200008a6:	9b28      	ldr	r3, [sp, #160]	; 0xa0
200008a8:	a802      	add	r0, sp, #8
200008aa:	0019      	movs	r1, r3
200008ac:	9301      	str	r3, [sp, #4]
200008ae:	f7ff fe0b 	bl	200004c8 <get_eit_entry>
200008b2:	2800      	cmp	r0, #0
200008b4:	d0e2      	beq.n	2000087c <__gnu_Unwind_Backtrace+0x20>
200008b6:	2609      	movs	r6, #9
200008b8:	a818      	add	r0, sp, #96	; 0x60
200008ba:	f7ff fe53 	bl	20000564 <restore_non_core_regs>
200008be:	0030      	movs	r0, r6
200008c0:	2390      	movs	r3, #144	; 0x90
200008c2:	009b      	lsls	r3, r3, #2
200008c4:	449d      	add	sp, r3
200008c6:	bd70      	pop	{r4, r5, r6, pc}
200008c8:	fffffdc0 	.word	0xfffffdc0

200008cc <__gnu_unwind_pr_common>:
200008cc:	b5f0      	push	{r4, r5, r6, r7, lr}
200008ce:	4657      	mov	r7, sl
200008d0:	4692      	mov	sl, r2
200008d2:	2203      	movs	r2, #3
200008d4:	4645      	mov	r5, r8
200008d6:	464e      	mov	r6, r9
200008d8:	46de      	mov	lr, fp
200008da:	4699      	mov	r9, r3
200008dc:	0013      	movs	r3, r2
200008de:	b5e0      	push	{r5, r6, r7, lr}
200008e0:	4688      	mov	r8, r1
200008e2:	6ccd      	ldr	r5, [r1, #76]	; 0x4c
200008e4:	4649      	mov	r1, r9
200008e6:	b089      	sub	sp, #36	; 0x24
200008e8:	4003      	ands	r3, r0
200008ea:	9300      	str	r3, [sp, #0]
200008ec:	cd08      	ldmia	r5!, {r3}
200008ee:	9506      	str	r5, [sp, #24]
200008f0:	2900      	cmp	r1, #0
200008f2:	d100      	bne.n	200008f6 <__gnu_unwind_pr_common+0x2a>
200008f4:	e080      	b.n	200009f8 <__gnu_unwind_pr_common+0x12c>
200008f6:	0c1a      	lsrs	r2, r3, #16
200008f8:	041b      	lsls	r3, r3, #16
200008fa:	9305      	str	r3, [sp, #20]
200008fc:	2302      	movs	r3, #2
200008fe:	a904      	add	r1, sp, #16
20000900:	730b      	strb	r3, [r1, #12]
20000902:	33fd      	adds	r3, #253	; 0xfd
20000904:	4013      	ands	r3, r2
20000906:	009b      	lsls	r3, r3, #2
20000908:	734a      	strb	r2, [r1, #13]
2000090a:	18ed      	adds	r5, r5, r3
2000090c:	9b00      	ldr	r3, [sp, #0]
2000090e:	2b02      	cmp	r3, #2
20000910:	d101      	bne.n	20000916 <__gnu_unwind_pr_common+0x4a>
20000912:	4643      	mov	r3, r8
20000914:	6b9d      	ldr	r5, [r3, #56]	; 0x38
20000916:	4643      	mov	r3, r8
20000918:	6d1b      	ldr	r3, [r3, #80]	; 0x50
2000091a:	07db      	lsls	r3, r3, #31
2000091c:	d50f      	bpl.n	2000093e <__gnu_unwind_pr_common+0x72>
2000091e:	4650      	mov	r0, sl
20000920:	a905      	add	r1, sp, #20
20000922:	f000 fb5b 	bl	20000fdc <__gnu_unwind_execute>
20000926:	2800      	cmp	r0, #0
20000928:	d101      	bne.n	2000092e <__gnu_unwind_pr_common+0x62>
2000092a:	2008      	movs	r0, #8
2000092c:	e000      	b.n	20000930 <__gnu_unwind_pr_common+0x64>
2000092e:	2009      	movs	r0, #9
20000930:	b009      	add	sp, #36	; 0x24
20000932:	bcf0      	pop	{r4, r5, r6, r7}
20000934:	46bb      	mov	fp, r7
20000936:	46b2      	mov	sl, r6
20000938:	46a9      	mov	r9, r5
2000093a:	46a0      	mov	r8, r4
2000093c:	bdf0      	pop	{r4, r5, r6, r7, pc}
2000093e:	682f      	ldr	r7, [r5, #0]
20000940:	2f00      	cmp	r7, #0
20000942:	d0ec      	beq.n	2000091e <__gnu_unwind_pr_common+0x52>
20000944:	2308      	movs	r3, #8
20000946:	4003      	ands	r3, r0
20000948:	9302      	str	r3, [sp, #8]
2000094a:	2300      	movs	r3, #0
2000094c:	9301      	str	r3, [sp, #4]
2000094e:	3301      	adds	r3, #1
20000950:	4654      	mov	r4, sl
20000952:	469b      	mov	fp, r3
20000954:	4646      	mov	r6, r8
20000956:	46ba      	mov	sl, r7
20000958:	464b      	mov	r3, r9
2000095a:	2b02      	cmp	r3, #2
2000095c:	d049      	beq.n	200009f2 <__gnu_unwind_pr_common+0x126>
2000095e:	882b      	ldrh	r3, [r5, #0]
20000960:	886f      	ldrh	r7, [r5, #2]
20000962:	469a      	mov	sl, r3
20000964:	3504      	adds	r5, #4
20000966:	465a      	mov	r2, fp
20000968:	003b      	movs	r3, r7
2000096a:	4393      	bics	r3, r2
2000096c:	6cb2      	ldr	r2, [r6, #72]	; 0x48
2000096e:	210f      	movs	r1, #15
20000970:	4690      	mov	r8, r2
20000972:	0020      	movs	r0, r4
20000974:	4498      	add	r8, r3
20000976:	f7ff ff3f 	bl	200007f8 <_Unwind_GetGR>
2000097a:	2300      	movs	r3, #0
2000097c:	4580      	cmp	r8, r0
2000097e:	d806      	bhi.n	2000098e <__gnu_unwind_pr_common+0xc2>
20000980:	4653      	mov	r3, sl
20000982:	465a      	mov	r2, fp
20000984:	4393      	bics	r3, r2
20000986:	4443      	add	r3, r8
20000988:	4298      	cmp	r0, r3
2000098a:	419b      	sbcs	r3, r3
2000098c:	425b      	negs	r3, r3
2000098e:	2202      	movs	r2, #2
20000990:	007f      	lsls	r7, r7, #1
20000992:	4017      	ands	r7, r2
20000994:	4659      	mov	r1, fp
20000996:	4652      	mov	r2, sl
20000998:	400a      	ands	r2, r1
2000099a:	4317      	orrs	r7, r2
2000099c:	2f01      	cmp	r7, #1
2000099e:	d030      	beq.n	20000a02 <__gnu_unwind_pr_common+0x136>
200009a0:	2f02      	cmp	r7, #2
200009a2:	d04c      	beq.n	20000a3e <__gnu_unwind_pr_common+0x172>
200009a4:	2f00      	cmp	r7, #0
200009a6:	d1c2      	bne.n	2000092e <__gnu_unwind_pr_common+0x62>
200009a8:	9a00      	ldr	r2, [sp, #0]
200009aa:	2a00      	cmp	r2, #0
200009ac:	d002      	beq.n	200009b4 <__gnu_unwind_pr_common+0xe8>
200009ae:	2b00      	cmp	r3, #0
200009b0:	d000      	beq.n	200009b4 <__gnu_unwind_pr_common+0xe8>
200009b2:	e09b      	b.n	20000aec <__gnu_unwind_pr_common+0x220>
200009b4:	3504      	adds	r5, #4
200009b6:	682b      	ldr	r3, [r5, #0]
200009b8:	469a      	mov	sl, r3
200009ba:	2b00      	cmp	r3, #0
200009bc:	d1cc      	bne.n	20000958 <__gnu_unwind_pr_common+0x8c>
200009be:	0020      	movs	r0, r4
200009c0:	a905      	add	r1, sp, #20
200009c2:	46a2      	mov	sl, r4
200009c4:	f000 fb0a 	bl	20000fdc <__gnu_unwind_execute>
200009c8:	2800      	cmp	r0, #0
200009ca:	d1b0      	bne.n	2000092e <__gnu_unwind_pr_common+0x62>
200009cc:	9b01      	ldr	r3, [sp, #4]
200009ce:	2b00      	cmp	r3, #0
200009d0:	d0ab      	beq.n	2000092a <__gnu_unwind_pr_common+0x5e>
200009d2:	210f      	movs	r1, #15
200009d4:	4650      	mov	r0, sl
200009d6:	f7ff ff0f 	bl	200007f8 <_Unwind_GetGR>
200009da:	210e      	movs	r1, #14
200009dc:	0002      	movs	r2, r0
200009de:	4650      	mov	r0, sl
200009e0:	f7ff ff30 	bl	20000844 <_Unwind_SetGR>
200009e4:	4650      	mov	r0, sl
200009e6:	210f      	movs	r1, #15
200009e8:	4a72      	ldr	r2, [pc, #456]	; (20000bb4 <__gnu_unwind_pr_common+0x2e8>)
200009ea:	f7ff ff2b 	bl	20000844 <_Unwind_SetGR>
200009ee:	2007      	movs	r0, #7
200009f0:	e79e      	b.n	20000930 <__gnu_unwind_pr_common+0x64>
200009f2:	686f      	ldr	r7, [r5, #4]
200009f4:	3508      	adds	r5, #8
200009f6:	e7b6      	b.n	20000966 <__gnu_unwind_pr_common+0x9a>
200009f8:	021b      	lsls	r3, r3, #8
200009fa:	9305      	str	r3, [sp, #20]
200009fc:	ab04      	add	r3, sp, #16
200009fe:	819a      	strh	r2, [r3, #12]
20000a00:	e784      	b.n	2000090c <__gnu_unwind_pr_common+0x40>
20000a02:	9a00      	ldr	r2, [sp, #0]
20000a04:	2a00      	cmp	r2, #0
20000a06:	d149      	bne.n	20000a9c <__gnu_unwind_pr_common+0x1d0>
20000a08:	2b00      	cmp	r3, #0
20000a0a:	d016      	beq.n	20000a3a <__gnu_unwind_pr_common+0x16e>
20000a0c:	682b      	ldr	r3, [r5, #0]
20000a0e:	0fdf      	lsrs	r7, r3, #31
20000a10:	686b      	ldr	r3, [r5, #4]
20000a12:	1c9a      	adds	r2, r3, #2
20000a14:	d100      	bne.n	20000a18 <__gnu_unwind_pr_common+0x14c>
20000a16:	e78a      	b.n	2000092e <__gnu_unwind_pr_common+0x62>
20000a18:	0032      	movs	r2, r6
20000a1a:	3258      	adds	r2, #88	; 0x58
20000a1c:	9204      	str	r2, [sp, #16]
20000a1e:	3301      	adds	r3, #1
20000a20:	d100      	bne.n	20000a24 <__gnu_unwind_pr_common+0x158>
20000a22:	e0b6      	b.n	20000b92 <__gnu_unwind_pr_common+0x2c6>
20000a24:	1d28      	adds	r0, r5, #4
20000a26:	f7ff fdcd 	bl	200005c4 <_Unwind_decode_typeinfo_ptr.constprop.0>
20000a2a:	003a      	movs	r2, r7
20000a2c:	0001      	movs	r1, r0
20000a2e:	ab04      	add	r3, sp, #16
20000a30:	0030      	movs	r0, r6
20000a32:	e000      	b.n	20000a36 <__gnu_unwind_pr_common+0x16a>
20000a34:	bf00      	nop
20000a36:	2800      	cmp	r0, #0
20000a38:	d16c      	bne.n	20000b14 <__gnu_unwind_pr_common+0x248>
20000a3a:	3508      	adds	r5, #8
20000a3c:	e7bb      	b.n	200009b6 <__gnu_unwind_pr_common+0xea>
20000a3e:	682a      	ldr	r2, [r5, #0]
20000a40:	9900      	ldr	r1, [sp, #0]
20000a42:	0057      	lsls	r7, r2, #1
20000a44:	087f      	lsrs	r7, r7, #1
20000a46:	2900      	cmp	r1, #0
20000a48:	d10d      	bne.n	20000a66 <__gnu_unwind_pr_common+0x19a>
20000a4a:	2b00      	cmp	r3, #0
20000a4c:	d004      	beq.n	20000a58 <__gnu_unwind_pr_common+0x18c>
20000a4e:	9b02      	ldr	r3, [sp, #8]
20000a50:	2b00      	cmp	r3, #0
20000a52:	d072      	beq.n	20000b3a <__gnu_unwind_pr_common+0x26e>
20000a54:	2f00      	cmp	r7, #0
20000a56:	d03c      	beq.n	20000ad2 <__gnu_unwind_pr_common+0x206>
20000a58:	2a00      	cmp	r2, #0
20000a5a:	da00      	bge.n	20000a5e <__gnu_unwind_pr_common+0x192>
20000a5c:	3504      	adds	r5, #4
20000a5e:	3701      	adds	r7, #1
20000a60:	00bf      	lsls	r7, r7, #2
20000a62:	19ed      	adds	r5, r5, r7
20000a64:	e7a7      	b.n	200009b6 <__gnu_unwind_pr_common+0xea>
20000a66:	6a33      	ldr	r3, [r6, #32]
20000a68:	210d      	movs	r1, #13
20000a6a:	0020      	movs	r0, r4
20000a6c:	4698      	mov	r8, r3
20000a6e:	f7ff fec3 	bl	200007f8 <_Unwind_GetGR>
20000a72:	4580      	cmp	r8, r0
20000a74:	d001      	beq.n	20000a7a <__gnu_unwind_pr_common+0x1ae>
20000a76:	682a      	ldr	r2, [r5, #0]
20000a78:	e7ee      	b.n	20000a58 <__gnu_unwind_pr_common+0x18c>
20000a7a:	6ab3      	ldr	r3, [r6, #40]	; 0x28
20000a7c:	429d      	cmp	r5, r3
20000a7e:	d1fa      	bne.n	20000a76 <__gnu_unwind_pr_common+0x1aa>
20000a80:	2300      	movs	r3, #0
20000a82:	62f3      	str	r3, [r6, #44]	; 0x2c
20000a84:	3304      	adds	r3, #4
20000a86:	6333      	str	r3, [r6, #48]	; 0x30
20000a88:	1d2b      	adds	r3, r5, #4
20000a8a:	62b7      	str	r7, [r6, #40]	; 0x28
20000a8c:	6373      	str	r3, [r6, #52]	; 0x34
20000a8e:	682b      	ldr	r3, [r5, #0]
20000a90:	2b00      	cmp	r3, #0
20000a92:	da00      	bge.n	20000a96 <__gnu_unwind_pr_common+0x1ca>
20000a94:	e087      	b.n	20000ba6 <__gnu_unwind_pr_common+0x2da>
20000a96:	2301      	movs	r3, #1
20000a98:	9301      	str	r3, [sp, #4]
20000a9a:	e7e0      	b.n	20000a5e <__gnu_unwind_pr_common+0x192>
20000a9c:	210d      	movs	r1, #13
20000a9e:	0020      	movs	r0, r4
20000aa0:	6a37      	ldr	r7, [r6, #32]
20000aa2:	f7ff fea9 	bl	200007f8 <_Unwind_GetGR>
20000aa6:	4287      	cmp	r7, r0
20000aa8:	d1c7      	bne.n	20000a3a <__gnu_unwind_pr_common+0x16e>
20000aaa:	6ab3      	ldr	r3, [r6, #40]	; 0x28
20000aac:	429d      	cmp	r5, r3
20000aae:	d1c4      	bne.n	20000a3a <__gnu_unwind_pr_common+0x16e>
20000ab0:	46b0      	mov	r8, r6
20000ab2:	46a2      	mov	sl, r4
20000ab4:	0028      	movs	r0, r5
20000ab6:	f7ff fcad 	bl	20000414 <selfrel_offset31>
20000aba:	210f      	movs	r1, #15
20000abc:	0002      	movs	r2, r0
20000abe:	4650      	mov	r0, sl
20000ac0:	f7ff fec0 	bl	20000844 <_Unwind_SetGR>
20000ac4:	4650      	mov	r0, sl
20000ac6:	4642      	mov	r2, r8
20000ac8:	2100      	movs	r1, #0
20000aca:	f7ff febb 	bl	20000844 <_Unwind_SetGR>
20000ace:	2007      	movs	r0, #7
20000ad0:	e72e      	b.n	20000930 <__gnu_unwind_pr_common+0x64>
20000ad2:	46b0      	mov	r8, r6
20000ad4:	46a2      	mov	sl, r4
20000ad6:	210d      	movs	r1, #13
20000ad8:	4650      	mov	r0, sl
20000ada:	f7ff fe8d 	bl	200007f8 <_Unwind_GetGR>
20000ade:	4643      	mov	r3, r8
20000ae0:	9a04      	ldr	r2, [sp, #16]
20000ae2:	6218      	str	r0, [r3, #32]
20000ae4:	625a      	str	r2, [r3, #36]	; 0x24
20000ae6:	2006      	movs	r0, #6
20000ae8:	629d      	str	r5, [r3, #40]	; 0x28
20000aea:	e721      	b.n	20000930 <__gnu_unwind_pr_common+0x64>
20000aec:	0028      	movs	r0, r5
20000aee:	f7ff fc91 	bl	20000414 <selfrel_offset31>
20000af2:	3504      	adds	r5, #4
20000af4:	46a2      	mov	sl, r4
20000af6:	63b5      	str	r5, [r6, #56]	; 0x38
20000af8:	0004      	movs	r4, r0
20000afa:	0030      	movs	r0, r6
20000afc:	e000      	b.n	20000b00 <__gnu_unwind_pr_common+0x234>
20000afe:	bf00      	nop
20000b00:	2800      	cmp	r0, #0
20000b02:	d100      	bne.n	20000b06 <__gnu_unwind_pr_common+0x23a>
20000b04:	e713      	b.n	2000092e <__gnu_unwind_pr_common+0x62>
20000b06:	4650      	mov	r0, sl
20000b08:	0022      	movs	r2, r4
20000b0a:	210f      	movs	r1, #15
20000b0c:	f7ff fe9a 	bl	20000844 <_Unwind_SetGR>
20000b10:	2007      	movs	r0, #7
20000b12:	e70d      	b.n	20000930 <__gnu_unwind_pr_common+0x64>
20000b14:	46a2      	mov	sl, r4
20000b16:	210d      	movs	r1, #13
20000b18:	0004      	movs	r4, r0
20000b1a:	4650      	mov	r0, sl
20000b1c:	f7ff fe6c 	bl	200007f8 <_Unwind_GetGR>
20000b20:	46b0      	mov	r8, r6
20000b22:	0033      	movs	r3, r6
20000b24:	6230      	str	r0, [r6, #32]
20000b26:	2c02      	cmp	r4, #2
20000b28:	d139      	bne.n	20000b9e <__gnu_unwind_pr_common+0x2d2>
20000b2a:	9a04      	ldr	r2, [sp, #16]
20000b2c:	332c      	adds	r3, #44	; 0x2c
20000b2e:	62f2      	str	r2, [r6, #44]	; 0x2c
20000b30:	6273      	str	r3, [r6, #36]	; 0x24
20000b32:	4643      	mov	r3, r8
20000b34:	2006      	movs	r0, #6
20000b36:	629d      	str	r5, [r3, #40]	; 0x28
20000b38:	e6fa      	b.n	20000930 <__gnu_unwind_pr_common+0x64>
20000b3a:	1d2b      	adds	r3, r5, #4
20000b3c:	469a      	mov	sl, r3
20000b3e:	2300      	movs	r3, #0
20000b40:	4698      	mov	r8, r3
20000b42:	3358      	adds	r3, #88	; 0x58
20000b44:	469c      	mov	ip, r3
20000b46:	0021      	movs	r1, r4
20000b48:	464a      	mov	r2, r9
20000b4a:	44b4      	add	ip, r6
20000b4c:	4654      	mov	r4, sl
20000b4e:	46a9      	mov	r9, r5
20000b50:	468a      	mov	sl, r1
20000b52:	003d      	movs	r5, r7
20000b54:	9203      	str	r2, [sp, #12]
20000b56:	4647      	mov	r7, r8
20000b58:	46e0      	mov	r8, ip
20000b5a:	e00e      	b.n	20000b7a <__gnu_unwind_pr_common+0x2ae>
20000b5c:	4643      	mov	r3, r8
20000b5e:	0020      	movs	r0, r4
20000b60:	9304      	str	r3, [sp, #16]
20000b62:	f7ff fd2f 	bl	200005c4 <_Unwind_decode_typeinfo_ptr.constprop.0>
20000b66:	2200      	movs	r2, #0
20000b68:	0001      	movs	r1, r0
20000b6a:	ab04      	add	r3, sp, #16
20000b6c:	0030      	movs	r0, r6
20000b6e:	e000      	b.n	20000b72 <__gnu_unwind_pr_common+0x2a6>
20000b70:	bf00      	nop
20000b72:	3701      	adds	r7, #1
20000b74:	3404      	adds	r4, #4
20000b76:	2800      	cmp	r0, #0
20000b78:	d104      	bne.n	20000b84 <__gnu_unwind_pr_common+0x2b8>
20000b7a:	42af      	cmp	r7, r5
20000b7c:	d1ee      	bne.n	20000b5c <__gnu_unwind_pr_common+0x290>
20000b7e:	464d      	mov	r5, r9
20000b80:	46b0      	mov	r8, r6
20000b82:	e7a8      	b.n	20000ad6 <__gnu_unwind_pr_common+0x20a>
20000b84:	002f      	movs	r7, r5
20000b86:	464d      	mov	r5, r9
20000b88:	9b03      	ldr	r3, [sp, #12]
20000b8a:	4654      	mov	r4, sl
20000b8c:	4699      	mov	r9, r3
20000b8e:	682a      	ldr	r2, [r5, #0]
20000b90:	e762      	b.n	20000a58 <__gnu_unwind_pr_common+0x18c>
20000b92:	210d      	movs	r1, #13
20000b94:	0020      	movs	r0, r4
20000b96:	f7ff fe2f 	bl	200007f8 <_Unwind_GetGR>
20000b9a:	46b0      	mov	r8, r6
20000b9c:	6230      	str	r0, [r6, #32]
20000b9e:	4643      	mov	r3, r8
20000ba0:	9a04      	ldr	r2, [sp, #16]
20000ba2:	625a      	str	r2, [r3, #36]	; 0x24
20000ba4:	e7c5      	b.n	20000b32 <__gnu_unwind_pr_common+0x266>
20000ba6:	1c78      	adds	r0, r7, #1
20000ba8:	0080      	lsls	r0, r0, #2
20000baa:	46b0      	mov	r8, r6
20000bac:	46a2      	mov	sl, r4
20000bae:	1828      	adds	r0, r5, r0
20000bb0:	e781      	b.n	20000ab6 <__gnu_unwind_pr_common+0x1ea>
20000bb2:	46c0      	nop			; (mov r8, r8)
20000bb4:	00000000 	.word	0x00000000

20000bb8 <__aeabi_unwind_cpp_pr0>:
20000bb8:	b510      	push	{r4, lr}
20000bba:	2300      	movs	r3, #0
20000bbc:	f7ff fe86 	bl	200008cc <__gnu_unwind_pr_common>
20000bc0:	bd10      	pop	{r4, pc}
20000bc2:	46c0      	nop			; (mov r8, r8)

20000bc4 <__aeabi_unwind_cpp_pr1>:
20000bc4:	b510      	push	{r4, lr}
20000bc6:	2301      	movs	r3, #1
20000bc8:	f7ff fe80 	bl	200008cc <__gnu_unwind_pr_common>
20000bcc:	bd10      	pop	{r4, pc}
20000bce:	46c0      	nop			; (mov r8, r8)

20000bd0 <__aeabi_unwind_cpp_pr2>:
20000bd0:	b510      	push	{r4, lr}
20000bd2:	2302      	movs	r3, #2
20000bd4:	f7ff fe7a 	bl	200008cc <__gnu_unwind_pr_common>
20000bd8:	bd10      	pop	{r4, pc}
20000bda:	46c0      	nop			; (mov r8, r8)

20000bdc <_Unwind_VRS_Pop>:
20000bdc:	b5f0      	push	{r4, r5, r6, r7, lr}
20000bde:	46ce      	mov	lr, r9
20000be0:	4647      	mov	r7, r8
20000be2:	b580      	push	{r7, lr}
20000be4:	0005      	movs	r5, r0
20000be6:	0014      	movs	r4, r2
20000be8:	001e      	movs	r6, r3
20000bea:	b0c3      	sub	sp, #268	; 0x10c
20000bec:	2903      	cmp	r1, #3
20000bee:	d044      	beq.n	20000c7a <_Unwind_VRS_Pop+0x9e>
20000bf0:	d820      	bhi.n	20000c34 <_Unwind_VRS_Pop+0x58>
20000bf2:	2900      	cmp	r1, #0
20000bf4:	d049      	beq.n	20000c8a <_Unwind_VRS_Pop+0xae>
20000bf6:	2901      	cmp	r1, #1
20000bf8:	d141      	bne.n	20000c7e <_Unwind_VRS_Pop+0xa2>
20000bfa:	0c13      	lsrs	r3, r2, #16
20000bfc:	0414      	lsls	r4, r2, #16
20000bfe:	4698      	mov	r8, r3
20000c00:	0c23      	lsrs	r3, r4, #16
20000c02:	4699      	mov	r9, r3
20000c04:	2e01      	cmp	r6, #1
20000c06:	d100      	bne.n	20000c0a <_Unwind_VRS_Pop+0x2e>
20000c08:	e07a      	b.n	20000d00 <_Unwind_VRS_Pop+0x124>
20000c0a:	2e05      	cmp	r6, #5
20000c0c:	d137      	bne.n	20000c7e <_Unwind_VRS_Pop+0xa2>
20000c0e:	4644      	mov	r4, r8
20000c10:	444c      	add	r4, r9
20000c12:	2c20      	cmp	r4, #32
20000c14:	d833      	bhi.n	20000c7e <_Unwind_VRS_Pop+0xa2>
20000c16:	4643      	mov	r3, r8
20000c18:	2b0f      	cmp	r3, #15
20000c1a:	d800      	bhi.n	20000c1e <_Unwind_VRS_Pop+0x42>
20000c1c:	e0b5      	b.n	20000d8a <_Unwind_VRS_Pop+0x1ae>
20000c1e:	464c      	mov	r4, r9
20000c20:	2c00      	cmp	r4, #0
20000c22:	d000      	beq.n	20000c26 <_Unwind_VRS_Pop+0x4a>
20000c24:	e0c2      	b.n	20000dac <_Unwind_VRS_Pop+0x1d0>
20000c26:	464a      	mov	r2, r9
20000c28:	6ba9      	ldr	r1, [r5, #56]	; 0x38
20000c2a:	af20      	add	r7, sp, #128	; 0x80
20000c2c:	2a00      	cmp	r2, #0
20000c2e:	d022      	beq.n	20000c76 <_Unwind_VRS_Pop+0x9a>
20000c30:	2400      	movs	r4, #0
20000c32:	e07f      	b.n	20000d34 <_Unwind_VRS_Pop+0x158>
20000c34:	2904      	cmp	r1, #4
20000c36:	d122      	bne.n	20000c7e <_Unwind_VRS_Pop+0xa2>
20000c38:	2b00      	cmp	r3, #0
20000c3a:	d120      	bne.n	20000c7e <_Unwind_VRS_Pop+0xa2>
20000c3c:	2a10      	cmp	r2, #16
20000c3e:	d81e      	bhi.n	20000c7e <_Unwind_VRS_Pop+0xa2>
20000c40:	2210      	movs	r2, #16
20000c42:	6803      	ldr	r3, [r0, #0]
20000c44:	421a      	tst	r2, r3
20000c46:	d000      	beq.n	20000c4a <_Unwind_VRS_Pop+0x6e>
20000c48:	e0c7      	b.n	20000dda <_Unwind_VRS_Pop+0x1fe>
20000c4a:	af20      	add	r7, sp, #128	; 0x80
20000c4c:	0038      	movs	r0, r7
20000c4e:	f000 f921 	bl	20000e94 <__gnu_Unwind_Save_WMMXC>
20000c52:	2601      	movs	r6, #1
20000c54:	0039      	movs	r1, r7
20000c56:	2300      	movs	r3, #0
20000c58:	6baa      	ldr	r2, [r5, #56]	; 0x38
20000c5a:	0030      	movs	r0, r6
20000c5c:	4098      	lsls	r0, r3
20000c5e:	4204      	tst	r4, r0
20000c60:	d001      	beq.n	20000c66 <_Unwind_VRS_Pop+0x8a>
20000c62:	ca01      	ldmia	r2!, {r0}
20000c64:	6008      	str	r0, [r1, #0]
20000c66:	3301      	adds	r3, #1
20000c68:	3104      	adds	r1, #4
20000c6a:	2b04      	cmp	r3, #4
20000c6c:	d1f5      	bne.n	20000c5a <_Unwind_VRS_Pop+0x7e>
20000c6e:	0038      	movs	r0, r7
20000c70:	63aa      	str	r2, [r5, #56]	; 0x38
20000c72:	f000 f90d 	bl	20000e90 <__gnu_Unwind_Restore_WMMXC>
20000c76:	2000      	movs	r0, #0
20000c78:	e002      	b.n	20000c80 <_Unwind_VRS_Pop+0xa4>
20000c7a:	2b03      	cmp	r3, #3
20000c7c:	d01c      	beq.n	20000cb8 <_Unwind_VRS_Pop+0xdc>
20000c7e:	2002      	movs	r0, #2
20000c80:	b043      	add	sp, #268	; 0x10c
20000c82:	bcc0      	pop	{r6, r7}
20000c84:	46b9      	mov	r9, r7
20000c86:	46b0      	mov	r8, r6
20000c88:	bdf0      	pop	{r4, r5, r6, r7, pc}
20000c8a:	2b00      	cmp	r3, #0
20000c8c:	d1f7      	bne.n	20000c7e <_Unwind_VRS_Pop+0xa2>
20000c8e:	2300      	movs	r3, #0
20000c90:	2701      	movs	r7, #1
20000c92:	0416      	lsls	r6, r2, #16
20000c94:	6b82      	ldr	r2, [r0, #56]	; 0x38
20000c96:	0c36      	lsrs	r6, r6, #16
20000c98:	1d01      	adds	r1, r0, #4
20000c9a:	0038      	movs	r0, r7
20000c9c:	4098      	lsls	r0, r3
20000c9e:	4206      	tst	r6, r0
20000ca0:	d001      	beq.n	20000ca6 <_Unwind_VRS_Pop+0xca>
20000ca2:	ca01      	ldmia	r2!, {r0}
20000ca4:	6008      	str	r0, [r1, #0]
20000ca6:	3301      	adds	r3, #1
20000ca8:	3104      	adds	r1, #4
20000caa:	2b10      	cmp	r3, #16
20000cac:	d1f5      	bne.n	20000c9a <_Unwind_VRS_Pop+0xbe>
20000cae:	2000      	movs	r0, #0
20000cb0:	04a3      	lsls	r3, r4, #18
20000cb2:	d4e5      	bmi.n	20000c80 <_Unwind_VRS_Pop+0xa4>
20000cb4:	63aa      	str	r2, [r5, #56]	; 0x38
20000cb6:	e7e3      	b.n	20000c80 <_Unwind_VRS_Pop+0xa4>
20000cb8:	0414      	lsls	r4, r2, #16
20000cba:	0c16      	lsrs	r6, r2, #16
20000cbc:	0c24      	lsrs	r4, r4, #16
20000cbe:	1933      	adds	r3, r6, r4
20000cc0:	2b10      	cmp	r3, #16
20000cc2:	d8dc      	bhi.n	20000c7e <_Unwind_VRS_Pop+0xa2>
20000cc4:	2208      	movs	r2, #8
20000cc6:	6803      	ldr	r3, [r0, #0]
20000cc8:	421a      	tst	r2, r3
20000cca:	d000      	beq.n	20000cce <_Unwind_VRS_Pop+0xf2>
20000ccc:	e08c      	b.n	20000de8 <_Unwind_VRS_Pop+0x20c>
20000cce:	af20      	add	r7, sp, #128	; 0x80
20000cd0:	0038      	movs	r0, r7
20000cd2:	f000 f8db 	bl	20000e8c <__gnu_Unwind_Save_WMMXD>
20000cd6:	00f6      	lsls	r6, r6, #3
20000cd8:	6bab      	ldr	r3, [r5, #56]	; 0x38
20000cda:	2c00      	cmp	r4, #0
20000cdc:	d00a      	beq.n	20000cf4 <_Unwind_VRS_Pop+0x118>
20000cde:	1af6      	subs	r6, r6, r3
20000ce0:	00e4      	lsls	r4, r4, #3
20000ce2:	1f32      	subs	r2, r6, #4
20000ce4:	191c      	adds	r4, r3, r4
20000ce6:	18ba      	adds	r2, r7, r2
20000ce8:	0019      	movs	r1, r3
20000cea:	6809      	ldr	r1, [r1, #0]
20000cec:	3304      	adds	r3, #4
20000cee:	5099      	str	r1, [r3, r2]
20000cf0:	42a3      	cmp	r3, r4
20000cf2:	d1f9      	bne.n	20000ce8 <_Unwind_VRS_Pop+0x10c>
20000cf4:	0038      	movs	r0, r7
20000cf6:	63ab      	str	r3, [r5, #56]	; 0x38
20000cf8:	f000 f8c6 	bl	20000e88 <__gnu_Unwind_Restore_WMMXD>
20000cfc:	2000      	movs	r0, #0
20000cfe:	e7bf      	b.n	20000c80 <_Unwind_VRS_Pop+0xa4>
20000d00:	4643      	mov	r3, r8
20000d02:	444b      	add	r3, r9
20000d04:	2b10      	cmp	r3, #16
20000d06:	d8ba      	bhi.n	20000c7e <_Unwind_VRS_Pop+0xa2>
20000d08:	4643      	mov	r3, r8
20000d0a:	2b0f      	cmp	r3, #15
20000d0c:	d8b7      	bhi.n	20000c7e <_Unwind_VRS_Pop+0xa2>
20000d0e:	682b      	ldr	r3, [r5, #0]
20000d10:	421e      	tst	r6, r3
20000d12:	d006      	beq.n	20000d22 <_Unwind_VRS_Pop+0x146>
20000d14:	2203      	movs	r2, #3
20000d16:	0028      	movs	r0, r5
20000d18:	4393      	bics	r3, r2
20000d1a:	602b      	str	r3, [r5, #0]
20000d1c:	3048      	adds	r0, #72	; 0x48
20000d1e:	f000 f8a9 	bl	20000e74 <__gnu_Unwind_Save_VFP>
20000d22:	af20      	add	r7, sp, #128	; 0x80
20000d24:	0038      	movs	r0, r7
20000d26:	f000 f8a5 	bl	20000e74 <__gnu_Unwind_Save_VFP>
20000d2a:	464a      	mov	r2, r9
20000d2c:	2400      	movs	r4, #0
20000d2e:	6ba9      	ldr	r1, [r5, #56]	; 0x38
20000d30:	2a00      	cmp	r2, #0
20000d32:	d061      	beq.n	20000df8 <_Unwind_VRS_Pop+0x21c>
20000d34:	4643      	mov	r3, r8
20000d36:	00db      	lsls	r3, r3, #3
20000d38:	18ff      	adds	r7, r7, r3
20000d3a:	2300      	movs	r3, #0
20000d3c:	00d2      	lsls	r2, r2, #3
20000d3e:	58c8      	ldr	r0, [r1, r3]
20000d40:	50f8      	str	r0, [r7, r3]
20000d42:	3304      	adds	r3, #4
20000d44:	429a      	cmp	r2, r3
20000d46:	d1fa      	bne.n	20000d3e <_Unwind_VRS_Pop+0x162>
20000d48:	1889      	adds	r1, r1, r2
20000d4a:	2c00      	cmp	r4, #0
20000d4c:	d00f      	beq.n	20000d6e <_Unwind_VRS_Pop+0x192>
20000d4e:	466f      	mov	r7, sp
20000d50:	4640      	mov	r0, r8
20000d52:	2810      	cmp	r0, #16
20000d54:	d200      	bcs.n	20000d58 <_Unwind_VRS_Pop+0x17c>
20000d56:	2010      	movs	r0, #16
20000d58:	2300      	movs	r3, #0
20000d5a:	3810      	subs	r0, #16
20000d5c:	00c0      	lsls	r0, r0, #3
20000d5e:	1838      	adds	r0, r7, r0
20000d60:	00e2      	lsls	r2, r4, #3
20000d62:	58cf      	ldr	r7, [r1, r3]
20000d64:	50c7      	str	r7, [r0, r3]
20000d66:	3304      	adds	r3, #4
20000d68:	4293      	cmp	r3, r2
20000d6a:	d1fa      	bne.n	20000d62 <_Unwind_VRS_Pop+0x186>
20000d6c:	18c9      	adds	r1, r1, r3
20000d6e:	2e01      	cmp	r6, #1
20000d70:	d041      	beq.n	20000df6 <_Unwind_VRS_Pop+0x21a>
20000d72:	4643      	mov	r3, r8
20000d74:	63a9      	str	r1, [r5, #56]	; 0x38
20000d76:	2b0f      	cmp	r3, #15
20000d78:	d945      	bls.n	20000e06 <_Unwind_VRS_Pop+0x22a>
20000d7a:	2c00      	cmp	r4, #0
20000d7c:	d100      	bne.n	20000d80 <_Unwind_VRS_Pop+0x1a4>
20000d7e:	e77a      	b.n	20000c76 <_Unwind_VRS_Pop+0x9a>
20000d80:	4668      	mov	r0, sp
20000d82:	f000 f87d 	bl	20000e80 <__gnu_Unwind_Restore_VFP_D_16_to_31>
20000d86:	2000      	movs	r0, #0
20000d88:	e77a      	b.n	20000c80 <_Unwind_VRS_Pop+0xa4>
20000d8a:	2c10      	cmp	r4, #16
20000d8c:	d946      	bls.n	20000e1c <_Unwind_VRS_Pop+0x240>
20000d8e:	3c10      	subs	r4, #16
20000d90:	2201      	movs	r2, #1
20000d92:	682b      	ldr	r3, [r5, #0]
20000d94:	421a      	tst	r2, r3
20000d96:	d007      	beq.n	20000da8 <_Unwind_VRS_Pop+0x1cc>
20000d98:	4393      	bics	r3, r2
20000d9a:	2202      	movs	r2, #2
20000d9c:	0028      	movs	r0, r5
20000d9e:	4313      	orrs	r3, r2
20000da0:	602b      	str	r3, [r5, #0]
20000da2:	3048      	adds	r0, #72	; 0x48
20000da4:	f000 f86a 	bl	20000e7c <__gnu_Unwind_Save_VFP_D>
20000da8:	2c00      	cmp	r4, #0
20000daa:	d039      	beq.n	20000e20 <_Unwind_VRS_Pop+0x244>
20000dac:	2204      	movs	r2, #4
20000dae:	682b      	ldr	r3, [r5, #0]
20000db0:	421a      	tst	r2, r3
20000db2:	d12c      	bne.n	20000e0e <_Unwind_VRS_Pop+0x232>
20000db4:	4643      	mov	r3, r8
20000db6:	2b0f      	cmp	r3, #15
20000db8:	d803      	bhi.n	20000dc2 <_Unwind_VRS_Pop+0x1e6>
20000dba:	af20      	add	r7, sp, #128	; 0x80
20000dbc:	0038      	movs	r0, r7
20000dbe:	f000 f85d 	bl	20000e7c <__gnu_Unwind_Save_VFP_D>
20000dc2:	466f      	mov	r7, sp
20000dc4:	0038      	movs	r0, r7
20000dc6:	f000 f85d 	bl	20000e84 <__gnu_Unwind_Save_VFP_D_16_to_31>
20000dca:	2210      	movs	r2, #16
20000dcc:	4643      	mov	r3, r8
20000dce:	6ba9      	ldr	r1, [r5, #56]	; 0x38
20000dd0:	1ad2      	subs	r2, r2, r3
20000dd2:	2a00      	cmp	r2, #0
20000dd4:	ddbc      	ble.n	20000d50 <_Unwind_VRS_Pop+0x174>
20000dd6:	af20      	add	r7, sp, #128	; 0x80
20000dd8:	e7ac      	b.n	20000d34 <_Unwind_VRS_Pop+0x158>
20000dda:	4393      	bics	r3, r2
20000ddc:	6003      	str	r3, [r0, #0]
20000dde:	30d1      	adds	r0, #209	; 0xd1
20000de0:	30ff      	adds	r0, #255	; 0xff
20000de2:	f000 f857 	bl	20000e94 <__gnu_Unwind_Save_WMMXC>
20000de6:	e730      	b.n	20000c4a <_Unwind_VRS_Pop+0x6e>
20000de8:	4393      	bics	r3, r2
20000dea:	6003      	str	r3, [r0, #0]
20000dec:	3051      	adds	r0, #81	; 0x51
20000dee:	30ff      	adds	r0, #255	; 0xff
20000df0:	f000 f84c 	bl	20000e8c <__gnu_Unwind_Save_WMMXD>
20000df4:	e76b      	b.n	20000cce <_Unwind_VRS_Pop+0xf2>
20000df6:	af20      	add	r7, sp, #128	; 0x80
20000df8:	3104      	adds	r1, #4
20000dfa:	0038      	movs	r0, r7
20000dfc:	63a9      	str	r1, [r5, #56]	; 0x38
20000dfe:	f000 f837 	bl	20000e70 <__gnu_Unwind_Restore_VFP>
20000e02:	2000      	movs	r0, #0
20000e04:	e73c      	b.n	20000c80 <_Unwind_VRS_Pop+0xa4>
20000e06:	a820      	add	r0, sp, #128	; 0x80
20000e08:	f000 f836 	bl	20000e78 <__gnu_Unwind_Restore_VFP_D>
20000e0c:	e7b5      	b.n	20000d7a <_Unwind_VRS_Pop+0x19e>
20000e0e:	0028      	movs	r0, r5
20000e10:	4393      	bics	r3, r2
20000e12:	602b      	str	r3, [r5, #0]
20000e14:	30d0      	adds	r0, #208	; 0xd0
20000e16:	f000 f835 	bl	20000e84 <__gnu_Unwind_Save_VFP_D_16_to_31>
20000e1a:	e7cb      	b.n	20000db4 <_Unwind_VRS_Pop+0x1d8>
20000e1c:	2400      	movs	r4, #0
20000e1e:	e7b7      	b.n	20000d90 <_Unwind_VRS_Pop+0x1b4>
20000e20:	4643      	mov	r3, r8
20000e22:	2b0f      	cmp	r3, #15
20000e24:	d900      	bls.n	20000e28 <_Unwind_VRS_Pop+0x24c>
20000e26:	e6fe      	b.n	20000c26 <_Unwind_VRS_Pop+0x4a>
20000e28:	af20      	add	r7, sp, #128	; 0x80
20000e2a:	0038      	movs	r0, r7
20000e2c:	f000 f826 	bl	20000e7c <__gnu_Unwind_Save_VFP_D>
20000e30:	464a      	mov	r2, r9
20000e32:	6ba9      	ldr	r1, [r5, #56]	; 0x38
20000e34:	2a00      	cmp	r2, #0
20000e36:	d000      	beq.n	20000e3a <_Unwind_VRS_Pop+0x25e>
20000e38:	e6fa      	b.n	20000c30 <_Unwind_VRS_Pop+0x54>
20000e3a:	0038      	movs	r0, r7
20000e3c:	f000 f81c 	bl	20000e78 <__gnu_Unwind_Restore_VFP_D>
20000e40:	2000      	movs	r0, #0
20000e42:	e71d      	b.n	20000c80 <_Unwind_VRS_Pop+0xa4>

20000e44 <__restore_core_regs>:
20000e44:	0001      	movs	r1, r0
20000e46:	3134      	adds	r1, #52	; 0x34
20000e48:	c938      	ldmia	r1!, {r3, r4, r5}
20000e4a:	3b04      	subs	r3, #4
20000e4c:	469c      	mov	ip, r3
20000e4e:	601d      	str	r5, [r3, #0]
20000e50:	46a6      	mov	lr, r4
20000e52:	0001      	movs	r1, r0
20000e54:	3120      	adds	r1, #32
20000e56:	c93c      	ldmia	r1!, {r2, r3, r4, r5}
20000e58:	4690      	mov	r8, r2
20000e5a:	4699      	mov	r9, r3
20000e5c:	46a2      	mov	sl, r4
20000e5e:	46ab      	mov	fp, r5
20000e60:	0001      	movs	r1, r0
20000e62:	3108      	adds	r1, #8
20000e64:	c9fc      	ldmia	r1!, {r2, r3, r4, r5, r6, r7}
20000e66:	6841      	ldr	r1, [r0, #4]
20000e68:	6800      	ldr	r0, [r0, #0]
20000e6a:	46e5      	mov	sp, ip
20000e6c:	bd00      	pop	{pc}
20000e6e:	46c0      	nop			; (mov r8, r8)

20000e70 <__gnu_Unwind_Restore_VFP>:
20000e70:	4770      	bx	lr
20000e72:	46c0      	nop			; (mov r8, r8)

20000e74 <__gnu_Unwind_Save_VFP>:
20000e74:	4770      	bx	lr
20000e76:	46c0      	nop			; (mov r8, r8)

20000e78 <__gnu_Unwind_Restore_VFP_D>:
20000e78:	4770      	bx	lr
20000e7a:	46c0      	nop			; (mov r8, r8)

20000e7c <__gnu_Unwind_Save_VFP_D>:
20000e7c:	4770      	bx	lr
20000e7e:	46c0      	nop			; (mov r8, r8)

20000e80 <__gnu_Unwind_Restore_VFP_D_16_to_31>:
20000e80:	4770      	bx	lr
20000e82:	46c0      	nop			; (mov r8, r8)

20000e84 <__gnu_Unwind_Save_VFP_D_16_to_31>:
20000e84:	4770      	bx	lr
20000e86:	46c0      	nop			; (mov r8, r8)

20000e88 <__gnu_Unwind_Restore_WMMXD>:
20000e88:	4770      	bx	lr
20000e8a:	46c0      	nop			; (mov r8, r8)

20000e8c <__gnu_Unwind_Save_WMMXD>:
20000e8c:	4770      	bx	lr
20000e8e:	46c0      	nop			; (mov r8, r8)

20000e90 <__gnu_Unwind_Restore_WMMXC>:
20000e90:	4770      	bx	lr
20000e92:	46c0      	nop			; (mov r8, r8)

20000e94 <__gnu_Unwind_Save_WMMXC>:
20000e94:	4770      	bx	lr
20000e96:	46c0      	nop			; (mov r8, r8)

20000e98 <_Unwind_RaiseException>:
20000e98:	b401      	push	{r0}
20000e9a:	a801      	add	r0, sp, #4
20000e9c:	b501      	push	{r0, lr}
20000e9e:	b085      	sub	sp, #20
20000ea0:	b4ff      	push	{r0, r1, r2, r3, r4, r5, r6, r7}
20000ea2:	a808      	add	r0, sp, #32
20000ea4:	4641      	mov	r1, r8
20000ea6:	464a      	mov	r2, r9
20000ea8:	4653      	mov	r3, sl
20000eaa:	465c      	mov	r4, fp
20000eac:	4665      	mov	r5, ip
20000eae:	c03e      	stmia	r0!, {r1, r2, r3, r4, r5}
20000eb0:	a801      	add	r0, sp, #4
20000eb2:	c83e      	ldmia	r0!, {r1, r2, r3, r4, r5}
20000eb4:	980f      	ldr	r0, [sp, #60]	; 0x3c
20000eb6:	9000      	str	r0, [sp, #0]
20000eb8:	2300      	movs	r3, #0
20000eba:	b40c      	push	{r2, r3}
20000ebc:	a901      	add	r1, sp, #4
20000ebe:	f7ff fc11 	bl	200006e4 <__gnu_Unwind_RaiseException>
20000ec2:	9b10      	ldr	r3, [sp, #64]	; 0x40
20000ec4:	b012      	add	sp, #72	; 0x48
20000ec6:	4718      	bx	r3

20000ec8 <_Unwind_Resume>:
20000ec8:	b401      	push	{r0}
20000eca:	a801      	add	r0, sp, #4
20000ecc:	b501      	push	{r0, lr}
20000ece:	b085      	sub	sp, #20
20000ed0:	b4ff      	push	{r0, r1, r2, r3, r4, r5, r6, r7}
20000ed2:	a808      	add	r0, sp, #32
20000ed4:	4641      	mov	r1, r8
20000ed6:	464a      	mov	r2, r9
20000ed8:	4653      	mov	r3, sl
20000eda:	465c      	mov	r4, fp
20000edc:	4665      	mov	r5, ip
20000ede:	c03e      	stmia	r0!, {r1, r2, r3, r4, r5}
20000ee0:	a801      	add	r0, sp, #4
20000ee2:	c83e      	ldmia	r0!, {r1, r2, r3, r4, r5}
20000ee4:	980f      	ldr	r0, [sp, #60]	; 0x3c
20000ee6:	9000      	str	r0, [sp, #0]
20000ee8:	2300      	movs	r3, #0
20000eea:	b40c      	push	{r2, r3}
20000eec:	a901      	add	r1, sp, #4
20000eee:	f7ff fc2d 	bl	2000074c <__gnu_Unwind_Resume>
20000ef2:	9b10      	ldr	r3, [sp, #64]	; 0x40
20000ef4:	b012      	add	sp, #72	; 0x48
20000ef6:	4718      	bx	r3

20000ef8 <_Unwind_Resume_or_Rethrow>:
20000ef8:	b401      	push	{r0}
20000efa:	a801      	add	r0, sp, #4
20000efc:	b501      	push	{r0, lr}
20000efe:	b085      	sub	sp, #20
20000f00:	b4ff      	push	{r0, r1, r2, r3, r4, r5, r6, r7}
20000f02:	a808      	add	r0, sp, #32
20000f04:	4641      	mov	r1, r8
20000f06:	464a      	mov	r2, r9
20000f08:	4653      	mov	r3, sl
20000f0a:	465c      	mov	r4, fp
20000f0c:	4665      	mov	r5, ip
20000f0e:	c03e      	stmia	r0!, {r1, r2, r3, r4, r5}
20000f10:	a801      	add	r0, sp, #4
20000f12:	c83e      	ldmia	r0!, {r1, r2, r3, r4, r5}
20000f14:	980f      	ldr	r0, [sp, #60]	; 0x3c
20000f16:	9000      	str	r0, [sp, #0]
20000f18:	2300      	movs	r3, #0
20000f1a:	b40c      	push	{r2, r3}
20000f1c:	a901      	add	r1, sp, #4
20000f1e:	f7ff fc39 	bl	20000794 <__gnu_Unwind_Resume_or_Rethrow>
20000f22:	9b10      	ldr	r3, [sp, #64]	; 0x40
20000f24:	b012      	add	sp, #72	; 0x48
20000f26:	4718      	bx	r3

20000f28 <_Unwind_ForcedUnwind>:
20000f28:	b401      	push	{r0}
20000f2a:	a801      	add	r0, sp, #4
20000f2c:	b501      	push	{r0, lr}
20000f2e:	b085      	sub	sp, #20
20000f30:	b4ff      	push	{r0, r1, r2, r3, r4, r5, r6, r7}
20000f32:	a808      	add	r0, sp, #32
20000f34:	4641      	mov	r1, r8
20000f36:	464a      	mov	r2, r9
20000f38:	4653      	mov	r3, sl
20000f3a:	465c      	mov	r4, fp
20000f3c:	4665      	mov	r5, ip
20000f3e:	c03e      	stmia	r0!, {r1, r2, r3, r4, r5}
20000f40:	a801      	add	r0, sp, #4
20000f42:	c83e      	ldmia	r0!, {r1, r2, r3, r4, r5}
20000f44:	980f      	ldr	r0, [sp, #60]	; 0x3c
20000f46:	9000      	str	r0, [sp, #0]
20000f48:	2300      	movs	r3, #0
20000f4a:	b40c      	push	{r2, r3}
20000f4c:	ab01      	add	r3, sp, #4
20000f4e:	f7ff fbf3 	bl	20000738 <__gnu_Unwind_ForcedUnwind>
20000f52:	9b10      	ldr	r3, [sp, #64]	; 0x40
20000f54:	b012      	add	sp, #72	; 0x48
20000f56:	4718      	bx	r3

20000f58 <_Unwind_Backtrace>:
20000f58:	b401      	push	{r0}
20000f5a:	a801      	add	r0, sp, #4
20000f5c:	b501      	push	{r0, lr}
20000f5e:	b085      	sub	sp, #20
20000f60:	b4ff      	push	{r0, r1, r2, r3, r4, r5, r6, r7}
20000f62:	a808      	add	r0, sp, #32
20000f64:	4641      	mov	r1, r8
20000f66:	464a      	mov	r2, r9
20000f68:	4653      	mov	r3, sl
20000f6a:	465c      	mov	r4, fp
20000f6c:	4665      	mov	r5, ip
20000f6e:	c03e      	stmia	r0!, {r1, r2, r3, r4, r5}
20000f70:	a801      	add	r0, sp, #4
20000f72:	c83e      	ldmia	r0!, {r1, r2, r3, r4, r5}
20000f74:	980f      	ldr	r0, [sp, #60]	; 0x3c
20000f76:	9000      	str	r0, [sp, #0]
20000f78:	2300      	movs	r3, #0
20000f7a:	b40c      	push	{r2, r3}
20000f7c:	aa01      	add	r2, sp, #4
20000f7e:	f7ff fc6d 	bl	2000085c <__gnu_Unwind_Backtrace>
20000f82:	9b10      	ldr	r3, [sp, #64]	; 0x40
20000f84:	b012      	add	sp, #72	; 0x48
20000f86:	4718      	bx	r3

20000f88 <next_unwind_byte>:
20000f88:	7a02      	ldrb	r2, [r0, #8]
20000f8a:	0003      	movs	r3, r0
20000f8c:	2a00      	cmp	r2, #0
20000f8e:	d10b      	bne.n	20000fa8 <next_unwind_byte+0x20>
20000f90:	7a42      	ldrb	r2, [r0, #9]
20000f92:	2a00      	cmp	r2, #0
20000f94:	d00f      	beq.n	20000fb6 <next_unwind_byte+0x2e>
20000f96:	3a01      	subs	r2, #1
20000f98:	7242      	strb	r2, [r0, #9]
20000f9a:	6842      	ldr	r2, [r0, #4]
20000f9c:	1d11      	adds	r1, r2, #4
20000f9e:	6041      	str	r1, [r0, #4]
20000fa0:	2103      	movs	r1, #3
20000fa2:	6812      	ldr	r2, [r2, #0]
20000fa4:	7201      	strb	r1, [r0, #8]
20000fa6:	e002      	b.n	20000fae <next_unwind_byte+0x26>
20000fa8:	3a01      	subs	r2, #1
20000faa:	7202      	strb	r2, [r0, #8]
20000fac:	6802      	ldr	r2, [r0, #0]
20000fae:	0e10      	lsrs	r0, r2, #24
20000fb0:	0212      	lsls	r2, r2, #8
20000fb2:	601a      	str	r2, [r3, #0]
20000fb4:	4770      	bx	lr
20000fb6:	20b0      	movs	r0, #176	; 0xb0
20000fb8:	e7fc      	b.n	20000fb4 <next_unwind_byte+0x2c>
20000fba:	46c0      	nop			; (mov r8, r8)

20000fbc <_Unwind_GetGR.constprop.0>:
20000fbc:	b500      	push	{lr}
20000fbe:	b085      	sub	sp, #20
20000fc0:	ab03      	add	r3, sp, #12
20000fc2:	9300      	str	r3, [sp, #0]
20000fc4:	220c      	movs	r2, #12
20000fc6:	2300      	movs	r3, #0
20000fc8:	2100      	movs	r1, #0
20000fca:	f7ff fbfb 	bl	200007c4 <_Unwind_VRS_Get>
20000fce:	9803      	ldr	r0, [sp, #12]
20000fd0:	b005      	add	sp, #20
20000fd2:	bd00      	pop	{pc}

20000fd4 <unwind_UCB_from_context>:
20000fd4:	b510      	push	{r4, lr}
20000fd6:	f7ff fff1 	bl	20000fbc <_Unwind_GetGR.constprop.0>
20000fda:	bd10      	pop	{r4, pc}

20000fdc <__gnu_unwind_execute>:
20000fdc:	b5f0      	push	{r4, r5, r6, r7, lr}
20000fde:	464e      	mov	r6, r9
20000fe0:	4645      	mov	r5, r8
20000fe2:	4657      	mov	r7, sl
20000fe4:	46de      	mov	lr, fp
20000fe6:	2300      	movs	r3, #0
20000fe8:	b5e0      	push	{r5, r6, r7, lr}
20000fea:	b087      	sub	sp, #28
20000fec:	9303      	str	r3, [sp, #12]
20000fee:	330f      	adds	r3, #15
20000ff0:	4698      	mov	r8, r3
20000ff2:	3b08      	subs	r3, #8
20000ff4:	4699      	mov	r9, r3
20000ff6:	2380      	movs	r3, #128	; 0x80
20000ff8:	031b      	lsls	r3, r3, #12
20000ffa:	0005      	movs	r5, r0
20000ffc:	000e      	movs	r6, r1
20000ffe:	469a      	mov	sl, r3
20001000:	0030      	movs	r0, r6
20001002:	f7ff ffc1 	bl	20000f88 <next_unwind_byte>
20001006:	0004      	movs	r4, r0
20001008:	28b0      	cmp	r0, #176	; 0xb0
2000100a:	d100      	bne.n	2000100e <__gnu_unwind_execute+0x32>
2000100c:	e0c1      	b.n	20001192 <__gnu_unwind_execute+0x1b6>
2000100e:	0603      	lsls	r3, r0, #24
20001010:	d529      	bpl.n	20001066 <__gnu_unwind_execute+0x8a>
20001012:	0003      	movs	r3, r0
20001014:	4642      	mov	r2, r8
20001016:	4393      	bics	r3, r2
20001018:	b2db      	uxtb	r3, r3
2000101a:	2b80      	cmp	r3, #128	; 0x80
2000101c:	d053      	beq.n	200010c6 <__gnu_unwind_execute+0xea>
2000101e:	2b90      	cmp	r3, #144	; 0x90
20001020:	d03d      	beq.n	2000109e <__gnu_unwind_execute+0xc2>
20001022:	2ba0      	cmp	r3, #160	; 0xa0
20001024:	d06b      	beq.n	200010fe <__gnu_unwind_execute+0x122>
20001026:	2bb0      	cmp	r3, #176	; 0xb0
20001028:	d100      	bne.n	2000102c <__gnu_unwind_execute+0x50>
2000102a:	e07e      	b.n	2000112a <__gnu_unwind_execute+0x14e>
2000102c:	2bc0      	cmp	r3, #192	; 0xc0
2000102e:	d100      	bne.n	20001032 <__gnu_unwind_execute+0x56>
20001030:	e095      	b.n	2000115e <__gnu_unwind_execute+0x182>
20001032:	0003      	movs	r3, r0
20001034:	464a      	mov	r2, r9
20001036:	4393      	bics	r3, r2
20001038:	b2db      	uxtb	r3, r3
2000103a:	2bd0      	cmp	r3, #208	; 0xd0
2000103c:	d10a      	bne.n	20001054 <__gnu_unwind_execute+0x78>
2000103e:	4653      	mov	r3, sl
20001040:	4002      	ands	r2, r0
20001042:	3201      	adds	r2, #1
20001044:	431a      	orrs	r2, r3
20001046:	2305      	movs	r3, #5
20001048:	2101      	movs	r1, #1
2000104a:	0028      	movs	r0, r5
2000104c:	f7ff fdc6 	bl	20000bdc <_Unwind_VRS_Pop>
20001050:	2800      	cmp	r0, #0
20001052:	d0d5      	beq.n	20001000 <__gnu_unwind_execute+0x24>
20001054:	2409      	movs	r4, #9
20001056:	0020      	movs	r0, r4
20001058:	b007      	add	sp, #28
2000105a:	bcf0      	pop	{r4, r5, r6, r7}
2000105c:	46bb      	mov	fp, r7
2000105e:	46b2      	mov	sl, r6
20001060:	46a9      	mov	r9, r5
20001062:	46a0      	mov	r8, r4
20001064:	bdf0      	pop	{r4, r5, r6, r7, pc}
20001066:	23ff      	movs	r3, #255	; 0xff
20001068:	0082      	lsls	r2, r0, #2
2000106a:	4013      	ands	r3, r2
2000106c:	1d1f      	adds	r7, r3, #4
2000106e:	ab05      	add	r3, sp, #20
20001070:	469b      	mov	fp, r3
20001072:	9300      	str	r3, [sp, #0]
20001074:	220d      	movs	r2, #13
20001076:	2300      	movs	r3, #0
20001078:	2100      	movs	r1, #0
2000107a:	0028      	movs	r0, r5
2000107c:	f7ff fba2 	bl	200007c4 <_Unwind_VRS_Get>
20001080:	0663      	lsls	r3, r4, #25
20001082:	d439      	bmi.n	200010f8 <__gnu_unwind_execute+0x11c>
20001084:	9b05      	ldr	r3, [sp, #20]
20001086:	469c      	mov	ip, r3
20001088:	4467      	add	r7, ip
2000108a:	465b      	mov	r3, fp
2000108c:	9705      	str	r7, [sp, #20]
2000108e:	9300      	str	r3, [sp, #0]
20001090:	2300      	movs	r3, #0
20001092:	220d      	movs	r2, #13
20001094:	2100      	movs	r1, #0
20001096:	0028      	movs	r0, r5
20001098:	f7ff fbba 	bl	20000810 <_Unwind_VRS_Set>
2000109c:	e7b0      	b.n	20001000 <__gnu_unwind_execute+0x24>
2000109e:	3b83      	subs	r3, #131	; 0x83
200010a0:	4003      	ands	r3, r0
200010a2:	2b0d      	cmp	r3, #13
200010a4:	d0d6      	beq.n	20001054 <__gnu_unwind_execute+0x78>
200010a6:	af05      	add	r7, sp, #20
200010a8:	4002      	ands	r2, r0
200010aa:	2300      	movs	r3, #0
200010ac:	2100      	movs	r1, #0
200010ae:	0028      	movs	r0, r5
200010b0:	9700      	str	r7, [sp, #0]
200010b2:	f7ff fb87 	bl	200007c4 <_Unwind_VRS_Get>
200010b6:	2300      	movs	r3, #0
200010b8:	220d      	movs	r2, #13
200010ba:	2100      	movs	r1, #0
200010bc:	0028      	movs	r0, r5
200010be:	9700      	str	r7, [sp, #0]
200010c0:	f7ff fba6 	bl	20000810 <_Unwind_VRS_Set>
200010c4:	e79c      	b.n	20001000 <__gnu_unwind_execute+0x24>
200010c6:	0204      	lsls	r4, r0, #8
200010c8:	0030      	movs	r0, r6
200010ca:	f7ff ff5d 	bl	20000f88 <next_unwind_byte>
200010ce:	2780      	movs	r7, #128	; 0x80
200010d0:	4320      	orrs	r0, r4
200010d2:	023f      	lsls	r7, r7, #8
200010d4:	42b8      	cmp	r0, r7
200010d6:	d0bd      	beq.n	20001054 <__gnu_unwind_execute+0x78>
200010d8:	0104      	lsls	r4, r0, #4
200010da:	0500      	lsls	r0, r0, #20
200010dc:	0c02      	lsrs	r2, r0, #16
200010de:	2300      	movs	r3, #0
200010e0:	2100      	movs	r1, #0
200010e2:	0028      	movs	r0, r5
200010e4:	f7ff fd7a 	bl	20000bdc <_Unwind_VRS_Pop>
200010e8:	2800      	cmp	r0, #0
200010ea:	d1b3      	bne.n	20001054 <__gnu_unwind_execute+0x78>
200010ec:	423c      	tst	r4, r7
200010ee:	d100      	bne.n	200010f2 <__gnu_unwind_execute+0x116>
200010f0:	e786      	b.n	20001000 <__gnu_unwind_execute+0x24>
200010f2:	2301      	movs	r3, #1
200010f4:	9303      	str	r3, [sp, #12]
200010f6:	e783      	b.n	20001000 <__gnu_unwind_execute+0x24>
200010f8:	9b05      	ldr	r3, [sp, #20]
200010fa:	1bdf      	subs	r7, r3, r7
200010fc:	e7c5      	b.n	2000108a <__gnu_unwind_execute+0xae>
200010fe:	23ff      	movs	r3, #255	; 0xff
20001100:	464a      	mov	r2, r9
20001102:	011b      	lsls	r3, r3, #4
20001104:	0019      	movs	r1, r3
20001106:	4382      	bics	r2, r0
20001108:	4111      	asrs	r1, r2
2000110a:	000a      	movs	r2, r1
2000110c:	401a      	ands	r2, r3
2000110e:	0703      	lsls	r3, r0, #28
20001110:	d502      	bpl.n	20001118 <__gnu_unwind_execute+0x13c>
20001112:	2380      	movs	r3, #128	; 0x80
20001114:	01db      	lsls	r3, r3, #7
20001116:	431a      	orrs	r2, r3
20001118:	2300      	movs	r3, #0
2000111a:	2100      	movs	r1, #0
2000111c:	0028      	movs	r0, r5
2000111e:	f7ff fd5d 	bl	20000bdc <_Unwind_VRS_Pop>
20001122:	2800      	cmp	r0, #0
20001124:	d100      	bne.n	20001128 <__gnu_unwind_execute+0x14c>
20001126:	e76b      	b.n	20001000 <__gnu_unwind_execute+0x24>
20001128:	e794      	b.n	20001054 <__gnu_unwind_execute+0x78>
2000112a:	28b1      	cmp	r0, #177	; 0xb1
2000112c:	d045      	beq.n	200011ba <__gnu_unwind_execute+0x1de>
2000112e:	28b2      	cmp	r0, #178	; 0xb2
20001130:	d100      	bne.n	20001134 <__gnu_unwind_execute+0x158>
20001132:	e09f      	b.n	20001274 <__gnu_unwind_execute+0x298>
20001134:	28b3      	cmp	r0, #179	; 0xb3
20001136:	d055      	beq.n	200011e4 <__gnu_unwind_execute+0x208>
20001138:	23fc      	movs	r3, #252	; 0xfc
2000113a:	4003      	ands	r3, r0
2000113c:	2bb4      	cmp	r3, #180	; 0xb4
2000113e:	d100      	bne.n	20001142 <__gnu_unwind_execute+0x166>
20001140:	e788      	b.n	20001054 <__gnu_unwind_execute+0x78>
20001142:	464a      	mov	r2, r9
20001144:	4653      	mov	r3, sl
20001146:	4002      	ands	r2, r0
20001148:	3201      	adds	r2, #1
2000114a:	431a      	orrs	r2, r3
2000114c:	2101      	movs	r1, #1
2000114e:	2301      	movs	r3, #1
20001150:	0028      	movs	r0, r5
20001152:	f7ff fd43 	bl	20000bdc <_Unwind_VRS_Pop>
20001156:	2800      	cmp	r0, #0
20001158:	d100      	bne.n	2000115c <__gnu_unwind_execute+0x180>
2000115a:	e751      	b.n	20001000 <__gnu_unwind_execute+0x24>
2000115c:	e77a      	b.n	20001054 <__gnu_unwind_execute+0x78>
2000115e:	28c6      	cmp	r0, #198	; 0xc6
20001160:	d04b      	beq.n	200011fa <__gnu_unwind_execute+0x21e>
20001162:	28c7      	cmp	r0, #199	; 0xc7
20001164:	d05d      	beq.n	20001222 <__gnu_unwind_execute+0x246>
20001166:	0003      	movs	r3, r0
20001168:	464a      	mov	r2, r9
2000116a:	4393      	bics	r3, r2
2000116c:	b2db      	uxtb	r3, r3
2000116e:	2bc0      	cmp	r3, #192	; 0xc0
20001170:	d06c      	beq.n	2000124c <__gnu_unwind_execute+0x270>
20001172:	28c8      	cmp	r0, #200	; 0xc8
20001174:	d071      	beq.n	2000125a <__gnu_unwind_execute+0x27e>
20001176:	28c9      	cmp	r0, #201	; 0xc9
20001178:	d000      	beq.n	2000117c <__gnu_unwind_execute+0x1a0>
2000117a:	e76b      	b.n	20001054 <__gnu_unwind_execute+0x78>
2000117c:	0030      	movs	r0, r6
2000117e:	f7ff ff03 	bl	20000f88 <next_unwind_byte>
20001182:	23f0      	movs	r3, #240	; 0xf0
20001184:	0302      	lsls	r2, r0, #12
20001186:	031b      	lsls	r3, r3, #12
20001188:	4013      	ands	r3, r2
2000118a:	4642      	mov	r2, r8
2000118c:	4002      	ands	r2, r0
2000118e:	3201      	adds	r2, #1
20001190:	e758      	b.n	20001044 <__gnu_unwind_execute+0x68>
20001192:	9b03      	ldr	r3, [sp, #12]
20001194:	2400      	movs	r4, #0
20001196:	2b00      	cmp	r3, #0
20001198:	d000      	beq.n	2000119c <__gnu_unwind_execute+0x1c0>
2000119a:	e75c      	b.n	20001056 <__gnu_unwind_execute+0x7a>
2000119c:	ae05      	add	r6, sp, #20
2000119e:	220e      	movs	r2, #14
200011a0:	2100      	movs	r1, #0
200011a2:	0028      	movs	r0, r5
200011a4:	9600      	str	r6, [sp, #0]
200011a6:	f7ff fb0d 	bl	200007c4 <_Unwind_VRS_Get>
200011aa:	2300      	movs	r3, #0
200011ac:	220f      	movs	r2, #15
200011ae:	2100      	movs	r1, #0
200011b0:	0028      	movs	r0, r5
200011b2:	9600      	str	r6, [sp, #0]
200011b4:	f7ff fb2c 	bl	20000810 <_Unwind_VRS_Set>
200011b8:	e74d      	b.n	20001056 <__gnu_unwind_execute+0x7a>
200011ba:	0030      	movs	r0, r6
200011bc:	f7ff fee4 	bl	20000f88 <next_unwind_byte>
200011c0:	1e02      	subs	r2, r0, #0
200011c2:	d100      	bne.n	200011c6 <__gnu_unwind_execute+0x1ea>
200011c4:	e746      	b.n	20001054 <__gnu_unwind_execute+0x78>
200011c6:	0003      	movs	r3, r0
200011c8:	4641      	mov	r1, r8
200011ca:	438b      	bics	r3, r1
200011cc:	b2db      	uxtb	r3, r3
200011ce:	2b00      	cmp	r3, #0
200011d0:	d000      	beq.n	200011d4 <__gnu_unwind_execute+0x1f8>
200011d2:	e73f      	b.n	20001054 <__gnu_unwind_execute+0x78>
200011d4:	2100      	movs	r1, #0
200011d6:	0028      	movs	r0, r5
200011d8:	f7ff fd00 	bl	20000bdc <_Unwind_VRS_Pop>
200011dc:	2800      	cmp	r0, #0
200011de:	d100      	bne.n	200011e2 <__gnu_unwind_execute+0x206>
200011e0:	e70e      	b.n	20001000 <__gnu_unwind_execute+0x24>
200011e2:	e737      	b.n	20001054 <__gnu_unwind_execute+0x78>
200011e4:	0030      	movs	r0, r6
200011e6:	f7ff fecf 	bl	20000f88 <next_unwind_byte>
200011ea:	23f0      	movs	r3, #240	; 0xf0
200011ec:	0302      	lsls	r2, r0, #12
200011ee:	031b      	lsls	r3, r3, #12
200011f0:	4013      	ands	r3, r2
200011f2:	4642      	mov	r2, r8
200011f4:	4002      	ands	r2, r0
200011f6:	3201      	adds	r2, #1
200011f8:	e7a7      	b.n	2000114a <__gnu_unwind_execute+0x16e>
200011fa:	0030      	movs	r0, r6
200011fc:	f7ff fec4 	bl	20000f88 <next_unwind_byte>
20001200:	23f0      	movs	r3, #240	; 0xf0
20001202:	0302      	lsls	r2, r0, #12
20001204:	031b      	lsls	r3, r3, #12
20001206:	4013      	ands	r3, r2
20001208:	4642      	mov	r2, r8
2000120a:	4002      	ands	r2, r0
2000120c:	3201      	adds	r2, #1
2000120e:	431a      	orrs	r2, r3
20001210:	2303      	movs	r3, #3
20001212:	2103      	movs	r1, #3
20001214:	0028      	movs	r0, r5
20001216:	f7ff fce1 	bl	20000bdc <_Unwind_VRS_Pop>
2000121a:	2800      	cmp	r0, #0
2000121c:	d100      	bne.n	20001220 <__gnu_unwind_execute+0x244>
2000121e:	e6ef      	b.n	20001000 <__gnu_unwind_execute+0x24>
20001220:	e718      	b.n	20001054 <__gnu_unwind_execute+0x78>
20001222:	0030      	movs	r0, r6
20001224:	f7ff feb0 	bl	20000f88 <next_unwind_byte>
20001228:	1e02      	subs	r2, r0, #0
2000122a:	d100      	bne.n	2000122e <__gnu_unwind_execute+0x252>
2000122c:	e712      	b.n	20001054 <__gnu_unwind_execute+0x78>
2000122e:	0003      	movs	r3, r0
20001230:	4641      	mov	r1, r8
20001232:	438b      	bics	r3, r1
20001234:	b2db      	uxtb	r3, r3
20001236:	2b00      	cmp	r3, #0
20001238:	d000      	beq.n	2000123c <__gnu_unwind_execute+0x260>
2000123a:	e70b      	b.n	20001054 <__gnu_unwind_execute+0x78>
2000123c:	2104      	movs	r1, #4
2000123e:	0028      	movs	r0, r5
20001240:	f7ff fccc 	bl	20000bdc <_Unwind_VRS_Pop>
20001244:	2800      	cmp	r0, #0
20001246:	d100      	bne.n	2000124a <__gnu_unwind_execute+0x26e>
20001248:	e6da      	b.n	20001000 <__gnu_unwind_execute+0x24>
2000124a:	e703      	b.n	20001054 <__gnu_unwind_execute+0x78>
2000124c:	4643      	mov	r3, r8
2000124e:	22a0      	movs	r2, #160	; 0xa0
20001250:	401c      	ands	r4, r3
20001252:	3401      	adds	r4, #1
20001254:	0312      	lsls	r2, r2, #12
20001256:	4322      	orrs	r2, r4
20001258:	e7da      	b.n	20001210 <__gnu_unwind_execute+0x234>
2000125a:	0030      	movs	r0, r6
2000125c:	f7ff fe94 	bl	20000f88 <next_unwind_byte>
20001260:	4643      	mov	r3, r8
20001262:	0002      	movs	r2, r0
20001264:	439a      	bics	r2, r3
20001266:	b2d2      	uxtb	r2, r2
20001268:	3210      	adds	r2, #16
2000126a:	4018      	ands	r0, r3
2000126c:	0312      	lsls	r2, r2, #12
2000126e:	3001      	adds	r0, #1
20001270:	4302      	orrs	r2, r0
20001272:	e6e8      	b.n	20001046 <__gnu_unwind_execute+0x6a>
20001274:	ab05      	add	r3, sp, #20
20001276:	9300      	str	r3, [sp, #0]
20001278:	469b      	mov	fp, r3
2000127a:	220d      	movs	r2, #13
2000127c:	2300      	movs	r3, #0
2000127e:	2100      	movs	r1, #0
20001280:	0028      	movs	r0, r5
20001282:	f7ff fa9f 	bl	200007c4 <_Unwind_VRS_Get>
20001286:	0030      	movs	r0, r6
20001288:	f7ff fe7e 	bl	20000f88 <next_unwind_byte>
2000128c:	0603      	lsls	r3, r0, #24
2000128e:	d51a      	bpl.n	200012c6 <__gnu_unwind_execute+0x2ea>
20001290:	277f      	movs	r7, #127	; 0x7f
20001292:	3cb0      	subs	r4, #176	; 0xb0
20001294:	9b05      	ldr	r3, [sp, #20]
20001296:	4038      	ands	r0, r7
20001298:	40a0      	lsls	r0, r4
2000129a:	469c      	mov	ip, r3
2000129c:	4460      	add	r0, ip
2000129e:	9005      	str	r0, [sp, #20]
200012a0:	0030      	movs	r0, r6
200012a2:	3407      	adds	r4, #7
200012a4:	f7ff fe70 	bl	20000f88 <next_unwind_byte>
200012a8:	0603      	lsls	r3, r0, #24
200012aa:	d4f3      	bmi.n	20001294 <__gnu_unwind_execute+0x2b8>
200012ac:	2181      	movs	r1, #129	; 0x81
200012ae:	237f      	movs	r3, #127	; 0x7f
200012b0:	0089      	lsls	r1, r1, #2
200012b2:	468c      	mov	ip, r1
200012b4:	4003      	ands	r3, r0
200012b6:	40a3      	lsls	r3, r4
200012b8:	9a05      	ldr	r2, [sp, #20]
200012ba:	4462      	add	r2, ip
200012bc:	189b      	adds	r3, r3, r2
200012be:	9305      	str	r3, [sp, #20]
200012c0:	465b      	mov	r3, fp
200012c2:	9300      	str	r3, [sp, #0]
200012c4:	e6e4      	b.n	20001090 <__gnu_unwind_execute+0xb4>
200012c6:	2402      	movs	r4, #2
200012c8:	e7f0      	b.n	200012ac <__gnu_unwind_execute+0x2d0>
200012ca:	46c0      	nop			; (mov r8, r8)

200012cc <__gnu_unwind_frame>:
200012cc:	0003      	movs	r3, r0
200012ce:	b500      	push	{lr}
200012d0:	6cda      	ldr	r2, [r3, #76]	; 0x4c
200012d2:	b085      	sub	sp, #20
200012d4:	6853      	ldr	r3, [r2, #4]
200012d6:	0008      	movs	r0, r1
200012d8:	3208      	adds	r2, #8
200012da:	0219      	lsls	r1, r3, #8
200012dc:	9101      	str	r1, [sp, #4]
200012de:	9202      	str	r2, [sp, #8]
200012e0:	4669      	mov	r1, sp
200012e2:	2203      	movs	r2, #3
200012e4:	0e1b      	lsrs	r3, r3, #24
200012e6:	730a      	strb	r2, [r1, #12]
200012e8:	734b      	strb	r3, [r1, #13]
200012ea:	a901      	add	r1, sp, #4
200012ec:	f7ff fe76 	bl	20000fdc <__gnu_unwind_execute>
200012f0:	b005      	add	sp, #20
200012f2:	bd00      	pop	{pc}

200012f4 <_Unwind_GetRegionStart>:
200012f4:	b510      	push	{r4, lr}
200012f6:	f7ff fe6d 	bl	20000fd4 <unwind_UCB_from_context>
200012fa:	6c80      	ldr	r0, [r0, #72]	; 0x48
200012fc:	bd10      	pop	{r4, pc}
200012fe:	46c0      	nop			; (mov r8, r8)

20001300 <_Unwind_GetLanguageSpecificData>:
20001300:	b510      	push	{r4, lr}
20001302:	f7ff fe67 	bl	20000fd4 <unwind_UCB_from_context>
20001306:	6cc2      	ldr	r2, [r0, #76]	; 0x4c
20001308:	79d0      	ldrb	r0, [r2, #7]
2000130a:	3002      	adds	r0, #2
2000130c:	0080      	lsls	r0, r0, #2
2000130e:	1810      	adds	r0, r2, r0
20001310:	bd10      	pop	{r4, pc}
20001312:	46c0      	nop			; (mov r8, r8)
20001314:	0000      	movs	r0, r0
	...

20001318 <__time_us_64_veneer>:
20001318:	b401      	push	{r0}
2000131a:	4802      	ldr	r0, [pc, #8]	; (20001324 <__time_us_64_veneer+0xc>)
2000131c:	4684      	mov	ip, r0
2000131e:	bc01      	pop	{r0}
20001320:	4760      	bx	ip
20001322:	bf00      	nop
20001324:	10001719 	.word	0x10001719

20001328 <____wrap___aeabi_lmul_veneer>:
20001328:	b401      	push	{r0}
2000132a:	4802      	ldr	r0, [pc, #8]	; (20001334 <____wrap___aeabi_lmul_veneer+0xc>)
2000132c:	4684      	mov	ip, r0
2000132e:	bc01      	pop	{r0}
20001330:	4760      	bx	ip
20001332:	bf00      	nop
20001334:	10003ff5 	.word	0x10003ff5

20001338 <__best_effort_wfe_or_timeout_veneer>:
20001338:	b401      	push	{r0}
2000133a:	4802      	ldr	r0, [pc, #8]	; (20001344 <__best_effort_wfe_or_timeout_veneer+0xc>)
2000133c:	4684      	mov	ip, r0
2000133e:	bc01      	pop	{r0}
20001340:	4760      	bx	ip
20001342:	bf00      	nop
20001344:	10001575 	.word	0x10001575

20001348 <____wrap_memcpy_veneer>:
20001348:	b401      	push	{r0}
2000134a:	4802      	ldr	r0, [pc, #8]	; (20001354 <____wrap_memcpy_veneer+0xc>)
2000134c:	4684      	mov	ip, r0
2000134e:	bc01      	pop	{r0}
20001350:	4760      	bx	ip
20001352:	bf00      	nop
20001354:	100040ad 	.word	0x100040ad

20001358 <__abort_veneer>:
20001358:	b401      	push	{r0}
2000135a:	4802      	ldr	r0, [pc, #8]	; (20001364 <__abort_veneer+0xc>)
2000135c:	4684      	mov	ip, r0
2000135e:	bc01      	pop	{r0}
20001360:	4760      	bx	ip
20001362:	bf00      	nop
20001364:	10007ab1 	.word	0x10007ab1

20001368 <striped_spin_lock_num>:
20001368:	00000010                                ....

2000136c <irq_handler_chain_slots>:
2000136c:	00000000 	.word	0x00000000
20001370:	00010000 	.word	0x00010000
	...
2000137c:	00020000 	.word	0x00020000
	...
20001388:	00030000 	.word	0x00030000
	...
20001394:	00ff0000 	.word	0x00ff0000
20001398:	00000000 	.word	0x00000000

2000139c <irq_handler_chain_first_slot>:
2000139c:	b500      	push	{lr}
2000139e:	6848      	ldr	r0, [r1, #4]
200013a0:	3101      	adds	r1, #1
200013a2:	468e      	mov	lr, r1
200013a4:	4700      	bx	r0

200013a6 <irq_handler_chain_remove_tail>:
200013a6:	4670      	mov	r0, lr
200013a8:	3809      	subs	r0, #9
200013aa:	4901      	ldr	r1, [pc, #4]	; (200013b0 <irq_handler_chain_remove_tail+0xa>)
200013ac:	4788      	blx	r1
200013ae:	bd00      	pop	{pc}
200013b0:	10000d31 	.word	0x10000d31

200013b4 <default_alarm_pool>:
200013b4:	200013cc 00000000 20001898 20002080     ... ....... . . 
	...

200013cc <default_alarm_pool_heap>:
200013cc:	20002090 00000000 00000000 00000010     . . ............
200013dc:	00000000                                ....

200013e0 <aeabi_bits_funcs>:
200013e0:	00003350 	.word	0x00003350
200013e4:	0000334c 	.word	0x0000334c
200013e8:	00003354 	.word	0x00003354
200013ec:	00003352 	.word	0x00003352

200013f0 <aeabi_bits_funcs_end>:
200013f0:	0000534d 	.word	0x0000534d
200013f4:	0000434d 	.word	0x0000434d
200013f8:	00003453 	.word	0x00003453
200013fc:	00003443 	.word	0x00003443

20001400 <stdio_usb>:
20001400:	10004629 00000000 100045c1 00000000     )F.......E......
20001410:	00000100                                ....

20001414 <ep_dir_string>:
20001414:	10008150 10008154                       P...T...

2000141c <_usbd_qdef>:
2000141c:	20001e7c 000c0010 ffe00000 0000001f     |.. ............
	...

20001440 <_impure_ptr>:
20001440:	20001448 00000000                       H.. ....

20001448 <impure_data>:
20001448:	00000000 20001734 2000179c 20001804     ....4.. ... ... 
	...
200014f0:	00000001 00000000 abcd330e e66d1234     .........3..4.m.
20001500:	0005deec 0000000b 00000000 00000000     ................
	...

20001870 <print_mutex>:
	...

20001878 <__mutex_array_end>:
20001878:	10004091 	.word	0x10004091
2000187c:	10003831 	.word	0x10003831
20001880:	10003f31 	.word	0x10003f31
20001884:	10004035 	.word	0x10004035

20001888 <__frame_dummy_init_array_entry>:
20001888:	100002ed 10006c7d 10007a7d              ....}l..}z..
