:020000041000EA
:1000000000B5324B212058609868022188439860DF
:10001000D860186158612E4B002199600221596106
:100020000121F02299502B49196001219960352056
:1000300000F044F80222904214D00621196600F024
:1000400034F8196E01211966002018661A6600F04E
:100050002CF8196E196E196E052000F02FF8012189
:100060000842F9D1002199601B49196000215960AB
:100070001A491B48016001219960EB211966A021F2
:10008000196600F012F800219960164914480160C1
:100090000121996001BC002800D000471248134993
:1000A000086003C880F30888084703B5996A0420EC
:1000B0000142FBD001200142F8D103BD02B5186610
:1000C0001866FFF7F2FF186E186E02BD00000240BE
:1000D000000000180000070000035F00212200005C
:1000E000F4000018222000A00001001008ED00E03C
:1000F00000000000000000000000000074B24E7A12
:1001000000200420F7010010C3010010C5010010F9
:10011000C1010010C1010010C1010010C101001097
:10012000C1010010C1010010C1010010C701001081
:10013000C1010010C1010010C9010010CB01001065
:10014000CD010010CD010010CD010010CD01001037
:10015000CD010010CD010010CD010010CD01001027
:10016000CD010010CD010010CD010010CD01001017
:10017000CD010010CD010010CD010010CD01001007
:10018000CD010010CD010010CD010010CD010010F7
:10019000CD010010CD010010CD010010CD010010E7
:1001A000CD010010CD010010CD010010CD010010D7
:1001B000CD010010CD010010CD010010CD010010C7
:1001C00000BE00BE00BE00BE00BE00BE00F04BF888
:1001D000103800BEF2EB8871D4400110FC400110D1
:1001E0003402001090A31AE700202149086006C8D5
:1001F00081F3088810471F48006800282FD10DA4FC
:100200000ECC002902D000F012F8F9E71A491B4A77
:10021000002000E001C19142FCD1194988471949E9
:1002200088471949884700BEFDE701C901C29A42C3
:10023000FBD37047FC400110C0000020401E00208E
:100240007C5E011000000420000004207C5E011090
:1002500000100420001004200000000070470B482C
:1002600003F088F90047EFF30580C0B27047000043
:1002700008ED00E0000000D0401E0020582C0020B7
:10028000C11900100D030010E91A001057560000A4
:1002900006005250ABB36053F01D011006005250DF
:1002A000861C0302001E0110060052505422A29D1B
:1002B0000C1E011005005250DE65F4687C5E0110D2
:1002C000F8B5C04610B5064C2378002B07D1054B76
:1002D000002B02D0044800E000BF0123237010BDB2
:1002E0004820002000000000981A0110044B10B5AF
:1002F000002B03D00349044800E000BF10BDC046F6
:10030000000000004C200020981A0110F0B5C646ED
:1003100000B504F045F81A4800F04EFF194803F004
:10032000EFFE194D1949280006F0A6FF002822D03B
:10033000174B00249846174F174E404604F024F8F8
:100340002100380004F020F80021280007F02CF9E3
:100350003100280007F03EFB0A222100280007F0A8
:10036000D1FC0021280007F029FA01340448E4B246
:1003700000F022FFE1E7094803F0C2FEFEE7C046B5
:1003800088130000981A0110642000200065CD1D1C
:10039000C01A0110D41A0110DC1A0110A81A011099
:1003A000094A830094464022634410B51C68C0008B
:1003B0006240C02414408022520113431C60034B4E
:1003C0009C466044416010BD04C0014000400140B3
:1003D0000123D0228340120693629361094A83006D
:1003E0009446402263441968C0004A40C02111402D
:1003F0008022520113431960034B9C46052360443D
:100400004360704704C001400040014070B5EFF305
:10041000108C72B60D4D2B68002BFCD0BFF35F8F94
:100420000724CB08C618C05C01230C40A3401C0065
:100430000440034207D103433370BFF35F8F2C6046
:100440008CF3108870BD100001F050FB2C0100D01F
:10045000F8B54746CE46884680B5EFF3108C72B6A5
:10046000214D2C68002CFCD0BFF35F8F9A422CD812
:10047000D4080727055D061901241740BC402C420B
:100480001FD007210127894609E0D408055D061918
:100490004C4639001440A1400C00294211D00132D1
:1004A0009342F2D201204042BFF35F8F00220E4BF5
:1004B0001A608CF3108800280FDBC0BCB946B04628
:1004C000F8BD2C4310003470EEE7BFF35F8F0023BC
:1004D0002B608CF31088012040424346002BECD067
:1004E000089801F003FBC0462C0100D0024B1868AD
:1004F0008007C00F7047C04600C006400021044B73
:10050000044ABFF35F8F02C39342FAD17047C046DB
:10051000000100D0800100D0044A1078431CDBB2F7
:10052000172B00D9102313707047C046F814002011
:1005300000B5054B83B00100009318221F23034828
:10054000FFF786FF03B000BDE41A0110502600201B
:1005500001238340002904D0034A1360034A136037
:100560007047034A1360FBE780E200E000E100E02F
:1005700080E100E001238340014A13607047C046D8
:1005800000E200E0084B10309B688000C358002B4D
:1005900007D0064A00209B1A2F229A424041C0B23F
:1005A00070470020FCE7C04600ED00E0FC1400208E
:1005B000024B10309B688000C058704700ED00E08F
:1005C00070B50D00EFF3108672B60F4A1368002B5A
:1005D000FCD0BFF35F8F0D4B10309B6884001B591C
:1005E0000B4A934203D09D4201D001F097FA074B8A
:1005F0009B681D51BFF35F8FBFF35F8F0022024BDB
:100600001A6086F3108870BD240100D000ED00E070
:10061000CD010010F0B557464E46DE464546E0B5E2
:1006200085B0060002911700EFF3108B72B6674A8F
:100630001368002BFCD0BFF35F8F0025644B5D5720
:100640009A46002D00DAA5E06B00624C03935B191B
:100650009B009846A146C1444B4652469B791036B2
:1006600013705D4BB2009B68019299580B1B2F2BA6
:1006700034D95A4B994200D0A5E0039B584A9C4676
:10068000584B6544AD006353434602336519E41883
:10069000554B0121043B1B1B1B055B0D13436B805A
:1006A000524BEF71AB80FF23AB71029BAB604B46AB
:1006B0000B431900484B019A9B689950BFF35F8F19
:1006C000BFF35F8F0022414B1A608BF3108805B097
:1006D000F0BCBB46B246A946A046F0BD01200A00C8
:1006E0008243D379BB422FD845464E46130040493A
:1006F0001B1B5B415943090D3A4B63533A4B02357F
:100700006519043B5B1B1B05354D5B0D2B4373804B
:100710000426B446E0444444131F1B1B4C46A171FD
:1007200002991B05A16049465B0D2B43A380314B09
:10073000E77101431360BDE75800C018800020181E
:10074000C679BE422CD902000623D356002BF3DA19
:10075000101D8246BD200002804604267642B44623
:10076000E14450464E46361A3005400D8246564604
:100770001B48957106439680039A944665441D4A2A
:10078000AD00641922604246A371029BA280E7710A
:10079000A3608FE701F0C2F9002553465D5753E788
:1007A000101D824690884005001584464046D4447A
:1007B000664604302018301AE0260005400D360247
:1007C00030438046C9E701F0A9F956E7240100D07B
:1007D000532C0020FC14002000ED00E0CD0100109F
:1007E00000E0FFFF00A1FFFF2C15002000BDFFFF70
:1007F000AAAA000001488047F0B5DE4657464E469B
:100800004546E0B50C0083B0EFF3108A72B65A4A41
:100810001368002BFCD0BFF35F8F102291468144F8
:100820004A46564B96009B689D59554B98469D42AB
:1008300005D0A54216D0534FEB1B2F2B14D94F4B8D
:100840009B689D51BFF35F8FBFF35F8F00224A4BC0
:100850001A608AF3108803B0F0BCBB46B246A946C2
:10086000A046F0BD1D00EAE7012383409B465A469F
:10087000454B1B681A4000925A46444B1A60BFF31E
:100880005F8FFFF7F0FC0190002803D0814501D075
:1008900001F044F901232A009A4393689C4208D14D
:1008A0005FE04B005B189B00FB189968A14211D0D8
:1008B0001A00062151560029F3DA009B002B05D0BF
:1008C0005A46334B1A60304B1A60B8E75A462F4BE2
:1008D0001A60B4E706215956002921DB4A00501856
:1008E00080003C188046A0689860E079D8710620A6
:1008F00020569871002824DBA488F81A6405241572
:1009000044440019E0240005400D2402204398804F
:100910005218204B9200BF181A781970BA71CCE7A0
:100920000199002910D1FF3191711B49918019491A
:100930000A789A71194ADB1B5B415A43120D0A70FF
:10094000BBE7BD200002E2E7154A1649D21A083A71
:100950005002400D01439980134952080A43DA803E
:10096000ABE70621515613000029B7DA019A002A95
:10097000EAD14546DBE7C046240100D000ED00E0A7
:10098000CD010010FC14002000E100E080E100E057
:1009900080E200E0532C002000BDFFFFAAAA000067
:1009A0003615002000F0FFFF00F8FFFFF8B5012525
:1009B00004000543FFF757FCEFF3108C72B6214A91
:1009C0001368002BFCD0BFF35F8F1F4E2100B76868
:1009D0001E4A1F4B891A49414B431B0D59B28300D4
:1009E000F858A8421CD00623D3568B421CD01223A1
:1009F000D3568B4222D01E23D3568B4220D02A239B
:100A0000D35603208B4210D0124B1A781970A27162
:100A1000BFF35F8F00220B4B1A608CF31088F8BD78
:100A2000B2680D48D050EFE7002043001B189B0030
:100A3000D218FF239371094B9380E5E70120F4E777
:100A40000220F2E7240100D000ED00E0FC140020B9
:100A5000AAAA0000532C0020CD01001000BDFFFF0A
:100A6000054B064A1360064A136053609360D360D7
:100A700013615361936170478080808000E400E0DF
:100A800004E400E0D02300B51B061B680100074802
:100A900083B0C018064B002200930523FFF7D8FC53
:100AA000002801DB1F23181A03B000BD4C2C0020C6
:100AB000001B0110024B9C46614489000160704795
:100AC0004000003483680B4810B58446614462449A
:100AD000090112019A18591854684B6801209C4268
:100AE00001D802D00020C0B210BD12680B689A4233
:100AF000F9D8F7E7FFFFFF0F0A4B1968EFF31080F3
:100B000072B60A68002AFCD0BFF35F8F1B68BFF380
:100B10005F8F00221A6080F3108840BF0020002100
:100B20007047C0461C2C0020F8B557464E46454637
:100B3000DE46E0B599460CAB1C780DAB1B78060081
:100B400090469A460768002C11D1BC7B002C42D0FD
:100B500065003B682D19033D59194B78BB73002B79
:100B600000D1FB7300238B704B700B7004E06500A9
:100B70003B682D19033D5919B2682A4B94464246E9
:100B8000E3181B0163441A604A465A600A9A9A6045
:100B90000B9ADA6000238B704B700B707B7B9B464B
:100BA000002B2BD022005946B8687B6898473A68DA
:100BB000002816D05B4658465B005B445519033B42
:100BC000A870D118D35C002B00D06B705B460C7002
:100BD0007B73A34513D0F0BCBB46B246A946A046E2
:100BE000F8BD5B465B005B44033BD3189C70511916
:100BF000525D002A00D05A705B460B707C734246EF
:100C00004B46307D00F050FC051E06D05346002BAD
:100C100003D12100306800F069FE0E9B002BDAD072
:100C20001D70D8E7FFFFFF0FF0B5DE464E46574672
:100C300045460023E0B58DB00A936B4B8200D35834
:100C40000B90994600239B464B46079300F0A2FB6E
:100C5000079C06000F006268EFF3108572B61368F8
:100C6000002BFCD022000794BFF35F8F2468637BC6
:100C70009946002B67D092685C4B90464B441B0111
:100C8000984443461A685B6810001900801BB941FC
:100C900000295FDD0B9800F007FC00230026984632
:100CA00000279A46079C6368BFF35F8F5A461A6015
:100CB00085F310885346002B08D10028C6D10DB00B
:100CC000F0BCBB46B246A946A046F0BD0A9B4146D1
:100CD00018024B461843D047089009916268EFF319
:100CE000108572B61368002BFCD00794BFF35F8F9A
:100CF0000899099A002A48DB114303D0079B1B6916
:100D0000002B5DD1079B1B68D97B002907D04A00C7
:100D1000521819688C4649466244033A51704A4653
:100D2000DA734B46079A013BD168CA5C0132CA5458
:100D30005B46079A13615368BFF35F8F5A461A6088
:100D400085F3108882E700230026984600279A46FC
:100D50000020A7E7002901D100289BD10021200015
:100D600000F046FD43461E685F689B68079A9A46F6
:100D70004346DB689846D3684B44013B1B780A9393
:100D80001B020343136100208CE72369002BB9D0B9
:100D900033003C005B1A94411A002300A74219D883
:100DA0009F421BD05946049101210391494602916B
:100DB00041460191514607980091FFF7B5FEB7E70C
:100DC00000F0E8FA089A099B06000F0092197B418F
:100DD0009942E5D901225242D317E3E79642E1D97D
:100DE00001225242D317DDE7002B0020FFFFFF0F47
:100DF000F8B557464E464546DE46E0B5404D81467D
:100E00008A466A68EFF3108872B61368002BFCD02C
:100E1000BFF35F8F2E68B47B002C39D06700336836
:100E20003F19033FDB195A78B273002A00D1F273DD
:100E3000A968344A8C464946A218120162441160DE
:100E400051465160304991600021D16099705970CC
:100E50001970737B9B46002B35D022001900B068B7
:100E6000736898473268002820D05B4658465B007C
:100E70005B44D719033BB870D118D35C002B00D06A
:100E80007B705B460C7073735C451DD0002626E0BA
:100E90006B68BFF35F8F1C6088F3108801204042AD
:100EA000F0BCBB46B246A946A046F8BD5B465B0017
:100EB0005B44033BD3189C70D119D25D002A00D04B
:100EC0005A705B460B7074734A465346287D00F097
:100ED000EBFA061EDAD02100286800F007FDEB6867
:100EE0001B19013B19786B68BFF35F8F00221A60F2
:100EF00088F310880020002ED2D108022043CFE7CB
:100F000044150020FFFFFF0FF90A001010B5124C26
:100F10006368002B04D00A211048FFF7CBFD10BDF9
:100F200023000F4A1021206800F080FB032000F00E
:100F300025FA032000F028FB03200A4900F06EFA8E
:100F4000FFF7EAFA084B9C46032360442375074BDE
:100F500080006060DC60DEE7441500201C2C00206F
:100F6000C50A0010290C001040000034002B00209E
:100F70000048704744150020F0B557464E46454698
:100F8000DE46E0B585B0019310AB1B7806000393F5
:100F900000239A46984600927268EFF3108972B661
:100FA0001368002BFCD0BFF35F8F3568AC7B002C3F
:100FB00049D067002B683F19033FDB195A78AA73A1
:100FC000002A00D1EA73B1684F4A8C460098019913
:100FD000A21812016244106051600E9991600F993D
:100FE000D16042469A705A701A706B7B9B46002BF8
:100FF00045D022001900A8686B6898472A68002825
:1010000030D05B4658465B005B44D719033BB87051
:10101000D118D35C002B00D07B705B460C706B73D7
:101020005C452DD0F3681B19013B18787368BFF33A
:101030005F8F42461A6089F310885346002B2CD1EB
:101040000002204307E07368BFF35F8F1C6089F3E1
:1010500010880120404205B0F0BCBB46B246A9460C
:10106000A046F0BD5B465B005B44033BD3189C701D
:10107000D119D25D002A00D05A705B460B706C7398
:10108000307D009A019B00F00FFA82460028C9D0FB
:101090002100306800F02AFCC4E7039B002B30D00D
:1010A0000E9B00200F999847030004000D000B438E
:1010B00027D000290DDA0098019902000B00121BBD
:1010C000AB41994213D818D000920193039B9A46E2
:1010D00062E700F05FF902000B00A4185D41009484
:1010E0000195A94203D8F1D100998A42EED9012392
:1010F0005B42DC1700930194E8E700999142E3D941
:10110000F5E70020A7E7C046FFFFFF0FF0B504009A
:101110000D0006267642F717C64636196F4100B510
:101120008F4213D810D000F035F932003B00121A6C
:101130008B41002B14DC002B37D02900200000F05D
:101140005DF980BCB846F0BD8642ECD90026002788
:1011500000F020F932003B00121A8B41002BEADD2F
:1011600030003900FFF744FE0028E6DB00239846F4
:10117000BC460F4A0F4F7B6A9C4504D8B96A8E4221
:10118000DBD99C45D9D11168EFF3108072B60B689A
:10119000002BFCD0BFF35F8F1368BFF35F8F414616
:1011A000196080F3108820BFE5E7002AC5D0D7E793
:1011B0001C2C00200040054070B5060000F0EAF845
:1011C000FA2204000D00002330000021920002F0FA
:1011D000ABFD001969418D4205D802D0FFF796FF9B
:1011E00070BD8442FAD901204042C117F6E7C046DB
:1011F000F8B5CE46474680B506000C00FFF7F8FD6F
:1012000000280CDC2D4B0020596A8C4203D89B6AC5
:101210000130B34245D3C0BCB946B046F8BD20BF8B
:10122000274D6A68EFF3108772B61368002BFCD065
:10123000BFF35F8F2B68C1B29C465B7B8B4235D07E
:10124000FF2303405A009146624612689944904633
:101250004A464244033A9278002A1DD0EA68000ABE
:1012600090464344013B1B78C0B2834221D06B6857
:10127000BFF35F8F00221A6087F310880F4A0020A7
:10128000536A9C42C7D8926A0130B242C3D2E01A74
:10129000421E9041C0B2BEE72B699842E7D12A6155
:1012A000E5E7601A431E9841C0B2B4E7FF2303404C
:1012B000D4E7604600F01AFBD9E7C046004005407D
:1012C00044150020F0B5D6464F464646C0B5EFF36C
:1012D00005833F22134018001038EFF3108C72B6CC
:1012E000204D2A68002AFCD0BFF35F8F0122110035
:1012F00081401D4C884661631C4917000E788A4660
:101300003100C1400F400A4209D1BFF35F8F2F6007
:101310008CF31088E0BCBA46B146A846F0BD14492B
:101320008200646A51588C420FD3124BD258434604
:101330009E4353461E70BFF35F8F00232B608CF3D8
:101340001088002AE6D09047E4E70B4A9B009046BD
:1013500043441A681A60BFF35F8F00232B608CF33D
:101360001088D7E7280100D000400540562C002007
:10137000282C002040250020D03F054010B501005A
:10138000024A0348FFF742F810BDC046281B01106F
:10139000522C0020034B596A0A00986A596A8A4203
:1013A000FAD170470040054070B504000D00124AA4
:1013B000536A1900966A536A8B42FAD130001900B9
:1013C00024184D41AB4211D80ED02B000A494A6A6D
:1013D0009A42FCD307D1084A02E0516A994202D1ED
:1013E000916AA142F9D370BDA642EED9012301242E
:1013F0006442E5175B42E9E700400540064A536A4C
:101400009942FCD807D1044B02E05A6A914202D1BA
:101410009A6A8242F9D370470040054070B50400D3
:101420000D00EFF3108672B61A4A1368002BFCD039
:10143000BFF35F8F002D1BD02000FFF7B9F81649CE
:1014400081420AD02000FFF7BBF801212000FFF7FE
:101450007FF80123A340114A1360114BA400E5500B
:10146000BFF35F8F00220B4B1A6086F3108870BDAC
:101470000B4BA200D5500122A2400A4920000B7854
:1014800093430B700449FFF7B7F900212000FFF7E1
:101490005FF8E5E7280100D0C5120010386005406C
:1014A00040250020562C0020F0B54F46D646464633
:1014B000C0B507002F4C616A0D00A66A616AA94297
:1014C000FAD18B4208D805D00120E0BCBA46B1461B
:1014D000A846F0BDB242F7D9EFF3108A72B626489B
:1014E00001680029FCD0BFF35F8F0125BD4023496F
:1014F000204C8846097889462943C9B28C46414622
:1015000060460870391D1E48890065630A51B9009C
:101510000B50216A0020294219D0616A0800A66A8E
:10152000616A8142FAD18B4219D801D1B24216D8F0
:10153000CC451DD00F4B1F201D625D63012307406A
:10154000BB40104A1E38136043464A461A70BFF328
:101550005F8F0022084B1A608AF31088B5E70020DD
:10156000BFF35F8F0022044B1A608AF31088ACE748
:101570000120ECE700400540280100D0562C002057
:10158000282C002080E200E0EFF3108C72B60A49AC
:101590000B68002BFCD0BFF35F8F01238340074A09
:1015A0000748136202789A430270BFF35F8F0023EB
:1015B0000B608CF310887047280100D00040054074
:1015C000562C002070B5050014001600002915D017
:1015D0000C00002A12D080686B68984729680028A0
:1015E0000ED073009B196200033B1219CB18033A0B
:1015F0009C7088188A5C002A15D10670200070BD86
:1016000063001B197200033B9219CB18033A9E70BA
:1016100088188A5C002A02D104703400EEE75A7000
:1016200004703400EAE75A700670E7E730B583606B
:101630000023CCB243730133047342608373C473D9
:101640000D000068012C06D9421C0133DBB2137077
:1016500003329C42F9D1FF2129404B005918002345
:1016600040180338437030BDF8B5CE4647460600F3
:101670000C0080B5002907D04D0003686D18033DAC
:101680005A195778002F04D12000C0BCB946B04683
:10169000F8BD7900C9190339884643445978894609
:1016A00000215970517073683A0021008068984792
:1016B0003368002814D042469A18947059195B5D1B
:1016C000002B00D053700F70270049463000FFF701
:1016D000CBFF390002003000FFF774FF0400D3E7AE
:1016E000424641465D19AF709A185B5C002B00D0F2
:1016F0006B701470E9E7C046F0B557464546DE46C4
:101700004E46E0B50D006B0001685B19DF1E04005A
:10171000C85D83B00192CA1900284CD043001B1841
:10172000033BCB185E78B446002E16D1019E002EE6
:101730003ED0E67B002E04D073009B19CB18033BF0
:101740005D70E57300282FD10023537003B0F0BC07
:10175000BB46B246A946A046F0BD72006244033AB9
:1017600089184A78904600224A7091465A700100C2
:1017700032002000FFF726FF43468246002B07D0A9
:101780005B0021684344033BCB185A78002A16D1EA
:10179000424651462000FFF715FF2168019BCA19F8
:1017A000002BC6D10028CFD043001B18033BCB1819
:1017B00000219970C8E7019B002BBAD1C4E7500003
:1017C000801803380918487883464846487058708E
:1017D00041462000FFF7F6FE594680462000FFF7FD
:1017E00043FF414602002000FFF7ECFE8046CFE7B2
:1017F000F0B557464546DE464E46E0B583B001910A
:10180000457B04006B0000685B19DF1EC15DC219D7
:1018100000294ED04B005B18033BC3185E78B446DA
:10182000002E18D1019E002E40D0E67B002E04D061
:1018300073009B19C318033B5D70E573002931D118
:10184000002328005370617303B0F0BCBB46B2465E
:10185000A946A046F0BD72006244033A801842785F
:1018600090460022427091465A7020003200FFF7E5
:10187000A9FE43468246002B07D05B002168434403
:10188000033BCB185A78002A17D142465146200014
:10189000FFF798FE019B01002068C219002BC4D1FC
:1018A0000029CDD04B005B18033BC3180020987073
:1018B000C6E7019B002BB8D1C2E75000801803385F
:1018C00009184878834648464870587041462000B9
:1018D000FFF778FE594680462000FFF7C5FE4146D7
:1018E00002002000FFF76EFE8046CEE770B50400D0
:1018F00000292CD0437B8B422ED00568480040182D
:10190000033828188278002A21D053009B18033B03
:10191000EA5CEE188A4202D11BE0002A08D053008C
:101920009B18033BEB185A788A42F6D142785A70DA
:1019300000230122837043702000FFF7DDFE617BEE
:1019400002002000FFF73EFE6073012000E000204F
:1019500070BD43783370EBE701221900FFF7CCFE2E
:1019600060730120F4E7C04610B50400FEF7D4FD13
:1019700001002000FFF79EF8FF232371BFF35F8F64
:1019800010BDC04610B50400FEF7C6FD01002000E2
:10199000FFF790F8FF23A380BFF35F8F10BDC04611
:1019A00010B504000120FEF7C3FD044B9C466044C3
:1019B00080002060BFF35F8F10BDC0464000003440
:1019C0002C4B2D4A70B51A602C4A2D4B2D491A60AC
:1019D00014008B689C43FBD12B4D2C4EB54208D292
:1019E000013E761BB60808CD984723000134B34268
:1019F000F9D100F099F8264A214B1A60214A9368E0
:101A0000DB43DB01DD09002BF9D14022214B224CC5
:101A1000224E9A675A671A67DA66B44208D2236878
:101A20002000002B20D00834FFF7ACFFB442F6D3DF
:101A30001B4E1C4CC022A168300002F0F9F9A660D0
:101A4000FEF75CFDFFF70CF8FFF760FA164C174E37
:101A5000B44208D2013E361BB60808CC98472B008A
:101A600001359E42F9D170BD0834FFF77DFFB442C5
:101A7000D5D3DDE700E00040BFCDFBFEFE7F3C009C
:101A800000F0004000C00040201E0020301E00205A
:101A9000FFFFFF0100F00140181E0020201E002063
:101AA0000000002000ED00E0301E0020401E00205D
:101AB00000BEFDE7094A03001068002805D0084968
:101AC000C3188B4207D81360704706480449C318EF
:101AD00010608B42F7D901204042F5E7F026002044
:101AE00000000420582C002000BEFDE70FB400B514
:101AF000084883B002F004FB049B002B07D005A923
:101B00001800019101F016FD034802F0F9FA00BE39
:101B1000FDE7C0464C1B0110D421011010B501484F
:101B2000FFF7E4FF5C1B011030B50C2083B000F020
:101B3000B7F9FEF7DBFC00280ED0944B944A1A60EC
:101B40005A609A60DA601A615A619A61DA611A62BF
:101B5000904A5A6203B030BD8F4CA06700F0F4F990
:101B600001228E4B1A60636C012BFCD103228C4B3B
:101B70001A60894A936B012BFCD101330121894AF8
:101B800089480093043300F033F90523874A009312
:101B90000121874800F02CF9864B5A68FF2A02D8A9
:101BA000802252005A608022784C7D4B21691201BC
:101BB000804D1A60002905D0606901F035FD0130C3
:101BC0000138FDD1E0217B4B02201A6811408022B0
:101BD00052012A43116019684840032101401160F5
:101BE00004219A681142FCD08022802192012A436C
:101BF00009011160802252005A606F4B23616F4BC4
:101C00005968FF2900D85A600321644A6B4B116060
:101C100002399A681142FCD0E0201A6810408022F4
:101C200052011A4310601868484003210140022005
:101C3000116062498A681042FCD0802292011343ED
:101C4000802212011A6080225D4B52004A6063615B
:101C50005C4B5968FF2900D85A6080225A4BE169D1
:101C60001201584D1A60002905D0606901F0DCFCB2
:101C700001300138FDD1E02252490B681A4080231F
:101C80005B012B431A60802380229B012B431201AE
:101C90001A6080223E4B52004A60E3614B4B596808
:101CA000FF2900D85A608022494B216A1201474D12
:101CB0001A60002905D0606901F0B6FC01300138D6
:101CC000FDD1E02241490B681A4080235B012B4380
:101CD0001A60802380229B012B4312011A6080230B
:101CE00080225B004B602A4BD2022362394B596839
:101CF000914200D25A608022374B616A1201354D01
:101D00001A60002905D0606901F08EFC01300138AD
:101D1000FDD1E0222F490B681A4080235B012B4341
:101D20001A60802380229B012B4312011A608023BA
:101D3000DB024B60174B6362284B5A68FF2A02D8BC
:101D4000802252005A608022254BA1691201234D46
:101D50001A60002905D0606901F066FC0130013885
:101D6000FDD1E0221D490B681A4080235B012B4303
:101D70001A60802380229B012B4312011A6080236A
:101D80005B004B600E4BA361E4E6C0465426002086
:101D9000006CDC021BB70000008000403CB000403B
:101DA00030B00040002F685900800240008C864708
:101DB00000C0024030800040001BB7003C80004063
:101DC000405973075480004054B000406080004088
:101DD00060B000406C8000406CB000404880004023
:101DE00048B00040014B8000C05870475426002086
:101DF000F0B5C646040000B50C2090461F000E004A
:101E000001F012FC4101091A8D01691AC900091873
:101E10008901404601F008FC069B3F041A03236831
:101E20001743002B22DB1A4B1A4DE21853425A413A
:101E300080235B019C461203174B62441A60174BC8
:101E40001A601100AB689943FBD1C022231D920197
:101E50001A4321232660A06013602368002BFCDA5C
:101E60000823E760136080BCB846F0BD3F232268BA
:101E70001340B342D7D1A3681B051B0D8342D2D1B7
:101E8000EE22E368D2021340BB42CCD1EBE7C0465E
:101E90000040FDBF00C0004000E0004000F00040F6
:101EA0008023024A9B000343D362704700800540B1
:101EB00010B5140080221B4BD2051A6000281AD0DE
:101EC0000123194A1843194BDA61194A42401A6230
:101ED000596298628022134BD2051A601549164A3E
:101EE0001160E022D2041A60002C07D18022134B2B
:101EF00012061A6010BD0D4BD861EBE763011B1B86
:101F00009A008023121912015B049A4200D30C4AF2
:101F10000C4B1A60054B5A608022084BD2051A60A0
:101F2000E8E7C04600B00540D3C007B000800540D8
:101F30002D3FF84FFCFF01000820014000A00540A4
:101F4000FFFFFF00F82A0020AA23064A1B011360A6
:101F50002F230549D360054B19605368002BFCDA29
:101F60007047C0460040024000B0FA0000600240E6
:101F70009A4200D2885470477047C046F8B5574619
:101F80004E464546DE46E0B599460A9B07009A460E
:101F90000D9B8846934615000B9E9B0710D10C9B0A
:101FA0009E420DD29D1B14000E005D4422004B4644
:101FB000013431002020B847A542F7D1B0460B9E2E
:101FC000002E27D0444675195346AA1B013E985D42
:101FD00021004B46B847002EF6D123002C0098462E
:101FE0000D9B9B070FD55B46E51A0C9BAB420AD9AC
:101FF0004646984622004B46310020200135B8471E
:102000000134A845F6D82000F0BCBB46B246A9462C
:10201000A046F8BD2C00E3E7F0B54F464646D6464D
:10202000C0B584B098460EAB1B78129F9946944673
:102030000D9C109B119EBA0725D4002E4BD19C42BB
:1020400000D3BFE001223A4092461F2C00D9B8E0ED
:102050000C9A551E302201E0202C03D001342A5561
:10206000A342F9D85246002A0DD0A6420BD9202C03
:1020700044D00C9A551E302201E0202C3ED0013471
:102080002A55B442F9D1FA064DD57A053FD4002C31
:1020900039D10F9B102B00D179E00F9B022B00D17F
:1020A0008AE030230C9A012413704B46002B3FD05A
:1020B0002D230C9A135501340C9B62460093039711
:1020C000434602960194FFF759FF04B0E0BCBA46BC
:1020D000B146A846F0BD012215003D40AA463A424D
:1020E0002FD04A46002A02D10C323A4200D0013E9B
:1020F0009C42BAD21F2CABD9202E27D92024FA0615
:10210000DAD57A0503D4A3422DD0A6422BD00F9B5B
:10211000102B32D0022B20D0202CCDD030220C9B83
:102120001B191A700134202CC6D04B46002BBFD18E
:102130007B070DD43B07BFD520230C9A13550134E0
:10214000BAE79C429FD21F2C00D881E720249AE74F
:102150002B230C9A13550134AEE7202CACD00C9BEA
:102160001B1901343AE0631E012C92D00F9A102AF9
:102170002AD0022A2FD01C00D0E7BB060ED4202C78
:102180009AD00C9B1A19013478231370C4E7BB064C
:102190000DD478230C9A01241370BFE7202C00D1B2
:1021A0008AE758220C9B1B191A700134B4E7582394
:1021B0000C9A01241370B1E70C9A60330124137058
:1021C000ACE7202400265EE7023CBA06E9D40C9A6C
:1021D00012191C00D8E70C9A9246534462221A70D6
:1021E0009AE7C04610B5002800D110BD01F038FFB5
:1021F000FBE7C0460B0010B5002802D049681B68F9
:10220000984710BDF0B5DE4657464E464546E0B508
:102210009BB09B46249B89469846259B0B900C922D
:102220004046424619009A4601F0BFFC002800D003
:10223000D8E0012240465146774B524201F0B0FCB3
:10224000002800D0CEE0012240465146734B524256
:1022500001F090FC002800D0C4E00022002340469A
:10226000514601F087FC002800D0B9E142465346B0
:102270000A9209938023289ADB001A400E92289A2A
:102280001A4201D1062326930A9A099B160013438A
:1022900000D0C7E0289B002500261B0500D49BE149
:1022A00000230D93269A0D9B9A4200DC9FE1D01AE1
:1022B000431E26938023289ADB001A43002300271D
:1022C00028920D93279B0024BB4200D9DC1B0223DC
:1022D000289A1A400E92289A134203D07B427B41DF
:1022E0005B421C400D9B002B07D00A9809992A00DD
:1022F000330001F0E6FB0A900991002200234046DA
:10230000514601F037FC002805D0802000068446A5
:10231000099961440991289A414B0B9D13400493FC
:10232000269B0A9A0293099B0394009201934946C3
:102330005B4628000C9A00F08BF90400002F62D055
:10234000289B220098061F23C0179843631C9846B9
:1023500049465B466530A8470D9B0025DA179C1857
:10236000DB0F9A465440013F01E0202D13D00AAA0A
:1023700094461F23200063440A2101355E1901F0B1
:1023800053F93031317020000A2101F04DF9260057
:102390000400092EE9D805230693002304930A3389
:1023A0000393534605970B9F029312AB009342464B
:1023B0005B46494638000195FFF72EFE0E9B040050
:1023C000002B20D00C9BC51A279BAB421BD91E00AB
:1023D00022005B46494620200135B8470134AE4211
:1023E000F6D810E0289B42460493279B4946039366
:1023F000269B0B9802935346009201935B460C9ADE
:1024000000F026F9040020001BB0F0BCBB46B24629
:10241000A946A046F0BDC046FFFFEF7FFFFFEFFFDC
:10242000FFF7FFFF734B099F9C467800400D604407
:1024300001F0CEFB704A714B01F05DFB704A714BAD
:1024400001F03AFB3B03704A1B0B1A4304000D00DA
:10245000300011006D4B002201F029FB6C4A6D4BDE
:1024600001F049FB02000B002000290001F024FBD1
:1024700001F0C6FB0D9001F0ABFB674A674B04000F
:102480000D0001F038FB0022654B01F015FB01F057
:10249000B7FB644A0600644B2000290001F02BFBC7
:1024A000040030000D000F9601F092FB5F4A604B74
:1024B00001F021FB02000B002000290001F0F7FAD7
:1024C00002000B0006000F0001F015FB32000400B3
:1024D0000D003B003000390001F0EEFA00221090B0
:1024E0001191544B2000290001F0EBFA0022524BCD
:1024F00001F0E2FA02000B002000290001F0E1FAED
:1025000000224E4B01F0D8FA02000B0020002900F7
:1025100001F0D7FA0D008021040032003B000020BA
:10252000C90501F0C4FA02000B002000290001F0E7
:10253000C3FA02000B001098119901F0C2FA0022B0
:10254000314B01F0B9FA3E4B0F9C9C46644400228B
:10255000230501F0D0FA05000E0002000B000A98D6
:10256000099901F007FB00280AD00D9B2800013BC8
:1025700031000D930022304B01F0A3FA05000E004C
:10258000C6270D992B0063318F42BF4128997F42A6
:102590000437090500D495E6334300D182E6099C4F
:1025A000284A2100284B0A9801F0F2FA002808D0A6
:1025B00000222100254B0A9801F0DCFA002800D007
:1025C00070E6269B002B00D17CE60E9B5A1E9341A1
:1025D000269AD31A269375E6002304270D9371E6F5
:1025E00043460A9380231B065344099342E6002383
:1025F00026935FE601FCFFFFFB799F501344D33F16
:10260000B3C8608B288AC63F0000F03F0000F83F47
:1026100061436F63A787D23F71A379094F930A4043
:102620000000E03F1655B5BBB16B0240EF39FAFE32
:10263000422EE63F00002C400000244000001840DD
:10264000FF0300002D431CEBE2361A3F80842E412D
:10265000F0B54E46DE4657464546E0B597B099463A
:10266000209E219F229B8346984607910C923B0017
:1026700032003000390001F098FA002800D0A9E1BA
:10268000012230003900CA4B524201F073FA00288F
:1026900000D0E1E0012230003900C64B524201F087
:1026A0007FFA002800D0B7E0002230003900C24B8A
:1026B00001F076FA002800D099E0002230003900BD
:1026C000BE4B01F057FA002800D090E00022002312
:1026D0003000390001F04EFA002800D0B1E00023AC
:1026E0000D93249B5B0501D40623984608AB9C46BA
:1026F0001722002430234146624404E0013413557C
:102700000139202C01D00929F8D888463000390039
:1027100001F076FA4346DA00A94B05009B181A68C7
:102720005B680892099301F053FA02000B00300035
:10273000390001F0BCF9089A099B01F0DCF90A9014
:102740000B9101F081FA824601F03EFA02000B0083
:102750000A980B9901F0ABF900229A4B0A900B9161
:1027600001F01EFA002800D1C0E001239C46E2449B
:10277000504601F029FA02000B000898099901F06F
:10278000FFF9002802D000239A4601354346002B6A
:102790006AD008AB17269C4608956644554614E057
:1027A00001235B4243440A2128009A4600F03CFF83
:1027B000013430313719397028000A2100F034FF14
:1027C000092D00D8D0E0D0460500202CE8D10EAB72
:1027D00098460323249A1340012B00D196E020232E
:1027E000249A01930392239A434602921EE0249B6B
:1027F00058460493239B00960197039343460C9AF3
:10280000029307994B46FFF7FDFC17B0F0BCBB469F
:10281000B246A946A046F0BD249B5B070ED4032216
:10282000694B249901920391239902910093584690
:102830004B460C9A0799FFF7A1FBE6E70422634B8E
:10284000EFE73B0032000020002101F030F90123C6
:1028500006000F000D9344E7249B0393239B0293F0
:10286000042301935A4BE1E7280001F0B1F902007B
:102870000B003000390001F01AF9524B002206001B
:102880000F0001F077F90EAB984600280AD100221C
:10289000300039004B4B01F083F9002802D1EB07DF
:1028A00000D50135202C94D008AA9446172328007F
:1028B00063440A2101341E1900F08EFE30312800D5
:1028C00031700A2100F088FE051EEBD10323249A03
:1028D0001340012B1BD0202C00D180E70D9B002B37
:1028E00035D02D224146631C0A5579E700220A980B
:1028F0000B99344B01F03EF9002800D046E75346CF
:10290000002B51D101239C46E2443FE72024239B26
:10291000002BE0D00D9B002B03D1249A0C331342E3
:1029200002D0239B013B2393239BA342D3D908AB23
:102930009C46172230236244202C00D14FE7239974
:10294000013413558C42C6D0202CF8D147E7249B84
:102950005B0724D4249A2300120700D440E72022E6
:10296000414601330A553BE75746089D202C00D1CC
:102970002DE7220030214046002F09D00132B1540A
:10298000202A00D123E7D3431B191B18002BF5D1B4
:102990000EAB98462E234146541C8B5482E72B22C3
:1029A0004146631C0A551BE7DB0700D4EEE6A9E7A6
:1029B000FFFFEFFFFFFFEF7F65CDCD4165CDCDC1BF
:1029C000601D01100000E03F681B01106C1B01102E
:1029D000781B0110249B0393239B029303230193F1
:1029E000004B23E7741B0110F0B5DE464E465746F8
:1029F0004546E0B59FB01C00289B91460993C94A03
:102A0000C94B8B4608901A60002900D118E20023B8
:102A100020789A46002800D11AE226001D005C4664
:102A20000AE02A006F1C4B46089D2100A8473D0084
:102A300001363078002870D02528F2D110239B462B
:102A4000083B9A46043B9846023B00219C46721C78
:102A5000107816000300203BDBB2102B03D8B34FD5
:102A60009B00FB589F460300303B092B32D90023C3
:102A70000A932A2868D0002398462E283ED00300C7
:102A8000683BDBB2122B1CD8A94A9B00D3589F4647
:102A9000012301321943DBE7634601321943D7E7CB
:102AA000434601321943D3E75B4601321943CFE76E
:102AB000534601321943CBE780235B0070781943FA
:102AC00001360300253BDBB2532BAAD8994A9B0061
:102AD000D3589F4600270300B800C01901364000B4
:102AE000C018337830381A00303A0700092AF3D971
:102AF0000A901800002398462E28C0D180237078B1
:102B0000DB0019430300303B721C092B00D8A1E104
:102B10002A2800D1B2E11600B1E7A346AA462C004C
:102B2000D14503D801235B424B449A464B4652465B
:102B300059460020089DA84720001FB0F0BCBB46A6
:102B4000B246A946A046F0BD099B40CB0A96002E8E
:102B500003DB50780993561C8DE7283801437042F7
:102B60000A9009935078561C85E7782800D1DFE158
:102B7000582800D14CE26F2800D14FE3622801D1E0
:102B800000F030FC10230A009A430B92692801D010
:102B900000F0A9FC0A230C934B0500D5D0E10B9A59
:102BA000802311009B0019408B461A4200D0A1E2FD
:102BB000802311005B0019408A461A4200D0B6E318
:102BC00013005B0600D5EDE2130009991B0601D442
:102BD00000F076FC08C91BB2D8171A18424092B20E
:102BE00009919346DA0F1292002B09D1802310220B
:102BF0000B99DB000B4091430B91002B00D0E4E2DA
:102C00000B9A6123920600D541230EA91F228C4600
:102C1000DBB262440A3B5F461395A34655460C9CC3
:102C2000B2460D9316000AE03033DBB2013573551E
:102C3000A74200D2EDE2202D00D1EAE207002100F8
:102C4000380000F0F1FCCBB20929EDD90D9A944679
:102C50006344DBB2EAE780239B00707819430136B6
:102C60002FE77078682800D1CDE180230136194321
:102C700027E770786C2800D1BFE180235B001943FF
:102C800001361EE7462800D19BE10722099B0491EB
:102C9000073393430A9A19000392424602920CC9E1
:102CA00008980092019309912A004B462100FFF7F2
:102CB000CFFC01360500BCE62A006F1C4B46089D80
:102CC00021002520A84701363D00B2E68B0700D43D
:102CD000ADE1099B2A009A466B1C9846534601CBEE
:102CE00021009A46089F4B46C0B2B8470A9B9C46B3
:102CF0006544012B00D886E2089B4746B046260073
:102D00004C4699463A002300013731002020C8473D
:102D1000AF42F7D1A14653463400464609930136E7
:102D200087E6C046E9290010F42A0020801B011024
:102D3000C41B0110101C0110099B04CB9B46434689
:102D40000992002B00D1C6E013789C46002B00D1DD
:102D5000BDE34346013B099A0133D0180A9F130093
:102D600001E0834203D05A780133002AF9D1099A4D
:102D70000A979B1A0B9380230A00DB001A400C92DF
:102D8000194204D00B9B434501D943460B930223C0
:102D90001A000A400D920B4200D187E160460028DC
:102DA00000D168E10C9B002B00D10DE1A844C24684
:102DB000099B57465B1B9846089BB2462A00260093
:102DC0004C46994609E023003100551CC84743464C
:102DD000585D002800D126E12A009742F3D1A14690
:102DE0003D00340056460D9B002B00D043E15B466E
:102DF000013609931DE6099B1A0008CA9246002B6A
:102E000048D0212211438B460EA884461F216144DD
:102E1000099500220F27A4460D0002E0202A0CD0BD
:102E20000B003C001C4020003730092C00D807382C
:102E30000132A85419090F2BF0D86446099D32E0DD
:102E4000DC4B2078089300239A46002800D0E4E564
:102E5000002465E6434606000A9F9800C018013228
:102E6000400080191678030030003038303B0928C4
:102E7000F3D93000984616000A9700E6099B0236FF
:102E800004CB9046D2434046D21710408046099367
:102E90003078F4E510220800904311321043834645
:102EA00000224905B0D55B460693082305934346A7
:102EB0000493102303930023029316AB0192009313
:102EC0002A004B4621000898FFF7A6F85346050054
:102ED00001360993ADE513789C46002B00D1F7E24B
:102EE00002235B4237E7202302009A43472A04D19A
:102EF00080231B01194302239843452801D1202335
:102F000019430722099B0491073393430A9A190036
:102F10000392424602920CC90898009201930991CB
:102F20002A004B462100FFF76DF90136050080E5C8
:102F300010230C930C230A009A430B924B0503D5E4
:102F400001230B9A9A430B92692800D127E6642843
:102F500000D124E60B9A802311009B0019408B4678
:102F60001A4200D066E1802311005B0019408A46B6
:102F70001A4200D039E213005B0600D53CE1130091
:102F80001B0600D4A6E2099B04CB1204120C934644
:102F900009935B46002B00D09AE10B9A1033110085
:102FA00099430B91520500D492E100239A460B9B62
:102FB00006930A9B0593434604930C9B03930023BB
:102FC0000CE12023194360E6099B0A9A5B1B984693
:102FD0004B4691461F00B2462600089C2A003B0043
:102FE0003100A04743460135585D0028F6D14A46D6
:102FF0003400B94656460A92F5E6C0239B00B078E5
:10300000194302365DE5C023B0781943023658E50E
:103010000C230A009A4314331A43103B0B920C936F
:103020004B058DD496E7A14634005646DBE60A9A56
:10303000012A00D853E26B1E9F18089BB046260059
:103040004C4699462A002300013531002020C8470C
:10305000BD42F7D1A14634004646099B3A0001CB58
:10306000210098467D1C4B46089FC0B2B847434696
:1030700001360993DDE40B9B0A9AA8469A4200D8D0
:10308000B5E694466544ED1A089B4746B0462600CF
:103090004C4699463A002300013731002020C847AA
:1030A000AF42F7D1A14634004646A0E60B9A0A99F2
:1030B000531C914200D814E24B199B1A1F00089B25
:1030C000B24626004C4699462A00230001353100BD
:1030D0002020C847BD42F7D10A9BA14601330B937C
:1030E000099B34001B7856469C466046002800D059
:1030F00058E67CE60722099B073393430132944646
:103100009C4462465F6809921A68FB1710931193FA
:1031100010981199030053400E930B007B400F93BE
:1031200094460E9A0F9B121A8B410E920F93FB0F2F
:103130006246129300233A439B463DD00B9A61238B
:10314000920600D541230022DBB20EA90A3B8C4631
:1031500092460D9343461F32624413951596554689
:103160000E9E0F9FA24690460C9C14930CE03032AA
:10317000D2B2434601355A55BB4500D18AE1202DD4
:1031800000D18AE106000F00220000233000390040
:1031900000F08CFAD2B2092AE9D90D9B9C46624410
:1031A000D2B2E6E7FF23099904C913401A00099136
:1031B00017E5C046791F00100B9A10331100994390
:1031C0000B915205BAD500239A460B9B06930A9B96
:1031D0000593434604930C9B0393129B029353461F
:1031E000019316AB2A00009321004B460898FEF786
:1031F00013FF013605001CE4FF22099B02CB11409E
:103200008B460993C5E65346454609930136FFF7B9
:1032100010FC56465C46AA46139DD6E708230C933D
:103220000B910B99642800D084E60B9B5B0500D5BD
:1032300086E6B4E40722099B0733934301329446A0
:103240009C44624609921A685B6810009B46130012
:103250005A46134307D10B9A1033110099430B912F
:10326000520500D5A1E60B9A6123920600D54123B1
:103270000022DBB20EA90A3B8C4692460D934346D0
:103280001F3262445F461295A34655460400B2467B
:1032900090460C9E13930DE03032D2B24346013576
:1032A0005A550023BB4200D100E1202D00D100E19E
:1032B00004000F00320000232000390000F0F6F96E
:1032C000D2B2092AE8D90D9B9C466244D2B2E5E706
:1032D0000B9A6123920600D54123DBB20EA90A3B6B
:1032E0001F228C460D93230062445C461295170002
:1032F00055469B46B2460C9E08E03033DBB20135A2
:103300007B55B4420ED3202D0CD004003100200098
:1033100000F08AF9CBB20929EFD90D9A944663449B
:10332000DBB2ECE756465C46AA46129D3FE6099B97
:103330001A0008CAD91713925A184A409246DA0F4F
:103340001292002B08D1802310220B99DB000B4036
:1033500091430B91002B2BD10B9A6123920600D540
:1033600041230EAA1F279446DBB20A3B0D95674402
:103370005D460993A3465446B2460C9E08E030339E
:10338000DBB201357B55B4420ED3202D0CD00400A6
:103390003100200000F048F9CBB20929EFD9099A91
:1033A00094466344DBB2ECE756465C46AB460D9D63
:1033B0000B9B2A0006930A9B210005934346049326
:1033C0000C9B08980393129B013602935B46019372
:1033D00016AB00934B46FEF71FFE139B05000993A7
:1033E000FFF727FB02230C931AE7099B04CB9246B5
:1033F0001293002A08D1802310220B99DB000B4086
:1034000091430B91002B2BD10B9A6123920600D58F
:1034100041230EAA1F279446DBB20A3B0D95674451
:103420005D460993A3465446B2460C9E08E03033ED
:10343000DBB201357B55B4420ED3202D0CD00400F5
:103440003100200000F0F0F8CBB20929EFD9099A39
:1034500094466344DBB2ECE756465C46AB460D9DB2
:103460000B9B2A0006930A9B210005934346049375
:103470000C9B08980393002302935B46019316ABC1
:1034800000934B46FEF7C8FD129B050009930136D9
:10349000FFF7CFFAB44200D871E6149B54460E965B
:1034A0000F97AA469846159E139D8EE6A64200D811
:1034B000FBE6139B56469846AA465C46129D76E567
:1034C00008C9D8171A1842400991FFF78AFB002350
:1034D0000B9350E4099B04CB9346099359E52F00C5
:1034E000BBE50B9301E6063B0C939AE60EB4012272
:1034F00010B585B007AC08CC0100009452420448D6
:103500000394FFF771FA05B010BC08BC03B018476C
:10351000711F001000B585B0039101210290009346
:10352000034813004A4202A9FFF75EFA05B000BD46
:10353000F521001010B5094A0300146884B0002C6E
:1035400008D0012200910648524203A9A047012059
:1035500004B010BD00F0D4FD0020F9E7F42A0020EB
:10356000E521001001480421014B18477015002087
:1035700095350010142310B50100188804331B88FA
:10358000984710BD162310B50100188802331B8818
:10359000984710BDF8B54746CE4680B50F1E19D0E6
:1035A00014239946043304000025012698464B460F
:1035B0001888434621681B88984701C4431E9841D8
:1035C000013540420640AF42F1D13000C0BCB9469F
:1035D000B046F8BD0126F8E7124A936F9B0815D252
:1035E0009066D166002905D0FFE7FFE7FFE7516F3E
:1035F000106F704704B580210906C217514000289A
:1036000000D0C8430EF0D8F9002104BDF0B5146E07
:10361000556E576F166FFFF7E3FF146655665767D1
:103620001667F0BD000000D0114A936F9B0813D2BB
:1036300010665166002905D0FFE7FFE7FFE7516FED
:10364000106F704704B5002801D00020C0430EF071
:10365000B3F9002104BDC046F0B5146E556E576F26
:10366000166FFFF7E5FF1466556657671667F0BDDE
:10367000000000D094464E4A926F9208624601D2F2
:1036800030E0C046F0B54A4EB56F6D08FCD3346EDD
:10369000756E776F366F00F025F89446444A1466CD
:1036A0005566576716676246F0BDC0469446404A65
:1036B000926F9208624601D258E0C046F0B53C4E87
:1036C000B56F6D08FCD3346E756E776F366F00F092
:1036D0004DF89446364A1466556657671667624633
:1036E000F0BDC046002B24DB11D000293EDA00B526
:1036F000C943404200D1013100F038F8C94340428B
:1037000000D10131DB43524200D1013300BD002A18
:10371000EBD1002801D1002905D00020C90FC9072D
:1037200001D1C043410800B50EF00EF9002200237C
:1037300000BD00B500290ADBDB43524200D1013352
:1037400000F014F8C943404200D1013100BDC94323
:10375000404200D10131DB43524200D1013300F03D
:1037600005F8DB43524200D1013300BD002923D1CB
:10377000002B18D1002A0CD0BC460D4F38667A6653
:1037800000210023FFE7FFE7FFE77A6F386F674606
:103790007047002801D00748010000B50EF0D4F8AA
:1037A0000022002300BD02000B0000200021704712
:1037B000000000D0FFFFFFFF002B00D0BFE0130C84
:1037C00028D1002AE7D080B4114F39667A66FFE726
:1037D000FFE730B4040C7B6F396F1B0423433B6657
:1037E0007A66FFE7FFE7FFE7C04684B27B6F3D6F75
:1037F0001B0423433B667A66FFE7FFE7C0460023CE
:103800002C042D0C7A6F386F00196941B0BC7047D9
:10381000000000D0F0B594460025140E01D112022C
:103820000835140F01D112010435940F01D1920013
:103830000235D40F01D152000135D40B0134254F8C
:103840007C66254C3C660E0C93B2FFE7FFE7FFE772
:103850003C6F6643360C7703BE467343DF0B5B0455
:10386000C01AB941130C7343DB18C91ACE0866435A
:10387000360CB64493B273431F0F1B01C01AB941F3
:10388000130C73431F0B1B05C01AB941860D8F0221
:103890003E436643360C092D24DB520A7243801ADC
:1038A0007703460A6643360C16235B1BDE40DF4077
:1038B000BF1964466643821B704604350633010017
:1038C000D940A840C01900D30131A24206D200233A
:1038D000F0BD0000000000D0FFFFFFFF121B013011
:1038E000F3D3F1E709277F1BFE406446A2B272437F
:1038F000801A00D20139220C7243130C1204821A6E
:1039000099410B007046043513370100F940A84077
:10391000801900D30131002B02D1A2420AD2F0BD9E
:10392000013000D30131121BFAD2013BF8D1A2427F
:1039300000D2F0BD013000D30131121BF7E7F0B522
:103940001C0C00D080E00CB400251C0A04D11B0222
:10395000160E3343120208351C0B04D11B01160F3F
:103960003343120104359C0B04D19B00960F334363
:1039700092000235DC0B02D192185B4101351C002C
:10398000971864410134464F7C66464C3C660E0CE9
:10399000FFE7FFE7FFE7C0463C6F6643360C77035F
:1039A000BE4697B27743C01B00D20139C01B00D27C
:1039B00001399FB27743C91BC91B170C77437E049B
:1039C000FF0B801BB941CE086643360C0C2D33DB50
:1039D000B644120B1F053A431B0B97B27743C01B2B
:1039E00000D201399FB27743C91B170C77433E04BD
:1039F0003F0C801BB941860D8F023E436643292749
:103A00007F1BFE400C3D7746AF40BF1930BCA2B2D1
:103A1000ABB272437343801A9941220C7243130C68
:103A20001204801A994102000B000137001BA941C2
:103A3000F9D2781E0021F0BD0C277F1BFE4077468F
:103A40007F0BAF40FF19E0E700245D1C07D0144F47
:103A50007D663966FFE7FFE7FFE7FFE73C6F95B25A
:103A60009EB265436643401BB141150C1E0C654375
:103A7000664336042F0C3E432D04401BB14199424E
:103A800004D202000B0020000021F0BD01D19042C1
:103A9000F7D3801A994101349942F2D3F6E7000036
:103AA000000000D0FFFFFFFF48404140484018B4ED
:103AB000134B5B68019308BD18B4114B1B6801934D
:103AC00008BD94460F4A926F920805D2624618B418
:103AD0000B4BDB68019308BD0A4AF0B5146E556EB6
:103AE000576F166F6246FFF7F2FF064A1466556677
:103AF00057671667F0BD18B4014B9B68019308BD6A
:103B0000481F0020000000D0FFB550404240504008
:103B100059404B40594000E0FFB5154F4C00640D33
:103B200003D0BC4204D10C0314D80020090D0905B0
:103B30005C00640D03D0BC4204D11C030AD80022EF
:103B40001B0D1B0501264B4009D44B4003D58B426E
:103B500000D18242FFBD9942FCD19042FFBD0B4390
:103B6000DB1803431343F5D0C9434918FFBD0000D8
:103B7000FF07000000B5FFF7CFFF804100BDC04642
:103B800000B5FFF7C9FF01D9002000BD012000BD2D
:103B900000B5FFF7B9FF01D9002000BD012000BD2D
:103BA00000B5FFF7B1FF804100BD012040054A008C
:103BB000121804D85A00121801D8002070470120AA
:103BC00070470020704700000021002805D1704791
:103BD000C1174840401AFAD0C90713B5064B1B68F5
:103BE00098470CBC441CA2401005120B0349091B4A
:103BF00009051943114310BD182B00201F040000B4
:103C000010B54C00620D8023D218DB00D21A5B0580
:103C10007E2A10DD9E3A13DACC17090349081943AE
:103C20005242D140640001341532202A05DAD040D6
:103C30000843604310BD002010BD0846604310BD1E
:103C4000C80FC018013810BD18B4024B5B6A01934D
:103C500008BD0000481F002010B50148FDF746FFD1
:103C6000B01D0110132370B51D78012D11D035DD65
:103C70001C48FFF787FC1C4C01008022200000F04C
:103C8000D7F8022D27D01948FFF774FC184B18609D
:103C900070BD184B144C23606360A360E360236124
:103CA0006361A361E36123626362A362E3622363EE
:103CB0006363A363E36323646364A364E3642365CE
:103CC0006365A365E36523666366A366E3662367AE
:103CD0006367A367E367084BA364D4E7024C064B12
:103CE000A364D0E753440000481F00204C33000079
:103CF000182B0020593C0010FD3C001007B5604611
:103D000001880A0A0230DF2AFAD1C9B2820804D334
:103D1000028840880004104300E00068014A5050C7
:103D2000039007BD481F002051434343C9188C46E8
:103D3000110C83B24B4310B4040C614392B280B2B5
:103D4000504362431C041B0C001910BC594113045E
:103D5000120CC018514161447047000010B5014871
:103D6000FDF7C4FED81A0110132310B510481C78B3
:103D7000FFF708FC0100012C0AD003DD80220D486A
:103D800000F056F80C48FFF7F5FB0C4B186010BD1F
:103D9000084C5422200000F04BF82300084A8033DE
:103DA0002168002900D122600434A342F8D1E9E758
:103DB000534600001C2B00204C330000182B002021
:103DC0005D3D001010B504000CF04EFA002804D040
:103DD000034B04199C4200D810BD0248FDF786FE33
:103DE00000000420C81D011010B50C000CF05CFD93
:103DF000002804D0034B04199C4200D810BD02488F
:103E0000FDF774FE00000420C81D011010B50CF071
:103E100035FA10BD01480421014B184780150020D8
:103E200095350010014B1B681847000080150020D5
:103E3000014B5B681847000080150020030010B597
:103E4000080011001B68984710BDC046F0B54646F3
:103E50004F46D646C0B5437C80460E001700002B67
:103E600046D0002A3FDD4B1E9946244B01250024F5
:103E700000209A460DE04B461B5D0D3B5A425341D4
:103E8000325DDBB20A2A0BD02B00013401359F4290
:103E90001ADD002CEFD14346325D1B7C0A2AF3D198
:103EA000002BF1D1A04204DA4346211A1B683018D6
:103EB0009847434650461B68022198470134280022
:103EC0002B0001359F42E4DC874204DD4346391A6A
:103ED0001B6830189847F619013E33780D3B5A425B
:103EE000534142461374E0BCBA46B146A846F0BD01
:103EF0000368110030009847F5E7C0463C1E0110EA
:103F0000F0B5C6460C000968060000B5802906D049
:103F10004B1C23606418267180BCB846F0BD0F4B63
:103F20001D68002D16D0231D98460D4F02E0ED6848
:103F3000002D0FD02B68002BF9D03B68002B01D04F
:103F4000AB42F4D1280041462268FFF77FFFED68BD
:103F5000002DEFD101230021DBE7C046E42600203D
:103F6000EC260020F0B557464E464546DE461C007E
:103F7000D023E0B51B061F68344B83B006000D004C
:103F8000180001A991469A460DF026FD80460028AA
:103F900008D1019B7FB29F4204D050460DF064FDD2
:103FA000012398466B1C03D130000CF0D1FE0500B4
:103FB000002C27D1264F274B1C68002C18D04B46CD
:103FC000002B21D1244B994602E0E468002C0FD04D
:103FD0002368002BF9D04B461B68002B01D0A3426D
:103FE000F3D120002A003100B847E468002CEFD15B
:103FF0004346002B25D103B0F0BCBB46B246A946D0
:10400000A046F0BD154FD6E7134B99460A239B46B1
:1040100002E0E468002CEBD02368002BF9D04B467B
:104020001B68002B01D0A342F3D12A0031002000ED
:10403000B8475A466B4620001A7101A90122B847B9
:10404000E7E750460DF078FCD5E7C046181E002083
:104050004D3E0010E4260020EC2600203D3E0010DE
:10406000F0B5CE46474680B583B06B46DE1CD02304
:1040700030701B061C681F4B804601A9180099462A
:104080000DF0AAFC071E20D01B4B1C68002C28D06A
:104090001A4D02E0E468002C0FD02368002BF9D001
:1040A0002B68002B01D0A342F4D120000122310063
:1040B000FFF7CCFEE468002CEFD1002F11D1404671
:1040C00003B0C0BCB946B046F0BD019B64B29C428F
:1040D0000BD048460DF0C8FC074B01271C68002C8C
:1040E000D6D148460DF028FCE9E7034B1C68002CAC
:1040F000CED1E4E7181E0020E4260020EC260020A4
:1041000070B504000CF024FE00230100050001221C
:104110002000FFF727FF084B1C68002C06D06368BF
:10412000002B05D09847E468002CF8D1280070BD1A
:10413000E468002CF3D1F9E7E4260020F0B5474607
:10414000D64680B516000F0083B000282DD11C4B39
:104150001C4D1A685B68019200931B4B9A461B4BDF
:10416000984653461C68002C03D114E0E468002CE8
:1041700011D02B68002B01D0A342F7D1A368002BEC
:10418000F4D03100380098470028EFDD03B0C0BC00
:10419000BA46B046F0BD434600995B6A994209D8D9
:1041A00042460198926A824202D301204042EDE7E2
:1041B0009942FAD101200021FDF7F6F8D1E7C04677
:1041C000201B0110EC260020E426002000400540C2
:1041D000F0B54F46D6464646C0B501380D0017002B
:1041E00082B0012842D8D0231B061C68214B01A9AC
:1041F00018009A460DF0F0FB8146002808D1019B7B
:1042000064B29C4204D050460DF02EFC0123994626
:10421000B8467B1C03D128000CF09AFD8046164B53
:104220001C68002C14D0154E02E0E468002C0FD05E
:104230002368002BF9D03368002B01D0A342F4D1BE
:10424000200042462900FFF701FEE468002CEFD170
:104250004B46002B06D1380002B0E0BCBA46B1464E
:10426000A846F0BD50460DF067FBF4E701277F42FA
:10427000F1E7C046181E0020E4260020EC260020AE
:104280000A4A1368002B05D10CE01A00DB680C32D7
:10429000002B07D09842F8D1002902D1C3681360DF
:1042A000C16070470029FCD01060FAE7E4260020C6
:1042B000F0B54746CE46D02380B51B061D682E4B71
:1042C000A5B007000C00180003A998460DF084FB68
:1042D000061E07D1039B6DB29D4203D040460DF0F0
:1042E000C3FB01368422002103A8FFF79BFD2300B6
:1042F0003A00224803A9FFF70DF9039B0700002BA2
:1043000014D11F4B1C68002C06D06368002B0BD007
:104310009847E468002CF8D1002E27D1380025B04A
:10432000C0BCB946B046F0BDE468ECE7144B1D686C
:104330009946002D1ED0134C02E0ED68002D11D0DF
:104340002B68002BF9D02368002B01D0AB42F4D1AD
:10435000039B28001A0004A90193FFF777FDED687D
:10436000002DEDD14B4603951C68CCE740460DF07F
:10437000E3FAD3E70395CFE7181E0020013F0010B2
:10438000E4260020EC2600200FB400B583B004A979
:1043900001C90191FFF78CFF03B008BC04B01847B6
:1043A00010B500F03DF910BD7047C0460022014B2A
:1043B0001A707047542C00204B790020FF2B0BD132
:1043C0008B79002B08D1CB79012B05D1082A03D991
:1043D0008A78024B09301A707047C046542C00206E
:1043E0000120704770B5002915D11549537910790E
:1043F00009781B0203430020994200D070BD537816
:10440000012B0AD0022BF9D1002064220021FDF7F4
:104410004FFD0120F2E70120F0E79478D278050003
:1044200012021443D20502D5620A93401D000548CA
:10443000FFF7A0F87F210300214028009847C046DD
:10444000542C00205542000001230370004870479F
:10445000401E011048780B788A7800021843120435
:1044600010439622CB7810B51B060343D20093422B
:1044700000D010BD0348FFF77DF8002103000800BD
:104480009847C0465542000070B5184C82B00600EF
:104490000D00200001A90DF09FFA002808D1D023BB
:1044A0001B061B68019A9A421CD020000DF0DCFA12
:1044B000002001F01FFE002807D103256D422000D7
:1044C0000DF03AFA280002B070BD002001F02AFE7B
:1044D0000028F2D02A003100002001F02FFE051E36
:1044E000EBD0ECE703256D42ECE7C046202C002022
:1044F000F0B5DE464F464646C0B5334B82B08146E6
:104500000D00180001A99B460DF066FA002808D19D
:10451000D0231B061B68019A9A424FD058460DF0D3
:10452000A3FA002001F0E6FD00283FD00024002D72
:1045300041DD264E11E04B460020191901F072FEB4
:10454000804600F065FE002001F030FEFCF722FFFF
:10455000306071604444AC422DDA002001F07CFEF2
:104560002F1B0200B84200DD3A00002AE3D100F020
:104570004FFE002001F01AFE002001F0BBFD0028D4
:1045800019D0002001F068FE0028E4D1FCF702FFFA
:10459000326873680F00002184460D4812184B41A1
:1045A0009F4208D8D7D19445D5D904E000200021F6
:1045B000064B1860596058460DF0BEF902B0E0BCD9
:1045C000BB46B146A846F0BD202C0020401F00206D
:1045D00020A1070010B5044B1878FBF7CBFFFA2099
:1045E0000021800010BDC046552C002010B5024BA4
:1045F0001878FBF7BFFF10BD552C002010B5074CF5
:10460000002120000DF0E8F9002800D110BD00F0D5
:10461000FFFD20000DF090F9F8E7C046202C0020A7
:10462000F0B5244B85B01B7801F0FEFF2248FDF762
:104630009BF90120FCF726FAFF23204C204920702B
:104640001840FBF7BDFF20780121FBF781FF052013
:10465000FBF798FF041E0CD0002205201949FBF738
:10466000D9FF01211848FFF70BFE0124200005B0F7
:10467000F0BDFCF77DFC0500FCF78CFEFA2206007D
:104680000F000023920092197B4199420ED80BD063
:1046900001210291002101910C4928000091FCF7B1
:1046A0006BFC0028E2D0DCE79042F1D901225242B3
:1046B000D317EDE7F8400110202C0020552C0020E6
:1046C000FD450010ED45001090150020D545001067
:1046D00000487047F81E011000487047A41E0110E2
:1046E00070B5040017480378002B21D0002C06D1A8
:1046F000C1241548154BA4004380048070BD052CCF
:104700001DD8134B1048A400E558811C002304E079
:1047100001330A800231132B0ED0EA5CDCB2002A8E
:10472000F6D1C0230134E4B264009B001C43E4E7EB
:10473000112102F00FFAD9E7CA24A400DDE7002016
:10474000DCE7C046382C0020BC260020090400000D
:104750000C1F0110F0B5982357464546DE464E46DD
:104760006C4AE0B5D75880253C006D02883B9A46DC
:1047700083B02C402F420FD001222321664B002012
:104780005A54DA70654901F073FA8022644B920240
:104790001A65644B2C009A46FB0617D480235B01F4
:1047A0001F4245D18023DB011F4200D088E08023D7
:1047B0001B021F4200D091E0BC4200D0A5E003B034
:1047C000F0BCBB46B246A946A046F0BD514B9B6D1E
:1047D0009846002B27D0524B00249B460123994634
:1047E00043460126B8461F0004E001347600E4B2D7
:1047F000202C17D03742F8D05B469E654B466508A3
:10480000A3436D00ED18444B6D019C4665442800A0
:1048100000F08AFB00286CD10134B743E4B2760083
:10482000002FE5D1474680235B0154461F42B9D093
:104830001C430023374A00211360384A3A489360EA
:10484000D3603A4A9360D360394A9360D360394A5F
:104850009360D360384A9360D360384A9360D360E2
:10486000374A9360D360374A9360D360364A936087
:10487000D360364A9360D360354A9360D360354A3B
:104880009360D360344A9360D360344A9360D360BA
:10489000334A9360D360F0229200FFF7C3FA314BA2
:1048A000314A00211A600020012201F0B7F980226C
:1048B0001B4B12031A658023DB011F4200D176E7F0
:1048C0000122042100201C4301F018F91022144B8E
:1048D0001A6580231B021F4200D16DE701220521CA
:1048E00000201C4301F00AF980220D4B12011A65C9
:1048F00062E74B46AA8AA97800200093002301F0C2
:10490000DFF9280000F04CFA86E7210017487940CB
:10491000FDF7ECF800001150F426002000001050C4
:104920000030115010000100342700200800105002
:104930001000105018001050200010502800105087
:1049400030001050380010504000105048001050F7
:104950005000105058001050600010506800105067
:1049600070001050FC2A002080011050241F0110FC
:1049700010B501210520FBF7EBFD10BD10B500229D
:104980000021024800F034FA10BDC0461427002070
:104990008022024B5202DA647047C0460020115058
:1049A000F0B5C64600B5060000F0D4F90C23354D2D
:1049B0000520AB673449FBF703FE40239846334C90
:1049C000402200212000FFF72DFA43460127A38350
:1049D000212100232E4A6770A260136063545F3167
:1049E00061844146A187023963542A4A2A49636097
:1049F000E260A1620B60E262284A63629360D36066
:104A0000274A20009360D360264A00219360D36038
:104A1000254A40309360D360244A9360D360244A8F
:104A20009360D360234A9360D360234A9360D3603A
:104A3000224A9360D360224A9360D360214A9360F4
:104A4000D360214A9360D360204A9360D360204AA8
:104A50009360D3601F4A9360D360F0229200FFF707
:104A6000E1F91D4B1D4A30001A6080239B052F641D
:104A7000EB6490231A4AEA50FFF78AFF80BCB846DD
:104A8000F0BDC0460000115055470010F42600202C
:104A90008400105000011050800010500000105091
:104AA0000800105010001050180010502000105036
:104AB00028001050300010503800105040001050A6
:104AC0004800105050001050580010506000105016
:104AD0006800105070001050FC2A00208001105017
:104AE00010D001000B785B0602D14B78052B00D06B
:104AF00070478A78014B1A60FAE7C04600001150EF
:104B0000F0B5CE464746072380B548798E780A79B6
:104B10000340C8787F21800731401B02F40913430A
:104B20004F00820F944691462A4D3A195201AA1815
:104B30009670012666405670604600269383D670B4
:104B40009077CA00012C29D023488446880162440A
:104B50008446AC44604682601660002929D01F4A12
:104B6000C9009046414441603F223F3393434A4647
:104B7000022A00D15B001A493F190A687F01D31845
:104B80000B60184BED195340EA604A4690061843F3
:104B900080231B0618436B68186010E01248844697
:104BA000880162448446AC446046826216600029F3
:104BB0000AD1002364012D196B600C4BEB600120BE
:104BC000C0BCB946B046F0BD064AC9009046414453
:104BD0004162C9E7F4260020840010500400105000
:104BE000FC2A0020000010508000105000011050DE
:104BF00000231C4A10B59360D3601B4A00219360C8
:104C0000D3601A4A1A489360D3601A4A9360D360FB
:104C1000194A9360D360194A9360D360184A93602D
:104C2000D360184A9360D360174A9360D360174AE1
:104C30009360D360164A9360D360164A9360D36042
:104C4000154A9360D360154A9360D360144A936009
:104C5000D360F0229200FFF7E5F8124B124A1A6077
:104C600010BDC04600001050080010501000105039
:104C70003427002018001050200010502800105039
:104C800030001050380010504000105048001050B4
:104C90005000105058001050600010506800105024
:104CA00070001050FC2A00208001105010B57F20A9
:104CB0000C0020404000E409110000191A00034BC9
:104CC0004001C01800F094F8012010BDF426002027
:104CD0007F22130010B50B400A420BD0C909802275
:104CE000580040180649400140181201002100F008
:104CF0005DF810BD02220348C909521A8266EEE728
:104D0000F4260020002011507F22100010B508402A
:104D10000A4200D110BD0023C909400040180449CF
:104D20004001081800220349C37000F03FF8F1E782
:104D3000F4260020FFF7FFFF7F21C309034A9B00F1
:104D4000014010B59A580248FCF7D0FEA415002087
:104D5000381F011080220D4B520410B51A600C4B05
:104D60000C491A6010008B689843FBD10A4C9C22B6
:104D700000212000FFF756F8802200215201074849
:104D8000FFF750F80923636710BDC04600E00040FC
:104D900000F0004000C00040000011500000105022
:104DA00000230374438283828361704710B5836854
:104DB000002901D01C682140002A11D08024E40081
:104DC000114322420CD01A6822420BD1074A0A40F2
:104DD0001A60FFE7FFE7FFE7FFE7FFE7FFE783680A
:104DE000196010BD8078FFF7A7FFC046FFFBFFFFEB
:104DF000F0B5C646002300B58382013303744368CF
:104E000004001E68838B81611F1C934200D9171C0C
:104E10008025BFB2D21B93B2E278ED0063823D439E
:104E2000002A02D09025AD013D4301204240E270AE
:104E30006278002A51D0002B1DD1A023DB011D4335
:104E4000354B1B6C354B33408026B6051E436368DB
:104E5000A2681E6013685B055AD4314B2B40136067
:104E6000FFE7FFE7FFE7FFE7FFE7FFE7A3681D6056
:104E700080BCB846F0BD802252011543264A126C10
:104E8000920703D4A278D209012ADBD1A28B111C8C
:104E90009A4200D9191C80278AB2FF009B1A9046BB
:104EA0001743E2789BB26382002A03D090274146E1
:104EB000BF010F4301214A40E2706278002A19D0F5
:104EC000002B02D18023DB011F43164B3F043340EC
:104ED000A026F6053D431E43B9E73A00E068FEF719
:104EE000A7FFA3699C46802367441B021D43A7615B
:104EF000638AA0E7E0684246A1694030FEF798FF68
:104F0000A3694344A36180231B021F43638AD7E73D
:104F1000A078FFF711FFC04600001150FFFFFFAF60
:104F2000FFFBFFFFFFFFFFDFF0B5C64600B5067CC5
:104F30000400002E00D1D3E083681A681D6843780E
:104F4000AD05AD0D002B51D1838AEB189BB2838246
:104F5000A18B8D4207D20023638263681B683000F7
:104F600080BCB846F0BD62681268520002D58D421E
:104F700000D175E0638A002BF1D062681F1C1668AF
:104F80008B4200D90F1C8025BFB2DB1BE2789BB29D
:104F9000ED0063823D43002A02D09025AD013D43E0
:104FA00001214A40E2706278002A68D0002B2AD1A1
:104FB000A023DB011D434F4B1B6C4F4B334080261E
:104FC000B6051E436368A2681E6013685B0500D5C2
:104FD0008DE04A4B2B401360FFE7FFE7FFE7FFE759
:104FE000FFE7FFE7A36800261D60B8E72A00C16855
:104FF0008069FEF71DFFA38AA269EB189BB25219C4
:10500000A382A261A4E7802252011543394A126C9F
:10501000920703D4A278D209012ACED1A28B111C07
:105020009A423FD880278AB2FF009B1A90461743C6
:10503000E2789BB26382002A2FD101214A40E270BC
:105040006278002A3ED0002B02D18023DB011F436F
:105050002B4B3F043340A026F6053D431E43B1E7EA
:10506000A26815686278AD01AD0D002A1CD1EB185D
:10507000A3828D4200D37DE7002363826FE73A006D
:10508000A169E068FEF7D4FEA3699C4680236744CB
:105090001B021D43A761638A88E790274146BF0131
:1050A0000F43CAE7191CBDE7E1682A004031A06937
:1050B000FEF7BEFEA38AA18BEB18A382A3695B193E
:1050C000A361D6E7E0684246A1694030FEF7B0FE32
:1050D000A3694344A36180231B021F43638AB2E791
:1050E0007F238178074A08481940FCF7FFFCA07825
:1050F000FFF722FE00001150FFFFFFAFFFFBFFFF95
:10510000FFFFFFDFA4150020581F0110024B587845
:10511000431E9841C0B2704724240020024B1878E7
:105120004007C00F7047C04624240020014B187868
:105130007047C046502C0020F8B54746CE4680B593
:10514000294F05003B78002B04D00120C0BCB94694
:10515000B046F8BD532200212448FEF763FE244CDC
:105160002000FCF701FC234B1C60234C20001C306A
:10517000FCF716FC200001F0A1FC204B204E1C6027
:10518000204B9846002B04D03000FFF75DF91E4BF2
:105190001860424600243378002A1DD01B4A9046EE
:1051A000194A91469C4210D31BD14346984701347B
:1051B0003378E4B2A342F5D22800FFF7F1FB2800D0
:1051C000FFF7D6FB01233B70BFE74A466300126836
:1051D0001B19DB009B58E9E701F04AF83378002BF4
:1051E000EAD000231B68FFDE502C0020242400207E
:1051F000DC23002078240020AC1500207C24002033
:105200004F2C002049440010EC2000207162001057
:10521000F0B5DE4657464E464546E0B58BB001F048
:1052200009FA002800D144E1C24BC34E9B4607ACAB
:105230003568EA69EFF3108172B61368002BFCD071
:10524000BFF35F8F29622800210001F0ABFAEA6901
:105250002B6ABFF35F8F0021116083F31088002851
:1052600000D126E16378082BE2D85A469B00D35838
:105270009F466368002BDBD0A0689847D8E77F2261
:105280002179AE4B0A405500C8095B191B1818005C
:1052900001273030C578BD43C570C5780337BD439D
:1052A000C570002A00D10BE1A54ADB7C002A06D09C
:1052B000A44A1278934200D291E19B1ADBB2002BF0
:1052C00000D0F6E0A04D62792078A368A847AFE748
:1052D00001229A4F01213B78042013433B70332372
:1052E000FA5C8A43FA54FA5C8243FA540133FA5C5A
:1052F0008A43FA54FA5C8243FA54237800209A468F
:1053000000F066FE602223791A40602A0DD0402A00
:1053100000D1F2E0DB06DB0E012B00D16AE1022BAB
:1053200000D121E1002B00D1F6E020780021FFF729
:10533000CFFC80212078FFF7CBFC79E77F4B1B78EF
:10534000DB0700D474E7814B002B00D170E700E04D
:1053500000BF6DE7794B1A78D20700D468E77C4A22
:10536000002A00D164E718780007C00F00E000BFF2
:105370005EE7744D724A00272B78002A00D1B6E010
:10538000744A90469F4208D39F4200D0B2E0013752
:10539000FFB29F4200D94BE7F6D2414609687A0036
:1053A0008C46D219D20062445269002AEFD020788C
:1053B000904701372B78FFB29F42E3D938E7237833
:1053C000604D5F4A984600272B78002A00D186E07E
:1053D000614A91465F4A92462A0045469046BB4242
:1053E0005ED800D078E04B46280098474346013706
:1053F0001B78FFB2BB42F2D2504D5322002128004D
:10540000FEF710FD1022FF21E81CFEF70BFD28001F
:105410002022FF211330FEF705FD00F0CFFD4F4B9A
:10542000002B00D104E700E000BF01E72378454DE1
:10543000434A984600272B78002A47D0464A91468F
:10544000444A92462A00454690469F421FD343D184
:105450004B4628009847434601371B78FFB2BB42B2
:10546000F3D2364D532200212800FEF7DBFC102238
:10547000FF21E81CFEF7D6FC28002022FF21133074
:10548000FEF7D0FC00F09AFD2379AB70D0E65246CF
:1054900012687B009446DB19DB0063445B68D8E745
:1054A000524612687B009446DB19DB0063445B685C
:1054B0009AE70BB0F0BCBB46B246A946A046F0BD89
:1054C00062792078A36800F097FDB1E6404600F0CD
:1054D0000DFF2B78002BC4D000235B68FFDE404615
:1054E00000F004FF2B78002B00D185E7F4E7002BB8
:1054F00000D19DE600235B69FFDE1948002800D13A
:1055000013E700F065FD0021504608AA00E000BF47
:10551000002800D08CE608E7202A00D19FE0002A6E
:1055200000D002E76379092B00D9FEE60D4A9B0003
:10553000D3589F468C1F01107C2400202424002077
:10554000494400104F2C0020E164001000000000CE
:1055500000000000EC200020ED62001000000000C0
:1055600000000000B01F01107023217A0B4200D010
:10557000DBE60F330B405B00F818CD090093C14BFD
:105580004019C07C002B06D0BF4B1B78984200D23C
:1055900088E0C01AC0B200287ED1002A00D015E1F0
:1055A000BA4B0193637998460223424699469A433F
:1055B000012A00D10EE14346002B00D0B5E6009B46
:1055C00006AAFB185D193035EB7802329B07DB0F1A
:1055D00013805046022308A900F092FC28E65A00E6
:1055E000D318AB4ADB001268D318002B00D160E758
:1055F0001D6968E6237A0F2B00D996E6A14AFB18AD
:10560000DB78002A05D0A04A1278934264D39B1A13
:10561000DBB2002B00D088E69E489C4D00F0D8FC01
:1056200000215046EB6808AA9847002800D0FFE503
:105630006022150023791D401A4200D075E6637977
:105640000A3B012B00D970E600F0C2FC63790A2BFB
:1056500000D1EEE0504608A900F03AFCE8E5237AD4
:105660000F2B00D961E6874AFB18DB78002A06D0A9
:10567000854A1278934200D2D0E09B1ADBB2002B0D
:1056800000D052E68348814D00F0A2FC0021504634
:10569000EB6808AA98473BE7002A00D045E60023BC
:1056A00001937FE743009C46794B60441B68C00030
:1056B0009C46030063440193002A00D172E7002B4B
:1056C00000D132E6D86800F083FC019B00215046EF
:1056D000DB6808AA98471BE76D4A5D00EB18156860
:1056E000DB00ED18002D00D11FE6E86896E7E3889F
:1056F000012B00D019E608223B785046934308A9B5
:105700003B7000F0E5FB93E50220397806AB9A1C6C
:105710008B068908DB0F01400B4359E7A3790193FE
:105720001A007B789A4207D07B78002B00D01EE1CC
:10573000019B002B00D0B3E0019B504608A97B7071
:1057400000F0C6FB74E57B7806AA0232137050465F
:10575000012308A900F0D4FB6AE5E088030AC0B27F
:105760000F2B00D9E1E54C499A008A58974608A8C2
:1057700000F034FC5046A179FFF700F902223B7893
:1057800013433B7054E5E388012B00D0CDE508229C
:105790003B785046134308A93B7000F099FB47E55E
:1057A000022B00D194E13D4B002B00D1BDE500E080
:1057B00000BF0200002A00D1B7E5D37891781B0220
:1057C0000B43504608A900F09BFBA1E62F4B314844
:1057D000019378E7E288002A09D14346012B3DD0A6
:1057E000009BFB185D193035EB789B072AD5019D8E
:1057F000002D00D11CE5EB681800009300F0E8FBD9
:10580000EB68002108AA50469847002000F0E0FB12
:105810003423FB5CDB0700D50AE51BE71C4A5D006F
:10582000EB181568DB00ED18002D00D17DE5E86868
:105830002AE706AB9A1C5046012308A9157000F010
:105840005FFBF5E45046FFF743FA0222EB7813437F
:105850000122EB70EB781343EB70C8E7009BFB1859
:105860005D193035EB789B07C1D55046FFF74CFAF0
:105870004A46EB7893434246EB70EB789343EB70E8
:10588000B5E7C046494400104F2C002018200110F5
:10589000EC200020FD630010D81F01100000000064
:1058A000581EC0B2FEF718FF002800D13DE543782E
:1058B0000493022B00D038E50121C3799A115B11C2
:1058C0000A400B4052011B0113433A782F318A439F
:1058D00013433B7009239946C37882781B02134314
:1058E000C31881440393039B4B4500D8E9E04B4622
:1058F00001225B7800920B2B07D14B46DB7800939B
:105900004B461B7899444B465B78042B00D00CE542
:105910004A46039B00259B1A9BB202936E4A6F4B2B
:105920001B78002A16D162E0AB4271D16C4A6D4BF4
:10593000904649465046029A98478446082802D91C
:10594000029A824269D2654B01351B78EDB2AB42B7
:1059500000D2EAE4AB42E7D9634A6B0012685B19F4
:105960009046DB009844434605929B68E1E7504629
:10597000FFF73EF9BB78594D574A009300212B7829
:10598000002A2DD0584A90462A000D0091469D428B
:105990001DD300D0A0E5554B504698474B460135E6
:1059A0001B78EDB2AB42F2D2532200213800FEF751
:1059B00039FA1022FF21F81CFEF734FA38002022B1
:1059C000FF211330FEF72EFA009BBB70B0E6424673
:1059D00012686B0094465B19DB0063445B68DBE78D
:1059E000504600F083FC2B78002BDDD074E5029B41
:1059F00049461A005046984600F08EFC8446082816
:105A000001D9404507D9354B1B78002B00D18CE4D8
:105A100000239B68FFDE324B9846009B012B48D049
:105A2000009B002B10D04B469978002305E0D570E1
:105A30000133009ADBB2934206D2CA18D2B2BA1826
:105A4000D078FF28F3D070E43800E0462B004946B8
:105A50006246133000F02EFE204BC1441B78AB424F
:105A600000D340E761E4224B002B00D15DE400E06D
:105A700000BF0200A1E6FEF72BFE1223020008A9D8
:105A8000504600F03DFA43E51A4B002B00D14CE4A0
:105A900000E000BF021E00D147E45046137808A979
:105AA00000F02EFA34E52189FEF71AFE021EF4D129
:105AB0003BE442460B4B92689A42B4D1049B00935C
:105AC000B1E70D4B002B00D136E600E000BF33E616
:105AD000FEF702FE02006DE6494400104F2C002044
:105AE0001820011019630010EC200020ED62001056
:105AF00000000000000000000000000030B587B08A
:105B000005000C000C2200216846FEF78BF96B465D
:105B10001D705C70042C4FD009D8022C34D0032C9B
:105B200019D13C4B1A78520758D407B030BD052C18
:105B300011D1384B1A78D207F7D504211A788A4345
:105B40001A70354B1C68E269EFF3108172B6136866
:105B5000002B09D1FBE7304B1C68E269EFF31081A1
:105B600072B61368002BFCD0BFF35F8F21626946C9
:105B7000200000F0E5FEE269236ABFF35F8F002199
:105B8000116083F31088D0E70121224B1A788A43F1
:105B90001A701A780331A2431A7000225A701A78C8
:105BA0008A431A701C4B1C68E269EFF3108172B6CD
:105BB0001368002BD8D1FBE7164B1A78D207B4D55F
:105BC00004211A780A431A70134B1C68E269EFF338
:105BD000108172B61368002BC6D1FBE704211A7836
:105BE00003A88A431A7000210C22FEF71BF96B46AA
:105BF0006A461D7305235373074B1C68E269EFF374
:105C0000108172B61368002BFCD0BFF35F8F216246
:105C100003A9ADE7242400207C24002070B584B0C3
:105C200001AC06000D000C2200212000FEF7FAF85E
:105C3000012363700D4B25711D682670EA69EFF32F
:105C4000108372B611680029FCD0BFF35F8F2B62FE
:105C50002100280000F074FEEA692B6ABFF35F8F11
:105C60000021116083F3108804B070BD7C240020F3
:105C7000002330B585B001AD6B8028700633082253
:105C800002A86B70FEF7D4F80C4B1C68E269EFF3C6
:105C9000108372B611680029FCD0BFF35F8F2362B6
:105CA0002900200000F04CFEE269236ABFF35F8FF9
:105CB0000021116083F3108805B030BD7C240020E2
:105CC000F0B5C646804600B584B001AC0F001600A2
:105CD0000021082220001D00FEF7A4F8434623708F
:105CE000072363700F4B65711D682771A660EA6911
:105CF000EFF3108372B611680029FCD0BFF35F8FF9
:105D00002B622100280000F01BFEEA692B6ABFF31A
:105D10005F8F0021116083F3108804B080BCB84607
:105D2000F0BDC0467C240020F0B54646D6464F461E
:105D30008046C0B50C0015001E00002A2ED070232E
:105D40009946184B00279A466378052B0FD1E178C6
:105D50008907890FB1420AD14A46A3781A4206D16F
:105D600053462000997800F069FC002805D10020F6
:105D7000E0BCBA46B146A846F0BD21004046FEF759
:105D8000BFFE0028F3D0A378DA09012A08D0089AC8
:105D9000137023780137E418AF42D5DB0120E7E721
:105DA000099AF5E724240020702270B58B7805004D
:105DB0000C001A4201D0002070BD064B20009978DB
:105DC00000F03CFC0028F6D021002800FEF798FEE9
:105DD000F2E7C0462424002070B57F240C40630005
:105DE000144CC909E41864183034E378DB07DD0F7C
:105DF000002B18D1E3785B0701D5280070BD012185
:105E00000D4E494230680BF0F7FDE378DB07DD0FFC
:105E1000002B0AD1E3785B0708D40422E37801253C
:105E20001343E37002E00025E7E7002530680BF03C
:105E300083FDE2E7242400207824002070B50C00C4
:105E400001210F4D494228680BF0D6FD7F212140EA
:105E50004B000C49E409C91809193031CB780024EA
:105E6000DB0708D4CB785B07DC0F002B03DA0422B6
:105E7000CB789343CB7028680BF05EFD200070BD9B
:105E8000782400202424002070B57F250F4C0D407D
:105E90006D0064190600C80924183034E578002024
:105EA000ED0700D570BD0125E0782843E070300093
:105EB000FEF7FCFE0028F5D10122E3789343E3705E
:105EC000E37803329343E370ECE7C04624240020D8
:105ED00070B50A4E0500300008220C00FDF7A8FF3F
:105EE00000237F21F3602278B36091425B41280058
:105EF000D90100220023FFF7C7FF70BDC82300208F
:105F0000F8B5CE46474691462A4E80B5082207008E
:105F100030000D009846FDF78BFF4B46B360002321
:105F2000F381EC79A97924020C43231C444500D960
:105F300043469AB29046B381002C13D0002A1FD05A
:105F40004B46002B34D0131C402A1FD89BB29846D6
:105F500033787F2B20D80021174A43463800FFF7BB
:105F600093FF09E07F222B7838009A426441002396
:105F70000022E101FFF788FFC0BCB946B046F8BD7A
:105F800033787F2B11D980210022E6E740239BB292
:105F9000984633787F2BDED9074C4246494620008D
:105FA000FDF746FF80212200D7E700210022D4E739
:105FB0000020E1E7C8230020E423002010B51422CC
:105FC00000210248FDF72EFF10BDC046C823002067
:105FD000014B18617047C046C823002010B5054C1E
:105FE000010008222000FDF723FF0023A360E360E7
:105FF00010BDC046C8230020F8B53B4C1D002378D7
:106000000600DA09C9098A4213D00020002D00D009
:10601000F8BD364B002B03D021003000FEF762FDA7
:106020002369002B44D02200022130009847012030
:10603000EEE77F2B06D8A068002837D02A002C492D
:10604000FDF7F6FEA368E28959195219E38892B266
:10605000E281A160934214D03F2D12D9A589A81ADC
:10606000071C80B240282FD82378BFB27F2B2DD8B1
:106070000021AA4235D01E4A3B003000FFF704FF42
:10608000C6E72369002B05D0220001213000984784
:1060900000280FD07F220021237830009A42494106
:1060A00000230022C901FFF7EFFEB1E70020AFE7B0
:1060B0000120ADE700213000FEF70AFE300080210C
:1060C000FEF706FE0120A3E74027CDE7AA4207D04E
:1060D000074C3A002000FDF7ABFE80212200CBE701
:1060E00080210022C8E7C046C8230020E54A0010EE
:1060F000E423002010B50400FFF708F8002801D1C0
:10610000002010BDFFF70AF80028F9D1B620800062
:10611000444303480019037901201840F1E7C046C1
:10612000F0200020B6239B00584310B5024B1030DE
:10613000C01800F011FB10BDF0200020F0B5B6250E
:10614000AD0045432C00C646174F1034E41900B586
:10615000200092B200F074FB0600200000F014FB57
:106160003F2803D8300080BCB846F0BD7B19002022
:10617000D9789846FFF730FE0028F3D0200000F0D1
:1061800003FB3F280AD996239B00EA184346D219FD
:10619000D97800204023FFF777FEE3E7434600204D
:1061A000D978FFF74BFEDDE7F0200020F8B50400BA
:1061B000FEF7ACFF002801D10020F8BDFEF7AEFFCE
:1061C0000028F9D1B620800044432500144E2C3518
:1061D000AD19280000F0C0FA0028EDD037190020D2
:1061E000B978FFF7F9FD0028E6D0A6239B009C466E
:1061F0006444A41921002800402200F021FBB97852
:10620000051E08D0030022000020FFF73DFE0028F5
:10621000D2D02800D1E70020FFF710FECCE7C0461F
:10622000F020002070B5B624A4004443094B2C3460
:10623000E418050092B2200000F0C0FB0600200028
:1062400000F08AFA3F2801D8300070BD2800FFF71F
:10625000ADFFF9E7F0200020B6239B00584310B5AE
:10626000024B2C30C01800F08FFA10BDF020002037
:10627000B622F0B51B4C83B0002120009200FDF740
:10628000D1FDFF236371184B80260025E380012791
:106290000823210020007600237332002781483133
:1062A0000095073B103000F01BFA21002000493117
:1062B0003200FF31012300972C3000F011FA9223B5
:1062C0009B00E6183000FBF74FFB94239B00A6626F
:1062D000E61830006562FBF747FB2664656403B08F
:1062E000F0BDC046F020002000C2FFFF10B5094CF1
:1062F000052200212000FDF795FD20002C341030F0
:1063000000F0DCFB200000F0D9FB0121200000F0B0
:10631000FBFB10BDF0200020F0B54B79060083B0E8
:10632000022B02D18B79022B03D00025280003B069
:10633000F0BD2F4FBB78002BF7D18B7809253B7030
:106340000C780C196378242B0BD1082A02D80FE0A3
:10635000AA420DD32378E418ED186378ADB2242B4C
:10636000F6D0052B20D0042B02D163790A2B2ED036
:10637000204C200000F008FA3F28D7D92600103E14
:106380000020F178FFF728FD0028CFD0200000F092
:10639000FBF93F2816D992239B00E218F17840239D
:1063A0000020FFF771FDC1E721003000FFF7FCFC82
:1063B0000028BAD0A3787B702378ED18E4186378AE
:1063C000ADB2D0E7F1780020FFF738FDAEE70A4B19
:1063D0002778019301330093022202233000E11950
:1063E000FFF7A2FC0028A0D00E35ED19ADB2BFE733
:1063F000F020002000210020F2200020F8B56023CA
:1064000014001278050013400020202B12D12F4ACF
:106410006379277916781B023B439E420AD1637841
:10642000222B27D007D8202B17D0212B02D10029CF
:106430003DD00120F8BD232BFCD100293FD00229FB
:10644000F7D1234B002BF4D0E178A3780902002088
:10645000194300E000BF0120ECE7002927D0022902
:10646000E7D11C4B002BE4D00020911DFDF7F2FF7B
:106470000120DFE7002922D00229DAD101252E00F0
:10648000A378E478013924021C43147126402C328D
:106490001000714000F038FB0F4B002BC9D0620890
:1064A000002031002A4000E000BF0120C2E707239E
:1064B00021002800094AFFF723FD0120BAE7210047
:1064C0002800FFF705FD0120B4E7C046F0200020BA
:1064D000000000005544001000000000F6200020DD
:1064E000F8B557464E464546DE46E0B5494F80462C
:1064F000FA780C001E008A4264D19AB296239B005F
:10650000FD1810239B46BB442900584600F056FA5C
:10651000414BD946002B18D07B79D946FF2B14D09C
:10652000002E12D0AA19924603E0013555450CD031
:106530007B792A789A42F8D1484600F01DF9002864
:10654000F3D1797900E000BFEFE7344B002B04D0A2
:10655000484600F011F9002852D0484600F014F9DE
:106560003F2834D84A46103A9378A34207D00124F2
:106570002000F0BCBB46B246A946A046F8BD284B59
:10658000002B02D0002000E000BF0020FFF70EFE2D
:106590000028ECD1234D280000F0DEF80028E6D1D9
:1065A000002EE4D0B306E2D12C3D4046A978FFF797
:1065B00013FC041EDBD0002300224046A978FFF71D
:1065C00063FCD5E7BB788B42D9D00024D0E74D4699
:1065D000103D0020E978FFF7FFFB002801D1AB78E0
:1065E000C3E7484600F0D0F83F280CD99222920029
:1065F00040230020E9784A44FFF746FCAB78B4E733
:1066000000E000BFA9E70020E978FFF717FCAB78AE
:10661000ABE7C046F02000200000000000000000B2
:10662000000000001C21002010B50020FEF784FDB2
:1066300010BDC04610B5FEF779FD10BD072210B59C
:1066400044790379224012021A43C3789B079B0FB7
:10665000022B05D0032B15D00020012B08D010BD34
:1066600002291CD00020402393424041C0B2F6E7EB
:1066700002394B4259410D4B9C4661449142404185
:10668000C0B2ECE702394B425941F02300204942A5
:106690009B001940403191424041C0B2DFE7044BBA
:1066A0009C46624453425A41D0B2D8E7FF030000EF
:1066B00000FEFFFFF0B5002A11D000247F274D789F
:1066C000052D06D13D008E7835406D00F60945193F
:1066D000AB550D786419A4B24919A242EFD8F0BDA8
:1066E000F0B5C64600B5150006AA1E001378802234
:1066F00004000F009846120295422AD840690028EB
:1067000003D0012149420BF077F9A069002803D09A
:10671000012149420BF070F94346A5806D00ADB2EE
:1067200023726B1EA381002360696D42E3812760A1
:10673000E68065812382002801D00BF0FDF8A06976
:106740000124002801D00BF0F7F8200080BCB846E7
:10675000F0BD0024F9E7C046C189028A8B1A9BB2BA
:10676000914202D242899B1A9BB28288101C9A42A3
:1067700000D9181C80B270470300C0891B8AC01A58
:1067800043425841C0B2704710B5C489018A83881A
:10679000621A92B28C4202D24089121A92B2981AAC
:1067A00080B210BD70B5040080690E00002803D0CF
:1067B000012149420BF020F9E189228A88B28D1A21
:1067C00093B2ADB2914202D26289AD1AADB2A28843
:1067D000AA4207D2904225D261895118411A89B242
:1067E00015002182002D02D122E09B1A9BB29A4211
:1067F000FBD9E288216853433000C918FDF718FB24
:10680000228A0125531C9BB29A4214D90023628923
:106810009B189BB2A0692382002801D00BF08CF852
:10682000280070BD811AA58989B28D42D8D2D3E7DC
:106830000025238A9BB2A2899A42EBD2E7E7C046A1
:10684000F0B54F464646D6460500806988469146D3
:10685000C0B5002803D0012149420BF0CDF8EA89E8
:106860002B8A91B2D61A9CB2B6B29A4202D26B89E6
:10687000F61AB6B2AF88B74209D2B94254D26B8980
:10688000FB18CB1A9BB23E002B822C8AA4B2002E9E
:1068900050D04B46B14545D89EB2A74203D8E41B21
:1068A000A4B2A742FBD9EB88381B190099462B6884
:1068B00061439C4680B26144864225D94B46584389
:1068C00083B21A0040469A46FDF7B2FA4B4640465C
:1068D000F71BE4195C432968A2B25044FDF7A8FAFB
:1068E0002A8A93199BB29A4218D96A899B189BB23B
:1068F000A8692B82002801D00BF01EF83000E0BC04
:10690000BA46B146A846F0BD4A4640467243FDF736
:106910008FFA2A8A93199BB29A42E6D8AA899A4298
:10692000E6D2E2E7331CB7E7CB1BAA899BB29A42B7
:10693000A9D2A4E72B8AAA899BB29A42D8D2D4E7DB
:10694000F8B5040040690E00002803D00121494237
:106950000BF052F8E289218A95B2531A9BB2914208
:1069600002D962899B1A9BB2A2889A4221D02B003D
:10697000954203D39B1A9BB29A42FBD9E2882168C5
:106980005343C8183100FDF753FA6B1C9BB29D426C
:106990000BD962899B189BB260690127E3810028AB
:1069A00001D00AF0C9FF3800F8BDA2899A42F3D29B
:1069B000EFE7277A002FDAD1F5E7C046F8B545466C
:1069C0004E46DE4657468846E0B50500161E5AD0AC
:1069D0004069002803D0012149420BF00DF8EF89EE
:1069E0002B7A298ABFB289B2002B3BD17A1AAB88A5
:1069F00092B28F4202D26989521A92B29A1A111C2B
:106A000092B2B24253D8EA888EB29246F21A92B249
:106A100091463C009F4203D3E41AA4B29C42FBD2AD
:106A200050462A68604394461B1B9BB25246604402
:106A30009E422AD841467243FDF7FAF9F3199BB2F8
:106A40009F421CD8AA899A4219D36869EB81002811
:106A500001D00AF071FF3000F0BCBB46B246A94637
:106A6000A046F8BDEA88AB8892469E4221D3F61A2A
:106A700056430022B0440F001E009146C9E76A89C0
:106A80009B189BB2E1E70026E5E753439BB21A004F
:106A900041469B46FDF7CCF92200534641464A4405
:106AA0005A43286892B25944FDF7C2F9C6E7311C2F
:106AB000A9E7F21A92B29146ABE7C04610B50400BE
:106AC0004069002803D0012149420AF095FFA069DE
:106AD000002803D0012149420AF08EFF0023E38100
:106AE0002382A38860695B009BB25A1E5B42A2812D
:106AF0006381002801D00AF01FFFA069002801D09F
:106B00000AF01AFF012010BD70B5040040690D00A5
:106B1000002803D0012149420AF06EFFA069002835
:106B200003D0012149420AF067FF606925720028FD
:106B300001D00AF001FFA069002801D00AF0FCFE94
:106B4000012070BD10B5024800F0D8F810BDC04655
:106B5000102B002030B54B1E012900D1A7E0664A5A
:106B600011780D112C0030349F2900D9A2E0047057
:106B7000012B00D1BEE00F21147821400C003034ED
:106B8000092900DD98E04470022B00D1B2E054786E
:106B90002511290030319F2C00D990E08170032B02
:106BA00000D1A7E00F2121400C003034092900DD7D
:106BB00087E0C470042B00D19CE094782511290053
:106BC00030319F2C00D97FE00171052B00D191E07D
:106BD0000F2121400C003034092900DD76E044719A
:106BE000062B00D186E0D4782511290030319F2C66
:106BF00000D96EE08171072B00D17BE00F2121408D
:106C00000C003034092966DCC471082B00D171E016
:106C100014792511290030319F2C5FD80172092B7E
:106C200068D00F2121400C003034092958DC44720F
:106C30000A2B5FD054792511290030319F2C52D86E
:106C400081720B2B56D00F2121400C0030340929C2
:106C50004BDCC4720C2B4DD09479251129003031B6
:106C60009F2C00D9073101730D2B43D00F212140F8
:106C70000C003034092901DD37310C0044730E2B30
:106C800038D0D1790C11220030329F2900D9073237
:106C900082730F2B2ED00F220A4011003731092AA0
:106CA00001DC30321100C173102B23D010300023CF
:106CB000037030BD07345AE737310C0063E7073102
:106CC0006CE737310C0074E707317DE737310C0092
:106CD00085E707318EE737310C0095E707319DE7EF
:106CE00037310C00A3E70731AAE737310C00C47233
:106CF0000C2BB1D1C018DAE7102B002030B50025DD
:106D000089B004000922002101A80095FDF78AF846
:106D10000922002105A80495FDF784F84B236A4653
:106D20006846137004A90D220AF0FEFD1521082201
:106D300020006944FDF77CF809B030BDF8B557462E
:106D40008246384B454653445A4253418022920270
:106D50009446DE464E465B421B0C334A1B0463449A
:106D6000E0B51360314A0D003149136018008A689C
:106D700090438146FAD10620FBF734F88046802004
:106D80000221EF0D6E02AB0DAA02400005E0904516
:106D900007D392197B4181423FD00C000231002B76
:106DA000F5D0802627023F1B760002E03F1B012E14
:106DB00035D039004046B346013EFCF735FC8542EC
:106DC000F4D2594633029946614353464A461C6100
:106DD0001B6850465340FF2212021340802252018A
:106DE00002431360036807205840CF230340136019
:106DF0005246802303209B0124321A4310605246DE
:106E0000101D1843022303604046FCF70DFCF0BC44
:106E1000BB46B246A946A046F8BD0C00C1E721001A
:106E2000D3E7C0460040FCBF00E0004000F0004057
:106E300000C00040002070477047C046F0B5CE4605
:106E4000474680B583B06B46591D13230B700D3B2D
:106E50006B44994601254A46002313702B00C268F3
:106E6000D02793403F06BB610C4B04000122180061
:106E700098460AF0C9FD6B46DE1D320001234946E3
:106E800040460AF0D1FDE3689D407D613078E369BA
:106E9000C01A03B0C0BCB946B046F0BD00C0034044
:106EA000F0B5C64600B503682A4A1B69040082B0E3
:106EB00093424AD16B46591D13230B700D3B6B4413
:106EC000984601250023424613702B00C268D02744
:106ED00093403F060122BB611F480AF095FD6B46B7
:106EE000DE1D3200012341461B480AF09DFDE36888
:106EF0009D407D613078E369C01A002827D0E3699E
:106F000006220133E3616B460125591D00236A44C3
:106F10000B7013702B009046E268D02793403F0619
:106F20000122BB610C480AF06FFD6B46DE1D32008A
:106F30000123414608480AF077FDE3689D407D61E2
:106F4000307802B080BCB846F0BD9847D5E7012044
:106F50004042F6E73D6E001000C00340F0B5DE464B
:106F600057464E464546E0B585B002AB5F1D22232D
:106F70003B7002AB9E1D0125002333702B000C00DB
:106F8000C16800928B40D02109068B6181469346EF
:106F900088460122390031480AF036FD02AA94469B
:106FA000072363449A463100012352462B480AF0D6
:106FB0003BFD4B46DB6841469D404D615146DC46FA
:106FC00009782A008C4460460190FF2803D9FF20ED
:106FD000411A00910190009900291FD001228B468F
:106FE0009046A3442278D0253270424680219A40B0
:106FF0002D06397019483900AA6101220AF004FDF2
:1070000001235246310015480AF00EFD4B46424618
:10701000DB6801349A406A615C45E3D1A223D02445
:107020003B70019B240633703900A2610B4801229A
:107030000AF0EAFC52460123310008480AF0F4FC49
:107040004B46DA68012393400098636105B0F0BCB9
:10705000BB46B246A946A046F0BDC04600C00340AC
:10706000F0B5C64600B50368434A1B69040082B008
:10707000934200D07AE06B46591D13230B700D3BF1
:107080006B44984601250023424613702B00C268CA
:10709000D02793403F060122BB6138480AF0B4FC78
:1070A0006B46DE1D32000123414634480AF0BCFC29
:1070B000E3689D407D613078E369C01A002857D0AD
:1070C00001266A460D230027537133009771E26849
:1070D000D02593402D06AB616B460122591D2748F0
:1070E0000AF092FC6A4669460123073206312348BA
:1070F0000AF09AFC3300E268204893406A466B61CC
:10710000D27990466A4657719771AB616B460122FE
:10711000591D0AF079FC6A46694601230732063197
:1071200016480AF081FC3300E268694693406A46DB
:107130006B61D7798D224A716A4641469171AB6184
:107140006B460122591D0D480AF05EFC6A466946ED
:1071500001230A48073206310AF066FCE36838006A
:107160009E406E6102B080BCB846F0BD9847A5E76E
:1071700001204042F6E7C0463D6E001000C00340CB
:10718000F0B5CE46474680B585B06B46D9710368E9
:10719000374A5B680400934263D16A4622235373E3
:1071A00000239373C268013399469340D02212069C
:1071B00093610D236B44190090460F2701222D483F
:1071C0000AF022FC0E216F4401233A002948694449
:1071D0000AF02AFC4B46E26800269340424653617F
:1071E0003D78FF2D1ED169468D73D025A2222D0634
:1071F0004A73AB610D236B44190001221D480AF04C
:1072000003FC0E2101233A001A4869440AF00CFCE1
:107210000123E26893406B61300005B0C0BCB94601
:10722000B046F0BD6A466846D279802182734246F4
:10723000417393610D236B44190001220D480AF03C
:10724000E3FB0E2101233A000A4869440AF0ECFBF3
:107250004B46E2680135934042464E465361EDB2DB
:10726000C1E769460122073198470600D4E7C046C6
:107270005D6F001000C00340F0B54E46DE46454647
:107280005746E0B50126040085B0C0688946F9F785
:107290009FF83300E268D025934020692D066B6289
:1072A0006B61431C0FD0F9F793F8330022690A2071
:1072B00093406B62AB61F9F77FFF23690A209E4020
:1072C0006E61F9F779FFB549B548FFF737FD012140
:1072D0001020F9F765F801211220F9F761F8012172
:1072E0001320F9F75DF80820F9F772F8D02580230C
:1072F0002D065B006B626B6102AB5F1D42233B702E
:1073000002AB9E1D0023E268337001339846934020
:1073100039000122AB61A2480AF076FB02AA0123E0
:10732000310007329E480AF07FFB4346E2680021A5
:10733000934002AA6B61D2798A46122A07D050463E
:1073400005B0F0BCBB46B246A946A046F0BD6F32C0
:107350003A709346013A32703900AB617F3A9048F7
:107360000AF052FB02AA0123310007328C480AF0CE
:107370005BFB4346E26893404A46D1170193C90438
:107380006B61530BA2611943D0040023854AFCF7BB
:107390008DF986233B70030C3370019B81460122DB
:1073A0003900AB617E480AF02FFB02AA01233100AD
:1073B00007327B480AF038FB4346E26839009340C5
:1073C00087226B613A704A46120A32707448012271
:1073D000AB610AF019FB02AA0123310007327048A1
:1073E0000AF022FB4346E2683900934088226B6131
:1073F0003A704A466A4832700122AB610AF004FBD7
:1074000002AA01233100073265480AF00DFB43460A
:10741000E268390093408E226B613A7052466048B0
:1074200032704246AB610AF0EFFA02AA0123310042
:1074300007325B480AF0F8FA4346E26839009340A5
:107440008F226B6191463A705246554832704246DF
:10745000AB610AF0D9FA02AA012331000732504881
:107460000AF0E2FA4346E268390093400C226B616D
:107470003A7052464A4832704246AB610AF0C4FA4A
:1074800002AA01233100073245480AF0CDFA4246EC
:10749000E3688C219A406A613970032102ABDB7981
:1074A0003F480B4333703900AA6101220AF0ACFA5D
:1074B00002AA01233100073239480AF0B5FA4346DF
:1074C000E26839009340A6226B613A70A23A3270AA
:1074D0003348AB61033A0AF097FA02AA012331005C
:1074E00007322F480AF0A0FA4346E2683900934079
:1074F000CD226B613A70493A32702948AB61833AC8
:107500000AF082FA02AA01233100073224480AF065
:107510008BFA4346E268390093408B226B613A70E4
:10752000603A32701E48AB612A3A0AF06DFA02AA3C
:107530000123310007321A480AF076FA4346E2681E
:107540003900934089226B613A704A461448327080
:10755000AB618E3A0AF058FA02AA012331000732D1
:107560000F480AF061FA4346E268390093405A46F0
:107570006B610B483A703270AB61803A0AF044FAA2
:1075800002AA01230732310005480AF04DFA4246AB
:10759000E3689A4001236A619A46D0E6D43000003D
:1075A00000C003400048E801F0B5D6464F464646C5
:1075B000C0B582B06B4601275D1D9C1D0023237062
:1075C0009A463B00C26806009340D02212069046BD
:1075D0002F70894693612900012277480AF014FA36
:1075E0006A4601230732210073480AF01DFA3A0067
:1075F000F3689A4043465A616B46DB79DB439B074D
:1076000000D1B9E012232B70534623704346290062
:107610009A61694801220AF0F7F96A4601232100BC
:10762000073265480AF000FA3B00F2689340424690
:1076300053616A46D17908220A4200D085E081224E
:107640002A702270D02212069361904629000122EE
:1076500059480AF0D9F96A46012701230732210067
:1076600055480AF0E1F93B00F26893404246536105
:107670004A46002A00D181E01D222A700022227091
:107680004246290037624C48936101220AF0BCF956
:107690006A4601232100073247480AF0C5F93A003B
:1076A000F3689D219A4043465A616B462970012137
:1076B000DB790B432370434629009A613E4801223F
:1076C0000AF0A2F96A460123210007323A480AF07B
:1076D000ABF9F36801229F4043465F618D232B7015
:1076E000002323709946D0231B069F61290032484E
:1076F00098460AF089F96A460127012321000732DA
:107700002D480AF091F93B00F26829009340424667
:107710005361A2222A704A4622704246264893614B
:1077200001220AF071F96A4601232100224807323A
:107730000AF07AF9F36801209F4043465F6102B086
:10774000E0BCBA46B146A846F0BD2270922142463E
:10775000297019489361290001220AF055F96A46F7
:1077600001230732210014480AF05EF93B00F26859
:1077700093404246536162E70020E0E732621D22F7
:107780002A704A4622704246290093610A48012223
:107790000AF03AF96A4601232100073206480AF046
:1077A00043F93A00F3689D219A4043465A616B467B
:1077B000DB792970BB437DE700C00340F0B5D646B6
:1077C0004F464646C0B5040082B000293DD0836ACA
:1077D000002B00D19BE06B465F1DC0233B706B46C6
:1077E00001259E1D402333702B00C2683900934051
:1077F000D0221206936191464A4801220AF004F908
:1078000007236B44984631000123424645480AF05D
:107810000BF92B00E26893404A4653618122D02540
:107820003A702D06023232703900AB61823A3D481F
:107830000AF0EAF80123424631003A480AF0F4F827
:107840000123E26893406B615AE06B465F1D812320
:107850003B706B4601259E1D832333702B00C2684D
:1078600039009340D0221206914693612D4801229F
:107870000AF0CAF807236B449846310001234246B8
:1078800028480AF0D1F8E3684A469D405561122223
:107890009246113A914603E00020F9F78DFCE36827
:1078A00052463A70002232704A46D0259A402D0640
:1078B0003900AA611B4801220AF0A6F801234246BA
:1078C000310018480AF0B0F84B46E268934042464F
:1078D0006B61117808220A42DED092213270397031
:1078E00001223900AB610F480AF08EF801234246AD
:1078F00031000C480AF098F84A46E3689A406A61F9
:10790000012002B0E0BCBA46B146A846F0BD012352
:10791000C26893406A46571D961D07226A449046E6
:107920007CE7C04600C0034009490A4B0831196092
:107930000949002299600821D96001311961023991
:107940005A6059619A61DA611A625A629A627047A2
:10795000382001106420002000C00340F8B5050065
:107960000F00161E0CD0002402E00134A64207D0FE
:107970002B682800395D1B6898470028F5D1260040
:107980003000F8BDF8B503680E4A5C6805000F6862
:107990004E68944210D1002E0CD0002403E0013434
:1079A000A64207D02B682800395D1B68984700283D
:1079B000F5D126003000F8BD32003900A04706009E
:1079C000F8E7C0465D79001010B503681B6898475A
:1079D00010BDC046F8B54746CE46050080B50F1E1F
:1079E0001DD00668080009F0B3F97468104B814691
:1079F00080469C4216D100280CD0002403E00134BC
:107A0000A04507D02E682800395D336898470028C4
:107A1000F5D1A1464846C0BCB946B046F8BD0023E2
:107A20009946F7E7020039002800A0478146F1E7B0
:107A30005D790010036870B50B4A5D6804009542DB
:107A40000DD10D211B689847002807D023680A2113
:107A50001B6820009847431E9841013070BD0222E8
:107A60000249A847FAE7C0465D790010702001106E
:107A7000F0B5D6464F464646C0B506680500736861
:107A80000F1E9A4635D0080009F062F91E4B804659
:107A900099469A4531D10024002804D10CE00134E4
:107AA0002E68A04506D02800395D33689847002825
:107AB000F5D12E6873689A46CA4514D10D21280065
:107AC00033689847002808D02B680A211B682800D3
:107AD0009847431E98410019441C2000E0BCBA4658
:107AE000B146A846F0BD022228000849D047241814
:107AF000F3E7054B00249946DEE702003900280031
:107B0000D0472E680400D5E75D7900107020011081
:107B100070B5040003681B68984723680D4A5E68C7
:107B20000500964210D10D2120001B6898470028BF
:107B300008D023680A211B6820009847431E9841FB
:107B40004019451C280070BD022220000249B047A0
:107B50002D18F7E75D79001070200110F0B5474649
:107B6000CE460D002023002180B58BB0160001AA5F
:107B70000700D154012E35D909AC05E03033DBB212
:107B8000013C237096420ED828003100FBF74CFDD3
:107B90002A00CBB205000929F0D93733DBB2013C0A
:107BA00023709642F0D9200009F0D2F83E68114BBC
:107BB0007568804681469D4216D100280CD000256C
:107BC00003E00135A94507D03E683800615D3368A0
:107BD00098470028F5D1A84640460BB0C0BCB9462E
:107BE000B046F0BD0A26C7E7020021003800A847CA
:107BF0008046F1E75D79001070B505000C00002AA1
:107C000004D10368C9B21B68984770BD0A2A0DD118
:107C100000290FDA03682D211B6898470A22060005
:107C200061422800FFF79AFF8019EEE7D2B2FFF712
:107C300095FFEAE70A22FFF791FFE6E770B5040037
:107C4000FFF7DAFF23680E4A5E680500964210D1FE
:107C50000D2120001B689847002808D023680A21BE
:107C60001B6820009847431E98414019451C280076
:107C700070BD022220000349B0472D18F7E7C04627
:107C80005D7900107020011070B50400FFF7B4FF9B
:107C900023680E4A5E680500964210D10D2120002F
:107CA0001B689847002808D023680A211B68200019
:107CB0009847431E98414019451C280070BD022278
:107CC00020000349B0472D18F7E7C0465D79001042
:107CD0007020011010B5002A04D10368C9B21B68D6
:107CE000984710BDD2B2FFF739FFFAE710B5002A66
:107CF00004D10368C9B21B68984710BDD2B2FFF720
:107D00002DFFFAE710B5002A03D103681B689847D6
:107D100010BDD2B2FFF722FFFAE7C04670B50400EB
:107D2000002A1AD10368C9B21B6898472368124A0F
:107D30005E680500964219D10D2120001B68984706
:107D4000002808D023680A211B6820009847431E9A
:107D500098414019451C280070BDD2B2FFF7FEFEC5
:107D60002368054A5E6805009642E5D0022220009D
:107D70000249B0472D18EEE75D7900107020011020
:107D800070B50400002A1AD10368C9B21B6898476D
:107D90002368124A5E680500964219D10D21200021
:107DA0001B689847002808D023680A211B68200018
:107DB0009847431E98414019451C280070BDD2B217
:107DC000FFF7CCFE2368054A5E6805009642E5D0C1
:107DD000022220000249B0472D18EEE75D7900101D
:107DE0007020011070B50400002A19D103681B68C7
:107DF00098472368124A5E680500964219D10D2102
:107E000020001B689847002808D023680A211B68B7
:107E100020009847431E98414019451C280070BD1A
:107E2000D2B2FFF79BFE2368054A5E6805009642C2
:107E3000E5D0022220000349B0472D18EEE7C046E6
:107E40005D7900107020011070B506000C00002A4A
:107E500004D10368C9B21B68984770BD0A2A0DD1C6
:107E600000290FDA03682D211B6898470A220500B4
:107E700061423000FFF772FE2818EEE7D2B2FFF73A
:107E80006DFEEAE70A22FFF769FEE6E7F0B5DE4697
:107E90004E4645465746E0B595B099461EAB1B7811
:107EA000834698460192012B00D87BE01900464892
:107EB0001F009CB2FBF790FB80B2012300226343BA
:107EC00001329BB2D2B28342F9D39A464B46029218
:107ED000002B6DD00024019D524600232800494606
:107EE000FBF7E4FB83B21A00039353465343ED1AA6
:107EF000029B89460190ADB2002B11D01E19F6B23B
:107F000039002800FBF768FB41462B00220085B2B0
:107F100048430134181AE4B204AB9854B442EFD188
:107F20004B46002BD7D1019B5345D4D8039B002B44
:107F300011D04646039D39002800FBF74DFB010098
:107F40002B002200714301345B1A04A985B2E4B20C
:107F50008B540028EFD1002C1CD0661E04AB3500DA
:107F60009C465F46654408E030313800C9B2F6B23D
:107F70009847013D002E0DD0013E3B6829781B68D3
:107F80000929F1D937313800C9B2F6B29847013D15
:107F9000002EF1D1200015B0F0BCBB46B246A94678
:107FA000A046F0BD0A230A240A279846074884E71A
:107FB000019B534500D98DE76B469B8800240393B2
:107FC000002BB6D1E6E7C046FFFF0000991900007C
:107FD000F0B583B01D00089B06001400002B05D1EE
:107FE0000368D1B21B68984703B0F0BD0A2B10D1CB
:107FF000002D0FDA03682D211B68984708990700A8
:1080000000236242AB4130000091FFF73FFF381878
:10801000EAE7DBB2009322002B003000FFF736FFC7
:10802000E2E7C04600B583B00499002905D1036892
:10803000D1B21B68984703B000BDC9B20091FFF7E9
:1080400025FFF8E770B582B00699040000291BD11E
:108050000368D1B21B6898472368134A5E6805001D
:1080600096421BD10D2120001B689847002808D09C
:1080700023680A211B6820009847431E9841401935
:10808000451C280002B070BDC9B20091FFF7FEFE8A
:108090002368054A5E6805009642E3D0022220006C
:1080A0000249B0472D18ECE75D79001070200110EF
:1080B000F0B583B01F00089B04001600002B1BD1F5
:1080C0000368D1B21B689847050023681D4A5E68A3
:1080D000964228D10D2120001B689847002808D01F
:1080E00023680A211B6820009847431E98414019C5
:1080F000451C280003B0F0BD0A2B1AD1002F19DA55
:1081000003682D211B689847089900237242BB41E0
:10811000050000912000FFF7B9FE2368094A5E6858
:108120002D189642D6D0022220000749B0472D18BC
:10813000DFE7DBB2009332003B002000FFF7A6FE32
:108140000500C2E75D79001070200110F8B54746C0
:10815000CE4680B51D00089B80461700002B01DA33
:10816000022308933A002B0038002900FBF71DFD7D
:10817000002800D0FCE001226C00640838002100D7
:108180008C4B5242FBF711FD002809D10122380027
:108190002100884B5242FBF7F3FC002800D196E007
:1081A000E02238002900844B1206FBF7F9FC002876
:1081B00000D077E0E02238002900804B1206FBF760
:1081C000D9FC002800D0B8E00022002338002900A4
:1081D000FBF7D0FC0024002800D08DE0089B002B8A
:1081E00000D19BE0002600207549764B0022FBF76A
:1081F00068FC0136089BF6B29E42F6DB02000B00DB
:1082000038002900FBF758FC0F000600FBF71CFDA7
:108210008146FBF7D9FC0B00020039003000FBF768
:1082200046FC0A2206000F0040464946FFF796FC2E
:1082300043461B6804195A689146634A914500D029
:10824000B2E01B682E2140469847431E9841089B88
:10825000041999465B4B002230003900FBF74BFCB8
:108260000F000600FBF7F0FC0A2201000500404663
:10827000FFF774FC24182800FBF7A6FC0B00020093
:1082800039003000FBF713FC01235B429C46E144BC
:108290004B4606000F00002BDCD12000C0BCB946C5
:1082A000B046F8BD43461B68474A5C6894422FD1EC
:1082B0000024464D04E00134032CEED043461B68F5
:1082C0004046295D1B6898470028F4D1E5E74346FE
:1082D0001B683D4A5C68944244D100243C4D04E054
:1082E0000134032CD9D043461B684046295D1B68E6
:1082F00098470028F4D1D0E743461B682D211B681E
:108300004046984780231B069C460400654465E769
:10831000032240462D49A0470400BEE70022284B17
:1083200038002900FBF7C8FBFBF78EFC0A2201008E
:108330004046FFF713FC2418AFE743461B68224A68
:108340005C689442E4D10024204D04E00134032C05
:10835000A3D043461B684046295D1B689847002808
:10836000F4D19AE7032240461949A047040094E754
:1083700043461B68144A5C6894420FD10024154D93
:1083800005E00134032C00D187E743461B684046D3
:10839000295D1B6898470028F3D17EE703224046F9
:1083A0000C49A047040078E7012240460A49C84723
:1083B0004DE7C046FFFFEF7FFFFFEF41FFFFEFC13B
:1083C0000000E03F000024405D790010782001109B
:1083D00074200110741B01102C3A011000B583B0F9
:1083E00004990091FFF7B2FE03B000BD70B5040020
:1083F00082B006990091FFF7A9FE23680E4A5E68D5
:108400000500964211D10D2120001B6898470028D5
:1084100008D023680A211B6820009847431E984112
:108420004019451C280002B070BD022220000349FB
:10843000B0472D18F6E7C0465D7900107020011096
:10844000002330B51400102285B0009301930393EC
:10845000036802929D6922686B46A8476B461A79A9
:10846000062300201340062B02D1009B013023601D
:1084700005B030BD009B981A431E9841042340422A
:10848000984306307047C04610B50400034B0833CC
:10849000036000F0F1F8200010BDC046AC200110D0
:1084A00010B50400054B0833036000F0E5F8200028
:1084B000082100F045F8200010BDC046AC20011096
:1084C00070B516001D00069A049B040093420ED05E
:1084D0002900200000F0D4F8002806D0079B049A59
:1084E0001E711A600123079A9371002070BD0599CF
:1084F00000F0C6F80028EBD0079B5E71F5E7C04698
:1085000070B515001C0000F0BBF8002804D008234B
:10851000E360023B2560237170BDC046F8B50500DD
:108520000C0017001E0000F0ABF8002807D1032E46
:1085300005D823683A00290020005B699847F8BDF8
:1085400010B500F0B5F810BD10B50400034B0833AA
:108550000360FFF799FF200010BDC0460C210110F9
:1085600010B50400054B08330360FFF78DFF2000B2
:108570000C21FFF7E5FF200010BDC0460C210110C3
:10858000F0B583B01E00089B05000F001400934255
:108590000AD0A868089A036800921D6A2200330076
:1085A0003900A84703B0F0BD310000F069F8002899
:1085B000EFD00620F6E7C046F0B5C64600B50D0080
:1085C00084B01900060090461F0000F059F8041E00
:1085D00018D10A9B0C9A934231D00D9AB0682900A9
:1085E000036803920C9A02920B9A01920A9A0092E3
:1085F000DC6942463B00A0470400200004B080BC78
:10860000B846F0BD0D9B0A9A1A6042461A71002DB9
:108610000EDB0A9B00249C460C9B65445D1B6B4251
:108620005D4105236D421D400D9B01359D71E4E7C1
:108630000024AB1CE1D101230D9A9371DDE73000DA
:108640000B9900F01DF80028C7D042460D9B5A71C7
:10865000D3E7C046F8B507000C0015001E00FFF771
:108660004FFF002806D1B8682A00036821009F69DF
:108670003300B847F8BDC0467047C0460020704779
:1086800010B5814211D0406803782A2B0BD049687D
:108690000B782A3B5A425341C91808F015FB434254
:1086A0005841C0B210BD0020FCE70120FAE7C046E7
:1086B00010B5FBF7ABFB10BD70B5804707F064FB4E
:1086C00006F026FE07F060FB0D00040006F05AFEDF
:1086D0006B1C02D1200006F09BFD06F09DFCC046FD
:1086E000024B10B51868FFF7E7FFC046D41500200D
:1086F00010B58047FFF7F4FF024B10B51868FFF77D
:10870000F7FFC046D0150020014B18687047C046DF
:10871000D4150020014B18687047C046D0150020C2
:1087200070B53D4B82B01A78002A44D101221A70EC
:1087300007F076FA002834D04468002123782A3BD9
:108740005A425341E41801235B4200220193200066
:1087500001AB06F0E7FB314D06002B683022DB68E9
:1087600001212F4807F068FD019B002B13D02B68D7
:108770002000D96807F082FB2B680222DB68012108
:10878000284807F059FD019B002B02D13000FBF770
:108790003DFB07F00DFA2B683000D96807F06EFB3F
:1087A000EAE71E4B2D221B680121DB681E4807F0FB
:1087B00043FD07F0E9FA194B1D221B680121DB6814
:1087C0001A4807F039FD07F0DFFA0C00012919D12A
:1087D00006F09EFD03689B6898472B6806000B22F5
:1087E0002100DB68124807F027FD2B683000D968AC
:1087F00007F044FB2B680A20D96807F0CDFA06F091
:10880000C1FDD6E706F084FD06F0BCFDD1E706F019
:10881000B9FD06F001FCC0464E2C0020D815002002
:1088200070210110A4210110A82101105021011074
:10883000D821011070B5040050291CD80F4D8800B4
:1088400028588746002A16D0002B14D06569A069E5
:10885000854210DA2669A800B44600264019800037
:10886000604401354660866065610170C2600361E5
:1088700070BD002AEAD10020FAE7C046E4210110C9
:10888000F8B5CE46474680B5C56806002C786E2CF4
:1088900027D0303CE3B2092B2ED800239846174B43
:1088A00000279946013507E04B460A21181B013580
:1088B000FAF792FEB84212DBBB00DF197F00F560C9
:1088C0003F192C78303CE3B2092BEDD94346002BFD
:1088D00000D07F423800C0BCB946B046F8BD012781
:1088E000F7E76B1CC3606C78303CE2B2092A03D80E
:1088F0001D0001239846D2E70027EBE7FFFFFF7F2B
:1089000010B50400002908D1C3681A78002A01D1E3
:10891000002010BD5A1CC260197868290AD0762937
:10892000F6D12000FFF7ACFFE3681A785F2AEFD199
:108930000133E3602000FFF7A3FFE3681A785F2AA2
:10894000E6D101330120E360E3E7C04610B5C36818
:108950000A00197852290DD04F2901D0100010BDFE
:10896000C16A0331C16220210133C3600023FFF7D4
:1089700061FFF4E7C16A0231C1621F21F4E7C0461A
:1089800070B505000C1E15D08E2080211A4E4000B7
:10899000C900A368012B0DDC2A588A420ADC013386
:1089A000A3602378502B05D89B00F3589F46E468BA
:1089B000002CEED170BD2469FAE7A22149006B5862
:1089C00001336B50E1688E26013276002800AA51EF
:1089D000FFF7D6FF28002169FFF7D2FFAB59013B13
:1089E000AB51E7E7E1680B78052BECD19C20400008
:1089F0002B5801332B50E6E72823011010B5C3682C
:108A000004001A785F2A09D15A1CC2605A785F2A7A
:108A100006D0FFF735FFC043C00F00E0012010BDB6
:108A20000233C360FFF72CFF00280ADB0928F5DDBD
:108A3000E36800201A785F2AF1D10133E360013046
:108A4000EDE70020EBE7C046002806D108E000294A
:108A500008DD00690139002803D003782F2BF6D0F8
:108A6000002070470029FBD1C068FAE7F0B5140078
:108A70005268C64694464B1CA568634407000E0026
:108A800000B5AB4215D8E568002D0FD163682068AA
:108A90009C46320060443900FBF7CAF923686268DB
:108AA0009B199D5463689C466644666080BCB846CA
:108AB000F0BDE268002AF9D1002D02D1022B0DD9B8
:108AC00002356D00AB42FCD829002068FBF78CF919
:108AD0008046002804D02060A560D4E70225F3E793
:108AE0002068FBF793F9434623606360A36001238A
:108AF000E360DBE702780300722A12D0562A10D016
:108B00004B2A0ED00020442A0CD15B78243A19005D
:108B100091434F2905D00122773BDBB29A42404175
:108B200000E001207047C04680235B00C35870B549
:108B300004000D00FF2B08D0591C80225200A150C8
:108B4000E55482235B00E55470BD0022C2548623A5
:108B50005B00C258043BFF21C3589847942252003F
:108B6000A35801210133A3500023E6E788225200D5
:108B700003008058002814D043681869CB68002B84
:108B80000CDB002806D109E0002B08D00069013B6E
:108B9000002803D002782F2AF6D000207047C06842
:108BA000FCE7012108329950F8E7C04670B505008E
:108BB0000C1E0FD00D4E23784C2B0DD89B00F35874
:108BC0009F4621002800FFF7D1FF002802D003783C
:108BD0002F2B00D0002070BD2800E168FFF7E6FFD2
:108BE0000028F8D12469002CE5D1F3E76C240110AA
:108BF000F0B5D6464F4646460500C0B508000C0005
:108C000008F0A6F800282AD00022802392460D32D0
:108C1000FF3291465B00043A9046EB5827180AE071
:108C20001900013380225200AB50013404326E54DB
:108C3000AE54A74213D02678FF2BF1D15246EA5406
:108C40004B46EA584346FF21EB58280098479422A8
:108C50005200AB5800210133AB500123E2E7E0BCE6
:108C6000BA46B146A846F0BD10B5C36804001A78EC
:108C7000542A23D15A1CC2605A785F2A20D06E2A07
:108C80001CD0FFF7FDFD421C18D4E36819785F295A
:108C900014D10133E3606369A1698B420EDA216963
:108CA00098008C460021C018800060440133416068
:108CB000816063610523C260037000E0002010BD85
:108CC00002330022C360E6E7F0B5D6464F4646467B
:108CD000C0B588B00A0005001D4901A8FAF706FCD6
:108CE00001A808F035F800282BD0002280239246F6
:108CF0000D32FF3291465B0001AC043A9046EB58CE
:108D000027180AE01900013380225200AB500134C9
:108D100004326E54AE54A74213D02678FF2BF1D103
:108D20005246EA544B46EA584346FF21EB58280086
:108D3000984794225200AB5800210133AB500123D5
:108D4000E2E708B0E0BCBA46B146A846F0BDC0466E
:108D50002833011070B50400FFF792FD051E46DDB3
:108D6000E66863689B1B98423FDCA2683318E360A7
:108D7000520702D51A78242A3BD0092D24DD082277
:108D800030002C4908F0E8FD002806D1337A2E2B5C
:108D900034D05F2B32D0242B30D06369A269934248
:108DA00023DA2269980094460022C01880006044AB
:108DB00001334260826063610023C6604360836068
:108DC00003700561A06270BD6369A26993420CDA09
:108DD0002269980094460022C01880006044013344
:108DE000426082606361002EE6D10020EAE7002045
:108DF000E9E70133E360092DC1DCE5E7737A4E2B27
:108E0000CBD1E36AA26916335D1B6369E5629342C5
:108E1000EBDA22699800C01894460133636100239D
:108E200080006044436083600370034BC36015237C
:108E30000361C7E72C33011038330110F0B5C64683
:108E400000B5C36804001A78532A28D15A1CC2609E
:108E5000587800280ED09A1CE26058785F2843D0DA
:108E60000300303BDAB20025092A30D90200413A2A
:108E7000192A2CD90823A26813401D006A1E9541A7
:108E8000002B01D1002939D1504B74221900C43173
:108E900000E01A78824238D01C338B42F9D1002589
:108EA000280080BCB846F0BDEB005B199B001B1886
:108EB000303B9D42F3D8E2681078002804D0511C62
:108EC000E16010785F2817D01D000300303BDBB253
:108ED000092BE9D90300413B192BE0D8EA005219CC
:108EE00093001B18373BE4E70023226A9A42D6D945
:108EF000E2699B009D58D3E70133F6E7E3681B78EE
:108F0000433B012BC0D80D00BEE75E69002E55D053
:108F10009A69A06994466269824254DA276991008D
:108F2000B846002789188900414401324F608F609C
:108F30006261CE60664618370F700E61A162002D27
:108F400039D0DE681969E36A5B18E362904238DD64
:108F5000236995009C460023AD18AD0065446B6005
:108F6000AB600132183362612B70EE602961E368F7
:108F70001A78422A94D1A66A0133E3602000FFF7F1
:108F8000E9FE2A0003004C212000FFF753FCE368B0
:108F900005001A78422AEFD0A662002800D17EE7A9
:108FA000236A626A934200DB79E7E1699A00013340
:108FB0005050236274E75E689968C4E7A0696269EB
:108FC000BDE70025D3E70021B8E7C0465C2B0110C0
:108FD000F0B54F46D6464646C0B58F1805000C0082
:108FE000B94252D280235B009846002399460DE097
:108FF0004346EB58FF2B35D05A1C41466A50EE547D
:1090000082235B00EE540134A7423ED926783B1BF5
:10901000032BEDDD5F2EEBD160785F28E8D1A378DC
:10902000552BE5D1E31C9A469F42E1D900225346D5
:109030001E783300303BD9B2092907D9113B052BE3
:1090400003D93300613B052B24D80A3312019A1847
:1090500001239C46E2445745E9D14346EB585F263D
:10906000FF2BC9D14A46EA5486235B00EA58043BE9
:10907000EB58FF212800984794225200AB58013347
:10908000AB50283A0023FF3AB7E7E0BCBA46B146F6
:10909000A846F0BD574522D95F2EDED1FF2AA7D8BA
:1090A0004346EB58D4B2FF2B08D041465A1C6A50B5
:1090B000EC5482235B00EC545446A4E74A46EA543D
:1090C000862209335200EB58AA58FF2128009847FE
:1090D00094225200AB580133AB500023E5E7060061
:1090E00086E7C046F0B5C64600B5C668040082B043
:1090F0003000FFF7FFFC002828D132781300303B06
:10910000DBB24A2B1CD8D3499B00CB589F46012386
:10911000256B2000236301F023FB2563020000235D
:1091200043212000FFF786FB051E019008D0E3686D
:109130001A78002A04D05A1CE2601B78452B59D0BB
:109140000025280002B080BCB846F0BD00222000F7
:1091500001A901F06FFD051EF2D0E36820001B7825
:10916000462B1BD0FFF7BEFF28600028E8D003780D
:109170001F3B012B05D8019AC368C2602A6801927F
:109180002B60019D002DDBD0236A626A9342D7DAFF
:10919000E1699A00013355502362D2E700F02AFCBE
:1091A0002860E2E7613A93009A18AB4B9200D2181C
:1091B000A16963698B4200DB08E3216998008C4652
:1091C0000021C0188500654401336960A9606361AE
:1091D00027232B705368EA60E26A013694466344A1
:1091E000E362E660ADE7200000F0D6FD05000190E7
:1091F000002DA5D0236A626A9342A1DAE1699A0040
:1092000055500133019D23629BE773781A00303A71
:10921000092A05D95F2B03D0413B192B00D998E2CD
:1092200000212000FFF70AFEE36801901A7805008C
:10923000492A00D085E70133E360200001F0DCFD1E
:109240002A00030004212000FFF7F4FA0500019032
:10925000CEE701362000E660FFF744FF002302005E
:1092600023212000FFF7E6FA05000190C0E7013650
:109270002000E660FFF736FF0023020022212000D5
:10928000FFF7D8FA05000190B2E701362000E6604A
:10929000FFF728FF0023020024212000FFF7CAFA6D
:1092A00005000190A4E701362000E660FFF71AFFF1
:1092B0000023020026212000FFF7BCFA05000190E0
:1092C00096E701362000E660FFF744FD0023020028
:1092D00028212000FFF7AEFA0500019088E7200062
:1092E00000F088FB0500019082E7731CE36073784F
:1092F000002B00D124E7B31CE3607378463BDBB25C
:10930000302B00D91CE7554A9B00D3589F460136A5
:109310002000E660FFF7E6FE002302002521200082
:10932000FFF788FA0500019062E701362000E66049
:10933000FFF710FDE36801901A780500492A00D173
:10934000EDE12000FFF7CEFE21210200019B20006D
:10935000FFF770FA050001904AE72000FFF784FC50
:10936000E668019033780500492B00D040E7636B35
:10937000002B00D0F9E1002800D1E1E6236A626AFF
:10938000934200DBDCE6E1699A000133505023622E
:1093900032780023493A012A05D801362000E660D8
:1093A00001F02AFD03002A004CE7711CE16073788C
:1093B0005F2B00D1B1E1303B092B00D9BCE10B00A0
:1093C0001E000133E3601A78303A092AF8D962693D
:1093D000A0695F1A824200DBB2E6206995008446EC
:1093E0000020AD18AD00654401326860A86062617C
:1093F000002F00DCA4E6E96019006860A86028700E
:109400002F6172785F2A00D09AE60131E160200076
:10941000FFF768FE2A0003002A212000FFF70AFA5E
:1094200005000190E4E601362000E660FFF75AFEF1
:10943000051E00D184E62000FFF754FE031E00D174
:109440007EE62A002B212000FFF7F4F905000190A9
:10945000CEE6C046A025011080300110CC260110B8
:109460006369A269934200DBB4E122699D009446DE
:109470000022ED18AD00654401336A60AA606361A3
:109480002C23092101952B70B378303BDBB2994234
:1094900052412A82092B03D82000FFF7F1F9019DE0
:1094A0002000FFF71FFE019BE860DB68002B00D166
:1094B00046E62000FFF7E4F9E2681378002B02D0BB
:1094C000531CE3601378733B5A425341019D6B82F6
:1094D00037E66369A269934200DB31E622699D00A9
:1094E000ED189446013363610023AD0065446B6061
:1094F000AB602B70B94BEB600E232B6121E66369E7
:10950000A269934200DB1BE622699D00ED18944698
:10951000013363610023AD0065446B60AB602B7069
:10952000AF4BEB6004232B610BE66369A2699342A6
:1095300000DB4BE122699D0094460022ED18AD004E
:10954000654401336A60AA60636127232B70A54BD1
:10955000EB60E36A0433E362F3E56369A269934273
:1095600000DB33E122699D0094460022ED18AD0036
:10957000654401336A60AA60636127232B709A4BAC
:10958000EB60E36A0933E362DBE56369A269934256
:1095900000DB1BE122699D0094460022ED18AD001E
:1095A000654401336A60AA60636127232B708F4B87
:1095B000EB60E36A0A33E362C3E56369A26993423D
:1095C00000DB03E122699D0094460022ED18AD0006
:1095D000654401336A60AA60636127232B70844B62
:1095E000EB60E36A0933E362ABE56369A269934226
:1095F00000DBEBE022699D0094460022ED18AD00EF
:10960000654401336A60AA60636127232B70794B3C
:10961000EB60E36A0833E36293E52000FFF762FD45
:10962000002302004B212000FFF704F90500019000
:10963000DEE56369A269934200DBC7E022699D0011
:1096400094460022ED18AD00654401336A60AA60BB
:10965000636127232B70684BEB60E36A1133E3628D
:109660006FE56369A269934200DBAFE022699D0068
:1096700094460022ED18AD00654401336A60AA608B
:10968000636127232B705D4BEB60E36A0833E36271
:1096900057E5B3785F2B00D18BE06369A2699342F1
:1096A00000DB4DE522699D0094460022ED18AD00D7
:1096B000654401336A60AA606361422320002B7015
:1096C000FFF7DEF8E860E3681A785F2A00D037E534
:1096D0000133E3602000FFF705FD2A0003002D2180
:1096E0002000FFF7A7F80500019081E56369A269F2
:1096F00093426BDA22699D0094460022ED18AD007A
:10970000654401336A60AA60636127232B703C4B78
:10971000EB60E36A0733E36213E5002575E6013386
:10972000E360200001F068FB2A0003000421200010
:10973000FFF780F8019004E60123266B20002363E5
:1097400001F00EF82663051E00D1F9E4E1680A78FD
:1097500058E6200000F020FB051E019000D1EFE448
:109760000378182B00D045E5EBE4636920009846A8
:10977000731CE360276AE56A01F03EFBE3681B782F
:10978000492B06D04346E562E660019D636127628E
:109790002EE5019A002A00D1D2E4236A616A8B4245
:1097A00000DBCDE4E569990001334A5123620300EF
:1097B00048E503365E3BE6602000266B236300F03D
:1097C000CFFF2663051E00D07DE7B9E40023019397
:1097D000DB68FFDE00231B70FFDEC046583301103C
:1097E00050330110C432011088320110B032011020
:1097F0009C320110EC3201101433011000330110BF
:10980000D8320110F0B5C64600B5C36880461E7850
:10981000002E1DD100239C4645250021414F6A1A88
:10982000D30F9B185B105B181A01BA1814682078C4
:10983000B04207D00AD91D00A942F0D1002080BC57
:10984000B846F0BD6078604536D0F4D8591CF3E7CF
:109850005A1CC2605A781E789446002A02D1762E8D
:10986000DAD0D7E79A1CC2605B789C46762E3AD154
:109870001D00303DEBB2092BCED8FFF76BFA434603
:1098800041465B69896902008B42D7DA4146096922
:1098900044468C4600219800C01880006044013383
:1098A000416081606361002AC8D0332341608160D8
:1098B0000370C5600261C2E7434641465B6989693E
:1098C0008B42BBDA4146096998008C460021C018DA
:1098D0008000604441608160414601334B61322326
:1098E000C2600370ABE7632E96D1762B00D093E76E
:1098F000026B456B534253414363FFF7F3FB43460F
:109900005B6B0200002B07D0002335214046FEF799
:1099100091FF43465D6392E7002334214046FEF702
:1099200089FFF6E7202C0110002330B5C26883B010
:1099300001931378040001AD002B15D125E04F2BC6
:1099400018D02000FFF7CEFB021E1ED000232E21D0
:109950002000FEF76FFF2860002816D0E268103064
:1099600013780500002B08D0452B06D02E2B04D0F1
:10997000522BE4D15378452BE3D10198002804D031
:109980000369002B03D003B030BD0020FBE7C268A1
:1099900011782729F7D1D268117C0929F3D15268AF
:1099A000E16A8A1AE262C360EDE7C04670B5C36837
:1099B00004001A784A2A19D000290FD02000FFF796
:1099C00091FB051E10D02000FFF7AEFF031E0BD049
:1099D0002A0029212000FEF72DFF70BD2000FFF78F
:1099E000A3FF0025031EF3D10020F6E70133C36077
:1099F000E4E7C046836810B504005B030DD4802300
:109A0000826B1B019A420CD8531C8363C3680020ED
:109A10001978462907D0A26304E0C3681A78462A59
:109A200001D0002010BD5A1CE2605A78592A01D199
:109A30000233E36001212000FFF7B8FF010020009E
:109A4000FEF784FFE3681A78452A07D00020A36850
:109A50005B03E7D4A36B5A1EA263E3E70133E36021
:109A6000F5E7C046F0B5C64600B5C36804001A78ED
:109A700011003039092961D911006139192912D829
:109A80006F2A00D1A3E02000FFF7BCFE061E02D023
:109A90000378322B6CD0E3681978422955D0300016
:109AA00080BCB846F0BD11004339012900D895E0CB
:109AB0004C2A7ED0552A00D087E05A786C2A00D1F3
:109AC000E0E0742A00D080E05A1CC2605978742902
:109AD00000D0A4E09A1CC2609A785F2A00D14DE1C0
:109AE0006E2A72D0FEF7CCFEE3681978421C00D5CE
:109AF00093E05F2900D090E00133E3606369A169DE
:109B00008B4200DB22E121699E008C460021F61881
:109B1000B600664401337160B160636148233370FD
:109B2000F260236A626A934200DB0FE1E1699A0006
:109B3000013356502362E3681978AEE7FFF70AF95C
:109B4000E368060019784229A9D1A56A0133E360C8
:109B50002000FFF7FFF8320003004C212000FEF741
:109B600069FEE368060019784229EFD0A56296E7FE
:109B7000C268E36A916807338C466344E362136802
:109B80001A786C2A00D086E75A78692A00D082E7D2
:109B90009B78002B00D07EE72000FFF7DBF8320037
:109BA000030037212000FEF745FEE3680600197820
:109BB00073E70133C360FFF7CDF8061E05D0200020
:109BC000FEF71CFF002800D065E7002667E75A78FB
:109BD0006E2A00D057E70233C36054E7856A002D30
:109BE00004D0297800290DD018290BD0432A00D1A0
:109BF00088E059783039C9B2052940D865488900CC
:109C000041588F462969E26A8C466244E2621978BB
:109C10000A00432976D04429EBD000263DE7130003
:109C200000263AE7012294466269A1699F1CE76019
:109C30008A4200DB9EE0216990008846002180185E
:109C40008600464401327160B1606261002D00D12E
:109C500090E00822327062467160B1603273356103
:109C600099783B0019E703229446DDE705229446E4
:109C7000DAE704229446D7E702229446D4E711009B
:109C800000260AE75A1CC26059786C29C7D10233F2
:109C9000C360FFF749FEE368050019780028BCD0CF
:109CA0004529BAD15A1CE2605A785F2A6AD06E2AD6
:109CB0008BD02000FEF7E4FDE3681978471CACD494
:109CC0005F29AAD10133E3606269A1698A423EDA61
:109CD000216996008C460021B618B6006644013210
:109CE0007160B160626146223270226A616AF56019
:109CF00037618A422BDAE069910001320E5022620C
:109D00001978CAE65A78492A24D011003139042931
:109D100000D95AE7303A0233D7B2E3606369A269E7
:109D2000934213DA2269980094460022C0188600F4
:109D3000664401337260B2606361002D06D0072370
:109D40007260B260337037733561A4E6E368002651
:109D50001978A2E6581CE0609A781100313904297C
:109D600014D80333303A2000E360D7B2FFF7BAF9D2
:109D7000A56AD3E7997800263B008EE603330022DC
:109D8000C360BBE602330027E3609DE759780026F5
:109D9000030082E690270110F0B5D6464F464646AE
:109DA000C0B5C2680400137882B0552B59D01DD8B5
:109DB0004E2B00D1D0E0532B5DD15378742B00D1C2
:109DC00072E00021FFF73AF8E26805001378492BAA
:109DD0004AD101322000E26001F00EF803002A00AF
:109DE00004212000FEF726FD05003DE05A2B42D15C
:109DF000531CC3605378472B02D0542B00D0F6E09D
:109E0000200000F023FA0500002D00D1A2E0E36855
:109E10001A78452A00D09DE05A1CE2605A78732ACD
:109E200000D15DE1642A00D1E6E02000FFF7B4FF35
:109E3000061E0AD0FD220378463B134205D02000BF
:109E4000FEF7DCFD002800D184E02B78032B00D145
:109E50003EE12A00330002212000FEF7EBFC050062
:109E600002E0FFF7FFFD0500280002B0E0BCBA46A3
:109E7000B146A846F0BD2000FFF7F4FDE2680500FA
:109E80001378492BF0D1002864D0236A616A8B4291
:109E900060DAE069990001330D50236211780023E4
:109EA0004939012995D99AE70232C260436982692A
:109EB000934200DB31E102699D00ED1894460133C5
:109EC00043610023AD0065446B60AB602B70A04B19
:109ED000EB6003232B612000FFF7C4FD2A00030081
:109EE00001212000FEF7A6FCE36AE2680333E36287
:109EF00013780500492BB7D100282BD0236A616A5B
:109F00008B4227DAE069990001330D502362117802
:109F100000234939012900D961E75AE720225B78FB
:109F200020009343542B5ED0FFF79CFD0500002FCB
:109F30003AD001212B003A002000FEF77BFC0500FF
:109F4000532E31D12F00E3681E78002E19D1002343
:109F500042461360002587E70132C26001A9012251
:109F600000F068FE80460028F4D000212000FEF7B3
:109F7000EDFCE36881461E78002EE8D00122002720
:109F80009246442ECAD03200303AD2B21C2A6BD943
:109F90003200613A192A69D82000FFF763FD0500F5
:109FA000002FC6D1CCE70500E3681E78452E0CD003
:109FB000002DCCD0226A616A8A42C8DAE069910039
:109FC00001320D502F002262BEE715226149D140B7
:109FD00052468A4358D12000FFF744FD002DE2D0BD
:109FE0002F000500A5E7FFF77DF805009FE700219A
:109FF00000F0B4F8050007E79A1CE2609A785F2A3F
:10A0000000D198E06E2AA5D02000FEF739FC01307F
:10A0100080469FD4E3681A785F2A9BD10133E360BE
:10A020002000FFF7B9FE071E09D0FD223B78463B12
:10A03000134204D02000FEF7E1FC00288AD06369B7
:10A04000A26993427CDA22699E0094460022F618A7
:10A05000B600664401337260B260636147233370B7
:10A060004346F7603361F0E63D00AFE73D00552E13
:10A07000B1D0532E08D101212000FEF7DFFE0500EC
:10A08000002F00D055E75DE7492E48D0542E59D017
:10A09000452E09D04D2E00D059E7002D00D156E7AE
:10A0A00001332F00E3604FE743461D60002D00D1D0
:10A0B00050E74B46002B02D0019A0193DA60E36827
:10A0C0001A78452A00D045E70133019DE360CBE6CD
:10A0D0002B691A78292A00D0BBE60022DA60B8E69C
:10A0E00002332000E360FEF789FC002800D131E74D
:10A0F0006369A269934223DA22699E00F6189446A6
:10A10000013363610023B60066447360B36033704B
:10A11000114BF3600E23336197E60025DBE6002D3B
:10A1200000D114E701332000E36000F065FE2F004A
:10A1300004210500FEE60333E360002398466FE741
:10A14000002682E62000FEF78FFD2F000500EEE6D8
:10A1500078330110FF0308106833011070B5050053
:10A160000E00FFF719FE041E48D0002E18D0AB6871
:10A17000DB0715D423784D2B37D033D81A001C3A7F
:10A18000042A32D9022B09D12269002A36D0137849
:10A190004D2B2FD02BD81C3B042B2BD9200070BD6E
:10A1A000EB681B78002BF9D0452BF7D022001378F1
:10A1B000042B32D024D8022B02D11269002AF6D106
:10A1C00000212800FFF7F2FB031E17D0002E02D15A
:10A1D0002278022A35D0220003212800FEF72AFB2C
:10A1E0000400DBE74F3B012BD8D8E468C2E74F3BC4
:10A1F000012BD3D8D2682261002AC8D10024CDE730
:10A200004D2B03D004D94F3B012BD9D8D268D5E7C9
:10A210001C3B042BD4D8D268D0E7D368002B0AD0DB
:10A220001978082909D80629CAD80139012902D87C
:10A230001B69002BF4D10121C3E735394B1E99412D
:10A24000BFE70278292AC6D1C660C4E7F8B5C16A5B
:10A25000CE4647460B0080B51433C362C368040082
:10A260001A78542A5BD0472A65D15A1CC2605A78A2
:10A27000002A60D09A1CC2605A78542A00D19EE00D
:10A280005ED9562A00D191E0722A54D1FEF7F8FA2D
:10A29000012850DDE3681A78002A4CD05D1CE56087
:10A2A0001B785F2B47D11E3B002200279846461E95
:10A2B0002B78002B3FD0242B00D074E16B78532BEC
:10A2C00000D196E15F2B00D191E1242B33D12420E2
:10A2D0006169A369994200DB93E125698B00AC4673
:10A2E0005B189B00634401315F609F606161414680
:10A2F0001970E168D8608D1CE560023E002A00D12B
:10A3000073E140212000FEF795FA021E13D0002EC3
:10A31000CEDC00233F212000FEF78CFA0CE05A1C13
:10A32000C2605A78002A06D09A1CC2605B78413B12
:10A33000DBB2352B27D90020C0BCB946B046F8BDEA
:10A34000412A24D0522AF6D1FFF726FD6369A2697B
:10A350000600934251DA22699D0094460022ED18CE
:10A36000AD00654401336A60AA6063614223200046
:10A370002B70FEF785FAE8602B00320016212000D2
:10A38000FEF758FAD8E7AE4A9B00D3589F469B7811
:10A39000472B01D0542B2BD12000FFF757FF020091
:10A3A000002317212000FEF745FAC5E7FFF7F4FC6C
:10A3B0000023020013212000FEF73CFABCE79A7844
:10A3C000002A00D117E1DA1CC2609A78DB786E2A85
:10A3D00015D0472B02D0542B00D00CE12000FFF702
:10A3E00035FF0200002349212000FEF723FAA3E7EE
:10A3F0000021FFF7B3FE0200D2E70025BCE7472BA0
:10A4000000D112E1542B00D10FE10021FFF7A6FE8D
:10A41000020000234A212000FEF70CFA8CE7762187
:10A42000FEF76EFA002800D185E7E3681B78472B1A
:10A4300000D1F0E0542B00D1EDE000212000FFF727
:10A440008DFE0200002310212000FEF7F3F973E7D0
:10A450006821FEF755FA002800D16CE7E3681B7805
:10A46000472B00D1DCE0542B00D1D9E000212000A3
:10A47000FFF774FE020000230F212000FEF7DAF937
:10A480005AE70021FEF73CFA002800D153E70021EB
:10A490002000FEF735FA002800D14CE7E3681B786E
:10A4A000472B00D1C6E0542B00D1C3E0002120008F
:10A4B000FFF754FE0200002311212000FEF7BAF935
:10A4C0003AE7FFF769FC0023020015212000FEF7A0
:10A4D000B1F931E7FEF706FE05002000FEF7D0F9DE
:10A4E000002800DA27E7E26813785F2B00D022E724
:10A4F0000132E2602000FEF7F5FDE36A0200053359
:10A50000E3620B212B002000FEF794F914E700F022
:10A5100049FC0023020030212000FEF78BF90BE7F5
:10A52000FEF7E0FD0023020012212000FEF782F971
:10A5300002E7FEF7D7FD002302000C212000FEF702
:10A5400079F9F9E6FFF728FC002302001421200026
:10A55000FEF770F9F0E6FEF7C5FD002302000E21BC
:10A560002000FEF767F9E7E60A31C162FEF7BAFD9F
:10A57000002302000A212000FEF75CF9DCE6FEF76A
:10A58000B1FD002302000D212000FEF753F9D3E6B0
:10A590000F31C162FEF7A6FD002302000921200051
:10A5A000FEF748F9C8E6002104E06B5C002B04D0FC
:10A5B000242B02D00131B142F7DB6069A3699842D4
:10A5C00023DA83001B189B009946236901309C46BF
:10A5D0004B46634460611F70E068DD6045185F6052
:10A5E0009F601961761AE56088E61A008FE62E20D2
:10A5F0006EE62F206CE600212000FFF7AFFD020081
:10A60000F0E6E3680233E36095E6E36800209C46E9
:10A610006144E16090E62000FFF718FE020011E7B8
:10A620002000FFF713FE020025E72000FFF70EFED3
:10A630000200EEE62000FFF709FE02003BE7C046FD
:10A64000A8270110F8B5C268040013784C2B32D14A
:10A65000531CC36051785F2953D05A2912D15A1C18
:10A66000E2605B78472B45D0542B43D0002120007B
:10A67000FFF774FD0500E3681A78452A1BD1013302
:10A68000E36019E0FEF72EFD051E14D00378272B9A
:10A6900014D0E6683D2132786E2A25D0452A58D05C
:10A6A000731C06E0E360180001335A1E1278452A35
:10A6B0002ED0002AF6D100252800F8BDC3681A7CE8
:10A6C000002A03D0E26A5968521AE26218682349E4
:10A6D00006F0FAFA0028DCD1E6683278452A3AD04A
:10A6E0006E2A01D03D21DBE7731CE36072783E21C6
:10A6F0001E00D3E72000FFF7A9FDE36805001A78E4
:10A70000BBE7931CC360927800255A2AB5D1A6E70F
:10A71000801B6269A3699A4219DA27699300BC46D3
:10A7200000279B189B00634401325F609F60626159
:10A7300000280CDD5F609F601F70DE6018612A00DA
:10A740002000FEF777F8E36805001A7895E7002304
:10A75000F5E70020DDE70136E660ADE77C33011068
:10A76000F8B5C268040013784C2B00D1CFE0542B0D
:10A7700000D1D0E0732B00D16CE0662B3BD01900E8
:10A78000303909290CD82000FFF76CF9051E00D1DB
:10A79000BBE0E3681A78492A00D1C0E02800F8BD80
:10A7A0006F2B68D0692B00D0C6E053786C2B00D19A
:10A7B000E6E02000FFF726F8051E00D1A5E00378AB
:10A7C000322B5ED0342B00D1BAE100D99DE0332B7F
:10A7D00000D09AE0C368022B00D196E000DD94E03F
:10A7E000002B00D005E12A00002336212000FEF7CF
:10A7F00021F80500D2E75378702BDAD1931CC3609F
:10A800009378542B00D121E15F2B00D1EDE06E2B2A
:10A810007BD0FEF735F8411C77D4E3681A785F2ABD
:10A8200073D10133E360C54B821C99426DD06369DB
:10A83000A1698B4269DA216998008C460021C01811
:10A840008500654401336960A96063610623EA609D
:10A850002B70A3E75378722B7DD0702BA9D10232D5
:10A86000C260FFF77DFF002302004B212000FDF7AF
:10A87000E1FF050092E753786E2B9AD10232C26055
:10A8800081E7E16AC2688C4693681668023B6344BC
:10A89000E3623378732B00D187E0D768012F00D1B2
:10A8A000AEE02FDD022F00D1D9E0032F2DD1712B87
:10A8B00000D0FEE07378752B00D0FAE0B378002B5F
:10A8C00000D0F6E02000FFF74BFF06002000FFF766
:10A8D00047FF07002000FFF743FF031E15D03A0093
:10A8E0003C212000FDF7A6FF320003003B212000A1
:10A8F000FDF7A0FF2A0003003A212000FDF79AFF90
:10A9000005004BE7002F00D16DE7002546E7FFF774
:10A9100099FE050042E7FEF7A7F905003EE701337F
:10A92000E360200000F068FA2A0003000421200000
:10A93000FDF780FF050031E7742B00D039E753782D
:10A940006C2B00D035E70232E2602000FEF7CAFB34
:10A95000E268050017E00232C260FEF7C3FB0500A3
:10A960002000FFF77FF8E36806001A78492A2FD005
:10A9700003002A0001212000FDF75CFF05000DE720
:10A9800000250232E2601378002BBED05378002BF2
:10A99000BBD04521200000F015F92A000300312129
:10A9A0002000FDF747FF0500F8E67178742900D014
:10A9B00073E7B178002900D06FE72000FEF792FB23
:10A9C00003002A0037212000FDF734FF0500E5E6EB
:10A9D0000133E360200000F00FFA3200030004218D
:10A9E0002000FDF727FF0300C3E70332C260012206
:10A9F0001DE7012B89D12000FFF7B2FE0300E0E73D
:10AA00003278702A16D06D2A14D00027732B21D1EA
:10AA10007378502B1ED1B378002B1BD1200000F08F
:10AA2000EBF90300002FCCD01A0039212000FDF7EC
:10AA300001FFC5E771789142E7D1E26811785F299B
:10AA4000E4D10132E26000273378DFE70332C260ED
:10AA50000022ECE62000FFF783FE0300E2E7EB684C
:10AA60001B685A78632A00D17EE03378662B00D1C8
:10AA700088E02000FFF774FE07003378632B3FD196
:10AA800072786C2A3CD1B278002A39D14521200055
:10AA900000F098F8060033003A0039212000FDF755
:10AAA000C9FE2A00030038212000FDF7C3FE05007F
:10AAB00074E63378662B71D06E2B00D025E773785F
:10AAC000772B02D0612B00D01FE75F21200000F020
:10AAD00079F806002000FEF705FBE36807001A7806
:10AAE000452A6BD0702A5DD0692A00D00DE75B78CB
:10AAF0006C2B00D009E72000FFF732FE0300EEE6E2
:10AB0000642B2AD17278742A27D1B278002A24D1F2
:10AB10002000FEF7A7FFE36806001A78492ABAD199
:10AB20000133E360200000F067F9320003000421E4
:10AB30002000FDF77FFE0600ADE7C046FFFFFF7F68
:10AB4000E3681A785F2A00D055E70133E3604521B6
:10AB5000200000F037F8030033E7702B17D02000F7
:10AB6000FFF7FEFD060096E71B781A00633A012AFC
:10AB700003D9723B012B00D977E72000FEF7B2FA28
:10AB800007007AE72000FEF73DFE070075E77378BF
:10AB9000742BE4D1B378002BBAD0E0E72000FEF7A5
:10ABA00031FE92E65A78692A00D0AEE60233E360BD
:10ABB0004521200000F006F8030090E60133E36031
:10ABC00000238CE6F0B5C646002300B582B00193A1
:10ABD000C36804001A780E00012701AD8A420ED125
:10ABE00020E000232E212000FDF724FE286000280D
:10ABF0000FD0E36810301A780500B2420ED0236BF4
:10AC0000200098462763FFF7ABFD4346021E2363EF
:10AC1000E7D1002002B080BCB846F0BD01330198F6
:10AC2000E360F7E7013300222E21C3600023FDF724
:10AC300001FEEFE7F0B5DE4657464E464546E0B525
:10AC4000C56804008A4693461B232E7883B0002AE9
:10AC500000D01E235A46DBB201931A23002A00D0EB
:10AC60001D235A46DBB299461923002A00D01C2323
:10AC7000DBB2984657461EE0562E3BD04B2E3FD0B7
:10AC80006B78002B2DD0AB1CE3606D78782D52D003
:10AC90006F2D3BD1E36A4F250933E3620023002285
:10ACA00029002000FDF7C6FD3860002819D00C30BF
:10ACB0000700E5682E782800FDF71CFF002840D02B
:10ACC0006B1CE360722ED7D14546E36A002209333C
:10ACD000E362290000232000FDF7ACFD3860002866
:10ACE000E5D10027380003B0F0BCBB46B246A94608
:10ACF000A046F0BDE36A4D460933E3620023CEE788
:10AD0000E36A019D0633E3620023C8E74F2D37D184
:10AD1000E36A266B0933E362012320002363FFF714
:10AD20001FFD2663031EDCD0E26811784529D8D1C7
:10AD30000132E260B3E7E36A2B3D1133E3620023A3
:10AD4000ADE75B46002BCDD1462ECBD15745C9D0C0
:10AD50001D241C221E3006E0192B0FD00C239A460E
:10AD60008A445745BED0534619680B781A2B03D036
:10AD70001B2BF1D10870F1E70C70EFE70A70EDE7DB
:10AD8000772DAED1E36A20000633E362FEF7CCFDF7
:10AD9000031EA6D0E26811784529A2D10132E260F3
:10ADA000273D7CE770B5C268040013784C2B1DD09A
:10ADB00007D8493B012B15D80132C26000F01CF8BE
:10ADC00070BD582B0ED10132573B056BC260036337
:10ADD000FFF7C6FCE36825631A78452A09D10133D9
:10ADE000E360EDE72000FEF77DF9E9E7FFF72AFCD5
:10ADF000E6E70020E4E7C04670B5C36804001A78AF
:10AE0000866A82B0452A1ED0002301AD01930DE071
:10AE100000232F212000FDF70DFD286000280AD017
:10AE2000E36810301A780500452A07D02000FFF7A4
:10AE3000B9FF021EECD1002002B070BD01330198B1
:10AE4000E360A662F8E7013300222F21C3600023EC
:10AE5000FDF7F0FCF0E7C046F0B54546DE46574644
:10AE60004E46E0B50400150097B0002A1ED08C2392
:10AE70005B00C658002E1DD11178502962D8E54AD2
:10AE80008B00D3589F4688235B00E25801269146E9
:10AE90004A680100E2502000FDF768FE002801D05A
:10AEA00002F0F3FA88234A465B00E2508C23012229
:10AEB0005B00E25017B0F0BCBB46B246A946A046C4
:10AEC000F0BD002206AB98468A235B00E15806914C
:10AED0004146E15000238B601133FF33E3584D604E
:10AEE000CB60002A00D1B9E01121200002F084FCDF
:10AEF00043469B68002B01D101F024FE8A23069A69
:10AF00005B00E250002ED5D04A46043BE250D1E728
:10AF10008A235B00C758002F00D191E03B009A685C
:10AF2000002A0BD15A68127810001938022801D96A
:10AF300002F05CF8914201D102F05BF81B68002B33
:10AF4000EDD17DE08C2301225B00E250B2E7EA689C
:10AF5000002A02D0112102F04FFC2B69002BA9D04E
:10AF600080277F00E659FD2E01D902F049F8AA4F4B
:10AF7000BB1C9A462C239846E0339B462B00454643
:10AF800098460FE03300013680225200A650E55467
:10AF9000822301375B009146E554BA4501D101F0A7
:10AFA000E1FD3D78FF2EEDD10023A3550933FF339A
:10AFB000E358FF2100935B462000E258009B98472E
:10AFC00094225200A35801260133A3500023DBE74B
:10AFD0008A2306AE5B00C258C65000230893113383
:10AFE000FF33C358069211212A690993079502F08D
:10AFF00003FC089B002B01D101F0E6FF8A23069A8F
:10B000005B00E25056E790235B00E868E65803785F
:10B01000002E01D001F010FE052B01D102F008FA3C
:10B02000232B01D101F0ADFF2A789A4201D102F021
:10B0300001F8242B01D102F03AFA8A235B00E75889
:10B0400006AB98468A2342465B00E25000230697EF
:10B0500093601133FF33E3585560D360EA6843E7E8
:10B06000EA681378272B01D001F0D9FED3681E7C43
:10B07000062E01D901F0BDFD002E01D002F089F9A4
:10B0800080235B00E358FF2B01D102F0FDF8591C2F
:10B0900080277F00E1512821E15482235B00E154A5
:10B0A0002000173902F0A8FBE359FF2B01D102F071
:10B0B00005F9591C80225200A150D73AE25482234C
:10B0C0005B00E2542B783E2B01D102F0F1F8082E00
:10B0D00001D102F006F9112120002A6902F08CFB4F
:10B0E000E8E6EA68112102F087FB4C4E8023B21C8F
:10B0F00091468622520093465B00043A3A279246D4
:10B10000E3580FE01A000133802149006350A7542F
:10B110008222013652008846A754B14501D101F080
:10B1200085FC3778FF2BEDD10022E2545B46E258D4
:10B130005346FF21E3582000984794225200A35819
:10B140000133A35001230022DEE71422904600229F
:10B15000802393460D32FF32314E92465B00043A13
:10B160006E279146C358B0440EE01A000133802187
:10B1700049006350A75482225200A754B04501D120
:10B1800001F04DFC37780136FF2BEED15A46E254E0
:10B190005346E2584B46FF21E3582000984794223B
:10B1A0005200A3580133A35001230022DFE71C22E1
:10B1B00090460022802393460D32FF32194E92466C
:10B1C0005B00043A67279146C358B0440EE01A006A
:10B1D0000133802149006350A75482225200A754B2
:10B1E000B04501D101F0CFFA37780136FF2BEED10F
:10B1F0005A46E2545346E2584B46FF21E35820009A
:10B20000984794225200A3580133A35001230022EF
:10B21000DFE7C0468028011038350110983301104F
:10B220004D340110B53501108A235B00C258EF6818
:10B2300093460022C250002F01D102F0E3F8882388
:10B24000002100265B00C05806AB98461A00B446A1
:10B25000002389461360634693604B4657605E1C2B
:10B260003B789246D0604D2B01D101F0AAFC01D968
:10B2700001F0FEF919001C39042901D801F0A1FCE4
:10B280009A468A235B00E25053464946022B22D15C
:10B290003F693B789A46472B01D102F0C7F98A23D0
:10B2A0005B009C46002399465346090141440190A6
:10B2B000009602954D2B01D102F022F801D901F040
:10B2C00058FE1A001C3A042A01D802F019F89A46CE
:10B2D0000198009E029D5346042B05D10D33FF3388
:10B2E00004AA0490E2500597112120002A6902F077
:10B2F00083FA3B78042B03D1049A0D33FF33E250D9
:10B30000802335015B0099460C3DE03B46464544B1
:10B310009846E4339A460C3E6B68002B01D101F04D
:10B320003BFC103DAE42F7D18A235A465B00E25007
:10B33000C0E5102290460022802393460D32FF3252
:10B34000E44E92465B00043A74279146C358B044D9
:10B350000EE01A000133802149006350A754822275
:10B3600001365200A754464501D101F08AF93778D9
:10B37000FF2BEED15A46E2545346E2584B46FF218A
:10B38000E3582000984794225200A3580133A35059
:10B3900001230022DFE711229046002280239346FA
:10B3A0000D32FF32CC4E92465B00043A7427914630
:10B3B000C358B0440EE01A000133802149006350A5
:10B3C000A75482225200A754B04501D101F06AF976
:10B3D00037780136FF2BEED15A46E2545346E258F5
:10B3E0004B46FF21E3582000984794225200A3586F
:10B3F0000133A35001230022DFE7A4235B00C758D9
:10B40000C550343BC258112190460022C250EA6810
:10B4100002F0F2F982235B00E35C3C2B01D101F0E6
:10B4200026FF80235B00E358FF2B01D101F00CFFC6
:10B43000591C802282265200A1507600C43AE25460
:10B44000A255112120002A6902F0D6F9A35D3E2BF6
:10B4500001D101F0F3FE80235B00E358FF2B01D103
:10B4600001F0D9FE591C80225200A150C23AE25488
:10B4700082235B00E25442461033E2503433E750FB
:10B4800018E5EA68112102F0B7F9082280239146F5
:10B490000532FF32914E93465B00043A20279246D4
:10B4A000E358B1440FE01A00013380214900635092
:10B4B000A7548222013652008846A754B14501D1D3
:10B4C00001F02BFB3778FF2BEDD10022E2545B46D5
:10B4D000E2585346FF21E358200098479422520037
:10B4E000A3580133A35001230022DEE7EA681121AB
:10B4F00002F082F97A4E8023721D91468622520014
:10B5000093465B00043A5B279246E3580FE01A002B
:10B510000133802149006350A75482220136520032
:10B520008846A754B14501D101F0E2FA3778FF2BE4
:10B53000EDD10022E2545B46E2585346FF21E35826
:10B540002000984794225200A3580133A3500123AE
:10B550000022DEE7E968FDF729FB00231A00002836
:10B5600002D102F032F81A0003782F2B01D001F03B
:10B5700035FBC368002B01D101F030FB0069531C7F
:10B580000028F0D19146EA6892464A4699460192CF
:10B590004B46009304E0009B01369E4200DB89E4A9
:10B5A00092235B00E65052461121200002F024F95C
:10B5B000019BB342EFDD4B4D8023AA1C90468622AF
:10B5C000520093465B00043A2C279146E3580BE067
:10B5D0001900013380225200A35001350432675410
:10B5E000A7544545D7D02F78FF2BF1D10022E25444
:10B5F0005B46E2584B46FF21E358200098479422CF
:10B600005200A35800210133A3500123E2E719227D
:10B6100090460022802393460D32FF32324E9246EE
:10B620005B00043A6E279146C358B0440EE01A00FE
:10B630000133802149006350A75482225200A7544D
:10B64000B04501D101F0DDF937780136FF2BEED19D
:10B650005A46E2545346E2584B46FF21E358200035
:10B66000984794225200A3580133A350012300228B
:10B67000DFE70E22802391461C4EFE3293465B008C
:10B68000043A7B279246C358B1440FE01A000133B5
:10B69000802149006350A754822201365200884617
:10B6A000A754B14501D101F067F93778FF2BEDD1EF
:10B6B0000022E2545B46E2585346FF21E358200043
:10B6C000984794225200A3580133A350012300222B
:10B6D000DEE7C0463834011025340110143601105D
:10B6E0009033011038350110053501100436011072
:10B6F0000822802391460532FF32EB4E93465B00D1
:10B70000043A7B279246C358B1440FE01A00013334
:10B71000802149006350A754822201365200884696
:10B72000A754B14501D101F035F83778FF2BEDD1A1
:10B730000022E2545B46E2585346FF21E3582000C2
:10B74000984794225200A3580133A35001230022AA
:10B75000DEE780235B00C358FF2B01D101F013FD0E
:10B76000591C80225200A150823AE25482235B008D
:10B77000E254112120002A6902F03EF8FFF79AFBFB
:10B7800011212A6902F038F8FFF794FB1D22904638
:10B790000022802393460D32FF32C44E92465B0056
:10B7A000043A74279146C358B0440EE01A0001339E
:10B7B000802149006350A75482225200A754464575
:10B7C00001D101F06EF837780136FF2BEED15A46E1
:10B7D000E2545346E2584B46FF21E3582000984775
:10B7E00094225200A3580133A35001230022DFE723
:10B7F000122290460022802393460D32FF32AC4E37
:10B8000092465B00043A67279146C358B0440EE065
:10B810001A000133802149006350A754822252004C
:10B82000A754B04501D101F076F837780136FF2BE7
:10B83000EED15A46E2545346E2584B46FF21E358B4
:10B840002000984794225200A3580133A3500123AB
:10B850000022DFE7182290460022802393460D3213
:10B86000FF32944E92465B00043A54279146C358E7
:10B87000B0440EE01A000133802149006350A75400
:10B8800082225200A754B04501D101F060F8377808
:10B890000136FF2BEED15A46E2545346E2584B464E
:10B8A000FF21E3582000984794225200A358013307
:10B8B000A35001230022DFE71922904600228023B3
:10B8C00093460D32FF327C4E92465B00043A63276A
:10B8D0009146C358B0440EE01A000133802149005C
:10B8E0006350A75482225200A754B04501D101F001
:10B8F00020F837780136FF2BEED15A46E2545346F2
:10B90000E2584B46FF21E35820009847942252000A
:10B91000A3580133A35001230022DFE71422802320
:10B920009146664EF83293465B00043A722792467F
:10B93000C358B1440FE01A0001338021490063501D
:10B94000A754822252008846A754B14501D100F085
:10B95000AFFF37780136FF2BEDD10022E2545B4672
:10B96000E2585346FF21E3582000984794225200A2
:10B97000A3580133A35001230022DEE70F22904693
:10B980000022802393460D32FF324D4E92465B00DB
:10B99000043A6A279146C358B0440EE01A000133B6
:10B9A000802149006350A754822201365200A754D7
:10B9B000464501D100F0B6FF3778FF2BEED15A464D
:10B9C000E2545346E2584B46FF21E3582000984783
:10B9D00094225200A3580133A35001230022DFE731
:10B9E000152290460022802393460D32FF32354EB9
:10B9F00092465B00043A54279146C358B0440EE087
:10BA00001A000133802149006350A754822252005A
:10BA1000A754B04501D100F0A1FF37780136FF2BC4
:10BA2000EED15A46E2545346E2584B46FF21E358C2
:10BA30002000984794225200A3580133A3500123B9
:10BA40000022DFE7112290460022802393460D3228
:10BA5000FF321D4E92465B00043A76279146C3584A
:10BA6000B0440EE01A000133802149006350A7540E
:10BA7000822201365200A754464501D100F060FFF2
:10BA80003778FF2BEED15A46E2545346E2584B46E4
:10BA9000FF21E3582000984794225200A358013315
:10BAA000A35001230022DFE7F4350110B933011060
:10BAB00091340110BD34011065340110D9340110E6
:10BAC00080340110A5340110503401101B2290461F
:10BAD0000022802393460D32FF32EF4E92465B00E8
:10BAE000043A67279146C358B0440EE01A00013368
:10BAF000802149006350A75482225200A754B045C8
:10BB000001D100F0F9FD37780136FF2BEED15A460E
:10BB1000E2545346E2584B46FF21E3582000984731
:10BB200094225200A3580133A35001230022DFE7DF
:10BB3000152290460022802393460D32FF32D74EC5
:10BB400092465B00043A74279146C358B0440EE015
:10BB50001A000133802149006350A7548222520009
:10BB6000A754B04501D100F0B2FD37780136FF2B64
:10BB7000EED15A46E2545346E2584B46FF21E35871
:10BB80002000984794225200A3580133A350012368
:10BB90000022DFE7082290460022802393460D32E0
:10BBA000FF32BF4E92465B00043A6F279146C3585E
:10BBB000B0440EE01A000133802149006350A754BD
:10BBC00082225200A754B04501D100F087FD37789A
:10BBD0000136FF2BEED15A46E2545346E2584B460B
:10BBE000FF21E3582000984794225200A3580133C4
:10BBF000A35001230022DFE7EF682D693B78322B49
:10BC000001D101F014F9342B01D001F0E1FD8023C2
:10BC10005B00C358FF2B01D101F05AFD80265A1C4E
:10BC20007600A2512822E25482235B00E2541121C3
:10BC30002000FA6801F0E0FDA359FF2B01D101F0CB
:10BC400035FD8022591C5200A150D73AE25482237C
:10BC50005B00E2542A001121200002F08FFFFFF761
:10BC600029F91121EA6802F083FDFFF723F92B6916
:10BC70001B78392B01D0FFF719F9EA68D3681B68E4
:10BC80005978632901D101F05CFB2A0011212000C1
:10BC900002F0F8FF002801D0FFF70CF9EB681A78E2
:10BCA000322A01D101F09CFCDB681B681A78632AF8
:10BCB00001D001F043FB5A786C2A01D001F03EFB21
:10BCC0009B78002B01D001F039FB2B69DA681178E1
:10BCD000032901D101F00DFD11212000DA6802F0E5
:10BCE0004DFFEA68D3681B681978692901D001F013
:10BCF000E1FB5878782801D001F0DCFB9878002827
:10BD000001D001F0D7FB20000E39FCF70DFF2B69A5
:10BD1000112120001A6901F06FFD5D212000FCF760
:10BD200003FFEB681A78322A01D0FFF7C3F8DB680B
:10BD30009A68012A01D0FFF7BDF85B681B783E2B9B
:10BD400001D0FFF7B7F829212000FCF7EDFEFFF73F
:10BD5000B1F8EB68002298469B68524D009380230F
:10BD60002F0093460D32FF3292465B00043A6F2655
:10BD70009146C35808370EE01A000133802149006C
:10BD80006350A654822201355200A654BD4201D10F
:10BD900000F0B9FC2E78FF2BEED15A46E254534600
:10BDA000E2584B46FF21E358200098479422520066
:10BDB000A3580133A35001230022DFE70822904655
:10BDC0000022802393460D32FF32354E92465B00AF
:10BDD000043A6F279146C358B0440EE01A0001336D
:10BDE000802149006350A75482225200A754B045D5
:10BDF00001D100F07AFC37780136FF2BEED15A469C
:10BE0000E2545346E2584B46FF21E358200098473E
:10BE100094225200A3580133A35001230022DFE7EC
:10BE2000EA682E69002A02D0112101F0E5FC802386
:10BE30005B00E358FF2B01D101F091F95A1C8025DA
:10BE40006D0062517B22E25482235B00E254112197
:10BE50003200200001F0D0FC6359FF2B01D101F02A
:10BE60006BF9591C80225200A150833AE25482237C
:10BE70005B00E254FFF71EF80C229046002280235C
:10BE800093460D32FF32084E92465B00043A742707
:10BE90009146C358B04418E0D5350110093501105A
:10BEA000493501103C350110153401101A000133D9
:10BEB000802149006350A75482225200A754B04504
:10BEC00001D100F0A5FD37780136FF2BEED15A469F
:10BED000E2545346E2584B46FF21E358200098476E
:10BEE00094225200A3580133A35001230022DFE71C
:10BEF000172280239146EB4EF53293465B00043ABD
:10BF000063279246C358B1440FE01A0001338021E1
:10BF100049006350A754822252008846A754B14575
:10BF200001D100F08FFD37780136FF2BEDD10022D3
:10BF3000E2545B46E2585346FF21E35820009847FD
:10BF400094225200A3580133A35001230022DEE7BC
:10BF50001222AB5E002B01D001F018F8EA68D24B38
:10BF6000D168994201D100F05DFF1121200001F05C
:10BF700043FC80235B00E258FF2A01D101F003FB60
:10BF80008021531C49006350E039A15482225200A1
:10BF9000A15410216A5E002A01D000F050FE9246A2
:10BFA0000D32FF32C14D9146043A5F2690466F1D17
:10BFB0000EE01A000133802149006350A65482220A
:10BFC0005200A654AF4201D1FEF774FF2E7801351E
:10BFD000FF2BEED15246E2544B46E2584346FF2136
:10BFE000E3582000984794225200A3580133A350ED
:10BFF00001230022DFE70922802391460432FF3229
:10C00000AB4E93465B00043A64279246C358B14452
:10C010000FE01A000133802149006350A7548222A7
:10C0200052008846A754B14501D100F04CFD377845
:10C030000136FF2BEDD10022E2545B46E258534615
:10C04000FF21E3582000984794225200A35801335F
:10C05000A35001230022DEE7EA68964906A8F7F715
:10C0600045FA06A804F074FE002801D1FEF722FF6D
:10C070000022802392460D32FF3291465B0006ADCE
:10C08000043A9046E3582F180DE01A00013380213E
:10C0900049006350A654822201355200A654AF4293
:10C0A00001D1FEF707FF2E78FF2BEED15246E25466
:10C0B0004B46E2584346FF21E3582000984794221C
:10C0C0005200A3580133A35001230022DFE780234D
:10C0D0005B00C3582D7BFF2B01D101F01BF8591CCD
:10C0E00080225200A150E55482235B00E554FEF704
:10C0F000E1FE2F69EA68002F01D1FEF7DBFE150093
:10C10000D7190022802392460D32FF3291465B0000
:10C11000043A9046C3580DE01A00013380214900CB
:10C120006350A654822201355200A654AF4201D179
:10C13000FEF7C0FE2E78FF2BEED15246E2544B465E
:10C14000E2584346FF21E3582000984794225200CA
:10C15000A3580133A35001230022DFE708229046B1
:10C160000022802393460D32FF32534E92465B00ED
:10C17000043A56279146C358B0440DE01A000133E3
:10C18000802149006350A754822201365200A754EF
:10C19000B04500D18DE23778FF2BEFD15A46E254FB
:10C1A0005346E2584B46FF21E3582000984794221B
:10C1B0005200A3580133A35001230022E0E70A22D2
:10C1C00090460022802393460D32FF323B4E92462A
:10C1D0005B00043A76279146C358B0440DE01A003C
:10C1E0000133802149006350A75482225200A75492
:10C1F000B04500D164E237780136FF2BEFD15A46C3
:10C20000E2545346E2584B46FF21E358200098473A
:10C2100094225200A3580133A35001230022E0E7E7
:10C220001121EA6801F0E8FAFEF744FEEA681121FC
:10C2300001F0E2FA112120002A6901F0DDFAFEF78F
:10C2400039FE0E2290460022802393460D32FF32A3
:10C250001B4E92465B00043A6A279146C358B0448D
:10C260000DE01A000133802149006350A754822257
:10C2700001365200A754B04500D10BE33778FF2BAD
:10C28000EFD15A46E2545346E2584B46FF21E35859
:10C290002000984794225200A3580133A350012351
:10C2A0000022E0E7F133011020310110293501109F
:10C2B0009535011028330110E4330110D9330110F2
:10C2C000843501102B691A783B2A01D0FEF7EEFD68
:10C2D0001B691B783C2B01D0FEF7E8FD2A001121D9
:10C2E00002F0D0FC002801D0FEF7E4FDEB68E8493D
:10C2F00098462B69DE681B69DF681D694346DB6869
:10C30000186804F0E1FC002801D001F0AFF9320018
:10C310002000112102F032FC42462000112102F0DF
:10C3200027FA3A002000112102F028FC2000D94908
:10C33000FCF75EFC2A001121200002F01FFCFEF732
:10C34000B9FD8A235B009B46C3585A46994606AB03
:10C3500098464B46069343465D6083504246002311
:10C3600093601133FF33C3580126D36001224B463B
:10C370009446002B01D101F00DFAC2460090A84668
:10C380001CE09A68002A16D1032E01D900F075FF2F
:10C3900052461D003101521891CD91C22D6854466C
:10C3A00015605A4600980136825862505A465144E8
:10C3B000815062469A601B68002B04D05A6812783C
:10C3C000193A022ADDD94546009C2A69112120002C
:10C3D00001F012FA8A234A465B00E25053469B68FA
:10C3E000002B01D0FEF766FD5746012E09D0013E15
:10C3F0003301FB18112120005A6801F02BFA012E9D
:10C40000F5D18A235B002A0011212000E35801F0B6
:10C41000EBFFFEF74FFDEA68002A1AD08A277F005B
:10C42000C35906AE0693002308931133FF33C35854
:10C430001121C6510993079501F0DEF9069BE351DE
:10C44000089B002B01D0FEF735FD20212000FCF7D2
:10C450006BFB8A235B002A0011212000E35801F0C6
:10C4600055FDFEF727FDEB689946002B01D000F043
:10C4700066FC002292460D32FF32874D0133914611
:10C48000FF33043A74269046C3582F1D0EE01A005D
:10C490000133802149006350A654822201355200A5
:10C4A000A654AF4201D1FEF705FD2E78FF2BEED149
:10C4B0005246E2544B46E2584346FF21E3582000DF
:10C4C000984794225200A3580133A350012300221D
:10C4D000DFE790235B00C358002B00D1DCE36F4EF5
:10C4E0008023721D91468622520093465B00043AD7
:10C4F00061279246C3580EE01A000133802149009B
:10C500006350A7548222013652008846A754B14591
:10C5100000D1D9E33778FF2BEED10022E2545B46FD
:10C52000E2585346FF21E3582000984794225200D6
:10C53000A3580133A35001230022DFE711229046C4
:10C540000022802393460D32FF32554E92465B0007
:10C55000043A68279146C358B0440DE01A000133ED
:10C56000802149006350A754822201365200A7540B
:10C57000B04500D1A0E23778FF2BEFD15A46E25404
:10C580005346E2584B46FF21E35820009847942237
:10C590005200A3580133A35001230022E0E72F6982
:10C5A000EA68002F01D1FEF785FC1500D71900229B
:10C5B000802392460D32FF3291465B00043A90464A
:10C5C000C3580DE01A000133802149006350A6547E
:10C5D000822201355200A654AF4201D1FEF76AFC17
:10C5E0002E78FF2BEED15246E2544B46E25843469A
:10C5F000FF21E3582000984794225200A3580133AA
:10C60000A35001230022DFE7EB68A0CB002F01D16C
:10C61000FEF750FC0022802392460D32FF329146F5
:10C620005B00043A9046C358EF190DE01A0001333D
:10C63000802149006350A654822201355200A6543D
:10C64000AF4201D1FEF736FC2E78FF2BEED15246D9
:10C65000E2544B46E2584346FF21E35820009847F6
:10C6600094225200A3580133A35001230022DFE794
:10C670004F3B012B00D8A4E28A235B00E250FEF777
:10C6800033FE11212000EA6801F0B6F8FEF712FC33
:10C69000583501105C350110A4350110B03301107C
:10C6A000F034011011212000EA6801F0A5F8FEF72E
:10C6B00001FC11212000EA6801F09EF8FEF7FAFB68
:10C6C00011212000EA6801F097F8FEF7F3FB112131
:10C6D0002000EA6801F090F8FEF7ECFB2A00112137
:10C6E000200001F08BFFFEF7E5FB112120002A69F5
:10C6F00001F082F8FEF7DEFB11212000EA6801F06C
:10C700007BF8FEF7D7FB424655682A78613A192A2A
:10C7100001D800F04BFC009A571EEB5D202B00D097
:10C720001700002F01D1FEF7C5FB0022802392469F
:10C730000D32FF3291465B00043A9046E358EF1900
:10C740000DE01A000133802149006350A654822273
:10C7500001355200A654AF4201D1FEF7ABFB2E7853
:10C76000FF2BEED15246E2544B46E2584346FF219E
:10C77000E3582000984794225200A3580133A35055
:10C7800001230022DFE711212000EA6801F034F8DC
:10C79000FEF790FB90267600A359EA680133A35177
:10C7A0001121200001F028F8A3592927013BA351AA
:10C7B000E84E4346B21C9146862252009346043A04
:10C7C0009246E3580DE01A0001338021490063507E
:10C7D000A7548222013652008846A754B14513D08F
:10C7E0003778FF2BEFD10022E2545B46E2585346E4
:10C7F000FF21E3582000984794225200A3580133A8
:10C80000A35001230022E0E72A69D349013206A898
:10C81000F6F76CFE06A804F09BFA4346E35800289E
:10C8200029D0002292460D32FF32914606AD043ADD
:10C8300090462F180BE01A00013380214900635005
:10C84000A654822201355200A654BD4213D02E7840
:10C85000FF2BF0D15246E2544B46E2584346FF21AB
:10C86000E3582000984794225200A3580133A35064
:10C8700001230022E1E7FF2B01D100F026FC591C27
:10C8800080225200A150833AE25482235B00E2549A
:10C89000FEF710FB11212000EA6800F0ADFFFEF763
:10C8A00009FB11212000EA6800F0A6FFFEF702FB59
:10C8B0002A691121200000F09FFFA84E4346721DF7
:10C8C0009046002293460D32FF329246043A2027CA
:10C8D0009146E3580CE01A0001338021490063506F
:10C8E000A754822201365200A754B0453DD0377874
:10C8F000FF2BF0D15A46E2545346E2584B46FF21F3
:10C90000E3582000984794225200A3580133A350C3
:10C9100001230022E1E711212000EA6800F06CFF0A
:10C92000FEF7C8FA11212000EA6800F065FFFEF763
:10C93000C1FA11212000EA6800F05EFFFEF7BAFAA2
:10C9400011212000EA6800F057FFFEF7B3FA112129
:10C950002000EA6800F050FFFEF7ACFA1121200039
:10C96000EA6800F049FFFEF7A5FA11212000EA6805
:10C9700000F042FFFEF79EFAEA687749013206A806
:10C98000F6F7B4FD06A804F0E3F94346E35800289F
:10C9900029D0002292460D32FF32914606AD043A6C
:10C9A00090462F180BE01A00013380214900635094
:10C9B000A654822201355200A654BD4213D02E78CF
:10C9C000FF2BF0D15246E2544B46E2584346FF213A
:10C9D000E3582000984794225200A3580133A350F3
:10C9E00001230022E1E7FF2B00D1DEE3591C802266
:10C9F0005200A150833AE25482235B00E254FEF7D6
:10CA000059FA11212000EA6800F0F6FEFEF752FA0A
:10CA100011212000EA6800F0EFFEFEF74BFA112129
:10CA20002000EA6800F0E8FEFEF744FA2F693B7840
:10CA3000472B00D104E33A001121200000F0DCFE76
:10CA4000FEF738FAEA681121200000F0D5FE444EC6
:10CA50004346321D9046002293460D32FF329246E5
:10CA6000043A2D279146E3580CE01A000133802147
:10CA700049006350A754822201365200A754B045A2
:10CA800013D03778FF2BF0D15A46E2545346E25880
:10CA90004B46FF21E3582000984794225200A358A8
:10CAA0000133A35001230022E1E7112120002A696C
:10CAB00000F0A2FEFEF7FEF911212000EA6800F066
:10CAC0009BFEFEF7F7F911212000EA6800F094FEC2
:10CAD0004346E358FF2B00D179E3591C80225200D2
:10CAE000A150D73AE25482235B00E254FEF7E2F908
:10CAF000112120002A6900F07FFE4346E358FF2BF6
:10CB000000D176E3591C80225200A150A33AE2548E
:10CB100082235B00E254FEF7CDF9112120002A693F
:10CB200000F06AFE4346E358FF2B00D1E0E2591CB7
:10CB300080225200A150A33AE25482235B00E254C7
:10CB4000FEF7B8F92A001121200000F083FEFEF75D
:10CB5000D5F9C0460036011028330110D034011039
:10CB60000C340110942745467F00E3591121984663
:10CB700020002A6900F040FEE359434501D0FEF74A
:10CB800099F94B46E358B34201D0FEF793F94B466F
:10CB9000023EE650FEF78EF94A46A258FF2A01D11E
:10CBA00000F097FC531C494663504346A354424649
:10CBB00053461121E25420002A6800F04BFEFEF794
:10CBC000B0FBFF68002F01D100F019FC1032042ED9
:10CBD00000D100E25346B146FEF73CFBEB689146BC
:10CBE0009A46131E01D1FEF765F9013B0193FEF74A
:10CBF000CFFC072E01D0FEF743FA2B6918780028E6
:10CC000001D0FEF73DFA1869012801D0FEF738FA85
:10CC10003D2901D0FEF734FADB681B78302B01D1B7
:10CC200000F0DCFD312B01D0FEF72AFA2000DA49B2
:10CC3000FBF7DEFFFEF73EF90026FEF7F1F90022D2
:10CC400092460D32FF32D54D9146043A5F2690460A
:10CC50006F1D0EE01A000133802149006350A65475
:10CC600082225200A654BD4201D1FEF723F92E784C
:10CC70000135FF2BEED15246E2544B46E258434673
:10CC8000FF21E3582000984794225200A358013313
:10CC9000A35001230022DFE72900FBF767FF021EF4
:10CCA00001D1FEF703F903782F2B01D100F05DFCD1
:10CCB00088256D006659112133682000635100F00A
:10CCC0009BFD6651FEF7F6F8EA68B549013206A801
:10CCD000F6F70CFC06A804F03BF8002801D1FEF79B
:10CCE000E9F80022434692460D32FF32914606ADE6
:10CCF000043A9046E3582F180DE01A0001338021C2
:10CD000049006350A654822201355200A654BD4208
:10CD100001D1FEF7CFF82E78FF2BEED15246E25428
:10CD20004B46E2584346FF21E3582000984794229F
:10CD30005200A3580133A35001230022DFE7994D8D
:10CD400080236A1D90468622520093465B00043A77
:10CD50007B269246C3580CE01A00013380277F00DF
:10CD6000E351A65482225200A654A84514D02E782E
:10CD70000135FF2BF0D10022E2545B46E2585346C6
:10CD8000FF21E3582000984794225200A358013312
:10CD9000A35001230022E1E74A46814906A8F6F79D
:10CDA000A5FB06A803F0D4FFE359002829D00022F0
:10CDB00092460D32FF32914606AD043A90462F1846
:10CDC0000BE01A000133802149006350A6548222EF
:10CDD00001355200A654AF4213D02E78FF2BF0D16C
:10CDE0005246E2544B46E2584346FF21E3582000A6
:10CDF000984794225200A3580133A35001230022E4
:10CE0000E1E7FF2B00D1CFE38022591C5200A15053
:10CE1000833AE25482235B00E254FEF74BF800268B
:10CE2000FEF72EF980235B00E358FFF7B2F8FB68AA
:10CE30001B6898461B78612B00D0D5E0424652789B
:10CE4000642A00D0D0E042469278002A00D0CBE09D
:10CE50002A78032A01D100F0FAFB392A01D100F027
:10CE600057FC732B1ED1424652785A2A51D1424662
:10CE70009678002E4DD129002000FBF797FE002860
:10CE800007D109E0C368002B06D0006901360028ED
:10CE900002D003782F2BF5D031002000FBF714FFD0
:10CEA000FEF708F83A001121200001F061FC43462A
:10CEB0001B78672B0ED142465278732A0AD142461C
:10CEC0009278002A06D12A001121200000F094FC5B
:10CED000FDF7F0FF732B01D0FEF7BCFE43465B78F5
:10CEE000742B01D0FEF7B6FE43469B78002B01D091
:10CEF000FEF7B0FE20002821FBF716FE20002A00D6
:10CF0000112100F079FC29212000FBF70DFEFDF72F
:10CF1000D1FF732BC6D143465B78502BC2D1434619
:10CF20009B780026002B05D0BCE701362D69002D2B
:10CF300000D1E0E22B782F2B00D0DCE2EB68002B55
:10CF400000D1D8E21A784B2AEFD1D9682000FBF73C
:10CF50002DFE0023002807D109E0C268002A06D070
:10CF600000690133002802D002782F2AF5D0F61884
:10CF7000DCE74F3B012B00D8C2E1009E029DFEF78B
:10CF8000B3F9F1330500E758FEF75AF80649FBF705
:10CF90002FFEFEF7E3FFC0467C350110313501104E
:10CFA00028330110AD35011020350110FF2B00D1C1
:10CFB00029E38022591C5200A150E03AE254822316
:10CFC0005B00E254FFF7A7FB2A001121200000F0CC
:10CFD00041FCFEF713F88A2352465B00E25001221F
:10CFE0000433E250FDF766FF2A7836E70026FEF7A5
:10CFF00027F811212000EA6800F0FEFBFDF75AFF38
:10D0000000239846A3550D33FF33E258043B31000B
:10D01000E35820009847942243465200E351A35816
:10D0200000260133A350FDF7A2FF2B782F2B01D050
:10D03000FEF703F88A235B000500E758FEF700F8C7
:10D040002000F349FBF7D4FD3B69F2495A1C06A8BE
:10D05000F6F74CFA06A803F07BFE00282FD000223A
:10D060004346804693460D32FF3206ADA8449246B1
:10D07000043A91464246E358B84617000AE01900C0
:10D08000013380225200A350013504326654A65465
:10D09000AF4213D02E78FF2BF1D15A46E2545346BB
:10D0A000E2584B46FF21E358200098479422520053
:10D0B000A35800210133A3500123E2E74746200093
:10D0C000D549FBF795FDFF68B5E40022E2548623BD
:10D0D0005B00E258043BFF21E3582000984794226C
:10D0E0005200A35801210133A3500023FFF7C8FBCE
:10D0F0000022E25486235B00E258043BFF21E35800
:10D100002000984794225200A35801210133A350D4
:10D1100000230DE50022C25486235B00C258043B65
:10D12000FF21C358984794225200A358012101338C
:10D13000A3500023FEF7D4FF0022E25486235B00B5
:10D14000E258043BFF21E358200098479422520004
:10D15000A35801210133A3500023FEF783FE0022D0
:10D16000E25486235B00E258043BE358FF21200091
:10D17000984794225200A3580133A350283A002321
:10D18000FF3AFEF75CFE0022C25486235B00C258C1
:10D19000043BFF21C358984794225200A358012111
:10D1A0000133A3500023FEF7DCFA0022E254862369
:10D1B0005B00E258043BFF21E3582000984794228B
:10D1C0005200A35801210133A35000230FE4002291
:10D1D000E25486235B00E258043BFF21E358200021
:10D1E000984794225200A35801210133A3500023F1
:10D1F00074E40022E25486235B00E258043BFF21E2
:10D20000E3582000984794225200A358012101338B
:10D21000A350002377E40022E25486235B00E25807
:10D22000043BFF21E3582000984794225200A35862
:10D2300001210133A3500023FEF715F9202120001E
:10D24000FBF772FCFEF707F90022E25486235B002D
:10D25000E258043BFF21E3582000984794225200F3
:10D26000A35801210133A3500023FEF7E2F8202147
:10D270002000FBF759FCFEF7D4F88C23009C5B00E0
:10D280000132E250FDF716FE0022E25486235B00D5
:10D29000E258043BFF21E3582000984794225200B3
:10D2A000A35801210133A3500023EA68FDF7F0FEE3
:10D2B0002D212000FBF738FCFDF709FF0022E25486
:10D2C00086235B00E258043BFF21E3582000984787
:10D2D00094225200A35801210133A3500023FDF7EB
:10D2E000E9FE20005B21FBF71FFC200011212A69C9
:10D2F00000F082FA5D212000FBF716FCFDF7DAFD55
:10D30000009B042B7ED00B0008000391103364C8EF
:10D3100064C300681860634609611031E1504B46F0
:10D32000039A9360019B5760D360009BFF680133B1
:10D330000093002F66D03B78FDF7BCFF2B69FEF70A
:10D34000CBFC1B7819006339012904D9723B012BEE
:10D3500001D9FEF79AFC2000112101F009FA200002
:10D360003C21FBF7E1FB2B692000DA68112100F07A
:10D3700043FA20002949FBF73BFC2B6920001121CF
:10D380001A6900F039FA29212000FBF7CDFBFDF7DF
:10D3900091FD2B691B78002B01D0FDF771FE3E2912
:10D3A00000D10BE2023E112120002A69F6B200F002
:10D3B00023FA042E01D9FDF77DFD194BB6009B59C8
:10D3C0009F4620001749FBF713FCFDF773FD200073
:10D3D0001549FBF70DFCFDF76DFD6C212000FBF7F7
:10D3E000A3FBFDF767FD75212000FBF79DFBFDF713
:10D3F00061FD20000D49FBF7FBFBFDF75BFD8A2378
:10D400005B00E2508C2301225B00E250FDF752FDED
:10D410009C33011028330110AC3301105435011036
:10D42000C42901106C3501106835011070350110E8
:10D430003033FF33E258002A00DC75E1043BE15849
:10D44000002304E001330831934200D16CE10F68FE
:10D45000B842F7D196235B00E3581F1E06D1FDF7B3
:10D4600012FD5B68002B01D1FDF70DFD1A688242A9
:10D4700003D0AA42F5D19F42F3D001002000FBF770
:10D4800075FB002801D1FDF711FD03782F2B01D08A
:10D49000FDF7C6FDF533E158002900DAC5E5FBF7D5
:10D4A000D3FA002800D18DE10378FDF7B9FDC268F9
:10D4B000FDF708FD632900D1C0E01121200001F033
:10D4C00057F92B69112120001A6901F057FBFEF76B
:10D4D00028FCA35486235B00E258043BE358FF2159
:10D4E0002000984794225200A3580133A3500123EF
:10D4F0000022FFF758FB3200BB4906A8F5F7F6FFFC
:10D5000006A803F025FC002801D1FDF7D3FC00227A
:10D51000802392460D32FF3291465B0006AD043AFD
:10D520009046E3582F180CE0190001338022520076
:10D53000A350013504326654A654AF4201D1FDF721
:10D54000B9FC2E78FF2BEFD15246E2544B46E258FD
:10D550004346FF21E3582000984794225200A358E5
:10D5600000210133A3500123E0E7F533E1580029FE
:10D5700001DAFFF79DFBFBF767FA021E01D0FFF708
:10D5800097FBFDF793FC00260833A6540D32E358B1
:10D59000A258FF212000984794225200A35801333B
:10D5A000A3503200FEF7ECFC00258622E554520021
:10D5B0000933E358A258FF212000984794225200D3
:10D5C000A3580133A3502B001EE420001121EA6868
:10D5D00001F0D4FA20008549FBF70AFBFDF76AFC4D
:10D5E000DA689168012901D0FEF75EFB5268127873
:10D5F0003E2A01D0FEF758FB20002731FBF794FAB2
:10D60000EB68FEF751FB00268622E65452000933F0
:10D61000E358A258FF212000984794225200A358B3
:10D620000133A35043465D683300C2E4FF68002F16
:10D6300000D1E7E63B789A46FDF731FE59786C2930
:10D6400000D03AE79B78002B00D13AE735E7EA684B
:10D650001178012901D0FFF704FC296909782929EB
:10D6600001D0FFF7FEFB1500FFF7FBFB2000604930
:10D67000FBF7BEFAF368002B08D01121200032001E
:10D6800001F07CFA20212000FBF74EFA3A0011212C
:10D69000200000F0B1F8002D01D1FDF70BFC2A00AD
:10D6A0001121200001F06AFAFDF704FC0026862211
:10D6B000E65452000933E358A258FF21200098474E
:10D6C00094225200A3580133A3503300FEF7B9FA55
:10D6D00000268622C65452000933C3588258FF21BF
:10D6E000984794225200A3580133A3503300FEF709
:10D6F00095FA13691B78292B03D08C2302395B0020
:10D70000E15011212000D26801F038FAFEF7E9FA61
:10D710002000EA68112101F031FA3A0011212000BD
:10D7200001F026F8FDF7C6FB9C235B00E35893420B
:10D730002ADD9821D300571C9A22490061585200D3
:10D74000A750243ACB18A15801C3002933D0343252
:10D75000A2589E279246A022520090468446A25884
:10D7600018007F0000950DE0E559D300AB46454613
:10D77000013262514D685B445D60036009681800C6
:10D78000002916D05245EFDB8C2301225B00E250CA
:10D79000FDF790FB2A69112100F02EF84B465A46FE
:10D7A000A35043469B68002B01D1FEF72AFEFDF7EC
:10D7B00081FB6046009D00221A605EE61139FBF78E
:10D7C000B3F9EFE5002E01D0FDF76CFBFDF76EFB22
:10D7D0003A00112100F0CCFFFEF73CFA2000054989
:10D7E000FBF706FAFDF766FB28330110A0350110A0
:10D7F0006035011074350110F0B50500140083B0D8
:10D80000002A21D05368012B1EDC8E268021760051
:10D810008259C9008A4217DC962701337F00636072
:10D82000C359013201936B4682511121C351220029
:10D830000094FDF711FB019BEB516368013B6360B2
:10D84000AB59013BAB5103E08C2301225B00EA5052
:10D8500003B0F0BDF8B54546DE4657464E46137850
:10D86000E0B5033BDBB2040015004D2B03D8DA4AC8
:10D870009B00D3589F462A0011212000FFF7BCFFD0
:10D88000F0BCBB46B246A946A046F8BD0022D34D27
:10D8900080232F0092460D32FF3291465B00043AFE
:10D8A00020269046C35808370BE019000133802228
:10D8B0005200A35004326654A654AF42E0D02E78F2
:10D8C0000135FF2BF1D15246E2544B46E258434614
:10D8D000FF21E3582000984794225200A3580021CA
:10D8E0000133A3500123E2E70022BD4D80232F0026
:10D8F00092460D32FF3291465B00043A2026904654
:10D90000C35808370BE01900013380225200A3509E
:10D9100004326654A654BD42B2D02E780135FF2B96
:10D92000F1D15246E2544B46E2584346FF21E358B8
:10D930002000984794225200A35800210133A3509D
:10D940000123E2E70022802392460D32FF32A54DEB
:10D9500091465B00043A20269046C3586F1D0CE0A8
:10D960001900013380225200A35004326654A65499
:10D97000AF4200D184E72E780135FF2BF0D152461B
:10D98000E2544B46E2584346FF21E35820009847B3
:10D9900094225200A35800210133A3500123E1E750
:10D9A000914E8023721D9046002293460D32FF3225
:10D9B00092465B00043A20279146C3580CE01900B8
:10D9C000013380225200A35004326754A754B0455B
:10D9D00000D1C1E137780136FF2BF0D15A46E2542D
:10D9E0005346E2584B46FF21E358200098479422C3
:10D9F0005200A35800210133A3500123E1E7802105
:10DA000049004258FF2A00D146E2531C4350E039F6
:10DA100081548222520081542CE080235B00C25842
:10DA2000FF2A00D127E2531C802149006350E039CE
:10DA3000A15482225200A1542CE080235B00C358E1
:10DA4000FF2B00D106E2591C80225200A150E03A7F
:10DA5000E25482235B00E254112120002A69FFF77F
:10DA6000CBFE0DE71121EA68FFF7C6FE08E7802329
:10DA70005B00C358FF2B00D1B8E1591C8022520033
:10DA8000A150DA3AE25482235B00E254F8E68023A4
:10DA90005B00C358002292460D32FF32534D91462F
:10DAA000043A26269046AF1C0CE019000133802270
:10DAB0005200A350013504326654A654AF4200D13F
:10DAC000DEE62E78FF2BF0D15246E2544B46E25868
:10DAD0004346FF21E3582000984794225200A35860
:10DAE00000210133A3500123E1E70022404D8023B0
:10DAF0002F0092460D32FF3291465B00043A2026F9
:10DB00009046C35808370CE01900013380225200B8
:10DB1000A35004326654A654BD4200D1B0E62E781C
:10DB20000135FF2BF0D15246E2544B46E2584346B2
:10DB3000FF21E3582000984794225200A358002167
:10DB40000133A3500123E1E700222A4D80232F0057
:10DB500092460D32FF3291465B00043A20269046F1
:10DB6000C3580A370CE01900013380225200A35039
:10DB700004326654A654AF4200D181E62E780135B6
:10DB8000FF2BF0D15246E2544B46E2584346FF2168
:10DB9000E3582000984794225200A35800210133F3
:10DBA000A3500123E1E782235B00C35C282B00D054
:10DBB0000DE1EA6811212000FFF71EFE00228023FC
:10DBC00092460D32FF320C4D91465B00043A3A26E4
:10DBD0009046E358EF1C1EE0D829011021360110B1
:10DBE0002D360110393601106136011068360110EA
:10DBF0006D36011079360110843601101900013399
:10DC000080225200A350013504326654A654AF421C
:10DC100000D135E62E78FF2BF0D15246E2544B4628
:10DC2000E2584346FF21E3582000984794225200CF
:10DC3000A35800210133A3500123E1E709228023E7
:10DC400091460432FF32AE4E93465B00043A2027E1
:10DC50009246C358B1440EE01A00013380214900B6
:10DC60006350A754822252008846A754B14500D180
:10DC70009AE037780136FF2BEED10022E2545B4662
:10DC8000E2585346FF21E35820009847942252005F
:10DC9000A3580133A35001230022DFE70022994D4E
:10DCA00080232F0092460D32FF3291465B00043AEA
:10DCB00020269046C35811370CE01900013380220A
:10DCC0005200A350013504326654A654BD4200D11F
:10DCD000D6E52E78FF2BF0D15246E2544B46E2585F
:10DCE0004346FF21E3582000984794225200A3584E
:10DCF00000210133A3500123E1E7082290460022CE
:10DD0000802393460D32FF327F4E92465B00043AE9
:10DD100020279146C358B0440BE0190001338022FC
:10DD20005200A35004326754A754B04514D037783A
:10DD30000136FF2BF1D15A46E2545346E2584B4686
:10DD4000FF21E3582000984794225200A358002155
:10DD50000133A3500123E2E72A69002A00D18FE5AD
:10DD6000FF2B64D0591C80256D0061512821E1549E
:10DD700082235B00E15420001739FFF73DFD635912
:10DD8000FF2B1AD10022E25486235B00E258043BA9
:10DD9000FF21E3582000984794225200A358012104
:10DDA0000133A350002309E011212000EA68FFF7A6
:10DDB00023FD4346E358FF2BE4D0591C8022520038
:10DDC000A150D73AE25482235B00E25458E5802305
:10DDD0005B00C358FF2B71D0591C80225200A15008
:10DDE000E03AE25482235B00E254E2E60022E2548D
:10DDF00086235B00E258043BFF21E358200098474C
:10DE000094225200A35801210133A350002335E688
:10DE100080235B00C358FF2B61D0591C8022520025
:10DE2000A150D63AE25482235B00E25428E5002256
:10DE3000E25486235B00E258043BFF21E3582000B4
:10DE4000984794225200A35801210133A350002384
:10DE50002A6988E70022C25486235B00C258043B2B
:10DE6000FF21C358984794225200A358012101333F
:10DE7000A3500023E8E5002383540D33FF33C25839
:10DE8000043BC358FF21984794225200A358013302
:10DE9000A35001230022C7E5002383540D33FF3331
:10DEA000C258043BC358FF21984794225200A358FC
:10DEB0000133A350202323701F3BDEE50022C25410
:10DEC00086235B00C258043BFF21C3589847942225
:10DED0005200A35801210133A35000237DE7002203
:10DEE000C25486235B00C258043BFF21C3589847A5
:10DEF00094225200A35801210133A35000238DE73F
:10DF0000893601104036011055360110F8B54E46DD
:10DF10004546DE4657460400E0B516001D1E6FD08C
:10DF200086489A68002A6BD15A6811781939C9B2A3
:10DF3000122962D889004258974682235B00E35C2D
:10DF4000202B00D096E080235B00E358FF2B00D10C
:10DF50009FE05A1C8021490062502822E25482230B
:10DF60005B00E2549146002288469A461033E758F7
:10DF70009346E250200000232A00EF3900F0E2F837
:10DF80004346E358FF2B00D1A8E041465A1C62509B
:10DF9000D739E1545346E154FF2A41D08021531C24
:10DFA00049006350D839A15482225200A1543269E9
:10DFB000002A06D011212000FFF71EFC80235B0001
:10DFC000E358FF2B00D177E0591C80225200A1506A
:10DFD000D73AE25482235B00E254043B2A00112129
:10DFE0002000FF3B00F0AEF88A235B00E750F0BC56
:10DFF000BB46B246A946A046F8BD1B68002B90D18F
:10E000008A2300225B00E7581121E2502000002300
:10E010002A0000F097F880235B00E258FF2ABDD168
:10E020000023A3540D33FF33E258043BE358FF2190
:10E030002000984794225200A3580133A350802314
:10E04000283A5B00FF3AE2500432D83BFF3223709B
:10E05000A3543269002AADD10123B5E782235B00C6
:10E06000E35C022219009143282900D16BE7202BA1
:10E0700000D168E7802149006258FF2A4BD0531C29
:10E080006350E039A15482225200A154FF2B00D0EA
:10E090005FE70022E25486235B00E258043BE3582A
:10E0A000FF212000984794225200A3580133A35027
:10E0B000283A0023FF3A4DE70022E25486235B0012
:10E0C000E258043BFF21E358200098479422520075
:10E0D000A35801210133A350002376E75A46E254A6
:10E0E00086235B00E258043BE358FF212000984759
:10E0F00094225200A3580133A35002234246A35056
:10E100000F4B4A4623805346E25432690223002AC9
:10E1100000D04FE758E70023A3540D33FF33E258F4
:10E12000043BE358FF212000984794225200A35853
:10E130000133A350202323701F3B0AE7102B01104B
:10E1400029280000F0B54E464546DE465746E0B564
:10E150001400050099468BB0002A3CD08C268827F5
:10E16000012376009A467F0014E05346A360EB59E2
:10E170000093E368EB51292926D02A293CD00229B3
:10E1800042D011212800FFF765FB009BEB5124686A
:10E19000002C20D0AB59002B1DD1A368002BF6D149
:10E1A0004B4662681178002BDFD14D29EFD019D88A
:10E1B0000B001C3B042BEAD95346A360EB59009398
:10E1C000E368EB512929D8D1236828001839FFF7D3
:10E1D0009DFE009BEB510BB0F0BCBB46B246A9467E
:10E1E000A046F0BD4F390129D1D95346A360EB5960
:10E1F0000093E368EB51C4E723682800193900F065
:10E20000F3F8009BEB51E6E78A277F00EB59D268D1
:10E21000984600232800EB510F31FFF7EDFA4346F3
:10E22000EB516D4F8023BA1C91463A229046D23270
:10E2300093465B00043A9246EB580EE01A00013315
:10E24000802149006B504146A95482220137520077
:10E25000A9544F4514D03A789046FF2BEED10022B6
:10E26000EA545B46EA585346FF21EB58280098478A
:10E2700094225200AB580133AB5001230022DFE758
:10E28000626814692278472A15D04D2A10D00CD81C
:10E290001C3A042A0CD9220011212800FFF7ACFAFD
:10E2A0008823009A5B00EA5095E74F3A012AF2D89A
:10E2B000E4682278E9E73B3A9246484F6F3290464D
:10E2C00091329346BA440FE01A000133802149008D
:10E2D0006B5089464146A95482225200A9545745A1
:10E2E00018D03A7801379046FF2BEDD10022EA543E
:10E2F00084235B00EB58FF2101935B462800EA581A
:10E30000019B984794225200AB580133AB50012334
:10E310000022DBE7236932495A1C03A8F5F7E6F827
:10E3200003A802F015FD4B46EB58002827D08622A3
:10E3300081465200934603AF043A9246B9440AE03C
:10E340001900013380225200AB50013704326E5461
:10E35000AE544F4513D03E78FF2BF1D10022EA5442
:10E360005B46EA585346FF21EB5828009847942211
:10E370005200AB5800210133AB500123E2E7194FA3
:10E38000FA1C91467D2290468F329346043A92467B
:10E390000FE01900013380225200AB5042466A540C
:10E3A0008222414652000137A9544F4580D03A7825
:10E3B0009046FF2BEDD10022EA545B46EA585346C3
:10E3C000FF21EB582800984794225200AB580021B7
:10E3D0000133AB500123DEE7983301109D33011068
:10E3E00028330110AC330110F0B54E464546DE46E9
:10E3F0005746E0B5040090461E0083B0002B0BD0BA
:10E400009A68002A51D01B68002BF9D100233200F2
:10E4100011212000FFF796FE80235B00E358FF2BBD
:10E4200000D1B3E080215A1C49006250E039E15428
:10E4300082235B00E154FF2A46D08021531C49000F
:10E440006350A539A15482225200A1544246D26899
:10E45000002A06D011212000FFF7CEF980235B00AF
:10E46000E358FF2B0FD0591C80225200A150A33A31
:10E47000E25482235B00E25403B0F0BCBB46B246D8
:10E48000A946A046F0BD0022E25486235B00E25874
:10E49000043BFF21E3582000984794225200A358E0
:10E4A00001210133A3500023DEE75B681B782A2B90
:10E4B00029D10023320011212000FFF743FE8023E1
:10E4C0005B00E258FF2AB8D10023A3540D33FF3379
:10E4D000E258043BE358FF21200098479422520061
:10E4E000A3580133A3508023283A5B00FF3AE2503F
:10E4F0000432A53BFF322370A3544346DA68002A56
:10E50000A8D10123AFE780233A4D5B00AA1C9346B4
:10E510002027E3580EE01A000133802149006350A0
:10E52000A75482220135520089469246A754AB4532
:10E5300018D02F78FF2BEED10022E25486235B0007
:10E54000E358FF21009384235B00E358009A2000E6
:10E550000193984794225200A3580133A3500123FA
:10E560000022DAE70023320011212000FFF7EAFD44
:10E570004B46E258FF2A2AD04946531C63502921B2
:10E58000A1545246A154FF2B00D04BE70022E25485
:10E5900086235B00E258043BE358FF2120009847A4
:10E5A00094225200A3580133A3508023273A5B00E2
:10E5B000FF3AE250104B5932238082235B00E25431
:10E5C0004346DA680223002A00D043E74BE70023E2
:10E5D000A3540D33FF33E258043BE358FF212000DE
:10E5E000984794225200A3580133A3502923237043
:10E5F000283B17E79C350110205B0000A423F0B5F1
:10E600005B00C3580400150083B0002B06D088229D
:10E61000520081580193009169468150EA6813784D
:10E62000042B0ED011212000FFF7E6F8A4235B0095
:10E63000E358002B03D08823009A5B00E25003B01C
:10E64000F0BD11212000D268FFF7D6F8A4235B00AB
:10E65000E358002B03D08823009A5B00E25082220B
:10E660005200A35C3C2B51D080235B00E358FF2B6E
:10E6700030D05A1C802782267F00E2513C2276004F
:10E68000E254A255EB6811211A692000FFF7B4F893
:10E69000A35D3E2B31D0E359FF2B09D0591C8022BA
:10E6A0005200A150C23AE25482235B00E254C6E712
:10E6B0000022E25486235B00E258043BFF21E3582A
:10E6C0002000984794225200A35801210133A350FF
:10E6D0000023E4E70022E25486235B00E258043B77
:10E6E000E358FF212000984794225200A358013399
:10E6F000A350283A0023FF3ABCE7E259FF2A10D082
:10E700002021531CE351A154A155C5E780204000AE
:10E710002158FF2918D04B1C2350E0386054A054D6
:10E72000A5E70023A3540D33FF33E258043BE3581D
:10E73000FF212000984794225200A3580133A35090
:10E74000202323701F3BA9E7002363540D33FF33BD
:10E75000E258043BE358FF212000984794225200DE
:10E76000A3580133A350202323701F3B81E7C046E9
:10E77000F0B5D6464F46464613780400C0B5322B56
:10E7800007D01121FFF738F8E0BCBA46B146A846D9
:10E79000F0BDD3689F685D68002FF5D0002280230C
:10E7A00092460D32FF3291465B00043A9046C358C0
:10E7B000EF190AE01900013380225200A3500135FD
:10E7C00004326654A654BD42DED02E78FF2BF1D120
:10E7D0005246E2544B46E2584346FF21E35820009C
:10E7E000984794225200A35800210133A3500123DB
:10E7F000E2E7C046F0B557464E46DE464546E0B530
:10E80000E7B0067800AF0400F960BA605F2E00D16F
:10E810000AE108222000D04902F0C8FA00250028A9
:10E8200009D1237A2E2B00D1EDE05F2B00D1EAE055
:10E83000242B00D1E7E0200002F08AFA23187B6144
:10E840001123BB6100237B623B63BB63FB633B64BF
:10E850007B64BB64802342003C61FC61BA627863E4
:10E860001B019A4200D9C5E0694683001818C00010
:10E87000091AE9468D46EB460733DB08DB00CB1A65
:10E880009D465B463B626B46FB62012D00D1D1E0A9
:10E89000AB1ED9B2012900D9D1E00B218A46A2448E
:10E8A0005146F961591E8B41442188469844E37AC8
:10E8B0005F2B03D1237B5A2B00D13DE1002A00DCE2
:10E8C00029E1504602F044FA5A460023536093600F
:10E8D00001227A62002800D11DE15A4613705B467E
:10E8E00052461861DA601020414600235A46381813
:10E8F000F9F7A0FFFC698046200002F029FA2418ED
:10E90000FC612678002E00D096E04346002B00D113
:10E9100092E010223C239B18DC19F0339B18DB1982
:10E920001E6082238E255B00E6540C33E6500433D0
:10E93000E6501033E650FA680433E650203BE250CC
:10E94000BA680433E2500C33E6500833E6500C3317
:10E95000E6500433E6500433E6500433E650043303
:10E96000E6500433E6506D00043341462000E65083
:10E970006651FAF705F8802362591B019A4200DAC2
:10E9800066519C23A221002049005B00E258635895
:10E990006D465343635004316050002A00DC01226D
:10E9A0006946D2008A1A9546002B00DC012369468D
:10E9B000DB00CB1A9D4698235B00E2506A460C337D
:10E9C000E250112142462000FEF716FF80235B0033
:10E9D000E158002363540D33FF33E258043BAD4646
:10E9E0002000E35898478C235B00E058CD46434213
:10E9F000584100E00020BD4667B0F0BCBB46B246BF
:10EA0000A946A046F0BD637A442B03D00025492BCC
:10EA100000D010E7A27A00255F2A00D00BE7493B1F
:10EA20005A1E93419D1C06E743785A2B00D0F0E60E
:10EA3000012500E75F2E0AD00020CD46DBE710233A
:10EA4000F818FAF74FFBFB6980461E785AE763789F
:10EA50005A2BF1D1A31CFB61A378472B00D186E090
:10EA6000542B00D183E010230121F818FBF776FB2B
:10EA70008046BB697B60DB0776D50023F9699A463F
:10EA80000E782E2E00D03DE74B781A00613A192AF5
:10EA900048D95F2B46D0303B092B65D80B000A784C
:10EAA0002E2A12D15A78303A092A0ED89C789A1C0C
:10EAB0002300303B092B31D813005C78013322004E
:10EAC000303A092AF9D92E2CECD0581AFB617A6A0F
:10EAD000BB6A7B609A4223DA3C6A9300A4467C605E
:10EAE00054469B189B00634401325C609C607A62D0
:10EAF000002815DD5C609C601C70D96018611020D6
:10EB000042464E213818F9F795FEF96980460E788D
:10EB10002E2EB9D0F6E600239B46E4E61300D2E79A
:10EB20000023ECE78B1C1A7810006138192801D9F2
:10EB30005F2AB5D10133F6E723000D33FB61637B18
:10EB4000472B0BD0542B09D010230021F818FBF7CA
:10EB500005FB8346C7E6C0462C3301101023F81886
:10EB6000FBF774FB8346BEE6FB691E78CAE61023FA
:10EB7000F818FBF76BFB80467BE7C046F0B5C6464E
:10EB800000B5137804001500012682B0012B03D9CB
:10EB9000312B01D0062B3FD16B68012B32DC8E2745
:10EBA00080217F00E259C9008A422BDC01336B606F
:10EBB00096235B009846E3580132E25101936A467E
:10EBC00043461121E25020002A000095FCF744F949
:10EBD0004346019AE2506B68013B6B60E359013B8D
:10EBE000E351002E14D180235B00E358FF2B26D085
:10EBF000591C80225200A150D73AE25482235B0074
:10EC0000E25405E08C2301225B00E250002EEAD0A2
:10EC100002B080BCB846F0BD80235B00C358FF2B18
:10EC20001ED0591C80225200A150D83AE2548223AF
:10EC30005B00E2546B680026012BB0DDE2E7E6548E
:10EC400086235B00E258043BFF21E35820009847ED
:10EC500094225200A35801210133A3500023C8E796
:10EC60000022C25486235B00C258043BFF21C358D4
:10EC7000984794225200A35801210133A350002346
:10EC8000D0E7C046F0B5DE4657464E464546D36807
:10EC9000E0B5DB6804001B680020197883B06629A2
:10ECA0007AD11269D16812698B4600219046127898
:10ECB00089463C2A00D1BCE092225200A1588A46E3
:10ECC00001214942A1505B786C2B00D1B8E06AD891
:10ECD0004C2B01D0522B5AD180235B00E358FF2BE1
:10ECE00000D106E15A1C80256D0062512822E254B1
:10ECF00082235B00E254112142462000FFF73EFFD1
:10ED00005A4611212000FFF733FD6359824D2E260C
:10ED1000EA1C90460CE01A00013380277F00E35183
:10ED2000A654822201355200A654A84518D02E7848
:10ED3000FF2BF0D10022E25486235B00E358FF2131
:10ED4000009384235B00E358009A200001939847C6
:10ED500094225200A3580133A35001230022DCE780
:10ED60005A4611212000FFF703FD4A4611212000D9
:10ED7000FFF704FFE359FF2B00D195E0591C8022D7
:10ED80005200A150D73AE25482235B00E25492230E
:10ED9000524601205B00E25003B0F0BCBB46B246D5
:10EDA000A946A046F0BD722BF1D180235B00E35849
:10EDB000FF2B00D18AE05A1C80256D006251282269
:10EDC000E25482235B00E254112142462000FFF707
:10EDD000D5FE5A4611212000FFF7CAFC00229346B7
:10EDE0000D32FF3263594D4D9146043A2E2690461E
:10EDF0002F1D0BE01900013380225200A350013572
:10EE000004326654A654BD42C1D02E78FF2BF1D1F6
:10EE10005A46E2544B46E2584346FF21E35820004D
:10EE2000984794225200A35800210133A350012394
:10EE3000E2E74246126991464246D26890463BE775
:10EE40008023374D5B002A1D91462826E3580CE0AD
:10EE50001A00013380277F00E351A6548222013536
:10EE60005200A654A94518D02E78FF2BF0D10022CD
:10EE7000E25486235B00E358FF21009384235B0068
:10EE8000E358009A20000193984794225200A35817
:10EE90000133A35001230022DCE75A461121200050
:10EEA000FFF766FC424661E70022E25486235B00DE
:10EEB000E258043BFF21E358200098479422520077
:10EEC000A35801210133A350002358E70022E25444
:10EED00086235B00E258043BE358FF21200098475B
:10EEE00094225200A3580133A350283A0023FF3A3A
:10EEF00062E70022E25486235B00E258043BE358B9
:10EF0000FF212000984794225200A3580133A350B8
:10EF1000283A0023FF3AE6E6A03501109C3601109E
:10EF200094360110F0B5C64600B50C0015001E0061
:10EF300086B0002848D0002901D0002A44D0002300
:10EF40002C4902AA0293039304930593FFF752FC02
:10EF5000002840D0059B0193002B1ED00123029F67
:10EF60009846002F41D0002C2BD0380001F0F0FE45
:10EF70002B6898421FD23900421C2000F4F758FF3A
:10EF80003800F4F743FF2700002E01D00023336040
:10EF9000380006B080BCB846F0BD049B029F98467E
:10EFA000002FE0D1002E14D0012B19D101235B4298
:10EFB00000273360ECE72000F4F728FF43462B607E
:10EFC000E2E7002DFAD1DFE7002E02D003235B42F7
:10EFD00033600027DCE70298F4F718FF002EF8D022
:10EFE00002235B4200273360D2E7002EDED10027E8
:10EFF000CEE7C0466D8A001010B5002808D0002961
:10F0000006D0FFF7F7FB431E98414000023810BDC1
:10F0100003204042FBE7C0461EB400F093F81EBC3C
:10F0200002F0D2FCF0B5C64600B51E0003780C0015
:10F0300082B0472B1DD00023284D01932B68280058
:10F040009B6898470127002803D0019B01371B6864
:10F050000193236829001B692000984601AA012317
:10F06000C047002824D10027380002B080BCB84631
:10F07000F0BD43784E2BDED18378552BDBD1C3789E
:10F08000432BD8D10379462B1CD00379432BD2D103
:10F0900043792B2BCFD183792B2BCCD1C379012B67
:10F0A000C9D808D003005830203B1D680190C5E73F
:10F0B000019B3360D8E7203800680300783B1D6867
:10F0C0000190BBE743794F2BDFD18379522BDCD101
:10F0D000C379002BD9D1024D0193AFE7DC3B01107E
:10F0E000D43B011010B5040000F0A6F923002278EB
:10F0F000203B472A05D08268002A20D18360012066
:10F1000010BD62784E2AF6D1A278552AF3D1E27862
:10F11000432AF0D12279432AEDD162792B2AEAD110
:10F12000A2792B2AE7D1E279012AE4D8DA690132FF
:10F13000DA61012AE3D182689A618360DFE7F9F737
:10F14000CFFAC04610B500F077F98368002B2ED0B7
:10F1500020229A5C472A04D00022826020331800C3
:10F1600010BD263A9A5C4E2AF6D12C3A9A5C552A62
:10F17000F2D1323A9A5C432AEED11F3A9A5C432A82
:10F18000EAD11E3A9A5C2B2AE6D1053A9A5C2B2AE0
:10F19000E2D1043A9A5C012ADED8DA69013ADA61EE
:10F1A000002ADBD19A69826000229A61D6E7F9F7DA
:10F1B00097FAC046027803000020472A00D0704723
:10F1C0005A784E2AFBD19A78552AF8D1DA78432A10
:10F1D000F5D11A79432AF2D15A792B2AEFD19A79AB
:10F1E0002B2AECD1DB792A3A9A424041C0B2E6E7B9
:10F1F00010B5041E06D000F08BF82000FFF7DAFFF0
:10F20000002801D1F9F76CFA203CE068F9F754FACC
:10F21000F0B5DE464E4657464546E0B585B0060099
:10F22000FFF7C8FF041E0BD03300203B9A68DC6850
:10F23000B36A91469A460023376B9846756B05E092
:10F24000012381469846050007008246300000F001
:10F250005FF84346002B01D0F9F74EFA4846F9F71C
:10F2600047FA00F055F84346002B01D0F9F738FA79
:10F2700000F0DEF827230668F25C33007833012AB9
:10F2800000D13368BF080293BB0001930023994665
:10F290002036CA4520DD2F68002F00D07F190022BC
:10F2A0003900300002ABFFF7BDFE002801D000F0AE
:10F2B0007FFC3B6803901B6938009B461149012382
:10F2C00003AAD847002800D0804601239C46019B12
:10F2D000E1449C466544DCE74346002B08D004200B
:10F2E00000F014FD084B094A0649036000F046FC93
:10F2F0002000F9F7E1F900F045F800F043F8FFF7D6
:10F300008BFEC046E43B0110683C011015F4001070
:10F3100070B5040000F090F8220023780568203AC8
:10F32000472B04D0002D2BD10260280070BD6378DC
:10F330004E2BF7D1A378552BF4D1E378432BF1D1A1
:10F340002379432BEED163792B2BEBD1A3792B2B94
:10F35000E8D1E379012BE5D85369002B0DDB0133AC
:10F3600053614368013B4360954201D015610260DF
:10F370002000656A02F038FBD7E70121CB1AEFE7DE
:10F38000F9F7AEF910B500F053F80368002B09D077
:10F3900020229A5C472A06D00022203302601800FF
:10F3A00002F0FAFA10BD263A9A5C4E2AF4D12C3AB1
:10F3B0009A5C552AF0D1323A9A5C432AECD11F3A32
:10F3C0009A5C432AE8D11E3A9A5C2B2AE4D1053A8A
:10F3D0009A5C2B2AE0D1043A9A5C012ADCD85A695B
:10F3E000002A08DB511E012A0CD04A1C01D05961A9
:10F3F000D8E7F9F775F9511C0132F8D11A690260A2
:10F400005961CFE71A6920330260180002F0C4FA8C
:10F41000C8E7C0467047C04600487047C03B01106F
:10F4200010B504000421F9F78BF8200010BDC04688
:10F43000004870479020002000487047902000202E
:10F44000F8B5DE46454657464E468B46E0B50500C4
:10F45000502825D00F2028400C2800D976E03C4CBD
:10F46000800020588746507816780002947806432A
:10F47000D0782404000634430443101D002C08D027
:10F4800070262E40102E00D193466DB25C44002DA4
:10F490000CDB1C60F0BCBB46B246A946A046F8BDDA
:10F4A000032103328A43100010C8F2E72468F0E712
:10F4B00050781678000294780643D0782404000629
:10F4C0003443044310000830D8E7547810782402FD
:10F4D0000443901CD2E75478167824023443240461
:10F4E0002414901CCAE77F219046002400278946F7
:10F4F00046463178701C4E460E40BE4034434EB2F4
:10F5000080460737002EF3DB1F2FB7D84906B5D545
:10F510000126BE4076423443B2E7002188467F315F
:10F520001700002489463E00317801378A46494653
:10F53000564631404646B1400C4307218C46514661
:10F540004EB23800E044002EEDDB97E700F01CFCE3
:10F55000743C0110020010B50800FF2A15D070237A
:10F560001340302B17D004D8202B07D102F0D4F948
:10F5700003E0402B0BD102F04FFA10BD202B02D834
:10F580006023134201D000F0FFFB0020F5E70020CC
:10F59000502BF2D0F7E702F007FAEEE7F8B50500D6
:10F5A0000E0014000020002D02D0280002F034FAD2
:10F5B0002060771C3678FF2E29D160603B78781C5C
:10F5C0002375FF2B33D01023002500217F262375C0
:10F5D0003200037801301A408A405BB2154307318C
:10F5E000002BF5DB4519E560002500227F26037816
:10F5F00001306375310003780130194091405BB2EE
:10F600000D430732002BF5DB45192561F8BD2900B4
:10F610003000FFF79FFF3A000100231D3000FFF785
:10F620000FFF07003B78781C2375FF2BCBD10023FD
:10F63000E360D9E7F0B5DE46454657464E4600231F
:10F64000E0B593B0089303338B4690460340012BFB
:10F6500016D0022B0FD14146584602F08DF90924ED
:10F66000002800D10824200013B0F0BCBB46B246ED
:10F67000A946A046F0BD002B00D190E000F084FB2D
:10F6800008231A000240034200D19AE002231A43E1
:10F6900002920C910CAD00230C22002140460095F3
:10F6A00002F062F9404602F0EFF903900028D2D050
:10F6B0002A0003994046FFF771FF41460600287D66
:10F6C000FFF748FF0BABA8600F2200939A4600217A
:10F6D0000023404602F0B0F901220B9B9343013B0B
:10F6E00099462B699E4263D27F276C7D00212000C2
:10F6F000FFF730FF3200010009AB2000FFF7A0FE4A
:10F700006C7D060000212000FFF724FF320001007D
:10F710000AAB2000FFF794FE6C7D0600002120005C
:10F72000FFF718FF5346010032002000FFF788FE64
:10F730000024002103003A001B7801301A408A405F
:10F740005BB2060014430731002BF3DB099A2B68E8
:10F75000944663444B4519D9029BDB072BD5002304
:10F760000024049353460D220093002100234046B9
:10F77000089D02F061F95B460B9A9C621A62039A3B
:10F780000624DA62049A5D621A636CE70A9A944668
:10F7900063444B456FD82B698342A6D8DCE7030747
:10F7A00000D558E701230CAD02935B460C9372E73A
:10F7B000029B1A42D3D10823029A134258D0F8F779
:10F7C0008FFF0CAD0C6A00230D22002140460095EE
:10F7D00002F032F90C9B9C4202D002230293E4E730
:10F7E0005B460C220C93002100234046009502F05A
:10F7F000BBF85B461B6B0493002B39D05B469C6ABD
:10F80000DB6A03930BAB9A460326002C56DB5B4660
:10F810000B9353460022002100934046002302F040
:10F82000A3F85346012200210093404600230B9485
:10F8300002F09AF853460F2200210093404600231D
:10F8400002F0FAF801230B9A00211340049A404673
:10F8500013430B9353460F220093002302F084F8C6
:10F860000724022E00D0FEE65846FFF73BFCFAE6DE
:10F870005846FFF7BDFC0B9B002B00D1EBE66A68F6
:10F88000944663440493002C37D1002B00D1E2E668
:10F89000029BDB0700D5DEE60823029A134200D163
:10F8A00022E100240226B2E7079B5446AB46984665
:10F8B000B2464D46029BDB0700D553E72A00039969
:10F8C0004046FFF76BFE4146287DFFF743FEE343CA
:10F8D000E9689B00A860C9180B68002B05D00023BD
:10F8E00001339A008A58002AFAD15A4693620423B7
:10F8F0000326D0621363516389E72A69631E944625
:10F90000049A6344002A00D1A5E6002B00D1E0E070
:10F91000029908220800104006900A4200D1CDE06A
:10F9200059463F320A7007324A7007328A70123ADB
:10F93000CA7003320A7109324A7103328A71002295
:10F94000CA710022059242467F27A94607920024E9
:10F9500000211A0010783A0002408A400133144313
:10F9600042B21D000731002AF3DB1F2906D84022CE
:10F97000024203D03F3A8A405242144300260021FB
:10F980003A001878013302408A40164342B20731E8
:10F99000002AF5DB1F2906D84023034203D03F3B52
:10F9A0008B405B421E43002C11D013DC5B46002BC6
:10F9B00002D0069B002B4AD04A46E343D2689B0004
:10F9C0009B58002B2CD0002E6DD0AB19BFE7012324
:10F9D0000593F8E74B46187DFF2862D007230340C4
:10F9E000022B5BD02DD9032B2ED0042B00D045E663
:10F9F000E20052424B46DB6849469C4689685346C2
:10FA00006244FFF71DFD0B99002909D05B46002BCE
:10FA1000D9D00022584608ABFFF704FB0028D2D00B
:10FA2000079B4D469846029BDB0700D59AE6069B4E
:10FA3000002B00D1E8E60326002C00DBE7E6F8F710
:10FA40005BFE002B00D019E6A2005242D2E7089BD1
:10FA50000F9A0B93E34390469B00984443461968E2
:10FA6000002943D05B465246AB46A2461D004446A1
:10FA7000B046160004E061680434002900D113E7A1
:10FA80003300002228006118FFF7CCFA0028F2D0DA
:10FA90002B00B2465D4646469B4694E762005242C2
:10FAA000A8E70022A6E7079B9846059B002B00D1FC
:10FAB000D1E5029BDB0700D5CDE5F2E65A46D179C8
:10FAC0005832012901D008923BE7783A126808922F
:10FAD00037E7029BDB0700D5BDE5029A0823140037
:10FAE0001C401A4200D0DCE6022690E6079B4D46F9
:10FAF0009846DFE6FFF70CFC61E6C04610B501282A
:10FB000012D80B00283B1A68501E1860012A00D03A
:10FB100010BDDB6858310C00002B01D0080098475D
:10FB2000200000F009F9F3E728394869F8F7C4FD27
:10FB300070B505000026803DEA602E60A9600400D3
:10FB4000F8F7E8FD2861F8F7DFFD23004722583B6E
:10FB500068611A7007325A7007329A702200432384
:10FB6000553A13705370183B9370D370024B513C4D
:10FB7000280026702B6370BDFDFA001070B50400DC
:10FB80000D001600FFF758FC4368320001332900CE
:10FB900043602000FFF7CCFF0123036028300400FE
:10FBA00001F05AFF2000FFF7B3FBF8F799FDC046BC
:10FBB00010B5FFF741FC4368046801334360002C33
:10FBC0000CD02023E35C472B0AD0002303602034B1
:10FBD000200001F039FF2000FFF79AFBF8F780FDC5
:10FBE000263BE35C4E2BF0D12C3BE35C552BECD158
:10FBF000323BE35C432BE8D11F3BE35C432BE4D176
:10FC00001E3BE35C2B2BE0D1053BE35C2B2BDCD1D3
:10FC1000043BE35C012BD8D863695B426361D6E7A0
:10FC200010B5FFF709FC0068002804D02723C35C47
:10FC3000012B01D0006810BD00687838FAE7C04693
:10FC400070B51C4C08386368002B27D006688519EE
:10FC5000AB4223D81DD05A680434002A06D10EE0E6
:10FC600051681C1D00291FD013000A009542F7D3CC
:10FC700004D12A6894466A6866445A6023681A6800
:10FC8000991888420DD05B6806604360236858600D
:10FC900006E01A685B6894466644066043606060EC
:10FCA00070BD92191A60FBE75B681A689918884260
:10FCB000E9D1F6E79C200020020010B50832083098
:10FCC00000D3082207231049073248689A430028C6
:10FCD00013D0043103E0011D406800280DD00368F3
:10FCE0009A42F8D89C1A072C08D9831840681C60DF
:10FCF0005860086802600B60083010BD03604368FC
:10FD000008300B60F9E7C0469C20002070B58030B9
:10FD10000500F4F757F8041E07D0802200212000C8
:10FD2000F4F780F82000803070BD2800FFF7C4FF92
:10FD3000041EF2D1F8F7D4FC074A8038936810B556
:10FD4000984203D9D2689B18984202D3F4F75EF820
:10FD500010BDFFF775FFFBE79C20002070B59E25C6
:10FD6000084C2D012800E560F4F72CF8A06000286D
:10FD700004D0002360600560436070BDE060606097
:10FD8000FBE7C0469C200020062010B500F054FF81
:10FD90000120F1F78DFEC046144B70B51E680500BA
:10FDA0000C00002E02D0B36B002B13D0636EDB0768
:10FDB00002D4A3899B0515D529002200300000F04C
:10FDC00039FD636E0500DB0702D4A3899B0505D5C9
:10FDD000280070BD300001F0E7F9E7E7A06D00F002
:10FDE00041FAF5E7A06D00F03BFAE5E7D8150020F1
:10FDF00070B5050086B008001400019100F0A8FF5E
:10FE0000012301AE0590029003960493002D02D0C9
:10FE1000AB6B002B27D0636EDB0720D4A2890C23A9
:10FE2000E15E930518D580239B011A4205D10B434F
:10FE3000626EA381104B134063662800210003AA61
:10FE400000F028F8636E0500DB0702D4A3899B0548
:10FE50000DD5280006B070BDA06D00F001FA0C238E
:10FE6000E15EA289DFE7280001F09EF9D3E7A06DEB
:10FE700000F0F8F9EDE7C046FFDFFFFF030010B523
:10FE80000A00034908681900FFF7B2FF10BDC04619
:10FE9000D8150020F0B5DE46454657464E46E0B53B
:10FEA000936883460C00904683B0002B23D08B8947
:10FEB0001A0728D50A69002A25D0424616689A07EB
:10FEC0002DD50027AC4B00259946BA46002D58D0B9
:10FED0002B004D4500D9A84B52465846E169676A48
:10FEE000B847002858DD43469B6882442D1A181AEB
:10FEF00043469860EAD1002003B0F0BCBB46B2464E
:10FF0000A946A046F0BD2100584601F001F800289E
:10FF100000D02DE14246A38916689A07D1D4DA07AA
:10FF200042D4002200279146002F25D08022920043
:10FF3000A568134200D180E0AA46BD4200D9AFE0D7
:10FF40009022D200134200D0BBE0206852464946BE
:10FF500001F092FDA3685D1BA5603D0000272368AA
:10FF60005344236043469B68A9445D1B43469D6000
:10FF7000C1D0A389002FD9D132687768914608365D
:10FF8000D2E7336875689A4608369FE721000198E2
:10FF900001F0CCF800282FD00C22A35E40220120D3
:10FFA0001343A3814042A7E700230022B146002764
:10FFB0001E005B46002092460193002F27D00028A8
:10FFC0002FD03300BB469F4200D99B462068226950
:10FFD0006369904204D9A2689D18AB4500DD9EE09C
:10FFE0005B4561DC656A5246E1690198A847051ED8
:10FFF000D2DD0120761BC9D043469B68AA447F1BF3
:020000041001E9
:100000005D1B43469D6000D175E7002FD7D14B465D
:100010001B689A464B465F6808239C46E144002FC4
:10002000F5D03A000A21504601F0AEFC002800D17C
:1000300095E053460130C61AC3E720682369984209
:1000400016D863699A46BB4212D84C4B38009F427F
:1000500000D94B485146F3F7BFFA5346656A43430C
:100060004A465846E169A847051E95DD7F1B79E79A
:10007000BD4200D93D002A00494601F0FDFCA368BD
:1000800022685B1B5219A3602260002BEED1210075
:10009000584601F04BF8002800D07DE77F1B61E750
:1000A0003D00BA46206851E75A46514601F0E4FC4B
:1000B0005A46A3685D469B1AA36023685B4423608D
:1000C00097E7606922682169551A42001218D00F1B
:1000D0008218681C5210C01992460195904201D9AD
:1000E000824602005B0529D51100584600F0D0F881
:1000F000051E37D0019A2169F3F79AFEA389214A98
:10010000134080221343A3815246019B2561E818C6
:10011000D31A3D00BA4620606261A36016E75146DB
:100120002A0001F0A9FC236821005B1901982360D3
:1001300000F0FCFF002800D15BE72DE7584600F0F7
:10014000BFFB051EE0D12169584601F01BF9802252
:100150005946A3899343743A1BB20A601EE77B1C7D
:100160001E002FE70C235A4613600C22A35E15E7EE
:1001700001204042C0E6C04600FCFF7FFEFFFF7F3B
:10018000FFFFFF7F7FFBFFFFF0B5C64600B51D00F8
:10019000170086B001AB039301236F43061E904600
:1001A0000C9C019102970597049302D0836B002B5E
:1001B00034D0636EDB0726D4A2890C23E15E93055D
:1001C0001ED580239B011A4205D10B43626EA38189
:1001D000184B134063662100300003AAFFF75AFE54
:1001E000636E00281DD0DB0711D505984146381AEB
:1001F000F3F71AFA0500280006B080BCB846F0BD37
:10020000A06D00F02DF80C23E15EA289D9E7A38947
:100210009B05EAD4A06D00F025F8E6E700F0C4FFE6
:10022000C7E7DB07E7D4A3899B05E4D4A06D00F002
:1002300019F8E0E7FFDFFFFF10B50400054882B0C2
:100240000068009313000A002100FFF79DFF02B031
:1002500010BDC046D81500207047C0467047C04644
:100260007047C0467047C04610B5034B0100186880
:1002700000F00EF810BDC046D815002010B5034B95
:100280000100186801F07EF810BDC046D8150020A6
:10029000F0B54E464546DE465746E0B50D000B35F7
:1002A000060083B0162D22D8102900D9B2E000F044
:1002B000B1FA102518230220CC4FFB181A005C68F5
:1002C000083A944200D1B5E0032362689A431300D0
:1002D000E268A168CA6091600122E31859683000A1
:1002E0000A435A6000F09EFA2000083095E0072388
:1002F0009D4300D58EE0A94200D98BE000F08AFA38
:10030000FC235B009D4200D2A7E1680A00D18BE08C
:10031000042800D97AE138239846A8098044393066
:10032000C100B24F79184C680839A1420ED003239E
:100330009C4604E0002ACBDAE468A14206D062467B
:10034000636893435A1B0F2AF4DD40463A003C6928
:100350000832944200D178E00323616899438946CA
:100360000B00491B0F2900DD7BE17A613A6100290E
:10037000B2DA80229200914500D30FE15909DA08E0
:1003800001238B40D2007968D2190B4391687B60BE
:10039000E260A1609460CC6001218210914099429A
:1003A00059D80B4205D103229043490004300B4237
:1003B000FBD003239846C3009946B944CC468246F5
:1003C0006346DC68A44507D12CE1002A00DB35E157
:1003D000E468A44500D125E14246636893435A1B73
:1003E0000F2AF2DD01208046611905436560A0688F
:1003F000E5680837C560A86040461043F960B960F9
:100400004860CF6030008F60E25000F00BFA2000AF
:10041000083002E00C230020336003B0F0BCBB4680
:10042000B246A946A046F0BD80213F234020984611
:10043000890076E7DC680230A34200D044E73A0046
:100440003C690832944200D086E701217B68821023
:1004500091409942A5D90323BC6862689A439146AA
:10046000954203D8531B0F2B00DD89E023004B443A
:100470005F4A01935F4B93461B681268EB18013289
:1004800000D13DE15C4A944663441B0B1B0300937F
:100490003000009900F0BEFB03008046013300D11C
:1004A000FAE0019B834200D9F4E0544B00981A0013
:1004B0009A46126803009446514663440B600199C2
:1004C0001A00414500D151E15B461B68013300D160
:1004D00056E1434601995B1A9A1853461A6007235E
:1004E000424641461A400192194200D112E10823C6
:1004F0009846881A424B0099804441449B1A5B1AE3
:100500001B051B0D0091300019009B4600F082FB7B
:10051000431C00D150E14346C01A03005B440093E2
:10052000534652461B6801215B44136042464046D5
:10053000BA60009A0A434260BC4200D124E14A46B4
:100540000F2A00D822E107200C3A8243606801405C
:10055000052011436160A118486088600F2A00D906
:1005600035E142464446526826490868984200D21E
:100570000B6025490868984200D38FE00B608DE03E
:100580000122290013431143651961603000BD60E9
:100590006B6000F047F9200008303EE75A0A042A51
:1005A00072D9142A00D9C5E011005C325B31D20047
:1005B00008235B429C46BA18944463469A68032316
:1005C0009846944500D19EE0434651689943494579
:1005D00002D992689445F7D1D3689C467B686146FE
:1005E000A260E1608C60D460D6E6C046081A0020A4
:1005F000101E0020E82000200F100000B82000206E
:1006000008100000E0200020E4200020142852D927
:10061000542800D996E06E239846280B80446F300A
:10062000C1007EE608239B46073BDC449B46DA4438
:1006300043465246134200D0C2E64CE00122E31882
:10064000596830000A435A60E368A268D3609A6030
:1006500000F0E8F820000830DFE62B00E808083357
:100660002AE6012360191D43656078613861C26024
:1006700082601A004B460A4342603000E15000F0AD
:10068000D1F820000830C8E69A0911003932383113
:10069000D2008DE7BC4260D0BC68626803239A43F5
:1006A000531B954202D80F2B00DD69E7300000F0A4
:1006B000B9F80020B1E65B23984680445C30C10065
:1006C0002FE608235B429C46E1444B469B68013879
:1006D0004B4500D098E043460342F2D17B688B4300
:1006E0007B604900994200D9B5E6002904D1B2E601
:1006F000042294464900E2440B42F9D050465AE69F
:1007000010330093C4E68910023B8B4079680B4399
:100710007B6064E7009B300043445B421B051B0D7C
:1007200019009B4600F076FA431C00D0F3E6002344
:100730009B46F5E6542A2BD81A0B11006F326E3106
:10074000D20035E7AA235B0098422BD8DD3B9846C0
:10075000E80B80447830C100E3E52C4B009A9A46C0
:100760001B689C46534662441A60ADE6090500D0FA
:10077000AAE60200BC684A4401310A436260F3E61B
:100780005B4642461A60AAE64446EDE641608DE7C4
:10079000AA2149008A4224D8DA0B11007832773135
:1007A000D20005E71A4B984224D87C239846A80C1F
:1007B00080447D30C100B4E5009A019B94464246D6
:1007C000083B63449B1A009300239B46A8E6210044
:1007D0003000083100F0D6FD5346BC681B686268E3
:1007E000C2E60B498A420BD89A0C11007D327C314B
:1007F000D200DDE6FE217E237F209846890090E529
:10080000FE227E219200D3E67B686AE7B8200020B2
:100810005405000010B50248FFF722FD10BDC04688
:10082000AC20002010B50248FFF71CFD10BDC046EB
:10083000AC20002070B505000E001400002802D086
:10084000836B002B1ED0636EDB0702D4A3899B054C
:1008500022D5A368013BA360002B05DAA26993426D
:1008600013DBF3B20A2B10D0FF2023685A1C22603E
:100870001E700640636EDB0702D4A3899B050FD56B
:10088000300070BD00F090FCDDE731002200280050
:1008900000F0C6FA0600EDE7A06DFFF7E1FCD8E72F
:1008A000A06DFFF7DFFCEBE7030010B50A0003497A
:1008B0000868190000F004F810BDC046D8150020E3
:1008C000F0B557464546DE464E46E0B50C000700FB
:1008D000904683B0002900D1A8E045460B35FFF7CC
:1008E00099FF162D70D810251023A84570D8260022
:1008F000083E7168032208009043814600969842A2
:1009000000DB77E0C24A301893469268824200D1F9
:10091000CAE0426801900092012292465046009A35
:100920008243019894468346DC44624650465268AE
:10093000024200D071E00320009ACB4682439446E5
:10094000E3449B4550DA52460A4211D103213268F2
:10095000B21A924652688A436146511849448B46FE
:10096000994200DB78E04A4493469A4200DB78E003
:1009700041463800FFF78CFC8046002820D0736881
:10098000B446009301230099020099430B00083AF2
:100990006344934200D1F7E04A46043A242A00D93E
:1009A000F7E003002100132A00D9C8E00A681A60A2
:1009B0004A685A608A689A602100380000F0E2FCB8
:1009C0003800FFF72FFF07E007239D432B1E8CDA2B
:1009D0000C233B6000239846404603B0F0BCBB4666
:1009E000B246A946A046F0BDD946019AD36892689E
:1009F000D3609A604B465B1B0F2B1CD801214A46E3
:100A000073680B40134373604E44736819437160FD
:100A10003800FFF707FFA046DEE70842A8D1032110
:100A20003268B21A924652688A439CE71100FFF777
:100A30002FFC8046D0E70120726871190240034301
:100A4000154375604B604E447368083118437060FD
:100A5000380000F097FCDBE7019AD3689268D36016
:100A60009A6053465246DB6892685646D3609A6055
:100A70004A46043A0836242A6BD83300132A09D987
:100A80005346216899606168D9601B2A00D98EE0BD
:100A9000083410332268D9461A6062685A60A26826
:100AA00034009A605646A5E75068032290430D3201
:100AB00082469446CA44AC44E24552DACA0700D59D
:100AC00056E73168721A0321924652688A43101819
:100AD0000100494400918C4500DD44E753465246ED
:100AE000DB689268D3609A6008234A465344043A0C
:100AF0009846242A75D8132A08D953462168996044
:100B00006168D9601B2A71D80834103322681A60D2
:100B100062685A60A2689A60534659195B469960A8
:100B2000009B38005A1B01231A434A605246526800
:100B300013401D4353465D60FFF774FE4CE7216888
:100B40000160616841601B2A27D821000833083101
:100B50002CE721003000340000F08EFFD9465646C5
:100B600048E75B460098A0464119996053465A1BD6
:100B700001231A434A6041680B401D434560380019
:100B80000091FFF74FFE27E703225B6893439944E8
:100B900030E7210000F070FF0EE7A1688160E16896
:100BA000C160242A0CD0210010331031FEE6A16868
:100BB0001961E1685961242A0BD01034183369E7B0
:100BC0002269210002610200606918311833506106
:100BD000ECE622699A61524661692033D16118348A
:100BE00058E72100180000F047FF95E7A168196158
:100BF000E1685961242A02D01034183386E722694B
:100C00009A61524661692033D16118347EE7C0464B
:100C1000081A0020002370B5064D040008002B6060
:100C2000F0F748FF431C00D070BD2B68002BFBD0B1
:100C30002360F9E7E8260020164B70B504001D6814
:100C40001F2821D8B7239B00EB58002B0DD0820022
:100C50009B181A68002A08D0012A13D0511C0DD005
:100C6000002119609047002070BD280000F028F88E
:100C700022000100280000F00FF8F5E716230120FC
:100C80002B60F1E70020EFE7162301202B604042A4
:100C9000EAE7C046D8150020002370B5074D0400D0
:100CA000080011002B6000F023FE431C00D070BD33
:100CB0002B68002BFBD02360F9E7C046E826002014
:100CC00010B500F005FE10BD024670B50A4392074C
:100CD0002AD11E4DEE0104C808C9541B9443344068
:100CE00017D0D0B2D9B2401A2106014310D190B228
:100CF00099B2401A210401430AD110021902000AD4
:100D0000090A401A2102014302D1100E190E401A9D
:100D100070BD9A42DFD010BA19BA884201D90120B9
:100D200070BD0020C04370BD02780B7801300131E6
:100D3000002A09D09A4207D102780B78013001319C
:100D4000002A01D09A42EFD0D01A70BD01010101F2
:100D500010B583070AD00300032102E001330B42E0
:100D600005D01A78002AF9D1181A10BD03001968A5
:100D70000C4A0D4C8A188A4322420FD15968094AFD
:100D800004338A188A43224208D15968054A043339
:100D90008A188A432242F1D000E001331A78002AEF
:100DA000FBD1E1E7FFFEFEFE8080808030B5002AA7
:100DB00026D003000B439B0724D1032A22D9164DCA
:100DC0000BE0043A002A1BD0144C1C199C432C4203
:100DD00016D104300431032A14D903680C68A342E5
:100DE000EFD004780D78AC4213D1012306E0C45C47
:100DF000CD5CAC420DD10133934201D0002CF6D131
:100E0000002030BD04780D78A54202D1012AECD132
:100E1000F6E7601BF5E7C04680808080FFFEFEFE9F
:100E2000F8B505000E001400002802D0836B002BDB
:100E30004BD0A369A289A3600C23E05E13071FD5E2
:100E40002369002B1CD0FF21F7B20E4080218901BD
:100E50000A4226D022686169D31A99422CDD0133F7
:100E6000A1680139A160511C2160177062699A4222
:100E70002ED0A389DB0701D50A2E29D03000F8BD7A
:100E80002100280000F044F8002827D1FF21F7B204
:100E90000E408021A28989010C23E05E23690A4269
:100EA000D8D101430F4AA181616E0A40626661692F
:100EB0002268D31A9942D2DC2100280000F036F9CA
:100EC00000280BD101232268CAE700F06DF9B0E7D2
:100ED0002100280000F02AF90028CFD00126764210
:100EE000CCE7C046FFDFFFFF70B50400080011002B
:100EF0001A000023054D2B60F3F76AF9431C00D05C
:100F000070BD2B68002BFBD02360F9E7E82600209A
:100F1000354B70B5050018680C00002802D0836BB3
:100F2000002B21D00C23E25EA389190723D5216968
:100F300000292BD0D80708D50020A0606069404266
:100F4000A0610020002908D070BD00209D0700D4BA
:100F50006069A06000200029F6D11B06F4D540236B
:100F60001A43A2810138EFE700F01EF90C23E25E7C
:100F7000A3891907DBD4D9062DD55B0716D42169BF
:100F800008231A43A28193B20029D3D1A02080263E
:100F90008000B6001840B042CCD02100280000F0FC
:100FA000F7FA0C23E25E2169A389C3E7216B0029CC
:100FB0000AD023004033994204D0280000F0E2F91F
:100FC0000C23E25E0023236324239A430023216938
:100FD00063602160D4E709232B60402301201A437A
:100FE000A2814042B0E7C046D8150020F0B5C64601
:100FF0000C0000B5A28980460C23C95E13074CD4AF
:10100000802362681B010B43A381002A66DDA66A68
:10101000002E3ED042464146156800220A609AB230
:10102000DB0460D4012300224046E169B047431C41
:1010300068D0A289A66A530706D56368C01A236BD5
:10104000002B01D0E36BC01A00230200E169404687
:10105000B047431C49D143461B68002B45D01D2B8C
:1010600001D0162B57D1A3892F4A1340A381002307
:101070006360236923604346216B1D60002908D00B
:1010800023004033994202D0404600F07BF9002310
:101090002363002080BCB846F0BD2669002EF8D03E
:1010A000236826609D1B0023920700D16369A3601B
:1010B000002D04DCEDE736182D1A002DE9DD2B009C
:1010C00032004046E169676AB8470028F3DC4022F5
:1010D0000120A38940421343A381DBE7E26B002A8E
:1010E00000DD94E7D5E7206DA5E7A3890E4A1340FC
:1010F0000022626022691BB2A3812260DB04BAD5A0
:101100002065B8E743461B68002B00D191E71D2BF3
:1011100006D0162B04D04022A3891343A381B9E73C
:10112000434600201D60B5E7FFF7FFFF70B50500DF
:101130000C00002802D0836B002B15D00C22A35E7C
:10114000002B17D0626ED20701D49B0514D528005E
:101150002100FFF74BFF636E0500DB0702D4A38974
:101160009B0515D5280070BD00F01EF80C22A35E6B
:10117000002BE7D10025F5E7A06DFFF771F82800F7
:101180002100FFF733FF636E0500DB07EAD4E6E7D3
:10119000A06DFFF767F8E5E710B5024900F0D4F954
:1011A00010BDC04639170110F8B5DE4657464E4609
:1011B0004546E0B506003C4F3800FFF751F8B46BE8
:1011C000002C68D1394B0322F363B8239B00F45001
:1011D00004337568F2500833F218043BF2502800CB
:1011E000042308220021EB606C662C606C60AC600C
:1011F0002C616C61AC615C30F2F714FE28002C4B62
:10120000ED619B462B622B4B58309A466B622A4B02
:101210009946AB62294BEB629846FFF71DF8B5681B
:10122000274B280008220021EB606C662C606C6064
:10123000AC602C616C61AC615C30F2F7F3FD5B4635
:101240002B6253466B624B462800AB624346ED610E
:10125000EB625830FFF700F8F5681A4B28000822B7
:101260000021EB606C662C606C60AC602C616C6182
:10127000AC615C30F2F7D6FD5B462B6253466B6285
:101280004B462800AB624346ED61EB625830FEF7F7
:10129000E3FF0123B3633800FEF7E4FFF0BCBB4675
:1012A000B246A946A046F8BDB4200020991101100D
:1012B000751601109D160110DD1601100917011099
:1012C000090001001200020010B50248FEF7C8FF35
:1012D00010BDC046B020002010B50248FEF7C2FF86
:1012E00010BDC046B0200020F8B50C000500FFF787
:1012F00091FA204FBB685E6803239E431E4B341B4C
:101300009C466444240B013C113324039C4207DBBC
:1013100000212800FFF77EFCBB689B19984204D08F
:101320002800FFF77FFA0020F8BD28006142FFF790
:1013300071FC431C0DD00122BB68361B16435E6056
:101340000E4B28001A68141B1C60FFF76BFA012073
:10135000EAE700212800FFF75DFCBA68831A0F2B2B
:10136000DEDD07490968401A0449086001210B4382
:101370005360D5E7081A0020EF0F0000B8200020C6
:10138000101E0020F0B5C64605000C0000B500296F
:101390004FD0FFF73FFA210008394C6801262200A0
:1013A0000320B2438F187B68834362489846836862
:1013B000BB426AD043467B6026421ED108239C462E
:1013C0000C688444091B12198C6864454FD0CB68A3
:1013D000E3609C604346FC186468344211D1BB68EA
:1013E000554C4244A34200D17EE0FC68DC60A3601F
:1013F000012313434B608A5006E0FC1864683442B2
:10140000EDD016434E603A6080239B009A4213D27F
:101410005409D3080122A2404468DB002243426001
:1014200018188368C8608B608160D9602800FFF756
:10143000F9F980BCB846F0BD530A042B3ED8940994
:10144000260039343836E40004192368083C0327A1
:101450009C4242D05868B843904202D99B689C4253
:10146000F8D1DC68CC608B60A160D960DEE74346D0
:10147000F8184068304257D1FB68B86842441643B8
:10148000C36098604E608A50D0E713004344264200
:1014900006D10A68891A8C689B18CA68E260946051
:1014A00001221A434A60254A816012689A42BDD8D7
:1014B000234B28001968FFF717FFB7E7142B07D94C
:1014C000542B1AD8140B26006F346E36E400BBE799
:1014D0001E005C335B36DC00B6E70122B610B2407A
:1014E000466832434260BDE7D9609960CB608B604B
:1014F000012313434B608A5098E7AA246400A34257
:1015000005D8D40B260078347736E4009CE70D4CE0
:10151000A34205D8940C26007D347C36E40093E782
:10152000FE247E26A4008FE7330013434B603A600D
:101530007CE7C046081A0020101A0020141E002064
:10154000E820002054050000F8B54746CE4680B597
:10155000B827804689460026BF0047447B68BC68A0
:101560005D1E0DD4A389012B07D90E22A35E013382
:1015700003D021004046C84706436834013DF1D2FC
:101580003F68002FEAD13000C0BCB946B046F8BD74
:10159000F0B5C64600B58B8905000C0096B09A07D9
:1015A00009D523004333236023610123636116B00F
:1015B00080BCB846F0BD0E22895E002929DB6A4650
:1015C00000F028F9002823DBF023019F1B021F40B5
:1015D000264B80269C4667447B425F418023DB008C
:1015E0009846360141462800FEF752FE00281CD0DE
:1015F00080221F4BEB63A3892060134342461BB23A
:10160000A38120616261002F1ED13343A381CEE705
:10161000A38900271B0612D540239846280041467F
:101620000026FEF735FE0028E2D10C22A35E9A05C3
:10163000BDD40322934302221343A381B1E7802345
:10164000DB0098460026CDE728000E23E15E00F07F
:10165000F5F8002802D10C22A35ED6E70322A38965
:101660009343012213431BB2CFE7C04600E0FFFFC4
:101670009911011070B50C000E25495F00F004F9B6
:10168000002803DB236D1B18236570BDA389024A64
:101690001340A381F9E7C046FFEFFFFFF8B50C0048
:1016A0001F000C23C95E05001600CB050AD40A4BA7
:1016B000320019402800A1810E23E15E3B00FFF7B4
:1016C00013FCF8BD0E23E15E0022022300F0C8F8EF
:1016D0000C23E15EEBE7C046FFEFFFFF70B50C00A7
:1016E0000E25495F00F0BCF8431C06D08023A28978
:1016F0005B011343A381206570BDA389014A134098
:10170000A381F9E7FFEFFFFF10B50E23C95E00F0DC
:1017100001F810BD002370B5064D040008002B60D1
:1017200000F0C6F8431C00D070BD2B68002BFBD026
:101730002360F9E7E8260020F8B506000C1E4DD01E
:10174000002802D0836B002B4AD00127636E3B42F6
:1017500035D00C22A35E002B40D021003000FFF7D3
:1017600045FCE36A0500002B04D03000E16998478E
:1017700000283CDBA3891B063ED4216B002908D03E
:1017800023004033994202D03000FFF7FBFD0023D5
:101790002363616C002904D03000FFF7F3FD0023C0
:1017A0006364FFF791FD0023A381636EDB072CD5F3
:1017B000A06DFEF753FDFFF78FFD2800F8BDA3894C
:1017C0009B05CAD4A06DFEF74BFD0C22A35E002B37
:1017D000C3D1636E1D003D403B4212D00025ECE7B3
:1017E0000127FFF7E1FC636E3B42B2D1E7E7012539
:1017F000A3896D421B06C0D530002169FFF7C2FDE9
:10180000BBE7A06DFEF72EFDD7E7A06DFEF72AFD22
:10181000CEE7C046002370B5074D04000800110054
:101820002B6000F04DF8431C00D070BD2B68002BDE
:10183000FBD02360F9E7C046E8260020002370B5FE
:10184000064D040008002B6000F04AF8431C00D04D
:1018500070BD2B68002BFBD02360F9E7E826002041
:1018600070B50400080011001A000023054D2B601C
:1018700000F046F8431C00D070BD2B68002BFBD055
:101880002360F9E7E826002070B504000800110085
:101890001A000023054D2B60F2F750FC431C00D0CA
:1018A00070BD2B68002BFBD02360F9E7E8260020F1
:1018B00058220120014B40421A607047E826002060
:1018C00058220120014B40421A607047E826002050
:1018D00058220120014B40421A607047E826002040
:1018E0005822024B00201A607047C046E8260020AC
:1018F00058220120014B40421A607047E826002020
:1019000058220120014B40421A607047E82600200F
:10191000F8B5C0460000000001B40248844601BC8E
:10192000604700BF1B13002001B40248844601BC7D
:10193000604700BF8D02002001B40248844601BC0C
:10194000604700BFED01002001B40248844601BC9D
:10195000604700BF1104002001B40248844601BC66
:10196000604700BF9513002001B40248844601BCC3
:10197000604700BF1108002001B40248844601BC42
:10198000604700BFCD12002001B40248844601BC6C
:10199000604700BF2113002001B40248844601BC07
:1019A000604700BFB507002001B40248844601BC6F
:1019B000604700BF1513002001B40248844601BCF3
:1019C000604700BF1104002001B40248844601BCF6
:1019D000604700BFC90E002001B40248844601BC24
:1019E000604700BF0901002001B40248844601BCE1
:1019F000604700BFB107002001B40248844601BC23
:101A0000604700BF4D01002001B40248844601BC7C
:101A1000604700BFC503002001B40248844601BCF2
:101A2000604700BFF512002001B40248844601BCA3
:101A3000604700BF5103002001B40248844601BC46
:101A4000604700BFC507002001B40248844601BCBE
:101A5000604700BFF90E002001B40248844601BC73
:101A6000604700BF990E002001B40248844601BCC3
:101A7000604700BFC100002001B40248844601BC99
:101A8000604700BFDD13002001B40248844601BC5A
:081A9000604700BF01130020B4
:101A98005374617274696E67204C6F526100000064
:101AA8005374617274696E67204C6F52612066616D
:101AB800696C65642100000053656E64696E672077
:101AC8007061636B65743A20000000002564200A89
:101AD8000000000068656C6C6F2000004E6F20737A
:101AE80070696E6C6F636B732061726520617661DB
:101AF800696C61626C6500004E6F207573657220B9
:101B0800495251732061726520617661696C616226
:101B18006C65000000000000FFFFFFFFFFFFFF7F74
:101B2800486172647761726520616C61726D20250D
:101B38006420616C726561647920636C61696D65AC
:101B4800640000000A2A2A2A2050414E4943202ACC
:101B58002A2A0A00486172642061737365727400EE
:101B6800666E6900666E692B000000006E616E008B
:101B7800666E692D00000000B02A0010662A001069
:101B8800662A0010A82A0010662A0010662A00108B
:101B9800662A0010662A0010662A0010662A0010BD
:101BA800662A0010A02A0010662A0010982A001041
:101BB800662A0010662A0010902A0010622C001075
:101BC800C22A0010562C0010C22A0010722C0010D5
:101BD800C22A0010C22A0010C22A0010C22A00100D
:101BE800C22A0010C22A0010C22A0010B82A001007
:101BF800C22A0010C22A0010C22A0010C22A0010ED
:101C0800C22A0010B82A0010B82C0010222A00108E
:101C1800222A0010222A0010222A0010222A00104C
:101C2800222A0010222A0010222A0010222A00103C
:101C3800222A0010222A0010222A0010222A00102C
:101C4800222A0010222A0010222A0010222A00101C
:101C5800222A0010222A0010222A0010222A00100C
:101C6800222A0010222A0010222A0010222A0010FC
:101C7800222A0010222A0010222A0010222A0010EC
:101C8800222A0010222A0010E62E0010842C0010B0
:101C9800E62E0010222A0010222A0010222A001004
:101CA800222A0010222A0010222A0010222A0010BC
:101CB800222A0010222A0010222A0010222A0010AC
:101CC800222A0010222A0010222A0010222A00109C
:101CD800222A00106A2B0010222A0010222A001043
:101CE800222A0010222A0010222A0010222A00107C
:101CF800222A0010222A0010222A00106A2B001023
:101D0800CC2C00106A2B0010E62E0010842C00103A
:101D1800E62E0010222A00106A2B0010222A00103A
:101D2800222A0010222A0010222A0010222A00103B
:101D38006A2B0010F62D0010222A0010222A00100B
:101D4800382D0010222A00106A2B0010222A0010B9
:101D5800222A00106A2B0010000000000000F03F4B
:101D6800000000000000244000000000000059406E
:101D78000000000000408F40000000000088C340C1
:101D880000000000006AF8400000000080842E4136
:101D980000000000D01263410000000084D7974182
:101DA8000000000065CDCD416D697373696E6720D1
:101DB800646F75626C652066756E6374696F6E001A
:101DC8004F7574206F66206D656D6F727900000025
:101DD80052656C6561736500626F6F74325F77324C
:101DE8003571303830000000312E342E30000000BC
:101DF8007069636F5F7700004C6F526153656E6462
:101E08006572000041707220203120323032330078
:101E180006005250BBFF3CB6F81D01100600525098
:101E2800E182887FE01D011006005250D3F0754210
:101E3800D81D01100D0A0000A9430010AD43001081
:101E4800B9430010E5430010E14300100000000012
:101E580055534220737464696E202F207374646F25
:101E6800757400000600525053B4F4A1581E0110B6
:101E780052617370626572727920506900000000C7
:101E88005069636F00000000426F61726420434430
:101E98004300000052657365740000000902540095
:101EA800030100807D080B00020202000009040003
:101EB800000102020004052400200105240100019C
:101EC8000424020205240600010705810308001006
:101ED80009040100020A0000000705020240000090
:101EE800070582024000000904020000FF00010506
:101EF80012010002EF0201408A2E0A0000010102CD
:101F08000301000000000000781E0110881E011067
:101F1800382C0020901E01109C1E0110556E68611F
:101F28006E646C65642049525120307825780A0027
:101F380065702025642025732077617320616C7299
:101F48006561647920617661696C61626C65000025
:101F580043616E277420636F6E74696E75652078AF
:101F6800666572206F6E20696E616374697665209C
:101F78006570202564202573000000006F757400CB
:101F8800696E0000305200102C540010BE5300102F
:101F980072530010545300103C530010D0520010DC
:101FA8007E5200107252001008570010EE560010B2
:101FB8002A530010865700102A5300106E5700103D
:101FC8005A5700102A530010465700101C5700108B
:101FD8002A530010765A0010A0570010A65A001075
:101FE8002A5300102A530010885A0010A0570010D6
:101FF8002A5300102A5300102A5300102A530010A5
:102008002A5300102A5300102A530010665A001051
:1020180071620010ED62001019630010FD6300107A
:10202800E1640010000000005350492043530000B1
:102038000000000000000000817100105D6F0010BA
:10204800356E0010396E00103D6E0010A16E001044
:1020580061700010080052500A38A5040900525057
:1020680000010000302001100D0A0000696E6600B2
:102078006F766600142101108820011038210110A4
:102088004E31305F5F637878616269763131375FEE
:102098005F636C6173735F747970655F696E666F97
:1020A80045000000000000007C2001108984001019
:1020B800A18400107D8600107D8600101D8500100B
:1020C8004184001001850010C1840010758400103F
:1020D80014210110E42001107C2001104E31305FE2
:1020E8005F637878616269763132305F5F73695F08
:1020F800636C6173735F747970655F696E666F4551
:102108000000000000000000D820011049850010E0
:10211800618500107D8600107D8600101D850010E9
:102128004184001055860010B98500108185001083
:10213800B420011040210110537439747970655F1F
:10214800696E666F000000007465726D696E617477
:10215800652063616C6C6564207265637572736970
:1021680076656C790A0000007465726D696E617439
:10217800652063616C6C65642061667465722074A7
:1021880068726F77696E6720616E20696E7374611B
:102198006E6365206F66202700000000270A000094
:1021A8007465726D696E6174652063616C6C6564D9
:1021B80020776974686F757420616E206163746933
:1021C800766520657863657074696F6E0A00000033
:1021D80020207768617428293A202000768800102A
:1021E8004488001044880010448800104488001077
:1021F800768800107688001076880010768800109F
:1022080072880010728800104488001072880010CC
:10221800728800107288001072880010728800108E
:10222800728800107288001072880010728800107E
:10223800728800107288001072880010768800106A
:102248004C8800104C8800104C8800104C880010F6
:102258004C8800104C8800104C8800104C880010E6
:10226800448800107288001072880010728800106C
:10227800728800107288001076880010728800102A
:102288004C88001048880010448800107688001098
:10229800448800104C8800104C8800107288001088
:1022A8004888001076880010768800107288001020
:1022B800728800107288001044880010448800104A
:1022C8004488001044880010448800107288001068
:1022D8004488001044880010728800104488001058
:1022E80076880010768800107288001072880010B6
:1022F80072880010768800107688001076880010A2
:1023080072880010728800107288001044880010CB
:102318004C880010448800104C8800104C8800102D
:10232800B4890010C4890010C4890010C489001041
:10233800BA890010B4890010B4890010B689001059
:10234800B6890010C4890010C4890010C48900101F
:10235800C4890010C4890010C4890010C489001001
:10236800C4890010C4890010C4890010C4890010F1
:10237800C4890010C4890010C4890010C4890010E1
:10238800B4890010C4890010C4890010C4890010E1
:10239800C4890010C4890010C4890010C4890010C1
:1023A800C4890010C4890010C4890010E489001091
:1023B800E4890010C4890010C4890010B489001091
:1023C800C4890010C4890010C4890010C489001091
:1023D800AE890010C4890010C4890010C489001097
:1023E800C4890010C4890010B4890010B68900108F
:1023F800C4890010C4890010C4890010C489001061
:10240800C4890010C4890010C4890010C489001050
:10241800C4890010C4890010C4890010C489001040
:10242800C4890010B4890010B4890010C489001050
:10243800AE890010AE890010AE890010AE89001078
:10244800B4890010C4890010C4890010C489001020
:10245800C4890010C4890010C4890010C489001000
:10246800C4890010D48B0010D88B0010D88B0010B2
:10247800D88B0010D88B0010C28B0010D48B0010A2
:10248800E48B0010E48B0010D88B0010D88B001060
:10249800D88B0010D88B0010D88B0010D88B001068
:1024A800D88B0010D88B0010D88B0010D88B001058
:1024B800D88B0010D88B0010D88B0010D88B001048
:1024C800D88B0010D48B0010D88B0010D88B00103C
:1024D800D88B0010D88B0010D88B0010D88B001028
:1024E800D88B0010D88B0010D88B0010D88B001018
:1024F800D88B0010D88B0010D88B0010D88B001008
:10250800D48B0010D88B0010D88B0010D88B0010FB
:10251800D88B0010D48B0010D88B0010D88B0010EB
:10252800D88B0010D88B0010D88B0010D48B0010DB
:10253800E48B0010D88B0010D88B0010D88B0010BB
:10254800D88B0010D88B0010D88B0010D88B0010B7
:10255800D88B0010D88B0010D88B0010D88B0010A7
:10256800D88B0010D88B0010D48B0010D48B00109F
:10257800D88B0010D88B0010D88B0010D48B00108B
:10258800D48B0010D48B0010D88B0010D88B00107F
:10259800D48B0010D48B0010E6910010E691001047
:1025A800E6910010E6910010E6910010E691001007
:1025B800E6910010E6910010E6910010E6910010F7
:1025C800409100104091001040910010409100107F
:1025D800409100104091001040910010AA93001003
:1025E800409100100E930010EA92001040910010E4
:1025F800DE920010A6920010409100104091001049
:102608004091001040910010409100102694001055
:10261800E69100108A9200106E920010409100100E
:10262800529200100A9200105A9300102A93001038
:10263800409100104091001040910010409100100E
:10264800E691001040910010409100104091001058
:10265800409100104091001040910010A49100108A
:10266800A4910010A4910010A4910010A49100104E
:10267800A4910010A4910010A4910010A49100103E
:10268800A491001040910010A4910010A491001092
:10269800A4910010A49100104091001040910010E6
:1026A80040910010A4910010A4910010C292001053
:1026B800A4910010A4910010A4910010A4910010FE
:1026C800A4910010609400104091001040910010F7
:1026D800409100104091001040910010409100106E
:1026E800409100104091001040910010409100105E
:1026F8004091001040910010409100100E91001080
:10270800409100104091001040910010409100103D
:10271800409100104091001040910010409100102D
:10272800409100104091001040910010409100101D
:10273800FE94001040910010D2940010BA95001039
:102748008A9500105A950010409100102A950010A3
:1027580062960010409100104091001040910010C6
:102768004091001032960010409100101A96001007
:102778004091001040910010EA9500100E91001051
:10278800EC96001092960010249C0010789C001083
:10279800669C00107E9C0010729C00106C9C0010BF
:1027A8000EA5001036A30010D4A4001036A3001004
:1027B80036A3001056A5001036A3001044A500103B
:1027C80032A5001020A5001036A3001036A3001073
:1027D80036A3001036A3001036A3001036A300104D
:1027E80036A3001036A300107EA5001068A50010BF
:1027F80036A3001090A50010C2A4001036A3001044
:1028080036A3001036A3001036A3001036A300101C
:1028180036A3001036A3001036A3001036A300100C
:1028280036A3001036A3001082A4001036A30010AF
:1028380036A3001036A3001036A3001050A40010D1
:1028480036A3001036A3001036A3001036A30010DC
:1028580036A3001036A3001036A3001036A30010CC
:1028680036A3001036A3001036A3001036A30010BC
:1028780036A300101EA400109EC50010E2B0001080
:10288800E2B0001028B20010FAB30010D2C4001051
:1028980066C4001080B7001052B70010BEC1001007
:1028A8005CC10010F0BE001078BE001096B3001096
:1028B80032B300104AB1001044BA0010B8B8001082
:1028C8007CB90010F0B70010E0B9001054B800103F
:1028D8001CB900103CC50010F2C0001010AF001069
:1028E80010AF001010AF0010C2AE0010C2AE001042
:1028F800C2AE0010C2AE0010C2AE0010C2AE0010D0
:10290800C2AE001006B0001006B00010C2AE001033
:10291800C2AE001008C6001020C2001016C4001075
:1029280042C30010D0AF001050BF0010D0AF00104D
:102938004EAF00104EAF00108CB7001020BE001034
:1029480052BD0010BCBD001044AF001094BB001075
:1029580062BC0010F8BB00106EBC001044AF001041
:10296800C4C2001044AF001044AF001060B00010A3
:1029780060B0001042C200102CC20010CEC000107F
:1029880058C00010F6BF0010AEB10010CCBA00104D
:10299800F0B6001044AF001072B6001030BB001043
:1029A8000EB6001054B50010ECB40010C2AE001002
:1029B80082B40010C2AE0010C2AE0010E6D3001000
:1029C800DAD30010CED30010C2D30010F2D3001017
:1029D80064DA001076D8001076D8001076D8001087
:1029E80076D8001076D8001076D8001076D8001067
:1029F80076D8001076D8001076D8001076D8001057
:102A080076D8001076D8001076D8001076D8001046
:102A180076D8001076D8001076D8001076D8001036
:102A280076D8001076D800108CD80010E8D800109E
:102A380044D900108CD80010E8D8001044D90010F0
:102A4800FED900101ADA00103ADA001010DE001071
:102A58006EDA00108EDA0010EADA001048DB001097
:102A680076D8001076D8001076D8001076D80010E6
:102A7800A6DB001076D800103CDC001076D80010D9
:102A880076D8001076D8001076D8001076D80010C6
:102A980076D8001076D8001076D8001076D80010B6
:102AA80076D8001076D8001076D8001076D80010A6
:102AB80076D8001076D8001076D8001076D8001096
:102AC80076D8001076D8001076D8001076D8001086
:102AD80076D8001076D8001076D8001076D8001076
:102AE80076D8001076D8001076D8001076D8001066
:102AF80076D8001076D800109CDC001076D800102C
:102B0800FADC0010A0D900103ADF00103ADF0010FC
:102B18003ADF0010FADF0010FADF0010FADF0010C9
:102B2800FADF0010FADF00103ADF00105CE0001056
:102B38005CE000105CE000103ADF00103ADF0010A3
:102B4800FADF0010FADF0010FADF0010FADF0010D9
:102B58003ADF001074000000783301100300000011
:102B6800783301100300000000000000000000009E
:102B780061000000A43601100E000000A436011008
:102B88000E000000B43601100900000062000000C9
:102B9800C036011011000000C036011011000000FD
:102BA800D43601100C00000073000000E436011058
:102BB8000B000000F036011046000000D43601106A
:102BC8000C00000069000000383701100C000000FC
:102BD80048370110310000007C3701100D0000005B
:102BE8006F0000008C3701100C0000009C370110AA
:102BF80031000000D03701100D0000006400000013
:102C0800E03701100D000000F0370110320000001D
:102C1800243801100E000000343801103838011033
:102C280002000000020000003C380110403801108A
:102C3800010000000200000044380110683601104D
:102C48000200000002000000483801104C38011052
:102C58000100000001000000503801104C3801103C
:102C6800010000000200000054380110583801101B
:102C780008000000010000006438011068380110E5
:102C880009000000010000007438011058380110D4
:102C98000800000001000000783801107C3801109D
:102CA8000A00000002000000883801108C3801106A
:102CB8000200000002000000903801109438011052
:102CC8000100000002000000983801109C38011033
:102CD8000100000001000000A0380110A438011014
:102CE8000200000002000000A8380110AC380110F2
:102CF8000900000001000000B8380110BC380110BC
:102D08000C00000002000000CC380110D03801107F
:102D18000100000001000000D4380110D83801106B
:102D28000700000001000000E0380110E43801103D
:102D38000200000002000000E83801102C3A0110DF
:102D48000100000002000000EC380110F03801100A
:102D58000100000002000000F4380110F8380110EA
:102D68000200000002000000FC38011000390110C8
:102D780001000000020000000439011008390110A8
:102D880002000000020000000C390110A0350110FB
:102D9800030000000300000010390110A0350110E5
:102DA800030000000300000014390110A0350110D1
:102DB800030000000200000018390110A0350110BE
:102DC80003000000020000001C3901102039011026
:102DD800020000000200000024390110983301109D
:102DE80002000000010000002839011078370110A6
:102DF80001000000020000002C39011030390110D8
:102E080002000000020000003439011038390110B6
:102E18000300000002000000181B01103C390110DB
:102E2800020000000200000040390110443901107E
:102E38000B00000001000000503901105439011046
:102E48000200000002000000583901105C3901102E
:102E5800010000000200000060390110643901100F
:102E68000200000002000000683901106C390110EE
:102E780002000000020000007039011074390110CE
:102E8800010000000200000078390110D03801105C
:102E980001000000020000007C3901108039011097
:102EA8000200000001000000843901108839011077
:102EB800050000000300000090390110943901104A
:102EC8000200000002000000703B0110743901107C
:102ED800010000000100000098390110BC1A01101F
:102EE80001000000010000009C390110A039011008
:102EF8000300000003000000A4390110A8390110E4
:102F08000200000002000000AC390110B0390110C5
:102F18000200000002000000B0360110B4390110B0
:102F28000100000002000000B8390110BC3901108E
:102F38000200000002000000C0390110C43901106D
:102F48000100000002000000C8390110CC3901104E
:102F58000300000002000000D0390110D43901102C
:102F68000200000001000000D8390110C439011026
:102F78000100000001000000DC390110E0390110F7
:102F8800020000000200000058350110E439011069
:102F98000100000003000000E8390110EC390110BD
:102FA8000200000002000000F0390110F43901109D
:102FB8000300000002000000F8390110FC3901107C
:102FC8001000000002000000103A0110143A01102D
:102FD8000100000002000000183A01101C3A01101C
:102FE8000200000002000000203A0110243A0110FB
:102FF8000900000001000000303A0110243A0110D5
:103008000900000001000000343A0110383A0110AC
:103018000B00000002000000443A0110483A011079
:103028000300000002000000843801104C3A01102F
:103038000700000001000000543A01104C3A01104A
:103048000700000001000000583A01105C3A011026
:103058000500000000000000643A0110683A011001
:103068000600000001000000000000000000000051
:103078000000000000000000703A01100B00000082
:10308800703A01100B000000000000007C3A0110AB
:1030980004000000843A0110070000000700000047
:1030A8008C3A011004000000943A0110040000005A
:1030B800000000009C3A0110060000009C3A011034
:1030C8000600000008000000A43A01100B000000F0
:1030D800A43A01100B00000008000000B03A0110EB
:1030E80005000000B03A01100500000008000000CB
:1030F800B83A01100A000000B83A01100A000000AE
:1031080008000000C43A01100D000000C43A011084
:103118000D00000000000000D43A01100300000078
:10312800D43A01100300000001000000D83A011051
:103138000C000000E83A011008000000020000003E
:103148000000000000000000000000000000000077
:1031580000000000F43A011004000000F43A0110E5
:103168000400000003000000FC3A01100D000000FC
:10317800FC3A01100D000000040000000C3B011097
:10318800080000000C3B01100800000000000000CF
:10319800183B011011000000183B0110110000003D
:1031A8000000000000000000000000000000000017
:1031B8000000000000000000000000000000000007
:1031C80000000000000000000000000000000000F7
:1031D80000000000000000000000000000000000E7
:1031E8002C3B0110050000002C3B011005000000DD
:1031F80000000000343B01100E000000343B0110B9
:103208000E000000000000000000000000000000A8
:10321800000000000000000000000000443B011016
:1032280004000000443B01100400000009000000F5
:103238004C3B0110070000008C3A0110040000000C
:1032480000000000543B011009000000F43A01108E
:103258000400000005000000603B0110120000009F
:10326800603B01101200000006000000A0350110AC
:1032780003000000A035011003000000000000005A
:10328800743B011009000000743B011009000000A4
:1032980000000000803B011009000000803B011085
:1032A80009000000000000008C3B01100A0000002B
:1032B8008C3B01100A00000000000000983B011040
:1032C80004000000983B0110040000000800000002
:1032D800A03B011007000000A03B01100700000000
:1032E80000000000A83B011008000000A83B0110E6
:1032F8000800000000000000B43B011008000000B6
:10330800B43B011008000000000000007C330110ED
:10331800110000007C3301101100000000000000C3
:10332800256400005F474C4F42414C5F000000009D
:1033380028616E6F6E796D6F7573206E616D657340
:1033480070616365290000006175746F00000000FA
:103358006465636C74797065286175746F29000001
:10336800737472696E67206C69746572616C0000B1
:10337800737464006465636C74797065286E756C29
:103388006C707472290000005B6162693A00000089
:103398003A3A00007B64656661756C7420617267F7
:1033A800230000007D3A3A006175746F3A0000000E
:1033B80074656D706C61746520706172616D65749F
:1033C8006572206F626A65637420666F7220000000
:1033D800767461626C6520666F72200056545420C2
:1033E800666F722000000000636F6E7374727563FD
:1033F80074696F6E20767461626C6520666F7220E6
:10340800000000002D696E2D0000000074797065C1
:10341800696E666F20666F722000000074797065AF
:10342800696E666F206E616D6520666F72200000A0
:1034380074797065696E666F20666E20666F72209B
:10344800000000006E6F6E2D7669727475616C20D5
:103458007468756E6B20746F20000000636F76616E
:103468007269616E742072657475726E2074687505
:103478006E6B20746F2000006A61766120436C6176
:10348800737320666F7220006775617264207661BD
:10349800726961626C6520666F722000544C53201B
:1034A800696E69742066756E6374696F6E20666FE5
:1034B80072200000544C532077726170706572203E
:1034C80066756E6374696F6E20666F722000000007
:1034D8007265666572656E63652074656D706F727E
:1034E800617279202300000068696464656E206158
:1034F8006C69617320666F72200000006E6F6E2D1C
:103508007472616E73616374696F6E20636C6F6E41
:103518006520666F722000005F5361742000000010
:103528005F467261637400005F416363756D0000FC
:103538002C2000006F70657261746F7200000000CB
:103548006F70657261746F72200000003E28000081
:1035580071750000203A20006E6577200000000099
:10356800756C00006C6C0000756C6C0066616C73A7
:103578006500000074727565000000006A6176617C
:10358800207265736F757263652000006465636CF3
:1035980074797065202800002E2E2E0074686973D7
:1035A800000000007B7061726D230000676C6F6221
:1035B800616C20636F6E7374727563746F727320BD
:1035C8006B6579656420746F20000000676C6F621A
:1035D800616C2064657374727563746F7273206BA9
:1035E8006579656420746F20000000007B6C616D54
:1035F8006264612800000000292300007B756E6E5C
:10360800616D65642074797065230000205B636CCC
:103618006F6E652000000000207265737472696324
:103628007400000020766F6C6174696C650000009E
:1036380020636F6E73740000207472616E7361632F
:1036480074696F6E5F73616665000000206E6F6558
:103658007863657074000000207468726F770000EA
:1036680026260000205F436F6D706C6578000000AF
:10367800205F496D6167696E617279003A3A2A0084
:10368800205F5F766563746F72280000282E2E2EE7
:10369800000000002E2E2E29000000007374643AEA
:1036A8003A616C6C6F6361746F720000616C6C6F6F
:1036B8006361746F720000007374643A3A626173F4
:1036C80069635F737472696E670000006261736991
:1036D800635F737472696E67000000007374643A04
:1036E8003A737472696E67007374643A3A6261730C
:1036F80069635F737472696E673C636861722C20DA
:103708007374643A3A636861725F7472616974735E
:103718003C636861723E2C207374643A3A616C6C45
:103728006F6361746F723C636861723E203E000093
:103738007374643A3A6973747265616D00000000CD
:103748007374643A3A62617369635F69737472652A
:10375800616D3C636861722C207374643A3A6368E3
:1037680061725F7472616974733C636861723E2050
:103778003E00000062617369635F6973747265611A
:103788006D0000007374643A3A6F73747265616D0A
:10379800000000007374643A3A62617369635F6F92
:1037A80073747265616D3C636861722C2073746414
:1037B8003A3A636861725F7472616974733C6368F2
:1037C80061723E203E00000062617369635F6F733F
:1037D800747265616D0000007374643A3A696F73BE
:1037E800747265616D0000007374643A3A626173C3
:1037F80069635F696F73747265616D3C6368617258
:103808002C207374643A3A636861725F74726169F8
:1038180074733C636861723E203E000062617369A4
:10382800635F696F73747265616D0000614E0000BB
:10383800263D0000615300003D000000616100006A
:103848006164000026000000616E000061740000E1
:10385800616C69676E6F6620000000006177000088
:10386800636F5F617761697420000000617A00000E
:1038780063630000636F6E73745F63617374000049
:10388800636C000028290000636D00002C00000014
:10389800636F00007E000000645600002F3D0000AA
:1038A8006461000064656C6574655B5D2000000000
:1038B8006463000064796E616D69635F636173744A
:1038C80000000000646500002A000000646C00002D
:1038D80064656C6574652000647300002E2A00001E
:1038E80064740000647600002F000000654F00003B
:1038F8005E3D0000656F00005E000000657100001D
:103908003D3D0000664C000066520000666C0000F9
:1039180066720000676500003E3D000067730000A6
:1039280067740000697800005B5D00006C5300005C
:103938003C3C3D003C3D00006C6900006F706572C6
:1039480061746F72222220006C7300003C3C0000FE
:103958006C7400003C0000006D4900002D3D000023
:103968006D4C00002A3D00006D6900002D0000002C
:103978006D6C00006D6D00002D2D00006E61000063
:103988006E65775B5D0000006E650000213D0000FC
:103998006E7400006E7700006E6577006F5200004D
:1039A8007C3D00006F6F00007C7C00007C00000004
:1039B800704C00002B3D0000706C00002B000000D4
:1039C800706D00002D3E2A00707000002B2B000047
:1039D80070730000707400002D3E00003F0000006E
:1039E800724D0000253D0000725300003E3E3D0030
:1039F800726300007265696E746572707265745FD7
:103A08006361737400000000726D000025000000FF
:103A1800727300003E3E00007350000073697A65BF
:103A28006F662E2E2E000000735A0000736300008C
:103A38007374617469635F63617374007373000006
:103A48003C3D3E0073697A656F662000737A00001A
:103A5800747200007468726F770000007477000059
:103A68007468726F772000007369676E65642063FD
:103A780068617200626F6F6C00000000626F6F6CAB
:103A880065616E00636861720000000062797465A8
:103A980000000000646F75626C6500006C6F6E67F3
:103AA80020646F75626C6500666C6F61740000005D
:103AB8005F5F666C6F61743132380000756E7369D0
:103AC800676E65642063686172000000696E740047
:103AD800756E7369676E656420696E740000000016
:103AE800756E7369676E6564000000006C6F6E67C1
:103AF80000000000756E7369676E6564206C6F6EF8
:103B0800670000005F5F696E7431323800000000A2
:103B1800756E7369676E6564205F5F696E743132B4
:103B28003800000073686F7274000000756E736966
:103B3800676E65642073686F72740000766F6964DD
:103B48000000000077636861725F74006C6F6E67D5
:103B5800206C6F6E67000000756E7369676E656430
:103B6800206C6F6E67206C6F6E6700006465636918
:103B78006D616C3332000000646563696D616C3699
:103B880034000000646563696D616C31323800008F
:103B980068616C660000000063686172385F7400D9
:103BA8006368617231365F74000000006368617297
:103BB80033325F74000000007374643A3A626164DF
:103BC8005F657863657074696F6E0000B4200110DA
:103BD800F83B0110B4200110183C01101421011009
:103BE8003C3C0110F03B0110B4200110503C011086
:103BF8004E31305F5F637878616269763131355F65
:103C08005F666F726365645F756E77696E644500A1
:103C18004E31305F5F637878616269763131395F40
:103C28005F666F726569676E5F65786365707469F2
:103C38006F6E4500537431336261645F6578636504
:103C48007074696F6E00000053743965786365702D
:103C580074696F6E0000000000000000E43B011072
:103C680015F4001021F4001019F4001066F4001087
:103C78001AF50010CAF4001066F40010B0F4001031
:103C88004CF500104CF500104CF500104CF50010E8
:103C9800E6F40010D6F4001066F40010B0F400103A
:103CA80080020181B0B0AB300000000080010181CA
:103CB800B0B0AB100000000080040181B0B0ABF0E0
:103CC8000000000080010181B0B0AB1000000000CE
:103CD80080040181B0B0AB30000000008004018195
:103CE800B0B0ABF00000000080010181B0B0AB7053
:103CF8000000000080010181B0B0AB70000000003E
:103D080030800181B0AB08B100000000800A018159
:103D1800B0B0AB300000000080140181B0B0ABF04F
:103D28000000000030800181B0AB08B10000000045
:103D380080030181B0B0AB1000000000F1B8FF7F34
:103D4800B0B0AA00FF1019010C020608010C0410FB
:103D5800051E08000001007F00007D000000000033
:103D680000000000C9B8FF7FB0AA0100FF102901B8
:103D780018323400007204AA01037C2E0000C60128
:103D880018EE0100E8010E00000200017D000000AD
:103D98000000000054FEFFFF80010181B0B0AB10AD
:103DA8000000000089B8FF7FF0800401B0B0B0AB1C
:103DB800FF1019010F480A520196014AE60100EE68
:103DC80001040000010000000000000061B8FF7F4E
:103DD800B0B0AA00FFFF0100F0800181B0AB08B1CC
:103DE8000000000049B8FF7FF0801201B0B0B0AB0E
:103DF800FF1019011026C20700008A0804C0090133
:103E0800D4080400000100000000000074B2018121
:103E1800B0AB30800000000080080181B0B0ABF08A
:103E2800000000003F020181B0AB308000000000BC
:0C3E380080060181B0B0ABF0000000007B
:103E4400C8C4FE7FAB10808054C5FE7F0100000013
:103E5400E82FFF7F50FEFF7F4430FF7F54FEFF7F3B
:103E6400F830FF7F58FEFF7FF431FF7F5CFEFF7F59
:103E74000C33FF7F60FEFF7FFC33FF7F64FEFF7F18
:103E84002437FF7F68FEFF7F3039FF7F6CFEFF7FA2
:103E9400943AFF7F01000000C03AFF7FAB08B18075
:103EA400243BFF7FB0B0A880283BFF7F58FEFF7FF4
:103EB400803BFF7FB0B0AA80B43BFF7FAB708080B3
:103EC4004C3CFF7FB0B0AA80903CFF7F44FEFF7F54
:103ED400243DFF7FB0B0AA80F83DFF7FB0B0A8803A
:103EE400383EFF7FB0B0AA80A03FFF7F30FEFF7F47
:103EF400DC40FF7FB0AB02802841FF7F008402805A
:103F04004041FF7FB0AA0180A441FF7FB0AB028093
:103F14003842FF7F14FEFF7FC044FF7F008402808D
:103F2400C844FF7FB0AA01801445FF7FB0A9048074
:103F34004045FF7F01000000E045FF7FAB08B180F2
:103F4400FC45FF7F010000003446FF7FB0AB0280D8
:103F54006446FF7FE0FDFF7FF846FF7FAB08B1803A
:103F64001447FF7F010000004C47FF7FD4FDFF7F13
:103F74006C47FF7F010000007447FF7FB0B0A8804A
:103F84008447FF7F010000009447FF7FDCFDFF7F33
:103F9400A048FF7F0100000088B0FF7F00FEFF7F84
:103FA40040B1FF7F0100000064B2FF7FFCFDFF7F92
:103FB4005CB3FF7F1CFEFF7FC8B3FF7FB0B0A88057
:103FC40050B4FF7F0100000074B4FF7F10FEFF7F38
:103FD40080B5FF7FB0B0A880C0B5FF7FAB08B180CB
:103FE40050B6FF7F04FEFF7F10BBFF7FB0B0A880F8
:103FF4003CBBFF7F0100000080BBFF7FB0B0AA8004
:10400400ACBBFF7FB0B0A88014BCFF7F01000000F0
:10401400B4C4FE0FB0A9028048C5FE0FB0B0A8809A
:104024009CC5FE0F01000000A8C5FE0FB0B0AA8019
:10403400DCC5FE0FDCFDFF7FA4C6FE0F01000000FF
:10404400A0C6FE0FAA3F3980ECC6FE0FB0B0A88010
:10405400F8C6FE0FB0B0AA8038C7FE0FB0B0A88073
:104064004CC7FE0F0100000048C7FE0FB0B0A88087
:1040740050C7FE0F01000000E0C7FE0FAA0FB28078
:1040840048C8FE0F98FDFF7F2CCBFE0FB0B0A88070
:1040940048CBFE0F94FDFF7FA8CDFE0F010000006A
:1040A40018CFFE0F0084048028CFFE0FB0B0A88084
:1040B40028CFFE0F80FDFF7F10D2FE0F0084048006
:1040C40030D2FE0FB0B0A88048D2FE0F010000002D
:1040D400B4020010A80200109C020010181E011067
:1040E40090020010241E0110301E01105C200110EB
:0840F400642001106C1E011094
:1040FC00D02330B500251B0600245D5706E003686D
:10410C00BFF35F8F1C6081F3108820BF0268EFF350
:10411C00108172B61368002BFCD0BFF35F8F03794C
:10412C007F2BECD905710368BFF35F8F00221A60F7
:10413C0081F3108830BDC04603000068EFF3108C8B
:10414C0072B60268002AFCD0BFF35F8F04229A5625
:10415C00002A0BDB00290FD000200A601B68BFF37C
:10416C005F8F00221A608CF310887047D0221206E1
:10417C00126801201A71F1E70020EFE7F0B5C6468E
:10418C0000B582B00C00070001F09EF9FA22002362
:10419C000090019120009200002101F08DF9009A0D
:1041AC00019B14001D0024184D41AB422FD82BD07D
:1041BC00D0231B061B68002698460BE03B68BFF318
:1041CC005F8F1E6081F310882000290001F08CF9AC
:1041DC00002820D13A68EFF3108172B61368002BD7
:1041EC00FCD0BFF35F8F3B797F2BE7D943463B7104
:1041FC003B68BFF35F8F00221A6081F310880120A7
:10420C0002B080BCB846F0BD009BA342D0D90124BB
:10421C006442E517CCE70020F2E7C0460268EFF3F2
:10422C00108172B61368002BFCD0BFF35F8FFF2395
:10423C0003710368BFF35F8F00221A6081F310884B
:10424C0040BF7047084810B50378002B0AD1802373
:10425C000649074A5B051C68CC5004339342FAD1DB
:10426C000123037010BDC046512C002050250010B6
:10427C000001001010B5024B0133984710BDC04629
:10428C0050250020034B1A68C0239B009343024A1D
:10429C00136070470C8001400C900140054B1A686C
:1042AC0080239B005340C02292001340024A1360AB
:1042BC007047C0460C8001400C9001401423F0B5AF
:1042CC00D6464F4646469A46814618880433C0B5B2
:1042DC0098460E001B882749140098475346070040
:1042EC001888434624491B8898475346050018886C
:1042FC00434622491B8898478046FFF7A3FFB847DF
:10430C00A847FFF7CBFF002C1BD0C02122000827A9
:10431C00022049053D008B6A1D4018420BD0002C31
:10432C0009D0131B0D2B1FD84B461B78013C0B6679
:10433C0001239C46E1442300002D0CD11343002B98
:10434C00E8D1FFF79FFFC047FFF794FFE0BCBA46E8
:10435C00B146A846F0BD002AF1D00B6E013A33707D
:10436C00130001362343EAE7002DD3D0002AD1D025
:10437C00F3E7C0464946000045580000464300009C
:10438C00F0B54F464646D6468946C0B50600181EBF
:10439C001BD01D001C000223984602339C46002DA6
:1043AC0018D02B0008334146F76839421FD0A3427E
:1043BC001DD901214B468A461B78013DB360D1447F
:1043CC002B00002C08D1002BE9D1E0BCBA46B14639
:1043DC00A846F0BD002CF8D06346F7683B42DED00F
:1043EC00B368013C1370230001322B43EBE7002C24
:1043FC00F2D1D8E730B50400101E0AD00A000D180F
:10440C000221E3681942FCD013780132A360954273
:10441C00F7D1E3685B0704D50421A368E36819426C
:10442C00FBD11021E3681942FCD1E3685B0704D58A
:10443C000421A368E3681942FBD10123236230BD38
:10444C007047C04603685A0004D5802212061343F5
:10445C00C01870475B005B08FAE7C046F8B55746D2
:10446C004546DE464E469046E0B50700002924D06E
:10447C004B1E9A46994600239B465B464B44DC0FE9
:10448C00E4186410E5007E193000FFF7DBFFA2454D
:10449C000CD040450CD8280008303818FFF7D2FF54
:1044AC00013840450AD2631C9B46E6E7404505D9D6
:1044BC00A34502D0631E9946DFE700263000F0BC0E
:1044CC00BB46B246A946A046F8BDC046030001282B
:1044DC0005D0022807D00020002B02D070470348DB
:1044EC00FCE70348FAE70348F8E7C046C50B002091
:1044FC00B90B0020D10B002030B5234B050083B045
:10450C008C1E002B26D0200001A900E000BF002843
:10451C001CD001992200FFF7A1FF041E16D0FFF753
:10452C0091FF6368A864012B2AD0201D002B23DB8C
:10453C00FFF788FF0023E8642B650368002B0FDB73
:10454C00FFF780FF2861002003B030BD0023092055
:10455C002B61F9E70D480E49091AC9100191D9E7E9
:10456C001801000FFFF7B2FF2861431E9841082382
:10457C00404298430930E7E70123E8642B65DCE708
:10458C00002305202B61DFE700000000443E0110F2
:10459C00D4400110036810B50400DA0705D49B075A
:1045AC000AD5483000F080FC23685A070AD51A0750
:1045BC000FD5DB0615D510BD483000F071FC236813
:1045CC005A07F4D42000D03000F072FC23681A078C
:1045DC00EFD420005130FF3000F06EFC2368DB0676
:1045EC00E9D42000D130FF3000F06AFCE3E7C0468C
:1045FC000920704703000068002800D0C0187047DD
:10460C007047C04670B504000D002000296CFFF700
:10461C0073FF002811D12B6C2A006361210001204B
:10462C00236998470828F0D0072806D10020296C68
:10463C00FFF7E6FF281D00F01DFC00F06DFFC046E3
:10464C00F0B5CE46474680B5C368304C9846A54475
:10465C008369040016000431402205A8994600F035
:10466C004BFF0023049325E0F022149B520063615E
:10467C0004A97CA8039300F03FFF210028002369C4
:10468C007CAA98478A9B0500039315934B4601938C
:10469C0004AB00932200230031000120C047002806
:1046AC0022D1F0227CA9520004A800F025FF00269C
:1046BC00082D22D1149B200019000393FFF71CFF37
:1046CC0009360700F5B20028CED0129B10210393B7
:1046DC0015934B46019304AB009322002300012059
:1046EC002943C047002800D009273800F5239B0038
:1046FC009D44C0BCB946B046F0BD072DF4D1300086
:10470C001499FFF77DFF05A800F0B4FB2CFCFFFF0C
:10471C00406C704770B5CB6BFAB00B6405000E00A3
:10472C004022043103A800F0E7FE01235B42029310
:10473C0006E029002B6902AA9847040008280AD130
:10474C00129B280019000193FFF7D6FE0028F0D029
:10475C0009207AB070BD02A8FFF71CFF062CF7D118
:10476C0031002800FFF74EFF10B58261DA6BC16093
:10477C001A6419000022FFF763FF10BD436970B57E
:10478C000B64C36804000D00002B13D10A002369CD
:10479C00010002209847072805D008280FD12900CE
:1047AC002000FFF72FFF0020296CFFF729FF281DA1
:1047BC0000F060FB0122FFF743FF00F0ADFE00F0BC
:1047CC00ABFEC046C36810B5002B05D0CB6B0022E6
:1047DC000B64FFF735FF10BDFFF79CFFFBE7C046EE
:1047EC007047C0468368010010B5002B01D0012032
:1047FC00984710BD012915D00AD8002B10D10F2ACB
:10480C000ED8920082185268009B00201A6006E0B5
:10481C0001200339C9B288428041404201307047BF
:10482C000220FCE70120FAE700B585B003AB0A00D3
:10483C00009300210023FFF7DDFF039805B000BDB6
:10484C00012915D00AD8002B10D10F2A0ED8009BA5
:10485C0092001B6882185360002006E00120033987
:10486C00C9B2884280414042013070470220FCE7C7
:10487C000120FAE700B585B003AB039200930A0060
:10488C0000230021FFF7DCFF05B000BD70B51A4C0A
:10489C00D36BA544136405000C0019A8111D40220C
:1048AC0000F02AFE01235B42189314E00C2118A897
:1048BC0002AAFFF7DFFF210018A8A847002812D191
:1048CC00069B18AA02A908300193984706000528F0
:1048DC000AD0092807D0289B02A819000193FFF7DA
:1048EC000BFE0028E2D0092618A8FFF753FE300073
:1048FC0090239B009D4470BDC0FDFFFFF0B5574653
:10490C009246032245464E46DE4699461300E0B5D4
:10491C008846CD6C494689B00340009308CD069576
:10492C00002900D180E01A0C1B040593022304A972
:10493C000B73FD3313409B004A73ED18009B022B45
:10494C0001D143469D6B43461B6DDB070FD550468B
:10495C0005A900F05BFB002801D1082000E009202C
:10496C0009B0F0BCBB46B246A946A046F0BD2F68C4
:10497C00002FECD008230340029300230193013352
:10498C0054469B464646BA464B46022B49D02B888A
:10499C006F889A4604355A463B009343B26C0F21FC
:1049AC00904620009844FFF73FFF0023804506D82F
:1049BC0053465A469343434498429B415B420222DE
:1049CC007F001740594652460A401743012F30D0FA
:1049DC00022F4CD0002FC2D1009A002A02D0002BFB
:1049EC0000D09BE004352B689A46002BCCD12000DC
:1049FC0005A9A24600F00AFB0028B0D1019B002BB0
:104A0C00ABD00F215046FFF70FFF0E21020050468E
:104A1C00FFF730FF50460F21724AFFF72BFF07209C
:104A2C009EE76F680835B6E71B02059304AB9A81C5
:104A3C0084E7009A002A49D1002B16D02B68DF0F8F
:104A4C006B689A1C00D18AE7320058320492013309
:104A5C0000D1B6E0281DFFF7CDFD3A00010004ABF4
:104A6C00300000F051FD00286CD10835BBE72A68F6
:104A7C00009957007F0800290DD1002B04D0029B10
:104A8C00002B72D0002F3CD0002A00DA04350137FD
:104A9C00BF00ED19A7E7336A0D2120009846FFF7F8
:104AAC00C3FE804501D02A68EEE7B36A9D42FAD175
:104ABC000023F362043333632B1DB76273632B68DB
:104ACC00002B00DA87E001230193E0E70D212000A1
:104ADC00376AFFF7A9FE8742C7D1B36A9D42C4D19A
:104AEC00B046A2462800FFF7ADFC0F21020050464D
:104AFC00FFF7C0FE504642460021FFF7BBFE0720E1
:104B0C002EE7B046A2460D215046FFF78DFE4346D8
:104B1C00049A18625A6206209D6221E72800FFF76A
:104B2C0091FC0435A246B5630400300000F0D4FCBF
:104B3C00002800D113E7504622000F21FFF79AFE00
:104B4C0007200DE7A2460D2104005046FFF76CFE2E
:104B5C00B04633003062022C39D1049A2C33F26205
:104B6C007362434606209D62FAE62B1D9A4600238B
:104B7C00984658339C4621004A46B4445446A946AC
:104B8C008A463D0003924746E0460EE0434620002D
:104B9C000493FFF72FFD0022010004AB300000F05E
:104BAC00B3FC01370434002804D1AF42EED14D469A
:104BBC00B046A8E72F004D46039B544699462A68F9
:104BCC0062E70D212000FFF72FFEB046306243460E
:104BDC00049A5A62C5E7781C8000B046A246281891
:104BEC0081E7C04611F2001010B50023FFF786FED6
:104BFC0010BDC04610B50123FFF780FE10BDC046A6
:104C0C0010B50223FFF77AFE10BDC046F0B5CE46B4
:104C1C00474680B5050014001E00C3B0032944D0DC
:104C2C0020D8002949D0012941D1130C14049846ED
:104C3C00230C9946012E00D17AE0052E37D144463B
:104C4C004C44202C33D843460F2B00D8B5E04C46AF
:104C5C00002C00D0C2E04A46A96B20AF002A22D01B
:104C6C0000247FE0042922D1002B20D1102A1ED849
:104C7C00102203681A4200D0C7E020AF380000F0C1
:104C8C0021F9012639000023AA6B30009840044218
:104C9C0001D001CA086001330431042BF5D138006E
:104CAC00AA6300F00DF9002002E0032B1CD00220B7
:104CBC0043B0C0BCB946B046F0BD002BF7D10023C1
:104CCC0001271604826B360C011D380098400642F1
:104CDC0001D001CA086001330431102BF5D100203A
:104CEC00A304E5D4AA63E3E71404160C240C3319CB
:104CFC00102BDCD8082203681A4200D08CE020AFBD
:104D0C00380000F0DBF8F600AB6B002C0AD0F61A7A
:104D1C00E400321F1C19BA181900096804339950A1
:104D2C00A342F9D13800AB6300F0C6F80020BFE70E
:104D3C0043464B44102BBAD843460F2BB7D82B689D
:104D4C001E4206D00322280093432B60483000F00B
:104D5C00A9F820AF380000F0A5F84A460024A96B4A
:104D6C00002A61D04346DB00FF180023D200C8584C
:104D7C00F85004339A42FAD18918002C0FD06F46A0
:104D8C004046102800D2102000231038C0003818DC
:104D9C00E200CF58C75004339342FAD1C918012E00
:104DAC0041D04346A9630F2B45D9002C00D17AE79B
:104DBC00684600F07DF800207AE7102C46D9103CAC
:104DCC0001222B681A4207D0934302222800134376
:104DDC002B60483000F06AF8002C39D004222B6884
:104DEC001A422CD143460F2B03D820AF380000F0C9
:104DFC005DF86F46380000F05DF810224346A96B51
:104E0C00D21A002ABCDD20AFACE793430360D1304B
:104E1C00FF3000F057F830E7934303605130FF3018
:104E2C0000F04CF86BE720AF04313800A96300F0B8
:104E3C0037F800203CE720A800F036F8B5E728004A
:104E4C0093432B60D03000F035F8CBE70024B7E764
:104E5C0043460F2B00D9FEE620AF380000F026F8B1
:104E6C004A46A96B002A00D0FAE6380000F01CF87C
:104E7C0000201DE70100343138C9043B9C461D60FD
:104E8C00A646010020313CC990469946A246AB4645
:104E9C0001000831FCC941680068E54600BDC04608
:104EAC007047C0467047C0467047C0467047C04602
:104EBC007047C0467047C0467047C0467047C046F2
:104ECC007047C0467047C04601B401A801B585B013
:104EDC00FFB408A841464A4653465C4665463EC068
:104EEC0001A83EC80F98009000230CB401A9FFF74D
:104EFC0011FC109B12B0184701B401A801B585B084
:104F0C00FFB408A841464A4653465C4665463EC037
:104F1C0001A83EC80F98009000230CB401A9FFF71C
:104F2C002DFC109B12B0184701B401A801B585B037
:104F3C00FFB408A841464A4653465C4665463EC007
:104F4C0001A83EC80F98009000230CB401A9FFF7EC
:104F5C0039FC109B12B0184701B401A801B585B0FB
:104F6C00FFB408A841464A4653465C4665463EC0D7
:104F7C0001A83EC80F98009000230CB401ABFFF7BA
:104F8C00F3FB109B12B0184701B401A801B585B012
:104F9C00FFB408A841464A4653465C4665463EC0A7
:104FAC0001A83EC80F98009000230CB401AAFFF78B
:104FBC006DFC109B12B01847027A0300002A0BD12B
:104FCC00427A002A0FD0013A42724268111D4160A8
:104FDC0003211268017202E0013A02720268100E9B
:104FEC0012021A607047B020FCE7C04600B585B0CD
:104FFC0003AB00930C2200230021FFF7FBFB03986B
:10500C0005B000BD10B5FFF7F1FF10BDF0B54E4671
:10501C0045465746DE460023E0B587B003930F3371
:10502C009846083B994680231B0305000E009A46C0
:10503C003000FFF7C1FF0400B02800D1C1E0030627
:10504C0029D5030042469343DBB2802B53D0902BDF
:10505C003DD0A02B6BD0B02B00D17EE0C02B00D16B
:10506C0095E003004A469343DBB2D02B0AD153465A
:10507C00024001321A43052301212800FFF7C6FD27
:10508C000028D5D00924200007B0F0BCBB46B2469E
:10509C00A946A046F0BDFF23820013401F1D05AB9F
:1050AC009B4600930D22002300212800FFF7A2FB52
:1050BC00630639D4059B9C4667445B460597009371
:1050CC0000230D2200212800FFF7BAFBB0E7833B39
:1050DC0003400D2BD6D005AF024000230021280041
:1050EC000097FFF787FB00230D2200212800009773
:1050FC00FFF7A6FB9CE704023000FFF75DFF80275B
:10510C0020433F02B842BDD004010005020C00232D
:10511C0000212800FFF77AFD0028B3D13C4200D1D2
:10512C0086E70123039383E7059BDF1BC5E7FF237A
:10513C004A461B011900824311410A001A40030719
:10514C0002D58023DB011A43002300212800FFF73E
:10515C005DFD002800D16BE794E7B12845D0B2285B
:10516C0000D19FE0B32855D0FC230340B42B00D1D1
:10517C0088E74A465346024001321A430121012373
:10518C002800FFF743FD002800D151E77AE7C62835
:10519C004BD0C7285DD003004A469343DBB2C02BEB
:1051AC006CD0C82871D0C92800D06BE73000FFF74D
:1051BC0003FFF02302031B0313404246024001325B
:1051CC0058E7039B0024002B00D05CE705AE0E22B1
:1051DC00002128000096FFF70DFB00230F22002171
:1051EC0028000096FFF72CFB4DE73000FFF7E4FE9C
:1051FC00021E00D146E7030041468B43DBB2002B75
:10520C0000D03FE700212800FFF700FD002800D167
:10521C000EE737E73000FFF7CFFEF02302031B0346
:10522C001340424602400132A7E73000FFF7C4FEAC
:10523C00F02302031B0313404246024001321A437F
:10524C00032303212800FFF7E1FC002800D1EFE63F
:10525C0018E73000FFF7B0FE021E00D112E7030082
:10526C0041468B43DBB2002B00D00BE70421280016
:10527C00FFF7CCFC002800D1DAE603E74346A02276
:10528C001C40013412032243DAE73000FFF794FE8E
:10529C00434602009A43D2B2103218401203013036
:1052AC000243E8E605AB00939B460D220023002148
:1052BC002800FFF79FFA3000FFF77EFE03061AD591
:1052CC007F27B03C059B3840A0409C46604405902D
:1052DC0030000734FFF770FE0306F3D481217F23DF
:1052EC0089008C460340A340059A62449B180593A1
:1052FC005B460093E4E60224F0E7C046030000B5E9
:10530C00DA6C85B0536808000832190201910292D8
:10531C00694603221B0E0A734B7301A9FFF776FE35
:10532C0005B000BD10B5FFF76DFE806C10BDC0461A
:10533C0010B5FFF767FEC26CD079023080001018F0
:10534C0010BDC04610B500F0E7F810B5FFF7FAFF36
:10535C0070B5CCB283070DD0531E002A0FD0032595
:10536C0004E00130284206D0013B08D30278A24267
:10537C00F7D170BD1300032B0CD8002B01D10020EA
:10538C00F7E7C31802E001308342F8D00278A2425A
:10539C00F9D1EEE7FF2529400D0229430D04074EF4
:1053AC000D43026806496A40511891433142E8D1D5
:1053BC00043B0430032BF4D8DFE7C04680808080A8
:1053CC00FFFEFEFE30B5032A0CD903000B439B07EE
:1053DC0019D103680C68A34215D1043A0430043186
:1053EC00032AF6D8551E002A0BD0002303E05A1CC2
:1053FC009D4206D01300C25CCC5CA242F7D0101BBD
:10540C0000E0002030BD551EEFE7C046F0B58842E5
:10541C000AD98B18984207D2531E002A03D0CA5CB3
:10542C00C254013BFBD2F0BD0F2A0BD80500561E0F
:10543C00002AF8D00023CC5C1A00EC5401339642BD
:10544C00F9D1F0E703270D003E0005430C000300E3
:10545C002E402F422BD11500103D2D09AC462F01AB
:10546C003F1825681D6065685D60A5689D60E568EE
:10547C001034DD601D001033BD42F2D165460F23A0
:10548C000C2401352D01491913404519144211D032
:10549C008C59AC5104369C1B032CF9D8043B9B084B
:1054AC0001339B00ED18C91803231A40BFE7050010
:1054BC00561EBFE71A00BAE701B40248844601BC85
:1054CC00604700BF293D001001B40248844601BC6E
:1054DC00604700BF9513001001B40248844601BC1C
:1054EC00604700BFE5F0001001B40248844601BCDF
:1054FC00604700BFF111001001B40248844601BCA2
:10550C00604700BF313E001001B40248844601BC24
:10551C00604700BF25F0001001B40248844601BC6E
:10552C00604700BF89FD0010100000000000000063
:10553C00000001000000000000000000000002005C
:10554C00000000000000000000000300000000004C
:10555C00000000000000FF000000000000B54868DB
:10556C0001318E460047704609380149884700BD15
:10557C00AD0900105C15002000000000401E00204A
:10558C007C26002000000000000000008C2600207B
:10559C0000000000000000001000000000000000EF
:1055AC00503300004C3300005433000052330000E1
:1055BC004D5300004D4300005334000043340000B1
:1055CC00F1440010000000008944001000000000AD
:1055DC0000010000841F0110881F0110802400208E
:1055EC0010000C000000E0FF1F0000000000000095
:1055FC00000000000000000000000000000000009F
:10560C00E186001021870010E0150020000000004A
:10561C0000000000CC180020341900209C19002038
:10562C00000000000000000000000000000000006E
:10563C00000000000000000000000000000000005E
:10564C00000000000000000000000000000000004E
:10565C00000000000000000000000000000000003E
:10566C00000000000000000000000000000000002E
:10567C00000000000000000000000000000000001E
:10568C00000000000000000000000000000000000E
:10569C0000000000000000000000000000000000FE
:1056AC0000000000000000000000000000000000EE
:1056BC0000000000000000000100000000000000DD
:1056CC000E33CDAB34126DE6ECDE05000B000000A2
:1056DC0000000000000000000000000000000000BE
:1056EC0000000000000000000000000000000000AE
:1056FC00000000000000000000000000000000009E
:10570C00000000000000000000000000000000008D
:10571C00000000000000000000000000000000007D
:10572C00000000000000000000000000000000006D
:10573C00000000000000000000000000000000005D
:10574C00000000000000000000000000000000004D
:10575C00000000000000000000000000000000003D
:10576C00000000000000000000000000000000002D
:10577C00000000000000000000000000000000001D
:10578C00000000000000000000000000000000000D
:10579C0000000000000000000000000000000000FD
:1057AC0000000000000000000000000000000000ED
:1057BC0000000000000000000000000000000000DD
:1057CC0000000000000000000000000000000000CD
:1057DC0000000000000000000000000000000000BD
:1057EC0000000000000000000000000000000000AD
:1057FC00000000000000000000000000000000009D
:10580C00000000000000000000000000000000008C
:10581C00000000000000000000000000000000007C
:10582C00000000000000000000000000000000006C
:10583C00000000000000000000000000000000005C
:10584C00000000000000000000000000000000004C
:10585C00000000000000000000000000000000003C
:10586C00000000000000000000000000000000002C
:10587C00000000000000000000000000000000001C
:10588C00000000000000000000000000000000000C
:10589C0000000000000000000000000000000000FC
:1058AC0000000000000000000000000000000000EC
:1058BC0000000000000000000000000000000000DC
:1058CC0000000000000000000000000000000000CC
:1058DC0000000000000000000000000000000000BC
:1058EC0000000000000000000000000000000000AC
:1058FC00000000000000000000000000000000009C
:10590C00000000000000000000000000000000008B
:10591C00000000000000000000000000000000007B
:10592C00000000000000000000000000000000006B
:10593C00000000000000000000000000000000005B
:10594C00000000000000000000000000000000004B
:10595C00000000000000000000000000000000003B
:10596C00000000000000000000000000000000002B
:10597C00000000000000000000000000000000001B
:10598C00000000000000000000000000000000000B
:10599C0000000000000000000000000000000000FB
:1059AC0000000000000000000000000000000000EB
:1059BC0000000000000000000000000000000000DB
:1059CC0000000000000000000000000000000000CB
:1059DC0000000000000000000000000000000000BB
:1059EC0000000000000000000000000000000000AB
:1059FC00000000000000000000000000000000009B
:105A0C00000000000000000000000000000000008A
:105A1C00000000000000000000000000000000007A
:105A2C00000000000000000000000000000000006A
:105A3C00000000000000000000000000000000005A
:105A4C00081A0020081A0020101A0020101A002032
:105A5C00181A0020181A0020201A0020201A0020E2
:105A6C00281A0020281A0020301A0020301A002092
:105A7C00381A0020381A0020401A0020401A002042
:105A8C00481A0020481A0020501A0020501A0020F2
:105A9C00581A0020581A0020601A0020601A0020A2
:105AAC00681A0020681A0020701A0020701A002052
:105ABC00781A0020781A0020801A0020801A002002
:105ACC00881A0020881A0020901A0020901A0020B2
:105ADC00981A0020981A0020A01A0020A01A002062
:105AEC00A81A0020A81A0020B01A0020B01A002012
:105AFC00B81A0020B81A0020C01A0020C01A0020C2
:105B0C00C81A0020C81A0020D01A0020D01A002071
:105B1C00D81A0020D81A0020E01A0020E01A002021
:105B2C00E81A0020E81A0020F01A0020F01A0020D1
:105B3C00F81A0020F81A0020001B0020001B00207F
:105B4C00081B0020081B0020101B0020101B00202D
:105B5C00181B0020181B0020201B0020201B0020DD
:105B6C00281B0020281B0020301B0020301B00208D
:105B7C00381B0020381B0020401B0020401B00203D
:105B8C00481B0020481B0020501B0020501B0020ED
:105B9C00581B0020581B0020601B0020601B00209D
:105BAC00681B0020681B0020701B0020701B00204D
:105BBC00781B0020781B0020801B0020801B0020FD
:105BCC00881B0020881B0020901B0020901B0020AD
:105BDC00981B0020981B0020A01B0020A01B00205D
:105BEC00A81B0020A81B0020B01B0020B01B00200D
:105BFC00B81B0020B81B0020C01B0020C01B0020BD
:105C0C00C81B0020C81B0020D01B0020D01B00206C
:105C1C00D81B0020D81B0020E01B0020E01B00201C
:105C2C00E81B0020E81B0020F01B0020F01B0020CC
:105C3C00F81B0020F81B0020001C0020001C00207A
:105C4C00081C0020081C0020101C0020101C002028
:105C5C00181C0020181C0020201C0020201C0020D8
:105C6C00281C0020281C0020301C0020301C002088
:105C7C00381C0020381C0020401C0020401C002038
:105C8C00481C0020481C0020501C0020501C0020E8
:105C9C00581C0020581C0020601C0020601C002098
:105CAC00681C0020681C0020701C0020701C002048
:105CBC00781C0020781C0020801C0020801C0020F8
:105CCC00881C0020881C0020901C0020901C0020A8
:105CDC00981C0020981C0020A01C0020A01C002058
:105CEC00A81C0020A81C0020B01C0020B01C002008
:105CFC00B81C0020B81C0020C01C0020C01C0020B8
:105D0C00C81C0020C81C0020D01C0020D01C002067
:105D1C00D81C0020D81C0020E01C0020E01C002017
:105D2C00E81C0020E81C0020F01C0020F01C0020C7
:105D3C00F81C0020F81C0020001D0020001D002075
:105D4C00081D0020081D0020101D0020101D002023
:105D5C00181D0020181D0020201D0020201D0020D3
:105D6C00281D0020281D0020301D0020301D002083
:105D7C00381D0020381D0020401D0020401D002033
:105D8C00481D0020481D0020501D0020501D0020E3
:105D9C00581D0020581D0020601D0020601D002093
:105DAC00681D0020681D0020701D0020701D002043
:105DBC00781D0020781D0020801D0020801D0020F3
:105DCC00881D0020881D0020901D0020901D0020A3
:105DDC00981D0020981D0020A01D0020A01D002053
:105DEC00A81D0020A81D0020B01D0020B01D002003
:105DFC00B81D0020B81D0020C01D0020C01D0020B3
:105E0C00C81D0020C81D0020D01D0020D01D002062
:105E1C00D81D0020D81D0020E01D0020E01D002012
:105E2C00E81D0020E81D0020F01D0020F01D0020C2
:105E3C00F81D0020F81D0020001E0020001E002070
:105E4C00FFFFFFFF00000200000000000000000048
:105E5C00153E001065350010653C0010693D0010C2
:105E6C00ED020010456B0010297900105DFD00104B
:04000005100001E9FD
:00000001FF
