:020000041000EA
:1000000000B5324B212058609868022188439860DF
:10001000D860186158612E4B002199600221596106
:100020000121F02299502B49196001219960352056
:1000300000F044F80222904214D00621196600F024
:1000400034F8196E01211966002018661A6600F04E
:100050002CF8196E196E196E052000F02FF8012189
:100060000842F9D1002199601B49196000215960AB
:100070001A491B48016001219960EB211966A021F2
:10008000196600F012F800219960164914480160C1
:100090000121996001BC002800D000471248134993
:1000A000086003C880F30888084703B5996A0420EC
:1000B0000142FBD001200142F8D103BD02B5186610
:1000C0001866FFF7F2FF186E186E02BD00000240BE
:1000D000000000180000070000035F00212200005C
:1000E000F4000018222000A00001001008ED00E03C
:1000F00000000000000000000000000074B24E7A12
:1001000000200420F7010010C3010010C5010010F9
:10011000C1010010C1010010C1010010C101001097
:10012000C1010010C1010010C1010010C701001081
:10013000C1010010C1010010C9010010CB01001065
:10014000CD010010CD010010CD010010CD01001037
:10015000CD010010CD010010CD010010CD01001027
:10016000CD010010CD010010CD010010CD01001017
:10017000CD010010CD010010CD010010CD01001007
:10018000CD010010CD010010CD010010CD010010F7
:10019000CD010010CD010010CD010010CD010010E7
:1001A000CD010010CD010010CD010010CD010010D7
:1001B000CD010010CD010010CD010010CD010010C7
:1001C00000BE00BE00BE00BE00BE00BE00F04BF888
:1001D000103800BEF2EB88713C53011064530110DB
:1001E0003402001090A31AE700202149086006C8D5
:1001F00081F3088810471F48006800282FD10DA4FC
:100200000ECC002902D000F012F8F9E71A491B4A77
:10021000002000E001C19142FCD1194988471949E9
:1002200088471949884700BEFDE701C901C29A42C3
:10023000FBD3704764530110C0000020541E0020FF
:10024000F87001100000042000000420F870011074
:1002500000100420001004200000000070470B482C
:1002600003F0BCFC0047EFF30580C0B2704700000C
:1002700008ED00E0000000D0581E0020B02C002047
:1002800029200010A503001051210010575600002E
:1002900006005250ABB36053F82D011006005250C7
:1002A000861C0302082E0110060052505422A29D03
:1002B0001C2E011005005250DE65F468F870011024
:1002C000F8B5C04610B5064C2378002B07D1054B76
:1002D000002B02D0044800E000BF0123237010BDB2
:1002E0006020002000000000A8290110044B10B578
:1002F000002B03D00349044800E000BF10BDC046F6
:100300000000000064200020A8290110034B1A00FF
:1003100008321A6000225A601A727047A820002022
:10032000F8B545686A462B000833DB08DB00D31AB2
:1003300000AF9D460168684611F08CFC6946144880
:1003400004F064FB134C0021200007F06FFC124BFB
:100350002000197807F056FA104B2000197807F0A2
:1003600051FA0F4E02353178200007F04BFAE9B20E
:10037000200007F047FA6946200008F07BF80021CA
:10038000200007F05DFDBD46337801333370F8BDC2
:10039000A82901107C200020F8140020001500205E
:1003A000AE2C0020F0B5DE4657464E464546E0B539
:1003B0008FB004F037FB524804F028FB514B072163
:1003C0009B4606225846012307F02CFF58464E490B
:1003D00007F094FA002803D14C4804F017FBFEE71D
:1003E00058464B4907F054FE0021584607F062FE7C
:1003F000484804F00BFB0AAB98460D239A46464C3E
:10040000464D08AF01F0FAFA002958D0FA2200232D
:10041000920003F07FFC2B68C01A23688342F1D25C
:100420003F4A04AB029343CA43C3127840461A7052
:1004300053460393002399464A4602AB5A754346F6
:100440000D3204A93B6004F035F853467B604B46FF
:1004500038007B75FFF764FF3868404503D0BB6800
:10046000591C08F0BDFD029B2E481900019304F0B1
:10047000CDFA01F0C3FA00292BD0FA220023920012
:1004800003F048FC286011F077F9FA21C90003F065
:10049000D7FBFA239B009C4661442160584600210B
:1004A00007F008FE029804AB9842ABD0049B591C9D
:1004B000019308F095FD01F0A1FA0029A6D1FA21D7
:1004C000890003F0E5FB2B68C01A2368984299D98C
:1004D000A6E7FA21890003F0DBFBD3E70898404543
:1004E00003D0B968013108F07BFD029804AB984253
:1004F00003D00499013108F073FD08F075FDF4E7AD
:10050000B82901107C200020C0CA8936D4290110E6
:1005100029050010002A0110FC140020402B0020A7
:10052000182A0110282A0110F0B5DE4657464E461B
:100530004546E0B58DB0002806D10DB0F0BCBB46F5
:10054000B246A946A046F0BD4A4E06AC300006F0C1
:10055000E9FF8246300006F0E5FF0490300006F027
:10056000E1FF0590300006F0DDFF08AB99460693E9
:1005700000236360237201339B46039005E04246EB
:10058000DA550023226865605355300006F098FF65
:10059000002818D0300006F0C5FFC3B2984667683F
:1005A00023687D1C4B450CD0A2689542E7D95B4679
:1005B0000022009339000023200009F0E9FA2368A3
:1005C000DDE70F22F1E7FF25039B1D4063689D4295
:1005D00042D15346284ADBB212789A4201D0FF2B0F
:1005E00036D1FF21049B2548194004F00FFAFF2162
:1005F00053462348194004F009FAFF21059B21487E
:10060000194004F003FA29001F4804F0FFF9069985
:100610001E4804F0FBF9300007F0C8FC01001C483C
:1006200004F0F4F9300007F0F7FC03F0D3FE020009
:100630000B00184804F0EAF90A2004F053F8069871
:10064000484500D179E7A168013108F0C9FC74E799
:10065000114804F0DBF9F2E7104804F0D7F9EEE7AF
:100660000698484503D0A168013108F0B9FC08F0AC
:10067000BBFCC0467C200020001500207C2A011015
:10068000942A0110A42A0110B42A0110C82A0110CA
:10069000D82A0110E42A0110602A0110342A01101E
:1006A000D0231B061B68F0B59A004546904641468C
:1006B000894ADE465258574693465A1E9341302285
:1006C0004E465B421A401300844AE0B5944683B01C
:1006D00063440193824B08269A463500083DEA0898
:1006E0001300019908339B005C58002C23D05B4613
:1006F000002B2AD001230F27994639002140274299
:1007000013D04B4652464046AB4012581A420CD1C9
:10071000072208002A40920090400200EB0871482E
:100720003C339B001A502800D84724090135002C7F
:1007300001D0B542E1D30836282ECED103B0F0BCAB
:10074000BB46B246A946A046F0BD0F231900214082
:10075000234207D047460E3BAB406148C059184280
:1007600000D18DE02309F11F002BE4D00F221000EF
:1007700018401A420FD0012345468B40584A52591F
:100780001A4208D10722CB08114089008840554AF7
:100790003C339B009850230AB11F002BCBD00F2273
:1007A000100018401A420FD0012345468B404C4A96
:1007B00052591A4208D10722CB08114089008840BB
:1007C000484A3C339B009850230B711F002BB2D03A
:1007D0000F22100018401A4241D1230C311F002B68
:1007E000A9D00F22100018401A4252D1230DF11E39
:1007F000002BA0D00F22100018401A425AD1230E0D
:10080000B11E002B97D00F22100018401A420FD0B3
:10081000012345468B40324A52591A4208D10722D9
:10082000CB081140890088402E4A3C339B009850E9
:10083000240F721E002C00D17DE701235146404653
:1008400093400958194200D075E70721D3080A40A0
:10085000920094403C33234A9B009C506BE7012359
:1008600045468B401E4A52591A42B6D10722CB0840
:100870001140890088401B4A3C339B009850ACE7EC
:1008800007231D40AD00A940164B3C329200D150C9
:1008900068E7012345468B40114A52591A42A5D1B7
:1008A0000722CB081140890088400E4A3C339B0048
:1008B00098509BE7012345468B40094A52591A42FA
:1008C0009DD10722CB08114089008840054A3C335E
:1008D0009B00985093E7C0469426002000410140B9
:1008E000602B002000400140094A830094464022CA
:1008F000634410B51C68C0006240C02414408022CC
:10090000520113431C60034B9C466044416010BD80
:1009100004C0014000400140D0231B061B6830B5D5
:100920000500581E83410F485C428446072030234F
:10093000284023408000EC08814020000A4D3C30D4
:1009400063448000A40041511B19002A04D0802276
:1009500092011343196030BDC02292011343196004
:10096000F9E7C0460041014000400140F8B51E00D3
:10097000D0231B061C680700631E9C413023644281
:100980001C40224B15009C46C30807201A00384023
:10099000800081403C321E48644492009B0011500C
:1009A000E418002D11D080239B011C43D02321602B
:1009B0001B061C68174FA4003B59002B11D0002EBA
:1009C0001ED03E51002D16D1F8BDC0239B011C4303
:1009D000D02321601B061C680E4FA4003B59002B3E
:1009E000EDD1002EEED000220D200B493E5100F03B
:1009F00045F9002DE8D001210D2000F0DDF8E3E7F6
:100A00000D20054900F02CFADBE7C046004101400B
:100A10000040014094260020A10600100200C308F7
:100A20000720104080008140024A3C339B009950CF
:100A30007047C046004001400123D0228340120687
:100A400093629361094A8300944640226344196883
:100A5000C0004A40C0211140802252011343196056
:100A6000034B9C46052360444360704704C001402B
:100A70000040014070B5EFF3108C72B60D4D2B683D
:100A8000002BFCD0BFF35F8F0724CB08C618C05CD7
:100A900001230C40A3401C000440034207D1034340
:100AA0003370BFF35F8F2C608CF3108870BD100023
:100AB00001F050FB2C0100D0F8B54746CE468846E1
:100AC00080B5EFF3108C72B6214D2C68002CFCD051
:100AD000BFF35F8F9A422CD8D4080727055D06190B
:100AE00001241740BC402C421FD007210127894612
:100AF00009E0D408055D06194C4639001440A140B0
:100B00000C00294211D001329342F2D2012040421E
:100B1000BFF35F8F00220E4B1A608CF31088002801
:100B20000FDBC0BCB946B046F8BD2C431000347092
:100B3000EEE7BFF35F8F00232B608CF3108801205A
:100B400040424346002BECD0089801F003FBC0461E
:100B50002C0100D0024B18688007C00F7047C046B8
:100B600000C006400021044B044ABFF35F8F02C35C
:100B70009342FAD17047C046000100D0800100D0F6
:100B8000044A1078431CDBB2172B00D910231370D2
:100B90007047C0460115002000B5054B83B0010029
:100BA000009318221F230348FFF786FF03B000BD00
:100BB000F02A01109C26002001238340002904D044
:100BC000034A1360034A13607047034A1360FBE74C
:100BD00080E200E000E100E080E100E001238340EA
:100BE000014A13607047C04600E200E0084B103035
:100BF0009B688000C358002B07D0064A00209B1A30
:100C00002F229A424041C0B270470020FCE7C04604
:100C100000ED00E004150020024B10309B688000BE
:100C2000C058704700ED00E070B50D00EFF310867E
:100C300072B60F4A1368002BFCD0BFF35F8F0D4BC9
:100C400010309B6884001B590B4A934203D09D428D
:100C500001D001F097FA074B9B681D51BFF35F8FDE
:100C6000BFF35F8F0022024B1A6086F3108870BDBD
:100C7000240100D000ED00E0CD010010F0B5574692
:100C80004E46DE464546E0B585B0060002911700A7
:100C9000EFF3108B72B6674A1368002BFCD0BFF3DA
:100CA0005F8F0025644B5D579A46002D00DAA5E062
:100CB0006B00624C03935B199B009846A146C144AC
:100CC0004B4652469B79103613705D4BB2009B68C1
:100CD000019299580B1B2F2B34D95A4B994200D0B3
:100CE000A5E0039B584A9C46584B6544AD006353AE
:100CF000434602336519E418554B0121043B1B1B85
:100D00001B055B0D13436B80524BEF71AB80FF23D0
:100D1000AB71029BAB604B460B431900484B019AE9
:100D20009B689950BFF35F8FBFF35F8F0022414BE9
:100D30001A608BF3108805B0F0BCBB46B246A946DA
:100D4000A046F0BD01200A008243D379BB422FD8D0
:100D500045464E46130040491B1B5B415943090D54
:100D60003A4B63533A4B02356519043B5B1B1B0539
:100D7000354D5B0D2B4373800426B446E044444458
:100D8000131F1B1B4C46A17102991B05A16049460C
:100D90005B0D2B43A380314BE77101431360BDE72B
:100DA0005800C01880002018C679BE422CD9020015
:100DB0000623D356002BF3DA101D8246BD20000215
:100DC000804604267642B446E14450464E46361AE2
:100DD0003005400D824656461B4895710643968065
:100DE000039A944665441D4AAD0064192260424648
:100DF000A371029BA280E771A3608FE701F0C2F9A3
:100E0000002553465D5753E7101D824690884005E4
:100E1000001584464046D444664604302018301AF3
:100E2000E0260005400D360230438046C9E701F058
:100E3000A9F956E7240100D0AB2C002004150020AE
:100E400000ED00E0CD01001000E0FFFF00A1FFFF7A
:100E50003415002000BDFFFFAAAA0000014880470A
:100E6000F0B5DE4657464E464546E0B50C0083B029
:100E7000EFF3108A72B65A4A1368002BFCD0BFF306
:100E80005F8F1022914681444A46564B96009B68DC
:100E90009D59554B98469D4205D0A54216D0534FBB
:100EA000EB1B2F2B14D94F4B9B689D51BFF35F8FCA
:100EB000BFF35F8F00224A4B1A608AF3108803B099
:100EC000F0BCBB46B246A946A046F0BD1D00EAE70D
:100ED000012383409B465A46454B1B681A400092AB
:100EE0005A46444B1A60BFF35F8FFFF7BCF901907D
:100EF000002803D0814501D001F044F901232A00E4
:100F00009A4393689C4208D15FE04B005B189B00BA
:100F1000FB189968A14211D01A00062151560029E8
:100F2000F3DA009B002B05D05A46334B1A60304B46
:100F30001A60B8E75A462F4B1A60B4E70621595693
:100F4000002921DB4A00501880003C188046A06828
:100F50009860E079D871062020569871002824DB2B
:100F6000A488F81A6405241544440019E0240005F7
:100F7000400D2402204398805218204B9200BF1845
:100F80001A781970BA71CCE70199002910D1FF3194
:100F900091711B49918019490A789A71194ADB1B92
:100FA0005B415A43120D0A70BBE7BD200002E2E725
:100FB000154A1649D21A083A5002400D0143998049
:100FC000134952080A43DA80ABE706215156130051
:100FD0000029B7DA019A002AEAD14546DBE7C04684
:100FE000240100D000ED00E0CD0100100415002028
:100FF00000E100E080E100E080E200E0AB2C0020B6
:1010000000BDFFFFAAAA00003E15002000F0FFFF70
:1010100000F8FFFFF8B5012504000543FFF723F9A9
:10102000EFF3108C72B6214A1368002BFCD0BFF38B
:101030005F8F1F4E2100B7681E4A1F4B891A494116
:101040004B431B0D59B28300F858A8421CD006230D
:10105000D3568B421CD01223D3568B4222D01E2350
:10106000D3568B4220D02A23D35603208B4210D054
:10107000124B1A781970A271BFF35F8F00220B4BCD
:101080001A608CF31088F8BDB2680D48D050EFE7B5
:10109000002043001B189B00D218FF239371094BBB
:1010A0009380E5E70120F4E70220F2E7240100D075
:1010B00000ED00E004150020AAAA0000AB2C0020DF
:1010C000CD01001000BDFFFF054B064A1360064A24
:1010D000136053609360D3601361536193617047F1
:1010E0008080808000E400E004E400E0D02300B5CC
:1010F0001B061B680100074883B0C018064B00227E
:1011000000930523FFF7D8FC002801DB1F23181AE2
:1011100003B000BDA42C00200C2B0110024B9C46F8
:1011200061448900016070474000003483680B48C7
:1011300010B5844661446244090112019A18591895
:1011400054684B6801209C4201D802D00020C0B2F4
:1011500010BD12680B689A42F9D8F7E7FFFFFF0F3E
:101160000A4B1968EFF3108072B60A68002AFCD0A7
:10117000BFF35F8F1B68BFF35F8F00221A6080F39D
:10118000108840BF002000217047C046742C00200A
:10119000F8B557464E464546DE46E0B599460CAB97
:1011A0001C780DAB1B78060090469A460768002C09
:1011B00011D1BC7B002C42D065003B682D19033D4A
:1011C00059194B78BB73002B00D1FB7300238B7034
:1011D0004B700B7004E065003B682D19033D5919F5
:1011E000B2682A4B94464246E3181B0163441A60D6
:1011F0004A465A600A9A9A600B9ADA6000238B700A
:101200004B700B707B7B9B46002B2BD022005946EA
:10121000B8687B6898473A68002816D05B465846FD
:101220005B005B445519033BA870D118D35C002BBD
:1012300000D06B705B460C707B73A34513D0F0BC81
:10124000BB46B246A946A046F8BD5B465B005B4480
:10125000033BD3189C705119525D002A00D05A707C
:101260005B460B707C7342464B46307D00F050FC71
:10127000051E06D05346002B03D12100306800F034
:1012800069FE0E9B002BDAD01D70D8E7FFFFFF0F21
:10129000F0B5DE464E46574645460023E0B58DB0D4
:1012A0000A936B4B8200D3580B90994600239B46C0
:1012B0004B46079300F0A2FB079C06000F006268F4
:1012C000EFF3108572B61368002BFCD02200079450
:1012D000BFF35F8F2468637B9946002B67D09268C9
:1012E0005C4B90464B441B01984443461A685B682C
:1012F00010001900801BB94100295FDD0B9800F038
:1013000007FC00230026984600279A46079C63683E
:10131000BFF35F8F5A461A6085F310885346002B3F
:1013200008D10028C6D10DB0F0BCBB46B246A946D4
:10133000A046F0BD0A9B414618024B461843D047D1
:10134000089009916268EFF3108572B61368002B5C
:10135000FCD00794BFF35F8F0899099A002A48DBF5
:10136000114303D0079B1B69002B5DD1079B1B68B2
:10137000D97B002907D04A00521819688C46494683
:101380006244033A51704A46DA734B46079A013B6E
:10139000D168CA5C0132CA545B46079A136153682C
:1013A000BFF35F8F5A461A6085F3108882E70023E7
:1013B0000026984600279A460020A7E7002901D179
:1013C00000289BD10021200000F046FD43461E6806
:1013D0005F689B68079A9A464346DB689846D368DD
:1013E0004B44013B1B780A931B020343136100200B
:1013F0008CE72369002BB9D033003C005B1A944181
:101400001A002300A74219D89F421BD059460491C5
:1014100001210391494602914146019151460798A5
:101420000091FFF7B5FEB7E700F0E8FA089A099BCC
:1014300006000F0092197B419942E5D901225242E0
:10144000D317E3E79642E1D901225242D317DDE7F1
:10145000502B0020FFFFFF0FF8B557464E4645467C
:10146000DE46E0B5404D81468A466A68EFF3108853
:1014700072B61368002BFCD0BFF35F8F2E68B47B6D
:10148000002C39D0670033683F19033FDB195A78C5
:10149000B273002A00D1F273A968344A8C464946D7
:1014A000A2181201624411605146516030499160A6
:1014B0000021D160997059701970737B9B46002B85
:1014C00035D022001900B068736898473268002848
:1014D00020D05B4658465B005B44D719033BB8708D
:1014E000D118D35C002B00D07B705B460C707373FB
:1014F0005C451DD0002626E06B68BFF35F8F1C6043
:1015000088F3108801204042F0BCBB46B246A94691
:10151000A046F8BD5B465B005B44033BD3189C7060
:10152000D119D25D002A00D05A705B460B707473DB
:101530004A465346287D00F0EBFA061EDAD0210019
:10154000286800F007FDEB681B19013B19786B68F0
:10155000BFF35F8F00221A6088F310880020002EEE
:10156000D2D108022043CFE74C150020FFFFFF0F28
:101570006111001010B5124C6368002B04D00A21D1
:101580001048FFF7CBFD10BD23000F4A1021206843
:1015900000F080FB032000F025FA032000F028FB78
:1015A00003200A4900F06EFAFFF7EAFA084B9C465E
:1015B000032360442375074B80006060DC60DEE736
:1015C0004C150020742C00202D11001091120010D9
:1015D00040000034502B0020004870474C1500207C
:1015E000F0B557464E464546DE46E0B585B0019318
:1015F00010AB1B780600039300239A46984600928E
:101600007268EFF3108972B61368002BFCD0BFF339
:101610005F8F3568AC7B002C49D067002B683F1981
:10162000033FDB195A78AA73002A00D1EA73B16824
:101630004F4A8C4600980199A2181201624410602A
:1016400051600E9991600F99D16042469A705A701C
:101650001A706B7B9B46002B45D022001900A868AE
:101660006B6898472A68002830D05B4658465B0074
:101670005B44D719033BB870D118D35C002B00D062
:101680007B705B460C706B735C452DD0F3681B1947
:10169000013B18787368BFF35F8F42461A6089F385
:1016A00010885346002B2CD10002204307E07368BA
:1016B000BFF35F8F1C6089F310880120404205B0A2
:1016C000F0BCBB46B246A946A046F0BD5B465B00F7
:1016D0005B44033BD3189C70D119D25D002A00D023
:1016E0005A705B460B706C73307D009A019B00F062
:1016F0000FFA82460028C9D02100306800F02AFC89
:10170000C4E7039B002B30D00E9B00200F99984715
:10171000030004000D000B4327D000290DDA0098C8
:10172000019902000B00121BAB41994213D818D04B
:1017300000920193039B9A4662E700F05FF9020072
:101740000B00A4185D4100940195A94203D8F1D182
:1017500000998A42EED901235B42DC170093019481
:10176000E8E700999142E3D9F5E70020A7E7C046F2
:10177000FFFFFF0FF0B504000D0006267642F717B5
:10178000C64636196F4100B58F4213D810D000F00D
:1017900035F932003B00121A8B41002B14DC002B70
:1017A00037D02900200000F05DF980BCB846F0BDBC
:1017B0008642ECD90026002700F020F932003B00D9
:1017C000121A8B41002BEADD30003900FFF744FE8E
:1017D0000028E6DB00239846BC460F4A0F4F7B6A81
:1017E0009C4504D8B96A8E42DBD99C45D9D1116891
:1017F000EFF3108072B60B68002BFCD0BFF35F8F45
:101800001368BFF35F8F4146196080F3108820BFD3
:10181000E5E7002AC5D0D7E7742C0020004005403A
:1018200070B5060000F0EAF8FA2204000D0000236B
:1018300030000021920002F0B3FD001969418D4291
:1018400005D802D0FFF796FF70BD8442FAD9012077
:101850004042C117F6E7C046F8B5CE46474680B5C8
:1018600006000C00FFF7F8FD00280CDC2D4B0020D3
:10187000596A8C4203D89B6A0130B34245D3C0BC3D
:10188000B946B046F8BD20BF274D6A68EFF3108710
:1018900072B61368002BFCD0BFF35F8F2B68C1B208
:1018A0009C465B7B8B4235D0FF2303405A00914618
:1018B00062461268994490464A464244033A9278F6
:1018C000002A1DD0EA68000A90464344013B1B7879
:1018D000C0B2834221D06B68BFF35F8F00221A60D1
:1018E00087F310880F4A0020536A9C42C7D8926A37
:1018F0000130B242C3D2E01A421E9041C0B2BEE7EC
:101900002B699842E7D12A61E5E7601A431E9841A6
:10191000C0B2B4E7FF230340D4E7604600F01AFBEF
:10192000D9E7C046004005404C150020F0B5D6462A
:101930004F464646C0B5EFF305833F2213401800DB
:101940001038EFF3108C72B6204D2A68002AFCD0B4
:10195000BFF35F8F0122110081401D4C88466163F7
:101960001C4917000E788A463100C1400F400A42D8
:1019700009D1BFF35F8F2F608CF31088E0BCBA46AB
:10198000B146A846F0BD14498200646A51588C42A1
:101990000FD3124BD25843469E4353461E70BFF39B
:1019A0005F8F00232B608CF31088002AE6D09047CD
:1019B000E4E70B4A9B00904643441A681A60BFF361
:1019C0005F8F00232B608CF31088D7E7280100D0AD
:1019D00000400540AF2C0020802C002084250020F2
:1019E000D03F054010B50100024A0348FFF742F816
:1019F00010BDC046302B0110AA2C0020034B596AA1
:101A00000A00986A596A8A42FAD170470040054034
:101A100070B504000D00124A536A1900966A536AA1
:101A20008B42FAD13000190024184D41AB4211D835
:101A30000ED02B000A494A6A9A42FCD307D1084AC1
:101A400002E0516A994202D1916AA142F9D370BD74
:101A5000A642EED9012301246442E5175B42E9E77F
:101A600000400540064A536A9942FCD807D1044B0E
:101A700002E05A6A914202D19A6A8242F9D37047CF
:101A80000040054070B504000D00EFF3108672B6FB
:101A90001A4A1368002BFCD0BFF35F8F002D1BD0B8
:101AA0002000FFF7B9F8164981420AD02000FFF75D
:101AB000BBF801212000FFF77FF80123A340114A62
:101AC0001360114BA400E550BFF35F8F00220B4B56
:101AD0001A6086F3108870BD0B4BA200D55001220E
:101AE000A2400A4920000B7893430B700449FFF78A
:101AF000B7F900212000FFF75FF8E5E7280100D0E3
:101B00002D1900103860054084250020AF2C0020DE
:101B1000F0B54F46D6464646C0B507002F4C616A21
:101B20000D00A66A616AA942FAD18B4208D805D095
:101B30000120E0BCBA46B146A846F0BDB242F7D992
:101B4000EFF3108A72B6264801680029FCD0BFF373
:101B50005F8F0125BD402349204C8846097889467E
:101B60002943C9B28C46414660460870391D1E485B
:101B7000890065630A51B9000B50216A002029428F
:101B800019D0616A0800A66A616A8142FAD18B4263
:101B900019D801D1B24216D8CC451DD00F4B1F2009
:101BA0001D625D6301230740BB40104A1E3813606D
:101BB00043464A461A70BFF35F8F0022084B1A60F3
:101BC0008AF31088B5E70020BFF35F8F0022044B33
:101BD0001A608AF31088ACE70120ECE7004005406A
:101BE000280100D0AF2C0020802C002080E200E0F3
:101BF000EFF3108C72B60A490B68002BFCD0BFF3D0
:101C00005F8F01238340074A0748136202789A4393
:101C10000270BFF35F8F00230B608CF31088704756
:101C2000280100D000400540AF2C002070B5050011
:101C300014001600002915D00C00002A12D080686C
:101C40006B689847296800280ED073009B196200C2
:101C5000033B1219CB18033A9C7088188A5C002A3F
:101C600015D10670200070BD63001B197200033B84
:101C70009219CB18033A9E7088188A5C002A02D108
:101C800004703400EEE75A7004703400EAE75A70CA
:101C90000670E7E730B583600023CCB243730133AD
:101CA000047342608373C4730D000068012C06D96D
:101CB000421C0133DBB2137003329C42F9D1FF2185
:101CC00029404B005918002340180338437030BD99
:101CD000F8B5CE46474606000C0080B5002907D06F
:101CE0004D0003686D18033D5A195778002F04D131
:101CF0002000C0BCB946B046F8BD7900C919033907
:101D00008846434459788946002159705170736858
:101D10003A002100806898473368002814D0424672
:101D20009A18947059195B5D002B00D053700F7096
:101D3000270049463000FFF7CBFF39000200300092
:101D4000FFF774FF0400D3E7424641465D19AF70C8
:101D50009A185B5C002B00D06B701470E9E7C046EA
:101D6000F0B557464546DE464E46E0B50D006B00E1
:101D700001685B19DF1E0400C85D83B00192CA19B7
:101D800000284CD043001B18033BCB185E78B446A8
:101D9000002E16D1019E002E3ED0E67B002E04D0F0
:101DA00073009B19CB18033B5D70E57300282FD19E
:101DB0000023537003B0F0BCBB46B246A946A04610
:101DC000F0BD72006244033A89184A7890460022B6
:101DD0004A7091465A70010032002000FFF726FF3A
:101DE00043468246002B07D05B0021684344033BF7
:101DF000CB185A78002A16D1424651462000FFF7E8
:101E000015FF2168019BCA19002BC6D10028CFD02D
:101E100043001B18033BCB1800219970C8E7019BB6
:101E2000002BBAD1C4E7500080180338091848784D
:101E3000834648464870587041462000FFF7F6FE3A
:101E4000594680462000FFF743FF4146020020002C
:101E5000FFF7ECFE8046CFE7F0B557464546DE4635
:101E60004E46E0B583B00191457B04006B000068ED
:101E70005B19DF1EC15DC21900294ED04B005B18F3
:101E8000033BC3185E78B446002E18D1019E002E85
:101E900040D0E67B002E04D073009B19C318033B8F
:101EA0005D70E573002931D1002328005370617300
:101EB00003B0F0BCBB46B246A946A046F0BD7200D6
:101EC0006244033A8018427890460022427091465C
:101ED0005A7020003200FFF7A9FE43468246002BCD
:101EE00007D05B0021684344033BCB185A78002A93
:101EF00017D1424651462000FFF798FE019B010092
:101F00002068C219002BC4D10029CDD04B005B182A
:101F1000033BC31800209870C6E7019B002BB8D183
:101F2000C2E75000801803380918487883464846AD
:101F30004870587041462000FFF778FE59468046A9
:101F40002000FFF7C5FE414602002000FFF76EFEAD
:101F50008046CEE770B5040000292CD0437B8B422D
:101F60002ED0056848004018033828188278002AC7
:101F700021D053009B18033BEA5CEE188A4202D141
:101F80001BE0002A08D053009B18033BEB185A783B
:101F90008A42F6D142785A7000230122837043703E
:101FA0002000FFF7DDFE617B02002000FFF73EFE10
:101FB0006073012000E0002070BD43783370EBE7D0
:101FC00001221900FFF7CCFE60730120F4E7C04640
:101FD00010B50400FEF7D4FD01002000FFF79EF8C5
:101FE000FF232371BFF35F8F10BDC04610B50400FF
:101FF000FEF7C6FD01002000FFF790F8FF23A38045
:10200000BFF35F8F10BDC04610B504000120FEF77E
:10201000C3FD044B9C46604480002060BFF35F8F8B
:1020200010BDC046400000342C4B2D4A70B51A60DC
:102030002C4A2D4B2D491A6014008B689C43FBD110
:102040002B4D2C4EB54208D2013E761BB60808CD6A
:10205000984723000134B342F9D100F099F8264A99
:10206000214B1A60214A9368DB43DB01DD09002B19
:10207000F9D14022214B224C224E9A675A671A67A7
:10208000DA66B44208D223682000002B20D008343E
:10209000FFF7ACFFB442F6D31B4E1C4CC022A16824
:1020A000300002F007FAA660FEF75CFDFFF70CF8BF
:1020B000FFF760FA164C174EB44208D2013E361BA9
:1020C000B60808CC98472B0001359E42F9D170BD67
:1020D0000834FFF77DFFB442D5D3DDE700E00040D0
:1020E000BFCDFBFEFE7F3C0000F0004000C0004082
:1020F000301E0020401E0020FFFFFF0100F00140C5
:10210000281E0020301E00200000002000ED00E00E
:10211000401E0020541E002000BEFDE7094A0300B7
:102120001068002805D00849C3188B4207D81360EF
:10213000704706480449C31810608B42F7D9012044
:102140004042F5E73C27002000000420B02C00208E
:1021500000BEFDE70FB400B5084883B002F012FBE3
:10216000049B002B07D005A91800019101F016FD72
:10217000034802F007FB00BEFDE7C046542B0110E8
:10218000CC32011010B50148FFF7E4FF642B0110B9
:1021900030B50C2083B000F0B7F9FEF7DBFC002867
:1021A0000ED0944B944A1A605A609A60DA601A61B1
:1021B0005A619A61DA611A62904A5A6203B030BD7C
:1021C0008F4CA06700F0F4F901228E4B1A60636C0B
:1021D000012BFCD103228C4B1A60894A936B012B93
:1021E000FCD101330121894A89480093043300F06E
:1021F00033F90523874A00930121874800F02CF921
:10220000864B5A68FF2A02D8802252005A608022E8
:10221000784C7D4B21691201804D1A60002905D050
:10222000606901F035FD01300138FDD1E0217B4BC3
:1022300002201A681140802252012A431160196855
:10224000484003210140116004219A681142FCD0EA
:102250008022802192012A430901116080225200CC
:102260005A606F4B23616F4B5968FF2900D85A6041
:102270000321644A6B4B116002399A681142FCD009
:10228000E0201A681040802252011A43106018683A
:102290004840032101400220116062498A681042CF
:1022A000FCD0802292011343802212011A60802206
:1022B0005D4B52004A6063615C4B5968FF2900D84E
:1022C0005A6080225A4BE1691201584D1A60002968
:1022D00005D0606901F0DCFC01300138FDD1E0225D
:1022E00052490B681A4080235B012B431A608023FC
:1022F00080229B012B4312011A6080223E4B520028
:102300004A60E3614B4B5968FF2900D85A6080222C
:10231000494B216A1201474D1A60002905D06069B6
:1023200001F0B6FC01300138FDD1E02241490B68D3
:102330001A4080235B012B431A60802380229B017B
:102340002B4312011A60802380225B004B602A4BD2
:10235000D2022362394B5968914200D25A608022DE
:10236000374B616A1201354D1A60002905D060694A
:1023700001F08EFC01300138FDD1E0222F490B68BD
:102380001A4080235B012B431A60802380229B012B
:102390002B4312011A608023DB024B60174B6362F0
:1023A000284B5A68FF2A02D8802252005A608022A5
:1023B000254BA1691201234D1A60002905D06069DF
:1023C00001F066FC01300138FDD1E0221D490B68A7
:1023D0001A4080235B012B431A60802380229B01DB
:1023E0002B4312011A6080235B004B600E4BA361EC
:1023F000E4E6C046A0260020006CDC021BB700000B
:10240000008000403CB0004030B00040002F6859D0
:1024100000800240008C864700C0024030800040AF
:10242000001BB7003C8000404059730754800040B7
:1024300054B000406080004060B000406C800040BC
:102440006CB000404880004048B00040014B800024
:10245000C0587047A0260020F0B5C646040000B55D
:102460000C2090461F000E0001F012FC4101091AD9
:102470008D01691AC90009188901404601F008FC5C
:10248000069B3F041A0323681743002B22DB1A4BD9
:102490001A4DE21853425A4180235B019C461203B5
:1024A000174B62441A60174B1A601100AB689943CE
:1024B000FBD1C022231D92011A4321232660A06074
:1024C00013602368002BFCDA0823E760136080BCEC
:1024D000B846F0BD3F2322681340B342D7D1A3686A
:1024E0001B051B0D8342D2D1EE22E368D2021340BA
:1024F000BB42CCD1EBE7C0460040FDBF00C000406E
:1025000000E0004000F000408023024A9B000343AB
:10251000D36270470080054010B5140080221B4B29
:10252000D2051A6000281AD00123194A1843194B02
:10253000DA61194A42401A62596298628022134B4A
:10254000D2051A601549164A1160E022D2041A60B9
:10255000002C07D18022134B12061A6010BD0D4BC0
:10256000D861EBE763011B1B9A008023121912014B
:102570005B049A4200D30C4A0C4B1A60054B5A601C
:102580008022084BD2051A60E8E7C04600B005403B
:10259000D3C007B0008005402D3FF84FFCFF01007D
:1025A0000820014000A00540FFFFFF00482B00204D
:1025B000AA23064A1B0113602F230549D360054B4C
:1025C00019605368002BFCDA7047C0460040024097
:1025D00000B0FA00006002409A4200D2885470476E
:1025E0007047C046F8B557464E464546DE46E0B50C
:1025F00099460A9B07009A460D9B8846934615000C
:102600000B9E9B0710D10C9B9E420DD29D1B14006C
:102610000E005D4422004B46013431002020B847B3
:10262000A542F7D1B0460B9E002E27D0444675191F
:102630005346AA1B013E985D21004B46B847002E29
:10264000F6D123002C0098460D9B9B070FD55B46C7
:10265000E51A0C9BAB420AD94646984622004B46E7
:10266000310020200135B8470134A845F6D82000B4
:10267000F0BCBB46B246A946A046F8BD2C00E3E735
:10268000F0B54F464646D646C0B584B098460EAB28
:102690001B78129F994694460D9C109B119EBA0779
:1026A00025D4002E4BD19C4200D3BFE001223A40FA
:1026B00092461F2C00D9B8E00C9A551E302201E03A
:1026C000202C03D001342A55A342F9D85246002ABF
:1026D0000DD0A6420BD9202C44D00C9A551E302286
:1026E00001E0202C3ED001342A55B442F9D1FA063B
:1026F0004DD57A053FD4002C39D10F9B102B00D13A
:1027000079E00F9B022B00D18AE030230C9A012440
:1027100013704B46002B3FD02D230C9A13550134D8
:102720000C9B624600930397434602960194FFF781
:1027300059FF04B0E0BCBA46B146A846F0BD01223C
:1027400015003D40AA463A422FD04A46002A02D1FF
:102750000C323A4200D0013E9C42BAD21F2CABD977
:10276000202E27D92024FA06DAD57A0503D4A342ED
:102770002DD0A6422BD00F9B102B32D0022B20D075
:10278000202CCDD030220C9B1B191A700134202C28
:10279000C6D04B46002BBFD17B070DD43B07BFD51E
:1027A00020230C9A13550134BAE79C429FD21F2C68
:1027B00000D881E720249AE72B230C9A1355013483
:1027C000AEE7202CACD00C9B1B1901343AE0631E01
:1027D000012C92D00F9A102A2AD0022A2FD01C0046
:1027E000D0E7BB060ED4202C9AD00C9B1A190134CA
:1027F00078231370C4E7BB060DD478230C9A012408
:102800001370BFE7202C00D18AE758220C9B1B19BC
:102810001A700134B4E758230C9A01241370B1E7FD
:102820000C9A603301241370ACE7202400265EE785
:10283000023CBA06E9D40C9A12191C00D8E70C9A8B
:102840009246534462221A709AE7C04610B5002897
:1028500000D110BD01F046FFFBE7C0460B0010B5EC
:10286000002802D049681B68984710BDF0B5DE46C5
:1028700057464E464546E0B59BB09B46249B89464D
:102880009846259B0B900C924046424619009A466A
:1028900001F0BFFC002800D0D8E00122404651469C
:1028A000774B524201F0B0FC002800D0CEE001226C
:1028B00040465146734B524201F090FC002800D034
:1028C000C4E0002200234046514601F087FC002866
:1028D00000D0B9E1424653460A9209938023289AD0
:1028E000DB001A400E92289A1A4201D10623269341
:1028F0000A9A099B1600134300D0C7E0289B0025C5
:1029000000261B0500D49BE100230D93269A0D9B06
:102910009A4200DC9FE1D01A431E26938023289A16
:10292000DB001A430023002728920D93279B0024E5
:10293000BB4200D9DC1B0223289A1A400E92289A27
:10294000134203D07B427B415B421C400D9B002B1A
:1029500007D00A9809992A00330001F0E6FB0A9093
:102960000991002200234046514601F037FC00281F
:1029700005D0802000068446099961440991289A6F
:10298000414B0B9D13400493269B0A9A0293099B8B
:1029900003940092019349465B4628000C9A00F08C
:1029A0008BF90400002F62D0289B220098061F2379
:1029B000C0179843631C984649465B466530A84754
:1029C0000D9B0025DA179C18DB0F9A465440013FF7
:1029D00001E0202D13D00AAA94461F23200063444F
:1029E0000A2101355E1901F053F9303131702000B0
:1029F0000A2101F04DF926000400092EE9D805232B
:102A00000693002304930A330393534605970B9FC1
:102A1000029312AB009342465B464946380001954B
:102A2000FFF72EFE0E9B0400002B20D00C9BC51A36
:102A3000279BAB421BD91E0022005B464946202043
:102A40000135B8470134AE42F6D810E0289B424623
:102A50000493279B49460393269B0B980293534666
:102A6000009201935B460C9A00F026F904002000C6
:102A70001BB0F0BCBB46B246A946A046F0BDC0465E
:102A8000FFFFEF7FFFFFEFFFFFF7FFFF734B099F94
:102A90009C467800400D604401F0CEFB704A714BBB
:102AA00001F05DFB704A714B01F03AFB3B03704A49
:102AB0001B0B1A4304000D00300011006D4B002267
:102AC00001F029FB6C4A6D4B01F049FB02000B0041
:102AD0002000290001F024FB01F0C6FB0D9001F05D
:102AE000ABFB674A674B04000D0001F038FB002286
:102AF000654B01F015FB01F0B7FB644A0600644B1F
:102B00002000290001F02BFB040030000D000F967F
:102B100001F092FB5F4A604B01F021FB02000B00C9
:102B20002000290001F0F7FA02000B0006000F0058
:102B300001F015FB320004000D003B0030003900AD
:102B400001F0EEFA002210901191544B2000290060
:102B500001F0EBFA0022524B01F0E2FA02000B0006
:102B60002000290001F0E1FA00224E4B01F0D8FAD2
:102B700002000B002000290001F0D7FA0D0080218F
:102B8000040032003B000020C90501F0C4FA020035
:102B90000B002000290001F0C3FA02000B0010987E
:102BA000119901F0C2FA0022314B01F0B9FA3E4B03
:102BB0000F9C9C4664440022230501F0D0FA0500D6
:102BC0000E0002000B000A98099901F007FB00288B
:102BD0000AD00D9B2800013B31000D930022304BA1
:102BE00001F0A3FA05000E00C6270D992B006331F2
:102BF0008F42BF4128997F420437090500D495E6EA
:102C0000334300D182E6099C284A2100284B0A98C8
:102C100001F0F2FA002808D000222100254B0A9882
:102C200001F0DCFA002800D070E6269B002B00D1D2
:102C30007CE60E9B5A1E9341269AD31A269375E67C
:102C4000002304270D9371E643460A9380231B0655
:102C50005344099342E6002326935FE601FCFFFFFD
:102C6000FB799F501344D33FB3C8608B288AC63F7B
:102C70000000F03F0000F83F61436F63A787D23F39
:102C800071A379094F930A400000E03F1655B5BB88
:102C9000B16B0240EF39FAFE422EE63F00002C40B5
:102CA0000000244000001840FF0300002D431CEBEF
:102CB000E2361A3F80842E41F0B54E46DE46574636
:102CC0004546E0B597B09946209E219F229B8346BA
:102CD000984607910C923B0032003000390001F019
:102CE00098FA002800D0A9E1012230003900CA4B2F
:102CF000524201F073FA002800D0E1E001223000D6
:102D00003900C64B524201F07FFA002800D0B7E0EC
:102D1000002230003900C24B01F076FA002800D0C2
:102D200099E0002230003900BE4B01F057FA00282C
:102D300000D090E0002200233000390001F04EFA6C
:102D4000002800D0B1E000230D93249B5B0501D443
:102D50000623984608AB9C461722002430234146A0
:102D6000624404E0013413550139202C01D00929B3
:102D7000F8D888463000390001F076FA4346DA0088
:102D8000A94B05009B181A685B680892099301F02B
:102D900053FA02000B003000390001F0BCF9089A28
:102DA000099B01F0DCF90A900B9101F081FA82464F
:102DB00001F03EFA02000B000A980B9901F0ABF902
:102DC00000229A4B0A900B9101F01EFA002800D1C4
:102DD000C0E001239C46E244504601F029FA02007B
:102DE0000B000898099901F0FFF9002802D0002390
:102DF0009A4601354346002B6AD008AB17269C46FD
:102E000008956644554614E001235B4243440A2179
:102E100028009A4600F03CFF0134303137193970F0
:102E200028000A2100F034FF092D00D8D0E0D04658
:102E30000500202CE8D10EAB98460323249A1340BA
:102E4000012B00D196E02023249A01930392239A28
:102E5000434602921EE0249B58460493239B00960F
:102E60000197039343460C9A029307994B46FFF749
:102E7000FDFC17B0F0BCBB46B246A946A046F0BD6B
:102E8000249B5B070ED40322694B24990192039182
:102E900023990291009358464B460C9A0799FFF7E5
:102EA000A1FBE6E70422634BEFE73B003200002082
:102EB000002101F030F9012306000F000D9344E7D3
:102EC000249B0393239B0293042301935A4BE1E732
:102ED000280001F0B1F902000B003000390001F0C8
:102EE0001AF9524B002206000F0001F077F90EABE1
:102EF000984600280AD10022300039004B4B01F0DF
:102F000083F9002802D1EB0700D50135202C94D09D
:102F100008AA94461723280063440A2101341E1985
:102F200000F08EFE3031280031700A2100F088FE5A
:102F3000051EEBD10323249A1340012B1BD0202C18
:102F400000D180E70D9B002B35D02D224146631C1C
:102F50000A5579E700220A980B99344B01F03EF9A3
:102F6000002800D046E75346002B51D101239C4650
:102F7000E2443FE72024239B002BE0D00D9B002B55
:102F800003D1249A0C33134202D0239B013B239399
:102F9000239BA342D3D908AB9C461722302362441B
:102FA000202C00D14FE72399013413558C42C6D011
:102FB000202CF8D147E7249B5B0724D4249A2300D4
:102FC000120700D440E72022414601330A553BE76F
:102FD0005746089D202C00D12DE722003021404685
:102FE000002F09D00132B154202A00D123E7D34366
:102FF0001B191B18002BF5D10EAB98462E2341460A
:10300000541C8B5482E72B224146631C0A551BE754
:10301000DB0700D4EEE6A9E7FFFFEFFFFFFFEF7F3E
:1030200065CDCD4165CDCDC1682D01100000E03FDB
:10303000702B0110742B0110802B0110249B039323
:10304000239B029303230193004B23E77C2B011066
:10305000F0B5DE464E4657464546E0B59FB01C00EB
:10306000289B91460993C94AC94B8B4608901A6020
:10307000002900D118E2002320789A46002800D1C8
:103080001AE226001D005C460AE02A006F1C4B462F
:10309000089D2100A8473D0001363078002870D0F7
:1030A0002528F2D110239B46083B9A46043B9846BC
:1030B000023B00219C46721C107816000300203B46
:1030C000DBB2102B03D8B34F9B00FB589F46030085
:1030D000303B092B32D900230A932A2868D00023D9
:1030E00098462E283ED00300683BDBB2122B1CD83A
:1030F000A94A9B00D3589F46012301321943DBE7BD
:10310000634601321943D7E7434601321943D3E7F7
:103110005B4601321943CFE7534601321943CBE7EF
:1031200080235B007078194301360300253BDBB236
:10313000532BAAD8994A9B00D3589F4600270300D7
:10314000B800C01901364000C018337830381A0072
:10315000303A0700092AF3D90A901800002398464C
:103160002E28C0D180237078DB0019430300303B48
:10317000721C092B00D8A1E12A2800D1B2E1160067
:10318000B1E7A346AA462C00D14503D801235B42F0
:103190004B449A464B46524659460020089DA84744
:1031A00020001FB0F0BCBB46B246A946A046F0BD09
:1031B000099B40CB0A96002E03DB50780993561CDE
:1031C0008DE72838014370420A9009935078561CC5
:1031D00085E7782800D1DFE1582800D14CE26F283C
:1031E00000D14FE3622801D100F030FC10230A0027
:1031F0009A430B92692801D000F0A9FC0A230C9392
:103200004B0500D5D0E10B9A802311009B0019409B
:103210008B461A4200D0A1E2802311005B001940C6
:103220008A461A4200D0B6E313005B0600D5EDE2F1
:10323000130009991B0601D400F076FC08C91BB2E3
:10324000D8171A18424092B209919346DA0F129297
:10325000002B09D1802310220B99DB000B409143F6
:103260000B91002B00D0E4E20B9A6123920600D56B
:1032700041230EA91F228C46DBB262440A3B5F4603
:103280001395A34655460C9CB2460D9316000AE0D2
:103290003033DBB201357355A74200D2EDE2202D69
:1032A00000D1EAE207002100380000F0F1FCCBB2C7
:1032B0000929EDD90D9A94466344DBB2EAE78023ED
:1032C0009B007078194301362FE77078682800D189
:1032D000CDE180230136194327E770786C2800D1AF
:1032E000BFE180235B00194301361EE7462800D169
:1032F0009BE10722099B0491073393430A9A190023
:103300000392424602920CC90898009201930991D7
:103310002A004B462100FFF7CFFC01360500BCE632
:103320002A006F1C4B46089D21002520A847013626
:103330003D00B2E68B0700D4ADE1099B2A009A4616
:103340006B1C9846534601CB21009A46089F4B467A
:10335000C0B2B8470A9B9C466544012B00D886E260
:10336000089B4746B04626004C4699463A00230043
:10337000013731002020C847AF42F7D1A14653465C
:10338000340046460993013687E6C04651300010A6
:10339000442B0020882B0110CC2B0110182C01107D
:1033A000099B04CB9B4643460992002B00D1C6E003
:1033B00013789C46002B00D1BDE34346013B099A9C
:1033C0000133D0180A9F130001E0834203D05A78DA
:1033D0000133002AF9D1099A0A979B1A0B9380238B
:1033E0000A00DB001A400C92194204D00B9B4345A3
:1033F00001D943460B9302231A000A400D920B4257
:1034000000D187E16046002800D168E10C9B002BC9
:1034100000D10DE1A844C246099B57465B1B984664
:10342000089BB2462A0026004C46994609E0230034
:103430003100551CC8474346585D002800D126E19D
:103440002A009742F3D1A1463D00340056460D9B19
:10345000002B00D043E15B46013609931DE6099B32
:103460001A0008CA9246002B48D0212211438B46ED
:103470000EA884461F216144099500220F27A44607
:103480000D0002E0202A0CD00B003C001C40200064
:103490003730092C00D807380132A85419090F2BEE
:1034A000F0D86446099D32E0DC4B20780893002375
:1034B0009A46002800D0E4E5002465E6434606006D
:1034C0000A9F9800C0180132400080191678030046
:1034D00030003038303B0928F3D9300098461600C8
:1034E0000A9700E6099B023604CB9046D243404639
:1034F000D2171040804609933078F4E51022080076
:10350000904311321043834600224905B0D55B46F3
:103510000693082305934346049310230393002343
:10352000029316AB019200932A004B4621000898A3
:10353000FFF7A6F85346050001360993ADE5137869
:103540009C46002B00D1F7E202235B4237E72023A1
:1035500002009A43472A04D180231B011943022306
:103560009843452801D1202319430722099B049140
:10357000073393430A9A19000392424602920CC9F8
:1035800008980092019309912A004B462100FFF709
:103590006DF90136050080E510230C930C230A0019
:1035A0009A430B924B0503D501230B9A9A430B9236
:1035B000692800D127E6642800D124E60B9A8023ED
:1035C00011009B0019408B461A4200D066E180230F
:1035D00011005B0019408A461A4200D039E21300FC
:1035E0005B0600D53CE113001B0600D4A6E2099B54
:1035F00004CB1204120C934609935B46002B00D0B7
:103600009AE10B9A1033110099430B91520500D4A3
:1036100092E100239A460B9B06930A9B059343462F
:1036200004930C9B039300230CE12023194360E6D1
:10363000099B0A9A5B1B98464B4691461F00B2466F
:103640002600089C2A003B003100A0474346013574
:10365000585D0028F6D14A463400B94656460A92CB
:10366000F5E6C0239B00B078194302365DE5C02320
:10367000B0781943023658E50C230A009A431433F4
:103680001A43103B0B920C934B058DD496E7A14641
:1036900034005646DBE60A9A012A00D853E26B1E34
:1036A0009F18089BB04626004C4699462A002300E6
:1036B000013531002020C847BD42F7D1A146340072
:1036C0004646099B3A0001CB210098467D1C4B469B
:1036D000089FC0B2B847434601360993DDE40B9B0F
:1036E0000A9AA8469A4200D8B5E694466544ED1A6F
:1036F000089B4746B04626004C4699463A002300B0
:10370000013731002020C847AF42F7D1A14634002D
:103710004646A0E60B9A0A99531C914200D814E23F
:103720004B199B1A1F00089BB24626004C4699462F
:103730002A002300013531002020C847BD42F7D1BF
:103740000A9BA14601330B93099B34001B78564614
:103750009C466046002800D058E67CE60722099B7C
:1037600007339343013294469C4462465F68099252
:103770001A68FB1710931193109811990300534086
:103780000E930B007B400F9394460E9A0F9B121AD8
:103790008B410E920F93FB0F6246129300233A4324
:1037A0009B463DD00B9A6123920600D5412300220F
:1037B000DBB20EA90A3B8C4692460D9343461F325C
:1037C00062441395159655460E9E0F9FA24690464D
:1037D0000C9C14930CE03032D2B2434601355A555A
:1037E000BB4500D18AE1202D00D18AE106000F00FF
:1037F000220000233000390000F08CFAD2B2092AEE
:10380000E9D90D9B9C466244D2B2E6E7FF230999B1
:1038100004C913401A00099117E5C046E1250010BC
:103820000B9A1033110099430B915205BAD500231E
:103830009A460B9B06930A9B0593434604930C9B65
:103840000393129B02935346019316AB2A000093F5
:1038500021004B460898FEF713FF013605001CE4D3
:10386000FF22099B02CB11408B460993C5E65346C4
:10387000454609930136FFF710FC56465C46AA46BA
:10388000139DD6E708230C930B910B99642800D065
:1038900084E60B9B5B0500D586E6B4E40722099B12
:1038A00007339343013294469C44624609921A6856
:1038B0005B6810009B4613005A46134307D10B9ACE
:1038C0001033110099430B91520500D5A1E60B9AD4
:1038D0006123920600D541230022DBB20EA90A3BE8
:1038E0008C4692460D9343461F3262445F461295C2
:1038F000A34655460400B24690460C9E13930DE035
:103900003032D2B2434601355A550023BB4200D172
:1039100000E1202D00D100E104000F00320000235F
:103920002000390000F0F6F9D2B2092AE8D90D9B3F
:103930009C466244D2B2E5E70B9A6123920600D519
:103940004123DBB20EA90A3B1F228C460D932300B4
:1039500062445C461295170055469B46B2460C9E43
:1039600008E03033DBB201357B55B4420ED3202D55
:103970000CD004003100200000F08AF9CBB20929F4
:10398000EFD90D9A94466344DBB2ECE756465C46A9
:10399000AA46129D3FE6099B1A0008CAD91713923E
:1039A0005A184A409246DA0F1292002B08D180230F
:1039B00010220B99DB000B4091430B91002B2BD174
:1039C0000B9A6123920600D541230EAA1F27944625
:1039D000DBB20A3B0D9567445D460993A346544606
:1039E000B2460C9E08E03033DBB201357B55B44261
:1039F0000ED3202D0CD004003100200000F048F937
:103A0000CBB20929EFD9099A94466344DBB2ECE7BB
:103A100056465C46AB460D9D0B9B2A0006930A9BBF
:103A200021000593434604930C9B08980393129B33
:103A3000013602935B46019316AB00934B46FEF7AB
:103A40001FFE139B05000993FFF727FB02230C932E
:103A50001AE7099B04CB92461293002A08D18023CF
:103A600010220B99DB000B4091430B91002B2BD1C3
:103A70000B9A6123920600D541230EAA1F27944674
:103A8000DBB20A3B0D9567445D460993A346544655
:103A9000B2460C9E08E03033DBB201357B55B442B0
:103AA0000ED3202D0CD004003100200000F0F0F8DF
:103AB000CBB20929EFD9099A94466344DBB2ECE70B
:103AC00056465C46AB460D9D0B9B2A0006930A9B0F
:103AD00021000593434604930C9B0898039300230D
:103AE00002935B46019316AB00934B46FEF7C8FD6D
:103AF000129B050009930136FFF7CFFAB44200D8B4
:103B000071E6149B54460E960F97AA469846159E4A
:103B1000139D8EE6A64200D8FBE6139B56469846B8
:103B2000AA465C46129D76E508C9D8171A18424085
:103B30000991FFF78AFB00230B9350E4099B04CB08
:103B40009346099359E52F00BBE50B9301E6063B2D
:103B50000C939AE60EB4012210B585B007AC08CCE0
:103B600001000094524204480394FFF771FA05B033
:103B700010BC08BC03B01847D925001000B585B0AB
:103B80000391012102900093034813004A4202A9C5
:103B9000FFF75EFA05B000BD5D28001010B5094AB8
:103BA0000300146884B0002C08D00122009106485C
:103BB000524203A9A047012004B010BD00F0E2FD6D
:103BC0000020F9E7442B00204D2800100148042173
:103BD000014B184780150020FD3B0010142310B541
:103BE0000100188804331B88984710BD162310B5B0
:103BF0000100188802331B88984710BDF8B5474666
:103C0000CE4680B50F1E19D0142399460433040004
:103C10000025012698464B461888434621681B8894
:103C2000984701C4431E9841013540420640AF42C7
:103C3000F1D13000C0BCB946B046F8BD0126F8E766
:103C4000124A936F9B0815D29066D166002905D061
:103C5000FFE7FFE7FFE7516F106F704704B5802162
:103C60000906C2175140002800D0C8430EF02CFEB0
:103C7000002104BDF0B5146E556E576F166FFFF737
:103C8000E3FF1466556657671667F0BD000000D065
:103C9000114A936F9B0813D210665166002905D014
:103CA000FFE7FFE7FFE7516F106F704704B500288B
:103CB00001D00020C0430EF007FE002104BDC04625
:103CC000F0B5146E556E576F166FFFF7E5FF14666B
:103CD000556657671667F0BD000000D094464E4AFF
:103CE000926F9208624601D230E0C046F0B54A4E6B
:103CF000B56F6D08FCD3346E756E776F366F00F05C
:103D000025F89446444A1466556657671667624616
:103D1000F0BDC0469446404A926F9208624601D276
:103D200058E0C046F0B53C4EB56F6D08FCD3346E1C
:103D3000756E776F366F00F04DF89446364A14660C
:103D40005566576716676246F0BDC046002B24DBF8
:103D500011D000293EDA00B5C943404200D10131FB
:103D600000F038F8C943404200D10131DB435242F0
:103D700000D1013300BD002AEBD1002801D1002978
:103D800005D00020C90FC90701D1C043410800B5C3
:103D90000EF062FD0022002300BD00B500290ADB01
:103DA000DB43524200D1013300F014F8C9434042D2
:103DB00000D1013100BDC943404200D10131DB4394
:103DC000524200D1013300F005F8DB43524200D1EA
:103DD000013300BD002923D1002B18D1002A0CD0BB
:103DE000BC460D4F38667A6600210023FFE7FFE7E7
:103DF000FFE77A6F386F67467047002801D00748A1
:103E0000010000B50EF028FD0022002300BD0200D5
:103E10000B00002000217047000000D0FFFFFFFFD3
:103E2000002B00D0BFE0130C28D1002AE7D080B4CB
:103E3000114F39667A66FFE7FFE730B4040C7B6FF9
:103E4000396F1B0423433B667A66FFE7FFE7FFE712
:103E5000C04684B27B6F3D6F1B0423433B667A668A
:103E6000FFE7FFE7C04600232C042D0C7A6F386F64
:103E700000196941B0BC7047000000D0F0B594460D
:103E80000025140E01D112020835140F01D11201C0
:103E90000435940F01D192000235D40F01D15200A4
:103EA0000135D40B0134254F7C66254C3C660E0C45
:103EB00093B2FFE7FFE7FFE73C6F6643360C7703FB
:103EC000BE467343DF0B5B04C01AB941130C734346
:103ED000DB18C91ACE086643360CB64493B2734356
:103EE0001F0F1B01C01AB941130C73431F0B1B0595
:103EF000C01AB941860D8F023E436643360C092D28
:103F000024DB520A7243801A7703460A6643360C52
:103F100016235B1BDE40DF40BF1964466643821BED
:103F20007046043506330100D940A840C01900D3BB
:103F30000131A24206D20023F0BD0000000000D0F3
:103F4000FFFFFFFF121B0130F3D3F1E709277F1BAF
:103F5000FE406446A2B27243801A00D20139220C9C
:103F60007243130C1204821A99410B0070460435F7
:103F700013370100F940A840801900D30131002B0C
:103F800002D1A2420AD2F0BD013000D30131121B8E
:103F9000FAD2013BF8D1A24200D2F0BD013000D3E9
:103FA0000131121BF7E7F0B51C0C00D080E00CB417
:103FB00000251C0A04D11B02160E334312020835D9
:103FC0001C0B04D11B01160F3343120104359C0B4B
:103FD00004D19B00960F334392000235DC0B02D1D3
:103FE00092185B4101351C00971864410134464F1B
:103FF0007C66464C3C660E0CFFE7FFE7FFE7C046D9
:104000003C6F6643360C7703BE4697B27743C01BBE
:1040100000D20139C01B00D201399FB27743C91BBE
:10402000C91B170C77437E04FF0B801BB941CE08D8
:104030006643360C0C2D33DBB644120B1F053A4396
:104040001B0B97B27743C01B00D201399FB2774355
:10405000C91B170C77433E043F0C801BB941860DEA
:104060008F023E43664329277F1BFE400C3D774667
:10407000AF40BF1930BCA2B2ABB272437343801AD7
:104080009941220C7243130C1204801A99410200C8
:104090000B000137001BA941F9D2781E0021F0BDA9
:1040A0000C277F1BFE4077467F0BAF40FF19E0E7F0
:1040B00000245D1C07D0144F7D663966FFE7FFE7DB
:1040C000FFE7FFE73C6F95B29EB265436643401B36
:1040D000B141150C1E0C6543664336042F0C3E435C
:1040E0002D04401BB141994204D202000B00200074
:1040F0000021F0BD01D19042F7D3801A99410134DB
:104100009942F2D3F6E70000000000D0FFFFFFFF66
:1041100048404140484018B4134B5B68019308BDC8
:1041200018B4114B1B68019308BD94460F4A926F57
:10413000920805D2624618B40B4BDB68019308BDA8
:104140000A4AF0B5146E556E576F166F6246FFF748
:10415000F2FF064A1466556657671667F0BD18B435
:10416000014B9B68019308BD601F0020000000D038
:10417000FFB550404240504059404B40594000E04C
:10418000FFB5154F4C00640D03D0BC4204D10C03A5
:1041900014D80020090D09055C00640D03D0BC4251
:1041A00004D11C030AD800221B0D1B0501264B401D
:1041B00009D44B4003D58B4200D18242FFBD9942C6
:1041C000FCD19042FFBD0B43DB1803431343F5D0F2
:1041D000C9434918FFBD0000FF07000000B5FFF705
:1041E000CFFF804100BDC04600B5FFF7C9FF01D930
:1041F000002000BD012000BD00B5FFF7B9FF01D9C7
:10420000002000BD012000BD00B5FFF7B1FF8041D7
:1042100000BD012040054A00121804D85A001218A7
:1042200001D800207047012070470020704700002F
:104230000021002805D17047C1174840401AFAD024
:10424000C90713B5064B1B6898470CBC441CA24019
:104250001005120B0349091B09051943114310BD31
:10426000702B00201F04000010B54C00620D80234D
:10427000D218DB00D21A5B057E2A10DD9E3A13DAD3
:10428000CC170903490819435242D1406400013454
:104290001532202A05DAD0400843604310BD0020C3
:1042A00010BD0846604310BDC80FC018013810BDCE
:1042B00018B4024B5B6A019308BD0000601F002028
:1042C00018B4024BDB6F019308BD0000601F002093
:1042D00010B50148FDF73EFFB82D0110132370B54E
:1042E0001D78012D11D035DD1C48FFF77FFC1C4CDB
:1042F00001008022200000F0DDF8022D27D01948AF
:10430000FFF76CFC184B186070BD184B144C236001
:104310006360A360E36023616361A361E36123627F
:104320006362A362E36223636363A363E36323645F
:104330006364A364E36423656365A365E36523663F
:104340006366A366E36623676367A367E367084B57
:10435000A364D4E7024C064BA364D0E753440000A7
:10436000601F00204C330000702B0020D142001051
:104370007543001007B5604601880A0A0230DF2A3B
:10438000FAD1C9B2820804D30288408800041043DD
:1043900000E00068014A5050039007BD601F0020F4
:1043A00051434343C9188C46110C83B24B4310B49C
:1043B000040C614392B280B2504362431C041B0C54
:1043C000001910BC59411304120CC018514161442A
:1043D00070470000014BDB6F18470000742B002072
:1043E00010B50148FDF7B6FED42A0110132310B50D
:1043F00010481C78FFF7FAFB0100012C0AD003DDFE
:1044000080220D4800F056F80C48FFF7E7FB0C4BF4
:10441000186010BD084C5422200000F04BF8230017
:10442000084A80332168002900D122600434A34265
:10443000F8D1E9E753460000742B00204C3300000C
:10444000702B0020E143001010B504000CF074FE46
:10445000002804D0034B04199C4200D810BD024828
:10446000FDF778FE00000420D02D011010B50C00DF
:104470000DF09CF9002804D0034B04199C4200D88D
:1044800010BD0248FDF766FE00000420D02D01108B
:1044900010B50CF05BFE10BD01480421014B18471C
:1044A00090150020FD3B0010014B1B6818470000D1
:1044B00090150020014B5B68184700009015002004
:1044C000030010B5080011001B68984710BDC046D6
:1044D000F0B546464F46D646C0B5437C80460E00F2
:1044E0001700002B46D0002A3FDD4B1E9946244B77
:1044F0000125002400209A460DE04B461B5D0D3B34
:104500005A425341325DDBB20A2A0BD02B000134F0
:1045100001359F421ADD002CEFD14346325D1B7CF2
:104520000A2AF3D1002BF1D1A04204DA4346211A22
:104530001B6830189847434650461B68022198472D
:10454000013428002B0001359F42E4DC874204DD62
:104550004346391A1B6830189847F619013E3378DC
:104560000D3B5A42534142461374E0BCBA46B14631
:10457000A846F0BD0368110030009847F5E7C04633
:104580004C2E0110F0B5C6460C000968060000B5B7
:10459000802906D04B1C23606418267180BCB84665
:1045A000F0BD0F4B1D68002D16D0231D98460D4FF2
:1045B00002E0ED68002D0FD02B68002BF9D03B688E
:1045C000002B01D0AB42F4D1280041462268FFF70E
:1045D0007FFFED68002DEFD101230021DBE7C0460E
:1045E0003027002038270020F0B557464E46454674
:1045F000DE461C00D023E0B51B061F68344B83B099
:1046000006000D00180001A991469A460EF06CF9BB
:104610008046002808D1019B7FB29F4204D05046BB
:104620000EF0AAF9012398466B1C03D130000DF05F
:1046300019FB0500002C27D1264F274B1C68002CA6
:1046400018D04B46002B21D1244B994602E0E46858
:10465000002C0FD02368002BF9D04B461B68002B91
:1046600001D0A342F3D120002A003100B847E4680A
:10467000002CEFD14346002B25D103B0F0BCBB4644
:10468000B246A946A046F0BD154FD6E7134B994652
:104690000A239B4602E0E468002CEBD02368002B41
:1046A000F9D04B461B68002B01D0A342F3D12A005E
:1046B00031002000B8475A466B4620001A7101A904
:1046C0000122B847E7E750460EF0BEF8D5E7C046EE
:1046D000281E0020D1440010302700203827002059
:1046E000C1440010F0B5CE46474680B583B06B4656
:1046F000DE1CD02330701B061C681F4B804601A9AE
:10470000180099460EF0F0F8071E20D01B4B1C68CD
:10471000002C28D01A4D02E0E468002C0FD023684A
:10472000002BF9D02B68002B01D0A342F4D120003C
:1047300001223100FFF7CCFEE468002CEFD1002FFE
:1047400011D1404603B0C0BCB946B046F0BD019B94
:1047500064B29C420BD048460EF00EF9074B01277D
:104760001C68002CD6D148460EF06EF8E9E7034BE2
:104770001C68002CCED1E4E7281E00203027002042
:104780003827002070B504000DF06CFA00230100FA
:10479000050001222000FFF727FF084B1C68002CB2
:1047A00006D06368002B05D09847E468002CF8D148
:1047B000280070BDE468002CF3D1F9E73027002011
:1047C000F0B54746D64680B516000F0083B00028E6
:1047D0002DD11C4B1C4D1A685B68019200931B4B3A
:1047E0009A461B4B984653461C68002C03D114E094
:1047F000E468002C11D02B68002B01D0A342F7D124
:10480000A368002BF4D03100380098470028EFDD72
:1048100003B0C0BCBA46B046F0BD434600995B6ADF
:10482000994209D842460198926A824202D30120F5
:104830004042EDE79942FAD101200021FDF7E8F866
:10484000D1E7C046282B0110382700203027002050
:1048500000400540F0B54F46D6464646C0B5013843
:104860000D00170082B0012842D8D0231B061C6817
:10487000214B01A918009A460EF036F8814600280F
:1048800008D1019B64B29C4204D050460EF074F8EB
:1048900001239946B8467B1C03D128000DF0E2F9AC
:1048A0008046164B1C68002C14D0154E02E0E468BC
:1048B000002C0FD02368002BF9D03368002B01D0D7
:1048C000A342F4D1200042462900FFF701FEE4682C
:1048D000002CEFD14B46002B06D1380002B0E0BCD3
:1048E000BA46B146A846F0BD50460DF0ADFFF4E71C
:1048F00001277F42F1E7C046281E00203027002014
:10490000382700200A4A1368002B05D10CE01A0052
:10491000DB680C32002B07D09842F8D1002902D175
:10492000C3681360C16070470029FCD01060FAE7CB
:1049300030270020F0B54746CE46D02380B51B0671
:104940001D682E4BA5B007000C00180003A998465F
:104950000DF0CAFF061E07D1039B6DB29D4203D026
:1049600040460EF009F801368422002103A8FFF723
:104970009BFD23003A00224803A9FFF7FFF8039BA1
:104980000700002B14D11F4B1C68002C06D0636855
:10499000002B0BD09847E468002CF8D1002E27D1CB
:1049A000380025B0C0BCB946B046F0BDE468ECE7BD
:1049B000144B1D689946002D1ED0134C02E0ED6883
:1049C000002D11D02B68002BF9D02368002B01D0CB
:1049D000AB42F4D1039B28001A0004A90193FFF70E
:1049E00077FDED68002DEDD14B4603951C68CCE7B3
:1049F00040460DF029FFD3E70395CFE7281E00209E
:104A00008545001030270020382700200FB400B55E
:104A100083B004A901C90191FFF78CFF03B008BC62
:104A200004B0184710B500F03DF910BD7047C046FE
:104A30000022014B1A707047AC2C00204B790020EB
:104A4000FF2B0BD18B79002B08D1CB79012B05D112
:104A5000082A03D98A78024B09301A707047C04679
:104A6000AC2C00200120704770B5002915D11549E4
:104A70005379107909781B0203430020994200D032
:104A800070BD5378012B0AD0022BF9D1002064228B
:104A90000021FDF741FD0120F2E70120F0E79478C5
:104AA000D278050012021443D20502D5620A93405F
:104AB0001D000548FFF792F87F21030021402800E0
:104AC0009847C046AC2C00205542000001230370DB
:104AD00000487047502E011048780B788A78000201
:104AE0001843120410439622CB7810B51B060343DB
:104AF000D200934200D010BD0348FFF76FF80021A9
:104B0000030008009847C0465542000070B5184C95
:104B100082B006000D00200001A90DF0E5FE00287E
:104B200008D1D0231B061B68019A9A421CD0200092
:104B30000DF022FF002001F01FFE002807D1032501
:104B40006D4220000DF080FE280002B070BD0020F4
:104B500001F02AFE0028F2D02A003100002001F0E6
:104B60002FFE051EEBD0ECE703256D42ECE7C046B7
:104B7000782C0020F0B5DE464F464646C0B5334B94
:104B800082B081460D00180001A99B460DF0ACFED5
:104B9000002808D1D0231B061B68019A9A424FD0E7
:104BA00058460DF0E9FE002001F0E6FD00283FD058
:104BB0000024002D41DD264E11E04B46002019193E
:104BC00001F072FE804600F065FE002001F030FE2C
:104BD000FCF714FF306071604444AC422DDA0020D1
:104BE00001F07CFE2F1B0200B84200DD3A00002AD3
:104BF000E3D100F04FFE002001F01AFE002001F08A
:104C0000BBFD002819D0002001F068FE0028E4D187
:104C1000FCF7F4FE326873680F00002184460D48EB
:104C200012184B419F4208D8D7D19445D5D904E0FA
:104C300000200021064B1860596058460DF004FE14
:104C400002B0E0BCBB46B146A846F0BD782C0020BF
:104C5000581F002020A1070010B5044B1878FBF75F
:104C6000BDFFFA200021800010BDC046AD2C002001
:104C700010B5024B1878FBF7B1FF10BDAD2C00202A
:104C800010B5074C002120000DF02EFE002800D1A9
:104C900010BD00F0FFFD20000DF0D6FDF8E7C04686
:104CA000782C0020F0B5244B85B01B7801F0FEFF76
:104CB0002248FDF78DF90120FCF718FAFF23204C5C
:104CC000204920701840FBF7AFFF20780121FBF747
:104CD00073FF0520FBF78AFF041E0CD0002205207D
:104CE0001949FBF7CBFF01211848FFF70BFE012400
:104CF000200005B0F0BDFCF76FFC0500FCF77EFE60
:104D0000FA2206000F000023920092197B4199427B
:104D10000ED80BD001210291002101910C492800ED
:104D20000091FCF75DFC0028E2D0DCE79042F1D96D
:104D300001225242D317EDE760530110782C002076
:104D4000AD2C0020814C0010714C0010A0150020EB
:104D5000594C001000487047082F01100048704758
:104D6000B42E011070B5040017480378002B21D031
:104D7000002C06D1C1241548154BA40043800480A3
:104D800070BD052C1DD8134B1048A400E558811C9C
:104D9000002304E001330A800231132B0ED0EA5CB9
:104DA000DCB2002AF6D1C0230134E4B264009B00D7
:104DB0001C43E4E7112102F00FFAD9E7CA24A4004A
:104DC000DDE70020DCE7C046902C0020082700200B
:104DD000090400001C2F0110F0B5982357464546E2
:104DE000DE464E466C4AE0B5D75880253C006D0241
:104DF000883B9A4683B02C402F420FD001222321BA
:104E0000664B00205A54DA70654901F073FA80222B
:104E1000644B92021A65644B2C009A46FB0617D429
:104E200080235B011F4245D18023DB011F4200D05C
:104E300088E080231B021F4200D091E0BC4200D0DA
:104E4000A5E003B0F0BCBB46B246A946A046F0BD03
:104E5000514B9B6D9846002B27D0524B00249B460C
:104E60000123994643460126B8461F0004E0013459
:104E70007600E4B2202C17D03742F8D05B469E650E
:104E80004B466508A3436D00ED18444B6D019C46ED
:104E90006544280000F08AFB00286CD10134B74338
:104EA000E4B27600002FE5D1474680235B015446EB
:104EB0001F42B9D01C430023374A00211360384AEF
:104EC0003A489360D3603A4A9360D360394A93601A
:104ED000D360394A9360D360384A9360D360384ACC
:104EE0009360D360374A9360D360374A9360D3604E
:104EF000364A9360D360364A9360D360354A9360F4
:104F0000D360354A9360D360344A9360D360344AA7
:104F10009360D360334A9360D360F0229200FFF72E
:104F2000C3FA314B314A00211A600020012201F0FE
:104F3000B7F980221B4B12031A658023DB011F4245
:104F400000D176E70122042100201C4301F018F96A
:104F50001022144B1A6580231B021F4200D16DE7FB
:104F60000122052100201C4301F00AF980220D4B8B
:104F700012011A6562E74B46AA8AA97800200093BD
:104F8000002301F0DFF9280000F04CFA86E7210049
:104F900017487940FDF7DEF8000011504027002047
:104FA0000000105000301150100001008027002038
:104FB0000800105010001050180010502000105021
:104FC0002800105030001050380010504000105091
:104FD0004800105050001050580010506000105001
:104FE00068001050700010504C2B002080011050B1
:104FF000342F011010B501210520FBF7DDFD10BD98
:1050000010B500220021024800F034FA10BDC0465D
:10501000602700208022024B5202DA647047C046AB
:1050200000201150F0B5C64600B5060000F0D4F9D6
:105030000C23354D0520AB673449FBF7F5FD4023C4
:105040009846334C402200212000FFF72DFA4346BA
:105050000127A383212100232E4A6770A2601360D9
:1050600063545F3161844146A187023963542A4AFF
:105070002A496360E260A1620B60E262284A6362CF
:105080009360D360274A20009360D360264A0021B2
:105090009360D360254A40309360D360244A936084
:1050A000D360244A9360D360234A9360D360234A39
:1050B0009360D360224A9360D360224A9360D360A6
:1050C000214A9360D360214A9360D360204A936061
:1050D000D360204A9360D3601F4A9360D360F0226C
:1050E0009200FFF7E1F91D4B1D4A30001A60802342
:1050F0009B052F64EB6490231A4AEA50FFF78AFF5E
:1051000080BCB846F0BDC04600001150D94D00101B
:1051100040270020840010500001105080001050E3
:1051200000001050080010501000105018001050CF
:10513000200010502800105030001050380010503F
:1051400040001050480010505000105058001050AF
:105150006000105068001050700010504C2B002060
:105160008001105010D001000B785B0602D14B7803
:10517000052B00D070478A78014B1A60FAE7C046C9
:1051800000001150F0B5CE464746072380B5487958
:105190008E780A790340C8787F21800731401B024E
:1051A000F40913434F00820F944691462A4D3A1951
:1051B0005201AA1896700126664056706046002675
:1051C0009383D6709077CA00012C29D02348844657
:1051D000880162448446AC446046826016600029BF
:1051E00029D01F4AC9009046414441603F223F33C5
:1051F00093434A46022A00D15B001A493F190A68C4
:105200007F01D3180B60184BED195340EA604A46F2
:105210009006184380231B0618436B68186010E043
:1052200012488446880162448446AC4460468262E7
:10523000166000290AD1002364012D196B600C4B04
:10524000EB600120C0BCB946B046F0BD064AC900BB
:10525000904641444162C9E7402700208400105035
:10526000040010504C2B0020000010508000105003
:105270000001105000231C4A10B59360D3601B4AF4
:1052800000219360D3601A4A1A489360D3601A4A87
:105290009360D360194A9360D360194A9360D360D6
:1052A000184A9360D360184A9360D360174A93609A
:1052B000D360174A9360D360164A9360D360164A4E
:1052C0009360D360154A9360D360154A9360D360AE
:1052D000144A9360D360F0229200FFF7E5F8124B76
:1052E000124A1A6010BDC04600001050080010504D
:1052F000100010508027002018001050200010507F
:10530000280010503000105038001050400010504D
:1053100048001050500010505800105060001050BD
:1053200068001050700010504C2B0020800110506D
:1053300010B57F200C0020404000E4091100001946
:105340001A00034B4001C01800F094F8012010BD72
:10535000402700207F22130010B50B400A420BD0DB
:10536000C90980225800401806494001401812011E
:10537000002100F05DF810BD02220348C909521A4D
:105380008266EEE740270020002011507F221000A7
:1053900010B508400A4200D110BD0023C9094000E1
:1053A000401804494001081800220349C37000F066
:1053B0003FF8F1E740270020FFF7FFFF7F21C309F7
:1053C000034A9B00014010B59A580248FCF7C2FE00
:1053D000B4150020482F011080220D4B520410B547
:1053E0001A600C4B0C491A6010008B689843FBD173
:1053F0000A4C9C2200212000FFF756F88022002151
:1054000052010748FFF750F80923636710BDC046F3
:1054100000E0004000F0004000C0004000001150DB
:10542000000010500023037443828382836170471D
:1054300010B58368002901D01C682140002A11D0D2
:105440008024E400114322420CD01A6822420BD17E
:10545000074A0A401A60FFE7FFE7FFE7FFE7FFE7B9
:10546000FFE78368196010BD8078FFF7A7FFC0468B
:10547000FFFBFFFFF0B5C646002300B58382013372
:105480000374436804001E68838B81611F1C934270
:1054900000D9171C8025BFB2D21B93B2E278ED0071
:1054A00063823D43002A02D09025AD013D43012097
:1054B0004240E2706278002A51D0002B1DD1A02317
:1054C000DB011D43354B1B6C354B33408026B60545
:1054D0001E436368A2681E6013685B055AD4314B93
:1054E0002B401360FFE7FFE7FFE7FFE7FFE7FFE77A
:1054F000A3681D6080BCB846F0BD802252011543F0
:10550000264A126C920703D4A278D209012ADBD171
:10551000A28B111C9A4200D9191C80278AB2FF0065
:105520009B1A90461743E2789BB26382002A03D00D
:1055300090274146BF010F4301214A40E270627843
:10554000002A19D0002B02D18023DB011F43164B08
:105550003F043340A026F6053D431E43B9E73A0019
:10556000E068FEF7A7FFA3699C46802367441B02FF
:105570001D43A761638AA0E7E0684246A169403005
:10558000FEF798FFA3694344A36180231B021F43D6
:10559000638AD7E7A078FFF711FFC04600001150DB
:1055A000FFFFFFAFFFFBFFFFFFFFFFDFF0B5C646CA
:1055B00000B5067C0400002E00D1D3E083681A6891
:1055C0001D684378AD05AD0D002B51D1838AEB18D2
:1055D0009BB28382A18B8D4207D2002363826368D2
:1055E0001B68300080BCB846F0BD6268126852008B
:1055F00002D58D4200D175E0638A002BF1D062683C
:105600001F1C16688B4200D90F1C8025BFB2DB1B04
:10561000E2789BB2ED0063823D43002A02D09025E0
:10562000AD013D4301214A40E2706278002A68D012
:10563000002B2AD1A023DB011D434F4B1B6C4F4B8A
:1056400033408026B6051E436368A2681E60136857
:105650005B0500D58DE04A4B2B401360FFE7FFE769
:10566000FFE7FFE7FFE7FFE7A36800261D60B8E755
:105670002A00C1688069FEF71DFFA38AA269EB18A2
:105680009BB25219A382A261A4E780225201154362
:10569000394A126C920703D4A278D209012ACED1DA
:1056A000A28B111C9A423FD880278AB2FF009B1A16
:1056B00090461743E2789BB26382002A2FD10121E2
:1056C0004A40E2706278002A3ED0002B02D180234B
:1056D000DB011F432B4B3F043340A026F6053D431F
:1056E0001E43B1E7A26815686278AD01AD0D002ACE
:1056F0001CD1EB18A3828D4200D37DE70023638287
:105700006FE73A00A169E068FEF7D4FEA3699C4602
:10571000802367441B021D43A761638A88E79027A3
:105720004146BF010F43CAE7191CBDE7E1682A00E3
:105730004031A069FEF7BEFEA38AA18BEB18A382BD
:10574000A3695B19A361D6E7E0684246A1694030CE
:10575000FEF7B0FEA3694344A36180231B021F43ED
:10576000638AB2E77F238178074A08481940FCF72B
:10577000F1FCA078FFF722FE00001150FFFFFFAF01
:10578000FFFBFFFFFFFFFFDFB4150020682F0110B4
:10579000024B5878431E9841C0B2704768240020DD
:1057A000024B18784007C00F7047C046682400209D
:1057B000014B18787047C046A82C0020F8B5474622
:1057C000CE4680B5294F05003B78002B04D0012040
:1057D000C0BCB946B046F8BD532200212448FEF7AC
:1057E00063FE244C2000FCF7F3FB234B1C60234C8E
:1057F00020001C30FCF708FC200001F0A1FC204B2D
:10580000204E1C60204B9846002B04D03000FFF740
:105810005DF91E4B1860424600243378002A1DD0E3
:105820001B4A9046194A91469C4210D31BD14346CD
:10583000984701343378E4B2A342F5D22800FFF749
:10584000F1FB2800FFF7D6FB01233B70BFE74A4678
:10585000630012681B19DB009B58E9E701F04AF866
:105860003378002BEAD000231B68FFDEA82C002031
:105870006824002020240020BC240020BC15002027
:10588000C0240020A72C0020CD4A00103021002089
:10589000F5680010F0B5DE4657464E464546E0B581
:1058A0008BB001F009FA002800D144E1C24BC34E8D
:1058B0009B4607AC3568EA69EFF3108172B613684E
:1058C000002BFCD0BFF35F8F29622800210001F07C
:1058D000ABFAEA692B6ABFF35F8F0021116083F393
:1058E0001088002800D126E16378082BE2D85A46B8
:1058F0009B00D3589F466368002BDBD0A068984775
:10590000D8E77F222179AE4B0A405500C8095B19C0
:105910001B18180001273030C578BD43C570C57805
:105920000337BD43C570002A00D10BE1A54ADB7CDB
:10593000002A06D0A44A1278934200D291E19B1A21
:10594000DBB2002B00D0F6E0A04D62792078A3688E
:10595000A847AFE701229A4F01213B780420134367
:105960003B703323FA5C8A43FA54FA5C8243FA545C
:105970000133FA5C8A43FA54FA5C8243FA5423787E
:1059800000209A4600F066FE602223791A40602AC1
:105990000DD0402A00D1F2E0DB06DB0E012B00D156
:1059A0006AE1022B00D121E1002B00D1F6E0207842
:1059B0000021FFF7CFFC80212078FFF7CBFC79E7AF
:1059C0007F4B1B78DB0700D474E7814B002B00D1A1
:1059D00070E700E000BF6DE7794B1A78D20700D47A
:1059E00068E77C4A002A00D164E718780007C00FF6
:1059F00000E000BF5EE7744D724A00272B78002A52
:105A000000D1B6E0744A90469F4208D39F4200D02E
:105A1000B2E00137FFB29F4200D94BE7F6D24146D0
:105A200009687A008C46D219D20062445269002A71
:105A3000EFD02078904701372B78FFB29F42E3D90F
:105A400038E72378604D5F4A984600272B78002A74
:105A500000D186E0614A91465F4A92462A00454657
:105A60009046BB425ED800D078E04B46280098476D
:105A7000434601371B78FFB2BB42F2D2504D53224E
:105A800000212800FEF710FD1022FF21E81CFEF780
:105A90000BFD28002022FF211330FEF705FD00F04A
:105AA000CFFD4F4B002B00D104E700E000BF01E722
:105AB0002378454D434A984600272B78002A47D043
:105AC000464A9146444A92462A00454690469F429D
:105AD0001FD343D14B4628009847434601371B78D4
:105AE000FFB2BB42F3D2364D532200212800FEF70D
:105AF000DBFC1022FF21E81CFEF7D6FC2800202248
:105B0000FF211330FEF7D0FC00F09AFD2379AB7033
:105B1000D0E6524612687B009446DB19DB006344F2
:105B20005B68D8E7524612687B009446DB19DB00BD
:105B300063445B689AE70BB0F0BCBB46B246A9462B
:105B4000A046F0BD62792078A36800F097FDB1E629
:105B5000404600F00DFF2B78002BC4D000235B687B
:105B6000FFDE404600F004FF2B78002B00D185E7D4
:105B7000F4E7002B00D19DE600235B69FFDE1948A6
:105B8000002800D113E700F065FD0021504608AA67
:105B900000E000BF002800D08CE608E7202A00D1F2
:105BA0009FE0002A00D002E76379092B00D9FEE6C6
:105BB0000D4A9B00D3589F469C2F0110C024002003
:105BC00068240020CD4A0010A72C0020656B00102F
:105BD000000000000000000030210020716900106A
:105BE0000000000000000000C02F01107023217A87
:105BF0000B4200D0DBE60F330B405B00F818CD09F9
:105C00000093C14B4019C07C002B06D0BF4B1B78C2
:105C1000984200D288E0C01AC0B200287ED1002A83
:105C200000D015E1BA4B01936379984602234246AE
:105C300099469A43012A00D10EE14346002B00D039
:105C4000B5E6009B06AAFB185D193035EB780232E9
:105C50009B07DB0F13805046022308A900F092FC3B
:105C600028E65A00D318AB4ADB001268D318002B81
:105C700000D160E71D6968E6237A0F2B00D996E60C
:105C8000A14AFB18DB78002A05D0A04A127893427B
:105C900064D39B1ADBB2002B00D088E69E489C4D53
:105CA00000F0D8FC00215046EB6808AA984700286D
:105CB00000D0FFE56022150023791D401A4200D074
:105CC00075E663790A3B012B00D970E600F0C2FC4F
:105CD00063790A2B00D1EEE0504608A900F03AFCA7
:105CE000E8E5237A0F2B00D961E6874AFB18DB78B9
:105CF000002A06D0854A1278934200D2D0E09B1A3F
:105D0000DBB2002B00D052E68348814D00F0A2FCAC
:105D100000215046EB6808AA98473BE7002A00D0CC
:105D200045E6002301937FE743009C46794B60449E
:105D30001B68C0009C46030063440193002A00D105
:105D400072E7002B00D132E6D86800F083FC019B9B
:105D500000215046DB6808AA98471BE76D4A5D00A2
:105D6000EB181568DB00ED18002D00D11FE6E86880
:105D700096E7E388012B00D019E608223B785046CD
:105D8000934308A93B7000F0E5FB93E502203978C6
:105D900006AB9A1C8B068908DB0F01400B4359E7C1
:105DA000A37901931A007B789A4207D07B78002B65
:105DB00000D01EE1019B002B00D0B3E0019B5046B8
:105DC00008A97B7000F0C6FB74E57B7806AA023256
:105DD00013705046012308A900F0D4FB6AE5E0885F
:105DE000030AC0B20F2B00D9E1E54C499A008A584A
:105DF000974608A800F034FC5046A179FFF700F957
:105E000002223B7813433B7054E5E388012B00D01A
:105E1000CDE508223B785046134308A93B7000F0BB
:105E200099FB47E5022B00D194E13D4B002B00D1BB
:105E3000BDE500E000BF0200002A00D1B7E5D3783D
:105E400091781B020B43504608A900F09BFBA1E68A
:105E50002F4B3148019378E7E288002A09D1434665
:105E6000012B3DD0009BFB185D193035EB789B076B
:105E70002AD5019D002D00D11CE5EB681800009388
:105E800000F0E8FBEB68002108AA50469847002084
:105E900000F0E0FB3423FB5CDB0700D50AE51BE7E1
:105EA0001C4A5D00EB181568DB00ED18002D00D1D1
:105EB0007DE5E8682AE706AB9A1C5046012308A94D
:105EC000157000F05FFBF5E45046FFF743FA02223D
:105ED000EB7813430122EB70EB781343EB70C8E7C8
:105EE000009BFB185D193035EB789B07C1D55046F8
:105EF000FFF74CFA4A46EB7893434246EB70EB7857
:105F00009343EB70B5E7C046CD4A0010A72C0020A4
:105F10002830011030210020816A0010E82F011084
:105F200000000000581EC0B2FEF718FF002800D184
:105F30003DE543780493022B00D038E50121C37975
:105F40009A115B110A400B4052011B0113433A782E
:105F50002F318A4313433B7009239946C3788278D3
:105F60001B021343C31881440393039B4B4500D882
:105F7000E9E04B4601225B7800920B2B07D14B46A0
:105F8000DB7800934B461B7899444B465B78042B97
:105F900000D00CE54A46039B00259B1A9BB2029356
:105FA0006E4A6F4B1B78002A16D162E0AB4271D16A
:105FB0006C4A6D4B904649465046029A9847844633
:105FC000082802D9029A824269D2654B01351B78B2
:105FD000EDB2AB4200D2EAE4AB42E7D9634A6B00D0
:105FE00012685B199046DB009844434605929B6813
:105FF000E1E75046FFF73EF9BB78594D574A009309
:1060000000212B78002A2DD0584A90462A000D00F6
:1060100091469D421DD300D0A0E5554B5046984770
:106020004B4601351B78EDB2AB42F2D25322002130
:106030003800FEF739FA1022FF21F81CFEF734FA77
:1060400038002022FF211330FEF72EFA009BBB7090
:10605000B0E6424612686B0094465B19DB0063446D
:106060005B68DBE7504600F083FC2B78002BDDD02B
:1060700074E5029B49461A005046984600F08EFC93
:106080008446082801D9404507D9354B1B78002B99
:1060900000D18CE400239B68FFDE324B9846009BC6
:1060A000012B48D0009B002B10D04B469978002341
:1060B00005E0D5700133009ADBB2934206D2CA18CC
:1060C000D2B2BA18D078FF28F3D070E43800E04696
:1060D0002B0049466246133000F02EFE204BC1448F
:1060E0001B78AB4200D340E761E4224B002B00D188
:1060F0005DE400E000BF0200A1E6FEF72BFE1223E4
:10610000020008A9504600F03DFA43E51A4B002B67
:1061100000D14CE400E000BF021E00D147E450462D
:10612000137808A900F02EFA34E52189FEF71AFE4B
:10613000021EF4D13BE442460B4B92689A42B4D122
:10614000049B0093B1E70D4B002B00D136E600E035
:1061500000BF33E6FEF702FE02006DE6CD4A0010F6
:10616000A72C0020283001109D690010302100204C
:106170007169001000000000000000000000000035
:1061800030B587B005000C000C2200216846FEF7F0
:106190008BF96B461D705C70042C4FD009D8022C13
:1061A00034D0032C19D13C4B1A78520758D407B07D
:1061B00030BD052C11D1384B1A78D207F7D5042100
:1061C0001A788A431A70354B1C68E269EFF3108124
:1061D00072B61368002B09D1FBE7304B1C68E269EB
:1061E000EFF3108172B61368002BFCD0BFF35F8F02
:1061F00021626946200000F0E5FEE269236ABFF3F0
:106200005F8F0021116083F31088D0E70121224BBA
:106210001A788A431A701A780331A2431A7000223E
:106220005A701A788A431A701C4B1C68E269EFF3A3
:10623000108172B61368002BD8D1FBE7164B1A7881
:10624000D207B4D504211A780A431A70134B1C687C
:10625000E269EFF3108172B61368002BC6D1FBE739
:1062600004211A7803A88A431A7000210C22FEF731
:106270001BF96B466A461D7305235373074B1C6855
:10628000E269EFF3108172B61368002BFCD0BFF304
:106290005F8F216203A9ADE768240020C02400209D
:1062A00070B584B001AC06000D000C220021200066
:1062B000FEF7FAF8012363700D4B25711D682670F7
:1062C000EA69EFF3108372B611680029FCD0BFF3BE
:1062D0005F8F2B622100280000F074FEEA692B6AB0
:1062E000BFF35F8F0021116083F3108804B070BD8D
:1062F000C0240020002330B585B001AD6B8028702C
:106300000633082202A86B70FEF7D4F80C4B1C6809
:10631000E269EFF3108372B611680029FCD0BFF375
:106320005F8F23622900200000F04CFEE269236A9F
:10633000BFF35F8F0021116083F3108805B030BD7B
:10634000C0240020F0B5C646804600B584B001AC3C
:106350000F0016000021082220001D00FEF7A4F8FF
:1063600043462370072363700F4B65711D682771C7
:10637000A660EA69EFF3108372B611680029FCD0B9
:10638000BFF35F8F2B622100280000F01BFEEA693B
:106390002B6ABFF35F8F0021116083F3108804B074
:1063A00080BCB846F0BDC046C0240020F0B54646CB
:1063B000D6464F468046C0B50C0015001E00002A88
:1063C0002ED070239946184B00279A466378052BE8
:1063D0000FD1E1788907890FB1420AD14A46A378E3
:1063E0001A4206D153462000997800F069FC002833
:1063F00005D10020E0BCBA46B146A846F0BD210058
:106400004046FEF7BFFE0028F3D0A378DA09012A40
:1064100008D0089A137023780137E418AF42D5DB0F
:106420000120E7E7099AF5E768240020702270B59B
:106430008B7805000C001A4201D0002070BD064B7D
:106440002000997800F03CFC0028F6D021002800BC
:10645000FEF798FEF2E7C0466824002070B57F245E
:106460000C406300144CC909E41864183034E37814
:10647000DB07DD0F002B18D1E3785B0701D528007F
:1064800070BD01210D4E494230680CF03DFAE378B1
:10649000DB07DD0F002B0AD1E3785B0708D4042269
:1064A000E37801251343E37002E00025E7E70025C8
:1064B00030680CF0C9F9E2E768240020BC24002011
:1064C00070B50C0001210F4D494228680CF01CFAF0
:1064D0007F2121404B000C49E409C91809193031CA
:1064E000CB780024DB0708D4CB785B07DC0F002BCC
:1064F00003DA0422CB789343CB7028680CF0A4F91C
:10650000200070BDBC2400206824002070B57F25C9
:106510000F4C0D406D0064190600C8092418303472
:10652000E5780020ED0700D570BD0125E07828430F
:10653000E0703000FEF7FCFE0028F5D10122E37880
:106540009343E370E37803329343E370ECE7C04690
:106550006824002070B50A4E0500300008220C00A7
:10656000FDF7A8FF00237F21F3602278B3609142FA
:106570005B412800D90100220023FFF7C7FF70BD4F
:106580000C240020F8B5CE46474691462A4E80B5E9
:106590000822070030000D009846FDF78BFF4B46A0
:1065A000B3600023F381EC79A97924020C43231C06
:1065B000444500D943469AB29046B381002C13D08B
:1065C000002A1FD04B46002B34D0131C402A1FD862
:1065D0009BB2984633787F2B20D80021174A434638
:1065E0003800FFF793FF09E07F222B7838009A42AA
:1065F000644100230022E101FFF788FFC0BCB946D7
:10660000B046F8BD33787F2B11D980210022E6E710
:1066100040239BB2984633787F2BDED9074C424605
:1066200049462000FDF746FF80212200D7E70021E0
:106630000022D4E70020E1E70C24002028240020D9
:1066400010B5142200210248FDF72EFF10BDC046F0
:106650000C240020014B18617047C0460C24002018
:1066600010B5054C010008222000FDF723FF002390
:10667000A360E36010BDC0460C240020F8B53B4C7D
:106680001D0023780600DA09C9098A4213D00020C8
:10669000002D00D0F8BD364B002B03D02100300078
:1066A000FEF762FD2369002B44D022000221300056
:1066B00098470120EEE77F2B06D8A068002837D046
:1066C0002A002C49FDF7F6FEA368E28959195219F0
:1066D000E38892B2E281A160934214D03F2D12D997
:1066E000A589A81A071C80B240282FD82378BFB2EA
:1066F0007F2B2DD80021AA4235D01E4A3B00300006
:10670000FFF704FFC6E72369002B05D02200012113
:106710003000984700280FD07F22002123783000D6
:106720009A42494100230022C901FFF7EFFEB1E779
:106730000020AFE70120ADE700213000FEF70AFEA0
:1067400030008021FEF706FE0120A3E74027CDE7B9
:10675000AA4207D0074C3A002000FDF7ABFE80218B
:106760002200CBE780210022C8E7C0460C2400208D
:10677000695100102824002010B50400FFF708F824
:10678000002801D1002010BDFFF70AF80028F9D138
:10679000B6208000444303480019037901201840C3
:1067A000F1E7C04634210020B6239B00584310B5C2
:1067B000024B1030C01800F011FB10BD3421002036
:1067C000F0B5B625AD0045432C00C646174F103432
:1067D000E41900B5200092B200F074FB060020001E
:1067E00000F014FB3F2803D8300080BCB846F0BD51
:1067F0007B190020D9789846FFF730FE0028F3D0A7
:10680000200000F003FB3F280AD996239B00EA18DA
:106810004346D219D97800204023FFF777FEE3E7FB
:1068200043460020D978FFF74BFEDDE734210020F6
:10683000F8B50400FEF7ACFF002801D10020F8BD38
:10684000FEF7AEFF0028F9D1B620800044432500B2
:10685000144E2C35AD19280000F0C0FA0028EDD0F8
:1068600037190020B978FFF7F9FD0028E6D0A623F4
:106870009B009C466444A41921002800402200F09B
:1068800021FBB978051E08D0030022000020FFF785
:106890003DFE0028D2D02800D1E70020FFF710FEEF
:1068A000CCE7C0463421002070B5B624A400444390
:1068B000094B2C34E418050092B2200000F0C0FB14
:1068C0000600200000F08AFA3F2801D8300070BD91
:1068D0002800FFF7ADFFF9E734210020B6239B0025
:1068E000584310B5024B2C30C01800F08FFA10BD81
:1068F00034210020B622F0B51B4C83B000212000CB
:106900009200FDF7D1FDFF236371184B802600250F
:10691000E380012708232100200076002373320042
:10692000278148310095073B103000F01BFA210009
:10693000200049313200FF31012300972C3000F054
:1069400011FA92239B00E6183000FBF741FB9423D9
:106950009B00A662E61830006562FBF739FB2664EF
:10696000656403B0F0BDC0463421002000C2FFFFC3
:1069700010B5094C052200212000FDF795FD2000EF
:106980002C34103000F0DCFB200000F0D9FB01219A
:10699000200000F0FBFB10BD34210020F0B54B7946
:1069A000060083B0022B02D18B79022B03D0002585
:1069B000280003B0F0BD2F4FBB78002BF7D18B78A8
:1069C00009253B700C780C196378242B0BD1082A0D
:1069D00002D80FE0AA420DD32378E418ED186378AB
:1069E000ADB2242BF6D0052B20D0042B02D1637935
:1069F0000A2B2ED0204C200000F008FA3F28D7D9CF
:106A00002600103E0020F178FFF728FD0028CFD0A7
:106A1000200000F0FBF93F2816D992239B00E218D2
:106A2000F17840230020FFF771FDC1E7210030001D
:106A3000FFF7FCFC0028BAD0A3787B702378ED1810
:106A4000E4186378ADB2D0E7F1780020FFF738FDA5
:106A5000AEE70A4B27780193013300930222022309
:106A60003000E119FFF7A2FC0028A0D00E35ED1987
:106A7000ADB2BFE7342100204421002036210020A0
:106A8000F8B5602314001278050013400020202B75
:106A900012D12F4A6379277916781B023B439E4215
:106AA0000AD16378222B27D007D8202B17D0212B8F
:106AB00002D100293DD00120F8BD232BFCD10029B3
:106AC0003FD00229F7D1234B002BF4D0E178A378F3
:106AD00009020020194300E000BF0120ECE7002973
:106AE00027D00229E7D11C4B002BE4D00020911DB8
:106AF000FDF7F2FF0120DFE7002922D00229DAD1D9
:106B000001252E00A378E478013924021C43147176
:106B100026402C321000714000F038FB0F4B002B48
:106B2000C9D06208002031002A4000E000BF0120E7
:106B3000C2E7072321002800094AFFF723FD0120AF
:106B4000BAE721002800FFF705FD0120B4E7C046A1
:106B50003421002000000000D94A0010000000008D
:106B60003A210020F8B557464E464546DE46E0B588
:106B7000494F8046FA780C001E008A4264D19AB2CE
:106B800096239B00FD1810239B46BB4429005846C2
:106B900000F056FA414BD946002B18D07B79D946E4
:106BA000FF2B14D0002E12D0AA19924603E0013513
:106BB00055450CD07B792A789A42F8D1484600F0A6
:106BC0001DF90028F3D1797900E000BFEFE7344BDD
:106BD000002B04D0484600F011F9002852D0484656
:106BE00000F014F93F2834D84A46103A9378A3426B
:106BF00007D001242000F0BCBB46B246A946A046FF
:106C0000F8BD284B002B02D0002000E000BF002080
:106C1000FFF70EFE0028ECD1234D280000F0DEF82F
:106C20000028E6D1002EE4D0B306E2D12C3D404648
:106C3000A978FFF713FC041EDBD000230022404696
:106C4000A978FFF763FCD5E7BB788B42D9D0002445
:106C5000D0E74D46103D0020E978FFF7FFFB002804
:106C600001D1AB78C3E7484600F0D0F83F280CD9F3
:106C70009222920040230020E9784A44FFF746FC24
:106C8000AB78B4E700E000BFA9E70020E978FFF7A0
:106C900017FCAB78ABE7C0463421002000000000B1
:106CA00000000000000000006021002010B500205E
:106CB000FEF784FD10BDC04610B5FEF779FD10BD8E
:106CC000072210B544790379224012021A43C3788F
:106CD0009B079B0F022B05D0032B15D00020012B07
:106CE00008D010BD02291CD000204023934240410F
:106CF000C0B2F6E702394B4259410D4B9C46614404
:106D000091424041C0B2ECE702394B425941F02375
:106D1000002049429B001940403191424041C0B29D
:106D2000DFE7044B9C46624453425A41D0B2D8E755
:106D3000FF03000000FEFFFFF0B5002A11D0002481
:106D40007F274D78052D06D13D008E7835406D00AA
:106D5000F6094519AB550D786419A4B24919A24238
:106D6000EFD8F0BDF0B5C64600B5150006AA1E0066
:106D70001378802204000F009846120295422AD808
:106D80004069002803D0012149420BF0BDFDA069F4
:106D9000002803D0012149420BF0B6FD4346A580EF
:106DA0006D00ADB223726B1EA381002360696D423A
:106DB000E3812760E68065812382002801D00BF003
:106DC00043FDA0690124002801D00BF03DFD200007
:106DD00080BCB846F0BD0024F9E7C046C189028AEC
:106DE0008B1A9BB2914202D242899B1A9BB2828833
:106DF000101C9A4200D9181C80B270470300C08949
:106E00001B8AC01A43425841C0B2704710B5C489AA
:106E1000018A8388621A92B28C4202D24089121A85
:106E200092B2981A80B210BD70B5040080690E004D
:106E3000002803D0012149420BF066FDE189228A36
:106E400088B28D1A93B2ADB2914202D26289AD1A64
:106E5000ADB2A288AA4207D2904225D261895118C8
:106E6000411A89B215002182002D02D122E09B1A1D
:106E70009BB29A42FBD9E288216853433000C9187B
:106E8000FDF718FB228A0125531C9BB29A4214D9A4
:106E9000002362899B189BB2A0692382002801D03D
:106EA0000BF0D2FC280070BD811AA58989B28D42F1
:106EB000D8D2D3E70025238A9BB2A2899A42EBD28B
:106EC000E7E7C046F0B54F464646D646050080691E
:106ED00088469146C0B5002803D0012149420BF0F5
:106EE00013FDEA892B8A91B2D61A9CB2B6B29A42A5
:106EF00002D26B89F61AB6B2AF88B74209D2B9424C
:106F000054D26B89FB18CB1A9BB23E002B822C8A81
:106F1000A4B2002E50D04B46B14545D89EB2A742F0
:106F200003D8E41BA4B2A742FBD9EB88381B190095
:106F300099462B6861439C4680B26144864225D9BC
:106F40004B46584383B21A0040469A46FDF7B2FAC0
:106F50004B464046F71BE4195C432968A2B25044F3
:106F6000FDF7A8FA2A8A93199BB29A4218D96A891E
:106F70009B189BB2A8692B82002801D00BF064FCFF
:106F80003000E0BCBA46B146A846F0BD4A4640468D
:106F90007243FDF78FFA2A8A93199BB29A42E6D878
:106FA000AA899A42E6D2E2E7331CB7E7CB1BAA894B
:106FB0009BB29A42A9D2A4E72B8AAA899BB29A4291
:106FC000D8D2D4E7F8B5040040690E00002803D0F9
:106FD000012149420BF098FCE289218A95B2531AAB
:106FE0009BB2914202D962899B1A9BB2A2889A42B3
:106FF00021D02B00954203D39B1A9BB29A42FBD916
:10700000E28821685343C8183100FDF753FA6B1C1E
:107010009BB29D420BD962899B189BB26069012784
:10702000E381002801D00BF00FFC3800F8BDA289E5
:107030009A42F3D2EFE7277A002FDAD1F5E7C0467C
:10704000F8B545464E46DE4657468846E0B505004B
:10705000161E5AD04069002803D0012149420BF086
:1070600053FCEF892B7A298ABFB289B2002B3BD11E
:107070007A1AAB8892B28F4202D26989521A92B2BE
:107080009A1A111C92B2B24253D8EA888EB2924632
:10709000F21A92B291463C009F4203D3E41AA4B282
:1070A0009C42FBD250462A68604394461B1B9BB20D
:1070B000524660449E422AD841467243FDF7FAF98F
:1070C000F3199BB29F421CD8AA899A4219D36869C6
:1070D000EB81002801D00BF0B7FB3000F0BCBB46C1
:1070E000B246A946A046F8BDEA88AB8892469E42C1
:1070F00021D3F61A56430022B0440F001E009146D9
:10710000C9E76A899B189BB2E1E70026E5E753438C
:107110009BB21A0041469B46FDF7CCF9220053462C
:1071200041464A445A43286892B25944FDF7C2F98D
:10713000C6E7311CA9E7F21A92B29146ABE7C04606
:1071400010B504004069002803D0012149420BF02A
:10715000DBFBA069002803D0012149420BF0D4FBDE
:107160000023E3812382A38860695B009BB25A1EDF
:107170005B42A2816381002801D00BF065FBA0690E
:10718000002801D00BF060FB012010BD70B5040099
:1071900040690D00002803D0012149420BF0B4FBE7
:1071A000A069002803D0012149420BF0ADFB6069C2
:1071B0002572002801D00BF047FBA069002801D000
:1071C0000BF042FB012070BD10B5024800F0D8F86A
:1071D00010BDC046682B002030B54B1E012900D1E0
:1071E000A7E0664A11780D112C0030349F2900D990
:1071F000A2E00470012B00D1BEE00F2114782140E1
:107200000C003034092900DD98E04470022B00D1D5
:10721000B2E054782511290030319F2C00D990E03C
:107220008170032B00D1A7E00F2121400C003034E6
:10723000092900DD87E0C470042B00D19CE094781C
:107240002511290030319F2C00D97FE00171052BD9
:1072500000D191E00F2121400C003034092900DDDC
:1072600076E04471062B00D186E0D4782511290000
:1072700030319F2C00D96EE08171072B00D17BE06B
:107280000F2121400C003034092966DCC471082B21
:1072900000D171E014792511290030319F2C5FD87D
:1072A0000172092B68D00F2121400C0030340929CC
:1072B00058DC44720A2B5FD05479251129003031F3
:1072C0009F2C52D881720B2B56D00F2121400C00DD
:1072D000303409294BDCC4720C2B4DD09479251124
:1072E000290030319F2C00D9073101730D2B43D079
:1072F0000F2121400C003034092901DD37310C0009
:1073000044730E2B38D0D1790C11220030329F29D2
:1073100000D9073282730F2B2ED00F220A401100A2
:107320003731092A01DC30321100C173102B23D010
:1073300010300023037030BD07345AE737310C009A
:1073400063E707316CE737310C0074E707317DE7FD
:1073500037310C0085E707318EE737310C0095E7B0
:1073600007319DE737310C00A3E70731AAE7373132
:107370000C00C4720C2BB1D1C018DAE7682B0020C6
:1073800030B5002589B004000922002101A800952C
:10739000FDF78AF80922002105A80495FDF784F875
:1073A0004B236A466846137004A90D220BF044FA79
:1073B0001521082220006944FDF77CF809B030BD92
:1073C000F8B557468246384B454653445A425341D6
:1073D000802292029446DE464E465B421B0C334AA4
:1073E0001B046344E0B51360314A0D00314913605A
:1073F00018008A6890438146FAD10620FBF726F8E8
:10740000804680200221EF0D6E02AB0DAA024000E3
:1074100005E0904507D392197B4181423FD00C0093
:107420000231002BF5D0802627023F1B760002E0B8
:107430003F1B012E35D039004046B346013EFCF7D4
:1074400027FC8542F4D2594633029946614353469C
:107450004A461C611B6850465340FF2212021340EB
:107460008022520102431360036807205840CF2353
:10747000034013605246802303209B0124321A43A9
:1074800010605246101D1843022303604046FCF76B
:10749000FFFBF0BCBB46B246A946A046F8BD0C00B7
:1074A000C1E72100D3E7C0460040FCBF00E0004038
:1074B00000F0004000C00040002070477047C04608
:1074C000F0B5CE46474680B583B06B46591D1323B1
:1074D0000B700D3B6B44994601254A4600231370FF
:1074E0002B00C268D02793403F06BB610C4B0400C1
:1074F0000122180098460BF00FFA6B46DE1D320091
:107500000123494640460BF017FAE3689D407D6130
:107510003078E369C01A03B0C0BCB946B046F0BDCC
:1075200000C00340F0B5C64600B503682A4A1B698F
:10753000040082B093424AD16B46591D13230B704D
:107540000D3B6B44984601250023424613702B00E7
:10755000C268D02793403F060122BB611F480BF051
:10756000DBF96B46DE1D3200012341461B480BF060
:10757000E3F9E3689D407D613078E369C01A002833
:1075800027D0E36906220133E3616B460125591DCB
:1075900000236A440B7013702B009046E268D027DA
:1075A00093403F060122BB610C480BF0B5F96B46D6
:1075B000DE1D32000123414608480BF0BDF9E368A7
:1075C0009D407D61307802B080BCB846F0BD9847E0
:1075D000D5E701204042F6E7C174001000C0034027
:1075E000F0B5DE4657464E464546E0B585B002AB9F
:1075F0005F1D22233B7002AB9E1D012500233370CB
:107600002B000C00C16800928B40D02109068B61D1
:107610008146934688460122390031480BF07CF9B7
:1076200002AA9446072363449A4631000123524636
:107630002B480BF081F94B46DB6841469D404D617C
:107640005146DC4609782A008C4460460190FF28A8
:1076500003D9FF20411A00910190009900291FD001
:1076600001228B469046A3442278D02532704246B0
:1076700080219A402D06397019483900AA610122EB
:107680000BF04AF901235246310015480BF054F92A
:107690004B464246DB6801349A406A615C45E3D15F
:1076A000A223D0243B70019B240633703900A261D1
:1076B0000B4801220BF030F95246012331000848F3
:1076C0000BF03AF94B46DA68012393400098636166
:1076D00005B0F0BCBB46B246A946A046F0BDC046C8
:1076E00000C00340F0B5C64600B50368434A1B69B5
:1076F000040082B0934200D07AE06B46591D1323F8
:107700000B700D3B6B4498460125002342461370D5
:107710002B00C268D02793403F060122BB61384846
:107720000BF0FAF86B46DE1D320001234146344867
:107730000BF002F9E3689D407D613078E369C01A7F
:10774000002857D001266A460D23002753713300C5
:107750009771E268D02593402D06AB616B460122FC
:10776000591D27480BF0D8F86A46694601230732AD
:10777000063123480BF0E0F83300E26820489340DC
:107780006A466B61D27990466A4657719771AB61D0
:107790006B460122591D0BF0BFF86A46694601236A
:1077A0000732063116480BF0C7F83300E268694625
:1077B00093406A466B61D7798D224A716A46414689
:1077C0009171AB616B460122591D0D480BF0A4F875
:1077D0006A46694601230A48073206310BF0ACF8C5
:1077E000E36838009E406E6102B080BCB846F0BDD0
:1077F0009847A5E701204042F6E7C046C174001053
:1078000000C00340F0B5CE46474680B585B06B4614
:10781000D9710368374A5B680400934263D16A46B2
:107820002223537300239373C26801339946934014
:10783000D022120693610D236B44190090460F2746
:1078400001222D480BF068F80E216F4401233A0005
:10785000294869440BF070F84B46E26800269340D3
:10786000424653613D78FF2D1ED169468D73D02568
:10787000A2222D064A73AB610D236B44190001222D
:107880001D480BF049F80E2101233A001A486944BB
:107890000BF052F80123E26893406B61300005B0B1
:1078A000C0BCB946B046F0BD6A466846D279802170
:1078B00082734246417393610D236B441900012288
:1078C0000D480BF029F80E2101233A000A486944BB
:1078D0000BF032F84B46E2680135934042464E4683
:1078E0005361EDB2C1E769460122073198470600AE
:1078F000D4E7C046E175001000C00340F0B54E4625
:10790000DE4645465746E0B50126040085B0C0680E
:107910008946F9F791F83300E268D0259340206951
:107920002D066B626B61431C0FD0F9F785F83300AD
:1079300022690A2093406B62AB61F9F771FF2369FA
:107940000A209E406E61F9F76BFFB549B548FFF715
:1079500037FD01211020F8F7C7FF01211220F8F7A9
:10796000C3FF01211320F8F7BFFF0820F9F764F8DF
:10797000D02580232D065B006B626B6102AB5F1D1F
:1079800042233B7002AB9E1D0023E268337001333B
:107990009846934039000122AB61A2480AF0BCFF2F
:1079A00002AA0123310007329E480AF0C5FF434670
:1079B000E2680021934002AA6B61D2798A46122ABA
:1079C00007D0504605B0F0BCBB46B246A946A0461B
:1079D000F0BD6F323A709346013A32703900AB61B4
:1079E0007F3A90480AF098FF02AA0123310007323B
:1079F0008C480AF0A1FF4346E26893404A46D117FB
:107A00000193C9046B61530BA2611943D004002395
:107A1000854AFCF77FF986233B70030C3370019B8A
:107A2000814601223900AB617E480AF075FF02AA47
:107A30000123310007327B480AF07EFF4346E268AB
:107A40003900934087226B613A704A46120A3270BD
:107A500074480122AB610AF05FFF02AA01233100E2
:107A6000073270480AF068FF4346E26839009340E5
:107A700088226B613A704A466A4832700122AB61D3
:107A80000AF04AFF02AA01233100073265480AF0D2
:107A900053FF4346E268390093408E226B613A708F
:107AA0005246604832704246AB610AF035FF02AA86
:107AB0000123310007325B480AF03EFF4346E2688B
:107AC000390093408F226B6191463A705246554877
:107AD00032704246AB610AF01FFF02AA0123310057
:107AE000073250480AF028FF4346E26839009340C5
:107AF0000C226B613A7052464A4832704246AB6182
:107B00000AF00AFF02AA01233100073245480AF0B1
:107B100013FF4246E3688C219A406A613970032161
:107B200002ABDB793F480B4333703900AA61012275
:107B30000AF0F2FE02AA01233100073239480AF0A6
:107B4000FBFE4346E26839009340A6226B613A701F
:107B5000A23A32703348AB61033A0AF0DDFE02AA62
:107B60000123310007322F480AF0E6FE4346E2685F
:107B700039009340CD226B613A70493A32702948FE
:107B8000AB61833A0AF0C8FE02AA01233100073232
:107B900024480AF0D1FE4346E268390093408B2224
:107BA0006B613A70603A32701E48AB612A3A0AF053
:107BB000B3FE02AA0123310007321A480AF0BCFEC4
:107BC0004346E2683900934089226B613A704A4625
:107BD00014483270AB618E3A0AF09EFE02AA01236D
:107BE000310007320F480AF0A7FE4346E268390029
:107BF00093405A466B610B483A703270AB61803AE1
:107C00000AF08AFE02AA01230732310005480AF071
:107C100093FE4246E3689A4001236A619A46D0E6A1
:107C2000D430000000C003400048E801F0B5D6465B
:107C30004F464646C0B582B06B4601275D1D9C1D70
:107C4000002323709A463B00C26806009340D0226E
:107C5000120690462F7089469361290001227748C9
:107C60000AF05AFE6A4601230732210073480AF0DF
:107C700063FE3A00F3689A4043465A616B46DB79EB
:107C8000DB439B0700D1B9E012232B7053462370CE
:107C9000434629009A61694801220AF03DFE6A467E
:107CA00001232100073265480AF046FE3B00F268D6
:107CB0009340424653616A46D17908220A4200D075
:107CC00085E081222A702270D022120693619046AC
:107CD0002900012259480AF01FFE6A4601270123A4
:107CE0000732210055480AF027FE3B00F268934016
:107CF000424653614A46002A00D181E01D222A7083
:107D0000002222704246290037624C4893610122CA
:107D10000AF002FE6A4601232100073247480AF0B2
:107D20000BFE3A00F3689D219A4043465A616B4628
:107D300029700121DB790B432370434629009A61A6
:107D40003E4801220AF0E8FD6A460123210007327D
:107D50003A480AF0F1FDF36801229F4043465F6113
:107D60008D232B70002323709946D0231B069F611F
:107D70002900324898460AF0CFFD6A4601270123C0
:107D8000210007322D480AF0D7FD3B00F268290098
:107D9000934042465361A2222A704A4622704246CC
:107DA0002648936101220AF0B7FD6A4601232100AB
:107DB000224807320AF0C0FDF36801209F40434685
:107DC0005F6102B0E0BCBA46B146A846F0BD227081
:107DD00092214246297019489361290001220AF034
:107DE0009BFD6A4601230732210014480AF0A4FDD6
:107DF0003B00F26893404246536162E70020E0E7AF
:107E000032621D222A704A4622704246290093613E
:107E10000A4801220AF080FD6A4601232100073248
:107E200006480AF089FD3A00F3689D219A404346CE
:107E30005A616B46DB792970BB437DE700C0034084
:107E4000F0B5D6464F464646C0B5040082B000297C
:107E50003DD0836A002B00D19BE06B465F1DC023A1
:107E60003B706B4601259E1D402333702B00C2687A
:107E700039009340D0221206936191464A4801226C
:107E80000AF04AFD07236B4498463100012342461D
:107E900045480AF051FD2B00E26893404A46536181
:107EA0008122D0253A702D06023232703900AB6142
:107EB000823A3D480AF030FD0123424631003A48FB
:107EC0000AF03AFD0123E26893406B615AE06B4689
:107ED0005F1D81233B706B4601259E1D83233370FC
:107EE0002B00C26839009340D0221206914693615C
:107EF0002D4801220AF010FD07236B4498463100FB
:107F00000123424628480AF017FDE3684A469D408F
:107F1000556112229246113A914603E00020F9F78A
:107F20007FFCE36852463A70002232704A46D02500
:107F30009A402D063900AA611B4801220AF0ECFC88
:107F400001234246310018480AF0F6FC4B46E2682D
:107F5000934042466B61117808220A42DED092219A
:107F60003270397001223900AB610F480AF0D4FC3D
:107F70000123424631000C480AF0DEFC4A46E36821
:107F80009A406A61012002B0E0BCBA46B146A846F8
:107F9000F0BD0123C26893406A46571D961D072213
:107FA0006A4490467CE7C04600C00340F0B5C64630
:107FB00000B582B06B46591D1A230B70143B6B44FD
:107FC000984601250023424613702B00C268D02733
:107FD00093403F0604000122BB610D480AF09CFC5F
:107FE0006B46DE1D32000123414609480AF0A4FC1D
:107FF000E368084A9D407D61A169A42330789142DD
:1080000000DD073BC01A02B080BCB846F0BDC046D8
:1080100000C003403FDD4A1FF0B5CE46474680B55D
:1080200083B06B46591D19230B70133B6B44994663
:1080300001244A46002313702300C268D0279340CE
:108040003F06BB61104B05000122180098460AF05C
:1080500063FC6B46DE1D32004946012340460AF0B0
:108060006BFCEB6800209C407C613056FCF7E4F828
:108070000022064BFCF773F8FCF722F903B0C0BCF2
:10808000B946B046F0BDC04600C003400000D03F36
:1080900010B541624069002905D001220821044B36
:1080A000F8F764FC10BD00220821F8F735FCF9E769
:1080B000B5830010F0B5DE46454657464E46E0B55E
:1080C00083B06B465D1DC0232B706B4601279C1D42
:1080D000002323709B463B00C26806009340D022D9
:1080E000120693618A469046290001224C480AF004
:1080F00013FC07236B449946210001234A46484854
:108100000AF01AFC3B00F268934042465361524623
:10811000002A63DD1D222A705A4622704246290039
:1081200037623F48936101220AF0F6FB01234A4679
:1081300021003B480AF000FC3A00F3689D219A4078
:1081400043465A614B46297001211B7834480B4342
:108150002370434629009A6101220AF0DDFB0123C6
:108160004A4621002E480AF0E7FB3B00F2689340A4
:1081700042465361A2222A705246227042469361BF
:108180002900012226480AF0C7FB4A4621000123A4
:1081900023480AF0D1FBF36829009F4043465F6102
:1081A00081232B7004332370D0231B069F6101228F
:1081B0001B4898460AF0B0FB4A46012321001848A4
:1081C0000AF0BAFB0123F26893404246536103B0C0
:1081D000F0BCBB46B246A946A046F0BD5A46326244
:1081E0001D222A705A4622704246290093610C488B
:1081F00001220AF091FB01234A46210008480AF0B7
:108200009BFB3A00F3689D219A4043465A614B46D6
:108210001B782970BB43237043469A61B0E7C04680
:1082200000C00340C160026143617047F0B5C646BB
:1082300000B582B06A461223012653710023937160
:108240003300C268D02593402D06AB616B46040015
:10825000591D012256480AF05FFB6A466946012310
:108260000732063152480AF067FB3300E268504893
:1082700093406A466B61D779922290466A4641469E
:1082800097715171AB616B460122591D0AF044FB95
:108290006A46694601230732063145480AF04CFB1D
:1082A0003300E268414693406A466B6151719771B1
:1082B000AB616B460122591D3D480AF02DFB6A4611
:1082C000694601230732063139480AF035FB32008E
:1082D000E3689A40202319006A6139403B4254D137
:1082E0007B0656D5236AE161002B59D168461321DC
:1082F000837141716B46AA610122591D2C480AF015
:108300000BFB6A46694601230732063128480AF00A
:1083100013FBE3686A469E406B466E61DF7910236B
:1083200053710023D02593716B462D06591D0122F0
:10833000AE611F480AF0F0FA6A4669460126012339
:10834000073206311A480AF0F7FA3300E268684645
:1083500093406A468D216B61D27941718271411DD2
:108360000122AB6112480AF0D7FA6A466946012336
:108370000F48073206310AF0DFFAE3689E40636A6D
:108380006E61002B01D03800984702B080BCB8461F
:10839000F0BD3B07F9D5A36A002BF6D09847F4E768
:1083A00022236846437181716B46AA610122A4E7CA
:1083B00000C0034010B5F8F731FB0248FFF736FF65
:1083C00010BDC0467C20002009490A4B08311960C5
:1083D0000949002299600821D960013119610239E7
:1083E0005A6059619A61DA611A625A629A627047F8
:1083F000483001107C20002000C00340F8B5050083
:108400000F00161E0CD0002402E00134A64207D053
:108410002B682800395D1B6898470028F5D1260095
:108420003000F8BDF8B503680E4A5C6805000F68B7
:108430004E68944210D1002E0CD0002403E0013489
:10844000A64207D02B682800395D1B689847002892
:10845000F5D126003000F8BD32003900A0470600F3
:10846000F8E7C046FD83001010B503681B68984705
:1084700010BDC046F8B54746CE46050080B50F1E74
:108480001DD00668080009F0EDFB7468104B8146AA
:1084900080469C4216D100280CD0002403E0013411
:1084A000A04507D02E682800395D3368984700281A
:1084B000F5D1A1464846C0BCB946B046F8BD002338
:1084C0009946F7E7020039002800A0478146F1E706
:1084D000FD830010036870B50B4A5D680400954287
:1084E0000DD10D211B689847002807D023680A2169
:1084F0001B6820009847431E9841013070BD02223E
:108500000249A847FAE7C046FD83001080300110F9
:10851000F0B5D6464F464646C0B5066805007368B6
:108520000F1E9A4635D0080009F09CFB1E4B804672
:1085300099469A4531D10024002804D10CE0013439
:108540002E68A04506D02800395D3368984700287A
:10855000F5D12E6873689A46CA4514D10D212800BA
:1085600033689847002808D02B680A211B68280028
:108570009847431E98410019441C2000E0BCBA46AD
:10858000B146A846F0BD022228000849D047241869
:10859000F3E7054B00249946DEE702003900280086
:1085A000D0472E680400D5E7FD830010803001100D
:1085B00070B5040003681B68984723680D4A5E681D
:1085C0000500964210D10D2120001B689847002815
:1085D00008D023680A211B6820009847431E984151
:1085E0004019451C280070BD022220000249B047F6
:1085F0002D18F7E7FD83001080300110F0B54746D5
:10860000CE460D002023002180B58BB0160001AAB4
:108610000700D154012E35D909AC05E03033DBB267
:10862000013C237096420ED828003100FBF730FB46
:108630002A00CBB205000929F0D93733DBB2013C5F
:1086400023709642F0D9200009F00CFB3E68114BD4
:108650007568804681469D4216D100280CD00025C1
:1086600003E00135A94507D03E683800615D3368F5
:1086700098470028F5D1A84640460BB0C0BCB94683
:10868000B046F0BD0A26C7E7020021003800A8471F
:108690008046F1E7FD83001070B505000C00002A4C
:1086A00004D10368C9B21B68984770BD0A2A0DD16E
:1086B00000290FDA03682D211B6898470A2206005B
:1086C00061422800FFF79AFF8019EEE7D2B2FFF768
:1086D00095FFEAE70A22FFF791FFE6E770B504008D
:1086E000FFF7DAFF23680E4A5E680500964210D154
:1086F0000D2120001B689847002808D023680A2114
:108700001B6820009847431E98414019451C2800CB
:1087100070BD022220000349B0472D18F7E7C0467C
:10872000FD8300108030011070B50400FFF7B4FF26
:1087300023680E4A5E680500964210D10D21200084
:108740001B689847002808D023680A211B6820006E
:108750009847431E98414019451C280070BD0222CD
:1087600020000349B0472D18F7E7C046FD830010ED
:108770008030011010B5002A04D10368C9B21B680B
:10878000984710BDD2B2FFF739FFFAE710B5002ABB
:1087900004D10368C9B21B68984710BDD2B2FFF775
:1087A0002DFFFAE710B5002A03D103681B6898472C
:1087B00010BDD2B2FFF722FFFAE7C04670B5040041
:1087C000002A1AD10368C9B21B6898472368124A65
:1087D0005E680500964219D10D2120001B6898475C
:1087E000002808D023680A211B6820009847431EF0
:1087F00098414019451C280070BDD2B2FFF7FEFE1B
:108800002368054A5E6805009642E5D002222000F2
:108810000249B0472D18EEE7FD83001080300110AB
:1088200070B50400002A1AD10368C9B21B689847C2
:108830002368124A5E680500964219D10D21200076
:108840001B689847002808D023680A211B6820006D
:108850009847431E98414019451C280070BDD2B26C
:10886000FFF7CCFE2368054A5E6805009642E5D016
:10887000022220000249B0472D18EEE7FD830010C8
:108880008030011070B50400002A19D103681B68FC
:1088900098472368124A5E680500964219D10D2157
:1088A00020001B689847002808D023680A211B680D
:1088B00020009847431E98414019451C280070BD70
:1088C000D2B2FFF79BFE2368054A5E680500964218
:1088D000E5D0022220000349B0472D18EEE7C0463C
:1088E000FD8300108030011070B506000C00002AD6
:1088F00004D10368C9B21B68984770BD0A2A0DD11C
:1089000000290FDA03682D211B6898470A22050009
:1089100061423000FFF772FE2818EEE7D2B2FFF78F
:108920006DFEEAE70A22FFF769FEE6E7F0B5DE46EC
:108930004E4645465746E0B595B099461EAB1B7866
:10894000834698460192012B00D87BE019004648E7
:108950001F009CB2FBF774F980B20123002263432D
:1089600001329BB2D2B28342F9D39A464B4602926D
:10897000002B6DD00024019D52460023280049465B
:10898000FBF7C8F983B21A00039353465343ED1A19
:10899000029B89460190ADB2002B11D01E19F6B290
:1089A00039002800FBF74CF941462B00220085B224
:1089B00048430134181AE4B204AB9854B442EFD1DE
:1089C0004B46002BD7D1019B5345D4D8039B002B9A
:1089D00011D04646039D39002800FBF731F901000C
:1089E0002B002200714301345B1A04A985B2E4B262
:1089F0008B540028EFD1002C1CD0661E04AB350030
:108A00009C465F46654408E030313800C9B2F6B292
:108A10009847013D002E0DD0013E3B6829781B6828
:108A20000929F1D937313800C9B2F6B29847013D6A
:108A3000002EF1D1200015B0F0BCBB46B246A946CD
:108A4000A046F0BD0A230A240A279846074884E76F
:108A5000019B534500D98DE76B469B880024039307
:108A6000002BB6D1E6E7C046FFFF000099190000D1
:108A7000F0B583B01D00089B06001400002B05D143
:108A80000368D1B21B68984703B0F0BD0A2B10D120
:108A9000002D0FDA03682D211B68984708990700FD
:108AA00000236242AB4130000091FFF73FFF3818CE
:108AB000EAE7DBB2009322002B003000FFF736FF1D
:108AC000E2E7C04600B583B00499002905D10368E8
:108AD000D1B21B68984703B000BDC9B20091FFF73F
:108AE00025FFF8E770B582B00699040000291BD174
:108AF0000368D1B21B6898472368134A5E68050073
:108B000096421BD10D2120001B689847002808D0F1
:108B100023680A211B6820009847431E984140198A
:108B2000451C280002B070BDC9B20091FFF7FEFEDF
:108B30002368054A5E6805009642E3D002222000C1
:108B40000249B0472D18ECE7FD830010803001107A
:108B5000F0B583B01F00089B04001600002B1BD14A
:108B60000368D1B21B689847050023681D4A5E68F8
:108B7000964228D10D2120001B689847002808D074
:108B800023680A211B6820009847431E984140191A
:108B9000451C280003B0F0BD0A2B1AD1002F19DAAA
:108BA00003682D211B689847089900237242BB4136
:108BB000050000912000FFF7B9FE2368094A5E68AE
:108BC0002D189642D6D0022220000749B0472D1812
:108BD000DFE7DBB2009332003B002000FFF7A6FE88
:108BE0000500C2E7FD83001080300110F8B547464C
:108BF000CE4680B51D00089B80461700002B01DA89
:108C0000022308933A002B0038002900FBF701FBF0
:108C1000002800D0FCE001226C006408380021002C
:108C20008C4B5242FBF7F5FA002809D1012238009B
:108C30002100884B5242FBF7D7FA002800D196E07A
:108C4000E02238002900844B1206FBF7DDFA0028E9
:108C500000D077E0E02238002900804B1206FBF7B5
:108C6000BDFA002800D0B8E0002200233800290017
:108C7000FBF7B4FA0024002800D08DE0089B002BFD
:108C800000D19BE0002600207549764B0022FBF7BF
:108C90004CFA0136089BF6B29E42F6DB02000B004E
:108CA00038002900FBF73CFA0F000600FBF700FB39
:108CB0008146FBF7BDFA0B00020039003000FBF7DC
:108CC0002AFA0A2206000F0040464946FFF796FCA2
:108CD00043461B6804195A689146634A914500D07F
:108CE000B2E01B682E2140469847431E9841089BDE
:108CF000041999465B4B002230003900FBF72FFA2C
:108D00000F000600FBF7D4FA0A22010005004046D6
:108D1000FFF774FC24182800FBF78AFA0B00020006
:108D200039003000FBF7F7F901235B429C46E14430
:108D30004B4606000F00002BDCD12000C0BCB9461A
:108D4000B046F8BD43461B68474A5C6894422FD141
:108D50000024464D04E00134032CEED043461B684A
:108D60004046295D1B6898470028F4D1E5E7434653
:108D70001B683D4A5C68944244D100243C4D04E0A9
:108D80000134032CD9D043461B684046295D1B683B
:108D900098470028F4D1D0E743461B682D211B6873
:108DA0004046984780231B069C460400654465E7BF
:108DB000032240462D49A0470400BEE70022284B6D
:108DC00038002900FBF7ACF9FBF772FA0A22010020
:108DD0004046FFF713FC2418AFE743461B68224ABE
:108DE0005C689442E4D10024204D04E00134032C5B
:108DF000A3D043461B684046295D1B68984700285E
:108E0000F4D19AE7032240461949A047040094E7A9
:108E100043461B68144A5C6894420FD10024154DE8
:108E200005E00134032C00D187E743461B68404628
:108E3000295D1B6898470028F3D17EE7032240464E
:108E40000C49A047040078E7012240460A49C84778
:108E50004DE7C046FFFFEF7FFFFFEF41FFFFEFC190
:108E60000000E03F00002440FD8300108830011026
:108E7000843001107C2B01103C4B011000B583B0F5
:108E800004990091FFF7B2FE03B000BD70B5040075
:108E900082B006990091FFF7A9FE23680E4A5E682A
:108EA0000500964211D10D2120001B68984700282B
:108EB00008D023680A211B6820009847431E984168
:108EC0004019451C280002B070BD02222000034951
:108ED000B0472D18F6E7C046FD8300108030011022
:108EE000002330B51400102285B000930193039342
:108EF000036802929D6922686B46A8476B461A79FF
:108F0000062300201340062B02D1009B0130236072
:108F100005B030BD009B981A431E9841042340427F
:108F2000984306307047C04610B50400034B083321
:108F3000036000F069FD200010BDC046BC30011088
:108F400010B50400054B0833036000F05DFD200000
:108F5000082100F045F8200010BDC046BC300110CB
:108F600070B516001D00069A049B040093420ED0B3
:108F70002900200000F04CFD002806D0079B049A31
:108F80001E711A600123079A9371002070BD059924
:108F900000F03EFD0028EBD0079B5E71F5E7C04670
:108FA00070B515001C0000F033FD002804D0082324
:108FB000E360023B2560237170BDC046F8B5050033
:108FC0000C0017001E0000F023FD002807D1032E1F
:108FD00005D823683A00290020005B699847F8BD4E
:108FE00010B507F021FA10BD1EB400F093F81EBCB6
:108FF00009F072FCF0B5C64600B51E0003780C00FF
:1090000082B0472B1DD00023284D01932B682800E8
:109010009B6898470127002803D0019B01371B68F4
:109020000193236829001B692000984601AA0123A7
:10903000C047002824D10027380002B080BCB846C1
:10904000F0BD43784E2BDED18378552BDBD1C3782E
:10905000432BD8D10379462B1CD00379432BD2D193
:1090600043792B2BCFD183792B2BCCD1C379012BF7
:10907000C9D808D003005830203B1D680190C5E7CF
:10908000019B3360D8E7203800680300783B1D68F7
:109090000190BBE743794F2BDFD18379522BDCD191
:1090A000C379002BD9D1024D0193AFE704310110F0
:1090B000FC30011010B5040000F078F8230022788D
:1090C000203B472A05D08268002A20D183600120F6
:1090D00010BD62784E2AF6D1A278552AF3D1E278F3
:1090E000432AF0D12279432AEDD162792B2AEAD1A1
:1090F000A2792B2AE7D1E279012AE4D8DA69013290
:10910000DA61012AE3D182689A618360DFE700F0C7
:10911000C3FBC04610B500F049F88368002B2ED081
:1091200020229A5C472A04D0002282602033180053
:1091300010BD263A9A5C4E2AF6D12C3A9A5C552AF2
:10914000F2D1323A9A5C432AEED11F3A9A5C432A12
:10915000EAD11E3A9A5C2B2AE6D1053A9A5C2B2A70
:10916000E2D1043A9A5C012ADED8DA69013ADA617E
:10917000002ADBD19A69826000229A61D6E700F06A
:109180008BFBC0467047C0467047C04600487047DA
:10919000E830011010B504000421FFF721FF200082
:1091A00010BDC04600487047C020002000487047EE
:1091B000C0200020F8B5DE46454657464E468B4651
:1091C000E0B50500502825D00F2028400C2800D9F4
:1091D00076E03C4C80002058874650781678000294
:1091E00094780643D0782404000634430443101DC9
:1091F000002C08D070262E40102E00D193466DB260
:109200005C44002D0CDB1C60F0BCBB46B246A9469A
:10921000A046F8BD032103328A43100010C8F2E7CC
:109220002468F0E750781678000294780643D078E6
:10923000240400063443044310000830D8E754786F
:10924000107824020443901CD2E754781678240244
:10925000344324042414901CCAE77F219046002440
:109260000027894646463178701C4E460E40BE4067
:1092700034434EB280460737002EF3DB1F2FB7D89A
:109280004906B5D50126BE4076423443B2E70021F7
:1092900088467F311700002489463E003178013727
:1092A0008A464946564631404646B1400C4307215E
:1092B0008C4651464EB23800E044002EEDDB97E775
:1092C00007F0CAFC9C310110020010B50800FF2A0B
:1092D00015D070231340302B17D004D8202B07D182
:1092E00009F0A2FA03E0402B0BD109F01DFB10BDE1
:1092F000202B02D86023134201D007F0ADFC0020E0
:10930000F5E70020502BF2D0F7E709F0D5FAEEE7A9
:10931000F8B505000E0014000020002D02D0280032
:1093200009F002FB2060771C3678FF2E29D160609F
:109330003B78781C2375FF2B33D0102300250021A8
:109340007F2623753200037801301A408A405BB2D1
:1093500015430731002BF5DB4519E5600025002298
:109360007F2603780130637531000378013019409E
:1093700091405BB20D430732002BF5DB45192561A7
:10938000F8BD29003000FFF79FFF3A000100231DC0
:109390003000FFF70FFF07003B78781C2375FF2B89
:1093A000CBD10023E360D9E7F0B5DE46454657460A
:1093B0004E460023E0B593B0089303338B469046A6
:1093C0000340012B16D0022B0FD14146584609F01D
:1093D0005BFA0924002800D10824200013B0F0BC57
:1093E000BB46B246A946A046F0BD002B00D190E096
:1093F00007F032FC08231A000240034200D19AE031
:1094000002231A4302920C910CAD00230C2200217E
:109410004046009509F030FA404609F0BDFA039045
:109420000028D2D02A0003994046FFF771FF414639
:109430000600287DFFF748FF0BABA8600F220093C2
:109440009A4600210023404609F07EFA01220B9B38
:109450009343013B99462B699E4263D27F276C7DE3
:1094600000212000FFF730FF3200010009AB20008F
:10947000FFF7A0FE6C7D060000212000FFF724FF0F
:10948000320001000AAB2000FFF794FE6C7D06005D
:1094900000212000FFF718FF534601003200200092
:1094A000FFF788FE0024002103003A001B780130FA
:1094B0001A408A405BB2060014430731002BF3DBED
:1094C000099A2B68944663444B4519D9029BDB07E4
:1094D0002BD500230024049353460D220093002132
:1094E00000234046089D09F02FFA5B460B9A9C62C8
:1094F0001A62039A0624DA62049A5D621A636CE7C0
:109500000A9A944663444B456FD82B698342A6D888
:10951000DCE7030700D558E701230CAD02935B4657
:109520000C9372E7029B1A42D3D10823029A13428A
:1095300058D000F0B1F90CAD0C6A00230D220021C7
:109540004046009509F000FA0C9B9C4202D0022391
:109550000293E4E75B460C220C9300210023404673
:10956000009509F089F95B461B6B0493002B39D0F9
:109570005B469C6ADB6A03930BAB9A460326002C7E
:1095800056DB5B460B935346002200210093404676
:10959000002309F071F9534601220021009340464F
:1095A00000230B9409F068F953460F220021009321
:1095B0004046002309F0C8F901230B9A002113400B
:1095C000049A404613430B9353460F220093002303
:1095D00009F052F90724022E00D0FEE65846FFF7A4
:1095E00069FDFAE6584606F041FF0B9B002B00D1BF
:1095F000EBE66A68944663440493002C37D1002B51
:1096000000D1E2E6029BDB0700D5DEE60823029AE2
:10961000134200D122E100240226B2E7079B544600
:10962000AB469846B2464D46029BDB0700D553E752
:109630002A0003994046FFF76BFE4146287DFFF75D
:1096400043FEE343E9689B00A860C9180B68002B40
:1096500005D0002301339A008A58002AFAD15A46CD
:10966000936204230326D0621363516389E72A6956
:10967000631E9446049A6344002A00D1A5E6002B99
:1096800000D1E0E0029908220800104006900A424A
:1096900000D1CDE059463F320A7007324A70073296
:1096A0008A70123ACA7003320A7109324A7103325F
:1096B0008A710022CA710022059242467F27A9467C
:1096C0000792002400211A0010783A0002408A40D4
:1096D0000133144342B21D000731002AF3DB1F2976
:1096E00006D84022024203D03F3A8A4052421443F5
:1096F000002600213A001878013302408A401643C0
:1097000042B20731002AF5DB1F2906D84023034265
:1097100003D03F3B8B405B421E43002C11D013DC37
:109720005B46002B02D0069B002B4AD04A46E343FF
:10973000D2689B009B58002B2CD0002E6DD0AB190B
:10974000BFE701230593F8E74B46187DFF2862D059
:1097500007230340022B5BD02DD9032B2ED0042BE3
:1097600000D045E6E20052424B46DB6849469C4643
:10977000896853466244FFF71DFD0B99002909D003
:109780005B46002BD9D00022584608ABFFF732FCCD
:109790000028D2D0079B4D469846029BDB0700D598
:1097A0009AE6069B002B00D1E8E60326002C00DB9E
:1097B000E7E600F07DF8002B00D019E6A200524247
:1097C000D2E7089B0F9A0B93E34390469B00984483
:1097D00043461968002943D05B465246AB46A24631
:1097E0001D004446B046160004E0616804340029B8
:1097F00000D113E73300002228006118FFF7FAFBBD
:109800000028F2D02B00B2465D4646469B4694E7C0
:1098100062005242A8E70022A6E7079B9846059BF4
:10982000002B00D1D1E5029BDB0700D5CDE5F2E6A8
:109830005A46D1795832012901D008923BE7783A4B
:109840001268089237E7029BDB0700D5BDE5029A54
:10985000082314001C401A4200D0DCE6022690E6E1
:10986000079B4D469846DFE606F090FE61E6C0464F
:1098700070B5804707F0F0F906F088FE07F0ECF9C4
:109880000D00040006F0BCFE6B1C02D1200006F0A7
:10989000FDFDFFF7A9FBC046024B10B51868FFF7A6
:1098A000E7FFC046E415002010B58047FFF7F4FF3E
:1098B000024B10B51868FFF7F7FFC046E01500200F
:1098C000014B18687047C046E4150020014B18682A
:1098D0007047C046E015002010B50400034B083364
:1098E0000360FFF721FB200010BDC04604320110C9
:1098F00010B50400054B08330360FFF715FB20008B
:109900000C21FFF76DFB200010BDC0460432011092
:10991000F0B583B01E00089B05000F0014009342B1
:109920000AD0A868089A036800921D6A22003300D2
:109930003900A84703B0F0BD310000F069F80028F5
:10994000EFD00620F6E7C046F0B5C64600B50D00DC
:1099500084B01900060090461F0000F059F8041E5C
:1099600018D10A9B0C9A934231D00D9AB068290005
:10997000036803920C9A02920B9A01920A9A00923F
:10998000DC6942463B00A0470400200004B080BCD4
:10999000B846F0BD0D9B0A9A1A6042461A71002D16
:1099A0000EDB0A9B00249C460C9B65445D1B6B42AE
:1099B0005D4105236D421D400D9B01359D71E4E71E
:1099C0000024AB1CE1D101230D9A9371DDE7300037
:1099D0000B9900F01DF80028C7D042460D9B5A7124
:1099E000D3E7C046F8B507000C0015001E00FFF7CE
:1099F000D7FA002806D1B8682A00036821009F69B9
:109A00003300B847F8BDC0467047C04600207047D5
:109A100010B5814211D0406803782A2B0BD04968D9
:109A20000B782A3B5A425341C91808F0CFF84342F9
:109A30005841C0B210BD0020FCE70120FAE7C04643
:109A400070B53D4B82B01A78002A44D101221A70B9
:109A500006F0B0FE002834D04468002123782A3B69
:109A60005A425341E41801235B4200220193200033
:109A700001AB06F05FFC314D06002B683022DB683D
:109A800001212F4807F040FB019B002B13D02B68CE
:109A90002000D96807F05AF92B680222DB680121FF
:109AA000284807F031FB019B002B02D13000FAF768
:109AB000EFFC06F047FE2B683000D96807F046F946
:109AC000EAE71E4B2D221B680121DB681E4807F0C8
:109AD0001BFB07F0C1F8194B1D221B680121DB6835
:109AE0001A4807F011FB07F0B7F80C00012919D14B
:109AF00006F04CFD03689B6898472B6806000B2214
:109B00002100DB68124807F0FFFA2B683000D968A3
:109B100007F01CF92B680A20D96807F0A5F806F0B1
:109B20006FFDD6E706F032FD06F06AFDD1E706F0DC
:109B300067FDFFF759FAC046A62C0020E815002063
:109B4000683201109C320110A0320110483201101D
:109B5000D03201108023086810B5DB05984210D27E
:109B600090420AD95200904207D29A4203D3064A41
:109B700018000A6002E010000A60013006F02AFEB8
:109B800010BD024806F06EFEFFFFFF3FDC32011001
:109B9000F0B54F464646DE46C0B51F0043680E008E
:109BA000891882B08946591A88460A9904008A1A87
:109BB000D21808239B460368834401929B453BD0FF
:109BC0008268200001A9FFF7C5FF0500002E05D01F
:109BD0002168012E2DD03200FAF76CFC002F09D03D
:109BE0000A9B002B06D0A819012B27D039000A9A0E
:109BF000FAF760FC4346002B0AD00A9B2168F01854
:109C0000434628184944012B10D04246FAF752FC2B
:109C10002068834501D006F007FC019B2560A36006
:109C200002B0E0BCBB46B146A846F0BD0B7803705D
:109C3000EEE70B780370D1E70F22C2E73B780370A1
:109C4000D8E7C04670B5040050291CD80F4D8800D5
:109C500028588746002A16D0002B14D06569A069C1
:109C6000854210DA2669A800B44600264019800013
:109C7000604401354660866065610170C2600361C1
:109C800070BD002AEAD10020FAE7C046F432011084
:109C9000F8B5CE46474680B5C56806002C786E2CD0
:109CA00027D0303CE3B2092B2ED800239846174B1F
:109CB00000279946013507E04B460A21181B01355C
:109CC000F9F7BEFFB84212DBBB00DF197F00F56079
:109CD0003F192C78303CE3B2092BEDD94346002BD9
:109CE00000D07F423800C0BCB946B046F8BD01275D
:109CF000F7E76B1CC3606C78303CE2B2092A03D8EA
:109D00001D0001239846D2E70027EBE7FFFFFF7F06
:109D100010B50400002908D1C3681A78002A01D1BF
:109D2000002010BD5A1CC260197868290AD0762913
:109D3000F6D12000FFF7ACFFE3681A785F2AEFD175
:109D40000133E3602000FFF7A3FFE3681A785F2A7E
:109D5000E6D101330120E360E3E7C04610B5C368F4
:109D60000A00197852290DD04F2901D0100010BDDA
:109D7000C16A0331C16220210133C3600023FFF7B0
:109D800061FFF4E7C16A0231C1621F21F4E7C046F6
:109D900070B505000C1E15D08E2080211A4E400093
:109DA000C900A368012B0DDC2A588A420ADC013362
:109DB000A3602378502B05D89B00F3589F46E46896
:109DC000002CEED170BD2469FAE7A22149006B583E
:109DD00001336B50E1688E26013276002800AA51CB
:109DE000FFF7D6FF28002169FFF7D2FFAB59013BEF
:109DF000AB51E7E7E1680B78052BECD19C204000E4
:109E00002B5801332B50E6E73834011010B5C368E6
:109E100004001A785F2A09D15A1CC2605A785F2A56
:109E200006D0FFF735FFC043C00F00E0012010BD92
:109E30000233C360FFF72CFF00280ADB0928F5DD99
:109E4000E36800201A785F2AF1D10133E360013022
:109E5000EDE70020EBE7C046002806D108E0002926
:109E600008DD00690139002803D003782F2BF6D0D4
:109E7000002070470029FBD1C068FAE7F0B5140054
:109E80005268C64694464B1CA568634407000E0002
:109E900000B5AB4215D8E568002D0FD16368206886
:109EA0009C46320060443900FAF704FB236862687C
:109EB0009B199D5463689C466644666080BCB846A6
:109EC000F0BDE268002AF9D1002D02D1022B0DD994
:109ED00002356D00AB42FCD829002068FAF7C6FABB
:109EE0008046002804D02060A560D4E70225F3E76F
:109EF0002068FAF7CDFA434623606360A36001232C
:109F0000E360DBE702780300722A12D0562A10D0F1
:109F10004B2A0ED00020442A0CD15B78243A190039
:109F200091434F2905D00122773BDBB29A42404151
:109F300000E001207047C04680235B00C35870B525
:109F400004000D00FF2B08D0591C80225200A150A4
:109F5000E55482235B00E55470BD0022C254862381
:109F60005B00C258043BFF21C3589847942252001B
:109F7000A35801210133A3500023E6E788225200B1
:109F800003008058002814D043681869CB68002B60
:109F90000CDB002806D109E0002B08D00069013B4A
:109FA000002803D002782F2AF6D000207047C0681E
:109FB000FCE7012108329950F8E7C04670B505006A
:109FC0000C1E0FD00D4E23784C2B0DD89B00F35850
:109FD0009F4621002800FFF7D1FF002802D0037818
:109FE0002F2B00D0002070BD2800E168FFF7E6FFAE
:109FF0000028F8D12469002CE5D1F3E77C35011065
:10A00000F0B5D6464F4646460500C0B508000C00E0
:10A0100007F028FE00282AD00022802392460D3225
:10A02000FF3291465B00043A9046EB5827180AE04D
:10A030001900013380225200AB50013404326E54B7
:10A04000AE54A74213D02678FF2BF1D15246EA54E2
:10A050004B46EA584346FF21EB5828009847942284
:10A060005200AB5800210133AB500123E2E7E0BCC2
:10A07000BA46B146A846F0BD10B5C36804001A78C8
:10A08000542A23D15A1CC2605A785F2A20D06E2AE3
:10A090001CD0FFF7FDFD421C18D4E36819785F2936
:10A0A00014D10133E3606369A1698B420EDA21693F
:10A0B00098008C460021C018800060440133416044
:10A0C000816063610523C260037000E0002010BD61
:10A0D00002330022C360E6E7F0B5D6464F46464657
:10A0E000C0B588B00A0005001D4901A8F9F732FD86
:10A0F00001A807F0B7FD00282BD00022802392464C
:10A100000D32FF3291465B0001AC043A9046EB58A9
:10A1100027180AE01900013380225200AB500134A5
:10A1200004326E54AE54A74213D02678FF2BF1D1DF
:10A130005246EA544B46EA584346FF21EB58280062
:10A14000984794225200AB5800210133AB500123B1
:10A15000E2E708B0E0BCBA46B146A846F0BDC0464A
:10A160003844011070B50400FFF792FD051E46DD6E
:10A17000E66863689B1B98423FDCA2683318E36083
:10A18000520702D51A78242A3BD0092D24DD082253
:10A1900030002C4908F068FB002806D1337A2E2BBA
:10A1A00034D05F2B32D0242B30D06369A269934224
:10A1B00023DA2269980094460022C0188000604487
:10A1C00001334260826063610023C6604360836044
:10A1D00003700561A06270BD6369A26993420CDAE5
:10A1E0002269980094460022C01880006044013320
:10A1F000426082606361002EE6D10020EAE7002021
:10A20000E9E70133E360092DC1DCE5E7737A4E2B02
:10A21000CBD1E36AA26916335D1B6369E5629342A1
:10A22000EBDA22699800C018944601336361002379
:10A2300080006044436083600370034BC360152358
:10A240000361C7E73C44011048440110F0B5C6461D
:10A2500000B5C36804001A78532A28D15A1CC2607A
:10A26000587800280ED09A1CE26058785F2843D0B6
:10A270000300303BDAB20025092A30D90200413A06
:10A28000192A2CD90823A26813401D006A1E954183
:10A29000002B01D1002939D1504B74221900C4314F
:10A2A00000E01A78824238D01C338B42F9D1002565
:10A2B000280080BCB846F0BDEB005B199B001B1862
:10A2C000303B9D42F3D8E2681078002804D0511C3E
:10A2D000E16010785F2817D01D000300303BDBB22F
:10A2E000092BE9D90300413B192BE0D8EA005219A8
:10A2F00093001B18373BE4E70023226A9A42D6D921
:10A30000E2699B009D58D3E70133F6E7E3681B78C9
:10A31000433B012BC0D80D00BEE75E69002E55D02F
:10A320009A69A06994466269824254DA2769910069
:10A33000B846002789188900414401324F608F6078
:10A340006261CE60664618370F700E61A162002D03
:10A3500039D0DE681969E36A5B18E362904238DD40
:10A36000236995009C460023AD18AD0065446B60E1
:10A37000AB600132183362612B70EE602961E368D3
:10A380001A78422A94D1A66A0133E3602000FFF7CD
:10A39000E9FE2A0003004C212000FFF753FCE3688C
:10A3A00005001A78422AEFD0A662002800D17EE785
:10A3B000236A626A934200DB79E7E1699A0001331C
:10A3C0005050236274E75E689968C4E7A0696269C7
:10A3D000BDE70025D3E70021B8E7C0466C3C01107B
:10A3E000F0B54F46D6464646C0B58F1805000C005E
:10A3F000B94252D280235B009846002399460DE073
:10A400004346EB58FF2B35D05A1C41466A50EE5458
:10A4100082235B00EE540134A7423ED926783B1BD1
:10A42000032BEDDD5F2EEBD160785F28E8D1A378B8
:10A43000552BE5D1E31C9A469F42E1D900225346B1
:10A440001E783300303BD9B2092907D9113B052BBF
:10A4500003D93300613B052B24D80A3312019A1823
:10A4600001239C46E2445745E9D14346EB585F2619
:10A47000FF2BC9D14A46EA5486235B00EA58043BC5
:10A48000EB58FF212800984794225200AB58013323
:10A49000AB50283A0023FF3AB7E7E0BCBA46B146D2
:10A4A000A846F0BD574522D95F2EDED1FF2AA7D896
:10A4B0004346EB58D4B2FF2B08D041465A1C6A5091
:10A4C000EC5482235B00EC545446A4E74A46EA5419
:10A4D000862209335200EB58AA58FF2128009847DA
:10A4E00094225200AB580133AB500023E5E706003D
:10A4F00086E7C046F0B5C64600B5C668040082B01F
:10A500003000FFF7FFFC002828D132781300303BE1
:10A51000DBB24A2B1CD8D3499B00CB589F46012362
:10A52000256B2000236301F023FB25630200002339
:10A5300043212000FFF786FB051E019008D0E36849
:10A540001A78002A04D05A1CE2601B78452B59D097
:10A550000025280002B080BCB846F0BD00222000D3
:10A5600001A901F06FFD051EF2D0E36820001B7801
:10A57000462B1BD0FFF7BEFF28600028E8D00378E9
:10A580001F3B012B05D8019AC368C2602A6801925B
:10A590002B60019D002DDBD0236A626A9342D7DADB
:10A5A000E1699A00013355502362D2E700F02AFC9A
:10A5B0002860E2E7613A93009A18AB4B9200D218F8
:10A5C000A16963698B4200DB08E3216998008C462E
:10A5D0000021C0188500654401336960A96063618A
:10A5E00027232B705368EA60E26A0136944663447D
:10A5F000E362E660ADE7200000F0D6FD05000190C3
:10A60000002DA5D0236A626A9342A1DAE1699A001B
:10A6100055500133019D23629BE773781A00303A4D
:10A62000092A05D95F2B03D0413B192B00D998E2A9
:10A6300000212000FFF70AFEE36801901A78050068
:10A64000492A00D085E70133E360200001F0DCFDFA
:10A650002A00030004212000FFF7F4FA050001900E
:10A66000CEE701362000E660FFF744FF002302003A
:10A6700023212000FFF7E6FA05000190C0E701362C
:10A680002000E660FFF736FF0023020022212000B1
:10A69000FFF7D8FA05000190B2E701362000E66026
:10A6A000FFF728FF0023020024212000FFF7CAFA49
:10A6B00005000190A4E701362000E660FFF71AFFCD
:10A6C0000023020026212000FFF7BCFA05000190BC
:10A6D00096E701362000E660FFF744FD0023020004
:10A6E00028212000FFF7AEFA0500019088E720003E
:10A6F00000F088FB0500019082E7731CE36073782B
:10A70000002B00D124E7B31CE3607378463BDBB237
:10A71000302B00D91CE7554A9B00D3589F46013681
:10A720002000E660FFF7E6FE00230200252120005E
:10A73000FFF788FA0500019062E701362000E66025
:10A74000FFF710FDE36801901A780500492A00D14F
:10A75000EDE12000FFF7CEFE21210200019B200049
:10A76000FFF770FA050001904AE72000FFF784FC2C
:10A77000E668019033780500492B00D040E7636B11
:10A78000002B00D0F9E1002800D1E1E6236A626ADB
:10A79000934200DBDCE6E1699A000133505023620A
:10A7A00032780023493A012A05D801362000E660B4
:10A7B00001F02AFD03002A004CE7711CE160737868
:10A7C0005F2B00D1B1E1303B092B00D9BCE10B007C
:10A7D0001E000133E3601A78303A092AF8D9626919
:10A7E000A0695F1A824200DBB2E6206995008446C8
:10A7F0000020AD18AD00654401326860A860626158
:10A80000002F00DCA4E6E96019006860A8602870E9
:10A810002F6172785F2A00D09AE60131E160200052
:10A82000FFF768FE2A0003002A212000FFF70AFA3A
:10A8300005000190E4E601362000E660FFF75AFECD
:10A84000051E00D184E62000FFF754FE031E00D150
:10A850007EE62A002B212000FFF7F4F90500019085
:10A86000CEE6C046B036011090410110DC37011031
:10A870006369A269934200DBB4E122699D009446BA
:10A880000022ED18AD00654401336A60AA6063617F
:10A890002C23092101952B70B378303BDBB2994210
:10A8A00052412A82092B03D82000FFF7F1F9019DBC
:10A8B0002000FFF71FFE019BE860DB68002B00D142
:10A8C00046E62000FFF7E4F9E2681378002B02D097
:10A8D000531CE3601378733B5A425341019D6B82D2
:10A8E00037E66369A269934200DB31E622699D0085
:10A8F000ED189446013363610023AD0065446B603D
:10A90000AB602B70B94BEB600E232B6121E66369C2
:10A91000A269934200DB1BE622699D00ED18944674
:10A92000013363610023AD0065446B60AB602B7045
:10A93000AF4BEB6004232B610BE66369A269934282
:10A9400000DB4BE122699D0094460022ED18AD002A
:10A95000654401336A60AA60636127232B70A54BAD
:10A96000EB60E36A0433E362F3E56369A26993424F
:10A9700000DB33E122699D0094460022ED18AD0012
:10A98000654401336A60AA60636127232B709A4B88
:10A99000EB60E36A0933E362DBE56369A269934232
:10A9A00000DB1BE122699D0094460022ED18AD00FA
:10A9B000654401336A60AA60636127232B708F4B63
:10A9C000EB60E36A0A33E362C3E56369A269934219
:10A9D00000DB03E122699D0094460022ED18AD00E2
:10A9E000654401336A60AA60636127232B70844B3E
:10A9F000EB60E36A0933E362ABE56369A269934202
:10AA000000DBEBE022699D0094460022ED18AD00CA
:10AA1000654401336A60AA60636127232B70794B18
:10AA2000EB60E36A0833E36293E52000FFF762FD21
:10AA3000002302004B212000FFF704F905000190DC
:10AA4000DEE56369A269934200DBC7E022699D00ED
:10AA500094460022ED18AD00654401336A60AA6097
:10AA6000636127232B70684BEB60E36A1133E36269
:10AA70006FE56369A269934200DBAFE022699D0044
:10AA800094460022ED18AD00654401336A60AA6067
:10AA9000636127232B705D4BEB60E36A0833E3624D
:10AAA00057E5B3785F2B00D18BE06369A2699342CD
:10AAB00000DB4DE522699D0094460022ED18AD00B3
:10AAC000654401336A60AA606361422320002B70F1
:10AAD000FFF7DEF8E860E3681A785F2A00D037E510
:10AAE0000133E3602000FFF705FD2A0003002D215C
:10AAF0002000FFF7A7F80500019081E56369A269CE
:10AB000093426BDA22699D0094460022ED18AD0055
:10AB1000654401336A60AA60636127232B703C4B54
:10AB2000EB60E36A0733E36213E5002575E6013362
:10AB3000E360200001F068FB2A00030004212000EC
:10AB4000FFF780F8019004E60123266B20002363C1
:10AB500001F00EF82663051E00D1F9E4E1680A78D9
:10AB600058E6200000F020FB051E019000D1EFE424
:10AB70000378182B00D045E5EBE463692000984684
:10AB8000731CE360276AE56A01F03EFBE3681B780B
:10AB9000492B06D04346E562E660019D636127626A
:10ABA0002EE5019A002A00D1D2E4236A616A8B4221
:10ABB00000DBCDE4E569990001334A5123620300CB
:10ABC00048E503365E3BE6602000266B236300F019
:10ABD000CFFF2663051E00D07DE7B9E40023019373
:10ABE000DB68FFDE00231B70FFDEC04668440110F7
:10ABF00060440110D443011098430110C043011078
:10AC0000AC430110FC430110244401101044011016
:10AC1000E8430110F0B5C64600B5C36880461E780B
:10AC2000002E1DD100239C4645250021414F6A1A64
:10AC3000D30F9B185B105B181A01BA1814682078A0
:10AC4000B04207D00AD91D00A942F0D1002080BC33
:10AC5000B846F0BD6078604536D0F4D8591CF3E7AB
:10AC60005A1CC2605A781E789446002A02D1762E69
:10AC7000DAD0D7E79A1CC2605B789C46762E3AD130
:10AC80001D00303DEBB2092BCED8FFF76BFA4346DF
:10AC900041465B69896902008B42D7DA41460969FE
:10ACA00044468C4600219800C0188000604401335F
:10ACB000416081606361002AC8D0332341608160B4
:10ACC0000370C5600261C2E7434641465B6989691A
:10ACD0008B42BBDA4146096998008C460021C018B6
:10ACE0008000604441608160414601334B61322302
:10ACF000C2600370ABE7632E96D1762B00D093E74A
:10AD0000026B456B534253414363FFF7F3FB4346EA
:10AD10005B6B0200002B07D0002335214046FEF775
:10AD200091FF43465D6392E7002334214046FEF7DE
:10AD300089FFF6E7303D0110002330B5C26883B0CB
:10AD400001931378040001AD002B15D125E04F2BA2
:10AD500018D02000FFF7CEFB021E1ED000232E21AC
:10AD60002000FEF76FFF2860002816D0E268103040
:10AD700013780500002B08D0452B06D02E2B04D0CD
:10AD8000522BE4D15378452BE3D10198002804D00D
:10AD90000369002B03D003B030BD0020FBE7C2687D
:10ADA00011782729F7D1D268117C0929F3D152688B
:10ADB000E16A8A1AE262C360EDE7C04670B5C36813
:10ADC00004001A784A2A19D000290FD02000FFF772
:10ADD00091FB051E10D02000FFF7AEFF031E0BD025
:10ADE0002A0029212000FEF72DFF70BD2000FFF76B
:10ADF000A3FF0025031EF3D10020F6E70133C36053
:10AE0000E4E7C046836810B504005B030DD48023DB
:10AE1000826B1B019A420CD8531C8363C3680020C9
:10AE20001978462907D0A26304E0C3681A78462A35
:10AE300001D0002010BD5A1CE2605A78592A01D175
:10AE40000233E36001212000FFF7B8FF010020007A
:10AE5000FEF784FFE3681A78452A07D00020A3682C
:10AE60005B03E7D4A36B5A1EA263E3E70133E360FD
:10AE7000F5E7C046F0B5C64600B5C36804001A78C9
:10AE800011003039092961D911006139192912D805
:10AE90006F2A00D1A3E02000FFF7BCFE061E02D0FF
:10AEA0000378322B6CD0E3681978422955D03000F2
:10AEB00080BCB846F0BD11004339012900D895E0A7
:10AEC0004C2A7ED0552A00D087E05A786C2A00D1CF
:10AED000E0E0742A00D080E05A1CC26059787429DE
:10AEE00000D0A4E09A1CC2609A785F2A00D14DE19C
:10AEF0006E2A72D0FEF7CCFEE3681978421C00D5AA
:10AF000093E05F2900D090E00133E3606369A169B9
:10AF10008B4200DB22E121699E008C460021F6185D
:10AF2000B600664401337160B160636148233370D9
:10AF3000F260236A626A934200DB0FE1E1699A00E2
:10AF4000013356502362E3681978AEE7FFF70AF938
:10AF5000E368060019784229A9D1A56A0133E360A4
:10AF60002000FFF7FFF8320003004C212000FEF71D
:10AF700069FEE368060019784229EFD0A56296E7DA
:10AF8000C268E36A916807338C466344E3621368DE
:10AF90001A786C2A00D086E75A78692A00D082E7AE
:10AFA0009B78002B00D07EE72000FFF7DBF8320013
:10AFB000030037212000FEF745FEE36806001978FC
:10AFC00073E70133C360FFF7CDF8061E05D02000FC
:10AFD000FEF71CFF002800D065E7002667E75A78D7
:10AFE0006E2A00D057E70233C36054E7856A002D0C
:10AFF00004D0297800290DD018290BD0432A00D17C
:10B0000088E059783039C9B2052940D865488900A7
:10B0100041588F462969E26A8C466244E262197897
:10B020000A00432976D04429EBD000263DE71300DF
:10B0300000263AE7012294466269A1699F1CE760F5
:10B040008A4200DB9EE0216990008846002180183A
:10B050008600464401327160B1606261002D00D10A
:10B0600090E00822327062467160B16032733561DF
:10B0700099783B0019E703229446DDE705229446C0
:10B08000DAE704229446D7E702229446D4E7110077
:10B0900000260AE75A1CC26059786C29C7D10233CE
:10B0A000C360FFF749FEE368050019780028BCD0AB
:10B0B0004529BAD15A1CE2605A785F2A6AD06E2AB2
:10B0C0008BD02000FEF7E4FDE3681978471CACD470
:10B0D0005F29AAD10133E3606269A1698A423EDA3D
:10B0E000216996008C460021B618B60066440132EC
:10B0F0007160B160626146223270226A616AF560F5
:10B1000037618A422BDAE069910001320E502262E7
:10B110001978CAE65A78492A24D01100313904290D
:10B1200000D95AE7303A0233D7B2E3606369A269C3
:10B13000934213DA2269980094460022C0188600D0
:10B14000664401337260B2606361002D06D007234C
:10B150007260B260337037733561A4E6E36800262D
:10B160001978A2E6581CE0609A7811003139042958
:10B1700014D80333303A2000E360D7B2FFF7BAF9AE
:10B18000A56AD3E7997800263B008EE603330022B8
:10B19000C360BBE602330027E3609DE759780026D1
:10B1A000030082E6A0380110F0B5D6464F46464669
:10B1B000C0B5C2680400137882B0552B59D01DD891
:10B1C0004E2B00D1D0E0532B5DD15378742B00D19E
:10B1D00072E00021FFF73AF8E26805001378492B86
:10B1E0004AD101322000E26001F00EF803002A008B
:10B1F00004212000FEF726FD05003DE05A2B42D138
:10B20000531CC3605378472B02D0542B00D0F6E078
:10B21000200000F023FA0500002D00D1A2E0E36831
:10B220001A78452A00D09DE05A1CE2605A78732AA9
:10B2300000D15DE1642A00D1E6E02000FFF7B4FF11
:10B24000061E0AD0FD220378463B134205D020009B
:10B25000FEF7DCFD002800D184E02B78032B00D121
:10B260003EE12A00330002212000FEF7EBFC05003E
:10B2700002E0FFF7FFFD0500280002B0E0BCBA467F
:10B28000B146A846F0BD2000FFF7F4FDE2680500D6
:10B290001378492BF0D1002864D0236A616A8B426D
:10B2A00060DAE069990001330D50236211780023C0
:10B2B0004939012995D99AE70232C2604369826906
:10B2C000934200DB31E102699D00ED1894460133A1
:10B2D00043610023AD0065446B60AB602B70A04BF5
:10B2E000EB6003232B612000FFF7C4FD2A0003005D
:10B2F00001212000FEF7A6FCE36AE2680333E36263
:10B3000013780500492BB7D100282BD0236A616A36
:10B310008B4227DAE069990001330D5023621178DE
:10B3200000234939012900D961E75AE720225B78D7
:10B3300020009343542B5ED0FFF79CFD0500002FA7
:10B340003AD001212B003A002000FEF77BFC0500DB
:10B35000532E31D12F00E3681E78002E19D100231F
:10B3600042461360002587E70132C26001A901222D
:10B3700000F068FE80460028F4D000212000FEF78F
:10B38000EDFCE36881461E78002EE8D001220027FC
:10B390009246442ECAD03200303AD2B21C2A6BD91F
:10B3A0003200613A192A69D82000FFF763FD0500D1
:10B3B000002FC6D1CCE70500E3681E78452E0CD0DF
:10B3C000002DCCD0226A616A8A42C8DAE069910015
:10B3D00001320D502F002262BEE715226149D14093
:10B3E00052468A4358D12000FFF744FD002DE2D099
:10B3F0002F000500A5E7FFF77DF805009FE7002176
:10B4000000F0B4F8050007E79A1CE2609A785F2A1A
:10B4100000D198E06E2AA5D02000FEF739FC01305B
:10B4200080469FD4E3681A785F2A9BD10133E3609A
:10B430002000FFF7B9FE071E09D0FD223B78463BEE
:10B44000134204D02000FEF7E1FC00288AD0636993
:10B45000A26993427CDA22699E0094460022F61883
:10B46000B600664401337260B26063614723337093
:10B470004346F7603361F0E63D00AFE73D00552EEF
:10B48000B1D0532E08D101212000FEF7DFFE0500C8
:10B49000002F00D055E75DE7492E48D0542E59D0F3
:10B4A000452E09D04D2E00D059E7002D00D156E78A
:10B4B00001332F00E3604FE743461D60002D00D1AC
:10B4C00050E74B46002B02D0019A0193DA60E36803
:10B4D0001A78452A00D045E70133019DE360CBE6A9
:10B4E0002B691A78292A00D0BBE60022DA60B8E678
:10B4F00002332000E360FEF789FC002800D131E729
:10B500006369A269934223DA22699E00F618944681
:10B51000013363610023B60066447360B360337027
:10B52000114BF3600E23336197E60025DBE6002D17
:10B5300000D114E701332000E36000F065FE2F0026
:10B5400004210500FEE60333E360002398466FE71D
:10B55000002682E62000FEF78FFD2F000500EEE6B4
:10B5600088440110FF0308107844011070B50500ED
:10B570000E00FFF719FE041E48D0002E18D0AB684D
:10B58000DB0715D423784D2B37D033D81A001C3A5B
:10B59000042A32D9022B09D12269002A36D0137825
:10B5A0004D2B2FD02BD81C3B042B2BD9200070BD4A
:10B5B000EB681B78002BF9D0452BF7D022001378CD
:10B5C000042B32D024D8022B02D11269002AF6D1E2
:10B5D00000212800FFF7F2FB031E17D0002E02D136
:10B5E0002278022A35D0220003212800FEF72AFB08
:10B5F0000400DBE74F3B012BD8D8E468C2E74F3BA0
:10B60000012BD3D8D2682261002AC8D10024CDE70B
:10B610004D2B03D004D94F3B012BD9D8D268D5E7A5
:10B620001C3B042BD4D8D268D0E7D368002B0AD0B7
:10B630001978082909D80629CAD80139012902D858
:10B640001B69002BF4D10121C3E735394B1E994109
:10B65000BFE70278292AC6D1C660C4E7F8B5C16A37
:10B66000CE4647460B0080B51433C362C36804005E
:10B670001A78542A5BD0472A65D15A1CC2605A787E
:10B68000002A60D09A1CC2605A78542A00D19EE0E9
:10B690005ED9562A00D191E0722A54D1FEF7F8FA09
:10B6A000012850DDE3681A78002A4CD05D1CE56063
:10B6B0001B785F2B47D11E3B002200279846461E71
:10B6C0002B78002B3FD0242B00D074E16B78532BC8
:10B6D00000D196E15F2B00D191E1242B33D12420BE
:10B6E0006169A369994200DB93E125698B00AC464F
:10B6F0005B189B00634401315F609F60616141465C
:10B700001970E168D8608D1CE560023E002A00D106
:10B7100073E140212000FEF795FA021E13D0002E9F
:10B72000CEDC00233F212000FEF78CFA0CE05A1CEF
:10B73000C2605A78002A06D09A1CC2605B78413BEE
:10B74000DBB2352B27D90020C0BCB946B046F8BDC6
:10B75000412A24D0522AF6D1FFF726FD6369A26957
:10B760000600934251DA22699D0094460022ED18AA
:10B77000AD00654401336A60AA6063614223200022
:10B780002B70FEF785FAE8602B00320016212000AE
:10B79000FEF758FAD8E7AE4A9B00D3589F469B78ED
:10B7A000472B01D0542B2BD12000FFF757FF02006D
:10B7B000002317212000FEF745FAC5E7FFF7F4FC48
:10B7C0000023020013212000FEF73CFABCE79A7820
:10B7D000002A00D117E1DA1CC2609A78DB786E2A61
:10B7E00015D0472B02D0542B00D00CE12000FFF7DE
:10B7F00035FF0200002349212000FEF723FAA3E7CA
:10B800000021FFF7B3FE0200D2E70025BCE7472B7B
:10B8100000D112E1542B00D10FE10021FFF7A6FE69
:10B82000020000234A212000FEF70CFA8CE7762163
:10B83000FEF76EFA002800D185E7E3681B78472BF6
:10B8400000D1F0E0542B00D1EDE000212000FFF703
:10B850008DFE0200002310212000FEF7F3F973E7AC
:10B860006821FEF755FA002800D16CE7E3681B78E1
:10B87000472B00D1DCE0542B00D1D9E0002120007F
:10B88000FFF774FE020000230F212000FEF7DAF913
:10B890005AE70021FEF73CFA002800D153E70021C7
:10B8A0002000FEF735FA002800D14CE7E3681B784A
:10B8B000472B00D1C6E0542B00D1C3E0002120006B
:10B8C000FFF754FE0200002311212000FEF7BAF911
:10B8D0003AE7FFF769FC0023020015212000FEF77C
:10B8E000B1F931E7FEF706FE05002000FEF7D0F9BA
:10B8F000002800DA27E7E26813785F2B00D022E700
:10B900000132E2602000FEF7F5FDE36A0200053334
:10B91000E3620B212B002000FEF794F914E700F0FE
:10B9200049FC0023020030212000FEF78BF90BE7D1
:10B93000FEF7E0FD0023020012212000FEF782F94D
:10B9400002E7FEF7D7FD002302000C212000FEF7DE
:10B9500079F9F9E6FFF728FC002302001421200002
:10B96000FEF770F9F0E6FEF7C5FD002302000E2198
:10B970002000FEF767F9E7E60A31C162FEF7BAFD7B
:10B98000002302000A212000FEF75CF9DCE6FEF746
:10B99000B1FD002302000D212000FEF753F9D3E68C
:10B9A0000F31C162FEF7A6FD00230200092120002D
:10B9B000FEF748F9C8E6002104E06B5C002B04D0D8
:10B9C000242B02D00131B142F7DB6069A3699842B0
:10B9D00023DA83001B189B009946236901309C469B
:10B9E0004B46634460611F70E068DD6045185F602E
:10B9F0009F601961761AE56088E61A008FE62E20AE
:10BA00006EE62F206CE600212000FFF7AFFD02005C
:10BA1000F0E6E3680233E36095E6E36800209C46C5
:10BA20006144E16090E62000FFF718FE020011E794
:10BA30002000FFF713FE020025E72000FFF70EFEAF
:10BA40000200EEE62000FFF709FE02003BE7C046D9
:10BA5000B8380110F8B5C268040013784C2B32D105
:10BA6000531CC36051785F2953D05A2912D15A1CF4
:10BA7000E2605B78472B45D0542B43D00021200057
:10BA8000FFF774FD0500E3681A78452A1BD10133DE
:10BA9000E36019E0FEF72EFD051E14D00378272B76
:10BAA00014D0E6683D2132786E2A25D0452A58D038
:10BAB000731C06E0E360180001335A1E1278452A11
:10BAC0002ED0002AF6D100252800F8BDC3681A7CC4
:10BAD000002A03D0E26A5968521AE26218682349C0
:10BAE00006F074F80028DCD1E6683278452A3AD0AE
:10BAF0006E2A01D03D21DBE7731CE36072783E21A2
:10BB00001E00D3E72000FFF7A9FDE36805001A78BF
:10BB1000BBE7931CC360927800255A2AB5D1A6E7EB
:10BB2000801B6269A3699A4219DA27699300BC46AF
:10BB300000279B189B00634401325F609F60626135
:10BB400000280CDD5F609F601F70DE6018612A00B6
:10BB50002000FEF777F8E36805001A7895E70023E0
:10BB6000F5E70020DDE70136E660ADE78C44011023
:10BB7000F8B5C268040013784C2B00D1CFE0542BE9
:10BB800000D1D0E0732B00D16CE0662B3BD01900C4
:10BB9000303909290CD82000FFF76CF9051E00D1B7
:10BBA000BBE0E3681A78492A00D1C0E02800F8BD5C
:10BBB0006F2B68D0692B00D0C6E053786C2B00D176
:10BBC000E6E02000FFF726F8051E00D1A5E0037887
:10BBD000322B5ED0342B00D1BAE100D99DE0332B5B
:10BBE00000D09AE0C368022B00D196E000DD94E01B
:10BBF000002B00D005E12A00002336212000FEF7AB
:10BC000021F80500D2E75378702BDAD1931CC3607A
:10BC10009378542B00D121E15F2B00D1EDE06E2B06
:10BC20007BD0FEF735F8411C77D4E3681A785F2A99
:10BC300073D10133E360C54B821C99426DD06369B7
:10BC4000A1698B4269DA216998008C460021C018ED
:10BC50008500654401336960A96063610623EA6079
:10BC60002B70A3E75378722B7DD0702BA9D10232B1
:10BC7000C260FFF77DFF002302004B212000FDF78B
:10BC8000E1FF050092E753786E2B9AD10232C26031
:10BC900081E7E16AC2688C4693681668023B634498
:10BCA000E3623378732B00D187E0D768012F00D18E
:10BCB000AEE02FDD022F00D1D9E0032F2DD1712B63
:10BCC00000D0FEE07378752B00D0FAE0B378002B3B
:10BCD00000D0F6E02000FFF74BFF06002000FFF742
:10BCE00047FF07002000FFF743FF031E15D03A006F
:10BCF0003C212000FDF7A6FF320003003B2120007D
:10BD0000FDF7A0FF2A0003003A212000FDF79AFF6B
:10BD100005004BE7002F00D16DE7002546E7FFF750
:10BD200099FE050042E7FEF7A7F905003EE701335B
:10BD3000E360200000F068FA2A00030004212000DC
:10BD4000FDF780FF050031E7742B00D039E7537809
:10BD50006C2B00D035E70232E2602000FEF7CAFB10
:10BD6000E268050017E00232C260FEF7C3FB05007F
:10BD70002000FFF77FF8E36806001A78492A2FD0E1
:10BD800003002A0001212000FDF75CFF05000DE7FC
:10BD900000250232E2601378002BBED05378002BCE
:10BDA000BBD04521200000F015F92A000300312105
:10BDB0002000FDF747FF0500F8E67178742900D0F0
:10BDC00073E7B178002900D06FE72000FEF792FBFF
:10BDD00003002A0037212000FDF734FF0500E5E6C7
:10BDE0000133E360200000F00FFA32000300042169
:10BDF0002000FDF727FF0300C3E70332C2600122E2
:10BE00001DE7012B89D12000FFF7B2FE0300E0E718
:10BE10003278702A16D06D2A14D00027732B21D1C6
:10BE20007378502B1ED1B378002B1BD1200000F06B
:10BE3000EBF90300002FCCD01A0039212000FDF7C8
:10BE400001FFC5E771789142E7D1E26811785F2977
:10BE5000E4D10132E26000273378DFE70332C260C9
:10BE60000022ECE62000FFF783FE0300E2E7EB6828
:10BE70001B685A78632A00D17EE03378662B00D1A4
:10BE800088E02000FFF774FE07003378632B3FD172
:10BE900072786C2A3CD1B278002A39D14521200031
:10BEA00000F098F8060033003A0039212000FDF731
:10BEB000C9FE2A00030038212000FDF7C3FE05005B
:10BEC00074E63378662B71D06E2B00D025E773783B
:10BED000772B02D0612B00D01FE75F21200000F0FC
:10BEE00079F806002000FEF705FBE36807001A78E2
:10BEF000452A6BD0702A5DD0692A00D00DE75B78A7
:10BF00006C2B00D009E72000FFF732FE0300EEE6BD
:10BF1000642B2AD17278742A27D1B278002A24D1CE
:10BF20002000FEF7A7FFE36806001A78492ABAD175
:10BF30000133E360200000F067F9320003000421C0
:10BF40002000FDF77FFE0600ADE7C046FFFFFF7F44
:10BF5000E3681A785F2A00D055E70133E360452192
:10BF6000200000F037F8030033E7702B17D02000D3
:10BF7000FFF7FEFD060096E71B781A00633A012AD8
:10BF800003D9723B012B00D977E72000FEF7B2FA04
:10BF900007007AE72000FEF73DFE070075E773789B
:10BFA000742BE4D1B378002BBAD0E0E72000FEF781
:10BFB00031FE92E65A78692A00D0AEE60233E36099
:10BFC0004521200000F006F8030090E60133E3600D
:10BFD00000238CE6F0B5C646002300B582B001937D
:10BFE000C36804001A780E00012701AD8A420ED101
:10BFF00020E000232E212000FDF724FE28600028E9
:10C000000FD0E36810301A780500B2420ED0236BCF
:10C01000200098462763FFF7ABFD4346021E2363CB
:10C02000E7D1002002B080BCB846F0BD01330198D2
:10C03000E360F7E7013300222E21C3600023FDF700
:10C0400001FEEFE7F0B5DE4657464E464546E0B501
:10C05000C56804008A4693461B232E7883B0002AC5
:10C0600000D01E235A46DBB201931A23002A00D0C7
:10C070001D235A46DBB299461923002A00D01C23FF
:10C08000DBB2984657461EE0562E3BD04B2E3FD093
:10C090006B78002B2DD0AB1CE3606D78782D52D0DF
:10C0A0006F2D3BD1E36A4F250933E3620023002261
:10C0B00029002000FDF7C6FD3860002819D00C309B
:10C0C0000700E5682E782800FDF71CFF002840D007
:10C0D0006B1CE360722ED7D14546E36A0022093318
:10C0E000E362290000232000FDF7ACFD3860002842
:10C0F000E5D10027380003B0F0BCBB46B246A946E4
:10C10000A046F0BDE36A4D460933E3620023CEE763
:10C11000E36A019D0633E3620023C8E74F2D37D160
:10C12000E36A266B0933E362012320002363FFF7F0
:10C130001FFD2663031EDCD0E26811784529D8D1A3
:10C140000132E260B3E7E36A2B3D1133E36200237F
:10C15000ADE75B46002BCDD1462ECBD15745C9D09C
:10C160001D241C221E3006E0192B0FD00C239A46EA
:10C170008A445745BED0534619680B781A2B03D012
:10C180001B2BF1D10870F1E70C70EFE70A70EDE7B7
:10C19000772DAED1E36A20000633E362FEF7CCFDD3
:10C1A000031EA6D0E26811784529A2D10132E260CF
:10C1B000273D7CE770B5C268040013784C2B1DD076
:10C1C00007D8493B012B15D80132C26000F01CF89A
:10C1D00070BD582B0ED10132573B056BC260036313
:10C1E000FFF7C6FCE36825631A78452A09D10133B5
:10C1F000E360EDE72000FEF77DF9E9E7FFF72AFCB1
:10C20000E6E70020E4E7C04670B5C36804001A788A
:10C21000866A82B0452A1ED0002301AD01930DE04D
:10C2200000232F212000FDF70DFD286000280AD0F3
:10C23000E36810301A780500452A07D02000FFF780
:10C24000B9FF021EECD1002002B070BD013301988D
:10C25000E360A662F8E7013300222F21C3600023C8
:10C26000FDF7F0FCF0E7C046F0B54546DE46574620
:10C270004E46E0B50400150097B0002A1ED08C236E
:10C280005B00C658002E1DD11178502962D8E54AAE
:10C290008B00D3589F4688235B00E25801269146C5
:10C2A0004A680100E2502000FDF768FE002801D036
:10C2B00002F0F3FA88234A465B00E2508C23012205
:10C2C0005B00E25017B0F0BCBB46B246A946A046A0
:10C2D000F0BD002206AB98468A235B00E158069128
:10C2E0004146E15000238B601133FF33E3584D602A
:10C2F000CB60002A00D1B9E01121200002F084FCBB
:10C3000043469B68002B01D101F024FE8A23069A44
:10C310005B00E250002ED5D04A46043BE250D1E704
:10C320008A235B00C758002F00D191E03B009A6838
:10C33000002A0BD15A68127810001938022801D946
:10C3400002F05CF8914201D102F05BF81B68002B0F
:10C35000EDD17DE08C2301225B00E250B2E7EA6878
:10C36000002A02D0112102F04FFC2B69002BA9D02A
:10C3700080277F00E659FD2E01D902F049F8AA4F27
:10C38000BB1C9A462C239846E0339B462B0045461F
:10C3900098460FE03300013680225200A650E55443
:10C3A000822301375B009146E554BA4501D101F083
:10C3B000E1FD3D78FF2EEDD10023A3550933FF3376
:10C3C000E358FF2100935B462000E258009B98470A
:10C3D00094225200A35801260133A3500023DBE727
:10C3E0008A2306AE5B00C258C6500023089311335F
:10C3F000FF33C358069211212A690993079502F069
:10C4000003FC089B002B01D101F0E6FF8A23069A6A
:10C410005B00E25056E790235B00E868E65803783B
:10C42000002E01D001F010FE052B01D102F008FA18
:10C43000232B01D101F0ADFF2A789A4201D102F0FD
:10C4400001F8242B01D102F03AFA8A235B00E75865
:10C4500006AB98468A2342465B00E25000230697CB
:10C4600093601133FF33E3585560D360EA6843E7C4
:10C47000EA681378272B01D001F0D9FED3681E7C1F
:10C48000062E01D901F0BDFD002E01D002F089F980
:10C4900080235B00E358FF2B01D102F0FDF8591C0B
:10C4A00080277F00E1512821E15482235B00E15481
:10C4B0002000173902F0A8FBE359FF2B01D102F04D
:10C4C00005F9591C80225200A150D73AE254822328
:10C4D0005B00E2542B783E2B01D102F0F1F8082EDC
:10C4E00001D102F006F9112120002A6902F08CFB2B
:10C4F000E8E6EA68112102F087FB4C4E8023B21C6B
:10C5000091468622520093465B00043A3A279246AF
:10C51000E3580FE01A000133802149006350A7540B
:10C520008222013652008846A754B14501D101F05C
:10C5300085FC3778FF2BEDD10022E2545B46E258B0
:10C540005346FF21E3582000984794225200A358F5
:10C550000133A35001230022DEE71422904600227B
:10C56000802393460D32FF32314E92465B00043AEF
:10C570006E279146C358B0440EE01A000133802163
:10C5800049006350A75482225200A754B04501D1FC
:10C5900001F04DFC37780136FF2BEED15A46E254BC
:10C5A0005346E2584B46FF21E35820009847942217
:10C5B0005200A3580133A35001230022DFE71C22BD
:10C5C00090460022802393460D32FF32194E924648
:10C5D0005B00043A67279146C358B0440EE01A0046
:10C5E0000133802149006350A75482225200A7548E
:10C5F000B04501D101F0CFFA37780136FF2BEED1EB
:10C600005A46E2545346E2584B46FF21E358200075
:10C61000984794225200A3580133A35001230022CB
:10C62000DFE7C0469039011048460110A8440110C8
:10C630005D450110C54601108A235B00C258EF68B2
:10C6400093460022C250002F01D102F0E3F8882364
:10C65000002100265B00C05806AB98461A00B4467D
:10C66000002389461360634693604B4657605E1C07
:10C670003B789246D0604D2B01D101F0AAFC01D944
:10C6800001F0FEF919001C39042901D801F0A1FCC0
:10C690009A468A235B00E25053464946022B22D138
:10C6A0003F693B789A46472B01D102F0C7F98A23AC
:10C6B0005B009C4600239946534609014144019082
:10C6C000009602954D2B01D102F022F801D901F01C
:10C6D00058FE1A001C3A042A01D802F019F89A46AA
:10C6E0000198009E029D5346042B05D10D33FF3364
:10C6F00004AA0490E2500597112120002A6902F053
:10C7000083FA3B78042B03D1049A0D33FF33E250B4
:10C71000802335015B0099460C3DE03B464645448D
:10C720009846E4339A460C3E6B68002B01D101F029
:10C730003BFC103DAE42F7D18A235A465B00E250E3
:10C74000C0E5102290460022802393460D32FF322E
:10C75000E44E92465B00043A74279146C358B044B5
:10C760000EE01A000133802149006350A754822251
:10C7700001365200A754464501D101F08AF93778B5
:10C78000FF2BEED15A46E2545346E2584B46FF2166
:10C79000E3582000984794225200A3580133A35035
:10C7A00001230022DFE711229046002280239346D6
:10C7B0000D32FF32CC4E92465B00043A742791460C
:10C7C000C358B0440EE01A00013380214900635081
:10C7D000A75482225200A754B04501D101F06AF952
:10C7E00037780136FF2BEED15A46E2545346E258D1
:10C7F0004B46FF21E3582000984794225200A3584B
:10C800000133A35001230022DFE7A4235B00C758B4
:10C81000C550343BC258112190460022C250EA68EC
:10C8200002F0F2F982235B00E35C3C2B01D101F0C2
:10C8300026FF80235B00E358FF2B01D101F00CFFA2
:10C84000591C802282265200A1507600C43AE2543C
:10C85000A255112120002A6902F0D6F9A35D3E2BD2
:10C8600001D101F0F3FE80235B00E358FF2B01D1DF
:10C8700001F0D9FE591C80225200A150C23AE25464
:10C8800082235B00E25442461033E2503433E750D7
:10C8900018E5EA68112102F0B7F9082280239146D1
:10C8A0000532FF32914E93465B00043A20279246B0
:10C8B000E358B1440FE01A0001338021490063506E
:10C8C000A7548222013652008846A754B14501D1AF
:10C8D00001F02BFB3778FF2BEDD10022E2545B46B1
:10C8E000E2585346FF21E358200098479422520013
:10C8F000A3580133A35001230022DEE7EA68112187
:10C9000002F082F97A4E8023721D914686225200EF
:10C9100093465B00043A5B279246E3580FE01A0007
:10C920000133802149006350A7548222013652000E
:10C930008846A754B14501D101F0E2FA3778FF2BC0
:10C94000EDD10022E2545B46E2585346FF21E35802
:10C950002000984794225200A3580133A35001238A
:10C960000022DEE7E968FDF729FB00231A00002812
:10C9700002D102F032F81A0003782F2B01D001F017
:10C9800035FBC368002B01D101F030FB0069531C5B
:10C990000028F0D19146EA6892464A4699460192AB
:10C9A0004B46009304E0009B01369E4200DB89E485
:10C9B00092235B00E65052461121200002F024F938
:10C9C000019BB342EFDD4B4D8023AA1C904686228B
:10C9D000520093465B00043A2C279146E3580BE043
:10C9E0001900013380225200A350013504326754EC
:10C9F000A7544545D7D02F78FF2BF1D10022E25420
:10CA00005B46E2584B46FF21E358200098479422AA
:10CA10005200A35800210133A3500123E2E7192259
:10CA200090460022802393460D32FF32324E9246CA
:10CA30005B00043A6E279146C358B0440EE01A00DA
:10CA40000133802149006350A75482225200A75429
:10CA5000B04501D101F0DDF937780136FF2BEED179
:10CA60005A46E2545346E2584B46FF21E358200011
:10CA7000984794225200A3580133A3500123002267
:10CA8000DFE70E22802391461C4EFE3293465B0068
:10CA9000043A7B279246C358B1440FE01A00013391
:10CAA000802149006350A7548222013652008846F3
:10CAB000A754B14501D101F067F93778FF2BEDD1CB
:10CAC0000022E2545B46E2585346FF21E35820001F
:10CAD000984794225200A3580133A3500123002207
:10CAE000DEE7C046484501103545011024470110D6
:10CAF000A0440110484601101546011014470110CA
:10CB00000822802391460532FF32EB4E93465B00AC
:10CB1000043A7B279246C358B1440FE01A00013310
:10CB2000802149006350A754822201365200884672
:10CB3000A754B14501D101F035F83778FF2BEDD17D
:10CB40000022E2545B46E2585346FF21E35820009E
:10CB5000984794225200A3580133A3500123002286
:10CB6000DEE780235B00C358FF2B01D101F013FDEA
:10CB7000591C80225200A150823AE25482235B0069
:10CB8000E254112120002A6902F03EF8FFF79AFBD7
:10CB900011212A6902F038F8FFF794FB1D22904614
:10CBA0000022802393460D32FF32C44E92465B0032
:10CBB000043A74279146C358B0440EE01A0001337A
:10CBC000802149006350A75482225200A754464551
:10CBD00001D101F06EF837780136FF2BEED15A46BD
:10CBE000E2545346E2584B46FF21E3582000984751
:10CBF00094225200A3580133A35001230022DFE7FF
:10CC0000122290460022802393460D32FF32AC4E12
:10CC100092465B00043A67279146C358B0440EE041
:10CC20001A000133802149006350A7548222520028
:10CC3000A754B04501D101F076F837780136FF2BC3
:10CC4000EED15A46E2545346E2584B46FF21E35890
:10CC50002000984794225200A3580133A350012387
:10CC60000022DFE7182290460022802393460D32EF
:10CC7000FF32944E92465B00043A54279146C358C3
:10CC8000B0440EE01A000133802149006350A754DC
:10CC900082225200A754B04501D101F060F83778E4
:10CCA0000136FF2BEED15A46E2545346E2584B462A
:10CCB000FF21E3582000984794225200A3580133E3
:10CCC000A35001230022DFE719229046002280238F
:10CCD00093460D32FF327C4E92465B00043A632746
:10CCE0009146C358B0440EE01A0001338021490038
:10CCF0006350A75482225200A754B04501D101F0DD
:10CD000020F837780136FF2BEED15A46E2545346CD
:10CD1000E2584B46FF21E3582000984794225200E6
:10CD2000A3580133A35001230022DFE714228023FC
:10CD30009146664EF83293465B00043A722792465B
:10CD4000C358B1440FE01A000133802149006350F9
:10CD5000A754822252008846A754B14501D100F061
:10CD6000AFFF37780136FF2BEDD10022E2545B464E
:10CD7000E2585346FF21E35820009847942252007E
:10CD8000A3580133A35001230022DEE70F2290466F
:10CD90000022802393460D32FF324D4E92465B00B7
:10CDA000043A6A279146C358B0440EE01A00013392
:10CDB000802149006350A754822201365200A754B3
:10CDC000464501D100F0B6FF3778FF2BEED15A4629
:10CDD000E2545346E2584B46FF21E358200098475F
:10CDE00094225200A3580133A35001230022DFE70D
:10CDF000152290460022802393460D32FF32354E95
:10CE000092465B00043A54279146C358B0440EE062
:10CE10001A000133802149006350A7548222520036
:10CE2000A754B04501D100F0A1FF37780136FF2BA0
:10CE3000EED15A46E2545346E2584B46FF21E3589E
:10CE40002000984794225200A3580133A350012395
:10CE50000022DFE7112290460022802393460D3204
:10CE6000FF321D4E92465B00043A76279146C35826
:10CE7000B0440EE01A000133802149006350A754EA
:10CE8000822201365200A754464501D100F060FFCE
:10CE90003778FF2BEED15A46E2545346E2584B46C0
:10CEA000FF21E3582000984794225200A3580133F1
:10CEB000A35001230022DFE704470110C9440110F9
:10CEC000A1450110CD45011075450110E94501103E
:10CED00090450110B5450110604501101B22904698
:10CEE0000022802393460D32FF32EF4E92465B00C4
:10CEF000043A67279146C358B0440EE01A00013344
:10CF0000802149006350A75482225200A754B045A3
:10CF100001D100F0F9FD37780136FF2BEED15A46EA
:10CF2000E2545346E2584B46FF21E358200098470D
:10CF300094225200A3580133A35001230022DFE7BB
:10CF4000152290460022802393460D32FF32D74EA1
:10CF500092465B00043A74279146C358B0440EE0F1
:10CF60001A000133802149006350A75482225200E5
:10CF7000A754B04501D100F0B2FD37780136FF2B40
:10CF8000EED15A46E2545346E2584B46FF21E3584D
:10CF90002000984794225200A3580133A350012344
:10CFA0000022DFE7082290460022802393460D32BC
:10CFB000FF32BF4E92465B00043A6F279146C3583A
:10CFC000B0440EE01A000133802149006350A75499
:10CFD00082225200A754B04501D100F087FD377876
:10CFE0000136FF2BEED15A46E2545346E2584B46E7
:10CFF000FF21E3582000984794225200A3580133A0
:10D00000A35001230022DFE7EF682D693B78322B24
:10D0100001D101F014F9342B01D001F0E1FD80239E
:10D020005B00C358FF2B01D101F05AFD80265A1C2A
:10D030007600A2512822E25482235B00E25411219F
:10D040002000FA6801F0E0FDA359FF2B01D101F0A7
:10D0500035FD8022591C5200A150D73AE254822358
:10D060005B00E2542A001121200002F08FFFFFF73D
:10D0700029F91121EA6802F083FDFFF723F92B69F2
:10D080001B78392B01D0FFF719F9EA68D3681B68C0
:10D090005978632901D101F05CFB2A00112120009D
:10D0A00002F0F8FF002801D0FFF70CF9EB681A78BE
:10D0B000322A01D101F09CFCDB681B681A78632AD4
:10D0C00001D001F043FB5A786C2A01D001F03EFBFD
:10D0D0009B78002B01D001F039FB2B69DA681178BD
:10D0E000032901D101F00DFD11212000DA6802F0C1
:10D0F0004DFFEA68D3681B681978692901D001F0EF
:10D10000E1FB5878782801D001F0DCFB9878002802
:10D1100001D001F0D7FB20000E39FCF70DFF2B6981
:10D12000112120001A6901F06FFD5D212000FCF73C
:10D1300003FFEB681A78322A01D0FFF7C3F8DB68E7
:10D140009A68012A01D0FFF7BDF85B681B783E2B77
:10D1500001D0FFF7B7F829212000FCF7EDFEFFF71B
:10D16000B1F8EB68002298469B68524D00938023EB
:10D170002F0093460D32FF3292465B00043A6F2631
:10D180009146C35808370EE01A0001338021490048
:10D190006350A654822201355200A654BD4201D1EB
:10D1A00000F0B9FC2E78FF2BEED15A46E2545346DC
:10D1B000E2584B46FF21E358200098479422520042
:10D1C000A3580133A35001230022DFE70822904631
:10D1D0000022802393460D32FF32354E92465B008B
:10D1E000043A6F279146C358B0440EE01A00013349
:10D1F000802149006350A75482225200A754B045B1
:10D2000001D100F07AFC37780136FF2BEED15A4677
:10D21000E2545346E2584B46FF21E358200098471A
:10D2200094225200A3580133A35001230022DFE7C8
:10D23000EA682E69002A02D0112101F0E5FC802362
:10D240005B00E358FF2B01D101F091F95A1C8025B6
:10D250006D0062517B22E25482235B00E254112173
:10D260003200200001F0D0FC6359FF2B01D101F006
:10D270006BF9591C80225200A150833AE254822358
:10D280005B00E254FFF71EF80C2290460022802338
:10D2900093460D32FF32084E92465B00043A7427E3
:10D2A0009146C358B04418E0E546011019460110F4
:10D2B000594601104C460110254501101A00013352
:10D2C000802149006350A75482225200A754B045E0
:10D2D00001D100F0A5FD37780136FF2BEED15A467B
:10D2E000E2545346E2584B46FF21E358200098474A
:10D2F00094225200A3580133A35001230022DFE7F8
:10D30000172280239146EB4EF53293465B00043A98
:10D3100063279246C358B1440FE01A0001338021BD
:10D3200049006350A754822252008846A754B14551
:10D3300001D100F08FFD37780136FF2BEDD10022AF
:10D34000E2545B46E2585346FF21E35820009847D9
:10D3500094225200A3580133A35001230022DEE798
:10D360001222AB5E002B01D001F018F8EA68D24B14
:10D37000D168994201D100F05DFF1121200001F038
:10D3800043FC80235B00E258FF2A01D101F003FB3C
:10D390008021531C49006350E039A154822252007D
:10D3A000A15410216A5E002A01D000F050FE92467E
:10D3B0000D32FF32C14D9146043A5F2690466F1DF3
:10D3C0000EE01A000133802149006350A6548222E6
:10D3D0005200A654AF4201D1FEF774FF2E780135FA
:10D3E000FF2BEED15246E2544B46E2584346FF2112
:10D3F000E3582000984794225200A3580133A350C9
:10D4000001230022DFE70922802391460432FF3204
:10D41000AB4E93465B00043A64279246C358B1442E
:10D420000FE01A000133802149006350A754822283
:10D4300052008846A754B14501D100F04CFD377821
:10D440000136FF2BEDD10022E2545B46E2585346F1
:10D45000FF21E3582000984794225200A35801333B
:10D46000A35001230022DEE7EA68964906A8F6F7F2
:10D4700071FB06A804F0F6FB002801D1FEF722FF9D
:10D480000022802392460D32FF3291465B0006ADAA
:10D49000043A9046E3582F180DE01A00013380211A
:10D4A00049006350A654822201355200A654AF426F
:10D4B00001D1FEF707FF2E78FF2BEED15246E25442
:10D4C0004B46E2584346FF21E358200098479422F8
:10D4D0005200A3580133A35001230022DFE7802329
:10D4E0005B00C3582D7BFF2B01D101F01BF8591CA9
:10D4F00080225200A150E55482235B00E554FEF7E0
:10D50000E1FE2F69EA68002F01D1FEF7DBFE15006E
:10D51000D7190022802392460D32FF3291465B00DC
:10D52000043A9046C3580DE01A00013380214900A7
:10D530006350A654822201355200A654AF4201D155
:10D54000FEF7C0FE2E78FF2BEED15246E2544B463A
:10D55000E2584346FF21E3582000984794225200A6
:10D56000A3580133A35001230022DFE7082290468D
:10D570000022802393460D32FF32534E92465B00C9
:10D58000043A56279146C358B0440DE01A000133BF
:10D59000802149006350A754822201365200A754CB
:10D5A000B04500D18DE23778FF2BEFD15A46E254D7
:10D5B0005346E2584B46FF21E358200098479422F7
:10D5C0005200A3580133A35001230022E0E70A22AE
:10D5D00090460022802393460D32FF323B4E924606
:10D5E0005B00043A76279146C358B0440DE01A0018
:10D5F0000133802149006350A75482225200A7546E
:10D60000B04500D164E237780136FF2BEFD15A469E
:10D61000E2545346E2584B46FF21E3582000984716
:10D6200094225200A3580133A35001230022E0E7C3
:10D630001121EA6801F0E8FAFEF744FEEA681121D8
:10D6400001F0E2FA112120002A6901F0DDFAFEF76B
:10D6500039FE0E2290460022802393460D32FF327F
:10D660001B4E92465B00043A6A279146C358B04469
:10D670000DE01A000133802149006350A754822233
:10D6800001365200A754B04500D10BE33778FF2B89
:10D69000EFD15A46E2545346E2584B46FF21E35835
:10D6A0002000984794225200A3580133A35001232D
:10D6B0000022E0E701450110304201103946011017
:10D6C000A546011038440110F4440110E94401104A
:10D6D000944601102B691A783B2A01D0FEF7EEFD23
:10D6E0001B691B783C2B01D0FEF7E8FD2A001121B5
:10D6F00002F0D0FC002801D0FEF7E4FDEB68E84919
:10D7000098462B69DE681B69DF681D694346DB6844
:10D71000186804F05BFA002801D001F0AFF932007C
:10D720002000112102F032FC42462000112102F0BB
:10D7300027FA3A002000112102F028FC2000D949E4
:10D74000FCF75EFC2A001121200002F01FFCFEF70E
:10D75000B9FD8A235B009B46C3585A46994606ABDF
:10D7600098464B46069343465D60835042460023ED
:10D7700093601133FF33C3580126D36001224B4617
:10D780009446002B01D101F00DFAC2460090A84644
:10D790001CE09A68002A16D1032E01D900F075FF0B
:10D7A00052461D003101521891CD91C22D68544648
:10D7B00015605A4600980136825862505A465144C4
:10D7C000815062469A601B68002B04D05A68127818
:10D7D000193A022ADDD94546009C2A691121200008
:10D7E00001F012FA8A234A465B00E25053469B68D6
:10D7F000002B01D0FEF766FD5746012E09D0013EF1
:10D800003301FB18112120005A6801F02BFA012E78
:10D81000F5D18A235B002A0011212000E35801F092
:10D82000EBFFFEF74FFDEA68002A1AD08A277F0037
:10D83000C35906AE0693002308931133FF33C35830
:10D840001121C6510993079501F0DEF9069BE351BA
:10D85000089B002B01D0FEF735FD20212000FCF7AE
:10D860006BFB8A235B002A0011212000E35801F0A2
:10D8700055FDFEF727FDEB689946002B01D000F01F
:10D8800066FC002292460D32FF32874D01339146ED
:10D89000FF33043A74269046C3582F1D0EE01A0039
:10D8A0000133802149006350A65482220135520081
:10D8B000A654AF4201D1FEF705FD2E78FF2BEED125
:10D8C0005246E2544B46E2584346FF21E3582000BB
:10D8D000984794225200A3580133A35001230022F9
:10D8E000DFE790235B00C358002B00D1DCE36F4ED1
:10D8F0008023721D91468622520093465B00043AB3
:10D9000061279246C3580EE01A0001338021490076
:10D910006350A7548222013652008846A754B1456D
:10D9200000D1D9E33778FF2BEED10022E2545B46D9
:10D93000E2585346FF21E3582000984794225200B2
:10D94000A3580133A35001230022DFE711229046A0
:10D950000022802393460D32FF32554E92465B00E3
:10D96000043A68279146C358B0440DE01A000133C9
:10D97000802149006350A754822201365200A754E7
:10D98000B04500D1A0E23778FF2BEFD15A46E254E0
:10D990005346E2584B46FF21E35820009847942213
:10D9A0005200A3580133A35001230022E0E72F695E
:10D9B000EA68002F01D1FEF785FC1500D719002277
:10D9C000802392460D32FF3291465B00043A904626
:10D9D000C3580DE01A000133802149006350A6545A
:10D9E000822201355200A654AF4201D1FEF76AFCF3
:10D9F0002E78FF2BEED15246E2544B46E258434676
:10DA0000FF21E3582000984794225200A358013385
:10DA1000A35001230022DFE7EB68A0CB002F01D148
:10DA2000FEF750FC0022802392460D32FF329146D1
:10DA30005B00043A9046C358EF190DE01A00013319
:10DA4000802149006350A654822201355200A65419
:10DA5000AF4201D1FEF736FC2E78FF2BEED15246B5
:10DA6000E2544B46E2584346FF21E35820009847D2
:10DA700094225200A3580133A35001230022DFE770
:10DA80004F3B012B00D8A4E28A235B00E250FEF753
:10DA900033FE11212000EA6801F0B6F8FEF712FC0F
:10DAA000684601106C460110B4460110C0440110D4
:10DAB0000046011011212000EA6801F0A5F8FEF7E8
:10DAC00001FC11212000EA6801F09EF8FEF7FAFB44
:10DAD00011212000EA6801F097F8FEF7F3FB11210D
:10DAE0002000EA6801F090F8FEF7ECFB2A00112113
:10DAF000200001F08BFFFEF7E5FB112120002A69D1
:10DB000001F082F8FEF7DEFB11212000EA6801F047
:10DB10007BF8FEF7D7FB424655682A78613A192A06
:10DB200001D800F04BFC009A571EEB5D202B00D073
:10DB30001700002F01D1FEF7C5FB0022802392467B
:10DB40000D32FF3291465B00043A9046E358EF19DC
:10DB50000DE01A000133802149006350A65482224F
:10DB600001355200A654AF4201D1FEF7ABFB2E782F
:10DB7000FF2BEED15246E2544B46E2584346FF217A
:10DB8000E3582000984794225200A3580133A35031
:10DB900001230022DFE711212000EA6801F034F8B8
:10DBA000FEF790FB90267600A359EA680133A35153
:10DBB0001121200001F028F8A3592927013BA35186
:10DBC000E84E4346B21C9146862252009346043AE0
:10DBD0009246E3580DE01A0001338021490063505A
:10DBE000A7548222013652008846A754B14513D06B
:10DBF0003778FF2BEFD10022E2545B46E2585346C0
:10DC0000FF21E3582000984794225200A358013383
:10DC1000A35001230022E0E72A69D349013206A874
:10DC2000F5F798FF06A804F01DF84346E3580028CE
:10DC300029D0002292460D32FF32914606AD043AB9
:10DC400090462F180BE01A000133802149006350E1
:10DC5000A654822201355200A654BD4213D02E781C
:10DC6000FF2BF0D15246E2544B46E2584346FF2187
:10DC7000E3582000984794225200A3580133A35040
:10DC800001230022E1E7FF2B01D100F026FC591C03
:10DC900080225200A150833AE25482235B00E25476
:10DCA000FEF710FB11212000EA6800F0ADFFFEF73F
:10DCB00009FB11212000EA6800F0A6FFFEF702FB35
:10DCC0002A691121200000F09FFFA84E4346721DD3
:10DCD0009046002293460D32FF329246043A2027A6
:10DCE0009146E3580CE01A0001338021490063504B
:10DCF000A754822201365200A754B0453DD0377850
:10DD0000FF2BF0D15A46E2545346E2584B46FF21CE
:10DD1000E3582000984794225200A3580133A3509F
:10DD200001230022E1E711212000EA6800F06CFFE6
:10DD3000FEF7C8FA11212000EA6800F065FFFEF73F
:10DD4000C1FA11212000EA6800F05EFFFEF7BAFA7E
:10DD500011212000EA6800F057FFFEF7B3FA112105
:10DD60002000EA6800F050FFFEF7ACFA1121200015
:10DD7000EA6800F049FFFEF7A5FA11212000EA68E1
:10DD800000F042FFFEF79EFAEA687749013206A8E2
:10DD9000F5F7E0FE06A803F065FF4346E3580028C8
:10DDA00029D0002292460D32FF32914606AD043A48
:10DDB00090462F180BE01A00013380214900635070
:10DDC000A654822201355200A654BD4213D02E78AB
:10DDD000FF2BF0D15246E2544B46E2584346FF2116
:10DDE000E3582000984794225200A3580133A350CF
:10DDF00001230022E1E7FF2B00D1DEE3591C802242
:10DE00005200A150833AE25482235B00E254FEF7B1
:10DE100059FA11212000EA6800F0F6FEFEF752FAE6
:10DE200011212000EA6800F0EFFEFEF74BFA112105
:10DE30002000EA6800F0E8FEFEF744FA2F693B781C
:10DE4000472B00D104E33A001121200000F0DCFE52
:10DE5000FEF738FAEA681121200000F0D5FE444EA2
:10DE60004346321D9046002293460D32FF329246C1
:10DE7000043A2D279146E3580CE01A000133802123
:10DE800049006350A754822201365200A754B0457E
:10DE900013D03778FF2BF0D15A46E2545346E2585C
:10DEA0004B46FF21E3582000984794225200A35884
:10DEB0000133A35001230022E1E7112120002A6948
:10DEC00000F0A2FEFEF7FEF911212000EA6800F042
:10DED0009BFEFEF7F7F911212000EA6800F094FE9E
:10DEE0004346E358FF2B00D179E3591C80225200AE
:10DEF000A150D73AE25482235B00E254FEF7E2F9E4
:10DF0000112120002A6900F07FFE4346E358FF2BD1
:10DF100000D176E3591C80225200A150A33AE2546A
:10DF200082235B00E254FEF7CDF9112120002A691B
:10DF300000F06AFE4346E358FF2B00D1E0E2591C93
:10DF400080225200A150A33AE25482235B00E254A3
:10DF5000FEF7B8F92A001121200000F083FEFEF739
:10DF6000D5F9C0461047011038440110E0450110B2
:10DF70001C450110942745467F00E359112198461E
:10DF800020002A6900F040FEE359434501D0FEF726
:10DF900099F94B46E358B34201D0FEF793F94B464B
:10DFA000023EE650FEF78EF94A46A258FF2A01D1FA
:10DFB00000F097FC531C494663504346A354424625
:10DFC00053461121E25420002A6800F04BFEFEF770
:10DFD000B0FBFF68002F01D100F019FC1032042EB5
:10DFE00000D100E25346B146FEF73CFBEB68914698
:10DFF0009A46131E01D1FEF765F9013B0193FEF726
:10E00000CFFC072E01D0FEF743FA2B6918780028C1
:10E0100001D0FEF73DFA1869012801D0FEF738FA61
:10E020003D2901D0FEF734FADB681B78302B01D193
:10E0300000F0DCFD312B01D0FEF72AFA2000DA498E
:10E04000FBF7DEFFFEF73EF90026FEF7F1F90022AE
:10E0500092460D32FF32D54D9146043A5F269046E6
:10E060006F1D0EE01A000133802149006350A65451
:10E0700082225200A654BD4201D1FEF723F92E7828
:10E080000135FF2BEED15246E2544B46E25843464F
:10E09000FF21E3582000984794225200A3580133EF
:10E0A000A35001230022DFE72900FBF767FF021ED0
:10E0B00001D1FEF703F903782F2B01D100F05DFCAD
:10E0C00088256D006659112133682000635100F0E6
:10E0D0009BFD6651FEF7F6F8EA68B549013206A8DD
:10E0E000F5F738FD06A803F0BDFD002801D1FEF7C5
:10E0F000E9F80022434692460D32FF32914606ADC2
:10E10000043A9046E3582F180DE01A00013380219D
:10E1100049006350A654822201355200A654BD42E4
:10E1200001D1FEF7CFF82E78FF2BEED15246E25404
:10E130004B46E2584346FF21E3582000984794227B
:10E140005200A3580133A35001230022DFE7994D69
:10E1500080236A1D90468622520093465B00043A53
:10E160007B269246C3580CE01A00013380277F00BB
:10E17000E351A65482225200A654A84514D02E780A
:10E180000135FF2BF0D10022E2545B46E2585346A2
:10E19000FF21E3582000984794225200A3580133EE
:10E1A000A35001230022E1E74A46814906A8F5F77A
:10E1B000D1FC06A803F056FDE359002829D000221F
:10E1C00092460D32FF32914606AD043A90462F1822
:10E1D0000BE01A000133802149006350A6548222CB
:10E1E00001355200A654AF4213D02E78FF2BF0D148
:10E1F0005246E2544B46E2584346FF21E358200082
:10E20000984794225200A3580133A35001230022BF
:10E21000E1E7FF2B00D1CFE38022591C5200A1502F
:10E22000833AE25482235B00E254FEF74BF8002667
:10E23000FEF72EF980235B00E358FFF7B2F8FB6886
:10E240001B6898461B78612B00D0D5E04246527877
:10E25000642A00D0D0E042469278002A00D0CBE079
:10E260002A78032A01D100F0FAFB392A01D100F003
:10E2700057FC732B1ED1424652785A2A51D142463E
:10E280009678002E4DD129002000FBF797FE00283C
:10E2900007D109E0C368002B06D0006901360028C9
:10E2A00002D003782F2BF5D031002000FBF714FFAC
:10E2B000FEF708F83A001121200001F061FC434606
:10E2C0001B78672B0ED142465278732A0AD14246F8
:10E2D0009278002A06D12A001121200000F094FC37
:10E2E000FDF7F0FF732B01D0FEF7BCFE43465B78D1
:10E2F000742B01D0FEF7B6FE43469B78002B01D06D
:10E30000FEF7B0FE20002821FBF716FE20002A00B1
:10E31000112100F079FC29212000FBF70DFEFDF70B
:10E32000D1FF732BC6D143465B78502BC2D14346F5
:10E330009B780026002B05D0BCE701362D69002D07
:10E3400000D1E0E22B782F2B00D0DCE2EB68002B31
:10E3500000D1D8E21A784B2AEFD1D9682000FBF718
:10E360002DFE0023002807D109E0C268002A06D04C
:10E3700000690133002802D002782F2AF5D0F61860
:10E38000DCE74F3B012B00D8C2E1009E029DFEF767
:10E39000B3F9F1330500E758FEF75AF80649FBF7E1
:10E3A0002FFEFEF7E3FFC0468C46011041460110E8
:10E3B00038440110BD46011030460110FF2B00D13A
:10E3C00029E38022591C5200A150E03AE2548223F2
:10E3D0005B00E254FFF7A7FB2A001121200000F0A8
:10E3E00041FCFEF713F88A2352465B00E2500122FB
:10E3F0000433E250FDF766FF2A7836E70026FEF781
:10E4000027F811212000EA6800F0FEFBFDF75AFF13
:10E4100000239846A3550D33FF33E258043B3100E7
:10E42000E35820009847942243465200E351A358F2
:10E4300000260133A350FDF7A2FF2B782F2B01D02C
:10E44000FEF703F88A235B000500E758FEF700F8A3
:10E450002000F349FBF7D4FD3B69F2495A1C06A89A
:10E46000F5F778FB06A803F0FDFB00282FD000226B
:10E470004346804693460D32FF3206ADA84492468D
:10E48000043A91464246E358B84617000AE019009C
:10E49000013380225200A350013504326654A65441
:10E4A000AF4213D02E78FF2BF1D15A46E254534697
:10E4B000E2584B46FF21E35820009847942252002F
:10E4C000A35800210133A3500123E2E7474620006F
:10E4D000D549FBF795FDFF68B5E40022E254862399
:10E4E0005B00E258043BFF21E35820009847942248
:10E4F0005200A35801210133A3500023FFF7C8FBAA
:10E500000022E25486235B00E258043BFF21E358DB
:10E510002000984794225200A35801210133A350B0
:10E5200000230DE50022C25486235B00C258043B41
:10E53000FF21C358984794225200A3580121013368
:10E54000A3500023FEF7D4FF0022E25486235B0091
:10E55000E258043BFF21E3582000984794225200E0
:10E56000A35801210133A3500023FEF783FE0022AC
:10E57000E25486235B00E258043BE358FF2120006D
:10E58000984794225200A3580133A350283A0023FD
:10E59000FF3AFEF75CFE0022C25486235B00C2589D
:10E5A000043BFF21C358984794225200A3580121ED
:10E5B0000133A3500023FEF7DCFA0022E254862345
:10E5C0005B00E258043BFF21E35820009847942267
:10E5D0005200A35801210133A35000230FE400226D
:10E5E000E25486235B00E258043BFF21E3582000FD
:10E5F000984794225200A35801210133A3500023CD
:10E6000074E40022E25486235B00E258043BFF21BD
:10E61000E3582000984794225200A3580121013367
:10E62000A350002377E40022E25486235B00E258E3
:10E63000043BFF21E3582000984794225200A3583E
:10E6400001210133A3500023FEF715F920212000FA
:10E65000FBF772FCFEF707F90022E25486235B0009
:10E66000E258043BFF21E3582000984794225200CF
:10E67000A35801210133A3500023FEF7E2F8202123
:10E680002000FBF759FCFEF7D4F88C23009C5B00BC
:10E690000132E250FDF716FE0022E25486235B00B1
:10E6A000E258043BFF21E35820009847942252008F
:10E6B000A35801210133A3500023EA68FDF7F0FEBF
:10E6C0002D212000FBF738FCFDF709FF0022E25462
:10E6D00086235B00E258043BFF21E3582000984763
:10E6E00094225200A35801210133A3500023FDF7C7
:10E6F000E9FE20005B21FBF71FFC200011212A69A5
:10E7000000F082FA5D212000FBF716FCFDF7DAFD30
:10E71000009B042B7ED00B0008000391103364C8CB
:10E7200064C300681860634609611031E1504B46CC
:10E73000039A9360019B5760D360009BFF6801338D
:10E740000093002F66D03B78FDF7BCFF2B69FEF7E6
:10E75000CBFC1B7819006339012904D9723B012BCA
:10E7600001D9FEF79AFC2000112101F009FA2000DE
:10E770003C21FBF7E1FB2B692000DA68112100F056
:10E7800043FA20002949FBF73BFC2B6920001121AB
:10E790001A6900F039FA29212000FBF7CDFBFDF7BB
:10E7A00091FD2B691B78002B01D0FDF771FE3E29EE
:10E7B00000D10BE2023E112120002A69F6B200F0DE
:10E7C00023FA042E01D9FDF77DFD194BB6009B59A4
:10E7D0009F4620001749FBF713FCFDF773FD20004F
:10E7E0001549FBF70DFCFDF76DFD6C212000FBF7D3
:10E7F000A3FBFDF767FD75212000FBF79DFBFDF7EF
:10E8000061FD20000D49FBF7FBFBFDF75BFD8A2353
:10E810005B00E2508C2301225B00E250FDF752FDC9
:10E82000AC44011038440110BC440110644601108E
:10E83000D43A01107C460110784601108046011040
:10E840003033FF33E258002A00DC75E1043BE15825
:10E85000002304E001330831934200D16CE10F68DA
:10E86000B842F7D196235B00E3581F1E06D1FDF78F
:10E8700012FD5B68002B01D1FDF70DFD1A68824285
:10E8800003D0AA42F5D19F42F3D001002000FBF74C
:10E8900075FB002801D1FDF711FD03782F2B01D066
:10E8A000FDF7C6FDF533E158002900DAC5E5FBF7B1
:10E8B000D3FA002800D18DE10378FDF7B9FDC268D5
:10E8C000FDF708FD632900D1C0E01121200001F00F
:10E8D00057F92B69112120001A6901F057FBFEF747
:10E8E00028FCA35486235B00E258043BE358FF2135
:10E8F0002000984794225200A3580133A3500123CB
:10E900000022FFF758FB3200BB4906A8F5F722F9B1
:10E9100006A803F0A7F9002801D1FDF7D3FC0022D7
:10E92000802392460D32FF3291465B0006AD043AD9
:10E930009046E3582F180CE0190001338022520052
:10E94000A350013504326654A654AF4201D1FDF7FD
:10E95000B9FC2E78FF2BEFD15246E2544B46E258D9
:10E960004346FF21E3582000984794225200A358C1
:10E9700000210133A3500123E0E7F533E1580029DA
:10E9800001DAFFF79DFBFBF767FA021E01D0FFF7E4
:10E9900097FBFDF793FC00260833A6540D32E3588D
:10E9A000A258FF212000984794225200A358013317
:10E9B000A3503200FEF7ECFC00258622E5545200FD
:10E9C0000933E358A258FF212000984794225200AF
:10E9D000A3580133A3502B001EE420001121EA6844
:10E9E00001F0D4FA20008549FBF70AFBFDF76AFC29
:10E9F000DA689168012901D0FEF75EFB526812784F
:10EA00003E2A01D0FEF758FB20002731FBF794FA8D
:10EA1000EB68FEF751FB00268622E65452000933CC
:10EA2000E358A258FF212000984794225200A3588F
:10EA30000133A35043465D683300C2E4FF68002FF2
:10EA400000D1E7E63B789A46FDF731FE59786C290C
:10EA500000D03AE79B78002B00D13AE735E7EA6827
:10EA60001178012901D0FFF704FC296909782929C7
:10EA700001D0FFF7FEFB1500FFF7FBFB200060490C
:10EA8000FBF7BEFAF368002B08D0112120003200FA
:10EA900001F07CFA20212000FBF74EFA3A00112108
:10EAA000200000F0B1F8002D01D1FDF70BFC2A0089
:10EAB0001121200001F06AFAFDF704FC00268622ED
:10EAC000E65452000933E358A258FF21200098472A
:10EAD00094225200A3580133A3503300FEF7B9FA31
:10EAE00000268622C65452000933C3588258FF219B
:10EAF000984794225200A3580133A3503300FEF7E5
:10EB000095FA13691B78292B03D08C2302395B00FB
:10EB1000E15011212000D26801F038FAFEF7E9FA3D
:10EB20002000EA68112101F031FA3A001121200099
:10EB300001F026F8FDF7C6FB9C235B00E3589342E7
:10EB40002ADD9821D300571C9A22490061585200AF
:10EB5000A750243ACB18A15801C3002933D034322E
:10EB6000A2589E279246A022520090468446A25860
:10EB700018007F0000950DE0E559D300AB464546EF
:10EB8000013262514D685B445D60036009681800A2
:10EB9000002916D05245EFDB8C2301225B00E250A6
:10EBA000FDF790FB2A69112100F02EF84B465A46DA
:10EBB000A35043469B68002B01D1FEF72AFEFDF7C8
:10EBC00081FB6046009D00221A605EE61139FBF76A
:10EBD000B3F9EFE5002E01D0FDF76CFBFDF76EFBFE
:10EBE0003A00112100F0CCFFFEF73CFA2000054965
:10EBF000FBF706FAFDF766FB38440110B04601103A
:10EC00007046011084460110F0B50500140083B071
:10EC1000002A21D05368012B1EDC8E26802176002D
:10EC20008259C9008A4217DC962701337F0063604E
:10EC3000C359013201936B4682511121C351220005
:10EC40000094FDF711FB019BEB516368013B63608E
:10EC5000AB59013BAB5103E08C2301225B00EA502E
:10EC600003B0F0BDF8B54546DE4657464E4613782C
:10EC7000E0B5033BDBB2040015004D2B03D8DA4AA4
:10EC80009B00D3589F462A0011212000FFF7BCFFAC
:10EC9000F0BCBB46B246A946A046F8BD0022D34D03
:10ECA00080232F0092460D32FF3291465B00043ADA
:10ECB00020269046C35808370BE019000133802204
:10ECC0005200A35004326654A654AF42E0D02E78CE
:10ECD0000135FF2BF1D15246E2544B46E2584346F0
:10ECE000FF21E3582000984794225200A3580021A6
:10ECF0000133A3500123E2E70022BD4D80232F0002
:10ED000092460D32FF3291465B00043A202690462F
:10ED1000C35808370BE01900013380225200A3507A
:10ED200004326654A654BD42B2D02E780135FF2B72
:10ED3000F1D15246E2544B46E2584346FF21E35894
:10ED40002000984794225200A35800210133A35079
:10ED50000123E2E70022802392460D32FF32A54DC7
:10ED600091465B00043A20269046C3586F1D0CE084
:10ED70001900013380225200A35004326654A65475
:10ED8000AF4200D184E72E780135FF2BF0D15246F7
:10ED9000E2544B46E2584346FF21E358200098478F
:10EDA00094225200A35800210133A3500123E1E72C
:10EDB000914E8023721D9046002293460D32FF3201
:10EDC00092465B00043A20279146C3580CE0190094
:10EDD000013380225200A35004326754A754B04537
:10EDE00000D1C1E137780136FF2BF0D15A46E25409
:10EDF0005346E2584B46FF21E3582000984794229F
:10EE00005200A35800210133A3500123E1E78021E0
:10EE100049004258FF2A00D146E2531C4350E039D2
:10EE200081548222520081542CE080235B00C2581E
:10EE3000FF2A00D127E2531C802149006350E039AA
:10EE4000A15482225200A1542CE080235B00C358BD
:10EE5000FF2B00D106E2591C80225200A150E03A5B
:10EE6000E25482235B00E254112120002A69FFF75B
:10EE7000CBFE0DE71121EA68FFF7C6FE08E7802305
:10EE80005B00C358FF2B00D1B8E1591C802252000F
:10EE9000A150DA3AE25482235B00E254F8E6802380
:10EEA0005B00C358002292460D32FF32534D91460B
:10EEB000043A26269046AF1C0CE01900013380224C
:10EEC0005200A350013504326654A654AF4200D11B
:10EED000DEE62E78FF2BF0D15246E2544B46E25844
:10EEE0004346FF21E3582000984794225200A3583C
:10EEF00000210133A3500123E1E70022404D80238C
:10EF00002F0092460D32FF3291465B00043A2026D4
:10EF10009046C35808370CE0190001338022520094
:10EF2000A35004326654A654BD4200D1B0E62E78F8
:10EF30000135FF2BF0D15246E2544B46E25843468E
:10EF4000FF21E3582000984794225200A358002143
:10EF50000133A3500123E1E700222A4D80232F0033
:10EF600092460D32FF3291465B00043A20269046CD
:10EF7000C3580A370CE01900013380225200A35015
:10EF800004326654A654AF4200D181E62E78013592
:10EF9000FF2BF0D15246E2544B46E2584346FF2144
:10EFA000E3582000984794225200A35800210133CF
:10EFB000A3500123E1E782235B00C35C282B00D030
:10EFC0000DE1EA6811212000FFF71EFE00228023D8
:10EFD00092460D32FF320C4D91465B00043A3A26C0
:10EFE0009046E358EF1C1EE0E83A0110314701104B
:10EFF0003D47011049470110714701107847011042
:10F000007D47011089470110944701101900013311
:10F0100080225200A350013504326654A654AF42F8
:10F0200000D135E62E78FF2BF0D15246E2544B4604
:10F03000E2584346FF21E3582000984794225200AB
:10F04000A35800210133A3500123E1E709228023C3
:10F0500091460432FF32AE4E93465B00043A2027BD
:10F060009246C358B1440EE01A0001338021490092
:10F070006350A754822252008846A754B14500D15C
:10F080009AE037780136FF2BEED10022E2545B463E
:10F09000E2585346FF21E35820009847942252003B
:10F0A000A3580133A35001230022DFE70022994D2A
:10F0B00080232F0092460D32FF3291465B00043AC6
:10F0C00020269046C35811370CE0190001338022E6
:10F0D0005200A350013504326654A654BD4200D1FB
:10F0E000D6E52E78FF2BF0D15246E2544B46E2583B
:10F0F0004346FF21E3582000984794225200A3582A
:10F1000000210133A3500123E1E7082290460022A9
:10F11000802393460D32FF327F4E92465B00043AC5
:10F1200020279146C358B0440BE0190001338022D8
:10F130005200A35004326754A754B04514D0377816
:10F140000136FF2BF1D15A46E2545346E2584B4662
:10F15000FF21E3582000984794225200A358002131
:10F160000133A3500123E2E72A69002A00D18FE589
:10F17000FF2B64D0591C80256D0061512821E1547A
:10F1800082235B00E15420001739FFF73DFD6359EE
:10F19000FF2B1AD10022E25486235B00E258043B85
:10F1A000FF21E3582000984794225200A3580121E0
:10F1B0000133A350002309E011212000EA68FFF782
:10F1C00023FD4346E358FF2BE4D0591C8022520014
:10F1D000A150D73AE25482235B00E25458E58023E1
:10F1E0005B00C358FF2B71D0591C80225200A150E4
:10F1F000E03AE25482235B00E254E2E60022E25469
:10F2000086235B00E258043BFF21E3582000984727
:10F2100094225200A35801210133A350002335E664
:10F2200080235B00C358FF2B61D0591C8022520001
:10F23000A150D63AE25482235B00E25428E5002232
:10F24000E25486235B00E258043BFF21E358200090
:10F25000984794225200A35801210133A350002360
:10F260002A6988E70022C25486235B00C258043B07
:10F27000FF21C358984794225200A358012101331B
:10F28000A3500023E8E5002383540D33FF33C25815
:10F29000043BC358FF21984794225200A3580133DE
:10F2A000A35001230022C7E5002383540D33FF330D
:10F2B000C258043BC358FF21984794225200A358D8
:10F2C0000133A350202323701F3BDEE50022C254EC
:10F2D00086235B00C258043BFF21C3589847942201
:10F2E0005200A35801210133A35000237DE70022DF
:10F2F000C25486235B00C258043BFF21C358984781
:10F3000094225200A35801210133A35000238DE71A
:10F31000994701105047011065470110F8B54E4656
:10F320004546DE4657460400E0B516001D1E6FD068
:10F3300086489A68002A6BD15A6811781939C9B27F
:10F34000122962D889004258974682235B00E35C09
:10F35000202B00D096E080235B00E358FF2B00D1E8
:10F360009FE05A1C8021490062502822E2548223E7
:10F370005B00E2549146002288469A461033E758D3
:10F380009346E250200000232A00EF3900F0E2F813
:10F390004346E358FF2B00D1A8E041465A1C625077
:10F3A000D739E1545346E154FF2A41D08021531C00
:10F3B00049006350D839A15482225200A1543269C5
:10F3C000002A06D011212000FFF71EFC80235B00DD
:10F3D000E358FF2B00D177E0591C80225200A15046
:10F3E000D73AE25482235B00E254043B2A00112105
:10F3F0002000FF3B00F0AEF88A235B00E750F0BC32
:10F40000BB46B246A946A046F8BD1B68002B90D16A
:10F410008A2300225B00E7581121E25020000023DC
:10F420002A0000F097F880235B00E258FF2ABDD144
:10F430000023A3540D33FF33E258043BE358FF216C
:10F440002000984794225200A3580133A3508023F0
:10F45000283A5B00FF3AE2500432D83BFF32237077
:10F46000A3543269002AADD10123B5E782235B00A2
:10F47000E35C022219009143282900D16BE7202B7D
:10F4800000D168E7802149006258FF2A4BD0531C05
:10F490006350E039A15482225200A154FF2B00D0C6
:10F4A0005FE70022E25486235B00E258043BE35806
:10F4B000FF212000984794225200A3580133A35003
:10F4C000283A0023FF3A4DE70022E25486235B00EE
:10F4D000E258043BFF21E358200098479422520051
:10F4E000A35801210133A350002376E75A46E25482
:10F4F00086235B00E258043BE358FF212000984735
:10F5000094225200A3580133A35002234246A35031
:10F510000F4B4A4623805346E25432690223002AA5
:10F5200000D04FE758E70023A3540D33FF33E258D0
:10F53000043BE358FF212000984794225200A3582F
:10F540000133A350202323701F3B0AE7203C011006
:10F5500029280000F0B54E464546DE465746E0B540
:10F560001400050099468BB0002A3CD08C268827D1
:10F57000012376009A467F0014E05346A360EB59BE
:10F580000093E368EB51292926D02A293CD002298F
:10F5900042D011212800FFF765FB009BEB51246846
:10F5A000002C20D0AB59002B1DD1A368002BF6D125
:10F5B0004B4662681178002BDFD14D29EFD019D866
:10F5C0000B001C3B042BEAD95346A360EB59009374
:10F5D000E368EB512929D8D1236828001839FFF7AF
:10F5E0009DFE009BEB510BB0F0BCBB46B246A9465A
:10F5F000A046F0BD4F390129D1D95346A360EB593C
:10F600000093E368EB51C4E723682800193900F040
:10F61000F3F8009BEB51E6E78A277F00EB59D268AD
:10F62000984600232800EB510F31FFF7EDFA4346CF
:10F63000EB516D4F8023BA1C91463A229046D2324C
:10F6400093465B00043A9246EB580EE01A000133F1
:10F65000802149006B504146A95482220137520053
:10F66000A9544F4514D03A789046FF2BEED1002292
:10F67000EA545B46EA585346FF21EB582800984766
:10F6800094225200AB580133AB5001230022DFE734
:10F69000626814692278472A15D04D2A10D00CD8F8
:10F6A0001C3A042A0CD9220011212800FFF7ACFAD9
:10F6B0008823009A5B00EA5095E74F3A012AF2D876
:10F6C000E4682278E9E73B3A9246484F6F32904629
:10F6D00091329346BA440FE01A0001338021490069
:10F6E0006B5089464146A95482225200A95457457D
:10F6F00018D03A7801379046FF2BEDD10022EA541A
:10F7000084235B00EB58FF2101935B462800EA58F5
:10F71000019B984794225200AB580133AB50012310
:10F720000022DBE7236932495A1C03A8F4F712FAD6
:10F7300003A802F097FA4B46EB58002827D0862200
:10F7400081465200934603AF043A9246B9440AE018
:10F750001900013380225200AB50013704326E543D
:10F76000AE544F4513D03E78FF2BF1D10022EA541E
:10F770005B46EA585346FF21EB58280098479422ED
:10F780005200AB5800210133AB500123E2E7194F7F
:10F79000FA1C91467D2290468F329346043A924657
:10F7A0000FE01900013380225200AB5042466A54E8
:10F7B0008222414652000137A9544F4580D03A7801
:10F7C0009046FF2BEDD10022EA545B46EA5853469F
:10F7D000FF21EB582800984794225200AB58002193
:10F7E0000133AB500123DEE7A8440110AD44011002
:10F7F00038440110BC440110F0B54E464546DE4683
:10F800005746E0B5040090461E0083B0002B0BD095
:10F810009A68002A51D01B68002BF9D100233200CE
:10F8200011212000FFF796FE80235B00E358FF2B99
:10F8300000D1B3E080215A1C49006250E039E15404
:10F8400082235B00E154FF2A46D08021531C4900EB
:10F850006350A539A15482225200A1544246D26875
:10F86000002A06D011212000FFF7CEF980235B008B
:10F87000E358FF2B0FD0591C80225200A150A33A0D
:10F88000E25482235B00E25403B0F0BCBB46B246B4
:10F89000A946A046F0BD0022E25486235B00E25850
:10F8A000043BFF21E3582000984794225200A358BC
:10F8B00001210133A3500023DEE75B681B782A2B6C
:10F8C00029D10023320011212000FFF743FE8023BD
:10F8D0005B00E258FF2AB8D10023A3540D33FF3355
:10F8E000E258043BE358FF2120009847942252003D
:10F8F000A3580133A3508023283A5B00FF3AE2501B
:10F900000432A53BFF322370A3544346DA68002A31
:10F91000A8D10123AFE780233A4D5B00AA1C934690
:10F920002027E3580EE01A0001338021490063507C
:10F93000A75482220135520089469246A754AB450E
:10F9400018D02F78FF2BEED10022E25486235B00E3
:10F95000E358FF21009384235B00E358009A2000C2
:10F960000193984794225200A3580133A3500123D6
:10F970000022DAE70023320011212000FFF7EAFD20
:10F980004B46E258FF2A2AD04946531C635029218E
:10F99000A1545246A154FF2B00D04BE70022E25461
:10F9A00086235B00E258043BE358FF212000984780
:10F9B00094225200A3580133A3508023273A5B00BE
:10F9C000FF3AE250104B5932238082235B00E2540D
:10F9D0004346DA680223002A00D043E74BE70023BE
:10F9E000A3540D33FF33E258043BE358FF212000BA
:10F9F000984794225200A3580133A350292323701F
:10FA0000283B17E7AC460110205B0000A423F0B5AB
:10FA10005B00C3580400150083B0002B06D0882279
:10FA2000520081580193009169468150EA68137829
:10FA3000042B0ED011212000FFF7E6F8A4235B0071
:10FA4000E358002B03D08823009A5B00E25003B0F8
:10FA5000F0BD11212000D268FFF7D6F8A4235B0087
:10FA6000E358002B03D08823009A5B00E2508222E7
:10FA70005200A35C3C2B51D080235B00E358FF2B4A
:10FA800030D05A1C802782267F00E2513C2276002B
:10FA9000E254A255EB6811211A692000FFF7B4F86F
:10FAA000A35D3E2B31D0E359FF2B09D0591C802296
:10FAB0005200A150C23AE25482235B00E254C6E7EE
:10FAC0000022E25486235B00E258043BFF21E35806
:10FAD0002000984794225200A35801210133A350DB
:10FAE0000023E4E70022E25486235B00E258043B53
:10FAF000E358FF212000984794225200A358013375
:10FB0000A350283A0023FF3ABCE7E259FF2A10D05D
:10FB10002021531CE351A154A155C5E7802040008A
:10FB20002158FF2918D04B1C2350E0386054A054B2
:10FB3000A5E70023A3540D33FF33E258043BE358F9
:10FB4000FF212000984794225200A3580133A3506C
:10FB5000202323701F3BA9E7002363540D33FF3399
:10FB6000E258043BE358FF212000984794225200BA
:10FB7000A3580133A350202323701F3B81E7C046C5
:10FB8000F0B5D6464F46464613780400C0B5322B32
:10FB900007D01121FFF738F8E0BCBA46B146A846B5
:10FBA000F0BDD3689F685D68002FF5D000228023E8
:10FBB00092460D32FF3291465B00043A9046C3589C
:10FBC000EF190AE01900013380225200A3500135D9
:10FBD00004326654A654BD42DED02E78FF2BF1D1FC
:10FBE0005246E2544B46E2584346FF21E358200078
:10FBF000984794225200A35800210133A3500123B7
:10FC0000E2E7C046F0B557464E46DE464546E0B50B
:10FC1000E7B0067800AF0400F960BA605F2E00D14B
:10FC20000AE108222000D04902F04AF80025002805
:10FC300009D1237A2E2B00D1EDE05F2B00D1EAE031
:10FC4000242B00D1E7E0200002F00CF823187B61A0
:10FC50001123BB6100237B623B63BB63FB633B649B
:10FC60007B64BB64802342003C61FC61BA627863C0
:10FC70001B019A4200D9C5E0694683001818C000EC
:10FC8000091AE9468D46EB460733DB08DB00CB1A41
:10FC90009D465B463B626B46FB62012D00D1D1E085
:10FCA000AB1ED9B2012900D9D1E00B218A46A2446A
:10FCB0005146F961591E8B41442188469844E37AA4
:10FCC0005F2B03D1237B5A2B00D13DE1002A00DCBE
:10FCD00029E1504601F0C6FF5A4600235360936065
:10FCE00001227A62002800D11DE15A4613705B465A
:10FCF00052461861DA601020414600235A463818EF
:10FD0000F9F7A0FFFC698046200001F0ABFF241842
:10FD1000FC612678002E00D096E04346002B00D1EF
:10FD200092E010223C239B18DC19F0339B18DB195E
:10FD30001E6082238E255B00E6540C33E6500433AC
:10FD4000E6501033E650FA680433E650203BE250A8
:10FD5000BA680433E2500C33E6500833E6500C33F3
:10FD6000E6500433E6500433E6500433E6500433DF
:10FD7000E6500433E6506D00043341462000E6505F
:10FD80006651FAF705F8802362591B019A4200DA9E
:10FD900066519C23A221002049005B00E258635871
:10FDA0006D465343635004316050002A00DC012249
:10FDB0006946D2008A1A9546002B00DC0123694669
:10FDC000DB00CB1A9D4698235B00E2506A460C3359
:10FDD000E250112142462000FEF716FF80235B000F
:10FDE000E158002363540D33FF33E258043BAD4622
:10FDF0002000E35898478C235B00E058CD464342EF
:10FE0000584100E00020BD4667B0F0BCBB46B2469A
:10FE1000A946A046F0BD637A442B03D00025492BA8
:10FE200000D010E7A27A00255F2A00D00BE7493BFB
:10FE30005A1E93419D1C06E743785A2B00D0F0E6EA
:10FE4000012500E75F2E0AD00020CD46DBE7102316
:10FE5000F818FAF74FFBFB6980461E785AE763787B
:10FE60005A2BF1D1A31CFB61A378472B00D186E06C
:10FE7000542B00D183E010230121F818FBF776FB07
:10FE80008046BB697B60DB0776D50023F9699A461B
:10FE90000E782E2E00D03DE74B781A00613A192AD1
:10FEA00048D95F2B46D0303B092B65D80B000A7828
:10FEB0002E2A12D15A78303A092A0ED89C789A1CE8
:10FEC0002300303B092B31D813005C78013322002A
:10FED000303A092AF9D92E2CECD0581AFB617A6AEB
:10FEE000BB6A7B609A4223DA3C6A9300A4467C603A
:10FEF00054469B189B00634401325C609C607A62AC
:10FF0000002815DD5C609C601C70D96018611020B1
:10FF100042464E213818F9F795FEF96980460E7869
:10FF20002E2EB9D0F6E600239B46E4E61300D2E776
:10FF30000023ECE78B1C1A7810006138192801D9CE
:10FF40005F2AB5D10133F6E723000D33FB61637BF4
:10FF5000472B0BD0542B09D010230021F818FBF7A6
:10FF600005FB8346C7E6C0463C4401101023F81841
:10FF7000FBF774FB8346BEE6FB691E78CAE61023D6
:10FF8000F818FBF76BFB80467BE7C046F0B5C6462A
:10FF900000B5137804001500012682B0012B03D9A7
:10FFA000312B01D0062B3FD16B68012B32DC8E2721
:10FFB00080217F00E259C9008A422BDC01336B604B
:10FFC00096235B009846E3580132E25101936A465A
:10FFD00043461121E25020002A000095FCF744F925
:10FFE0004346019AE2506B68013B6B60E359013B69
:10FFF000E351002E14D180235B00E358FF2B26D061
:020000041001E9
:10000000591C80225200A150D73AE25482235B004F
:10001000E25405E08C2301225B00E250002EEAD07E
:1000200002B080BCB846F0BD80235B00C358FF2BF4
:100030001ED0591C80225200A150D83AE25482238B
:100040005B00E2546B680026012BB0DDE2E7E6546A
:1000500086235B00E258043BFF21E35820009847C9
:1000600094225200A35801210133A3500023C8E772
:100070000022C25486235B00C258043BFF21C358B0
:10008000984794225200A35801210133A350002322
:10009000D0E7C046F0B5DE4657464E464546D368E3
:1000A000E0B5DB6804001B680020197883B066297E
:1000B0007AD11269D16812698B4600219046127874
:1000C00089463C2A00D1BCE092225200A1588A46BF
:1000D00001214942A1505B786C2B00D1B8E06AD86D
:1000E0004C2B01D0522B5AD180235B00E358FF2BBD
:1000F00000D106E15A1C80256D0062512822E2548D
:1001000082235B00E254112142462000FFF73EFFAC
:100110005A4611212000FFF733FD6359824D2E26E8
:10012000EA1C90460CE01A00013380277F00E3515F
:10013000A654822201355200A654A84518D02E7824
:10014000FF2BF0D10022E25486235B00E358FF210D
:10015000009384235B00E358009A200001939847A2
:1001600094225200A3580133A35001230022DCE75C
:100170005A4611212000FFF703FD4A4611212000B5
:10018000FFF704FFE359FF2B00D195E0591C8022B3
:100190005200A150D73AE25482235B00E2549223EA
:1001A000524601205B00E25003B0F0BCBB46B246B1
:1001B000A946A046F0BD722BF1D180235B00E35825
:1001C000FF2B00D18AE05A1C80256D006251282245
:1001D000E25482235B00E254112142462000FFF7E3
:1001E000D5FE5A4611212000FFF7CAFC0022934693
:1001F0000D32FF3263594D4D9146043A2E269046FA
:100200002F1D0BE01900013380225200A35001354D
:1002100004326654A654BD42C1D02E78FF2BF1D1D2
:100220005A46E2544B46E2584346FF21E358200029
:10023000984794225200A35800210133A350012370
:10024000E2E74246126991464246D26890463BE751
:100250008023374D5B002A1D91462826E3580CE089
:100260001A00013380277F00E351A6548222013512
:100270005200A654A94518D02E78FF2BF0D10022A9
:10028000E25486235B00E358FF21009384235B0044
:10029000E358009A20000193984794225200A358F3
:1002A0000133A35001230022DCE75A46112120002C
:1002B000FFF766FC424661E70022E25486235B00BA
:1002C000E258043BFF21E358200098479422520053
:1002D000A35801210133A350002358E70022E25420
:1002E00086235B00E258043BE358FF212000984737
:1002F00094225200A3580133A350283A0023FF3A16
:1003000062E70022E25486235B00E258043BE35894
:10031000FF212000984794225200A3580133A35094
:10032000283A0023FF3AE6E6B0460110AC47011038
:10033000A4470110F0B5C64600B50C0015001E001C
:1003400086B0002848D0002901D0002A44D00023DC
:100350002C4902AA0293039304930593FFF752FCDE
:10036000002840D0059B0193002B1ED00123029F43
:100370009846002F41D0002C2BD0380001F072FCA1
:100380002B6898421FD23900421C2000F4F792F8E3
:100390003800F4F77DF82700002E01D000233360E9
:1003A000380006B080BCB846F0BD049B029F98465A
:1003B000002FE0D1002E14D0012B19D101235B4274
:1003C00000273360ECE72000F4F762F843462B6027
:1003D000E2E7002DFAD1DFE7002E02D003235B42D3
:1003E00033600027DCE70298F4F752F8002EF8D0CB
:1003F00002235B4200273360D2E7002EDED10027C4
:10040000CEE7C0467D9E001010B5002808D0002918
:1004100006D0FFF7F7FB431E98414000023810BD9D
:1004200003204042FBE7C04610B5F4F731F810BD99
:10043000027803000020472A00D070475A784E2ADD
:10044000FBD19A78552AF8D1DA78432AF5D11A796E
:10045000432AF2D15A792B2AEFD19A792B2AECD15F
:10046000DB792A3A9A424041C0B2E6E710B5041E51
:1004700006D000F08BF82000FFF7DAFF002801D14A
:10048000F9F70AFA203CE068F9F7F2F9F0B5DE4630
:100490004E4657464546E0B585B00600FFF7C8FF13
:1004A000041E0BD03300203B9A68DC68B36A914687
:1004B0009A460023376B9846756B05E00123814609
:1004C0009846050007008246300000F05FF843467A
:1004D000002B01D0F9F7ECF94846F9F7E5F900F0FF
:1004E00055F84346002B01D0F9F7D6F9F8F75AFE34
:1004F00027230668F25C33007833012A00D1336881
:10050000BF080293BB000193002399462036CA45D9
:1005100020DD2F68002F00D07F1900223900300025
:1005200002ABF8F767FD002801D000F00BF93B683B
:1005300003901B6938009B461149012303AAD84741
:10054000002800D0804601239C46019BE1449C4644
:100550006544DCE74346002B08D0042000F020FA75
:10056000084B094A0649036000F0D2F82000F9F769
:100570007FF900F045F800F043F8F8F735FDC04684
:100580000C310110903101108991001070B50400F8
:10059000F8F70CFE220023780568203A472B04D098
:1005A000002D2BD10260280070BD63784E2BF7D14F
:1005B000A378552BF4D1E378432BF1D12379432B46
:1005C000EED163792B2BEBD1A3792B2BE8D1E379F7
:1005D000012BE5D85369002B0DDB013353614368D0
:1005E000013B4360954201D0156102602000656ABD
:1005F00002F082F9D7E70121CB1AEFE7F9F74CF9BE
:1006000010B5F8F7CFFD0368002B09D020229A5CC3
:10061000472A06D0002220330260180002F044F975
:1006200010BD263A9A5C4E2AF4D12C3A9A5C552A8F
:10063000F0D1323A9A5C432AECD11F3A9A5C432AB1
:10064000E8D11E3A9A5C2B2AE4D1053A9A5C2B2A0F
:10065000E0D1043A9A5C012ADCD85A69002A08DB06
:10066000511E012A0CD04A1C01D05961D8E7F9F774
:1006700013F9511C0132F8D11A6902605961CFE7B0
:100680001A6920330260180002F00EF9C8E7C0466C
:1006900010B5012812D80B00283B1A68501E1860AC
:1006A000012A00D010BDDB6858310C00002B01D0AE
:1006B00008009847200000F089F9F3E728394869D5
:1006C000F9F7D6F870B505000026803DEA602E6087
:1006D000A9600400F9F7FAF82861F9F7F1F82300A6
:1006E0004722583B68611A7007325A7007329A7075
:1006F00022004323553A13705370183B9370D37004
:10070000024B513C280026702B6370BD91060110EE
:1007100070B504000D001600F8F748FD436832007C
:100720000133290043602000FFF7CCFF0123036061
:100730002830040002F018F92000FFF727FFF9F72E
:10074000ABF8C04610B5F8F731FD436804680133D3
:100750004360002C0CD02023E35C472B0AD00023FD
:1007600003602034200002F0F7F82000FFF70EFFAE
:10077000F9F792F8263BE35C4E2BF0D12C3BE35C7F
:10078000552BECD1323BE35C432BE8D11F3BE35CC0
:10079000432BE4D11E3BE35C2B2BE0D1053BE35C18
:1007A0002B2BDCD1043BE35C012BD8D863695B4283
:1007B0006361D6E710B5F8F7F9FC0068002804D0AB
:1007C0002723C35C012B01D0006810BD0068783876
:1007D000FAE7C04610B5041E00D101342000F3F73B
:1007E00033FE002800D010BD00F018F9002801D019
:1007F0008047F3E7043000F0D3F8034B034A044981
:100800000360FFF785FFC046044D01109D080110ED
:10081000E04C0110042010B500F0C2F8024B034A6E
:1008200003490360FFF774FF044D01109D08011098
:10083000E04C011070B50500082000F0B1F8290067
:10084000040000F07BF92000044A0549FFF760FF2F
:10085000200000F0BBF8F8F7C7FBC0462D0A0110D6
:10086000104D011070B50500082000F099F829001E
:10087000040000F0A7F92000044A0549FFF748FFEB
:10088000200000F0A3F8F8F7AFFBC0466D0A011096
:100890001C4D011000487047D04C011010B50400E9
:1008A000034B08330360F8F76DFC200010BDC04611
:1008B000FC4C011010B50400054B08330360F8F739
:1008C00061FC20000421F8F78BFB200010BDC0461E
:1008D000FC4C011070B51C4C08386368002B27D005
:1008E00006688519AB4223D81DD05A680434002A03
:1008F00006D10EE051681C1D00291FD013000A000C
:100900009542F7D304D12A6894466A6866445A60CF
:1009100023681A68991888420DD05B6806604360A6
:100920002368586006E01A685B689446664406606F
:100930004360606070BD92191A60FBE75B681A68DB
:1009400099188842E9D1F6E7D0200020020010B5BE
:100950000832083000D308220723104907324868BC
:100960009A43002813D0043103E0011D4068002899
:100970000DD003689A42F8D89C1A072C08D983181E
:1009800040681C605860086802600B60083010BD49
:100990000360436808300B60F9E7C046D0200020B0
:1009A00070B580300500F3F74FFD041E07D080229C
:1009B00000212000F3F778FD2000803070BD280072
:1009C000FFF7C4FF041EF2D1F8F766FF074A80382C
:1009D000936810B5984203D9D2689B18984202D305
:1009E000F3F756FD10BDFFF775FFFBE7D0200020A1
:1009F00070B59E25084C2D012800E560F3F724FD15
:100A0000A060002804D0002360600560436070BDD2
:100A1000E0606060FBE7C046D0200020014B186812
:100A20007047C046CC200020406870470D4B10B581
:100A3000083303604368040018000B4A0C3882B086
:100A4000904205D12000F8F79DFB200002B010BDB8
:100A5000043B1A68511E1960002AF3DC01A900F05A
:100A6000F7F8EFE74C4D0110E02000200D4B10B5DA
:100A7000083303604368040018000B4A0C3882B046
:100A8000904205D12000F8F77DFB200002B010BD98
:100A9000043B1A68511E1960002AF3DC01A900F01A
:100AA000D7F8EFE74C4D0110E02000200F4B10B5B8
:100AB000083303604368040018000D4A0C3882B004
:100AC000904208D12000F8F75DFB2000FFF7ACFC56
:100AD000200002B010BD043B1A68511E1960002AA4
:100AE000F0DC01A900F0B4F8ECE7C0464C4D011071
:100AF000E02000200F4B10B508330360436804006A
:100B000018000D4A0C3882B0904208D12000F8F746
:100B100039FB2000FFF788FC200002B010BD043B29
:100B20001A68511E1960002AF0DC01A900F090F843
:100B3000ECE7C0464C4D0110E0200020F0B5C64661
:100B400000B51C4B04000D0082B00360002929D0C1
:100B5000080001F087F8061E18D0002101AA00F055
:100B60003BF80C23984607008044012E11D0320038
:100B700029004046F3F79EFC0F4B9F420CD14346A1
:100B80002000636002B080BCB846F0BD0B4B9846B5
:100B9000F5E72B780373EFE700233E60BE19BB60D7
:100BA0003373ECE70648FFF745FE2000F8F7EAFA52
:100BB000F8F71AFA544D0110E0200020EC20002034
:100BC000744D011010B50400FFF7B8FF014B200071
:100BD000236010BD684D01101B4B10B504009842F6
:100BE0002FD8884218D94B00984200D21C0023000D
:100BF000200080221D330D305201934213D98C42C4
:100C000011D994461B051B0D6444E41A0E4B9C42FB
:100C100011D820000D3008E0230080221D330D3054
:100C20005201934201D9002809DBFFF7D3FD0023CD
:100C30004460836010BD1C0020000D30F5E7FFF715
:100C4000E9FD0248FFF70EFEFCFFFF3FA04D01103B
:100C500010B5FFF7E9FB10BD062010B500F06EFFE0
:100C60000120F1F759FAC046144B70B51E68050013
:100C70000C00002E02D0B36B002B13D0636EDB0789
:100C800002D4A3899B0515D529002200300000F06D
:100C900039FD636E0500DB0702D4A3899B0505D5EA
:100CA000280070BD300001F01BFAE7E7A06D00F0EE
:100CB00041FAF5E7A06D00F03BFAE5E7E815002002
:100CC00070B5050086B008001400019100F0CAFF5D
:100CD000012301AE0590029003960493002D02D0EB
:100CE000AB6B002B27D0636EDB0720D4A2890C23CB
:100CF000E15E930518D580239B011A4205D10B4371
:100D0000626EA381104B134063662800210003AA82
:100D100000F028F8636E0500DB0702D4A3899B0569
:100D20000DD5280006B070BDA06D00F001FA0C23AF
:100D3000E15EA289DFE7280001F0D2F9D3E7A06DD8
:100D400000F0F8F9EDE7C046FFDFFFFF030010B544
:100D50000A00034908681900FFF7B2FF10BDC0463A
:100D6000E8150020F0B5DE46454657464E46E0B54C
:100D7000936883460C00904683B0002B23D08B8968
:100D80001A0728D50A69002A25D0424616689A070C
:100D90002DD50027AC4B00259946BA46002D58D0DA
:100DA0002B004D4500D9A84B52465846E169676A69
:100DB000B847002858DD43469B6882442D1A181A0C
:100DC00043469860EAD1002003B0F0BCBB46B2466F
:100DD000A946A046F0BD2100584601F023F800289E
:100DE00000D02DE14246A38916689A07D1D4DA07CC
:100DF00042D4002200279146002F25D08022920065
:100E0000A568134200D180E0AA46BD4200D9AFE0F8
:100E10009022D200134200D0BBE0206852464946DF
:100E200001F0B2FDA3685D1BA5603D0000272368AB
:100E30005344236043469B68A9445D1B43469D6021
:100E4000C1D0A389002FD9D132687768914608367E
:100E5000D2E7336875689A4608369FE72100019803
:100E600001F000F900282FD00C22A35E40220120BF
:100E70001343A3814042A7E700230022B146002785
:100E80001E005B46002092460193002F27D00028C9
:100E90002FD03300BB469F4200D99B462068226971
:100EA0006369904204D9A2689D18AB4500DD9EE0BD
:100EB0005B4561DC656A5246E1690198A847051EF9
:100EC000D2DD0120761BC9D043469B68AA447F1B14
:100ED0005D1B43469D6000D175E7002FD7D14B467F
:100EE0001B689A464B465F6808239C46E144002FE6
:100EF000F5D03A000A21504601F0CEFC002800D17E
:100F000095E053460130C61AC3E72068236998422A
:100F100016D863699A46BB4212D84C4B38009F42A0
:100F200000D94B485146F2F78BFE5346656A43435E
:100F30004A465846E169A847051E95DD7F1B79E7BB
:100F4000BD4200D93D002A00494601F01DFDA368BD
:100F500022685B1B5219A3602260002BEED1210096
:100F6000584601F07FF8002800D07DE77F1B61E73D
:100F70003D00BA46206851E75A46514601F004FD4B
:100F80005A46A3685D469B1AA36023685B442360AE
:100F900097E7606922682169551A42001218D00F3C
:100FA0008218681C5210C01992460195904201D9CE
:100FB000824602005B0529D51100584600F0D0F8A2
:100FC000051E37D0019A2169F3F774FAA389214AE3
:100FD000134080221343A3815246019B2561E818E8
:100FE000D31A3D00BA4620606261A36016E75146FD
:100FF0002A0001F0C9FC236821005B1901982360D5
:1010000001F030F8002800D15BE72DE7584600F0EA
:10101000D9FB051EE0D12169584601F04FF9802225
:101020005946A3899343743A1BB20A601EE77B1C9E
:101030001E002FE70C235A4613600C22A35E15E70F
:1010400001204042C0E6C04600FCFF7FFEFFFF7F5C
:10105000FFFFFF7F7FFBFFFFF0B5C64600B51D0019
:10106000170086B001AB039301236F43061E904621
:101070000C9C019102970597049302D0836B002B7F
:1010800034D0636EDB0726D4A2890C23E15E93057E
:101090001ED580239B011A4205D10B43626EA381AA
:1010A000184B134063662100300003AAFFF75AFE75
:1010B000636E00281DD0DB0711D505984146381A0C
:1010C000F2F7E6FD0500280006B080BCB846F0BD8A
:1010D000A06D00F02DF80C23E15EA289D9E7A38969
:1010E0009B05EAD4A06D00F025F8E6E700F0F8FFD4
:1010F000C7E7DB07E7D4A3899B05E4D4A06D00F024
:1011000019F8E0E7FFDFFFFF10B50400054882B0E3
:101110000068009313000A002100FFF79DFF02B052
:1011200010BDC046E81500207047C0467047C04655
:101130007047C0467047C04610B5034B01001868A1
:1011400000F00EF810BDC046E815002010B5034BA6
:101150000100186801F0B2F810BDC046E815002083
:10116000F0B54E464546DE465746E0B50D000B3518
:10117000060083B0162D22D8102900D9B2E000F065
:10118000B1FA102518230220CC4FFB181A005C6816
:10119000083A944200D1B5E0032362689A431300F1
:1011A000E268A168CA6091600122E31859683000C2
:1011B0000A435A6000F09EFA2000083095E00723A9
:1011C0009D4300D58EE0A94200D98BE000F08AFA59
:1011D000FC235B009D4200D2A7E1680A00D18BE0AE
:1011E000042800D97AE138239846A8098044393088
:1011F000C100B24F79184C680839A1420ED00323C0
:101200009C4604E0002ACBDAE468A14206D062469C
:10121000636893435A1B0F2AF4DD40463A003C6949
:101220000832944200D178E00323616899438946EB
:101230000B00491B0F2900DD7BE17A613A6100292F
:10124000B2DA80229200914500D30FE15909DA0801
:1012500001238B40D2007968D2190B4391687B60DF
:10126000E260A1609460CC600121821091409942BB
:1012700059D80B4205D103229043490004300B4258
:10128000FBD003239846C3009946B944CC46824616
:101290006346DC68A44507D12CE1002A00DB35E178
:1012A000E468A44500D125E14246636893435A1B94
:1012B0000F2AF2DD01208046611905436560A068B0
:1012C000E5680837C560A86040461043F960B9601A
:1012D0004860CF6030008F60E25000F00BFA2000D1
:1012E000083002E00C230020336003B0F0BCBB46A2
:1012F000B246A946A046F0BD80213F234020984633
:10130000890076E7DC680230A34200D044E73A0067
:101310003C690832944200D086E701217B68821044
:1013200091409942A5D90323BC6862689A439146CB
:10133000954203D8531B0F2B00DD89E023004B445B
:101340005F4A01935F4B93461B681268EB180132AA
:1013500000D13DE15C4A944663441B0B1B030093A0
:101360003000009900F0D8FB03008046013300D123
:10137000FAE0019B834200D9F4E0544B00981A0034
:101380009A46126803009446514663440B600199E3
:101390001A00414500D151E15B461B68013300D181
:1013A00056E1434601995B1A9A1853461A6007237F
:1013B000424641461A400192194200D112E10823E7
:1013C0009846881A424B0099804441449B1A5B1A04
:1013D0001B051B0D0091300019009B4600F09CFB83
:1013E000431C00D150E14346C01A03005B44009304
:1013F000534652461B6801215B44136042464046F7
:10140000BA60009A0A434260BC4200D124E14A46D5
:101410000F2A00D822E107200C3A8243606801407D
:10142000052011436160A118486088600F2A00D927
:1014300035E142464446526826490868984200D23F
:101440000B6025490868984200D38FE00B608DE05F
:101450000122290013431143651961603000BD600A
:101460006B6000F047F9200008303EE75A0A042A72
:1014700072D9142A00D9C5E011005C325B31D20068
:1014800008235B429C46BA18944463469A68032337
:101490009846944500D19EE043465168994349459A
:1014A00002D992689445F7D1D3689C467B6861461F
:1014B000A260E1608C60D460D6E6C046181A0020B5
:1014C000201E00202C2100200F100000FC200020F6
:1014D000081000002421002028210020142852D9BF
:1014E000542800D996E06E239846280B80446F302C
:1014F000C1007EE608239B46073BDC449B46DA445A
:1015000043465246134200D0C2E64CE00122E318A3
:10151000596830000A435A60E368A268D3609A6051
:1015200000F0E8F820000830DFE62B00E808083378
:101530002AE6012360191D43656078613861C26045
:1015400082601A004B460A4342603000E15000F0CE
:10155000D1F820000830C8E69A0911003932383134
:10156000D2008DE7BC4260D0BC68626803239A4316
:10157000531B954202D80F2B00DD69E7300000F0C5
:10158000B9F80020B1E65B23984680445C30C10086
:101590002FE608235B429C46E1444B469B6801389A
:1015A0004B4500D098E043460342F2D17B688B4321
:1015B0007B604900994200D9B5E6002904D1B2E622
:1015C000042294464900E2440B42F9D050465AE6C0
:1015D00010330093C4E68910023B8B4079680B43BB
:1015E0007B6064E7009B300043445B421B051B0D9E
:1015F00019009B4600F090FA431C00D0F3E600234C
:101600009B46F5E6542A2BD81A0B11006F326E3127
:10161000D20035E7AA235B0098422BD8DD3B9846E1
:10162000E80B80447830C100E3E52C4B009A9A46E1
:101630001B689C46534662441A60ADE6090500D01B
:10164000AAE60200BC684A4401310A436260F3E63C
:101650005B4642461A60AAE64446EDE641608DE7E5
:10166000AA2149008A4224D8DA0B11007832773156
:10167000D20005E71A4B984224D87C239846A80C40
:1016800080447D30C100B4E5009A019B94464246F7
:10169000083B63449B1A009300239B46A8E6210065
:1016A0003000083100F00AFE5346BC681B686268CF
:1016B000C2E60B498A420BD89A0C11007D327C316C
:1016C000D200DDE6FE217E237F209846890090E54A
:1016D000FE227E219200D3E67B686AE7FC20002090
:1016E0005405000010B50248FFF722FD10BDC046AA
:1016F000F020002010B50248FFF71CFD10BDC046C9
:10170000F020002070B505000E001400002802D063
:10171000836B002B1ED0636EDB0702D4A3899B056D
:1017200022D5A368013BA360002B05DAA26993428E
:1017300013DBF3B20A2B10D0FF2023685A1C22605F
:101740001E700640636EDB0702D4A3899B050FD58C
:10175000300070BD00F0C4FCDDE73100220028003D
:1017600000F0E8FA0600EDE7A06DFFF7E1FCD8E72E
:10177000A06DFFF7DFFCEBE7094B10B51C68094AC9
:10178000A83420686168084BF2F70AFE01220023A2
:1017900080185941206061604800400810BDC04673
:1017A000E81500202D7F954C2DF45158030010B5FD
:1017B0000A0003490868190000F004F810BDC0468B
:1017C000E8150020F0B557464546DE464E46E0B5E2
:1017D0000C000700904683B0002900D1A8E04546E0
:1017E0000B35FFF77FFF162D70D810251023A84565
:1017F00070D82600083E7168032208009043814695
:101800000096984200DB77E0C24A3018934692680F
:10181000824200D1CAE042680190009201229246C1
:101820005046009A8243019894468346DC446246BF
:1018300050465268024200D071E00320009ACB4625
:1018400082439446E3449B4550DA52460A4211D102
:1018500003213268B21A924652688A43614651188F
:1018600049448B46994200DB78E04A4493469A42C9
:1018700000DB78E041463800FFF772FC8046002824
:1018800020D07368B4460093012300990200994365
:101890000B00083A6344934200D1F7E04A46043A09
:1018A000242A00D9F7E003002100132A00D9C8E058
:1018B0000A681A604A685A608A689A60210038008B
:1018C00000F0FCFC3800FFF715FF07E007239D43FD
:1018D0002B1E8CDA0C233B6000239846404603B055
:1018E000F0BCBB46B246A946A046F0BDD946019A17
:1018F000D3689268D3609A604B465B1B0F2B1CD851
:1019000001214A4673680B40134373604E44736869
:10191000194371603800FFF7EDFEA046DEE708428C
:10192000A8D103213268B21A924652688A439CE7D2
:101930001100FFF715FC8046D0E70120726871198D
:1019400002400343154375604B604E447368083191
:1019500018437060380000F0B1FCDBE7019AD368EF
:101960009268D3609A6053465246DB689268564646
:10197000D3609A604A46043A0836242A6BD833006A
:10198000132A09D95346216899606168D9601B2AD6
:1019900000D98EE0083410332268D9461A60626894
:1019A0005A60A26834009A605646A5E75068032240
:1019B00090430D3282469446CA44AC44E24552DA22
:1019C000CA0700D556E73168721A03219246526859
:1019D0008A4310180100494400918C4500DD44E71A
:1019E00053465246DB689268D3609A6008234A46A1
:1019F0005344043A9846242A75D8132A08D95346E2
:101A0000216899606168D9601B2A71D80834103345
:101A100022681A6062685A60A2689A60534659192F
:101A20005B469960009B38005A1B01231A434A60A9
:101A30005246526813401D4353465D60FFF75AFEFD
:101A40004CE721680160616841601B2A27D82100AA
:101A5000083308312CE721003000340000F094FFF7
:101A6000D946564648E75B460098A046411999601A
:101A700053465A1B01231A434A6041680B401D43D9
:101A8000456038000091FFF735FE27E703225B68C9
:101A90009343994430E7210000F076FF0EE7A168F8
:101AA0008160E168C160242A0CD02100103310311C
:101AB000FEE6A1681961E1685961242A0BD010344F
:101AC000183369E722692100026102006069183158
:101AD00018335061ECE622699A61524661692033FD
:101AE000D161183458E72100180000F04DFF95E748
:101AF000A1681961E1685961242A02D010341833B1
:101B000086E722699A61524661692033D1611834AF
:101B10007EE7C046181A0020002370B5064D040069
:101B200008002B60F0F7FAFA431C00D070BD2B6858
:101B3000002BFBD02360F9E734270020164B70B54B
:101B400004001D681F2821D8B7239B00EB58002BE9
:101B50000DD082009B181A68002A08D0012A13D0E1
:101B6000511C0DD0002119609047002070BD280045
:101B700000F028F822000100280000F00FF8F5E737
:101B8000162301202B60F1E70020EFE71623012048
:101B90002B604042EAE7C046E8150020002370B5FC
:101BA000074D0400080011002B6000F02BFE431CC1
:101BB00000D070BD2B68002BFBD02360F9E7C04636
:101BC0003427002010B500F00DFE10BD024670B5A0
:101BD0000A4392072AD11E4DEE0104C808C9541BBE
:101BE0009443344017D0D0B2D9B2401A21060143F1
:101BF00010D190B299B2401A210401430AD11002C7
:101C00001902000A090A401A2102014302D1100EEA
:101C1000190E401A70BD9A42DFD010BA19BA884224
:101C200001D9012070BD0020C04370BD02780B783F
:101C300001300131002A09D09A4207D102780B788D
:101C400001300131002A01D09A42EFD0D01A70BD84
:101C50000101010103000A7801311A700133002AE1
:101C6000F9D1704710B583070AD00300032102E0C1
:101C700001330B4205D01A78002AF9D1181A10BD89
:101C8000030019680C4A0D4C8A188A4322420FD16E
:101C90005968094A04338A188A43224208D159688C
:101CA000054A04338A188A432242F1D000E0013306
:101CB0001A78002AFBD1E1E7FFFEFEFE80808080DB
:101CC00030B5002A26D003000B439B0724D1032AFA
:101CD00022D9164D0BE0043A002A1BD0144C1C19D3
:101CE0009C432C4216D104300431032A14D90368D2
:101CF0000C68A342EFD004780D78AC4213D10123D5
:101D000006E0C45CCD5CAC420DD10133934201D0FE
:101D1000002CF6D1002030BD04780D78A54202D108
:101D2000012AECD1F6E7601BF5E7C0468080808091
:101D3000FFFEFEFEF8B505000E001400002802D0DC
:101D4000836B002B4BD0A369A289A3600C23E05EB8
:101D500013071FD52369002B1CD0FF21F7B20E40BB
:101D6000802189010A4226D022686169D31A9942EA
:101D70002CDD0133A1680139A160511C216017706D
:101D800062699A422ED0A389DB0701D50A2E29D099
:101D90003000F8BD2100280000F044F8002827D1C9
:101DA000FF21F7B20E408021A28989010C23E05E59
:101DB00023690A42D8D101430F4AA181616E0A40CA
:101DC000626661692268D31A9942D2DC2100280038
:101DD00000F048F900280BD101232268CAE700F07F
:101DE0007FF9B0E72100280000F03CF90028CFD0AF
:101DF00001267642CCE7C046FFDFFFFF70B5040046
:101E0000080011001A000023054D2B60F2F722FD97
:101E1000431C00D070BD2B68002BFBD02360F9E77A
:101E200034270020354B70B5050018680C000028D9
:101E300002D0836B002B21D00C23E25EA38919070B
:101E400023D5216900292BD0D80708D50020A06010
:101E500060694042A0610020002908D070BD0020C8
:101E60009D0700D46069A06000200029F6D11B0600
:101E7000F4D540231A43A2810138EFE700F030F98E
:101E80000C23E25EA3891907DBD4D9062DD55B07A5
:101E900016D4216908231A43A28193B20029D3D111
:101EA000A02080268000B6001840B042CCD021008F
:101EB000280000F009FB0C23E25E2169A389C3E737
:101EC000216B00290AD023004033994204D0280016
:101ED00000F0F4F90C23E25E0023236324239A43E9
:101EE0000023216963602160D4E709232B6040232C
:101EF00001201A43A2814042B0E7C046E815002005
:101F0000002370B5064D040008002B6000F05AFC59
:101F1000431C00D070BD2B68002BFBD02360F9E779
:101F200034270020F0B5C6460C0000B5A2898046D3
:101F30000C23C95E13074CD4802362681B010B433A
:101F4000A381002A66DDA66A002E3ED042464146A5
:101F5000156800220A609AB2DB0460D401230022D3
:101F60004046E169B047431C68D0A289A66A53077E
:101F700006D56368C01A236B002B01D0E36BC01A2F
:101F800000230200E1694046B047431C49D1434663
:101F90001B68002B45D01D2B01D0162B57D1A389D0
:101FA0002F4A1340A38100236360236923604346C3
:101FB000216B1D60002908D023004033994202D0D4
:101FC000404600F07BF900232363002080BCB84624
:101FD000F0BD2669002EF8D0236826609D1B0023E3
:101FE000920700D16369A360002D04DCEDE7361889
:101FF0002D1A002DE9DD2B0032004046E169676AA9
:10200000B8470028F3DC40220120A3894042134353
:10201000A381DBE7E26B002A00DD94E7D5E7206DC2
:10202000A5E7A3890E4A13400022626022691BB211
:10203000A3812260DB04BAD52065B8E743461B685C
:10204000002B00D191E71D2B06D0162B04D0402287
:10205000A3891343A381B9E7434600201D60B5E778
:10206000FFF7FFFF70B505000C00002802D0836B5E
:10207000002B15D00C22A35E002B17D0626ED20766
:1020800001D49B0514D528002100FFF74BFF636E98
:102090000500DB0702D4A3899B0515D5280070BD78
:1020A00000F01EF80C22A35E002BE7D10025F5E717
:1020B000A06DFFF73DF828002100FFF733FF636EA6
:1020C0000500DB07EAD4E6E7A06DFFF733F8E5E7A4
:1020D00010B5024900F0D4F910BDC0464D260110DC
:1020E000F8B5DE4657464E464546E0B506003C4F3D
:1020F0003800FFF71DF8B46B002C68D1394B032270
:10210000F363B8239B00F45004337568F25008332E
:10211000F218043BF2502800042308220021EB604F
:102120006C662C606C60AC602C616C61AC615C3086
:10213000F2F7BAF928002C4BED619B462B622B4B32
:1021400058309A466B622A4B9946AB62294BEB6238
:102150009846FEF7E9FFB568274B280008220021C2
:10216000EB606C662C606C60AC602C616C61AC6187
:102170005C30F2F799F95B462B6253466B624B4633
:102180002800AB624346ED61EB625830FEF7CCFFAE
:10219000F5681A4B280008220021EB606C662C6061
:1021A0006C60AC602C616C61AC615C30F2F77CF906
:1021B0005B462B6253466B624B462800AB6243463C
:1021C000ED61EB625830FEF7AFFF0123B3633800D7
:1021D000FEF7B0FFF0BCBB46B246A946A046F8BD2C
:1021E000F8200020D1200110AD250110D5250110C7
:1021F00015260110412601100900010012000200FD
:1022000010B50248FEF794FF10BDC046F420002030
:1022100010B50248FEF78EFF10BDC046F420002026
:10222000F8B50C000500FFF75DFA204FBB685E684B
:1022300003239E431E4B341B9C466444240B013CE9
:10224000113324039C4207DB00212800FFF764FCC4
:10225000BB689B19984204D02800FFF74BFA002076
:10226000F8BD28006142FFF757FC431C0DD0012246
:10227000BB68361B16435E600E4B28001A68141BA1
:102280001C60FFF737FA0120EAE700212800FFF77A
:1022900043FCBA68831A0F2BDEDD07490968401A30
:1022A0000449086001210B435360D5E7181A002048
:1022B000EF0F0000FC200020201E0020F0B5C646D5
:1022C00005000C0000B500294FD0FFF70BFA2100E4
:1022D00008394C68012622000320B2438F187B681E
:1022E0008343624898468368BB426AD043467B601A
:1022F00026421ED108239C460C688444091B1219EF
:102300008C6864454FD0CB68E3609C604346FC1802
:102310006468344211D1BB68554C4244A34200D199
:102320007EE0FC68DC60A360012313434B608A50AD
:1023300006E0FC1864683442EDD016434E603A6003
:1023400080239B009A4213D25409D3080122A24051
:102350004468DB002243426018188368C8608B60C1
:102360008160D9602800FFF7C5F980BCB846F0BD90
:10237000530A042B3ED89409260039343836E40039
:1023800004192368083C03279C4242D05868B8438C
:10239000904202D99B689C42F8D1DC68CC608B608B
:1023A000A160D960DEE74346F8184068304257D153
:1023B000FB68B86842441643C36098604E608A5018
:1023C000D0E713004344264206D10A68891A8C6874
:1023D0009B18CA68E260946001221A434A60254A49
:1023E000816012689A42BDD8234B28001968FFF714
:1023F00017FFB7E7142B07D9542B1AD8140B260054
:102400006F346E36E400BBE71E005C335B36DC00E5
:10241000B6E70122B610B240466832434260BDE7DB
:10242000D9609960CB608B60012313434B608A5065
:1024300098E7AA246400A34205D8D40B2600783478
:102440007736E4009CE70D4CA34205D8940C260097
:102450007D347C36E40093E7FE247E26A4008FE7DB
:10246000330013434B603A607CE7C046181A0020E3
:10247000201A0020241E00202C21002054050000DA
:10248000F8B54746CE4680B5B8278046894600262F
:10249000BF0047447B68BC685D1E0DD4A389012B37
:1024A00007D90E22A35E013303D021004046C8475E
:1024B00006436834013DF1D23F68002FEAD1300075
:1024C000C0BCB946B046F8BDF0B5C64600B58B896C
:1024D00005000C0096B09A0709D52300433323600A
:1024E00023610123636116B080BCB846F0BD0E22A3
:1024F000895E002929DB6A4600F016F9002823DBF3
:10250000F023019F1B021F40264B80269C466744F8
:102510007B425F418023DB0098463601414628001C
:10252000FEF71EFE00281CD080221F4BEB63A38900
:102530002060134342461BB2A38120616261002FD9
:102540001ED13343A381CEE7A38900271B0612D5F2
:1025500040239846280041460026FEF701FE002849
:10256000E2D10C22A35E9A05BDD40322934302223A
:102570001343A381B1E78023DB0098460026CDE713
:1025800028000E23E15E00F0E3F8002802D10C22BF
:10259000A35ED6E70322A3899343012213431BB210
:1025A000CFE7C04600E0FFFFD120011070B50C005E
:1025B0000E25495F00F0F2F8002803DB236D1B189D
:1025C000236570BDA389024A1340A381F9E7C04681
:1025D000FFEFFFFFF8B50C001F000C23C95E0500DC
:1025E0001600CB050AD40A4B320019402800A181FD
:1025F0000E23E15E3B00FFF701FCF8BD0E23E15E18
:102600000022022300F0B6F80C23E15EEBE7C0469F
:10261000FFEFFFFF70B50C000E25495F00F0AAF830
:10262000431C06D08023A2895B011343A38120654C
:1026300070BDA389014A1340A381F9E7FFEFFFFFB3
:1026400010B50E23C95EFFF75BFC10BDF8B50600A0
:102650000C1E4DD0002802D0836B002B4AD00127DE
:10266000636E3B4235D00C22A35E002B40D021008C
:102670003000FFF757FCE36A0500002B04D0300060
:10268000E169984700283CDBA3891B063ED4216BF7
:10269000002908D023004033994202D03000FFF7D0
:1026A0000DFE00232363616C002904D03000FFF786
:1026B00005FE00236364FFF7A3FD0023A381636E7F
:1026C000DB072CD5A06DFEF731FDFFF7A1FD28003B
:1026D000F8BDA3899B05CAD4A06DFEF729FD0C2285
:1026E000A35E002BC3D1636E1D003D403B4212D060
:1026F0000025ECE70127FFF7F3FC636E3B42B2D104
:10270000E7E70125A3896D421B06C0D5300021698A
:10271000FFF7D4FDBBE7A06DFEF70CFDD7E7A06D7A
:10272000FEF708FDCEE7C046002370B5074D040054
:10273000080011002B6000F04DF8431C00D070BD64
:102740002B68002BFBD02360F9E7C046342700201C
:10275000002370B5064D040008002B6000F04AF815
:10276000431C00D070BD2B68002BFBD02360F9E721
:102770003427002070B50400080011001A0000235F
:10278000054D2B6000F046F8431C00D070BD2B684F
:10279000002BFBD02360F9E73427002070B504003C
:1027A000080011001A000023054D2B60F2F708F80D
:1027B000431C00D070BD2B68002BFBD02360F9E7D1
:1027C0003427002058220120014B40421A607047F4
:1027D0003427002058220120014B40421A607047E4
:1027E0003427002058220120014B40421A607047D4
:1027F000342700205822024B00201A607047C04640
:102800003427002058220120014B40421A607047B3
:102810003427002058220120014B40421A607047A3
:1028200034270020F8B5C04601B40248844601BCF4
:10283000604700BF1B13002001B40248844601BC5E
:10284000604700BF8D02002001B40248844601BCED
:10285000604700BFED01002001B40248844601BC7E
:10286000604700BF1104002001B40248844601BC47
:10287000604700BF9513002001B40248844601BCA4
:10288000604700BF1108002001B40248844601BC23
:10289000604700BFCD12002001B40248844601BC4D
:1028A000604700BF2113002001B40248844601BCE8
:1028B000604700BFB507002001B40248844601BC50
:1028C000604700BF1513002001B40248844601BCD4
:1028D000604700BF1104002001B40248844601BCD7
:1028E000604700BFC90E002001B40248844601BC05
:1028F000604700BF0901002001B40248844601BCC2
:10290000604700BFB107002001B40248844601BC03
:10291000604700BF4D01002001B40248844601BC5D
:10292000604700BFC503002001B40248844601BCD3
:10293000604700BFF512002001B40248844601BC84
:10294000604700BF5103002001B40248844601BC27
:10295000604700BFC507002001B40248844601BC9F
:10296000604700BFF90E002001B40248844601BC54
:10297000604700BF990E002001B40248844601BCA4
:10298000604700BFC100002001B40248844601BC7A
:10299000604700BFDD13002001B40248844601BC3B
:0829A000604700BF0113002095
:1029A80053656E64696E673A2025730A000000005B
:1029B8004C6F5261204475706C6578207769746833
:1029C8002063616C6C6261636B0000004C6F526144
:1029D80020696E6974206661696C65642E2043689D
:1029E80065636B20796F757220636F6E6E656374B3
:1029F800696F6E732E0000004C6F526120696E691A
:102A080074207375636365656465642E0000000057
:102A180048654C6F526120576F726C64210000004A
:102A280053656E64696E6720257300006572726F66
:102A3800723A206D657373616765206C656E6774A3
:102A48006820646F6573206E6F74206D61746368AD
:102A5800206C656E6774680054686973206D6573CF
:102A680073616765206973206E6F7420666F7220CA
:102A78006D652E0052656365697665642066726FC0
:102A88006D3A20307825780A0000000053656E748E
:102A980020746F3A20307825780A00004D657373EA
:102AA8006167652049443A2025640A004D657373BF
:102AB800616765206C656E6774683A2025640A0052
:102AC8004D6573736167653A2025730A000000003D
:102AD800525353493A2025730A000000536E723A44
:102AE8002025730A000000004E6F207370696E6C19
:102AF8006F636B732061726520617661696C6162D6
:102B08006C6500004E6F20757365722049525173D1
:102B18002061726520617661696C61626C65000094
:102B2800FFFFFFFFFFFFFF7F4861726477617265F7
:102B380020616C61726D20256420616C726561642E
:102B48007920636C61696D65640000000A2A2A2A8D
:102B58002050414E4943202A2A2A0A0048617264BB
:102B68002061737365727400666E6900666E692B06
:102B7800000000006E616E00666E692D00000000A6
:102B880018310010CE300010CE3000101031001077
:102B9800CE300010CE300010CE300010CE300010F5
:102BA800CE300010CE300010CE30001008310010AA
:102BB800CE30001000310010CE300010CE300010A2
:102BC800F8300010CA3200102A310010BE3200104E
:102BD8002A310010DA3200102A3100102A31001090
:102BE8002A3100102A3100102A3100102A31001031
:102BF8002A310010203100102A3100102A3100102B
:102C08002A3100102A3100102A310010203100101A
:102C1800203300108A3000108A3000108A300010EB
:102C28008A3000108A3000108A3000108A30001074
:102C38008A3000108A3000108A3000108A30001064
:102C48008A3000108A3000108A3000108A30001054
:102C58008A3000108A3000108A3000108A30001044
:102C68008A3000108A3000108A3000108A30001034
:102C78008A3000108A3000108A3000108A30001024
:102C88008A3000108A3000108A3000108A30001014
:102C98004E350010EC3200104E3500108A3000100E
:102CA8008A3000108A3000108A3000108A300010F4
:102CB8008A3000108A3000108A3000108A300010E4
:102CC8008A3000108A3000108A3000108A300010D4
:102CD8008A3000108A3000108A300010D23100107B
:102CE8008A3000108A3000108A3000108A300010B4
:102CF8008A3000108A3000108A3000108A300010A4
:102D08008A300010D231001034330010D231001054
:102D18004E350010EC3200104E3500108A3000108D
:102D2800D23100108A3000108A3000108A3000102A
:102D38008A3000108A300010D23100105E34001042
:102D48008A3000108A300010A03300108A3000103A
:102D5800D23100108A3000108A300010D2310010B1
:102D6800000000000000F03F0000000000002440C8
:102D780000000000000059400000000000408F40A3
:102D8800000000000088C34000000000006AF8400E
:102D98000000000080842E4100000000D012634132
:102DA8000000000084D797410000000065CDCD41A8
:102DB8006D697373696E6720646F75626C652066F0
:102DC800756E6374696F6E004F7574206F66206D41
:102DD800656D6F727900000052656C6561736500FE
:102DE800626F6F74325F77323571303830000000AF
:102DF800312E342E300000007069636F5F77000059
:102E08004C6F52614475706C657843616C6C62619B
:102E1800636B000041707220203120323032330061
:102E280006005250BBFF3CB6002E0110060052505F
:102E3800E182887FE82D011006005250D3F07542D8
:102E4800E02D01100D0A00002D4A0010314A001033
:102E58003D4A0010694A0010654A00100000000051
:102E680055534220737464696E202F207374646F05
:102E7800757400000600525053B4F4A1682E011076
:102E880052617370626572727920506900000000A7
:102E98005069636F00000000426F61726420434410
:102EA8004300000052657365740000000902540075
:102EB800030100807D080B000202020000090400E3
:102EC800000102020004052400200105240100017C
:102ED80004240202052406000107058103080010E6
:102EE80009040100020A0000000705020240000070
:102EF800070582024000000904020000FF000105E6
:102F080012010002EF0201408A2E0A0000010102AC
:102F18000301000000000000882E0110982E011007
:102F2800902C0020A02E0110AC2E0110556E686167
:102F38006E646C65642049525120307825780A0007
:102F480065702025642025732077617320616C7279
:102F58006561647920617661696C61626C65000005
:102F680043616E277420636F6E74696E756520788F
:102F7800666572206F6E20696E616374697665207C
:102F88006570202564202573000000006F757400AB
:102F9800696E0000B4580010B05A0010425A001070
:102FA800F6590010D8590010C05900105459001093
:102FB80002590010F65800108C5D0010725D001068
:102FC800AE5900100A5E0010AE590010F25D0010F4
:102FD800DE5D0010AE590010CA5D0010A05D001043
:102FE800AE590010FA600010245E00102A6100102B
:102FF800AE590010AE5900100C610010245E00108C
:10300800AE590010AE590010AE590010AE5900105C
:10301800AE590010AE590010AE590010EA60001009
:10302800F5680010716900109D690010816A001030
:10303800656B001000000000535049204353000006
:10304800000000000000000005780010E175001085
:10305800B9740010BD740010C174001025750010FB
:10306800E5760010080052500A38A50409005250AD
:1030780000010000403001100D0A0000696E660072
:103088006F7666000C320110983001103032011052
:103098004E31305F5F637878616269763131375FCE
:1030A8005F636C6173735F747970655F696E666F77
:1030B80045000000000000008C300110298F00102E
:1030C800418F00100D9A00100D9A0010BD8F00104E
:1030D800E18E0010A18F0010618F0010158F001075
:1030E8007374643A3A6261645F65786365707469A1
:1030F8006F6E0000C430011020310110C43001107F
:10310800403101100C3201106431011018310110E6
:10311800C4300110783101104E31305F5F63787828
:10312800616269763131355F5F666F726365645FCE
:10313800756E77696E6445004E31305F5F637878ED
:10314800616269763131395F5F666F726569676E92
:103158005F657863657074696F6E450053743133C9
:103168006261645F657863657074696F6E00000002
:10317800537439657863657074696F6E0000000078
:10318800000000000C310110899100109591001089
:103198008D910010DA9100108E9200103E9200106E
:1031A800DA91001024920010C0920010C092001012
:1031B800C0920010C09200105A9200104A9200105B
:1031C800DA910010249200100C320110DC31011049
:1031D8008C3001104E31305F5F63787861626976B8
:1031E8003132305F5F73695F636C6173735F7479E9
:1031F80070655F696E666F450000000000000000A2
:10320800D0310110D9980010F19800100D9A0010D3
:103218000D9A0010BD8F0010E18E0010E599001086
:103228004999001011990010C4300110383201106A
:10323800537439747970655F696E666F00000000B9
:103248007465726D696E6174652063616C6C656428
:10325800207265637572736976656C790A0000007F
:103268007465726D696E6174652063616C6C656408
:10327800206166746572207468726F77696E672062
:10328800616E20696E7374616E6365206F662027B6
:1032980000000000270A00007465726D696E617491
:1032A800652063616C6C656420776974686F7574F8
:1032B80020616E2061637469766520657863657046
:1032C80074696F6E0A0000002020776861742829ED
:1032D8003A20200062617369635F737472696E6774
:1032E8003A3A5F4D5F63726561746500869C0010B1
:1032F800549C0010549C0010549C0010549C0010C6
:10330800869C0010869C0010869C0010869C0010ED
:10331800829C0010829C0010549C0010829C00101B
:10332800829C0010829C0010829C0010829C0010DD
:10333800829C0010829C0010829C0010829C0010CD
:10334800829C0010829C0010829C0010869C0010B9
:103358005C9C00105C9C00105C9C00105C9C001045
:103368005C9C00105C9C00105C9C00105C9C001035
:10337800549C0010829C0010829C0010829C0010BB
:10338800829C0010829C0010869C0010829C001079
:103398005C9C0010589C0010549C0010869C0010E7
:1033A800549C00105C9C00105C9C0010829C0010D7
:1033B800589C0010869C0010869C0010829C00106F
:1033C800829C0010829C0010549C0010549C001099
:1033D800549C0010549C0010549C0010829C0010B7
:1033E800549C0010549C0010829C0010549C0010A7
:1033F800869C0010869C0010829C0010829C001005
:10340800829C0010869C0010869C0010869C0010F0
:10341800829C0010829C0010829C0010549C00101A
:103428005C9C0010549C00105C9C00105C9C00107C
:10343800C49D0010D49D0010D49D0010D49D001090
:10344800CA9D0010C49D0010C49D0010C69D0010A8
:10345800C69D0010D49D0010D49D0010D49D00106E
:10346800D49D0010D49D0010D49D0010D49D001050
:10347800D49D0010D49D0010D49D0010D49D001040
:10348800D49D0010D49D0010D49D0010D49D001030
:10349800C49D0010D49D0010D49D0010D49D001030
:1034A800D49D0010D49D0010D49D0010D49D001010
:1034B800D49D0010D49D0010D49D0010F49D0010E0
:1034C800F49D0010D49D0010D49D0010C49D0010E0
:1034D800D49D0010D49D0010D49D0010D49D0010E0
:1034E800BE9D0010D49D0010D49D0010D49D0010E6
:1034F800D49D0010D49D0010C49D0010C69D0010DE
:10350800D49D0010D49D0010D49D0010D49D0010AF
:10351800D49D0010D49D0010D49D0010D49D00109F
:10352800D49D0010D49D0010D49D0010D49D00108F
:10353800D49D0010C49D0010C49D0010D49D00109F
:10354800BE9D0010BE9D0010BE9D0010BE9D0010C7
:10355800C49D0010D49D0010D49D0010D49D00106F
:10356800D49D0010D49D0010D49D0010D49D00104F
:10357800D49D0010E49F0010E89F0010E89F001001
:10358800E89F0010E89F0010D29F0010E49F0010F1
:10359800F49F0010F49F0010E89F0010E89F0010AF
:1035A800E89F0010E89F0010E89F0010E89F0010B7
:1035B800E89F0010E89F0010E89F0010E89F0010A7
:1035C800E89F0010E89F0010E89F0010E89F001097
:1035D800E89F0010E49F0010E89F0010E89F00108B
:1035E800E89F0010E89F0010E89F0010E89F001077
:1035F800E89F0010E89F0010E89F0010E89F001067
:10360800E89F0010E89F0010E89F0010E89F001056
:10361800E49F0010E89F0010E89F0010E89F00104A
:10362800E89F0010E49F0010E89F0010E89F00103A
:10363800E89F0010E89F0010E89F0010E49F00102A
:10364800F49F0010E89F0010E89F0010E89F00100A
:10365800E89F0010E89F0010E89F0010E89F001006
:10366800E89F0010E89F0010E89F0010E89F0010F6
:10367800E89F0010E89F0010E49F0010E49F0010EE
:10368800E89F0010E89F0010E89F0010E49F0010DA
:10369800E49F0010E49F0010E89F0010E89F0010CE
:1036A800E49F0010E49F0010F6A50010F6A5001096
:1036B800F6A50010F6A50010F6A50010F6A5001056
:1036C800F6A50010F6A50010F6A50010F6A5001046
:1036D80050A5001050A5001050A5001050A50010CE
:1036E80050A5001050A5001050A50010BAA7001052
:1036F80050A500101EA70010FAA6001050A5001033
:10370800EEA60010B6A6001050A5001050A5001097
:1037180050A5001050A5001050A5001036A80010A4
:10372800F6A500109AA600107EA6001050A500105D
:1037380062A600101AA600106AA700103AA7001087
:1037480050A5001050A5001050A5001050A500105D
:10375800F6A5001050A5001050A5001050A50010A7
:1037680050A5001050A5001050A50010B4A50010D9
:10377800B4A50010B4A50010B4A50010B4A500109D
:10378800B4A50010B4A50010B4A50010B4A500108D
:10379800B4A5001050A50010B4A50010B4A50010E1
:1037A800B4A50010B4A5001050A5001050A5001035
:1037B80050A50010B4A50010B4A50010D2A60010A2
:1037C800B4A50010B4A50010B4A50010B4A500104D
:1037D800B4A5001070A8001050A5001050A5001046
:1037E80050A5001050A5001050A5001050A50010BD
:1037F80050A5001050A5001050A5001050A50010AD
:1038080050A5001050A5001050A500101EA50010CE
:1038180050A5001050A5001050A5001050A500108C
:1038280050A5001050A5001050A5001050A500107C
:1038380050A5001050A5001050A5001050A500106C
:103848000EA9001050A50010E2A80010CAA9001087
:103858009AA900106AA9001050A500103AA90010F2
:1038680072AA001050A5001050A5001050A5001015
:1038780050A5001042AA001050A500102AAA001056
:1038880050A5001050A50010FAA900101EA50010A0
:10389800FCAA0010A2AA001034B0001088B00010D2
:1038A80076B000108EB0001082B000107CB000100E
:1038B8001EB9001046B70010E4B8001046B7001053
:1038C80046B7001066B9001046B7001054B900108A
:1038D80042B9001030B9001046B7001046B70010C2
:1038E80046B7001046B7001046B7001046B700109C
:1038F80046B7001046B700108EB9001078B900100E
:1039080046B70010A0B90010D2B8001046B7001092
:1039180046B7001046B7001046B7001046B700106B
:1039280046B7001046B7001046B7001046B700105B
:1039380046B7001046B7001092B8001046B70010FE
:1039480046B7001046B7001046B7001060B8001020
:1039580046B7001046B7001046B7001046B700102B
:1039680046B7001046B7001046B7001046B700101B
:1039780046B7001046B7001046B7001046B700100B
:1039880046B700102EB80010AED90010F2C40010CF
:10399800F2C4001038C600100AC80010E2D800109F
:1039A80076D8001090CB001062CB0010CED5001056
:1039B8006CD5001000D3001088D20010A6C70010E4
:1039C80042C700105AC5001054CE0010C8CC0010D1
:1039D8008CCD001000CC0010F0CD001064CC00108D
:1039E8002CCD00104CD9001002D5001020C30010B7
:1039F80020C3001020C30010D2C20010D2C2001091
:103A0800D2C20010D2C20010D2C20010D2C200101E
:103A1800D2C2001016C4001016C40010D2C2001082
:103A2800D2C2001018DA001030D6001026D80010C4
:103A380052D70010E0C3001060D30010E0C300109C
:103A48005EC300105EC300109CCB001030D2001083
:103A580062D10010CCD1001054C30010A4CF0010C4
:103A680072D0001008D000107ED0001054C300108F
:103A7800D4D6001054C3001054C3001070C40010F2
:103A880070C4001052D600103CD60010DED40010CE
:103A980068D4001006D40010BEC50010DCCE00109B
:103AA80000CB001054C3001082CA001040CF001091
:103AB8001ECA001064C90010FCC80010D2C2001051
:103AC80092C80010D2C20010D2C20010F6E700104F
:103AD800EAE70010DEE70010D2E7001002E8001065
:103AE80074EE001086EC001086EC001086EC0010D6
:103AF80086EC001086EC001086EC001086EC0010B6
:103B080086EC001086EC001086EC001086EC0010A5
:103B180086EC001086EC001086EC001086EC001095
:103B280086EC001086EC001086EC001086EC001085
:103B380086EC001086EC00109CEC0010F8EC0010ED
:103B480054ED00109CEC0010F8EC001054ED00103F
:103B58000EEE00102AEE00104AEE001020F20010BF
:103B68007EEE00109EEE0010FAEE001058EF0010E6
:103B780086EC001086EC001086EC001086EC001035
:103B8800B6EF001086EC00104CF0001086EC001028
:103B980086EC001086EC001086EC001086EC001015
:103BA80086EC001086EC001086EC001086EC001005
:103BB80086EC001086EC001086EC001086EC0010F5
:103BC80086EC001086EC001086EC001086EC0010E5
:103BD80086EC001086EC001086EC001086EC0010D5
:103BE80086EC001086EC001086EC001086EC0010C5
:103BF80086EC001086EC001086EC001086EC0010B5
:103C080086EC001086EC0010ACF0001086EC00107A
:103C18000AF10010B0ED00104AF300104AF300104A
:103C28004AF300100AF400100AF400100AF4001015
:103C38000AF400100AF400104AF300106CF40010A3
:103C48006CF400106CF400104AF300104AF30010F2
:103C58000AF400100AF400100AF400100AF4001024
:103C68004AF30010740000008844011003000000AB
:103C7800884401100300000000000000000000005C
:103C880061000000B44701100E000000B4470110A5
:103C98000E000000C4470110090000006200000087
:103CA800D047011011000000D0470110110000009A
:103CB800E44701100C00000073000000F4470110F5
:103CC8000B0000000048011046000000E447011006
:103CD8000C00000069000000484801100C000000BA
:103CE80058480110310000008C4801100D000000F8
:103CF8006F0000009C4801100C000000AC48011047
:103D080031000000E04801100D00000064000000D0
:103D1800F04801100D0000000049011032000000B9
:103D2800344901100E0000004449011048490110AF
:103D380002000000020000004C4901105049011027
:103D480001000000020000005449011078470110EA
:103D58000200000002000000584901105C490110EF
:103D68000100000001000000604901105C490110D9
:103D780001000000020000006449011068490110B8
:103D88000800000001000000744901107849011082
:103D98000900000001000000844901106849011071
:103DA8000800000001000000884901108C4901103A
:103DB8000A00000002000000984901109C49011007
:103DC8000200000002000000A0490110A4490110EF
:103DD8000100000002000000A8490110AC490110D0
:103DE8000100000001000000B0490110B4490110B1
:103DF8000200000002000000B8490110BC4901108F
:103E08000900000001000000C8490110CC49011058
:103E18000C00000002000000DC490110E04901101C
:103E28000100000001000000E4490110E849011008
:103E38000700000001000000F0490110F4490110DA
:103E48000200000002000000F84901103C4B01107C
:103E58000100000002000000FC490110004A0110A6
:103E68000100000002000000044A0110084A011085
:103E780002000000020000000C4A0110104A011064
:103E88000100000002000000144A0110184A011045
:103E980002000000020000001C4A0110B046011098
:103EA8000300000003000000204A0110B046011082
:103EB8000300000003000000244A0110B04601106E
:103EC8000300000002000000284A0110B04601105B
:103ED80003000000020000002C4A0110304A0110C3
:103EE8000200000002000000344A0110A84401103A
:103EF8000200000001000000384A01108848011043
:103F080001000000020000003C4A0110404A011074
:103F18000200000002000000444A0110484A011053
:103F28000300000002000000242B01104C4A01107D
:103F38000200000002000000504A0110544A01101B
:103F48000B00000001000000604A0110644A0110E3
:103F58000200000002000000684A01106C4A0110CB
:103F68000100000002000000704A0110744A0110AC
:103F78000200000002000000784A01107C4A01108B
:103F88000200000002000000804A0110844A01106B
:103F98000100000002000000884A0110E0490110F9
:103FA80001000000020000008C4A0110904A011034
:103FB8000200000001000000944A0110984A011014
:103FC8000500000003000000A04A0110A44A0110E7
:103FD8000200000002000000804C0110844A011019
:103FE8000100000001000000A84A0110242A011065
:103FF8000100000001000000AC4A0110B04A0110A5
:104008000300000003000000B44A0110B84A011080
:104018000200000002000000BC4A0110C04A011062
:104028000200000002000000C0470110C44A01104D
:104038000100000002000000C84A0110CC4A01102B
:104048000200000002000000D04A0110D44A01100A
:104058000100000002000000D84A0110DC4A0110EB
:104068000300000002000000E04A0110E44A0110C9
:104078000200000001000000E84A0110D44A0110C3
:104088000100000001000000EC4A0110F04A011094
:10409800020000000200000068460110F44A011006
:1040A8000100000003000000F84A0110FC4A01105A
:1040B8000200000002000000004B0110044B011038
:1040C8000300000002000000084B01100C4B011017
:1040D8001000000002000000204B0110244B0110CA
:1040E8000100000002000000284B01102C4B0110B9
:1040F8000200000002000000304B0110344B011098
:104108000900000001000000404B0110344B011071
:104118000900000001000000444B0110484B011049
:104128000B00000002000000544B0110584B011016
:104138000300000002000000944901105C4B0110CC
:104148000700000001000000644B01105C4B0110E7
:104158000700000001000000684B01106C4B0110C3
:104168000500000000000000744B0110784B01109E
:104178000600000001000000000000000000000030
:104188000000000000000000804B01100B00000040
:10419800804B01100B000000000000008C4B011048
:1041A80004000000944B0110070000000700000005
:1041B8009C4B011004000000A44B011004000000F7
:1041C80000000000AC4B011006000000AC4B0110D1
:1041D8000600000008000000B44B01100B000000AE
:1041E800B44B01100B00000008000000C04B011088
:1041F80005000000C04B0110050000000800000089
:10420800C84B01100A000000C84B01100A0000004A
:1042180008000000D44B01100D000000D44B011021
:104228000D00000000000000E44B01100300000036
:10423800E44B01100300000001000000E84B0110EE
:104248000C000000F84B01100800000002000000FC
:104258000000000000000000000000000000000056
:1042680000000000044C011004000000044C011080
:1042780004000000030000000C4C01100D000000B9
:104288000C4C01100D000000040000001C4C011033
:10429800080000001C4C011008000000000000008D
:1042A800284C011011000000284C011011000000DA
:1042B80000000000000000000000000000000000F6
:1042C80000000000000000000000000000000000E6
:1042D80000000000000000000000000000000000D6
:1042E80000000000000000000000000000000000C6
:1042F8003C4C0110050000003C4C0110050000007A
:1043080000000000444C01100E000000444C011055
:104318000E00000000000000000000000000000087
:10432800000000000000000000000000544C0110D4
:1043380004000000544C01100400000009000000B3
:104348005C4C0110070000009C4B011004000000A9
:1043580000000000644C011009000000044C01102A
:104368000400000005000000704C0110120000005D
:10437800704C01101200000006000000B046011049
:1043880003000000B0460110030000000000000018
:10439800844C011009000000844C01100900000041
:1043A80000000000904C011009000000904C011022
:1043B80009000000000000009C4C01100A000000E9
:1043C8009C4C01100A00000000000000A84C0110DD
:1043D80004000000A84C01100400000008000000C0
:1043E800B04C011007000000B04C0110070000009D
:1043F80000000000B84C011008000000B84C011083
:104408000800000000000000C44C01100800000073
:10441800C44C011008000000000000008C4401108A
:10442800110000008C440110110000000000000081
:10443800256400005F474C4F42414C5F000000007C
:1044480028616E6F6E796D6F7573206E616D65731F
:1044580070616365290000006175746F00000000D9
:104468006465636C74797065286175746F290000E0
:10447800737472696E67206C69746572616C000090
:10448800737464006465636C74797065286E756C08
:104498006C707472290000005B6162693A00000068
:1044A8003A3A00007B64656661756C7420617267D6
:1044B800230000007D3A3A006175746F3A000000ED
:1044C80074656D706C61746520706172616D65747E
:1044D8006572206F626A65637420666F72200000DF
:1044E800767461626C6520666F72200056545420A1
:1044F800666F722000000000636F6E7374727563DC
:1045080074696F6E20767461626C6520666F7220C4
:10451800000000002D696E2D0000000074797065A0
:10452800696E666F20666F7220000000747970658E
:10453800696E666F206E616D6520666F722000007F
:1045480074797065696E666F20666E20666F72207A
:10455800000000006E6F6E2D7669727475616C20B4
:104568007468756E6B20746F20000000636F76614D
:104578007269616E742072657475726E20746875E4
:104588006E6B20746F2000006A61766120436C6155
:10459800737320666F72200067756172642076619C
:1045A800726961626C6520666F722000544C5320FA
:1045B800696E69742066756E6374696F6E20666FC4
:1045C80072200000544C532077726170706572201D
:1045D80066756E6374696F6E20666F7220000000E6
:1045E8007265666572656E63652074656D706F725D
:1045F800617279202300000068696464656E206137
:104608006C69617320666F72200000006E6F6E2DFA
:104618007472616E73616374696F6E20636C6F6E20
:104628006520666F722000005F53617420000000EF
:104638005F467261637400005F416363756D0000DB
:104648002C2000006F70657261746F7200000000AA
:104658006F70657261746F72200000003E28000060
:1046680071750000203A20006E6577200000000078
:10467800756C00006C6C0000756C6C0066616C7386
:104688006500000074727565000000006A6176615B
:10469800207265736F757263652000006465636CD2
:1046A80074797065202800002E2E2E0074686973B6
:1046B800000000007B7061726D230000676C6F6200
:1046C800616C20636F6E7374727563746F7273209C
:1046D8006B6579656420746F20000000676C6F62F9
:1046E800616C2064657374727563746F7273206B88
:1046F8006579656420746F20000000007B6C616D33
:104708006264612800000000292300007B756E6E3A
:10471800616D65642074797065230000205B636CAB
:104728006F6E652000000000207265737472696303
:104738007400000020766F6C6174696C650000007D
:1047480020636F6E73740000207472616E7361630E
:1047580074696F6E5F73616665000000206E6F6537
:104768007863657074000000207468726F770000C9
:1047780026260000205F436F6D706C65780000008E
:10478800205F496D6167696E617279003A3A2A0063
:10479800205F5F766563746F72280000282E2E2EC6
:1047A800000000002E2E2E29000000007374643AC9
:1047B8003A616C6C6F6361746F720000616C6C6F4E
:1047C8006361746F720000007374643A3A626173D3
:1047D80069635F737472696E670000006261736970
:1047E800635F737472696E67000000007374643AE3
:1047F8003A737472696E67007374643A3A626173EB
:1048080069635F737472696E673C636861722C20B8
:104818007374643A3A636861725F7472616974733D
:104828003C636861723E2C207374643A3A616C6C24
:104838006F6361746F723C636861723E203E000072
:104848007374643A3A6973747265616D00000000AC
:104858007374643A3A62617369635F697374726509
:10486800616D3C636861722C207374643A3A6368C2
:1048780061725F7472616974733C636861723E202F
:104888003E00000062617369635F697374726561F9
:104898006D0000007374643A3A6F73747265616DE9
:1048A800000000007374643A3A62617369635F6F71
:1048B80073747265616D3C636861722C20737464F3
:1048C8003A3A636861725F7472616974733C6368D1
:1048D80061723E203E00000062617369635F6F731E
:1048E800747265616D0000007374643A3A696F739D
:1048F800747265616D0000007374643A3A626173A2
:1049080069635F696F73747265616D3C6368617236
:104918002C207374643A3A636861725F74726169D7
:1049280074733C636861723E203E00006261736983
:10493800635F696F73747265616D0000614E00009A
:10494800263D0000615300003D0000006161000049
:104958006164000026000000616E000061740000C0
:10496800616C69676E6F6620000000006177000067
:10497800636F5F617761697420000000617A0000ED
:1049880063630000636F6E73745F63617374000028
:10499800636C000028290000636D00002C000000F3
:1049A800636F00007E000000645600002F3D000089
:1049B8006461000064656C6574655B5D20000000DF
:1049C8006463000064796E616D69635F6361737429
:1049D80000000000646500002A000000646C00000C
:1049E80064656C6574652000647300002E2A0000FD
:1049F80064740000647600002F000000654F00001A
:104A08005E3D0000656F00005E00000065710000FB
:104A18003D3D0000664C000066520000666C0000D8
:104A280066720000676500003E3D00006773000085
:104A380067740000697800005B5D00006C5300003B
:104A48003C3C3D003C3D00006C6900006F706572A5
:104A580061746F72222220006C7300003C3C0000DD
:104A68006C7400003C0000006D4900002D3D000002
:104A78006D4C00002A3D00006D6900002D0000000B
:104A88006D6C00006D6D00002D2D00006E61000042
:104A98006E65775B5D0000006E650000213D0000DB
:104AA8006E7400006E7700006E6577006F5200002C
:104AB8007C3D00006F6F00007C7C00007C000000E3
:104AC800704C00002B3D0000706C00002B000000B3
:104AD800706D00002D3E2A00707000002B2B000026
:104AE80070730000707400002D3E00003F0000004D
:104AF800724D0000253D0000725300003E3E3D000F
:104B0800726300007265696E746572707265745FB5
:104B18006361737400000000726D000025000000DE
:104B2800727300003E3E00007350000073697A659E
:104B38006F662E2E2E000000735A0000736300006B
:104B48007374617469635F636173740073730000E5
:104B58003C3D3E0073697A656F662000737A0000F9
:104B6800747200007468726F770000007477000038
:104B78007468726F772000007369676E65642063DC
:104B880068617200626F6F6C00000000626F6F6C8A
:104B980065616E0063686172000000006279746587
:104BA80000000000646F75626C6500006C6F6E67D2
:104BB80020646F75626C6500666C6F61740000003C
:104BC8005F5F666C6F61743132380000756E7369AF
:104BD800676E65642063686172000000696E740026
:104BE800756E7369676E656420696E7400000000F5
:104BF800756E7369676E6564000000006C6F6E67A0
:104C080000000000756E7369676E6564206C6F6ED6
:104C1800670000005F5F696E743132380000000081
:104C2800756E7369676E6564205F5F696E74313293
:104C38003800000073686F7274000000756E736945
:104C4800676E65642073686F72740000766F6964BC
:104C58000000000077636861725F74006C6F6E67B4
:104C6800206C6F6E67000000756E7369676E65640F
:104C7800206C6F6E67206C6F6E67000064656369F7
:104C88006D616C3332000000646563696D616C3678
:104C980034000000646563696D616C31323800006E
:104CA80068616C660000000063686172385F7400B8
:104CB8006368617231365F74000000006368617276
:104CC80033325F74000000007374643A3A626164BE
:104CD8005F616C6C6F6300000C320110EC4C0110CA
:104CE800183101105374396261645F616C6C6F63D1
:104CF8000000000000000000E04C01109D080110B9
:104D0800B5080110950801100C320110284D01104A
:104D1800183101100C320110384D0110104D0110DE
:104D2800537431316C6F6769635F6572726F7200BB
:104D3800537431326C656E6774685F6572726F7236
:104D48000000000000000000104D01102D0A0110A5
:104D5800AD0A0110290A0110000000001C4D0110C5
:104D68006D0A0110F50A0110290A011062617369C0
:104D7800635F737472696E673A3A5F535F636F6E0D
:104D8800737472756374206E756C6C206E6F74200A
:104D980076616C696400000062617369635F7374B3
:104DA80072696E673A3A5F535F6372656174650052
:104DB800B1970181B0B0AB0800000000E545FF7F66
:104DC800F0800E01B0B0B0ABFFFF01150E56000029
:104DD800B00104B80200CA0136DA020092024800A3
:104DE80000000000BD45FF7FF0800C01B0B0B0AB03
:104DF800FFFF010F261C000064D201B80200C602A2
:104E08000400000080020181B0B0AB300000000057
:104E180080010181B0B0AB10000000008004018166
:104E2800B0B0ABF00000000080010181B0B0AB1061
:104E38000000000080040181B0B0AB300000000029
:104E480080040181B0B0ABF0000000008001018156
:104E5800B0B0AB700000000080010181B0B0AB7051
:104E68000000000080010181B0B0AB10000000001C
:104E780080020181B0B0AB300000000080020181E7
:104E8800B0B0ABF00000000080010181B0B0AB1001
:104E98000000000030800181B0AB08B100000000C4
:104EA800800A0181B0B0AB3000000000801401819D
:104EB800B0B0ABF00000000030800181B0AB08B1A9
:104EC8000000000080010181B0B0AB1000000000BC
:104ED800F0800181B0AB08B100000000C544FF7F3D
:104EE800F0801201B0B0B0ABFF1019011026C20754
:104EF80000008A0804C00901D40804000001000069
:104F0800000000009D44FF7FB0B0AA00FF10190107
:104F18000C020608010C0410051E08000001007FA1
:104F280000007D00000000000000000080030181F7
:104F3800B0B0AB10000000006944FF7FB0AA0100C8
:104F4800FF10290118323400007204AA01037C2ED4
:104F58000000C60118EE0100E8010E000002000181
:104F68007D00000000000000A8E1FFFF8001018132
:104F7800B0B0ABB0000000002944FF7FF08004010E
:104F8800B0B0B0ABFF1019010F480A520196014AA0
:104F9800E60100EE0104000001000000000000002E
:104FA8000144FF7FB0B0AA00FFFF0100F543FF7F77
:104FB800B0B0AA00FFFF01080E041C00180E000084
:104FC800E143FF7FB0B0AA00FFFF01080E041C00F8
:104FD800180E0000CD43FF7F10800101B0B0B0ABC8
:104FE800FFFF0108224C6E007404000074B20181B6
:104FF800B0AB30800000000080080181B0B0ABF099
:10500800000000003F020181B0AB308000000000CA
:0C50180080060181B0B0ABF00000000089
:10502400E8B2FE7F01000000F4B2FE7F88FDFF7F3E
:1050340070B3FE7F8CFDFF7FECB4FE7FACFDFF7F81
:105044005CB6FE7F010000007424FF7FBCFDFF7F7F
:10505400D024FF7FC0FDFF7F8425FF7FC4FDFF7F39
:105064008026FF7FC8FDFF7F9827FF7FCCFDFF7F51
:105074008828FF7FD0FDFF7FB02BFF7FD4FDFF7F0B
:10508400BC2DFF7FD8FDFF7F202FFF7FDCFDFF7F3E
:10509400842FFF7FE0FDFF7FF42FFF7FB0B0A88057
:1050A4001030FF7FDCFDFF7F7831FF7F01000000BF
:1050B4007831FF7FD8FDFF7FF832FF7FB0B0A88042
:1050C4000433FF7F010000003033FF7FAB08B18061
:1050D4009433FF7FB0B0A8809833FF7FBCFDFF7F7F
:1050E400F033FF7FB0B0AA802434FF7FAB708080A0
:1050F400BC34FF7FB0B0AA800035FF7FA8FDFF7FDE
:105104009435FF7FB0B0AA806836FF7FB0B0A88026
:10511400A836FF7FB0B0AA801038FF7F94FDFF7FD0
:105124004C39FF7FB0AB02809839FF7F0084028046
:10513400B039FF7FB0AA0180143AFF7FB0AB028080
:10514400A83AFF7F78FDFF7F303DFF7F0084028017
:10515400383DFF7FB0AA0180843DFF7FB0A9048061
:10516400B03DFF7F01000000503EFF7FAB08B180DF
:105174006C3EFF7F01000000783EFF7F4CFDFF7F07
:10518400303FFF7F010000002840FF7F48FDFF7F84
:105194003441FF7FB0B0A8807441FF7FAB08B18079
:1051A4000442FF7F3CFDFF7FC446FF7F5CFDFF7F21
:1051B400E446FF7F01000000EC46FF7FB0B0A8800A
:1051C400FC46FF7F010000004447FF7FB0AB028034
:1051D4007447FF7F5CFDFF7F0848FF7FAB08B18009
:1051E4002448FF7F010000005448FF7F50FDFF7FEB
:1051F4006049FF7FB0B0A8809449FF7F74FDFF7FB2
:10520400404AFF7F0100000080B2FF7F70FDFF7FF6
:1052140078B3FF7F90FDFF7FE4B3FF7FB0B0A88039
:10522400A0B4FF7F01000000E4B4FF7FB0B0AA8007
:1052340010B5FF7FB0B0A88078B5FF7F01000000F3
:1052440090B5FF7FB0B0A880E8B5FF7F64FDFF7F15
:1052540010B6FF7F70FDFF7F38B6FF7F01000000AE
:10526400D8B8FF7F74FDFF7F58B9FF7FB0B0A88026
:10527400DCB9FF7F010000004CB2FE0FB0A9028030
:10528400E0B2FE0FB0B0A88034B3FE0F01000000FE
:1052940040B3FE0FB0B0AA8074B3FE0F54FDFF7F7D
:1052A4003CB4FE0F0100000038B4FE0FAA3F398061
:1052B40084B4FE0FB0B0A88090B4FE0FB0B0AA8042
:1052C400D0B4FE0FB0B0A880E4B4FE0F010000001B
:1052D400E0B4FE0FB0B0A880E8B4FE0F01000000F7
:1052E40078B5FE0FAA0FB280E0B5FE0F10FDFF7F68
:1052F400C4B8FE0FB0B0A880E0B8FE0F0CFDFF7F6D
:1053040040BBFE0F01000000B0BCFE0F008404800F
:10531400C0BCFE0FB0B0A880C0BCFE0FF8FCFF7F7D
:10532400A8BFFE0F00840480C8BFFE0FB0B0A880E1
:08533400E0BFFE0F01000000C4
:10533C00B4020010A80200109C020010282E0110CC
:10534C0090020010342E0110402E01106C30011010
:08535C00743001107C2E0110D9
:10536400D02330B500251B0600245D5706E00368F2
:10537400BFF35F8F1C6081F3108820BF0268EFF3D6
:10538400108172B61368002BFCD0BFF35F8F0379D2
:105394007F2BECD905710368BFF35F8F00221A607D
:1053A40081F3108830BDC04603000068EFF3108C11
:1053B40072B60268002AFCD0BFF35F8F04229A56AB
:1053C400002A0BDB00290FD000200A601B68BFF302
:1053D4005F8F00221A608CF310887047D022120667
:1053E400126801201A71F1E70020EFE7F0B5C64614
:1053F40000B582B00C00070001F0BEF9FA220023C8
:105404000090019120009200002101F095F9009A8A
:10541400019B14001D0024184D41AB422FD82BD002
:10542400D0231B061B68002698460BE03B68BFF39D
:105434005F8F1E6081F310882000290001F094F929
:10544400002820D13A68EFF3108172B61368002B5C
:10545400FCD0BFF35F8F3B797F2BE7D943463B7189
:105464003B68BFF35F8F00221A6081F3108801202C
:1054740002B080BCB846F0BD009BA342D0D9012441
:105484006442E517CCE70020F2E7C0460268EFF378
:10549400108172B61368002BFCD0BFF35F8FFF231B
:1054A40003710368BFF35F8F00221A6081F31088D1
:1054B40040BF7047084810B50378002B0AD18023F9
:1054C4000649074A5B051C68CC5004339342FAD161
:1054D4000123037010BDC046A92C002094250010A0
:1054E4000001001010B5024B0133984710BDC046AF
:1054F40094250020034B1A68C0239B009343024A5F
:10550400136070470C8001400C900140054B1A68F1
:1055140080239B005340C02292001340024A136030
:105524007047C0460C8001400C9001401423F0B534
:10553400D6464F4646469A46814618880433C0B537
:1055440098460E001B8827491400984753460700C5
:105554001888434624491B889847534605001888F1
:10556400434622491B8898478046FFF7A3FFB84764
:10557400A847FFF7CBFF002C1BD0C021220008272F
:10558400022049053D008B6A1D4018420BD0002CB7
:1055940009D0131B0D2B1FD84B461B78013C0B66FF
:1055A40001239C46E1442300002D0CD11343002B1E
:1055B400E8D1FFF79FFFC047FFF794FFE0BCBA466E
:1055C400B146A846F0BD002AF1D00B6E013A337003
:1055D400130001362343EAE7002DD3D0002AD1D0AB
:1055E400F3E7C04649460000455800004643000022
:1055F400F0B54F464646D6468946C0B50600181E45
:105604001BD01D001C000223984602339C46002D2B
:1056140018D02B0008334146F76839421FD0A34203
:105624001DD901214B468A461B78013DB360D14404
:105634002B00002C08D1002BE9D1E0BCBA46B146BE
:10564400A846F0BD002CF8D06346F7683B42DED094
:10565400B368013C1370230001322B43EBE7002CA9
:10566400F2D1D8E730B50400101E0AD00A000D1894
:105674000221E3681942FCD013780132A3609542F9
:10568400F7D1E3685B0704D50421A368E3681942F2
:10569400FBD11021E3681942FCD1E3685B0704D510
:1056A4000421A368E3681942FBD10123236230BDBE
:1056B4007047C04603685A0004D58022120613437B
:1056C400C01870475B005B08FAE7C046F8B5574658
:1056D4004546DE464E469046E0B50700002924D0F4
:1056E4004B1E9A46994600239B465B464B44DC0F6F
:1056F400E4186410E5007E193000FFF7DBFFA245D3
:105704000CD040450CD8280008303818FFF7D2FFD9
:10571400013840450AD2631C9B46E6E7404505D95B
:10572400A34502D0631E9946DFE700263000F0BC93
:10573400BB46B246A946A046F8BDC04603000128B0
:1057440005D0022807D00020002B02D07047034860
:10575400FCE70348FAE70348F8E7C046C50B002016
:10576400B90B0020D10B002030B5234B050083B0CA
:105774008C1E002B26D0200001A900E000BF0028C9
:105784001CD001992200FFF7A1FF041E16D0FFF7D9
:1057940091FF6368A864012B2AD0201D002B23DB12
:1057A400FFF788FF0023E8642B650368002B0FDBF9
:1057B400FFF780FF2861002003B030BD00230920DB
:1057C4002B61F9E70D480E49091AC9100191D9E76F
:1057D4001801000FFFF7B2FF2861431E9841082308
:1057E400404298430930E7E70123E8642B65DCE78E
:1057F400002305202B61DFE7000000002450011086
:105804003C530110036810B50400DA0705D49B0764
:105814000AD5483000F080FC23685A070AD51A07D5
:105824000FD5DB0615D510BD483000F071FC236898
:105834005A07F4D42000D03000F072FC23681A0711
:10584400EFD420005130FF3000F06EFC2368DB06FB
:10585400E9D42000D130FF3000F06AFCE3E7C04611
:105864000920704703000068002800D0C018704762
:105874007047C04670B504000D002000296CFFF786
:1058840073FF002811D12B6C2A00636121000120D1
:10589400236998470828F0D0072806D10020296CEE
:1058A400FFF7E6FF281D00F01DFC00F03DFFC04699
:1058B400F0B5CE46474680B5C368304C9846A544FB
:1058C4008369040016000431402205A8994600F0BB
:1058D4003BFF0023049325E0F022149B52006361F4
:1058E40004A97CA8039300F02FFF2100280023695A
:1058F4007CAA98478A9B0500039315934B46019312
:1059040004AB00932200230031000120C04700288B
:1059140022D1F0227CA9520004A800F015FF002631
:10592400082D22D1149B200019000393FFF71CFFBC
:1059340009360700F5B20028CED0129B102103933C
:1059440015934B46019304AB0093220023000120DE
:105954002943C047002800D009273800F5239B00BD
:105964009D44C0BCB946B046F0BD072DF4D130000B
:105974001499FFF77DFF05A800F0B4FB2CFCFFFF92
:10598400406C704770B5CB6BFAB00B6405000E0029
:105994004022043103A800F0D7FE01235B420293A6
:1059A40006E029002B6902AA9847040008280AD1B6
:1059B400129B280019000193FFF7D6FE0028F0D0AF
:1059C40009207AB070BD02A8FFF71CFF062CF7D19E
:1059D40031002800FFF74EFF10B58261DA6BC16019
:1059E4001A6419000022FFF763FF10BD436970B504
:1059F4000B64C36804000D00002B13D10A00236953
:105A0400010002209847072805D008280FD1290053
:105A14002000FFF72FFF0020296CFFF729FF281D26
:105A240000F060FB0122FFF743FF00F07DFE00F071
:105A34007BFEC046C36810B5002B05D0CB6B00229B
:105A44000B64FFF735FF10BDFFF79CFFFBE7C04673
:105A54007047C0468368010010B5002B01D00120B7
:105A6400984710BD012915D00AD8002B10D10F2A50
:105A74000ED8920082185268009B00201A6006E03B
:105A840001200339C9B28842804140420130704745
:105A94000220FCE70120FAE700B585B003AB0A0059
:105AA400009300210023FFF7DDFF039805B000BD3C
:105AB400012915D00AD8002B10D10F2A0ED8009B2B
:105AC40092001B6882185360002006E0012003390D
:105AD400C9B2884280414042013070470220FCE74D
:105AE4000120FAE700B585B003AB039200930A00E6
:105AF40000230021FFF7DCFF05B000BD70B51A4C90
:105B0400D36BA544136405000C0019A8111D402291
:105B140000F01AFE01235B42189314E00C2118A82C
:105B240002AAFFF7DFFF210018A8A847002812D116
:105B3400069B18AA02A90830019398470600052875
:105B44000AD0092807D0289B02A819000193FFF75F
:105B54000BFE0028E2D0092618A8FFF753FE3000F8
:105B640090239B009D4470BDC0FDFFFFF0B55746D8
:105B74009246032245464E46DE4699461300E0B55A
:105B84008846CD6C494689B00340009308CD0695FC
:105B9400002900D180E01A0C1B040593022304A9F8
:105BA4000B73FD3313409B004A73ED18009B022BCB
:105BB40001D143469D6B43461B6DDB070FD5504611
:105BC40005A900F05BFB002801D1082000E00920B2
:105BD40009B0F0BCBB46B246A946A046F0BD2F684A
:105BE400002FECD0082303400293002301930133D8
:105BF40054469B464646BA464B46022B49D02B8810
:105C04006F889A4604355A463B009343B26C0F2181
:105C1400904620009844FFF73FFF0023804506D8B4
:105C240053465A469343434498429B415B42022263
:105C34007F001740594652460A401743012F30D07F
:105C4400022F4CD0002FC2D1009A002A02D0002B80
:105C540000D09BE004352B689A46002BCCD1200061
:105C640005A9A24600F00AFB0028B0D1019B002B35
:105C7400ABD00F215046FFF70FFF0E210200504614
:105C8400FFF730FF50460F21724AFFF72BFF072022
:105C94009EE76F680835B6E71B02059304AB9A814B
:105CA40084E7009A002A49D1002B16D02B68DF0F15
:105CB4006B689A1C00D18AE732005832049201338F
:105CC40000D1B6E0281DFFF7CDFD3A00010004AB7A
:105CD400300000F041FD00286CD10835BBE72A688C
:105CE400009957007F0800290DD1002B04D0029B96
:105CF400002B72D0002F3CD0002A00DA0435013783
:105D0400BF00ED19A7E7336A0D2120009846FFF77D
:105D1400C3FE804501D02A68EEE7B36A9D42FAD1FA
:105D24000023F362043333632B1DB76273632B6860
:105D3400002B00DA87E001230193E0E70D21200026
:105D4400376AFFF7A9FE8742C7D1B36A9D42C4D11F
:105D5400B046A2462800FFF7ADFC0F2102005046D2
:105D6400FFF7C0FE504642460021FFF7BBFE072066
:105D74002EE7B046A2460D215046FFF78DFE43465E
:105D8400049A18625A6206209D6221E72800FFF7F0
:105D940091FC0435A246B5630400300000F0F4FC25
:105DA400002800D113E7504622000F21FFF79AFE86
:105DB40007200DE7A2460D2104005046FFF76CFEB4
:105DC400B04633003062022C39D1049A2C33F2628B
:105DD4007362434606209D62FAE62B1D9A46002311
:105DE400984658339C4621004A46B4445446A94632
:105DF4008A463D0003924746E0460EE043462000B3
:105E04000493FFF72FFD0022010004AB300000F0E3
:105E1400A3FC01370434002804D1AF42EED14D462F
:105E2400B046A8E72F004D46039B544699462A687E
:105E340062E70D212000FFF72FFEB0463062434693
:105E4400049A5A62C5E7781C8000B046A246281816
:105E540081E7C0468D04011010B50023FFF786FECC
:105E640010BDC04610B50123FFF780FE10BDC0462B
:105E740010B50223FFF77AFE10BDC046F0B5CE463A
:105E8400474680B5050014001E00C3B0032944D062
:105E940020D8002949D0012941D1130C1404984673
:105EA400230C9946012E00D17AE0052E37D14446C1
:105EB4004C44202C33D843460F2B00D8B5E04C4635
:105EC400002C00D0C2E04A46A96B20AF002A22D0A1
:105ED40000247FE0042922D1002B20D1102A1ED8CF
:105EE400102203681A4200D0C7E020AF380000F047
:105EF40021F9012639000023AA6B3000984004429E
:105F040001D001CA086001330431042BF5D13800F3
:105F1400AA6300F00DF9002002E0032B1CD002203C
:105F240043B0C0BCB946B046F0BD002BF7D1002346
:105F340001271604826B360C011D38009840064276
:105F440001D001CA086001330431102BF5D10020BF
:105F5400A304E5D4AA63E3E71404160C240C331950
:105F6400102BDCD8082203681A4200D08CE020AF42
:105F7400380000F0DBF8F600AB6B002C0AD0F61A00
:105F8400E400321F1C19BA18190009680433995027
:105F9400A342F9D13800AB6300F0C6F80020BFE794
:105FA40043464B44102BBAD843460F2BB7D82B6823
:105FB4001E4206D00322280093432B60483000F091
:105FC400A9F820AF380000F0A5F84A460024A96BD0
:105FD400002A61D04346DB00FF180023D200C858D2
:105FE400F85004339A42FAD18918002C0FD06F4626
:105FF4004046102800D2102000231038C000381862
:10600400E200CF58C75004339342FAD1C918012E85
:1060140041D04346A9630F2B45D9002C00D17AE720
:10602400684600F07DF800207AE7102C46D9103C31
:1060340001222B681A4207D09343022228001343FB
:106044002B60483000F06AF8002C39D004222B6809
:106054001A422CD143460F2B03D820AF380000F04E
:106064005DF86F46380000F05DF810224346A96BD6
:10607400D21A002ABCDD20AFACE793430360D130D1
:10608400FF3000F057F830E7934303605130FF309E
:1060940000F04CF86BE720AF04313800A96300F03E
:1060A40037F800203CE720A800F036F8B5E72800D0
:1060B40093432B60D03000F035F8CBE70024B7E7EA
:1060C40043460F2B00D9FEE620AF380000F026F837
:1060D4004A46A96B002A00D0FAE6380000F01CF802
:1060E40000201DE70100343138C9043B9C461D6083
:1060F400A646010020313CC990469946A246AB46CB
:1061040001000831FCC941680068E54600BDC0468D
:106114007047C0467047C0467047C0467047C04687
:106124007047C0467047C0467047C0467047C04677
:106134007047C0467047C04601B401A801B585B098
:10614400FFB408A841464A4653465C4665463EC0ED
:1061540001A83EC80F98009000230CB401A9FFF7D2
:1061640011FC109B12B0184701B401A801B585B009
:10617400FFB408A841464A4653465C4665463EC0BD
:1061840001A83EC80F98009000230CB401A9FFF7A2
:106194002DFC109B12B0184701B401A801B585B0BD
:1061A400FFB408A841464A4653465C4665463EC08D
:1061B40001A83EC80F98009000230CB401A9FFF772
:1061C40039FC109B12B0184701B401A801B585B081
:1061D400FFB408A841464A4653465C4665463EC05D
:1061E40001A83EC80F98009000230CB401ABFFF740
:1061F400F3FB109B12B0184701B401A801B585B098
:10620400FFB408A841464A4653465C4665463EC02C
:1062140001A83EC80F98009000230CB401AAFFF710
:106224006DFC109B12B01847027A0300002A0BD1B0
:10623400427A002A0FD0013A42724268111D41602D
:1062440003211268017202E0013A02720268100E20
:1062540012021A607047B020FCE7C04600B585B052
:1062640003AB00930C2200230021FFF7FBFB0398F0
:1062740005B000BD10B5FFF7F1FF10BDF0B54E46F7
:1062840045465746DE460023E0B587B003930F33F7
:106294009846083B994680231B0305000E009A4646
:1062A4003000FFF7C1FF0400B02800D1C1E00306AD
:1062B40029D5030042469343DBB2802B53D0902B65
:1062C4003DD0A02B6BD0B02B00D17EE0C02B00D1F1
:1062D40095E003004A469343DBB2D02B0AD15346E0
:1062E400024001321A43052301212800FFF7C6FDAD
:1062F4000028D5D00924200007B0F0BCBB46B24624
:10630400A946A046F0BDFF23820013401F1D05AB24
:106314009B4600930D22002300212800FFF7A2FBD7
:10632400630639D4059B9C4667445B4605970093F6
:1063340000230D2200212800FFF7BAFBB0E7833BBE
:1063440003400D2BD6D005AF0240002300212800C6
:106354000097FFF787FB00230D22002128000097F8
:10636400FFF7A6FB9CE704023000FFF75DFF8027E0
:1063740020433F02B842BDD004010005020C0023B3
:1063840000212800FFF77AFD0028B3D13C4200D158
:1063940086E70123039383E7059BDF1BC5E7FF2300
:1063A4004A461B011900824311410A001A4003079F
:1063B40002D58023DB011A43002300212800FFF7C4
:1063C4005DFD002800D16BE794E7B12845D0B228E1
:1063D40000D19FE0B32855D0FC230340B42B00D157
:1063E40088E74A465346024001321A4301210123F9
:1063F4002800FFF743FD002800D151E77AE7C628BB
:106404004BD0C7285DD003004A469343DBB2C02B70
:106414006CD0C82871D0C92800D06BE73000FFF7D2
:1064240003FFF02302031B031340424602400132E0
:1064340058E7039B0024002B00D05CE705AE0E2236
:10644400002128000096FFF70DFB00230F220021F6
:1064540028000096FFF72CFB4DE73000FFF7E4FE21
:10646400021E00D146E7030041468B43DBB2002BFA
:1064740000D03FE700212800FFF700FD002800D1ED
:106484000EE737E73000FFF7CFFEF02302031B03CC
:106494001340424602400132A7E73000FFF7C4FE32
:1064A400F02302031B0313404246024001321A4305
:1064B400032303212800FFF7E1FC002800D1EFE6C5
:1064C40018E73000FFF7B0FE021E00D112E7030008
:1064D40041468B43DBB2002B00D00BE7042128009C
:1064E400FFF7CCFC002800D1DAE603E74346A022FC
:1064F4001C40013412032243DAE73000FFF794FE14
:10650400434602009A43D2B21032184012030130BB
:106514000243E8E605AB00939B460D2200230021CD
:106524002800FFF79FFA3000FFF77EFE03061AD516
:106534007F27B03C059B3840A0409C4660440590B2
:1065440030000734FFF770FE0306F3D481217F2364
:1065540089008C460340A340059A62449B18059326
:106564005B460093E4E60224F0E7C046030000B56E
:10657400DA6C85B05368080008321902019102925E
:10658400694603221B0E0A734B7301A9FFF776FEBB
:1065940005B000BD10B5FFF76DFE806C10BDC046A0
:1065A40010B5FFF767FEC26CD07902308000101876
:1065B40010BDC04610B500F0B7F810B5FFF7FAFFEC
:1065C40070B5CCB283070DD0531E002A0FD003251B
:1065D40004E00130284206D0013B08D30278A242ED
:1065E400F7D170BD1300032B0CD8002B01D1002070
:1065F400F7E7C31802E001308342F8D00278A242E0
:10660400F9D1EEE7FF2529400D0229430D04074E79
:106614000D43026806496A40511891433142E8D15A
:10662400043B0430032BF4D8DFE7C046808080802D
:10663400FFFEFEFE30B5032A0CD903000B439B0773
:1066440019D103680C68A34215D1043A043004310B
:10665400032AF6D8551E002A0BD0002303E05A1C47
:106664009D4206D01300C25CCC5CA242F7D0101B42
:1066740000E0002030BD551EEFE7C046F0B588426B
:106684000AD98B18984207D2531E002A03D0CA5C39
:10669400C254013BFBD2F0BD0F2A0BD80500561E95
:1066A400002AF8D00023CC5C1A00EC540133964243
:1066B400F9D1F0E703270D003E0005430C00030069
:1066C4002E402F422BD11500103D2D09AC462F0131
:1066D4003F1825681D6065685D60A5689D60E56874
:1066E4001034DD601D001033BD42F2D165460F2326
:1066F4000C2401352D01491913404519144211D0B8
:106704008C59AC5104369C1B032CF9D8043B9B08D0
:1067140001339B00ED18C91803231A40BFE7050095
:10672400561EBFE71A00BAE701B40248844601BC0A
:10673400604700BF590C011001B40248844601BCF3
:10674400604700BFA143001001B40248844601BC65
:10675400604700BFB544001001B40248844601BC40
:10676400604700BFF58F001001B40248844601BCA5
:10677400604700BF5918001001B40248844601BCA8
:10678400604700BFFD19001001B40248844601BCF3
:10679400604700BFB5900010FF000000D007000064
:1067A400BB10000000000000000001000000000019
:1067B40000000000000002000000000000000000D3
:1067C4000000030000000000000000000000FF00C3
:1067D4000000000000B5486801318E46004770464D
:1067E40009380149884700BD1510001064150020C0
:1067F40000000000581E0020C826002000000000F1
:1068040000000000D8260020000000000000000066
:106814001000000000000000000000000000000064
:10682400503300004C330000543300005233000056
:106834004D5300004D430000533400004334000026
:10684400754B0010000000000D4B0010000000000C
:1068540000010000942F0110982F0110C42400207F
:1068640010000C000000E0FF1F000000000000000A
:106874000000000000000000000000000000000014
:1068840099980010419A0010F015002000000000B3
:1068940000000000DC18002044190020AC1900207E
:1068A40000000000000000000000000000000000E4
:1068B40000000000000000000000000000000000D4
:1068C40000000000000000000000000000000000C4
:1068D40000000000000000000000000000000000B4
:1068E40000000000000000000000000000000000A4
:1068F4000000000000000000000000000000000094
:106904000000000000000000000000000000000083
:106914000000000000000000000000000000000073
:106924000000000000000000000000000000000063
:106934000000000000000000010000000000000052
:106944000E33CDAB34126DE6ECDE05000B00000017
:106954000000000000000000000000000000000033
:106964000000000000000000000000000000000023
:106974000000000000000000000000000000000013
:106984000000000000000000000000000000000003
:1069940000000000000000000000000000000000F3
:1069A40000000000000000000000000000000000E3
:1069B40000000000000000000000000000000000D3
:1069C40000000000000000000000000000000000C3
:1069D40000000000000000000000000000000000B3
:1069E40000000000000000000000000000000000A3
:1069F4000000000000000000000000000000000093
:106A04000000000000000000000000000000000082
:106A14000000000000000000000000000000000072
:106A24000000000000000000000000000000000062
:106A34000000000000000000000000000000000052
:106A44000000000000000000000000000000000042
:106A54000000000000000000000000000000000032
:106A64000000000000000000000000000000000022
:106A74000000000000000000000000000000000012
:106A84000000000000000000000000000000000002
:106A940000000000000000000000000000000000F2
:106AA40000000000000000000000000000000000E2
:106AB40000000000000000000000000000000000D2
:106AC40000000000000000000000000000000000C2
:106AD40000000000000000000000000000000000B2
:106AE40000000000000000000000000000000000A2
:106AF4000000000000000000000000000000000092
:106B04000000000000000000000000000000000081
:106B14000000000000000000000000000000000071
:106B24000000000000000000000000000000000061
:106B34000000000000000000000000000000000051
:106B44000000000000000000000000000000000041
:106B54000000000000000000000000000000000031
:106B64000000000000000000000000000000000021
:106B74000000000000000000000000000000000011
:106B84000000000000000000000000000000000001
:106B940000000000000000000000000000000000F1
:106BA40000000000000000000000000000000000E1
:106BB40000000000000000000000000000000000D1
:106BC40000000000000000000000000000000000C1
:106BD40000000000000000000000000000000000B1
:106BE40000000000000000000000000000000000A1
:106BF4000000000000000000000000000000000091
:106C04000000000000000000000000000000000080
:106C14000000000000000000000000000000000070
:106C24000000000000000000000000000000000060
:106C34000000000000000000000000000000000050
:106C44000000000000000000000000000000000040
:106C54000000000000000000000000000000000030
:106C64000000000000000000000000000000000020
:106C74000000000000000000000000000000000010
:106C84000000000000000000000000000000000000
:106C940000000000000000000000000000000000F0
:106CA40000000000000000000000000000000000E0
:106CB40000000000000000000000000000000000D0
:106CC400181A0020181A0020201A0020201A002068
:106CD400281A0020281A0020301A0020301A002018
:106CE400381A0020381A0020401A0020401A0020C8
:106CF400481A0020481A0020501A0020501A002078
:106D0400581A0020581A0020601A0020601A002027
:106D1400681A0020681A0020701A0020701A0020D7
:106D2400781A0020781A0020801A0020801A002087
:106D3400881A0020881A0020901A0020901A002037
:106D4400981A0020981A0020A01A0020A01A0020E7
:106D5400A81A0020A81A0020B01A0020B01A002097
:106D6400B81A0020B81A0020C01A0020C01A002047
:106D7400C81A0020C81A0020D01A0020D01A0020F7
:106D8400D81A0020D81A0020E01A0020E01A0020A7
:106D9400E81A0020E81A0020F01A0020F01A002057
:106DA400F81A0020F81A0020001B0020001B002005
:106DB400081B0020081B0020101B0020101B0020B3
:106DC400181B0020181B0020201B0020201B002063
:106DD400281B0020281B0020301B0020301B002013
:106DE400381B0020381B0020401B0020401B0020C3
:106DF400481B0020481B0020501B0020501B002073
:106E0400581B0020581B0020601B0020601B002022
:106E1400681B0020681B0020701B0020701B0020D2
:106E2400781B0020781B0020801B0020801B002082
:106E3400881B0020881B0020901B0020901B002032
:106E4400981B0020981B0020A01B0020A01B0020E2
:106E5400A81B0020A81B0020B01B0020B01B002092
:106E6400B81B0020B81B0020C01B0020C01B002042
:106E7400C81B0020C81B0020D01B0020D01B0020F2
:106E8400D81B0020D81B0020E01B0020E01B0020A2
:106E9400E81B0020E81B0020F01B0020F01B002052
:106EA400F81B0020F81B0020001C0020001C002000
:106EB400081C0020081C0020101C0020101C0020AE
:106EC400181C0020181C0020201C0020201C00205E
:106ED400281C0020281C0020301C0020301C00200E
:106EE400381C0020381C0020401C0020401C0020BE
:106EF400481C0020481C0020501C0020501C00206E
:106F0400581C0020581C0020601C0020601C00201D
:106F1400681C0020681C0020701C0020701C0020CD
:106F2400781C0020781C0020801C0020801C00207D
:106F3400881C0020881C0020901C0020901C00202D
:106F4400981C0020981C0020A01C0020A01C0020DD
:106F5400A81C0020A81C0020B01C0020B01C00208D
:106F6400B81C0020B81C0020C01C0020C01C00203D
:106F7400C81C0020C81C0020D01C0020D01C0020ED
:106F8400D81C0020D81C0020E01C0020E01C00209D
:106F9400E81C0020E81C0020F01C0020F01C00204D
:106FA400F81C0020F81C0020001D0020001D0020FB
:106FB400081D0020081D0020101D0020101D0020A9
:106FC400181D0020181D0020201D0020201D002059
:106FD400281D0020281D0020301D0020301D002009
:106FE400381D0020381D0020401D0020401D0020B9
:106FF400481D0020481D0020501D0020501D002069
:10700400581D0020581D0020601D0020601D002018
:10701400681D0020681D0020701D0020701D0020C8
:10702400781D0020781D0020801D0020801D002078
:10703400881D0020881D0020901D0020901D002028
:10704400981D0020981D0020A01D0020A01D0020D8
:10705400A81D0020A81D0020B01D0020B01D002088
:10706400B81D0020B81D0020C01D0020C01D002038
:10707400C81D0020C81D0020D01D0020D01D0020E8
:10708400D81D0020D81D0020E01D0020E01D002098
:10709400E81D0020E81D0020F01D0020F01D002048
:1070A400F81D0020F81D0020001E0020001E0020F6
:1070B400081E0020081E0020101E0020101E0020A4
:1070C400FFFFFFFF000002000000000000000000BE
:1070D40099440010CD3B0010DD420010ED43001038
:1070E400ED0200100D030010C9710010C9830010D7
:0470F400F10901108D
:04000005100001E9FD
:00000001FF
