:020000041000EA
:1000000000B5324B212058609868022188439860DF
:10001000D860186158612E4B002199600221596106
:100020000121F02299502B49196001219960352056
:1000300000F044F80222904214D00621196600F024
:1000400034F8196E01211966002018661A6600F04E
:100050002CF8196E196E196E052000F02FF8012189
:100060000842F9D1002199601B49196000215960AB
:100070001A491B48016001219960EB211966A021F2
:10008000196600F012F800219960164914480160C1
:100090000121996001BC002800D000471248134993
:1000A000086003C880F30888084703B5996A0420EC
:1000B0000142FBD001200142F8D103BD02B5186610
:1000C0001866FFF7F2FF186E186E02BD00000240BE
:1000D000000000180000070000035F00212200005C
:1000E000F4000018222000A00001001008ED00E03C
:1000F00000000000000000000000000074B24E7A12
:1001000000200420F7010010C3010010C5010010F9
:10011000C1010010C1010010C1010010C101001097
:10012000C1010010C1010010C1010010C701001081
:10013000C1010010C1010010C9010010CB01001065
:10014000CD010010CD010010CD010010CD01001037
:10015000CD010010CD010010CD010010CD01001027
:10016000CD010010CD010010CD010010CD01001017
:10017000CD010010CD010010CD010010CD01001007
:10018000CD010010CD010010CD010010CD010010F7
:10019000CD010010CD010010CD010010CD010010E7
:1001A000CD010010CD010010CD010010CD010010D7
:1001B000CD010010CD010010CD010010CD010010C7
:1001C00000BE00BE00BE00BE00BE00BE00F04BF888
:1001D000103800BEF2EB8871C04E0110E84E0110DD
:1001E0003402001090A31AE700202149086006C8D5
:1001F00081F3088810471F48006800282FD10DA4FC
:100200000ECC002902D000F012F8F9E71A491B4A77
:10021000002000E001C19142FCD1194988471949E9
:1002200088471949884700BEFDE701C901C29A42C3
:10023000FBD37047E84E0110C0000020401E002094
:10024000686C01100000042000000420686C01109C
:1002500000100420001004200000000070470B482C
:1002600003F0B6FA0047EFF30580C0B27047000014
:1002700008ED00E0000000D0401E0020702C00209F
:100280001D1C001065040010451D0010575600008D
:1002900006005250ABB36053A02901100600525023
:1002A000861C0302B0290110060052505422A29D60
:1002B000C029011005005250DE65F468686C011019
:1002C000F8B5C04610B5064C2378002B07D1054B76
:1002D000002B02D0044800E000BF0123237010BDB2
:1002E0004820002000000000C8250110044B10B574
:1002F000002B03D00349044800E000BF10BDC046F6
:10030000000000004C200020C8250110F0B5D646A2
:100310004F464646C0B590B0002805D110B0E0BCAD
:10032000BA46B146A846F0BD06AB994604930023F1
:1003300004AC23726360464B984601239A4604E05E
:10034000DE550023226865605355404606F0B2FE34
:10035000002817D0404606F0DFFE67682368C6B263
:100360007D1C4B450CD0A2689542E9D9534600222A
:10037000009339000023200009F060FA2368DFE7CA
:100380000F22F1E7049F0CAE65680A96002F43D058
:1003900003950F2D31D8012D44D16A4630213B7889
:1003A00052181370320000230B952A4853550AA99E
:1003B00004F026F90A98B04203D00C99013108F0F4
:1003C00025FC404607F076FD0100234804F018F9AB
:1003D000404607F0A5FD03F0F7FD02000B001F48A3
:1003E00004F00EF90A2003F077FF0498484595D0F1
:1003F000A168013108F00AFC90E7002203A90AA8CD
:1004000009F0FEF9039B0A900C932A00390003F0CF
:100410004BFE039D0A9AC6E73200002DC3D0104858
:1004200009F0BEF93200002DBDD03000EDE7049890
:10043000484503D0A168013108F0E8FB08F0EAFB69
:100440000A98B042F3D00C99013108F0DFFBEEE7D7
:1004500064200020F425011004260110102601104C
:10046000C8250110F0B5DE4657464E464546E0B574
:100470008FB004F0D1F8574803F07EFF564F0721A4
:1004800038000123062207F0B1FD3800534907F078
:100490002FF8002803D1524803F06EFFFEE7F32146
:1004A000380007F079FD4F4803F066FF4E4B4F4E82
:1004B0009A464F4B08AD9B460AAB98466AE0FA2233
:1004C0000023920003F020FA53461B68C01A5B46D3
:1004D0001B68984258D9474A04AB029313CA13C306
:1004E000128804A91A80337802AA93750F239946BB
:1004F00003930023D375424640462A600F221C0016
:1005000003F0D2FD4A46002138006A60EC7507F01E
:1005100087F93800296807F0C3FD0021380007F08B
:1005200089FA3378286801333370404503D0AB68CB
:10053000591C08F06BFB029B2F481900019304F033
:100540005FF801F055F800292DD0FA22002392001F
:1005500003F0DAF95346186010F024FFFA21C900BD
:1005600003F068F9FA239B009C465B4661441960DE
:10057000337802980133337004AB984204D0049B63
:10058000591C019308F042FB0021380007F008FBDA
:10059000FFF7BCFE01F02CF8002990D1FA21890068
:1005A00003F070F990E7FA21890003F06BF9D1E7C5
:1005B0000898404503D0A968013108F027FB02984C
:1005C00004AB984203D00499013108F01FFB08F0F6
:1005D00021FBF4E71C26011064200020C0CA8936E4
:1005E0003826011064260110082B00206E2C0020F4
:1005F000F81400207C2601108C260110094A830083
:1006000094464022634410B51C68C0006240C02478
:1006100014408022520113431C60034B9C466044EB
:10062000416010BD04C00140004001400123D022C0
:100630008340120693629361094A830094464022E4
:1006400063441968C0004A40C02111408022520111
:1006500013431960034B9C46052360444360704775
:1006600004C001400040014070B5EFF3108C72B639
:100670000D4D2B68002BFCD0BFF35F8F0724CB08F8
:10068000C618C05C01230C40A3401C000440034278
:1006900007D103433370BFF35F8F2C608CF3108856
:1006A00070BD100001F050FB2C0100D0F8B547469A
:1006B000CE46884680B5EFF3108C72B6214D2C687B
:1006C000002CFCD0BFF35F8F9A422CD8D4080727A8
:1006D000055D061901241740BC402C421FD007219C
:1006E0000127894609E0D408055D06194C46390002
:1006F0001440A1400C00294211D001329342F2D2A1
:1007000001204042BFF35F8F00220E4B1A608CF332
:10071000108800280FDBC0BCB946B046F8BD2C439A
:1007200010003470EEE7BFF35F8F00232B608CF373
:100730001088012040424346002BECD0089801F07D
:1007400003FBC0462C0100D0024B18688007C00F85
:100750007047C04600C006400021044B044ABFF366
:100760005F8F02C39342FAD17047C046000100D0A8
:10077000800100D0044A1078431CDBB2172B00D94B
:10078000102313707047C046FC14002000B5054BC1
:1007900083B00100009318221F230348FFF786FF50
:1007A00003B000BD98260110642600200123834079
:1007B000002904D0034A1360034A13607047034AB8
:1007C0001360FBE780E200E000E100E080E100E090
:1007D00001238340014A13607047C04600E200E0F5
:1007E000084B10309B688000C358002B07D0064A86
:1007F00000209B1A2F229A424041C0B2704700202D
:10080000FCE7C04600ED00E000150020024B103070
:100810009B688000C058704700ED00E070B50D0087
:10082000EFF3108672B60F4A1368002BFCD0BFF3AB
:100830005F8F0D4B10309B6884001B590B4A93420D
:1008400003D09D4201D001F097FA074B9B681D51E0
:10085000BFF35F8FBFF35F8F0022024B1A6086F3F6
:10086000108870BD240100D000ED00E0CD01001023
:10087000F0B557464E46DE464546E0B585B0060023
:1008800002911700EFF3108B72B6674A1368002BC2
:10089000FCD0BFF35F8F0025644B5D579A46002D57
:1008A00000DAA5E06B00624C03935B199B0098464D
:1008B000A146C1444B4652469B79103613705D4B9E
:1008C000B2009B68019299580B1B2F2B34D95A4BBD
:1008D000994200D0A5E0039B584A9C46584B65447A
:1008E000AD006353434602336519E418554B0121AB
:1008F000043B1B1B1B055B0D13436B80524BEF71BD
:10090000AB80FF23AB71029BAB604B460B431900DE
:10091000484B019A9B689950BFF35F8FBFF35F8F7D
:100920000022414B1A608BF3108805B0F0BCBB4627
:10093000B246A946A046F0BD01200A008243D37901
:10094000BB422FD845464E46130040491B1B5B4116
:100950005943090D3A4B63533A4B02356519043B31
:100960005B1B1B05354D5B0D2B4373800426B44682
:10097000E0444444131F1B1B4C46A17102991B0504
:10098000A16049465B0D2B43A380314BE7710143C6
:100990001360BDE75800C01880002018C679BE4219
:1009A0002CD902000623D356002BF3DA101D824601
:1009B000BD200002804604267642B446E1445046FB
:1009C0004E46361A3005400D824656461B489571F4
:1009D00006439680039A944665441D4AAD00641907
:1009E00022604246A371029BA280E771A3608FE759
:1009F00001F0C2F9002553465D5753E7101D8246AA
:100A000090884005001584464046D444664604302C
:100A10002018301AE0260005400D3602304380468B
:100A2000C9E701F0A9F956E7240100D06B2C00209A
:100A30000015002000ED00E0CD01001000E0FFFFF8
:100A400000A1FFFF3015002000BDFFFFAAAA000093
:100A500001488047F0B5DE4657464E464546E0B56C
:100A60000C0083B0EFF3108A72B65A4A1368002B59
:100A7000FCD0BFF35F8F1022914681444A46564B0B
:100A800096009B689D59554B98469D4205D0A542BE
:100A900016D0534FEB1B2F2B14D94F4B9B689D51F6
:100AA000BFF35F8FBFF35F8F00224A4B1A608AF358
:100AB000108803B0F0BCBB46B246A946A046F0BDC4
:100AC0001D00EAE7012383409B465A46454B1B68BD
:100AD0001A4000925A46444B1A60BFF35F8FFFF7EB
:100AE000C2FB0190002803D0814501D001F044F9F8
:100AF00001232A009A4393689C4208D15FE04B008F
:100B00005B189B00FB189968A14211D01A000621BE
:100B100051560029F3DA009B002B05D05A46334B7F
:100B20001A60304B1A60B8E75A462F4B1A60B4E788
:100B300006215956002921DB4A00501880003C1834
:100B40008046A0689860E079D87106202056987198
:100B5000002824DBA488F81A6405241544440019ED
:100B6000E0240005400D2402204398805218204BB9
:100B70009200BF181A781970BA71CCE70199002950
:100B800010D1FF3191711B49918019490A789A71EE
:100B9000194ADB1B5B415A43120D0A70BBE7BD20AB
:100BA0000002E2E7154A1649D21A083A5002400DEF
:100BB00001439980134952080A43DA80ABE70621C2
:100BC000515613000029B7DA019A002AEAD14546A6
:100BD000DBE7C046240100D000ED00E0CD010010AD
:100BE0000015002000E100E080E100E080E200E08C
:100BF0006B2C002000BDFFFFAAAA00003A150020C0
:100C000000F0FFFF00F8FFFFF8B5012504000543E1
:100C1000FFF729FBEFF3108C72B6214A1368002B03
:100C2000FCD0BFF35F8F1F4E2100B7681E4A1F4BD9
:100C3000891A49414B431B0D59B28300F858A84209
:100C40001CD00623D3568B421CD01223D3568B4282
:100C500022D01E23D3568B4220D02A23D3560320E2
:100C60008B4210D0124B1A781970A271BFF35F8FAC
:100C700000220B4B1A608CF31088F8BDB2680D4847
:100C8000D050EFE7002043001B189B00D218FF2331
:100C90009371094B9380E5E70120F4E70220F2E726
:100CA000240100D000ED00E000150020AAAA0000F9
:100CB0006B2C0020CD01001000BDFFFF054B064A44
:100CC0001360064A136053609360D36013615361ED
:100CD000936170478080808000E400E004E400E0DD
:100CE000D02300B51B061B680100074883B0C0185D
:100CF000064B002200930523FFF7D8FC002801DBF8
:100D00001F23181A03B000BD642C0020B426011064
:100D1000024B9C46614489000160704740000034EA
:100D200083680B4810B5844661446244090112018E
:100D30009A18591854684B6801209C4201D802D077
:100D40000020C0B210BD12680B689A42F9D8F7E7CC
:100D5000FFFFFF0F0A4B1968EFF3108072B60A68A5
:100D6000002AFCD0BFF35F8F1B68BFF35F8F0022A8
:100D70001A6080F3108840BF002000217047C046F1
:100D8000342C0020F8B557464E464546DE46E0B5C1
:100D900099460CAB1C780DAB1B78060090469A4622
:100DA0000768002C11D1BC7B002C42D065003B6849
:100DB0002D19033D59194B78BB73002B00D1FB73E0
:100DC00000238B704B700B7004E065003B682D199D
:100DD000033D5919B2682A4B94464246E3181B0159
:100DE00063441A604A465A600A9A9A600B9ADA601B
:100DF00000238B704B700B707B7B9B46002B2BD0A2
:100E000022005946B8687B6898473A68002816D08F
:100E10005B4658465B005B445519033BA870D118EC
:100E2000D35C002B00D06B705B460C707B73A345CA
:100E300013D0F0BCBB46B246A946A046F8BD5B46FF
:100E40005B005B44033BD3189C705119525D002A30
:100E500000D05A705B460B707C7342464B46307D27
:100E600000F050FC051E06D05346002B03D1210094
:100E7000306800F069FE0E9B002BDAD01D70D8E7B9
:100E8000FFFFFF0FF0B5DE464E46574645460023AE
:100E9000E0B58DB00A936B4B8200D3580B90994606
:100EA00000239B464B46079300F0A2FB079C0600DD
:100EB0000F006268EFF3108572B61368002BFCD048
:100EC00022000794BFF35F8F2468637B9946002B51
:100ED00067D092685C4B90464B441B019844434654
:100EE0001A685B6810001900801BB94100295FDD9A
:100EF0000B9800F007FC00230026984600279A462E
:100F0000079C6368BFF35F8F5A461A6085F31088A9
:100F10005346002B08D10028C6D10DB0F0BCBB460B
:100F2000B246A946A046F0BD0A9B414618024B4670
:100F30001843D047089009916268EFF3108572B6A4
:100F40001368002BFCD00794BFF35F8F0899099AB0
:100F5000002A48DB114303D0079B1B69002B5DD19E
:100F6000079B1B68D97B002907D04A0052181968D3
:100F70008C4649466244033A51704A46DA734B46FE
:100F8000079A013BD168CA5C0132CA545B46079A92
:100F900013615368BFF35F8F5A461A6085F3108858
:100FA00082E700230026984600279A460020A7E7FC
:100FB000002901D100289BD10021200000F046FD2E
:100FC00043461E685F689B68079A9A464346DB68FB
:100FD0009846D3684B44013B1B780A931B0203439A
:100FE000136100208CE72369002BB9D033003C004B
:100FF0005B1A94411A002300A74219D89F421BD0C4
:1010000059460491012103914946029141460191BB
:10101000514607980091FFF7B5FEB7E700F0E8FAF0
:10102000089A099B06000F0092197B419942E5D965
:1010300001225242D317E3E79642E1D901225242FC
:10104000D317DDE7182B0020FFFFFF0FF8B5574639
:101050004E464546DE46E0B5404D81468A466A68C2
:10106000EFF3108872B61368002BFCD0BFF35F8FCC
:101070002E68B47B002C39D0670033683F19033FDA
:10108000DB195A78B273002A00D1F273A968344A86
:101090008C464946A21812016244116051465160C3
:1010A000304991600021D160997059701970737B3B
:1010B0009B46002B35D022001900B0687368984712
:1010C0003268002820D05B4658465B005B44D71945
:1010D000033BB870D118D35C002B00D07B705B460B
:1010E0000C7073735C451DD0002626E06B68BFF35F
:1010F0005F8F1C6088F3108801204042F0BCBB4623
:10110000B246A946A046F8BD5B465B005B44033B84
:10111000D3189C70D119D25D002A00D05A705B465A
:101120000B7074734A465346287D00F0EBFA061E96
:10113000DAD02100286800F007FDEB681B19013B9D
:1011400019786B68BFF35F8F00221A6088F31088EC
:101150000020002ED2D108022043CFE748150020FE
:10116000FFFFFF0F550D001010B5124C6368002BE8
:1011700004D00A211048FFF7CBFD10BD23000F4A11
:101180001021206800F080FB032000F025FA0320E6
:1011900000F028FB03200A4900F06EFAFFF7EAFA94
:1011A000084B9C46032360442375074B8000606016
:1011B000DC60DEE748150020342C0020210D0010F3
:1011C000850E001040000034182B002000487047A6
:1011D00048150020F0B557464E464546DE46E0B578
:1011E00085B0019310AB1B780600039300239A4649
:1011F000984600927268EFF3108972B61368002B5C
:10120000FCD0BFF35F8F3568AC7B002C49D0670002
:101210002B683F19033FDB195A78AA73002A00D1C3
:10122000EA73B1684F4A8C4600980199A2181201DE
:101230006244106051600E9991600F99D1604246EE
:101240009A705A701A706B7B9B46002B45D0220017
:101250001900A8686B6898472A68002830D05B4658
:1012600058465B005B44D719033BB870D118D35C78
:10127000002B00D07B705B460C706B735C452DD0EF
:10128000F3681B19013B18787368BFF35F8F424600
:101290001A6089F310885346002B2CD1000220439A
:1012A00007E07368BFF35F8F1C6089F3108801202B
:1012B000404205B0F0BCBB46B246A946A046F0BDD0
:1012C0005B465B005B44033BD3189C70D119D25D35
:1012D000002A00D05A705B460B706C73307D009A08
:1012E000019B00F00FFA82460028C9D02100306827
:1012F00000F02AFCC4E7039B002B30D00E9B00209B
:101300000F999847030004000D000B4327D00029D4
:101310000DDA0098019902000B00121BAB419942B3
:1013200013D818D000920193039B9A4662E700F00D
:101330005FF902000B00A4185D4100940195A942D9
:1013400003D8F1D100998A42EED901235B42DC1720
:1013500000930194E8E700999142E3D9F5E7002072
:10136000A7E7C046FFFFFF0FF0B504000D000626FB
:101370007642F717C64636196F4100B58F4213D82B
:1013800010D000F035F932003B00121A8B41002BCF
:1013900014DC002B37D02900200000F05DF980BC60
:1013A000B846F0BD8642ECD90026002700F020F9AF
:1013B00032003B00121A8B41002BEADD300039006D
:1013C000FFF744FE0028E6DB00239846BC460F4AA0
:1013D0000F4F7B6A9C4504D8B96A8E42DBD99C4585
:1013E000D9D11168EFF3108072B60B68002BFCD0D6
:1013F000BFF35F8F1368BFF35F8F4146196080F3BF
:10140000108820BFE5E7002AC5D0D7E7342C00209C
:101410000040054070B5060000F0EAF8FA2204002A
:101420000D00002330000021920002F0B3FD0019EE
:1014300069418D4205D802D0FFF796FF70BD844206
:10144000FAD901204042C117F6E7C046F8B5CE46AA
:10145000474680B506000C00FFF7F8FD00280CDCBD
:101460002D4B0020596A8C4203D89B6A0130B3424D
:1014700045D3C0BCB946B046F8BD20BF274D6A6809
:10148000EFF3108772B61368002BFCD0BFF35F8FA9
:101490002B68C1B29C465B7B8B4235D0FF23034057
:1014A0005A00914662461268994490464A46424420
:1014B000033A9278002A1DD0EA68000A9046434415
:1014C000013B1B78C0B2834221D06B68BFF35F8FB2
:1014D00000221A6087F310880F4A0020536A9C424A
:1014E000C7D8926A0130B242C3D2E01A421E90417C
:1014F000C0B2BEE72B699842E7D12A61E5E7601ADE
:10150000431E9841C0B2B4E7FF230340D4E76046CE
:1015100000F01AFBD9E7C0460040054048150020FE
:10152000F0B5D6464F464646C0B5EFF305833F2299
:10153000134018001038EFF3108C72B6204D2A6853
:10154000002AFCD0BFF35F8F0122110081401D4CA7
:10155000884661631C4917000E788A463100C140F5
:101560000F400A4209D1BFF35F8F2F608CF31088C0
:10157000E0BCBA46B146A846F0BD14498200646A90
:1015800051588C420FD3124BD25843469E43534678
:101590001E70BFF35F8F00232B608CF31088002A2E
:1015A000E6D09047E4E70B4A9B00904643441A6814
:1015B0001A60BFF35F8F00232B608CF31088D7E78E
:1015C000280100D0004005406F2C0020402C002056
:1015D00054250020D03F054010B50100024A0348C1
:1015E000FFF742F810BDC046D82601106A2C002033
:1015F000034B596A0A00986A596A8A42FAD17047BD
:101600000040054070B504000D00124A536A1900ED
:10161000966A536A8B42FAD13000190024184D4162
:10162000AB4211D80ED02B000A494A6A9A42FCD329
:1016300007D1084A02E0516A994202D1916AA14257
:10164000F9D370BDA642EED9012301246442E51707
:101650005B42E9E700400540064A536A9942FCD8DC
:1016600007D1044B02E05A6A914202D19A6A82423F
:10167000F9D370470040054070B504000D00EFF34A
:10168000108672B61A4A1368002BFCD0BFF35F8F26
:10169000002D1BD02000FFF7B9F8164981420AD06F
:1016A0002000FFF7BBF801212000FFF77FF801239E
:1016B000A340114A1360114BA400E550BFF35F8FA4
:1016C00000220B4B1A6086F3108870BD0B4BA200F2
:1016D000D5500122A2400A4920000B7893430B7099
:1016E0000449FFF7B7F900212000FFF75FF8E5E7AD
:1016F000280100D021150010386005405425002035
:101700006F2C0020F0B54F46D6464646C0B50700C0
:101710002F4C616A0D00A66A616AA942FAD18B4218
:1017200008D805D00120E0BCBA46B146A846F0BDB5
:10173000B242F7D9EFF3108A72B626480168002941
:10174000FCD0BFF35F8F0125BD402349204C884664
:10175000097889462943C9B28C46414660460870DB
:10176000391D1E48890065630A51B9000B50216A72
:101770000020294219D0616A0800A66A616A814284
:10178000FAD18B4219D801D1B24216D8CC451DD01E
:101790000F4B1F201D625D6301230740BB40104AB1
:1017A0001E38136043464A461A70BFF35F8F00220B
:1017B000084B1A608AF31088B5E70020BFF35F8FEB
:1017C0000022044B1A608AF31088ACE70120ECE792
:1017D00000400540280100D06F2C0020402C002044
:1017E00080E200E0EFF3108C72B60A490B68002B20
:1017F000FCD0BFF35F8F01238340074A0748136281
:1018000002789A430270BFF35F8F00230B608CF362
:1018100010887047280100D0004005406F2C002040
:1018200070B5050014001600002915D00C00002A20
:1018300012D080686B689847296800280ED0730022
:101840009B196200033B1219CB18033A9C7088184D
:101850008A5C002A15D10670200070BD63001B1938
:101860007200033B9219CB18033A9E7088188A5C69
:10187000002A02D104703400EEE75A70047034007C
:10188000EAE75A700670E7E730B583600023CCB210
:1018900043730133047342608373C4730D000068A3
:1018A000012C06D9421C0133DBB2137003329C4277
:1018B000F9D1FF2129404B00591800234018033863
:1018C000437030BDF8B5CE46474606000C0080B5E3
:1018D000002907D04D0003686D18033D5A19577849
:1018E000002F04D12000C0BCB946B046F8BD790035
:1018F000C9190339884643445978894600215970EB
:10190000517073683A002100806898473368002856
:1019100014D042469A18947059195B5D002B00D080
:1019200053700F70270049463000FFF7CBFF390096
:1019300002003000FFF774FF0400D3E7424641463F
:101940005D19AF709A185B5C002B00D06B7014703F
:10195000E9E7C046F0B557464546DE464E46E0B597
:101960000D006B0001685B19DF1E0400C85D83B0C9
:101970000192CA1900284CD043001B18033BCB1816
:101980005E78B446002E16D1019E002E3ED0E67B36
:10199000002E04D073009B19CB18033B5D70E573D8
:1019A00000282FD10023537003B0F0BCBB46B246D1
:1019B000A946A046F0BD72006244033A89184A78ED
:1019C000904600224A7091465A7001003200200071
:1019D000FFF726FF43468246002B07D05B002168B5
:1019E0004344033BCB185A78002A16D1424651464D
:1019F0002000FFF715FF2168019BCA19002BC6D1F3
:101A00000028CFD043001B18033BCB18002199704E
:101A1000C8E7019B002BBAD1C4E7500080180338F7
:101A20000918487883464846487058704146200057
:101A3000FFF7F6FE594680462000FFF743FF414678
:101A400002002000FFF7ECFE8046CFE7F0B55746D6
:101A50004546DE464E46E0B583B00191457B040025
:101A60006B0000685B19DF1EC15DC21900294ED0F2
:101A70004B005B18033BC3185E78B446002E18D1A8
:101A8000019E002E40D0E67B002E04D073009B19EF
:101A9000C318033B5D70E573002931D10023280092
:101AA0005370617303B0F0BCBB46B246A946A04672
:101AB000F0BD72006244033A8018427890460022DA
:101AC000427091465A7020003200FFF7A9FE43464B
:101AD0008246002B07D05B0021684344033BCB18B0
:101AE0005A78002A17D1424651462000FFF798FE47
:101AF000019B01002068C219002BC4D10029CDD060
:101B00004B005B18033BC31800209870C6E7019B8D
:101B1000002BB8D1C2E75000801803380918487864
:101B2000834648464870587041462000FFF778FECB
:101B3000594680462000FFF7C5FE414602002000BE
:101B4000FFF76EFE8046CEE770B5040000292CD06A
:101B5000437B8B422ED00568480040180338281874
:101B60008278002A21D053009B18033BEA5CEE18D0
:101B70008A4202D11BE0002A08D053009B18033B85
:101B8000EB185A788A42F6D142785A700023012223
:101B9000837043702000FFF7DDFE617B02002000B0
:101BA000FFF73EFE6073012000E0002070BD437827
:101BB0003370EBE701221900FFF7CCFE60730120C0
:101BC000F4E7C04610B50400FEF7D4FD0100200084
:101BD000FFF79EF8FF232371BFF35F8F10BDC04650
:101BE00010B50400FEF7C6FD01002000FFF790F8D5
:101BF000FF23A380BFF35F8F10BDC04610B5040064
:101C00000120FEF7C3FD044B9C4660448000206029
:101C1000BFF35F8F10BDC046400000342C4B2D4AEF
:101C200070B51A602C4A2D4B2D491A6014008B6830
:101C30009C43FBD12B4D2C4EB54208D2013E761B66
:101C4000B60808CD984723000134B342F9D100F01B
:101C500099F8264A214B1A60214A9368DB43DB013D
:101C6000DD09002BF9D14022214B224C224E9A67EC
:101C70005A671A67DA66B44208D223682000002B3C
:101C800020D00834FFF7ACFFB442F6D31B4E1C4CF7
:101C9000C022A168300002F007FAA660FEF75CFDE2
:101CA000FFF70CF8FFF760FA164C174EB44208D253
:101CB000013E361BB60808CC98472B0001359E42E2
:101CC000F9D170BD0834FFF77DFFB442D5D3DDE70D
:101CD00000E00040BFCDFBFEFE7F3C0000F0004076
:101CE00000C00040201E0020301E0020FFFFFF012A
:101CF00000F00140181E0020201E002000000020DF
:101D000000ED00E0301E0020401E002000BEFDE778
:101D1000094A03001068002805D00849C3188B42FF
:101D200007D81360704706480449C31810608B42F7
:101D3000F7D901204042F5E70427002000000420E5
:101D4000702C002000BEFDE70FB400B5084883B03A
:101D500002F012FB049B002B07D005A9180001918B
:101D600001F016FD034802F007FB00BEFDE7C04688
:101D7000FC260110702E011010B50148FFF7E4FF9A
:101D80000C27011030B50C2083B000F0B7F9FEF736
:101D9000DBFC00280ED0944B944A1A605A609A607B
:101DA000DA601A615A619A61DA611A62904A5A627B
:101DB00003B030BD8F4CA06700F0F4F901228E4BC8
:101DC0001A60636C012BFCD103228C4B1A60894A88
:101DD000936B012BFCD101330121894A894800937F
:101DE000043300F033F90523874A00930121874823
:101DF00000F02CF9864B5A68FF2A02D88022520044
:101E00005A608022784C7D4B21691201804D1A6006
:101E1000002905D0606901F035FD01300138FDD1A0
:101E2000E0217B4B02201A681140802252012A4394
:101E300011601968484003210140116004219A682B
:101E40001142FCD08022802192012A4309011160B5
:101E5000802252005A606F4B23616F4B5968FF29F3
:101E600000D85A600321644A6B4B116002399A68AA
:101E70001142FCD0E0201A681040802252011A431F
:101E80001060186848400321014002201160624937
:101E90008A681042FCD080229201134380221201F2
:101EA0001A6080225D4B52004A6063615C4B596846
:101EB000FF2900D85A6080225A4BE1691201584D1F
:101EC0001A60002905D0606901F0DCFC013001389E
:101ED000FDD1E02252490B681A4080235B012B435D
:101EE0001A60802380229B012B4312011A608022FA
:101EF0003E4B52004A60E3614B4B5968FF2900D8C2
:101F00005A608022494B216A1201474D1A6000290C
:101F100005D0606901F0B6FC01300138FDD1E02246
:101F200041490B681A4080235B012B431A608023D0
:101F300080229B012B4312011A60802380225B00C8
:101F40004B602A4BD2022362394B5968914200D22E
:101F50005A608022374B616A1201354D1A600029A0
:101F600005D0606901F08EFC01300138FDD1E0221E
:101F70002F490B681A4080235B012B431A60802392
:101F800080229B012B4312011A608023DB024B60ED
:101F9000174B6362284B5A68FF2A02D880225200EE
:101FA0005A608022254BA1691201234D1A60002935
:101FB00005D0606901F066FC01300138FDD1E022F6
:101FC0001D490B681A4080235B012B431A60802354
:101FD00080229B012B4312011A6080235B004B601F
:101FE0000E4BA361E4E6C04668260020006CDC02CC
:101FF0001BB70000008000403CB0004030B0004003
:10200000002F685900800240008C864700C00240C3
:1020100030800040001BB7003C80004040597307EF
:102020005480004054B000406080004060B00040E8
:102030006C8000406CB000404880004048B00040D8
:10204000014B8000C058704768260020F0B5C64696
:10205000040000B50C2090461F000E0001F012FC99
:102060004101091A8D01691AC90009188901404600
:1020700001F008FC069B3F041A0323681743002B5A
:1020800022DB1A4B1A4DE21853425A4180235B015E
:102090009C461203174B62441A60174B1A601100DA
:1020A000AB689943FBD1C022231D92011A4321231F
:1020B0002660A06013602368002BFCDA0823E76029
:1020C000136080BCB846F0BD3F2322681340B34282
:1020D000D7D1A3681B051B0D8342D2D1EE22E36842
:1020E000D2021340BB42CCD1EBE7C0460040FDBF5B
:1020F00000C0004000E0004000F000408023024AA1
:102100009B000343D36270470080054010B5140064
:1021100080221B4BD2051A6000281AD00123194ACD
:102120001843194BDA61194A42401A62596298629F
:102130008022134BD2051A601549164A1160E0221D
:10214000D2041A60002C07D18022134B12061A60A9
:1021500010BD0D4BD861EBE763011B1B9A00802378
:10216000121912015B049A4200D30C4A0C4B1A60FC
:10217000054B5A608022084BD2051A60E8E7C0463A
:1021800000B00540D3C007B0008005402D3FF84F98
:10219000FCFF01000820014000A00540FFFFFF00F8
:1021A000102B0020AA23064A1B0113602F23054988
:1021B000D360054B19605368002BFCDA7047C046AA
:1021C0000040024000B0FA00006002409A4200D293
:1021D000885470477047C046F8B557464E46454646
:1021E000DE46E0B599460A9B07009A460D9B884655
:1021F000934615000B9E9B0710D10C9B9E420DD25F
:102200009D1B14000E005D4422004B46013431003A
:102210002020B847A542F7D1B0460B9E002E27D00C
:10222000444675195346AA1B013E985D21004B4652
:10223000B847002EF6D123002C0098460D9B9B0733
:102240000FD55B46E51A0C9BAB420AD94646984629
:1022500022004B46310020200135B8470134A84503
:10226000F6D82000F0BCBB46B246A946A046F8BD51
:102270002C00E3E7F0B54F464646D646C0B584B0DD
:1022800098460EAB1B78129F994694460D9C109B66
:10229000119EBA0725D4002E4BD19C4200D3BFE03B
:1022A00001223A4092461F2C00D9B8E00C9A551EE4
:1022B000302201E0202C03D001342A55A342F9D862
:1022C0005246002A0DD0A6420BD9202C44D00C9A9D
:1022D000551E302201E0202C3ED001342A55B44254
:1022E000F9D1FA064DD57A053FD4002C39D10F9B90
:1022F000102B00D179E00F9B022B00D18AE0302314
:102300000C9A012413704B46002B3FD02D230C9ABE
:10231000135501340C9B6246009303974346029683
:102320000194FFF759FF04B0E0BCBA46B146A84695
:10233000F0BD012215003D40AA463A422FD04A4640
:10234000002A02D10C323A4200D0013E9C42BAD25D
:102350001F2CABD9202E27D92024FA06DAD57A05EE
:1023600003D4A3422DD0A6422BD00F9B102B32D0EA
:10237000022B20D0202CCDD030220C9B1B191A70A0
:102380000134202CC6D04B46002BBFD17B070DD487
:102390003B07BFD520230C9A13550134BAE79C4262
:1023A0009FD21F2C00D881E720249AE72B230C9A78
:1023B00013550134AEE7202CACD00C9B1B19013413
:1023C0003AE0631E012C92D00F9A102A2AD0022ADA
:1023D0002FD01C00D0E7BB060ED4202C9AD00C9B2B
:1023E0001A19013478231370C4E7BB060DD478237F
:1023F0000C9A01241370BFE7202C00D18AE75822E1
:102400000C9B1B191A700134B4E758230C9A012451
:102410001370B1E70C9A603301241370ACE72024E9
:1024200000265EE7023CBA06E9D40C9A12191C0099
:10243000D8E70C9A9246534462221A709AE7C04633
:1024400010B5002800D110BD01F046FFFBE7C046E3
:102450000B0010B5002802D049681B68984710BDD2
:10246000F0B5DE4657464E464546E0B59BB09B4626
:10247000249B89469846259B0B900C9240464246E9
:1024800019009A4601F0BFFC002800D0D8E00122D4
:1024900040465146774B524201F0B0FC002800D034
:1024A000CEE0012240465146734B524201F090FC6F
:1024B000002800D0C4E0002200234046514601F02D
:1024C00087FC002800D0B9E1424653460A9209939E
:1024D0008023289ADB001A400E92289A1A4201D1D2
:1024E000062326930A9A099B1600134300D0C7E0DF
:1024F000289B002500261B0500D49BE100230D939B
:10250000269A0D9B9A4200DC9FE1D01A431E269327
:102510008023289ADB001A430023002728920D937A
:10252000279B0024BB4200D9DC1B0223289A1A40B7
:102530000E92289A134203D07B427B415B421C409F
:102540000D9B002B07D00A9809992A00330001F04F
:10255000E6FB0A900991002200234046514601F013
:1025600037FC002805D08020000684460999614484
:102570000991289A414B0B9D13400493269B0A9A7C
:102580000293099B03940092019349465B462800FD
:102590000C9A00F08BF90400002F62D0289B2200D7
:1025A00098061F23C0179843631C984649465B460C
:1025B0006530A8470D9B0025DA179C18DB0F9A465B
:1025C0005440013F01E0202D13D00AAA94461F2356
:1025D000200063440A2101355E1901F053F93031BE
:1025E000317020000A2101F04DF926000400092E67
:1025F000E9D805230693002304930A330393534633
:1026000005970B9F029312AB009342465B464946E7
:1026100038000195FFF72EFE0E9B0400002B20D002
:102620000C9BC51A279BAB421BD91E0022005B46A0
:10263000494620200135B8470134AE42F6D810E0B3
:10264000289B42460493279B49460393269B0B985D
:1026500002935346009201935B460C9A00F026F9D0
:10266000040020001BB0F0BCBB46B246A946A04601
:10267000F0BDC046FFFFEF7FFFFFEFFFFFF7FFFF5B
:10268000734B099F9C467800400D604401F0CEFBDF
:10269000704A714B01F05DFB704A714B01F03AFBDF
:1026A0003B03704A1B0B1A4304000D00300011005D
:1026B0006D4B002201F029FB6C4A6D4B01F049FB88
:1026C00002000B002000290001F024FB01F0C6FBF2
:1026D0000D9001F0ABFB674A674B04000D0001F061
:1026E00038FB0022654B01F015FB01F0B7FB644A93
:1026F0000600644B2000290001F02BFB0400300091
:102700000D000F9601F092FB5F4A604B01F021FB38
:1027100002000B002000290001F0F7FA02000B0074
:1027200006000F0001F015FB320004000D003B0015
:102730003000390001F0EEFA002210901191544B54
:102740002000290001F0EBFA0022524B01F0E2FADE
:1027500002000B002000290001F0E1FA00224E4B9C
:1027600001F0D8FA02000B002000290001F0D7FA8E
:102770000D008021040032003B000020C90501F05B
:10278000C4FA02000B002000290001F0C3FA020085
:102790000B001098119901F0C2FA0022314B01F0A0
:1027A000B9FA3E4B0F9C9C4664440022230501F07D
:1027B000D0FA05000E0002000B000A98099901F0FA
:1027C00007FB00280AD00D9B2800013B31000D9328
:1027D0000022304B01F0A3FA05000E00C6270D9928
:1027E0002B0063318F42BF4128997F42043709058E
:1027F00000D495E6334300D182E6099C284A2100A3
:10280000284B0A9801F0F2FA002808D00022210093
:10281000254B0A9801F0DCFA002800D070E6269BD0
:10282000002B00D17CE60E9B5A1E9341269AD31AA8
:10283000269375E6002304270D9371E643460A9319
:1028400080231B065344099342E6002326935FE648
:1028500001FCFFFFFB799F501344D33FB3C8608B4B
:10286000288AC63F0000F03F0000F83F61436F63D5
:10287000A787D23F71A379094F930A400000E03F38
:102880001655B5BBB16B0240EF39FAFE422EE63F5A
:1028900000002C400000244000001840FF0300000E
:1028A0002D431CEBE2361A3F80842E41F0B54E4694
:1028B000DE4657464546E0B597B09946209E219F93
:1028C000229B8346984607910C923B0032003000D1
:1028D000390001F098FA002800D0A9E10122300067
:1028E0003900CA4B524201F073FA002800D0E1E0EF
:1028F000012230003900C64B524201F07FFA002815
:1029000000D0B7E0002230003900C24B01F076FA67
:10291000002800D099E0002230003900BE4B01F0C1
:1029200057FA002800D090E0002200233000390040
:1029300001F04EFA002800D0B1E000230D93249B53
:102940005B0501D40623984608AB9C461722002459
:1029500030234146624404E0013413550139202CF0
:1029600001D00929F8D888463000390001F076FAFC
:102970004346DA00A94B05009B181A685B68089269
:10298000099301F053FA02000B003000390001F006
:10299000BCF9089A099B01F0DCF90A900B9101F04F
:1029A00081FA824601F03EFA02000B000A980B9968
:1029B00001F0ABF900229A4B0A900B9101F01EFA3C
:1029C000002800D1C0E001239C46E244504601F0BB
:1029D00029FA02000B000898099901F0FFF9002874
:1029E00002D000239A4601354346002B6AD008AB3B
:1029F00017269C4608956644554614E001235B4221
:102A000043440A2128009A4600F03CFF013430314B
:102A10003719397028000A2100F034FF092D00D839
:102A2000D0E0D0460500202CE8D10EAB9846032319
:102A3000249A1340012B00D196E02023249A01937D
:102A40000392239A434602921EE0249B5846049325
:102A5000239B00960197039343460C9A0293079990
:102A60004B46FFF7FDFC17B0F0BCBB46B246A9468B
:102A7000A046F0BD249B5B070ED40322694B24992A
:102A80000192039123990291009358464B460C9A68
:102A90000799FFF7A1FBE6E70422634BEFE73B0052
:102AA00032000020002101F030F9012306000F0060
:102AB0000D9344E7249B0393239B029304230193E8
:102AC0005A4BE1E7280001F0B1F902000B00300099
:102AD000390001F01AF9524B002206000F0001F0F4
:102AE00077F90EAB984600280AD100223000390051
:102AF0004B4B01F083F9002802D1EB0700D50135DB
:102B0000202C94D008AA94461723280063440A2155
:102B100001341E1900F08EFE3031280031700A2178
:102B200000F088FE051EEBD10323249A1340012BED
:102B30001BD0202C00D180E70D9B002B35D02D22FF
:102B40004146631C0A5579E700220A980B99344BD9
:102B500001F03EF9002800D046E75346002B51D142
:102B600001239C46E2443FE72024239B002BE0D036
:102B70000D9B002B03D1249A0C33134202D0239BCC
:102B8000013B2393239BA342D3D908AB9C46172236
:102B900030236244202C00D14FE723990134135590
:102BA0008C42C6D0202CF8D147E7249B5B0724D465
:102BB000249A2300120700D440E720224146013323
:102BC0000A553BE75746089D202C00D12DE72200EF
:102BD00030214046002F09D00132B154202A00D1C3
:102BE00023E7D3431B191B18002BF5D10EAB9846D6
:102BF0002E234146541C8B5482E72B224146631CF2
:102C00000A551BE7DB0700D4EEE6A9E7FFFFEFFF5D
:102C1000FFFFEF7F65CDCD4165CDCDC110290110FE
:102C20000000E03F182701101C2701102827011081
:102C3000249B0393239B029303230193004B23E7DD
:102C400024270110F0B5DE464E4657464546E0B50E
:102C50009FB01C00289B91460993C94AC94B8B46DB
:102C600008901A60002900D118E2002320789A46C3
:102C7000002800D11AE226001D005C460AE02A0066
:102C80006F1C4B46089D2100A8473D000136307857
:102C9000002870D02528F2D110239B46083B9A4685
:102CA000043B9846023B00219C46721C107816009B
:102CB0000300203BDBB2102B03D8B34F9B00FB5823
:102CC0009F460300303B092B32D900230A932A2860
:102CD00068D0002398462E283ED00300683BDBB224
:102CE000122B1CD8A94A9B00D3589F4601230132BE
:102CF0001943DBE7634601321943D7E74346013204
:102D00001943D3E75B4601321943CFE753460132FB
:102D10001943CBE780235B00707819430136030029
:102D2000253BDBB2532BAAD8994A9B00D3589F4628
:102D300000270300B800C01901364000C0183378DE
:102D400030381A00303A0700092AF3D90A901800DF
:102D5000002398462E28C0D180237078DB001943C9
:102D60000300303B721C092B00D8A1E12A2800D1B6
:102D7000B2E11600B1E7A346AA462C00D14503D81C
:102D800001235B424B449A464B465246594600202B
:102D9000089DA84720001FB0F0BCBB46B246A9461C
:102DA000A046F0BD099B40CB0A96002E03DB50786D
:102DB0000993561C8DE72838014370420A90099305
:102DC0005078561C85E7782800D1DFE1582800D1DB
:102DD0004CE26F2800D14FE3622801D100F030FCB3
:102DE00010230A009A430B92692801D000F0A9FC35
:102DF0000A230C934B0500D5D0E10B9A80231100D8
:102E00009B0019408B461A4200D0A1E2802311009A
:102E10005B0019408A461A4200D0B6E313005B06F5
:102E200000D5EDE2130009991B0601D400F076FCF1
:102E300008C91BB2D8171A18424092B2099193469A
:102E4000DA0F1292002B09D1802310220B99DB009C
:102E50000B4091430B91002B00D0E4E20B9A6123CD
:102E6000920600D541230EA91F228C46DBB2624494
:102E70000A3B5F461395A34655460C9CB2460D93FC
:102E800016000AE03033DBB201357355A74200D299
:102E9000EDE2202D00D1EAE207002100380000F029
:102EA000F1FCCBB20929EDD90D9A94466344DBB20B
:102EB000EAE780239B007078194301362FE770788A
:102EC000682800D1CDE180230136194327E77078C7
:102ED0006C2800D1BFE180235B00194301361EE757
:102EE000462800D19BE10722099B049107339343B5
:102EF0000A9A19000392424602920CC9089800925D
:102F0000019309912A004B462100FFF7CFFC0136BF
:102F10000500BCE62A006F1C4B46089D21002520B9
:102F2000A84701363D00B2E68B0700D4ADE1099B0E
:102F30002A009A466B1C9846534601CB21009A46BC
:102F4000089F4B46C0B2B8470A9B9C466544012B7C
:102F500000D886E2089B4746B04626004C46994674
:102F60003A002300013731002020C847AF42F7D193
:102F7000A1465346340046460993013687E6C046CB
:102F8000452C00100C2B0020302701107427011055
:102F9000C0270110099B04CB9B4643460992002B96
:102FA00000D1C6E013789C46002B00D1BDE3434618
:102FB000013B099A0133D0180A9F130001E08342B4
:102FC00003D05A780133002AF9D1099A0A979B1A3B
:102FD0000B9380230A00DB001A400C92194204D0A4
:102FE0000B9B434501D943460B9302231A000A4029
:102FF0000D920B4200D187E16046002800D168E1C4
:103000000C9B002B00D10DE1A844C246099B5746FA
:103010005B1B9846089BB2462A0026004C46994600
:1030200009E023003100551CC8474346585D00287D
:1030300000D126E12A009742F3D1A1463D00340099
:1030400056460D9B002B00D043E15B4601360993A9
:103050001DE6099B1A0008CA9246002B48D021227F
:1030600011438B460EA884461F2161440995002216
:103070000F27A4460D0002E0202A0CD00B003C00D4
:103080001C4020003730092C00D807380132A854E2
:1030900019090F2BF0D86446099D32E0DC4B2078EB
:1030A000089300239A46002800D0E4E5002465E652
:1030B000434606000A9F9800C0180132400080195C
:1030C0001678030030003038303B0928F3D930003F
:1030D000984616000A9700E6099B023604CB9046F4
:1030E000D2434046D2171040804609933078F4E529
:1030F00010220800904311321043834600224905F4
:10310000B0D55B46069308230593434604931023EA
:1031100003930023029316AB019200932A004B46BF
:1031200021000898FFF7A6F85346050001360993D9
:10313000ADE513789C46002B00D1F7E202235B42F9
:1031400037E7202302009A43472A04D180231B013A
:10315000194302239843452801D12023194307220C
:10316000099B0491073393430A9A1900039242463C
:1031700002920CC908980092019309912A004B46CB
:103180002100FFF76DF90136050080E510230C934F
:103190000C230A009A430B924B0503D501230B9A8B
:1031A0009A430B92692800D127E6642800D124E6CF
:1031B0000B9A802311009B0019408B461A4200D0C5
:1031C00066E1802311005B0019408A461A4200D054
:1031D00039E213005B0600D53CE113001B0600D466
:1031E000A6E2099B04CB1204120C934609935B469A
:1031F000002B00D09AE10B9A1033110099430B91E8
:10320000520500D492E100239A460B9B06930A9B39
:103210000593434604930C9B039300230CE1202366
:10322000194360E6099B0A9A5B1B98464B469146F8
:103230001F00B2462600089C2A003B003100A04730
:1032400043460135585D0028F6D14A463400B94658
:1032500056460A92F5E6C0239B00B0781943023621
:103260005DE5C023B0781943023658E50C230A0007
:103270009A4314331A43103B0B920C934B058DD495
:1032800096E7A14634005646DBE60A9A012A00D8A2
:1032900053E26B1E9F18089BB04626004C46994689
:1032A0002A002300013531002020C847BD42F7D154
:1032B000A14634004646099B3A0001CB21009846BE
:1032C0007D1C4B46089FC0B2B84743460136099360
:1032D000DDE40B9B0A9AA8469A4200D8B5E69446CC
:1032E0006544ED1A089B4746B04626004C46994671
:1032F0003A002300013731002020C847AF42F7D100
:10330000A14634004646A0E60B9A0A99531C914206
:1033100000D814E24B199B1A1F00089BB2462600E6
:103320004C4699462A002300013531002020C84729
:10333000BD42F7D10A9BA14601330B93099B340090
:103340001B7856469C466046002800D058E67CE62E
:103350000722099B07339343013294469C446246FB
:103360005F6809921A68FB171093119310981199CE
:10337000030053400E930B007B400F9394460E9A2C
:103380000F9B121A8B410E920F93FB0F6246129302
:1033900000233A439B463DD00B9A6123920600D509
:1033A00041230022DBB20EA90A3B8C4692460D93C4
:1033B00043461F3262441395159655460E9E0F9F45
:1033C000A24690460C9C14930CE03032D2B2434695
:1033D00001355A55BB4500D18AE1202D00D18AE143
:1033E00006000F00220000233000390000F08CFAA4
:1033F000D2B2092AE9D90D9B9C466244D2B2E6E7D3
:10340000FF23099904C913401A00099117E5C04622
:10341000D52100100B9A1033110099430B915205DE
:10342000BAD500239A460B9B06930A9B0593434605
:1034300004930C9B0393129B02935346019316AB88
:103440002A00009321004B460898FEF713FF01362F
:1034500005001CE4FF22099B02CB11408B46099317
:10346000C5E65346454609930136FFF710FC56461C
:103470005C46AA46139DD6E708230C930B910B9943
:10348000642800D084E60B9B5B0500D586E6B4E497
:103490000722099B07339343013294469C446246BA
:1034A00009921A685B6810009B4613005A46134342
:1034B00007D10B9A1033110099430B91520500D597
:1034C000A1E60B9A6123920600D541230022DBB2CC
:1034D0000EA90A3B8C4692460D9343461F32624426
:1034E0005F461295A34655460400B24690460C9E90
:1034F00013930DE03032D2B2434601355A550023C2
:10350000BB4200D100E1202D00D100E104000F00FA
:10351000320000232000390000F0F6F9D2B2092A67
:10352000E8D90D9B9C466244D2B2E5E70B9A612331
:10353000920600D54123DBB20EA90A3B1F228C461E
:103540000D93230062445C461295170055469B4636
:10355000B2460C9E08E03033DBB201357B55B442F5
:103560000ED3202D0CD004003100200000F08AF989
:10357000CBB20929EFD90D9A94466344DBB2ECE74C
:1035800056465C46AA46129D3FE6099B1A0008CAA9
:10359000D91713925A184A409246DA0F1292002B0A
:1035A00008D1802310220B99DB000B4091430B9133
:1035B000002B2BD10B9A6123920600D541230EAA32
:1035C0001F279446DBB20A3B0D9567445D4609937D
:1035D000A3465446B2460C9E08E03033DBB20135B8
:1035E0007B55B4420ED3202D0CD0040031002000B6
:1035F00000F048F9CBB20929EFD9099A94466344FF
:10360000DBB2ECE756465C46AB460D9D0B9B2A00B1
:1036100006930A9B21000593434604930C9B08984C
:103620000393129B013602935B46019316AB009302
:103630004B46FEF71FFE139B05000993FFF727FB80
:1036400002230C931AE7099B04CB92461293002A9B
:1036500008D1802310220B99DB000B4091430B9182
:10366000002B2BD10B9A6123920600D541230EAA81
:103670001F279446DBB20A3B0D9567445D460993CC
:10368000A3465446B2460C9E08E03033DBB2013507
:103690007B55B4420ED3202D0CD004003100200005
:1036A00000F0F0F8CBB20929EFD9099A94466344A7
:1036B000DBB2ECE756465C46AB460D9D0B9B2A0001
:1036C00006930A9B21000593434604930C9B08989C
:1036D0000393002302935B46019316AB00934B4682
:1036E000FEF7C8FD129B050009930136FFF7CFFADC
:1036F000B44200D871E6149B54460E960F97AA4622
:103700009846159E139D8EE6A64200D8FBE6139BB5
:1037100056469846AA465C46129D76E508C9D817D3
:103720001A1842400991FFF78AFB00230B9350E4DB
:10373000099B04CB9346099359E52F00BBE50B93F6
:1037400001E6063B0C939AE60EB4012210B585B053
:1037500007AC08CC01000094524204480394FFF7E0
:1037600071FA05B010BC08BC03B01847CD21001099
:1037700000B585B003910121029000930348130026
:103780004A4202A9FFF75EFA05B000BD51240010BD
:1037900010B5094A0300146884B0002C08D0012237
:1037A00000910648524203A9A047012004B010BD71
:1037B00000F0E2FD0020F9E70C2B0020412400106E
:1037C00001480421014B184770150020F137001003
:1037D000142310B50100188804331B88984710BDC6
:1037E000162310B50100188802331B88984710BDB6
:1037F000F8B54746CE4680B50F1E19D0142399461A
:10380000043304000025012698464B461888434699
:1038100021681B88984701C4431E984101354042E6
:103820000640AF42F1D13000C0BCB946B046F8BD49
:103830000126F8E7124A936F9B0815D29066D1666D
:10384000002905D0FFE7FFE7FFE7516F106F7047D2
:1038500004B580210906C2175140002800D0C84392
:103860000EF042FE002104BDF0B5146E556E576F88
:10387000166FFFF7E3FF1466556657671667F0BDCE
:10388000000000D0114A936F9B0813D21066516656
:10389000002905D0FFE7FFE7FFE7516F106F704782
:1038A00004B5002801D00020C0430EF01DFE002109
:1038B00004BDC046F0B5146E556E576F166FFFF716
:1038C000E5FF1466556657671667F0BD000000D027
:1038D00094464E4A926F9208624601D230E0C0464A
:1038E000F0B54A4EB56F6D08FCD3346E756E776FC8
:1038F000366F00F025F89446444A146655665767BB
:1039000016676246F0BDC0469446404A926F9208E0
:10391000624601D258E0C046F0B53C4EB56F6D0826
:10392000FCD3346E756E776F366F00F04DF89446A9
:10393000364A14665566576716676246F0BDC0463C
:10394000002B24DB11D000293EDA00B5C9434042E8
:1039500000D1013100F038F8C943404200D10131B3
:10396000DB43524200D1013300BD002AEBD10028D5
:1039700001D1002905D00020C90FC90701D1C043DA
:10398000410800B50EF078FD0022002300BD00B50F
:1039900000290ADBDB43524200D1013300F014F866
:1039A000C943404200D1013100BDC943404200D16A
:1039B0000131DB43524200D1013300F005F8DB4313
:1039C000524200D1013300BD002923D1002B18D170
:1039D000002A0CD0BC460D4F38667A6600210023C1
:1039E000FFE7FFE7FFE77A6F386F67467047002809
:1039F00001D00748010000B50EF03EFD0022002373
:103A000000BD02000B00002000217047000000D024
:103A1000FFFFFFFF002B00D0BFE0130C28D1002ACE
:103A2000E7D080B4114F39667A66FFE7FFE730B41C
:103A3000040C7B6F396F1B0423433B667A66FFE7F8
:103A4000FFE7FFE7C04684B27B6F3D6F1B04234353
:103A50003B667A66FFE7FFE7C04600232C042D0C87
:103A60007A6F386F00196941B0BC7047000000D010
:103A7000F0B594460025140E01D112020835140F3A
:103A800001D112010435940F01D192000235D40FF7
:103A900001D152000135D40B0134254F7C66254CF1
:103AA0003C660E0C93B2FFE7FFE7FFE73C6F66430F
:103AB000360C7703BE467343DF0B5B04C01AB94173
:103AC000130C7343DB18C91ACE086643360CB64490
:103AD00093B273431F0F1B01C01AB941130C7343F8
:103AE0001F0B1B05C01AB941860D8F023E4366436A
:103AF000360C092D24DB520A7243801A7703460ADA
:103B00006643360C16235B1BDE40DF40BF1964465C
:103B10006643821B7046043506330100D940A84035
:103B2000C01900D30131A24206D20023F0BD00002B
:103B3000000000D0FFFFFFFF121B0130F3D3F1E7BD
:103B400009277F1BFE406446A2B27243801A00D24E
:103B50000139220C7243130C1204821A99410B0092
:103B60007046043513370100F940A840801900D38E
:103B70000131002B02D1A2420AD2F0BD013000D3A4
:103B80000131121BFAD2013BF8D1A24200D2F0BDA2
:103B9000013000D30131121BF7E7F0B51C0C00D047
:103BA00080E00CB400251C0A04D11B02160E33431E
:103BB000120208351C0B04D11B01160F33431201EE
:103BC00004359C0B04D19B00960F334392000235C1
:103BD000DC0B02D192185B4101351C00971864413F
:103BE0000134464F7C66464C3C660E0CFFE7FFE70F
:103BF000FFE7C0463C6F6643360C7703BE4697B27C
:103C00007743C01B00D20139C01B00D201399FB2DB
:103C10007743C91BC91B170C77437E04FF0B801B1E
:103C2000B941CE086643360C0C2D33DBB644120B7B
:103C30001F053A431B0B97B27743C01B00D20139D3
:103C40009FB27743C91B170C77433E043F0C801B80
:103C5000B941860D8F023E43664329277F1BFE40F4
:103C60000C3D7746AF40BF1930BCA2B2ABB2724335
:103C70007343801A9941220C7243130C1204801A68
:103C8000994102000B000137001BA941F9D2781EAF
:103C90000021F0BD0C277F1BFE4077467F0BAF4015
:103CA000FF19E0E700245D1C07D0144F7D663966DC
:103CB000FFE7FFE7FFE7FFE73C6F95B29EB2654382
:103CC0006643401BB141150C1E0C65436643360428
:103CD0002F0C3E432D04401BB141994204D20200F7
:103CE0000B0020000021F0BD01D19042F7D3801AD3
:103CF000994101349942F2D3F6E70000000000D068
:103D0000FFFFFFFF48404140484018B4134B5B6839
:103D1000019308BD18B4114B1B68019308BD94466C
:103D20000F4A926F920805D2624618B40B4BDB68BB
:103D3000019308BD0A4AF0B5146E556E576F166FA1
:103D40006246FFF7F2FF064A146655665767166724
:103D5000F0BD18B4014B9B68019308BD481F0020BB
:103D6000000000D0FFB550404240504059404B4009
:103D7000594000E0FFB5154F4C00640D03D0BC4224
:103D800004D10C0314D80020090D09055C00640D52
:103D900003D0BC4204D11C030AD800221B0D1B0512
:103DA00001264B4009D44B4003D58B4200D18242BF
:103DB000FFBD9942FCD19042FFBD0B43DB1803438A
:103DC0001343F5D0C9434918FFBD0000FF070000A9
:103DD00000B5FFF7CFFF804100BDC04600B5FFF73B
:103DE000C9FF01D9002000BD012000BD00B5FFF7CB
:103DF000B9FF01D9002000BD012000BD00B5FFF7CB
:103E0000B1FF804100BD012040054A00121804D8CE
:103E10005A00121801D80020704701207047002076
:103E2000704700000021002805D17047C1174840A5
:103E3000401AFAD0C90713B5064B1B6898470CBC4B
:103E4000441CA2401005120B0349091B0905194324
:103E5000114310BD302B00201F04000010B54C0092
:103E6000620D8023D218DB00D21A5B057E2A10DD9A
:103E70009E3A13DACC170903490819435242D1403C
:103E8000640001341532202A05DAD040084360432B
:103E900010BD002010BD0846604310BDC80FC018FB
:103EA000013810BD18B4024B5B6A019308BD0000D5
:103EB000481F002018B4024BDB6F019308BD0000BF
:103EC000481F002010B50148FDF73EFF6029011092
:103ED000132370B51D78012D11D035DD1C48FFF777
:103EE0007FFC1C4C01008022200000F0DDF8022D38
:103EF00027D01948FFF76CFC184B186070BD184BA1
:103F0000144C23606360A360E36023616361A36179
:103F1000E36123626362A362E36223636363A36377
:103F2000E36323646364A364E36423656365A36557
:103F3000E36523666366A366E36623676367A36737
:103F4000E367084BA364D4E7024C064BA364D0E7B5
:103F500053440000481F00204C330000302B002049
:103F6000C53E0010693F001007B5604601880A0A87
:103F70000230DF2AFAD1C9B2820804D3028840880D
:103F80000004104300E00068014A5050039007BD50
:103F9000481F002051434343C9188C46110C83B27B
:103FA0004B4310B4040C614392B280B2504362435D
:103FB0001C041B0C001910BC59411304120CC0182E
:103FC0005141614470470000014BDB6F184700000E
:103FD000342B002010B50148FDF7B6FE0026011075
:103FE000132310B510481C78FFF7FAFB0100012CD1
:103FF0000AD003DD80220D4800F056F80C48FFF788
:10400000E7FB0C4B186010BD084C5422200000F058
:104010004BF82300084A80332168002900D1226030
:104020000434A342F8D1E9E753460000342B0020C2
:104030004C330000302B0020D53F001010B5040099
:104040000CF090FE002804D0034B04199C4200D8C9
:1040500010BD0248FDF778FE000004207829011009
:1040600010B50C000DF0B8F9002804D0034B04196A
:104070009C4200D810BD0248FDF766FE00000420F7
:104080007829011010B50CF077FE10BD014804210D
:10409000014B184780150020F1370010014B1B68B9
:1040A0001847000080150020014B5B68184700008E
:1040B00080150020030010B5080011001B68984708
:1040C00010BDC046F0B546464F46D646C0B5437C07
:1040D00080460E001700002B46D0002A3FDD4B1E05
:1040E0009946244B0125002400209A460DE04B46BA
:1040F0001B5D0D3B5A425341325DDBB20A2A0BD0A5
:104100002B00013401359F421ADD002CEFD14346CC
:10411000325D1B7C0A2AF3D1002BF1D1A04204DAD4
:104120004346211A1B6830189847434650461B687F
:1041300002219847013428002B0001359F42E4DC1E
:10414000874204DD4346391A1B6830189847F61930
:10415000013E33780D3B5A42534142461374E0BC52
:10416000BA46B146A846F0BD036811003000984732
:10417000F5E7C046F0290110F0B5C6460C00096805
:10418000060000B5802906D04B1C236064182671F8
:1041900080BCB846F0BD0F4B1D68002D16D0231D06
:1041A00098460D4F02E0ED68002D0FD02B68002BD4
:1041B000F9D03B68002B01D0AB42F4D12800414636
:1041C0002268FFF77FFFED68002DEFD1012300216A
:1041D000DBE7C046F826002000270020F0B5574650
:1041E0004E464546DE461C00D023E0B51B061F6840
:1041F000344B83B006000D00180001A991469A4681
:104200000EF082F98046002808D1019B7FB29F42C0
:1042100004D050460EF0C0F9012398466B1C03D120
:1042200030000DF02DFB0500002C27D1264F274B29
:104230001C68002C18D04B46002B21D1244B9946EA
:1042400002E0E468002C0FD02368002BF9D04B4625
:104250001B68002B01D0A342F3D120002A003100BB
:10426000B847E468002CEFD14346002B25D103B0BA
:10427000F0BCBB46B246A946A046F0BD154FD6E7F6
:10428000134B99460A239B4602E0E468002CEBD0CE
:104290002368002BF9D04B461B68002B01D0A342AA
:1042A000F3D12A0031002000B8475A466B4620005F
:1042B0001A7101A90122B847E7E750460EF0D4F879
:1042C000D5E7C046181E0020C5400010F826002083
:1042D00000270020B5400010F0B5CE46474680B517
:1042E00083B06B46DE1CD02330701B061C681F4B4E
:1042F000804601A9180099460EF006F9071E20D045
:104300001B4B1C68002C28D01A4D02E0E468002CDE
:104310000FD02368002BF9D02B68002B01D0A342CB
:10432000F4D1200001223100FFF7CCFEE468002C1C
:10433000EFD1002F11D1404603B0C0BCB946B04602
:10434000F0BD019B64B29C420BD048460EF024F9AC
:10435000074B01271C68002CD6D148460EF084F884
:10436000E9E7034B1C68002CCED1E4E7181E0020BF
:10437000F82600200027002070B504000DF080FA18
:1043800000230100050001222000FFF727FF084B52
:104390001C68002C06D06368002B05D09847E468A1
:1043A000002CF8D1280070BDE468002CF3D1F9E7A7
:1043B000F8260020F0B54746D64680B516000F0017
:1043C00083B000282DD11C4B1C4D1A685B680192EC
:1043D00000931B4B9A461B4B984653461C68002C77
:1043E00003D114E0E468002C11D02B68002B01D01D
:1043F000A342F7D1A368002BF4D0310038009847CE
:104400000028EFDD03B0C0BCBA46B046F0BD43465D
:1044100000995B6A994209D842460198926A8242A1
:1044200002D301204042EDE79942FAD10120002158
:10443000FDF7E8F8D1E7C046D0260110002700209C
:10444000F826002000400540F0B54F46D6464646C7
:10445000C0B501380D00170082B0012842D8D02322
:104460001B061C68214B01A918009A460EF04CF857
:104470008146002808D1019B64B29C4204D050467A
:104480000EF08AF801239946B8467B1C03D1280018
:104490000DF0F6F98046164B1C68002C14D0154E12
:1044A00002E0E468002C0FD02368002BF9D03368B9
:1044B000002B01D0A342F4D1200042462900FFF78F
:1044C00001FEE468002CEFD14B46002B06D13800EA
:1044D00002B0E0BCBA46B146A846F0BD50460DF069
:1044E000C3FFF4E701277F42F1E7C046181E002012
:1044F000F8260020002700200A4A1368002B05D167
:104500000CE01A00DB680C32002B07D09842F8D17F
:10451000002902D1C3681360C16070470029FCD034
:104520001060FAE7F8260020F0B54746CE46D023C3
:1045300080B51B061D682E4BA5B007000C001800A7
:1045400003A998460DF0E0FF061E07D1039B6DB24C
:104550009D4203D040460EF01FF801368422002110
:1045600003A8FFF79BFD23003A00224803A9FFF7A9
:10457000FFF8039B0700002B14D11F4B1C68002C75
:1045800006D06368002B0BD09847E468002CF8D164
:10459000002E27D1380025B0C0BCB946B046F0BDCA
:1045A000E468ECE7144B1D689946002D1ED0134CAF
:1045B00002E0ED68002D11D02B68002BF9D02368A4
:1045C000002B01D0AB42F4D1039B28001A0004A9B0
:1045D0000193FFF777FDED68002DEDD14B46039574
:1045E0001C68CCE740460DF03FFFD3E70395CFE7CB
:1045F000181E002079410010F82600200027002016
:104600000FB400B583B004A901C90191FFF78CFF75
:1046100003B008BC04B0184710B500F03DF910BD58
:104620007047C0460022014B1A7070476C2C002066
:104630004B790020FF2B0BD18B79002B08D1CB7944
:10464000012B05D1082A03D98A78024B09301A7048
:104650007047C0466C2C00200120704770B50029BF
:1046600015D115495379107909781B0203430020AD
:10467000994200D070BD5378012B0AD0022BF9D19A
:10468000002064220021FDF741FD0120F2E7012016
:10469000F0E79478D278050012021443D20502D5CF
:1046A000620A93401D000548FFF792F87F2103003E
:1046B000214028009847C0466C2C0020554200003D
:1046C0000123037000487047F429011048780B78E3
:1046D0008A7800021843120410439622CB7810B552
:1046E0001B060343D200934200D010BD0348FFF7DE
:1046F0006FF80021030008009847C04655420000AB
:1047000070B5184C82B006000D00200001A90DF014
:10471000FBFE002808D1D0231B061B68019A9A4291
:104720001CD020000DF038FF002001F01FFE0028F3
:1047300007D103256D4220000DF096FE280002B03F
:1047400070BD002001F02AFE0028F2D02A003100BE
:10475000002001F02FFE051EEBD0ECE703256D4293
:10476000ECE7C046382C0020F0B5DE464F46464602
:10477000C0B5334B82B081460D00180001A99B469D
:104780000DF0C2FE002808D1D0231B061B68019A39
:104790009A424FD058460DF0FFFE002001F0E6FD92
:1047A00000283FD00024002D41DD264E11E04B466D
:1047B0000020191901F072FE804600F065FE00200D
:1047C00001F030FEFCF714FF306071604444AC42ED
:1047D0002DDA002001F07CFE2F1B0200B84200DD24
:1047E0003A00002AE3D100F04FFE002001F01AFE4B
:1047F000002001F0BBFD002819D0002001F068FE68
:104800000028E4D1FCF7F4FE326873680F00002141
:1048100084460D4812184B419F4208D8D7D1944581
:10482000D5D904E000200021064B18605960584695
:104830000DF01AFE02B0E0BCBB46B146A846F0BD82
:10484000382C0020401F002020A1070010B5044B89
:104850001878FBF7BDFFFA200021800010BDC0468C
:104860006D2C002010B5024B1878FBF7B1FF10BD7E
:104870006D2C002010B5074C002120000DF044FEE7
:10488000002800D110BD00F0FFFD20000DF0ECFD70
:10489000F8E7C046382C0020F0B5244B85B01B78D3
:1048A00001F0FEFF2248FDF78DF90120FCF718FA10
:1048B000FF23204C204920701840FBF7AFFF2078E1
:1048C0000121FBF773FF0520FBF78AFF041E0CD0C4
:1048D000002205201949FBF7CBFF01211848FFF7FB
:1048E0000BFE0124200005B0F0BDFCF76FFC0500B5
:1048F000FCF77EFEFA2206000F00002392009219B8
:104900007B4199420ED80BD00121029100210191E7
:104910000C4928000091FCF75DFC0028E2D0DCE7A0
:104920009042F1D901225242D317EDE7E44E011033
:10493000382C00206D2C00207548001065480010B0
:10494000901500204D48001000487047AC2A011017
:1049500000487047582A011070B5040017480378C2
:10496000002B21D0002C06D1C1241548154BA400E2
:104970004380048070BD052C1DD8134B1048A40043
:10498000E558811C002304E001330A800231132B17
:104990000ED0EA5CDCB2002AF6D1C0230134E4B2C6
:1049A00064009B001C43E4E7112102F00FFAD9E7F1
:1049B000CA24A400DDE70020DCE7C046502C00201C
:1049C000D026002009040000C02A0110F0B5982369
:1049D00057464546DE464E466C4AE0B5D7588025D8
:1049E0003C006D02883B9A4683B02C402F420FD08A
:1049F00001222321664B00205A54DA70654901F0E8
:104A000073FA8022644B92021A65644B2C009A461A
:104A1000FB0617D480235B011F4245D18023DB01B5
:104A20001F4200D088E080231B021F4200D091E08B
:104A3000BC4200D0A5E003B0F0BCBB46B246A946DC
:104A4000A046F0BD514B9B6D9846002B27D0524B92
:104A500000249B460123994643460126B8461F0081
:104A600004E001347600E4B2202C17D03742F8D0AD
:104A70005B469E654B466508A3436D00ED18444BAD
:104A80006D019C466544280000F08AFB00286CD12B
:104A90000134B743E4B27600002FE5D147468023C6
:104AA0005B0154461F42B9D01C430023374A002102
:104AB0001360384A3A489360D3603A4A9360D360AF
:104AC000394A9360D360394A9360D360384A93601F
:104AD000D360384A9360D360374A9360D360374AD3
:104AE0009360D360364A9360D360364A9360D36054
:104AF000354A9360D360354A9360D360344A9360FB
:104B0000D360344A9360D360334A9360D360F02219
:104B10009200FFF7C3FA314B314A00211A6000209E
:104B2000012201F0B7F980221B4B12031A65802382
:104B3000DB011F4200D176E70122042100201C4343
:104B400001F018F91022144B1A6580231B021F4232
:104B500000D16DE70122052100201C4301F00AF974
:104B600080220D4B12011A6562E74B46AA8AA9788A
:104B700000200093002301F0DFF9280000F04CFA38
:104B800086E7210017487940FDF7DEF80000115054
:104B900008270020000010500030115010000100C4
:104BA0004827002008001050100010501800105026
:104BB00020001050280010503000105038001050C5
:104BC0004000105048001050500010505800105035
:104BD000600010506800105070001050142B00201E
:104BE00080011050D82A011010B501210520FBF7D3
:104BF000DDFD10BD10B500220021024800F034FA9E
:104C000010BDC046282700208022024B5202DA64E1
:104C10007047C04600201150F0B5C64600B50600EA
:104C200000F0D4F90C23354D0520AB673449FBF770
:104C3000F5FD40239846334C402200212000FFF729
:104C40002DFA43460127A383212100232E4A6770B2
:104C5000A260136063545F3161844146A1870239C9
:104C600063542A4A2A496360E260A1620B60E262EF
:104C7000284A63629360D360274A20009360D36020
:104C8000264A00219360D360254A40309360D36068
:104C9000244A9360D360244A9360D360234A93608C
:104CA000D360234A9360D360224A9360D360224A40
:104CB0009360D360214A9360D360214A9360D360AC
:104CC000204A9360D360204A9360D3601F4A936068
:104CD000D360F0229200FFF7E1F91D4B1D4A30002E
:104CE0001A6080239B052F64EB6490231A4AEA50D4
:104CF000FFF78AFF80BCB846F0BDC04600001150E7
:104D0000CD490010082700208400105000011050E9
:104D1000800010500000105008001050100010507B
:104D20001800105020001050280010503000105073
:104D300038001050400010504800105050001050E3
:104D40005800105060001050680010507000105053
:104D5000142B00208001105010D001000B785B064E
:104D600002D14B78052B00D070478A78014B1A602E
:104D7000FAE7C04600001150F0B5CE46474607237B
:104D800080B548798E780A790340C8787F218007FA
:104D900031401B02F40913434F00820F94469146A1
:104DA0002A4D3A195201AA1896700126664056708B
:104DB000604600269383D6709077CA00012C29D0D4
:104DC00023488446880162448446AC44604682603D
:104DD0001660002929D01F4AC9009046414441600D
:104DE0003F223F3393434A46022A00D15B001A49CF
:104DF0003F190A687F01D3180B60184BED19534017
:104E0000EA604A469006184380231B0618436B68E5
:104E1000186010E012488446880162448446AC441D
:104E200060468262166000290AD1002364012D19B0
:104E30006B600C4BEB600120C0BCB946B046F0BDC6
:104E4000064AC900904641444162C9E7082700204C
:104E50008400105004001050142B0020000010504B
:104E6000800010500001105000231C4A10B59360C0
:104E7000D3601B4A00219360D3601A4A1A4893609A
:104E8000D3601A4A9360D360194A9360D360194A79
:104E90009360D360184A9360D360184A9360D360DC
:104EA000174A9360D360174A9360D360164A9360A1
:104EB000D360164A9360D360154A9360D360154A55
:104EC0009360D360144A9360D360F0229200FFF79E
:104ED000E5F8124B124A1A6010BDC046000010508F
:104EE00008001050100010504827002018001050E3
:104EF0002000105028001050300010503800105082
:104F000040001050480010505000105058001050F1
:104F1000600010506800105070001050142B0020DA
:104F20008001105010B57F200C0020404000E409A3
:104F3000110000191A00034B4001C01800F094F84A
:104F4000012010BD082700207F22130010B50B4060
:104F50000A420BD0C9098022580040180649400176
:104F600040181201002100F05DF810BD0222034834
:104F7000C909521A8266EEE7082700200020115066
:104F80007F22100010B508400A4200D110BD002356
:104F9000C90940004018044940010818002203498B
:104FA000C37000F03FF8F1E708270020FFF7FFFF8C
:104FB0007F21C309034A9B00014010B59A5802485B
:104FC000FCF7C2FEA4150020EC2A011080220D4B34
:104FD000520410B51A600C4B0C491A6010008B6813
:104FE0009843FBD10A4C9C2200212000FFF756F881
:104FF0008022002152010748FFF750F80923636718
:1050000010BDC04600E0004000F0004000C000407D
:10501000000011500000105000230374438283826B
:105020008361704710B58368002901D01C68214056
:10503000002A11D08024E400114322420CD01A68C7
:1050400022420BD1074A0A401A60FFE7FFE7FFE759
:10505000FFE7FFE7FFE78368196010BD8078FFF77F
:10506000A7FFC046FFFBFFFFF0B5C646002300B513
:10507000838201330374436804001E68838B81615B
:105080001F1C934200D9171C8025BFB2D21B93B2BC
:10509000E278ED0063823D43002A02D09025AD0105
:1050A0003D4301204240E2706278002A51D0002B3B
:1050B0001DD1A023DB011D43354B1B6C354B334009
:1050C0008026B6051E436368A2681E6013685B05F0
:1050D0005AD4314B2B401360FFE7FFE7FFE7FFE7B0
:1050E000FFE7FFE7A3681D6080BCB846F0BD8022E3
:1050F00052011543264A126C920703D4A278D209B2
:10510000012ADBD1A28B111C9A4200D9191C8027DD
:105110008AB2FF009B1A90461743E2789BB26382E3
:10512000002A03D090274146BF010F4301214A4086
:10513000E2706278002A19D0002B02D18023DB01B3
:105140001F43164B3F043340A026F6053D431E4344
:10515000B9E73A00E068FEF7A7FFA3699C46802301
:1051600067441B021D43A761638AA0E7E0684246CB
:10517000A1694030FEF798FFA3694344A3618023EF
:105180001B021F43638AD7E7A078FFF711FFC046D1
:1051900000001150FFFFFFAFFFFBFFFFFFFFFFDF2E
:1051A000F0B5C64600B5067C0400002E00D1D3E061
:1051B00083681A681D684378AD05AD0D002B51D189
:1051C000838AEB189BB28382A18B8D4207D2002386
:1051D000638263681B68300080BCB846F0BD6268BB
:1051E0001268520002D58D4200D175E0638A002B0F
:1051F000F1D062681F1C16688B4200D90F1C8025F5
:10520000BFB2DB1BE2789BB2ED0063823D43002A14
:1052100002D09025AD013D4301214A40E270627801
:10522000002A68D0002B2AD1A023DB011D434F4B5D
:105230001B6C4F4B33408026B6051E436368A26843
:105240001E6013685B0500D58DE04A4B2B40136050
:10525000FFE7FFE7FFE7FFE7FFE7FFE7A3680026B9
:105260001D60B8E72A00C1688069FEF71DFFA38AA8
:10527000A269EB189BB25219A382A261A4E7802213
:1052800052011543394A126C920703D4A278D2090D
:10529000012ACED1A28B111C9A423FD880278AB214
:1052A000FF009B1A90461743E2789BB26382002A64
:1052B0002FD101214A40E2706278002A3ED0002BB3
:1052C00002D18023DB011F432B4B3F043340A02638
:1052D000F6053D431E43B1E7A26815686278AD014B
:1052E000AD0D002A1CD1EB18A3828D4200D37DE7BF
:1052F000002363826FE73A00A169E068FEF7D4FEFD
:10530000A3699C46802367441B021D43A761638AEF
:1053100088E790274146BF010F43CAE7191CBDE744
:10532000E1682A004031A069FEF7BEFEA38AA18B86
:10533000EB18A382A3695B19A361D6E7E068424634
:10534000A1694030FEF7B0FEA3694344A361802306
:105350001B021F43638AB2E77F238178074A08480C
:105360001940FCF7F1FCA078FFF722FE0000115075
:10537000FFFFFFAFFFFBFFFFFFFFFFDFA4150020D4
:105380000C2B0110024B5878431E9841C0B2704755
:1053900038240020024B18784007C00F7047C046E1
:1053A00038240020014B18787047C046682C002034
:1053B000F8B54746CE4680B5294F05003B78002B0F
:1053C00004D00120C0BCB946B046F8BD532200212C
:1053D0002448FEF763FE244C2000FCF7F3FB234B2C
:1053E0001C60234C20001C30FCF708FC200001F05E
:1053F000A1FC204B204E1C60204B9846002B04D073
:105400003000FFF75DF91E4B1860424600243378E8
:10541000002A1DD01B4A9046194A91469C4210D33F
:105420001BD14346984701343378E4B2A342F5D206
:105430002800FFF7F1FB2800FFF7D6FB01233B70A4
:10544000BFE74A46630012681B19DB009B58E9E777
:1054500001F04AF83378002BEAD000231B68FFDE06
:10546000682C002038240020F02300208C24002009
:10547000AC15002090240020672C0020C1460010AD
:1054800000210020E9640010F0B5DE4657464E4684
:105490004546E0B58BB001F009FA002800D144E19F
:1054A000C24BC34E9B4607AC3568EA69EFF31081E7
:1054B00072B61368002BFCD0BFF35F8F29622800FF
:1054C000210001F0ABFAEA692B6ABFF35F8F00217C
:1054D000116083F31088002800D126E16378082B3F
:1054E000E2D85A469B00D3589F466368002BDBD016
:1054F000A0689847D8E77F222179AE4B0A40550033
:10550000C8095B191B18180001273030C578BD4346
:10551000C570C5780337BD43C570002A00D10BE1C3
:10552000A54ADB7C002A06D0A44A1278934200D216
:1055300091E19B1ADBB2002B00D0F6E0A04D62791E
:105540002078A368A847AFE701229A4F01213B7852
:10555000042013433B703323FA5C8A43FA54FA5C09
:105560008243FA540133FA5C8A43FA54FA5C824368
:10557000FA54237800209A4600F066FE60222379D0
:105580001A40602A0DD0402A00D1F2E0DB06DB0E83
:10559000012B00D16AE1022B00D121E1002B00D1C7
:1055A000F6E020780021FFF7CFFC80212078FFF77C
:1055B000CBFC79E77F4B1B78DB0700D474E7814B8A
:1055C000002B00D170E700E000BF6DE7794B1A783F
:1055D000D20700D468E77C4A002A00D164E7187833
:1055E0000007C00F00E000BF5EE7744D724A00275D
:1055F0002B78002A00D1B6E0744A90469F4208D327
:105600009F4200D0B2E00137FFB29F4200D94BE782
:10561000F6D2414609687A008C46D219D20062441B
:105620005269002AEFD02078904701372B78FFB2DB
:105630009F42E3D938E72378604D5F4A98460027B8
:105640002B78002A00D186E0614A91465F4A924653
:105650002A0045469046BB425ED800D078E04B46D3
:1056600028009847434601371B78FFB2BB42F2D26D
:10567000504D532200212800FEF710FD1022FF217B
:10568000E81CFEF70BFD28002022FF211330FEF757
:1056900005FD00F0CFFD4F4B002B00D104E700E0EB
:1056A00000BF01E72378454D434A984600272B78F1
:1056B000002A47D0464A9146444A92462A00454627
:1056C00090469F421FD343D14B46280098474346FC
:1056D00001371B78FFB2BB42F3D2364D5322002173
:1056E0002800FEF7DBFC1022FF21E81CFEF7D6FCA9
:1056F00028002022FF211330FEF7D0FC00F09AFD95
:105700002379AB70D0E6524612687B009446DB19D1
:10571000DB0063445B68D8E7524612687B0094461E
:10572000DB19DB0063445B689AE70BB0F0BCBB4657
:10573000B246A946A046F0BD62792078A36800F081
:1057400097FDB1E6404600F00DFF2B78002BC4D04A
:1057500000235B68FFDE404600F004FF2B78002B3F
:1057600000D185E7F4E7002B00D19DE600235B69BB
:10577000FFDE1948002800D113E700F065FD002185
:10578000504608AA00E000BF002800D08CE608E7D9
:10579000202A00D19FE0002A00D002E76379092B7C
:1057A00000D9FEE60D4A9B00D3589F46402B0110BE
:1057B0009024002038240020C1460010672C0020CF
:1057C00059670010000000000000000000210020C8
:1057D000656500100000000000000000642B01104F
:1057E0007023217A0B4200D0DBE60F330B405B00C5
:1057F000F818CD090093C14B4019C07C002B06D08E
:10580000BF4B1B78984200D288E0C01AC0B2002873
:105810007ED1002A00D015E1BA4B019363799846F6
:105820000223424699469A43012A00D10EE143469B
:10583000002B00D0B5E6009B06AAFB185D19303599
:10584000EB7802329B07DB0F13805046022308A936
:1058500000F092FC28E65A00D318AB4ADB0012682D
:10586000D318002B00D160E71D6968E6237A0F2B5F
:1058700000D996E6A14AFB18DB78002A05D0A04A99
:105880001278934264D39B1ADBB2002B00D088E6D7
:105890009E489C4D00F0D8FC00215046EB6808AAB9
:1058A0009847002800D0FFE56022150023791D40AD
:1058B0001A4200D075E663790A3B012B00D970E6E5
:1058C00000F0C2FC63790A2B00D1EEE0504608A933
:1058D00000F03AFCE8E5237A0F2B00D961E6874A0D
:1058E000FB18DB78002A06D0854A1278934200D252
:1058F000D0E09B1ADBB2002B00D052E68348814DEA
:1059000000F0A2FC00215046EB6808AA98473BE74C
:10591000002A00D045E6002301937FE743009C4620
:10592000794B60441B68C0009C46030063440193AC
:10593000002A00D172E7002B00D132E6D86800F0CF
:1059400083FC019B00215046DB6808AA98471BE7AF
:105950006D4A5D00EB181568DB00ED18002D00D1D5
:105960001FE6E86896E7E388012B00D019E60822D5
:105970003B785046934308A93B7000F0E5FB93E564
:105980000220397806AB9A1C8B068908DB0F014090
:105990000B4359E7A37901931A007B789A4207D009
:1059A0007B78002B00D01EE1019B002B00D0B3E0E0
:1059B000019B504608A97B7000F0C6FB74E57B781C
:1059C00006AA023213705046012308A900F0D4FB46
:1059D0006AE5E088030AC0B20F2B00D9E1E54C4923
:1059E0009A008A58974608A800F034FC5046A179DE
:1059F000FFF700F902223B7813433B7054E5E3883C
:105A0000012B00D0CDE508223B785046134308A96E
:105A10003B7000F099FB47E5022B00D194E13D4B30
:105A2000002B00D1BDE500E000BF0200002A00D13C
:105A3000B7E5D37891781B020B43504608A900F0D4
:105A40009BFBA1E62F4B3148019378E7E288002ABF
:105A500009D14346012B3DD0009BFB185D19303521
:105A6000EB789B072AD5019D002D00D11CE5EB6842
:105A70001800009300F0E8FBEB68002108AA5046EC
:105A80009847002000F0E0FB3423FB5CDB0700D5E7
:105A90000AE51BE71C4A5D00EB181568DB00ED18F2
:105AA000002D00D17DE5E8682AE706AB9A1C504638
:105AB000012308A9157000F05FFBF5E45046FFF7DD
:105AC00043FA0222EB7813430122EB70EB78134385
:105AD000EB70C8E7009BFB185D193035EB789B072E
:105AE000C1D55046FFF74CFA4A46EB7893434246FD
:105AF000EB70EB789343EB70B5E7C046C1460010FE
:105B0000672C0020CC2B01100021002075660010AE
:105B10008C2B011000000000581EC0B2FEF718FFC9
:105B2000002800D13DE543780493022B00D038E5EE
:105B30000121C3799A115B110A400B4052011B01EC
:105B400013433A782F318A4313433B700923994614
:105B5000C37882781B021343C31881440393039BC9
:105B60004B4500D8E9E04B4601225B7800920B2BB5
:105B700007D14B46DB7800934B461B7899444B4644
:105B80005B78042B00D00CE54A46039B00259B1A4A
:105B90009BB202936E4A6F4B1B78002A16D162E0CB
:105BA000AB4271D16C4A6D4B904649465046029AC1
:105BB00098478446082802D9029A824269D2654BE6
:105BC00001351B78EDB2AB4200D2EAE4AB42E7D933
:105BD000634A6B0012685B199046DB0098444346A9
:105BE00005929B68E1E75046FFF73EF9BB78594DB7
:105BF000574A009300212B78002A2DD0584A90460E
:105C00002A000D0091469D421DD300D0A0E5554BC2
:105C1000504698474B4601351B78EDB2AB42F2D265
:105C2000532200213800FEF739FA1022FF21F81C18
:105C3000FEF734FA38002022FF211330FEF72EFA47
:105C4000009BBB70B0E6424612686B0094465B193D
:105C5000DB0063445B68DBE7504600F083FC2B7895
:105C6000002BDDD074E5029B49461A005046984649
:105C700000F08EFC8446082801D9404507D9354BF1
:105C80001B78002B00D18CE400239B68FFDE324B95
:105C90009846009B012B48D0009B002B10D04B4610
:105CA0009978002305E0D5700133009ADBB2934266
:105CB00006D2CA18D2B2BA18D078FF28F3D070E44E
:105CC0003800E0462B0049466246133000F02EFEB5
:105CD000204BC1441B78AB4200D340E761E4224B28
:105CE000002B00D15DE400E000BF0200A1E6FEF75A
:105CF0002BFE1223020008A9504600F03DFA43E5AE
:105D00001A4B002B00D14CE400E000BF021E00D172
:105D100047E45046137808A900F02EFA34E52189AB
:105D2000FEF71AFE021EF4D13BE442460B4B92688A
:105D30009A42B4D1049B0093B1E70D4B002B00D1E4
:105D400036E600E000BF33E6FEF702FE02006DE635
:105D5000C1460010672C0020CC2B0110916500106B
:105D60000021002065650010000000000000000018
:105D70000000000030B587B005000C000C220021A7
:105D80006846FEF78BF96B461D705C70042C4FD093
:105D900009D8022C34D0032C19D13C4B1A78520765
:105DA00058D407B030BD052C11D1384B1A78D20722
:105DB000F7D504211A788A431A70354B1C68E269BA
:105DC000EFF3108172B61368002B09D1FBE7304B5B
:105DD0001C68E269EFF3108172B61368002BFCD0E7
:105DE000BFF35F8F21626946200000F0E5FEE269A3
:105DF000236ABFF35F8F0021116083F31088D0E71F
:105E00000121224B1A788A431A701A780331A2436F
:105E10001A7000225A701A788A431A701C4B1C6838
:105E2000E269EFF3108172B61368002BD8D1FBE75B
:105E3000164B1A78D207B4D504211A780A431A707F
:105E4000134B1C68E269EFF3108172B61368002BE4
:105E5000C6D1FBE704211A7803A88A431A700021EF
:105E60000C22FEF71BF96B466A461D73052353731C
:105E7000074B1C68E269EFF3108172B61368002BC0
:105E8000FCD0BFF35F8F216203A9ADE73824002067
:105E90009024002070B584B001AC06000D000C22E7
:105EA00000212000FEF7FAF8012363700D4B2571E5
:105EB0001D682670EA69EFF3108372B61168002935
:105EC000FCD0BFF35F8F2B622100280000F074FE2E
:105ED000EA692B6ABFF35F8F0021116083F310889A
:105EE00004B070BD90240020002330B585B001AD12
:105EF0006B8028700633082202A86B70FEF7D4F876
:105F00000C4B1C68E269EFF3108372B6116800292C
:105F1000FCD0BFF35F8F23622900200000F04CFE0D
:105F2000E269236ABFF35F8F0021116083F3108859
:105F300005B030BD90240020F0B5C646804600B5BF
:105F400084B001AC0F0016000021082220001D00C3
:105F5000FEF7A4F843462370072363700F4B657167
:105F60001D682771A660EA69EFF3108372B61168A5
:105F70000029FCD0BFF35F8F2B622100280000F0C6
:105F80001BFEEA692B6ABFF35F8F0021116083F368
:105F9000108804B080BCB846F0BDC04690240020F4
:105FA000F0B54646D6464F468046C0B50C001500B3
:105FB0001E00002A2ED070239946184B00279A46BF
:105FC0006378052B0FD1E1788907890FB1420AD197
:105FD0004A46A3781A4206D153462000997800F029
:105FE00069FC002805D10020E0BCBA46B146A846AD
:105FF000F0BD21004046FEF7BFFE0028F3D0A37895
:10600000DA09012A08D0089A137023780137E418B6
:10601000AF42D5DB0120E7E7099AF5E738240020F5
:10602000702270B58B7805000C001A4201D0002058
:1060300070BD064B2000997800F03CFC0028F6D09B
:1060400021002800FEF798FEF2E7C0463824002021
:1060500070B57F240C406300144CC909E41864181F
:106060003034E378DB07DD0F002B18D1E3785B07D2
:1060700001D5280070BD01210D4E494230680CF059
:1060800053FAE378DB07DD0F002B0AD1E3785B07D7
:1060900008D40422E37801251343E37002E00025CD
:1060A000E7E7002530680CF0DFF9E2E7382400204C
:1060B0008C24002070B50C0001210F4D4942286846
:1060C0000CF032FA7F2121404B000C49E409C91839
:1060D00009193031CB780024DB0708D4CB785B0773
:1060E000DC0F002B03DA0422CB789343CB702868B3
:1060F0000CF0BAF9200070BD8C2400203824002058
:1061000070B57F250F4C0D406D0064190600C8095D
:1061100024183034E5780020ED0700D570BD012546
:10612000E0782843E0703000FEF7FCFE0028F5D14F
:106130000122E3789343E370E37803329343E370FF
:10614000ECE7C0463824002070B50A4E0500300048
:1061500008220C00FDF7A8FF00237F21F3602278BE
:10616000B36091425B412800D90100220023FFF770
:10617000C7FF70BDDC230020F8B5CE4647469146E8
:106180002A4E80B50822070030000D009846FDF722
:106190008BFF4B46B3600023F381EC79A97924028D
:1061A0000C43231C444500D943469AB29046B38120
:1061B000002C13D0002A1FD04B46002B34D0131CC8
:1061C000402A1FD89BB2984633787F2B20D80021D5
:1061D000174A43463800FFF793FF09E07F222B78E8
:1061E00038009A42644100230022E101FFF788FF52
:1061F000C0BCB946B046F8BD33787F2B11D9802199
:106200000022E6E740239BB2984633787F2BDED905
:10621000074C424649462000FDF746FF80212200F8
:10622000D7E700210022D4E70020E1E7DC230020AB
:10623000F823002010B5142200210248FDF72EFF9C
:1062400010BDC046DC230020014B18617047C046DA
:10625000DC23002010B5054C010008222000FDF7CA
:1062600023FF0023A360E36010BDC046DC230020B1
:10627000F8B53B4C1D0023780600DA09C9098A42AB
:1062800013D00020002D00D0F8BD364B002B03D0DA
:1062900021003000FEF762FD2369002B44D022006C
:1062A0000221300098470120EEE77F2B06D8A06836
:1062B000002837D02A002C49FDF7F6FEA368E289B2
:1062C00059195219E38892B2E281A160934214D025
:1062D0003F2D12D9A589A81A071C80B240282FD8B3
:1062E0002378BFB27F2B2DD80021AA4235D01E4A79
:1062F0003B003000FFF704FFC6E72369002B05D001
:10630000220001213000984700280FD07F22002171
:10631000237830009A42494100230022C901FFF747
:10632000EFFEB1E70020AFE70120ADE7002130002C
:10633000FEF70AFE30008021FEF706FE0120A3E7EB
:106340004027CDE7AA4207D0074C3A002000FDF7CE
:10635000ABFE80212200CBE780210022C8E7C046A7
:10636000DC2300205D4D0010F823002010B5040050
:10637000FFF708F8002801D1002010BDFFF70AF848
:106380000028F9D1B620800044430348001903795E
:1063900001201840F1E7C04604210020B6239B00ED
:1063A000584310B5024B1030C01800F011FB10BD5F
:1063B00004210020F0B5B625AD0045432C00C646AB
:1063C000174F1034E41900B5200092B200F074FBAE
:1063D0000600200000F014FB3F2803D8300080BCEA
:1063E000B846F0BD7B190020D9789846FFF730FEFB
:1063F0000028F3D0200000F003FB3F280AD99623A1
:106400009B00EA184346D219D97800204023FFF7B1
:1064100077FEE3E743460020D978FFF74BFEDDE740
:1064200004210020F8B50400FEF7ACFF002801D1DC
:106430000020F8BDFEF7AEFF0028F9D1B62080009D
:1064400044432500144E2C35AD19280000F0C0FA45
:106450000028EDD037190020B978FFF7F9FD0028A2
:10646000E6D0A6239B009C466444A4192100280082
:10647000402200F021FBB978051E08D0030022005D
:106480000020FFF73DFE0028D2D02800D1E70020F1
:10649000FFF710FECCE7C0460421002070B5B624FB
:1064A000A4004443094B2C34E418050092B22000A8
:1064B00000F0C0FB0600200000F08AFA3F2801D857
:1064C000300070BD2800FFF7ADFFF9E70421002080
:1064D000B6239B00584310B5024B2C30C01800F077
:1064E0008FFA10BD04210020B622F0B51B4C83B0FA
:1064F000002120009200FDF7D1FDFF236371184BAE
:1065000080260025E3800127082321002000760053
:1065100023733200278148310095073B103000F08B
:106520001BFA2100200049313200FF31012300977E
:106530002C3000F011FA92239B00E6183000FBF794
:1065400041FB94239B00A662E61830006562FBF7CE
:1065500039FB2664656403B0F0BDC0460421002009
:1065600000C2FFFF10B5094C052200212000FDF7F5
:1065700095FD20002C34103000F0DCFB200000F0F2
:10658000D9FB0121200000F0FBFB10BD04210020FD
:10659000F0B54B79060083B0022B02D18B79022B28
:1065A00003D00025280003B0F0BD2F4FBB78002B8F
:1065B000F7D18B7809253B700C780C196378242B64
:1065C0000BD1082A02D80FE0AA420DD32378E41891
:1065D000ED186378ADB2242BF6D0052B20D0042B18
:1065E00002D163790A2B2ED0204C200000F008FA4B
:1065F0003F28D7D92600103E0020F178FFF728FD6C
:106600000028CFD0200000F0FBF93F2816D99223B4
:106610009B00E218F17840230020FFF771FDC1E7ED
:1066200021003000FFF7FCFC0028BAD0A3787B7073
:106630002378ED18E4186378ADB2D0E7F178002044
:10664000FFF738FDAEE70A4B27780193013300933B
:10665000022202233000E119FFF7A2FC0028A0D09B
:106660000E35ED19ADB2BFE7042100201421002042
:1066700006210020F8B560231400127805001340AD
:106680000020202B12D12F4A6379277916781B021C
:106690003B439E420AD16378222B27D007D8202B78
:1066A00017D0212B02D100293DD00120F8BD232B8A
:1066B000FCD100293FD00229F7D1234B002BF4D085
:1066C000E178A37809020020194300E000BF01200F
:1066D000ECE7002927D00229E7D11C4B002BE4D09E
:1066E0000020911DFDF7F2FF0120DFE7002922D0F5
:1066F0000229DAD101252E00A378E4780139240299
:106700001C43147126402C321000714000F038FBFD
:106710000F4B002BC9D06208002031002A4000E056
:1067200000BF0120C2E7072321002800094AFFF724
:1067300023FD0120BAE721002800FFF705FD012015
:10674000B4E7C0460421002000000000CD46001040
:10675000000000000A210020F8B557464E46454685
:10676000DE46E0B5494F8046FA780C001E008A42AA
:1067700064D19AB296239B00FD1810239B46BB441C
:106780002900584600F056FA414BD946002B18D044
:106790007B79D946FF2B14D0002E12D0AA1992462D
:1067A00003E0013555450CD07B792A789A42F8D11F
:1067B000484600F01DF90028F3D1797900E000BFC8
:1067C000EFE7344B002B04D0484600F011F90028C5
:1067D00052D0484600F014F93F2834D84A46103ABF
:1067E0009378A34207D001242000F0BCBB46B246F8
:1067F000A946A046F8BD284B002B02D0002000E09F
:1068000000BF0020FFF70EFE0028ECD1234D28002A
:1068100000F0DEF80028E6D1002EE4D0B306E2D185
:106820002C3D4046A978FFF713FC041EDBD0002363
:1068300000224046A978FFF763FCD5E7BB788B427E
:10684000D9D00024D0E74D46103D0020E978FFF76D
:10685000FFFB002801D1AB78C3E7484600F0D0F831
:106860003F280CD99222920040230020E9784A4424
:10687000FFF746FCAB78B4E700E000BFA9E70020D3
:10688000E978FFF717FCAB78ABE7C046042100209E
:106890000000000000000000000000003021002087
:1068A00010B50020FEF784FD10BDC04610B5FEF700
:1068B00079FD10BD072210B54479037922401202F8
:1068C0001A43C3789B079B0F022B05D0032B15D0CF
:1068D0000020012B08D010BD02291CD0002040232D
:1068E00093424041C0B2F6E702394B4259410D4B49
:1068F0009C46614491424041C0B2ECE702394B42B0
:106900005941F023002049429B00194040319142F7
:106910004041C0B2DFE7044B9C46624453425A41B7
:10692000D0B2D8E7FF03000000FEFFFFF0B5002A59
:1069300011D000247F274D78052D06D13D008E789B
:1069400035406D00F6094519AB550D786419A4B2B0
:106950004919A242EFD8F0BDF0B5C64600B5150002
:1069600006AA1E001378802204000F009846120227
:1069700095422AD84069002803D0012149420BF0F2
:10698000D3FDA069002803D0012149420BF0CCFDC2
:106990004346A5806D00ADB223726B1EA381002318
:1069A00060696D42E3812760E6806581238200286B
:1069B00001D00BF059FDA0690124002801D00BF093
:1069C00053FD200080BCB846F0BD0024F9E7C04666
:1069D000C189028A8B1A9BB2914202D242899B1AC8
:1069E0009BB28288101C9A4200D9181C80B2704752
:1069F0000300C0891B8AC01A43425841C0B2704785
:106A000010B5C489018A8388621A92B28C4202D27C
:106A10004089121A92B2981A80B210BD70B5040063
:106A200080690E00002803D0012149420BF07CFD53
:106A3000E189228A88B28D1A93B2ADB2914202D214
:106A40006289AD1AADB2A288AA4207D2904225D27D
:106A500061895118411A89B215002182002D02D195
:106A600022E09B1A9BB29A42FBD9E28821685343E9
:106A70003000C918FDF718FB228A0125531C9BB270
:106A80009A4214D9002362899B189BB2A069238281
:106A9000002801D00BF0E8FC280070BD811AA58900
:106AA00089B28D42D8D2D3E70025238A9BB2A2892E
:106AB0009A42EBD2E7E7C046F0B54F464646D64687
:106AC0000500806988469146C0B5002803D00121A1
:106AD00049420BF029FDEA892B8A91B2D61A9CB261
:106AE000B6B29A4202D26B89F61AB6B2AF88B742F2
:106AF00009D2B94254D26B89FB18CB1A9BB23E0023
:106B00002B822C8AA4B2002E50D04B46B14545D8DA
:106B10009EB2A74203D8E41BA4B2A742FBD9EB88DC
:106B2000381B190099462B6861439C4680B261442A
:106B3000864225D94B46584383B21A0040469A46AE
:106B4000FDF7B2FA4B464046F71BE4195C4329684F
:106B5000A2B25044FDF7A8FA2A8A93199BB29A422E
:106B600018D96A899B189BB2A8692B82002801D08A
:106B70000BF07AFC3000E0BCBA46B146A846F0BD46
:106B80004A4640467243FDF78FFA2A8A93199BB210
:106B90009A42E6D8AA899A42E6D2E2E7331CB7E7DE
:106BA000CB1BAA899BB29A42A9D2A4E72B8AAA89B5
:106BB0009BB29A42D8D2D4E7F8B5040040690E00DF
:106BC000002803D0012149420BF0AEFCE289218A62
:106BD00095B2531A9BB2914202D962899B1A9BB219
:106BE000A2889A4221D02B00954203D39B1A9BB2D4
:106BF0009A42FBD9E28821685343C8183100FDF757
:106C000053FA6B1C9BB29D420BD962899B189BB2B5
:106C100060690127E381002801D00BF025FC3800D2
:106C2000F8BDA2899A42F3D2EFE7277A002FDAD192
:106C3000F5E7C046F8B545464E46DE465746884617
:106C4000E0B50500161E5AD04069002803D0012186
:106C500049420BF069FCEF892B7A298ABFB289B2CD
:106C6000002B3BD17A1AAB8892B28F4202D269894B
:106C7000521A92B29A1A111C92B2B24253D8EA88AE
:106C80008EB29246F21A92B291463C009F4203D3D2
:106C9000E41AA4B29C42FBD250462A686043944650
:106CA0001B1B9BB2524660449E422AD84146724307
:106CB000FDF7FAF9F3199BB29F421CD8AA899A42B0
:106CC00019D36869EB81002801D00BF0CDFB3000AF
:106CD000F0BCBB46B246A946A046F8BDEA88AB88E0
:106CE00092469E4221D3F61A56430022B0440F002A
:106CF0001E009146C9E76A899B189BB2E1E700260E
:106D0000E5E753439BB21A0041469B46FDF7CCF999
:106D10002200534641464A445A43286892B2594495
:106D2000FDF7C2F9C6E7311CA9E7F21A92B2914603
:106D3000ABE7C04610B504004069002803D001212C
:106D400049420BF0F1FBA069002803D00121494220
:106D50000BF0EAFB0023E3812382A38860695B00D8
:106D60009BB25A1E5B42A2816381002801D00BF0C6
:106D70007BFBA069002801D00BF076FB012010BD41
:106D800070B5040040690D00002803D0012149427C
:106D90000BF0CAFBA069002803D0012149420BF087
:106DA000C3FB60692572002801D00BF05DFBA06970
:106DB000002801D00BF058FB012070BD10B502482F
:106DC00000F0D8F810BDC046282B002030B54B1E6F
:106DD000012900D1A7E0664A11780D112C0030344A
:106DE0009F2900D9A2E00470012B00D1BEE00F2141
:106DF000147821400C003034092900DD98E04470FB
:106E0000022B00D1B2E054782511290030319F2C9B
:106E100000D990E08170032B00D1A7E00F21214021
:106E20000C003034092900DD87E0C470042B00D148
:106E30009CE094782511290030319F2C00D97FE007
:106E40000171052B00D191E00F2121400C0030345D
:106E5000092900DD76E04471062B00D186E0D47864
:106E60002511290030319F2C00D96EE08171072B4C
:106E700000D17BE00F2121400C003034092966DC71
:106E8000C471082B00D171E014792511290030312B
:106E90009F2C5FD80172092B68D00F2121400C0074
:106EA0003034092958DC44720A2B5FD054792511FB
:106EB000290030319F2C52D881720B2B56D00F21D4
:106EC00021400C00303409294BDCC4720C2B4DD00E
:106ED00094792511290030319F2C00D90731017395
:106EE0000D2B43D00F2121400C003034092901DD46
:106EF00037310C0044730E2B38D0D1790C1122009D
:106F000030329F2900D9073282730F2B2ED00F22E7
:106F10000A4011003731092A01DC30321100C173F7
:106F2000102B23D010300023037030BD07345AE7F4
:106F300037310C0063E707316CE737310C0074E739
:106F400007317DE737310C0085E707318EE73731B0
:106F50000C0095E707319DE737310C00A3E70731B7
:106F6000AAE737310C00C4720C2BB1D1C018DAE794
:106F7000282B002030B5002589B00400092200210B
:106F800001A80095FDF78AF80922002105A80495BB
:106F9000FDF784F84B236A466846137004A90D2256
:106FA0000BF05AFA1521082220006944FDF77CF8FD
:106FB00009B030BDF8B557468246384B4546534474
:106FC0005A425341802292029446DE464E465B422C
:106FD0001B0C334A1B046344E0B51360314A0D00B7
:106FE0003149136018008A6890438146FAD106201F
:106FF000FBF726F8804680200221EF0D6E02AB0DD4
:10700000AA02400005E0904507D392197B418142D6
:107010003FD00C000231002BF5D0802627023F1B09
:10702000760002E03F1B012E35D039004046B346C2
:10703000013EFCF727FC8542F4D2594633029946BB
:10704000614353464A461C611B6850465340FF2229
:10705000120213408022520102431360036807208A
:107060005840CF23034013605246802303209B01E6
:1070700024321A4310605246101D18430223036045
:107080004046FCF7FFFBF0BCBB46B246A946A04613
:10709000F8BD0C00C1E72100D3E7C0460040FCBFAB
:1070A00000E0004000F0004000C0004000207047B9
:1070B0007047C046F0B5CE46474680B583B06B46B4
:1070C000591D13230B700D3B6B44994601254A460D
:1070D000002313702B00C268D02793403F06BB618A
:1070E0000C4B04000122180098460BF025FA6B4661
:1070F000DE1D32000123494640460BF02DFAE368BD
:107100009D407D613078E369C01A03B0C0BCB946C8
:10711000B046F0BD00C00340F0B5C64600B50368F8
:107120002A4A1B69040082B093424AD16B46591D1A
:1071300013230B700D3B6B449846012500234246F8
:1071400013702B00C268D02793403F060122BB6119
:107150001F480BF0F1F96B46DE1D3200012341465A
:107160001B480BF0F9F9E3689D407D613078E369D5
:10717000C01A002827D0E36906220133E3616B4679
:107180000125591D00236A440B7013702B00904693
:10719000E268D02793403F060122BB610C480BF008
:1071A000CBF96B46DE1D32000123414608480BF047
:1071B000D3F9E3689D407D61307802B080BCB84669
:1071C000F0BD9847D5E701204042F6E7B5700010C2
:1071D00000C00340F0B5DE4657464E464546E0B592
:1071E00085B002AB5F1D22233B7002AB9E1D0125C3
:1071F000002333702B000C00C16800928B40D0211B
:1072000009068B6181469346884601223900314840
:107210000BF092F902AA9446072363449A46310080
:10722000012352462B480BF097F94B46DB68414649
:107230009D404D615146DC4609782A008C446046E9
:107240000190FF2803D9FF20411A00910190009975
:1072500000291FD001228B469046A3442278D025D6
:107260003270424680219A402D0639701948390003
:10727000AA6101220BF060F9012352463100154842
:107280000BF06AF94B464246DB6801349A406A616A
:107290005C45E3D1A223D0243B70019B24063370CC
:1072A0003900A2610B4801220BF046F95246012336
:1072B000310008480BF050F94B46DA68012393403F
:1072C0000098636105B0F0BCBB46B246A946A04633
:1072D000F0BDC04600C00340F0B5C64600B5036827
:1072E000434A1B69040082B0934200D07AE06B46A7
:1072F000591D13230B700D3B6B4498460125002349
:10730000424613702B00C268D02793403F060122EB
:10731000BB6138480BF010F96B46DE1D32000123CB
:10732000414634480BF018F9E3689D407D613078A0
:10733000E369C01A002857D001266A460D230027AA
:10734000537133009771E268D02593402D06AB61ED
:107350006B460122591D27480BF0EEF86A46694634
:1073600001230732063123480BF0F6F83300E268B8
:10737000204893406A466B61D27990466A465771BD
:107380009771AB616B460122591D0BF0D5F86A4627
:10739000694601230732063116480BF0DDF8330049
:1073A000E268694693406A466B61D7798D224A71DB
:1073B0006A4641469171AB616B460122591D0D48E9
:1073C0000BF0BAF86A46694601230A4807320631CB
:1073D0000BF0C2F8E36838009E406E6102B080BCDA
:1073E000B846F0BD9847A5E701204042F6E7C04601
:1073F000B570001000C00340F0B5CE46474680B5DA
:1074000085B06B46D9710368374A5B6804009342C4
:1074100063D16A462223537300239373C2680133F6
:1074200099469340D022120693610D236B441900B4
:1074300090460F2701222D480BF07EF80E216F4455
:1074400001233A00294869440BF086F84B46E2686C
:1074500000269340424653613D78FF2D1ED1694678
:107460008D73D025A2222D064A73AB610D236B4488
:10747000190001221D480BF05FF80E2101233A008C
:107480001A4869440BF068F80123E26893406B6185
:10749000300005B0C0BCB946B046F0BD6A4668468B
:1074A000D279802182734246417393610D236B44EC
:1074B000190001220D480BF03FF80E2101233A007C
:1074C0000A4869440BF048F84B46E268013593409E
:1074D00042464E465361EDB2C1E76946012207318B
:1074E00098470600D4E7C046D571001000C003409D
:1074F000F0B54E46DE4645465746E0B50126040047
:1075000085B0C0688946F9F791F83300E268D02564
:10751000934020692D066B626B61431C0FD0F9F715
:1075200085F8330022690A2093406B62AB61F9F75A
:1075300071FF23690A209E406E61F9F76BFFB54920
:10754000B548FFF737FD01211020F9F757F8012161
:107550001220F9F753F801211320F9F74FF808200A
:10756000F9F764F8D02580232D065B006B626B6110
:1075700002AB5F1D42233B7002AB9E1D0023E268FD
:10758000337001339846934039000122AB61A24821
:107590000AF0D2FF02AA0123310007329E480AF006
:1075A000DBFF4346E2680021934002AA6B61D27977
:1075B0008A46122A07D0504605B0F0BCBB46B246F8
:1075C000A946A046F0BD6F323A709346013A327038
:1075D0003900AB617F3A90480AF0AEFF02AA01235E
:1075E000310007328C480AF0B7FF4346E268934007
:1075F0004A46D1170193C9046B61530BA261194329
:10760000D0040023854AFCF77FF986233B70030CE6
:107610003370019B814601223900AB617E480AF03C
:107620008BFF02AA0123310007327B480AF094FF46
:107630004346E2683900934087226B613A704A46BC
:10764000120A327074480122AB610AF075FF02AA77
:1076500001233100073270480AF07EFF4346E2689A
:107660003900934088226B613A704A466A4832700A
:107670000122AB610AF060FF02AA01233100073248
:1076800065480AF069FF4346E268390093408E225C
:107690006B613A705246604832704246AB610AF004
:1076A0004BFF02AA0123310007325B480AF054FF66
:1076B0004346E268390093408F226B6191463A70ED
:1076C0005246554832704246AB610AF035FF02AA75
:1076D00001233100073250480AF03EFF4346E2687A
:1076E000390093400C226B613A7052464A4832701E
:1076F0004246AB610AF020FF02AA012331000732A3
:1077000045480AF029FF4246E3688C219A406A61A5
:107710003970032102ABDB793F480B4333703900EA
:10772000AA6101220AF008FF02AA012331000732F0
:1077300039480AF011FF4346E26839009340A62217
:107740006B613A70A23A32703348AB61033A0AF087
:10775000F3FE02AA0123310007322F480AF0FCFE93
:107760004346E26839009340CD226B613A70493A52
:1077700032702948AB61833A0AF0DEFE02AA012387
:107780003100073224480AF0E7FE4346E268390038
:1077900093408B226B613A70603A32701E48AB6145
:1077A0002A3A0AF0C9FE02AA0123310007321A4818
:1077B0000AF0D2FE4346E2683900934089226B61A9
:1077C0003A704A4614483270AB618E3A0AF0B4FE01
:1077D00002AA0123310007320F480AF0BDFE4346DA
:1077E000E268390093405A466B610B483A70327038
:1077F000AB61803A0AF0A0FE02AA012307323100F1
:1078000005480AF0A9FE4246E3689A4001236A61EE
:107810009A46D0E6D430000000C003400048E8019A
:10782000F0B5D6464F464646C0B582B06B460127F6
:107830005D1D9C1D002323709A463B00C268060014
:107840009340D022120690462F70894693612900FA
:10785000012277480AF070FE6A46012307322100B0
:1078600073480AF079FE3A00F3689A4043465A6139
:107870006B46DB79DB439B0700D1B9E012232B7009
:1078800053462370434629009A61694801220AF051
:1078900053FE6A4601232100073265480AF05CFE68
:1078A0003B00F2689340424653616A46D179082210
:1078B0000A4200D085E081222A702270D02212066E
:1078C000936190462900012259480AF035FE6A4624
:1078D000012701230732210055480AF03DFE3B00F5
:1078E000F2689340424653614A46002A00D181E043
:1078F0001D222A70002222704246290037624C481D
:10790000936101220AF018FE6A4601232100073222
:1079100047480AF021FE3A00F3689D219A40434609
:107920005A616B4629700121DB790B432370434672
:1079300029009A613E4801220AF0FEFD6A460123B1
:10794000210007323A480AF007FEF36801229F40FF
:1079500043465F618D232B70002323709946D0230B
:107960001B069F612900324898460AF0E5FD6A46E9
:1079700001270123210007322D480AF0EDFD3B00CD
:10798000F2682900934042465361A2222A704A4677
:10799000227042462648936101220AF0CDFD6A46D4
:1079A00001232100224807320AF0D6FDF3680120A6
:1079B0009F4043465F6102B0E0BCBA46B146A8466C
:1079C000F0BD227092214246297019489361290026
:1079D00001220AF0B1FD6A46012307322100144852
:1079E0000AF0BAFD3B00F26893404246536162E7F9
:1079F0000020E0E732621D222A704A462270424689
:107A0000290093610A4801220AF096FD6A46012383
:107A10002100073206480AF09FFD3A00F3689D21D5
:107A20009A4043465A616B46DB792970BB437DE738
:107A300000C00340F0B5D6464F464646C0B50400E8
:107A400082B000293DD0836A002B00D19BE06B46B9
:107A50005F1DC0233B706B4601259E1D4023337084
:107A60002B00C26839009340D022120693619146E0
:107A70004A4801220AF060FD07236B449846310012
:107A80000123424645480AF067FD2B00E268934017
:107A90004A4653618122D0253A702D060232327057
:107AA0003900AB61823A3D480AF046FD0123424667
:107AB00031003A480AF050FD0123E26893406B61BF
:107AC0005AE06B465F1D81233B706B4601259E1D6E
:107AD000832333702B00C26839009340D0221206F2
:107AE000914693612D4801220AF026FD07236B443D
:107AF000984631000123424628480AF02DFDE368EC
:107B00004A469D40556112229246113A914603E041
:107B10000020F9F77FFCE36852463A700022327089
:107B20004A46D0259A402D063900AA611B480122F9
:107B30000AF002FD01234246310018480AF00CFD0C
:107B40004B46E268934042466B61117808220A4234
:107B5000DED092213270397001223900AB610F48BA
:107B60000AF0EAFC0123424631000C480AF0F4FC1A
:107B70004A46E3689A406A61012002B0E0BCBA4616
:107B8000B146A846F0BD0123C26893406A46571D1E
:107B9000961D07226A4490467CE7C04600C0034019
:107BA000F0B5DE46454657464E46E0B583B06B46D7
:107BB0005D1D12232B706B4601279C1D0023237033
:107BC0009B463B00C26806009340D0221206936198
:107BD0008A46904629000122B5480AF0ADFC6A4663
:107BE000012307322100B2480AF0B6FC3B00F268DC
:107BF0009340424653616A46D27991465246002AE2
:107C000000DC33E11D222A705A46227042462900C8
:107C10003762A748936101220AF08EFC6A4601236D
:107C200021000732A2480AF097FC3A00F3689D2130
:107C30009A4043465A616B4629700121DB799C4882
:107C40000B432370434629009A6101220AF074FC19
:107C50006A4601230732210095480AF07DFC3B006B
:107C6000F268934042465361A2222A705246227023
:107C700042469361012229008D480AF05DFC6A4664
:107C80000123210007328A480AF066FCF3680122CA
:107C90009F4043465F6192232B709A464B46237068
:107CA000D0231B069F612900814898460AF044FCB6
:107CB0006A4601270123210007327D480AF04CFC67
:107CC0003B00F268290093404246536152462A70B5
:107CD0004A46227042467648936101220AF02CFC03
:107CE0006A4601232100073271480AF035FC3A0048
:107CF000F36849469A4043465A6160230B40402B43
:107D00006BD10021336AF161002B62D11321237002
:107D10002970434629009A61654801220AF00CFC4B
:107D20006A4601232100073261480AF015FC3B0036
:107D3000F268D0279340424653616A46D2793F06A3
:107D4000914610222A700022290022705848BB61F7
:107D500001320AF0F1FB6A46012321000732544840
:107D60000AF0FAFB0123F268984693406A468D2197
:107D70007B61D2792970227029000122BB614C48B5
:107D80000AF0DAFB6A4601232100073248480AF06C
:107D9000E3FB4346F2682900934081227B6144481B
:107DA0002A702270BB61803A0AF0C6FB6A46012342
:107DB000073221003E480AF0CFFB4246F3689A4062
:107DC0007A61484603B0F0BCBB46B246A946A0461D
:107DD000F0BD222321702B709BE7002323704346C4
:107DE00029002F7032489A6101220AF0A5FB6A46E9
:107DF0000123210007322E480AF0AEFB3B00F26857
:107E000000219340424653616A46D2798946862AC8
:107E1000D7D08D222A7042462170254893612900CF
:107E200001220AF089FB6A4601232100073220481B
:107E30000AF092FB3B00F2682900934042465361EE
:107E400081222A700532227042461948936101222C
:107E50000AF072FB6A4601232100154807320AF036
:107E60007BFBF3689F4043465F61AAE75A46326254
:107E70001D222A705A4622704246290093610C48FE
:107E800001220AF059FB6A46012321000732084803
:107E90000AF062FB3A00F3689D219A4043465A611A
:107EA0006B46DB792970BB43237043469A61E1E658
:107EB00000C00340F0B5C64600B582B06B46591D00
:107EC0001A230B70143B6B4498460125002342464D
:107ED00013702B00C268D02793403F060400012294
:107EE000BB610D480AF028FB6B46DE1D3200012302
:107EF000414609480AF030FBE368084A9D407D612D
:107F0000A169A4233078914200DD073BC01A02B07A
:107F100080BCB846F0BDC04600C003403FDD4A1FEC
:107F2000F0B5CE46474680B583B06B46591D192340
:107F30000B70133B6B44994601244A46002313708F
:107F40002300C268D02793403F06BB61104B050059
:107F50000122180098460AF0EFFA6B46DE1D320047
:107F60004946012340460AF0F7FAEB6800209C409E
:107F70007C613056FBF75AFF0022064BFBF7E9FE07
:107F8000FBF798FF03B0C0BCB946B046F0BDC04691
:107F900000C003400000D03FF0B5C64600B582B037
:107FA0006B46B92201245A71B33A6A441170904663
:107FB0002200C168D0268A400B4F053336060500E3
:107FC0001900B261380001220AF0B6FA6A460123AC
:107FD0004146380007320AF0BFFAEB689C407461F2
:107FE00002B080BCB846F0BD00C00340C160026171
:107FF0004361704709490A4B083119600949002259
:1080000099600821D9600131196102395A605961BA
:108010009A61DA611A625A629A627047EC2B011017
:108020006420002000C00340F8B505000F00161EB4
:108030000CD0002402E00134A64207D02B682800AF
:10804000395D1B6898470028F5D126003000F8BD3F
:10805000F8B503680E4A5C6805000F684E689442E4
:1080600010D1002E0CD0002403E00134A64207D02A
:108070002B682800395D1B6898470028F5D1260039
:108080003000F8BD32003900A0470600F8E7C046CE
:108090002980001010B503681B68984710BDC046C2
:1080A000F8B54746CE46050080B50F1E1DD00668C0
:1080B000080009F0E5FB7468104B814680469C423D
:1080C00016D100280CD0002403E00134A04507D0CD
:1080D0002E682800395D336898470028F5D1A146FD
:1080E0004846C0BCB946B046F8BD00239946F7E7FC
:1080F000020039002800A0478146F1E729800010DE
:10810000036870B50B4A5D68040095420DD10D21DE
:108110001B689847002807D023680A211B682000A5
:108120009847431E9841013070BD02220249A8477A
:10813000FAE7C04629800010242C0110F0B5D6467D
:108140004F464646C0B50668050073680F1E9A463E
:1081500035D0080009F094FB1E4B804699469A459D
:1081600031D10024002804D10CE001342E68A04550
:1081700006D02800395D336898470028F5D12E686D
:1081800073689A46CA4514D10D2128003368984770
:10819000002808D02B680A211B6828009847431E36
:1081A00098410019441C2000E0BCBA46B146A846DC
:1081B000F0BD022228000849D0472418F3E7054BF8
:1081C00000249946DEE7020039002800D0472E68D7
:1081D0000400D5E729800010242C011070B504009C
:1081E00003681B68984723680D4A5E68050096423D
:1081F00010D10D2120001B689847002808D0236863
:108200000A211B6820009847431E98414019451CCD
:10821000280070BD022220000249B0472D18F7E760
:1082200029800010242C0110F0B54746CE460D00E1
:108230002023002180B58BB0160001AA0700D1547D
:10824000012E35D909AC05E03033DBB2013C237097
:1082500096420ED828003100FBF714FB2A00CBB25F
:1082600005000929F0D93733DBB2013C237096426F
:10827000F0D9200009F004FB3E68114B7568804678
:1082800081469D4216D100280CD0002503E001351F
:10829000A94507D03E683800615D336898470028DB
:1082A000F5D1A84640460BB0C0BCB946B046F0BDBB
:1082B0000A26C7E7020021003800A8478046F1E7F8
:1082C0002980001070B505000C00002A04D1036855
:1082D000C9B21B68984770BD0A2A0DD100290FDA70
:1082E00003682D211B6898470A2206006142280076
:1082F000FFF79AFF8019EEE7D2B2FFF795FFEAE7A2
:108300000A22FFF791FFE6E770B50400FFF7DAFFF6
:1083100023680E4A5E680500964210D10D212000A8
:108320001B689847002808D023680A211B68200092
:108330009847431E98414019451C280070BD0222F1
:1083400020000349B0472D18F7E7C04629800010E8
:10835000242C011070B50400FFF7B4FF23680E4A07
:108360005E680500964210D10D2120001B689847D9
:10837000002808D023680A211B6820009847431E64
:1083800098414019451C280070BD02222000034975
:10839000B0472D18F7E7C04629800010242C0110A3
:1083A00010B5002A04D10368C9B21B68984710BDF4
:1083B000D2B2FFF739FFFAE710B5002A04D10368FB
:1083C000C9B21B68984710BDD2B2FFF72DFFFAE77C
:1083D00010B5002A03D103681B68984710BDD2B2BC
:1083E000FFF722FFFAE7C04670B50400002A1AD151
:1083F0000368C9B21B6898472368124A5E68050083
:10840000964219D10D2120001B689847002808D0FA
:1084100023680A211B6820009847431E9841401991
:10842000451C280070BDD2B2FFF7FEFE2368054A46
:108430005E6805009642E5D0022220000249B0475E
:108440002D18EEE729800010242C011070B50400CF
:10845000002A1AD10368C9B21B6898472368124AD8
:108460005E680500964219D10D2120001B689847CF
:10847000002808D023680A211B6820009847431E63
:1084800098414019451C280070BDD2B2FFF7CCFEC0
:108490002368054A5E6805009642E5D00222200066
:1084A0000249B0472D18EEE729800010242C011056
:1084B00070B50400002A19D103681B689847236827
:1084C000124A5E680500964219D10D2120001B68F2
:1084D0009847002808D023680A211B682000984785
:1084E000431E98414019451C280070BDD2B2FFF7C9
:1084F0009BFE2368054A5E6805009642E5D002228D
:1085000020000349B0472D18EEE7C046298000102F
:10851000242C011070B506000C00002A04D1036859
:10852000C9B21B68984770BD0A2A0DD100290FDA1D
:1085300003682D211B6898470A220500614230001C
:10854000FFF772FE2818EEE7D2B2FFF76DFEEAE7FA
:108550000A22FFF769FEE6E7F0B5DE464E464546DD
:108560005746E0B595B099461EAB1B7883469846B2
:108570000192012B00D87BE0190046481F009CB2F5
:10858000FBF758F980B201230022634301329BB20A
:10859000D2B28342F9D39A464B460292002B6DD059
:1085A0000024019D5246002328004946FBF7ACF900
:1085B00083B21A00039353465343ED1A029B894634
:1085C0000190ADB2002B11D01E19F6B2390028006F
:1085D000FBF730F941462B00220085B248430134B5
:1085E000181AE4B204AB9854B442EFD14B46002BB6
:1085F000D7D1019B5345D4D8039B002B11D04646BD
:10860000039D39002800FBF715F901002B0022001B
:10861000714301345B1A04A985B2E4B28B5400287B
:10862000EFD1002C1CD0661E04AB35009C465F4683
:10863000654408E030313800C9B2F6B29847013DD0
:10864000002E0DD0013E3B6829781B680929F1D91D
:1086500037313800C9B2F6B29847013D002EF1D14A
:10866000200015B0F0BCBB46B246A946A046F0BDFE
:108670000A230A240A279846074884E7019B5345A2
:1086800000D98DE76B469B8800240393002BB6D15D
:10869000E6E7C046FFFF000099190000F0B583B07F
:1086A0001D00089B06001400002B05D10368D1B201
:1086B0001B68984703B0F0BD0A2B10D1002D0FDACC
:1086C00003682D211B689847089907000023624220
:1086D000AB4130000091FFF73FFF3818EAE7DBB20B
:1086E000009322002B003000FFF736FFE2E7C04680
:1086F00000B583B00499002905D10368D1B21B6885
:10870000984703B000BDC9B20091FFF725FFF8E715
:1087100070B582B00699040000291BD10368D1B25C
:108720001B6898472368134A5E68050096421BD170
:108730000D2120001B689847002808D023680A21D3
:108740001B6820009847431E98414019451C28008B
:1087500002B070BDC9B20091FFF7FEFE2368054A62
:108760005E6805009642E3D0022220000249B0472D
:108770002D18ECE729800010242C0110F0B583B0EF
:108780001F00089B04001600002B1BD10368D1B208
:108790001B689847050023681D4A5E68964228D1E9
:1087A0000D2120001B689847002808D023680A2163
:1087B0001B6820009847431E98414019451C28001B
:1087C00003B0F0BD0A2B1AD1002F19DA03682D214E
:1087D0001B689847089900237242BB41050000912D
:1087E0002000FFF7B9FE2368094A5E682D189642FB
:1087F000D6D0022220000749B0472D18DFE7DBB2B0
:10880000009332003B002000FFF7A6FE0500C2E700
:1088100029800010242C0110F8B54746CE4680B5BB
:108820001D00089B80461700002B01DA02230893E5
:108830003A002B0038002900FBF7E5FA002800D0A9
:10884000FCE001226C006408380021008C4B52428D
:10885000FBF7D9FA002809D1012238002100884B02
:108860005242FBF7BBFA002800D196E0E022380024
:108870002900844B1206FBF7C1FA002800D077E0EC
:10888000E02238002900804B1206FBF7A1FA0028ED
:1088900000D0B8E00022002338002900FBF798FA46
:1088A0000024002800D08DE0089B002B00D19BE025
:1088B000002600207549764B0022FBF730FA01367E
:1088C000089BF6B29E42F6DB02000B00380029003E
:1088D000FBF720FA0F000600FBF7E4FA8146FBF7EE
:1088E000A1FA0B00020039003000FBF70EFA0A2251
:1088F00006000F0040464946FFF796FC43461B68BA
:1089000004195A689146634A914500D0B2E01B6849
:108910002E2140469847431E9841089B04199946CA
:108920005B4B002230003900FBF713FA0F00060002
:10893000FBF7B8FA0A22010005004046FFF774FC75
:1089400024182800FBF76EFA0B00020039003000F3
:10895000FBF7DBF901235B429C46E1444B460600F2
:108960000F00002BDCD12000C0BCB946B046F8BDDA
:1089700043461B68474A5C6894422FD10024464D09
:1089800004E00134032CEED043461B684046295DC9
:108990001B6898470028F4D1E5E743461B683D4A29
:1089A0005C68944244D100243C4D04E00134032C23
:1089B000D9D043461B684046295D1B68984700286C
:1089C000F4D1D0E743461B682D211B6840469847E9
:1089D00080231B069C460400654465E7032240464D
:1089E0002D49A0470400BEE70022284B380029008B
:1089F000FBF790F9FBF756FA0A2201004046FFF711
:108A000013FC2418AFE743461B68224A5C68944273
:108A1000E4D10024204D04E00134032CA3D04346CC
:108A20001B684046295D1B6898470028F4D19AE7E7
:108A3000032240461949A047040094E743461B68B7
:108A4000144A5C6894420FD10024154D05E00134AE
:108A5000032C00D187E743461B684046295D1B680D
:108A600098470028F3D17EE7032240460C49A047EF
:108A7000040078E7012240460A49C8474DE7C0464E
:108A8000FFFFEF7FFFFFEF41FFFFEFC10000E03F7F
:108A900000002440298000102C2C0110282C0110EB
:108AA000242701102447011000B583B004990091D8
:108AB000FFF7B2FE03B000BD70B5040082B00699A6
:108AC0000091FFF7A9FE23680E4A5E6805009642F2
:108AD00011D10D2120001B689847002808D0236879
:108AE0000A211B6820009847431E98414019451CE5
:108AF000280002B070BD022220000349B0472D18A3
:108B0000F6E7C04629800010242C0110002330B560
:108B10001400102285B0009301930393036802921E
:108B20009D6922686B46A8476B461A790623002088
:108B30001340062B02D1009B0130236005B030BDED
:108B4000009B981A431E98410423404298430630E4
:108B50007047C04610B50400034B0833036000F0B3
:108B600069FD200010BDC046602C011010B5040046
:108B7000054B0833036000F05DFD2000082100F084
:108B800045F8200010BDC046602C011070B51600DD
:108B90001D00069A049B040093420ED02900200079
:108BA00000F04CFD002806D0079B049A1E711A6045
:108BB0000123079A9371002070BD059900F03EFDD6
:108BC0000028EBD0079B5E71F5E7C04670B5150035
:108BD0001C0000F033FD002804D00823E360023BB2
:108BE0002560237170BDC046F8B505000C00170064
:108BF0001E0000F023FD002807D1032E05D82368AE
:108C00003A00290020005B699847F8BD10B507F0CD
:108C100081FA10BD1EB400F093F81EBC09F06CFC84
:108C2000F0B5C64600B51E0003780C0082B0472B95
:108C30001DD00023284D01932B6828009B6898477E
:108C40000127002803D0019B01371B68019323688B
:108C500029001B692000984601AA0123C04700286B
:108C600024D10027380002B080BCB846F0BD43785C
:108C70004E2BDED18378552BDBD1C378432BD8D153
:108C80000379462B1CD00379432BD2D143792B2B6C
:108C9000CFD183792B2BCCD1C379012BC9D808D064
:108CA00003005830203B1D680190C5E7019B3360ED
:108CB000D8E7203800680300783B1D680190BBE7C7
:108CC00043794F2BDFD18379522BDCD1C379002B31
:108CD000D9D1024D0193AFE7A82C0110A02C0110AF
:108CE00010B5040000F078F823002278203B472AD2
:108CF00005D08268002A20D18360012010BD6278EF
:108D00004E2AF6D1A278552AF3D1E278432AF0D13F
:108D10002279432AEDD162792B2AEAD1A2792B2A32
:108D2000E7D1E279012AE4D8DA690132DA61012A6D
:108D3000E3D182689A618360DFE700F0C3FBC0463D
:108D400010B500F049F88368002B2ED020229A5CE1
:108D5000472A04D0002282602033180010BD263A32
:108D60009A5C4E2AF6D12C3A9A5C552AF2D1323AC4
:108D70009A5C432AEED11F3A9A5C432AEAD11E3A02
:108D80009A5C2B2AE6D1053A9A5C2B2AE2D1043A66
:108D90009A5C012ADED8DA69013ADA61002ADBD16D
:108DA0009A69826000229A61D6E700F08BFBC04688
:108DB0007047C0467047C046004870478C2C011071
:108DC00010B504000421FFF721FF200010BDC046AC
:108DD00000487047902000200048704790200020F5
:108DE000F8B5DE46454657464E468B46E0B505008B
:108DF000502825D00F2028400C2800D976E03C4C84
:108E000080002058874650781678000294780643F0
:108E1000D0782404000634430443101D002C08D0ED
:108E200070262E40102E00D193466DB25C44002D6A
:108E30000CDB1C60F0BCBB46B246A946A046F8BDA0
:108E4000032103328A43100010C8F2E72468F0E7D8
:108E500050781678000294780643D07824040006EF
:108E60003443044310000830D8E7547810782402C3
:108E70000443901CD2E75478167824023443240427
:108E80002414901CCAE77F219046002400278946BD
:108E900046463178701C4E460E40BE4034434EB2BA
:108EA00080460737002EF3DB1F2FB7D84906B5D50C
:108EB0000126BE4076423443B2E7002188467F3126
:108EC0001700002489463E00317801378A4649461A
:108ED000564631404646B1400C4307218C46514628
:108EE0004EB23800E044002EEDDB97E707F0CAFCF5
:108EF000402D0110020010B50800FF2A15D0702384
:108F00001340302B17D004D8202B07D109F09CFA3E
:108F100003E0402B0BD109F017FB10BD202B02D82A
:108F20006023134201D007F0ADFC0020F5E70020DC
:108F3000502BF2D0F7E709F0CFFAEEE7F8B50500CD
:108F40000E0014000020002D02D0280009F0FCFAC9
:108F50002060771C3678FF2E29D160603B78781C22
:108F60002375FF2B33D01023002500217F26237586
:108F70003200037801301A408A405BB21543073152
:108F8000002BF5DB4519E560002500227F260378DC
:108F900001306375310003780130194091405BB2B4
:108FA0000D430732002BF5DB45192561F8BD29007B
:108FB0003000FFF79FFF3A000100231D3000FFF74C
:108FC0000FFF07003B78781C2375FF2BCBD10023C4
:108FD000E360D9E7F0B5DE46454657464E460023E6
:108FE000E0B593B0089303338B4690460340012BC2
:108FF00016D0022B0FD14146584609F055FA0924E4
:10900000002800D10824200013B0F0BCBB46B246B3
:10901000A946A046F0BD002B00D190E007F032FC3D
:1090200008231A000240034200D19AE002231A43A7
:1090300002920C910CAD00230C22002140460095B9
:1090400009F02AFA404609F0B7FA03900028D2D076
:109050002A0003994046FFF771FF41460600287D2C
:10906000FFF748FF0BABA8600F2200939A46002140
:109070000023404609F078FA01220B9B9343013B01
:1090800099462B699E4263D27F276C7D0021200088
:10909000FFF730FF3200010009AB2000FFF7A0FE10
:1090A0006C7D060000212000FFF724FF3200010044
:1090B0000AAB2000FFF794FE6C7D06000021200023
:1090C000FFF718FF5346010032002000FFF788FE2B
:1090D0000024002103003A001B7801301A408A4026
:1090E0005BB2060014430731002BF3DB099A2B68AF
:1090F000944663444B4519D9029BDB072BD50023CB
:109100000024049353460D2200930021002340467F
:10911000089D09F029FA5B460B9A9C621A62039A31
:109120000624DA62049A5D621A636CE70A9A94462E
:1091300063444B456FD82B698342A6D8DCE703070D
:1091400000D558E701230CAD02935B460C9372E700
:10915000029B1A42D3D10823029A134258D000F03E
:10916000B1F90CAD0C6A00230D2200214046009598
:1091700009F0FAF90C9B9C4202D002230293E4E727
:109180005B460C220C93002100234046009509F019
:1091900083F95B461B6B0493002B39D05B469C6ABA
:1091A000DB6A03930BAB9A460326002C56DB5B4627
:1091B0000B9353460022002100934046002309F000
:1091C0006BF95346012200210093404600230B9483
:1091D00009F062F953460F22002100934046002314
:1091E00009F0C2F901230B9A00211340049A40466A
:1091F00013430B9353460F220093002309F04CF9BD
:109200000724022E00D0FEE65846FFF769FDFAE675
:10921000584607F045F80B9B002B00D1EBE66A6837
:10922000944663440493002C37D1002B00D1E2E62E
:10923000029BDB0700D5DEE60823029A134200D129
:1092400022E100240226B2E7079B5446AB4698462B
:10925000B2464D46029BDB0700D553E72A0003992F
:109260004046FFF76BFE4146287DFFF743FEE34390
:10927000E9689B00A860C9180B68002B05D0002383
:1092800001339A008A58002AFAD15A46936204237D
:109290000326D0621363516389E72A69631E9446EB
:1092A000049A6344002A00D1A5E6002B00D1E0E037
:1092B000029908220800104006900A4200D1CDE031
:1092C00059463F320A7007324A7007328A70123AA2
:1092D000CA7003320A7109324A7103328A7100225C
:1092E000CA710022059242467F27A94607920024B0
:1092F00000211A0010783A0002408A4001331443DA
:1093000042B21D000731002AF3DB1F2906D8402294
:10931000024203D03F3A8A405242144300260021C1
:109320003A001878013302408A40164342B20731AE
:10933000002AF5DB1F2906D84023034203D03F3B18
:109340008B405B421E43002C11D013DC5B46002B8C
:1093500002D0069B002B4AD04A46E343D2689B00CA
:109360009B58002B2CD0002E6DD0AB19BFE70123EA
:109370000593F8E74B46187DFF2862D0072303408A
:10938000022B5BD02DD9032B2ED0042B00D045E629
:10939000E20052424B46DB6849469C468968534688
:1093A0006244FFF71DFD0B99002909D05B46002B95
:1093B000D9D00022584608ABFFF732FC0028D2D0A3
:1093C000079B4D469846029BDB0700D59AE6069B15
:1093D000002B00D1E8E60326002C00DBE7E600F0D6
:1093E0007DF8002B00D019E6A2005242D2E7089B7C
:1093F0000F9A0B93E34390469B00984443461968A9
:10940000002943D05B465246AB46A2461D00444667
:10941000B046160004E061680434002900D113E767
:109420003300002228006118FFF7FAFB0028F2D071
:109430002B00B2465D4646469B4694E76200524288
:10944000A8E70022A6E7079B9846059B002B00D1C2
:10945000D1E5029BDB0700D5CDE5F2E65A46D1798E
:109460005832012901D008923BE7783A12680892F5
:1094700037E7029BDB0700D5BDE5029A08231400FD
:109480001C401A4200D0DCE6022690E6079B4D46BF
:109490009846DFE606F094FF61E6C04670B5804767
:1094A00007F0F0F906F08CFF07F0ECF90D0004006E
:1094B00006F0C0FF6B1C02D1200006F001FFFFF791
:1094C000A9FBC046024B10B51868FFF7E7FFC0467E
:1094D000D415002010B58047FFF7F4FF024B10B5FC
:1094E0001868FFF7F7FFC046D0150020014B186839
:1094F0007047C046D4150020014B18687047C0461D
:10950000D015002010B50400034B08330360FFF7AB
:1095100021FB200010BDC046A82D011010B504008D
:10952000054B08330360FFF715FB20000C21FFF704
:109530006DFB200010BDC046A82D0110F0B583B012
:109540001E00089B05000F00140093420AD0A86873
:10955000089A036800921D6A220033003900A84768
:1095600003B0F0BD310000F069F80028EFD006200C
:10957000F6E7C046F0B5C64600B50D0084B0190048
:10958000060090461F0000F059F8041E18D10A9BEF
:109590000C9A934231D00D9AB06829000368039267
:1095A0000C9A02920B9A01920A9A0092DC69424646
:1095B0003B00A0470400200004B080BCB846F0BDCA
:1095C0000D9B0A9A1A6042461A71002D0EDB0A9B07
:1095D00000249C460C9B65445D1B6B425D4105234A
:1095E0006D421D400D9B01359D71E4E70024AB1CCD
:1095F000E1D101230D9A9371DDE730000B9900F062
:109600001DF80028C7D042460D9B5A71D3E7C046CB
:10961000F8B507000C0015001E00FFF7D7FA002868
:1096200006D1B8682A00036821009F693300B84753
:10963000F8BDC0467047C0460020704710B5814253
:1096400011D0406803782A2B0BD049680B782A3B4D
:109650005A425341C91808F0CFF843425841C0B2AA
:1096600010BD0020FCE70120FAE7C04670B53D4B75
:1096700082B01A78002A44D101221A7006F0B4FF91
:10968000002834D04468002123782A3B5A425341B1
:10969000E41801235B4200220193200001AB06F095
:1096A000BFFC314D06002B683022DB6801212F48BA
:1096B00007F040FB019B002B13D02B682000D968DA
:1096C00007F05AF92B680222DB680121284807F0CD
:1096D00031FB019B002B02D13000FAF7D3FC06F0DE
:1096E0004BFF2B683000D96807F046F9EAE71E4BBC
:1096F0002D221B680121DB681E4807F01BFB07F0C9
:10970000C1F8194B1D221B680121DB681A4807F0BC
:1097100011FB07F0B7F80C00012919D106F050FE33
:1097200003689B6898472B6806000B222100DB68C2
:10973000124807F0FFFA2B683000D96807F01CF9CF
:109740002B680A20D96807F0A5F806F073FED6E763
:1097500006F036FE06F06EFED1E706F06BFEFFF770
:1097600059FAC046662C0020D81500200C2E011096
:10977000402E0110442E0110EC2D0110742E01100A
:10978000042010B506F030FD024B034A0349036084
:1097900006F0D8FECC2E0110F9980010A82E01106A
:1097A00070B50500082006F01FFD2900040006F032
:1097B000D5FF2000044A054906F0C4FE200006F04B
:1097C00029FDFFF727FAC0464D060110B8480110E1
:1097D00070B50500082006F007FD2900040007F019
:1097E00001F82000044A054906F0ACFE200006F00E
:1097F00011FDFFF70FFAC0468D060110C448011095
:109800008023086810B5DB05984210D290420AD92F
:109810005200904207D29A4203D3064A18000A60C7
:1098200002E010000A60013006F0EEFE10BD0248B2
:10983000FFF7CEFFFFFFFF3F802E0110F0B54F4630
:109840004646DE46C0B51F0043680E00891882B048
:109850008946591A88460A9904008A1AD218082398
:109860009B460368834401929B453BD0826820005D
:1098700001A9FFF7C5FF0500002E05D02168012EC4
:109880002DD03200FAF710FC002F09D00A9B002BD4
:1098900006D0A819012B27D039000A9AFAF704FC40
:1098A0004346002B0AD00A9B2168F018434628182B
:1098B0004944012B10D04246FAF7F6FB2068834555
:1098C00001D006F027FC019B2560A36002B0E0BC3C
:1098D000BB46B146A846F0BD0B780370EEE70B78A7
:1098E0000370D1E70F22C2E73B780370D8E7C04688
:1098F00000487047982E011010B50400034B083340
:109900000360FFF755FA200010BDC046C42E0110B9
:1099100010B50400054B08330360FFF749FA200037
:109920000421FFF773F9200010BDC046C42E0110BA
:1099300070B5040050291CD80F4D88002858874660
:10994000002A16D0002B14D06569A069854210DA70
:109950002669A800B44600264019800060440135FD
:109960004660866065610170C260036170BD002A57
:10997000EAD10020FAE7C046D82E0110F8B5CE464D
:10998000474680B5C56806002C786E2C27D0303C41
:10999000E3B2092B2ED800239846174B002799468F
:1099A000013507E04B460A21181B0135F9F742FF44
:1099B000B84212DBBB00DF197F00F5603F192C783D
:1099C000303CE3B2092BEDD94346002B00D07F4257
:1099D0003800C0BCB946B046F8BD0127F7E76B1C9C
:1099E000C3606C78303CE2B2092A03D81D00012321
:1099F0009846D2E70027EBE7FFFFFF7F10B5040092
:109A0000002908D1C3681A78002A01D1002010BDAE
:109A10005A1CC260197868290AD07629F6D120002C
:109A2000FFF7ACFFE3681A785F2AEFD10133E360F8
:109A30002000FFF7A3FFE3681A785F2AE6D101331D
:109A40000120E360E3E7C04610B5C3680A00197857
:109A500052290DD04F2901D0100010BDC16A033129
:109A6000C16220210133C3600023FFF761FFF4E7E7
:109A7000C16A0231C1621F21F4E7C04670B505001A
:109A80000C1E15D08E2080211A4E4000C900A368FC
:109A9000012B0DDC2A588A420ADC0133A3602378AB
:109AA000502B05D89B00F3589F46E468002CEED15C
:109AB00070BD2469FAE7A22149006B5801336B504D
:109AC000E1688E26013276002800AA51FFF7D6FF02
:109AD00028002169FFF7D2FFAB59013BAB51E7E703
:109AE000E1680B78052BECD19C2040002B5801330A
:109AF0002B50E6E71C30011010B5C36804001A783B
:109B00005F2A09D15A1CC2605A785F2A06D0FFF733
:109B100035FFC043C00F00E0012010BD0233C36019
:109B2000FFF72CFF00280ADB0928F5DDE368002099
:109B30001A785F2AF1D10133E3600130EDE70020AC
:109B4000EBE7C046002806D108E0002908DD0069DF
:109B50000139002803D003782F2BF6D0002070475E
:109B60000029FBD1C068FAE7F0B514005268C64678
:109B700094464B1CA568634407000E0000B5AB4239
:109B800015D8E568002D0FD1636820689C46320027
:109B900060443900FAF788FA236862689B199D547B
:109BA00063689C466644666080BCB846F0BDE26867
:109BB000002AF9D1002D02D1022B0DD902356D00FA
:109BC000AB42FCD829002068FAF74AFA8046002800
:109BD00004D02060A560D4E70225F3E72068FAF7F7
:109BE00051FA434623606360A3600123E360DBE72F
:109BF00002780300722A12D0562A10D04B2A0ED0B7
:109C00000020442A0CD15B78243A190091434F2953
:109C100005D00122773BDBB29A42404100E00120AF
:109C20007047C04680235B00C35870B504000D0028
:109C3000FF2B08D0591C80225200A150E5548223EA
:109C40005B00E55470BD0022C25486235B00C258FD
:109C5000043BFF21C358984794225200A358012186
:109C60000133A3500023E6E7882252000300805806
:109C7000002814D043681869CB68002B0CDB00283F
:109C800006D109E0002B08D00069013B002803D071
:109C900002782F2AF6D000207047C068FCE7012127
:109CA00008329950F8E7C04670B505000C1E0FD079
:109CB0000D4E23784C2B0DD89B00F3589F46210066
:109CC0002800FFF7D1FF002802D003782F2B00D007
:109CD000002070BD2800E168FFF7E6FF0028F8D1FA
:109CE0002469002CE5D1F3E760310110F0B5D646C8
:109CF0004F4646460500C0B508000C0007F0C0FD01
:109D000000282AD00022802392460D32FF3291464D
:109D10005B00043A9046EB5827180AE0190001331B
:109D200080225200AB50013404326E54AE54A7422C
:109D300013D02678FF2BF1D15246EA544B46EA580D
:109D40004346FF21EB582800984794225200AB5815
:109D500000210133AB500123E2E7E0BCBA46B14633
:109D6000A846F0BD10B5C36804001A78542A23D160
:109D70005A1CC2605A785F2A20D06E2A1CD0FFF786
:109D8000FDFD421C18D4E36819785F2914D1013312
:109D9000E3606369A1698B420EDA216998008C4601
:109DA0000021C0188000604401334160816063611C
:109DB0000523C260037000E0002010BD02330022C2
:109DC000C360E6E7F0B5D6464F464646C0B588B014
:109DD0000A0005001D4901A8F9F7B6FC01A807F023
:109DE0004FFD00282BD00022802392460D32FF32F7
:109DF00091465B0001AC043A9046EB5827180AE004
:109E00001900013380225200AB50013404326E54E9
:109E1000AE54A74213D02678FF2BF1D15246EA5414
:109E20004B46EA584346FF21EB58280098479422B6
:109E30005200AB5800210133AB500123E2E708B0D8
:109E4000E0BCBA46B146A846F0BDC0461C40011071
:109E500070B50400FFF792FD051E46DDE6686368F5
:109E60009B1B98423FDCA2683318E360520702D57F
:109E70001A78242A3BD0092D24DD082230002C49F1
:109E800008F002FB002806D1337A2E2B34D05F2B4A
:109E900032D0242B30D06369A269934223DA22693D
:109EA000980094460022C01880006044013342604C
:109EB000826063610023C660436083600370056154
:109EC000A06270BD6369A26993420CDA22699800AE
:109ED00094460022C01880006044013342608260D2
:109EE0006361002EE6D10020EAE70020E9E70133B4
:109EF000E360092DC1DCE5E7737A4E2BCBD1E36A31
:109F0000A26916335D1B6369E5629342EBDA22694D
:109F10009800C018944601336361002380006044B8
:109F2000436083600370034BC36015230361C7E77D
:109F3000204001102C400110F0B5C64600B5C368A2
:109F400004001A78532A28D15A1CC2605878002875
:109F50000ED09A1CE26058785F2843D00300303B53
:109F6000DAB20025092A30D90200413A192A2CD93F
:109F70000823A26813401D006A1E9541002B01D1E1
:109F8000002939D1504B74221900C43100E01A78ED
:109F9000824238D01C338B42F9D10025280080BC86
:109FA000B846F0BDEB005B199B001B18303B9D428F
:109FB000F3D8E2681078002804D0511CE1601078D2
:109FC0005F2817D01D000300303BDBB2092BE9D915
:109FD0000300413B192BE0D8EA00521993001B18EB
:109FE000373BE4E70023226A9A42D6D9E2699B0014
:109FF0009D58D3E70133F6E7E3681B78433B012B19
:10A00000C0D80D00BEE75E69002E55D09A69A069E0
:10A0100094466269824254DA27699100B846002763
:10A0200089188900414401324F608F606261CE60BF
:10A03000664618370F700E61A162002D39D0DE68B8
:10A040001969E36A5B18E362904238DD2369950081
:10A050009C460023AD18AD0065446B60AB600132D7
:10A06000183362612B70EE602961E3681A78422A26
:10A0700094D1A66A0133E3602000FFF7E9FE2A00CD
:10A0800003004C212000FFF753FCE36805001A7819
:10A09000422AEFD0A662002800D17EE7236A626AD6
:10A0A000934200DB79E7E1699A0001335050236263
:10A0B00074E75E689968C4E7A0696269BDE7002536
:10A0C000D3E70021B8E7C04650380110F0B54F463D
:10A0D000D6464646C0B58F1805000C00B94252D28C
:10A0E00080235B009846002399460DE04346EB58D9
:10A0F000FF2B35D05A1C41466A50EE5482235B0038
:10A10000EE540134A7423ED926783B1B032BEDDDEC
:10A110005F2EEBD160785F28E8D1A378552BE5D18D
:10A12000E31C9A469F42E1D9002253461E78330031
:10A13000303BD9B2092907D9113B052B03D933008C
:10A14000613B052B24D80A3312019A1801239C463F
:10A15000E2445745E9D14346EB585F26FF2BC9D16E
:10A160004A46EA5486235B00EA58043BEB58FF2139
:10A170002800984794225200AB580133AB50283A3C
:10A180000023FF3AB7E7E0BCBA46B146A846F0BDA7
:10A19000574522D95F2EDED1FF2AA7D84346EB5878
:10A1A000D4B2FF2B08D041465A1C6A50EC5482238B
:10A1B0005B00EC545446A4E74A46EA54862209332D
:10A1C0005200EB58AA58FF212800984794225200C9
:10A1D000AB580133AB500023E5E7060086E7C046E5
:10A1E000F0B5C64600B5C668040082B03000FFF77F
:10A1F000FFFC002828D132781300303BDBB24A2B19
:10A200001CD8D3499B00CB589F460123256B2000C7
:10A21000236301F023FB2563020000234321200078
:10A22000FFF786FB051E019008D0E3681A78002A24
:10A2300004D05A1CE2601B78452B59D00025280019
:10A2400002B080BCB846F0BD0022200001A901F098
:10A250006FFD051EF2D0E36820001B78462B1BD053
:10A26000FFF7BEFF28600028E8D003781F3B012BD2
:10A2700005D8019AC368C2602A6801922B60019DCB
:10A28000002DDBD0236A626A9342D7DAE1699A0033
:10A29000013355502362D2E700F02AFC2860E2E740
:10A2A000613A93009A18AB4B9200D218A169636986
:10A2B0008B4200DB08E3216998008C460021C0181E
:10A2C0008500654401336960A960636127232B70B1
:10A2D0005368EA60E26A013694466344E362E660EA
:10A2E000ADE7200000F0D6FD05000190002DA5D0BF
:10A2F000236A626A9342A1DAE1699A0055500133F8
:10A30000019D23629BE773781A00303A092A05D928
:10A310005F2B03D0413B192B00D998E2002120008C
:10A32000FFF70AFEE36801901A780500492A00D079
:10A3300085E70133E360200001F0DCFD2A00030023
:10A3400004212000FFF7F4FA05000190CEE7013662
:10A350002000E660FFF744FF0023020023212000D5
:10A36000FFF7E6FA05000190C0E701362000E6603D
:10A37000FFF736FF0023020022212000FFF7D8FA62
:10A3800005000190B2E701362000E660FFF728FFE4
:10A390000023020024212000FFF7CAFA05000190E3
:10A3A000A4E701362000E660FFF71AFF0023020051
:10A3B00026212000FFF7BCFA0500019096E7013640
:10A3C0002000E660FFF744FD002302002821200062
:10A3D000FFF7AEFA0500019088E7200000F088FB47
:10A3E0000500019082E7731CE3607378002B00D1B5
:10A3F00024E7B31CE3607378463BDBB2302B00D913
:10A400001CE7554A9B00D3589F4601362000E66062
:10A41000FFF7E6FE0023020025212000FFF788FA5F
:10A420000500019062E701362000E660FFF710FDAD
:10A43000E36801901A780500492A00D1EDE1200077
:10A44000FFF7CEFE21210200019B2000FFF770FAEA
:10A45000050001904AE72000FFF784FCE6680190C0
:10A4600033780500492B00D040E7636B002B00D008
:10A47000F9E1002800D1E1E6236A626A934200DB39
:10A48000DCE6E1699A000133505023623278002300
:10A49000493A012A05D801362000E66001F02AFD7C
:10A4A00003002A004CE7711CE16073785F2B00D138
:10A4B000B1E1303B092B00D9BCE10B001E00013398
:10A4C000E3601A78303A092AF8D96269A0695F1AFC
:10A4D000824200DBB2E62069950084460020AD1878
:10A4E000AD00654401326860A8606261002F00DC45
:10A4F000A4E6E96019006860A86028702F6172788E
:10A500005F2A00D09AE60131E1602000FFF768FE83
:10A510002A0003002A212000FFF70AFA0500019013
:10A52000E4E601362000E660FFF75AFE051E00D182
:10A5300084E62000FFF754FE031E00D17EE62A00C9
:10A540002B212000FFF7F4F905000190CEE6C0466C
:10A5500094320110743D0110C03301106369A26987
:10A56000934200DBB4E122699D0094460022ED187D
:10A57000AD00654401336A60AA6063612C23092140
:10A5800001952B70B378303BDBB2994252412A825D
:10A59000092B03D82000FFF7F1F9019D2000FFF7F8
:10A5A0001FFE019BE860DB68002B00D146E620001F
:10A5B000FFF7E4F9E2681378002B02D0531CE36044
:10A5C0001378733B5A425341019D6B8237E66369AE
:10A5D000A269934200DB31E622699D00ED189446A2
:10A5E000013363610023AD0065446B60AB602B7089
:10A5F000B94BEB600E232B6121E66369A26993429C
:10A6000000DB1BE622699D00ED189446013363616F
:10A610000023AD0065446B60AB602B70AF4BEB600B
:10A6200004232B610BE66369A269934200DB4BE1D3
:10A6300022699D0094460022ED18AD006544013367
:10A640006A60AA60636127232B70A54BEB60E36A05
:10A650000433E362F3E56369A269934200DB33E10B
:10A6600022699D0094460022ED18AD006544013337
:10A670006A60AA60636127232B709A4BEB60E36AE0
:10A680000933E362DBE56369A269934200DB1BE106
:10A6900022699D0094460022ED18AD006544013307
:10A6A0006A60AA60636127232B708F4BEB60E36ABB
:10A6B0000A33E362C3E56369A269934200DB03E105
:10A6C00022699D0094460022ED18AD0065440133D7
:10A6D0006A60AA60636127232B70844BEB60E36A96
:10A6E0000933E362ABE56369A269934200DBEBE007
:10A6F00022699D0094460022ED18AD0065440133A7
:10A700006A60AA60636127232B70794BEB60E36A70
:10A710000833E36293E52000FFF762FD00230200A7
:10A720004B212000FFF704F905000190DEE5636985
:10A73000A269934200DBC7E022699D009446002293
:10A74000ED18AD00654401336A60AA606361272398
:10A750002B70684BEB60E36A1133E3626FE563696A
:10A76000A269934200DBAFE022699D00944600227B
:10A77000ED18AD00654401336A60AA606361272368
:10A780002B705D4BEB60E36A0833E36257E5B37807
:10A790005F2B00D18BE06369A269934200DB4DE53A
:10A7A00022699D0094460022ED18AD0065440133F6
:10A7B0006A60AA606361422320002B70FFF7DEF815
:10A7C000E860E3681A785F2A00D037E50133E36078
:10A7D0002000FFF705FD2A0003002D212000FFF7D0
:10A7E000A7F80500019081E56369A26993426BDADD
:10A7F00022699D0094460022ED18AD0065440133A6
:10A800006A60AA60636127232B703C4BEB60E36AAC
:10A810000733E36213E5002575E60133E3602000AA
:10A8200001F068FB2A00030004212000FFF780F8F4
:10A83000019004E60123266B2000236301F00EF84B
:10A840002663051E00D1F9E4E1680A7858E6200085
:10A8500000F020FB051E019000D1EFE40378182BD7
:10A8600000D045E5EBE4636920009846731CE36083
:10A87000276AE56A01F03EFBE3681B78492B06D0A6
:10A880004346E562E660019D636127622EE5019A19
:10A89000002A00D1D2E4236A616A8B4200DBCDE456
:10A8A000E569990001334A512362030048E5033604
:10A8B0005E3BE6602000266B236300F0CFFF26633B
:10A8C000051E00D07DE7B9E400230193DB68FFDEBD
:10A8D00000231B70FFDEC0464C40011044400110B5
:10A8E000B83F01107C3F0110A43F0110903F0110C0
:10A8F000E03F011008400110F43F0110CC3F01106F
:10A90000F0B5C64600B5C36880461E78002E1DD13E
:10A9100000239C4645250021414F6A1AD30F9B18FE
:10A920005B105B181A01BA1814682078B04207D07F
:10A930000AD91D00A942F0D1002080BCB846F0BD64
:10A940006078604536D0F4D8591CF3E75A1CC260D1
:10A950005A781E789446002A02D1762EDAD0D7E7AC
:10A960009A1CC2605B789C46762E3AD11D00303D21
:10A97000EBB2092BCED8FFF76BFA434641465B6931
:10A98000896902008B42D7DA4146096944468C4600
:10A9900000219800C018800060440133416081604C
:10A9A0006361002AC8D03323416081600370C560B1
:10A9B0000261C2E7434641465B6989698B42BBDA63
:10A9C0004146096998008C460021C0188000604407
:10A9D00041608160414601334B613223C2600370A4
:10A9E000ABE7632E96D1762B00D093E7026B456BD5
:10A9F000534253414363FFF7F3FB43465B6B020053
:10AA0000002B07D0002335214046FEF791FF434637
:10AA10005D6392E7002334214046FEF789FFF6E7A5
:10AA200014390110002330B5C26883B00193137844
:10AA3000040001AD002B15D125E04F2B18D02000CC
:10AA4000FFF7CEFB021E1ED000232E212000FEF7B2
:10AA50006FFF2860002816D0E268103013780500D8
:10AA6000002B08D0452B06D02E2B04D0522BE4D13E
:10AA70005378452BE3D10198002804D00369002BBB
:10AA800003D003B030BD0020FBE7C268117827294E
:10AA9000F7D1D268117C0929F3D15268E16A8A1A88
:10AAA000E262C360EDE7C04670B5C36804001A787F
:10AAB0004A2A19D000290FD02000FFF791FB051E6C
:10AAC00010D02000FFF7AEFF031E0BD02A00292173
:10AAD0002000FEF72DFF70BD2000FFF7A3FF00252B
:10AAE000031EF3D10020F6E70133C360E4E7C0465C
:10AAF000836810B504005B030DD48023826B1B01B7
:10AB00009A420CD8531C8363C368002019784629E5
:10AB100007D0A26304E0C3681A78462A01D0002057
:10AB200010BD5A1CE2605A78592A01D10233E36001
:10AB300001212000FFF7B8FF01002000FEF784FF8D
:10AB4000E3681A78452A07D00020A3685B03E7D49E
:10AB5000A36B5A1EA263E3E70133E360F5E7C04647
:10AB6000F0B5C64600B5C36804001A781100303944
:10AB7000092961D911006139192912D86F2A00D128
:10AB8000A3E02000FFF7BCFE061E02D00378322BA4
:10AB90006CD0E3681978422955D0300080BCB846A3
:10ABA000F0BD11004339012900D895E04C2A7ED030
:10ABB000552A00D087E05A786C2A00D1E0E0742A48
:10ABC00000D080E05A1CC2605978742900D0A4E0FB
:10ABD0009A1CC2609A785F2A00D14DE16E2A72D029
:10ABE000FEF7CCFEE3681978421C00D593E05F299C
:10ABF00000D090E00133E3606369A1698B4200DB20
:10AC000022E121699E008C460021F618B6006644B8
:10AC100001337160B160636148233370F260236A6D
:10AC2000626A934200DB0FE1E1699A0001335650FA
:10AC30002362E3681978AEE7FFF70AF9E3680600D4
:10AC400019784229A9D1A56A0133E3602000FFF7F2
:10AC5000FFF8320003004C212000FEF769FEE36894
:10AC6000060019784229EFD0A56296E7C268E36A28
:10AC7000916807338C466344E36213681A786C2A40
:10AC800000D086E75A78692A00D082E79B78002BAB
:10AC900000D07EE72000FFF7DBF832000300372109
:10ACA0002000FEF745FEE3680600197873E70133DC
:10ACB000C360FFF7CDF8061E05D02000FEF71CFF8D
:10ACC000002800D065E7002667E75A786E2A00D092
:10ACD00057E70233C36054E7856A002D04D0297812
:10ACE00000290DD018290BD0432A00D188E05978CB
:10ACF0003039C9B2052940D86548890041588F4686
:10AD00002969E26A8C466244E26219780A004329A2
:10AD100076D04429EBD000263DE7130000263AE721
:10AD2000012294466269A1699F1CE7608A4200DBA8
:10AD30009EE02169900088460021801886004644E4
:10AD400001327160B1606261002D00D190E0082293
:10AD5000327062467160B1603273356199783B0040
:10AD600019E703229446DDE705229446DAE7042238
:10AD70009446D7E702229446D4E7110000260AE75A
:10AD80005A1CC26059786C29C7D10233C360FFF7DF
:10AD900049FEE368050019780028BCD04529BAD1DE
:10ADA0005A1CE2605A785F2A6AD06E2A8BD0200043
:10ADB000FEF7E4FDE3681978471CACD45F29AAD1FB
:10ADC0000133E3606269A1698A423EDA2169960033
:10ADD0008C460021B618B600664401327160B1603D
:10ADE000626146223270226A616AF56037618A4286
:10ADF0002BDAE069910001320E5022621978CAE61E
:10AE00005A78492A24D011003139042900D95AE747
:10AE1000303A0233D7B2E3606369A269934213DA2E
:10AE20002269980094460022C018860066440133C7
:10AE30007260B2606361002D06D007237260B26059
:10AE4000337037733561A4E6E36800261978A2E60B
:10AE5000581CE0609A7811003139042914D8033362
:10AE6000303A2000E360D7B2FFF7BAF9A56AD3E71A
:10AE7000997800263B008EE603330022C360BBE6D0
:10AE800002330027E3609DE759780026030082E63D
:10AE900084340110F0B5D6464F464646C0B5C26868
:10AEA0000400137882B0552B59D01DD84E2B00D1F9
:10AEB000D0E0532B5DD15378742B00D172E0002188
:10AEC000FFF73AF8E26805001378492B4AD10132BE
:10AED0002000E26001F00EF803002A0004212000A7
:10AEE000FEF726FD05003DE05A2B42D1531CC360FE
:10AEF0005378472B02D0542B00D0F6E0200000F00E
:10AF000023FA0500002D00D1A2E0E3681A78452A53
:10AF100000D09DE05A1CE2605A78732A00D15DE1AE
:10AF2000642A00D1E6E02000FFF7B4FF061E0AD035
:10AF3000FD220378463B134205D02000FEF7DCFDDE
:10AF4000002800D184E02B78032B00D13EE12A00B9
:10AF5000330002212000FEF7EBFC050002E0FFF7C2
:10AF6000FFFD0500280002B0E0BCBA46B146A84685
:10AF7000F0BD2000FFF7F4FDE26805001378492BCF
:10AF8000F0D1002864D0236A616A8B4260DAE069FC
:10AF9000990001330D5023621178002349390129AA
:10AFA00095D99AE70232C26043698269934200DB15
:10AFB00031E102699D00ED1894460133436100239D
:10AFC000AD0065446B60AB602B70A04BEB6003235E
:10AFD0002B612000FFF7C4FD2A000300012120009F
:10AFE000FEF7A6FCE36AE2680333E3621378050028
:10AFF000492BB7D100282BD0236A616A8B4227DA0C
:10B00000E069990001330D5023621178002349391A
:10B01000012900D961E75AE720225B782000934399
:10B02000542B5ED0FFF79CFD0500002F3AD0012184
:10B030002B003A002000FEF77BFC0500532E31D197
:10B040002F00E3681E78002E19D1002342461360BA
:10B05000002587E70132C26001A9012200F068FEE5
:10B0600080460028F4D000212000FEF7EDFCE368C4
:10B0700081461E78002EE8D0012200279246442EF9
:10B08000CAD03200303AD2B21C2A6BD93200613AAF
:10B09000192A69D82000FFF763FD0500002FC6D1EB
:10B0A000CCE70500E3681E78452E0CD0002DCCD0EF
:10B0B000226A616A8A42C8DAE069910001320D5061
:10B0C0002F002262BEE715226149D14052468A43D1
:10B0D00058D12000FFF744FD002DE2D02F000500DD
:10B0E000A5E7FFF77DF805009FE7002100F0B4F821
:10B0F000050007E79A1CE2609A785F2A00D198E081
:10B100006E2AA5D02000FEF739FC013080469FD47E
:10B11000E3681A785F2A9BD10133E3602000FFF7D0
:10B12000B9FE071E09D0FD223B78463B134204D0EE
:10B130002000FEF7E1FC00288AD06369A2699342EF
:10B140007CDA22699E0094460022F618B600664416
:10B1500001337260B2606361472333704346F76026
:10B160003361F0E63D00AFE73D00552EB1D0532EE0
:10B1700008D101212000FEF7DFFE0500002F00D0DE
:10B1800055E75DE7492E48D0542E59D0452E09D0B9
:10B190004D2E00D059E7002D00D156E701332F0086
:10B1A000E3604FE743461D60002D00D150E74B465A
:10B1B000002B02D0019A0193DA60E3681A78452ADD
:10B1C00000D045E70133019DE360CBE62B691A7897
:10B1D000292A00D0BBE60022DA60B8E6023320005C
:10B1E000E360FEF789FC002800D131E76369A269BA
:10B1F000934223DA22699E00F61894460133636174
:10B200000023B60066447360B3603370114BF36083
:10B210000E23336197E60025DBE6002D00D114E70D
:10B2200001332000E36000F065FE2F0004210500DB
:10B23000FEE60333E360002398466FE7002682E6CC
:10B240002000FEF78FFD2F000500EEE66C40011098
:10B25000FF0308105C40011070B505000E00FFF7F9
:10B2600019FE041E48D0002E18D0AB68DB0715D499
:10B2700023784D2B37D033D81A001C3A042A32D900
:10B28000022B09D12269002A36D013784D2B2FD0FA
:10B290002BD81C3B042B2BD9200070BDEB681B78EE
:10B2A000002BF9D0452BF7D022001378042B32D095
:10B2B00024D8022B02D11269002AF6D100212800DD
:10B2C000FFF7F2FB031E17D0002E02D12278022ACC
:10B2D00035D0220003212800FEF72AFB0400DBE71B
:10B2E0004F3B012BD8D8E468C2E74F3B012BD3D8A2
:10B2F000D2682261002AC8D10024CDE74D2B03D0AB
:10B3000004D94F3B012BD9D8D268D5E71C3B042B7D
:10B31000D4D8D268D0E7D368002B0AD0197808298E
:10B3200009D80629CAD80139012902D81B69002B7E
:10B33000F4D10121C3E735394B1E9941BFE70278AB
:10B34000292AC6D1C660C4E7F8B5C16ACE464746C9
:10B350000B0080B51433C362C36804001A78542A02
:10B360005BD0472A65D15A1CC2605A78002A60D047
:10B370009A1CC2605A78542A00D19EE05ED9562A9F
:10B3800000D191E0722A54D1FEF7F8FA012850DD7D
:10B39000E3681A78002A4CD05D1CE5601B785F2BAF
:10B3A00047D11E3B002200279846461E2B78002BD3
:10B3B0003FD0242B00D074E16B78532B00D196E161
:10B3C0005F2B00D191E1242B33D124206169A36943
:10B3D000994200DB93E125698B00AC465B189B002A
:10B3E000634401315F609F60616141461970E168AB
:10B3F000D8608D1CE560023E002A00D173E1402137
:10B400002000FEF795FA021E13D0002ECEDC00239A
:10B410003F212000FEF78CFA0CE05A1CC2605A78DB
:10B42000002A06D09A1CC2605B78413BDBB2352B08
:10B4300027D90020C0BCB946B046F8BD412A24D067
:10B44000522AF6D1FFF726FD6369A26906009342EE
:10B4500051DA22699D0094460022ED18AD00654442
:10B4600001336A60AA606361422320002B70FEF7FB
:10B4700085FAE8602B00320016212000FEF758FA0A
:10B48000D8E7AE4A9B00D3589F469B78472B01D004
:10B49000542B2BD12000FFF757FF02000023172168
:10B4A0002000FEF745FAC5E7FFF7F4FC0023020091
:10B4B00013212000FEF73CFABCE79A78002A00D15D
:10B4C00017E1DA1CC2609A78DB786E2A15D0472B18
:10B4D00002D0542B00D00CE12000FFF735FF020012
:10B4E000002349212000FEF723FAA3E70021FFF7FC
:10B4F000B3FE0200D2E70025BCE7472B00D112E1E2
:10B50000542B00D10FE10021FFF7A6FE020000231B
:10B510004A212000FEF70CFA8CE77621FEF76EFA3E
:10B52000002800D185E7E3681B78472B00D1F0E0C5
:10B53000542B00D1EDE000212000FFF78DFE02002A
:10B54000002310212000FEF7F3F973E76821FEF7CE
:10B5500055FA002800D16CE7E3681B78472B00D12F
:10B56000DCE0542B00D1D9E000212000FFF774FE6D
:10B57000020000230F212000FEF7DAF95AE700212C
:10B58000FEF73CFA002800D153E700212000FEF727
:10B5900035FA002800D14CE7E3681B78472B00D12F
:10B5A000C6E0542B00D1C3E000212000FFF754FE79
:10B5B0000200002311212000FEF7BAF93AE7FFF755
:10B5C00069FC0023020015212000FEF7B1F931E7E4
:10B5D000FEF706FE05002000FEF7D0F9002800DA8D
:10B5E00027E7E26813785F2B00D022E70132E260A0
:10B5F0002000FEF7F5FDE36A02000533E3620B214C
:10B600002B002000FEF794F914E700F049FC00231A
:10B61000020030212000FEF78BF90BE7FEF7E0FD7A
:10B620000023020012212000FEF782F902E7FEF754
:10B63000D7FD002302000C212000FEF779F9F9E67E
:10B64000FFF728FC0023020014212000FEF770F908
:10B65000F0E6FEF7C5FD002302000E212000FEF7F4
:10B6600067F9E7E60A31C162FEF7BAFD002302007E
:10B670000A212000FEF75CF9DCE6FEF7B1FD0023AD
:10B6800002000D212000FEF753F9D3E60F31C1620D
:10B69000FEF7A6FD0023020009212000FEF748F96D
:10B6A000C8E6002104E06B5C002B04D0242B02D000
:10B6B0000131B142F7DB6069A369984223DA830064
:10B6C0001B189B009946236901309C464B466344F6
:10B6D00060611F70E068DD6045185F609F60196100
:10B6E000761AE56088E61A008FE62E206EE62F2097
:10B6F0006CE600212000FFF7AFFD0200F0E6E368F2
:10B700000233E36095E6E36800209C466144E16013
:10B7100090E62000FFF718FE020011E72000FFF777
:10B7200013FE020025E72000FFF70EFE0200EEE602
:10B730002000FFF709FE02003BE7C0469C340110E1
:10B74000F8B5C268040013784C2B32D1531CC36087
:10B7500051785F2953D05A2912D15A1CE2605B7884
:10B76000472B45D0542B43D000212000FFF774FD18
:10B770000500E3681A78452A1BD10133E36019E01C
:10B78000FEF72EFD051E14D00378272B14D0E66893
:10B790003D2132786E2A25D0452A58D0731C06E008
:10B7A000E360180001335A1E1278452A2ED0002A71
:10B7B000F6D100252800F8BDC3681A7C002A03D002
:10B7C000E26A5968521AE2621868234906F014F8CE
:10B7D0000028DCD1E6683278452A3AD06E2A01D0BA
:10B7E0003D21DBE7731CE36072783E211E00D3E746
:10B7F0002000FFF7A9FDE36805001A78BBE7931C5A
:10B80000C360927800255A2AB5D1A6E7801B6269E9
:10B81000A3699A4219DA27699300BC4600279B184E
:10B820009B00634401325F609F60626100280CDD11
:10B830005F609F601F70DE6018612A002000FEF7C5
:10B8400077F8E36805001A7895E70023F5E700200C
:10B85000DDE70136E660ADE770400110F8B5C2687B
:10B86000040013784C2B00D1CFE0542B00D1D0E052
:10B87000732B00D16CE0662B3BD0190030390929BD
:10B880000CD82000FFF76CF9051E00D1BBE0E3687F
:10B890001A78492A00D1C0E02800F8BD6F2B68D083
:10B8A000692B00D0C6E053786C2B00D1E6E0200075
:10B8B000FFF726F8051E00D1A5E00378322B5ED0F5
:10B8C000342B00D1BAE100D99DE0332B00D09AE0AF
:10B8D000C368022B00D196E000DD94E0002B00D07D
:10B8E00005E12A00002336212000FEF721F805009B
:10B8F000D2E75378702BDAD1931CC3609378542B22
:10B9000000D121E15F2B00D1EDE06E2B7BD0FEF763
:10B9100035F8411C77D4E3681A785F2A73D1013374
:10B92000E360C54B821C99426DD06369A1698B426B
:10B9300069DA216998008C460021C01885006544A9
:10B9400001336960A96063610623EA602B70A3E795
:10B950005378722B7DD0702BA9D10232C260FFF7D1
:10B960007DFF002302004B212000FDF7E1FF0500D1
:10B9700092E753786E2B9AD10232C26081E7E16A76
:10B98000C2688C4693681668023B6344E36233786E
:10B99000732B00D187E0D768012F00D1AEE02FDDF7
:10B9A000022F00D1D9E0032F2DD1712B00D0FEE062
:10B9B0007378752B00D0FAE0B378002B00D0F6E056
:10B9C0002000FFF74BFF06002000FFF747FF0700AE
:10B9D0002000FFF743FF031E15D03A003C21200052
:10B9E000FDF7A6FF320003003B212000FDF7A0FF7A
:10B9F0002A0003003A212000FDF79AFF05004BE7DB
:10BA0000002F00D16DE7002546E7FFF799FE0500FE
:10BA100042E7FEF7A7F905003EE70133E3602000A7
:10BA200000F068FA2A00030004212000FDF780FFDF
:10BA3000050031E7742B00D039E753786C2B00D028
:10BA400035E70232E2602000FEF7CAFBE26805003B
:10BA500017E00232C260FEF7C3FB05002000FFF7CB
:10BA60007FF8E36806001A78492A2FD003002A00DD
:10BA700001212000FDF75CFF05000DE700250232E3
:10BA8000E2601378002BBED05378002BBBD0452149
:10BA9000200000F015F92A00030031212000FDF7F5
:10BAA00047FF0500F8E67178742900D073E7B17894
:10BAB000002900D06FE72000FEF792FB03002A0068
:10BAC00037212000FDF734FF0500E5E60133E36090
:10BAD000200000F00FFA3200030004212000FDF7DF
:10BAE00027FF0300C3E70332C26001221DE7012BD9
:10BAF00089D12000FFF7B2FE0300E0E73278702A18
:10BB000016D06D2A14D00027732B21D17378502BB7
:10BB10001ED1B378002B1BD1200000F0EBF90300FD
:10BB2000002FCCD01A0039212000FDF701FFC5E716
:10BB300071789142E7D1E26811785F29E4D101324E
:10BB4000E26000273378DFE70332C2600022ECE6D0
:10BB50002000FFF783FE0300E2E7EB681B685A78DA
:10BB6000632A00D17EE03378662B00D188E0200084
:10BB7000FFF774FE07003378632B3FD172786C2A8D
:10BB80003CD1B278002A39D14521200000F098F844
:10BB9000060033003A0039212000FDF7C9FE2A00D3
:10BBA000030038212000FDF7C3FE050074E633785A
:10BBB000662B71D06E2B00D025E77378772B02D0DF
:10BBC000612B00D01FE75F21200000F079F806000C
:10BBD0002000FEF705FBE36807001A78452A6BD0C2
:10BBE000702A5DD0692A00D00DE75B786C2B00D0FD
:10BBF00009E72000FFF732FE0300EEE6642B2AD1AE
:10BC00007278742A27D1B278002A24D12000FEF756
:10BC1000A7FFE36806001A78492ABAD10133E36026
:10BC2000200000F067F93200030004212000FDF736
:10BC30007FFE0600ADE7C046FFFFFF7FE3681A788E
:10BC40005F2A00D055E70133E3604521200000F072
:10BC500037F8030033E7702B17D02000FFF7FEFD05
:10BC6000060096E71B781A00633A012A03D9723B53
:10BC7000012B00D977E72000FEF7B2FA07007AE738
:10BC80002000FEF73DFE070075E77378742BE4D1C2
:10BC9000B378002BBAD0E0E72000FEF731FE92E641
:10BCA0005A78692A00D0AEE60233E36045212000CD
:10BCB00000F006F8030090E60133E36000238CE611
:10BCC000F0B5C646002300B582B00193C3680400F6
:10BCD0001A780E00012701AD8A420ED120E0002320
:10BCE0002E212000FDF724FE286000280FD0E368F5
:10BCF00010301A780500B2420ED0236B200098460F
:10BD00002763FFF7ABFD4346021E2363E7D1002004
:10BD100002B080BCB846F0BD01330198E360F7E79C
:10BD2000013300222E21C3600023FDF701FEEFE75F
:10BD3000F0B5DE4657464E464546E0B5C5680400B8
:10BD40008A4693461B232E7883B0002A00D01E23F8
:10BD50005A46DBB201931A23002A00D01D235A460B
:10BD6000DBB299461923002A00D01C23DBB2984687
:10BD700057461EE0562E3BD04B2E3FD06B78002B03
:10BD80002DD0AB1CE3606D78782D52D06F2D3BD158
:10BD9000E36A4F250933E3620023002229002000D3
:10BDA000FDF7C6FD3860002819D00C300700E568A3
:10BDB0002E782800FDF71CFF002840D06B1CE360A4
:10BDC000722ED7D14546E36A00220933E362290087
:10BDD00000232000FDF7ACFD38600028E5D10027E6
:10BDE000380003B0F0BCBB46B246A946A046F0BD41
:10BDF000E36A4D460933E3620023CEE7E36A019D1F
:10BE00000633E3620023C8E74F2D37D1E36A266B80
:10BE10000933E362012320002363FFF71FFD26633C
:10BE2000031EDCD0E26811784529D8D10132E260E6
:10BE3000B3E7E36A2B3D1133E3620023ADE75B46D2
:10BE4000002BCDD1462ECBD15745C9D01D241C2265
:10BE50001E3006E0192B0FD00C239A468A44574512
:10BE6000BED0534619680B781A2B03D01B2BF1D187
:10BE70000870F1E70C70EFE70A70EDE7772DAED1AF
:10BE8000E36A20000633E362FEF7CCFD031EA6D072
:10BE9000E26811784529A2D10132E260273D7CE7B2
:10BEA00070B5C268040013784C2B1DD007D8493BED
:10BEB000012B15D80132C26000F01CF870BD582B60
:10BEC0000ED10132573B056BC2600363FFF7C6FC1E
:10BED000E36825631A78452A09D10133E360EDE769
:10BEE0002000FEF77DF9E9E7FFF72AFCE6E70020EE
:10BEF000E4E7C04670B5C36804001A78866A82B069
:10BF0000452A1ED0002301AD01930DE000232F210F
:10BF10002000FDF70DFD286000280AD0E3681030EE
:10BF20001A780500452A07D02000FFF7B9FF021E46
:10BF3000ECD1002002B070BD01330198E360A6622D
:10BF4000F8E7013300222F21C3600023FDF7F0FC46
:10BF5000F0E7C046F0B54546DE4657464E46E0B5EA
:10BF60000400150097B0002A1ED08C235B00C65831
:10BF7000002E1DD11178502962D8E54A8B00D35884
:10BF80009F4688235B00E258012691464A680100DB
:10BF9000E2502000FDF768FE002801D002F0F3FA1D
:10BFA00088234A465B00E2508C2301225B00E2506A
:10BFB00017B0F0BCBB46B246A946A046F0BD002271
:10BFC00006AB98468A235B00E15806914146E15052
:10BFD00000238B601133FF33E3584D60CB60002AA0
:10BFE00000D1B9E01121200002F084FC43469B6897
:10BFF000002B01D101F024FE8A23069A5B00E25057
:10C00000002ED5D04A46043BE250D1E78A235B009C
:10C01000C758002F00D191E03B009A68002A0BD14D
:10C020005A68127810001938022801D902F05CF819
:10C03000914201D102F05BF81B68002BEDD17DE04D
:10C040008C2301225B00E250B2E7EA68002A02D0AA
:10C05000112102F04FFC2B69002BA9D080277F0013
:10C06000E659FD2E01D902F049F8AA4FBB1C9A46A9
:10C070002C239846E0339B462B00454698460FE01C
:10C080003300013680225200A650E5548223013746
:10C090005B009146E554BA4501D101F0E1FD3D78E0
:10C0A000FF2EEDD10023A3550933FF33E358FF21C1
:10C0B00000935B462000E258009B98479422520070
:10C0C000A35801260133A3500023DBE78A2306AEE1
:10C0D0005B00C258C650002308931133FF33C35886
:10C0E000069211212A690993079502F003FC089B27
:10C0F000002B01D101F0E6FF8A23069A5B00E25093
:10C1000056E790235B00E868E6580378002E01D0DC
:10C1100001F010FE052B01D102F008FA232B01D10A
:10C1200001F0ADFF2A789A4201D102F001F8242BE8
:10C1300001D102F03AFA8A235B00E75806AB984631
:10C140008A2342465B00E250002306979360113336
:10C15000FF33E3585560D360EA6843E7EA68137831
:10C16000272B01D001F0D9FED3681E7C062E01D901
:10C1700001F0BDFD002E01D002F089F980235B00A3
:10C18000E358FF2B01D102F0FDF8591C80277F00F6
:10C19000E1512821E15482235B00E154200017394A
:10C1A00002F0A8FBE359FF2B01D102F005F9591C5D
:10C1B00080225200A150D73AE25482235B00E2541D
:10C1C0002B783E2B01D102F0F1F8082E01D102F0BC
:10C1D00006F9112120002A6902F08CFBE8E6EA68E2
:10C1E000112102F087FB4C4E8023B21C914686221F
:10C1F000520093465B00043A3A279246E3580FE018
:10C200001A000133802149006350A754822201366D
:10C2100052008846A754B14501D101F085FC37781A
:10C22000FF2BEDD10022E2545B46E2585346FF213A
:10C23000E3582000984794225200A3580133A3509A
:10C2400001230022DEE71422904600228023934639
:10C250000D32FF32314E92465B00043A6E27914612
:10C26000C358B0440EE01A000133802149006350E6
:10C27000A75482225200A754B04501D101F04DFCD1
:10C2800037780136FF2BEED15A46E2545346E25836
:10C290004B46FF21E3582000984794225200A358B0
:10C2A0000133A35001230022DFE71C229046002225
:10C2B000802393460D32FF32194E92465B00043ABA
:10C2C00067279146C358B0440EE01A00013380211D
:10C2D00049006350A75482225200A754B04501D1AF
:10C2E00001F0CFFA37780136FF2BEED15A46E254EF
:10C2F0005346E2584B46FF21E358200098479422CA
:10C300005200A3580133A35001230022DFE7C046A7
:10C31000743501102C4201108C4001104141011074
:10C32000A94201108A235B00C258EF68934600229D
:10C33000C250002F01D102F0E3F88823002100262B
:10C340005B00C05806AB98461A00B44600238946E5
:10C350001360634693604B4657605E1C3B78924681
:10C36000D0604D2B01D101F0AAFC01D901F0FEF9FA
:10C3700019001C39042901D801F0A1FC9A468A232E
:10C380005B00E25053464946022B22D13F693B787D
:10C390009A46472B01D102F0C7F98A235B009C46DD
:10C3A00000239946534609014144019000960295A5
:10C3B0004D2B01D102F022F801D901F058FE1A00EC
:10C3C0001C3A042A01D802F019F89A460198009EF6
:10C3D000029D5346042B05D10D33FF3304AA04906C
:10C3E000E2500597112120002A6902F083FA3B7878
:10C3F000042B03D1049A0D33FF33E250802335011F
:10C400005B0099460C3DE03B464645449846E43384
:10C410009A460C3E6B68002B01D101F03BFC103DAD
:10C42000AE42F7D18A235A465B00E250C0E51022A3
:10C4300090460022802393460D32FF32E44E92460E
:10C440005B00043A74279146C358B0440EE01A00CA
:10C450000133802149006350A754822201365200E3
:10C46000A754464501D101F08AF93778FF2BEED168
:10C470005A46E2545346E2584B46FF21E358200007
:10C48000984794225200A3580133A350012300225D
:10C49000DFE7112290460022802393460D32FF32BF
:10C4A000CC4E92465B00043A74279146C358B04480
:10C4B0000EE01A000133802149006350A754822204
:10C4C0005200A754B04501D101F06AF9377801361E
:10C4D000FF2BEED15A46E2545346E2584B46FF2119
:10C4E000E3582000984794225200A3580133A350E8
:10C4F00001230022DFE7A4235B00C758C550343B6B
:10C50000C258112190460022C250EA6802F0F2F9A6
:10C5100082235B00E35C3C2B01D101F026FF8023EA
:10C520005B00E358FF2B01D101F00CFF591C802266
:10C5300082265200A1507600C43AE254A25511213D
:10C5400020002A6902F0D6F9A35D3E2B01D101F04B
:10C55000F3FE80235B00E358FF2B01D101F0D9FEED
:10C56000591C80225200A150C23AE25482235B003F
:10C57000E25442461033E2503433E75018E5EA689B
:10C58000112102F0B7F90822802391460532FF32CB
:10C59000914E93465B00043A20279246E358B144FB
:10C5A0000FE01A000133802149006350A754822212
:10C5B000013652008846A754B14501D101F02BFB4A
:10C5C0003778FF2BEDD10022E2545B46E258534608
:10C5D000FF21E3582000984794225200A3580133CA
:10C5E000A35001230022DEE7EA68112102F082F95C
:10C5F0007A4E8023721D91468622520093465B003C
:10C60000043A5B279246E3580FE01A000133802179
:10C6100049006350A7548222013652008846A7542D
:10C62000B14501D101F0E2FA3778FF2BEDD10022BC
:10C63000E2545B46E2585346FF21E35820009847F6
:10C6400094225200A3580133A35001230022DEE7B5
:10C65000E968FDF729FB00231A00002802D102F047
:10C6600032F81A0003782F2B01D001F035FBC36894
:10C67000002B01D101F030FB0069531C0028F0D1E0
:10C680009146EA6892464A46994601924B46009383
:10C6900004E0009B01369E4200DB89E492235B00AC
:10C6A000E65052461121200002F024F9019BB342CA
:10C6B000EFDD4B4D8023AA1C904686225200934604
:10C6C0005B00043A2C279146E3580BE01900013334
:10C6D00080225200A350013504326754A7544545C7
:10C6E000D7D02F78FF2BF1D10022E2545B46E258DD
:10C6F0004B46FF21E3582000984794225200A3584C
:10C7000000210133A3500123E2E7192290460022C1
:10C71000802393460D32FF32324E92465B00043A3C
:10C720006E279146C358B0440EE01A0001338021B1
:10C7300049006350A75482225200A754B04501D14A
:10C7400001F0DDF937780136FF2BEED15A46E2547D
:10C750005346E2584B46FF21E35820009847942265
:10C760005200A3580133A35001230022DFE70E2219
:10C77000802391461C4EFE3293465B00043A7B2791
:10C780009246C358B1440FE01A000133802149009A
:10C790006350A7548222013652008846A754B145FF
:10C7A00001D101F067F93778FF2BEDD10022E25477
:10C7B0005B46E2585346FF21E358200098479422F5
:10C7C0005200A3580133A35001230022DEE7C046E4
:10C7D0002C4101101941011008430110844001103F
:10C7E0002C420110F9410110F84201100822802367
:10C7F00091460532FF32EB4E93465B00043A7B27AD
:10C800009246C358B1440FE01A0001338021490019
:10C810006350A7548222013652008846A754B1457E
:10C8200001D101F035F83778FF2BEDD10022E25429
:10C830005B46E2585346FF21E35820009847942274
:10C840005200A3580133A35001230022DEE78023C6
:10C850005B00C358FF2B01D101F013FD591C80224E
:10C860005200A150823AE25482235B00E25411212B
:10C8700020002A6902F03EF8FFF79AFB11212A698D
:10C8800002F038F8FFF794FB1D2290460022802327
:10C8900093460D32FF32C44E92465B00043A742731
:10C8A0009146C358B0440EE01A000133802149007C
:10C8B0006350A75482225200A754464501D101F08B
:10C8C0006EF837780136FF2BEED15A46E2545346C4
:10C8D000E2584B46FF21E35820009847942252002B
:10C8E000A3580133A35001230022DFE71222904610
:10C8F0000022802393460D32FF32AC4E92465B00FD
:10C90000043A67279146C358B0440EE01A00013339
:10C91000802149006350A75482225200A754B04599
:10C9200001D101F076F837780136FF2BEED15A4667
:10C93000E2545346E2584B46FF21E3582000984703
:10C9400094225200A3580133A35001230022DFE7B1
:10C95000182290460022802393460D32FF32944ED7
:10C9600092465B00043A54279146C358B0440EE007
:10C970001A000133802149006350A75482225200DB
:10C98000A754B04501D101F060F837780136FF2B8C
:10C99000EED15A46E2545346E2584B46FF21E35843
:10C9A0002000984794225200A3580133A35001233A
:10C9B0000022DFE7192290460022802393460D32A1
:10C9C000FF327C4E92465B00043A63279146C3587F
:10C9D000B0440EE01A000133802149006350A7548F
:10C9E00082225200A754B04501D101F020F83778D7
:10C9F0000136FF2BEED15A46E2545346E2584B46DD
:10CA0000FF21E3582000984794225200A358013395
:10CA1000A35001230022DFE7142280239146664EB3
:10CA2000F83293465B00043A72279246C358B144E9
:10CA30000FE01A000133802149006350A75482227D
:10CA400052008846A754B14501D100F0AFFF3778B6
:10CA50000136FF2BEDD10022E2545B46E2585346EB
:10CA6000FF21E3582000984794225200A358013335
:10CA7000A35001230022DEE70F22904600228023EC
:10CA800093460D32FF324D4E92465B00043A6A27C0
:10CA90009146C358B0440EE01A000133802149008A
:10CAA0006350A754822201365200A754464501D153
:10CAB00000F0B6FF3778FF2BEED15A46E2545346CA
:10CAC000E2584B46FF21E358200098479422520039
:10CAD000A3580133A35001230022DFE7152290461B
:10CAE0000022802393460D32FF32354E92465B0082
:10CAF000043A54279146C358B0440EE01A0001335B
:10CB0000802149006350A75482225200A754B045A7
:10CB100001D100F0A1FF37780136FF2BEED15A4644
:10CB2000E2545346E2584B46FF21E3582000984711
:10CB300094225200A3580133A35001230022DFE7BF
:10CB4000112290460022802393460D32FF321D4E63
:10CB500092465B00043A76279146C358B0440EE0F3
:10CB60001A000133802149006350A7548222013604
:10CB70005200A754464501D100F060FF3778FF2BE3
:10CB8000EED15A46E2545346E2584B46FF21E35851
:10CB90002000984794225200A3580133A350012348
:10CBA0000022DFE7E8420110AD400110854101108D
:10CBB000B141011059410110CD41011074410110E2
:10CBC00099410110444101101B229046002280230C
:10CBD00093460D32FF32EF4E92465B00043A6727D0
:10CBE0009146C358B0440EE01A0001338021490039
:10CBF0006350A75482225200A754B04501D100F0DF
:10CC0000F9FD37780136FF2BEED15A46E2545346F0
:10CC1000E2584B46FF21E3582000984794225200E7
:10CC2000A3580133A35001230022DFE715229046C9
:10CC30000022802393460D32FF32D74E92465B008E
:10CC4000043A74279146C358B0440EE01A000133E9
:10CC5000802149006350A75482225200A754B04556
:10CC600001D100F0B2FD37780136FF2BEED15A46E4
:10CC7000E2545346E2584B46FF21E35820009847C0
:10CC800094225200A3580133A35001230022DFE76E
:10CC9000082290460022802393460D32FF32BF4E79
:10CCA00092465B00043A6F279146C358B0440EE0A9
:10CCB0001A000133802149006350A7548222520098
:10CCC000A754B04501D100F087FD37780136FF2B1E
:10CCD000EED15A46E2545346E2584B46FF21E35800
:10CCE0002000984794225200A3580133A3500123F7
:10CCF0000022DFE7EF682D693B78322B01D101F08C
:10CD000014F9342B01D001F0E1FD80235B00C358FE
:10CD1000FF2B01D101F05AFD80265A1C7600A2514A
:10CD20002822E25482235B00E25411212000FA6899
:10CD300001F0E0FDA359FF2B01D101F035FD802268
:10CD4000591C5200A150D73AE25482235B00E254AE
:10CD50002A001121200002F08FFFFFF729F911218D
:10CD6000EA6802F083FDFFF723F92B691B78392B62
:10CD700001D0FFF719F9EA68D3681B68597863296D
:10CD800001D101F05CFB2A001121200002F0F8FF24
:10CD9000002801D0FFF70CF9EB681A78322A01D18C
:10CDA00001F09CFCDB681B681A78632A01D001F053
:10CDB00043FB5A786C2A01D001F03EFB9B78002B94
:10CDC00001D001F039FB2B69DA681178032901D110
:10CDD00001F00DFD11212000DA6802F04DFFEA6834
:10CDE000D3681B681978692901D001F0E1FB5878F4
:10CDF000782801D001F0DCFB9878002801D001F000
:10CE0000D7FB20000E39FCF70DFF2B691121200004
:10CE10001A6901F06FFD5D212000FCF703FFEB684C
:10CE20001A78322A01D0FFF7C3F8DB689A68012A22
:10CE300001D0FFF7BDF85B681B783E2B01D0FFF7F0
:10CE4000B7F829212000FCF7EDFEFFF7B1F8EB68F9
:10CE5000002298469B68524D009380232F009346F2
:10CE60000D32FF3292465B00043A6F269146C3585A
:10CE700008370EE01A000133802149006350A654A0
:10CE8000822201355200A654BD4201D100F0B9FC06
:10CE90002E78FF2BEED15A46E2545346E2584B46C9
:10CEA000FF21E3582000984794225200A3580133F1
:10CEB000A35001230022DFE70822904600228023AE
:10CEC00093460D32FF32354E92465B00043A6F278F
:10CED0009146C358B0440EE01A0001338021490046
:10CEE0006350A75482225200A754B04501D100F0EC
:10CEF0007AFC37780136FF2BEED15A46E25453467E
:10CF0000E2584B46FF21E3582000984794225200F4
:10CF1000A3580133A35001230022DFE7EA682E69FA
:10CF2000002A02D0112101F0E5FC80235B00E358C8
:10CF3000FF2B01D101F091F95A1C80256D0062513F
:10CF40007B22E25482235B00E25411213200200054
:10CF500001F0D0FC6359FF2B01D101F06BF9591C92
:10CF600080225200A150833AE25482235B00E254B3
:10CF7000FFF71EF80C2290460022802393460D32C4
:10CF8000FF32084E92465B00043A74279146C3581C
:10CF9000B04418E0C9420110FD4101103D420110AA
:10CFA00030420110094101101A000133802149006B
:10CFB0006350A75482225200A754B04501D100F01B
:10CFC000A5FD37780136FF2BEED15A46E254534681
:10CFD000E2584B46FF21E358200098479422520024
:10CFE000A3580133A35001230022DFE71722802337
:10CFF0009146EB4EF53293465B00043A6327924626
:10D00000C358B1440FE01A00013380214900635036
:10D01000A754822252008846A754B14501D100F09E
:10D020008FFD37780136FF2BEDD10022E2545B46AD
:10D03000E2585346FF21E3582000984794225200BB
:10D04000A3580133A35001230022DEE71222AB5E76
:10D05000002B01D001F018F8EA68D24BD168994250
:10D0600001D100F05DFF1121200001F043FC80237D
:10D070005B00E258FF2A01D101F003FB8021531C21
:10D0800049006350E039A15482225200A15410217A
:10D090006A5E002A01D000F050FE92460D32FF3247
:10D0A000C14D9146043A5F2690466F1D0EE01A006E
:10D0B0000133802149006350A65482225200A654B5
:10D0C000AF4201D1FEF774FF2E780135FF2BEED170
:10D0D0005246E2544B46E2584346FF21E3582000B3
:10D0E000984794225200A3580133A35001230022F1
:10D0F000DFE70922802391460432FF32AB4E93468C
:10D100005B00043A64279246C358B1440FE01A000A
:10D110000133802149006350A7548222520088467F
:10D12000A754B14501D100F04CFD37780136FF2BF3
:10D13000EDD10022E2545B46E2585346FF21E3580A
:10D140002000984794225200A3580133A350012392
:10D150000022DEE7EA68964906A8F6F7F5FA06A87F
:10D1600004F08EFB002801D1FEF722FF002280236D
:10D1700092460D32FF3291465B0006AD043A90466E
:10D18000E3582F180DE01A00013380214900635045
:10D19000A654822201355200A654AF4201D1FEF7B7
:10D1A00007FF2E78FF2BEED15246E2544B46E25851
:10D1B0004346FF21E3582000984794225200A35889
:10D1C0000133A35001230022DFE780235B00C35813
:10D1D0002D7BFF2B01D101F01BF8591C802252003E
:10D1E000A150E55482235B00E554FEF7E1FE2F6970
:10D1F000EA68002F01D1FEF7DBFE1500D7190022E7
:10D20000802392460D32FF3291465B00043A9046ED
:10D21000C3580DE01A000133802149006350A65421
:10D22000822201355200A654AF4201D1FEF7C0FE62
:10D230002E78FF2BEED15246E2544B46E25843463D
:10D24000FF21E3582000984794225200A35801334D
:10D25000A35001230022DFE708229046002280230A
:10D2600093460D32FF32534E92465B00043A5627E6
:10D270009146C358B0440DE01A00013380214900A3
:10D280006350A754822201365200A754B04500D102
:10D290008DE23778FF2BEFD15A46E2545346E258DD
:10D2A0004B46FF21E3582000984794225200A35890
:10D2B0000133A35001230022E0E70A229046002216
:10D2C000802393460D32FF323B4E92465B00043A78
:10D2D00076279146C358B0440DE01A0001338021EF
:10D2E00049006350A75482225200A754B04500D190
:10D2F00064E237780136FF2BEFD15A46E2545346A9
:10D30000E2584B46FF21E3582000984794225200F0
:10D31000A3580133A35001230022E0E71121EA685A
:10D3200001F0E8FAFEF744FEEA68112101F0E2FAA2
:10D33000112120002A6901F0DDFAFEF739FE0E22E4
:10D3400090460022802393460D32FF321B4E9246B8
:10D350005B00043A6A279146C358B0440DE01A00B6
:10D360000133802149006350A754822201365200C4
:10D37000A754B04500D10BE33778FF2BEFD15A46C5
:10D38000E2545346E2584B46FF21E35820009847A9
:10D3900094225200A3580133A35001230022E0E756
:10D3A000E5400110143E01101D4201108942011098
:10D3B0001C400110D8400110CD40011078420110EE
:10D3C0002B691A783B2A01D0FEF7EEFD1B691B780A
:10D3D0003C2B01D0FEF7E8FD2A00112102F0D0FC21
:10D3E000002801D0FEF7E4FDEB68E84998462B6978
:10D3F000DE681B69DF681D694346DB68186804F056
:10D40000FBF9002801D001F0AFF932002000112112
:10D4100002F032FC42462000112102F027FA3A00C5
:10D420002000112102F028FC2000D949FCF75EFC05
:10D430002A001121200002F01FFCFEF7B9FD8A230B
:10D440005B009B46C3585A46994606AB98464B46E6
:10D45000069343465D608350424600239360113338
:10D46000FF33C3580126D36001224B469446002B5C
:10D4700001D101F00DFAC2460090A8461CE09A685E
:10D48000002A16D1032E01D900F075FF52461D0067
:10D490003101521891CD91C22D68544615605A46FB
:10D4A00000980136825862505A4651448150624673
:10D4B0009A601B68002B04D05A681278193A022A25
:10D4C000DDD94546009C2A691121200001F012FA9D
:10D4D0008A234A465B00E25053469B68002B01D0EA
:10D4E000FEF766FD5746012E09D0013E3301FB18B9
:10D4F000112120005A6801F02BFA012EF5D18A2360
:10D500005B002A0011212000E35801F0EBFFFEF739
:10D510004FFDEA68002A1AD08A277F00C35906AE59
:10D520000693002308931133FF33C3581121C651CA
:10D530000993079501F0DEF9069BE351089B002B48
:10D5400001D0FEF735FD20212000FCF76BFB8A237C
:10D550005B002A0011212000E35801F055FDFEF781
:10D5600027FDEB689946002B01D000F066FC0022F5
:10D5700092460D32FF32874D01339146FF33043A14
:10D5800074269046C3582F1D0EE01A0001338021E7
:10D5900049006350A654822201355200A654AF427E
:10D5A00001D1FEF705FD2E78FF2BEED15246E25455
:10D5B0004B46E2584346FF21E35820009847942207
:10D5C0005200A3580133A35001230022DFE7902328
:10D5D0005B00C358002B00D1DCE36F4E8023721D2B
:10D5E00091468622520093465B00043A6127924698
:10D5F000C3580EE01A000133802149006350A7543C
:10D600008222013652008846A754B14500D1D9E3A1
:10D610003778FF2BEED10022E2545B46E2585346A6
:10D62000FF21E3582000984794225200A358013369
:10D63000A35001230022DFE711229046002280231D
:10D6400093460D32FF32554E92465B00043A6827EE
:10D650009146C358B0440DE01A00013380214900BF
:10D660006350A754822201365200A754B04500D11E
:10D67000A0E23778FF2BEFD15A46E2545346E258E6
:10D680004B46FF21E3582000984794225200A358AC
:10D690000133A35001230022E0E72F69EA68002F3D
:10D6A00001D1FEF785FC1500D71900228023924690
:10D6B0000D32FF3291465B00043A9046C3580DE0AC
:10D6C0001A000133802149006350A654822201359B
:10D6D0005200A654AF4201D1FEF76AFC2E78FF2B10
:10D6E000EED15246E2544B46E2584346FF21E358FE
:10D6F0002000984794225200A3580133A3500123DD
:10D700000022DFE7EB68A0CB002F01D1FEF750FC31
:10D710000022802392460D32FF3291465B00043A8C
:10D720009046C358EF190DE01A00013380214900DB
:10D730006350A654822201355200A654AF4201D153
:10D74000FEF736FC2E78FF2BEED15246E2544B46C4
:10D75000E2584346FF21E3582000984794225200A4
:10D76000A3580133A35001230022DFE74F3B012BD5
:10D7700000D8A4E28A235B00E250FEF733FE1121B9
:10D780002000EA6801F0B6F8FEF712FC4C420110E6
:10D790005042011098420110A4400110E4410110D0
:10D7A00011212000EA6801F0A5F8FEF701FC112123
:10D7B0002000EA6801F09EF8FEF7FAFB1121200034
:10D7C000EA6801F097F8FEF7F3FB11212000EA6800
:10D7D00001F090F8FEF7ECFB2A001121200001F087
:10D7E0008BFFFEF7E5FB112120002A6901F082F88A
:10D7F000FEF7DEFB11212000EA6801F07BF8FEF75E
:10D80000D7FB424655682A78613A192A01D800F0B8
:10D810004BFC009A571EEB5D202B00D01700002F09
:10D8200001D1FEF7C5FB0022802392460D32FF3264
:10D8300091465B00043A9046E358EF190DE01A0058
:10D840000133802149006350A654822201355200E1
:10D85000A654AF4201D1FEF7ABFB2E78FF2BEED1E1
:10D860005246E2544B46E2584346FF21E35820001B
:10D87000984794225200A3580133A3500123002259
:10D88000DFE711212000EA6801F034F8FEF790FB91
:10D8900090267600A359EA680133A3511121200094
:10D8A00001F028F8A3592927013BA351E84E43462C
:10D8B000B21C9146862252009346043A9246E3589F
:10D8C0000DE01A000133802149006350A7548222E1
:10D8D000013652008846A754B14513D03778FF2B44
:10D8E000EFD10022E2545B46E2585346FF21E35851
:10D8F0002000984794225200A3580133A3500123DB
:10D900000022E0E72A69D349013206A8F5F71CFF97
:10D9100006A803F0B5FF4346E358002829D00022AB
:10D9200092460D32FF32914606AD043A90462F18CA
:10D930000BE01A000133802149006350A654822273
:10D9400001355200A654BD4213D02E78FF2BF0D1E2
:10D950005246E2544B46E2584346FF21E35820002A
:10D96000984794225200A3580133A3500123002268
:10D97000E1E7FF2B01D100F026FC591C8022520068
:10D98000A150833AE25482235B00E254FEF710FB7D
:10D9900011212000EA6800F0ADFFFEF709FB11211C
:10D9A0002000EA6800F0A6FFFEF702FB2A691121B9
:10D9B000200000F09FFFA84E4346721D90460022B3
:10D9C00093460D32FF329246043A20279146E3589F
:10D9D0000CE01A000133802149006350A7548222D1
:10D9E00001365200A754B0453DD03778FF2BF0D117
:10D9F0005A46E2545346E2584B46FF21E358200072
:10DA0000984794225200A3580133A35001230022C7
:10DA1000E1E711212000EA6800F06CFFFEF7C8FA88
:10DA200011212000EA6800F065FFFEF7C1FA11211C
:10DA30002000EA6800F05EFFFEF7BAFA112120002C
:10DA4000EA6800F057FFFEF7B3FA11212000EA68F8
:10DA500000F050FFFEF7ACFA11212000EA6800F058
:10DA600049FFFEF7A5FA11212000EA6800F042FF05
:10DA7000FEF79EFAEA687749013206A8F5F764FED8
:10DA800006A803F0FDFE4346E358002829D00022F3
:10DA900092460D32FF32914606AD043A90462F1859
:10DAA0000BE01A000133802149006350A654822202
:10DAB00001355200A654BD4213D02E78FF2BF0D171
:10DAC0005246E2544B46E2584346FF21E3582000B9
:10DAD000984794225200A3580133A35001230022F7
:10DAE000E1E7FF2B00D1DEE3591C80225200A15058
:10DAF000833AE25482235B00E254FEF759FA112183
:10DB00002000EA6800F0F6FEFEF752FA112120002C
:10DB1000EA6800F0EFFEFEF74BFA11212000EA68F8
:10DB200000F0E8FEFEF744FA2F693B78472B00D15E
:10DB300004E33A001121200000F0DCFEFEF738FA81
:10DB4000EA681121200000F0D5FE444E4346321D04
:10DB50009046002293460D32FF329246043A2D271A
:10DB60009146E3580CE01A000133802149006350CC
:10DB7000A754822201365200A754B04513D03778FB
:10DB8000FF2BF0D15A46E2545346E2584B46FF2150
:10DB9000E3582000984794225200A3580133A35021
:10DBA00001230022E1E7112120002A6900F0A2FEF2
:10DBB000FEF7FEF911212000EA6800F09BFEFEF757
:10DBC000F7F911212000EA6800F094FE4346E3587B
:10DBD000FF2B00D179E3591C80225200A150D73A83
:10DBE000E25482235B00E254FEF7E2F911212000A7
:10DBF0002A6900F07FFE4346E358FF2B00D176E30D
:10DC0000591C80225200A150A33AE25482235B00A7
:10DC1000E254FEF7CDF9112120002A6900F06AFED6
:10DC20004346E358FF2B00D1E0E2591C802252000A
:10DC3000A150A33AE25482235B00E254FEF7B8F904
:10DC40002A001121200000F083FEFEF7D5F9C0461E
:10DC5000F44201101C400110C441011000410110A8
:10DC6000942745467F00E3591121984620002A69F0
:10DC700000F040FEE359434501D0FEF799F94B46C9
:10DC8000E358B34201D0FEF793F94B46023EE6500B
:10DC9000FEF78EF94A46A258FF2A01D100F097FC00
:10DCA000531C494663504346A354424653461121F0
:10DCB000E25420002A6800F04BFEFEF7B0FBFF683C
:10DCC000002F01D100F019FC1032042E00D100E227
:10DCD0005346B146FEF73CFBEB6891469A46131E4D
:10DCE00001D1FEF765F9013B0193FEF7CFFC072E4A
:10DCF00001D0FEF743FA2B691878002801D0FEF70F
:10DD00003DFA1869012801D0FEF738FA3D2901D003
:10DD1000FEF734FADB681B78302B01D100F0DCFD14
:10DD2000312B01D0FEF72AFA2000DA49FBF7DEFF9B
:10DD3000FEF73EF90026FEF7F1F9002292460D3279
:10DD4000FF32D54D9146043A5F2690466F1D0EE096
:10DD50001A000133802149006350A65482225200E8
:10DD6000A654BD4201D1FEF723F92E780135FF2BD1
:10DD7000EED15246E2544B46E2584346FF21E35867
:10DD80002000984794225200A3580133A350012346
:10DD90000022DFE72900FBF767FF021E01D1FEF733
:10DDA00003F903782F2B01D100F05DFC88256D006D
:10DDB0006659112133682000635100F09BFD6651C4
:10DDC000FEF7F6F8EA68B549013206A8F5F7BCFC9B
:10DDD00006A803F055FD002801D1FEF7E9F800225E
:10DDE000434692460D32FF32914606AD043A9046C4
:10DDF000E3582F180DE01A000133802149006350C9
:10DE0000A654822201355200A654BD4201D1FEF72C
:10DE1000CFF82E78FF2BEED15246E2544B46E25813
:10DE20004346FF21E3582000984794225200A3580C
:10DE30000133A35001230022DFE7994D80236A1D9F
:10DE400090468622520093465B00043A7B26924617
:10DE5000C3580CE01A00013380277F00E351A65419
:10DE600082225200A654A84514D02E780135FF2BEB
:10DE7000F0D10022E2545B46E2585346FF21E358BA
:10DE80002000984794225200A3580133A350012345
:10DE90000022E1E74A46814906A8F5F755FC06A8A5
:10DEA00003F0EEFCE359002829D0002292460D32FF
:10DEB000FF32914606AD043A90462F180BE01A0047
:10DEC0000133802149006350A6548222013552005B
:10DED000A654AF4213D02E78FF2BF0D15246E25415
:10DEE0004B46E2584346FF21E358200098479422CE
:10DEF0005200A3580133A35001230022E1E7FF2B76
:10DF000000D1CFE38022591C5200A150833AE25441
:10DF100082235B00E254FEF74BF80026FEF72EF951
:10DF200080235B00E358FFF7B2F8FB681B68984654
:10DF30001B78612B00D0D5E042465278642A00D08D
:10DF4000D0E042469278002A00D0CBE02A78032A1B
:10DF500001D100F0FAFB392A01D100F057FC732BF4
:10DF60001ED1424652785A2A51D142469678002E06
:10DF70004DD129002000FBF797FE002807D109E0CA
:10DF8000C368002B06D000690136002802D0037850
:10DF90002F2BF5D031002000FBF714FFFEF708F817
:10DFA0003A001121200001F061FC43461B78672BE9
:10DFB0000ED142465278732A0AD142469278002AFC
:10DFC00006D12A001121200000F094FCFDF7F0FF9B
:10DFD000732B01D0FEF7BCFE43465B78742B01D057
:10DFE000FEF7B6FE43469B78002B01D0FEF7B0FE4D
:10DFF00020002821FBF716FE20002A00112100F046
:10E0000079FC29212000FBF70DFEFDF7D1FF732BD2
:10E01000C6D143465B78502BC2D143469B7800263D
:10E02000002B05D0BCE701362D69002D00D1E0E2C0
:10E030002B782F2B00D0DCE2EB68002B00D1D8E24C
:10E040001A784B2AEFD1D9682000FBF72DFE002368
:10E05000002807D109E0C268002A06D00069013310
:10E06000002802D002782F2AF5D0F618DCE74F3BC3
:10E07000012B00D8C2E1009E029DFEF7B3F9F133F7
:10E080000500E758FEF75AF80649FBF72FFEFEF7A2
:10E09000E3FFC04670420110254201101C400110F0
:10E0A000A142011014420110FF2B00D129E380226C
:10E0B000591C5200A150E03AE25482235B00E25422
:10E0C000FFF7A7FB2A001121200000F041FCFEF71A
:10E0D00013F88A2352465B00E25001220433E250D7
:10E0E000FDF766FF2A7836E70026FEF727F81121AC
:10E0F0002000EA6800F0FEFBFDF75AFF0023984677
:10E10000A3550D33FF33E258043B3100E3582000A0
:10E110009847942243465200E351A3580026013306
:10E12000A350FDF7A2FF2B782F2B01D0FEF703F8A9
:10E130008A235B000500E758FEF700F82000F3494A
:10E14000FBF7D4FD3B69F2495A1C06A8F5F7FCFA27
:10E1500006A803F095FB00282FD0002243468046F6
:10E1600093460D32FF3206ADA8449246043A9146DA
:10E170004246E358B84617000AE0190001338022EE
:10E180005200A350013504326654A654AF4213D056
:10E190002E78FF2BF1D15A46E2545346E2584B46B3
:10E1A000FF21E3582000984794225200A3580021F1
:10E1B0000133A3500123E2E747462000D549FBF78E
:10E1C00095FDFF68B5E40022E25486235B00E25827
:10E1D000043BFF21E3582000984794225200A358A3
:10E1E00001210133A3500023FFF7C8FB0022E254B2
:10E1F00086235B00E258043BFF21E3582000984748
:10E2000094225200A35801210133A35000230DE5AD
:10E210000022C25486235B00C258043BFF21C3582E
:10E22000984794225200A35801210133A3500023A0
:10E23000FEF7D4FF0022E25486235B00E258043B41
:10E24000FF21E3582000984794225200A35801214F
:10E250000133A3500023FEF783FE0022E2548623FD
:10E260005B00E258043BE358FF21200098479422CA
:10E270005200A3580133A350283A0023FF3AFEF777
:10E280005CFE0022C25486235B00C258043BFF217F
:10E29000C358984794225200A35801210133A35038
:10E2A0000023FEF7DCFA0022E25486235B00E258EA
:10E2B000043BFF21E3582000984794225200A358C2
:10E2C00001210133A35000230FE40022E2548623EE
:10E2D0005B00E258043BFF21E3582000984794225A
:10E2E0005200A35801210133A350002374E40022FB
:10E2F000E25486235B00E258043BFF21E3582000F0
:10E30000984794225200A35801210133A3500023BF
:10E3100077E40022E25486235B00E258043BFF21AD
:10E32000E3582000984794225200A358012101335A
:10E33000A3500023FEF715F920212000FBF772FC03
:10E34000FEF707F90022E25486235B00E258043B03
:10E35000FF21E3582000984794225200A35801213E
:10E360000133A3500023FEF7E2F820212000FBF741
:10E3700059FCFEF7D4F88C23009C5B000132E2507C
:10E38000FDF716FE0022E25486235B00E258043BB0
:10E39000FF21E3582000984794225200A3580121FE
:10E3A0000133A3500023EA68FDF7F0FE2D21200081
:10E3B000FBF738FCFDF709FF0022E25486235B00DF
:10E3C000E258043BFF21E358200098479422520072
:10E3D000A35801210133A3500023FDF7E9FE2000DB
:10E3E0005B21FBF71FFC200011212A6900F082FA53
:10E3F0005D212000FBF716FCFDF7DAFD009B042BE6
:10E400007ED00B0008000391103364C864C3006819
:10E410001860634609611031E1504B46039A9360DE
:10E42000019B5760D360009BFF6801330093002F6E
:10E4300066D03B78FDF7BCFF2B69FEF7CBFC1B7861
:10E4400019006339012904D9723B012B01D9FEF768
:10E450009AFC2000112101F009FA20003C21FBF771
:10E46000E1FB2B692000DA68112100F043FA20005B
:10E470002949FBF73BFC2B69200011211A6900F0A8
:10E4800039FA29212000FBF7CDFBFDF791FD2B691F
:10E490001B78002B01D0FDF771FE3E2900D10BE265
:10E4A000023E112120002A69F6B200F023FA042E60
:10E4B00001D9FDF77DFD194BB6009B599F46200001
:10E4C0001749FBF713FCFDF773FD20001549FBF717
:10E4D0000DFCFDF76DFD6C212000FBF7A3FBFDF7A4
:10E4E00067FD75212000FBF79DFBFDF761FD200016
:10E4F0000D49FBF7FBFBFDF75BFD8A235B00E25058
:10E500008C2301225B00E250FDF752FD9040011088
:10E510001C400110A040011048420110B836011003
:10E52000604201105C420110644201103033FF333D
:10E53000E258002A00DC75E1043BE158002304E0C6
:10E5400001330831934200D16CE10F68B842F7D132
:10E5500096235B00E3581F1E06D1FDF712FD5B6892
:10E56000002B01D1FDF70DFD1A68824203D0AA42AB
:10E57000F5D19F42F3D001002000FBF775FB002886
:10E5800001D1FDF711FD03782F2B01D0FDF7C6FD5A
:10E59000F533E158002900DAC5E5FBF7D3FA002886
:10E5A00000D18DE10378FDF7B9FDC268FDF708FDE4
:10E5B000632900D1C0E01121200001F057F92B6937
:10E5C000112120001A6901F057FBFEF728FCA35423
:10E5D00086235B00E258043BE358FF212000984764
:10E5E00094225200A3580133A35001230022FFF7C5
:10E5F00058FB3200BB4906A8F5F7A6F806A803F0B9
:10E600003FF9002801D1FDF7D3FC00228023924678
:10E610000D32FF3291465B0006AD043A9046E35856
:10E620002F180CE01900013380225200A35001354D
:10E6300004326654A654AF4201D1FDF7B9FC2E78DE
:10E64000FF2BEFD15246E2544B46E2584346FF219E
:10E65000E3582000984794225200A3580021013328
:10E66000A3500123E0E7F533E158002901DAFFF771
:10E670009DFBFBF767FA021E01D0FFF797FBFDF742
:10E6800093FC00260833A6540D32E358A258FF210C
:10E690002000984794225200A3580133A35032001F
:10E6A000FEF7ECFC00258622E55452000933E358BE
:10E6B000A258FF212000984794225200A35801330A
:10E6C000A3502B001EE420001121EA6801F0D4FAC7
:10E6D00020008549FBF70AFBFDF76AFCDA689168C0
:10E6E000012901D0FEF75EFB526812783E2A01D064
:10E6F000FEF758FB20002731FBF794FAEB68FEF792
:10E7000051FB00268622E65452000933E358A258F2
:10E71000FF212000984794225200A3580133A350B0
:10E7200043465D683300C2E4FF68002F00D1E7E68E
:10E730003B789A46FDF731FE59786C2900D03AE7CC
:10E740009B78002B00D13AE735E7EA681178012978
:10E7500001D0FFF704FC29690978292901D0FFF7C6
:10E76000FEFB1500FFF7FBFB20006049FBF7BEFA3C
:10E77000F368002B08D011212000320001F07CFA50
:10E7800020212000FBF74EFA3A001121200000F072
:10E79000B1F8002D01D1FDF70BFC2A00112120005A
:10E7A00001F06AFAFDF704FC00268622E6545200C6
:10E7B0000933E358A258FF212000984794225200C1
:10E7C000A3580133A3503300FEF7B9FA002686227E
:10E7D000C65452000933C3588258FF2198479422E7
:10E7E0005200A3580133A3503300FEF795FA136982
:10E7F0001B78292B03D08C2302395B00E1501121B7
:10E800002000D26801F038FAFEF7E9FA2000EA6841
:10E81000112101F031FA3A001121200001F026F80F
:10E82000FDF7C6FB9C235B00E35893422ADD982149
:10E83000D300571C9A22490061585200A750243A2D
:10E84000CB18A15801C3002933D03432A2589E27D7
:10E850009246A022520090468446A25818007F009B
:10E8600000950DE0E559D300AB46454601326251B3
:10E870004D685B445D60036009681800002916D08C
:10E880005245EFDB8C2301225B00E250FDF790FB49
:10E890002A69112100F02EF84B465A46A3504346F0
:10E8A0009B68002B01D1FEF72AFEFDF781FB604635
:10E8B000009D00221A605EE61139FBF7B3F9EFE51F
:10E8C000002E01D0FDF76CFBFDF76EFB3A00112125
:10E8D00000F0CCFFFEF73CFA20000549FBF706FAF2
:10E8E000FDF766FB1C4001109442011054420110D8
:10E8F00068420110F0B50500140083B0002A21D051
:10E900005368012B1EDC8E26802176008259C900B7
:10E910008A4217DC962701337F006360C3590132B6
:10E9200001936B4682511121C35122000094FDF7DF
:10E9300011FB019BEB516368013B6360AB59013BE9
:10E94000AB5103E08C2301225B00EA5003B0F0BD21
:10E95000F8B54546DE4657464E461378E0B5033BCC
:10E96000DBB2040015004D2B03D8DA4A9B00D358C4
:10E970009F462A0011212000FFF7BCFFF0BCBB46D8
:10E98000B246A946A046F8BD0022D34D80232F00F1
:10E9900092460D32FF3291465B00043A20269046A3
:10E9A000C35808370BE01900013380225200A350EE
:10E9B00004326654A654AF42E0D02E780135FF2BC6
:10E9C000F1D15246E2544B46E2584346FF21E35808
:10E9D0002000984794225200A35800210133A350ED
:10E9E0000123E2E70022BD4D80232F0092460D3225
:10E9F000FF3291465B00043A20269046C358083700
:10EA00000BE01900013380225200A35004326654F7
:10EA1000A654BD42B2D02E780135FF2BF1D152461B
:10EA2000E2544B46E2584346FF21E3582000984702
:10EA300094225200A35800210133A3500123E2E79E
:10EA40000022802392460D32FF32A54D91465B0095
:10EA5000043A20269046C3586F1D0CE0190001337C
:10EA600080225200A35004326654A654AF4200D113
:10EA700084E72E780135FF2BF0D15246E2544B4605
:10EA8000E2584346FF21E358200098479422520061
:10EA9000A35800210133A3500123E1E7914E8023C5
:10EAA000721D9046002293460D32FF3292465B0063
:10EAB000043A20279146C3580CE019000133802204
:10EAC0005200A35004326754A754B04500D1C1E1AD
:10EAD00037780136FF2BF0D15A46E2545346E258BC
:10EAE0004B46FF21E3582000984794225200A35838
:10EAF00000210133A3500123E1E78021490042585E
:10EB0000FF2A00D146E2531C4350E039815482224F
:10EB1000520081542CE080235B00C258FF2A00D1B0
:10EB200027E2531C802149006350E039A15482221E
:10EB30005200A1542CE080235B00C358FF2B00D16E
:10EB400006E2591C80225200A150E03AE25482238E
:10EB50005B00E254112120002A69FFF7CBFE0DE78C
:10EB60001121EA68FFF7C6FE08E780235B00C3585F
:10EB7000FF2B00D1B8E1591C80225200A150DA3A93
:10EB8000E25482235B00E254F8E680235B00C35822
:10EB9000002292460D32FF32534D9146043A26260A
:10EBA0009046AF1C0CE01900013380225200A350A4
:10EBB000013504326654A654AF4200D1DEE62E7809
:10EBC000FF2BF0D15246E2544B46E2584346FF2118
:10EBD000E3582000984794225200A35800210133A3
:10EBE000A3500123E1E70022404D80232F009246ED
:10EBF0000D32FF3291465B00043A20269046C358FE
:10EC000008370CE01900013380225200A35004326F
:10EC10006654A654BD4200D1B0E62E780135FF2BD4
:10EC2000F0D15246E2544B46E2584346FF21E358A6
:10EC30002000984794225200A35800210133A3508A
:10EC40000123E1E700222A4D80232F0092460D3256
:10EC5000FF3291465B00043A20269046C3580A379B
:10EC60000CE01900013380225200A3500432665494
:10EC7000A654AF4200D181E62E780135FF2BF0D1AA
:10EC80005246E2544B46E2584346FF21E3582000E7
:10EC9000984794225200A35800210133A350012326
:10ECA000E1E782235B00C35C282B00D00DE1EA681A
:10ECB00011212000FFF71EFE0022802392460D3214
:10ECC000FF320C4D91465B00043A3A269046E358D9
:10ECD000EF1C1EE0CC36011015430110214301103A
:10ECE0002D430110554301105C4301106143011095
:10ECF0006D43011078430110190001338022520046
:10ED0000A350013504326654A654AF4200D135E613
:10ED10002E78FF2BF0D15246E2544B46E258434640
:10ED2000FF21E3582000984794225200A358002165
:10ED30000133A3500123E1E70922802391460432E5
:10ED4000FF32AE4E93465B00043A20279246C358EA
:10ED5000B1440EE01A000133802149006350A754EA
:10ED6000822252008846A754B14500D19AE03778F4
:10ED70000136FF2BEED10022E2545B46E2585346A7
:10ED8000FF21E3582000984794225200A3580133F2
:10ED9000A35001230022DFE70022994D80232F009A
:10EDA00092460D32FF3291465B00043A202690468F
:10EDB000C35811370CE01900013380225200A350D0
:10EDC000013504326654A654BD4200D1D6E52E78F2
:10EDD000FF2BF0D15246E2544B46E2584346FF2106
:10EDE000E3582000984794225200A3580021013391
:10EDF000A3500123E1E70822904600228023934696
:10EE00000D32FF327F4E92465B00043A2027914636
:10EE1000C358B0440BE01900013380225200A350C4
:10EE200004326754A754B04514D037780136FF2B0D
:10EE3000F1D15A46E2545346E2584B46FF21E3587B
:10EE40002000984794225200A35800210133A35078
:10EE50000123E2E72A69002A00D18FE5FF2B64D065
:10EE6000591C80256D0061512821E15482235B00EB
:10EE7000E15420001739FFF73DFD6359FF2B1AD1EC
:10EE80000022E25486235B00E258043BFF21E35852
:10EE90002000984794225200A35801210133A35027
:10EEA000002309E011212000EA68FFF723FD434613
:10EEB000E358FF2BE4D0591C80225200A150D73ACE
:10EEC000E25482235B00E25458E580235B00C35880
:10EED000FF2B71D0591C80225200A150E03AE2541D
:10EEE00082235B00E254E2E60022E25486235B00C8
:10EEF000E258043BFF21E358200098479422520037
:10EF0000A35801210133A350002335E680235B0081
:10EF1000C358FF2B61D0591C80225200A150D63A11
:10EF2000E25482235B00E25428E50022E254862367
:10EF30005B00E258043BFF21E358200098479422ED
:10EF40005200A35801210133A35000232A6988E706
:10EF50000022C25486235B00C258043BFF21C358E1
:10EF6000984794225200A35801210133A350002353
:10EF7000E8E5002383540D33FF33C258043BC358E4
:10EF8000FF21984794225200A3580133A350012334
:10EF90000022C7E5002383540D33FF33C258043BDE
:10EFA000C358FF21984794225200A3580133A3501D
:10EFB000202323701F3BDEE50022C25486235B0022
:10EFC000C258043BFF21C358984794225200A358CB
:10EFD00001210133A35000237DE70022C254862380
:10EFE0005B00C258043BFF21C3589847942252004B
:10EFF000A35801210133A35000238DE77D43011065
:10F000003443011049430110F8B54E464546DE46EB
:10F0100057460400E0B516001D1E6FD086489A685A
:10F02000002A6BD15A6811781939C9B2122962D8ED
:10F0300089004258974682235B00E35C202B00D076
:10F0400096E080235B00E358FF2B00D19FE05A1C21
:10F050008021490062502822E25482235B00E2545E
:10F060009146002288469A461033E7589346E2506C
:10F07000200000232A00EF3900F0E2F84346E3586D
:10F08000FF2B00D1A8E041465A1C6250D739E15409
:10F090005346E154FF2A41D08021531C490063505C
:10F0A000D839A15482225200A1543269002A06D0D4
:10F0B00011212000FFF71EFC80235B00E358FF2B8B
:10F0C00000D177E0591C80225200A150D73AE25477
:10F0D00082235B00E254043B2A0011212000FF3B05
:10F0E00000F0AEF88A235B00E750F0BCBB46B246A6
:10F0F000A946A046F8BD1B68002B90D18A230022A8
:10F100005B00E7581121E250200000232A0000F0A4
:10F1100097F880235B00E258FF2ABDD10023A35457
:10F120000D33FF33E258043BE358FF21200098479A
:10F1300094225200A3580133A3508023283A5B0045
:10F14000FF3AE2500432D83BFF322370A3543269B5
:10F15000002AADD10123B5E782235B00E35C0222E4
:10F1600019009143282900D16BE7202B00D168E7D3
:10F17000802149006258FF2A4BD0531C6350E0396C
:10F18000A15482225200A154FF2B00D05FE700223D
:10F19000E25486235B00E258043BE358FF21200041
:10F1A000984794225200A3580133A350283A0023D1
:10F1B000FF3A4DE70022E25486235B00E258043B0D
:10F1C000FF21E3582000984794225200A3580121C0
:10F1D0000133A350002376E75A46E25486235B00AE
:10F1E000E258043BE358FF21200098479422520044
:10F1F000A3580133A35002234246A3500F4B4A4663
:10F2000023805346E25432690223002A00D04FE79C
:10F2100058E70023A3540D33FF33E258043BE3586F
:10F22000FF212000984794225200A3580133A35095
:10F23000202323701F3B0AE704380110292800000F
:10F24000F0B54E464546DE465746E0B5140005008B
:10F2500099468BB0002A3CD08C2688270123760063
:10F260009A467F0014E05346A360EB590093E3688D
:10F27000EB51292926D02A293CD0022942D011213C
:10F280002800FFF765FB009BEB512468002C20D081
:10F29000AB59002B1DD1A368002BF6D14B466268F9
:10F2A0001178002BDFD14D29EFD019D80B001C3B72
:10F2B000042BEAD95346A360EB590093E368EB5162
:10F2C0002929D8D1236828001839FFF79DFE009B13
:10F2D000EB510BB0F0BCBB46B246A946A046F0BD10
:10F2E0004F390129D1D95346A360EB590093E36804
:10F2F000EB51C4E723682800193900F0F3F8009BAC
:10F30000EB51E6E78A277F00EB59D2689846002345
:10F310002800EB510F31FFF7EDFA4346EB516D4FEB
:10F320008023BA1C91463A229046D23293465B0023
:10F33000043A9246EB580EE01A000133802149004E
:10F340006B504146A954822201375200A9544F45BF
:10F3500014D03A789046FF2BEED10022EA545B4657
:10F36000EA585346FF21EB58280098479422520050
:10F37000AB580133AB5001230022DFE76268146908
:10F380002278472A15D04D2A10D00CD81C3A042ACE
:10F390000CD9220011212800FFF7ACFA8823009A2B
:10F3A0005B00EA5095E74F3A012AF2D8E4682278E8
:10F3B000E9E73B3A9246484F6F3290469132934686
:10F3C000BA440FE01A000133802149006B5089468E
:10F3D0004146A95482225200A954574518D03A7880
:10F3E00001379046FF2BEDD10022EA5484235B00C5
:10F3F000EB58FF2101935B462800EA58019B984790
:10F4000094225200AB580133AB5001230022DBE7BA
:10F41000236932495A1C03A8F4F796F903A802F0AD
:10F420002FFA4B46EB58002827D0862281465200FF
:10F43000934603AF043A9246B9440AE019000133F7
:10F4400080225200AB50013704326E54AE544F4507
:10F4500013D03E78FF2BF1D10022EA545B46EA58E4
:10F460005346FF21EB582800984794225200AB588E
:10F4700000210133AB500123E2E7194FFA1C9146FA
:10F480007D2290468F329346043A92460FE019004F
:10F49000013380225200AB5042466A5482224146D8
:10F4A00052000137A9544F4580D03A789046FF2B3F
:10F4B000EDD10022EA545B46EA585346FF21EB584F
:10F4C0002800984794225200AB5800210133AB50DA
:10F4D0000123DEE78C400110914001101C40011017
:10F4E000A0400110F0B54E464546DE465746E0B511
:10F4F000040090461E0083B0002B0BD09A68002AAF
:10F5000051D01B68002BF9D10023320011212000BB
:10F51000FFF796FE80235B00E358FF2B00D1B3E09A
:10F5200080215A1C49006250E039E15482235B007B
:10F53000E154FF2A46D08021531C49006350A5396D
:10F54000A15482225200A1544246D268002A06D019
:10F5500011212000FFF7CEF980235B00E358FF2B39
:10F560000FD0591C80225200A150A33AE2548223AA
:10F570005B00E25403B0F0BCBB46B246A946A046CD
:10F58000F0BD0022E25486235B00E258043BFF21D9
:10F59000E3582000984794225200A35801210133D8
:10F5A000A3500023DEE75B681B782A2B29D10023B8
:10F5B000320011212000FFF743FE80235B00E25858
:10F5C000FF2AB8D10023A3540D33FF33E258043B84
:10F5D000E358FF212000984794225200A35801339A
:10F5E000A3508023283A5B00FF3AE2500432A53B47
:10F5F000FF322370A3544346DA68002AA8D10123BE
:10F60000AFE780233A4D5B00AA1C93462027E358BE
:10F610000EE01A000133802149006350A754822272
:10F620000135520089469246A754AB4518D02F7831
:10F63000FF2BEED10022E25486235B00E358FF212A
:10F64000009384235B00E358009A200001939847BD
:10F6500094225200A3580133A35001230022DAE779
:10F660000023320011212000FFF7EAFD4B46E2584B
:10F67000FF2A2AD04946531C63502921A1545246DF
:10F68000A154FF2B00D04BE70022E25486235B00FD
:10F69000E258043BE358FF2120009847942252008F
:10F6A000A3580133A3508023273A5B00FF3AE2506E
:10F6B000104B5932238082235B00E2544346DA68C0
:10F6C0000223002A00D043E74BE70023A3540D3365
:10F6D000FF33E258043BE358FF212000984794226F
:10F6E0005200A3580133A35029232370283B17E766
:10F6F00090420110205B0000A423F0B55B00C358CA
:10F700000400150083B0002B06D0882252008158D7
:10F710000193009169468150EA681378042B0ED05A
:10F7200011212000FFF7E6F8A4235B00E358002B2B
:10F7300003D08823009A5B00E25003B0F0BD112192
:10F740002000D268FFF7D6F8A4235B00E358002B13
:10F7500003D08823009A5B00E25082225200A35C0F
:10F760003C2B51D080235B00E358FF2B30D05A1C38
:10F77000802782267F00E2513C227600E254A25587
:10F78000EB6811211A692000FFF7B4F8A35D3E2B46
:10F7900031D0E359FF2B09D0591C80225200A150CF
:10F7A000C23AE25482235B00E254C6E70022E254EC
:10F7B00086235B00E258043BFF21E3582000984772
:10F7C00094225200A35801210133A3500023E4E7FF
:10F7D0000022E25486235B00E258043BE358FF21F9
:10F7E0002000984794225200A3580133A350283A8E
:10F7F0000023FF3ABCE7E259FF2A10D02021531C16
:10F80000E351A154A155C5E7802040002158FF29AC
:10F8100018D04B1C2350E0386054A054A5E70023B7
:10F82000A3540D33FF33E258043BE358FF2120007B
:10F83000984794225200A3580133A35020232370E9
:10F840001F3BA9E7002363540D33FF33E258043B09
:10F85000E358FF212000984794225200A358013317
:10F86000A350202323701F3B81E7C046F0B5D64646
:10F870004F46464613780400C0B5322B07D01121FD
:10F88000FFF738F8E0BCBA46B146A846F0BDD368E9
:10F890009F685D68002FF5D00022802392460D32CC
:10F8A000FF3291465B00043A9046C358EF190AE0D4
:10F8B0001900013380225200A350013504326654EE
:10F8C000A654BD42DED02E78FF2BF1D15246E25431
:10F8D0004B46E2584346FF21E358200098479422C4
:10F8E0005200A35800210133A3500123E2E7C04690
:10F8F000F0B557464E46DE464546E0B5E7B00678D9
:10F9000000AF0400F960BA605F2E00D10AE108225E
:10F910002000D04901F0E2FF0025002809D1237A18
:10F920002E2B00D1EDE05F2B00D1EAE0242B00D19B
:10F93000E7E0200001F0A4FF23187B611123BB61E5
:10F9400000237B623B63BB63FB633B647B64BB6400
:10F95000802342003C61FC61BA6278631B019A42D9
:10F9600000D9C5E0694683001818C000091AE946A5
:10F970008D46EB460733DB08DB00CB1A9D465B4622
:10F980003B626B46FB62012D00D1D1E0AB1ED9B2C8
:10F99000012900D9D1E00B218A46A2445146F961E0
:10F9A000591E8B41442188469844E37A5F2B03D14A
:10F9B000237B5A2B00D13DE1002A00DC29E150468F
:10F9C00001F05EFF5A4600235360936001227A6281
:10F9D000002800D11DE15A4613705B46524618615B
:10F9E000DA601020414600235A463818F9F7A0FF84
:10F9F000FC698046200001F043FF2418FC61267852
:10FA0000002E00D096E04346002B00D192E0102259
:10FA10003C239B18DC19F0339B18DB191E608223F2
:10FA20008E255B00E6540C33E6500433E650103369
:10FA3000E650FA680433E650203BE250BA680433DB
:10FA4000E2500C33E6500833E6500C33E6500433F2
:10FA5000E6500433E6500433E6500433E6500433F2
:10FA6000E6506D00043341462000E6506651FAF737
:10FA700005F8802362591B019A4200DA66519C23E3
:10FA8000A221002049005B00E25863586D465343B1
:10FA9000635004316050002A00DC01226946D20024
:10FAA0008A1A9546002B00DC01236946DB00CB1A3D
:10FAB0009D4698235B00E2506A460C33E2501121C8
:10FAC00042462000FEF716FF80235B00E15800232A
:10FAD00063540D33FF33E258043BAD462000E35836
:10FAE00098478C235B00E058CD464342584100E0E4
:10FAF0000020BD4667B0F0BCBB46B246A946A04652
:10FB0000F0BD637A442B03D00025492B00D010E7C9
:10FB1000A27A00255F2A00D00BE7493B5A1E934189
:10FB20009D1C06E743785A2B00D0F0E6012500E73C
:10FB30005F2E0AD00020CD46DBE71023F818FAF735
:10FB40004FFBFB6980461E785AE763785A2BF1D148
:10FB5000A31CFB61A378472B00D186E0542B00D176
:10FB600083E010230121F818FBF776FB8046BB6980
:10FB70007B60DB0776D50023F9699A460E782E2E36
:10FB800000D03DE74B781A00613A192A48D95F2B1B
:10FB900046D0303B092B65D80B000A782E2A12D1AB
:10FBA0005A78303A092A0ED89C789A1C2300303BA8
:10FBB000092B31D813005C7801332200303A092A2E
:10FBC000F9D92E2CECD0581AFB617A6ABB6A7B609B
:10FBD0009A4223DA3C6A9300A4467C6054469B1800
:10FBE0009B00634401325C609C607A62002815DDF2
:10FBF0005C609C601C70D9601861102042464E21E8
:10FC00003818F9F795FEF96980460E782E2EB9D08E
:10FC1000F6E600239B46E4E61300D2E70023ECE778
:10FC20008B1C1A7810006138192801D95F2AB5D1C8
:10FC30000133F6E723000D33FB61637B472B0BD0C9
:10FC4000542B09D010230021F818FBF705FB83463D
:10FC5000C7E6C046204001101023F818FBF774FBDC
:10FC60008346BEE6FB691E78CAE61023F818FBF748
:10FC70006BFB80467BE7C046F0B5C64600B51378FF
:10FC800004001500012682B0012B03D9312B01D0CD
:10FC9000062B3FD16B68012B32DC8E2780217F0041
:10FCA000E259C9008A422BDC01336B6096235B006A
:10FCB0009846E3580132E25101936A4643461121C6
:10FCC000E25020002A000095FCF744F94346019ACF
:10FCD000E2506B68013B6B60E359013BE351002E3E
:10FCE00014D180235B00E358FF2B26D0591C8022BF
:10FCF0005200A150D73AE25482235B00E25405E05F
:10FD00008C2301225B00E250002EEAD002B080BCBE
:10FD1000B846F0BD80235B00C358FF2B1ED0591C92
:10FD200080225200A150D83AE25482235B00E25470
:10FD30006B680026012BB0DDE2E7E65486235B000A
:10FD4000E258043BFF21E3582000984794225200D8
:10FD5000A35801210133A3500023C8E70022C25455
:10FD600086235B00C258043BFF21C3589847942266
:10FD70005200A35801210133A3500023D0E7C0460D
:10FD8000F0B5DE4657464E464546D368E0B5DB68DB
:10FD900004001B680020197883B066297AD11269A3
:10FDA000D16812698B4600219046127889463C2A18
:10FDB00000D1BCE092225200A1588A46012149425A
:10FDC000A1505B786C2B00D1B8E06AD84C2B01D0E5
:10FDD000522B5AD180235B00E358FF2B00D106E160
:10FDE0005A1C80256D0062512822E25482235B0058
:10FDF000E254112142462000FFF73EFF5A461121EE
:10FE00002000FFF733FD6359824D2E26EA1C9046F1
:10FE10000CE01A00013380277F00E351A6548222B0
:10FE200001355200A654A84518D02E78FF2BF0D1EA
:10FE30000022E25486235B00E358FF2100938423D1
:10FE40005B00E358009A20000193984794225200E7
:10FE5000A3580133A35001230022DCE75A461121A5
:10FE60002000FFF703FD4A4611212000FFF704FFA1
:10FE7000E359FF2B00D195E0591C80225200A1507C
:10FE8000D73AE25482235B00E25492235246012087
:10FE90005B00E25003B0F0BCBB46B246A946A046A8
:10FEA000F0BD722BF1D180235B00E358FF2B00D112
:10FEB0008AE05A1C80256D0062512822E254822378
:10FEC0005B00E254112142462000FFF7D5FE5A465E
:10FED00011212000FFF7CAFC002293460D32FF32A9
:10FEE00063594D4D9146043A2E2690462F1D0BE046
:10FEF0001900013380225200A350013504326654A8
:10FF0000A654BD42C1D02E78FF2BF1D15A46E254FF
:10FF10004B46E2584346FF21E3582000984794227D
:10FF20005200A35800210133A3500123E2E74246C7
:10FF3000126991464246D26890463BE78023374D8E
:10FF40005B002A1D91462826E3580CE01A00013375
:10FF500080277F00E351A654822201355200A65427
:10FF6000A94518D02E78FF2BF0D10022E254862329
:10FF70005B00E358FF21009384235B00E358009A61
:10FF800020000193984794225200A3580133A350B4
:10FF900001230022DCE75A4611212000FFF766FC0E
:10FFA000424661E70022E25486235B00E258043BAC
:10FFB000FF21E3582000984794225200A3580121C2
:10FFC0000133A350002358E70022E25486235B004C
:10FFD000E258043BE358FF21200098479422520046
:10FFE000A3580133A350283A0023FF3A62E70022C6
:10FFF000E25486235B00E258043BE358FF212000D3
:020000041001E9
:10000000984794225200A3580133A350283A002362
:10001000FF3AE6E694420110904301108843011034
:10002000F0B5C64600B50C0015001E0086B00028CD
:1000300048D0002901D0002A44D000232C4902AA2C
:100040000293039304930593FFF752FC002840D0DA
:10005000059B0193002B1ED00123029F9846002F81
:1000600041D0002C2BD0380001F00AFC2B689842BC
:100070001FD23900421C2000F4F716F83800F4F7BC
:1000800001F82700002E01D000233360380006B0AD
:1000900080BCB846F0BD049B029F9846002FE0D17B
:1000A000002E14D0012B19D101235B4200273360AD
:1000B000ECE72000F3F7E6FF43462B60E2E7002D74
:1000C000FAD1DFE7002E02D003235B423360002722
:1000D000DCE70298F3F7D6FF002EF8D002235B424C
:1000E00000273360D2E7002EDED10027CEE7C046DE
:1000F000699B001010B5002808D0002906D0FFF732
:10010000F7FB431E98414000023810BD03204042D7
:10011000FBE7C04610B5F3F7B5FF10BD70B51C4C3A
:1001200008386368002B27D006688519AB4223D8AE
:100130001DD05A680434002A06D10EE051681C1DF7
:1001400000291FD013000A009542F7D304D12A6872
:1001500094466A6866445A6023681A689918884207
:100160000DD05B68066043602368586006E01A683B
:100170005B689446664406604360606070BD921997
:100180001A60FBE75B681A6899188842E9D1F6E7BC
:10019000A0200020020010B50832083000D3082249
:1001A00007231049073248689A43002813D00431C6
:1001B00003E0011D406800280DD003689A42F8D87A
:1001C0009C1A072C08D9831840681C60586008687E
:1001D00002600B60083010BD0360436808300B609C
:1001E000F9E7C046A020002070B580300500F3F785
:1001F00025FF041E07D0802200212000F3F74EFFC8
:100200002000803070BD2800FFF7C4FF041EF2D12B
:10021000F9F758F9074A8038936810B5984203D91E
:10022000D2689B18984202D3F3F72CFF10BDFFF75A
:1002300075FFFBE7A020002070B59E25084C2D011E
:100240002800E560F3F7FAFEA060002804D0002340
:1002500060600560436070BDE0606060FBE7C046C1
:10026000A0200020027803000020472A00D0704719
:100270005A784E2AFBD19A78552AF8D1DA78432A4F
:10028000F5D11A79432AF2D15A792B2AEFD19A79EA
:100290002B2AECD1DB792A3A9A424041C0B2E6E7F8
:1002A00010B5041E06D000F08BF82000FFF7DAFF2F
:1002B000002801D1F9F706F9203CE068F9F7EEF8DB
:1002C000F0B5DE464E4657464546E0B585B00600D9
:1002D000FFF7C8FF041E0BD03300203B9A68DC6890
:1002E000B36A91469A460023376B9846756B05E0D2
:1002F000012381469846050007008246300000F041
:100300005FF84346002B01D0F9F7E8F84846F9F7C3
:10031000E1F800F055F84346002B01D0F9F7D2F888
:10032000F8F756FD27230668F25C33007833012A7C
:1003300000D13368BF080293BB00019300239946A4
:100340002036CA4520DD2F68002F00D07F190022FB
:100350003900300002ABF8F763FC002801D000F050
:100360000BF93B6803901B6938009B461149012338
:1003700003AAD847002800D0804601239C46019B51
:10038000E1449C466544DCE74346002B08D004204A
:10039000FFF72AFF084B094A0649036000F0D2F82C
:1003A0002000F9F77BF800F045F800F043F8F8F783
:1003B00031FCC046B02C0110342D0110B58D001059
:1003C00070B50400F8F708FD220023780568203A8C
:1003D000472B04D0002D2BD10260280070BD63781C
:1003E0004E2BF7D1A378552BF4D1E378432BF1D1E1
:1003F0002379432BEED163792B2BEBD1A3792B2BD4
:10040000E8D1E379012BE5D85369002B0DDB0133EB
:1004100053614368013B4360954201D0156102601E
:100420002000656A02F078F8D7E70121CB1AEFE7E0
:10043000F9F748F810B5F8F7CBFC0368002B09D0A2
:1004400020229A5C472A06D000222033026018003E
:1004500002F03AF810BD263A9A5C4E2AF4D12C3AB2
:100460009A5C552AF0D1323A9A5C432AECD11F3A71
:100470009A5C432AE8D11E3A9A5C2B2AE4D1053AC9
:100480009A5C2B2AE0D1043A9A5C012ADCD85A699A
:10049000002A08DB511E012A0CD04A1C01D05961E8
:1004A000D8E7F9F70FF8511C0132F8D11A69026048
:1004B0005961CFE71A6920330260180002F004F88E
:1004C000C8E7C04610B5012812D80B00283B1A68AF
:1004D000501E1860012A00D010BDDB6858310C0096
:1004E000002B01D0080098472000FFF793FEF3E7A8
:1004F00028394869F8F7D2FF70B505000026803D1D
:10050000EA602E60A9600400F8F7F6FF2861F8F7AA
:10051000EDFF23004722583B68611A7007325A707A
:1005200007329A7022004323553A13705370183BD8
:100530009370D370024B513C280026702B6370BD22
:10054000C504011070B504000D001600F8F744FC56
:10055000436832000133290043602000FFF7CCFFDD
:10056000012303602830040002F00EF82000FFF79A
:1005700027FFF8F7A7FFC04610B5F8F72DFC436832
:10058000046801334360002C0CD02023E35C472B2C
:100590000AD0002303602034200001F0EDFF20008A
:1005A000FFF70EFFF8F78EFF263BE35C4E2BF0D1F2
:1005B0002C3BE35C552BECD1323BE35C432BE8D185
:1005C0001F3BE35C432BE4D11E3BE35C2B2BE0D1D0
:1005D000053BE35C2B2BDCD1043BE35C012BD8D83F
:1005E00063695B426361D6E710B5F8F7F5FB006815
:1005F000002804D02723C35C012B01D0006810BD64
:1006000000687838FAE7C04610B5041E00D10134FE
:100610002000F3F713FD002800D010BD00F02CF9E6
:10062000002801D08047F3E70430FFF7DDFD034BDE
:10063000034A04490360FFF785FFC046CC2E011032
:10064000F9980010A82E0110406870470D4B10B5A6
:10065000083303604368040018000B4A0C3882B06A
:10066000904205D12000F8F7A3FB200002B010BD96
:10067000043B1A68511E1960002AF3DC01A900F03E
:10068000F7F8EFE7F4480110B02000200D4B10B54B
:10069000083303604368040018000B4A0C3882B02A
:1006A000904205D12000F8F783FB200002B010BD76
:1006B000043B1A68511E1960002AF3DC01A900F0FE
:1006C000D7F8EFE7F4480110B02000200F4B10B529
:1006D000083303604368040018000D4A0C3882B0E8
:1006E000904208D12000F8F763FB2000FFF712FDCD
:1006F000200002B010BD043B1A68511E1960002A88
:10070000F0DC01A900F0B4F8ECE7C046F4480110B1
:10071000B02000200F4B10B508330360436804007D
:1007200018000D4A0C3882B0904208D12000F8F72A
:100730003FFB2000FFF7EEFC200002B010BD043BA1
:100740001A68511E1960002AF0DC01A900F090F827
:10075000ECE7C046F4480110B0200020F0B5C646D2
:1007600000B51C4B04000D0082B00360002929D0A5
:10077000080001F085F8061E18D0002101AA00F03B
:100780003BF80C23984607008044012E11D032001C
:1007900029004046F3F788FC0F4B9F420CD143469B
:1007A0002000636002B080BCB846F0BD0B4B984699
:1007B000F5E72B780373EFE700233E60BE19BB60BB
:1007C0003373ECE70648F8F7EBFF2000F8F7F0FA90
:1007D000F8F720FAFC480110B0200020BC200020CF
:1007E0001C49011010B50400FFF7B8FF014B2000B1
:1007F000236010BD104901101B4B10B50400984236
:100800002FD8884218D94B00984200D21C002300F0
:10081000200080221D330D305201934213D98C42A7
:1008200011D994461B051B0D6444E41A0E4B9C42DF
:1008300011D820000D3008E0230080221D330D3038
:100840005201934201D9002809DBFFF7DDFE0023A6
:100850004460836010BD1C0020000D30F5E7F8F700
:100860008FFF0248F8F7B4FFFCFFFF3F4849011033
:1008700010B5FFF74FFC10BD014B18687047C0461C
:100880009C200020062010B500F06EFF0120F1F73B
:100890003DFAC046144B70B51E6805000C00002ED2
:1008A00002D0B36B002B13D0636EDB0702D4A38995
:1008B0009B0515D529002200300000F039FD636E3C
:1008C0000500DB0702D4A3899B0505D5280070BD70
:1008D000300001F013FAE7E7A06D00F041FAF5E708
:1008E000A06D00F03BFAE5E7D815002070B50500D3
:1008F00086B008001400019100F0C2FF012301AE90
:100900000590029003960493002D02D0AB6B002B50
:1009100027D0636EDB0720D4A2890C23E15E930508
:1009200018D580239B011A4205D10B43626EA38127
:10093000104B134063662800210003AA00F028F83A
:10094000636E0500DB0702D4A3899B050DD5280043
:1009500006B070BDA06D00F001FA0C23E15EA28923
:10096000DFE7280001F0CAF9D3E7A06D00F0F8F93D
:10097000EDE7C046FFDFFFFF030010B50A000349A3
:1009800008681900FFF7B2FF10BDC046D815002057
:10099000F0B5DE46454657464E46E0B59368834679
:1009A0000C00904683B0002B23D08B891A0728D5E2
:1009B0000A69002A25D0424616689A072DD50027D5
:1009C000AC4B00259946BA46002D58D02B004D451A
:1009D00000D9A84B52465846E169676AB8470028D3
:1009E00058DD43469B6882442D1A181A4346986086
:1009F000EAD1002003B0F0BCBB46B246A946A046EF
:100A0000F0BD2100584601F01BF8002800D02DE170
:100A10004246A38916689A07D1D4DA0742D4002245
:100A200000279146002F25D080229200A56813420E
:100A300000D180E0AA46BD4200D9AFE09022D200AA
:100A4000134200D0BBE020685246494601F0ACFD9D
:100A5000A3685D1BA5603D00002723685344236005
:100A600043469B68A9445D1B43469D60C1D0A38952
:100A7000002FD9D13268776891460836D2E73368BB
:100A800075689A4608369FE72100019801F0F8F84A
:100A900000282FD00C22A35E402201201343A38103
:100AA0004042A7E700230022B14600271E005B4614
:100AB000002092460193002F27D000282FD033002A
:100AC000BB469F4200D99B462068226963699042D9
:100AD00004D9A2689D18AB4500DD9EE05B4561DC52
:100AE000656A5246E1690198A847051ED2DD0120DA
:100AF000761BC9D043469B68AA447F1B5D1B4346B7
:100B00009D6000D175E7002FD7D14B461B689A46F0
:100B10004B465F6808239C46E144002FF5D03A001D
:100B20000A21504601F0C8FC002800D195E0534648
:100B30000130C61AC3E720682369984216D8636952
:100B40009A46BB4212D84C4B38009F4200D94B48C2
:100B50005146F2F76FFE5346656A43434A4658468C
:100B6000E169A847051E95DD7F1B79E7BD4200D9E5
:100B70003D002A00494601F017FDA36822685B1B6F
:100B80005219A3602260002BEED12100584601F0DB
:100B900077F8002800D07DE77F1B61E73D00BA466B
:100BA000206851E75A46514601F0FEFC5A46A368B8
:100BB0005D469B1AA36023685B44236097E76069E6
:100BC00022682169551A42001218D00F8218681C39
:100BD0005210C01992460195904201D982460200F6
:100BE0005B0529D51100584600F0D0F8051E37D016
:100BF000019A2169F3F758FAA389214A1340802208
:100C00001343A3815246019B2561E818D31A3D0086
:100C1000BA4620606261A36016E751462A0001F0DF
:100C2000C3FC236821005B190198236001F028F8B8
:100C3000002800D15BE72DE7584600F0D9FB051EE0
:100C4000E0D12169584601F047F980225946A3892D
:100C50009343743A1BB20A601EE77B1C1E002FE709
:100C60000C235A4613600C22A35E15E70120404274
:100C7000C0E6C04600FCFF7FFEFFFF7FFFFFFF7F57
:100C80007FFBFFFFF0B5C64600B51D00170086B01C
:100C900001AB039301236F43061E90460C9C019108
:100CA00002970597049302D0836B002B34D0636EB8
:100CB000DB0726D4A2890C23E15E93051ED5802391
:100CC0009B011A4205D10B43626EA381184B13405E
:100CD00063662100300003AAFFF75AFE636E002806
:100CE0001DD0DB0711D505984146381AF2F7CAFD29
:100CF0000500280006B080BCB846F0BDA06D00F02D
:100D00002DF80C23E15EA289D9E7A3899B05EAD4DB
:100D1000A06D00F025F8E6E700F0F0FFC7E7DB077D
:100D2000E7D4A3899B05E4D4A06D00F019F8E0E7AF
:100D3000FFDFFFFF10B50400054882B00068009394
:100D400013000A002100FFF79DFF02B010BDC0464E
:100D5000D81500207047C0467047C0467047C0464F
:100D60007047C04610B5034B0100186800F00EF83C
:100D700010BDC046D815002010B5034B01001868FF
:100D800001F0AAF810BDC046D8150020F0B54E46B7
:100D90004546DE465746E0B50D000B35060083B0EC
:100DA000162D22D8102900D9B2E000F0B1FA102592
:100DB00018230220CC4FFB181A005C68083A9442B2
:100DC00000D1B5E0032362689A431300E268A1688A
:100DD000CA6091600122E318596830000A435A60E2
:100DE00000F09EFA2000083095E007239D4300D5CF
:100DF0008EE0A94200D98BE000F08AFAFC235B0068
:100E00009D4200D2A7E1680A00D18BE0042800D9F6
:100E10007AE138239846A80980443930C100B24F9E
:100E200079184C680839A1420ED003239C4604E08F
:100E3000002ACBDAE468A14206D062466368934395
:100E40005A1B0F2AF4DD40463A003C6908329442AE
:100E500000D178E003236168994389460B00491B60
:100E60000F2900DD7BE17A613A610029B2DA802244
:100E70009200914500D30FE15909DA0801238B4014
:100E8000D2007968D2190B4391687B60E260A1605F
:100E90009460CC60012182109140994259D80B4254
:100EA00005D103229043490004300B42FBD00323B9
:100EB0009846C3009946B944CC4682466346DC68EE
:100EC000A44507D12CE1002A00DB35E1E468A44504
:100ED00000D125E14246636893435A1B0F2AF2DD95
:100EE00001208046611905436560A068E568083700
:100EF000C560A86040461043F960B9604860CF60A3
:100F000030008F60E25000F00BFA2000083002E061
:100F10000C230020336003B0F0BCBB46B246A946A8
:100F2000A046F0BD80213F2340209846890076E707
:100F3000DC680230A34200D044E73A003C69083242
:100F4000944200D086E701217B688210914099424B
:100F5000A5D90323BC6862689A439146954203D899
:100F6000531B0F2B00DD89E023004B445F4A0193A4
:100F70005F4B93461B681268EB18013200D13DE1CC
:100F80005C4A944663441B0B1B030093300000999A
:100F900000F0D8FB03008046013300D1FAE0019B4A
:100FA000834200D9F4E0544B00981A009A46126824
:100FB00003009446514663440B6001991A00414571
:100FC00000D151E15B461B68013300D156E1434635
:100FD00001995B1A9A1853461A6007234246414604
:100FE0001A400192194200D112E108239846881A4A
:100FF000424B0099804441449B1A5B1A1B051B0D10
:101000000091300019009B4600F09CFB431C00D16E
:1010100050E14346C01A03005B44009353465246D6
:101020001B6801215B44136042464046BA60009A47
:101030000A434260BC4200D124E14A460F2A00D84C
:1010400022E107200C3A82436068014005201143E9
:101050006160A118486088600F2A00D935E14246D6
:101060004446526826490868984200D20B602549D8
:101070000868984200D38FE00B608DE001222900C0
:1010800013431143651961603000BD606B6000F06F
:1010900047F9200008303EE75A0A042A72D9142A78
:1010A00000D9C5E011005C325B31D20008235B42FD
:1010B0009C46BA18944463469A680323984694451C
:1010C00000D19EE0434651689943494502D9926850
:1010D0009445F7D1D3689C467B686146A260E16085
:1010E0008C60D460D6E6C046081A0020101E00208E
:1010F000FC2000200F100000CC2000200810000071
:10110000F4200020F8200020142852D9542800D9B7
:1011100096E06E239846280B80446F30C1007EE62F
:1011200008239B46073BDC449B46DA444346524631
:10113000134200D0C2E64CE00122E31859683000A7
:101140000A435A60E368A268D3609A6000F0E8F846
:1011500020000830DFE62B00E80808332AE60123E8
:1011600060191D43656078613861C26082601A0051
:101170004B460A4342603000E15000F0D1F82000B5
:101180000830C8E69A09110039323831D2008DE7AB
:10119000BC4260D0BC68626803239A43531B9542EB
:1011A00002D80F2B00DD69E7300000F0B9F800200D
:1011B000B1E65B23984680445C30C1002FE60823EB
:1011C0005B429C46E1444B469B6801384B4500D04E
:1011D00098E043460342F2D17B688B437B60490031
:1011E000994200D9B5E6002904D1B2E6042294461A
:1011F0004900E2440B42F9D050465AE610330093BE
:10120000C4E68910023B8B4079680B437B6064E73E
:10121000009B300043445B421B051B0D19009B469D
:1012200000F090FA431C00D0F3E600239B46F5E65D
:10123000542A2BD81A0B11006F326E31D20035E7C9
:10124000AA235B0098422BD8DD3B9846E80B8044EC
:101250007830C100E3E52C4B009A9A461B689C4607
:10126000534662441A60ADE6090500D0AAE60200C2
:10127000BC684A4401310A436260F3E65B46424679
:101280001A60AAE64446EDE641608DE7AA214900CE
:101290008A4224D8DA0B110078327731D20005E780
:1012A0001A4B984224D87C239846A80C80447D3061
:1012B000C100B4E5009A019B94464246083B634452
:1012C0009B1A009300239B46A8E6210030000831BA
:1012D00000F002FE5346BC681B686268C2E60B4918
:1012E0008A420BD89A0C11007D327C31D200DDE6A7
:1012F000FE217E237F209846890090E5FE227E21F4
:101300009200D3E67B686AE7CC20002054050000F9
:1013100010B50248FFF722FD10BDC046C0200020D6
:1013200010B50248FFF71CFD10BDC046C0200020CC
:1013300070B505000E001400002802D0836B002B4E
:101340001ED0636EDB0702D4A3899B0522D5A36858
:10135000013BA360002B05DAA269934213DBF3B2D1
:101360000A2B10D0FF2023685A1C22601E700640F2
:10137000636EDB0702D4A3899B050FD5300070BDD7
:1013800000F0BCFCDDE731002200280000F0E0FAAC
:101390000600EDE7A06DFFF7E1FCD8E7A06DFFF7D1
:1013A000DFFCEBE7094B10B51C68094AA83420683C
:1013B0006168084BF2F7EEFD0122002380185941C5
:1013C000206061604800400810BDC046D81500206C
:1013D0002D7F954C2DF45158030010B50A00034998
:1013E0000868190000F004F810BDC046D8150020A8
:1013F000F0B557464546DE464E46E0B50C000700C0
:10140000904683B0002900D1A8E045460B35FFF790
:101410007FFF162D70D810251023A84570D8260000
:10142000083E716803220800904381460096984266
:1014300000DB77E0C24A301893469268824200D1BE
:10144000CAE0426801900092012292465046009AFA
:101450008243019894468346DC4462465046526873
:10146000024200D071E00320009ACB4682439446AA
:10147000E3449B4550DA52460A4211D103213268B7
:10148000B21A924652688A436146511849448B46C3
:10149000994200DB78E04A4493469A4200DB78E0C8
:1014A00041463800FFF772FC8046002820D0736860
:1014B000B446009301230099020099430B00083AB7
:1014C0006344934200D1F7E04A46043A242A00D903
:1014D000F7E003002100132A00D9C8E00A681A6067
:1014E0004A685A608A689A602100380000F0F4FC6B
:1014F0003800FFF715FF07E007239D432B1E8CDA0A
:101500000C233B6000239846404603B0F0BCBB462A
:10151000B246A946A046F0BDD946019AD368926862
:10152000D3609A604B465B1B0F2B1CD801214A46A7
:1015300073680B40134373604E44736819437160C2
:101540003800FFF7EDFEA046DEE70842A8D10321F0
:101550003268B21A924652688A439CE71100FFF73C
:1015600015FC8046D0E701207268711902400343E0
:10157000154375604B604E447368083118437060C2
:10158000380000F0A9FCDBE7019AD3689268D360C9
:101590009A6053465246DB6892685646D3609A601A
:1015A0004A46043A0836242A6BD83300132A09D94C
:1015B0005346216899606168D9601B2A00D98EE082
:1015C000083410332268D9461A6062685A60A268EB
:1015D00034009A605646A5E75068032290430D32C6
:1015E00082469446CA44AC44E24552DACA0700D562
:1015F00056E73168721A0321924652688A431018DE
:101600000100494400918C4500DD44E753465246B1
:10161000DB689268D3609A6008234A465344043AD0
:101620009846242A75D8132A08D953462168996008
:101630006168D9601B2A71D80834103322681A6097
:1016400062685A60A2689A60534659195B4699606D
:10165000009B38005A1B01231A434A6052465268C5
:1016600013401D4353465D60FFF75AFE4CE7216867
:101670000160616841601B2A27D8210008330831C6
:101680002CE721003000340000F08EFFD94656468A
:1016900048E75B460098A0464119996053465A1B9B
:1016A00001231A434A6041680B401D4345603800DE
:1016B0000091FFF735FE27E703225B6893439944C7
:1016C00030E7210000F070FF0EE7A1688160E1685B
:1016D000C160242A0CD0210010331031FEE6A1682D
:1016E0001961E1685961242A0BD01034183369E775
:1016F00022692100026102006069183118335061CB
:10170000ECE622699A61524661692033D16118344E
:1017100058E72100180000F047FF95E7A16819611C
:10172000E1685961242A02D01034183386E722690F
:101730009A61524661692033D16118347EE7C04610
:10174000081A0020002370B5064D040008002B6025
:10175000F0F7DEFA431C00D070BD2B68002BFBD0E5
:101760002360F9E7FC260020164B70B504001D68C5
:101770001F2821D8B7239B00EB58002B0DD08200E7
:101780009B181A68002A08D0012A13D0511C0DD0CA
:10179000002119609047002070BD280000F028F853
:1017A00022000100280000F00FF8F5E716230120C1
:1017B0002B60F1E70020EFE7162301202B60404269
:1017C000EAE7C046D8150020002370B5074D040095
:1017D000080011002B6000F023FE431C00D070BDF8
:1017E0002B68002BFBD02360F9E7C046FC260020C5
:1017F00010B500F005FE10BD024670B50A43920711
:101800002AD11E4DEE0104C808C9541B944334402C
:1018100017D0D0B2D9B2401A2106014310D190B2EC
:1018200099B2401A210401430AD110021902000A98
:10183000090A401A2102014302D1100E190E401A62
:1018400070BD9A42DFD010BA19BA884201D901207E
:1018500070BD0020C04370BD02780B7801300131AB
:10186000002A09D09A4207D102780B780130013161
:10187000002A01D09A42EFD0D01A70BD01010101B7
:1018800010B583070AD00300032102E001330B42A5
:1018900005D01A78002AF9D1181A10BD030019686A
:1018A0000C4A0D4C8A188A4322420FD15968094AC2
:1018B00004338A188A43224208D15968054A0433FE
:1018C0008A188A432242F1D000E001331A78002AB4
:1018D000FBD1E1E7FFFEFEFE8080808030B5002A6C
:1018E00026D003000B439B0724D1032A22D9164D8F
:1018F0000BE0043A002A1BD0144C1C199C432C42C8
:1019000016D104300431032A14D903680C68A342A9
:10191000EFD004780D78AC4213D1012306E0C45C0B
:10192000CD5CAC420DD10133934201D0002CF6D1F5
:10193000002030BD04780D78A54202D1012AECD1F7
:10194000F6E7601BF5E7C04680808080FFFEFEFE64
:10195000F8B505000E001400002802D0836B002BA0
:101960004BD0A369A289A3600C23E05E13071FD5A7
:101970002369002B1CD0FF21F7B20E408021890182
:101980000A4226D022686169D31A99422CDD0133BC
:10199000A1680139A160511C2160177062699A42E7
:1019A0002ED0A389DB0701D50A2E29D03000F8BD3F
:1019B0002100280000F044F8002827D1FF21F7B2C9
:1019C0000E408021A28989010C23E05E23690A422E
:1019D000D8D101430F4AA181616E0A4062666169F4
:1019E0002268D31A9942D2DC2100280000F048F97D
:1019F00000280BD101232268CAE700F07FF9B0E785
:101A00002100280000F03CF90028CFD001267642C2
:101A1000CCE7C046FFDFFFFF70B5040008001100EF
:101A20001A000023054D2B60F2F70EFD431C00D079
:101A300070BD2B68002BFBD02360F9E7FC2600204B
:101A4000354B70B5050018680C00002802D0836B78
:101A5000002B21D00C23E25EA389190723D521692D
:101A600000292BD0D80708D50020A060606940422B
:101A7000A0610020002908D070BD00209D0700D47F
:101A80006069A06000200029F6D11B06F4D5402330
:101A90001A43A2810138EFE700F030F90C23E25E2F
:101AA000A3891907DBD4D9062DD55B0716D4216984
:101AB00008231A43A28193B20029D3D1A020802603
:101AC0008000B6001840B042CCD02100280000F0C1
:101AD00009FB0C23E25E2169A389C3E7216B00297E
:101AE0000AD023004033994204D0280000F0F4F9D2
:101AF0000C23E25E0023236324239A4300232169FD
:101B000063602160D4E709232B60402301201A433E
:101B1000A2814042B0E7C046D8150020002370B52E
:101B2000064D040008002B6000F05AFC431C00D056
:101B300070BD2B68002BFBD02360F9E7FC2600204A
:101B4000F0B5C6460C0000B5A28980460C23C95EDC
:101B500013074CD4802362681B010B43A381002A26
:101B600066DDA66A002E3ED0424641461568002238
:101B70000A609AB2DB0460D4012300224046E16986
:101B8000B047431C68D0A289A66A530706D563688C
:101B9000C01A236B002B01D0E36BC01A0023020094
:101BA000E1694046B047431C49D143461B68002BBE
:101BB00045D01D2B01D0162B57D1A3892F4A134096
:101BC000A38100236360236923604346216B1D606A
:101BD000002908D023004033994202D0404600F04B
:101BE0007BF900232363002080BCB846F0BD266942
:101BF000002EF8D0236826609D1B0023920700D199
:101C00006369A360002D04DCEDE736182D1A002D62
:101C1000E9DD2B0032004046E169676AB8470028D9
:101C2000F3DC40220120A38940421343A381DBE778
:101C3000E26B002A00DD94E7D5E7206DA5E7A389D4
:101C40000E4A13400022626022691BB2A381226007
:101C5000DB04BAD52065B8E743461B68002B00D1EA
:101C600091E71D2B06D0162B04D04022A3891343E5
:101C7000A381B9E7434600201D60B5E7FFF7FFFFEA
:101C800070B505000C00002802D0836B002B15D026
:101C90000C22A35E002B17D0626ED20701D49B05E5
:101CA00014D528002100FFF74BFF636E0500DB070A
:101CB00002D4A3899B0515D5280070BD00F01EF83D
:101CC0000C22A35E002BE7D10025F5E7A06DFFF7FE
:101CD00045F828002100FFF733FF636E0500DB079E
:101CE000EAD4E6E7A06DFFF73BF8E5E710B5024957
:101CF00000F0D4F910BDC04669220110F8B5DE46E7
:101D000057464E464546E0B506003C4F3800FFF7C3
:101D100025F8B46B002C68D1394B0322F363B82348
:101D20009B00F45004337568F2500833F218043BFA
:101D3000F2502800042308220021EB606C662C601E
:101D40006C60AC602C616C61AC615C30F2F7A6F940
:101D500028002C4BED619B462B622B4B58309A464A
:101D60006B622A4B9946AB62294BEB629846FEF7B1
:101D7000F1FFB568274B280008220021EB606C6654
:101D80002C606C60AC602C616C61AC615C30F2F713
:101D900085F95B462B6253466B624B462800AB626B
:101DA0004346ED61EB625830FEF7D4FFF5681A4BFD
:101DB000280008220021EB606C662C606C60AC602F
:101DC0002C616C61AC615C30F2F768F95B462B62A8
:101DD00053466B624B462800AB624346ED61EB62B3
:101DE0005830FEF7B7FF0123B3633800FEF7B8FFA2
:101DF000F0BCBB46B246A946A046F8BDC8200020AC
:101E0000ED1C0110C9210110F12101103122011036
:101E10005D220110090001001200020010B5024805
:101E2000FEF79CFF10BDC046C420002010B502483C
:101E3000FEF796FF10BDC046C4200020F8B50C0088
:101E40000500FFF765FA204FBB685E6803239E43D9
:101E50001E4B341B9C466444240B013C1133240369
:101E60009C4207DB00212800FFF76CFCBB689B1934
:101E7000984204D02800FFF753FA0020F8BD28004C
:101E80006142FFF75FFC431C0DD00122BB68361B8B
:101E900016435E600E4B28001A68141B1C60FFF787
:101EA0003FFA0120EAE700212800FFF74BFCBA685F
:101EB000831A0F2BDEDD07490968401A04490860C0
:101EC00001210B435360D5E7081A0020EF0F0000F3
:101ED000CC200020101E0020F0B5C64605000C00E6
:101EE00000B500294FD0FFF713FA210008394C68DC
:101EF000012622000320B2438F187B688343624887
:101F000098468368BB426AD043467B6026421ED116
:101F100008239C460C688444091B12198C6864458C
:101F20004FD0CB68E3609C604346FC186468344241
:101F300011D1BB68554C4244A34200D17EE0FC68FD
:101F4000DC60A360012313434B608A5006E0FC1859
:101F500064683442EDD016434E603A6080239B00A3
:101F60009A4213D25409D3080122A2404468DB00EC
:101F70002243426018188368C8608B608160D96012
:101F80002800FFF7CDF980BCB846F0BD530A042BFA
:101F90003ED89409260039343836E4000419236801
:101FA000083C03279C4242D05868B843904202D96B
:101FB0009B689C42F8D1DC68CC608B60A160D960E2
:101FC000DEE74346F8184068304257D1FB68B868EE
:101FD00042441643C36098604E608A50D0E71300B5
:101FE0004344264206D10A68891A8C689B18CA683D
:101FF000E260946001221A434A60254A81601268B7
:102000009A42BDD8234B28001968FFF717FFB7E79E
:10201000142B07D9542B1AD8140B26006F346E36A4
:10202000E400BBE71E005C335B36DC00B6E7012250
:10203000B610B240466832434260BDE7D96099604D
:10204000CB608B60012313434B608A5098E7AA242E
:102050006400A34205D8D40B260078347736E40018
:102060009CE70D4CA34205D8940C26007D347C36A9
:10207000E40093E7FE247E26A4008FE73300134399
:102080004B603A607CE7C046081A0020101A002016
:10209000141E0020FC20002054050000F8B547461F
:1020A000CE4680B5B827804689460026BF00474403
:1020B0007B68BC685D1E0DD4A389012B07D90E2255
:1020C000A35E013303D021004046C847064368346D
:1020D000013DF1D23F68002FEAD13000C0BCB946C3
:1020E000B046F8BDF0B5C64600B58B8905000C00BA
:1020F00096B09A0709D52300433323602361012357
:10210000636116B080BCB846F0BD0E22895E00291E
:1021100029DB6A4600F016F9002823DBF023019F33
:102120001B021F40264B80269C4667447B425F4132
:102130008023DB009846360141462800FEF726FE44
:1021400000281CD080221F4BEB63A389206013431F
:1021500042461BB2A38120616261002F1ED133432E
:10216000A381CEE7A38900271B0612D540239846FA
:10217000280041460026FEF709FE0028E2D10C2285
:10218000A35E9A05BDD40322934302221343A38185
:10219000B1E78023DB0098460026CDE728000E2318
:1021A000E15E00F0E3F8002802D10C22A35ED6E73E
:1021B0000322A3899343012213431BB2CFE7C046F6
:1021C00000E0FFFFED1C011070B50C000E25495F0B
:1021D00000F0F2F8002803DB236D1B18236570BDA7
:1021E000A389024A1340A381F9E7C046FFEFFFFF2E
:1021F000F8B50C001F000C23C95E05001600CB05C6
:102200000AD40A4B320019402800A1810E23E15E56
:102210003B00FFF701FCF8BD0E23E15E0022022324
:1022200000F0B6F80C23E15EEBE7C046FFEFFFFFDE
:1022300070B50C000E25495F00F0AAF8431C06D0CB
:102240008023A2895B011343A381206570BDA3890C
:10225000014A1340A381F9E7FFEFFFFF10B50E23FA
:10226000C95EFFF75BFC10BDF8B506000C1E4DD033
:10227000002802D0836B002B4AD00127636E3B42BB
:1022800035D00C22A35E002B40D021003000FFF798
:1022900057FCE36A0500002B04D03000E169984741
:1022A00000283CDBA3891B063ED4216B002908D003
:1022B00023004033994202D03000FFF70DFE002387
:1022C0002363616C002904D03000FFF705FE002372
:1022D0006364FFF7A3FD0023A381636EDB072CD5A6
:1022E000A06DFEF739FDFFF7A1FD2800F8BDA38919
:1022F0009B05CAD4A06DFEF731FD0C22A35E002B16
:10230000C3D1636E1D003D403B4212D00025ECE777
:102310000127FFF7F3FC636E3B42B2D1E7E70125EB
:10232000A3896D421B06C0D530002169FFF7D4FD9B
:10233000BBE7A06DFEF714FDD7E7A06DFEF710FD1B
:10234000CEE7C046002370B5074D04000800110019
:102350002B6000F04DF8431C00D070BD2B68002BA3
:10236000FBD02360F9E7C046FC260020002370B5AF
:10237000064D040008002B6000F04AF8431C00D012
:1023800070BD2B68002BFBD02360F9E7FC260020F2
:1023900070B50400080011001A000023054D2B60E1
:1023A00000F046F8431C00D070BD2B68002BFBD01A
:1023B0002360F9E7FC26002070B504000800110036
:1023C0001A000023054D2B60F1F7F4FF431C00D0E9
:1023D00070BD2B68002BFBD02360F9E7FC260020A2
:1023E00058220120014B40421A607047FC26002011
:1023F00058220120014B40421A607047FC26002001
:1024000058220120014B40421A607047FC260020F0
:102410005822024B00201A607047C046FC2600205C
:1024200058220120014B40421A607047FC260020D0
:1024300058220120014B40421A607047FC260020C0
:10244000F8B5C0460000000001B40248844601BC53
:10245000604700BF1B13002001B40248844601BC42
:10246000604700BF8D02002001B40248844601BCD1
:10247000604700BFED01002001B40248844601BC62
:10248000604700BF1104002001B40248844601BC2B
:10249000604700BF9513002001B40248844601BC88
:1024A000604700BF1108002001B40248844601BC07
:1024B000604700BFCD12002001B40248844601BC31
:1024C000604700BF2113002001B40248844601BCCC
:1024D000604700BFB507002001B40248844601BC34
:1024E000604700BF1513002001B40248844601BCB8
:1024F000604700BF1104002001B40248844601BCBB
:10250000604700BFC90E002001B40248844601BCE8
:10251000604700BF0901002001B40248844601BCA5
:10252000604700BFB107002001B40248844601BCE7
:10253000604700BF4D01002001B40248844601BC41
:10254000604700BFC503002001B40248844601BCB7
:10255000604700BFF512002001B40248844601BC68
:10256000604700BF5103002001B40248844601BC0B
:10257000604700BFC507002001B40248844601BC83
:10258000604700BFF90E002001B40248844601BC38
:10259000604700BF990E002001B40248844601BC88
:1025A000604700BFC100002001B40248844601BC5E
:1025B000604700BFDD13002001B40248844601BC1F
:0825C000604700BF0113002079
:1025C80062617369635F737472696E673A3A5F4DEB
:1025D8005F636F6E737472756374206E756C6C20B4
:1025E8006E6F742076616C69640000004D657373CA
:1025F8006167653A2025640A000000005253534978
:102608003A2025730A000000536E723A2025730A97
:10261800000000004C6F5261204475706C65782092
:102628002D205365742073796E6320776F72640070
:102638004C6F526120696E6974206661696C6564CB
:102648002E20436865636B20796F757220636F6E07
:102658006E656374696F6E732E0000004C6F526173
:1026680020696E6974207375636365656465642E9B
:102678000000000048654C6F526120576F726C640F
:102688002120000053656E64696E672025730A0077
:102698004E6F207370696E6C6F636B732061726527
:1026A80020617661696C61626C6500004E6F20750F
:1026B8007365722049525173206172652061766199
:1026C800696C61626C650000FFFFFFFFFFFFFF7F21
:1026D800486172647761726520616C61726D202552
:1026E8006420616C726561647920636C61696D65F1
:1026F800640000000A2A2A2A2050414E4943202A11
:102708002A2A0A0048617264206173736572740032
:10271800666E6900666E692B000000006E616E00CF
:10272800666E692D000000000C2D0010C22C0010F0
:10273800C22C0010042D0010C22C0010C22C001056
:10274800C22C0010C22C0010C22C0010C22C001089
:10275800C22C0010FC2C0010C22C0010F42C00100D
:10276800C22C0010C22C0010EC2C0010BE2E001041
:102778001E2D0010B22E00101E2D0010CE2E00109F
:102788001E2D00101E2D00101E2D00101E2D0010D5
:102798001E2D00101E2D00101E2D0010142D0010CF
:1027A8001E2D00101E2D00101E2D00101E2D0010B5
:1027B8001E2D0010142D0010142F00107E2C001058
:1027C8007E2C00107E2C00107E2C00107E2C001019
:1027D8007E2C00107E2C00107E2C00107E2C001009
:1027E8007E2C00107E2C00107E2C00107E2C0010F9
:1027F8007E2C00107E2C00107E2C00107E2C0010E9
:102808007E2C00107E2C00107E2C00107E2C0010D8
:102818007E2C00107E2C00107E2C00107E2C0010C8
:102828007E2C00107E2C00107E2C00107E2C0010B8
:102838007E2C00107E2C001042310010E02E00107B
:10284800423100107E2C00107E2C00107E2C0010CF
:102858007E2C00107E2C00107E2C00107E2C001088
:102868007E2C00107E2C00107E2C00107E2C001078
:102878007E2C00107E2C00107E2C00107E2C001068
:102888007E2C0010C62D00107E2C00107E2C00100F
:102898007E2C00107E2C00107E2C00107E2C001048
:1028A8007E2C00107E2C00107E2C0010C62D0010EF
:1028B800282F0010C62D001042310010E02E001005
:1028C800423100107E2C0010C62D00107E2C001006
:1028D8007E2C00107E2C00107E2C00107E2C001008
:1028E800C62D0010523000107E2C00107E2C0010D7
:1028F800942F00107E2C0010C62D00107E2C001086
:102908007E2C0010C62D0010000000000000F03FD3
:1029180000000000000024400000000000005940B2
:102928000000000000408F40000000000088C34005
:1029380000000000006AF8400000000080842E417A
:1029480000000000D01263410000000084D79741C6
:102958000000000065CDCD416D697373696E672015
:10296800646F75626C652066756E6374696F6E005E
:102978004F7574206F66206D656D6F727900000069
:1029880052656C6561736500626F6F74325F773290
:102998003571303830000000312E342E3000000000
:1029A8007069636F5F7700004C6F526153657453B1
:1029B800796E63576F726400417072202031203243
:1029C8003032330006005250BBFF3CB6A829011034
:1029D80006005250E182887F90290110060052506B
:1029E800D3F07542882901100D0A00002146001015
:1029F80025460010314600105D460010594600106B
:102A08000000000055534220737464696E202F2023
:102A18007374646F757400000600525053B4F4A1C7
:102A28000C2A0110526173706265727279205069C4
:102A3800000000005069636F00000000426F61727F
:102A4800642043444300000052657365740000002D
:102A580009025400030100807D080B0002020200F5
:102A680000090400000102020004052400200105F9
:102A7800240100010424020205240600010705813F
:102A88000308001009040100020A000000070502FB
:102A9800024000000705820240000009040200000D
:102AA800FF00010512010002EF0201408A2E0A0010
:102AB8000001010203010000000000002C2A01109F
:102AC8003C2A0110502C0020442A0110502A0110E1
:102AD800556E68616E646C65642049525120307887
:102AE80025780A0065702025642025732077617396
:102AF80020616C726561647920617661696C6162DC
:102B08006C65000043616E277420636F6E74696E94
:102B180075652078666572206F6E20696E616374D2
:102B28006976652065702025642025730000000003
:102B38006F757400696E0000A8540010A456001048
:102B480036560010EA550010CC550010B455001048
:102B580048550010F6540010EA540010805900102F
:102B680066590010A2550010FE590010A255001019
:102B7800E6590010D2590010A2550010BE59001095
:102B880094590010A2550010EE5C0010185A00105D
:102B98001E5D0010A2550010A2550010005D001027
:102BA800185A0010A2550010A2550010A255001086
:102BB800A2550010A2550010A2550010A2550010F1
:102BC800DE5C0010E9640010656500109165001076
:102BD8007566001059670010000000005350492026
:102BE800435300000000000000000000F9730010CB
:102BF800D5710010AD700010B1700010B5700010E4
:102C080019710010D9720010080052500A38A50432
:102C18000900525000010000E42B01100D0A0000C9
:102C2800696E66006F766600B02D01103C2C0110AD
:102C3800D42D01104E31305F5F6378786162697618
:102C48003131375F5F636C6173735F747970655F8F
:102C5800696E666F4500000000000000302C01100E
:102C6800558B00106D8B00103996001039960010A6
:102C7800E98B00100D8B0010CD8B00108D8B001090
:102C8800418B00107374643A3A6261645F657863DB
:102C9800657074696F6E0000682C0110C42C0110F7
:102CA800682C0110E42C0110B02D0110082D011022
:102CB800BC2C0110682C01101C2D01104E31305F06
:102CC8005F637878616269763131355F5F666F720C
:102CD8006365645F756E77696E6445004E31305F79
:102CE8005F637878616269763131395F5F666F72E8
:102CF8006569676E5F657863657074696F6E4500B6
:102D0800537431336261645F657863657074696FA9
:102D18006E000000537439657863657074696F6E6E
:102D28000000000000000000B02C0110B58D00105C
:102D3800C18D0010B98D0010068E0010BA8E0010DB
:102D48006A8E0010068E0010508E0010EC8E001057
:102D5800EC8E0010EC8E0010EC8E0010868E0010A9
:102D6800768E0010068E0010508E0010B02D0110C7
:102D7800802D0110302C01104E31305F5F63787860
:102D8800616269763132305F5F73695F636C61736A
:102D9800735F747970655F696E666F450000000047
:102DA80000000000742D0110059500101D950010FD
:102DB8003996001039960010E98B00100D8B001021
:102DC80011960010759500103D950010682C0110A3
:102DD800DC2D0110537439747970655F696E666F04
:102DE800000000007465726D696E6174652063612E
:102DF8006C6C6564207265637572736976656C794D
:102E08000A0000007465726D696E61746520636103
:102E18006C6C6564206166746572207468726F7783
:102E2800696E6720616E20696E7374616E636520D8
:102E38006F66202700000000270A00007465726D85
:102E4800696E6174652063616C6C65642077697470
:102E5800686F757420616E2061637469766520659A
:102E68007863657074696F6E0A00000020207768C7
:102E7800617428293A20200062617369635F737462
:102E880072696E673A3A5F4D5F6372656174650097
:102E98007374643A3A6261645F616C6C6F630000DA
:102EA800B02D0110B42E0110BC2C011053743962DE
:102EB80061645F616C6C6F630000000000000000DB
:102EC800A82E0110F998001011990010F19800101F
:102ED8007299001040990010409900104099001014
:102EE80040990010729900107299001072990010A0
:102EF800729900106E9900106E9900104099001098
:102F08006E9900106E9900106E9900106E9900105D
:102F18006E9900106E9900106E9900106E9900104D
:102F28006E9900106E9900106E9900106E9900103D
:102F3800729900104899001048990010489900109B
:102F480048990010489900104899001048990010B5
:102F580048990010409900106E9900106E99001061
:102F68006E9900106E9900106E99001072990010F9
:102F78006E9900104899001044990010409900106B
:102F88007299001040990010489900104899001053
:102F98006E990010449900107299001072990010EF
:102FA8006E9900106E9900106E99001040990010EB
:102FB8004099001040990010409900104099001065
:102FC8006E99001040990010409900106E990010F9
:102FD8004099001072990010729900106E990010B3
:102FE8006E9900106E990010729900107299001075
:102FF800729900106E9900106E9900106E99001069
:103008004099001048990010409900104899001004
:1030180048990010B09A0010C09A0010C09A001089
:10302800C09A0010B69A0010B09A0010B09A00101A
:10303800B29A0010B29A0010C09A0010C09A0010FC
:10304800C09A0010C09A0010C09A0010C09A0010D0
:10305800C09A0010C09A0010C09A0010C09A0010C0
:10306800C09A0010C09A0010C09A0010C09A0010B0
:10307800C09A0010B09A0010C09A0010C09A0010B0
:10308800C09A0010C09A0010C09A0010C09A001090
:10309800C09A0010C09A0010C09A0010C09A001080
:1030A800E09A0010E09A0010C09A0010C09A001030
:1030B800B09A0010C09A0010C09A0010C09A001070
:1030C800C09A0010AA9A0010C09A0010C09A001066
:1030D800C09A0010C09A0010C09A0010B09A001050
:1030E800B29A0010C09A0010C09A0010C09A00103E
:1030F800C09A0010C09A0010C09A0010C09A001020
:10310800C09A0010C09A0010C09A0010C09A00100F
:10311800C09A0010C09A0010B09A0010B09A00101F
:10312800C09A0010AA9A0010AA9A0010AA9A001031
:10313800AA9A0010B09A0010C09A0010C09A001005
:10314800C09A0010C09A0010C09A0010C09A0010CF
:10315800C09A0010C09A0010D09C0010D49C001097
:10316800D49C0010D49C0010D49C0010BE9C00106D
:10317800D09C0010E09C0010E09C0010D49C001033
:10318800D49C0010D49C0010D49C0010D49C001037
:10319800D49C0010D49C0010D49C0010D49C001027
:1031A800D49C0010D49C0010D49C0010D49C001017
:1031B800D49C0010D49C0010D09C0010D49C00100B
:1031C800D49C0010D49C0010D49C0010D49C0010F7
:1031D800D49C0010D49C0010D49C0010D49C0010E7
:1031E800D49C0010D49C0010D49C0010D49C0010D7
:1031F800D49C0010D09C0010D49C0010D49C0010CB
:10320800D49C0010D49C0010D09C0010D49C0010BA
:10321800D49C0010D49C0010D49C0010D49C0010A6
:10322800D09C0010E09C0010D49C0010D49C00108E
:10323800D49C0010D49C0010D49C0010D49C001086
:10324800D49C0010D49C0010D49C0010D49C001076
:10325800D49C0010D49C0010D49C0010D09C00106A
:10326800D09C0010D49C0010D49C0010D49C00105A
:10327800D09C0010D09C0010D09C0010D49C001052
:10328800D49C0010D09C0010D09C0010E2A200102A
:10329800E2A20010E2A20010E2A20010E2A20010D6
:1032A800E2A20010E2A20010E2A20010E2A20010C6
:1032B800E2A200103CA200103CA200103CA20010A8
:1032C8003CA200103CA200103CA200103CA200103E
:1032D800A6A400103CA200100AA40010E6A3001047
:1032E8003CA20010DAA30010A2A300103CA2001018
:1032F8003CA200103CA200103CA200103CA200100E
:1033080022A50010E2A2001086A300106AA30010F4
:103318003CA200104EA3001006A3001056A40010F3
:1033280026A400103CA200103CA200103CA20010F1
:103338003CA20010E2A200103CA200103CA2001027
:103348003CA200103CA200103CA200103CA20010BD
:10335800A0A20010A0A20010A0A20010A0A200101D
:10336800A0A20010A0A20010A0A20010A0A200100D
:10337800A0A20010A0A200103CA20010A0A2001061
:10338800A0A20010A0A20010A0A200103CA2001051
:103398003CA200103CA20010A0A20010A0A20010A5
:1033A800BEA30010A0A20010A0A20010A0A20010AE
:1033B800A0A20010A0A200105CA500103CA2001062
:1033C8003CA200103CA200103CA200103CA200103D
:1033D8003CA200103CA200103CA200103CA200102D
:1033E8003CA200103CA200103CA200103CA200101D
:1033F8000AA200103CA200103CA200103CA200103F
:103408003CA200103CA200103CA200103CA20010FC
:103418003CA200103CA200103CA200103CA20010EC
:103428003CA20010FAA500103CA20010CEA5001086
:10343800B6A6001086A6001056A600103CA20010E2
:1034480026A600105EA700103CA200103CA20010A7
:103458003CA200103CA200102EA700103CA20010B5
:1034680016A700103CA200103CA20010E6A600100F
:103478000AA20010E8A700108EA7001020AD0010C7
:1034880074AD001062AD00107AAD00106EAD001082
:1034980068AD00100AB6001032B40010D0B50010A4
:1034A80032B4001032B4001052B6001032B400101A
:1034B80040B600102EB600101CB6001032B4001032
:1034C80032B4001032B4001032B4001032B400101C
:1034D80032B4001032B4001032B400107AB60010C2
:1034E80064B6001032B400108CB60010BEB50010DF
:1034F80032B4001032B4001032B4001032B40010EC
:1035080032B4001032B4001032B4001032B40010DB
:1035180032B4001032B4001032B400107EB500107E
:1035280032B4001032B4001032B4001032B40010BB
:103538004CB5001032B4001032B4001032B4001090
:1035480032B4001032B4001032B4001032B400109B
:1035580032B4001032B4001032B4001032B400108B
:1035680032B4001032B400101AB500109AD6001008
:10357800DEC10010DEC1001024C30010F6C4001024
:10358800CED5001062D500107CC800104EC80010BF
:10359800BAD2001058D20010ECCF001074CF00102F
:1035A80092C400102EC4001046C2001040CB001078
:1035B800B4C9001078CA0010ECC80010DCCA0010AA
:1035C80050C9001018CA001038D60010EED10010EB
:1035D8000CC000100CC000100CC00010BEBF0010C2
:1035E800BEBF0010BEBF0010BEBF0010BEBF00109F
:1035F800BEBF0010BEBF001002C1001002C1001003
:10360800BEBF0010BEBF001004D700101CD30010AE
:1036180012D500103ED40010CCC000104CD00010C1
:10362800CCC000104AC000104AC0001088C8001062
:103638001CCF00104ECE0010B8CE001040C00010B5
:1036480090CC00105ECD0010F4CC00106ACD0010B4
:1036580040C00010C0D3001040C0001040C000108F
:103668005CC100105CC100103ED3001028D30010CC
:10367800CAD1001054D10010F2D00010AAC2001014
:10368800C8CB0010ECC7001040C000106EC7001077
:103698002CCC00100AC7001050C60010E8C5001056
:1036A800BEBF00107EC50010BEBF0010BEBF001018
:1036B800E2E40010D6E40010CAE40010BEE40010F2
:1036C800EEE4001060EB001072E9001072E90010DF
:1036D80072E9001072E9001072E9001072E9001036
:1036E80072E9001072E9001072E9001072E9001026
:1036F80072E9001072E9001072E9001072E9001016
:1037080072E9001072E9001072E9001072E9001005
:1037180072E9001072E9001072E9001088E90010DF
:10372800E4E9001040EA001088E90010E4E900101C
:1037380040EA0010FAEA001016EB001036EB001011
:103748000CEF00106AEB00108AEB0010E6EB00109B
:1037580044EC001072E9001072E9001072E90010E0
:1037680072E90010A2EC001072E9001038ED0010A8
:1037780072E9001072E9001072E9001072E9001095
:1037880072E9001072E9001072E9001072E9001085
:1037980072E9001072E9001072E9001072E9001075
:1037A80072E9001072E9001072E9001072E9001065
:1037B80072E9001072E9001072E9001072E9001055
:1037C80072E9001072E9001072E9001072E9001045
:1037D80072E9001072E9001072E9001072E9001035
:1037E80072E9001072E9001072E9001098ED0010FB
:1037F80072E90010F6ED00109CEA001036F0001097
:1038080036F0001036F00010F6F00010F6F0001058
:10381800F6F00010F6F00010F6F0001036F0001088
:1038280058F1001058F1001058F1001036F000104F
:1038380036F00010F6F00010F6F00010F6F0001068
:10384800F6F0001036F00010740000006C40011013
:10385800030000006C40011003000000000000009D
:103868000000000061000000984301100E000000F5
:10387800984301100E000000A84301100900000041
:1038880062000000B443011011000000B4430110AD
:1038980011000000C84301100C0000007300000074
:1038A800D84301100B000000E4430110460000005B
:1038B800C84301100C000000690000002C440110EE
:1038C8000C0000003C44011031000000704401105D
:1038D8000D0000006F000000804401100C00000083
:1038E8009044011031000000C44401100D00000094
:1038F80064000000D44401100D000000E4440110ED
:1039080032000000184501100E0000002845011083
:103918002C45011002000000020000003045011093
:103928003445011001000000020000003845011074
:103938005C43011002000000020000003C45011039
:10394800404501100100000001000000444501103D
:103958004045011001000000020000004845011028
:103968004C450110080000000100000058450110F6
:103978005C450110090000000100000068450110C5
:103988004C45011008000000010000006C450110C2
:10399800704501100A000000020000007C4501107B
:1039A800804501100200000002000000844501105B
:1039B8008845011001000000020000008C4501103C
:1039C800904501100100000001000000944501101D
:1039D8009845011002000000020000009C450110FB
:1039E800A04501100900000001000000AC450110CD
:1039F800B04501100C00000002000000C045011095
:103A0800C44501100100000001000000C845011074
:103A1800CC4501100700000001000000D44501104A
:103A2800D84501100200000002000000DC4501102A
:103A3800244701100100000002000000E0450110C9
:103A4800E44501100100000002000000E8450110F3
:103A5800EC4501100200000002000000F0450110D2
:103A6800F44501100100000002000000F8450110B3
:103A7800FC45011002000000020000000046011091
:103A880094420110030000000300000004460110E6
:103A980094420110030000000300000008460110D2
:103AA8009442011003000000020000000C460110BF
:103AB80094420110030000000200000010460110AB
:103AC8001446011002000000020000001846011010
:103AD8008C40011002000000010000001C4601108B
:103AE8006C44011001000000020000002046011093
:103AF80024460110020000000200000028460110C0
:103B08002C4601100300000002000000CC26011022
:103B18003046011002000000020000003446011087
:103B2800384601100B000000010000004446011057
:103B38004846011002000000020000004C46011037
:103B48005046011001000000020000005446011018
:103B58005846011002000000020000005C460110F7
:103B680060460110020000000200000064460110D7
:103B78006846011001000000020000006C460110B8
:103B8800C445011001000000020000007046011049
:103B98007446011002000000010000007846011080
:103BA8007C46011005000000030000008446011057
:103BB8008846011002000000020000006848011059
:103BC8006846011001000000010000008C46011049
:103BD8009046011001000000010000009446011009
:103BE8009846011003000000030000009C460110E5
:103BF800A04601100200000002000000A4460110C7
:103C0800A84601100200000002000000A4430110B1
:103C1800AC4601100100000002000000B04601108F
:103C2800B44601100200000002000000B84601106E
:103C3800BC4601100100000002000000C04601104F
:103C4800C44601100300000002000000C84601102D
:103C5800CC4601100200000001000000D04601100F
:103C6800BC4601100100000001000000D44601100C
:103C7800D846011002000000020000004C4201106A
:103C8800DC4601100100000003000000E0460110BE
:103C9800E44601100200000002000000E84601109E
:103CA800EC4601100300000002000000F04601107D
:103CB800F44601101000000002000000084701103F
:103CC8000C4701100100000002000000104701101D
:103CD80014470110020000000200000018470110FC
:103CE8001C470110090000000100000028470110CE
:103CF8001C47011009000000010000002C470110BA
:103D0800304701100B000000020000003C47011082
:103D18004047011003000000020000007845011030
:103D28004447011007000000010000004C47011043
:103D3800444701100700000001000000504701102F
:103D48005447011005000000000000005C47011006
:103D5800604701100600000001000000000000009C
:103D6800000000000000000000000000684701108B
:103D78000B000000684701100B0000000000000065
:103D880074470110040000007C4701100700000080
:103D98000700000084470110040000008C47011050
:103DA8000400000000000000944701100600000015
:103DB8009447011006000000080000009C4701100D
:103DC8000B0000009C4701100B00000008000000D9
:103DD800A847011005000000A847011005000000D1
:103DE80008000000B04701100A000000B0470110A9
:103DF8000A00000008000000BC4701100D00000088
:103E0800BC4701100D00000000000000CC47011065
:103E180003000000CC47011003000000010000006F
:103E2800D04701100C000000E04701100800000016
:103E38000200000000000000000000000000000078
:103E48000000000000000000EC4701100400000022
:103E5800EC4701100400000003000000F4470110C3
:103E68000D000000F44701100D00000004000000E0
:103E78000448011008000000044801100800000070
:103E88000000000010480110110000001048011047
:103E98001100000000000000000000000000000009
:103EA800000000000000000000000000000000000A
:103EB80000000000000000000000000000000000FA
:103EC80000000000000000000000000000000000EA
:103ED80000000000244801100500000024480110DB
:103EE80005000000000000002C4801100E00000032
:103EF8002C4801100E000000000000000000000027
:103F080000000000000000000000000000000000A9
:103F18003C480110040000003C4801100400000067
:103F28000900000044480110070000008447011000
:103F380004000000000000004C48011009000000C7
:103F4800EC4701100400000005000000584801106B
:103F5800120000005848011012000000060000007E
:103F68009442011003000000944201100300000075
:103F7800000000006C480110090000006C480110A6
:103F88000900000000000000784801100900000046
:103F98007848011009000000000000008448011062
:103FA8000A000000844801100A0000000000000018
:103FB800904801100400000090480110040000001F
:103FC80008000000984801100700000098480110F8
:103FD8000700000000000000A048011008000000D1
:103FE800A04801100800000000000000AC480110C3
:103FF80008000000AC4801100800000000000000A4
:104008007040011011000000704001101100000004
:1040180000000000256400005F474C4F42414C5FA0
:104028000000000028616E6F6E796D6F7573206EE9
:10403800616D657370616365290000006175746F57
:10404800000000006465636C74797065286175749C
:104058006F290000737472696E67206C69746572E9
:10406800616C0000737464006465636C74797065D6
:10407800286E756C6C707472290000005B6162694F
:104088003A0000003A3A00007B64656661756C741A
:1040980020617267230000007D3A3A006175746FF1
:1040A8003A00000074656D706C617465207061720F
:1040B800616D65746572206F626A65637420666FEE
:1040C80072200000767461626C6520666F72200051
:1040D80056545420666F722000000000636F6E73A0
:1040E8007472756374696F6E20767461626C652092
:1040F800666F7220000000002D696E2D0000000020
:1041080074797065696E666F20666F7220000000B2
:1041180074797065696E666F206E616D6520666F73
:104128007220000074797065696E666F20666E2073
:10413800666F7220000000006E6F6E2D76697274D3
:1041480075616C207468756E6B20746F20000000B8
:10415800636F76617269616E742072657475726ED0
:10416800207468756E6B20746F2000006A61766138
:1041780020436C61737320666F72200067756172EB
:1041880064207661726961626C6520666F722000D6
:10419800544C5320696E69742066756E6374696F38
:1041A8006E20666F72200000544C53207772617045
:1041B8007065722066756E6374696F6E20666F72C3
:1041C800200000007265666572656E63652074651F
:1041D8006D706F72617279202300000068696464F1
:1041E800656E20616C69617320666F722000000043
:1041F8006E6F6E2D7472616E73616374696F6E2079
:10420800636C6F6E6520666F722000005F53617487
:10421800200000005F467261637400005F416363C1
:10422800756D00002C2000006F70657261746F72EC
:10423800000000006F70657261746F7220000000EA
:104248003E28000071750000203A20006E65772036
:1042580000000000756C00006C6C0000756C6C0050
:1042680066616C736500000074727565000000007B
:104278006A617661207265736F75726365200000EC
:104288006465636C74797065202800002E2E2E00FA
:1042980074686973000000007B7061726D23000010
:1042A800676C6F62616C20636F6E73747275637490
:1042B8006F7273206B6579656420746F200000004D
:1042C800676C6F62616C2064657374727563746F78
:1042D8007273206B6579656420746F20000000009C
:1042E8007B6C616D62646128000000002923000076
:1042F8007B756E6E616D656420747970652300004E
:10430800205B636C6F6E652000000000207265738F
:10431800747269637400000020766F6C6174696C54
:104328006500000020636F6E737400002074726172
:104338006E73616374696F6E5F7361666500000018
:10434800206E6F6578636570740000002074687271
:104358006F77000026260000205F436F6D706C6544
:1043680078000000205F496D6167696E61727900AD
:104378003A3A2A00205F5F766563746F72280000FE
:10438800282E2E2E000000002E2E2E2900000000C0
:104398007374643A3A616C6C6F6361746F72000095
:1043A800616C6C6F6361746F720000007374643ABF
:1043B8003A62617369635F737472696E67000000C3
:1043C80062617369635F737472696E6700000000ED
:1043D8007374643A3A737472696E67007374643AFA
:1043E8003A62617369635F737472696E673C63688C
:1043F80061722C207374643A3A636861725F7472F4
:10440800616974733C636861723E2C207374643A0A
:104418003A616C6C6F6361746F723C636861723E81
:10442800203E00007374643A3A6973747265616D72
:10443800000000007374643A3A62617369635F69EB
:1044480073747265616D3C636861722C2073746467
:104458003A3A636861725F7472616974733C636845
:1044680061723E203E00000062617369635F697398
:10447800747265616D0000007374643A3A6F737406
:104488007265616D000000007374643A3A6261738A
:1044980069635F6F73747265616D3C636861722CE8
:1044A800207374643A3A636861725F747261697404
:1044B800733C636861723E203E000000626173696C
:1044C800635F6F73747265616D0000007374643AA2
:1044D8003A696F73747265616D0000007374643AB1
:1044E8003A62617369635F696F73747265616D3C89
:1044F800636861722C207374643A3A636861725F0E
:104508007472616974733C636861723E203E000096
:1045180062617369635F696F73747265616D0000CE
:10452800614E0000263D0000615300003D00000080
:10453800616100006164000026000000616E0000F7
:1045480061740000616C69676E6F6620000000008E
:1045580061770000636F5F61776169742000000014
:10456800617A000063630000636F6E73745F636158
:1045780073740000636C000028290000636D00005C
:104588002C000000636F00007E00000064560000ED
:104598002F3D00006461000064656C6574655B5DB7
:1045A800200000006463000064796E616D69635FD8
:1045B8006361737400000000646500002A00000055
:1045C800646C000064656C657465200064730000A9
:1045D8002E2A000064740000647600002F0000009A
:1045E800654F00005E3D0000656F00005E00000042
:1045F800657100003D3D0000664C000066520000F9
:10460800666C000066720000676500003E3D0000B1
:104618006773000067740000697800005B5D000044
:104628006C5300003C3C3D003C3D00006C690000C0
:104638006F70657261746F72222220006C730000C3
:104648003C3C00006C7400003C0000006D49000018
:104658002D3D00006D4C00002A3D00006D690000F2
:104668002D0000006D6C00006D6D00002D2D000008
:104678006E6100006E65775B5D0000006E6500008E
:10468800213D00006E740000210000006E770000DC
:104698006E6577006F5200007C3D00006F6F000070
:1046A8007C7C00007C000000704C00002B3D00006A
:1046B800706C00002B000000706D00002D3E2A0079
:1046C800707000002B2B00007073000070740000E5
:1046D8002D3E00003F000000724D0000253D000007
:1046E800725300003E3E3D00726300007265696EC1
:1046F800746572707265745F6361737400000000A2
:10470800726D000025000000727300003E3E00003C
:104718007350000073697A656F662E2E2E000000B4
:10472800735A0000736300007374617469635F6394
:1047380061737400737300003C3D3E0073697A65D1
:104748006F662000737A0000747200007468726FDC
:1047580077000000747700007468726F772000009B
:104768007369676E6564206368617200626F6F6C5D
:1047780000000000626F6F6C65616E0063686172B3
:10478800000000006279746500000000646F7562C3
:104798006C6500006C6F6E6720646F75626C6500F5
:1047A800666C6F61740000005F5F666C6F617431E6
:1047B80032380000756E7369676E656420636861DE
:1047C80072000000696E7400756E7369676E6564C7
:1047D80020696E7400000000756E7369676E656409
:1047E800000000006C6F6E6700000000756E736952
:1047F800676E6564206C6F6E670000005F5F696EAE
:104808007431323800000000756E7369676E656434
:10481800205F5F696E7431323800000073686F7210
:1048280074000000756E7369676E65642073686F45
:1048380072740000766F6964000000007763686135
:10484800725F74006C6F6E67206C6F6E670000009B
:10485800756E7369676E6564206C6F6E67206C6F28
:104868006E670000646563696D616C333200000037
:10487800646563696D616C36340000006465636962
:104888006D616C313238000068616C6600000000B0
:1048980063686172385F74006368617231365F748F
:1048A800000000006368617233325F74000000002A
:1048B800B02D0110D0480110BC2C0110B02D0110F2
:1048C800E0480110B8480110537431316C6F6769C2
:1048D800635F6572726F7200537431326C656E6714
:1048E80074685F6572726F7200000000000000005B
:1048F800B84801104D060110CD06011049060110F7
:1049080000000000C44801108D06011015070110B1
:104918004906011062617369635F737472696E6737
:104928003A3A5F535F636F6E737472756374206E87
:10493800756C6C206E6F742076616C696400000081
:1049480062617369635F737472696E673A3A5F5341
:084958005F6372656174650084
:104960007546FF7F70800F01B0B0B0ABFFFF01163E
:104970004030A20200A40104B40200B80160A20207
:1049800000B00204000000004D46FF7FF0800E01E1
:10499000B0B0B0ABFFFF01150E3A0000AA0114CC75
:1049A0000200DA0108EE0200A80246000000000042
:1049B00080020181B0B0AB300000000080010181B5
:1049C000B0B0AB100000000080040181B0B0ABF0CB
:1049D0000000000080010181B0B0AB1000000000B9
:1049E00080040181B0B0AB30000000008004018180
:1049F000B0B0ABF00000000080010181B0B0AB703E
:104A00000000000080010181B0B0AB700000000028
:104A100080020181B0B0ABF0000000008001018194
:104A2000B0B0AB100000000080020181B0B0AB302C
:104A30000000000080010181B0B0AB100000000058
:104A400030800181B0AB08B100000000800A018114
:104A5000B0B0AB300000000080140181B0B0ABF00A
:104A60000000000030800181B0AB08B10000000000
:104A700080010181B0B0AB1000000000F080018126
:104A8000B0AB08B1000000004D45FF7FF08012017F
:104A9000B0B0B0ABFF1019011026C20700008A08A1
:104AA00004C00901D4080400000100000000000057
:104AB0002545FF7FB0B0AA00FF1019010C020608BF
:104AC000010C0410051E08000001007F00007D009D
:104AD000000000000000000080030181B0B0AB10B6
:104AE00000000000F144FF7FB0AA0100FF1029017F
:104AF00018323400007204AA01037C2E0000C601A3
:104B000018EE0100E8010E00000200017D00000027
:104B100000000000A8E1FFFFBD44FF7FB0B0AA0085
:104B2000FFFF01080E041C00180E0000A944FF7FBF
:104B3000B0B0AA00FFFF01080E041C00180E000010
:104B400080010181B0B0ABB0000000008944FF7F5C
:104B5000F0800401B0B0B0ABFF1019010F480A5249
:104B60000196014AE60100EE010400000100000088
:104B7000000000006144FF7FB0B0AA00FFFF010009
:104B80005544FF7F10800101B0B0B0ABFFFF0108BA
:104B9000224C6E007404000074B20181B0AB30800E
:104BA0000000000080080181B0B0ABF00000000000
:104BB0003F020181B0AB308000000000800601811F
:084BC000B0B0ABF000000000F2
:104BC80044B7FE7F94FDFF7F94B8FE7FB4FDFF7F5E
:104BD80024BAFE7F01000000D424FF7FCCFDFF7FB4
:104BE8003025FF7FD0FDFF7FE425FF7FD4FDFF7FC9
:104BF800E026FF7FD8FDFF7FF827FF7FDCFDFF7FE2
:104C0800E828FF7FE0FDFF7F102CFF7FE4FDFF7F9A
:104C18001C2EFF7FE8FDFF7F802FFF7FECFDFF7FCD
:104C28008C32FF7FF0FDFF7FF032FF7FF4FDFF7FC6
:104C38006033FF7FF8FDFF7FAC33FF7F010000008A
:104C4800E033FF7FAB08B1804434FF7FB0B0A88069
:104C58004834FF7FE4FDFF7FA034FF7FB0B0AA8017
:104C6800D434FF7FAB7080806C35FF7FB0B0AA80F2
:104C7800B035FF7FD0FDFF7F4436FF7FB0B0AA80FC
:104C88001837FF7FB0B0A8805837FF7FB0B0AA8030
:104C9800C038FF7FBCFDFF7FFC39FF7FB0AB0280CF
:104CA800483AFF7F00840280603AFF7FB0AA018003
:104CB800C43AFF7FB0AB0280583BFF7FA0FDFF7F67
:104CC800E03DFF7F00840280E83DFF7FB0AA0180BD
:104CD800343EFF7FB0A90480603EFF7F01000000E2
:104CE800003FFF7FAB08B1801C3FFF7F0100000041
:104CF800283FFF7F74FDFF7FE03FFF7F010000003A
:104D0800D840FF7F70FDFF7FE441FF7FB0B0A880EF
:104D18002442FF7FAB08B180B442FF7F64FDFF7F70
:104D28007447FF7F84FDFF7F9447FF7F01000000E9
:104D38009C47FF7FB0B0A880AC47FF7F0100000010
:104D4800F447FF7FB0AB02802448FF7F84FDFF7FDC
:104D5800B848FF7FAB08B180D448FF7F010000004E
:104D68000449FF7F78FDFF7F104AFF7FB0B0A8801D
:104D7800284AFF7F9CFDFF7F504AFF7FA8FDFF7FE9
:104D8800784AFF7FB0B0A880AC4AFF7FACFDFF7FB8
:104D9800584BFF7F0100000020B5FF7FA8FDFF7F73
:104DA80018B6FF7FC8FDFF7F84B6FF7FB0B0A8802C
:104DB80040B7FF7F0100000084B7FF7FB0B0AA8032
:104DC800B0B7FF7FB0B0A88018B8FF7F010000001F
:104DD80030B8FF7FB0B0A88068B8FF7F010000003E
:104DE80074B9FF7F94FDFF7FF4B9FF7FB0B0A8804E
:104DF80078BAFF7F01000000C8B6FE0FB0A9028094
:104E08005CB7FE0FB0B0A880B0B7FE0F010000007D
:104E1800BCB7FE0FB0B0AA80F0B7FE0F74FDFF7FDD
:104E2800B8B8FE0F01000000B4B8FE0FAA3F3980E1
:104E380000B9FE0FB0B0A8800CB9FE0FB0B0AA80C0
:104E48004CB9FE0FB0B0A88060B9FE0F0100000099
:104E58005CB9FE0FB0B0A88064B9FE0F0100000075
:104E6800F4B9FE0FAA0FB2805CBAFE0F30FDFF7FC7
:104E780040BDFE0FB0B0A8805CBDFE0F2CFDFF7FCB
:104E8800BCBFFE0F010000002CC1FE0F008404808F
:104E98003CC1FE0FB0B0A8803CC1FE0F18FDFF7FDB
:104EA80024C4FE0F0084048044C4FE0FB0B0A88060
:084EB8005CC4FE0F01000000C4
:104EC000B4020010A80200109C020010CC290110AE
:104ED00090020010D8290110E4290110102C0110B3
:084EE000182C0110202A01101A
:104EE800D02330B500251B0600245D5706E0036873
:104EF800BFF35F8F1C6081F3108820BF0268EFF357
:104F0800108172B61368002BFCD0BFF35F8F037952
:104F18007F2BECD905710368BFF35F8F00221A60FD
:104F280081F3108830BDC04603000068EFF3108C91
:104F380072B60268002AFCD0BFF35F8F04229A562B
:104F4800002A0BDB00290FD000200A601B68BFF382
:104F58005F8F00221A608CF310887047D0221206E7
:104F6800126801201A71F1E70020EFE7F0B5C64694
:104F780000B582B00C00070001F0AEF9FA22002358
:104F88000090019120009200002101F09DF9009A03
:104F9800019B14001D0024184D41AB422FD82BD083
:104FA800D0231B061B68002698460BE03B68BFF31E
:104FB8005F8F1E6081F310882000290001F074F9CA
:104FC800002820D13A68EFF3108172B61368002BDD
:104FD800FCD0BFF35F8F3B797F2BE7D943463B710A
:104FE8003B68BFF35F8F00221A6081F310880120AD
:104FF80002B080BCB846F0BD009BA342D0D90124C2
:105008006442E517CCE70020F2E7C0460268EFF3F8
:10501800108172B61368002BFCD0BFF35F8FFF239B
:1050280003710368BFF35F8F00221A6081F3108851
:1050380040BF7047084810B50378002B0AD1802379
:105048000649074A5B051C68CC5004339342FAD1E1
:105058000123037010BDC046692C00206425001090
:105068000001001010B5024B0133984710BDC0462F
:1050780064250020034B1A68C0239B009343024A0F
:10508800136070470C8001400C900140054B1A6872
:1050980080239B005340C02292001340024A1360B1
:1050A8007047C0460C8001400C9001401423F0B5B5
:1050B800D6464F4646469A46814618880433C0B5B8
:1050C80098460E001B882749140098475346070046
:1050D8001888434624491B88984753460500188872
:1050E800434622491B8898478046FFF7A3FFB847E5
:1050F800A847FFF7CBFF002C1BD0C02122000827B0
:10510800022049053D008B6A1D4018420BD0002C37
:1051180009D0131B0D2B1FD84B461B78013C0B667F
:1051280001239C46E1442300002D0CD11343002B9E
:10513800E8D1FFF79FFFC047FFF794FFE0BCBA46EE
:10514800B146A846F0BD002AF1D00B6E013A337083
:10515800130001362343EAE7002DD3D0002AD1D02B
:10516800F3E7C046494600004558000046430000A2
:10517800F0B54F464646D6468946C0B50600181EC5
:105188001BD01D001C000223984602339C46002DAC
:1051980018D02B0008334146F76839421FD0A34284
:1051A8001DD901214B468A461B78013DB360D14485
:1051B8002B00002C08D1002BE9D1E0BCBA46B1463F
:1051C800A846F0BD002CF8D06346F7683B42DED015
:1051D800B368013C1370230001322B43EBE7002C2A
:1051E800F2D1D8E730B50400101E0AD00A000D1815
:1051F8000221E3681942FCD013780132A36095427A
:10520800F7D1E3685B0704D50421A368E368194272
:10521800FBD11021E3681942FCD1E3685B0704D590
:105228000421A368E3681942FBD10123236230BD3E
:105238007047C04603685A0004D5802212061343FB
:10524800C01870475B005B08FAE7C046F8B55746D8
:105258004546DE464E469046E0B50700002924D074
:105268004B1E9A46994600239B465B464B44DC0FEF
:10527800E4186410E5007E193000FFF7DBFFA24553
:105288000CD040450CD8280008303818FFF7D2FF5A
:10529800013840450AD2631C9B46E6E7404505D9DC
:1052A800A34502D0631E9946DFE700263000F0BC14
:1052B800BB46B246A946A046F8BDC0460300012831
:1052C80005D0022807D00020002B02D070470348E1
:1052D800FCE70348FAE70348F8E7C046C50B002097
:1052E800B90B0020D10B002030B5234B050083B04B
:1052F8008C1E002B26D0200001A900E000BF00284A
:105308001CD001992200FFF7A1FF041E16D0FFF759
:1053180091FF6368A864012B2AD0201D002B23DB92
:10532800FFF788FF0023E8642B650368002B0FDB79
:10533800FFF780FF2861002003B030BD002309205B
:105348002B61F9E70D480E49091AC9100191D9E7EF
:105358001801000FFFF7B2FF2861431E9841082388
:10536800404298430930E7E70123E8642B65DCE70E
:10537800002305202B61DFE700000000C84B011067
:10538800C04E0110036810B50400DA0705D49B0766
:105398000AD5483000F080FC23685A070AD51A0756
:1053A8000FD5DB0615D510BD483000F071FC236819
:1053B8005A07F4D42000D03000F072FC23681A0792
:1053C800EFD420005130FF3000F06EFC2368DB067C
:1053D800E9D42000D130FF3000F06AFCE3E7C04692
:1053E8000920704703000068002800D0C0187047E3
:1053F8007047C04670B504000D002000296CFFF707
:1054080073FF002811D12B6C2A0063612100012051
:10541800236998470828F0D0072806D10020296C6E
:10542800FFF7E6FF281D00F01DFC00F045FFC04611
:10543800F0B5CE46474680B5C368304C9846A5447B
:105448008369040016000431402205A8994600F03B
:105458005BFF0023049325E0F022149B5200636154
:1054680004A97CA8039300F04FFF210028002369BA
:105478007CAA98478A9B0500039315934B46019392
:1054880004AB00932200230031000120C04700280C
:1054980022D1F0227CA9520004A800F035FF002692
:1054A800082D22D1149B200019000393FFF71CFF3D
:1054B80009360700F5B20028CED0129B10210393BD
:1054C80015934B46019304AB00932200230001205F
:1054D8002943C047002800D009273800F5239B003E
:1054E8009D44C0BCB946B046F0BD072DF4D130008C
:1054F8001499FFF77DFF05A800F0B4FB2CFCFFFF13
:10550800406C704770B5CB6BFAB00B6405000E00A9
:105518004022043103A800F0F7FE01235B42029306
:1055280006E029002B6902AA9847040008280AD136
:10553800129B280019000193FFF7D6FE0028F0D02F
:1055480009207AB070BD02A8FFF71CFF062CF7D11E
:1055580031002800FFF74EFF10B58261DA6BC16099
:105568001A6419000022FFF763FF10BD436970B584
:105578000B64C36804000D00002B13D10A002369D3
:10558800010002209847072805D008280FD12900D4
:105598002000FFF72FFF0020296CFFF729FF281DA7
:1055A80000F060FB0122FFF743FF00F085FE00F0EA
:1055B80083FEC046C36810B5002B05D0CB6B002214
:1055C8000B64FFF735FF10BDFFF79CFFFBE7C046F4
:1055D8007047C0468368010010B5002B01D0012038
:1055E800984710BD012915D00AD8002B10D10F2AD1
:1055F8000ED8920082185268009B00201A6006E0BC
:1056080001200339C9B288428041404201307047C5
:105618000220FCE70120FAE700B585B003AB0A00D9
:10562800009300210023FFF7DDFF039805B000BDBC
:10563800012915D00AD8002B10D10F2A0ED8009BAB
:1056480092001B6882185360002006E0012003398D
:10565800C9B2884280414042013070470220FCE7CD
:105668000120FAE700B585B003AB039200930A0066
:1056780000230021FFF7DCFF05B000BD70B51A4C10
:10568800D36BA544136405000C0019A8111D402212
:1056980000F03AFE01235B42189314E00C2118A88D
:1056A80002AAFFF7DFFF210018A8A847002812D197
:1056B800069B18AA02A908300193984706000528F6
:1056C8000AD0092807D0289B02A819000193FFF7E0
:1056D8000BFE0028E2D0092618A8FFF753FE300079
:1056E80090239B009D4470BDC0FDFFFFF0B5574659
:1056F8009246032245464E46DE4699461300E0B5DB
:105708008846CD6C494689B00340009308CD06957C
:10571800002900D180E01A0C1B040593022304A978
:105728000B73FD3313409B004A73ED18009B022B4B
:1057380001D143469D6B43461B6DDB070FD5504691
:1057480005A900F05BFB002801D1082000E0092032
:1057580009B0F0BCBB46B246A946A046F0BD2F68CA
:10576800002FECD008230340029300230193013358
:1057780054469B464646BA464B46022B49D02B8890
:105788006F889A4604355A463B009343B26C0F2102
:10579800904620009844FFF73FFF0023804506D835
:1057A80053465A469343434498429B415B420222E4
:1057B8007F001740594652460A401743012F30D000
:1057C800022F4CD0002FC2D1009A002A02D0002B01
:1057D80000D09BE004352B689A46002BCCD12000E2
:1057E80005A9A24600F00AFB0028B0D1019B002BB6
:1057F800ABD00F215046FFF70FFF0E210200504695
:10580800FFF730FF50460F21724AFFF72BFF0720A2
:105818009EE76F680835B6E71B02059304AB9A81CB
:1058280084E7009A002A49D1002B16D02B68DF0F95
:105838006B689A1C00D18AE732005832049201330F
:1058480000D1B6E0281DFFF7CDFD3A00010004ABFA
:10585800300000F051FD00286CD10835BBE72A68FC
:10586800009957007F0800290DD1002B04D0029B16
:10587800002B72D0002F3CD0002A00DA0435013703
:10588800BF00ED19A7E7336A0D2120009846FFF7FE
:10589800C3FE804501D02A68EEE7B36A9D42FAD17B
:1058A8000023F362043333632B1DB76273632B68E1
:1058B800002B00DA87E001230193E0E70D212000A7
:1058C800376AFFF7A9FE8742C7D1B36A9D42C4D1A0
:1058D800B046A2462800FFF7ADFC0F210200504653
:1058E800FFF7C0FE504642460021FFF7BBFE0720E7
:1058F8002EE7B046A2460D215046FFF78DFE4346DF
:10590800049A18625A6206209D6221E72800FFF770
:1059180091FC0435A246B5630400300000F0E4FCB5
:10592800002800D113E7504622000F21FFF79AFE06
:1059380007200DE7A2460D2104005046FFF76CFE34
:10594800B04633003062022C39D1049A2C33F2620B
:105958007362434606209D62FAE62B1D9A46002391
:10596800984658339C4621004A46B4445446A946B2
:105978008A463D0003924746E0460EE04346200033
:105988000493FFF72FFD0022010004AB300000F064
:10599800B3FC01370434002804D1AF42EED14D46A0
:1059A800B046A8E72F004D46039B544699462A68FF
:1059B80062E70D212000FFF72FFEB0463062434614
:1059C800049A5A62C5E7781C8000B046A246281897
:1059D80081E7C046C102011010B50023FFF786FE1B
:1059E80010BDC04610B50123FFF780FE10BDC046AC
:1059F80010B50223FFF77AFE10BDC046F0B5CE46BB
:105A0800474680B5050014001E00C3B0032944D0E2
:105A180020D8002949D0012941D1130C14049846F3
:105A2800230C9946012E00D17AE0052E37D1444641
:105A38004C44202C33D843460F2B00D8B5E04C46B5
:105A4800002C00D0C2E04A46A96B20AF002A22D021
:105A580000247FE0042922D1002B20D1102A1ED84F
:105A6800102203681A4200D0C7E020AF380000F0C7
:105A780021F9012639000023AA6B3000984004421E
:105A880001D001CA086001330431042BF5D1380074
:105A9800AA6300F00DF9002002E0032B1CD00220BD
:105AA80043B0C0BCB946B046F0BD002BF7D10023C7
:105AB80001271604826B360C011D380098400642F7
:105AC80001D001CA086001330431102BF5D1002040
:105AD800A304E5D4AA63E3E71404160C240C3319D1
:105AE800102BDCD8082203681A4200D08CE020AFC3
:105AF800380000F0DBF8F600AB6B002C0AD0F61A81
:105B0800E400321F1C19BA181900096804339950A7
:105B1800A342F9D13800AB6300F0C6F80020BFE714
:105B280043464B44102BBAD843460F2BB7D82B68A3
:105B38001E4206D00322280093432B60483000F011
:105B4800A9F820AF380000F0A5F84A460024A96B50
:105B5800002A61D04346DB00FF180023D200C85852
:105B6800F85004339A42FAD18918002C0FD06F46A6
:105B78004046102800D2102000231038C0003818E2
:105B8800E200CF58C75004339342FAD1C918012E06
:105B980041D04346A9630F2B45D9002C00D17AE7A1
:105BA800684600F07DF800207AE7102C46D9103CB2
:105BB80001222B681A4207D093430222280013437C
:105BC8002B60483000F06AF8002C39D004222B688A
:105BD8001A422CD143460F2B03D820AF380000F0CF
:105BE8005DF86F46380000F05DF810224346A96B57
:105BF800D21A002ABCDD20AFACE793430360D13052
:105C0800FF3000F057F830E7934303605130FF301E
:105C180000F04CF86BE720AF04313800A96300F0BE
:105C280037F800203CE720A800F036F8B5E7280050
:105C380093432B60D03000F035F8CBE70024B7E76A
:105C480043460F2B00D9FEE620AF380000F026F8B7
:105C58004A46A96B002A00D0FAE6380000F01CF882
:105C680000201DE70100343138C9043B9C461D6003
:105C7800A646010020313CC990469946A246AB464B
:105C880001000831FCC941680068E54600BDC0460E
:105C98007047C0467047C0467047C0467047C04608
:105CA8007047C0467047C0467047C0467047C046F8
:105CB8007047C0467047C04601B401A801B585B019
:105CC800FFB408A841464A4653465C4665463EC06E
:105CD80001A83EC80F98009000230CB401A9FFF753
:105CE80011FC109B12B0184701B401A801B585B08A
:105CF800FFB408A841464A4653465C4665463EC03E
:105D080001A83EC80F98009000230CB401A9FFF722
:105D18002DFC109B12B0184701B401A801B585B03D
:105D2800FFB408A841464A4653465C4665463EC00D
:105D380001A83EC80F98009000230CB401A9FFF7F2
:105D480039FC109B12B0184701B401A801B585B001
:105D5800FFB408A841464A4653465C4665463EC0DD
:105D680001A83EC80F98009000230CB401ABFFF7C0
:105D7800F3FB109B12B0184701B401A801B585B018
:105D8800FFB408A841464A4653465C4665463EC0AD
:105D980001A83EC80F98009000230CB401AAFFF791
:105DA8006DFC109B12B01847027A0300002A0BD131
:105DB800427A002A0FD0013A42724268111D4160AE
:105DC80003211268017202E0013A02720268100EA1
:105DD80012021A607047B020FCE7C04600B585B0D3
:105DE80003AB00930C2200230021FFF7FBFB039871
:105DF80005B000BD10B5FFF7F1FF10BDF0B54E4678
:105E080045465746DE460023E0B587B003930F3377
:105E18009846083B994680231B0305000E009A46C6
:105E28003000FFF7C1FF0400B02800D1C1E003062D
:105E380029D5030042469343DBB2802B53D0902BE5
:105E48003DD0A02B6BD0B02B00D17EE0C02B00D171
:105E580095E003004A469343DBB2D02B0AD1534660
:105E6800024001321A43052301212800FFF7C6FD2D
:105E78000028D5D00924200007B0F0BCBB46B246A4
:105E8800A946A046F0BDFF23820013401F1D05ABA5
:105E98009B4600930D22002300212800FFF7A2FB58
:105EA800630639D4059B9C4667445B460597009377
:105EB80000230D2200212800FFF7BAFBB0E7833B3F
:105EC80003400D2BD6D005AF024000230021280047
:105ED8000097FFF787FB00230D2200212800009779
:105EE800FFF7A6FB9CE704023000FFF75DFF802761
:105EF80020433F02B842BDD004010005020C002334
:105F080000212800FFF77AFD0028B3D13C4200D1D8
:105F180086E70123039383E7059BDF1BC5E7FF2380
:105F28004A461B011900824311410A001A4003071F
:105F380002D58023DB011A43002300212800FFF744
:105F48005DFD002800D16BE794E7B12845D0B22861
:105F580000D19FE0B32855D0FC230340B42B00D1D7
:105F680088E74A465346024001321A430121012379
:105F78002800FFF743FD002800D151E77AE7C6283B
:105F88004BD0C7285DD003004A469343DBB2C02BF1
:105F98006CD0C82871D0C92800D06BE73000FFF753
:105FA80003FFF02302031B03134042460240013261
:105FB80058E7039B0024002B00D05CE705AE0E22B7
:105FC800002128000096FFF70DFB00230F22002177
:105FD80028000096FFF72CFB4DE73000FFF7E4FEA2
:105FE800021E00D146E7030041468B43DBB2002B7B
:105FF80000D03FE700212800FFF700FD002800D16E
:106008000EE737E73000FFF7CFFEF02302031B034C
:106018001340424602400132A7E73000FFF7C4FEB2
:10602800F02302031B0313404246024001321A4385
:10603800032303212800FFF7E1FC002800D1EFE645
:1060480018E73000FFF7B0FE021E00D112E7030088
:1060580041468B43DBB2002B00D00BE7042128001C
:10606800FFF7CCFC002800D1DAE603E74346A0227C
:106078001C40013412032243DAE73000FFF794FE94
:10608800434602009A43D2B210321840120301303C
:106098000243E8E605AB00939B460D22002300214E
:1060A8002800FFF79FFA3000FFF77EFE03061AD597
:1060B8007F27B03C059B3840A0409C466044059033
:1060C80030000734FFF770FE0306F3D481217F23E5
:1060D80089008C460340A340059A62449B180593A7
:1060E8005B460093E4E60224F0E7C046030000B5EF
:1060F800DA6C85B0536808000832190201910292DF
:10610800694603221B0E0A734B7301A9FFF776FE3B
:1061180005B000BD10B5FFF76DFE806C10BDC04620
:1061280010B5FFF767FEC26CD079023080001018F6
:1061380010BDC04610B500F0BFF810B5FFF7FAFF64
:1061480070B5CCB283070DD0531E002A0FD003259B
:1061580004E00130284206D0013B08D30278A2426D
:10616800F7D170BD1300032B0CD8002B01D10020F0
:10617800F7E7C31802E001308342F8D00278A24260
:10618800F9D1EEE7FF2529400D0229430D04074EFA
:106198000D43026806496A40511891433142E8D1DB
:1061A800043B0430032BF4D8DFE7C04680808080AE
:1061B800FFFEFEFE30B5032A0CD903000B439B07F4
:1061C80019D103680C68A34215D1043A043004318C
:1061D800032AF6D8551E002A0BD0002303E05A1CC8
:1061E8009D4206D01300C25CCC5CA242F7D0101BC3
:1061F80000E0002030BD551EEFE7C046F0B58842EC
:106208000AD98B18984207D2531E002A03D0CA5CB9
:10621800C254013BFBD2F0BD0F2A0BD80500561E15
:10622800002AF8D00023CC5C1A00EC5401339642C3
:10623800F9D1F0E703270D003E0005430C000300E9
:106248002E402F422BD11500103D2D09AC462F01B1
:106258003F1825681D6065685D60A5689D60E568F4
:106268001034DD601D001033BD42F2D165460F23A6
:106278000C2401352D01491913404519144211D038
:106288008C59AC5104369C1B032CF9D8043B9B0851
:1062980001339B00ED18C91803231A40BFE7050016
:1062A800561EBFE71A00BAE701B40248844601BC8B
:1062B800604700BF4D14001001B40248844601BC79
:1062C800604700BF8508011001B40248844601BC3C
:1062D800604700BF953F001001B40248844601BCE6
:1062E800604700BFF115001001B40248844601BCA4
:1062F800604700BFE18C001001B40248844601BC2D
:10630800604700BF218C001001B40248844601BCDC
:10631800604700BFA9400010D0070000100000002F
:106328000000000000000100000000000000000064
:106338000000020000000000000000000000030050
:1063480000000000000000000000FF000000000046
:1063580000B5486801318E46004770460938014942
:10636800884700BD090C00106015002000000000DF
:10637800401E0020902600200000000000000000C1
:10638800A02600200000000000000000100000000F
:10639800503300004C3300005433000052330000E7
:1063A8004D5300004D4300005334000043340000B7
:1063B80069470010000000000147001000000000BD
:1063C80000010000382B01103C2B01109424002000
:1063D80010000C000000E0FF1F000000000000009B
:1063E80000000000000000000000000000000000A5
:1063F800C59400106D960010E01500200000000004
:1064080000000000CC180020341900209C1900203E
:106418000000000000000000000000000000000074
:106428000000000000000000000000000000000064
:106438000000000000000000000000000000000054
:106448000000000000000000000000000000000044
:106458000000000000000000000000000000000034
:106468000000000000000000000000000000000024
:106478000000000000000000000000000000000014
:106488000000000000000000000000000000000004
:1064980000000000000000000000000000000000F4
:1064A80000000000000000000100000000000000E3
:1064B8000E33CDAB34126DE6ECDE05000B000000A8
:1064C80000000000000000000000000000000000C4
:1064D80000000000000000000000000000000000B4
:1064E80000000000000000000000000000000000A4
:1064F8000000000000000000000000000000000094
:106508000000000000000000000000000000000083
:106518000000000000000000000000000000000073
:106528000000000000000000000000000000000063
:106538000000000000000000000000000000000053
:106548000000000000000000000000000000000043
:106558000000000000000000000000000000000033
:106568000000000000000000000000000000000023
:106578000000000000000000000000000000000013
:106588000000000000000000000000000000000003
:1065980000000000000000000000000000000000F3
:1065A80000000000000000000000000000000000E3
:1065B80000000000000000000000000000000000D3
:1065C80000000000000000000000000000000000C3
:1065D80000000000000000000000000000000000B3
:1065E80000000000000000000000000000000000A3
:1065F8000000000000000000000000000000000093
:106608000000000000000000000000000000000082
:106618000000000000000000000000000000000072
:106628000000000000000000000000000000000062
:106638000000000000000000000000000000000052
:106648000000000000000000000000000000000042
:106658000000000000000000000000000000000032
:106668000000000000000000000000000000000022
:106678000000000000000000000000000000000012
:106688000000000000000000000000000000000002
:1066980000000000000000000000000000000000F2
:1066A80000000000000000000000000000000000E2
:1066B80000000000000000000000000000000000D2
:1066C80000000000000000000000000000000000C2
:1066D80000000000000000000000000000000000B2
:1066E80000000000000000000000000000000000A2
:1066F8000000000000000000000000000000000092
:106708000000000000000000000000000000000081
:106718000000000000000000000000000000000071
:106728000000000000000000000000000000000061
:106738000000000000000000000000000000000051
:106748000000000000000000000000000000000041
:106758000000000000000000000000000000000031
:106768000000000000000000000000000000000021
:106778000000000000000000000000000000000011
:106788000000000000000000000000000000000001
:1067980000000000000000000000000000000000F1
:1067A80000000000000000000000000000000000E1
:1067B80000000000000000000000000000000000D1
:1067C80000000000000000000000000000000000C1
:1067D80000000000000000000000000000000000B1
:1067E80000000000000000000000000000000000A1
:1067F8000000000000000000000000000000000091
:106808000000000000000000000000000000000080
:106818000000000000000000000000000000000070
:106828000000000000000000000000000000000060
:10683800081A0020081A0020101A0020101A002038
:10684800181A0020181A0020201A0020201A0020E8
:10685800281A0020281A0020301A0020301A002098
:10686800381A0020381A0020401A0020401A002048
:10687800481A0020481A0020501A0020501A0020F8
:10688800581A0020581A0020601A0020601A0020A8
:10689800681A0020681A0020701A0020701A002058
:1068A800781A0020781A0020801A0020801A002008
:1068B800881A0020881A0020901A0020901A0020B8
:1068C800981A0020981A0020A01A0020A01A002068
:1068D800A81A0020A81A0020B01A0020B01A002018
:1068E800B81A0020B81A0020C01A0020C01A0020C8
:1068F800C81A0020C81A0020D01A0020D01A002078
:10690800D81A0020D81A0020E01A0020E01A002027
:10691800E81A0020E81A0020F01A0020F01A0020D7
:10692800F81A0020F81A0020001B0020001B002085
:10693800081B0020081B0020101B0020101B002033
:10694800181B0020181B0020201B0020201B0020E3
:10695800281B0020281B0020301B0020301B002093
:10696800381B0020381B0020401B0020401B002043
:10697800481B0020481B0020501B0020501B0020F3
:10698800581B0020581B0020601B0020601B0020A3
:10699800681B0020681B0020701B0020701B002053
:1069A800781B0020781B0020801B0020801B002003
:1069B800881B0020881B0020901B0020901B0020B3
:1069C800981B0020981B0020A01B0020A01B002063
:1069D800A81B0020A81B0020B01B0020B01B002013
:1069E800B81B0020B81B0020C01B0020C01B0020C3
:1069F800C81B0020C81B0020D01B0020D01B002073
:106A0800D81B0020D81B0020E01B0020E01B002022
:106A1800E81B0020E81B0020F01B0020F01B0020D2
:106A2800F81B0020F81B0020001C0020001C002080
:106A3800081C0020081C0020101C0020101C00202E
:106A4800181C0020181C0020201C0020201C0020DE
:106A5800281C0020281C0020301C0020301C00208E
:106A6800381C0020381C0020401C0020401C00203E
:106A7800481C0020481C0020501C0020501C0020EE
:106A8800581C0020581C0020601C0020601C00209E
:106A9800681C0020681C0020701C0020701C00204E
:106AA800781C0020781C0020801C0020801C0020FE
:106AB800881C0020881C0020901C0020901C0020AE
:106AC800981C0020981C0020A01C0020A01C00205E
:106AD800A81C0020A81C0020B01C0020B01C00200E
:106AE800B81C0020B81C0020C01C0020C01C0020BE
:106AF800C81C0020C81C0020D01C0020D01C00206E
:106B0800D81C0020D81C0020E01C0020E01C00201D
:106B1800E81C0020E81C0020F01C0020F01C0020CD
:106B2800F81C0020F81C0020001D0020001D00207B
:106B3800081D0020081D0020101D0020101D002029
:106B4800181D0020181D0020201D0020201D0020D9
:106B5800281D0020281D0020301D0020301D002089
:106B6800381D0020381D0020401D0020401D002039
:106B7800481D0020481D0020501D0020501D0020E9
:106B8800581D0020581D0020601D0020601D002099
:106B9800681D0020681D0020701D0020701D002049
:106BA800781D0020781D0020801D0020801D0020F9
:106BB800881D0020881D0020901D0020901D0020A9
:106BC800981D0020981D0020A01D0020A01D002059
:106BD800A81D0020A81D0020B01D0020B01D002009
:106BE800B81D0020B81D0020C01D0020C01D0020B9
:106BF800C81D0020C81D0020D01D0020D01D002069
:106C0800D81D0020D81D0020E01D0020E01D002018
:106C1800E81D0020E81D0020F01D0020F01D0020C8
:106C2800F81D0020F81D0020001E0020001E002076
:106C3800FFFFFFFF0000020000000000000000004E
:106C48008D400010C1370010D13E0010E13F001008
:106C5800ED020010BD6D0010F57F00103902011023
:04000005100001E9FD
:00000001FF
